#{"t_start": 1786195237.9512923, "env_id": "FetchPush-v3"}
r,l,t,is_success
-50.0,50,4.164045,0.0
-50.0,50,4.25154,0.0
-50.0,50,4.334803,0.0
-50.0,50,4.424418,0.0
-50.0,50,4.522166,0.0
-50.0,50,4.605895,0.0
-50.0,50,4.691462,0.0
-50.0,50,4.777299,0.0
-50.0,50,4.865878,0.0
-50.0,50,4.954359,0.0
-50.0,50,5.039821,0.0
-50.0,50,5.128023,0.0
-50.0,50,5.227635,0.0
-50.0,50,5.312364,0.0
-50.0,50,5.398994,0.0
-50.0,50,5.491987,0.0
-50.0,50,5.585926,0.0
-50.0,50,5.673519,0.0
-50.0,50,5.757668,0.0
-50.0,50,5.841429,0.0
-50.0,50,6.549366,0.0
-50.0,50,7.036945,0.0
-50.0,50,7.52116,0.0
-50.0,50,8.009426,0.0
-50.0,50,8.509508,0.0
-50.0,50,9.001657,0.0
0.0,50,9.491298,1.0
-50.0,50,9.980282,0.0
-50.0,50,10.483245,0.0
-50.0,50,11.103467,0.0
-50.0,50,11.590209,0.0
0.0,50,12.076437,1.0
-50.0,50,12.573945,0.0
-50.0,50,13.064528,0.0
-50.0,50,13.551371,0.0
-50.0,50,14.038089,0.0
-50.0,50,14.537524,0.0
-50.0,50,15.027089,0.0
-50.0,50,15.5158,0.0
-50.0,50,16.005523,0.0
0.0,50,16.505317,1.0
-50.0,50,16.995384,0.0
-50.0,50,17.489549,0.0
-50.0,50,17.978148,0.0
-50.0,50,18.479393,0.0
-50.0,50,18.968393,0.0
-50.0,50,19.460754,0.0
-50.0,50,19.94778,0.0
-50.0,50,20.448945,0.0
-50.0,50,20.93684,0.0
0.0,50,21.434119,1.0
-50.0,50,21.927059,0.0
-50.0,50,22.426052,0.0
0.0,50,22.921468,1.0
-50.0,50,23.414117,0.0
-50.0,50,23.900069,0.0
-50.0,50,24.406729,0.0
-50.0,50,24.900788,0.0
-50.0,50,25.395341,0.0
-50.0,50,25.895448,0.0
-50.0,50,26.400799,0.0
-50.0,50,26.893812,0.0
-50.0,50,27.391583,0.0
-50.0,50,27.886919,0.0
-50.0,50,28.390959,0.0
-50.0,50,28.886102,0.0
-50.0,50,29.379962,0.0
-50.0,50,29.877837,0.0
-50.0,50,30.385392,0.0
-50.0,50,30.881119,0.0
-50.0,50,31.373947,0.0
-50.0,50,31.865683,0.0
-50.0,50,32.376533,0.0
-41.0,50,32.872859,0.0
-50.0,50,33.365175,0.0
-50.0,50,33.855639,0.0
-50.0,50,34.366151,0.0
-50.0,50,34.859715,0.0
-50.0,50,35.358615,0.0
-50.0,50,35.858348,0.0
-50.0,50,36.36814,0.0
-50.0,50,36.863974,0.0
-50.0,50,37.364091,0.0
-50.0,50,37.855766,0.0
-50.0,50,38.35796,0.0
-50.0,50,38.857135,0.0
-50.0,50,39.349148,0.0
-50.0,50,39.842077,0.0
-50.0,50,40.368753,0.0
-50.0,50,40.860808,0.0
-50.0,50,41.368159,0.0
-50.0,50,41.859361,0.0
-50.0,50,42.36428,0.0
-50.0,50,42.846057,0.0
-50.0,50,43.329047,0.0
-50.0,50,43.811565,0.0
-50.0,50,44.308266,0.0
0.0,50,44.792457,1.0
-50.0,50,45.278087,0.0
-50.0,50,45.7595,0.0
-50.0,50,46.253162,0.0
-50.0,50,46.751476,0.0
-50.0,50,47.234433,0.0
-50.0,50,47.717013,0.0
-50.0,50,48.226373,0.0
0.0,50,48.710065,1.0
0.0,50,49.195702,1.0
-50.0,50,49.68661,0.0
-50.0,50,50.181699,0.0
-50.0,50,50.66907,0.0
-50.0,50,51.164714,0.0
-50.0,50,51.658672,0.0
-50.0,50,52.172397,0.0
-50.0,50,52.656674,0.0
-50.0,50,53.167897,0.0
-50.0,50,53.658553,0.0
-50.0,50,54.16666,0.0
-50.0,50,54.653306,0.0
-50.0,50,55.141757,0.0
-50.0,50,55.631385,0.0
-50.0,50,56.13451,0.0
-50.0,50,56.630641,0.0
-50.0,50,57.116435,0.0
-50.0,50,57.605593,0.0
-50.0,50,58.115714,0.0
-50.0,50,58.606351,0.0
-50.0,50,59.095034,0.0
-50.0,50,59.585589,0.0
-50.0,50,60.093631,0.0
-50.0,50,60.581576,0.0
-50.0,50,61.073636,0.0
-50.0,50,61.564074,0.0
-50.0,50,62.073517,0.0
-50.0,50,62.568623,0.0
-50.0,50,63.066213,0.0
-47.0,50,63.559126,0.0
0.0,50,64.064797,1.0
-50.0,50,64.55723,0.0
-50.0,50,65.052308,0.0
-50.0,50,65.551171,0.0
-50.0,50,66.052067,0.0
-50.0,50,66.543179,0.0
-50.0,50,67.032951,0.0
-42.0,50,67.526243,0.0
-50.0,50,68.032346,0.0
-50.0,50,68.524433,0.0
-50.0,50,69.018646,0.0
-50.0,50,69.523924,0.0
-50.0,50,70.026482,0.0
-50.0,50,70.519564,0.0
-50.0,50,71.016961,0.0
-50.0,50,71.506862,0.0
-50.0,50,72.008255,0.0
-50.0,50,72.49954,0.0
-50.0,50,72.993498,0.0
-50.0,50,73.486113,0.0
-50.0,50,73.987851,0.0
-50.0,50,74.484709,0.0
-50.0,50,74.974519,0.0
-50.0,50,75.473154,0.0
-50.0,50,75.982163,0.0
-50.0,50,76.477589,0.0
-50.0,50,76.97447,0.0
-50.0,50,77.463478,0.0
-50.0,50,77.96271,0.0
-50.0,50,78.464792,0.0
-50.0,50,78.965784,0.0
-50.0,50,79.459942,0.0
-50.0,50,79.965433,0.0
-50.0,50,80.463624,0.0
-50.0,50,80.951417,0.0
-50.0,50,81.445393,0.0
-50.0,50,81.949152,0.0
-50.0,50,82.448359,0.0
-50.0,50,82.939281,0.0
-50.0,50,83.430718,0.0
-50.0,50,83.943708,0.0
-50.0,50,84.437248,0.0
-50.0,50,84.935917,0.0
0.0,50,85.432231,1.0
-50.0,50,85.938586,0.0
-50.0,50,86.440606,0.0
-50.0,50,86.935915,0.0
-50.0,50,87.431144,0.0
-50.0,50,87.936593,0.0
-50.0,50,88.4307,0.0
-50.0,50,88.925339,0.0
-50.0,50,89.420617,0.0
-50.0,50,89.924615,0.0
-50.0,50,90.424592,0.0
-50.0,50,90.921602,0.0
-50.0,50,91.42058,0.0
-50.0,50,91.921901,0.0
-50.0,50,92.422783,0.0
-50.0,50,92.915467,0.0
-50.0,50,93.413587,0.0
-50.0,50,93.91237,0.0
-50.0,50,94.407377,0.0
-37.0,50,94.899365,0.0
-6.0,50,95.397641,1.0
-50.0,50,98.220685,0.0
-50.0,50,98.716441,0.0
-50.0,50,99.202478,0.0
-50.0,50,99.695272,0.0
-50.0,50,100.195906,0.0
-50.0,50,100.693738,0.0
-50.0,50,101.181958,0.0
-50.0,50,101.676458,0.0
-17.0,50,102.185432,1.0
-50.0,50,102.68482,0.0
-50.0,50,103.173579,0.0
-50.0,50,103.669866,0.0
-50.0,50,104.181736,0.0
-50.0,50,104.681944,0.0
-50.0,50,105.177461,0.0
-50.0,50,105.668545,0.0
-50.0,50,106.178683,0.0
-50.0,50,106.66416,0.0
-50.0,50,107.157184,0.0
-50.0,50,107.641476,0.0
-50.0,50,108.143439,0.0
-50.0,50,108.629159,0.0
-50.0,50,109.121833,0.0
-50.0,50,109.614606,0.0
-50.0,50,110.138375,0.0
-50.0,50,110.630089,0.0
-50.0,50,111.118362,0.0
-50.0,50,111.605386,0.0
-50.0,50,112.108419,0.0
-50.0,50,112.609198,0.0
-50.0,50,113.109372,0.0
-50.0,50,113.609701,0.0
-50.0,50,114.111639,0.0
-50.0,50,114.609502,0.0
-50.0,50,115.109979,0.0
-50.0,50,115.594959,0.0
-50.0,50,116.103468,0.0
-50.0,50,116.589225,0.0
-50.0,50,117.087207,0.0
-50.0,50,117.582629,0.0
-50.0,50,118.094642,0.0
-50.0,50,118.583244,0.0
-50.0,50,119.081641,0.0
-50.0,50,119.578797,0.0
-50.0,50,120.08301,0.0
-50.0,50,120.581681,0.0
-50.0,50,121.082704,0.0
-50.0,50,121.578626,0.0
-50.0,50,122.089984,0.0
-50.0,50,122.585801,0.0
-50.0,50,123.083791,0.0
-50.0,50,123.568023,0.0
-50.0,50,124.073508,0.0
-50.0,50,124.557892,0.0
-50.0,50,125.054425,0.0
-50.0,50,125.546669,0.0
-50.0,50,126.056627,0.0
-50.0,50,126.552966,0.0
-50.0,50,127.036461,0.0
-50.0,50,127.533707,0.0
-50.0,50,128.042173,0.0
-50.0,50,128.542567,0.0
-50.0,50,129.027694,0.0
-50.0,50,129.512506,0.0
-50.0,50,130.008348,0.0
-50.0,50,130.503741,0.0
-50.0,50,131.005283,0.0
-50.0,50,131.489571,0.0
-50.0,50,131.98751,0.0
-50.0,50,132.473316,0.0
-50.0,50,132.973919,0.0
-50.0,50,133.460057,0.0
-50.0,50,133.95569,0.0
-50.0,50,134.442128,0.0
-50.0,50,134.940728,0.0
-50.0,50,135.427997,0.0
-50.0,50,135.939756,0.0
-50.0,50,136.440063,0.0
-50.0,50,136.941059,0.0
-50.0,50,137.428557,0.0
-50.0,50,137.935777,0.0
-50.0,50,138.430673,0.0
-50.0,50,138.919628,0.0
-50.0,50,139.404951,0.0
0.0,50,139.907119,1.0
-50.0,50,140.404977,0.0
-50.0,50,140.890577,0.0
-50.0,50,141.379398,0.0
-50.0,50,141.877299,0.0
-50.0,50,142.374927,0.0
-50.0,50,142.860349,0.0
-50.0,50,143.345507,0.0
-50.0,50,143.847987,0.0
-50.0,50,144.328728,0.0
-50.0,50,144.808985,0.0
-50.0,50,145.289973,0.0
-50.0,50,145.790488,0.0
-50.0,50,146.291994,0.0
-50.0,50,146.772396,0.0
-50.0,50,147.253012,0.0
-50.0,50,147.74379,0.0
-50.0,50,148.224816,0.0
-50.0,50,148.719687,0.0
-50.0,50,149.201815,0.0
0.0,50,149.695582,1.0
-50.0,50,150.179444,0.0
-50.0,50,150.667935,0.0
-50.0,50,151.15255,0.0
-50.0,50,151.646571,0.0
-50.0,50,152.130621,0.0
-50.0,50,152.614007,0.0
-50.0,50,153.098804,0.0
-50.0,50,153.5944,0.0
-50.0,50,154.09277,0.0
-50.0,50,154.577614,0.0
-50.0,50,155.07017,0.0
-50.0,50,155.56478,0.0
-50.0,50,156.047787,0.0
-50.0,50,156.532256,0.0
-50.0,50,157.01636,0.0
-50.0,50,157.511868,0.0
-50.0,50,158.010906,0.0
-50.0,50,158.5057,0.0
-50.0,50,158.989366,0.0
-50.0,50,159.494989,0.0
-50.0,50,159.979129,0.0
-50.0,50,160.464268,0.0
-50.0,50,160.949074,0.0
-50.0,50,161.45292,0.0
-50.0,50,161.936805,0.0
-50.0,50,162.433447,0.0
-50.0,50,162.91832,0.0
0.0,50,163.427756,1.0
-50.0,50,163.922863,0.0
-50.0,50,164.407256,0.0
-50.0,50,164.90621,0.0
-50.0,50,165.401889,0.0
-50.0,50,165.88578,0.0
-50.0,50,166.382978,0.0
-50.0,50,166.868248,0.0
-50.0,50,167.370756,0.0
-50.0,50,167.85416,0.0
-50.0,50,168.338033,0.0
-50.0,50,168.820676,0.0
-50.0,50,169.317761,0.0
-50.0,50,169.801068,0.0
-50.0,50,170.284989,0.0
-50.0,50,170.769532,0.0
-50.0,50,171.276092,0.0
-50.0,50,171.770394,0.0
-50.0,50,172.256898,0.0
-50.0,50,172.744313,0.0
-50.0,50,173.247109,0.0
-50.0,50,173.731933,0.0
-50.0,50,174.226874,0.0
-50.0,50,174.714292,0.0
-50.0,50,175.220481,0.0
-50.0,50,175.713004,0.0
0.0,50,176.209716,1.0
-50.0,50,176.702665,0.0
-50.0,50,177.20846,0.0
-50.0,50,177.698594,0.0
-50.0,50,178.192235,0.0
-50.0,50,178.684117,0.0
-50.0,50,179.184463,0.0
-50.0,50,179.674263,0.0
-50.0,50,180.159227,0.0
-50.0,50,180.644769,0.0
-50.0,50,181.151572,0.0
-50.0,50,181.644532,0.0
0.0,50,182.144655,1.0
-50.0,50,182.639834,0.0
-50.0,50,183.143757,0.0
-50.0,50,183.627636,0.0
-50.0,50,184.123655,0.0
-50.0,50,184.606772,0.0
-50.0,50,185.108032,0.0
-50.0,50,185.591268,0.0
-50.0,50,186.093578,0.0
-50.0,50,186.584883,0.0
-50.0,50,187.089533,0.0
0.0,50,187.580765,1.0
-50.0,50,188.07474,0.0
-50.0,50,188.570062,0.0
-50.0,50,189.066873,0.0
-50.0,50,189.570176,0.0
-50.0,50,190.056501,0.0
-50.0,50,190.547171,0.0
-50.0,50,191.051027,0.0
-50.0,50,191.535778,0.0
-50.0,50,192.023892,0.0
-7.0,50,192.508783,0.0
-50.0,50,193.001113,0.0
-50.0,50,193.482702,0.0
-50.0,50,193.971611,0.0
-50.0,50,194.46425,0.0
-50.0,50,194.957031,0.0
-50.0,50,195.445855,0.0
-50.0,50,195.937199,0.0
0.0,50,196.432161,1.0
-50.0,50,199.244988,0.0
-50.0,50,199.740063,0.0
-50.0,50,200.225004,0.0
-50.0,50,200.710615,0.0
-50.0,50,201.2226,0.0
-50.0,50,201.725516,0.0
-50.0,50,202.214838,0.0
-50.0,50,202.720189,0.0
-50.0,50,203.233299,0.0
-50.0,50,203.729167,0.0
-50.0,50,204.227922,0.0
-50.0,50,204.714811,0.0
-50.0,50,205.221281,0.0
-50.0,50,205.713945,0.0
0.0,50,206.200534,1.0
-50.0,50,206.696125,0.0
-50.0,50,207.194535,0.0
-50.0,50,207.694422,0.0
-50.0,50,208.182874,0.0
-50.0,50,208.673527,0.0
-50.0,50,209.172132,0.0
-50.0,50,209.663815,0.0
-50.0,50,210.165231,0.0
-50.0,50,210.663355,0.0
-50.0,50,211.167467,0.0
-50.0,50,211.656083,0.0
-50.0,50,212.145126,0.0
-50.0,50,212.637927,0.0
0.0,50,213.140485,1.0
-50.0,50,213.629401,0.0
-50.0,50,214.127694,0.0
-50.0,50,214.621644,0.0
-50.0,50,215.125606,0.0
-50.0,50,215.618407,0.0
-50.0,50,216.107153,0.0
-50.0,50,216.607412,0.0
-50.0,50,217.111081,0.0
-50.0,50,217.616666,0.0
-50.0,50,218.112352,0.0
-50.0,50,218.606726,0.0
-50.0,50,219.115242,0.0
-50.0,50,219.602155,0.0
-50.0,50,220.099365,0.0
-50.0,50,220.591662,0.0
-50.0,50,221.1042,0.0
0.0,50,221.591461,1.0
-50.0,50,222.087186,0.0
-50.0,50,222.577166,0.0
-50.0,50,223.080386,0.0
-50.0,50,223.567655,0.0
-50.0,50,224.061475,0.0
-50.0,50,224.5564,0.0
-50.0,50,225.055829,0.0
-50.0,50,225.551264,0.0
-50.0,50,226.044366,0.0
-50.0,50,226.534017,0.0
-50.0,50,227.039768,0.0
-50.0,50,227.537185,0.0
-50.0,50,228.028989,0.0
-50.0,50,228.520522,0.0
0.0,50,229.020555,1.0
-50.0,50,229.517821,0.0
-50.0,50,230.006546,0.0
-50.0,50,230.495266,0.0
-50.0,50,230.997519,0.0
-50.0,50,231.498631,0.0
-50.0,50,231.991315,0.0
-50.0,50,232.473845,0.0
-50.0,50,232.973115,0.0
-50.0,50,233.458848,0.0
0.0,50,233.943391,1.0
-50.0,50,234.427714,0.0
-50.0,50,234.923932,0.0
-50.0,50,235.415731,0.0
-50.0,50,235.900505,0.0
-50.0,50,236.387242,0.0
-50.0,50,236.883268,0.0
-50.0,50,237.370575,0.0
-50.0,50,237.859648,0.0
0.0,50,238.346936,1.0
-50.0,50,238.83647,0.0
-50.0,50,239.31949,0.0
-50.0,50,239.810964,0.0
-50.0,50,240.297875,0.0
-50.0,50,240.799023,0.0
-50.0,50,241.289189,0.0
-50.0,50,241.778973,0.0
-50.0,50,242.255963,0.0
-50.0,50,242.755159,0.0
-50.0,50,243.242002,0.0
-50.0,50,243.724438,0.0
-50.0,50,244.205757,0.0
-50.0,50,244.703316,0.0
0.0,50,245.182346,1.0
-50.0,50,245.6703,0.0
-50.0,50,246.163315,0.0
-50.0,50,246.667948,0.0
-50.0,50,247.156629,0.0
-50.0,50,247.646972,0.0
-50.0,50,248.143647,0.0
-50.0,50,248.650841,0.0
-50.0,50,249.146728,0.0
-50.0,50,249.641806,0.0
-50.0,50,250.136331,0.0
-50.0,50,250.64237,0.0
-50.0,50,251.125812,0.0
-50.0,50,251.608657,0.0
-50.0,50,252.091693,0.0
-50.0,50,252.594598,0.0
-50.0,50,253.084383,0.0
-50.0,50,253.574908,0.0
-50.0,50,254.068053,0.0
-50.0,50,254.563201,0.0
-50.0,50,255.062891,0.0
-50.0,50,255.557635,0.0
-50.0,50,256.042256,0.0
-50.0,50,256.535738,0.0
-50.0,50,257.035522,0.0
-50.0,50,257.527766,0.0
-50.0,50,258.022331,0.0
-50.0,50,258.534232,0.0
-50.0,50,259.018719,0.0
-50.0,50,259.502248,0.0
-50.0,50,259.988364,0.0
-50.0,50,260.47895,0.0
-50.0,50,260.962066,0.0
-50.0,50,261.444964,0.0
-50.0,50,261.927546,0.0
-50.0,50,262.436802,0.0
-50.0,50,262.934197,0.0
-50.0,50,263.43036,0.0
-50.0,50,263.927368,0.0
-50.0,50,264.4272,0.0
-50.0,50,264.914015,0.0
-50.0,50,265.408765,0.0
-50.0,50,265.90421,0.0
-50.0,50,266.408703,0.0
-50.0,50,266.901861,0.0
-50.0,50,267.400886,0.0
-50.0,50,267.892725,0.0
-50.0,50,268.401361,0.0
-50.0,50,268.897425,0.0
-50.0,50,269.386992,0.0
-50.0,50,269.885617,0.0
-50.0,50,270.385484,0.0
-50.0,50,270.871623,0.0
-50.0,50,271.364265,0.0
-50.0,50,271.862393,0.0
-50.0,50,272.370305,0.0
-50.0,50,272.867163,0.0
-50.0,50,273.353778,0.0
-50.0,50,273.852339,0.0
-50.0,50,274.361214,0.0
-50.0,50,274.852287,0.0
0.0,50,275.342025,1.0
-50.0,50,275.836018,0.0
-50.0,50,276.344887,0.0
-50.0,50,276.845384,0.0
-50.0,50,277.34433,0.0
0.0,50,277.832103,1.0
-50.0,50,278.337274,0.0
-50.0,50,278.836607,0.0
-50.0,50,279.335283,0.0
-50.0,50,279.828255,0.0
-50.0,50,280.335303,0.0
-50.0,50,280.828756,0.0
-50.0,50,281.323031,0.0
-50.0,50,281.816604,0.0
-50.0,50,282.332331,0.0
-50.0,50,282.830173,0.0
-50.0,50,283.333464,0.0
-50.0,50,283.828761,0.0
-50.0,50,284.333433,0.0
-50.0,50,284.823199,0.0
-50.0,50,285.319128,0.0
-50.0,50,285.819366,0.0
-50.0,50,286.322893,0.0
-50.0,50,286.821849,0.0
-50.0,50,287.318622,0.0
-50.0,50,287.805886,0.0
-50.0,50,288.313283,0.0
0.0,50,288.800255,1.0
-50.0,50,289.290918,0.0
-50.0,50,289.781135,0.0
-50.0,50,290.290317,0.0
-50.0,50,290.787413,0.0
-50.0,50,291.281942,0.0
-50.0,50,291.781456,0.0
-50.0,50,292.291333,0.0
-50.0,50,292.779976,0.0
-50.0,50,293.270023,0.0
-50.0,50,293.76948,0.0
-50.0,50,294.269418,0.0
-50.0,50,294.760335,0.0
-50.0,50,295.246553,0.0
-50.0,50,295.743757,0.0
-50.0,50,296.258555,0.0
-50.0,50,296.753065,0.0
-50.0,50,297.241899,0.0
-50.0,50,297.739254,0.0
-50.0,50,300.504438,0.0
-50.0,50,300.993966,0.0
-50.0,50,301.486414,0.0
-50.0,50,301.975044,0.0
-50.0,50,302.469077,0.0
-50.0,50,302.956282,0.0
-50.0,50,303.447336,0.0
-50.0,50,303.942562,0.0
-50.0,50,304.433048,0.0
-50.0,50,304.91261,0.0
-50.0,50,305.392188,0.0
-50.0,50,305.88964,0.0
-50.0,50,306.38699,0.0
-50.0,50,306.869649,0.0
-50.0,50,307.35416,0.0
-50.0,50,307.837502,0.0
-50.0,50,308.338538,0.0
-50.0,50,308.819362,0.0
-50.0,50,309.319005,0.0
-50.0,50,309.801953,0.0
-50.0,50,310.303169,0.0
-50.0,50,310.794443,0.0
-50.0,50,311.28437,0.0
-50.0,50,311.774124,0.0
-50.0,50,312.272417,0.0
-50.0,50,312.753288,0.0
-50.0,50,313.23862,0.0
0.0,50,313.724319,1.0
-50.0,50,314.215177,0.0
-50.0,50,314.701562,0.0
-50.0,50,315.183149,0.0
-50.0,50,315.663858,0.0
-50.0,50,316.154877,0.0
-50.0,50,316.647977,0.0
-50.0,50,317.143344,0.0
-50.0,50,317.63562,0.0
-50.0,50,318.134669,0.0
-50.0,50,318.616554,0.0
-50.0,50,319.098547,0.0
-50.0,50,319.579329,0.0
-50.0,50,320.07147,0.0
-50.0,50,320.558191,0.0
-50.0,50,321.055784,0.0
-50.0,50,321.549691,0.0
-50.0,50,322.050248,0.0
-50.0,50,322.552426,0.0
-50.0,50,323.050472,0.0
-50.0,50,323.548246,0.0
-50.0,50,324.045509,0.0
-50.0,50,324.544295,0.0
-50.0,50,325.044862,0.0
-50.0,50,325.54558,0.0
-50.0,50,326.053759,0.0
-50.0,50,326.543188,0.0
-50.0,50,327.039247,0.0
-50.0,50,327.537511,0.0
-50.0,50,328.044299,0.0
0.0,50,328.536324,1.0
-50.0,50,329.030303,0.0
0.0,50,329.515115,1.0
-50.0,50,330.018924,0.0
-50.0,50,330.516434,0.0
-50.0,50,331.008901,0.0
-50.0,50,331.504434,0.0
-50.0,50,332.014809,0.0
-50.0,50,332.509968,0.0
-50.0,50,333.001886,0.0
-50.0,50,333.492856,0.0
-50.0,50,334.014812,0.0
-50.0,50,334.513944,0.0
-50.0,50,335.004473,0.0
-50.0,50,335.511358,0.0
-50.0,50,336.011314,0.0
-50.0,50,336.502728,0.0
-50.0,50,336.990589,0.0
-50.0,50,337.486733,0.0
-50.0,50,337.982842,0.0
-50.0,50,338.471954,0.0
-50.0,50,338.965445,0.0
-50.0,50,339.451113,0.0
-50.0,50,339.950507,0.0
-50.0,50,340.444726,0.0
-50.0,50,340.941441,0.0
0.0,50,341.431728,1.0
-50.0,50,341.932301,0.0
-50.0,50,342.423791,0.0
-50.0,50,342.909762,0.0
-50.0,50,343.397488,0.0
-50.0,50,343.896232,0.0
-50.0,50,344.393387,0.0
-50.0,50,344.891085,0.0
-50.0,50,345.386863,0.0
-50.0,50,345.885551,0.0
-50.0,50,346.38307,0.0
-50.0,50,346.879642,0.0
-50.0,50,347.3779,0.0
-50.0,50,347.881594,0.0
-50.0,50,348.375838,0.0
-50.0,50,348.870309,0.0
-50.0,50,349.354143,0.0
-50.0,50,349.860336,0.0
-50.0,50,350.3437,0.0
-50.0,50,350.840029,0.0
-50.0,50,351.342672,0.0
-50.0,50,351.852552,0.0
0.0,50,352.352468,1.0
-50.0,50,352.852817,0.0
-50.0,50,353.357959,0.0
-50.0,50,353.870991,0.0
-50.0,50,354.377532,0.0
-50.0,50,354.880066,0.0
-50.0,50,355.378659,0.0
0.0,50,355.890861,1.0
-50.0,50,356.393621,0.0
-50.0,50,356.885392,0.0
-50.0,50,357.384961,0.0
-50.0,50,357.910039,0.0
-50.0,50,358.408675,0.0
-50.0,50,358.91087,0.0
-50.0,50,359.407395,0.0
-50.0,50,359.910293,0.0
-50.0,50,360.39916,0.0
-50.0,50,360.899124,0.0
-50.0,50,361.393341,0.0
-50.0,50,361.897267,0.0
-50.0,50,362.395709,0.0
-50.0,50,362.884039,0.0
-50.0,50,363.379074,0.0
-50.0,50,363.892572,0.0
-50.0,50,364.383079,0.0
-50.0,50,364.868616,0.0
-50.0,50,365.360618,0.0
-50.0,50,365.870714,0.0
-50.0,50,366.360995,0.0
-50.0,50,366.850754,0.0
-50.0,50,367.339462,0.0
-50.0,50,367.841583,0.0
-50.0,50,368.33569,0.0
-50.0,50,368.825464,0.0
-50.0,50,369.330471,0.0
-50.0,50,369.840652,0.0
-50.0,50,370.326217,0.0
-50.0,50,370.817292,0.0
-50.0,50,371.314792,0.0
-50.0,50,371.826205,0.0
-50.0,50,372.313298,0.0
-50.0,50,372.801769,0.0
-50.0,50,373.288997,0.0
-50.0,50,373.796884,0.0
-50.0,50,374.283809,0.0
-50.0,50,374.778378,0.0
-50.0,50,375.269408,0.0
0.0,50,375.777629,1.0
-50.0,50,376.270797,0.0
-50.0,50,376.76553,0.0
-50.0,50,377.257511,0.0
-50.0,50,377.760324,0.0
-50.0,50,378.251448,0.0
-50.0,50,378.742255,0.0
-50.0,50,379.24255,0.0
-50.0,50,379.751913,0.0
-50.0,50,380.246127,0.0
0.0,50,380.738842,1.0
0.0,50,381.232559,1.0
-50.0,50,381.7402,0.0
-50.0,50,382.238602,0.0
-50.0,50,382.741107,0.0
-50.0,50,383.238706,0.0
-50.0,50,383.751729,0.0
-50.0,50,384.242601,0.0
-50.0,50,384.74165,0.0
-50.0,50,385.235784,0.0
-50.0,50,385.746737,0.0
-50.0,50,386.240847,0.0
-50.0,50,386.739724,0.0
-50.0,50,387.234724,0.0
-50.0,50,387.744463,0.0
-50.0,50,388.23687,0.0
-50.0,50,388.738982,0.0
-50.0,50,389.241755,0.0
-50.0,50,389.757957,0.0
0.0,50,390.24697,1.0
-50.0,50,390.745064,0.0
-50.0,50,391.243663,0.0
-50.0,50,391.768425,0.0
-50.0,50,392.27248,0.0
0.0,50,392.771784,1.0
-50.0,50,393.272007,0.0
-50.0,50,393.785977,0.0
-50.0,50,394.292079,0.0
-50.0,50,394.787294,0.0
-50.0,50,395.285812,0.0
-50.0,50,395.808515,0.0
-50.0,50,396.307775,0.0
-50.0,50,396.808355,0.0
-50.0,50,397.306644,0.0
-50.0,50,397.806312,0.0
-50.0,50,398.304452,0.0
-50.0,50,398.806167,0.0
-50.0,50,399.307736,0.0
-50.0,50,402.302309,0.0
-50.0,50,402.80267,0.0
-50.0,50,403.299685,0.0
-50.0,50,403.798157,0.0
-50.0,50,404.319882,0.0
-50.0,50,404.81929,0.0
-50.0,50,405.325205,0.0
-50.0,50,405.82721,0.0
-50.0,50,406.336797,0.0
-50.0,50,406.836907,0.0
-50.0,50,407.330795,0.0
-50.0,50,407.826571,0.0
-50.0,50,408.336501,0.0
-50.0,50,408.83734,0.0
0.0,50,409.336786,1.0
-50.0,50,409.845042,0.0
-50.0,50,410.352566,0.0
-50.0,50,410.851805,0.0
-50.0,50,411.349721,0.0
-50.0,50,411.851882,0.0
-50.0,50,412.355424,0.0
-50.0,50,412.852129,0.0
0.0,50,413.351806,1.0
-50.0,50,413.847779,0.0
-50.0,50,414.359284,0.0
-50.0,50,414.85907,0.0
-50.0,50,415.354806,0.0
0.0,50,415.856807,1.0
-50.0,50,416.369174,0.0
-50.0,50,416.869194,0.0
-50.0,50,417.370775,0.0
-50.0,50,417.872366,0.0
-50.0,50,418.378927,0.0
-50.0,50,418.877826,0.0
-50.0,50,419.374501,0.0
-50.0,50,419.869593,0.0
-50.0,50,420.38265,0.0
-50.0,50,420.883908,0.0
-50.0,50,421.381,0.0
-50.0,50,421.871451,0.0
-50.0,50,422.385019,0.0
-50.0,50,422.88328,0.0
-50.0,50,423.376081,0.0
0.0,50,423.872503,1.0
-50.0,50,424.385365,0.0
-50.0,50,424.882198,0.0
-50.0,50,425.374156,0.0
-50.0,50,425.87731,0.0
0.0,50,426.388542,1.0
-50.0,50,426.882334,0.0
-50.0,50,427.378299,0.0
-50.0,50,427.874073,0.0
-50.0,50,428.374414,0.0
-50.0,50,428.862826,0.0
-50.0,50,429.368863,0.0
-50.0,50,429.859686,0.0
-50.0,50,430.36014,0.0
-50.0,50,430.859737,0.0
-50.0,50,431.345833,0.0
-50.0,50,431.835615,0.0
-50.0,50,432.33514,0.0
-50.0,50,432.830457,0.0
-50.0,50,433.324394,0.0
-50.0,50,433.821334,0.0
-50.0,50,434.333311,0.0
-50.0,50,434.821436,0.0
-50.0,50,435.313514,0.0
-50.0,50,435.811985,0.0
-50.0,50,436.320209,0.0
0.0,50,436.817872,1.0
-50.0,50,437.316254,0.0
0.0,50,437.814415,1.0
-50.0,50,438.32781,0.0
-50.0,50,438.815328,0.0
-50.0,50,439.307816,0.0
-50.0,50,439.795248,0.0
0.0,50,440.298214,1.0
-50.0,50,440.792298,0.0
-50.0,50,441.284215,0.0
-50.0,50,441.783664,0.0
-50.0,50,442.285625,0.0
-50.0,50,442.781283,0.0
-50.0,50,443.267771,0.0
-50.0,50,443.755588,0.0
-50.0,50,444.255828,0.0
-50.0,50,444.746716,0.0
0.0,50,445.231667,1.0
-50.0,50,445.73137,0.0
-50.0,50,446.23885,0.0
-50.0,50,446.738149,0.0
-50.0,50,447.238414,0.0
-50.0,50,447.735927,0.0
-50.0,50,448.233918,0.0
-50.0,50,448.720901,0.0
-50.0,50,449.208228,0.0
-50.0,50,449.699003,0.0
-50.0,50,450.198325,0.0
-50.0,50,450.685154,0.0
-50.0,50,451.1766,0.0
-50.0,50,451.6617,0.0
-50.0,50,452.157211,0.0
-50.0,50,452.643489,0.0
-50.0,50,453.130559,0.0
-50.0,50,453.614732,0.0
-50.0,50,454.114679,0.0
-50.0,50,454.602857,0.0
-50.0,50,455.08958,0.0
-50.0,50,455.582669,0.0
-50.0,50,456.082249,0.0
-50.0,50,456.573465,0.0
-50.0,50,457.062941,0.0
-50.0,50,457.546968,0.0
-50.0,50,458.050711,0.0
-50.0,50,458.545465,0.0
-50.0,50,459.037051,0.0
-50.0,50,459.528692,0.0
-50.0,50,460.025356,0.0
-50.0,50,460.512045,0.0
0.0,50,460.997093,1.0
-50.0,50,461.484253,0.0
-50.0,50,461.993285,0.0
-50.0,50,462.493826,0.0
-50.0,50,462.982796,0.0
-50.0,50,463.47205,0.0
-50.0,50,463.970728,0.0
-50.0,50,464.461798,0.0
0.0,50,464.948526,1.0
-50.0,50,465.445984,0.0
0.0,50,465.958302,1.0
-50.0,50,466.450066,0.0
-50.0,50,466.937854,0.0
-50.0,50,467.424153,0.0
-50.0,50,467.927883,0.0
-50.0,50,468.421738,0.0
-50.0,50,468.920017,0.0
-50.0,50,469.409767,0.0
-50.0,50,469.939602,0.0
-50.0,50,470.441451,0.0
-50.0,50,470.943065,0.0
-50.0,50,471.447009,0.0
-50.0,50,471.952146,0.0
-50.0,50,472.443659,0.0
-50.0,50,472.935696,0.0
-50.0,50,473.430092,0.0
-50.0,50,473.941284,0.0
-50.0,50,474.433567,0.0
-50.0,50,474.929762,0.0
-50.0,50,475.423519,0.0
-50.0,50,475.926807,0.0
-50.0,50,476.418842,0.0
-49.0,50,476.917311,0.0
-50.0,50,477.407084,0.0
0.0,50,477.915001,1.0
-50.0,50,478.409854,0.0
-50.0,50,478.906737,0.0
-50.0,50,479.405952,0.0
-50.0,50,479.913714,0.0
-50.0,50,480.402548,0.0
-50.0,50,480.887626,0.0
-50.0,50,481.38478,0.0
-50.0,50,481.886289,0.0
-50.0,50,482.380058,0.0
-50.0,50,482.861138,0.0
-50.0,50,483.350086,0.0
-50.0,50,483.848119,0.0
-50.0,50,484.344905,0.0
-50.0,50,484.846394,0.0
-50.0,50,485.342349,0.0
0.0,50,485.850225,1.0
-50.0,50,486.345302,0.0
-50.0,50,486.835254,0.0
-50.0,50,487.32441,0.0
-50.0,50,487.830938,0.0
-50.0,50,488.320046,0.0
-50.0,50,488.813109,0.0
-50.0,50,489.309662,0.0
-50.0,50,489.822985,0.0
-50.0,50,490.31464,0.0
-50.0,50,490.812073,0.0
-50.0,50,491.314903,0.0
-50.0,50,491.812928,0.0
-50.0,50,492.304933,0.0
-50.0,50,492.79678,0.0
-50.0,50,493.294163,0.0
-50.0,50,493.797563,0.0
-50.0,50,494.29343,0.0
0.0,50,494.782872,1.0
-50.0,50,495.271228,0.0
-50.0,50,495.778112,0.0
-50.0,50,496.275122,0.0
-50.0,50,496.767808,0.0
-50.0,50,497.255151,0.0
-50.0,50,497.754064,0.0
-50.0,50,498.256959,0.0
-50.0,50,498.755621,0.0
-50.0,50,499.242522,0.0
-50.0,50,499.742668,0.0
-50.0,50,500.233463,0.0
-50.0,50,500.717667,0.0
-50.0,50,501.20888,0.0
-50.0,50,503.929413,0.0
-50.0,50,504.426932,0.0
-50.0,50,504.920272,0.0
-50.0,50,505.399993,0.0
0.0,50,505.892247,1.0
-50.0,50,506.375909,0.0
-50.0,50,506.865414,0.0
-50.0,50,507.356189,0.0
-50.0,50,507.849747,0.0
-50.0,50,508.331648,0.0
-50.0,50,508.812706,0.0
-50.0,50,509.301081,0.0
-50.0,50,509.801206,0.0
-50.0,50,510.294996,0.0
-50.0,50,510.791765,0.0
-50.0,50,511.281217,0.0
-50.0,50,511.795682,0.0
-50.0,50,512.292013,0.0
-50.0,50,512.776408,0.0
-50.0,50,513.261117,0.0
-50.0,50,513.764252,0.0
-50.0,50,514.253049,0.0
-50.0,50,514.748457,0.0
-50.0,50,515.234455,0.0
-50.0,50,515.727425,0.0
-50.0,50,516.217608,0.0
-50.0,50,516.702902,0.0
-50.0,50,517.194681,0.0
-50.0,50,517.697517,0.0
-50.0,50,518.186243,0.0
-50.0,50,518.684116,0.0
-50.0,50,519.173397,0.0
-50.0,50,519.678082,0.0
-50.0,50,520.170405,0.0
-50.0,50,520.657142,0.0
-50.0,50,521.142096,0.0
-50.0,50,521.644906,0.0
-50.0,50,522.142911,0.0
-50.0,50,522.632276,0.0
-50.0,50,523.125415,0.0
-50.0,50,523.638734,0.0
-50.0,50,524.140234,0.0
-50.0,50,524.642295,0.0
-50.0,50,525.137841,0.0
-50.0,50,525.647442,0.0
-50.0,50,526.14906,0.0
0.0,50,526.64094,1.0
-50.0,50,527.131811,0.0
-50.0,50,527.639914,0.0
-50.0,50,528.125027,0.0
-50.0,50,528.616213,0.0
-50.0,50,529.100775,0.0
-50.0,50,529.606091,0.0
0.0,50,530.089963,1.0
-50.0,50,530.574856,0.0
-50.0,50,531.06043,0.0
-50.0,50,531.561889,0.0
-50.0,50,532.052191,0.0
-50.0,50,532.542038,0.0
-50.0,50,533.02698,0.0
-50.0,50,533.526742,0.0
-50.0,50,534.008149,0.0
-50.0,50,534.492305,0.0
-50.0,50,534.994315,0.0
0.0,50,535.489447,1.0
-50.0,50,535.974254,0.0
-50.0,50,536.458311,0.0
-50.0,50,536.940953,0.0
-50.0,50,537.444953,0.0
-50.0,50,537.929414,0.0
-50.0,50,538.43018,0.0
-50.0,50,538.926651,0.0
-50.0,50,539.433162,0.0
-50.0,50,539.934023,0.0
-50.0,50,540.426995,0.0
-50.0,50,540.921209,0.0
-50.0,50,541.429256,0.0
-50.0,50,541.914874,0.0
0.0,50,542.395284,1.0
-50.0,50,542.873265,0.0
-50.0,50,543.378471,0.0
-50.0,50,543.858846,0.0
-50.0,50,544.337377,0.0
-50.0,50,544.820936,0.0
-50.0,50,545.32214,0.0
-50.0,50,545.818109,0.0
-50.0,50,546.303123,0.0
-50.0,50,546.781394,0.0
-50.0,50,547.279014,0.0
-50.0,50,547.775364,0.0
0.0,50,548.254933,1.0
-50.0,50,548.748555,0.0
-50.0,50,549.247896,0.0
-50.0,50,549.725098,0.0
-50.0,50,550.219378,0.0
-50.0,50,550.696084,0.0
-50.0,50,551.192659,0.0
-50.0,50,551.670962,0.0
-50.0,50,552.147343,0.0
-50.0,50,552.623897,0.0
-50.0,50,553.112337,0.0
-50.0,50,553.60496,0.0
-50.0,50,554.101202,0.0
-50.0,50,554.585495,0.0
-50.0,50,555.093607,0.0
-50.0,50,555.590215,0.0
-50.0,50,556.080864,0.0
-50.0,50,556.574363,0.0
-50.0,50,557.072094,0.0
-50.0,50,557.569651,0.0
-50.0,50,558.061365,0.0
-50.0,50,558.563883,0.0
-50.0,50,559.061255,0.0
-50.0,50,559.551454,0.0
-50.0,50,560.053907,0.0
-50.0,50,560.540628,0.0
-50.0,50,561.059978,0.0
-50.0,50,561.557147,0.0
-50.0,50,562.05624,0.0
-50.0,50,562.551656,0.0
-50.0,50,563.052681,0.0
-50.0,50,563.553751,0.0
-50.0,50,564.040616,0.0
-50.0,50,564.535578,0.0
-50.0,50,565.034109,0.0
-50.0,50,565.52394,0.0
-50.0,50,566.008548,0.0
-50.0,50,566.49736,0.0
-50.0,50,567.012867,0.0
-50.0,50,567.497888,0.0
-50.0,50,567.993374,0.0
-50.0,50,568.481876,0.0
-50.0,50,568.981415,0.0
-50.0,50,569.47525,0.0
-50.0,50,569.963492,0.0
-50.0,50,570.455162,0.0
-50.0,50,570.959576,0.0
-50.0,50,571.44557,0.0
-50.0,50,571.935318,0.0
-50.0,50,572.431283,0.0
-50.0,50,572.931488,0.0
-50.0,50,573.419974,0.0
-50.0,50,573.907014,0.0
-50.0,50,574.406046,0.0
-50.0,50,574.908182,0.0
-50.0,50,575.395702,0.0
0.0,50,575.896979,1.0
-50.0,50,576.39428,0.0
-50.0,50,576.893537,0.0
-50.0,50,577.38154,0.0
-50.0,50,577.879679,0.0
-50.0,50,578.379147,0.0
-50.0,50,578.884449,0.0
-50.0,50,579.370081,0.0
-50.0,50,579.854465,0.0
-50.0,50,580.342753,0.0
0.0,50,580.847371,1.0
-50.0,50,581.344529,0.0
-50.0,50,581.834893,0.0
0.0,50,582.319307,1.0
-50.0,50,582.825346,0.0
-50.0,50,583.311922,0.0
-50.0,50,583.798582,0.0
0.0,50,584.293381,1.0
-50.0,50,584.80355,0.0
-50.0,50,585.303112,0.0
-50.0,50,585.790137,0.0
-50.0,50,586.284925,0.0
0.0,50,586.781541,1.0
-50.0,50,587.275336,0.0
-50.0,50,587.766673,0.0
-50.0,50,588.258812,0.0
-50.0,50,588.767816,0.0
-50.0,50,589.258595,0.0
-50.0,50,589.756425,0.0
-50.0,50,590.242099,0.0
-50.0,50,590.752308,0.0
-50.0,50,591.250422,0.0
-50.0,50,591.750059,0.0
-50.0,50,592.236674,0.0
-50.0,50,592.73824,0.0
-50.0,50,593.222681,0.0
-50.0,50,593.720063,0.0
-50.0,50,594.216094,0.0
-50.0,50,594.712287,0.0
-50.0,50,595.19736,0.0
-50.0,50,595.682101,0.0
-50.0,50,596.182918,0.0
-50.0,50,596.679255,0.0
-50.0,50,597.165139,0.0
-50.0,50,597.66243,0.0
-50.0,50,598.147467,0.0
-50.0,50,598.647565,0.0
-50.0,50,599.135188,0.0
-50.0,50,599.631577,0.0
-50.0,50,600.125237,0.0
-50.0,50,600.637087,0.0
-50.0,50,601.136407,0.0
-50.0,50,601.621594,0.0
-50.0,50,602.110653,0.0
-50.0,50,604.92557,0.0
-50.0,50,605.420492,0.0
0.0,50,605.901554,1.0
-50.0,50,606.398426,0.0
-50.0,50,606.903343,0.0
-50.0,50,607.399994,0.0
-50.0,50,607.883354,0.0
-50.0,50,608.383628,0.0
-50.0,50,608.878122,0.0
0.0,50,609.370239,1.0
-50.0,50,609.850183,0.0
-50.0,50,610.341562,0.0
0.0,50,610.836345,1.0
-50.0,50,611.321606,0.0
-50.0,50,611.818886,0.0
-50.0,50,612.299127,0.0
-50.0,50,612.807377,0.0
-50.0,50,613.307834,0.0
-50.0,50,613.802674,0.0
-50.0,50,614.291561,0.0
-50.0,50,614.797485,0.0
-50.0,50,615.293492,0.0
-50.0,50,615.776525,0.0
-50.0,50,616.274611,0.0
-50.0,50,616.765666,0.0
-50.0,50,617.254149,0.0
-50.0,50,617.750751,0.0
-50.0,50,618.246661,0.0
-50.0,50,618.74544,0.0
-50.0,50,619.229332,0.0
-50.0,50,619.720701,0.0
-50.0,50,620.207999,0.0
-50.0,50,620.7054,0.0
-50.0,50,621.20534,0.0
0.0,50,621.696245,1.0
-50.0,50,622.192401,0.0
-50.0,50,622.688393,0.0
-50.0,50,623.182844,0.0
-50.0,50,623.67905,0.0
-50.0,50,624.165284,0.0
-50.0,50,624.669665,0.0
0.0,50,625.153375,1.0
-50.0,50,625.638154,0.0
-50.0,50,626.12365,0.0
-50.0,50,626.630216,0.0
-50.0,50,627.115401,0.0
-50.0,50,627.60025,0.0
-50.0,50,628.089125,0.0
-50.0,50,628.587781,0.0
-50.0,50,629.087703,0.0
-50.0,50,629.584605,0.0
-50.0,50,630.075468,0.0
-50.0,50,630.573757,0.0
-50.0,50,631.058404,0.0
-50.0,50,631.5531,0.0
-50.0,50,632.046401,0.0
-50.0,50,632.542331,0.0
-50.0,50,633.025424,0.0
-50.0,50,633.510812,0.0
-50.0,50,633.999991,0.0
-50.0,50,634.506588,0.0
-50.0,50,634.997199,0.0
-50.0,50,635.481794,0.0
-50.0,50,635.969923,0.0
-50.0,50,636.466543,0.0
0.0,50,636.971344,1.0
-50.0,50,637.455761,0.0
-50.0,50,637.961009,0.0
-50.0,50,638.465706,0.0
-50.0,50,638.964712,0.0
-50.0,50,639.45004,0.0
-50.0,50,639.936869,0.0
-50.0,50,640.434766,0.0
-50.0,50,640.926867,0.0
-50.0,50,641.416601,0.0
-50.0,50,641.910559,0.0
-50.0,50,642.415947,0.0
-50.0,50,642.907122,0.0
-50.0,50,643.405594,0.0
-50.0,50,643.904512,0.0
-50.0,50,644.401314,0.0
-50.0,50,644.889302,0.0
-50.0,50,645.381865,0.0
0.0,50,645.866258,1.0
-50.0,50,646.371504,0.0
-50.0,50,646.865415,0.0
-50.0,50,647.350883,0.0
-50.0,50,647.849118,0.0
-50.0,50,648.344252,0.0
-50.0,50,648.837881,0.0
-50.0,50,649.323857,0.0
-50.0,50,649.823087,0.0
-50.0,50,650.330769,0.0
-50.0,50,650.827184,0.0
-50.0,50,651.314725,0.0
-50.0,50,651.805612,0.0
-50.0,50,652.301963,0.0
-50.0,50,652.793469,0.0
-50.0,50,653.285584,0.0
-50.0,50,653.770523,0.0
-50.0,50,654.269137,0.0
-50.0,50,654.762664,0.0
-50.0,50,655.251586,0.0
-50.0,50,655.743979,0.0
-50.0,50,656.240553,0.0
0.0,50,656.73405,1.0
-50.0,50,657.220343,0.0
-50.0,50,657.706484,0.0
-50.0,50,658.208441,0.0
-50.0,50,658.702898,0.0
-50.0,50,659.196172,0.0
-50.0,50,659.691774,0.0
-50.0,50,660.190729,0.0
-50.0,50,660.684553,0.0
-50.0,50,661.171618,0.0
-50.0,50,661.663612,0.0
-50.0,50,662.166522,0.0
-50.0,50,662.651635,0.0
-50.0,50,663.150083,0.0
-50.0,50,663.650334,0.0
-50.0,50,664.146876,0.0
-50.0,50,664.635718,0.0
-50.0,50,665.130202,0.0
-50.0,50,665.620541,0.0
-50.0,50,666.130292,0.0
-50.0,50,666.614485,0.0
-50.0,50,667.099609,0.0
-50.0,50,667.596646,0.0
-50.0,50,668.09416,0.0
-50.0,50,668.588242,0.0
-50.0,50,669.087361,0.0
-50.0,50,669.581519,0.0
-50.0,50,670.086545,0.0
-50.0,50,670.583994,0.0
-50.0,50,671.082993,0.0
-50.0,50,671.566384,0.0
-50.0,50,672.063888,0.0
0.0,50,672.562051,1.0
-50.0,50,673.041871,0.0
-50.0,50,673.532762,0.0
-50.0,50,674.032721,0.0
-50.0,50,674.530914,0.0
-50.0,50,675.027924,0.0
-50.0,50,675.516307,0.0
-50.0,50,676.020878,0.0
0.0,50,676.507883,1.0
-50.0,50,676.991244,0.0
-50.0,50,677.474302,0.0
-50.0,50,677.983603,0.0
-50.0,50,678.466814,0.0
-50.0,50,678.95259,0.0
-42.0,50,679.435499,0.0
-50.0,50,679.934995,0.0
0.0,50,680.434853,1.0
0.0,50,680.917498,1.0
-50.0,50,681.399397,0.0
-50.0,50,681.908294,0.0
-50.0,50,682.401309,0.0
-50.0,50,682.889293,0.0
-50.0,50,683.377532,0.0
-42.0,50,683.885315,0.0
-50.0,50,684.375945,0.0
-50.0,50,684.871381,0.0
-50.0,50,685.357884,0.0
-50.0,50,685.865134,0.0
0.0,50,686.353693,1.0
-50.0,50,686.855514,0.0
0.0,50,687.342539,1.0
-50.0,50,687.850701,0.0
0.0,50,688.347918,1.0
-50.0,50,688.834886,0.0
-50.0,50,689.320624,0.0
-50.0,50,689.828602,0.0
-50.0,50,690.325717,0.0
-50.0,50,690.815159,0.0
-50.0,50,691.311536,0.0
-50.0,50,691.815459,0.0
-50.0,50,692.302655,0.0
-50.0,50,692.791175,0.0
-50.0,50,693.276324,0.0
-50.0,50,693.787347,0.0
-50.0,50,694.286319,0.0
-50.0,50,694.774252,0.0
-50.0,50,695.258977,0.0
-50.0,50,695.756456,0.0
-50.0,50,696.251819,0.0
-50.0,50,696.748369,0.0
-50.0,50,697.248393,0.0
-50.0,50,697.75684,0.0
-50.0,50,698.245285,0.0
0.0,50,698.732368,1.0
-50.0,50,699.222686,0.0
-50.0,50,699.73169,0.0
-50.0,50,700.221055,0.0
0.0,50,700.719975,1.0
-50.0,50,701.215121,0.0
-50.0,50,701.725644,0.0
-50.0,50,702.228299,0.0
-50.0,50,702.722188,0.0
-50.0,50,703.216042,0.0
-16.0,50,706.050578,0.0
-50.0,50,706.550804,0.0
-50.0,50,707.041946,0.0
-50.0,50,707.533461,0.0
-50.0,50,708.037817,0.0
-50.0,50,708.536012,0.0
-50.0,50,709.030811,0.0
-50.0,50,709.52923,0.0
-50.0,50,710.031716,0.0
0.0,50,710.526258,1.0
-50.0,50,711.027378,0.0
-50.0,50,711.522714,0.0
-50.0,50,712.030978,0.0
-50.0,50,712.527719,0.0
0.0,50,713.013255,1.0
-50.0,50,713.508339,0.0
-50.0,50,714.010814,0.0
-50.0,50,714.502797,0.0
-50.0,50,714.988035,0.0
-50.0,50,715.477694,0.0
-50.0,50,715.975354,0.0
-50.0,50,716.470402,0.0
-50.0,50,716.954743,0.0
-50.0,50,717.440805,0.0
-50.0,50,717.94486,0.0
-50.0,50,718.436751,0.0
0.0,50,718.933569,1.0
-50.0,50,719.432156,0.0
-50.0,50,719.939211,0.0
-50.0,50,720.434905,0.0
-50.0,50,720.920882,0.0
-50.0,50,721.410883,0.0
-50.0,50,721.916174,0.0
-50.0,50,722.412122,0.0
-50.0,50,722.902805,0.0
-50.0,50,723.3903,0.0
-50.0,50,723.886985,0.0
-50.0,50,724.384248,0.0
-50.0,50,724.871105,0.0
-50.0,50,725.379745,0.0
-50.0,50,725.890396,0.0
-50.0,50,726.38297,0.0
-50.0,50,726.880288,0.0
-50.0,50,727.373481,0.0
-50.0,50,727.874848,0.0
-50.0,50,728.371081,0.0
-50.0,50,728.863777,0.0
-50.0,50,729.359189,0.0
-50.0,50,729.858232,0.0
-50.0,50,730.346102,0.0
-50.0,50,730.836549,0.0
-50.0,50,731.335958,0.0
-50.0,50,731.84357,0.0
-50.0,50,732.337477,0.0
-50.0,50,732.833544,0.0
-50.0,50,733.326736,0.0
-50.0,50,733.852404,0.0
-50.0,50,734.346863,0.0
-50.0,50,734.837593,0.0
-50.0,50,735.325795,0.0
-50.0,50,735.830164,0.0
0.0,50,736.328706,1.0
-50.0,50,736.824418,0.0
-50.0,50,737.322998,0.0
-50.0,50,737.837866,0.0
-50.0,50,738.330286,0.0
-50.0,50,738.828129,0.0
-50.0,50,739.324028,0.0
-50.0,50,739.827825,0.0
-50.0,50,740.328246,0.0
-50.0,50,740.813872,0.0
-50.0,50,741.310061,0.0
-50.0,50,741.811273,0.0
-50.0,50,742.303023,0.0
-50.0,50,742.794099,0.0
-50.0,50,743.288563,0.0
-50.0,50,743.798476,0.0
-50.0,50,744.284237,0.0
-50.0,50,744.781689,0.0
-50.0,50,745.282486,0.0
-50.0,50,745.785408,0.0
-50.0,50,746.28619,0.0
-50.0,50,746.791677,0.0
-50.0,50,747.288749,0.0
-50.0,50,747.804356,0.0
-50.0,50,748.296354,0.0
-50.0,50,748.787999,0.0
-50.0,50,749.282041,0.0
-50.0,50,749.789329,0.0
-50.0,50,750.290004,0.0
-50.0,50,750.785108,0.0
0.0,50,751.281951,1.0
-50.0,50,751.79117,0.0
-50.0,50,752.28684,0.0
-50.0,50,752.792409,0.0
-50.0,50,753.28598,0.0
-50.0,50,753.794801,0.0
-50.0,50,754.296116,0.0
-50.0,50,754.797406,0.0
-50.0,50,755.299137,0.0
-50.0,50,755.809358,0.0
-50.0,50,756.310555,0.0
-50.0,50,756.802707,0.0
-50.0,50,757.300639,0.0
-50.0,50,757.812815,0.0
-50.0,50,758.30617,0.0
-50.0,50,758.807202,0.0
0.0,50,759.299277,1.0
-50.0,50,759.806951,0.0
-50.0,50,760.298998,0.0
-50.0,50,760.797558,0.0
-50.0,50,761.298788,0.0
-50.0,50,761.809004,0.0
0.0,50,762.307355,1.0
-50.0,50,762.801413,0.0
-50.0,50,763.30106,0.0
-50.0,50,763.803921,0.0
0.0,50,764.294725,1.0
0.0,50,764.790326,1.0
-50.0,50,765.287825,0.0
-50.0,50,765.789639,0.0
-50.0,50,766.298152,0.0
-50.0,50,766.802183,0.0
-50.0,50,767.295136,0.0
0.0,50,767.797911,1.0
-50.0,50,768.288791,0.0
-50.0,50,768.787289,0.0
-50.0,50,769.285258,0.0
-50.0,50,769.794937,0.0
-50.0,50,770.290537,0.0
-50.0,50,770.791051,0.0
-50.0,50,771.293171,0.0
-50.0,50,771.798835,0.0
-50.0,50,772.293957,0.0
-50.0,50,772.782818,0.0
-50.0,50,773.271066,0.0
-50.0,50,773.78154,0.0
-50.0,50,774.275583,0.0
-50.0,50,774.772532,0.0
-50.0,50,775.268558,0.0
-50.0,50,775.770391,0.0
-50.0,50,776.259551,0.0
-50.0,50,776.753715,0.0
-50.0,50,777.241648,0.0
0.0,50,777.742986,1.0
-50.0,50,778.23741,0.0
-50.0,50,778.726184,0.0
-50.0,50,779.212326,0.0
-50.0,50,779.723686,0.0
-50.0,50,780.211709,0.0
-50.0,50,780.70847,0.0
-50.0,50,781.194993,0.0
-50.0,50,781.695166,0.0
-50.0,50,782.189124,0.0
-50.0,50,782.674989,0.0
-50.0,50,783.158463,0.0
-50.0,50,783.657211,0.0
-50.0,50,784.141289,0.0
-50.0,50,784.628252,0.0
-50.0,50,785.112829,0.0
-50.0,50,785.61332,0.0
-50.0,50,786.097214,0.0
-50.0,50,786.584108,0.0
-50.0,50,787.068372,0.0
-50.0,50,787.565194,0.0
-50.0,50,788.049006,0.0
-50.0,50,788.532871,0.0
0.0,50,789.02995,1.0
-50.0,50,789.526369,0.0
0.0,50,790.020944,1.0
-50.0,50,790.517015,0.0
-50.0,50,791.004549,0.0
-50.0,50,791.517063,0.0
-50.0,50,792.006892,0.0
-50.0,50,792.493218,0.0
-50.0,50,792.978039,0.0
0.0,50,793.475294,1.0
-50.0,50,793.959981,0.0
-50.0,50,794.453466,0.0
-50.0,50,794.942019,0.0
-50.0,50,795.447167,0.0
-50.0,50,795.941311,0.0
-50.0,50,796.428767,0.0
-50.0,50,796.915739,0.0
-50.0,50,797.412669,0.0
-50.0,50,797.898903,0.0
-50.0,50,798.392506,0.0
-50.0,50,798.876195,0.0
-50.0,50,799.380834,0.0
-50.0,50,799.875146,0.0
-50.0,50,800.368659,0.0
-50.0,50,800.856092,0.0
-50.0,50,801.354737,0.0
-50.0,50,801.842343,0.0
0.0,50,802.337987,1.0
-50.0,50,802.836889,0.0
-50.0,50,803.340727,0.0
-50.0,50,803.827998,0.0
-50.0,50,804.313984,0.0
0.0,50,804.810696,1.0
-50.0,50,807.525875,0.0
-50.0,50,808.031346,0.0
-50.0,50,808.528413,0.0
-50.0,50,809.025362,0.0
-50.0,50,809.52724,0.0
-50.0,50,810.021247,0.0
-50.0,50,810.514548,0.0
-50.0,50,811.002764,0.0
-50.0,50,811.504079,0.0
0.0,50,811.991987,1.0
0.0,50,812.483234,1.0
-50.0,50,812.979281,0.0
-50.0,50,813.481679,0.0
-50.0,50,813.972268,0.0
-50.0,50,814.460273,0.0
0.0,50,814.947981,1.0
-50.0,50,815.487881,0.0
-50.0,50,815.973892,0.0
0.0,50,816.460542,1.0
-50.0,50,816.958002,0.0
-50.0,50,817.45559,0.0
-50.0,50,817.942276,0.0
-50.0,50,818.428855,0.0
-50.0,50,818.918416,0.0
-50.0,50,819.418697,0.0
-50.0,50,819.907388,0.0
-50.0,50,820.397574,0.0
-50.0,50,820.882958,0.0
-50.0,50,821.382974,0.0
-50.0,50,821.88198,0.0
-50.0,50,822.38451,0.0
-50.0,50,822.878998,0.0
-50.0,50,823.390634,0.0
-50.0,50,823.886508,0.0
-50.0,50,824.385769,0.0
-50.0,50,824.884192,0.0
-50.0,50,825.395224,0.0
-50.0,50,825.89114,0.0
-50.0,50,826.394505,0.0
-50.0,50,826.89217,0.0
-50.0,50,827.404533,0.0
-50.0,50,827.900069,0.0
0.0,50,828.401203,1.0
-50.0,50,828.899128,0.0
-50.0,50,829.409394,0.0
-50.0,50,829.902427,0.0
-50.0,50,830.387164,0.0
-50.0,50,830.880053,0.0
-50.0,50,831.378003,0.0
-50.0,50,831.866766,0.0
-50.0,50,832.353492,0.0
-50.0,50,832.843829,0.0
-50.0,50,833.351763,0.0
-50.0,50,833.856555,0.0
-50.0,50,834.343655,0.0
-50.0,50,834.831142,0.0
-50.0,50,835.338663,0.0
-50.0,50,835.82806,0.0
0.0,50,836.320939,1.0
-50.0,50,836.808022,0.0
-50.0,50,837.31348,0.0
0.0,50,837.799625,1.0
-50.0,50,838.286149,0.0
-50.0,50,838.773644,0.0
-50.0,50,839.278063,0.0
-50.0,50,839.767294,0.0
0.0,50,840.255725,1.0
-50.0,50,840.745166,0.0
0.0,50,841.241505,1.0
-50.0,50,841.724373,0.0
-50.0,50,842.20902,0.0
-50.0,50,842.70413,0.0
-50.0,50,843.198991,0.0
-50.0,50,843.682107,0.0
-50.0,50,844.163301,0.0
-50.0,50,844.648023,0.0
-50.0,50,845.145096,0.0
-50.0,50,845.632144,0.0
-50.0,50,846.120636,0.0
-50.0,50,846.612,0.0
-50.0,50,847.121251,0.0
-50.0,50,847.617127,0.0
-50.0,50,848.106577,0.0
-50.0,50,848.593572,0.0
-50.0,50,849.092624,0.0
0.0,50,849.583228,1.0
-50.0,50,850.071588,0.0
-50.0,50,850.56618,0.0
-50.0,50,851.065688,0.0
-50.0,50,851.55547,0.0
-50.0,50,852.052343,0.0
-50.0,50,852.552772,0.0
-50.0,50,853.056139,0.0
-50.0,50,853.554808,0.0
-50.0,50,854.052437,0.0
-50.0,50,854.543465,0.0
-50.0,50,855.054207,0.0
-50.0,50,855.535225,0.0
-50.0,50,856.019249,0.0
-50.0,50,856.51329,0.0
-50.0,50,857.007118,0.0
-50.0,50,857.488212,0.0
-50.0,50,857.97489,0.0
-50.0,50,858.455364,0.0
-50.0,50,858.958502,0.0
-50.0,50,859.447301,0.0
-50.0,50,859.927196,0.0
-50.0,50,860.413381,0.0
-50.0,50,860.90718,0.0
-50.0,50,861.398635,0.0
-50.0,50,861.883286,0.0
-50.0,50,862.366209,0.0
-50.0,50,862.866,0.0
-50.0,50,863.351126,0.0
-50.0,50,863.831587,0.0
-50.0,50,864.319374,0.0
-50.0,50,864.820713,0.0
-50.0,50,865.308398,0.0
-50.0,50,865.800455,0.0
-50.0,50,866.297733,0.0
-50.0,50,866.798091,0.0
-50.0,50,867.289594,0.0
-50.0,50,867.779315,0.0
-50.0,50,868.281011,0.0
-50.0,50,868.785031,0.0
-50.0,50,869.274144,0.0
-50.0,50,869.780577,0.0
-50.0,50,870.272443,0.0
-50.0,50,870.781986,0.0
-50.0,50,871.268204,0.0
-50.0,50,871.75855,0.0
-50.0,50,872.245919,0.0
-50.0,50,872.745429,0.0
-50.0,50,873.234957,0.0
-50.0,50,873.729476,0.0
-50.0,50,874.224901,0.0
-50.0,50,874.722598,0.0
-50.0,50,875.217851,0.0
-50.0,50,875.711892,0.0
-50.0,50,876.20528,0.0
-50.0,50,876.709471,0.0
-50.0,50,877.198461,0.0
-50.0,50,877.687097,0.0
0.0,50,878.183807,1.0
-50.0,50,878.691123,0.0
-50.0,50,879.184258,0.0
-50.0,50,879.676433,0.0
-50.0,50,880.17081,0.0
-50.0,50,880.684617,0.0
-50.0,50,881.178639,0.0
-50.0,50,881.67811,0.0
-50.0,50,882.168936,0.0
-50.0,50,882.669244,0.0
-50.0,50,883.165709,0.0
-50.0,50,883.659801,0.0
-50.0,50,884.155742,0.0
-50.0,50,884.654677,0.0
-50.0,50,885.152956,0.0
-50.0,50,885.640975,0.0
-50.0,50,886.127633,0.0
-50.0,50,886.641659,0.0
-50.0,50,887.13147,0.0
-50.0,50,887.622943,0.0
-50.0,50,888.114944,0.0
-50.0,50,888.617053,0.0
-50.0,50,889.105784,0.0
-50.0,50,889.599696,0.0
-50.0,50,890.097501,0.0
-50.0,50,890.604104,0.0
-50.0,50,891.107572,0.0
-50.0,50,891.60295,0.0
-50.0,50,892.094864,0.0
-50.0,50,892.604718,0.0
-50.0,50,893.101621,0.0
-50.0,50,893.589016,0.0
-50.0,50,894.076127,0.0
-50.0,50,894.578871,0.0
-50.0,50,895.07346,0.0
-50.0,50,895.563005,0.0
-50.0,50,896.057055,0.0
-50.0,50,896.559406,0.0
-50.0,50,897.048951,0.0
-50.0,50,897.54633,0.0
-50.0,50,898.042514,0.0
0.0,50,898.540936,1.0
-50.0,50,899.03527,0.0
-50.0,50,899.530451,0.0
-50.0,50,900.019481,0.0
0.0,50,900.518084,1.0
0.0,50,901.007714,1.0
-50.0,50,901.493772,0.0
-50.0,50,901.987865,0.0
-50.0,50,902.487313,0.0
-50.0,50,902.972732,0.0
-50.0,50,903.464234,0.0
-50.0,50,903.951929,0.0
-50.0,50,904.460675,0.0
-50.0,50,904.949134,0.0
-50.0,50,905.441352,0.0
-50.0,50,905.934872,0.0
-50.0,50,908.744379,0.0
-50.0,50,909.238796,0.0
-50.0,50,909.737656,0.0
-50.0,50,910.223178,0.0
0.0,50,910.719236,1.0
-50.0,50,911.220332,0.0
-50.0,50,911.718623,0.0
-50.0,50,912.219609,0.0
-50.0,50,912.720192,0.0
-50.0,50,913.204583,0.0
-50.0,50,913.693681,0.0
-50.0,50,914.190629,0.0
-50.0,50,914.692487,0.0
-50.0,50,915.19393,0.0
-50.0,50,915.679753,0.0
-50.0,50,916.164095,0.0
0.0,50,916.680336,1.0
0.0,50,917.184141,1.0
-50.0,50,917.68054,0.0
-50.0,50,918.169599,0.0
-50.0,50,918.667971,0.0
0.0,50,919.171546,1.0
-50.0,50,919.670017,0.0
-50.0,50,920.158944,0.0
-50.0,50,920.662287,0.0
-50.0,50,921.165554,0.0
-50.0,50,921.657559,0.0
-50.0,50,922.153823,0.0
-50.0,50,922.670575,0.0
-50.0,50,923.167531,0.0
-50.0,50,923.663357,0.0
-50.0,50,924.159579,0.0
-50.0,50,924.666162,0.0
-50.0,50,925.165559,0.0
-50.0,50,925.658384,0.0
-50.0,50,926.151573,0.0
-50.0,50,926.654147,0.0
-50.0,50,927.153713,0.0
0.0,50,927.650908,1.0
-50.0,50,928.14441,0.0
-50.0,50,928.649572,0.0
-50.0,50,929.152142,0.0
-50.0,50,929.64662,0.0
-50.0,50,930.132605,0.0
-50.0,50,930.634521,0.0
-50.0,50,931.128005,0.0
-50.0,50,931.618382,0.0
-50.0,50,932.107121,0.0
-50.0,50,932.611557,0.0
-50.0,50,933.110023,0.0
0.0,50,933.596291,1.0
-50.0,50,934.091324,0.0
-50.0,50,934.613609,0.0
-50.0,50,935.110192,0.0
-50.0,50,935.601062,0.0
-50.0,50,936.091292,0.0
-50.0,50,936.596291,0.0
-50.0,50,937.085857,0.0
-50.0,50,937.575065,0.0
-50.0,50,938.065665,0.0
-50.0,50,938.567214,0.0
-50.0,50,939.06534,0.0
-50.0,50,939.553864,0.0
-50.0,50,940.043609,0.0
-50.0,50,940.551724,0.0
-50.0,50,941.052881,0.0
-50.0,50,941.549238,0.0
-50.0,50,942.060913,0.0
0.0,50,942.566808,1.0
-50.0,50,943.055091,0.0
-50.0,50,943.542792,0.0
-50.0,50,944.032833,0.0
-50.0,50,944.539281,0.0
-50.0,50,945.027395,0.0
-50.0,50,945.52193,0.0
-50.0,50,946.011172,0.0
-50.0,50,946.562097,0.0
0.0,50,947.05072,1.0
-50.0,50,947.541853,0.0
0.0,50,948.03929,1.0
-50.0,50,948.549706,0.0
-50.0,50,949.04178,0.0
-50.0,50,949.530608,0.0
-50.0,50,950.018391,0.0
0.0,50,950.518875,1.0
-50.0,50,951.013302,0.0
-50.0,50,951.515593,0.0
-50.0,50,952.013074,0.0
-50.0,50,952.520708,0.0
-50.0,50,953.00957,0.0
-50.0,50,953.512293,0.0
-50.0,50,954.010524,0.0
-50.0,50,954.517662,0.0
-50.0,50,955.006545,0.0
-50.0,50,955.495767,0.0
-50.0,50,955.984646,0.0
-50.0,50,956.495667,0.0
-50.0,50,956.988163,0.0
-50.0,50,957.488761,0.0
-50.0,50,957.978912,0.0
-50.0,50,958.482345,0.0
-50.0,50,958.976005,0.0
-50.0,50,959.470847,0.0
-50.0,50,959.960256,0.0
-50.0,50,960.466292,0.0
-50.0,50,960.957911,0.0
0.0,50,961.445862,1.0
-50.0,50,961.934642,0.0
0.0,50,962.433237,1.0
-50.0,50,962.933609,0.0
-50.0,50,963.421671,0.0
-50.0,50,963.925254,0.0
-50.0,50,964.430325,0.0
-50.0,50,964.918298,0.0
-50.0,50,965.407349,0.0
-50.0,50,965.904782,0.0
-50.0,50,966.412199,0.0
-50.0,50,966.906383,0.0
-50.0,50,967.396536,0.0
-50.0,50,967.886152,0.0
-50.0,50,968.386471,0.0
-50.0,50,968.886257,0.0
-50.0,50,969.384676,0.0
-50.0,50,969.883343,0.0
-50.0,50,970.384098,0.0
-50.0,50,970.877906,0.0
0.0,50,971.373313,1.0
-50.0,50,971.862138,0.0
-50.0,50,972.371497,0.0
-50.0,50,972.860987,0.0
-50.0,50,973.350689,0.0
-50.0,50,973.842291,0.0
-50.0,50,974.348121,0.0
-50.0,50,974.837786,0.0
-50.0,50,975.32813,0.0
0.0,50,975.81525,1.0
0.0,50,976.322783,1.0
-50.0,50,976.820385,0.0
-50.0,50,977.317428,0.0
-50.0,50,977.814701,0.0
-50.0,50,978.321621,0.0
-50.0,50,978.811131,0.0
-50.0,50,979.307554,0.0
-50.0,50,979.798077,0.0
-50.0,50,980.308803,0.0
-50.0,50,980.804133,0.0
0.0,50,981.306207,1.0
-50.0,50,981.809331,0.0
0.0,50,982.328689,1.0
-50.0,50,982.822846,0.0
-50.0,50,983.322687,0.0
-50.0,50,983.813849,0.0
-50.0,50,984.323527,0.0
-50.0,50,984.814828,0.0
-50.0,50,985.304908,0.0
-50.0,50,985.806674,0.0
-50.0,50,986.30879,0.0
-50.0,50,986.80395,0.0
-50.0,50,987.29746,0.0
-50.0,50,987.795987,0.0
-50.0,50,988.299758,0.0
-50.0,50,988.805785,0.0
-50.0,50,989.305917,0.0
-50.0,50,989.798381,0.0
-50.0,50,990.302236,0.0
-50.0,50,990.791171,0.0
-50.0,50,991.290945,0.0
-50.0,50,991.779996,0.0
-50.0,50,992.290148,0.0
-50.0,50,992.789768,0.0
-50.0,50,993.28727,0.0
-50.0,50,993.7825,0.0
-50.0,50,994.289695,0.0
-50.0,50,994.784902,0.0
-50.0,50,995.280514,0.0
-50.0,50,995.778735,0.0
-50.0,50,996.283026,0.0
-50.0,50,996.778302,0.0
-50.0,50,997.271928,0.0
-50.0,50,997.772453,0.0
-50.0,50,998.275254,0.0
-50.0,50,998.767122,0.0
-50.0,50,999.257164,0.0
-50.0,50,999.746674,0.0
-50.0,50,1000.251155,0.0
-50.0,50,1000.741802,0.0
0.0,50,1001.241421,1.0
-50.0,50,1001.734186,0.0
0.0,50,1002.241813,1.0
-50.0,50,1002.739311,0.0
-50.0,50,1003.23097,0.0
0.0,50,1003.719693,1.0
-50.0,50,1004.226349,0.0
-50.0,50,1004.715635,0.0
-50.0,50,1005.218019,0.0
-50.0,50,1005.714195,0.0
-50.0,50,1006.216547,0.0
-50.0,50,1006.705971,0.0
-50.0,50,1007.198576,0.0
-50.0,50,1007.693199,0.0
0.0,50,1010.47087,1.0
-50.0,50,1010.972448,0.0
-50.0,50,1011.462622,0.0
-50.0,50,1011.954678,0.0
-50.0,50,1012.457305,0.0
-50.0,50,1012.946387,0.0
-50.0,50,1013.434596,0.0
-50.0,50,1013.924358,0.0
-50.0,50,1014.436474,0.0
-50.0,50,1014.930262,0.0
-50.0,50,1015.425135,0.0
-50.0,50,1015.92086,0.0
-50.0,50,1016.427689,0.0
-50.0,50,1016.929737,0.0
-50.0,50,1017.423872,0.0
-50.0,50,1017.922431,0.0
-50.0,50,1018.421988,0.0
-50.0,50,1018.911252,0.0
-50.0,50,1019.4011,0.0
-50.0,50,1019.890355,0.0
-50.0,50,1020.396687,0.0
-50.0,50,1020.890911,0.0
-50.0,50,1021.398099,0.0
-50.0,50,1021.889106,0.0
-50.0,50,1022.39028,0.0
-50.0,50,1022.882447,0.0
-50.0,50,1023.374007,0.0
-50.0,50,1023.865814,0.0
-50.0,50,1024.369742,0.0
-50.0,50,1024.861242,0.0
-50.0,50,1025.357901,0.0
-50.0,50,1025.857235,0.0
-50.0,50,1026.359904,0.0
-50.0,50,1026.851747,0.0
-50.0,50,1027.349755,0.0
-50.0,50,1027.841273,0.0
-50.0,50,1028.355039,0.0
-50.0,50,1028.857858,0.0
-50.0,50,1029.352416,0.0
-50.0,50,1029.845249,0.0
-50.0,50,1030.347989,0.0
-50.0,50,1030.836164,0.0
-50.0,50,1031.32471,0.0
-50.0,50,1031.825821,0.0
0.0,50,1032.324448,1.0
-50.0,50,1032.823145,0.0
-50.0,50,1033.320998,0.0
-50.0,50,1033.813672,0.0
-50.0,50,1034.313595,0.0
-50.0,50,1034.805015,0.0
-50.0,50,1035.293099,0.0
-50.0,50,1035.790262,0.0
-50.0,50,1036.313207,0.0
-50.0,50,1036.801565,0.0
-50.0,50,1037.287179,0.0
0.0,50,1037.77347,1.0
-50.0,50,1038.285681,0.0
-50.0,50,1038.78642,0.0
0.0,50,1039.274666,1.0
-50.0,50,1039.783702,0.0
-50.0,50,1040.298203,0.0
-50.0,50,1040.790792,0.0
-50.0,50,1041.288188,0.0
-50.0,50,1041.781742,0.0
-50.0,50,1042.285286,0.0
-50.0,50,1042.78823,0.0
-50.0,50,1043.277709,0.0
-50.0,50,1043.769196,0.0
-50.0,50,1044.28199,0.0
-50.0,50,1044.773845,0.0
-50.0,50,1045.263681,0.0
0.0,50,1045.753892,1.0
-50.0,50,1046.265632,0.0
-50.0,50,1046.76513,0.0
-50.0,50,1047.26167,0.0
-50.0,50,1047.753918,0.0
-50.0,50,1048.271711,0.0
-50.0,50,1048.771337,0.0
0.0,50,1049.268084,1.0
-50.0,50,1049.760994,0.0
-50.0,50,1050.275287,0.0
-50.0,50,1050.774949,0.0
-50.0,50,1051.285985,0.0
-50.0,50,1051.780006,0.0
-50.0,50,1052.29848,0.0
-50.0,50,1052.800459,0.0
-50.0,50,1053.303511,0.0
-50.0,50,1053.807796,0.0
-50.0,50,1054.323402,0.0
-50.0,50,1054.820489,0.0
-50.0,50,1055.324127,0.0
-50.0,50,1055.824869,0.0
-50.0,50,1056.339128,0.0
-50.0,50,1056.850482,0.0
-50.0,50,1057.362657,0.0
-50.0,50,1057.863423,0.0
-50.0,50,1058.375841,0.0
-50.0,50,1058.866935,0.0
-50.0,50,1059.376371,0.0
-50.0,50,1059.875347,0.0
-50.0,50,1060.393939,0.0
-50.0,50,1060.891117,0.0
-50.0,50,1061.382462,0.0
-50.0,50,1061.88766,0.0
-50.0,50,1062.405406,0.0
-50.0,50,1062.913036,0.0
-50.0,50,1063.424578,0.0
-50.0,50,1063.923602,0.0
-50.0,50,1064.428846,0.0
-50.0,50,1064.930682,0.0
-50.0,50,1065.423362,0.0
-50.0,50,1065.922208,0.0
-50.0,50,1066.435574,0.0
-50.0,50,1066.935193,0.0
-50.0,50,1067.444676,0.0
-50.0,50,1067.948503,0.0
-50.0,50,1068.46191,0.0
-50.0,50,1068.973639,0.0
-50.0,50,1069.475618,0.0
-50.0,50,1069.979158,0.0
-50.0,50,1070.484051,0.0
-50.0,50,1071.001968,0.0
-50.0,50,1071.511923,0.0
-50.0,50,1072.022941,0.0
-50.0,50,1072.546359,0.0
-50.0,50,1073.047759,0.0
-50.0,50,1073.558423,0.0
-50.0,50,1074.070019,0.0
-50.0,50,1074.594316,0.0
-50.0,50,1075.101419,0.0
-50.0,50,1075.604333,0.0
-50.0,50,1076.092079,0.0
-50.0,50,1076.591371,0.0
0.0,50,1077.079925,1.0
-50.0,50,1077.579959,0.0
-50.0,50,1078.089818,0.0
-50.0,50,1078.606588,0.0
-50.0,50,1079.116441,0.0
-50.0,50,1079.615627,0.0
-50.0,50,1080.127635,0.0
-50.0,50,1080.653118,0.0
-50.0,50,1081.155649,0.0
-50.0,50,1081.66267,0.0
-50.0,50,1082.156411,0.0
-50.0,50,1082.706539,0.0
-50.0,50,1083.216096,0.0
-50.0,50,1083.714888,0.0
-50.0,50,1084.221303,0.0
-50.0,50,1084.739002,0.0
-50.0,50,1085.251127,0.0
-50.0,50,1085.754047,0.0
0.0,50,1086.262614,1.0
-50.0,50,1086.786482,0.0
-50.0,50,1087.286022,0.0
-50.0,50,1087.79757,0.0
-50.0,50,1088.30339,0.0
-50.0,50,1088.825171,0.0
-50.0,50,1089.334485,0.0
0.0,50,1089.822557,1.0
-50.0,50,1090.328181,0.0
-50.0,50,1090.841627,0.0
-50.0,50,1091.344597,0.0
-50.0,50,1091.849538,0.0
-50.0,50,1092.351738,0.0
-50.0,50,1092.884282,0.0
-50.0,50,1093.386523,0.0
-50.0,50,1093.890039,0.0
-50.0,50,1094.40628,0.0
-50.0,50,1094.929437,0.0
-50.0,50,1095.440849,0.0
-50.0,50,1095.960395,0.0
-50.0,50,1096.467852,0.0
-50.0,50,1096.998062,0.0
-50.0,50,1097.499039,0.0
-50.0,50,1097.997031,0.0
-50.0,50,1098.50775,0.0
-50.0,50,1099.018195,0.0
-50.0,50,1099.507816,0.0
-50.0,50,1100.003228,0.0
-50.0,50,1100.508542,0.0
-50.0,50,1101.032073,0.0
-50.0,50,1101.537663,0.0
-50.0,50,1102.033197,0.0
-50.0,50,1102.534617,0.0
0.0,50,1103.039668,1.0
-50.0,50,1103.532356,0.0
-50.0,50,1104.033207,0.0
-50.0,50,1104.5256,0.0
-50.0,50,1105.029764,0.0
-50.0,50,1105.523068,0.0
-50.0,50,1106.016784,0.0
-50.0,50,1106.519655,0.0
-50.0,50,1107.022856,0.0
-50.0,50,1107.516862,0.0
-50.0,50,1108.007551,0.0
-50.0,50,1108.500352,0.0
-50.0,50,1109.010407,0.0
-50.0,50,1109.507473,0.0
0.0,50,1110.00605,1.0
-50.0,50,1110.502415,0.0
-50.0,50,1113.347171,0.0
-50.0,50,1113.848508,0.0
-50.0,50,1114.349293,0.0
-50.0,50,1114.846111,0.0
-50.0,50,1115.356778,0.0
0.0,50,1115.8542,1.0
-50.0,50,1116.355296,0.0
-50.0,50,1116.845583,0.0
-50.0,50,1117.356259,0.0
-50.0,50,1117.861368,0.0
-50.0,50,1118.358304,0.0
-50.0,50,1118.86077,0.0
-50.0,50,1119.372692,0.0
-50.0,50,1119.876193,0.0
-50.0,50,1120.374126,0.0
-50.0,50,1120.870362,0.0
-50.0,50,1121.382262,0.0
-50.0,50,1121.88341,0.0
-50.0,50,1122.384216,0.0
-50.0,50,1122.879461,0.0
-50.0,50,1123.395492,0.0
-50.0,50,1123.900616,0.0
-50.0,50,1124.40029,0.0
-50.0,50,1124.897986,0.0
-50.0,50,1125.41388,0.0
-50.0,50,1125.90871,0.0
0.0,50,1126.401021,1.0
-50.0,50,1126.903334,0.0
-50.0,50,1127.418862,0.0
-50.0,50,1127.91824,0.0
-50.0,50,1128.41433,0.0
-50.0,50,1128.91445,0.0
-50.0,50,1129.421242,0.0
-50.0,50,1129.916392,0.0
0.0,50,1130.425562,1.0
-50.0,50,1130.914673,0.0
-50.0,50,1131.420981,0.0
-50.0,50,1131.915945,0.0
-50.0,50,1132.406377,0.0
-50.0,50,1132.894057,0.0
-50.0,50,1133.415624,0.0
-50.0,50,1133.904148,0.0
-50.0,50,1134.396386,0.0
-50.0,50,1134.880972,0.0
-50.0,50,1135.381312,0.0
-50.0,50,1135.866022,0.0
-50.0,50,1136.353448,0.0
-50.0,50,1136.850529,0.0
-50.0,50,1137.349015,0.0
-50.0,50,1137.83456,0.0
-50.0,50,1138.322611,0.0
-50.0,50,1138.808031,0.0
-50.0,50,1139.303909,0.0
-50.0,50,1139.802404,0.0
0.0,50,1140.288514,1.0
-50.0,50,1140.77527,0.0
-50.0,50,1141.284521,0.0
-50.0,50,1141.77217,0.0
-50.0,50,1142.269457,0.0
-50.0,50,1142.771384,0.0
-50.0,50,1143.28803,0.0
-50.0,50,1143.776281,0.0
-50.0,50,1144.271479,0.0
-50.0,50,1144.776348,0.0
-50.0,50,1145.277718,0.0
-50.0,50,1145.763188,0.0
-50.0,50,1146.246987,0.0
0.0,50,1146.731306,1.0
-50.0,50,1147.229376,0.0
-50.0,50,1147.715171,0.0
-50.0,50,1148.206576,0.0
-50.0,50,1148.699557,0.0
-50.0,50,1149.209408,0.0
0.0,50,1149.69762,1.0
-50.0,50,1150.181065,0.0
-50.0,50,1150.665704,0.0
-50.0,50,1151.163458,0.0
-50.0,50,1151.655181,0.0
-50.0,50,1152.155336,0.0
-50.0,50,1152.647703,0.0
-50.0,50,1153.1998,0.0
-50.0,50,1153.68269,0.0
-50.0,50,1154.173588,0.0
-50.0,50,1154.670396,0.0
-50.0,50,1155.185134,0.0
0.0,50,1155.682564,1.0
-50.0,50,1156.183619,0.0
-50.0,50,1156.66743,0.0
-50.0,50,1157.16277,0.0
-50.0,50,1157.655708,0.0
-50.0,50,1158.154816,0.0
-50.0,50,1158.654157,0.0
-50.0,50,1159.15515,0.0
-50.0,50,1159.644508,0.0
-50.0,50,1160.14499,0.0
-50.0,50,1160.638456,0.0
-50.0,50,1161.153198,0.0
-50.0,50,1161.641165,0.0
-50.0,50,1162.131689,0.0
-50.0,50,1162.624882,0.0
-50.0,50,1163.17261,0.0
-50.0,50,1163.679111,0.0
0.0,50,1164.17428,1.0
-50.0,50,1164.676396,0.0
-50.0,50,1165.198201,0.0
-50.0,50,1165.694612,0.0
-50.0,50,1166.191847,0.0
-50.0,50,1166.689153,0.0
0.0,50,1167.198205,1.0
-50.0,50,1167.693486,0.0
-50.0,50,1168.191854,0.0
-50.0,50,1168.698033,0.0
-50.0,50,1169.215933,0.0
-50.0,50,1169.711454,0.0
-50.0,50,1170.206792,0.0
-50.0,50,1170.702193,0.0
-50.0,50,1171.21276,0.0
-50.0,50,1171.707446,0.0
-50.0,50,1172.198237,0.0
-50.0,50,1172.691576,0.0
-50.0,50,1173.198762,0.0
-50.0,50,1173.689487,0.0
0.0,50,1174.189226,1.0
-50.0,50,1174.68176,0.0
-50.0,50,1175.185135,0.0
-50.0,50,1175.678309,0.0
-50.0,50,1176.174172,0.0
-50.0,50,1176.671426,0.0
-50.0,50,1177.178416,0.0
-50.0,50,1177.677438,0.0
-50.0,50,1178.169041,0.0
-48.0,50,1178.693465,0.0
-50.0,50,1179.211907,0.0
-50.0,50,1179.713924,0.0
-50.0,50,1180.20919,0.0
-50.0,50,1180.705804,0.0
-50.0,50,1181.210456,0.0
-50.0,50,1181.703691,0.0
-50.0,50,1182.196824,0.0
0.0,50,1182.686834,1.0
-50.0,50,1183.194581,0.0
-50.0,50,1183.688758,0.0
-50.0,50,1184.184817,0.0
0.0,50,1184.684248,1.0
-50.0,50,1185.206684,0.0
-50.0,50,1185.698612,0.0
-50.0,50,1186.203722,0.0
-50.0,50,1186.694241,0.0
-50.0,50,1187.202788,0.0
-50.0,50,1187.698105,0.0
-50.0,50,1188.195365,0.0
-50.0,50,1188.689102,0.0
-50.0,50,1189.199469,0.0
-50.0,50,1189.698785,0.0
-50.0,50,1190.196645,0.0
-50.0,50,1190.685232,0.0
-50.0,50,1191.189416,0.0
-50.0,50,1191.678752,0.0
-50.0,50,1192.166791,0.0
-50.0,50,1192.662516,0.0
-50.0,50,1193.164493,0.0
-50.0,50,1193.651689,0.0
-50.0,50,1194.147878,0.0
-50.0,50,1194.6418,0.0
-50.0,50,1195.143141,0.0
-50.0,50,1195.633072,0.0
-50.0,50,1196.12157,0.0
0.0,50,1196.619289,1.0
-50.0,50,1197.119238,0.0
-50.0,50,1197.61277,0.0
-50.0,50,1198.107484,0.0
-50.0,50,1198.597536,0.0
-50.0,50,1199.099781,0.0
-50.0,50,1199.595835,0.0
-50.0,50,1200.091918,0.0
-50.0,50,1200.586944,0.0
-50.0,50,1201.092373,0.0
-50.0,50,1201.584494,0.0
-50.0,50,1202.075536,0.0
-50.0,50,1202.563338,0.0
0.0,50,1203.086844,1.0
0.0,50,1203.574525,1.0
-50.0,50,1204.061878,0.0
-50.0,50,1204.552365,0.0
-50.0,50,1205.053212,0.0
-50.0,50,1205.546086,0.0
-50.0,50,1206.03824,0.0
-50.0,50,1206.526102,0.0
-50.0,50,1207.072545,0.0
-50.0,50,1207.562465,0.0
-50.0,50,1208.053341,0.0
-50.0,50,1208.551636,0.0
-50.0,50,1209.066877,0.0
-50.0,50,1209.558055,0.0
-50.0,50,1210.048721,0.0
0.0,50,1210.535361,1.0
-50.0,50,1211.0368,0.0
-50.0,50,1211.528197,0.0
0.0,50,1212.032175,1.0
-50.0,50,1212.522786,0.0
-50.0,50,1215.351753,0.0
-50.0,50,1215.842705,0.0
-50.0,50,1216.335968,0.0
-50.0,50,1216.840173,0.0
-50.0,50,1217.345144,0.0
-50.0,50,1217.835064,0.0
-50.0,50,1218.330518,0.0
-50.0,50,1218.82463,0.0
-50.0,50,1219.3337,0.0
-50.0,50,1219.823943,0.0
-50.0,50,1220.326476,0.0
-50.0,50,1220.821374,0.0
-50.0,50,1221.333048,0.0
-50.0,50,1221.828211,0.0
-50.0,50,1222.317636,0.0
-50.0,50,1222.812768,0.0
-50.0,50,1223.316025,0.0
-50.0,50,1223.805541,0.0
-50.0,50,1224.295836,0.0
-50.0,50,1224.785573,0.0
-50.0,50,1225.299556,0.0
-50.0,50,1225.792557,0.0
-50.0,50,1226.29501,0.0
-50.0,50,1226.786177,0.0
-50.0,50,1227.294274,0.0
-50.0,50,1227.782873,0.0
-50.0,50,1228.270391,0.0
-50.0,50,1228.765283,0.0
-50.0,50,1229.264968,0.0
-50.0,50,1229.75486,0.0
-50.0,50,1230.242461,0.0
-50.0,50,1230.731767,0.0
-50.0,50,1231.245298,0.0
-50.0,50,1231.736225,0.0
0.0,50,1232.23377,1.0
-50.0,50,1232.722423,0.0
-50.0,50,1233.232675,0.0
-50.0,50,1233.724736,0.0
-50.0,50,1234.217381,0.0
-50.0,50,1234.708946,0.0
-50.0,50,1235.208323,0.0
-50.0,50,1235.702721,0.0
-50.0,50,1236.207073,0.0
-50.0,50,1236.704159,0.0
-50.0,50,1237.205346,0.0
-50.0,50,1237.694333,0.0
-50.0,50,1238.185143,0.0
-50.0,50,1238.684128,0.0
-50.0,50,1239.186569,0.0
-50.0,50,1239.675545,0.0
-50.0,50,1240.164848,0.0
-50.0,50,1240.660409,0.0
-50.0,50,1241.173806,0.0
-50.0,50,1241.665059,0.0
-50.0,50,1242.166752,0.0
-50.0,50,1242.65433,0.0
-50.0,50,1243.153923,0.0
-50.0,50,1243.656035,0.0
-50.0,50,1244.148247,0.0
-50.0,50,1244.651376,0.0
-50.0,50,1245.160523,0.0
-50.0,50,1245.647932,0.0
-50.0,50,1246.1504,0.0
-50.0,50,1246.644251,0.0
-50.0,50,1247.147092,0.0
-50.0,50,1247.640097,0.0
-50.0,50,1248.130268,0.0
-50.0,50,1248.624505,0.0
-50.0,50,1249.126358,0.0
-50.0,50,1249.625342,0.0
-50.0,50,1250.118083,0.0
-50.0,50,1250.61186,0.0
-50.0,50,1251.126822,0.0
-50.0,50,1251.627707,0.0
-50.0,50,1252.119722,0.0
-50.0,50,1252.611051,0.0
-50.0,50,1253.114596,0.0
-50.0,50,1253.611669,0.0
-50.0,50,1254.104916,0.0
-50.0,50,1254.604294,0.0
-50.0,50,1255.112446,0.0
-50.0,50,1255.603007,0.0
-50.0,50,1256.091724,0.0
-50.0,50,1256.584682,0.0
-50.0,50,1257.088941,0.0
-50.0,50,1257.588901,0.0
-50.0,50,1258.088467,0.0
-50.0,50,1258.584075,0.0
-50.0,50,1259.090276,0.0
-50.0,50,1259.585059,0.0
-50.0,50,1260.08681,0.0
0.0,50,1260.584867,1.0
-50.0,50,1261.089731,0.0
-50.0,50,1261.585765,0.0
-50.0,50,1262.081573,0.0
0.0,50,1262.579195,1.0
-50.0,50,1263.09258,0.0
-50.0,50,1263.596404,0.0
0.0,50,1264.098517,1.0
0.0,50,1264.592732,1.0
-50.0,50,1265.105564,0.0
-50.0,50,1265.594033,0.0
-50.0,50,1266.08611,0.0
-50.0,50,1266.575346,0.0
-50.0,50,1267.086014,0.0
-50.0,50,1267.576887,0.0
-50.0,50,1268.069781,0.0
-50.0,50,1268.567433,0.0
-50.0,50,1269.07915,0.0
-50.0,50,1269.579311,0.0
-50.0,50,1270.0746,0.0
-50.0,50,1270.577693,0.0
-50.0,50,1271.086197,0.0
-50.0,50,1271.587176,0.0
-50.0,50,1272.085842,0.0
-50.0,50,1272.57769,0.0
-50.0,50,1273.078469,0.0
-50.0,50,1273.576066,0.0
-50.0,50,1274.062526,0.0
-50.0,50,1274.556154,0.0
-50.0,50,1275.072523,0.0
0.0,50,1275.562277,1.0
-50.0,50,1276.071203,0.0
-50.0,50,1276.559836,0.0
-50.0,50,1277.06894,0.0
-50.0,50,1277.569207,0.0
-50.0,50,1278.068364,0.0
-50.0,50,1278.554971,0.0
-50.0,50,1279.067756,0.0
-50.0,50,1279.559,0.0
-50.0,50,1280.060099,0.0
-50.0,50,1280.554653,0.0
-50.0,50,1281.067529,0.0
0.0,50,1281.567772,1.0
-50.0,50,1282.072366,0.0
-50.0,50,1282.566236,0.0
-50.0,50,1283.077457,0.0
-50.0,50,1283.585402,0.0
-50.0,50,1284.077908,0.0
-50.0,50,1284.580138,0.0
0.0,50,1285.08684,1.0
-50.0,50,1285.591631,0.0
-50.0,50,1286.089047,0.0
-50.0,50,1286.583521,0.0
-50.0,50,1287.09954,0.0
-50.0,50,1287.592525,0.0
-50.0,50,1288.088104,0.0
-50.0,50,1288.590307,0.0
-50.0,50,1289.095636,0.0
-50.0,50,1289.594536,0.0
-50.0,50,1290.095436,0.0
-50.0,50,1290.586643,0.0
-50.0,50,1291.099156,0.0
-50.0,50,1291.589692,0.0
-50.0,50,1292.088975,0.0
-50.0,50,1292.589869,0.0
-50.0,50,1293.102091,0.0
-50.0,50,1293.591612,0.0
-50.0,50,1294.090924,0.0
-50.0,50,1294.581362,0.0
-50.0,50,1295.084376,0.0
-50.0,50,1295.583476,0.0
-50.0,50,1296.085954,0.0
-50.0,50,1296.57756,0.0
-50.0,50,1297.089403,0.0
-50.0,50,1297.582827,0.0
0.0,50,1298.079929,1.0
0.0,50,1298.581959,1.0
-50.0,50,1299.088408,0.0
-50.0,50,1299.589853,0.0
-50.0,50,1300.085289,0.0
-50.0,50,1300.576822,0.0
-50.0,50,1301.093098,0.0
-50.0,50,1301.596118,0.0
-50.0,50,1302.089859,0.0
-50.0,50,1302.591508,0.0
-50.0,50,1303.099846,0.0
-50.0,50,1303.601115,0.0
-50.0,50,1304.091718,0.0
-50.0,50,1304.592069,0.0
-50.0,50,1305.095108,0.0
-50.0,50,1305.593131,0.0
-50.0,50,1306.094521,0.0
-50.0,50,1306.596149,0.0
-50.0,50,1307.103496,0.0
-50.0,50,1307.593487,0.0
-50.0,50,1308.091969,0.0
-50.0,50,1308.594605,0.0
-50.0,50,1309.107679,0.0
-50.0,50,1309.600862,0.0
-50.0,50,1310.087849,0.0
-50.0,50,1310.581059,0.0
-50.0,50,1311.082294,0.0
-50.0,50,1311.586058,0.0
-50.0,50,1312.08854,0.0
-50.0,50,1312.590389,0.0
-50.0,50,1313.10134,0.0
-50.0,50,1313.592617,0.0
-50.0,50,1314.0913,0.0
-50.0,50,1314.581969,0.0
-50.0,50,1317.375927,0.0
-50.0,50,1317.874441,0.0
-50.0,50,1318.368825,0.0
-50.0,50,1318.872497,0.0
-50.0,50,1319.381019,0.0
-50.0,50,1319.875034,0.0
-50.0,50,1320.371297,0.0
-50.0,50,1320.870336,0.0
-50.0,50,1321.38769,0.0
0.0,50,1321.895104,1.0
-50.0,50,1322.406151,0.0
-50.0,50,1322.916403,0.0
-50.0,50,1323.429751,0.0
-50.0,50,1323.940294,0.0
-50.0,50,1324.446835,0.0
-50.0,50,1324.947162,0.0
-50.0,50,1325.456953,0.0
-50.0,50,1325.965422,0.0
0.0,50,1326.482023,1.0
-50.0,50,1326.991322,0.0
0.0,50,1327.499679,1.0
-50.0,50,1327.99367,0.0
-50.0,50,1328.49157,0.0
-50.0,50,1328.990639,0.0
-50.0,50,1329.496155,0.0
-50.0,50,1329.986973,0.0
-50.0,50,1330.477454,0.0
-50.0,50,1330.97531,0.0
-50.0,50,1331.483255,0.0
-50.0,50,1331.983066,0.0
-50.0,50,1332.475254,0.0
-50.0,50,1332.976325,0.0
-50.0,50,1333.488642,0.0
-50.0,50,1333.982244,0.0
-50.0,50,1334.478283,0.0
-50.0,50,1334.969926,0.0
-50.0,50,1335.47535,0.0
-50.0,50,1335.977695,0.0
-50.0,50,1336.47505,0.0
-50.0,50,1336.97656,0.0
-50.0,50,1337.489148,0.0
-50.0,50,1337.988883,0.0
-50.0,50,1338.48759,0.0
-50.0,50,1338.991571,0.0
-50.0,50,1339.517282,0.0
-50.0,50,1340.015985,0.0
-50.0,50,1340.511334,0.0
-50.0,50,1341.0132,0.0
-50.0,50,1341.527656,0.0
-50.0,50,1342.016901,0.0
-50.0,50,1342.517571,0.0
-50.0,50,1343.005894,0.0
-50.0,50,1343.507207,0.0
-50.0,50,1344.007295,0.0
-50.0,50,1344.496672,0.0
-50.0,50,1344.987404,0.0
-50.0,50,1345.48932,0.0
-50.0,50,1345.983463,0.0
-50.0,50,1346.482213,0.0
-50.0,50,1346.97097,0.0
-50.0,50,1347.478005,0.0
-50.0,50,1347.967188,0.0
0.0,50,1348.454452,1.0
-50.0,50,1348.95359,0.0
-50.0,50,1349.46596,0.0
-50.0,50,1349.971457,0.0
-50.0,50,1350.467996,0.0
-50.0,50,1350.957444,0.0
0.0,50,1351.467045,1.0
-50.0,50,1351.968481,0.0
-50.0,50,1352.457641,0.0
-50.0,50,1352.945487,0.0
-50.0,50,1353.450594,0.0
-50.0,50,1353.940727,0.0
-50.0,50,1354.438285,0.0
-50.0,50,1354.931257,0.0
-50.0,50,1355.434864,0.0
-50.0,50,1355.934184,0.0
-50.0,50,1356.43531,0.0
-50.0,50,1356.935115,0.0
-50.0,50,1357.443334,0.0
-50.0,50,1357.940226,0.0
-50.0,50,1358.439849,0.0
0.0,50,1358.931285,1.0
-50.0,50,1359.440294,0.0
-50.0,50,1359.934339,0.0
-50.0,50,1360.424863,0.0
-50.0,50,1360.944927,0.0
-50.0,50,1361.46054,0.0
-50.0,50,1361.959896,0.0
-50.0,50,1362.457872,0.0
-50.0,50,1362.954664,0.0
-50.0,50,1363.460138,0.0
-50.0,50,1363.960334,0.0
-50.0,50,1364.459052,0.0
-50.0,50,1364.955541,0.0
0.0,50,1365.454681,1.0
-50.0,50,1365.944069,0.0
-50.0,50,1366.445446,0.0
-50.0,50,1366.932045,0.0
-50.0,50,1367.431321,0.0
-50.0,50,1367.918551,0.0
-50.0,50,1368.416179,0.0
-50.0,50,1368.912056,0.0
0.0,50,1369.415349,1.0
-50.0,50,1369.903514,0.0
-50.0,50,1370.392872,0.0
-50.0,50,1370.888552,0.0
0.0,50,1371.400326,1.0
-50.0,50,1371.896445,0.0
-50.0,50,1372.390813,0.0
-50.0,50,1372.882156,0.0
-50.0,50,1373.394201,0.0
-50.0,50,1373.886201,0.0
-50.0,50,1374.380538,0.0
-50.0,50,1374.871983,0.0
-50.0,50,1375.382018,0.0
-50.0,50,1375.873726,0.0
-50.0,50,1376.366262,0.0
-50.0,50,1376.852836,0.0
-50.0,50,1377.364516,0.0
-50.0,50,1377.853198,0.0
-50.0,50,1378.342814,0.0
-50.0,50,1378.832232,0.0
-50.0,50,1379.334677,0.0
-50.0,50,1379.835016,0.0
-50.0,50,1380.323653,0.0
-50.0,50,1380.821507,0.0
-50.0,50,1381.335432,0.0
-50.0,50,1381.832155,0.0
-50.0,50,1382.328204,0.0
-50.0,50,1382.820274,0.0
-50.0,50,1383.327471,0.0
-50.0,50,1383.826388,0.0
-50.0,50,1384.324425,0.0
-50.0,50,1384.818323,0.0
-50.0,50,1385.330772,0.0
-50.0,50,1385.818491,0.0
-50.0,50,1386.308387,0.0
-50.0,50,1386.807511,0.0
-50.0,50,1387.314327,0.0
-50.0,50,1387.806962,0.0
-50.0,50,1388.297128,0.0
-50.0,50,1388.791418,0.0
-50.0,50,1389.308813,0.0
-50.0,50,1389.809455,0.0
-50.0,50,1390.301408,0.0
-50.0,50,1390.791137,0.0
-50.0,50,1391.291291,0.0
-50.0,50,1391.785369,0.0
-50.0,50,1392.279484,0.0
-50.0,50,1392.768869,0.0
-50.0,50,1393.274377,0.0
-50.0,50,1393.769506,0.0
-50.0,50,1394.268934,0.0
-50.0,50,1394.762013,0.0
-50.0,50,1395.266594,0.0
-50.0,50,1395.750287,0.0
-50.0,50,1396.238598,0.0
-50.0,50,1396.730355,0.0
-50.0,50,1397.249398,0.0
-50.0,50,1397.73412,0.0
-50.0,50,1398.225842,0.0
-50.0,50,1398.720564,0.0
-50.0,50,1399.240192,0.0
-50.0,50,1399.73895,0.0
-50.0,50,1400.232769,0.0
-50.0,50,1400.726542,0.0
-50.0,50,1401.234368,0.0
-50.0,50,1401.725505,0.0
-50.0,50,1402.22063,0.0
-50.0,50,1402.70934,0.0
-50.0,50,1403.211342,0.0
0.0,50,1403.699597,1.0
-50.0,50,1404.191799,0.0
-50.0,50,1404.685597,0.0
-50.0,50,1405.194402,0.0
-50.0,50,1405.67694,0.0
-50.0,50,1406.174974,0.0
-50.0,50,1406.661483,0.0
-50.0,50,1407.169648,0.0
-50.0,50,1407.663755,0.0
-50.0,50,1408.157541,0.0
-50.0,50,1408.654329,0.0
-50.0,50,1409.156132,0.0
-50.0,50,1409.640725,0.0
-50.0,50,1410.134567,0.0
-50.0,50,1410.618951,0.0
-50.0,50,1411.129529,0.0
0.0,50,1411.628587,1.0
-50.0,50,1412.120705,0.0
0.0,50,1412.614312,1.0
-50.0,50,1413.109872,0.0
-50.0,50,1413.590241,0.0
-50.0,50,1414.08614,0.0
-50.0,50,1414.572183,0.0
-50.0,50,1415.073822,0.0
-50.0,50,1415.571146,0.0
-50.0,50,1416.052701,0.0
-50.0,50,1416.540452,0.0
-50.0,50,1419.339943,0.0
-50.0,50,1419.835801,0.0
-50.0,50,1420.320243,0.0
-50.0,50,1420.816267,0.0
-50.0,50,1421.30845,0.0
-50.0,50,1421.797414,0.0
-50.0,50,1422.289786,0.0
0.0,50,1422.782524,1.0
-50.0,50,1423.272333,0.0
-50.0,50,1423.766593,0.0
-50.0,50,1424.245573,0.0
-50.0,50,1424.733542,0.0
-50.0,50,1425.226598,0.0
-50.0,50,1425.717176,0.0
-50.0,50,1426.21258,0.0
-50.0,50,1426.711719,0.0
0.0,50,1427.216689,1.0
-50.0,50,1427.711565,0.0
-50.0,50,1428.200336,0.0
-50.0,50,1428.699658,0.0
-50.0,50,1429.206236,0.0
-50.0,50,1429.703887,0.0
-50.0,50,1430.188953,0.0
-50.0,50,1430.677374,0.0
-50.0,50,1431.180553,0.0
-50.0,50,1431.671436,0.0
-50.0,50,1432.168898,0.0
-50.0,50,1432.650293,0.0
0.0,50,1433.139614,1.0
-50.0,50,1433.629867,0.0
-50.0,50,1434.117551,0.0
-50.0,50,1434.59875,0.0
-50.0,50,1435.091278,0.0
-50.0,50,1435.572654,0.0
-50.0,50,1436.053892,0.0
-50.0,50,1436.546482,0.0
-50.0,50,1437.041849,0.0
-50.0,50,1437.534518,0.0
-50.0,50,1438.01712,0.0
-50.0,50,1438.513339,0.0
-50.0,50,1439.011194,0.0
-50.0,50,1439.50978,0.0
-50.0,50,1439.999561,0.0
-50.0,50,1440.490512,0.0
-50.0,50,1440.988504,0.0
-50.0,50,1441.485184,0.0
-50.0,50,1441.987589,0.0
-50.0,50,1442.488786,0.0
-50.0,50,1442.996668,0.0
-50.0,50,1443.499419,0.0
-50.0,50,1443.988883,0.0
0.0,50,1444.486383,1.0
0.0,50,1445.008415,1.0
-50.0,50,1445.506032,0.0
0.0,50,1446.02264,1.0
-50.0,50,1446.522616,0.0
-50.0,50,1447.019887,0.0
-50.0,50,1447.517556,0.0
0.0,50,1448.017565,1.0
-50.0,50,1448.503182,0.0
-50.0,50,1448.99807,0.0
-50.0,50,1449.497427,0.0
-50.0,50,1449.993572,0.0
-50.0,50,1450.481534,0.0
-50.0,50,1450.997437,0.0
-50.0,50,1451.494613,0.0
-50.0,50,1451.993958,0.0
-50.0,50,1452.494896,0.0
-50.0,50,1452.997158,0.0
-50.0,50,1453.491236,0.0
-50.0,50,1453.978218,0.0
-50.0,50,1454.468843,0.0
0.0,50,1454.963898,1.0
-50.0,50,1455.457743,0.0
-50.0,50,1455.949863,0.0
-50.0,50,1456.445718,0.0
-50.0,50,1456.954353,0.0
0.0,50,1457.44741,1.0
-50.0,50,1457.940317,0.0
-50.0,50,1458.429337,0.0
-50.0,50,1458.939621,0.0
-50.0,50,1459.430184,0.0
-50.0,50,1459.926304,0.0
-50.0,50,1460.416336,0.0
-50.0,50,1460.913521,0.0
-50.0,50,1461.414777,0.0
-50.0,50,1461.918342,0.0
-50.0,50,1462.417283,0.0
-50.0,50,1462.937137,0.0
-50.0,50,1463.445843,0.0
0.0,50,1463.943707,1.0
-50.0,50,1464.44809,0.0
0.0,50,1464.956388,1.0
-50.0,50,1465.461062,0.0
-50.0,50,1465.97055,0.0
-50.0,50,1466.484116,0.0
-50.0,50,1467.004062,0.0
-50.0,50,1467.514532,0.0
-50.0,50,1468.01115,0.0
-50.0,50,1468.523052,0.0
-50.0,50,1469.034043,0.0
-50.0,50,1469.545081,0.0
-50.0,50,1470.04541,0.0
-50.0,50,1470.554482,0.0
-50.0,50,1471.070153,0.0
-50.0,50,1471.572308,0.0
-50.0,50,1472.074268,0.0
-50.0,50,1472.581468,0.0
-50.0,50,1473.093523,0.0
-50.0,50,1473.600277,0.0
-50.0,50,1474.097201,0.0
-50.0,50,1474.603273,0.0
-50.0,50,1475.122547,0.0
-50.0,50,1475.632989,0.0
-50.0,50,1476.137471,0.0
-50.0,50,1476.643898,0.0
-50.0,50,1477.154451,0.0
-50.0,50,1477.664959,0.0
-50.0,50,1478.167932,0.0
-50.0,50,1478.674806,0.0
0.0,50,1479.18903,1.0
-50.0,50,1479.70327,0.0
-50.0,50,1480.211029,0.0
-50.0,50,1480.714485,0.0
-50.0,50,1481.231578,0.0
-50.0,50,1481.729967,0.0
-50.0,50,1482.22152,0.0
-50.0,50,1482.724432,0.0
-50.0,50,1483.229572,0.0
-50.0,50,1483.723742,0.0
-50.0,50,1484.210377,0.0
-50.0,50,1484.70059,0.0
-50.0,50,1485.194878,0.0
-50.0,50,1485.682985,0.0
-50.0,50,1486.183039,0.0
-50.0,50,1486.681669,0.0
-50.0,50,1487.179669,0.0
-50.0,50,1487.66747,0.0
-50.0,50,1488.154753,0.0
-50.0,50,1488.654715,0.0
0.0,50,1489.159687,1.0
-50.0,50,1489.655154,0.0
-50.0,50,1490.142094,0.0
-50.0,50,1490.641033,0.0
-50.0,50,1491.146557,0.0
-50.0,50,1491.647959,0.0
-50.0,50,1492.142401,0.0
-50.0,50,1492.639647,0.0
-50.0,50,1493.139443,0.0
-50.0,50,1493.628328,0.0
-50.0,50,1494.12256,0.0
-50.0,50,1494.619711,0.0
-50.0,50,1495.127175,0.0
-50.0,50,1495.616643,0.0
-50.0,50,1496.117785,0.0
-50.0,50,1496.610629,0.0
-50.0,50,1497.109056,0.0
-50.0,50,1497.601506,0.0
-50.0,50,1498.088052,0.0
0.0,50,1498.590978,1.0
-50.0,50,1499.117829,0.0
-50.0,50,1499.626084,0.0
-50.0,50,1500.131432,0.0
-50.0,50,1500.639824,0.0
-50.0,50,1501.157968,0.0
-50.0,50,1501.655754,0.0
-50.0,50,1502.151994,0.0
-50.0,50,1502.65084,0.0
-50.0,50,1503.15899,0.0
-50.0,50,1503.660908,0.0
-50.0,50,1504.155541,0.0
-50.0,50,1504.650691,0.0
-50.0,50,1505.157753,0.0
-50.0,50,1505.657657,0.0
-50.0,50,1506.157367,0.0
-50.0,50,1506.653912,0.0
-50.0,50,1507.160664,0.0
-50.0,50,1507.654118,0.0
-50.0,50,1508.158295,0.0
-50.0,50,1508.657658,0.0
-50.0,50,1509.165996,0.0
-50.0,50,1509.662819,0.0
-50.0,50,1510.16284,0.0
-50.0,50,1510.652517,0.0
-50.0,50,1511.158535,0.0
-50.0,50,1511.646274,0.0
-50.0,50,1512.133881,0.0
-50.0,50,1512.622667,0.0
-50.0,50,1513.121558,0.0
-50.0,50,1513.611376,0.0
-50.0,50,1514.108503,0.0
-50.0,50,1514.599554,0.0
-50.0,50,1515.105981,0.0
-50.0,50,1515.599963,0.0
0.0,50,1516.086605,1.0
-50.0,50,1516.583073,0.0
-50.0,50,1517.094727,0.0
-50.0,50,1517.58857,0.0
-50.0,50,1518.084913,0.0
-50.0,50,1518.579882,0.0
-50.0,50,1521.381545,0.0
-50.0,50,1521.872166,0.0
-50.0,50,1522.36882,0.0
-50.0,50,1522.867825,0.0
-50.0,50,1523.366776,0.0
-50.0,50,1523.851592,0.0
-50.0,50,1524.340266,0.0
-50.0,50,1524.828462,0.0
0.0,50,1525.331415,1.0
-50.0,50,1525.826266,0.0
-50.0,50,1526.316376,0.0
-50.0,50,1526.815516,0.0
-50.0,50,1527.311796,0.0
-50.0,50,1527.808899,0.0
0.0,50,1528.296782,1.0
-50.0,50,1528.793915,0.0
-50.0,50,1529.325429,0.0
-50.0,50,1529.817287,0.0
-50.0,50,1530.312932,0.0
-50.0,50,1530.812256,0.0
-50.0,50,1531.322363,0.0
-50.0,50,1531.814814,0.0
-50.0,50,1532.313244,0.0
-50.0,50,1532.811122,0.0
-50.0,50,1533.31246,0.0
-50.0,50,1533.81473,0.0
-50.0,50,1534.323764,0.0
-50.0,50,1534.82098,0.0
-50.0,50,1535.324457,0.0
-50.0,50,1535.831292,0.0
-50.0,50,1536.321613,0.0
-50.0,50,1536.82399,0.0
-50.0,50,1537.331978,0.0
-50.0,50,1537.82105,0.0
-50.0,50,1538.316717,0.0
-50.0,50,1538.809676,0.0
-50.0,50,1539.324521,0.0
-50.0,50,1539.825388,0.0
-50.0,50,1540.317691,0.0
-50.0,50,1540.812701,0.0
-50.0,50,1541.325994,0.0
-50.0,50,1541.821491,0.0
-50.0,50,1542.320135,0.0
-50.0,50,1542.821126,0.0
-50.0,50,1543.322761,0.0
-50.0,50,1543.822729,0.0
-50.0,50,1544.314855,0.0
-50.0,50,1544.817083,0.0
-50.0,50,1545.320462,0.0
-50.0,50,1545.810157,0.0
-50.0,50,1546.301826,0.0
-50.0,50,1546.793339,0.0
-50.0,50,1547.305053,0.0
-50.0,50,1547.799784,0.0
-50.0,50,1548.301258,0.0
-50.0,50,1548.801153,0.0
-50.0,50,1549.314274,0.0
-50.0,50,1549.806923,0.0
-50.0,50,1550.313076,0.0
-50.0,50,1550.806205,0.0
-50.0,50,1551.321316,0.0
-50.0,50,1551.813993,0.0
-50.0,50,1552.30583,0.0
-50.0,50,1552.807086,0.0
-50.0,50,1553.317182,0.0
-50.0,50,1553.81485,0.0
-50.0,50,1554.308599,0.0
-50.0,50,1554.805966,0.0
-50.0,50,1555.303124,0.0
-50.0,50,1555.794812,0.0
-50.0,50,1556.297091,0.0
-50.0,50,1556.799368,0.0
-50.0,50,1557.30059,0.0
-50.0,50,1557.790582,0.0
-50.0,50,1558.286493,0.0
-50.0,50,1558.786114,0.0
-50.0,50,1559.289914,0.0
-50.0,50,1559.784203,0.0
-50.0,50,1560.283176,0.0
-50.0,50,1560.785279,0.0
-50.0,50,1561.311237,0.0
-50.0,50,1561.817235,0.0
-50.0,50,1562.324427,0.0
-50.0,50,1562.828379,0.0
-50.0,50,1563.346553,0.0
-50.0,50,1563.853293,0.0
-50.0,50,1564.351425,0.0
-50.0,50,1564.86083,0.0
-50.0,50,1565.369579,0.0
-50.0,50,1565.88106,0.0
-50.0,50,1566.392401,0.0
0.0,50,1566.889696,1.0
-50.0,50,1567.406074,0.0
-50.0,50,1567.911935,0.0
-50.0,50,1568.419905,0.0
-50.0,50,1568.929498,0.0
-50.0,50,1569.46047,0.0
-50.0,50,1569.965778,0.0
-50.0,50,1570.470191,0.0
0.0,50,1570.970352,1.0
-50.0,50,1571.483196,0.0
-50.0,50,1571.989265,0.0
-50.0,50,1572.496258,0.0
-50.0,50,1572.9993,0.0
-50.0,50,1573.507117,0.0
-50.0,50,1574.015548,0.0
-50.0,50,1574.528236,0.0
-50.0,50,1575.038022,0.0
-50.0,50,1575.550684,0.0
-50.0,50,1576.052715,0.0
-50.0,50,1576.552797,0.0
-50.0,50,1577.043837,0.0
-50.0,50,1577.543872,0.0
-50.0,50,1578.035285,0.0
-50.0,50,1578.526608,0.0
-50.0,50,1579.021036,0.0
-50.0,50,1579.525735,0.0
-50.0,50,1580.018915,0.0
-50.0,50,1580.523086,0.0
-50.0,50,1581.016198,0.0
-50.0,50,1581.533498,0.0
-50.0,50,1582.033293,0.0
-50.0,50,1582.539019,0.0
-50.0,50,1583.030404,0.0
-50.0,50,1583.536194,0.0
-50.0,50,1584.033013,0.0
-50.0,50,1584.52221,0.0
-50.0,50,1585.021179,0.0
-50.0,50,1585.525077,0.0
-50.0,50,1586.015085,0.0
-50.0,50,1586.50567,0.0
-50.0,50,1586.994961,0.0
0.0,50,1587.508642,1.0
-50.0,50,1588.003094,0.0
-50.0,50,1588.499438,0.0
-50.0,50,1588.989797,0.0
-50.0,50,1589.499137,0.0
-50.0,50,1589.992398,0.0
-50.0,50,1590.492393,0.0
-50.0,50,1590.981114,0.0
-50.0,50,1591.483783,0.0
-50.0,50,1591.983932,0.0
-50.0,50,1592.473976,0.0
-50.0,50,1592.973188,0.0
-50.0,50,1593.476745,0.0
-50.0,50,1593.98263,0.0
-50.0,50,1594.479069,0.0
0.0,50,1594.966088,1.0
-50.0,50,1595.475282,0.0
-50.0,50,1595.977192,0.0
-50.0,50,1596.474971,0.0
-50.0,50,1596.965977,0.0
-50.0,50,1597.46559,0.0
-50.0,50,1597.966227,0.0
0.0,50,1598.455481,1.0
-50.0,50,1598.948994,0.0
-50.0,50,1599.45707,0.0
-50.0,50,1599.945068,0.0
-50.0,50,1600.436155,0.0
0.0,50,1600.935054,1.0
-50.0,50,1601.442322,0.0
-50.0,50,1601.945145,0.0
-50.0,50,1602.447457,0.0
-50.0,50,1602.937949,0.0
-50.0,50,1603.446124,0.0
-50.0,50,1603.946413,0.0
0.0,50,1604.438315,1.0
-50.0,50,1604.932395,0.0
-50.0,50,1605.439939,0.0
-50.0,50,1605.92716,0.0
-50.0,50,1606.425132,0.0
-50.0,50,1606.914531,0.0
-50.0,50,1607.419666,0.0
-50.0,50,1607.922583,0.0
-50.0,50,1608.422308,0.0
-50.0,50,1608.916072,0.0
0.0,50,1609.426996,1.0
-50.0,50,1609.921912,0.0
-50.0,50,1610.421364,0.0
-50.0,50,1610.918243,0.0
0.0,50,1611.452623,1.0
-50.0,50,1611.944942,0.0
-50.0,50,1612.440749,0.0
-50.0,50,1612.938078,0.0
-50.0,50,1613.446066,0.0
-50.0,50,1613.941132,0.0
-50.0,50,1614.439284,0.0
-50.0,50,1614.932889,0.0
-50.0,50,1615.435274,0.0
-50.0,50,1615.930975,0.0
-50.0,50,1616.430509,0.0
-50.0,50,1616.924506,0.0
-50.0,50,1617.435382,0.0
-50.0,50,1617.924931,0.0
0.0,50,1618.415202,1.0
-50.0,50,1618.907899,0.0
-50.0,50,1619.414572,0.0
-50.0,50,1619.909031,0.0
-50.0,50,1620.402186,0.0
0.0,50,1620.89947,1.0
-50.0,50,1623.661965,0.0
-50.0,50,1624.161178,0.0
-50.0,50,1624.657913,0.0
-50.0,50,1625.146198,0.0
-50.0,50,1625.647425,0.0
-50.0,50,1626.144277,0.0
-50.0,50,1626.646213,0.0
-50.0,50,1627.143885,0.0
-50.0,50,1627.645947,0.0
-50.0,50,1628.145234,0.0
-50.0,50,1628.637098,0.0
-50.0,50,1629.127093,0.0
-50.0,50,1629.642339,0.0
-50.0,50,1630.144469,0.0
-50.0,50,1630.634544,0.0
-50.0,50,1631.135736,0.0
-50.0,50,1631.640872,0.0
-50.0,50,1632.133019,0.0
-50.0,50,1632.62605,0.0
-50.0,50,1633.126509,0.0
-50.0,50,1633.632191,0.0
-50.0,50,1634.133227,0.0
-50.0,50,1634.633196,0.0
-50.0,50,1635.133665,0.0
-50.0,50,1635.642531,0.0
-50.0,50,1636.143773,0.0
-50.0,50,1636.648869,0.0
-50.0,50,1637.151898,0.0
-50.0,50,1637.66279,0.0
0.0,50,1638.177938,1.0
-50.0,50,1638.680099,0.0
-50.0,50,1639.175397,0.0
-50.0,50,1639.687605,0.0
-50.0,50,1640.181905,0.0
-50.0,50,1640.681467,0.0
-50.0,50,1641.178871,0.0
-50.0,50,1641.690344,0.0
-50.0,50,1642.191037,0.0
-50.0,50,1642.6896,0.0
-50.0,50,1643.18719,0.0
-50.0,50,1643.702406,0.0
-50.0,50,1644.199188,0.0
-50.0,50,1644.704411,0.0
-50.0,50,1645.205168,0.0
-50.0,50,1645.713116,0.0
-50.0,50,1646.211515,0.0
-50.0,50,1646.71589,0.0
-50.0,50,1647.213404,0.0
-50.0,50,1647.725555,0.0
0.0,50,1648.227669,1.0
-50.0,50,1648.731503,0.0
-50.0,50,1649.228195,0.0
-50.0,50,1649.744821,0.0
-50.0,50,1650.242213,0.0
-50.0,50,1650.743658,0.0
-50.0,50,1651.247911,0.0
-50.0,50,1651.762853,0.0
-50.0,50,1652.263672,0.0
-50.0,50,1652.763293,0.0
-50.0,50,1653.266731,0.0
-50.0,50,1653.777989,0.0
-50.0,50,1654.273783,0.0
-50.0,50,1654.76639,0.0
-50.0,50,1655.260654,0.0
-50.0,50,1655.76715,0.0
-50.0,50,1656.263122,0.0
-50.0,50,1656.750021,0.0
-50.0,50,1657.24933,0.0
-50.0,50,1657.752905,0.0
-50.0,50,1658.254849,0.0
-50.0,50,1658.742975,0.0
-50.0,50,1659.244358,0.0
-50.0,50,1659.753109,0.0
-50.0,50,1660.241825,0.0
-50.0,50,1660.7376,0.0
0.0,50,1661.225914,1.0
-50.0,50,1661.732525,0.0
-50.0,50,1662.231463,0.0
-50.0,50,1662.723212,0.0
-50.0,50,1663.211254,0.0
-50.0,50,1663.716353,0.0
-50.0,50,1664.2153,0.0
-50.0,50,1664.716586,0.0
-50.0,50,1665.218182,0.0
-50.0,50,1665.732804,0.0
-50.0,50,1666.233548,0.0
-50.0,50,1666.735346,0.0
-50.0,50,1667.235401,0.0
0.0,50,1667.741137,1.0
-50.0,50,1668.238905,0.0
-50.0,50,1668.736443,0.0
-50.0,50,1669.238455,0.0
-50.0,50,1669.746298,0.0
-50.0,50,1670.245855,0.0
-50.0,50,1670.73666,0.0
-50.0,50,1671.240835,0.0
-50.0,50,1671.747241,0.0
-50.0,50,1672.248275,0.0
-50.0,50,1672.744362,0.0
-50.0,50,1673.251916,0.0
-50.0,50,1673.759302,0.0
-50.0,50,1674.259346,0.0
-50.0,50,1674.760544,0.0
-50.0,50,1675.262372,0.0
-50.0,50,1675.771106,0.0
-50.0,50,1676.261461,0.0
-50.0,50,1676.754703,0.0
0.0,50,1677.255413,1.0
-50.0,50,1677.758078,0.0
-50.0,50,1678.262578,0.0
-50.0,50,1678.760415,0.0
-50.0,50,1679.254405,0.0
-50.0,50,1679.765205,0.0
-50.0,50,1680.269832,0.0
-50.0,50,1680.77175,0.0
-50.0,50,1681.266339,0.0
-50.0,50,1681.769502,0.0
-50.0,50,1682.270649,0.0
-50.0,50,1682.768946,0.0
0.0,50,1683.261076,1.0
0.0,50,1683.769643,1.0
0.0,50,1684.269951,1.0
-50.0,50,1684.76734,0.0
-50.0,50,1685.26343,0.0
-50.0,50,1685.775964,0.0
-50.0,50,1686.264938,0.0
-50.0,50,1686.756385,0.0
-50.0,50,1687.254041,0.0
-50.0,50,1687.761242,0.0
0.0,50,1688.250475,1.0
-50.0,50,1688.742195,0.0
-50.0,50,1689.233203,0.0
-50.0,50,1689.738391,0.0
-50.0,50,1690.244934,0.0
-50.0,50,1690.744326,0.0
-50.0,50,1691.242398,0.0
-50.0,50,1691.753869,0.0
-50.0,50,1692.254873,0.0
-50.0,50,1692.754528,0.0
-50.0,50,1693.252864,0.0
-50.0,50,1693.748466,0.0
-50.0,50,1694.24273,0.0
-50.0,50,1694.730111,0.0
-50.0,50,1695.221503,0.0
-50.0,50,1695.728505,0.0
-50.0,50,1696.215859,0.0
-50.0,50,1696.700398,0.0
-50.0,50,1697.197921,0.0
-50.0,50,1697.695294,0.0
-50.0,50,1698.193053,0.0
0.0,50,1698.676747,1.0
-50.0,50,1699.163677,0.0
-50.0,50,1699.669556,0.0
-50.0,50,1700.15745,0.0
-50.0,50,1700.651237,0.0
-50.0,50,1701.138027,0.0
-50.0,50,1701.642435,0.0
-50.0,50,1702.133359,0.0
-50.0,50,1702.633958,0.0
-50.0,50,1703.123444,0.0
-50.0,50,1703.625676,0.0
-50.0,50,1704.123938,0.0
-50.0,50,1704.611336,0.0
-50.0,50,1705.105196,0.0
-50.0,50,1705.609498,0.0
-50.0,50,1706.096636,0.0
-50.0,50,1706.583831,0.0
-50.0,50,1707.070295,0.0
-50.0,50,1707.568365,0.0
-50.0,50,1708.065924,0.0
-50.0,50,1708.555026,0.0
-50.0,50,1709.058663,0.0
-50.0,50,1709.565892,0.0
-50.0,50,1710.062118,0.0
-50.0,50,1710.552009,0.0
-50.0,50,1711.052685,0.0
-50.0,50,1711.554788,0.0
0.0,50,1712.043671,1.0
0.0,50,1712.532288,1.0
-50.0,50,1713.028342,0.0
-50.0,50,1713.53637,0.0
-50.0,50,1714.026964,0.0
-50.0,50,1714.516349,0.0
-50.0,50,1715.005316,0.0
0.0,50,1715.503887,1.0
-50.0,50,1715.992736,0.0
-50.0,50,1716.481338,0.0
-50.0,50,1716.974621,0.0
-50.0,50,1717.47597,0.0
-50.0,50,1717.972456,0.0
-50.0,50,1718.461403,0.0
-50.0,50,1718.94855,0.0
-50.0,50,1719.445941,0.0
-50.0,50,1719.937953,0.0
-50.0,50,1720.445792,0.0
-50.0,50,1720.936381,0.0
-50.0,50,1721.434775,0.0
0.0,50,1721.93494,1.0
-50.0,50,1722.434914,0.0
-50.0,50,1722.935015,0.0
-50.0,50,1725.767155,0.0
-50.0,50,1726.266798,0.0
-50.0,50,1726.770162,0.0
-50.0,50,1727.272826,0.0
-50.0,50,1727.781842,0.0
-50.0,50,1728.281644,0.0
-50.0,50,1728.783195,0.0
-50.0,50,1729.269388,0.0
-50.0,50,1729.767581,0.0
-50.0,50,1730.263963,0.0
0.0,50,1730.765886,1.0
-50.0,50,1731.266892,0.0
-50.0,50,1731.772254,0.0
-50.0,50,1732.2677,0.0
-50.0,50,1732.763586,0.0
-50.0,50,1733.253908,0.0
-50.0,50,1733.765684,0.0
-50.0,50,1734.264696,0.0
-50.0,50,1734.753484,0.0
-50.0,50,1735.241449,0.0
-50.0,50,1735.750833,0.0
-50.0,50,1736.250706,0.0
-50.0,50,1736.739345,0.0
0.0,50,1737.234795,1.0
-50.0,50,1737.741179,0.0
-50.0,50,1738.23939,0.0
-50.0,50,1738.738869,0.0
-50.0,50,1739.234567,0.0
-50.0,50,1739.752558,0.0
-50.0,50,1740.245673,0.0
-50.0,50,1740.745011,0.0
0.0,50,1741.242625,1.0
-50.0,50,1741.738112,0.0
-50.0,50,1742.232597,0.0
-50.0,50,1742.718356,0.0
-50.0,50,1743.217721,0.0
-50.0,50,1743.732892,0.0
-50.0,50,1744.223668,0.0
0.0,50,1744.719419,1.0
-50.0,50,1745.205795,0.0
-50.0,50,1745.70399,0.0
-50.0,50,1746.204074,0.0
-50.0,50,1746.702229,0.0
0.0,50,1747.199263,1.0
-50.0,50,1747.697063,0.0
-50.0,50,1748.185,0.0
-50.0,50,1748.672989,0.0
0.0,50,1749.164606,1.0
-50.0,50,1749.673358,0.0
-50.0,50,1750.17472,0.0
-50.0,50,1750.667805,0.0
-50.0,50,1751.157518,0.0
0.0,50,1751.6687,1.0
-50.0,50,1752.160964,0.0
-50.0,50,1752.658942,0.0
-50.0,50,1753.144731,0.0
-50.0,50,1753.642555,0.0
0.0,50,1754.138388,1.0
-50.0,50,1754.625069,0.0
-50.0,50,1755.119038,0.0
-50.0,50,1755.624844,0.0
-50.0,50,1756.113542,0.0
-50.0,50,1756.599845,0.0
-50.0,50,1757.099369,0.0
-50.0,50,1757.597945,0.0
-50.0,50,1758.094606,0.0
-50.0,50,1758.59079,0.0
-50.0,50,1759.083915,0.0
-50.0,50,1759.579928,0.0
-50.0,50,1760.069587,0.0
-50.0,50,1760.555832,0.0
-50.0,50,1761.050168,0.0
-50.0,50,1761.557928,0.0
-50.0,50,1762.06374,0.0
-50.0,50,1762.566615,0.0
-50.0,50,1763.074526,0.0
-50.0,50,1763.583178,0.0
-50.0,50,1764.08142,0.0
-50.0,50,1764.571368,0.0
-50.0,50,1765.072796,0.0
-50.0,50,1765.57882,0.0
-50.0,50,1766.08017,0.0
-50.0,50,1766.582234,0.0
-50.0,50,1767.08032,0.0
-50.0,50,1767.595123,0.0
-50.0,50,1768.09286,0.0
-50.0,50,1768.593671,0.0
-50.0,50,1769.092572,0.0
0.0,50,1769.624271,1.0
0.0,50,1770.114852,1.0
-50.0,50,1770.613807,0.0
-50.0,50,1771.116497,0.0
-50.0,50,1771.628004,0.0
-50.0,50,1772.129928,0.0
-50.0,50,1772.620753,0.0
-50.0,50,1773.113446,0.0
-50.0,50,1773.617796,0.0
-50.0,50,1774.10605,0.0
-50.0,50,1774.591042,0.0
-50.0,50,1775.086865,0.0
-50.0,50,1775.594836,0.0
0.0,50,1776.076848,1.0
-50.0,50,1776.579705,0.0
0.0,50,1777.095545,1.0
-50.0,50,1777.606681,0.0
-50.0,50,1778.112358,0.0
0.0,50,1778.621752,1.0
-50.0,50,1779.126821,0.0
-50.0,50,1779.640866,0.0
-50.0,50,1780.144045,0.0
-50.0,50,1780.642132,0.0
-50.0,50,1781.142228,0.0
-50.0,50,1781.642951,0.0
-50.0,50,1782.125905,0.0
-50.0,50,1782.618591,0.0
0.0,50,1783.113152,1.0
0.0,50,1783.614771,1.0
-50.0,50,1784.09751,0.0
-50.0,50,1784.588379,0.0
-50.0,50,1785.072258,0.0
-50.0,50,1785.576461,0.0
-50.0,50,1786.06257,0.0
-50.0,50,1786.559058,0.0
-50.0,50,1787.048464,0.0
-50.0,50,1787.574803,0.0
-50.0,50,1788.062326,0.0
0.0,50,1788.558229,1.0
-50.0,50,1789.06002,0.0
-50.0,50,1789.562944,0.0
-50.0,50,1790.060245,0.0
-50.0,50,1790.545796,0.0
-50.0,50,1791.043607,0.0
-50.0,50,1791.555027,0.0
-50.0,50,1792.050993,0.0
-50.0,50,1792.538864,0.0
-50.0,50,1793.032347,0.0
-50.0,50,1793.532874,0.0
0.0,50,1794.029878,1.0
-50.0,50,1794.525374,0.0
-50.0,50,1795.020077,0.0
-50.0,50,1795.531151,0.0
-50.0,50,1796.019685,0.0
-50.0,50,1796.509975,0.0
-50.0,50,1797.005286,0.0
-50.0,50,1797.505637,0.0
-50.0,50,1798.002469,0.0
-50.0,50,1798.495545,0.0
-50.0,50,1798.991517,0.0
-50.0,50,1799.492271,0.0
0.0,50,1799.994447,1.0
-50.0,50,1800.48557,0.0
-50.0,50,1800.995892,0.0
-50.0,50,1801.503578,0.0
-50.0,50,1801.994618,0.0
-50.0,50,1802.480548,0.0
-50.0,50,1802.965023,0.0
0.0,50,1803.469997,1.0
-50.0,50,1803.959253,0.0
0.0,50,1804.45928,1.0
-50.0,50,1804.956286,0.0
-50.0,50,1805.454865,0.0
0.0,50,1805.936935,1.0
-50.0,50,1806.441152,0.0
-50.0,50,1806.924975,0.0
-50.0,50,1807.430231,0.0
-50.0,50,1807.923203,0.0
0.0,50,1808.420973,1.0
-50.0,50,1808.928236,0.0
-50.0,50,1809.440055,0.0
-50.0,50,1809.941827,0.0
-50.0,50,1810.441869,0.0
-50.0,50,1810.94478,0.0
0.0,50,1811.448466,1.0
-50.0,50,1811.951852,0.0
-50.0,50,1812.448761,0.0
-50.0,50,1812.949135,0.0
0.0,50,1813.456634,1.0
-50.0,50,1813.950814,0.0
-50.0,50,1814.451366,0.0
-50.0,50,1814.953982,0.0
-50.0,50,1815.466145,0.0
-50.0,50,1815.963977,0.0
-50.0,50,1816.470579,0.0
-50.0,50,1816.974064,0.0
-50.0,50,1817.484282,0.0
-50.0,50,1817.977977,0.0
-50.0,50,1818.476919,0.0
0.0,50,1818.970616,1.0
-50.0,50,1819.483635,0.0
-50.0,50,1819.988168,0.0
-50.0,50,1820.491059,0.0
-50.0,50,1820.992801,0.0
-50.0,50,1821.512435,0.0
-50.0,50,1822.00776,0.0
-50.0,50,1822.50009,0.0
-50.0,50,1822.992508,0.0
-50.0,50,1823.49658,0.0
-50.0,50,1823.997282,0.0
-50.0,50,1824.489033,0.0
0.0,50,1824.981027,1.0
-50.0,50,1827.809262,0.0
-50.0,50,1828.311745,0.0
-50.0,50,1828.810284,0.0
-50.0,50,1829.319168,0.0
-50.0,50,1829.81874,0.0
0.0,50,1830.319948,1.0
-50.0,50,1830.811422,0.0
-50.0,50,1831.308863,0.0
-50.0,50,1831.826794,0.0
-50.0,50,1832.314711,0.0
-50.0,50,1832.813569,0.0
-50.0,50,1833.302631,0.0
-50.0,50,1833.810689,0.0
-50.0,50,1834.297868,0.0
0.0,50,1834.802677,1.0
-50.0,50,1835.305051,0.0
-50.0,50,1835.815703,0.0
-50.0,50,1836.311288,0.0
-50.0,50,1836.797595,0.0
-50.0,50,1837.285568,0.0
-50.0,50,1837.780478,0.0
-50.0,50,1838.265157,0.0
-50.0,50,1838.751133,0.0
0.0,50,1839.253607,1.0
-50.0,50,1839.750361,0.0
-50.0,50,1840.233111,0.0
-50.0,50,1840.716081,0.0
-50.0,50,1841.197496,0.0
-50.0,50,1841.714594,0.0
-50.0,50,1842.20249,0.0
-50.0,50,1842.693074,0.0
-50.0,50,1843.184,0.0
-50.0,50,1843.685808,0.0
-50.0,50,1844.177436,0.0
-50.0,50,1844.665168,0.0
-50.0,50,1845.148784,0.0
-50.0,50,1845.648106,0.0
-50.0,50,1846.145021,0.0
-50.0,50,1846.640077,0.0
-50.0,50,1847.127046,0.0
-50.0,50,1847.636138,0.0
-50.0,50,1848.122699,0.0
-50.0,50,1848.611939,0.0
-50.0,50,1849.09858,0.0
-50.0,50,1849.592872,0.0
-50.0,50,1850.078691,0.0
-50.0,50,1850.568387,0.0
-50.0,50,1851.053781,0.0
-50.0,50,1851.565246,0.0
-50.0,50,1852.054735,0.0
-50.0,50,1852.541161,0.0
-50.0,50,1853.028787,0.0
-50.0,50,1853.531644,0.0
-50.0,50,1854.017968,0.0
-50.0,50,1854.511379,0.0
-50.0,50,1854.99799,0.0
-50.0,50,1855.501995,0.0
-50.0,50,1856.005364,0.0
-50.0,50,1856.495723,0.0
-50.0,50,1856.982387,0.0
-50.0,50,1857.485562,0.0
-50.0,50,1857.978616,0.0
-50.0,50,1858.466405,0.0
-50.0,50,1858.955757,0.0
-50.0,50,1859.461077,0.0
-50.0,50,1859.951841,0.0
-50.0,50,1860.442878,0.0
-50.0,50,1860.930216,0.0
-50.0,50,1861.432242,0.0
-50.0,50,1861.922084,0.0
-50.0,50,1862.410907,0.0
-50.0,50,1862.904994,0.0
-50.0,50,1863.406954,0.0
-50.0,50,1863.907266,0.0
-50.0,50,1864.395536,0.0
0.0,50,1864.88117,1.0
-50.0,50,1865.385314,0.0
-50.0,50,1865.873606,0.0
-50.0,50,1866.385423,0.0
-50.0,50,1866.873411,0.0
0.0,50,1867.370458,1.0
-50.0,50,1867.866076,0.0
-50.0,50,1868.352741,0.0
-50.0,50,1868.850986,0.0
-50.0,50,1869.353907,0.0
-50.0,50,1869.868783,0.0
-50.0,50,1870.356401,0.0
-50.0,50,1870.873595,0.0
-50.0,50,1871.371832,0.0
-50.0,50,1871.859621,0.0
-50.0,50,1872.364593,0.0
-50.0,50,1872.852509,0.0
-50.0,50,1873.358633,0.0
-50.0,50,1873.858709,0.0
-50.0,50,1874.347734,0.0
-50.0,50,1874.844426,0.0
-50.0,50,1875.343903,0.0
-50.0,50,1875.836965,0.0
-50.0,50,1876.324553,0.0
-50.0,50,1876.812307,0.0
0.0,50,1877.319097,1.0
-50.0,50,1877.818762,0.0
-50.0,50,1878.333767,0.0
-50.0,50,1878.826584,0.0
-50.0,50,1879.326979,0.0
-50.0,50,1879.830122,0.0
-50.0,50,1880.324682,0.0
-50.0,50,1880.816275,0.0
-50.0,50,1881.314651,0.0
-50.0,50,1881.812984,0.0
-50.0,50,1882.301873,0.0
-50.0,50,1882.793114,0.0
-50.0,50,1883.331928,0.0
-50.0,50,1883.819726,0.0
-50.0,50,1884.306984,0.0
0.0,50,1884.807499,1.0
-50.0,50,1885.314835,0.0
-50.0,50,1885.815328,0.0
-50.0,50,1886.31343,0.0
-50.0,50,1886.804727,0.0
-50.0,50,1887.312089,0.0
-50.0,50,1887.801682,0.0
-50.0,50,1888.288864,0.0
-50.0,50,1888.775103,0.0
-50.0,50,1889.275286,0.0
-50.0,50,1889.766882,0.0
-50.0,50,1890.259253,0.0
-50.0,50,1890.756046,0.0
-50.0,50,1891.269673,0.0
-50.0,50,1891.765649,0.0
-50.0,50,1892.252526,0.0
-50.0,50,1892.739551,0.0
-50.0,50,1893.23657,0.0
-50.0,50,1893.733216,0.0
-50.0,50,1894.225748,0.0
-50.0,50,1894.717075,0.0
-50.0,50,1895.213748,0.0
-50.0,50,1895.702892,0.0
-50.0,50,1896.190766,0.0
-50.0,50,1896.679253,0.0
-50.0,50,1897.177109,0.0
-50.0,50,1897.664605,0.0
-50.0,50,1898.151559,0.0
-50.0,50,1898.647361,0.0
-50.0,50,1899.146055,0.0
-50.0,50,1899.643572,0.0
-50.0,50,1900.13064,0.0
0.0,50,1900.620335,1.0
-50.0,50,1901.118731,0.0
-50.0,50,1901.607203,0.0
0.0,50,1902.096715,1.0
-50.0,50,1902.584847,0.0
-50.0,50,1903.103596,0.0
0.0,50,1903.599232,1.0
-50.0,50,1904.087633,0.0
-50.0,50,1904.576041,0.0
-50.0,50,1905.087285,0.0
-50.0,50,1905.575144,0.0
-50.0,50,1906.080351,0.0
-50.0,50,1906.574746,0.0
-50.0,50,1907.073579,0.0
-50.0,50,1907.565266,0.0
-50.0,50,1908.054444,0.0
-50.0,50,1908.541848,0.0
-50.0,50,1909.03862,0.0
-50.0,50,1909.534704,0.0
0.0,50,1910.029067,1.0
-50.0,50,1910.525636,0.0
0.0,50,1911.030939,1.0
-50.0,50,1911.524643,0.0
-50.0,50,1912.01404,0.0
-50.0,50,1912.502184,0.0
-50.0,50,1913.009727,0.0
-50.0,50,1913.500089,0.0
0.0,50,1914.002198,1.0
-50.0,50,1914.489478,0.0
-50.0,50,1914.99499,0.0
-50.0,50,1915.493647,0.0
-50.0,50,1915.992232,0.0
-50.0,50,1916.486347,0.0
-50.0,50,1916.989606,0.0
-50.0,50,1917.481874,0.0
-50.0,50,1917.981796,0.0
-50.0,50,1918.472604,0.0
-50.0,50,1918.981268,0.0
-50.0,50,1919.469793,0.0
-50.0,50,1919.956812,0.0
-50.0,50,1920.445501,0.0
0.0,50,1920.954267,1.0
-50.0,50,1921.442458,0.0
-50.0,50,1921.931025,0.0
-50.0,50,1922.420462,0.0
-50.0,50,1922.917152,0.0
0.0,50,1923.404368,1.0
-50.0,50,1923.901493,0.0
-50.0,50,1924.401009,0.0
-50.0,50,1924.898611,0.0
-50.0,50,1925.397552,0.0
-50.0,50,1925.891883,0.0
-50.0,50,1926.381327,0.0
-50.0,50,1929.205898,0.0
-50.0,50,1929.712492,0.0
-50.0,50,1930.205098,0.0
-50.0,50,1930.698503,0.0
-50.0,50,1931.205499,0.0
-50.0,50,1931.70427,0.0
-50.0,50,1932.19927,0.0
-50.0,50,1932.696724,0.0
-50.0,50,1933.196004,0.0
-50.0,50,1933.693059,0.0
-50.0,50,1934.185842,0.0
-50.0,50,1934.675797,0.0
-50.0,50,1935.176108,0.0
-50.0,50,1935.668352,0.0
-50.0,50,1936.159264,0.0
-50.0,50,1936.655117,0.0
0.0,50,1937.166076,1.0
-50.0,50,1937.658923,0.0
-50.0,50,1938.151566,0.0
-50.0,50,1938.644807,0.0
-50.0,50,1939.144883,0.0
-50.0,50,1939.634283,0.0
0.0,50,1940.133007,1.0
-50.0,50,1940.634102,0.0
-50.0,50,1941.142304,0.0
-50.0,50,1941.656626,0.0
-50.0,50,1942.15032,0.0
-50.0,50,1942.645164,0.0
-50.0,50,1943.154735,0.0
-50.0,50,1943.646348,0.0
-50.0,50,1944.145171,0.0
-50.0,50,1944.651842,0.0
-50.0,50,1945.1567,0.0
-50.0,50,1945.662477,0.0
-50.0,50,1946.151128,0.0
-50.0,50,1946.652329,0.0
-50.0,50,1947.152549,0.0
-50.0,50,1947.650661,0.0
-50.0,50,1948.140736,0.0
-50.0,50,1948.645977,0.0
0.0,50,1949.158796,1.0
-50.0,50,1949.651733,0.0
-50.0,50,1950.155164,0.0
0.0,50,1950.662671,1.0
-50.0,50,1951.175921,0.0
-50.0,50,1951.663035,0.0
-50.0,50,1952.151095,0.0
-50.0,50,1952.656474,0.0
-50.0,50,1953.16081,0.0
-50.0,50,1953.653482,0.0
-50.0,50,1954.140702,0.0
-50.0,50,1954.628331,0.0
-50.0,50,1955.128386,0.0
-50.0,50,1955.617871,0.0
-50.0,50,1956.10838,0.0
-50.0,50,1956.59947,0.0
-50.0,50,1957.1043,0.0
-50.0,50,1957.610698,0.0
0.0,50,1958.098432,1.0
-50.0,50,1958.584372,0.0
-50.0,50,1959.084306,0.0
-50.0,50,1959.573309,0.0
-50.0,50,1960.059397,0.0
-50.0,50,1960.57663,0.0
-50.0,50,1961.100788,0.0
0.0,50,1961.598698,1.0
-50.0,50,1962.094909,0.0
-50.0,50,1962.596913,0.0
-50.0,50,1963.109378,0.0
-50.0,50,1963.615847,0.0
-50.0,50,1964.112297,0.0
-50.0,50,1964.599125,0.0
-50.0,50,1965.105029,0.0
-50.0,50,1965.593529,0.0
-50.0,50,1966.086425,0.0
-50.0,50,1966.578538,0.0
-50.0,50,1967.076126,0.0
-50.0,50,1967.57588,0.0
-50.0,50,1968.074155,0.0
-50.0,50,1968.567687,0.0
-50.0,50,1969.071951,0.0
-50.0,50,1969.565816,0.0
-50.0,50,1970.062872,0.0
-50.0,50,1970.561376,0.0
-50.0,50,1971.072545,0.0
-50.0,50,1971.571329,0.0
-50.0,50,1972.0695,0.0
-50.0,50,1972.563863,0.0
-50.0,50,1973.063542,0.0
-50.0,50,1973.569783,0.0
-50.0,50,1974.060516,0.0
-50.0,50,1974.554617,0.0
-50.0,50,1975.066559,0.0
-50.0,50,1975.55816,0.0
-50.0,50,1976.05225,0.0
-50.0,50,1976.544557,0.0
-50.0,50,1977.046148,0.0
-50.0,50,1977.537658,0.0
-50.0,50,1978.035365,0.0
-50.0,50,1978.532528,0.0
-50.0,50,1979.049395,0.0
-50.0,50,1979.541149,0.0
-50.0,50,1980.032578,0.0
-50.0,50,1980.529398,0.0
-50.0,50,1981.043536,0.0
-50.0,50,1981.538112,0.0
0.0,50,1982.029472,1.0
0.0,50,1982.515154,1.0
-50.0,50,1983.027776,0.0
-50.0,50,1983.517582,0.0
-50.0,50,1984.005194,0.0
-50.0,50,1984.501135,0.0
-50.0,50,1985.016104,0.0
-50.0,50,1985.513322,0.0
-50.0,50,1986.005367,0.0
-50.0,50,1986.503477,0.0
-50.0,50,1987.012075,0.0
-50.0,50,1987.510792,0.0
-50.0,50,1987.997189,0.0
-50.0,50,1988.493049,0.0
-50.0,50,1989.006129,0.0
-50.0,50,1989.508381,0.0
-50.0,50,1990.0064,0.0
-50.0,50,1990.511949,0.0
-50.0,50,1991.021155,0.0
-50.0,50,1991.511184,0.0
-50.0,50,1991.999467,0.0
-50.0,50,1992.490499,0.0
-50.0,50,1993.012663,0.0
-50.0,50,1993.511142,0.0
-50.0,50,1993.998585,0.0
-50.0,50,1994.497746,0.0
-50.0,50,1995.008453,0.0
-50.0,50,1995.498306,0.0
-50.0,50,1996.00506,0.0
-50.0,50,1996.502884,0.0
-50.0,50,1997.02168,0.0
-50.0,50,1997.519606,0.0
-50.0,50,1998.02527,0.0
0.0,50,1998.518857,1.0
-50.0,50,1999.047825,0.0
-50.0,50,1999.539715,0.0
0.0,50,2000.037341,1.0
-50.0,50,2000.527629,0.0
-50.0,50,2001.041584,0.0
0.0,50,2001.540304,1.0
-50.0,50,2002.035113,0.0
-50.0,50,2002.535605,0.0
-50.0,50,2003.048183,0.0
-50.0,50,2003.537148,0.0
-50.0,50,2004.035134,0.0
0.0,50,2004.524001,1.0
-50.0,50,2005.031191,0.0
-50.0,50,2005.518883,0.0
-50.0,50,2006.005589,0.0
-50.0,50,2006.502942,0.0
-50.0,50,2007.002491,0.0
-50.0,50,2007.489734,0.0
-50.0,50,2007.979141,0.0
-50.0,50,2008.474192,0.0
-50.0,50,2008.981812,0.0
-50.0,50,2009.46751,0.0
-50.0,50,2009.957037,0.0
-50.0,50,2010.452164,0.0
-50.0,50,2010.962732,0.0
-50.0,50,2011.461531,0.0
-50.0,50,2011.957007,0.0
-50.0,50,2012.445719,0.0
-50.0,50,2012.955954,0.0
0.0,50,2013.450306,1.0
-50.0,50,2013.94734,0.0
-50.0,50,2014.448567,0.0
-50.0,50,2014.973795,0.0
-50.0,50,2015.470094,0.0
-50.0,50,2015.956981,0.0
-50.0,50,2016.445806,0.0
-50.0,50,2016.954109,0.0
-50.0,50,2017.44914,0.0
-50.0,50,2017.935771,0.0
-50.0,50,2018.423303,0.0
-50.0,50,2018.933404,0.0
-50.0,50,2019.429024,0.0
-50.0,50,2019.920023,0.0
-50.0,50,2020.415635,0.0
-50.0,50,2020.916098,0.0
-50.0,50,2021.41703,0.0
-50.0,50,2021.906547,0.0
-50.0,50,2022.395929,0.0
-50.0,50,2022.908089,0.0
-50.0,50,2023.394378,0.0
-50.0,50,2023.881992,0.0
-50.0,50,2024.374115,0.0
-50.0,50,2024.881255,0.0
-50.0,50,2025.37239,0.0
0.0,50,2025.862904,1.0
-50.0,50,2026.361556,0.0
-50.0,50,2026.872697,0.0
-50.0,50,2027.363448,0.0
-50.0,50,2027.854805,0.0
-50.0,50,2028.34502,0.0
-50.0,50,2031.145251,0.0
0.0,50,2031.638458,1.0
-50.0,50,2032.136694,0.0
-50.0,50,2032.633473,0.0
-50.0,50,2033.134067,0.0
-50.0,50,2033.631119,0.0
-50.0,50,2034.119013,0.0
-50.0,50,2034.614165,0.0
-50.0,50,2035.114233,0.0
-50.0,50,2035.612306,0.0
-50.0,50,2036.10201,0.0
-50.0,50,2036.591682,0.0
-50.0,50,2037.108485,0.0
-50.0,50,2037.596973,0.0
0.0,50,2038.099011,1.0
-50.0,50,2038.588689,0.0
-50.0,50,2039.09361,0.0
-50.0,50,2039.588444,0.0
-50.0,50,2040.088794,0.0
-50.0,50,2040.586495,0.0
-50.0,50,2041.087111,0.0
-50.0,50,2041.58443,0.0
-50.0,50,2042.077732,0.0
-50.0,50,2042.573769,0.0
-50.0,50,2043.072695,0.0
-50.0,50,2043.567401,0.0
-50.0,50,2044.063244,0.0
-50.0,50,2044.558282,0.0
-50.0,50,2045.057359,0.0
-50.0,50,2045.548128,0.0
-50.0,50,2046.037528,0.0
-50.0,50,2046.535764,0.0
-50.0,50,2047.045686,0.0
-50.0,50,2047.538931,0.0
0.0,50,2048.031053,1.0
-50.0,50,2048.54001,0.0
-50.0,50,2049.049675,0.0
-50.0,50,2049.536779,0.0
-50.0,50,2050.027494,0.0
-50.0,50,2050.531973,0.0
-50.0,50,2051.043622,0.0
-50.0,50,2051.539204,0.0
-50.0,50,2052.038042,0.0
0.0,50,2052.533186,1.0
-50.0,50,2053.038658,0.0
-50.0,50,2053.538393,0.0
-50.0,50,2054.039937,0.0
-50.0,50,2054.541322,0.0
-50.0,50,2055.041583,0.0
-50.0,50,2055.540756,0.0
-50.0,50,2056.033966,0.0
-50.0,50,2056.526368,0.0
-50.0,50,2057.033759,0.0
-50.0,50,2057.524062,0.0
-50.0,50,2058.025666,0.0
-50.0,50,2058.524937,0.0
0.0,50,2059.034912,1.0
-50.0,50,2059.531607,0.0
-50.0,50,2060.024972,0.0
-50.0,50,2060.514829,0.0
-50.0,50,2061.021878,0.0
-50.0,50,2061.521258,0.0
-50.0,50,2062.010346,0.0
-50.0,50,2062.507234,0.0
-50.0,50,2063.014698,0.0
-50.0,50,2063.508395,0.0
0.0,50,2063.996567,1.0
-50.0,50,2064.490933,0.0
-50.0,50,2064.990285,0.0
-50.0,50,2065.486206,0.0
-50.0,50,2065.979579,0.0
-50.0,50,2066.471938,0.0
-50.0,50,2066.969487,0.0
-50.0,50,2067.467114,0.0
-50.0,50,2067.963555,0.0
-50.0,50,2068.458349,0.0
0.0,50,2068.969776,1.0
-50.0,50,2069.458454,0.0
-50.0,50,2069.949711,0.0
-50.0,50,2070.449174,0.0
-50.0,50,2070.956065,0.0
-50.0,50,2071.450439,0.0
-50.0,50,2071.945983,0.0
-50.0,50,2072.440266,0.0
-50.0,50,2072.946111,0.0
-50.0,50,2073.439394,0.0
-50.0,50,2073.926794,0.0
-50.0,50,2074.417846,0.0
-50.0,50,2074.921764,0.0
-50.0,50,2075.412317,0.0
-50.0,50,2075.910059,0.0
-50.0,50,2076.404859,0.0
-50.0,50,2076.903133,0.0
-50.0,50,2077.396075,0.0
0.0,50,2077.882964,1.0
-50.0,50,2078.37959,0.0
-50.0,50,2078.884007,0.0
-50.0,50,2079.377744,0.0
-50.0,50,2079.865775,0.0
-50.0,50,2080.355243,0.0
-50.0,50,2080.855727,0.0
-50.0,50,2081.352567,0.0
-50.0,50,2081.849343,0.0
-50.0,50,2082.345311,0.0
-50.0,50,2082.854712,0.0
-50.0,50,2083.341575,0.0
-50.0,50,2083.836039,0.0
-50.0,50,2084.331025,0.0
-50.0,50,2084.828271,0.0
-50.0,50,2085.324585,0.0
-50.0,50,2085.819006,0.0
-50.0,50,2086.317647,0.0
0.0,50,2086.823181,1.0
-50.0,50,2087.320619,0.0
-50.0,50,2087.828786,0.0
-50.0,50,2088.31435,0.0
-50.0,50,2088.81102,0.0
-50.0,50,2089.30366,0.0
-50.0,50,2089.798931,0.0
-50.0,50,2090.283233,0.0
-50.0,50,2090.778889,0.0
-50.0,50,2091.274848,0.0
-50.0,50,2091.77731,0.0
-50.0,50,2092.280788,0.0
-50.0,50,2092.785601,0.0
-50.0,50,2093.285972,0.0
-50.0,50,2093.787367,0.0
-50.0,50,2094.291272,0.0
-50.0,50,2094.799184,0.0
-50.0,50,2095.298994,0.0
-50.0,50,2095.801125,0.0
-50.0,50,2096.300807,0.0
-50.0,50,2096.81834,0.0
-50.0,50,2097.316879,0.0
-50.0,50,2097.815048,0.0
-50.0,50,2098.308634,0.0
-50.0,50,2098.805707,0.0
-50.0,50,2099.29691,0.0
-50.0,50,2099.779618,0.0
-50.0,50,2100.271886,0.0
0.0,50,2100.773012,1.0
-50.0,50,2101.269589,0.0
-50.0,50,2101.762251,0.0
-50.0,50,2102.248052,0.0
-50.0,50,2102.755623,0.0
-50.0,50,2103.248289,0.0
-50.0,50,2103.738226,0.0
-50.0,50,2104.229761,0.0
-50.0,50,2104.73998,0.0
0.0,50,2105.226835,1.0
-50.0,50,2105.719793,0.0
-50.0,50,2106.206033,0.0
-50.0,50,2106.715088,0.0
-50.0,50,2107.214515,0.0
-50.0,50,2107.715257,0.0
-50.0,50,2108.208918,0.0
-50.0,50,2108.710843,0.0
-50.0,50,2109.20858,0.0
-50.0,50,2109.707103,0.0
-50.0,50,2110.199149,0.0
-50.0,50,2110.70934,0.0
-50.0,50,2111.204656,0.0
-50.0,50,2111.697209,0.0
-50.0,50,2112.185552,0.0
-50.0,50,2112.693571,0.0
-50.0,50,2113.184999,0.0
-50.0,50,2113.681498,0.0
-50.0,50,2114.171185,0.0
-50.0,50,2114.676396,0.0
-50.0,50,2115.170758,0.0
-50.0,50,2115.669819,0.0
-50.0,50,2116.164181,0.0
-50.0,50,2116.683559,0.0
-50.0,50,2117.173389,0.0
-50.0,50,2117.683495,0.0
-50.0,50,2118.177837,0.0
-50.0,50,2118.679776,0.0
-50.0,50,2119.173548,0.0
0.0,50,2119.669209,1.0
-50.0,50,2120.16419,0.0
-50.0,50,2120.673893,0.0
-50.0,50,2121.172121,0.0
-50.0,50,2121.676818,0.0
0.0,50,2122.169629,1.0
-50.0,50,2122.678735,0.0
-50.0,50,2123.180482,0.0
-50.0,50,2123.679367,0.0
-50.0,50,2124.183227,0.0
-50.0,50,2124.702623,0.0
-50.0,50,2125.201161,0.0
-50.0,50,2125.699548,0.0
-50.0,50,2126.195101,0.0
0.0,50,2126.707147,1.0
0.0,50,2127.203333,1.0
-50.0,50,2127.708462,0.0
-50.0,50,2128.216841,0.0
-50.0,50,2128.726172,0.0
-50.0,50,2129.232076,0.0
-50.0,50,2129.734713,0.0
-50.0,50,2130.230023,0.0
-50.0,50,2133.019825,0.0
-50.0,50,2133.522442,0.0
-50.0,50,2134.031876,0.0
-50.0,50,2134.531074,0.0
-50.0,50,2135.043466,0.0
-50.0,50,2135.539848,0.0
-50.0,50,2136.049483,0.0
-50.0,50,2136.550931,0.0
-50.0,50,2137.079571,0.0
-50.0,50,2137.576936,0.0
-50.0,50,2138.080562,0.0
-50.0,50,2138.575327,0.0
-50.0,50,2139.08828,0.0
-50.0,50,2139.597411,0.0
-50.0,50,2140.099643,0.0
-50.0,50,2140.59931,0.0
-50.0,50,2141.103312,0.0
-50.0,50,2141.600072,0.0
0.0,50,2142.096472,1.0
-50.0,50,2142.593303,0.0
-50.0,50,2143.106696,0.0
-50.0,50,2143.605099,0.0
-50.0,50,2144.109133,0.0
-50.0,50,2144.616793,0.0
-50.0,50,2145.120115,0.0
-50.0,50,2145.625025,0.0
0.0,50,2146.121155,1.0
-50.0,50,2146.6315,0.0
-50.0,50,2147.14009,0.0
-50.0,50,2147.634255,0.0
-50.0,50,2148.134662,0.0
-50.0,50,2148.639623,0.0
0.0,50,2149.151648,1.0
-50.0,50,2149.646916,0.0
-50.0,50,2150.139062,0.0
-50.0,50,2150.631768,0.0
-50.0,50,2151.146047,0.0
-50.0,50,2151.653617,0.0
-50.0,50,2152.151043,0.0
-50.0,50,2152.650067,0.0
-50.0,50,2153.150806,0.0
-50.0,50,2153.640241,0.0
-50.0,50,2154.135298,0.0
-50.0,50,2154.63429,0.0
-50.0,50,2155.148195,0.0
-50.0,50,2155.646095,0.0
-50.0,50,2156.143066,0.0
-50.0,50,2156.639525,0.0
-50.0,50,2157.140049,0.0
-50.0,50,2157.635359,0.0
-50.0,50,2158.13551,0.0
-50.0,50,2158.632956,0.0
-50.0,50,2159.14355,0.0
-50.0,50,2159.639538,0.0
-50.0,50,2160.138684,0.0
-50.0,50,2160.64223,0.0
-50.0,50,2161.152156,0.0
-50.0,50,2161.644041,0.0
-50.0,50,2162.147809,0.0
-50.0,50,2162.649425,0.0
-50.0,50,2163.158535,0.0
-50.0,50,2163.653469,0.0
-50.0,50,2164.148988,0.0
-50.0,50,2164.64955,0.0
-50.0,50,2165.161329,0.0
-50.0,50,2165.663451,0.0
-50.0,50,2166.164562,0.0
-50.0,50,2166.660884,0.0
-50.0,50,2167.172527,0.0
-50.0,50,2167.667849,0.0
-50.0,50,2168.16097,0.0
-50.0,50,2168.661707,0.0
-50.0,50,2169.17718,0.0
-50.0,50,2169.676391,0.0
-50.0,50,2170.178542,0.0
-50.0,50,2170.677196,0.0
-50.0,50,2171.192684,0.0
-50.0,50,2171.695275,0.0
-50.0,50,2172.196645,0.0
-50.0,50,2172.6976,0.0
-50.0,50,2173.206237,0.0
-50.0,50,2173.708006,0.0
-50.0,50,2174.201972,0.0
-50.0,50,2174.703283,0.0
-50.0,50,2175.211413,0.0
-50.0,50,2175.706601,0.0
-50.0,50,2176.213945,0.0
-50.0,50,2176.719454,0.0
-50.0,50,2177.240033,0.0
-50.0,50,2177.744689,0.0
-50.0,50,2178.242278,0.0
-50.0,50,2178.747981,0.0
-50.0,50,2179.26705,0.0
-50.0,50,2179.779732,0.0
-50.0,50,2180.281597,0.0
-50.0,50,2180.778192,0.0
-50.0,50,2181.303611,0.0
-50.0,50,2181.804914,0.0
-50.0,50,2182.308327,0.0
-50.0,50,2182.811904,0.0
-50.0,50,2183.320819,0.0
-50.0,50,2183.805326,0.0
-50.0,50,2184.300014,0.0
-50.0,50,2184.788934,0.0
-50.0,50,2185.299166,0.0
-50.0,50,2185.798277,0.0
-50.0,50,2186.289864,0.0
-50.0,50,2186.783336,0.0
-50.0,50,2187.295408,0.0
-50.0,50,2187.793369,0.0
-50.0,50,2188.280071,0.0
-50.0,50,2188.780216,0.0
-50.0,50,2189.289124,0.0
-50.0,50,2189.789354,0.0
-50.0,50,2190.281127,0.0
-50.0,50,2190.76969,0.0
-50.0,50,2191.281725,0.0
-50.0,50,2191.780954,0.0
-50.0,50,2192.279337,0.0
-50.0,50,2192.768268,0.0
-50.0,50,2193.278551,0.0
0.0,50,2193.773253,1.0
-50.0,50,2194.275225,0.0
-50.0,50,2194.765527,0.0
-50.0,50,2195.277121,0.0
-50.0,50,2195.765975,0.0
-50.0,50,2196.254117,0.0
-50.0,50,2196.74658,0.0
-50.0,50,2197.257831,0.0
-50.0,50,2197.756782,0.0
-50.0,50,2198.246201,0.0
-50.0,50,2198.736381,0.0
-50.0,50,2199.235597,0.0
-50.0,50,2199.728602,0.0
-50.0,50,2200.218631,0.0
-50.0,50,2200.707141,0.0
-50.0,50,2201.219501,0.0
-50.0,50,2201.712403,0.0
-50.0,50,2202.205725,0.0
-50.0,50,2202.697969,0.0
-50.0,50,2203.211201,0.0
-50.0,50,2203.710916,0.0
0.0,50,2204.211512,1.0
-50.0,50,2204.701433,0.0
-50.0,50,2205.207816,0.0
-50.0,50,2205.695655,0.0
-50.0,50,2206.192459,0.0
-50.0,50,2206.682952,0.0
-50.0,50,2207.193959,0.0
-50.0,50,2207.694531,0.0
-50.0,50,2208.185638,0.0
-50.0,50,2208.684293,0.0
-50.0,50,2209.19576,0.0
-50.0,50,2209.69241,0.0
-50.0,50,2210.194459,0.0
-50.0,50,2210.698015,0.0
-50.0,50,2211.219155,0.0
-50.0,50,2211.710493,0.0
-50.0,50,2212.213912,0.0
-50.0,50,2212.725096,0.0
-50.0,50,2213.240354,0.0
-50.0,50,2213.743646,0.0
-50.0,50,2214.238287,0.0
-50.0,50,2214.741522,0.0
-50.0,50,2215.254258,0.0
-50.0,50,2215.752401,0.0
-50.0,50,2216.258803,0.0
-50.0,50,2216.759953,0.0
-50.0,50,2217.281,0.0
-50.0,50,2217.779161,0.0
-50.0,50,2218.276442,0.0
-50.0,50,2218.782512,0.0
-50.0,50,2219.295013,0.0
-50.0,50,2219.79072,0.0
-50.0,50,2220.294266,0.0
-50.0,50,2220.793105,0.0
-50.0,50,2221.304634,0.0
-50.0,50,2221.806431,0.0
-50.0,50,2222.32597,0.0
-50.0,50,2222.834657,0.0
-50.0,50,2223.343363,0.0
-50.0,50,2223.847693,0.0
-50.0,50,2224.342736,0.0
-50.0,50,2224.842862,0.0
-50.0,50,2225.403697,0.0
-50.0,50,2225.907879,0.0
-50.0,50,2226.408762,0.0
-50.0,50,2226.906476,0.0
-50.0,50,2227.413321,0.0
-50.0,50,2227.914615,0.0
-50.0,50,2228.418729,0.0
-50.0,50,2228.922621,0.0
-50.0,50,2229.439923,0.0
-50.0,50,2229.932765,0.0
-50.0,50,2230.435333,0.0
-50.0,50,2230.942153,0.0
-50.0,50,2231.456783,0.0
0.0,50,2231.957848,1.0
-50.0,50,2232.457361,0.0
-50.0,50,2232.959517,0.0
-50.0,50,2235.797552,0.0
-50.0,50,2236.30017,0.0
-50.0,50,2236.80615,0.0
-50.0,50,2237.303438,0.0
-50.0,50,2237.816071,0.0
-50.0,50,2238.331375,0.0
-50.0,50,2238.834052,0.0
-50.0,50,2239.339059,0.0
-50.0,50,2239.847023,0.0
-50.0,50,2240.347538,0.0
-50.0,50,2240.849581,0.0
-50.0,50,2241.353728,0.0
-50.0,50,2241.87618,0.0
0.0,50,2242.37466,1.0
-50.0,50,2242.880574,0.0
-50.0,50,2243.374092,0.0
-50.0,50,2243.876379,0.0
-50.0,50,2244.371418,0.0
-50.0,50,2244.866466,0.0
-50.0,50,2245.362198,0.0
-50.0,50,2245.871552,0.0
-50.0,50,2246.380873,0.0
-50.0,50,2246.873674,0.0
-50.0,50,2247.380156,0.0
-50.0,50,2247.895265,0.0
-50.0,50,2248.391196,0.0
0.0,50,2248.889373,1.0
-50.0,50,2249.390587,0.0
-50.0,50,2249.902227,0.0
-50.0,50,2250.399625,0.0
-50.0,50,2250.904315,0.0
-50.0,50,2251.40604,0.0
-50.0,50,2251.930939,0.0
-50.0,50,2252.431545,0.0
-50.0,50,2252.933711,0.0
-50.0,50,2253.44744,0.0
-50.0,50,2253.957842,0.0
-50.0,50,2254.462522,0.0
-50.0,50,2254.964459,0.0
-50.0,50,2255.456819,0.0
-50.0,50,2255.975284,0.0
-50.0,50,2256.472645,0.0
-50.0,50,2256.981476,0.0
-50.0,50,2257.482963,0.0
-50.0,50,2257.991421,0.0
-50.0,50,2258.491638,0.0
-50.0,50,2258.995092,0.0
-50.0,50,2259.48823,0.0
-50.0,50,2260.003046,0.0
-50.0,50,2260.503442,0.0
-50.0,50,2261.005065,0.0
-50.0,50,2261.501719,0.0
-50.0,50,2262.014073,0.0
-50.0,50,2262.516617,0.0
0.0,50,2263.017521,1.0
-50.0,50,2263.515647,0.0
-50.0,50,2264.029113,0.0
-50.0,50,2264.53505,0.0
-50.0,50,2265.031353,0.0
-50.0,50,2265.537264,0.0
-50.0,50,2266.045354,0.0
-50.0,50,2266.537974,0.0
-50.0,50,2267.038269,0.0
-50.0,50,2267.531393,0.0
-50.0,50,2268.052474,0.0
-50.0,50,2268.548297,0.0
-50.0,50,2269.050805,0.0
-50.0,50,2269.550264,0.0
-50.0,50,2270.066012,0.0
-50.0,50,2270.568164,0.0
-50.0,50,2271.074994,0.0
-50.0,50,2271.575563,0.0
-50.0,50,2272.095882,0.0
-50.0,50,2272.59714,0.0
-50.0,50,2273.095907,0.0
-50.0,50,2273.597184,0.0
-50.0,50,2274.111052,0.0
-50.0,50,2274.610727,0.0
-50.0,50,2275.1168,0.0
-50.0,50,2275.617427,0.0
-50.0,50,2276.130597,0.0
-50.0,50,2276.618898,0.0
-50.0,50,2277.123752,0.0
-50.0,50,2277.61303,0.0
-50.0,50,2278.114068,0.0
-50.0,50,2278.611468,0.0
-50.0,50,2279.111056,0.0
0.0,50,2279.598712,1.0
-50.0,50,2280.110006,0.0
-50.0,50,2280.606012,0.0
-50.0,50,2281.108109,0.0
-50.0,50,2281.598786,0.0
-50.0,50,2282.096105,0.0
-50.0,50,2282.591105,0.0
-50.0,50,2283.087658,0.0
-50.0,50,2283.570179,0.0
-50.0,50,2284.074555,0.0
-50.0,50,2284.557537,0.0
-50.0,50,2285.039705,0.0
-50.0,50,2285.522761,0.0
-50.0,50,2286.027268,0.0
-50.0,50,2286.510556,0.0
-50.0,50,2286.997855,0.0
-50.0,50,2287.48773,0.0
-50.0,50,2287.992427,0.0
-50.0,50,2288.480371,0.0
-50.0,50,2288.97029,0.0
-50.0,50,2289.46548,0.0
-50.0,50,2289.9706,0.0
0.0,50,2290.460176,1.0
-50.0,50,2290.94688,0.0
-50.0,50,2291.431116,0.0
-50.0,50,2291.925617,0.0
-50.0,50,2292.407129,0.0
-50.0,50,2292.892515,0.0
-50.0,50,2293.377533,0.0
-50.0,50,2293.875557,0.0
-50.0,50,2294.372231,0.0
-50.0,50,2294.867864,0.0
-50.0,50,2295.350901,0.0
-50.0,50,2295.844753,0.0
-50.0,50,2296.3306,0.0
-50.0,50,2296.814095,0.0
-50.0,50,2297.29968,0.0
-50.0,50,2297.80625,0.0
-50.0,50,2298.289326,0.0
-50.0,50,2298.785243,0.0
-50.0,50,2299.278092,0.0
-50.0,50,2299.78221,0.0
-50.0,50,2300.273199,0.0
-50.0,50,2300.780311,0.0
-50.0,50,2301.290273,0.0
-50.0,50,2301.807713,0.0
0.0,50,2302.299533,1.0
-50.0,50,2302.797416,0.0
-50.0,50,2303.285789,0.0
-50.0,50,2303.80062,0.0
-50.0,50,2304.297877,0.0
-50.0,50,2304.799173,0.0
-50.0,50,2305.298815,0.0
-50.0,50,2305.817945,0.0
-50.0,50,2306.308721,0.0
-50.0,50,2306.811625,0.0
-50.0,50,2307.307231,0.0
-50.0,50,2307.812069,0.0
-50.0,50,2308.313731,0.0
-50.0,50,2308.804601,0.0
-50.0,50,2309.308035,0.0
-50.0,50,2309.810766,0.0
-50.0,50,2310.309736,0.0
-50.0,50,2310.805782,0.0
-50.0,50,2311.287593,0.0
-50.0,50,2311.795214,0.0
-50.0,50,2312.293883,0.0
0.0,50,2312.776643,1.0
-50.0,50,2313.267061,0.0
-50.0,50,2313.768816,0.0
-50.0,50,2314.263855,0.0
-50.0,50,2314.745534,0.0
-50.0,50,2315.239652,0.0
-50.0,50,2315.740618,0.0
-50.0,50,2316.223153,0.0
-50.0,50,2316.723003,0.0
-50.0,50,2317.214964,0.0
-50.0,50,2317.718468,0.0
-50.0,50,2318.1982,0.0
-50.0,50,2318.700052,0.0
-50.0,50,2319.196047,0.0
-50.0,50,2319.697518,0.0
-50.0,50,2320.191845,0.0
-50.0,50,2320.678669,0.0
-50.0,50,2321.163419,0.0
-50.0,50,2321.661571,0.0
-50.0,50,2322.15733,0.0
-50.0,50,2322.645108,0.0
-50.0,50,2323.127926,0.0
-50.0,50,2323.621639,0.0
-50.0,50,2324.121884,0.0
-50.0,50,2324.614059,0.0
-50.0,50,2325.104162,0.0
-50.0,50,2325.614172,0.0
-50.0,50,2326.096097,0.0
-50.0,50,2326.580526,0.0
-50.0,50,2327.072612,0.0
-50.0,50,2327.582218,0.0
-50.0,50,2328.063846,0.0
-50.0,50,2328.548634,0.0
-50.0,50,2329.042015,0.0
-50.0,50,2329.539928,0.0
0.0,50,2330.036056,1.0
-50.0,50,2330.516096,0.0
-50.0,50,2331.009345,0.0
-50.0,50,2331.504215,0.0
-50.0,50,2331.992992,0.0
-50.0,50,2332.485088,0.0
-50.0,50,2332.986261,0.0
-50.0,50,2333.489691,0.0
-50.0,50,2333.977367,0.0
-50.0,50,2334.460248,0.0
-50.0,50,2334.942694,0.0
-50.0,50,2337.745622,0.0
-50.0,50,2338.238724,0.0
-50.0,50,2338.736343,0.0
-50.0,50,2339.234131,0.0
-50.0,50,2339.733431,0.0
-50.0,50,2340.227113,0.0
-50.0,50,2340.710823,0.0
-50.0,50,2341.198457,0.0
-50.0,50,2341.702903,0.0
-50.0,50,2342.199853,0.0
-50.0,50,2342.686061,0.0
-50.0,50,2343.170528,0.0
-50.0,50,2343.666787,0.0
-50.0,50,2344.154029,0.0
-50.0,50,2344.649173,0.0
-50.0,50,2345.14397,0.0
-50.0,50,2345.645756,0.0
-50.0,50,2346.133189,0.0
-50.0,50,2346.617435,0.0
-50.0,50,2347.103007,0.0
-50.0,50,2347.606267,0.0
-50.0,50,2348.105441,0.0
-50.0,50,2348.596511,0.0
-50.0,50,2349.086793,0.0
-50.0,50,2349.60797,0.0
-50.0,50,2350.106991,0.0
-50.0,50,2350.604009,0.0
-50.0,50,2351.104252,0.0
-50.0,50,2351.612995,0.0
-50.0,50,2352.106355,0.0
-50.0,50,2352.591521,0.0
-50.0,50,2353.07876,0.0
-50.0,50,2353.576968,0.0
-50.0,50,2354.075285,0.0
-50.0,50,2354.569371,0.0
-50.0,50,2355.061948,0.0
-50.0,50,2355.565743,0.0
-50.0,50,2356.053149,0.0
-50.0,50,2356.556038,0.0
-50.0,50,2357.055813,0.0
-50.0,50,2357.564085,0.0
-50.0,50,2358.062843,0.0
-50.0,50,2358.561479,0.0
-50.0,50,2359.05388,0.0
-50.0,50,2359.562371,0.0
-50.0,50,2360.058069,0.0
-50.0,50,2360.5478,0.0
-50.0,50,2361.034561,0.0
-50.0,50,2361.542658,0.0
-50.0,50,2362.028563,0.0
-50.0,50,2362.518735,0.0
-50.0,50,2363.009808,0.0
-50.0,50,2363.516993,0.0
0.0,50,2363.996615,1.0
-50.0,50,2364.476886,0.0
-50.0,50,2364.957962,0.0
-50.0,50,2365.466288,0.0
-50.0,50,2365.957703,0.0
-50.0,50,2366.450359,0.0
-50.0,50,2366.943762,0.0
-50.0,50,2367.457226,0.0
-50.0,50,2367.947313,0.0
-50.0,50,2368.43288,0.0
-50.0,50,2368.924119,0.0
-50.0,50,2369.424474,0.0
-50.0,50,2369.921537,0.0
-50.0,50,2370.422743,0.0
-50.0,50,2370.906723,0.0
-50.0,50,2371.404923,0.0
-50.0,50,2371.893508,0.0
-50.0,50,2372.386017,0.0
-50.0,50,2372.879091,0.0
-50.0,50,2373.376944,0.0
-50.0,50,2373.871658,0.0
-50.0,50,2374.355927,0.0
-50.0,50,2374.839111,0.0
-50.0,50,2375.332864,0.0
-50.0,50,2375.832814,0.0
-50.0,50,2376.32729,0.0
-50.0,50,2376.821306,0.0
-50.0,50,2377.331901,0.0
-50.0,50,2377.832585,0.0
0.0,50,2378.313709,1.0
-50.0,50,2378.797777,0.0
-50.0,50,2379.29185,0.0
-50.0,50,2379.786712,0.0
0.0,50,2380.273737,1.0
-50.0,50,2380.758636,0.0
-50.0,50,2381.2559,0.0
-50.0,50,2381.742877,0.0
-50.0,50,2382.237111,0.0
-50.0,50,2382.730791,0.0
-50.0,50,2383.234921,0.0
-50.0,50,2383.73571,0.0
-50.0,50,2384.22498,0.0
-50.0,50,2384.719082,0.0
-50.0,50,2385.230608,0.0
-50.0,50,2385.716415,0.0
-50.0,50,2386.201351,0.0
0.0,50,2386.697444,1.0
-50.0,50,2387.192864,0.0
0.0,50,2387.6785,1.0
-50.0,50,2388.17213,0.0
-50.0,50,2388.662148,0.0
-50.0,50,2389.157988,0.0
-50.0,50,2389.641964,0.0
-50.0,50,2390.135603,0.0
-50.0,50,2390.626565,0.0
0.0,50,2391.123631,1.0
-50.0,50,2391.623316,0.0
-50.0,50,2392.110477,0.0
-50.0,50,2392.600234,0.0
-50.0,50,2393.110641,0.0
-50.0,50,2393.606176,0.0
-50.0,50,2394.096695,0.0
-50.0,50,2394.585422,0.0
-50.0,50,2395.091148,0.0
-50.0,50,2395.587662,0.0
-50.0,50,2396.075307,0.0
-50.0,50,2396.56718,0.0
-50.0,50,2397.068295,0.0
-50.0,50,2397.559106,0.0
-50.0,50,2398.059017,0.0
-50.0,50,2398.546925,0.0
-50.0,50,2399.055025,0.0
-50.0,50,2399.541419,0.0
-50.0,50,2400.029875,0.0
-50.0,50,2400.521194,0.0
-50.0,50,2401.025389,0.0
-50.0,50,2401.507907,0.0
-50.0,50,2401.996636,0.0
-50.0,50,2402.489494,0.0
-50.0,50,2402.992079,0.0
-50.0,50,2403.482139,0.0
-50.0,50,2403.972991,0.0
-50.0,50,2404.46609,0.0
-50.0,50,2404.969098,0.0
-50.0,50,2405.455619,0.0
-50.0,50,2405.939037,0.0
-50.0,50,2406.420531,0.0
-50.0,50,2406.917549,0.0
-50.0,50,2407.408038,0.0
-50.0,50,2407.902471,0.0
-50.0,50,2408.397662,0.0
-50.0,50,2408.907021,0.0
-50.0,50,2409.40683,0.0
-50.0,50,2409.904043,0.0
-50.0,50,2410.400985,0.0
-50.0,50,2410.912917,0.0
-50.0,50,2411.406962,0.0
-50.0,50,2411.914805,0.0
-50.0,50,2412.407198,0.0
-50.0,50,2412.917763,0.0
-50.0,50,2413.415758,0.0
-50.0,50,2413.9026,0.0
-50.0,50,2414.389685,0.0
-50.0,50,2414.892976,0.0
-50.0,50,2415.392583,0.0
-50.0,50,2415.881729,0.0
-50.0,50,2416.376535,0.0
-50.0,50,2416.875913,0.0
-50.0,50,2417.378913,0.0
-50.0,50,2417.869975,0.0
0.0,50,2418.355153,1.0
-50.0,50,2418.85347,0.0
-50.0,50,2419.345966,0.0
-50.0,50,2419.840475,0.0
-50.0,50,2420.329015,0.0
-50.0,50,2420.828297,0.0
-50.0,50,2421.317202,0.0
-50.0,50,2421.811203,0.0
-50.0,50,2422.307315,0.0
-50.0,50,2422.801812,0.0
0.0,50,2423.285182,1.0
-50.0,50,2423.776181,0.0
-50.0,50,2424.26928,0.0
-50.0,50,2424.7772,0.0
0.0,50,2425.263077,1.0
-50.0,50,2425.753325,0.0
-50.0,50,2426.248202,0.0
-50.0,50,2426.746831,0.0
-50.0,50,2427.241233,0.0
-50.0,50,2427.733202,0.0
-50.0,50,2428.219699,0.0
-50.0,50,2428.715374,0.0
-50.0,50,2429.209679,0.0
-50.0,50,2429.708444,0.0
0.0,50,2430.189498,1.0
-50.0,50,2430.699301,0.0
-50.0,50,2431.193033,0.0
-50.0,50,2431.690298,0.0
-50.0,50,2432.188872,0.0
-50.0,50,2432.681675,0.0
-50.0,50,2433.175153,0.0
-50.0,50,2433.669226,0.0
-50.0,50,2434.166658,0.0
-50.0,50,2434.670084,0.0
-50.0,50,2435.162645,0.0
-50.0,50,2435.658518,0.0
-50.0,50,2436.142298,0.0
-50.0,50,2438.975762,0.0
-50.0,50,2439.472417,0.0
-50.0,50,2439.969251,0.0
0.0,50,2440.454105,1.0
-50.0,50,2440.952574,0.0
-50.0,50,2441.446644,0.0
-50.0,50,2441.947001,0.0
-50.0,50,2442.438215,0.0
-50.0,50,2442.943972,0.0
-50.0,50,2443.431109,0.0
-50.0,50,2443.928371,0.0
-50.0,50,2444.412269,0.0
-50.0,50,2444.907395,0.0
-50.0,50,2445.390428,0.0
-50.0,50,2445.887924,0.0
-50.0,50,2446.38732,0.0
-50.0,50,2446.890268,0.0
-50.0,50,2447.377808,0.0
-50.0,50,2447.870457,0.0
-50.0,50,2448.35599,0.0
-50.0,50,2448.856356,0.0
-50.0,50,2449.343488,0.0
-50.0,50,2449.835233,0.0
-50.0,50,2450.315905,0.0
-50.0,50,2450.854243,0.0
-50.0,50,2451.348453,0.0
-50.0,50,2451.847562,0.0
-50.0,50,2452.339696,0.0
-50.0,50,2452.847955,0.0
-50.0,50,2453.347227,0.0
-50.0,50,2453.832828,0.0
-50.0,50,2454.315972,0.0
-50.0,50,2454.809491,0.0
-50.0,50,2455.294203,0.0
-50.0,50,2455.782274,0.0
-50.0,50,2456.260048,0.0
-50.0,50,2456.754181,0.0
-50.0,50,2457.246568,0.0
-50.0,50,2457.729136,0.0
-50.0,50,2458.209376,0.0
-50.0,50,2458.70709,0.0
-50.0,50,2459.194379,0.0
-50.0,50,2459.682093,0.0
-50.0,50,2460.164466,0.0
-50.0,50,2460.683738,0.0
-50.0,50,2461.18039,0.0
-50.0,50,2461.680825,0.0
-50.0,50,2462.171416,0.0
-50.0,50,2462.685844,0.0
-50.0,50,2463.187234,0.0
-50.0,50,2463.696448,0.0
-50.0,50,2464.209326,0.0
-50.0,50,2464.724247,0.0
-50.0,50,2465.230729,0.0
-50.0,50,2465.739522,0.0
0.0,50,2466.250384,1.0
-50.0,50,2466.766903,0.0
-50.0,50,2467.273615,0.0
-50.0,50,2467.780235,0.0
-50.0,50,2468.276498,0.0
-50.0,50,2468.791066,0.0
0.0,50,2469.283485,1.0
-50.0,50,2469.788764,0.0
-50.0,50,2470.293328,0.0
-50.0,50,2470.803459,0.0
-50.0,50,2471.305722,0.0
-50.0,50,2471.804371,0.0
-50.0,50,2472.300204,0.0
-50.0,50,2472.809464,0.0
-50.0,50,2473.309673,0.0
-50.0,50,2473.807089,0.0
-50.0,50,2474.307836,0.0
-50.0,50,2474.813363,0.0
-50.0,50,2475.315919,0.0
-50.0,50,2475.810037,0.0
-50.0,50,2476.312335,0.0
-50.0,50,2476.819757,0.0
-50.0,50,2477.33349,0.0
-50.0,50,2477.836703,0.0
-50.0,50,2478.339407,0.0
-50.0,50,2478.854419,0.0
-50.0,50,2479.34763,0.0
-50.0,50,2479.849487,0.0
-50.0,50,2480.353781,0.0
-50.0,50,2480.856072,0.0
-50.0,50,2481.357157,0.0
0.0,50,2481.854137,1.0
0.0,50,2482.367045,1.0
-50.0,50,2482.866207,0.0
-50.0,50,2483.367711,0.0
-50.0,50,2483.861791,0.0
-50.0,50,2484.35509,0.0
-50.0,50,2484.853757,0.0
-50.0,50,2485.346038,0.0
-50.0,50,2485.842607,0.0
0.0,50,2486.32895,1.0
-50.0,50,2486.82732,0.0
-50.0,50,2487.314748,0.0
-50.0,50,2487.806075,0.0
-50.0,50,2488.29593,0.0
-50.0,50,2488.807068,0.0
0.0,50,2489.29688,1.0
-50.0,50,2489.790412,0.0
-50.0,50,2490.288349,0.0
-50.0,50,2490.797575,0.0
-50.0,50,2491.296909,0.0
-50.0,50,2491.793437,0.0
-50.0,50,2492.281099,0.0
-50.0,50,2492.788469,0.0
-50.0,50,2493.281719,0.0
-50.0,50,2493.768289,0.0
-50.0,50,2494.266833,0.0
0.0,50,2494.76807,1.0
-50.0,50,2495.269463,0.0
-50.0,50,2495.768054,0.0
-50.0,50,2496.259168,0.0
-50.0,50,2496.777784,0.0
-50.0,50,2497.264862,0.0
-50.0,50,2497.760758,0.0
-50.0,50,2498.249264,0.0
-50.0,50,2498.753952,0.0
-50.0,50,2499.251557,0.0
-50.0,50,2499.746701,0.0
-50.0,50,2500.243077,0.0
-50.0,50,2500.74156,0.0
-50.0,50,2501.232973,0.0
-50.0,50,2501.729859,0.0
-50.0,50,2502.241531,0.0
-50.0,50,2502.746936,0.0
-50.0,50,2503.246697,0.0
-50.0,50,2503.741053,0.0
-50.0,50,2504.230631,0.0
-50.0,50,2504.73479,0.0
-50.0,50,2505.225021,0.0
-50.0,50,2505.727986,0.0
-50.0,50,2506.228475,0.0
-50.0,50,2506.729212,0.0
0.0,50,2507.215696,1.0
-50.0,50,2507.701203,0.0
-50.0,50,2508.20014,0.0
-50.0,50,2508.701296,0.0
-50.0,50,2509.197354,0.0
-50.0,50,2509.692551,0.0
-50.0,50,2510.188052,0.0
-50.0,50,2510.696526,0.0
-50.0,50,2511.191329,0.0
-50.0,50,2511.686986,0.0
-50.0,50,2512.176672,0.0
-50.0,50,2512.676114,0.0
-50.0,50,2513.162586,0.0
-50.0,50,2513.650844,0.0
-50.0,50,2514.142577,0.0
-50.0,50,2514.641106,0.0
-50.0,50,2515.128533,0.0
-50.0,50,2515.615265,0.0
-50.0,50,2516.10354,0.0
-50.0,50,2516.614482,0.0
-50.0,50,2517.107623,0.0
-50.0,50,2517.598355,0.0
-50.0,50,2518.103904,0.0
-50.0,50,2518.616634,0.0
-50.0,50,2519.111647,0.0
-50.0,50,2519.605215,0.0
-50.0,50,2520.094188,0.0
-50.0,50,2520.595986,0.0
-50.0,50,2521.098445,0.0
-50.0,50,2521.593567,0.0
-50.0,50,2522.09681,0.0
-50.0,50,2522.601172,0.0
-50.0,50,2523.103474,0.0
-50.0,50,2523.597029,0.0
-50.0,50,2524.088783,0.0
-50.0,50,2524.599522,0.0
-50.0,50,2525.104826,0.0
-50.0,50,2525.607564,0.0
-50.0,50,2526.108002,0.0
-50.0,50,2526.62299,0.0
-50.0,50,2527.114702,0.0
-50.0,50,2527.615098,0.0
0.0,50,2528.10681,1.0
-50.0,50,2528.622801,0.0
-50.0,50,2529.134881,0.0
-50.0,50,2529.625816,0.0
-50.0,50,2530.118052,0.0
-50.0,50,2530.631748,0.0
-50.0,50,2531.12714,0.0
-50.0,50,2531.633566,0.0
-50.0,50,2532.134737,0.0
-50.0,50,2532.647563,0.0
-50.0,50,2533.138922,0.0
-50.0,50,2533.651263,0.0
-50.0,50,2534.152816,0.0
-50.0,50,2534.663435,0.0
-50.0,50,2535.168955,0.0
-50.0,50,2535.660444,0.0
-50.0,50,2536.152257,0.0
-50.0,50,2536.656023,0.0
0.0,50,2537.155872,1.0
-50.0,50,2537.659798,0.0
-50.0,50,2538.149596,0.0
-50.0,50,2541.075943,0.0
-50.0,50,2541.580685,0.0
-50.0,50,2542.082836,0.0
-50.0,50,2542.58443,0.0
-50.0,50,2543.100207,0.0
-50.0,50,2543.607089,0.0
-50.0,50,2544.098639,0.0
-50.0,50,2544.597955,0.0
-50.0,50,2545.113658,0.0
-50.0,50,2545.607484,0.0
0.0,50,2546.100556,1.0
-50.0,50,2546.601999,0.0
-50.0,50,2547.116543,0.0
-50.0,50,2547.606534,0.0
-50.0,50,2548.107152,0.0
-50.0,50,2548.608069,0.0
-50.0,50,2549.122117,0.0
-50.0,50,2549.622827,0.0
-50.0,50,2550.128124,0.0
-50.0,50,2550.626631,0.0
0.0,50,2551.133236,1.0
-50.0,50,2551.638071,0.0
-50.0,50,2552.136356,0.0
-50.0,50,2552.628303,0.0
-50.0,50,2553.136378,0.0
-50.0,50,2553.629603,0.0
-50.0,50,2554.129682,0.0
-50.0,50,2554.643061,0.0
-50.0,50,2555.155771,0.0
-50.0,50,2555.654528,0.0
-50.0,50,2556.146683,0.0
-50.0,50,2556.644646,0.0
-50.0,50,2557.159607,0.0
-50.0,50,2557.654681,0.0
-50.0,50,2558.157917,0.0
-50.0,50,2558.652636,0.0
-50.0,50,2559.164829,0.0
-50.0,50,2559.665015,0.0
-50.0,50,2560.1621,0.0
-50.0,50,2560.659841,0.0
-50.0,50,2561.16979,0.0
-50.0,50,2561.665607,0.0
-50.0,50,2562.165939,0.0
-50.0,50,2562.666784,0.0
-50.0,50,2563.179612,0.0
-50.0,50,2563.676368,0.0
-50.0,50,2564.166007,0.0
-50.0,50,2564.66182,0.0
-50.0,50,2565.164731,0.0
-50.0,50,2565.650779,0.0
-50.0,50,2566.148905,0.0
-50.0,50,2566.6373,0.0
-50.0,50,2567.148541,0.0
-50.0,50,2567.635121,0.0
-50.0,50,2568.121639,0.0
-50.0,50,2568.618739,0.0
-50.0,50,2569.131982,0.0
0.0,50,2569.624682,1.0
-50.0,50,2570.119369,0.0
-50.0,50,2570.615974,0.0
-50.0,50,2571.132671,0.0
-50.0,50,2571.624727,0.0
-50.0,50,2572.13043,0.0
-50.0,50,2572.623698,0.0
-50.0,50,2573.129061,0.0
-50.0,50,2573.627637,0.0
-50.0,50,2574.120486,0.0
-50.0,50,2574.611088,0.0
-50.0,50,2575.116919,0.0
-50.0,50,2575.612657,0.0
-50.0,50,2576.110558,0.0
-50.0,50,2576.605693,0.0
-50.0,50,2577.111745,0.0
-50.0,50,2577.609691,0.0
-50.0,50,2578.100842,0.0
0.0,50,2578.588036,1.0
-50.0,50,2579.090519,0.0
-50.0,50,2579.588268,0.0
-50.0,50,2580.085379,0.0
-50.0,50,2580.586555,0.0
-50.0,50,2581.088082,0.0
-50.0,50,2581.576829,0.0
0.0,50,2582.064971,1.0
-50.0,50,2582.555645,0.0
-50.0,50,2583.061661,0.0
-50.0,50,2583.566556,0.0
-50.0,50,2584.064299,0.0
-50.0,50,2584.563933,0.0
-50.0,50,2585.081515,0.0
-50.0,50,2585.578619,0.0
-50.0,50,2586.071862,0.0
-50.0,50,2586.567422,0.0
-50.0,50,2587.077954,0.0
-50.0,50,2587.570826,0.0
-50.0,50,2588.063154,0.0
-50.0,50,2588.555794,0.0
-50.0,50,2589.05808,0.0
-50.0,50,2589.552444,0.0
-50.0,50,2590.049479,0.0
-50.0,50,2590.551083,0.0
-50.0,50,2591.058879,0.0
-50.0,50,2591.554758,0.0
-50.0,50,2592.052638,0.0
-50.0,50,2592.544525,0.0
-50.0,50,2593.059932,0.0
-50.0,50,2593.555092,0.0
-50.0,50,2594.052983,0.0
-50.0,50,2594.547578,0.0
-50.0,50,2595.05602,0.0
-50.0,50,2595.554511,0.0
0.0,50,2596.053389,1.0
-50.0,50,2596.556636,0.0
-50.0,50,2597.073201,0.0
-50.0,50,2597.567528,0.0
0.0,50,2598.05542,1.0
-50.0,50,2598.551375,0.0
-50.0,50,2599.081066,0.0
-50.0,50,2599.577085,0.0
-50.0,50,2600.065233,0.0
-50.0,50,2600.565662,0.0
0.0,50,2601.07513,1.0
-50.0,50,2601.585243,0.0
-50.0,50,2602.08684,0.0
-50.0,50,2602.58587,0.0
-50.0,50,2603.092354,0.0
-50.0,50,2603.58162,0.0
-50.0,50,2604.081312,0.0
-50.0,50,2604.572093,0.0
-50.0,50,2605.072621,0.0
-50.0,50,2605.568839,0.0
-50.0,50,2606.069278,0.0
-50.0,50,2606.567771,0.0
-50.0,50,2607.079972,0.0
-50.0,50,2607.571777,0.0
-50.0,50,2608.065525,0.0
0.0,50,2608.55724,1.0
-50.0,50,2609.071034,0.0
-50.0,50,2609.566464,0.0
-50.0,50,2610.057839,0.0
-50.0,50,2610.545885,0.0
-50.0,50,2611.053867,0.0
-50.0,50,2611.552805,0.0
0.0,50,2612.040418,1.0
-50.0,50,2612.534645,0.0
-50.0,50,2613.047987,0.0
-50.0,50,2613.535745,0.0
-50.0,50,2614.032999,0.0
-50.0,50,2614.52914,0.0
-50.0,50,2615.051192,0.0
-50.0,50,2615.53978,0.0
-50.0,50,2616.027081,0.0
-50.0,50,2616.525839,0.0
-50.0,50,2617.036055,0.0
0.0,50,2617.535837,1.0
-50.0,50,2618.02503,0.0
-50.0,50,2618.521268,0.0
-50.0,50,2619.033891,0.0
-50.0,50,2619.532868,0.0
-50.0,50,2620.027527,0.0
-50.0,50,2620.531687,0.0
-50.0,50,2621.039455,0.0
-50.0,50,2621.539451,0.0
-50.0,50,2622.039037,0.0
-50.0,50,2622.534748,0.0
-50.0,50,2623.036671,0.0
0.0,50,2623.531332,1.0
-50.0,50,2624.029302,0.0
-50.0,50,2624.518916,0.0
-50.0,50,2625.030444,0.0
-50.0,50,2625.523158,0.0
-50.0,50,2626.013878,0.0
-50.0,50,2626.505525,0.0
-50.0,50,2627.014187,0.0
-50.0,50,2627.517438,0.0
-50.0,50,2628.017374,0.0
-50.0,50,2628.508795,0.0
-50.0,50,2629.027372,0.0
-50.0,50,2629.521627,0.0
-50.0,50,2630.03073,0.0
-50.0,50,2630.524996,0.0
-50.0,50,2631.035012,0.0
-50.0,50,2631.539026,0.0
-50.0,50,2632.033053,0.0
-50.0,50,2632.527903,0.0
0.0,50,2633.031675,1.0
-50.0,50,2633.528312,0.0
-50.0,50,2634.023972,0.0
-50.0,50,2634.52703,0.0
-50.0,50,2635.036754,0.0
-50.0,50,2635.533113,0.0
-50.0,50,2636.02578,0.0
-50.0,50,2636.523963,0.0
-50.0,50,2637.027891,0.0
-50.0,50,2637.521924,0.0
-50.0,50,2638.012887,0.0
-50.0,50,2638.507965,0.0
-50.0,50,2639.007383,0.0
-50.0,50,2639.497832,0.0
-50.0,50,2639.990713,0.0
-50.0,50,2640.480685,0.0
-50.0,50,2643.264422,0.0
-50.0,50,2643.762083,0.0
-50.0,50,2644.259045,0.0
-50.0,50,2644.751053,0.0
-50.0,50,2645.2572,0.0
-50.0,50,2645.749471,0.0
-50.0,50,2646.246341,0.0
-50.0,50,2646.746867,0.0
-50.0,50,2647.256935,0.0
-50.0,50,2647.756985,0.0
-50.0,50,2648.246389,0.0
-50.0,50,2648.739162,0.0
-50.0,50,2649.251075,0.0
0.0,50,2649.752103,1.0
0.0,50,2650.252283,1.0
-50.0,50,2650.751035,0.0
-50.0,50,2651.252024,0.0
-50.0,50,2651.743073,0.0
-50.0,50,2652.230554,0.0
-50.0,50,2652.719398,0.0
-50.0,50,2653.217268,0.0
-50.0,50,2653.706886,0.0
-50.0,50,2654.195208,0.0
-50.0,50,2654.695687,0.0
-50.0,50,2655.199922,0.0
-50.0,50,2655.699082,0.0
-50.0,50,2656.200797,0.0
-50.0,50,2656.689233,0.0
0.0,50,2657.202734,1.0
-50.0,50,2657.703031,0.0
-50.0,50,2658.202693,0.0
-50.0,50,2658.695837,0.0
-50.0,50,2659.203269,0.0
-50.0,50,2659.69231,0.0
-50.0,50,2660.181679,0.0
-50.0,50,2660.679156,0.0
-50.0,50,2661.186168,0.0
-50.0,50,2661.683397,0.0
-50.0,50,2662.178169,0.0
-50.0,50,2662.68069,0.0
-50.0,50,2663.187879,0.0
-50.0,50,2663.688385,0.0
-50.0,50,2664.191917,0.0
-50.0,50,2664.687554,0.0
-50.0,50,2665.195152,0.0
-50.0,50,2665.694007,0.0
-50.0,50,2666.188184,0.0
-50.0,50,2666.687624,0.0
-50.0,50,2667.195031,0.0
-50.0,50,2667.694227,0.0
0.0,50,2668.195312,1.0
-50.0,50,2668.696168,0.0
-50.0,50,2669.205059,0.0
-50.0,50,2669.690371,0.0
-50.0,50,2670.185253,0.0
-50.0,50,2670.675831,0.0
-50.0,50,2671.18328,0.0
0.0,50,2671.683396,1.0
-50.0,50,2672.17389,0.0
-50.0,50,2672.671039,0.0
-50.0,50,2673.167015,0.0
-50.0,50,2673.665909,0.0
-50.0,50,2674.150035,0.0
-50.0,50,2674.646351,0.0
-50.0,50,2675.148266,0.0
-50.0,50,2675.64741,0.0
-50.0,50,2676.139987,0.0
-50.0,50,2676.635207,0.0
-50.0,50,2677.129994,0.0
-50.0,50,2677.625316,0.0
-50.0,50,2678.120837,0.0
-50.0,50,2678.604882,0.0
-50.0,50,2679.099043,0.0
-50.0,50,2679.58511,0.0
-50.0,50,2680.081315,0.0
-50.0,50,2680.578291,0.0
-50.0,50,2681.087095,0.0
-50.0,50,2681.579178,0.0
-50.0,50,2682.080338,0.0
-50.0,50,2682.573131,0.0
-50.0,50,2683.079432,0.0
-50.0,50,2683.580307,0.0
-50.0,50,2684.077145,0.0
-50.0,50,2684.571277,0.0
-50.0,50,2685.082614,0.0
-50.0,50,2685.579215,0.0
-50.0,50,2686.075557,0.0
-50.0,50,2686.568628,0.0
-50.0,50,2687.077553,0.0
-50.0,50,2687.57437,0.0
-50.0,50,2688.072402,0.0
0.0,50,2688.574471,1.0
0.0,50,2689.071803,1.0
-50.0,50,2689.56341,0.0
-50.0,50,2690.051029,0.0
-50.0,50,2690.549117,0.0
-50.0,50,2691.049801,0.0
-50.0,50,2691.543385,0.0
-50.0,50,2692.047076,0.0
-50.0,50,2692.556312,0.0
-50.0,50,2693.072829,0.0
-50.0,50,2693.57631,0.0
-50.0,50,2694.086586,0.0
-50.0,50,2694.594672,0.0
-50.0,50,2695.105925,0.0
-50.0,50,2695.609929,0.0
-50.0,50,2696.124506,0.0
-50.0,50,2696.641088,0.0
-50.0,50,2697.152564,0.0
-50.0,50,2697.661575,0.0
-50.0,50,2698.172513,0.0
-50.0,50,2698.68436,0.0
-50.0,50,2699.199808,0.0
-50.0,50,2699.716737,0.0
-50.0,50,2700.233649,0.0
-50.0,50,2700.739165,0.0
-50.0,50,2701.267892,0.0
-50.0,50,2701.77395,0.0
-50.0,50,2702.274838,0.0
-50.0,50,2702.786914,0.0
-50.0,50,2703.310997,0.0
-50.0,50,2703.813479,0.0
-50.0,50,2704.317316,0.0
-50.0,50,2704.825736,0.0
-50.0,50,2705.348286,0.0
-50.0,50,2705.853024,0.0
-50.0,50,2706.361086,0.0
-50.0,50,2706.869668,0.0
-50.0,50,2707.386042,0.0
-50.0,50,2707.886727,0.0
-50.0,50,2708.384209,0.0
0.0,50,2708.894125,1.0
-50.0,50,2709.413823,0.0
-50.0,50,2709.923531,0.0
-50.0,50,2710.42432,0.0
-50.0,50,2710.922892,0.0
-50.0,50,2711.441838,0.0
-50.0,50,2711.947117,0.0
-50.0,50,2712.459802,0.0
-50.0,50,2712.967778,0.0
-50.0,50,2713.478201,0.0
-50.0,50,2713.977597,0.0
-50.0,50,2714.485701,0.0
-50.0,50,2714.994529,0.0
-50.0,50,2715.5095,0.0
-50.0,50,2716.01777,0.0
-50.0,50,2716.520966,0.0
-50.0,50,2717.023103,0.0
-50.0,50,2717.525085,0.0
-50.0,50,2718.025392,0.0
-50.0,50,2718.516266,0.0
-50.0,50,2719.006926,0.0
-50.0,50,2719.514416,0.0
-50.0,50,2720.015676,0.0
-50.0,50,2720.516463,0.0
-50.0,50,2721.025006,0.0
-50.0,50,2721.531039,0.0
-50.0,50,2722.028196,0.0
-50.0,50,2722.533083,0.0
-50.0,50,2723.035725,0.0
-50.0,50,2723.54869,0.0
-50.0,50,2724.052516,0.0
-50.0,50,2724.553638,0.0
-50.0,50,2725.052786,0.0
-50.0,50,2725.5651,0.0
-50.0,50,2726.078245,0.0
-50.0,50,2726.569712,0.0
-50.0,50,2727.071602,0.0
-50.0,50,2727.592403,0.0
-50.0,50,2728.087234,0.0
-50.0,50,2728.587023,0.0
-50.0,50,2729.096692,0.0
0.0,50,2729.602988,1.0
-50.0,50,2730.105852,0.0
-50.0,50,2730.60752,0.0
-50.0,50,2731.100285,0.0
-50.0,50,2731.60025,0.0
-50.0,50,2732.096769,0.0
-50.0,50,2732.592392,0.0
-50.0,50,2733.097009,0.0
-50.0,50,2733.612776,0.0
-50.0,50,2734.113432,0.0
-50.0,50,2734.605186,0.0
-50.0,50,2735.102685,0.0
-50.0,50,2735.616827,0.0
0.0,50,2736.111282,1.0
-50.0,50,2736.604569,0.0
-50.0,50,2737.097502,0.0
-50.0,50,2737.603179,0.0
-50.0,50,2738.097941,0.0
-50.0,50,2738.600271,0.0
-50.0,50,2739.100617,0.0
-50.0,50,2739.612688,0.0
-50.0,50,2740.113707,0.0
-50.0,50,2740.614082,0.0
-50.0,50,2741.105577,0.0
0.0,50,2741.614004,1.0
-50.0,50,2742.106119,0.0
0.0,50,2742.610619,1.0
-50.0,50,2743.114753,0.0
-50.0,50,2745.976724,0.0
-50.0,50,2746.471837,0.0
-50.0,50,2746.97054,0.0
-50.0,50,2747.466187,0.0
-50.0,50,2747.970454,0.0
-50.0,50,2748.461424,0.0
-50.0,50,2748.961758,0.0
-50.0,50,2749.460732,0.0
-50.0,50,2749.96971,0.0
-50.0,50,2750.457824,0.0
-50.0,50,2750.957972,0.0
-50.0,50,2751.455735,0.0
-50.0,50,2751.967406,0.0
-50.0,50,2752.45617,0.0
-50.0,50,2752.944675,0.0
-50.0,50,2753.445761,0.0
-50.0,50,2753.947372,0.0
-50.0,50,2754.444259,0.0
-50.0,50,2754.931154,0.0
-50.0,50,2755.428932,0.0
-50.0,50,2755.938024,0.0
-50.0,50,2756.427227,0.0
-50.0,50,2756.933496,0.0
-50.0,50,2757.429118,0.0
-50.0,50,2757.927674,0.0
-50.0,50,2758.420529,0.0
-50.0,50,2758.923164,0.0
-50.0,50,2759.411213,0.0
-50.0,50,2759.915054,0.0
-50.0,50,2760.415324,0.0
-50.0,50,2760.912776,0.0
0.0,50,2761.403505,1.0
-50.0,50,2761.921011,0.0
-50.0,50,2762.410575,0.0
-50.0,50,2762.911434,0.0
-50.0,50,2763.401867,0.0
-50.0,50,2763.921739,0.0
0.0,50,2764.422426,1.0
-50.0,50,2764.925948,0.0
-50.0,50,2765.427584,0.0
-50.0,50,2765.927679,0.0
-50.0,50,2766.424128,0.0
-50.0,50,2766.912624,0.0
-50.0,50,2767.403289,0.0
-50.0,50,2767.902902,0.0
-50.0,50,2768.393155,0.0
-50.0,50,2768.895599,0.0
-50.0,50,2769.384144,0.0
-50.0,50,2769.896674,0.0
-50.0,50,2770.398403,0.0
-50.0,50,2770.898209,0.0
-50.0,50,2771.401999,0.0
-50.0,50,2771.916397,0.0
-50.0,50,2772.422682,0.0
-50.0,50,2772.92412,0.0
-50.0,50,2773.429136,0.0
-50.0,50,2773.939733,0.0
-50.0,50,2774.44137,0.0
-50.0,50,2774.939701,0.0
-50.0,50,2775.443235,0.0
0.0,50,2775.959175,1.0
0.0,50,2776.464288,1.0
-50.0,50,2776.949705,0.0
-50.0,50,2777.432199,0.0
0.0,50,2777.928484,1.0
-50.0,50,2778.428656,0.0
-50.0,50,2778.925527,0.0
-50.0,50,2779.418805,0.0
-50.0,50,2779.921672,0.0
-50.0,50,2780.418832,0.0
-50.0,50,2780.912029,0.0
-50.0,50,2781.404512,0.0
-50.0,50,2781.916493,0.0
-50.0,50,2782.438626,0.0
-50.0,50,2782.947632,0.0
-50.0,50,2783.451897,0.0
-50.0,50,2783.961197,0.0
-50.0,50,2784.458835,0.0
-50.0,50,2784.967197,0.0
-50.0,50,2785.472598,0.0
-50.0,50,2785.979285,0.0
-50.0,50,2786.476673,0.0
0.0,50,2786.983879,1.0
-50.0,50,2787.499503,0.0
-50.0,50,2788.020526,0.0
-50.0,50,2788.52162,0.0
-50.0,50,2789.02944,0.0
-50.0,50,2789.530643,0.0
-50.0,50,2790.04861,0.0
-50.0,50,2790.56109,0.0
-50.0,50,2791.06121,0.0
-50.0,50,2791.571776,0.0
-50.0,50,2792.081567,0.0
-50.0,50,2792.593551,0.0
-50.0,50,2793.099831,0.0
-50.0,50,2793.607423,0.0
-50.0,50,2794.117481,0.0
0.0,50,2794.628241,1.0
-50.0,50,2795.12988,0.0
-50.0,50,2795.635659,0.0
-50.0,50,2796.156574,0.0
-50.0,50,2796.664891,0.0
0.0,50,2797.174946,1.0
-50.0,50,2797.675419,0.0
-50.0,50,2798.194434,0.0
-50.0,50,2798.695751,0.0
-50.0,50,2799.203373,0.0
-50.0,50,2799.714957,0.0
-50.0,50,2800.251593,0.0
-50.0,50,2800.752813,0.0
-50.0,50,2801.259803,0.0
-50.0,50,2801.758005,0.0
-50.0,50,2802.251974,0.0
0.0,50,2802.741496,1.0
-50.0,50,2803.240345,0.0
-50.0,50,2803.742822,0.0
-50.0,50,2804.251555,0.0
-50.0,50,2804.73835,0.0
-50.0,50,2805.238709,0.0
0.0,50,2805.721445,1.0
-50.0,50,2806.22458,0.0
-50.0,50,2806.726014,0.0
-50.0,50,2807.211038,0.0
-50.0,50,2807.695499,0.0
-50.0,50,2808.19266,0.0
-50.0,50,2808.692708,0.0
-50.0,50,2809.18202,0.0
-50.0,50,2809.681548,0.0
-50.0,50,2810.188615,0.0
-50.0,50,2810.677412,0.0
-50.0,50,2811.182942,0.0
-50.0,50,2811.677637,0.0
-50.0,50,2812.186134,0.0
-50.0,50,2812.681086,0.0
-50.0,50,2813.17825,0.0
-50.0,50,2813.690786,0.0
-50.0,50,2814.194978,0.0
-50.0,50,2814.701799,0.0
-50.0,50,2815.204304,0.0
-50.0,50,2815.709374,0.0
-50.0,50,2816.226885,0.0
-50.0,50,2816.728437,0.0
-50.0,50,2817.232729,0.0
0.0,50,2817.736359,1.0
-50.0,50,2818.244344,0.0
-50.0,50,2818.735019,0.0
-50.0,50,2819.224293,0.0
-50.0,50,2819.722914,0.0
-50.0,50,2820.241481,0.0
-50.0,50,2820.740949,0.0
-43.0,50,2821.230513,0.0
-50.0,50,2821.721339,0.0
0.0,50,2822.222837,1.0
-50.0,50,2822.715585,0.0
-50.0,50,2823.215771,0.0
-50.0,50,2823.705178,0.0
-50.0,50,2824.204875,0.0
-50.0,50,2824.693867,0.0
-50.0,50,2825.182986,0.0
-50.0,50,2825.684369,0.0
-50.0,50,2826.188112,0.0
-50.0,50,2826.682031,0.0
-50.0,50,2827.175619,0.0
-50.0,50,2827.66808,0.0
-50.0,50,2828.180134,0.0
-50.0,50,2828.672724,0.0
0.0,50,2829.184101,1.0
-50.0,50,2829.680278,0.0
-50.0,50,2830.181376,0.0
-50.0,50,2830.678578,0.0
-50.0,50,2831.176952,0.0
0.0,50,2831.672002,1.0
0.0,50,2832.170474,1.0
-50.0,50,2832.65993,0.0
-50.0,50,2833.149788,0.0
-50.0,50,2833.6464,0.0
-50.0,50,2834.152064,0.0
-50.0,50,2834.641456,0.0
-50.0,50,2835.132738,0.0
-50.0,50,2835.622479,0.0
-50.0,50,2836.121248,0.0
-50.0,50,2836.616521,0.0
-50.0,50,2837.112772,0.0
-50.0,50,2837.615793,0.0
-50.0,50,2838.114963,0.0
-50.0,50,2838.604646,0.0
-50.0,50,2839.093488,0.0
-50.0,50,2839.582024,0.0
-50.0,50,2840.093532,0.0
-50.0,50,2840.583995,0.0
-50.0,50,2841.079313,0.0
-50.0,50,2841.596308,0.0
0.0,50,2842.108903,1.0
-50.0,50,2842.596422,0.0
-50.0,50,2843.096836,0.0
-50.0,50,2843.596073,0.0
-50.0,50,2844.107004,0.0
-50.0,50,2844.597897,0.0
-50.0,50,2845.093804,0.0
-50.0,50,2845.59141,0.0
-50.0,50,2848.473957,0.0
-50.0,50,2848.970171,0.0
-50.0,50,2849.469947,0.0
-50.0,50,2849.967691,0.0
-50.0,50,2850.471372,0.0
-50.0,50,2850.962102,0.0
-50.0,50,2851.462999,0.0
-50.0,50,2851.964089,0.0
-50.0,50,2852.464749,0.0
-50.0,50,2852.961089,0.0
-50.0,50,2853.457772,0.0
-50.0,50,2853.956578,0.0
-50.0,50,2854.464655,0.0
-50.0,50,2854.95985,0.0
-50.0,50,2855.445791,0.0
-50.0,50,2855.934792,0.0
-50.0,50,2856.443992,0.0
-50.0,50,2856.946594,0.0
-50.0,50,2857.43889,0.0
-50.0,50,2857.938276,0.0
-50.0,50,2858.441678,0.0
-50.0,50,2858.928636,0.0
-50.0,50,2859.415514,0.0
-50.0,50,2859.901644,0.0
-50.0,50,2860.407447,0.0
0.0,50,2860.900525,1.0
-50.0,50,2861.396067,0.0
-50.0,50,2861.890965,0.0
-50.0,50,2862.399311,0.0
-50.0,50,2862.89997,0.0
-50.0,50,2863.405558,0.0
-50.0,50,2863.910549,0.0
-50.0,50,2864.417908,0.0
-50.0,50,2864.917445,0.0
-50.0,50,2865.415355,0.0
-50.0,50,2865.911796,0.0
-50.0,50,2866.429544,0.0
-50.0,50,2866.932988,0.0
-50.0,50,2867.444605,0.0
-50.0,50,2867.944817,0.0
-50.0,50,2868.469838,0.0
-50.0,50,2868.977366,0.0
-50.0,50,2869.491801,0.0
-50.0,50,2870.003526,0.0
-50.0,50,2870.524462,0.0
-50.0,50,2871.033918,0.0
-50.0,50,2871.538286,0.0
-50.0,50,2872.041176,0.0
-50.0,50,2872.551662,0.0
-50.0,50,2873.046666,0.0
-50.0,50,2873.537858,0.0
-50.0,50,2874.02728,0.0
-50.0,50,2874.528635,0.0
-50.0,50,2875.029856,0.0
-50.0,50,2875.527719,0.0
-50.0,50,2876.028212,0.0
-50.0,50,2876.540347,0.0
-50.0,50,2877.035873,0.0
-50.0,50,2877.530725,0.0
-50.0,50,2878.032297,0.0
-50.0,50,2878.548535,0.0
-50.0,50,2879.051348,0.0
-50.0,50,2879.545707,0.0
-50.0,50,2880.049558,0.0
-50.0,50,2880.562023,0.0
-50.0,50,2881.058788,0.0
-50.0,50,2881.564318,0.0
-50.0,50,2882.069613,0.0
-50.0,50,2882.580643,0.0
-50.0,50,2883.077623,0.0
-50.0,50,2883.574244,0.0
-50.0,50,2884.066719,0.0
-50.0,50,2884.58354,0.0
-50.0,50,2885.083345,0.0
-50.0,50,2885.577922,0.0
-50.0,50,2886.065788,0.0
-50.0,50,2886.56503,0.0
-50.0,50,2887.061987,0.0
-50.0,50,2887.554481,0.0
-50.0,50,2888.04444,0.0
-50.0,50,2888.546183,0.0
-50.0,50,2889.037719,0.0
-50.0,50,2889.534527,0.0
-50.0,50,2890.035577,0.0
-50.0,50,2890.537023,0.0
-50.0,50,2891.035611,0.0
-50.0,50,2891.538019,0.0
-50.0,50,2892.037023,0.0
0.0,50,2892.546372,1.0
-50.0,50,2893.045824,0.0
-50.0,50,2893.535072,0.0
-50.0,50,2894.026283,0.0
-50.0,50,2894.538425,0.0
-50.0,50,2895.026269,0.0
-50.0,50,2895.524529,0.0
-50.0,50,2896.014505,0.0
-50.0,50,2896.524312,0.0
-50.0,50,2897.012964,0.0
-50.0,50,2897.503915,0.0
-50.0,50,2898.005207,0.0
-50.0,50,2898.513732,0.0
-50.0,50,2899.011798,0.0
-50.0,50,2899.512098,0.0
-50.0,50,2900.014666,0.0
-50.0,50,2900.525478,0.0
-50.0,50,2901.015774,0.0
-50.0,50,2901.521606,0.0
-50.0,50,2902.012736,0.0
-50.0,50,2902.535258,0.0
0.0,50,2903.029684,1.0
-50.0,50,2903.530421,0.0
-50.0,50,2904.030653,0.0
0.0,50,2904.542374,1.0
-50.0,50,2905.033526,0.0
-50.0,50,2905.523046,0.0
-50.0,50,2906.016149,0.0
-50.0,50,2906.518385,0.0
-50.0,50,2907.008731,0.0
-50.0,50,2907.498945,0.0
-50.0,50,2907.988672,0.0
-50.0,50,2908.498006,0.0
-50.0,50,2908.998443,0.0
-50.0,50,2909.50027,0.0
-50.0,50,2910.001512,0.0
0.0,50,2910.521732,1.0
0.0,50,2911.014062,1.0
-50.0,50,2911.508156,0.0
-50.0,50,2912.000798,0.0
-50.0,50,2912.505394,0.0
-50.0,50,2913.004968,0.0
-50.0,50,2913.496904,0.0
-50.0,50,2913.997466,0.0
-50.0,50,2914.510486,0.0
-50.0,50,2915.004524,0.0
-50.0,50,2915.504876,0.0
-50.0,50,2916.004271,0.0
-50.0,50,2916.522994,0.0
-50.0,50,2917.028821,0.0
-50.0,50,2917.529748,0.0
-50.0,50,2918.027054,0.0
-50.0,50,2918.540199,0.0
-50.0,50,2919.035339,0.0
-50.0,50,2919.526943,0.0
-50.0,50,2920.022174,0.0
-50.0,50,2920.531214,0.0
-50.0,50,2921.029498,0.0
-50.0,50,2921.520403,0.0
0.0,50,2922.011343,1.0
-50.0,50,2922.519167,0.0
-50.0,50,2923.013891,0.0
0.0,50,2923.506173,1.0
-50.0,50,2924.007552,0.0
-50.0,50,2924.509884,0.0
-50.0,50,2925.000037,0.0
-50.0,50,2925.490042,0.0
-50.0,50,2925.985108,0.0
-50.0,50,2926.498515,0.0
-50.0,50,2926.992256,0.0
-50.0,50,2927.492125,0.0
-50.0,50,2927.98899,0.0
-50.0,50,2928.492312,0.0
-50.0,50,2928.99123,0.0
-50.0,50,2929.491725,0.0
-50.0,50,2929.993136,0.0
-50.0,50,2930.504394,0.0
-50.0,50,2931.004922,0.0
-50.0,50,2931.509468,0.0
-50.0,50,2932.008724,0.0
-50.0,50,2932.514255,0.0
-50.0,50,2933.007252,0.0
-50.0,50,2933.504479,0.0
-50.0,50,2934.005764,0.0
-50.0,50,2934.513629,0.0
-50.0,50,2935.01021,0.0
-50.0,50,2935.499964,0.0
-50.0,50,2935.99704,0.0
-50.0,50,2936.509743,0.0
-50.0,50,2937.006948,0.0
-50.0,50,2937.505196,0.0
-50.0,50,2938.007191,0.0
-50.0,50,2938.528903,0.0
-50.0,50,2939.0272,0.0
-50.0,50,2939.52452,0.0
-50.0,50,2940.024364,0.0
0.0,50,2940.545419,1.0
-50.0,50,2941.043563,0.0
-50.0,50,2941.531375,0.0
-50.0,50,2942.03165,0.0
-50.0,50,2942.535062,0.0
-50.0,50,2943.03384,0.0
-50.0,50,2943.534871,0.0
-50.0,50,2944.031468,0.0
-50.0,50,2944.544149,0.0
-50.0,50,2945.03665,0.0
-50.0,50,2945.524864,0.0
-50.0,50,2946.013726,0.0
-50.0,50,2946.518085,0.0
-50.0,50,2947.016135,0.0
-50.0,50,2947.514445,0.0
-50.0,50,2948.003844,0.0
-50.0,50,2950.838736,0.0
0.0,50,2951.325826,1.0
-50.0,50,2951.822549,0.0
-50.0,50,2952.321453,0.0
-50.0,50,2952.820883,0.0
-50.0,50,2953.310272,0.0
-50.0,50,2953.799062,0.0
-50.0,50,2954.28974,0.0
-50.0,50,2954.789568,0.0
-50.0,50,2955.287762,0.0
-50.0,50,2955.776629,0.0
-50.0,50,2956.276015,0.0
-50.0,50,2956.779243,0.0
-50.0,50,2957.267284,0.0
-50.0,50,2957.767097,0.0
-50.0,50,2958.267593,0.0
-50.0,50,2958.770006,0.0
-50.0,50,2959.258427,0.0
-50.0,50,2959.748976,0.0
-50.0,50,2960.242045,0.0
-50.0,50,2960.753515,0.0
0.0,50,2961.258322,1.0
-50.0,50,2961.752121,0.0
-50.0,50,2962.250952,0.0
-50.0,50,2962.754967,0.0
0.0,50,2963.255306,1.0
-50.0,50,2963.756963,0.0
-50.0,50,2964.251049,0.0
-50.0,50,2964.75464,0.0
-50.0,50,2965.258763,0.0
-50.0,50,2965.762513,0.0
-50.0,50,2966.263346,0.0
-50.0,50,2966.776621,0.0
-50.0,50,2967.272184,0.0
-50.0,50,2967.770953,0.0
-50.0,50,2968.272038,0.0
-50.0,50,2968.779429,0.0
-50.0,50,2969.278527,0.0
-50.0,50,2969.769042,0.0
-50.0,50,2970.267244,0.0
-50.0,50,2970.788874,0.0
-50.0,50,2971.289358,0.0
-50.0,50,2971.783118,0.0
-50.0,50,2972.27839,0.0
-50.0,50,2972.795466,0.0
-50.0,50,2973.288113,0.0
-50.0,50,2973.779977,0.0
-50.0,50,2974.279278,0.0
0.0,50,2974.795846,1.0
-50.0,50,2975.296227,0.0
-50.0,50,2975.787777,0.0
-50.0,50,2976.278249,0.0
-50.0,50,2976.780204,0.0
-50.0,50,2977.268759,0.0
-50.0,50,2977.760929,0.0
-50.0,50,2978.245083,0.0
-50.0,50,2978.748597,0.0
-50.0,50,2979.238931,0.0
-50.0,50,2979.736344,0.0
-50.0,50,2980.236492,0.0
-50.0,50,2980.747506,0.0
-50.0,50,2981.237648,0.0
-50.0,50,2981.726228,0.0
-50.0,50,2982.210274,0.0
-50.0,50,2982.717166,0.0
-50.0,50,2983.206552,0.0
-50.0,50,2983.704422,0.0
-50.0,50,2984.207698,0.0
-50.0,50,2984.710686,0.0
-50.0,50,2985.200977,0.0
-50.0,50,2985.690471,0.0
-50.0,50,2986.179399,0.0
-50.0,50,2986.686189,0.0
-50.0,50,2987.189742,0.0
-50.0,50,2987.678571,0.0
-50.0,50,2988.177799,0.0
-50.0,50,2988.679262,0.0
-50.0,50,2989.175157,0.0
-50.0,50,2989.664692,0.0
-50.0,50,2990.162573,0.0
-50.0,50,2990.676039,0.0
-50.0,50,2991.180602,0.0
-50.0,50,2991.677294,0.0
0.0,50,2992.1687,1.0
-50.0,50,2992.670522,0.0
-50.0,50,2993.158153,0.0
-50.0,50,2993.655248,0.0
-50.0,50,2994.153502,0.0
-50.0,50,2994.667838,0.0
-50.0,50,2995.156729,0.0
-50.0,50,2995.642305,0.0
-50.0,50,2996.140359,0.0
-50.0,50,2996.636317,0.0
-50.0,50,2997.135487,0.0
-50.0,50,2997.637532,0.0
-50.0,50,2998.136458,0.0
-50.0,50,2998.645399,0.0
-50.0,50,2999.133277,0.0
-50.0,50,2999.633885,0.0
-50.0,50,3000.130744,0.0
-50.0,50,3000.641811,0.0
-50.0,50,3001.140127,0.0
-50.0,50,3001.635791,0.0
-50.0,50,3002.125358,0.0
0.0,50,3002.631782,1.0
-50.0,50,3003.13261,0.0
-50.0,50,3003.635256,0.0
-50.0,50,3004.125932,0.0
-50.0,50,3004.635143,0.0
0.0,50,3005.125908,1.0
-50.0,50,3005.626442,0.0
-50.0,50,3006.125734,0.0
-50.0,50,3006.634673,0.0
-50.0,50,3007.142072,0.0
-50.0,50,3007.631166,0.0
-50.0,50,3008.128086,0.0
-50.0,50,3008.635872,0.0
-50.0,50,3009.131522,0.0
-50.0,50,3009.618597,0.0
-50.0,50,3010.106772,0.0
-50.0,50,3010.622788,0.0
-50.0,50,3011.122964,0.0
-50.0,50,3011.611083,0.0
-50.0,50,3012.110625,0.0
-50.0,50,3012.620705,0.0
-50.0,50,3013.108711,0.0
-50.0,50,3013.595888,0.0
-50.0,50,3014.087426,0.0
-50.0,50,3014.644239,0.0
-50.0,50,3015.132591,0.0
0.0,50,3015.619339,1.0
-50.0,50,3016.108984,0.0
0.0,50,3016.616915,1.0
-50.0,50,3017.107473,0.0
-50.0,50,3017.606771,0.0
-50.0,50,3018.114256,0.0
-50.0,50,3018.623189,0.0
-50.0,50,3019.12627,0.0
-50.0,50,3019.627652,0.0
-50.0,50,3020.128497,0.0
-50.0,50,3020.629817,0.0
-50.0,50,3021.12738,0.0
-50.0,50,3021.63498,0.0
-50.0,50,3022.12902,0.0
-50.0,50,3022.652564,0.0
0.0,50,3023.15106,1.0
-50.0,50,3023.64091,0.0
-50.0,50,3024.130665,0.0
-50.0,50,3024.633879,0.0
-50.0,50,3025.135806,0.0
-50.0,50,3025.628898,0.0
-50.0,50,3026.122263,0.0
-50.0,50,3026.627432,0.0
-50.0,50,3027.125343,0.0
-50.0,50,3027.61564,0.0
0.0,50,3028.111218,1.0
-50.0,50,3028.645711,0.0
-50.0,50,3029.14216,0.0
-50.0,50,3029.647714,0.0
-50.0,50,3030.146879,0.0
-50.0,50,3030.696869,0.0
0.0,50,3031.196781,1.0
-50.0,50,3031.694583,0.0
-50.0,50,3032.184719,0.0
-50.0,50,3032.703149,0.0
-50.0,50,3033.197585,0.0
-50.0,50,3033.688584,0.0
-50.0,50,3034.176166,0.0
-50.0,50,3034.724082,0.0
-50.0,50,3035.223619,0.0
-50.0,50,3035.715144,0.0
-50.0,50,3036.214132,0.0
-50.0,50,3036.730324,0.0
-50.0,50,3037.22998,0.0
-50.0,50,3037.728991,0.0
-50.0,50,3038.220901,0.0
-50.0,50,3038.721649,0.0
-50.0,50,3039.209829,0.0
-50.0,50,3039.6996,0.0
-50.0,50,3040.189496,0.0
-50.0,50,3040.699323,0.0
-50.0,50,3041.191809,0.0
-50.0,50,3041.681941,0.0
-50.0,50,3042.179996,0.0
-50.0,50,3042.678523,0.0
-50.0,50,3043.173573,0.0
-50.0,50,3043.664911,0.0
-50.0,50,3044.161271,0.0
-50.0,50,3044.667794,0.0
-50.0,50,3045.159147,0.0
-50.0,50,3045.64903,0.0
-50.0,50,3046.141408,0.0
-50.0,50,3046.644052,0.0
-50.0,50,3047.141778,0.0
-50.0,50,3047.646338,0.0
-50.0,50,3048.146419,0.0
0.0,50,3048.677738,1.0
-50.0,50,3049.167395,0.0
-50.0,50,3049.668623,0.0
0.0,50,3050.157831,1.0
-50.0,50,3052.953969,0.0
-50.0,50,3053.456334,0.0
-50.0,50,3053.947259,0.0
-50.0,50,3054.435195,0.0
-50.0,50,3054.937884,0.0
-50.0,50,3055.431576,0.0
-50.0,50,3055.919981,0.0
-50.0,50,3056.409507,0.0
-50.0,50,3056.916932,0.0
-50.0,50,3057.404891,0.0
-50.0,50,3057.895371,0.0
-50.0,50,3058.383374,0.0
-50.0,50,3058.896407,0.0
-50.0,50,3059.384368,0.0
-50.0,50,3059.874457,0.0
-50.0,50,3060.369192,0.0
-50.0,50,3060.928981,0.0
-50.0,50,3061.418099,0.0
-50.0,50,3061.910824,0.0
-50.0,50,3062.400025,0.0
-50.0,50,3062.919503,0.0
-50.0,50,3063.412129,0.0
-50.0,50,3063.911484,0.0
-50.0,50,3064.40859,0.0
-50.0,50,3064.921165,0.0
-50.0,50,3065.409355,0.0
-50.0,50,3065.901676,0.0
-50.0,50,3066.39501,0.0
-50.0,50,3066.894865,0.0
0.0,50,3067.383565,1.0
-50.0,50,3067.876562,0.0
-50.0,50,3068.364601,0.0
-50.0,50,3068.872689,0.0
-50.0,50,3069.363043,0.0
-50.0,50,3069.853008,0.0
0.0,50,3070.340837,1.0
-50.0,50,3070.894182,0.0
-50.0,50,3071.382752,0.0
0.0,50,3071.883044,1.0
-50.0,50,3072.372995,0.0
-50.0,50,3072.93399,0.0
-50.0,50,3073.421122,0.0
-50.0,50,3073.908801,0.0
-50.0,50,3074.39578,0.0
-50.0,50,3074.900871,0.0
0.0,50,3075.39163,1.0
-50.0,50,3075.887923,0.0
-50.0,50,3076.380882,0.0
-50.0,50,3076.899445,0.0
-50.0,50,3077.388848,0.0
-50.0,50,3077.883173,0.0
-50.0,50,3078.373556,0.0
-50.0,50,3078.899681,0.0
-50.0,50,3079.387849,0.0
-50.0,50,3079.887393,0.0
-50.0,50,3080.382464,0.0
-50.0,50,3080.885267,0.0
-50.0,50,3081.388673,0.0
-50.0,50,3081.890741,0.0
-50.0,50,3082.382593,0.0
-50.0,50,3082.887916,0.0
-50.0,50,3083.375524,0.0
-50.0,50,3083.864426,0.0
-50.0,50,3084.364776,0.0
-50.0,50,3084.861527,0.0
-50.0,50,3085.353603,0.0
-50.0,50,3085.839651,0.0
-50.0,50,3086.324501,0.0
-50.0,50,3086.822372,0.0
-50.0,50,3087.309902,0.0
-50.0,50,3087.80512,0.0
-50.0,50,3088.302524,0.0
-50.0,50,3088.805542,0.0
-50.0,50,3089.292502,0.0
-50.0,50,3089.779757,0.0
0.0,50,3090.275839,1.0
-50.0,50,3090.787899,0.0
-50.0,50,3091.282861,0.0
-50.0,50,3091.773144,0.0
-50.0,50,3092.271869,0.0
-50.0,50,3092.770536,0.0
-50.0,50,3093.263627,0.0
-50.0,50,3093.760692,0.0
-50.0,50,3094.249525,0.0
-50.0,50,3094.757723,0.0
-50.0,50,3095.250143,0.0
-50.0,50,3095.750172,0.0
-50.0,50,3096.239647,0.0
0.0,50,3096.753546,1.0
-50.0,50,3097.252857,0.0
-50.0,50,3097.755467,0.0
-50.0,50,3098.245552,0.0
-50.0,50,3098.750735,0.0
-50.0,50,3099.237677,0.0
-50.0,50,3099.732638,0.0
-50.0,50,3100.228322,0.0
-50.0,50,3100.729916,0.0
-50.0,50,3101.23095,0.0
0.0,50,3101.725709,1.0
-50.0,50,3102.213854,0.0
0.0,50,3102.724844,1.0
0.0,50,3103.222751,1.0
0.0,50,3103.718979,1.0
-50.0,50,3104.209713,0.0
-50.0,50,3104.717576,0.0
-50.0,50,3105.208788,0.0
-50.0,50,3105.70167,0.0
-50.0,50,3106.203002,0.0
-50.0,50,3106.705959,0.0
-50.0,50,3107.197805,0.0
-50.0,50,3107.689556,0.0
0.0,50,3108.190655,1.0
-50.0,50,3108.69278,0.0
0.0,50,3109.191663,1.0
-50.0,50,3109.68353,0.0
-50.0,50,3110.179319,0.0
-50.0,50,3110.686711,0.0
-50.0,50,3111.176849,0.0
-50.0,50,3111.666951,0.0
-50.0,50,3112.157984,0.0
-50.0,50,3112.659719,0.0
-50.0,50,3113.166268,0.0
-50.0,50,3113.663693,0.0
-50.0,50,3114.153177,0.0
-50.0,50,3114.661997,0.0
-50.0,50,3115.153439,0.0
-50.0,50,3115.643681,0.0
-50.0,50,3116.133726,0.0
-50.0,50,3116.63988,0.0
-50.0,50,3117.131255,0.0
-50.0,50,3117.632167,0.0
-50.0,50,3118.129643,0.0
-50.0,50,3118.633803,0.0
-50.0,50,3119.125586,0.0
-50.0,50,3119.617774,0.0
-50.0,50,3120.119896,0.0
-50.0,50,3120.625136,0.0
-50.0,50,3121.116503,0.0
-50.0,50,3121.610623,0.0
-50.0,50,3122.104242,0.0
-50.0,50,3122.625202,0.0
-50.0,50,3123.127603,0.0
-50.0,50,3123.621109,0.0
-50.0,50,3124.114233,0.0
-50.0,50,3124.621575,0.0
0.0,50,3125.124693,1.0
-50.0,50,3125.618886,0.0
0.0,50,3126.120277,1.0
-50.0,50,3126.624028,0.0
-50.0,50,3127.118294,0.0
-50.0,50,3127.611579,0.0
-50.0,50,3128.106212,0.0
-50.0,50,3128.604212,0.0
-50.0,50,3129.094386,0.0
-50.0,50,3129.59361,0.0
-50.0,50,3130.086613,0.0
-50.0,50,3130.589944,0.0
-50.0,50,3131.077208,0.0
-50.0,50,3131.568978,0.0
-50.0,50,3132.055295,0.0
-50.0,50,3132.553881,0.0
-50.0,50,3133.052372,0.0
-50.0,50,3133.550158,0.0
-50.0,50,3134.04124,0.0
-50.0,50,3134.540199,0.0
-50.0,50,3135.031074,0.0
-50.0,50,3135.528009,0.0
-50.0,50,3136.027066,0.0
-50.0,50,3136.522934,0.0
-50.0,50,3137.010799,0.0
-50.0,50,3137.510343,0.0
-50.0,50,3138.010105,0.0
-50.0,50,3138.511669,0.0
-50.0,50,3138.999556,0.0
-50.0,50,3139.489603,0.0
-50.0,50,3139.977487,0.0
-50.0,50,3140.483859,0.0
-50.0,50,3140.990569,0.0
-50.0,50,3141.482482,0.0
-50.0,50,3141.981312,0.0
-50.0,50,3142.482985,0.0
-50.0,50,3142.977508,0.0
-50.0,50,3143.481452,0.0
-50.0,50,3143.964026,0.0
-50.0,50,3144.461891,0.0
-50.0,50,3144.949994,0.0
-50.0,50,3145.442425,0.0
-50.0,50,3145.932919,0.0
0.0,50,3146.439941,1.0
-50.0,50,3146.922527,0.0
-50.0,50,3147.413039,0.0
-50.0,50,3147.89525,0.0
-50.0,50,3148.391811,0.0
-50.0,50,3148.874619,0.0
-50.0,50,3149.357254,0.0
-50.0,50,3149.840831,0.0
-50.0,50,3150.347348,0.0
-50.0,50,3150.825815,0.0
-50.0,50,3151.306029,0.0
-50.0,50,3151.795702,0.0
-50.0,50,3154.478056,0.0
-50.0,50,3154.969281,0.0
-50.0,50,3155.462914,0.0
-50.0,50,3155.949716,0.0
-50.0,50,3156.446239,0.0
-50.0,50,3156.933966,0.0
-50.0,50,3157.422816,0.0
-50.0,50,3157.916861,0.0
-50.0,50,3158.425934,0.0
-50.0,50,3158.914652,0.0
-50.0,50,3159.413558,0.0
-50.0,50,3159.902014,0.0
-50.0,50,3160.40013,0.0
-50.0,50,3160.895527,0.0
-50.0,50,3161.393081,0.0
-50.0,50,3161.882806,0.0
-50.0,50,3162.381684,0.0
-50.0,50,3162.878139,0.0
-50.0,50,3163.37361,0.0
-50.0,50,3163.869001,0.0
-50.0,50,3164.389273,0.0
-50.0,50,3164.889635,0.0
-50.0,50,3165.378441,0.0
-50.0,50,3165.879085,0.0
-50.0,50,3166.395594,0.0
-50.0,50,3166.888131,0.0
-50.0,50,3167.377867,0.0
-50.0,50,3167.881825,0.0
-50.0,50,3168.389398,0.0
-50.0,50,3168.877496,0.0
-50.0,50,3169.374324,0.0
-50.0,50,3169.874309,0.0
-50.0,50,3170.379983,0.0
-50.0,50,3170.867626,0.0
-50.0,50,3171.368675,0.0
-50.0,50,3171.863678,0.0
-50.0,50,3172.38213,0.0
-50.0,50,3172.868528,0.0
-50.0,50,3173.35882,0.0
-50.0,50,3173.849332,0.0
-50.0,50,3174.359058,0.0
-50.0,50,3174.848291,0.0
-50.0,50,3175.337189,0.0
-50.0,50,3175.826208,0.0
-50.0,50,3176.335963,0.0
-50.0,50,3176.82637,0.0
-50.0,50,3177.329471,0.0
-50.0,50,3177.833582,0.0
-50.0,50,3178.349133,0.0
-50.0,50,3178.865185,0.0
-50.0,50,3179.359108,0.0
-50.0,50,3179.853084,0.0
-50.0,50,3180.372241,0.0
-50.0,50,3180.875244,0.0
0.0,50,3181.391876,1.0
-50.0,50,3181.894536,0.0
-50.0,50,3182.405069,0.0
-50.0,50,3182.898022,0.0
-50.0,50,3183.408265,0.0
-50.0,50,3183.923131,0.0
-50.0,50,3184.441418,0.0
-50.0,50,3184.939048,0.0
-50.0,50,3185.465574,0.0
-50.0,50,3185.968341,0.0
-50.0,50,3186.483509,0.0
-50.0,50,3186.987936,0.0
-50.0,50,3187.489796,0.0
-50.0,50,3187.992459,0.0
-50.0,50,3188.506833,0.0
-50.0,50,3189.010975,0.0
-50.0,50,3189.520672,0.0
-50.0,50,3190.033007,0.0
-50.0,50,3190.542937,0.0
0.0,50,3191.039287,1.0
-50.0,50,3191.543894,0.0
-50.0,50,3192.046705,0.0
-50.0,50,3192.545881,0.0
-50.0,50,3193.049081,0.0
-50.0,50,3193.546114,0.0
-50.0,50,3194.043421,0.0
-50.0,50,3194.554629,0.0
-50.0,50,3195.04845,0.0
0.0,50,3195.534921,1.0
-50.0,50,3196.040536,0.0
-50.0,50,3196.552709,0.0
-50.0,50,3197.049335,0.0
-50.0,50,3197.553856,0.0
-50.0,50,3198.063153,0.0
-50.0,50,3198.579197,0.0
-50.0,50,3199.090995,0.0
-50.0,50,3199.589152,0.0
-50.0,50,3200.085979,0.0
-50.0,50,3200.588032,0.0
-50.0,50,3201.090566,0.0
-50.0,50,3201.61409,0.0
-50.0,50,3202.106029,0.0
-50.0,50,3202.610754,0.0
-50.0,50,3203.108235,0.0
-50.0,50,3203.609609,0.0
-50.0,50,3204.100717,0.0
-50.0,50,3204.619372,0.0
-50.0,50,3205.112128,0.0
-50.0,50,3205.612068,0.0
-50.0,50,3206.112083,0.0
-50.0,50,3206.622638,0.0
0.0,50,3207.138823,1.0
-50.0,50,3207.654132,0.0
-50.0,50,3208.160764,0.0
-50.0,50,3208.671232,0.0
-50.0,50,3209.185755,0.0
-50.0,50,3209.67802,0.0
-50.0,50,3210.179185,0.0
-50.0,50,3210.686343,0.0
-50.0,50,3211.19697,0.0
-50.0,50,3211.687893,0.0
-50.0,50,3212.188341,0.0
-50.0,50,3212.691007,0.0
-50.0,50,3213.184265,0.0
-50.0,50,3213.677884,0.0
-50.0,50,3214.175531,0.0
-50.0,50,3214.682069,0.0
-50.0,50,3215.184478,0.0
-50.0,50,3215.679889,0.0
-50.0,50,3216.180645,0.0
-50.0,50,3216.685116,0.0
0.0,50,3217.183967,1.0
-50.0,50,3217.67989,0.0
-50.0,50,3218.172781,0.0
-50.0,50,3218.682132,0.0
-50.0,50,3219.18393,0.0
-50.0,50,3219.68017,0.0
-50.0,50,3220.18168,0.0
-50.0,50,3220.690047,0.0
-50.0,50,3221.186163,0.0
-50.0,50,3221.691538,0.0
-50.0,50,3222.185908,0.0
-50.0,50,3222.696127,0.0
-50.0,50,3223.1975,0.0
-50.0,50,3223.689116,0.0
-50.0,50,3224.191777,0.0
-50.0,50,3224.698269,0.0
-50.0,50,3225.201782,0.0
-50.0,50,3225.702046,0.0
-50.0,50,3226.20279,0.0
-50.0,50,3226.709375,0.0
0.0,50,3227.201923,1.0
-50.0,50,3227.702782,0.0
-50.0,50,3228.203043,0.0
-50.0,50,3228.725372,0.0
-50.0,50,3229.220661,0.0
-50.0,50,3229.722065,0.0
-50.0,50,3230.215801,0.0
-50.0,50,3230.728636,0.0
-50.0,50,3231.224963,0.0
-50.0,50,3231.733518,0.0
-50.0,50,3232.229201,0.0
-50.0,50,3232.735126,0.0
-50.0,50,3233.236162,0.0
-50.0,50,3233.729442,0.0
-50.0,50,3234.22206,0.0
-50.0,50,3234.730072,0.0
-50.0,50,3235.22951,0.0
-50.0,50,3235.72892,0.0
-50.0,50,3236.230441,0.0
-50.0,50,3236.734061,0.0
-50.0,50,3237.234755,0.0
0.0,50,3237.728283,1.0
-50.0,50,3238.221146,0.0
-50.0,50,3238.73728,0.0
-50.0,50,3239.234636,0.0
-50.0,50,3239.736735,0.0
-50.0,50,3240.229205,0.0
-50.0,50,3240.73711,0.0
-50.0,50,3241.2444,0.0
-50.0,50,3241.745292,0.0
-50.0,50,3242.245057,0.0
-50.0,50,3242.755114,0.0
-50.0,50,3243.241593,0.0
-50.0,50,3243.738631,0.0
-50.0,50,3244.226962,0.0
-50.0,50,3244.747297,0.0
-50.0,50,3245.244721,0.0
-50.0,50,3245.739547,0.0
-50.0,50,3246.226682,0.0
-50.0,50,3246.73133,0.0
-50.0,50,3247.223491,0.0
-50.0,50,3247.710311,0.0
-50.0,50,3248.20537,0.0
-50.0,50,3248.719444,0.0
0.0,50,3249.207871,1.0
-50.0,50,3249.708786,0.0
-50.0,50,3250.20286,0.0
-50.0,50,3250.736249,0.0
-50.0,50,3251.236966,0.0
-50.0,50,3251.732807,0.0
-50.0,50,3252.232243,0.0
-50.0,50,3252.733919,0.0
-50.0,50,3253.22213,0.0
-50.0,50,3253.718009,0.0
-50.0,50,3254.215847,0.0
-50.0,50,3257.045982,0.0
-50.0,50,3257.534424,0.0
-50.0,50,3258.02113,0.0
-50.0,50,3258.508242,0.0
-50.0,50,3259.018372,0.0
-50.0,50,3259.514039,0.0
-50.0,50,3260.002856,0.0
0.0,50,3260.50114,1.0
-50.0,50,3261.012292,0.0
-50.0,50,3261.517463,0.0
-50.0,50,3262.012485,0.0
-50.0,50,3262.513639,0.0
-50.0,50,3263.021351,0.0
-50.0,50,3263.521351,0.0
-50.0,50,3264.02135,0.0
-50.0,50,3264.522378,0.0
0.0,50,3265.028245,1.0
-50.0,50,3265.52849,0.0
-50.0,50,3266.029352,0.0
-50.0,50,3266.522871,0.0
-50.0,50,3267.034894,0.0
-50.0,50,3267.520772,0.0
-50.0,50,3268.012399,0.0
-50.0,50,3268.512531,0.0
-50.0,50,3269.024628,0.0
-50.0,50,3269.526869,0.0
-50.0,50,3270.021561,0.0
-50.0,50,3270.519794,0.0
-50.0,50,3271.021212,0.0
-50.0,50,3271.512569,0.0
-50.0,50,3272.015971,0.0
-50.0,50,3272.512442,0.0
-50.0,50,3273.026863,0.0
-50.0,50,3273.526713,0.0
-50.0,50,3274.029819,0.0
-50.0,50,3274.5299,0.0
-50.0,50,3275.042548,0.0
-50.0,50,3275.543752,0.0
-50.0,50,3276.046483,0.0
-50.0,50,3276.538334,0.0
0.0,50,3277.042308,1.0
-50.0,50,3277.543851,0.0
-50.0,50,3278.041765,0.0
-50.0,50,3278.539701,0.0
-50.0,50,3279.052276,0.0
-50.0,50,3279.554979,0.0
-50.0,50,3280.042415,0.0
-50.0,50,3280.544791,0.0
-50.0,50,3281.044376,0.0
-50.0,50,3281.540955,0.0
-50.0,50,3282.041811,0.0
-50.0,50,3282.532341,0.0
0.0,50,3283.037908,1.0
-50.0,50,3283.532372,0.0
-50.0,50,3284.021545,0.0
-50.0,50,3284.518416,0.0
-50.0,50,3285.029274,0.0
-50.0,50,3285.516704,0.0
-50.0,50,3286.002449,0.0
-50.0,50,3286.49715,0.0
-50.0,50,3287.007286,0.0
-50.0,50,3287.496936,0.0
-50.0,50,3287.987517,0.0
0.0,50,3288.487582,1.0
-50.0,50,3288.998545,0.0
-50.0,50,3289.496549,0.0
-50.0,50,3289.99211,0.0
-50.0,50,3290.497677,0.0
-50.0,50,3290.999171,0.0
-50.0,50,3291.500888,0.0
-50.0,50,3292.004474,0.0
-50.0,50,3292.50468,0.0
-50.0,50,3293.018554,0.0
-50.0,50,3293.507496,0.0
0.0,50,3294.012147,1.0
-50.0,50,3294.511507,0.0
-50.0,50,3295.021341,0.0
0.0,50,3295.522318,1.0
-50.0,50,3296.022827,0.0
-50.0,50,3296.515464,0.0
-50.0,50,3297.023528,0.0
-50.0,50,3297.525125,0.0
-50.0,50,3298.01502,0.0
-50.0,50,3298.510831,0.0
-50.0,50,3299.012896,0.0
-50.0,50,3299.502557,0.0
-50.0,50,3300.000405,0.0
-50.0,50,3300.492257,0.0
-50.0,50,3301.011066,0.0
-50.0,50,3301.512912,0.0
-50.0,50,3302.009577,0.0
-50.0,50,3302.507459,0.0
0.0,50,3303.019457,1.0
-50.0,50,3303.521689,0.0
-50.0,50,3304.011592,0.0
-50.0,50,3304.500189,0.0
-50.0,50,3305.01125,0.0
-50.0,50,3305.502907,0.0
-50.0,50,3305.997386,0.0
-50.0,50,3306.489394,0.0
-50.0,50,3306.998628,0.0
-50.0,50,3307.487933,0.0
-50.0,50,3307.991408,0.0
-50.0,50,3308.494855,0.0
-50.0,50,3309.013395,0.0
-50.0,50,3309.504491,0.0
-50.0,50,3310.007789,0.0
-50.0,50,3310.500315,0.0
-50.0,50,3311.002595,0.0
-50.0,50,3311.508487,0.0
-50.0,50,3311.999859,0.0
-50.0,50,3312.505584,0.0
-50.0,50,3313.059396,0.0
-50.0,50,3313.559572,0.0
-50.0,50,3314.049294,0.0
0.0,50,3314.54771,1.0
-50.0,50,3315.095436,0.0
-50.0,50,3315.583239,0.0
-50.0,50,3316.068192,0.0
-50.0,50,3316.55375,0.0
-50.0,50,3317.052362,0.0
-50.0,50,3317.541099,0.0
0.0,50,3318.042196,1.0
-50.0,50,3318.529231,0.0
-50.0,50,3319.036437,0.0
-50.0,50,3319.529505,0.0
-50.0,50,3320.020835,0.0
0.0,50,3320.520584,1.0
-50.0,50,3321.024148,0.0
-50.0,50,3321.516775,0.0
-50.0,50,3322.00892,0.0
0.0,50,3322.501101,1.0
-50.0,50,3323.010401,0.0
-50.0,50,3323.50857,0.0
-50.0,50,3324.006542,0.0
-50.0,50,3324.509052,0.0
0.0,50,3325.016564,1.0
-50.0,50,3325.504907,0.0
-50.0,50,3325.998768,0.0
-50.0,50,3326.49277,0.0
-50.0,50,3326.996714,0.0
-50.0,50,3327.496453,0.0
-50.0,50,3327.989708,0.0
-50.0,50,3328.47517,0.0
-50.0,50,3328.972597,0.0
0.0,50,3329.455799,1.0
-50.0,50,3329.942273,0.0
-50.0,50,3330.43174,0.0
-50.0,50,3330.934394,0.0
-50.0,50,3331.422045,0.0
-50.0,50,3331.910916,0.0
-50.0,50,3332.41632,0.0
-50.0,50,3332.92377,0.0
-50.0,50,3333.419922,0.0
-50.0,50,3333.913852,0.0
-50.0,50,3334.404658,0.0
-50.0,50,3334.908848,0.0
-50.0,50,3335.399477,0.0
-50.0,50,3335.896573,0.0
-50.0,50,3336.387944,0.0
-50.0,50,3336.892567,0.0
-50.0,50,3337.390501,0.0
-50.0,50,3337.877512,0.0
-50.0,50,3338.381218,0.0
-50.0,50,3338.888847,0.0
-50.0,50,3339.375955,0.0
-50.0,50,3339.869648,0.0
-50.0,50,3340.36874,0.0
-50.0,50,3340.871419,0.0
-50.0,50,3341.358518,0.0
-50.0,50,3341.858717,0.0
-50.0,50,3342.351798,0.0
-50.0,50,3342.858717,0.0
-50.0,50,3343.346455,0.0
-50.0,50,3343.844545,0.0
-50.0,50,3344.33455,0.0
-50.0,50,3344.832568,0.0
-50.0,50,3345.318747,0.0
-50.0,50,3345.805844,0.0
-50.0,50,3346.305924,0.0
-50.0,50,3346.815752,0.0
0.0,50,3347.301996,1.0
-50.0,50,3347.791778,0.0
-50.0,50,3348.280316,0.0
-50.0,50,3348.785302,0.0
-50.0,50,3349.279695,0.0
-50.0,50,3349.765563,0.0
-50.0,50,3350.263481,0.0
-50.0,50,3350.760583,0.0
-50.0,50,3351.265821,0.0
-50.0,50,3351.766982,0.0
-50.0,50,3352.267833,0.0
-50.0,50,3352.778241,0.0
-50.0,50,3353.278759,0.0
-50.0,50,3353.767617,0.0
-50.0,50,3354.259384,0.0
-50.0,50,3354.77118,0.0
-50.0,50,3355.267884,0.0
-50.0,50,3355.761464,0.0
-50.0,50,3356.26267,0.0
-50.0,50,3359.051768,0.0
0.0,50,3359.553147,1.0
-50.0,50,3360.04466,0.0
-50.0,50,3360.530528,0.0
0.0,50,3361.029152,1.0
-50.0,50,3361.518765,0.0
-50.0,50,3362.010257,0.0
-50.0,50,3362.50777,0.0
-50.0,50,3363.02574,0.0
-50.0,50,3363.515483,0.0
-50.0,50,3364.01731,0.0
-50.0,50,3364.507552,0.0
-50.0,50,3365.008986,0.0
-50.0,50,3365.498957,0.0
-50.0,50,3365.990766,0.0
-50.0,50,3366.489509,0.0
-50.0,50,3367.000813,0.0
-50.0,50,3367.491042,0.0
0.0,50,3367.986902,1.0
-50.0,50,3368.481904,0.0
-50.0,50,3368.985692,0.0
-50.0,50,3369.475698,0.0
-50.0,50,3369.966343,0.0
-50.0,50,3370.464523,0.0
-50.0,50,3370.964727,0.0
-50.0,50,3371.460599,0.0
-50.0,50,3371.950951,0.0
-50.0,50,3372.449143,0.0
-50.0,50,3372.951217,0.0
-50.0,50,3373.439921,0.0
-50.0,50,3373.939177,0.0
-50.0,50,3374.444036,0.0
-50.0,50,3374.944858,0.0
-50.0,50,3375.442786,0.0
-50.0,50,3375.929646,0.0
-50.0,50,3376.425332,0.0
-50.0,50,3376.941168,0.0
-50.0,50,3377.430613,0.0
-50.0,50,3377.929494,0.0
-50.0,50,3378.417597,0.0
-50.0,50,3378.927015,0.0
-50.0,50,3379.428826,0.0
-50.0,50,3379.918788,0.0
-50.0,50,3380.407948,0.0
-50.0,50,3380.940325,0.0
-50.0,50,3381.431243,0.0
-50.0,50,3381.921768,0.0
-50.0,50,3382.408159,0.0
-50.0,50,3382.910149,0.0
-50.0,50,3383.396972,0.0
-50.0,50,3383.891713,0.0
-50.0,50,3384.379195,0.0
-50.0,50,3384.879624,0.0
-50.0,50,3385.379935,0.0
-50.0,50,3385.869474,0.0
-50.0,50,3386.366692,0.0
-50.0,50,3386.87648,0.0
-50.0,50,3387.361956,0.0
-50.0,50,3387.849617,0.0
-50.0,50,3388.339026,0.0
-50.0,50,3388.838893,0.0
-50.0,50,3389.326644,0.0
-50.0,50,3389.818637,0.0
-50.0,50,3390.307411,0.0
-50.0,50,3390.817935,0.0
-50.0,50,3391.312049,0.0
-50.0,50,3391.81296,0.0
-50.0,50,3392.307097,0.0
-50.0,50,3392.814174,0.0
-50.0,50,3393.312266,0.0
-50.0,50,3393.805867,0.0
-50.0,50,3394.305083,0.0
-50.0,50,3394.808964,0.0
0.0,50,3395.297659,1.0
-50.0,50,3395.787159,0.0
-50.0,50,3396.275049,0.0
-50.0,50,3396.775804,0.0
0.0,50,3397.26841,1.0
-50.0,50,3397.75906,0.0
-50.0,50,3398.254259,0.0
-50.0,50,3398.794477,0.0
-50.0,50,3399.285827,0.0
-50.0,50,3399.774961,0.0
-50.0,50,3400.265394,0.0
-50.0,50,3400.769663,0.0
-50.0,50,3401.270093,0.0
-50.0,50,3401.769667,0.0
-50.0,50,3402.270335,0.0
-50.0,50,3402.777772,0.0
-50.0,50,3403.280286,0.0
-50.0,50,3403.774642,0.0
-50.0,50,3404.274038,0.0
-50.0,50,3404.779136,0.0
-50.0,50,3405.273679,0.0
-50.0,50,3405.766845,0.0
0.0,50,3406.267769,1.0
-50.0,50,3406.781821,0.0
-50.0,50,3407.283,0.0
-50.0,50,3407.774549,0.0
-50.0,50,3408.280177,0.0
-50.0,50,3408.783261,0.0
-50.0,50,3409.287383,0.0
-50.0,50,3409.779999,0.0
-50.0,50,3410.282328,0.0
-50.0,50,3410.795423,0.0
-50.0,50,3411.291085,0.0
-50.0,50,3411.785284,0.0
-50.0,50,3412.282459,0.0
-50.0,50,3412.788048,0.0
-50.0,50,3413.284134,0.0
-50.0,50,3413.787339,0.0
-50.0,50,3414.279878,0.0
-50.0,50,3414.793392,0.0
-50.0,50,3415.290574,0.0
-50.0,50,3415.786552,0.0
-50.0,50,3416.278871,0.0
-50.0,50,3416.78126,0.0
-50.0,50,3417.284272,0.0
-50.0,50,3417.778058,0.0
-50.0,50,3418.270787,0.0
0.0,50,3418.793422,1.0
-50.0,50,3419.283879,0.0
-50.0,50,3419.774898,0.0
-50.0,50,3420.285107,0.0
0.0,50,3420.788295,1.0
-50.0,50,3421.278467,0.0
-50.0,50,3421.769519,0.0
-50.0,50,3422.270444,0.0
-50.0,50,3422.772954,0.0
-50.0,50,3423.271845,0.0
-50.0,50,3423.761426,0.0
-50.0,50,3424.266126,0.0
-50.0,50,3424.775461,0.0
-50.0,50,3425.262806,0.0
-50.0,50,3425.767701,0.0
-50.0,50,3426.261881,0.0
-50.0,50,3426.784862,0.0
-50.0,50,3427.292282,0.0
-50.0,50,3427.791652,0.0
-50.0,50,3428.285022,0.0
0.0,50,3428.794173,1.0
-50.0,50,3429.29569,0.0
-50.0,50,3429.79655,0.0
-50.0,50,3430.286467,0.0
-50.0,50,3430.798919,0.0
-50.0,50,3431.292876,0.0
0.0,50,3431.783964,1.0
-50.0,50,3432.279006,0.0
-50.0,50,3432.789716,0.0
-50.0,50,3433.28206,0.0
-50.0,50,3433.771482,0.0
-50.0,50,3434.271708,0.0
-50.0,50,3434.782324,0.0
-50.0,50,3435.269996,0.0
-50.0,50,3435.776366,0.0
-50.0,50,3436.271494,0.0
-50.0,50,3436.781211,0.0
-50.0,50,3437.272169,0.0
-50.0,50,3437.768814,0.0
-50.0,50,3438.257699,0.0
-50.0,50,3438.75697,0.0
-50.0,50,3439.243641,0.0
-50.0,50,3439.740241,0.0
-50.0,50,3440.236793,0.0
0.0,50,3440.748755,1.0
-50.0,50,3441.260674,0.0
-50.0,50,3441.749136,0.0
-50.0,50,3442.253597,0.0
-50.0,50,3442.763486,0.0
-50.0,50,3443.246566,0.0
-50.0,50,3443.739617,0.0
-50.0,50,3444.22598,0.0
-50.0,50,3444.723338,0.0
-50.0,50,3445.221675,0.0
-50.0,50,3445.721012,0.0
-50.0,50,3446.215798,0.0
-50.0,50,3446.716667,0.0
-50.0,50,3447.20604,0.0
-50.0,50,3447.700742,0.0
-50.0,50,3448.191878,0.0
-50.0,50,3448.697507,0.0
-50.0,50,3449.198927,0.0
-50.0,50,3449.688043,0.0
-50.0,50,3450.177153,0.0
-50.0,50,3450.68413,0.0
-50.0,50,3451.17332,0.0
-50.0,50,3451.661949,0.0
-50.0,50,3452.148902,0.0
-50.0,50,3452.66078,0.0
-50.0,50,3453.160017,0.0
-50.0,50,3453.655813,0.0
-50.0,50,3454.144343,0.0
-50.0,50,3454.648486,0.0
0.0,50,3455.147735,1.0
-50.0,50,3455.650288,0.0
-50.0,50,3456.144663,0.0
-50.0,50,3456.651118,0.0
-50.0,50,3457.144412,0.0
-50.0,50,3457.636118,0.0
-50.0,50,3458.137754,0.0
-50.0,50,3460.912359,0.0
-50.0,50,3461.40612,0.0
-50.0,50,3461.909749,0.0
-50.0,50,3462.412288,0.0
-50.0,50,3462.917898,0.0
-50.0,50,3463.414454,0.0
-50.0,50,3463.916503,0.0
-50.0,50,3464.417215,0.0
-50.0,50,3464.930615,0.0
-50.0,50,3465.427068,0.0
-50.0,50,3465.943774,0.0
-50.0,50,3466.444533,0.0
0.0,50,3466.949741,1.0
-50.0,50,3467.452277,0.0
-50.0,50,3467.954205,0.0
-50.0,50,3468.455543,0.0
-50.0,50,3468.961139,0.0
-50.0,50,3469.456947,0.0
-50.0,50,3469.954282,0.0
-50.0,50,3470.451852,0.0
-50.0,50,3470.963854,0.0
-50.0,50,3471.465125,0.0
-50.0,50,3471.968698,0.0
-50.0,50,3472.469244,0.0
0.0,50,3472.977079,1.0
-50.0,50,3473.478539,0.0
-50.0,50,3473.978983,0.0
-50.0,50,3474.482383,0.0
-50.0,50,3474.991043,0.0
-50.0,50,3475.490145,0.0
-50.0,50,3475.987135,0.0
-50.0,50,3476.472274,0.0
-50.0,50,3476.971868,0.0
-50.0,50,3477.462195,0.0
-50.0,50,3477.950194,0.0
0.0,50,3478.43575,1.0
-50.0,50,3478.945009,0.0
-50.0,50,3479.4454,0.0
-50.0,50,3479.942158,0.0
-50.0,50,3480.435382,0.0
-50.0,50,3480.942657,0.0
-50.0,50,3481.428725,0.0
-50.0,50,3481.927427,0.0
-50.0,50,3482.426264,0.0
-50.0,50,3482.942247,0.0
0.0,50,3483.449168,1.0
-50.0,50,3483.950015,0.0
-50.0,50,3484.451178,0.0
-50.0,50,3484.963135,0.0
0.0,50,3485.466318,1.0
-50.0,50,3485.959315,0.0
0.0,50,3486.456764,1.0
-50.0,50,3486.961861,0.0
-50.0,50,3487.454079,0.0
-50.0,50,3487.948174,0.0
-50.0,50,3488.451428,0.0
-50.0,50,3489.00181,0.0
-50.0,50,3489.495744,0.0
-50.0,50,3489.994079,0.0
-50.0,50,3490.496101,0.0
-50.0,50,3491.005007,0.0
-50.0,50,3491.501545,0.0
-50.0,50,3491.999298,0.0
-50.0,50,3492.492152,0.0
-50.0,50,3493.007444,0.0
-50.0,50,3493.510087,0.0
-50.0,50,3494.010138,0.0
-50.0,50,3494.511242,0.0
-50.0,50,3495.01772,0.0
-50.0,50,3495.516113,0.0
-50.0,50,3496.016339,0.0
-50.0,50,3496.5187,0.0
-50.0,50,3497.023873,0.0
-50.0,50,3497.516578,0.0
-50.0,50,3498.008104,0.0
-50.0,50,3498.508743,0.0
-50.0,50,3499.019405,0.0
-50.0,50,3499.521383,0.0
-50.0,50,3500.016368,0.0
-50.0,50,3500.507449,0.0
-50.0,50,3501.013376,0.0
-50.0,50,3501.517317,0.0
-50.0,50,3502.010929,0.0
-50.0,50,3502.512307,0.0
-50.0,50,3503.01507,0.0
-50.0,50,3503.50425,0.0
0.0,50,3504.007613,1.0
-50.0,50,3504.506138,0.0
-50.0,50,3505.011891,0.0
-50.0,50,3505.499007,0.0
-50.0,50,3505.988897,0.0
-50.0,50,3506.494499,0.0
-50.0,50,3506.996757,0.0
-50.0,50,3507.484006,0.0
-50.0,50,3507.975089,0.0
0.0,50,3508.46362,1.0
-50.0,50,3508.973698,0.0
-50.0,50,3509.465193,0.0
-50.0,50,3509.96801,0.0
-50.0,50,3510.456769,0.0
-50.0,50,3510.963381,0.0
-50.0,50,3511.464087,0.0
-50.0,50,3511.959818,0.0
-50.0,50,3512.455877,0.0
0.0,50,3512.959653,1.0
-50.0,50,3513.462231,0.0
-50.0,50,3513.958494,0.0
0.0,50,3514.445936,1.0
-50.0,50,3514.952881,0.0
-50.0,50,3515.440522,0.0
-50.0,50,3515.929995,0.0
-50.0,50,3516.42941,0.0
-50.0,50,3516.928414,0.0
-50.0,50,3517.426294,0.0
-50.0,50,3517.92101,0.0
-50.0,50,3518.414418,0.0
-50.0,50,3518.915165,0.0
-50.0,50,3519.410672,0.0
-50.0,50,3519.899322,0.0
-50.0,50,3520.398875,0.0
-50.0,50,3520.900181,0.0
-50.0,50,3521.395825,0.0
-50.0,50,3521.882974,0.0
-50.0,50,3522.382668,0.0
-50.0,50,3522.884957,0.0
-50.0,50,3523.374771,0.0
-50.0,50,3523.875704,0.0
-50.0,50,3524.364023,0.0
-50.0,50,3524.873838,0.0
-50.0,50,3525.365886,0.0
-50.0,50,3525.860795,0.0
-50.0,50,3526.357543,0.0
-50.0,50,3526.857743,0.0
0.0,50,3527.356686,1.0
-50.0,50,3527.856378,0.0
0.0,50,3528.365962,1.0
-50.0,50,3528.87842,0.0
-50.0,50,3529.368855,0.0
-50.0,50,3529.857756,0.0
-50.0,50,3530.347543,0.0
-50.0,50,3530.850307,0.0
-50.0,50,3531.34339,0.0
-50.0,50,3531.845062,0.0
-50.0,50,3532.332278,0.0
-50.0,50,3532.843148,0.0
-50.0,50,3533.341258,0.0
0.0,50,3533.831154,1.0
-50.0,50,3534.33073,0.0
0.0,50,3534.8401,1.0
-50.0,50,3535.341447,0.0
-50.0,50,3535.832056,0.0
-50.0,50,3536.322896,0.0
-50.0,50,3536.836532,0.0
0.0,50,3537.336368,1.0
-50.0,50,3537.834409,0.0
-50.0,50,3538.326833,0.0
-50.0,50,3538.838836,0.0
-50.0,50,3539.328338,0.0
-50.0,50,3539.817683,0.0
-50.0,50,3540.30967,0.0
-50.0,50,3540.81858,0.0
-50.0,50,3541.325162,0.0
-50.0,50,3541.818218,0.0
-50.0,50,3542.309374,0.0
-50.0,50,3542.81338,0.0
-50.0,50,3543.304277,0.0
-50.0,50,3543.793648,0.0
-50.0,50,3544.294763,0.0
-50.0,50,3544.797669,0.0
-50.0,50,3545.289625,0.0
-50.0,50,3545.78138,0.0
-50.0,50,3546.28331,0.0
-50.0,50,3546.803391,0.0
-50.0,50,3547.303697,0.0
-50.0,50,3547.796383,0.0
-50.0,50,3548.289989,0.0
-50.0,50,3548.792208,0.0
-50.0,50,3549.296853,0.0
-50.0,50,3549.803738,0.0
-50.0,50,3550.303508,0.0
-50.0,50,3550.811252,0.0
-50.0,50,3551.333441,0.0
0.0,50,3551.832516,1.0
-50.0,50,3552.325156,0.0
-50.0,50,3552.847169,0.0
-50.0,50,3553.352255,0.0
0.0,50,3553.847028,1.0
-50.0,50,3554.348944,0.0
-50.0,50,3554.85329,0.0
-50.0,50,3555.349321,0.0
-50.0,50,3555.851979,0.0
-50.0,50,3556.344672,0.0
-50.0,50,3556.854491,0.0
-50.0,50,3557.348495,0.0
-50.0,50,3557.850895,0.0
-50.0,50,3558.343439,0.0
-50.0,50,3558.856848,0.0
-50.0,50,3559.363474,0.0
-50.0,50,3559.863406,0.0
-50.0,50,3560.357389,0.0
-50.0,50,3563.191723,0.0
-50.0,50,3563.689008,0.0
-50.0,50,3564.191678,0.0
-50.0,50,3564.690546,0.0
-50.0,50,3565.208272,0.0
-50.0,50,3565.699454,0.0
-50.0,50,3566.197902,0.0
-50.0,50,3566.698023,0.0
-50.0,50,3567.208296,0.0
-50.0,50,3567.707483,0.0
-50.0,50,3568.209209,0.0
-50.0,50,3568.710159,0.0
0.0,50,3569.212449,1.0
-50.0,50,3569.714952,0.0
-50.0,50,3570.219827,0.0
-50.0,50,3570.717353,0.0
-50.0,50,3571.230719,0.0
-50.0,50,3571.740546,0.0
-50.0,50,3572.239998,0.0
-50.0,50,3572.743604,0.0
-50.0,50,3573.254543,0.0
-50.0,50,3573.748554,0.0
-50.0,50,3574.243807,0.0
-50.0,50,3574.744724,0.0
-50.0,50,3575.251806,0.0
-50.0,50,3575.750183,0.0
-50.0,50,3576.251972,0.0
-50.0,50,3576.761539,0.0
-50.0,50,3577.265785,0.0
-50.0,50,3577.767938,0.0
-50.0,50,3578.259359,0.0
-50.0,50,3578.754747,0.0
-50.0,50,3579.271291,0.0
0.0,50,3579.764631,1.0
-50.0,50,3580.262098,0.0
-50.0,50,3580.765513,0.0
-50.0,50,3581.27769,0.0
-50.0,50,3581.777148,0.0
-50.0,50,3582.26861,0.0
-50.0,50,3582.769966,0.0
-50.0,50,3583.282418,0.0
-50.0,50,3583.796824,0.0
-50.0,50,3584.295657,0.0
-50.0,50,3584.797496,0.0
-50.0,50,3585.305817,0.0
-50.0,50,3585.806719,0.0
-50.0,50,3586.307719,0.0
-50.0,50,3586.809439,0.0
-50.0,50,3587.318276,0.0
-50.0,50,3587.819772,0.0
-50.0,50,3588.311351,0.0
-50.0,50,3588.8116,0.0
-50.0,50,3589.322641,0.0
-50.0,50,3589.823077,0.0
-50.0,50,3590.31746,0.0
-50.0,50,3590.818487,0.0
-50.0,50,3591.328649,0.0
-50.0,50,3591.823095,0.0
-50.0,50,3592.324635,0.0
-50.0,50,3592.813456,0.0
-50.0,50,3593.31838,0.0
-50.0,50,3593.815477,0.0
-50.0,50,3594.318155,0.0
-50.0,50,3594.81245,0.0
-50.0,50,3595.324706,0.0
-50.0,50,3595.824824,0.0
-50.0,50,3596.322768,0.0
-50.0,50,3596.820502,0.0
-50.0,50,3597.327416,0.0
-50.0,50,3597.830422,0.0
-50.0,50,3598.326295,0.0
-50.0,50,3598.827657,0.0
-50.0,50,3599.327486,0.0
-50.0,50,3599.815705,0.0
0.0,50,3600.320949,1.0
-50.0,50,3600.821786,0.0
-50.0,50,3601.338263,0.0
-50.0,50,3601.837717,0.0
-50.0,50,3602.345002,0.0
0.0,50,3602.837522,1.0
-50.0,50,3603.340971,0.0
-50.0,50,3603.84226,0.0
-50.0,50,3604.336766,0.0
-50.0,50,3604.837977,0.0
-50.0,50,3605.34666,0.0
-50.0,50,3605.857658,0.0
-50.0,50,3606.363076,0.0
-50.0,50,3606.868919,0.0
-50.0,50,3607.375477,0.0
-50.0,50,3607.872926,0.0
-50.0,50,3608.365491,0.0
-50.0,50,3608.858609,0.0
-50.0,50,3609.382915,0.0
-50.0,50,3609.875793,0.0
-50.0,50,3610.375146,0.0
-50.0,50,3610.876088,0.0
0.0,50,3611.383562,1.0
-50.0,50,3611.88479,0.0
-50.0,50,3612.382125,0.0
-50.0,50,3612.884566,0.0
-50.0,50,3613.386651,0.0
-50.0,50,3613.878023,0.0
-50.0,50,3614.380538,0.0
-50.0,50,3614.885638,0.0
-50.0,50,3615.398726,0.0
-50.0,50,3615.903059,0.0
-50.0,50,3616.397644,0.0
0.0,50,3616.900676,1.0
-50.0,50,3617.414691,0.0
-50.0,50,3617.91924,0.0
-50.0,50,3618.42433,0.0
-50.0,50,3618.927338,0.0
-50.0,50,3619.433652,0.0
-50.0,50,3619.929973,0.0
0.0,50,3620.429845,1.0
-50.0,50,3620.932183,0.0
0.0,50,3621.449776,1.0
-50.0,50,3621.953614,0.0
-50.0,50,3622.456161,0.0
-50.0,50,3622.955128,0.0
-50.0,50,3623.470244,0.0
-50.0,50,3623.968842,0.0
-50.0,50,3624.464073,0.0
-50.0,50,3624.962828,0.0
-50.0,50,3625.482233,0.0
-50.0,50,3625.982811,0.0
-50.0,50,3626.480548,0.0
-50.0,50,3626.969978,0.0
-50.0,50,3627.475959,0.0
-50.0,50,3627.965629,0.0
-50.0,50,3628.463957,0.0
-50.0,50,3628.964944,0.0
-50.0,50,3629.468364,0.0
-50.0,50,3629.956435,0.0
-50.0,50,3630.446049,0.0
-50.0,50,3630.931383,0.0
-50.0,50,3631.431851,0.0
-50.0,50,3631.925893,0.0
-50.0,50,3632.417523,0.0
-50.0,50,3632.915492,0.0
-50.0,50,3633.427039,0.0
-50.0,50,3633.911577,0.0
-50.0,50,3634.412715,0.0
-50.0,50,3634.897482,0.0
-50.0,50,3635.415982,0.0
-50.0,50,3635.902743,0.0
-50.0,50,3636.387883,0.0
-50.0,50,3636.8723,0.0
0.0,50,3637.370468,1.0
-50.0,50,3637.863628,0.0
-50.0,50,3638.368439,0.0
-50.0,50,3638.868959,0.0
-50.0,50,3639.380931,0.0
-50.0,50,3639.875338,0.0
-50.0,50,3640.360598,0.0
-50.0,50,3640.844439,0.0
-50.0,50,3641.34106,0.0
-50.0,50,3641.828503,0.0
0.0,50,3642.31287,1.0
-50.0,50,3642.805842,0.0
-50.0,50,3643.308417,0.0
-50.0,50,3643.80604,0.0
-50.0,50,3644.297402,0.0
-50.0,50,3644.791719,0.0
-50.0,50,3645.290994,0.0
-50.0,50,3645.787356,0.0
-50.0,50,3646.27411,0.0
-50.0,50,3646.759427,0.0
-50.0,50,3647.254009,0.0
-50.0,50,3647.748832,0.0
-50.0,50,3648.237833,0.0
-50.0,50,3648.723509,0.0
-50.0,50,3649.23577,0.0
-50.0,50,3649.736077,0.0
-50.0,50,3650.226873,0.0
-50.0,50,3650.726045,0.0
-50.0,50,3651.244287,0.0
-50.0,50,3651.743643,0.0
-50.0,50,3652.24785,0.0
-50.0,50,3652.741072,0.0
-50.0,50,3653.256554,0.0
-50.0,50,3653.75867,0.0
-50.0,50,3654.267243,0.0
-50.0,50,3654.765109,0.0
-50.0,50,3655.290969,0.0
-50.0,50,3655.797251,0.0
-50.0,50,3656.292418,0.0
-50.0,50,3656.787443,0.0
-50.0,50,3657.297916,0.0
-50.0,50,3657.800178,0.0
-50.0,50,3658.300846,0.0
-50.0,50,3658.802972,0.0
-50.0,50,3659.315817,0.0
-50.0,50,3659.81618,0.0
-50.0,50,3660.322253,0.0
-50.0,50,3660.819717,0.0
-50.0,50,3661.330965,0.0
-50.0,50,3661.816481,0.0
-50.0,50,3662.310873,0.0
-50.0,50,3662.803573,0.0
-50.0,50,3665.544,0.0
-50.0,50,3666.043188,0.0
-50.0,50,3666.544292,0.0
-50.0,50,3667.042586,0.0
0.0,50,3667.557994,1.0
-50.0,50,3668.051941,0.0
-50.0,50,3668.544759,0.0
-50.0,50,3669.03582,0.0
-50.0,50,3669.545656,0.0
-50.0,50,3670.036434,0.0
-50.0,50,3670.533248,0.0
-50.0,50,3671.029985,0.0
-50.0,50,3671.541822,0.0
-50.0,50,3672.048331,0.0
-50.0,50,3672.549086,0.0
-50.0,50,3673.042569,0.0
-50.0,50,3673.552969,0.0
-50.0,50,3674.052138,0.0
-50.0,50,3674.549049,0.0
-50.0,50,3675.041637,0.0
-50.0,50,3675.551963,0.0
-50.0,50,3676.036751,0.0
-50.0,50,3676.535441,0.0
-50.0,50,3677.034271,0.0
-50.0,50,3677.539868,0.0
-50.0,50,3678.067828,0.0
-50.0,50,3678.550418,0.0
0.0,50,3679.044248,1.0
-50.0,50,3679.543527,0.0
-50.0,50,3680.04101,0.0
-50.0,50,3680.526047,0.0
-50.0,50,3681.019623,0.0
-50.0,50,3681.527802,0.0
-50.0,50,3682.028311,0.0
-50.0,50,3682.526194,0.0
-50.0,50,3683.036031,0.0
-50.0,50,3683.555387,0.0
-50.0,50,3684.057108,0.0
-50.0,50,3684.576873,0.0
-50.0,50,3685.096457,0.0
-50.0,50,3685.617217,0.0
-50.0,50,3686.123438,0.0
-50.0,50,3686.632321,0.0
-50.0,50,3687.139622,0.0
-50.0,50,3687.65632,0.0
-50.0,50,3688.156894,0.0
-50.0,50,3688.665495,0.0
-50.0,50,3689.171262,0.0
-50.0,50,3689.684406,0.0
-50.0,50,3690.189481,0.0
-50.0,50,3690.690953,0.0
-50.0,50,3691.191546,0.0
-50.0,50,3691.705272,0.0
-50.0,50,3692.20646,0.0
-50.0,50,3692.704803,0.0
-50.0,50,3693.204932,0.0
0.0,50,3693.715323,1.0
-50.0,50,3694.213953,0.0
-50.0,50,3694.718035,0.0
-50.0,50,3695.216045,0.0
-50.0,50,3695.733599,0.0
0.0,50,3696.232342,1.0
-50.0,50,3696.739208,0.0
-50.0,50,3697.249115,0.0
-50.0,50,3697.763181,0.0
-50.0,50,3698.266109,0.0
-50.0,50,3698.770836,0.0
-50.0,50,3699.269854,0.0
-50.0,50,3699.785465,0.0
-50.0,50,3700.281452,0.0
-50.0,50,3700.783794,0.0
-50.0,50,3701.29133,0.0
-50.0,50,3701.807537,0.0
-50.0,50,3702.312298,0.0
-50.0,50,3702.816673,0.0
-50.0,50,3703.319579,0.0
-50.0,50,3703.838779,0.0
-50.0,50,3704.344725,0.0
-50.0,50,3704.848149,0.0
-50.0,50,3705.344877,0.0
-50.0,50,3705.854465,0.0
0.0,50,3706.35647,1.0
0.0,50,3706.848099,1.0
-50.0,50,3707.333633,0.0
-50.0,50,3707.833408,0.0
-50.0,50,3708.327252,0.0
-50.0,50,3708.822127,0.0
-43.0,50,3709.319501,0.0
-50.0,50,3709.822026,0.0
-50.0,50,3710.307766,0.0
-50.0,50,3710.796857,0.0
-50.0,50,3711.294699,0.0
-50.0,50,3711.804965,0.0
-50.0,50,3712.291958,0.0
-50.0,50,3712.784328,0.0
-50.0,50,3713.281028,0.0
-50.0,50,3713.780261,0.0
-50.0,50,3714.265689,0.0
-50.0,50,3714.749644,0.0
-50.0,50,3715.232422,0.0
0.0,50,3715.736799,1.0
-50.0,50,3716.227872,0.0
-50.0,50,3716.720164,0.0
-50.0,50,3717.205837,0.0
-50.0,50,3717.714391,0.0
-50.0,50,3718.205983,0.0
-50.0,50,3718.695,0.0
-50.0,50,3719.192894,0.0
-50.0,50,3719.699981,0.0
-50.0,50,3720.194497,0.0
-50.0,50,3720.684348,0.0
-50.0,50,3721.171136,0.0
-50.0,50,3721.674167,0.0
-50.0,50,3722.171963,0.0
-50.0,50,3722.664944,0.0
-50.0,50,3723.152124,0.0
-50.0,50,3723.671684,0.0
-50.0,50,3724.164912,0.0
-50.0,50,3724.663588,0.0
-50.0,50,3725.164277,0.0
-50.0,50,3725.678008,0.0
-50.0,50,3726.179155,0.0
-50.0,50,3726.681504,0.0
-50.0,50,3727.174086,0.0
-50.0,50,3727.696644,0.0
-50.0,50,3728.193253,0.0
0.0,50,3728.694874,1.0
-50.0,50,3729.192153,0.0
0.0,50,3729.695784,1.0
-50.0,50,3730.193881,0.0
-50.0,50,3730.701967,0.0
-50.0,50,3731.205618,0.0
-50.0,50,3731.719053,0.0
-50.0,50,3732.216363,0.0
-50.0,50,3732.71834,0.0
-50.0,50,3733.218995,0.0
-50.0,50,3733.732305,0.0
-50.0,50,3734.239209,0.0
-50.0,50,3734.739601,0.0
-50.0,50,3735.244201,0.0
-50.0,50,3735.752918,0.0
-50.0,50,3736.245867,0.0
-50.0,50,3736.737491,0.0
-50.0,50,3737.229084,0.0
-50.0,50,3737.743131,0.0
-50.0,50,3738.236822,0.0
-50.0,50,3738.727876,0.0
-50.0,50,3739.228284,0.0
-50.0,50,3739.735102,0.0
-50.0,50,3740.232971,0.0
-50.0,50,3740.730102,0.0
-50.0,50,3741.234407,0.0
-50.0,50,3741.745018,0.0
-50.0,50,3742.244367,0.0
-50.0,50,3742.745511,0.0
-50.0,50,3743.243563,0.0
-50.0,50,3743.754377,0.0
-50.0,50,3744.254897,0.0
-50.0,50,3744.741646,0.0
-50.0,50,3745.229324,0.0
-50.0,50,3745.728238,0.0
-50.0,50,3746.221374,0.0
-50.0,50,3746.712166,0.0
-50.0,50,3747.201411,0.0
0.0,50,3747.707767,1.0
-50.0,50,3748.194971,0.0
-50.0,50,3748.690958,0.0
-50.0,50,3749.19068,0.0
-50.0,50,3749.701975,0.0
-50.0,50,3750.198241,0.0
-50.0,50,3750.688644,0.0
-50.0,50,3751.178578,0.0
-50.0,50,3751.679087,0.0
-50.0,50,3752.167428,0.0
-50.0,50,3752.665044,0.0
-50.0,50,3753.163679,0.0
0.0,50,3753.671229,1.0
-50.0,50,3754.153835,0.0
-50.0,50,3754.652128,0.0
-50.0,50,3755.151388,0.0
-50.0,50,3755.657206,0.0
-50.0,50,3756.146986,0.0
-50.0,50,3756.640735,0.0
-50.0,50,3757.156362,0.0
-50.0,50,3757.663202,0.0
-50.0,50,3758.164633,0.0
-50.0,50,3758.665266,0.0
-50.0,50,3759.162662,0.0
-50.0,50,3759.66915,0.0
-50.0,50,3760.16337,0.0
-50.0,50,3760.662338,0.0
-50.0,50,3761.15457,0.0
-50.0,50,3761.663444,0.0
-50.0,50,3762.164726,0.0
-50.0,50,3762.652376,0.0
-50.0,50,3763.148056,0.0
-50.0,50,3763.661648,0.0
-31.0,50,3764.15462,1.0
-50.0,50,3764.657066,0.0
-50.0,50,3765.145558,0.0
-50.0,50,3767.861198,0.0
-50.0,50,3768.358749,0.0
-50.0,50,3768.858255,0.0
-50.0,50,3769.356605,0.0
-50.0,50,3769.870148,0.0
-50.0,50,3770.376694,0.0
-50.0,50,3770.876298,0.0
-50.0,50,3771.376064,0.0
-50.0,50,3771.89301,0.0
-50.0,50,3772.393255,0.0
-50.0,50,3772.888689,0.0
-50.0,50,3773.376468,0.0
-50.0,50,3773.886832,0.0
0.0,50,3774.378336,1.0
-50.0,50,3774.867592,0.0
-50.0,50,3775.366814,0.0
-50.0,50,3775.864532,0.0
-50.0,50,3776.356791,0.0
-50.0,50,3776.845699,0.0
-50.0,50,3777.338591,0.0
-50.0,50,3777.839292,0.0
-50.0,50,3778.343293,0.0
-50.0,50,3778.835435,0.0
-50.0,50,3779.330069,0.0
-50.0,50,3779.840589,0.0
-50.0,50,3780.339333,0.0
-50.0,50,3780.82846,0.0
-50.0,50,3781.336724,0.0
-50.0,50,3781.863289,0.0
-50.0,50,3782.356722,0.0
-50.0,50,3782.852734,0.0
-50.0,50,3783.348194,0.0
-50.0,50,3783.880159,0.0
-50.0,50,3784.36829,0.0
-50.0,50,3784.867397,0.0
-50.0,50,3785.367245,0.0
-50.0,50,3785.879723,0.0
-50.0,50,3786.364666,0.0
-50.0,50,3786.854121,0.0
-50.0,50,3787.343278,0.0
-50.0,50,3787.858721,0.0
-50.0,50,3788.343531,0.0
-50.0,50,3788.827402,0.0
-50.0,50,3789.311746,0.0
-50.0,50,3789.822205,0.0
-50.0,50,3790.318877,0.0
-50.0,50,3790.817528,0.0
0.0,50,3791.311409,1.0
-50.0,50,3791.819313,0.0
-50.0,50,3792.310597,0.0
0.0,50,3792.796682,1.0
-50.0,50,3793.296376,0.0
-50.0,50,3793.797561,0.0
-50.0,50,3794.298882,0.0
-50.0,50,3794.792298,0.0
-50.0,50,3795.294791,0.0
-50.0,50,3795.804261,0.0
-50.0,50,3796.311073,0.0
0.0,50,3796.834722,1.0
0.0,50,3797.33888,1.0
-50.0,50,3797.849433,0.0
-50.0,50,3798.348511,0.0
-50.0,50,3798.851576,0.0
-50.0,50,3799.369558,0.0
-50.0,50,3799.884794,0.0
-50.0,50,3800.389887,0.0
-50.0,50,3800.887216,0.0
-50.0,50,3801.392248,0.0
-50.0,50,3801.906349,0.0
-50.0,50,3802.433853,0.0
-50.0,50,3802.9247,0.0
-50.0,50,3803.417484,0.0
-50.0,50,3803.927586,0.0
-50.0,50,3804.417866,0.0
-50.0,50,3804.919028,0.0
-50.0,50,3805.418693,0.0
-50.0,50,3805.931651,0.0
-50.0,50,3806.441917,0.0
-50.0,50,3806.931674,0.0
-50.0,50,3807.439156,0.0
-50.0,50,3807.953991,0.0
-50.0,50,3808.458537,0.0
-50.0,50,3808.957658,0.0
-50.0,50,3809.453742,0.0
-50.0,50,3809.96509,0.0
-50.0,50,3810.453572,0.0
-50.0,50,3810.947515,0.0
-50.0,50,3811.442728,0.0
-50.0,50,3811.946256,0.0
0.0,50,3812.437356,1.0
-50.0,50,3812.931562,0.0
-50.0,50,3813.424691,0.0
-50.0,50,3813.928646,0.0
-50.0,50,3814.42488,0.0
-50.0,50,3814.919163,0.0
-50.0,50,3815.414993,0.0
-50.0,50,3815.917696,0.0
-50.0,50,3816.410436,0.0
-50.0,50,3816.911482,0.0
-50.0,50,3817.410418,0.0
0.0,50,3817.908254,1.0
-50.0,50,3818.410807,0.0
-50.0,50,3818.896628,0.0
-50.0,50,3819.38469,0.0
-50.0,50,3819.898193,0.0
0.0,50,3820.390333,1.0
-50.0,50,3820.885609,0.0
-50.0,50,3821.3815,0.0
-50.0,50,3821.880712,0.0
-50.0,50,3822.369179,0.0
-50.0,50,3822.858414,0.0
-50.0,50,3823.356499,0.0
-50.0,50,3823.864828,0.0
-50.0,50,3824.354348,0.0
-50.0,50,3824.84415,0.0
-50.0,50,3825.350093,0.0
-50.0,50,3825.877572,0.0
-50.0,50,3826.380545,0.0
-50.0,50,3826.891187,0.0
-50.0,50,3827.403149,0.0
-50.0,50,3827.922006,0.0
-50.0,50,3828.426317,0.0
-50.0,50,3828.929382,0.0
-50.0,50,3829.428491,0.0
-50.0,50,3829.945434,0.0
-50.0,50,3830.443388,0.0
-50.0,50,3830.9402,0.0
-50.0,50,3831.434604,0.0
-50.0,50,3831.939685,0.0
0.0,50,3832.425344,1.0
-50.0,50,3832.913415,0.0
-50.0,50,3833.398971,0.0
0.0,50,3833.909489,1.0
-50.0,50,3834.407563,0.0
-50.0,50,3834.891358,0.0
-50.0,50,3835.386429,0.0
-50.0,50,3835.898327,0.0
-50.0,50,3836.38702,0.0
0.0,50,3836.876867,1.0
-50.0,50,3837.366252,0.0
-50.0,50,3837.869037,0.0
-50.0,50,3838.368389,0.0
-50.0,50,3838.85744,0.0
-50.0,50,3839.346834,0.0
-50.0,50,3839.851563,0.0
-50.0,50,3840.351878,0.0
-50.0,50,3840.841757,0.0
-50.0,50,3841.339605,0.0
-50.0,50,3841.84198,0.0
-50.0,50,3842.341227,0.0
-50.0,50,3842.839282,0.0
-50.0,50,3843.332727,0.0
-50.0,50,3843.836653,0.0
-50.0,50,3844.332993,0.0
-50.0,50,3844.836538,0.0
-50.0,50,3845.328488,0.0
-50.0,50,3845.842317,0.0
-50.0,50,3846.34168,0.0
-50.0,50,3846.831093,0.0
-50.0,50,3847.322422,0.0
-50.0,50,3847.826669,0.0
-50.0,50,3848.327614,0.0
-50.0,50,3848.833227,0.0
-50.0,50,3849.319589,0.0
-50.0,50,3849.828928,0.0
-50.0,50,3850.329715,0.0
-50.0,50,3850.828762,0.0
-50.0,50,3851.318743,0.0
0.0,50,3851.829656,1.0
-50.0,50,3852.3278,0.0
-50.0,50,3852.827058,0.0
-50.0,50,3853.322751,0.0
-50.0,50,3853.832741,0.0
-50.0,50,3854.320574,0.0
-50.0,50,3854.814563,0.0
-50.0,50,3855.314703,0.0
-50.0,50,3855.821768,0.0
-50.0,50,3856.316581,0.0
-50.0,50,3856.807322,0.0
-50.0,50,3857.290755,0.0
-50.0,50,3857.790387,0.0
-50.0,50,3858.280535,0.0
-50.0,50,3858.777769,0.0
-50.0,50,3859.27402,0.0
-50.0,50,3859.800293,0.0
-50.0,50,3860.300436,0.0
-50.0,50,3860.791764,0.0
-50.0,50,3861.291491,0.0
-50.0,50,3861.806273,0.0
-50.0,50,3862.306912,0.0
-50.0,50,3862.804667,0.0
-50.0,50,3863.303935,0.0
-50.0,50,3863.811392,0.0
0.0,50,3864.305424,1.0
-50.0,50,3864.798688,0.0
-50.0,50,3865.299728,0.0
-50.0,50,3865.805968,0.0
-50.0,50,3866.290832,0.0
-50.0,50,3866.78857,0.0
-50.0,50,3867.281605,0.0
-50.0,50,3870.134806,0.0
0.0,50,3870.62527,1.0
-50.0,50,3871.125734,0.0
-50.0,50,3871.61981,0.0
-50.0,50,3872.131653,0.0
-50.0,50,3872.633142,0.0
-50.0,50,3873.127788,0.0
-50.0,50,3873.629043,0.0
-50.0,50,3874.141708,0.0
-50.0,50,3874.637692,0.0
-50.0,50,3875.134732,0.0
-50.0,50,3875.631475,0.0
-50.0,50,3876.142694,0.0
-50.0,50,3876.643888,0.0
-50.0,50,3877.146064,0.0
-50.0,50,3877.640294,0.0
-50.0,50,3878.143685,0.0
-50.0,50,3878.642787,0.0
-50.0,50,3879.139008,0.0
-50.0,50,3879.631536,0.0
-50.0,50,3880.142875,0.0
-50.0,50,3880.645039,0.0
-50.0,50,3881.133906,0.0
-50.0,50,3881.626595,0.0
-50.0,50,3882.139265,0.0
-50.0,50,3882.627597,0.0
-50.0,50,3883.128818,0.0
-50.0,50,3883.617723,0.0
-50.0,50,3884.129076,0.0
-50.0,50,3884.632475,0.0
-50.0,50,3885.125152,0.0
-50.0,50,3885.62703,0.0
-50.0,50,3886.128921,0.0
-50.0,50,3886.617629,0.0
-50.0,50,3887.116847,0.0
-50.0,50,3887.632561,0.0
-50.0,50,3888.136442,0.0
-50.0,50,3888.648497,0.0
-50.0,50,3889.142891,0.0
-50.0,50,3889.641236,0.0
-50.0,50,3890.153737,0.0
-50.0,50,3890.654641,0.0
-50.0,50,3891.153482,0.0
-50.0,50,3891.644149,0.0
0.0,50,3892.153859,1.0
-50.0,50,3892.654231,0.0
-50.0,50,3893.153158,0.0
-50.0,50,3893.664287,0.0
-50.0,50,3894.185937,0.0
-50.0,50,3894.699769,0.0
-50.0,50,3895.199852,0.0
-50.0,50,3895.71384,0.0
-50.0,50,3896.220005,0.0
-50.0,50,3896.731095,0.0
-50.0,50,3897.242848,0.0
-50.0,50,3897.748149,0.0
-50.0,50,3898.266676,0.0
-50.0,50,3898.774519,0.0
-50.0,50,3899.282081,0.0
-50.0,50,3899.780593,0.0
-50.0,50,3900.29047,0.0
-50.0,50,3900.79744,0.0
-50.0,50,3901.295513,0.0
-50.0,50,3901.802172,0.0
-50.0,50,3902.312891,0.0
-50.0,50,3902.807811,0.0
-50.0,50,3903.314076,0.0
-50.0,50,3903.81404,0.0
-50.0,50,3904.317302,0.0
-50.0,50,3904.818146,0.0
-50.0,50,3905.321343,0.0
-50.0,50,3905.813763,0.0
-50.0,50,3906.327337,0.0
-50.0,50,3906.82056,0.0
-50.0,50,3907.319163,0.0
-50.0,50,3907.821244,0.0
-50.0,50,3908.333899,0.0
0.0,50,3908.8373,1.0
-50.0,50,3909.331457,0.0
-50.0,50,3909.829432,0.0
-50.0,50,3910.331159,0.0
-50.0,50,3910.82718,0.0
-50.0,50,3911.324451,0.0
-50.0,50,3911.811883,0.0
-50.0,50,3912.333623,0.0
-50.0,50,3912.830322,0.0
-50.0,50,3913.318442,0.0
-50.0,50,3913.818443,0.0
-50.0,50,3914.326355,0.0
-50.0,50,3914.815617,0.0
-50.0,50,3915.303479,0.0
-50.0,50,3915.804641,0.0
-50.0,50,3916.310733,0.0
-50.0,50,3916.808296,0.0
-50.0,50,3917.308254,0.0
-50.0,50,3917.799765,0.0
-50.0,50,3918.307102,0.0
-50.0,50,3918.806867,0.0
-50.0,50,3919.295447,0.0
-50.0,50,3919.785304,0.0
-50.0,50,3920.294532,0.0
-50.0,50,3920.79316,0.0
-50.0,50,3921.29512,0.0
-50.0,50,3921.797415,0.0
-50.0,50,3922.305983,0.0
-50.0,50,3922.806509,0.0
-50.0,50,3923.307071,0.0
-50.0,50,3923.807095,0.0
-50.0,50,3924.315273,0.0
0.0,50,3924.812495,1.0
-50.0,50,3925.312722,0.0
-50.0,50,3925.812815,0.0
-50.0,50,3926.316516,0.0
-50.0,50,3926.813592,0.0
-50.0,50,3927.304294,0.0
-50.0,50,3927.802056,0.0
-50.0,50,3928.313148,0.0
-50.0,50,3928.803361,0.0
-50.0,50,3929.299149,0.0
-50.0,50,3929.796892,0.0
-50.0,50,3930.303955,0.0
-50.0,50,3930.807109,0.0
-50.0,50,3931.300877,0.0
0.0,50,3931.808941,1.0
-50.0,50,3932.30868,0.0
-50.0,50,3932.801019,0.0
-50.0,50,3933.299641,0.0
-50.0,50,3933.796411,0.0
-50.0,50,3934.298276,0.0
-50.0,50,3934.791917,0.0
-50.0,50,3935.292233,0.0
-50.0,50,3935.791325,0.0
-50.0,50,3936.305965,0.0
-50.0,50,3936.804441,0.0
-50.0,50,3937.302543,0.0
-50.0,50,3937.794591,0.0
-50.0,50,3938.301685,0.0
-50.0,50,3938.800213,0.0
-50.0,50,3939.299743,0.0
-50.0,50,3939.790635,0.0
-50.0,50,3940.298081,0.0
-50.0,50,3940.799014,0.0
-50.0,50,3941.297392,0.0
-50.0,50,3941.804966,0.0
-50.0,50,3942.317591,0.0
-50.0,50,3942.81769,0.0
-50.0,50,3943.316302,0.0
-50.0,50,3943.814196,0.0
-50.0,50,3944.323272,0.0
-50.0,50,3944.818918,0.0
-50.0,50,3945.309764,0.0
-50.0,50,3945.798932,0.0
-50.0,50,3946.310063,0.0
-50.0,50,3946.820195,0.0
-50.0,50,3947.305671,0.0
0.0,50,3947.79083,1.0
-50.0,50,3948.299863,0.0
-50.0,50,3948.788847,0.0
-50.0,50,3949.288825,0.0
-50.0,50,3949.77347,0.0
-50.0,50,3950.300907,0.0
-50.0,50,3950.80348,0.0
-50.0,50,3951.303614,0.0
-50.0,50,3951.799324,0.0
-50.0,50,3952.300456,0.0
-50.0,50,3952.799879,0.0
-50.0,50,3953.297456,0.0
-50.0,50,3953.795068,0.0
-50.0,50,3954.295954,0.0
-50.0,50,3954.788498,0.0
-50.0,50,3955.289031,0.0
0.0,50,3955.797464,1.0
-50.0,50,3956.316842,0.0
-50.0,50,3956.813344,0.0
-50.0,50,3957.3327,0.0
-50.0,50,3957.828078,0.0
-50.0,50,3958.334459,0.0
-50.0,50,3958.835593,0.0
-50.0,50,3959.321637,0.0
-50.0,50,3959.810003,0.0
-50.0,50,3960.3187,0.0
-50.0,50,3960.808006,0.0
-50.0,50,3961.297124,0.0
-50.0,50,3961.795985,0.0
-50.0,50,3962.293708,0.0
0.0,50,3962.782614,1.0
-50.0,50,3963.298845,0.0
-50.0,50,3963.788261,0.0
-50.0,50,3964.285403,0.0
0.0,50,3964.799293,1.0
-50.0,50,3965.296717,0.0
-50.0,50,3965.796679,0.0
-50.0,50,3966.324356,0.0
-50.0,50,3966.810824,0.0
0.0,50,3967.301255,1.0
-50.0,50,3967.796864,0.0
-50.0,50,3968.306499,0.0
-50.0,50,3968.80903,0.0
-50.0,50,3969.304534,0.0
-50.0,50,3969.802367,0.0
-50.0,50,3972.701324,0.0
-50.0,50,3973.199636,0.0
-50.0,50,3973.710552,0.0
-50.0,50,3974.211139,0.0
-50.0,50,3974.733878,0.0
-50.0,50,3975.231249,0.0
-50.0,50,3975.726379,0.0
-50.0,50,3976.22759,0.0
-50.0,50,3976.731829,0.0
-50.0,50,3977.2289,0.0
-50.0,50,3977.727888,0.0
-50.0,50,3978.239859,0.0
-50.0,50,3978.746495,0.0
-50.0,50,3979.240639,0.0
-50.0,50,3979.733608,0.0
-50.0,50,3980.227842,0.0
-50.0,50,3980.732944,0.0
-50.0,50,3981.225261,0.0
-50.0,50,3981.715822,0.0
-50.0,50,3982.215113,0.0
-50.0,50,3982.727669,0.0
-50.0,50,3983.231273,0.0
-50.0,50,3983.735299,0.0
-50.0,50,3984.229633,0.0
0.0,50,3984.728784,1.0
-50.0,50,3985.22659,0.0
-50.0,50,3985.713439,0.0
-50.0,50,3986.214169,0.0
-50.0,50,3986.716559,0.0
-50.0,50,3987.21064,0.0
-50.0,50,3987.698245,0.0
-50.0,50,3988.187177,0.0
-50.0,50,3988.694606,0.0
-50.0,50,3989.194954,0.0
0.0,50,3989.694653,1.0
0.0,50,3990.192763,1.0
-50.0,50,3990.708763,0.0
-50.0,50,3991.202256,0.0
-50.0,50,3991.703594,0.0
-50.0,50,3992.201442,0.0
-50.0,50,3992.713638,0.0
0.0,50,3993.215423,1.0
-50.0,50,3993.715311,0.0
-50.0,50,3994.217279,0.0
-50.0,50,3994.717335,0.0
-50.0,50,3995.205716,0.0
-50.0,50,3995.707019,0.0
-50.0,50,3996.205369,0.0
-50.0,50,3996.718419,0.0
-50.0,50,3997.210289,0.0
-50.0,50,3997.720309,0.0
-50.0,50,3998.220943,0.0
-50.0,50,3998.732416,0.0
-50.0,50,3999.233063,0.0
-50.0,50,3999.724418,0.0
-50.0,50,4000.224582,0.0
-50.0,50,4000.740419,0.0
-50.0,50,4001.238642,0.0
-50.0,50,4001.736708,0.0
-50.0,50,4002.238448,0.0
-50.0,50,4002.737859,0.0
-50.0,50,4003.239214,0.0
-50.0,50,4003.729439,0.0
-50.0,50,4004.221984,0.0
-50.0,50,4004.740099,0.0
-50.0,50,4005.241297,0.0
-50.0,50,4005.742048,0.0
-50.0,50,4006.241855,0.0
-50.0,50,4006.765788,0.0
-50.0,50,4007.266095,0.0
-50.0,50,4007.764195,0.0
-50.0,50,4008.264437,0.0
-50.0,50,4008.76841,0.0
-50.0,50,4009.258298,0.0
-50.0,50,4009.756174,0.0
-50.0,50,4010.245361,0.0
-50.0,50,4010.754709,0.0
-50.0,50,4011.252269,0.0
-50.0,50,4011.755745,0.0
-50.0,50,4012.245342,0.0
-50.0,50,4012.743965,0.0
-50.0,50,4013.237397,0.0
-50.0,50,4013.730074,0.0
-50.0,50,4014.230253,0.0
-50.0,50,4014.731743,0.0
-50.0,50,4015.23125,0.0
-50.0,50,4015.727385,0.0
-50.0,50,4016.225183,0.0
-50.0,50,4016.727509,0.0
-50.0,50,4017.226398,0.0
-50.0,50,4017.727388,0.0
-50.0,50,4018.228463,0.0
-50.0,50,4018.739341,0.0
-50.0,50,4019.230524,0.0
-50.0,50,4019.723247,0.0
-50.0,50,4020.223081,0.0
-50.0,50,4020.756988,0.0
-50.0,50,4021.258575,0.0
-50.0,50,4021.752934,0.0
-50.0,50,4022.253386,0.0
-50.0,50,4022.749793,0.0
-50.0,50,4023.24938,0.0
-50.0,50,4023.746469,0.0
-50.0,50,4024.237037,0.0
-50.0,50,4024.751031,0.0
-50.0,50,4025.258449,0.0
-50.0,50,4025.76593,0.0
0.0,50,4026.284697,1.0
-50.0,50,4026.793765,0.0
-50.0,50,4027.29337,0.0
-50.0,50,4027.803493,0.0
-50.0,50,4028.305296,0.0
-50.0,50,4028.812555,0.0
-50.0,50,4029.307622,0.0
-50.0,50,4029.810327,0.0
0.0,50,4030.30126,1.0
0.0,50,4030.809771,1.0
-50.0,50,4031.312532,0.0
-50.0,50,4031.803289,0.0
-50.0,50,4032.301414,0.0
-50.0,50,4032.812724,0.0
-50.0,50,4033.308673,0.0
-50.0,50,4033.797847,0.0
-50.0,50,4034.294471,0.0
-50.0,50,4034.802388,0.0
-50.0,50,4035.299337,0.0
-50.0,50,4035.797467,0.0
-50.0,50,4036.287659,0.0
-50.0,50,4036.796358,0.0
-50.0,50,4037.284101,0.0
-50.0,50,4037.783257,0.0
-50.0,50,4038.283466,0.0
-50.0,50,4038.802948,0.0
-50.0,50,4039.303299,0.0
-50.0,50,4039.792905,0.0
-50.0,50,4040.298249,0.0
-50.0,50,4040.797631,0.0
-50.0,50,4041.295598,0.0
-50.0,50,4041.79043,0.0
-50.0,50,4042.289435,0.0
-50.0,50,4042.796702,0.0
-50.0,50,4043.280261,0.0
-50.0,50,4043.76576,0.0
-50.0,50,4044.26374,0.0
-50.0,50,4044.759022,0.0
-50.0,50,4045.250123,0.0
-50.0,50,4045.742449,0.0
-50.0,50,4046.227035,0.0
-50.0,50,4046.736475,0.0
-50.0,50,4047.239815,0.0
-50.0,50,4047.736218,0.0
-50.0,50,4048.224151,0.0
-50.0,50,4048.728241,0.0
0.0,50,4049.209114,1.0
0.0,50,4049.70186,1.0
-50.0,50,4050.18363,0.0
-50.0,50,4050.67709,0.0
0.0,50,4051.162956,1.0
-50.0,50,4051.649199,0.0
-50.0,50,4052.149525,0.0
-50.0,50,4052.654218,0.0
-50.0,50,4053.146981,0.0
-50.0,50,4053.630084,0.0
-50.0,50,4054.122638,0.0
-50.0,50,4054.62519,0.0
-50.0,50,4055.118448,0.0
-50.0,50,4055.616116,0.0
-50.0,50,4056.097675,0.0
-50.0,50,4056.594753,0.0
-50.0,50,4057.073549,0.0
0.0,50,4057.570375,1.0
-50.0,50,4058.064299,0.0
-50.0,50,4058.556042,0.0
-50.0,50,4059.049942,0.0
-50.0,50,4059.530176,0.0
-50.0,50,4060.010218,0.0
-50.0,50,4060.514346,0.0
-50.0,50,4061.001127,0.0
-50.0,50,4061.492516,0.0
-50.0,50,4061.974134,0.0
-50.0,50,4062.472076,0.0
-50.0,50,4062.967278,0.0
-50.0,50,4063.449053,0.0
-50.0,50,4063.931182,0.0
-50.0,50,4064.422724,0.0
-50.0,50,4064.914635,0.0
-50.0,50,4065.399171,0.0
-50.0,50,4065.885127,0.0
-50.0,50,4066.387378,0.0
-50.0,50,4066.866011,0.0
-50.0,50,4067.363887,0.0
-50.0,50,4067.852378,0.0
-50.0,50,4068.349166,0.0
-50.0,50,4068.836748,0.0
-50.0,50,4069.327001,0.0
-50.0,50,4069.821495,0.0
-50.0,50,4070.327868,0.0
-50.0,50,4070.820283,0.0
-50.0,50,4071.304743,0.0
-50.0,50,4071.800718,0.0
-50.0,50,4074.653116,0.0
-50.0,50,4075.142525,0.0
-50.0,50,4075.634128,0.0
0.0,50,4076.136199,1.0
-50.0,50,4076.626171,0.0
-50.0,50,4077.11865,0.0
-50.0,50,4077.600863,0.0
-50.0,50,4078.081321,0.0
-50.0,50,4078.582231,0.0
-50.0,50,4079.06468,0.0
-50.0,50,4079.554401,0.0
-50.0,50,4080.046575,0.0
-50.0,50,4080.551112,0.0
-50.0,50,4081.065801,0.0
-50.0,50,4081.5737,0.0
-50.0,50,4082.074616,0.0
-50.0,50,4082.57021,0.0
-50.0,50,4083.054817,0.0
-50.0,50,4083.555497,0.0
-50.0,50,4084.059792,0.0
-50.0,50,4084.590182,0.0
-50.0,50,4085.08078,0.0
-50.0,50,4085.56618,0.0
-50.0,50,4086.052256,0.0
-50.0,50,4086.547833,0.0
-50.0,50,4087.049046,0.0
-50.0,50,4087.549606,0.0
-50.0,50,4088.051518,0.0
-50.0,50,4088.562989,0.0
-50.0,50,4089.048006,0.0
-50.0,50,4089.539448,0.0
-50.0,50,4090.024462,0.0
-50.0,50,4090.533699,0.0
-50.0,50,4091.033585,0.0
-50.0,50,4091.518313,0.0
0.0,50,4092.018546,1.0
-50.0,50,4092.515098,0.0
-50.0,50,4093.00217,0.0
0.0,50,4093.495524,1.0
-50.0,50,4093.99359,0.0
-50.0,50,4094.504555,0.0
-50.0,50,4094.989831,0.0
-50.0,50,4095.472885,0.0
-50.0,50,4095.969605,0.0
-50.0,50,4096.480658,0.0
-50.0,50,4096.981517,0.0
-50.0,50,4097.470118,0.0
-50.0,50,4097.956308,0.0
-50.0,50,4098.467706,0.0
-50.0,50,4098.96291,0.0
-50.0,50,4099.45743,0.0
-50.0,50,4099.945527,0.0
-50.0,50,4100.455199,0.0
-50.0,50,4100.94177,0.0
-50.0,50,4101.433538,0.0
-50.0,50,4101.932476,0.0
-50.0,50,4102.434697,0.0
0.0,50,4102.926667,1.0
-50.0,50,4103.428046,0.0
-50.0,50,4103.916604,0.0
0.0,50,4104.415374,1.0
-50.0,50,4104.902592,0.0
-50.0,50,4105.402654,0.0
-50.0,50,4105.903003,0.0
-50.0,50,4106.402153,0.0
-50.0,50,4106.890495,0.0
-50.0,50,4107.37563,0.0
-50.0,50,4107.866407,0.0
-50.0,50,4108.373863,0.0
-50.0,50,4108.860523,0.0
-50.0,50,4109.349619,0.0
-50.0,50,4109.850734,0.0
-50.0,50,4110.359871,0.0
-50.0,50,4110.846785,0.0
-50.0,50,4111.344072,0.0
-50.0,50,4111.84293,0.0
-50.0,50,4112.33959,0.0
-50.0,50,4112.833379,0.0
-50.0,50,4113.319487,0.0
0.0,50,4113.820843,1.0
-50.0,50,4114.322227,0.0
-50.0,50,4114.821245,0.0
-50.0,50,4115.312619,0.0
-50.0,50,4115.803473,0.0
-50.0,50,4116.308367,0.0
-50.0,50,4116.806431,0.0
-50.0,50,4117.288809,0.0
-50.0,50,4117.783288,0.0
-50.0,50,4118.290863,0.0
-50.0,50,4118.781977,0.0
-50.0,50,4119.263512,0.0
-50.0,50,4119.747581,0.0
-50.0,50,4120.258821,0.0
-50.0,50,4120.755607,0.0
-50.0,50,4121.250695,0.0
-50.0,50,4121.734364,0.0
-50.0,50,4122.234426,0.0
-50.0,50,4122.73619,0.0
-50.0,50,4123.239625,0.0
-50.0,50,4123.736381,0.0
-50.0,50,4124.239607,0.0
-50.0,50,4124.741034,0.0
-50.0,50,4125.242744,0.0
-50.0,50,4125.742672,0.0
-50.0,50,4126.245123,0.0
-50.0,50,4126.737456,0.0
-50.0,50,4127.233366,0.0
0.0,50,4127.7371,1.0
-50.0,50,4128.249729,0.0
-50.0,50,4128.752749,0.0
-50.0,50,4129.245263,0.0
-50.0,50,4129.746288,0.0
-50.0,50,4130.260746,0.0
-50.0,50,4130.762038,0.0
-50.0,50,4131.260688,0.0
-50.0,50,4131.75964,0.0
-50.0,50,4132.258615,0.0
-50.0,50,4132.750888,0.0
-50.0,50,4133.264273,0.0
-50.0,50,4133.759634,0.0
0.0,50,4134.262817,1.0
-50.0,50,4134.758748,0.0
-50.0,50,4135.246412,0.0
-50.0,50,4135.738171,0.0
-50.0,50,4136.249309,0.0
-50.0,50,4136.747451,0.0
-50.0,50,4137.236727,0.0
-50.0,50,4137.727398,0.0
-50.0,50,4138.238246,0.0
-50.0,50,4138.739638,0.0
-50.0,50,4139.244835,0.0
-50.0,50,4139.739966,0.0
-50.0,50,4140.242564,0.0
-50.0,50,4140.7392,0.0
-50.0,50,4141.236698,0.0
-50.0,50,4141.728765,0.0
-50.0,50,4142.239762,0.0
-50.0,50,4142.73321,0.0
-50.0,50,4143.23167,0.0
-50.0,50,4143.731801,0.0
-50.0,50,4144.242437,0.0
-50.0,50,4144.735991,0.0
-50.0,50,4145.230496,0.0
-50.0,50,4145.719851,0.0
0.0,50,4146.227673,1.0
-50.0,50,4146.721721,0.0
-50.0,50,4147.209853,0.0
-50.0,50,4147.710553,0.0
-50.0,50,4148.218877,0.0
-50.0,50,4148.716778,0.0
-50.0,50,4149.216367,0.0
-50.0,50,4149.712247,0.0
-50.0,50,4150.221862,0.0
-50.0,50,4150.720245,0.0
-50.0,50,4151.217995,0.0
0.0,50,4151.72345,1.0
-50.0,50,4152.223017,0.0
-50.0,50,4152.719383,0.0
-50.0,50,4153.21476,0.0
-50.0,50,4153.715205,0.0
-50.0,50,4154.224496,0.0
-50.0,50,4154.72372,0.0
-50.0,50,4155.226026,0.0
-50.0,50,4155.727373,0.0
-50.0,50,4156.23941,0.0
-50.0,50,4156.736492,0.0
-50.0,50,4157.232458,0.0
-50.0,50,4157.727974,0.0
0.0,50,4158.227484,1.0
-50.0,50,4158.735515,0.0
-50.0,50,4159.226261,0.0
-50.0,50,4159.71547,0.0
0.0,50,4160.242678,1.0
-50.0,50,4160.745029,0.0
-50.0,50,4161.257333,0.0
-50.0,50,4161.749151,0.0
-50.0,50,4162.262807,0.0
-50.0,50,4162.757773,0.0
-50.0,50,4163.252826,0.0
-50.0,50,4163.747799,0.0
0.0,50,4164.259619,1.0
-50.0,50,4164.761436,0.0
-50.0,50,4165.256061,0.0
-50.0,50,4165.757869,0.0
-50.0,50,4166.263389,0.0
-50.0,50,4166.765133,0.0
-50.0,50,4167.257662,0.0
-50.0,50,4167.757239,0.0
-50.0,50,4168.257288,0.0
-50.0,50,4168.757043,0.0
-50.0,50,4169.246932,0.0
0.0,50,4169.74456,1.0
-50.0,50,4170.255875,0.0
-50.0,50,4170.752988,0.0
-50.0,50,4171.241554,0.0
-50.0,50,4171.733898,0.0
-50.0,50,4172.252818,0.0
-50.0,50,4172.744978,0.0
-50.0,50,4173.23342,0.0
-50.0,50,4173.725554,0.0
-50.0,50,4176.494887,0.0
-50.0,50,4176.996794,0.0
-50.0,50,4177.486287,0.0
-50.0,50,4177.979524,0.0
-50.0,50,4178.489213,0.0
-50.0,50,4178.980008,0.0
-44.0,50,4179.479532,1.0
-50.0,50,4179.971395,0.0
-50.0,50,4180.477923,0.0
-50.0,50,4180.974967,0.0
-50.0,50,4181.470979,0.0
-50.0,50,4181.962669,0.0
-50.0,50,4182.474823,0.0
0.0,50,4182.961989,1.0
-50.0,50,4183.452384,0.0
-50.0,50,4183.941586,0.0
0.0,50,4184.44267,1.0
-50.0,50,4184.954,0.0
-50.0,50,4185.442554,0.0
-50.0,50,4185.942573,0.0
-50.0,50,4186.451864,0.0
-50.0,50,4186.963241,0.0
-50.0,50,4187.449917,0.0
-50.0,50,4187.949526,0.0
-50.0,50,4188.4535,0.0
-50.0,50,4188.948207,0.0
-50.0,50,4189.437775,0.0
-50.0,50,4189.92737,0.0
-50.0,50,4190.431309,0.0
-50.0,50,4190.929319,0.0
-50.0,50,4191.424765,0.0
-50.0,50,4191.920548,0.0
-50.0,50,4192.435237,0.0
-50.0,50,4192.929512,0.0
-50.0,50,4193.421904,0.0
-50.0,50,4193.911298,0.0
-50.0,50,4194.42368,0.0
-50.0,50,4194.913704,0.0
-50.0,50,4195.402732,0.0
-50.0,50,4195.891967,0.0
-50.0,50,4196.404729,0.0
-50.0,50,4196.904695,0.0
-50.0,50,4197.403747,0.0
-50.0,50,4197.893071,0.0
-50.0,50,4198.396128,0.0
-50.0,50,4198.893705,0.0
-50.0,50,4199.395728,0.0
-50.0,50,4199.893931,0.0
-50.0,50,4200.4088,0.0
-50.0,50,4200.89599,0.0
-50.0,50,4201.397903,0.0
-50.0,50,4201.899535,0.0
-50.0,50,4202.402162,0.0
-50.0,50,4202.896642,0.0
-50.0,50,4203.398246,0.0
-50.0,50,4203.893812,0.0
-50.0,50,4204.39484,0.0
-50.0,50,4204.888084,0.0
0.0,50,4205.377373,1.0
-50.0,50,4205.875038,0.0
-50.0,50,4206.372539,0.0
-50.0,50,4206.876135,0.0
-50.0,50,4207.373244,0.0
-50.0,50,4207.861543,0.0
-50.0,50,4208.361776,0.0
-50.0,50,4208.852168,0.0
-50.0,50,4209.344675,0.0
-50.0,50,4209.844445,0.0
-50.0,50,4210.33949,0.0
0.0,50,4210.835335,1.0
-50.0,50,4211.348641,0.0
0.0,50,4211.835982,1.0
-50.0,50,4212.338004,0.0
-50.0,50,4212.823796,0.0
-50.0,50,4213.307797,0.0
-50.0,50,4213.802583,0.0
0.0,50,4214.302452,1.0
-50.0,50,4214.801229,0.0
-50.0,50,4215.298785,0.0
-50.0,50,4215.788595,0.0
-50.0,50,4216.29659,0.0
-50.0,50,4216.797204,0.0
-50.0,50,4217.294084,0.0
0.0,50,4217.798701,1.0
-50.0,50,4218.296649,0.0
-50.0,50,4218.786127,0.0
0.0,50,4219.272998,1.0
-50.0,50,4219.786803,0.0
-50.0,50,4220.292985,0.0
-50.0,50,4220.792336,0.0
-50.0,50,4221.291023,0.0
-50.0,50,4221.774052,0.0
-50.0,50,4222.280795,0.0
-50.0,50,4222.762401,0.0
-50.0,50,4223.244364,0.0
-50.0,50,4223.732584,0.0
-50.0,50,4224.231855,0.0
-50.0,50,4224.711409,0.0
-50.0,50,4225.19339,0.0
-50.0,50,4225.675709,0.0
-50.0,50,4226.179134,0.0
-50.0,50,4226.657328,0.0
-50.0,50,4227.146267,0.0
-50.0,50,4227.62805,0.0
-50.0,50,4228.116918,0.0
-50.0,50,4228.598596,0.0
-50.0,50,4229.095229,0.0
-50.0,50,4229.586498,0.0
-50.0,50,4230.09899,0.0
-50.0,50,4230.597989,0.0
-50.0,50,4231.095388,0.0
-50.0,50,4231.58882,0.0
-50.0,50,4232.094731,0.0
-50.0,50,4232.589908,0.0
-50.0,50,4233.088381,0.0
-50.0,50,4233.587348,0.0
-50.0,50,4234.08602,0.0
-50.0,50,4234.584437,0.0
0.0,50,4235.078187,1.0
-50.0,50,4235.568149,0.0
-50.0,50,4236.078976,0.0
-50.0,50,4236.568985,0.0
-50.0,50,4237.059539,0.0
-50.0,50,4237.550109,0.0
-50.0,50,4238.052905,0.0
-50.0,50,4238.553242,0.0
-50.0,50,4239.049467,0.0
-50.0,50,4239.548333,0.0
-50.0,50,4240.049257,0.0
-50.0,50,4240.539178,0.0
-50.0,50,4241.025149,0.0
-50.0,50,4241.512873,0.0
-50.0,50,4242.017151,0.0
-50.0,50,4242.514958,0.0
0.0,50,4243.010569,1.0
-50.0,50,4243.506774,0.0
0.0,50,4244.012277,1.0
0.0,50,4244.499294,1.0
0.0,50,4244.9863,1.0
-50.0,50,4245.485149,0.0
0.0,50,4245.999632,1.0
-50.0,50,4246.495955,0.0
-50.0,50,4246.993308,0.0
-50.0,50,4247.481733,0.0
-50.0,50,4247.98914,0.0
-50.0,50,4248.482117,0.0
-50.0,50,4248.974341,0.0
-50.0,50,4249.472912,0.0
-50.0,50,4249.982015,0.0
-50.0,50,4250.481204,0.0
0.0,50,4250.980962,1.0
-50.0,50,4251.48565,0.0
-50.0,50,4251.988126,0.0
-50.0,50,4252.47695,0.0
-50.0,50,4252.964459,0.0
-50.0,50,4253.45977,0.0
-50.0,50,4253.971225,0.0
-50.0,50,4254.476409,0.0
-50.0,50,4254.96544,0.0
-50.0,50,4255.454228,0.0
-50.0,50,4255.964631,0.0
-50.0,50,4256.454434,0.0
-50.0,50,4256.94297,0.0
-50.0,50,4257.438245,0.0
-50.0,50,4257.939953,0.0
-50.0,50,4258.428956,0.0
-50.0,50,4258.925081,0.0
-50.0,50,4259.423041,0.0
-50.0,50,4259.936013,0.0
-50.0,50,4260.437594,0.0
-50.0,50,4260.925969,0.0
-50.0,50,4261.413284,0.0
-50.0,50,4261.921037,0.0
-50.0,50,4262.407473,0.0
-50.0,50,4262.897699,0.0
-50.0,50,4263.386211,0.0
-50.0,50,4263.887234,0.0
-50.0,50,4264.380626,0.0
-50.0,50,4264.885536,0.0
0.0,50,4265.40463,1.0
-50.0,50,4265.918936,0.0
-50.0,50,4266.413083,0.0
-50.0,50,4266.91373,0.0
-50.0,50,4267.410469,0.0
-50.0,50,4267.912468,0.0
-50.0,50,4268.404447,0.0
-50.0,50,4268.896848,0.0
-50.0,50,4269.390559,0.0
-50.0,50,4269.901214,0.0
-50.0,50,4270.391894,0.0
0.0,50,4270.885276,1.0
-50.0,50,4271.37527,0.0
-50.0,50,4271.884273,0.0
-50.0,50,4272.37891,0.0
0.0,50,4272.869977,1.0
-50.0,50,4273.369624,0.0
-50.0,50,4273.879878,0.0
-50.0,50,4274.377595,0.0
-50.0,50,4274.878156,0.0
-50.0,50,4275.373302,0.0
-50.0,50,4278.158821,0.0
-50.0,50,4278.654711,0.0
-50.0,50,4279.154275,0.0
-50.0,50,4279.653919,0.0
-50.0,50,4280.17086,0.0
-50.0,50,4280.660536,0.0
-50.0,50,4281.170243,0.0
-50.0,50,4281.663351,0.0
-50.0,50,4282.174948,0.0
-50.0,50,4282.674444,0.0
-50.0,50,4283.174948,0.0
-50.0,50,4283.673072,0.0
-50.0,50,4284.174976,0.0
-50.0,50,4284.672697,0.0
-50.0,50,4285.171003,0.0
-50.0,50,4285.672559,0.0
0.0,50,4286.173098,1.0
-50.0,50,4286.672735,0.0
-50.0,50,4287.16937,0.0
-50.0,50,4287.665118,0.0
-50.0,50,4288.168854,0.0
-50.0,50,4288.65714,0.0
-50.0,50,4289.158326,0.0
-50.0,50,4289.660468,0.0
-50.0,50,4290.171683,0.0
-50.0,50,4290.675119,0.0
-50.0,50,4291.179653,0.0
-50.0,50,4291.672583,0.0
-50.0,50,4292.176468,0.0
-50.0,50,4292.669082,0.0
-50.0,50,4293.172215,0.0
0.0,50,4293.672408,1.0
0.0,50,4294.191234,1.0
-50.0,50,4294.693849,0.0
-50.0,50,4295.187115,0.0
-50.0,50,4295.687709,0.0
-50.0,50,4296.193483,0.0
-50.0,50,4296.69218,0.0
-50.0,50,4297.19561,0.0
-50.0,50,4297.696434,0.0
-50.0,50,4298.209245,0.0
-50.0,50,4298.707181,0.0
-50.0,50,4299.203154,0.0
-50.0,50,4299.692365,0.0
-50.0,50,4300.196263,0.0
-50.0,50,4300.689672,0.0
-50.0,50,4301.185625,0.0
-50.0,50,4301.688087,0.0
0.0,50,4302.20871,1.0
-50.0,50,4302.709662,0.0
-50.0,50,4303.199165,0.0
-50.0,50,4303.695761,0.0
0.0,50,4304.211969,1.0
-50.0,50,4304.713876,0.0
-50.0,50,4305.21689,0.0
-50.0,50,4305.717705,0.0
-50.0,50,4306.230058,0.0
-50.0,50,4306.728052,0.0
-50.0,50,4307.227231,0.0
-50.0,50,4307.727484,0.0
-50.0,50,4308.233597,0.0
-50.0,50,4308.722005,0.0
-50.0,50,4309.216998,0.0
-50.0,50,4309.713149,0.0
-50.0,50,4310.221341,0.0
0.0,50,4310.724715,1.0
-50.0,50,4311.218027,0.0
-50.0,50,4311.709339,0.0
-50.0,50,4312.220429,0.0
-50.0,50,4312.719026,0.0
-50.0,50,4313.209573,0.0
-50.0,50,4313.697991,0.0
-50.0,50,4314.202659,0.0
-50.0,50,4314.688077,0.0
-50.0,50,4315.174958,0.0
-50.0,50,4315.664458,0.0
-50.0,50,4316.171288,0.0
-50.0,50,4316.656608,0.0
-50.0,50,4317.144998,0.0
-50.0,50,4317.633139,0.0
-50.0,50,4318.136567,0.0
-50.0,50,4318.637351,0.0
-50.0,50,4319.134234,0.0
-50.0,50,4319.626353,0.0
-50.0,50,4320.142785,0.0
-50.0,50,4320.645818,0.0
-50.0,50,4321.137339,0.0
-50.0,50,4321.640329,0.0
-50.0,50,4322.154889,0.0
-50.0,50,4322.655668,0.0
-50.0,50,4323.1578,0.0
-50.0,50,4323.658176,0.0
-50.0,50,4324.159817,0.0
-50.0,50,4324.660126,0.0
-50.0,50,4325.154568,0.0
-50.0,50,4325.65354,0.0
-50.0,50,4326.15932,0.0
-50.0,50,4326.653811,0.0
-50.0,50,4327.143699,0.0
-50.0,50,4327.633168,0.0
-50.0,50,4328.144792,0.0
-50.0,50,4328.645471,0.0
-50.0,50,4329.14236,0.0
-50.0,50,4329.638829,0.0
-50.0,50,4330.135216,0.0
-50.0,50,4330.635787,0.0
-50.0,50,4331.136791,0.0
-50.0,50,4331.629429,0.0
-50.0,50,4332.128702,0.0
-50.0,50,4332.62217,0.0
0.0,50,4333.114211,1.0
0.0,50,4333.606477,1.0
-50.0,50,4334.112591,0.0
-50.0,50,4334.606392,0.0
-50.0,50,4335.104164,0.0
-50.0,50,4335.597129,0.0
-50.0,50,4336.111702,0.0
-50.0,50,4336.605023,0.0
-50.0,50,4337.110482,0.0
-50.0,50,4337.606082,0.0
0.0,50,4338.112139,1.0
-50.0,50,4338.610015,0.0
-50.0,50,4339.106053,0.0
-50.0,50,4339.606709,0.0
-50.0,50,4340.125832,0.0
-50.0,50,4340.620001,0.0
-50.0,50,4341.118949,0.0
-50.0,50,4341.616517,0.0
-50.0,50,4342.129218,0.0
-50.0,50,4342.629874,0.0
-50.0,50,4343.118021,0.0
-50.0,50,4343.606011,0.0
-50.0,50,4344.114944,0.0
-50.0,50,4344.637475,0.0
-50.0,50,4345.138912,0.0
0.0,50,4345.627502,1.0
-50.0,50,4346.138909,0.0
-50.0,50,4346.635962,0.0
-50.0,50,4347.122688,0.0
-50.0,50,4347.611238,0.0
-50.0,50,4348.10915,0.0
-50.0,50,4348.597625,0.0
-50.0,50,4349.095386,0.0
-50.0,50,4349.580651,0.0
-50.0,50,4350.077645,0.0
-50.0,50,4350.567305,0.0
-50.0,50,4351.059403,0.0
0.0,50,4351.54526,1.0
-50.0,50,4352.048697,0.0
-50.0,50,4352.537058,0.0
-50.0,50,4353.021443,0.0
0.0,50,4353.545382,1.0
-50.0,50,4354.055775,0.0
-50.0,50,4354.552405,0.0
-50.0,50,4355.04286,0.0
-50.0,50,4355.533388,0.0
-50.0,50,4356.035308,0.0
-50.0,50,4356.524424,0.0
-50.0,50,4357.023463,0.0
-50.0,50,4357.509361,0.0
-50.0,50,4358.011809,0.0
-50.0,50,4358.499431,0.0
-50.0,50,4358.988106,0.0
0.0,50,4359.507207,1.0
-50.0,50,4360.012687,0.0
-50.0,50,4360.505687,0.0
-50.0,50,4360.999371,0.0
-50.0,50,4361.489226,0.0
-50.0,50,4361.995565,0.0
-50.0,50,4362.496578,0.0
-50.0,50,4362.982833,0.0
-50.0,50,4363.473457,0.0
-50.0,50,4363.979326,0.0
-50.0,50,4364.47928,0.0
-50.0,50,4364.983346,0.0
-50.0,50,4365.480946,0.0
-50.0,50,4365.991529,0.0
-50.0,50,4366.487856,0.0
-50.0,50,4366.992153,0.0
-50.0,50,4367.488374,0.0
-50.0,50,4367.999561,0.0
-50.0,50,4368.496522,0.0
-50.0,50,4369.000769,0.0
-50.0,50,4369.498449,0.0
-50.0,50,4370.01237,0.0
-50.0,50,4370.505413,0.0
-50.0,50,4371.010753,0.0
-50.0,50,4371.510529,0.0
-50.0,50,4372.027895,0.0
-50.0,50,4372.524123,0.0
-50.0,50,4373.015283,0.0
-50.0,50,4373.512972,0.0
-50.0,50,4374.014802,0.0
-50.0,50,4374.517215,0.0
-50.0,50,4375.009904,0.0
-50.0,50,4375.509095,0.0
-50.0,50,4376.005872,0.0
-50.0,50,4376.501586,0.0
-50.0,50,4377.000597,0.0
-50.0,50,4377.484936,0.0
-50.0,50,4380.222809,0.0
-50.0,50,4380.70981,0.0
-50.0,50,4381.197467,0.0
-50.0,50,4381.68536,0.0
-50.0,50,4382.184176,0.0
-50.0,50,4382.679576,0.0
0.0,50,4383.180748,1.0
-50.0,50,4383.668186,0.0
-50.0,50,4384.173583,0.0
-50.0,50,4384.674852,0.0
-50.0,50,4385.161732,0.0
-50.0,50,4385.648821,0.0
-50.0,50,4386.147401,0.0
-50.0,50,4386.647603,0.0
-50.0,50,4387.14947,0.0
-50.0,50,4387.648893,0.0
-50.0,50,4388.156992,0.0
-50.0,50,4388.643325,0.0
-50.0,50,4389.141841,0.0
-50.0,50,4389.642743,0.0
-50.0,50,4390.177035,0.0
-50.0,50,4390.663439,0.0
-50.0,50,4391.150418,0.0
-50.0,50,4391.650945,0.0
-50.0,50,4392.152799,0.0
-50.0,50,4392.640662,0.0
-50.0,50,4393.128157,0.0
-50.0,50,4393.626733,0.0
-50.0,50,4394.139155,0.0
-50.0,50,4394.626918,0.0
-50.0,50,4395.123873,0.0
-50.0,50,4395.612586,0.0
-50.0,50,4396.111917,0.0
-50.0,50,4396.613583,0.0
-50.0,50,4397.115792,0.0
-50.0,50,4397.615437,0.0
-50.0,50,4398.115438,0.0
-50.0,50,4398.614655,0.0
-50.0,50,4399.112082,0.0
-50.0,50,4399.611878,0.0
0.0,50,4400.113272,1.0
-50.0,50,4400.60897,0.0
-50.0,50,4401.106999,0.0
-50.0,50,4401.605783,0.0
-50.0,50,4402.108003,0.0
-50.0,50,4402.597637,0.0
-50.0,50,4403.127563,0.0
-50.0,50,4403.622691,0.0
-50.0,50,4404.137441,0.0
-50.0,50,4404.636345,0.0
-50.0,50,4405.12749,0.0
-50.0,50,4405.613909,0.0
-50.0,50,4406.13902,0.0
-50.0,50,4406.661023,0.0
-50.0,50,4407.150267,0.0
-50.0,50,4407.638455,0.0
-50.0,50,4408.138417,0.0
0.0,50,4408.636567,1.0
-50.0,50,4409.131584,0.0
-50.0,50,4409.621045,0.0
-50.0,50,4410.121361,0.0
-50.0,50,4410.62077,0.0
-50.0,50,4411.120954,0.0
-50.0,50,4411.623183,0.0
-50.0,50,4412.131657,0.0
-50.0,50,4412.621329,0.0
-50.0,50,4413.107493,0.0
-50.0,50,4413.60782,0.0
-50.0,50,4414.107018,0.0
-50.0,50,4414.594812,0.0
-50.0,50,4415.093013,0.0
-50.0,50,4415.584652,0.0
-50.0,50,4416.108114,0.0
-50.0,50,4416.606942,0.0
-50.0,50,4417.099651,0.0
-50.0,50,4417.59161,0.0
-50.0,50,4418.09256,0.0
-50.0,50,4418.587707,0.0
-50.0,50,4419.080556,0.0
-50.0,50,4419.574345,0.0
-50.0,50,4420.076698,0.0
-50.0,50,4420.567377,0.0
-50.0,50,4421.056618,0.0
-50.0,50,4421.554526,0.0
-50.0,50,4422.061812,0.0
0.0,50,4422.568783,1.0
0.0,50,4423.061444,1.0
-50.0,50,4423.558724,0.0
-50.0,50,4424.068972,0.0
-50.0,50,4424.567975,0.0
-50.0,50,4425.06469,0.0
-50.0,50,4425.560865,0.0
-50.0,50,4426.072215,0.0
-50.0,50,4426.566523,0.0
-50.0,50,4427.056817,0.0
0.0,50,4427.567919,1.0
-50.0,50,4428.077407,0.0
-50.0,50,4428.577083,0.0
-50.0,50,4429.066708,0.0
-50.0,50,4429.568111,0.0
-50.0,50,4430.080803,0.0
0.0,50,4430.570441,1.0
-50.0,50,4431.072116,0.0
-50.0,50,4431.575903,0.0
-50.0,50,4432.096844,0.0
-50.0,50,4432.598653,0.0
-50.0,50,4433.099209,0.0
-50.0,50,4433.588683,0.0
-50.0,50,4434.095002,0.0
-50.0,50,4434.588007,0.0
-50.0,50,4435.085316,0.0
-50.0,50,4435.586315,0.0
-50.0,50,4436.088444,0.0
-50.0,50,4436.591829,0.0
-50.0,50,4437.093318,0.0
-50.0,50,4437.59403,0.0
-50.0,50,4438.106135,0.0
-50.0,50,4438.608183,0.0
-50.0,50,4439.103256,0.0
-50.0,50,4439.60277,0.0
-50.0,50,4440.116017,0.0
-50.0,50,4440.606821,0.0
-50.0,50,4441.106774,0.0
-50.0,50,4441.606624,0.0
-50.0,50,4442.116012,0.0
0.0,50,4442.619584,1.0
-50.0,50,4443.112485,0.0
-50.0,50,4443.612639,0.0
-50.0,50,4444.117682,0.0
-50.0,50,4444.620693,0.0
-50.0,50,4445.116467,0.0
-50.0,50,4445.614582,0.0
-50.0,50,4446.126744,0.0
-50.0,50,4446.61669,0.0
-50.0,50,4447.139108,0.0
-50.0,50,4447.627335,0.0
-50.0,50,4448.132622,0.0
-50.0,50,4448.630908,0.0
-50.0,50,4449.119261,0.0
-50.0,50,4449.616628,0.0
-50.0,50,4450.123416,0.0
-50.0,50,4450.629662,0.0
-50.0,50,4451.127145,0.0
0.0,50,4451.61731,1.0
-50.0,50,4452.118858,0.0
0.0,50,4452.618143,1.0
-50.0,50,4453.110025,0.0
0.0,50,4453.599216,1.0
-50.0,50,4454.102057,0.0
0.0,50,4454.602383,1.0
-50.0,50,4455.094127,0.0
0.0,50,4455.60542,1.0
-50.0,50,4456.115757,0.0
-50.0,50,4456.60483,0.0
-50.0,50,4457.102962,0.0
-50.0,50,4457.59323,0.0
-50.0,50,4458.095086,0.0
-50.0,50,4458.594748,0.0
-50.0,50,4459.086663,0.0
-50.0,50,4459.577427,0.0
-50.0,50,4460.07776,0.0
-50.0,50,4460.570259,0.0
-50.0,50,4461.069294,0.0
-50.0,50,4461.569655,0.0
-50.0,50,4462.074818,0.0
-50.0,50,4462.563167,0.0
-50.0,50,4463.059747,0.0
-50.0,50,4463.555838,0.0
-50.0,50,4464.061007,0.0
-50.0,50,4464.558449,0.0
0.0,50,4465.056655,1.0
-50.0,50,4465.552657,0.0
-50.0,50,4466.056991,0.0
-50.0,50,4466.544257,0.0
-50.0,50,4467.044426,0.0
-50.0,50,4467.542259,0.0
-50.0,50,4468.051089,0.0
-50.0,50,4468.55148,0.0
-50.0,50,4469.052996,0.0
0.0,50,4469.55882,1.0
-50.0,50,4470.06551,0.0
-50.0,50,4470.564459,0.0
0.0,50,4471.052412,1.0
-50.0,50,4471.542216,0.0
-50.0,50,4472.047019,0.0
-50.0,50,4472.543117,0.0
-50.0,50,4473.042788,0.0
-50.0,50,4473.537764,0.0
0.0,50,4474.045019,1.0
-50.0,50,4474.545075,0.0
-50.0,50,4475.039658,0.0
-50.0,50,4475.536009,0.0
-50.0,50,4476.035263,0.0
-50.0,50,4476.52167,0.0
-50.0,50,4477.020303,0.0
-50.0,50,4477.516572,0.0
-50.0,50,4478.017794,0.0
-50.0,50,4478.507388,0.0
-50.0,50,4479.00689,0.0
-50.0,50,4479.499428,0.0
-50.0,50,4482.324007,0.0
-50.0,50,4482.82514,0.0
-50.0,50,4483.322278,0.0
-50.0,50,4483.812864,0.0
-50.0,50,4484.319188,0.0
-50.0,50,4484.810325,0.0
-50.0,50,4485.305804,0.0
-50.0,50,4485.802516,0.0
-50.0,50,4486.301762,0.0
-50.0,50,4486.791599,0.0
-50.0,50,4487.287311,0.0
-50.0,50,4487.77389,0.0
-50.0,50,4488.27279,0.0
-50.0,50,4488.763454,0.0
-50.0,50,4489.254356,0.0
0.0,50,4489.771899,1.0
-50.0,50,4490.271809,0.0
-50.0,50,4490.761899,0.0
-50.0,50,4491.266477,0.0
-50.0,50,4491.757635,0.0
-50.0,50,4492.259453,0.0
-50.0,50,4492.751945,0.0
-50.0,50,4493.256014,0.0
-50.0,50,4493.761762,0.0
-50.0,50,4494.273625,0.0
0.0,50,4494.785326,1.0
-50.0,50,4495.280133,0.0
-50.0,50,4495.782279,0.0
-50.0,50,4496.28769,0.0
-50.0,50,4496.781366,0.0
-50.0,50,4497.275335,0.0
-50.0,50,4497.773994,0.0
-50.0,50,4498.278556,0.0
-50.0,50,4498.771492,0.0
-50.0,50,4499.273678,0.0
-50.0,50,4499.771442,0.0
-50.0,50,4500.27255,0.0
-50.0,50,4500.776721,0.0
-50.0,50,4501.265272,0.0
0.0,50,4501.753256,1.0
-50.0,50,4502.252364,0.0
-50.0,50,4502.74338,0.0
-50.0,50,4503.2339,0.0
-50.0,50,4503.726296,0.0
-50.0,50,4504.225844,0.0
-50.0,50,4504.726158,0.0
-50.0,50,4505.228526,0.0
0.0,50,4505.717047,1.0
-50.0,50,4506.227117,0.0
-50.0,50,4506.727019,0.0
0.0,50,4507.223878,1.0
-50.0,50,4507.72425,0.0
-50.0,50,4508.230385,0.0
-50.0,50,4508.720751,0.0
-50.0,50,4509.227805,0.0
-50.0,50,4509.727132,0.0
-50.0,50,4510.243506,0.0
-50.0,50,4510.734179,0.0
-50.0,50,4511.223115,0.0
0.0,50,4511.715044,1.0
-50.0,50,4512.218177,0.0
-50.0,50,4512.718534,0.0
-50.0,50,4513.207807,0.0
-50.0,50,4513.696898,0.0
-50.0,50,4514.206152,0.0
-50.0,50,4514.704953,0.0
-50.0,50,4515.196808,0.0
-50.0,50,4515.695213,0.0
-50.0,50,4516.207356,0.0
-50.0,50,4516.69598,0.0
-50.0,50,4517.185314,0.0
-50.0,50,4517.683635,0.0
-50.0,50,4518.183246,0.0
-50.0,50,4518.680946,0.0
-50.0,50,4519.171157,0.0
-50.0,50,4519.665855,0.0
-50.0,50,4520.170209,0.0
-50.0,50,4520.66127,0.0
-50.0,50,4521.163761,0.0
-50.0,50,4521.664369,0.0
-50.0,50,4522.172718,0.0
-50.0,50,4522.667919,0.0
-50.0,50,4523.172591,0.0
-50.0,50,4523.664346,0.0
-50.0,50,4524.17859,0.0
-50.0,50,4524.68194,0.0
-50.0,50,4525.185578,0.0
-50.0,50,4525.68413,0.0
-50.0,50,4526.202467,0.0
-50.0,50,4526.695541,0.0
-50.0,50,4527.198669,0.0
-50.0,50,4527.691094,0.0
-50.0,50,4528.204019,0.0
-50.0,50,4528.704903,0.0
-50.0,50,4529.192305,0.0
-50.0,50,4529.690084,0.0
-50.0,50,4530.201263,0.0
-50.0,50,4530.700542,0.0
-50.0,50,4531.202443,0.0
-50.0,50,4531.691816,0.0
-50.0,50,4532.213459,0.0
-50.0,50,4532.703137,0.0
-50.0,50,4533.204138,0.0
-50.0,50,4533.707171,0.0
-50.0,50,4534.216107,0.0
-50.0,50,4534.713032,0.0
-50.0,50,4535.204022,0.0
-50.0,50,4535.691491,0.0
-50.0,50,4536.198778,0.0
-50.0,50,4536.701372,0.0
-50.0,50,4537.192251,0.0
-50.0,50,4537.693341,0.0
0.0,50,4538.204653,1.0
0.0,50,4538.697242,1.0
-50.0,50,4539.190258,0.0
-50.0,50,4539.687909,0.0
-50.0,50,4540.192004,0.0
-50.0,50,4540.691346,0.0
-50.0,50,4541.182108,0.0
-50.0,50,4541.694365,0.0
-50.0,50,4542.197296,0.0
-50.0,50,4542.698277,0.0
-50.0,50,4543.193923,0.0
-50.0,50,4543.694262,0.0
-50.0,50,4544.205598,0.0
-50.0,50,4544.706445,0.0
-50.0,50,4545.209653,0.0
-50.0,50,4545.701203,0.0
-50.0,50,4546.209443,0.0
-50.0,50,4546.709191,0.0
-50.0,50,4547.211288,0.0
-50.0,50,4547.722501,0.0
-50.0,50,4548.231263,0.0
-50.0,50,4548.730431,0.0
-50.0,50,4549.226172,0.0
-50.0,50,4549.724485,0.0
-50.0,50,4550.234248,0.0
-50.0,50,4550.728056,0.0
-50.0,50,4551.232712,0.0
-50.0,50,4551.729432,0.0
-50.0,50,4552.236385,0.0
0.0,50,4552.727025,1.0
-50.0,50,4553.224195,0.0
-50.0,50,4553.719293,0.0
-50.0,50,4554.232805,0.0
-50.0,50,4554.73442,0.0
-50.0,50,4555.228267,0.0
-50.0,50,4555.733167,0.0
-50.0,50,4556.243825,0.0
-50.0,50,4556.74494,0.0
-50.0,50,4557.248356,0.0
-50.0,50,4557.741273,0.0
-50.0,50,4558.253351,0.0
0.0,50,4558.746013,1.0
-50.0,50,4559.250005,0.0
-50.0,50,4559.742863,0.0
-50.0,50,4560.252247,0.0
-50.0,50,4560.753578,0.0
-50.0,50,4561.244876,0.0
-50.0,50,4561.742925,0.0
-50.0,50,4562.25793,0.0
-50.0,50,4562.749449,0.0
0.0,50,4563.25251,1.0
-50.0,50,4563.750764,0.0
-50.0,50,4564.264973,0.0
-50.0,50,4564.770459,0.0
-50.0,50,4565.272062,0.0
0.0,50,4565.763708,1.0
-50.0,50,4566.26841,0.0
-50.0,50,4566.771006,0.0
-50.0,50,4567.275552,0.0
-50.0,50,4567.776083,0.0
-50.0,50,4568.300604,0.0
0.0,50,4568.814215,1.0
-50.0,50,4569.319387,0.0
-50.0,50,4569.820926,0.0
-50.0,50,4570.345843,0.0
-50.0,50,4570.839557,0.0
-50.0,50,4571.369635,0.0
-50.0,50,4571.885866,0.0
-50.0,50,4572.395049,0.0
-50.0,50,4572.899892,0.0
-50.0,50,4573.396312,0.0
0.0,50,4573.897442,1.0
-50.0,50,4574.406215,0.0
-50.0,50,4574.903404,0.0
-50.0,50,4575.409672,0.0
-50.0,50,4575.910752,0.0
-50.0,50,4576.432138,0.0
-50.0,50,4576.932315,0.0
-50.0,50,4577.433347,0.0
-50.0,50,4577.930381,0.0
-50.0,50,4578.433448,0.0
-50.0,50,4578.92437,0.0
-50.0,50,4579.423319,0.0
-50.0,50,4579.919201,0.0
-50.0,50,4580.424942,0.0
-50.0,50,4580.93142,0.0
-50.0,50,4581.4359,0.0
-50.0,50,4581.93581,0.0
-50.0,50,4584.710134,0.0
0.0,50,4585.206166,1.0
-50.0,50,4585.706464,0.0
-50.0,50,4586.203436,0.0
-50.0,50,4586.711179,0.0
-50.0,50,4587.202345,0.0
-50.0,50,4587.69914,0.0
-50.0,50,4588.193747,0.0
0.0,50,4588.704203,1.0
-50.0,50,4589.199317,0.0
-50.0,50,4589.686504,0.0
-50.0,50,4590.203783,0.0
-50.0,50,4590.714942,0.0
-50.0,50,4591.205263,0.0
-50.0,50,4591.701783,0.0
-50.0,50,4592.203942,0.0
-50.0,50,4592.712626,0.0
-50.0,50,4593.206989,0.0
0.0,50,4593.703418,1.0
-50.0,50,4594.194678,0.0
0.0,50,4594.700032,1.0
-50.0,50,4595.199854,0.0
-50.0,50,4595.702354,0.0
-50.0,50,4596.20551,0.0
-50.0,50,4596.720691,0.0
-50.0,50,4597.215609,0.0
-50.0,50,4597.713549,0.0
-50.0,50,4598.212056,0.0
-50.0,50,4598.711931,0.0
-50.0,50,4599.209594,0.0
-50.0,50,4599.711701,0.0
-50.0,50,4600.214567,0.0
-50.0,50,4600.720055,0.0
-50.0,50,4601.212643,0.0
-50.0,50,4601.713708,0.0
-50.0,50,4602.218151,0.0
0.0,50,4602.725438,1.0
0.0,50,4603.213348,1.0
-50.0,50,4603.703785,0.0
-50.0,50,4604.188851,0.0
-50.0,50,4604.686377,0.0
-50.0,50,4605.182443,0.0
-50.0,50,4605.667493,0.0
-50.0,50,4606.161896,0.0
-26.0,50,4606.663168,1.0
-50.0,50,4607.160799,0.0
-50.0,50,4607.646193,0.0
-50.0,50,4608.144158,0.0
-50.0,50,4608.645258,0.0
0.0,50,4609.144279,1.0
0.0,50,4609.660053,1.0
-50.0,50,4610.15539,0.0
0.0,50,4610.653121,1.0
0.0,50,4611.146412,1.0
-50.0,50,4611.64456,0.0
-50.0,50,4612.132182,0.0
-50.0,50,4612.638027,0.0
-50.0,50,4613.129643,0.0
-50.0,50,4613.626512,0.0
-50.0,50,4614.119026,0.0
-50.0,50,4614.628034,0.0
-50.0,50,4615.11919,0.0
-50.0,50,4615.608235,0.0
-50.0,50,4616.107955,0.0
-50.0,50,4616.607853,0.0
-50.0,50,4617.101175,0.0
-50.0,50,4617.595337,0.0
-50.0,50,4618.092184,0.0
-50.0,50,4618.590844,0.0
-50.0,50,4619.082565,0.0
-50.0,50,4619.582896,0.0
-50.0,50,4620.076865,0.0
-50.0,50,4620.579268,0.0
-50.0,50,4621.066958,0.0
-50.0,50,4621.552682,0.0
-50.0,50,4622.039664,0.0
-50.0,50,4622.538203,0.0
-50.0,50,4623.03621,0.0
-50.0,50,4623.527936,0.0
-50.0,50,4624.017158,0.0
-50.0,50,4624.522253,0.0
-50.0,50,4625.015951,0.0
-50.0,50,4625.507877,0.0
-50.0,50,4625.996735,0.0
-50.0,50,4626.501111,0.0
-50.0,50,4626.99973,0.0
-50.0,50,4627.49624,0.0
-50.0,50,4627.98841,0.0
-50.0,50,4628.492636,0.0
-50.0,50,4628.991653,0.0
-50.0,50,4629.480679,0.0
-50.0,50,4629.96835,0.0
-50.0,50,4630.47566,0.0
-50.0,50,4630.975687,0.0
-50.0,50,4631.462899,0.0
-50.0,50,4631.963627,0.0
-50.0,50,4632.474628,0.0
-50.0,50,4632.969514,0.0
-50.0,50,4633.458492,0.0
-50.0,50,4633.946181,0.0
-50.0,50,4634.440565,0.0
-50.0,50,4634.938107,0.0
-50.0,50,4635.428849,0.0
-50.0,50,4635.927829,0.0
-50.0,50,4636.437782,0.0
-50.0,50,4636.935639,0.0
-50.0,50,4637.441534,0.0
-50.0,50,4637.938243,0.0
-50.0,50,4638.452026,0.0
-50.0,50,4638.952668,0.0
-50.0,50,4639.462092,0.0
-50.0,50,4639.962554,0.0
-50.0,50,4640.473374,0.0
-50.0,50,4640.974727,0.0
-50.0,50,4641.480158,0.0
-50.0,50,4641.982887,0.0
-50.0,50,4642.486681,0.0
-50.0,50,4642.981629,0.0
-50.0,50,4643.475908,0.0
-50.0,50,4643.969453,0.0
-50.0,50,4644.474882,0.0
-50.0,50,4644.973352,0.0
-50.0,50,4645.467273,0.0
-50.0,50,4645.970362,0.0
-50.0,50,4646.484364,0.0
-50.0,50,4646.984077,0.0
-50.0,50,4647.485758,0.0
-50.0,50,4647.984722,0.0
-50.0,50,4648.490976,0.0
-50.0,50,4648.988368,0.0
-50.0,50,4649.476815,0.0
-50.0,50,4649.974547,0.0
-50.0,50,4650.473522,0.0
-50.0,50,4650.96638,0.0
-50.0,50,4651.459279,0.0
-50.0,50,4651.946555,0.0
-50.0,50,4652.447089,0.0
-50.0,50,4652.94362,0.0
-50.0,50,4653.437442,0.0
-50.0,50,4653.933276,0.0
-50.0,50,4654.430231,0.0
-50.0,50,4654.912305,0.0
-50.0,50,4655.393612,0.0
-50.0,50,4655.889451,0.0
-50.0,50,4656.387171,0.0
-50.0,50,4656.874108,0.0
-50.0,50,4657.371697,0.0
-50.0,50,4657.86942,0.0
-50.0,50,4658.361167,0.0
-50.0,50,4658.85782,0.0
-50.0,50,4659.341411,0.0
-50.0,50,4659.824947,0.0
-50.0,50,4660.316867,0.0
-50.0,50,4660.799367,0.0
-50.0,50,4661.280408,0.0
-50.0,50,4661.761921,0.0
-50.0,50,4662.263414,0.0
-50.0,50,4662.743921,0.0
-50.0,50,4663.227235,0.0
-50.0,50,4663.70955,0.0
-50.0,50,4664.207215,0.0
-50.0,50,4664.690535,0.0
0.0,50,4665.181582,1.0
-50.0,50,4665.672921,0.0
-50.0,50,4666.168789,0.0
-50.0,50,4666.662718,0.0
-50.0,50,4667.148498,0.0
-50.0,50,4667.630653,0.0
-50.0,50,4668.134735,0.0
-50.0,50,4668.618493,0.0
-50.0,50,4669.101502,0.0
-50.0,50,4669.583485,0.0
-50.0,50,4670.088155,0.0
-50.0,50,4670.573399,0.0
-50.0,50,4671.066881,0.0
-50.0,50,4671.558922,0.0
-50.0,50,4672.063448,0.0
0.0,50,4672.550513,1.0
-50.0,50,4673.04249,0.0
-50.0,50,4673.537395,0.0
-50.0,50,4674.040962,0.0
-50.0,50,4674.535308,0.0
-50.0,50,4675.041157,0.0
0.0,50,4675.550016,1.0
-50.0,50,4676.05769,0.0
-50.0,50,4676.547955,0.0
0.0,50,4677.050798,1.0
-50.0,50,4677.552135,0.0
-50.0,50,4678.061139,0.0
-50.0,50,4678.552188,0.0
-50.0,50,4679.044656,0.0
-50.0,50,4679.543703,0.0
-50.0,50,4680.04584,0.0
-50.0,50,4680.538568,0.0
-50.0,50,4681.03236,0.0
-50.0,50,4681.534755,0.0
-50.0,50,4682.039956,0.0
-50.0,50,4682.535248,0.0
-50.0,50,4683.035999,0.0
-50.0,50,4683.531537,0.0
-50.0,50,4686.35056,0.0
-50.0,50,4686.864208,0.0
-50.0,50,4687.359406,0.0
0.0,50,4687.881342,1.0
-50.0,50,4688.384625,0.0
-50.0,50,4688.88247,0.0
-50.0,50,4689.380527,0.0
-50.0,50,4689.888735,0.0
-50.0,50,4690.403099,0.0
-50.0,50,4690.904017,0.0
-50.0,50,4691.400836,0.0
-50.0,50,4691.901395,0.0
-50.0,50,4692.409351,0.0
-50.0,50,4692.903315,0.0
-50.0,50,4693.397927,0.0
-50.0,50,4693.89244,0.0
0.0,50,4694.406971,1.0
-50.0,50,4694.899845,0.0
-50.0,50,4695.394095,0.0
-50.0,50,4695.893721,0.0
-50.0,50,4696.405406,0.0
0.0,50,4696.90278,1.0
-50.0,50,4697.407605,0.0
-50.0,50,4697.902404,0.0
-50.0,50,4698.415879,0.0
-50.0,50,4698.908623,0.0
-50.0,50,4699.403874,0.0
-50.0,50,4699.905315,0.0
-50.0,50,4700.409394,0.0
-50.0,50,4700.902215,0.0
-50.0,50,4701.397341,0.0
-50.0,50,4701.889445,0.0
-50.0,50,4702.394355,0.0
-50.0,50,4702.89377,0.0
-50.0,50,4703.383645,0.0
-50.0,50,4703.86879,0.0
-50.0,50,4704.40019,0.0
0.0,50,4704.885341,1.0
-50.0,50,4705.374664,0.0
-50.0,50,4705.869774,0.0
-50.0,50,4706.367451,0.0
-50.0,50,4706.868808,0.0
-50.0,50,4707.362866,0.0
-50.0,50,4707.859899,0.0
-50.0,50,4708.369943,0.0
-50.0,50,4708.860146,0.0
-50.0,50,4709.347808,0.0
-50.0,50,4709.838699,0.0
-50.0,50,4710.346981,0.0
-50.0,50,4710.840212,0.0
-50.0,50,4711.331547,0.0
-50.0,50,4711.830769,0.0
-50.0,50,4712.33877,0.0
-50.0,50,4712.833889,0.0
-50.0,50,4713.332212,0.0
-50.0,50,4713.824688,0.0
-50.0,50,4714.340378,0.0
-50.0,50,4714.831814,0.0
-50.0,50,4715.320138,0.0
-50.0,50,4715.816472,0.0
-50.0,50,4716.313112,0.0
-50.0,50,4716.821177,0.0
-50.0,50,4717.308339,0.0
-50.0,50,4717.795191,0.0
-50.0,50,4718.299994,0.0
-50.0,50,4718.786774,0.0
-50.0,50,4719.277407,0.0
-50.0,50,4719.7712,0.0
-50.0,50,4720.280468,0.0
-50.0,50,4720.774971,0.0
-50.0,50,4721.26345,0.0
-50.0,50,4721.762445,0.0
-50.0,50,4722.26841,0.0
-50.0,50,4722.765459,0.0
-50.0,50,4723.257927,0.0
-50.0,50,4723.748188,0.0
-50.0,50,4724.260404,0.0
-50.0,50,4724.757346,0.0
-50.0,50,4725.252779,0.0
-50.0,50,4725.742263,0.0
-50.0,50,4726.251278,0.0
-50.0,50,4726.745865,0.0
-50.0,50,4727.247077,0.0
-50.0,50,4727.747978,0.0
-50.0,50,4728.253523,0.0
-50.0,50,4728.739707,0.0
-50.0,50,4729.237545,0.0
-50.0,50,4729.72969,0.0
-50.0,50,4730.242356,0.0
0.0,50,4730.723119,1.0
-50.0,50,4731.211837,0.0
-50.0,50,4731.7288,0.0
-50.0,50,4732.230139,0.0
-50.0,50,4732.709725,0.0
-50.0,50,4733.199507,0.0
-50.0,50,4733.69055,0.0
-50.0,50,4734.18277,0.0
-50.0,50,4734.672869,0.0
-50.0,50,4735.161802,0.0
0.0,50,4735.65223,1.0
-50.0,50,4736.15579,0.0
-50.0,50,4736.651077,0.0
-50.0,50,4737.137355,0.0
-50.0,50,4737.621672,0.0
-50.0,50,4738.119714,0.0
-50.0,50,4738.605671,0.0
-50.0,50,4739.088881,0.0
-50.0,50,4739.574232,0.0
-50.0,50,4740.073121,0.0
-50.0,50,4740.567377,0.0
-50.0,50,4741.059879,0.0
-50.0,50,4741.558531,0.0
-50.0,50,4742.063235,0.0
-50.0,50,4742.557334,0.0
-50.0,50,4743.041772,0.0
-50.0,50,4743.541361,0.0
-50.0,50,4744.038753,0.0
-50.0,50,4744.521253,0.0
-50.0,50,4745.016576,0.0
-50.0,50,4745.502959,0.0
-50.0,50,4746.011033,0.0
-50.0,50,4746.496737,0.0
-50.0,50,4746.980654,0.0
-50.0,50,4747.464944,0.0
-50.0,50,4747.964085,0.0
-50.0,50,4748.463134,0.0
-50.0,50,4748.960049,0.0
-50.0,50,4749.452878,0.0
0.0,50,4749.96293,1.0
-50.0,50,4750.463272,0.0
-50.0,50,4750.960944,0.0
-50.0,50,4751.452347,0.0
-50.0,50,4751.963376,0.0
-50.0,50,4752.457809,0.0
-50.0,50,4752.943822,0.0
-50.0,50,4753.430637,0.0
-50.0,50,4753.936408,0.0
-50.0,50,4754.424393,0.0
-50.0,50,4754.913639,0.0
-50.0,50,4755.406836,0.0
-50.0,50,4755.921804,0.0
-50.0,50,4756.414787,0.0
-50.0,50,4756.913724,0.0
-50.0,50,4757.412027,0.0
-50.0,50,4757.916589,0.0
-50.0,50,4758.411432,0.0
-50.0,50,4758.908937,0.0
-50.0,50,4759.402815,0.0
-50.0,50,4759.903861,0.0
-50.0,50,4760.396768,0.0
0.0,50,4760.898775,1.0
-50.0,50,4761.390556,0.0
-50.0,50,4761.893094,0.0
-50.0,50,4762.382482,0.0
-50.0,50,4762.869515,0.0
-50.0,50,4763.356477,0.0
-50.0,50,4763.861035,0.0
-50.0,50,4764.350266,0.0
-50.0,50,4764.838625,0.0
-50.0,50,4765.327745,0.0
-50.0,50,4765.825324,0.0
-50.0,50,4766.313632,0.0
0.0,50,4766.836042,1.0
-50.0,50,4767.325992,0.0
-50.0,50,4767.8294,0.0
-50.0,50,4768.321616,0.0
-50.0,50,4768.814171,0.0
-50.0,50,4769.306341,0.0
-50.0,50,4769.813112,0.0
-50.0,50,4770.30715,0.0
-50.0,50,4770.801283,0.0
-50.0,50,4771.296345,0.0
-50.0,50,4771.807988,0.0
-50.0,50,4772.306085,0.0
-50.0,50,4772.796901,0.0
-50.0,50,4773.282517,0.0
-50.0,50,4773.779074,0.0
-50.0,50,4774.275178,0.0
-50.0,50,4774.761484,0.0
-50.0,50,4775.253627,0.0
-50.0,50,4775.748306,0.0
-50.0,50,4776.248214,0.0
-50.0,50,4776.747379,0.0
-50.0,50,4777.233334,0.0
0.0,50,4777.738344,1.0
-50.0,50,4778.232577,0.0
-50.0,50,4778.730542,0.0
-50.0,50,4779.230342,0.0
-50.0,50,4779.733464,0.0
-50.0,50,4780.225952,0.0
-50.0,50,4780.70995,0.0
-50.0,50,4781.192174,0.0
-50.0,50,4781.696358,0.0
-50.0,50,4782.199641,0.0
-50.0,50,4782.678864,0.0
-50.0,50,4783.159058,0.0
0.0,50,4783.678577,1.0
-50.0,50,4784.165088,0.0
-50.0,50,4784.653028,0.0
-50.0,50,4785.140467,0.0
-50.0,50,4787.913479,0.0
-50.0,50,4788.404518,0.0
-50.0,50,4788.885997,0.0
-50.0,50,4789.370597,0.0
-50.0,50,4789.885293,0.0
-50.0,50,4790.379052,0.0
-50.0,50,4790.857921,0.0
-50.0,50,4791.34358,0.0
-50.0,50,4791.843324,0.0
-50.0,50,4792.327291,0.0
-50.0,50,4792.833195,0.0
-50.0,50,4793.318885,0.0
-50.0,50,4793.816353,0.0
-50.0,50,4794.307697,0.0
-50.0,50,4794.791968,0.0
-50.0,50,4795.284551,0.0
-50.0,50,4795.787282,0.0
-50.0,50,4796.290653,0.0
-50.0,50,4796.77826,0.0
0.0,50,4797.27786,1.0
-50.0,50,4797.780923,0.0
-50.0,50,4798.279607,0.0
-50.0,50,4798.780323,0.0
-50.0,50,4799.270509,0.0
-50.0,50,4799.782288,0.0
-50.0,50,4800.282247,0.0
-50.0,50,4800.772122,0.0
-50.0,50,4801.260171,0.0
-50.0,50,4801.760253,0.0
-50.0,50,4802.248949,0.0
-50.0,50,4802.73593,0.0
-50.0,50,4803.2212,0.0
-50.0,50,4803.73526,0.0
-50.0,50,4804.220747,0.0
-50.0,50,4804.721345,0.0
-50.0,50,4805.205964,0.0
-50.0,50,4805.71394,0.0
-50.0,50,4806.204177,0.0
-50.0,50,4806.697807,0.0
-50.0,50,4807.193018,0.0
-50.0,50,4807.695032,0.0
-50.0,50,4808.179465,0.0
-50.0,50,4808.66907,0.0
-50.0,50,4809.157293,0.0
-50.0,50,4809.656114,0.0
-50.0,50,4810.147047,0.0
-50.0,50,4810.644338,0.0
-50.0,50,4811.144362,0.0
-50.0,50,4811.641842,0.0
-50.0,50,4812.128028,0.0
-50.0,50,4812.622313,0.0
-50.0,50,4813.122998,0.0
-50.0,50,4813.634598,0.0
0.0,50,4814.128302,1.0
-50.0,50,4814.62934,0.0
-50.0,50,4815.124548,0.0
-50.0,50,4815.628512,0.0
-50.0,50,4816.129532,0.0
-50.0,50,4816.627911,0.0
-50.0,50,4817.129686,0.0
-50.0,50,4817.64109,0.0
0.0,50,4818.134113,1.0
-50.0,50,4818.628607,0.0
-50.0,50,4819.129721,0.0
-50.0,50,4819.640346,0.0
-50.0,50,4820.141147,0.0
-50.0,50,4820.63547,0.0
-50.0,50,4821.127083,0.0
-50.0,50,4821.627298,0.0
-50.0,50,4822.116026,0.0
-50.0,50,4822.611236,0.0
-50.0,50,4823.101542,0.0
-50.0,50,4823.606349,0.0
-50.0,50,4824.094428,0.0
-50.0,50,4824.585021,0.0
-50.0,50,4825.084203,0.0
-50.0,50,4825.591124,0.0
-50.0,50,4826.084046,0.0
-50.0,50,4826.576322,0.0
-50.0,50,4827.069126,0.0
-50.0,50,4827.573828,0.0
-50.0,50,4828.063486,0.0
-50.0,50,4828.551945,0.0
-50.0,50,4829.04803,0.0
-50.0,50,4829.551017,0.0
-50.0,50,4830.051649,0.0
-50.0,50,4830.540656,0.0
-50.0,50,4831.037682,0.0
-50.0,50,4831.539991,0.0
0.0,50,4832.039908,1.0
-50.0,50,4832.529561,0.0
-50.0,50,4833.018968,0.0
-50.0,50,4833.523338,0.0
-50.0,50,4834.018406,0.0
-50.0,50,4834.515136,0.0
-50.0,50,4835.003315,0.0
-50.0,50,4835.514368,0.0
-50.0,50,4836.011203,0.0
-50.0,50,4836.504137,0.0
-50.0,50,4836.99505,0.0
-50.0,50,4837.508976,0.0
-50.0,50,4838.004383,0.0
-50.0,50,4838.495212,0.0
-50.0,50,4838.9906,0.0
-50.0,50,4839.505793,0.0
-50.0,50,4840.006397,0.0
-50.0,50,4840.499291,0.0
-50.0,50,4840.98354,0.0
-50.0,50,4841.550045,0.0
-50.0,50,4842.052914,0.0
-50.0,50,4842.542176,0.0
-50.0,50,4843.031265,0.0
-50.0,50,4843.534786,0.0
-50.0,50,4844.02167,0.0
-50.0,50,4844.507865,0.0
-50.0,50,4845.006439,0.0
-50.0,50,4845.512188,0.0
-50.0,50,4846.012488,0.0
-50.0,50,4846.497887,0.0
-50.0,50,4846.987951,0.0
-50.0,50,4847.491609,0.0
-50.0,50,4847.977957,0.0
-50.0,50,4848.464973,0.0
-50.0,50,4848.951106,0.0
-50.0,50,4849.45584,0.0
-50.0,50,4849.941484,0.0
-50.0,50,4850.428491,0.0
-50.0,50,4850.916379,0.0
-50.0,50,4851.426378,0.0
-50.0,50,4851.92744,0.0
-50.0,50,4852.420298,0.0
-50.0,50,4852.909501,0.0
-50.0,50,4853.423119,0.0
-50.0,50,4853.909697,0.0
-50.0,50,4854.399405,0.0
-50.0,50,4854.890238,0.0
-50.0,50,4855.454951,0.0
-50.0,50,4855.956335,0.0
-50.0,50,4856.452596,0.0
-50.0,50,4856.945019,0.0
0.0,50,4857.460921,1.0
-50.0,50,4857.961229,0.0
-50.0,50,4858.448162,0.0
-50.0,50,4858.933088,0.0
-50.0,50,4859.430313,0.0
-50.0,50,4859.916811,0.0
-50.0,50,4860.413273,0.0
-50.0,50,4860.910278,0.0
-50.0,50,4861.413971,0.0
-50.0,50,4861.906436,0.0
-50.0,50,4862.404485,0.0
-50.0,50,4862.896171,0.0
-50.0,50,4863.455042,0.0
-50.0,50,4863.959561,0.0
-50.0,50,4864.451934,0.0
-50.0,50,4864.941643,0.0
-50.0,50,4865.448963,0.0
-50.0,50,4865.945884,0.0
-50.0,50,4866.446259,0.0
-50.0,50,4866.935733,0.0
-50.0,50,4867.435416,0.0
-50.0,50,4867.930943,0.0
-50.0,50,4868.429816,0.0
-50.0,50,4868.926102,0.0
-50.0,50,4869.427265,0.0
-50.0,50,4869.91556,0.0
-50.0,50,4870.414849,0.0
-20.0,50,4870.903998,1.0
-50.0,50,4871.410548,0.0
-50.0,50,4871.905388,0.0
-50.0,50,4872.399474,0.0
-50.0,50,4872.896236,0.0
-50.0,50,4873.397136,0.0
-50.0,50,4873.897104,0.0
-50.0,50,4874.413468,0.0
-50.0,50,4874.902552,0.0
-50.0,50,4875.406125,0.0
-50.0,50,4875.893156,0.0
-50.0,50,4876.382475,0.0
-50.0,50,4876.879464,0.0
-50.0,50,4877.389025,0.0
-50.0,50,4877.87939,0.0
-50.0,50,4878.369702,0.0
-50.0,50,4878.859426,0.0
-50.0,50,4879.370255,0.0
-50.0,50,4879.858676,0.0
-50.0,50,4880.348059,0.0
-50.0,50,4880.844683,0.0
-50.0,50,4881.343913,0.0
-50.0,50,4881.835792,0.0
-50.0,50,4882.333239,0.0
-50.0,50,4882.824583,0.0
-50.0,50,4883.344333,0.0
-50.0,50,4883.840825,0.0
-50.0,50,4884.33082,0.0
-50.0,50,4884.82129,0.0
-50.0,50,4885.327621,0.0
-50.0,50,4885.816511,0.0
-50.0,50,4886.31413,0.0
0.0,50,4886.810548,1.0
-50.0,50,4889.616903,0.0
-50.0,50,4890.113502,0.0
-50.0,50,4890.60511,0.0
-50.0,50,4891.112001,0.0
-50.0,50,4891.618411,0.0
-50.0,50,4892.108234,0.0
-50.0,50,4892.604405,0.0
0.0,50,4893.094604,1.0
-50.0,50,4893.59748,0.0
0.0,50,4894.086349,1.0
-50.0,50,4894.574291,0.0
-50.0,50,4895.07387,0.0
-50.0,50,4895.5743,0.0
-50.0,50,4896.069197,0.0
-50.0,50,4896.558454,0.0
-50.0,50,4897.048152,0.0
-50.0,50,4897.558448,0.0
-50.0,50,4898.045839,0.0
-50.0,50,4898.533471,0.0
-50.0,50,4899.021666,0.0
-50.0,50,4899.522613,0.0
-50.0,50,4900.009596,0.0
0.0,50,4900.497382,1.0
-50.0,50,4900.988412,0.0
-50.0,50,4901.502465,0.0
-50.0,50,4901.987392,0.0
-50.0,50,4902.473815,0.0
-50.0,50,4902.970658,0.0
0.0,50,4903.475951,1.0
-50.0,50,4903.967232,0.0
-50.0,50,4904.45282,0.0
-50.0,50,4904.942194,0.0
-50.0,50,4905.456604,0.0
-50.0,50,4905.959028,0.0
-50.0,50,4906.460065,0.0
-50.0,50,4906.966157,0.0
-50.0,50,4907.474941,0.0
-50.0,50,4907.961003,0.0
-50.0,50,4908.456167,0.0
-50.0,50,4908.955231,0.0
-50.0,50,4909.467974,0.0
-50.0,50,4909.958241,0.0
-50.0,50,4910.452886,0.0
-50.0,50,4910.944326,0.0
0.0,50,4911.463573,1.0
-50.0,50,4911.958073,0.0
-50.0,50,4912.44971,0.0
-50.0,50,4912.936137,0.0
-50.0,50,4913.43823,0.0
-50.0,50,4913.921668,0.0
-50.0,50,4914.412681,0.0
-50.0,50,4914.897534,0.0
-50.0,50,4915.398782,0.0
-50.0,50,4915.895093,0.0
-50.0,50,4916.396728,0.0
-50.0,50,4916.897103,0.0
-50.0,50,4917.412971,0.0
-50.0,50,4917.897249,0.0
-50.0,50,4918.394395,0.0
-50.0,50,4918.884655,0.0
-50.0,50,4919.389304,0.0
-50.0,50,4919.877386,0.0
0.0,50,4920.36631,1.0
0.0,50,4920.860822,1.0
-50.0,50,4921.365624,0.0
-50.0,50,4921.864065,0.0
-50.0,50,4922.362789,0.0
-50.0,50,4922.852108,0.0
-50.0,50,4923.357813,0.0
-50.0,50,4923.844269,0.0
-50.0,50,4924.341861,0.0
-50.0,50,4924.844873,0.0
-50.0,50,4925.344164,0.0
-50.0,50,4925.837822,0.0
-50.0,50,4926.337653,0.0
-50.0,50,4926.841047,0.0
-50.0,50,4927.339655,0.0
-50.0,50,4927.838567,0.0
-50.0,50,4928.32642,0.0
-50.0,50,4928.829522,0.0
-50.0,50,4929.342788,0.0
-50.0,50,4929.830967,0.0
-50.0,50,4930.324431,0.0
-50.0,50,4930.8089,0.0
-50.0,50,4931.303361,0.0
-50.0,50,4931.787845,0.0
0.0,50,4932.286724,1.0
-50.0,50,4932.768389,0.0
-50.0,50,4933.261939,0.0
-50.0,50,4933.759861,0.0
-50.0,50,4934.254493,0.0
-50.0,50,4934.741501,0.0
-50.0,50,4935.260835,0.0
-50.0,50,4935.745426,0.0
-50.0,50,4936.24571,0.0
-50.0,50,4936.730502,0.0
-50.0,50,4937.236696,0.0
-50.0,50,4937.735849,0.0
-50.0,50,4938.233778,0.0
-50.0,50,4938.719487,0.0
-50.0,50,4939.224243,0.0
-50.0,50,4939.72229,0.0
0.0,50,4940.219138,1.0
-50.0,50,4940.723942,0.0
-50.0,50,4941.239231,0.0
0.0,50,4941.739414,1.0
-50.0,50,4942.235722,0.0
0.0,50,4942.733905,1.0
-50.0,50,4943.246853,0.0
-50.0,50,4943.759624,0.0
-50.0,50,4944.259134,0.0
-50.0,50,4944.768162,0.0
-50.0,50,4945.283559,0.0
-50.0,50,4945.783682,0.0
-50.0,50,4946.277294,0.0
0.0,50,4946.769431,1.0
-50.0,50,4947.272528,0.0
-50.0,50,4947.7647,0.0
0.0,50,4948.263795,1.0
-50.0,50,4948.761724,0.0
-50.0,50,4949.264554,0.0
-50.0,50,4949.757464,0.0
-50.0,50,4950.253982,0.0
-50.0,50,4950.744763,0.0
-50.0,50,4951.248451,0.0
-50.0,50,4951.739171,0.0
-50.0,50,4952.230697,0.0
-50.0,50,4952.723037,0.0
-50.0,50,4953.235382,0.0
-50.0,50,4953.72596,0.0
-50.0,50,4954.218624,0.0
-50.0,50,4954.719473,0.0
-50.0,50,4955.231802,0.0
-50.0,50,4955.734075,0.0
-50.0,50,4956.225043,0.0
-50.0,50,4956.716595,0.0
-50.0,50,4957.221,0.0
-50.0,50,4957.719001,0.0
-50.0,50,4958.211404,0.0
-50.0,50,4958.720962,0.0
-50.0,50,4959.222581,0.0
-50.0,50,4959.714486,0.0
-50.0,50,4960.20789,0.0
-50.0,50,4960.699515,0.0
-50.0,50,4961.202184,0.0
-50.0,50,4961.693966,0.0
-50.0,50,4962.185823,0.0
-50.0,50,4962.675143,0.0
-50.0,50,4963.179247,0.0
-50.0,50,4963.680292,0.0
-50.0,50,4964.173019,0.0
-50.0,50,4964.664169,0.0
-50.0,50,4965.171089,0.0
-50.0,50,4965.674141,0.0
-50.0,50,4966.176773,0.0
-50.0,50,4966.672795,0.0
0.0,50,4967.175576,1.0
-50.0,50,4967.677771,0.0
-50.0,50,4968.182431,0.0
-50.0,50,4968.678352,0.0
-50.0,50,4969.183069,0.0
-50.0,50,4969.678743,0.0
-50.0,50,4970.170566,0.0
-50.0,50,4970.665961,0.0
-50.0,50,4971.183476,0.0
-50.0,50,4971.682082,0.0
-50.0,50,4972.1769,0.0
-50.0,50,4972.668283,0.0
-50.0,50,4973.180218,0.0
-50.0,50,4973.675164,0.0
-50.0,50,4974.166084,0.0
-50.0,50,4974.665669,0.0
-50.0,50,4975.171799,0.0
-50.0,50,4975.672804,0.0
-50.0,50,4976.176736,0.0
0.0,50,4976.670612,1.0
0.0,50,4977.164132,1.0
-50.0,50,4977.654828,0.0
-50.0,50,4978.139493,0.0
-50.0,50,4978.624161,0.0
-50.0,50,4979.128048,0.0
-50.0,50,4979.613846,0.0
-50.0,50,4980.101788,0.0
-50.0,50,4980.585123,0.0
-50.0,50,4981.083503,0.0
-50.0,50,4981.578839,0.0
-50.0,50,4982.082676,0.0
-50.0,50,4982.592302,0.0
-50.0,50,4983.098832,0.0
-50.0,50,4983.590004,0.0
-50.0,50,4984.088404,0.0
-50.0,50,4984.585895,0.0
-50.0,50,4985.088957,0.0
-50.0,50,4985.59105,0.0
-50.0,50,4986.096516,0.0
-50.0,50,4986.599313,0.0
0.0,50,4987.132434,1.0
-50.0,50,4987.635247,0.0
-50.0,50,4988.130038,0.0
-50.0,50,4988.622658,0.0
-50.0,50,4991.480009,0.0
0.0,50,4991.966233,1.0
-50.0,50,4992.453673,0.0
-50.0,50,4992.950348,0.0
0.0,50,4993.460199,1.0
-50.0,50,4993.95267,0.0
-50.0,50,4994.441433,0.0
-50.0,50,4994.927602,0.0
-50.0,50,4995.440391,0.0
-50.0,50,4995.929909,0.0
-50.0,50,4996.422208,0.0
-50.0,50,4996.911143,0.0
-50.0,50,4997.411255,0.0
-50.0,50,4997.896102,0.0
-50.0,50,4998.377152,0.0
-50.0,50,4998.862722,0.0
-50.0,50,4999.366996,0.0
-50.0,50,4999.856426,0.0
-50.0,50,5000.346335,0.0
-50.0,50,5000.836657,0.0
-50.0,50,5001.347067,0.0
-50.0,50,5001.840774,0.0
-50.0,50,5002.335154,0.0
-50.0,50,5002.83136,0.0
-50.0,50,5003.345811,0.0
-50.0,50,5003.838891,0.0
0.0,50,5004.335962,1.0
-50.0,50,5004.833482,0.0
-50.0,50,5005.337723,0.0
-50.0,50,5005.829647,0.0
-50.0,50,5006.346701,0.0
0.0,50,5006.835271,1.0
-50.0,50,5007.329168,0.0
0.0,50,5007.808737,1.0
-50.0,50,5008.288005,0.0
-50.0,50,5008.774997,0.0
-50.0,50,5009.267473,0.0
-50.0,50,5009.745685,0.0
-50.0,50,5010.236789,0.0
-50.0,50,5010.719509,0.0
-50.0,50,5011.224969,0.0
-50.0,50,5011.709085,0.0
-50.0,50,5012.195049,0.0
-50.0,50,5012.688172,0.0
0.0,50,5013.182781,1.0
-50.0,50,5013.677398,0.0
-50.0,50,5014.167085,0.0
-50.0,50,5014.663836,0.0
-50.0,50,5015.166371,0.0
-50.0,50,5015.650494,0.0
-50.0,50,5016.143734,0.0
-50.0,50,5016.626565,0.0
-50.0,50,5017.123573,0.0
-50.0,50,5017.609945,0.0
-50.0,50,5018.102874,0.0
-50.0,50,5018.586978,0.0
-50.0,50,5019.084488,0.0
-50.0,50,5019.565479,0.0
-50.0,50,5020.046382,0.0
-50.0,50,5020.527728,0.0
-50.0,50,5021.029059,0.0
-50.0,50,5021.509,0.0
-50.0,50,5021.992902,0.0
-50.0,50,5022.488153,0.0
-50.0,50,5022.994296,0.0
-50.0,50,5023.495405,0.0
-50.0,50,5023.978495,0.0
-50.0,50,5024.463072,0.0
-50.0,50,5024.96038,0.0
-50.0,50,5025.455461,0.0
0.0,50,5025.953776,1.0
-50.0,50,5026.443901,0.0
0.0,50,5026.953814,1.0
0.0,50,5027.442377,1.0
-50.0,50,5027.942216,0.0
-50.0,50,5028.427791,0.0
-50.0,50,5028.925072,0.0
-50.0,50,5029.411684,0.0
-50.0,50,5029.902313,0.0
-50.0,50,5030.390994,0.0
-50.0,50,5030.902709,0.0
-50.0,50,5031.400903,0.0
-50.0,50,5031.907639,0.0
-50.0,50,5032.397562,0.0
-50.0,50,5032.909242,0.0
-50.0,50,5033.396874,0.0
-50.0,50,5033.892384,0.0
-50.0,50,5034.388976,0.0
-50.0,50,5034.889184,0.0
0.0,50,5035.388729,1.0
-50.0,50,5035.87817,0.0
-50.0,50,5036.367033,0.0
-50.0,50,5036.875462,0.0
-50.0,50,5037.366236,0.0
-50.0,50,5037.86996,0.0
-50.0,50,5038.357466,0.0
-50.0,50,5038.856241,0.0
-50.0,50,5039.342971,0.0
-50.0,50,5039.842286,0.0
-50.0,50,5040.328299,0.0
-50.0,50,5040.829288,0.0
-50.0,50,5041.333606,0.0
-50.0,50,5041.837199,0.0
-50.0,50,5042.334743,0.0
-50.0,50,5042.846486,0.0
-50.0,50,5043.339049,0.0
-50.0,50,5043.835272,0.0
0.0,50,5044.340798,1.0
-50.0,50,5044.84571,0.0
-50.0,50,5045.344867,0.0
-50.0,50,5045.849564,0.0
-50.0,50,5046.342028,0.0
-50.0,50,5046.85212,0.0
-50.0,50,5047.351455,0.0
-50.0,50,5047.85201,0.0
-50.0,50,5048.3458,0.0
-50.0,50,5048.851145,0.0
-50.0,50,5049.353702,0.0
-50.0,50,5049.858293,0.0
-50.0,50,5050.35287,0.0
-50.0,50,5050.861821,0.0
-50.0,50,5051.359588,0.0
-50.0,50,5051.859371,0.0
-50.0,50,5052.354188,0.0
-50.0,50,5052.859077,0.0
-50.0,50,5053.359665,0.0
-50.0,50,5053.85279,0.0
-50.0,50,5054.353081,0.0
-50.0,50,5054.866196,0.0
-50.0,50,5055.368505,0.0
-50.0,50,5055.870962,0.0
-50.0,50,5056.364056,0.0
-50.0,50,5056.867007,0.0
-50.0,50,5057.366009,0.0
-50.0,50,5057.859823,0.0
-50.0,50,5058.368721,0.0
-50.0,50,5058.872415,0.0
-50.0,50,5059.370598,0.0
-50.0,50,5059.870917,0.0
-50.0,50,5060.374084,0.0
-50.0,50,5060.897691,0.0
-50.0,50,5061.394216,0.0
-50.0,50,5061.889902,0.0
-50.0,50,5062.37689,0.0
-50.0,50,5062.877246,0.0
-50.0,50,5063.365864,0.0
-50.0,50,5063.86125,0.0
0.0,50,5064.374084,1.0
-50.0,50,5064.875067,0.0
-50.0,50,5065.371005,0.0
-50.0,50,5065.872554,0.0
-50.0,50,5066.36108,0.0
-50.0,50,5066.872172,0.0
-50.0,50,5067.369253,0.0
-50.0,50,5067.853804,0.0
-50.0,50,5068.354694,0.0
-50.0,50,5068.864072,0.0
-50.0,50,5069.363166,0.0
-50.0,50,5069.857295,0.0
-50.0,50,5070.357017,0.0
-50.0,50,5070.871547,0.0
-50.0,50,5071.370506,0.0
-50.0,50,5071.858313,0.0
-50.0,50,5072.347159,0.0
-50.0,50,5072.847849,0.0
-50.0,50,5073.347307,0.0
-50.0,50,5073.842044,0.0
-50.0,50,5074.33574,0.0
-50.0,50,5074.835184,0.0
-50.0,50,5075.320926,0.0
-50.0,50,5075.812074,0.0
-50.0,50,5076.313331,0.0
-50.0,50,5076.810447,0.0
-50.0,50,5077.296572,0.0
-50.0,50,5077.782241,0.0
0.0,50,5078.28361,1.0
-50.0,50,5078.796375,0.0
-50.0,50,5079.298962,0.0
-50.0,50,5079.788541,0.0
-50.0,50,5080.283531,0.0
-50.0,50,5080.795844,0.0
-50.0,50,5081.300812,0.0
-50.0,50,5081.801308,0.0
0.0,50,5082.295246,1.0
-50.0,50,5082.797846,0.0
-50.0,50,5083.287,0.0
-50.0,50,5083.774176,0.0
-50.0,50,5084.259992,0.0
-50.0,50,5084.77034,0.0
-50.0,50,5085.275501,0.0
-50.0,50,5085.7746,0.0
-50.0,50,5086.27426,0.0
-50.0,50,5086.772026,0.0
-50.0,50,5087.267525,0.0
-50.0,50,5087.768402,0.0
-50.0,50,5088.256898,0.0
-50.0,50,5088.754322,0.0
-50.0,50,5089.251407,0.0
-50.0,50,5089.737213,0.0
-50.0,50,5090.221597,0.0
-50.0,50,5093.004336,0.0
-50.0,50,5093.502373,0.0
-50.0,50,5093.996058,0.0
-50.0,50,5094.492113,0.0
-50.0,50,5095.00398,0.0
-50.0,50,5095.491288,0.0
-50.0,50,5095.993784,0.0
-50.0,50,5096.494774,0.0
-50.0,50,5096.995303,0.0
-50.0,50,5097.49105,0.0
-50.0,50,5097.977956,0.0
-50.0,50,5098.463131,0.0
-50.0,50,5098.972479,0.0
-50.0,50,5099.46805,0.0
-50.0,50,5099.971026,0.0
-50.0,50,5100.471593,0.0
0.0,50,5100.979669,1.0
-50.0,50,5101.475517,0.0
-50.0,50,5101.962374,0.0
-50.0,50,5102.464538,0.0
-50.0,50,5102.971588,0.0
-50.0,50,5103.45995,0.0
-50.0,50,5103.948355,0.0
-50.0,50,5104.438649,0.0
-50.0,50,5104.952583,0.0
-50.0,50,5105.440527,0.0
-50.0,50,5105.932911,0.0
-50.0,50,5106.432136,0.0
-50.0,50,5106.934985,0.0
-50.0,50,5107.425339,0.0
-50.0,50,5107.92627,0.0
-50.0,50,5108.41431,0.0
-50.0,50,5108.923331,0.0
-50.0,50,5109.421476,0.0
-50.0,50,5109.910969,0.0
-50.0,50,5110.406062,0.0
-50.0,50,5110.907293,0.0
-50.0,50,5111.404521,0.0
-50.0,50,5111.901472,0.0
-50.0,50,5112.388424,0.0
-50.0,50,5112.889778,0.0
-50.0,50,5113.389709,0.0
-50.0,50,5113.878125,0.0
-50.0,50,5114.375423,0.0
-50.0,50,5114.87504,0.0
-50.0,50,5115.373276,0.0
-50.0,50,5115.870549,0.0
-50.0,50,5116.356687,0.0
-50.0,50,5116.858751,0.0
-50.0,50,5117.351768,0.0
-50.0,50,5117.854028,0.0
-50.0,50,5118.353745,0.0
-50.0,50,5118.856243,0.0
-50.0,50,5119.34919,0.0
0.0,50,5119.834358,1.0
-50.0,50,5120.337503,0.0
-50.0,50,5120.836086,0.0
-50.0,50,5121.32747,0.0
-50.0,50,5121.823115,0.0
-50.0,50,5122.31494,0.0
-50.0,50,5122.824025,0.0
-50.0,50,5123.323633,0.0
-50.0,50,5123.810873,0.0
-50.0,50,5124.303602,0.0
0.0,50,5124.813734,1.0
-50.0,50,5125.30251,0.0
-50.0,50,5125.797806,0.0
-50.0,50,5126.294475,0.0
-50.0,50,5126.799259,0.0
-50.0,50,5127.29203,0.0
-50.0,50,5127.787527,0.0
-50.0,50,5128.281282,0.0
-50.0,50,5128.797408,0.0
-50.0,50,5129.288561,0.0
-50.0,50,5129.787376,0.0
-50.0,50,5130.274696,0.0
-50.0,50,5130.776185,0.0
0.0,50,5131.26946,1.0
-50.0,50,5131.760409,0.0
-50.0,50,5132.252195,0.0
-50.0,50,5132.753132,0.0
-50.0,50,5133.25208,0.0
-50.0,50,5133.742853,0.0
-50.0,50,5134.240724,0.0
0.0,50,5134.737822,1.0
-50.0,50,5135.226007,0.0
-50.0,50,5135.713931,0.0
-50.0,50,5136.212234,0.0
-50.0,50,5136.723679,0.0
-50.0,50,5137.213191,0.0
-50.0,50,5137.703488,0.0
-50.0,50,5138.198867,0.0
-50.0,50,5138.706981,0.0
-50.0,50,5139.196713,0.0
-50.0,50,5139.68399,0.0
-50.0,50,5140.182141,0.0
-50.0,50,5140.691258,0.0
-50.0,50,5141.203449,0.0
-50.0,50,5141.701608,0.0
-50.0,50,5142.203001,0.0
-50.0,50,5142.70448,0.0
-50.0,50,5143.204742,0.0
-50.0,50,5143.691232,0.0
-50.0,50,5144.183384,0.0
-50.0,50,5144.693202,0.0
-50.0,50,5145.199624,0.0
-50.0,50,5145.687985,0.0
-50.0,50,5146.173987,0.0
0.0,50,5146.682343,1.0
0.0,50,5147.178656,1.0
-50.0,50,5147.662551,0.0
-50.0,50,5148.145456,0.0
0.0,50,5148.658232,1.0
-50.0,50,5149.142285,0.0
-50.0,50,5149.626578,0.0
-50.0,50,5150.1263,0.0
-50.0,50,5150.623757,0.0
-50.0,50,5151.117186,0.0
-50.0,50,5151.603702,0.0
-50.0,50,5152.090208,0.0
-50.0,50,5152.586482,0.0
-50.0,50,5153.073619,0.0
-50.0,50,5153.561135,0.0
0.0,50,5154.054043,1.0
-50.0,50,5154.551902,0.0
-50.0,50,5155.047303,0.0
-50.0,50,5155.55688,0.0
-50.0,50,5156.055039,0.0
-50.0,50,5156.562304,0.0
-50.0,50,5157.062373,0.0
-50.0,50,5157.552618,0.0
-50.0,50,5158.037707,0.0
-50.0,50,5158.543113,0.0
-50.0,50,5159.029485,0.0
-50.0,50,5159.516466,0.0
-50.0,50,5160.006202,0.0
-50.0,50,5160.50481,0.0
-50.0,50,5160.99328,0.0
-50.0,50,5161.48994,0.0
-50.0,50,5161.983401,0.0
-50.0,50,5162.482745,0.0
-50.0,50,5162.970425,0.0
-50.0,50,5163.464819,0.0
-50.0,50,5163.954112,0.0
-50.0,50,5164.458159,0.0
-50.0,50,5164.947322,0.0
-50.0,50,5165.433791,0.0
-50.0,50,5165.928473,0.0
-50.0,50,5166.431195,0.0
-50.0,50,5166.932275,0.0
-50.0,50,5167.42933,0.0
-50.0,50,5167.926801,0.0
-50.0,50,5168.423394,0.0
-50.0,50,5168.908864,0.0
-50.0,50,5169.399681,0.0
-50.0,50,5169.89581,0.0
-50.0,50,5170.413733,0.0
-50.0,50,5170.913578,0.0
-50.0,50,5171.40594,0.0
-50.0,50,5171.896093,0.0
-50.0,50,5172.393751,0.0
-50.0,50,5172.879972,0.0
-50.0,50,5173.377208,0.0
-50.0,50,5173.863426,0.0
-50.0,50,5174.361209,0.0
-50.0,50,5174.852072,0.0
-50.0,50,5175.348505,0.0
-50.0,50,5175.840328,0.0
-50.0,50,5176.338465,0.0
-50.0,50,5176.832806,0.0
-50.0,50,5177.329109,0.0
-50.0,50,5177.815992,0.0
-50.0,50,5178.328362,0.0
-50.0,50,5178.817316,0.0
-50.0,50,5179.310718,0.0
-50.0,50,5179.801505,0.0
-50.0,50,5180.3127,0.0
-50.0,50,5180.805975,0.0
-50.0,50,5181.311496,0.0
-50.0,50,5181.812708,0.0
-50.0,50,5182.316968,0.0
-50.0,50,5182.82053,0.0
-50.0,50,5183.316282,0.0
-50.0,50,5183.816346,0.0
-50.0,50,5184.337728,0.0
-50.0,50,5184.83859,0.0
-50.0,50,5185.339484,0.0
-50.0,50,5185.832634,0.0
-50.0,50,5186.334232,0.0
-50.0,50,5186.829024,0.0
-50.0,50,5187.326709,0.0
-50.0,50,5187.824856,0.0
-50.0,50,5188.328383,0.0
-50.0,50,5188.823542,0.0
-50.0,50,5189.324806,0.0
-50.0,50,5189.815521,0.0
-50.0,50,5190.319381,0.0
-50.0,50,5190.812566,0.0
-50.0,50,5191.311213,0.0
0.0,50,5191.813194,1.0
-50.0,50,5194.632832,0.0
0.0,50,5195.142902,1.0
-50.0,50,5195.63794,0.0
-50.0,50,5196.133467,0.0
-50.0,50,5196.642956,0.0
-50.0,50,5197.140767,0.0
-50.0,50,5197.631847,0.0
-50.0,50,5198.124073,0.0
-50.0,50,5198.629396,0.0
-50.0,50,5199.120124,0.0
-50.0,50,5199.614577,0.0
-50.0,50,5200.107237,0.0
-50.0,50,5200.60977,0.0
-50.0,50,5201.109385,0.0
0.0,50,5201.613673,1.0
-50.0,50,5202.106387,0.0
-50.0,50,5202.610814,0.0
-50.0,50,5203.103485,0.0
-50.0,50,5203.599954,0.0
0.0,50,5204.108503,1.0
-50.0,50,5204.612865,0.0
-50.0,50,5205.105549,0.0
-50.0,50,5205.600174,0.0
-50.0,50,5206.098562,0.0
-50.0,50,5206.600933,0.0
-50.0,50,5207.0964,0.0
-50.0,50,5207.589745,0.0
-50.0,50,5208.084599,0.0
-50.0,50,5208.588462,0.0
-50.0,50,5209.079867,0.0
-50.0,50,5209.573329,0.0
-50.0,50,5210.068007,0.0
-50.0,50,5210.580817,0.0
-50.0,50,5211.086768,0.0
-50.0,50,5211.583065,0.0
-50.0,50,5212.075641,0.0
-50.0,50,5212.578934,0.0
-50.0,50,5213.070827,0.0
-50.0,50,5213.57842,0.0
-50.0,50,5214.079971,0.0
-50.0,50,5214.585098,0.0
-50.0,50,5215.080061,0.0
-50.0,50,5215.581954,0.0
-50.0,50,5216.075755,0.0
-50.0,50,5216.603451,0.0
-50.0,50,5217.105602,0.0
-50.0,50,5217.600503,0.0
-50.0,50,5218.096112,0.0
-50.0,50,5218.609066,0.0
-50.0,50,5219.100729,0.0
-50.0,50,5219.599335,0.0
-50.0,50,5220.105754,0.0
-50.0,50,5220.611613,0.0
-50.0,50,5221.117512,0.0
-50.0,50,5221.619498,0.0
-50.0,50,5222.114132,0.0
-50.0,50,5222.6245,0.0
-50.0,50,5223.127686,0.0
-50.0,50,5223.628067,0.0
-50.0,50,5224.130734,0.0
-50.0,50,5224.638459,0.0
-50.0,50,5225.142632,0.0
-50.0,50,5225.64001,0.0
-50.0,50,5226.147817,0.0
-50.0,50,5226.652201,0.0
-50.0,50,5227.150856,0.0
-50.0,50,5227.645427,0.0
-50.0,50,5228.145638,0.0
-50.0,50,5228.651706,0.0
-50.0,50,5229.146199,0.0
-50.0,50,5229.645797,0.0
-50.0,50,5230.138265,0.0
-50.0,50,5230.651146,0.0
-50.0,50,5231.166626,0.0
-50.0,50,5231.658641,0.0
-50.0,50,5232.183463,0.0
-50.0,50,5232.695982,0.0
-50.0,50,5233.188834,0.0
-50.0,50,5233.697961,0.0
-50.0,50,5234.195085,0.0
-50.0,50,5234.691952,0.0
-50.0,50,5235.178509,0.0
-50.0,50,5235.663473,0.0
-50.0,50,5236.152384,0.0
-50.0,50,5236.649866,0.0
-50.0,50,5237.139476,0.0
-50.0,50,5237.645102,0.0
-50.0,50,5238.143608,0.0
0.0,50,5238.653926,1.0
-50.0,50,5239.152943,0.0
-50.0,50,5239.63708,0.0
-50.0,50,5240.123632,0.0
-50.0,50,5240.617624,0.0
-50.0,50,5241.107423,0.0
0.0,50,5241.596931,1.0
-50.0,50,5242.094993,0.0
-50.0,50,5242.616009,0.0
-50.0,50,5243.117751,0.0
-50.0,50,5243.614886,0.0
0.0,50,5244.110986,1.0
-50.0,50,5244.617895,0.0
-50.0,50,5245.101896,0.0
-50.0,50,5245.588447,0.0
-50.0,50,5246.073967,0.0
-50.0,50,5246.567539,0.0
-50.0,50,5247.057446,0.0
-50.0,50,5247.542212,0.0
-50.0,50,5248.026604,0.0
-50.0,50,5248.521755,0.0
-50.0,50,5249.015447,0.0
-50.0,50,5249.497982,0.0
-50.0,50,5249.982994,0.0
-50.0,50,5250.47972,0.0
-50.0,50,5250.972639,0.0
0.0,50,5251.453871,1.0
-50.0,50,5251.938788,0.0
-50.0,50,5252.431647,0.0
-50.0,50,5252.929696,0.0
-50.0,50,5253.420084,0.0
-50.0,50,5253.914116,0.0
-50.0,50,5254.407499,0.0
0.0,50,5254.903127,1.0
-50.0,50,5255.385453,0.0
-50.0,50,5255.867649,0.0
-50.0,50,5256.370757,0.0
-50.0,50,5256.853206,0.0
-50.0,50,5257.345446,0.0
-50.0,50,5257.843108,0.0
-50.0,50,5258.379765,0.0
-50.0,50,5258.863072,0.0
0.0,50,5259.347551,1.0
-50.0,50,5259.831836,0.0
-50.0,50,5260.332404,0.0
-50.0,50,5260.813703,0.0
0.0,50,5261.299741,1.0
-50.0,50,5261.791579,0.0
-50.0,50,5262.313081,0.0
-50.0,50,5262.800648,0.0
-50.0,50,5263.282404,0.0
-50.0,50,5263.763956,0.0
-50.0,50,5264.289356,0.0
-50.0,50,5264.787337,0.0
0.0,50,5265.285357,1.0
-50.0,50,5265.777983,0.0
0.0,50,5266.278848,1.0
-50.0,50,5266.776113,0.0
-50.0,50,5267.276419,0.0
-50.0,50,5267.772312,0.0
-50.0,50,5268.268871,0.0
0.0,50,5268.761937,1.0
-50.0,50,5269.247628,0.0
-50.0,50,5269.747524,0.0
-50.0,50,5270.250103,0.0
-50.0,50,5270.736808,0.0
-50.0,50,5271.227031,0.0
-50.0,50,5271.729804,0.0
-50.0,50,5272.238686,0.0
-50.0,50,5272.722895,0.0
0.0,50,5273.210147,1.0
-50.0,50,5273.695047,0.0
-50.0,50,5274.203116,0.0
-50.0,50,5274.68715,0.0
0.0,50,5275.186412,1.0
-50.0,50,5275.690409,0.0
-50.0,50,5276.199939,0.0
-50.0,50,5276.70131,0.0
-50.0,50,5277.186519,0.0
-50.0,50,5277.687066,0.0
-50.0,50,5278.19164,0.0
-50.0,50,5278.687975,0.0
-50.0,50,5279.171852,0.0
-50.0,50,5279.654209,0.0
-50.0,50,5280.161204,0.0
-50.0,50,5280.662043,0.0
-50.0,50,5281.144005,0.0
-50.0,50,5281.629172,0.0
-50.0,50,5282.127905,0.0
-50.0,50,5282.616094,0.0
-50.0,50,5283.116434,0.0
-50.0,50,5283.603945,0.0
-50.0,50,5284.102147,0.0
-50.0,50,5284.60243,0.0
-50.0,50,5285.101512,0.0
-50.0,50,5285.598172,0.0
-50.0,50,5286.107965,0.0
-50.0,50,5286.605092,0.0
-50.0,50,5287.092977,0.0
-50.0,50,5287.587014,0.0
-50.0,50,5288.086161,0.0
-50.0,50,5288.586927,0.0
-50.0,50,5289.070946,0.0
-50.0,50,5289.559029,0.0
-50.0,50,5290.054959,0.0
-50.0,50,5290.546957,0.0
-50.0,50,5291.041245,0.0
-50.0,50,5291.535276,0.0
-50.0,50,5292.046525,0.0
-50.0,50,5292.542556,0.0
-50.0,50,5293.042937,0.0
-50.0,50,5293.529897,0.0
-50.0,50,5296.275554,0.0
-50.0,50,5296.762324,0.0
-50.0,50,5297.252482,0.0
-50.0,50,5297.744143,0.0
-50.0,50,5298.240044,0.0
-50.0,50,5298.737128,0.0
-50.0,50,5299.236413,0.0
-50.0,50,5299.733683,0.0
-50.0,50,5300.240299,0.0
-50.0,50,5300.727739,0.0
0.0,50,5301.216897,1.0
-50.0,50,5301.705855,0.0
-50.0,50,5302.207192,0.0
-50.0,50,5302.709337,0.0
-50.0,50,5303.205419,0.0
-50.0,50,5303.692888,0.0
0.0,50,5304.201629,1.0
-50.0,50,5304.702621,0.0
-50.0,50,5305.19736,0.0
-50.0,50,5305.68272,0.0
-50.0,50,5306.180057,0.0
-50.0,50,5306.679113,0.0
-50.0,50,5307.16567,0.0
-50.0,50,5307.651339,0.0
-50.0,50,5308.152227,0.0
-50.0,50,5308.640434,0.0
-50.0,50,5309.1243,0.0
-50.0,50,5309.616574,0.0
-50.0,50,5310.123354,0.0
-50.0,50,5310.6188,0.0
-50.0,50,5311.115248,0.0
-50.0,50,5311.604201,0.0
-50.0,50,5312.105298,0.0
-50.0,50,5312.605942,0.0
0.0,50,5313.106164,1.0
0.0,50,5313.599023,1.0
0.0,50,5314.106992,1.0
-50.0,50,5314.599758,0.0
-50.0,50,5315.099979,0.0
-50.0,50,5315.599355,0.0
-50.0,50,5316.10187,0.0
-50.0,50,5316.606344,0.0
-50.0,50,5317.101066,0.0
-50.0,50,5317.595025,0.0
-50.0,50,5318.101117,0.0
-50.0,50,5318.604356,0.0
-50.0,50,5319.09958,0.0
-50.0,50,5319.594966,0.0
0.0,50,5320.105517,1.0
-50.0,50,5320.609686,0.0
-50.0,50,5321.101733,0.0
-50.0,50,5321.599404,0.0
-50.0,50,5322.115597,0.0
-50.0,50,5322.610963,0.0
-50.0,50,5323.11663,0.0
-50.0,50,5323.616887,0.0
-50.0,50,5324.123383,0.0
-50.0,50,5324.628695,0.0
-50.0,50,5325.12748,0.0
-50.0,50,5325.625598,0.0
-50.0,50,5326.130979,0.0
-50.0,50,5326.629096,0.0
-50.0,50,5327.1346,0.0
-50.0,50,5327.633741,0.0
-50.0,50,5328.143575,0.0
-50.0,50,5328.638629,0.0
-50.0,50,5329.13381,0.0
-50.0,50,5329.630189,0.0
-50.0,50,5330.135509,0.0
-50.0,50,5330.631995,0.0
-50.0,50,5331.136167,0.0
-50.0,50,5331.636569,0.0
-50.0,50,5332.142154,0.0
-50.0,50,5332.640444,0.0
-50.0,50,5333.140355,0.0
-50.0,50,5333.630156,0.0
-50.0,50,5334.132203,0.0
-50.0,50,5334.62648,0.0
-50.0,50,5335.125637,0.0
0.0,50,5335.646974,1.0
-50.0,50,5336.159297,0.0
-50.0,50,5336.650205,0.0
-50.0,50,5337.138888,0.0
-50.0,50,5337.628097,0.0
-50.0,50,5338.124262,0.0
-50.0,50,5338.608,0.0
-50.0,50,5339.092964,0.0
-50.0,50,5339.576655,0.0
-50.0,50,5340.075446,0.0
-50.0,50,5340.564862,0.0
-50.0,50,5341.060202,0.0
-50.0,50,5341.561208,0.0
-50.0,50,5342.067325,0.0
-50.0,50,5342.572204,0.0
-50.0,50,5343.065962,0.0
-50.0,50,5343.568381,0.0
-50.0,50,5344.07205,0.0
-50.0,50,5344.57115,0.0
-50.0,50,5345.069893,0.0
-50.0,50,5345.567216,0.0
-50.0,50,5346.080511,0.0
-50.0,50,5346.583538,0.0
-50.0,50,5347.085723,0.0
-50.0,50,5347.597818,0.0
0.0,50,5348.12115,1.0
-50.0,50,5348.621699,0.0
-50.0,50,5349.121448,0.0
-50.0,50,5349.621036,0.0
-50.0,50,5350.130417,0.0
-50.0,50,5350.629876,0.0
-50.0,50,5351.130405,0.0
-50.0,50,5351.630517,0.0
0.0,50,5352.142261,1.0
-50.0,50,5352.631024,0.0
-50.0,50,5353.127375,0.0
-50.0,50,5353.628643,0.0
-50.0,50,5354.1382,0.0
-50.0,50,5354.640264,0.0
-50.0,50,5355.136888,0.0
-50.0,50,5355.63697,0.0
-50.0,50,5356.14498,0.0
0.0,50,5356.635893,1.0
-50.0,50,5357.140273,0.0
-50.0,50,5357.6336,0.0
-50.0,50,5358.135005,0.0
-50.0,50,5358.629004,0.0
-50.0,50,5359.12093,0.0
-50.0,50,5359.622806,0.0
-50.0,50,5360.14062,0.0
-50.0,50,5360.640311,0.0
-50.0,50,5361.144534,0.0
-50.0,50,5361.642,0.0
-50.0,50,5362.158531,0.0
-50.0,50,5362.67012,0.0
-50.0,50,5363.16392,0.0
0.0,50,5363.662269,1.0
-50.0,50,5364.171357,0.0
-50.0,50,5364.661567,0.0
-50.0,50,5365.162251,0.0
-50.0,50,5365.657853,0.0
-50.0,50,5366.174933,0.0
-50.0,50,5366.673121,0.0
-50.0,50,5367.171441,0.0
-50.0,50,5367.65998,0.0
-50.0,50,5368.162254,0.0
-50.0,50,5368.650121,0.0
-50.0,50,5369.143983,0.0
-50.0,50,5369.651264,0.0
-50.0,50,5370.149181,0.0
-50.0,50,5370.640954,0.0
-50.0,50,5371.14027,0.0
-50.0,50,5371.630326,0.0
-50.0,50,5372.134012,0.0
-50.0,50,5372.627664,0.0
-50.0,50,5373.119086,0.0
-50.0,50,5373.61111,0.0
-50.0,50,5374.113707,0.0
-50.0,50,5374.608227,0.0
-50.0,50,5375.09742,0.0
-50.0,50,5375.595736,0.0
-50.0,50,5376.101077,0.0
-50.0,50,5376.598807,0.0
-50.0,50,5377.098187,0.0
-50.0,50,5377.593329,0.0
-50.0,50,5378.104407,0.0
-50.0,50,5378.595184,0.0
-50.0,50,5379.096371,0.0
-50.0,50,5379.588251,0.0
-50.0,50,5380.099405,0.0
-50.0,50,5380.589678,0.0
-50.0,50,5381.089821,0.0
-50.0,50,5381.585545,0.0
-50.0,50,5382.096732,0.0
-50.0,50,5382.594089,0.0
-50.0,50,5383.086621,0.0
-50.0,50,5383.596724,0.0
-50.0,50,5384.103379,0.0
-50.0,50,5384.602775,0.0
-50.0,50,5385.102008,0.0
-50.0,50,5385.599499,0.0
0.0,50,5386.111855,1.0
0.0,50,5386.625064,1.0
-50.0,50,5387.117067,0.0
-50.0,50,5387.61238,0.0
-50.0,50,5388.11673,0.0
-50.0,50,5388.618199,0.0
-50.0,50,5389.119116,0.0
-50.0,50,5389.615461,0.0
-50.0,50,5390.117144,0.0
-50.0,50,5390.614464,0.0
-50.0,50,5391.118915,0.0
-50.0,50,5391.604938,0.0
-50.0,50,5392.115257,0.0
0.0,50,5392.618927,1.0
-50.0,50,5393.117526,0.0
-50.0,50,5393.607713,0.0
-50.0,50,5394.105344,0.0
-50.0,50,5394.594641,0.0
-50.0,50,5395.08947,0.0
-50.0,50,5395.5776,0.0
-50.0,50,5398.354677,0.0
-50.0,50,5398.846614,0.0
-50.0,50,5399.337656,0.0
-50.0,50,5399.825216,0.0
-50.0,50,5400.322359,0.0
0.0,50,5400.821551,1.0
-50.0,50,5401.319978,0.0
-50.0,50,5401.814615,0.0
-50.0,50,5402.321042,0.0
-50.0,50,5402.806977,0.0
-50.0,50,5403.292203,0.0
-50.0,50,5403.778102,0.0
-50.0,50,5404.290928,0.0
-50.0,50,5404.784497,0.0
-50.0,50,5405.282448,0.0
-50.0,50,5405.769425,0.0
-50.0,50,5406.270621,0.0
-50.0,50,5406.769164,0.0
-50.0,50,5407.25909,0.0
-50.0,50,5407.75841,0.0
-50.0,50,5408.259724,0.0
-50.0,50,5408.754713,0.0
-50.0,50,5409.248659,0.0
-50.0,50,5409.742858,0.0
-50.0,50,5410.245625,0.0
-50.0,50,5410.734645,0.0
0.0,50,5411.230143,1.0
-50.0,50,5411.728619,0.0
-50.0,50,5412.233773,0.0
-50.0,50,5412.735417,0.0
-50.0,50,5413.227432,0.0
-50.0,50,5413.726127,0.0
-50.0,50,5414.226799,0.0
-50.0,50,5414.724438,0.0
-50.0,50,5415.224285,0.0
-50.0,50,5415.718366,0.0
-50.0,50,5416.222331,0.0
-50.0,50,5416.719922,0.0
-50.0,50,5417.207318,0.0
-50.0,50,5417.695744,0.0
-50.0,50,5418.207689,0.0
-50.0,50,5418.700376,0.0
-50.0,50,5419.192285,0.0
-50.0,50,5419.684515,0.0
-50.0,50,5420.188756,0.0
-50.0,50,5420.677516,0.0
-50.0,50,5421.178351,0.0
-50.0,50,5421.670511,0.0
-50.0,50,5422.176531,0.0
-50.0,50,5422.669139,0.0
-50.0,50,5423.162441,0.0
0.0,50,5423.663599,1.0
-50.0,50,5424.174966,0.0
-50.0,50,5424.676542,0.0
-50.0,50,5425.166692,0.0
-50.0,50,5425.65664,0.0
-50.0,50,5426.155595,0.0
-50.0,50,5426.64848,0.0
-50.0,50,5427.14178,0.0
-50.0,50,5427.642902,0.0
-50.0,50,5428.152984,0.0
-50.0,50,5428.643474,0.0
-50.0,50,5429.135289,0.0
-50.0,50,5429.627779,0.0
-50.0,50,5430.140233,0.0
-50.0,50,5430.638466,0.0
-50.0,50,5431.143169,0.0
-50.0,50,5431.639793,0.0
-50.0,50,5432.144108,0.0
-50.0,50,5432.639613,0.0
0.0,50,5433.139423,1.0
-50.0,50,5433.633584,0.0
-50.0,50,5434.14013,0.0
0.0,50,5434.636737,1.0
-50.0,50,5435.141308,0.0
0.0,50,5435.643274,1.0
-50.0,50,5436.147066,0.0
-50.0,50,5436.652424,0.0
-50.0,50,5437.149042,0.0
-50.0,50,5437.644574,0.0
-50.0,50,5438.147362,0.0
-50.0,50,5438.647547,0.0
-50.0,50,5439.149007,0.0
-50.0,50,5439.647151,0.0
-50.0,50,5440.149448,0.0
-50.0,50,5440.649422,0.0
-50.0,50,5441.149683,0.0
-50.0,50,5441.651176,0.0
-50.0,50,5442.147546,0.0
-50.0,50,5442.648661,0.0
-50.0,50,5443.147923,0.0
-50.0,50,5443.650787,0.0
-50.0,50,5444.169579,0.0
-50.0,50,5444.661419,0.0
-50.0,50,5445.148437,0.0
-50.0,50,5445.63453,0.0
-50.0,50,5446.132275,0.0
-50.0,50,5446.628465,0.0
-50.0,50,5447.120954,0.0
-50.0,50,5447.615259,0.0
-50.0,50,5448.120954,0.0
-50.0,50,5448.626334,0.0
-50.0,50,5449.121325,0.0
-50.0,50,5449.618592,0.0
-50.0,50,5450.131179,0.0
-50.0,50,5450.622511,0.0
-50.0,50,5451.126508,0.0
-50.0,50,5451.627889,0.0
-50.0,50,5452.132631,0.0
-50.0,50,5452.621746,0.0
-50.0,50,5453.110498,0.0
-50.0,50,5453.600775,0.0
-50.0,50,5454.098701,0.0
-50.0,50,5454.599583,0.0
-50.0,50,5455.095706,0.0
-50.0,50,5455.585534,0.0
-50.0,50,5456.080404,0.0
-50.0,50,5456.572843,0.0
-50.0,50,5457.071934,0.0
-50.0,50,5457.573009,0.0
-50.0,50,5458.07199,0.0
-50.0,50,5458.567692,0.0
-50.0,50,5459.067559,0.0
-50.0,50,5459.553899,0.0
-50.0,50,5460.061522,0.0
-50.0,50,5460.560263,0.0
0.0,50,5461.058621,1.0
-50.0,50,5461.548107,0.0
-50.0,50,5462.049131,0.0
-50.0,50,5462.540727,0.0
0.0,50,5463.040079,1.0
-50.0,50,5463.53494,0.0
-50.0,50,5464.038935,0.0
-50.0,50,5464.52981,0.0
-50.0,50,5465.028519,0.0
-50.0,50,5465.520604,0.0
-50.0,50,5466.023628,0.0
-50.0,50,5466.525077,0.0
-50.0,50,5467.019588,0.0
-50.0,50,5467.512856,0.0
-50.0,50,5468.019354,0.0
-50.0,50,5468.518338,0.0
-50.0,50,5469.018681,0.0
-50.0,50,5469.511256,0.0
-50.0,50,5470.014996,0.0
-50.0,50,5470.514776,0.0
-50.0,50,5471.009187,0.0
-50.0,50,5471.505781,0.0
-50.0,50,5472.022096,0.0
-50.0,50,5472.516593,0.0
-50.0,50,5473.014838,0.0
-50.0,50,5473.512924,0.0
0.0,50,5474.038759,1.0
-50.0,50,5474.527485,0.0
-50.0,50,5475.018646,0.0
-50.0,50,5475.520077,0.0
-50.0,50,5476.02555,0.0
-50.0,50,5476.517436,0.0
0.0,50,5477.022269,1.0
-50.0,50,5477.547781,0.0
-50.0,50,5478.049567,0.0
-50.0,50,5478.542397,0.0
-50.0,50,5479.036438,0.0
-50.0,50,5479.529847,0.0
-50.0,50,5480.039699,0.0
-50.0,50,5480.533785,0.0
-50.0,50,5481.027133,0.0
-50.0,50,5481.529899,0.0
-50.0,50,5482.041178,0.0
-50.0,50,5482.538695,0.0
-50.0,50,5483.038376,0.0
-50.0,50,5483.535491,0.0
-50.0,50,5484.050009,0.0
-50.0,50,5484.546765,0.0
-50.0,50,5485.037091,0.0
-50.0,50,5485.527267,0.0
-50.0,50,5486.034339,0.0
-50.0,50,5486.528002,0.0
-50.0,50,5487.029061,0.0
-50.0,50,5487.528702,0.0
-50.0,50,5488.042755,0.0
-50.0,50,5488.537057,0.0
-50.0,50,5489.028329,0.0
-50.0,50,5489.517468,0.0
-50.0,50,5490.016566,0.0
-50.0,50,5490.511979,0.0
-50.0,50,5491.006793,0.0
-50.0,50,5491.491677,0.0
-50.0,50,5491.985381,0.0
-50.0,50,5492.468595,0.0
-50.0,50,5492.957494,0.0
-50.0,50,5493.439815,0.0
-50.0,50,5493.937239,0.0
-50.0,50,5494.432711,0.0
-50.0,50,5494.924375,0.0
-50.0,50,5495.411929,0.0
-50.0,50,5495.906989,0.0
0.0,50,5496.392568,1.0
-50.0,50,5496.887203,0.0
0.0,50,5497.37327,1.0
-50.0,50,5500.057855,0.0
-50.0,50,5500.542456,0.0
-50.0,50,5501.025563,0.0
-50.0,50,5501.510529,0.0
-50.0,50,5502.011096,0.0
-50.0,50,5502.496862,0.0
-50.0,50,5502.993889,0.0
-50.0,50,5503.480474,0.0
-50.0,50,5503.974037,0.0
0.0,50,5504.477609,1.0
-50.0,50,5504.971719,0.0
-50.0,50,5505.455274,0.0
-50.0,50,5505.953049,0.0
-50.0,50,5506.448733,0.0
-50.0,50,5506.943763,0.0
-50.0,50,5507.440684,0.0
-50.0,50,5507.94453,0.0
-50.0,50,5508.425597,0.0
-50.0,50,5508.909484,0.0
-50.0,50,5509.397465,0.0
-50.0,50,5509.892512,0.0
-50.0,50,5510.377542,0.0
-50.0,50,5510.86682,0.0
-50.0,50,5511.35543,0.0
-50.0,50,5511.858516,0.0
-50.0,50,5512.3452,0.0
-50.0,50,5512.838598,0.0
-50.0,50,5513.33694,0.0
0.0,50,5513.836778,1.0
-50.0,50,5514.328823,0.0
0.0,50,5514.827989,1.0
-50.0,50,5515.329307,0.0
-50.0,50,5515.830561,0.0
-50.0,50,5516.322865,0.0
-50.0,50,5516.812777,0.0
-50.0,50,5517.304197,0.0
-50.0,50,5517.806723,0.0
-50.0,50,5518.306992,0.0
-50.0,50,5518.804133,0.0
-50.0,50,5519.299706,0.0
-50.0,50,5519.81112,0.0
-50.0,50,5520.314012,0.0
0.0,50,5520.827091,1.0
-50.0,50,5521.32246,0.0
-50.0,50,5521.832836,0.0
0.0,50,5522.327966,1.0
-50.0,50,5522.824663,0.0
-50.0,50,5523.32813,0.0
-50.0,50,5523.833291,0.0
-50.0,50,5524.337157,0.0
-50.0,50,5524.84035,0.0
-50.0,50,5525.336771,0.0
-50.0,50,5525.844821,0.0
-50.0,50,5526.345911,0.0
-50.0,50,5526.840865,0.0
-50.0,50,5527.342387,0.0
-50.0,50,5527.869326,0.0
-50.0,50,5528.364962,0.0
-50.0,50,5528.86994,0.0
-50.0,50,5529.366606,0.0
-50.0,50,5529.874244,0.0
-50.0,50,5530.378357,0.0
-50.0,50,5530.880332,0.0
-50.0,50,5531.393296,0.0
-50.0,50,5531.905252,0.0
-50.0,50,5532.402874,0.0
-50.0,50,5532.900011,0.0
-50.0,50,5533.396911,0.0
-50.0,50,5533.905679,0.0
-50.0,50,5534.401689,0.0
-50.0,50,5534.894835,0.0
-50.0,50,5535.383231,0.0
-50.0,50,5535.893203,0.0
-50.0,50,5536.380704,0.0
-50.0,50,5536.86881,0.0
-50.0,50,5537.368887,0.0
-50.0,50,5537.870776,0.0
-50.0,50,5538.356508,0.0
-50.0,50,5538.842767,0.0
-50.0,50,5539.343621,0.0
-50.0,50,5539.843814,0.0
-50.0,50,5540.331753,0.0
-50.0,50,5540.82426,0.0
-50.0,50,5541.316799,0.0
-50.0,50,5541.826764,0.0
-50.0,50,5542.316879,0.0
0.0,50,5542.815484,1.0
-50.0,50,5543.304172,0.0
-50.0,50,5543.81053,0.0
-50.0,50,5544.308499,0.0
-50.0,50,5544.801397,0.0
-50.0,50,5545.298052,0.0
-50.0,50,5545.797147,0.0
-50.0,50,5546.286139,0.0
0.0,50,5546.775771,1.0
-50.0,50,5547.265953,0.0
-50.0,50,5547.765628,0.0
-50.0,50,5548.263477,0.0
-50.0,50,5548.753489,0.0
-50.0,50,5549.251525,0.0
-50.0,50,5549.768292,0.0
-50.0,50,5550.256771,0.0
-50.0,50,5550.747242,0.0
-50.0,50,5551.244081,0.0
-50.0,50,5551.745642,0.0
-50.0,50,5552.233853,0.0
-50.0,50,5552.726993,0.0
-50.0,50,5553.218706,0.0
-50.0,50,5553.727797,0.0
-50.0,50,5554.222084,0.0
-50.0,50,5554.714447,0.0
-50.0,50,5555.214616,0.0
-50.0,50,5555.748275,0.0
-50.0,50,5556.235677,0.0
-50.0,50,5556.726578,0.0
-50.0,50,5557.223376,0.0
0.0,50,5557.740537,1.0
-50.0,50,5558.247632,0.0
-50.0,50,5558.736154,0.0
-50.0,50,5559.224044,0.0
-50.0,50,5559.736892,0.0
-50.0,50,5560.23144,0.0
-50.0,50,5560.727128,0.0
-50.0,50,5561.219722,0.0
0.0,50,5561.739149,1.0
-50.0,50,5562.229822,0.0
-50.0,50,5562.744462,0.0
-50.0,50,5563.23699,0.0
-50.0,50,5563.752394,0.0
-50.0,50,5564.243076,0.0
-50.0,50,5564.731547,0.0
-50.0,50,5565.233098,0.0
-50.0,50,5565.742356,0.0
-50.0,50,5566.239073,0.0
-50.0,50,5566.731855,0.0
-50.0,50,5567.232575,0.0
-50.0,50,5567.743112,0.0
-50.0,50,5568.268488,0.0
-50.0,50,5568.763267,0.0
-50.0,50,5569.26442,0.0
-50.0,50,5569.77945,0.0
-50.0,50,5570.28012,0.0
-50.0,50,5570.78143,0.0
-50.0,50,5571.287334,0.0
-50.0,50,5571.798962,0.0
-50.0,50,5572.293674,0.0
-50.0,50,5572.79623,0.0
-50.0,50,5573.291914,0.0
-50.0,50,5573.793731,0.0
-50.0,50,5574.29255,0.0
-50.0,50,5574.791103,0.0
-50.0,50,5575.288027,0.0
-50.0,50,5575.790447,0.0
-50.0,50,5576.279665,0.0
-50.0,50,5576.768972,0.0
0.0,50,5577.266253,1.0
0.0,50,5577.774093,1.0
-50.0,50,5578.266469,0.0
0.0,50,5578.775062,1.0
-50.0,50,5579.26469,0.0
-50.0,50,5579.765343,0.0
-50.0,50,5580.254559,0.0
-50.0,50,5580.743074,0.0
-50.0,50,5581.231786,0.0
-50.0,50,5581.732766,0.0
-50.0,50,5582.237764,0.0
-50.0,50,5582.72697,0.0
-50.0,50,5583.228065,0.0
0.0,50,5583.731845,1.0
-50.0,50,5584.222374,0.0
-50.0,50,5584.717416,0.0
-50.0,50,5585.210643,0.0
0.0,50,5585.716928,1.0
-50.0,50,5586.205372,0.0
-50.0,50,5586.702692,0.0
-50.0,50,5587.191465,0.0
-50.0,50,5587.700809,0.0
-50.0,50,5588.189568,0.0
-50.0,50,5588.682604,0.0
-50.0,50,5589.169508,0.0
-50.0,50,5589.6687,0.0
-50.0,50,5590.167476,0.0
-50.0,50,5590.659252,0.0
-50.0,50,5591.14836,0.0
-50.0,50,5591.646217,0.0
-50.0,50,5592.13338,0.0
-50.0,50,5592.622025,0.0
-50.0,50,5593.111784,0.0
-50.0,50,5593.620588,0.0
-50.0,50,5594.111563,0.0
-50.0,50,5594.601577,0.0
-50.0,50,5595.093147,0.0
-50.0,50,5595.594534,0.0
-50.0,50,5596.084183,0.0
-50.0,50,5596.585043,0.0
-50.0,50,5597.084539,0.0
-50.0,50,5597.594745,0.0
-50.0,50,5598.095423,0.0
-50.0,50,5598.590302,0.0
-50.0,50,5599.0851,0.0
-50.0,50,5601.926369,0.0
-50.0,50,5602.422654,0.0
-50.0,50,5602.924165,0.0
-50.0,50,5603.425927,0.0
-50.0,50,5603.936141,0.0
-50.0,50,5604.437123,0.0
-50.0,50,5604.935352,0.0
-50.0,50,5605.432214,0.0
-50.0,50,5605.942402,0.0
-50.0,50,5606.443269,0.0
-50.0,50,5606.940129,0.0
-50.0,50,5607.439332,0.0
-50.0,50,5607.947146,0.0
-50.0,50,5608.44721,0.0
-50.0,50,5608.946021,0.0
-50.0,50,5609.444565,0.0
-50.0,50,5609.966599,0.0
-50.0,50,5610.471624,0.0
-50.0,50,5610.972167,0.0
-50.0,50,5611.473213,0.0
-50.0,50,5611.993401,0.0
-50.0,50,5612.488991,0.0
-50.0,50,5612.98707,0.0
-50.0,50,5613.484924,0.0
-50.0,50,5614.00236,0.0
-50.0,50,5614.503146,0.0
-50.0,50,5615.00277,0.0
-50.0,50,5615.535631,0.0
0.0,50,5616.047497,1.0
-50.0,50,5616.547504,0.0
-50.0,50,5617.047154,0.0
-50.0,50,5617.549154,0.0
-50.0,50,5618.065314,0.0
-50.0,50,5618.565309,0.0
-50.0,50,5619.064697,0.0
-50.0,50,5619.564583,0.0
-50.0,50,5620.076004,0.0
-50.0,50,5620.574265,0.0
-50.0,50,5621.079881,0.0
-50.0,50,5621.582279,0.0
-50.0,50,5622.09346,0.0
-50.0,50,5622.587537,0.0
-50.0,50,5623.087849,0.0
-50.0,50,5623.591821,0.0
-50.0,50,5624.093343,0.0
-50.0,50,5624.582964,0.0
-50.0,50,5625.073973,0.0
-50.0,50,5625.569026,0.0
-50.0,50,5626.072181,0.0
-50.0,50,5626.585171,0.0
-50.0,50,5627.077974,0.0
0.0,50,5627.588138,1.0
-50.0,50,5628.104659,0.0
-50.0,50,5628.599285,0.0
-50.0,50,5629.087685,0.0
-50.0,50,5629.570557,0.0
-50.0,50,5630.079414,0.0
-50.0,50,5630.561191,0.0
-50.0,50,5631.044573,0.0
0.0,50,5631.531278,1.0
-50.0,50,5632.025625,0.0
-50.0,50,5632.509491,0.0
-50.0,50,5632.994098,0.0
-50.0,50,5633.488442,0.0
-50.0,50,5633.986045,0.0
0.0,50,5634.48114,1.0
-50.0,50,5634.966293,0.0
-50.0,50,5635.449382,0.0
-50.0,50,5635.951963,0.0
0.0,50,5636.436666,1.0
-50.0,50,5636.923457,0.0
-50.0,50,5637.412253,0.0
-50.0,50,5637.911249,0.0
-50.0,50,5638.394989,0.0
-50.0,50,5638.882414,0.0
-50.0,50,5639.367524,0.0
-50.0,50,5639.860896,0.0
-50.0,50,5640.348268,0.0
-50.0,50,5640.829599,0.0
-50.0,50,5641.317909,0.0
-50.0,50,5641.818126,0.0
-50.0,50,5642.314244,0.0
-50.0,50,5642.810019,0.0
-50.0,50,5643.302097,0.0
-50.0,50,5643.815582,0.0
-50.0,50,5644.314361,0.0
-50.0,50,5644.801779,0.0
-50.0,50,5645.288232,0.0
-50.0,50,5645.799294,0.0
-50.0,50,5646.290545,0.0
-50.0,50,5646.786136,0.0
-50.0,50,5647.279135,0.0
-50.0,50,5647.790067,0.0
-50.0,50,5648.280273,0.0
0.0,50,5648.77597,1.0
-50.0,50,5649.263203,0.0
-50.0,50,5649.765776,0.0
-50.0,50,5650.257632,0.0
-50.0,50,5650.764945,0.0
-50.0,50,5651.255636,0.0
-50.0,50,5651.756897,0.0
-50.0,50,5652.251872,0.0
-50.0,50,5652.766068,0.0
-50.0,50,5653.253757,0.0
-50.0,50,5653.763868,0.0
0.0,50,5654.263991,1.0
-50.0,50,5654.751912,0.0
-50.0,50,5655.24715,0.0
-50.0,50,5655.749659,0.0
-50.0,50,5656.237009,0.0
-50.0,50,5656.736944,0.0
-50.0,50,5657.223738,0.0
-50.0,50,5657.723159,0.0
-50.0,50,5658.219806,0.0
-50.0,50,5658.705882,0.0
-50.0,50,5659.192281,0.0
0.0,50,5659.703727,1.0
-50.0,50,5660.187411,0.0
-50.0,50,5660.675297,0.0
-50.0,50,5661.168798,0.0
-50.0,50,5661.662098,0.0
-50.0,50,5662.141627,0.0
-50.0,50,5662.632314,0.0
-50.0,50,5663.116353,0.0
-50.0,50,5663.619172,0.0
-50.0,50,5664.098678,0.0
-50.0,50,5664.586177,0.0
-50.0,50,5665.070545,0.0
-50.0,50,5665.565593,0.0
-50.0,50,5666.044431,0.0
-50.0,50,5666.526537,0.0
-50.0,50,5667.007191,0.0
-50.0,50,5667.500684,0.0
-50.0,50,5667.985825,0.0
-50.0,50,5668.467389,0.0
-50.0,50,5668.948357,0.0
-50.0,50,5669.450384,0.0
-50.0,50,5669.94049,0.0
-50.0,50,5670.422444,0.0
-50.0,50,5670.911256,0.0
-50.0,50,5671.410245,0.0
-50.0,50,5671.903558,0.0
-50.0,50,5672.38518,0.0
-50.0,50,5672.866286,0.0
-50.0,50,5673.35926,0.0
0.0,50,5673.860775,1.0
-50.0,50,5674.349246,0.0
-50.0,50,5674.832595,0.0
-50.0,50,5675.336539,0.0
-50.0,50,5675.824176,0.0
-50.0,50,5676.305537,0.0
0.0,50,5676.794499,1.0
-50.0,50,5677.284743,0.0
-50.0,50,5677.768282,0.0
-50.0,50,5678.257338,0.0
-50.0,50,5678.752162,0.0
-50.0,50,5679.261693,0.0
-50.0,50,5679.754872,0.0
-50.0,50,5680.246146,0.0
-50.0,50,5680.746662,0.0
-50.0,50,5681.251191,0.0
-50.0,50,5681.742255,0.0
-50.0,50,5682.236785,0.0
-50.0,50,5682.753674,0.0
-50.0,50,5683.264422,0.0
0.0,50,5683.761918,1.0
-50.0,50,5684.257029,0.0
-50.0,50,5684.756093,0.0
-50.0,50,5685.2657,0.0
-50.0,50,5685.762341,0.0
0.0,50,5686.248438,1.0
-50.0,50,5686.744241,0.0
0.0,50,5687.255641,1.0
-50.0,50,5687.743798,0.0
-50.0,50,5688.228768,0.0
-50.0,50,5688.729951,0.0
-50.0,50,5689.254042,0.0
-50.0,50,5689.746439,0.0
-50.0,50,5690.235414,0.0
-50.0,50,5690.723341,0.0
-50.0,50,5691.226573,0.0
-50.0,50,5691.718663,0.0
-50.0,50,5692.21294,0.0
-50.0,50,5692.699805,0.0
-50.0,50,5693.199909,0.0
-50.0,50,5693.688601,0.0
0.0,50,5694.183505,1.0
-50.0,50,5694.676576,0.0
-50.0,50,5695.177159,0.0
-50.0,50,5695.665811,0.0
-50.0,50,5696.156303,0.0
-50.0,50,5696.643424,0.0
-50.0,50,5697.142156,0.0
-50.0,50,5697.631466,0.0
-50.0,50,5698.13044,0.0
-50.0,50,5698.634062,0.0
-50.0,50,5699.141563,0.0
0.0,50,5699.627363,1.0
-50.0,50,5700.126894,0.0
-50.0,50,5700.626007,0.0
0.0,50,5703.455667,1.0
-50.0,50,5703.948393,0.0
-50.0,50,5704.432901,0.0
-50.0,50,5704.917754,0.0
-50.0,50,5705.41293,0.0
-50.0,50,5705.899254,0.0
-50.0,50,5706.390002,0.0
-50.0,50,5706.89473,0.0
-50.0,50,5707.406305,0.0
0.0,50,5707.898435,1.0
-50.0,50,5708.39024,0.0
-50.0,50,5708.890774,0.0
0.0,50,5709.395871,1.0
-50.0,50,5709.89213,0.0
-50.0,50,5710.386756,0.0
-50.0,50,5710.878798,0.0
-50.0,50,5711.376119,0.0
-50.0,50,5711.863233,0.0
-50.0,50,5712.348412,0.0
-50.0,50,5712.848943,0.0
-50.0,50,5713.353777,0.0
-50.0,50,5713.866426,0.0
-50.0,50,5714.35956,0.0
-50.0,50,5714.852274,0.0
-50.0,50,5715.355353,0.0
-50.0,50,5715.844498,0.0
-50.0,50,5716.329772,0.0
-50.0,50,5716.822914,0.0
0.0,50,5717.3249,1.0
-50.0,50,5717.819423,0.0
0.0,50,5718.314179,1.0
-50.0,50,5718.809536,0.0
0.0,50,5719.321949,1.0
-50.0,50,5719.81537,0.0
-50.0,50,5720.309469,0.0
-50.0,50,5720.806674,0.0
-50.0,50,5721.321508,0.0
-50.0,50,5721.829667,0.0
-50.0,50,5722.324879,0.0
-50.0,50,5722.818824,0.0
-50.0,50,5723.328788,0.0
-50.0,50,5723.831483,0.0
-50.0,50,5724.325014,0.0
0.0,50,5724.853943,1.0
-50.0,50,5725.357982,0.0
-50.0,50,5725.864333,0.0
-50.0,50,5726.360523,0.0
-50.0,50,5726.862126,0.0
-50.0,50,5727.373148,0.0
-50.0,50,5727.869474,0.0
-50.0,50,5728.382737,0.0
0.0,50,5728.890024,1.0
-50.0,50,5729.397733,0.0
-50.0,50,5729.896462,0.0
-50.0,50,5730.395604,0.0
-50.0,50,5730.890305,0.0
-50.0,50,5731.402653,0.0
-50.0,50,5731.903794,0.0
0.0,50,5732.404491,1.0
-50.0,50,5732.906151,0.0
-50.0,50,5733.416604,0.0
-50.0,50,5733.918138,0.0
-50.0,50,5734.416067,0.0
-50.0,50,5734.914315,0.0
-50.0,50,5735.430076,0.0
-50.0,50,5735.93421,0.0
-50.0,50,5736.433214,0.0
-50.0,50,5736.93814,0.0
-50.0,50,5737.445595,0.0
-50.0,50,5737.946584,0.0
-50.0,50,5738.457299,0.0
-50.0,50,5738.952046,0.0
-50.0,50,5739.464592,0.0
-50.0,50,5739.959622,0.0
-50.0,50,5740.454251,0.0
-50.0,50,5740.949816,0.0
-50.0,50,5741.47542,0.0
0.0,50,5741.976675,1.0
-50.0,50,5742.477517,0.0
-50.0,50,5742.971511,0.0
-50.0,50,5743.474358,0.0
-50.0,50,5743.977921,0.0
-50.0,50,5744.478682,0.0
-50.0,50,5744.984211,0.0
-50.0,50,5745.48969,0.0
-50.0,50,5745.984775,0.0
-50.0,50,5746.479613,0.0
-50.0,50,5746.980885,0.0
0.0,50,5747.496286,1.0
-50.0,50,5747.994301,0.0
-50.0,50,5748.502306,0.0
-50.0,50,5749.005126,0.0
-50.0,50,5749.512453,0.0
-50.0,50,5750.011145,0.0
-50.0,50,5750.513203,0.0
-50.0,50,5751.007476,0.0
-50.0,50,5751.517724,0.0
-50.0,50,5752.02284,0.0
-50.0,50,5752.523737,0.0
-50.0,50,5753.029382,0.0
-50.0,50,5753.540426,0.0
-50.0,50,5754.046332,0.0
-50.0,50,5754.547077,0.0
-50.0,50,5755.047525,0.0
-50.0,50,5755.571071,0.0
-50.0,50,5756.070974,0.0
-50.0,50,5756.573527,0.0
-50.0,50,5757.084866,0.0
-50.0,50,5757.601397,0.0
-50.0,50,5758.10059,0.0
-50.0,50,5758.60601,0.0
0.0,50,5759.11639,1.0
-50.0,50,5759.62107,0.0
-50.0,50,5760.105831,0.0
-50.0,50,5760.593857,0.0
-50.0,50,5761.079674,0.0
-50.0,50,5761.575525,0.0
-50.0,50,5762.063,0.0
-50.0,50,5762.550871,0.0
-50.0,50,5763.037792,0.0
-50.0,50,5763.536641,0.0
-50.0,50,5764.030478,0.0
-50.0,50,5764.516133,0.0
-50.0,50,5765.020862,0.0
-50.0,50,5765.517168,0.0
-50.0,50,5766.00464,0.0
-50.0,50,5766.491547,0.0
-50.0,50,5766.977978,0.0
-50.0,50,5767.474684,0.0
-50.0,50,5767.96883,0.0
-50.0,50,5768.463818,0.0
-50.0,50,5768.949154,0.0
-50.0,50,5769.462078,0.0
-50.0,50,5769.963193,0.0
0.0,50,5770.467869,1.0
-50.0,50,5770.954917,0.0
-50.0,50,5771.456143,0.0
-50.0,50,5771.948614,0.0
-50.0,50,5772.437657,0.0
-50.0,50,5772.925596,0.0
-50.0,50,5773.422696,0.0
-50.0,50,5773.907748,0.0
-50.0,50,5774.398848,0.0
-50.0,50,5774.88962,0.0
-50.0,50,5775.398753,0.0
-50.0,50,5775.889617,0.0
-50.0,50,5776.376387,0.0
-50.0,50,5776.864033,0.0
-50.0,50,5777.375973,0.0
-50.0,50,5777.86056,0.0
-50.0,50,5778.342572,0.0
-50.0,50,5778.836713,0.0
-50.0,50,5779.344692,0.0
-50.0,50,5779.83618,0.0
-50.0,50,5780.324614,0.0
-50.0,50,5780.827072,0.0
-50.0,50,5781.335188,0.0
-50.0,50,5781.823772,0.0
-50.0,50,5782.325309,0.0
-50.0,50,5782.817711,0.0
-50.0,50,5783.320632,0.0
-50.0,50,5783.808196,0.0
0.0,50,5784.334708,1.0
-50.0,50,5784.821627,0.0
-50.0,50,5785.331938,0.0
-50.0,50,5785.831665,0.0
-50.0,50,5786.320604,0.0
-50.0,50,5786.814286,0.0
0.0,50,5787.325556,1.0
-50.0,50,5787.817274,0.0
-50.0,50,5788.305667,0.0
-50.0,50,5788.793558,0.0
-50.0,50,5789.309315,0.0
-50.0,50,5789.795767,0.0
-50.0,50,5790.284765,0.0
-50.0,50,5790.782071,0.0
-50.0,50,5791.282073,0.0
-50.0,50,5791.769748,0.0
-50.0,50,5792.257541,0.0
-50.0,50,5792.747668,0.0
-50.0,50,5793.249723,0.0
-50.0,50,5793.747694,0.0
-50.0,50,5794.236605,0.0
-50.0,50,5794.728845,0.0
-50.0,50,5795.227761,0.0
-50.0,50,5795.728271,0.0
-50.0,50,5796.243909,0.0
-50.0,50,5796.732698,0.0
-50.0,50,5797.243401,0.0
-50.0,50,5797.731236,0.0
-50.0,50,5798.219864,0.0
-50.0,50,5798.712772,0.0
-50.0,50,5799.219445,0.0
-50.0,50,5799.718088,0.0
-50.0,50,5800.207681,0.0
0.0,50,5800.69571,1.0
-50.0,50,5801.203974,0.0
-50.0,50,5801.702899,0.0
-50.0,50,5802.194655,0.0
-50.0,50,5802.683687,0.0
-50.0,50,5805.641817,0.0
-50.0,50,5806.152025,0.0
-50.0,50,5806.649772,0.0
-50.0,50,5807.147006,0.0
-50.0,50,5807.654795,0.0
-50.0,50,5808.148999,0.0
-50.0,50,5808.635841,0.0
-50.0,50,5809.126762,0.0
-50.0,50,5809.643823,0.0
-50.0,50,5810.141842,0.0
0.0,50,5810.627049,1.0
-50.0,50,5811.115829,0.0
-50.0,50,5811.61607,0.0
-50.0,50,5812.103209,0.0
-50.0,50,5812.588778,0.0
-50.0,50,5813.077113,0.0
-50.0,50,5813.582379,0.0
-50.0,50,5814.07601,0.0
-50.0,50,5814.56278,0.0
-50.0,50,5815.061316,0.0
-50.0,50,5815.559483,0.0
-50.0,50,5816.056667,0.0
-50.0,50,5816.543953,0.0
-50.0,50,5817.030614,0.0
-50.0,50,5817.529326,0.0
-50.0,50,5818.016926,0.0
-50.0,50,5818.507731,0.0
-50.0,50,5818.999164,0.0
0.0,50,5819.499369,1.0
-50.0,50,5819.985814,0.0
-50.0,50,5820.473357,0.0
-50.0,50,5820.963421,0.0
-50.0,50,5821.465817,0.0
-50.0,50,5821.951035,0.0
-50.0,50,5822.447134,0.0
0.0,50,5822.931592,1.0
-50.0,50,5823.442179,0.0
-50.0,50,5823.936038,0.0
-50.0,50,5824.427007,0.0
-50.0,50,5824.914008,0.0
-50.0,50,5825.420464,0.0
-50.0,50,5825.906248,0.0
-50.0,50,5826.404769,0.0
-50.0,50,5826.895866,0.0
-50.0,50,5827.403916,0.0
-50.0,50,5827.89984,0.0
-50.0,50,5828.399701,0.0
-50.0,50,5828.900624,0.0
-50.0,50,5829.421603,0.0
-50.0,50,5829.923125,0.0
-50.0,50,5830.431301,0.0
-50.0,50,5830.937663,0.0
-50.0,50,5831.465728,0.0
-50.0,50,5831.95268,0.0
-50.0,50,5832.451209,0.0
-50.0,50,5832.938862,0.0
-50.0,50,5833.447401,0.0
-50.0,50,5833.934688,0.0
-50.0,50,5834.429278,0.0
-50.0,50,5834.930479,0.0
-50.0,50,5835.439191,0.0
-50.0,50,5835.928024,0.0
-50.0,50,5836.427573,0.0
-50.0,50,5836.913735,0.0
-50.0,50,5837.431825,0.0
-50.0,50,5837.93251,0.0
-50.0,50,5838.432471,0.0
-50.0,50,5838.942398,0.0
-50.0,50,5839.447271,0.0
-50.0,50,5839.938985,0.0
-50.0,50,5840.42711,0.0
-50.0,50,5840.950722,0.0
-50.0,50,5841.449812,0.0
-50.0,50,5841.944401,0.0
-50.0,50,5842.453651,0.0
-50.0,50,5842.94871,0.0
-50.0,50,5843.459159,0.0
-50.0,50,5843.95914,0.0
-50.0,50,5844.46737,0.0
-50.0,50,5844.967494,0.0
-50.0,50,5845.487251,0.0
-50.0,50,5845.988711,0.0
-50.0,50,5846.523808,0.0
-50.0,50,5847.018114,0.0
-50.0,50,5847.539855,0.0
-50.0,50,5848.039184,0.0
-50.0,50,5848.547506,0.0
-50.0,50,5849.042778,0.0
-50.0,50,5849.558603,0.0
-50.0,50,5850.061379,0.0
0.0,50,5850.564375,1.0
-50.0,50,5851.066977,0.0
-50.0,50,5851.597618,0.0
-50.0,50,5852.119926,0.0
-50.0,50,5852.61854,0.0
-50.0,50,5853.118617,0.0
-50.0,50,5853.638544,0.0
-50.0,50,5854.131788,0.0
-50.0,50,5854.654705,0.0
-50.0,50,5855.155606,0.0
-50.0,50,5855.678823,0.0
-50.0,50,5856.178194,0.0
-50.0,50,5856.670943,0.0
-50.0,50,5857.174185,0.0
0.0,50,5857.681066,1.0
-50.0,50,5858.175753,0.0
-50.0,50,5858.679146,0.0
-50.0,50,5859.176081,0.0
-50.0,50,5859.683137,0.0
-50.0,50,5860.194704,0.0
-50.0,50,5860.690529,0.0
-50.0,50,5861.188577,0.0
-50.0,50,5861.69806,0.0
0.0,50,5862.198261,1.0
-50.0,50,5862.692023,0.0
-50.0,50,5863.194478,0.0
-50.0,50,5863.70555,0.0
-50.0,50,5864.208437,0.0
-50.0,50,5864.709414,0.0
-50.0,50,5865.210098,0.0
-50.0,50,5865.725238,0.0
-50.0,50,5866.236506,0.0
-50.0,50,5866.736072,0.0
-50.0,50,5867.23612,0.0
-50.0,50,5867.749212,0.0
-50.0,50,5868.241739,0.0
-50.0,50,5868.7498,0.0
-50.0,50,5869.244432,0.0
-50.0,50,5869.753151,0.0
-50.0,50,5870.250246,0.0
-50.0,50,5870.749109,0.0
-50.0,50,5871.253457,0.0
-50.0,50,5871.759786,0.0
-50.0,50,5872.252804,0.0
-50.0,50,5872.750311,0.0
-50.0,50,5873.237963,0.0
-50.0,50,5873.739635,0.0
-50.0,50,5874.238623,0.0
-50.0,50,5874.739618,0.0
-50.0,50,5875.227026,0.0
-50.0,50,5875.729925,0.0
-50.0,50,5876.219295,0.0
-50.0,50,5876.710263,0.0
-50.0,50,5877.213086,0.0
0.0,50,5877.716753,1.0
-50.0,50,5878.205259,0.0
0.0,50,5878.696532,1.0
-50.0,50,5879.19414,0.0
-50.0,50,5879.697011,0.0
-50.0,50,5880.201142,0.0
-50.0,50,5880.693828,0.0
-50.0,50,5881.186821,0.0
-50.0,50,5881.69936,0.0
-50.0,50,5882.21381,0.0
-50.0,50,5882.718812,0.0
-50.0,50,5883.21717,0.0
-50.0,50,5883.737228,0.0
-50.0,50,5884.23305,0.0
-50.0,50,5884.736562,0.0
-50.0,50,5885.242984,0.0
-50.0,50,5885.763522,0.0
-50.0,50,5886.267254,0.0
-50.0,50,5886.783782,0.0
-50.0,50,5887.292161,0.0
-50.0,50,5887.816669,0.0
-50.0,50,5888.316004,0.0
0.0,50,5888.812893,1.0
0.0,50,5889.320781,1.0
-50.0,50,5889.846053,0.0
-50.0,50,5890.359576,0.0
-50.0,50,5890.86416,0.0
-50.0,50,5891.365318,0.0
-50.0,50,5891.88139,0.0
-50.0,50,5892.388927,0.0
-50.0,50,5892.892457,0.0
-50.0,50,5893.387322,0.0
-50.0,50,5893.891144,0.0
-50.0,50,5894.381145,0.0
-50.0,50,5894.87107,0.0
0.0,50,5895.357532,1.0
-50.0,50,5895.860355,0.0
-50.0,50,5896.352724,0.0
-50.0,50,5896.841185,0.0
-50.0,50,5897.333294,0.0
-50.0,50,5897.845521,0.0
-50.0,50,5898.345997,0.0
-50.0,50,5898.852046,0.0
-50.0,50,5899.346336,0.0
-50.0,50,5899.850032,0.0
-50.0,50,5900.338172,0.0
-50.0,50,5900.829109,0.0
-50.0,50,5901.347572,0.0
-50.0,50,5901.851893,0.0
-50.0,50,5902.337677,0.0
-50.0,50,5902.835582,0.0
-50.0,50,5903.333188,0.0
-50.0,50,5903.847435,0.0
-50.0,50,5904.356,0.0
-50.0,50,5904.859712,0.0
-50.0,50,5905.347985,0.0
-50.0,50,5908.223014,0.0
-50.0,50,5908.720105,0.0
-50.0,50,5909.21723,0.0
-50.0,50,5909.705278,0.0
-50.0,50,5910.217891,0.0
-50.0,50,5910.718336,0.0
-50.0,50,5911.209125,0.0
-50.0,50,5911.696964,0.0
-50.0,50,5912.20461,0.0
-50.0,50,5912.699916,0.0
-50.0,50,5913.197695,0.0
-50.0,50,5913.688407,0.0
-50.0,50,5914.193549,0.0
-50.0,50,5914.696105,0.0
-50.0,50,5915.195367,0.0
-50.0,50,5915.699809,0.0
-50.0,50,5916.201607,0.0
-50.0,50,5916.698307,0.0
0.0,50,5917.198465,1.0
-50.0,50,5917.699476,0.0
-50.0,50,5918.201749,0.0
-50.0,50,5918.692612,0.0
-50.0,50,5919.196459,0.0
-50.0,50,5919.70216,0.0
-50.0,50,5920.225393,0.0
-50.0,50,5920.72063,0.0
-50.0,50,5921.214041,0.0
0.0,50,5921.699629,1.0
-50.0,50,5922.21169,0.0
-50.0,50,5922.701136,0.0
0.0,50,5923.186338,1.0
-50.0,50,5923.685634,0.0
-50.0,50,5924.193059,0.0
0.0,50,5924.687174,1.0
-50.0,50,5925.179425,0.0
-50.0,50,5925.676568,0.0
-50.0,50,5926.188514,0.0
0.0,50,5926.673606,1.0
-50.0,50,5927.17502,0.0
-50.0,50,5927.666261,0.0
-50.0,50,5928.167438,0.0
0.0,50,5928.650944,1.0
-50.0,50,5929.135661,0.0
0.0,50,5929.618514,1.0
-50.0,50,5930.11335,0.0
0.0,50,5930.603073,1.0
-50.0,50,5931.096386,0.0
-50.0,50,5931.60499,0.0
-50.0,50,5932.109697,0.0
0.0,50,5932.598127,1.0
-50.0,50,5933.089798,0.0
-50.0,50,5933.582211,0.0
-50.0,50,5934.094518,0.0
-50.0,50,5934.596678,0.0
-50.0,50,5935.090226,0.0
-50.0,50,5935.589939,0.0
-50.0,50,5936.095117,0.0
-50.0,50,5936.584701,0.0
-50.0,50,5937.074539,0.0
0.0,50,5937.564159,1.0
-50.0,50,5938.073671,0.0
-50.0,50,5938.566634,0.0
-50.0,50,5939.067778,0.0
-50.0,50,5939.562529,0.0
0.0,50,5940.06418,1.0
-50.0,50,5940.568412,0.0
-50.0,50,5941.072661,0.0
-50.0,50,5941.58332,0.0
-50.0,50,5942.093964,0.0
-50.0,50,5942.609112,0.0
0.0,50,5943.11332,1.0
-50.0,50,5943.614119,0.0
0.0,50,5944.122671,1.0
-50.0,50,5944.630927,0.0
-50.0,50,5945.128994,0.0
-50.0,50,5945.62819,0.0
-50.0,50,5946.145737,0.0
-50.0,50,5946.651099,0.0
0.0,50,5947.158922,1.0
-50.0,50,5947.659274,0.0
-50.0,50,5948.172635,0.0
-50.0,50,5948.691807,0.0
-50.0,50,5949.194915,0.0
-50.0,50,5949.708978,0.0
-50.0,50,5950.23513,0.0
-50.0,50,5950.753657,0.0
-50.0,50,5951.268544,0.0
-50.0,50,5951.770122,0.0
-50.0,50,5952.279243,0.0
-50.0,50,5952.776663,0.0
-50.0,50,5953.286371,0.0
-50.0,50,5953.794299,0.0
-50.0,50,5954.324822,0.0
-50.0,50,5954.835008,0.0
-50.0,50,5955.35004,0.0
-50.0,50,5955.852661,0.0
-50.0,50,5956.362299,0.0
-50.0,50,5956.872484,0.0
-50.0,50,5957.37726,0.0
-50.0,50,5957.866423,0.0
-50.0,50,5958.38519,0.0
-50.0,50,5958.906092,0.0
-50.0,50,5959.409536,0.0
-50.0,50,5959.908675,0.0
-50.0,50,5960.429244,0.0
-50.0,50,5960.917172,0.0
-50.0,50,5961.417581,0.0
-50.0,50,5961.915551,0.0
0.0,50,5962.429089,1.0
-50.0,50,5962.930274,0.0
0.0,50,5963.422963,1.0
-50.0,50,5963.921263,0.0
-50.0,50,5964.449798,0.0
-50.0,50,5964.94746,0.0
-50.0,50,5965.45361,0.0
-50.0,50,5965.948154,0.0
-50.0,50,5966.456694,0.0
-50.0,50,5966.949499,0.0
-50.0,50,5967.440944,0.0
-50.0,50,5967.943307,0.0
-50.0,50,5968.447649,0.0
-50.0,50,5968.953655,0.0
-50.0,50,5969.453628,0.0
-50.0,50,5969.952612,0.0
-50.0,50,5970.454251,0.0
-50.0,50,5970.957965,0.0
-50.0,50,5971.458916,0.0
-50.0,50,5971.958666,0.0
-50.0,50,5972.467778,0.0
-50.0,50,5972.965402,0.0
-50.0,50,5973.466866,0.0
-50.0,50,5973.97036,0.0
0.0,50,5974.478947,1.0
-50.0,50,5974.981047,0.0
-50.0,50,5975.48917,0.0
-50.0,50,5975.983688,0.0
-50.0,50,5976.516109,0.0
-50.0,50,5977.0299,0.0
0.0,50,5977.530663,1.0
0.0,50,5978.029963,1.0
-50.0,50,5978.538534,0.0
-50.0,50,5979.039232,0.0
-50.0,50,5979.541283,0.0
-50.0,50,5980.056096,0.0
-50.0,50,5980.562593,0.0
-50.0,50,5981.058329,0.0
-50.0,50,5981.566274,0.0
-50.0,50,5982.059971,0.0
-50.0,50,5982.563395,0.0
-50.0,50,5983.066044,0.0
-50.0,50,5983.567872,0.0
-50.0,50,5984.068647,0.0
-50.0,50,5984.579542,0.0
-50.0,50,5985.07461,0.0
-50.0,50,5985.577698,0.0
-50.0,50,5986.081912,0.0
-50.0,50,5986.609804,0.0
-50.0,50,5987.117123,0.0
-50.0,50,5987.618801,0.0
-50.0,50,5988.122926,0.0
-50.0,50,5988.640332,0.0
-50.0,50,5989.157954,0.0
-50.0,50,5989.665014,0.0
-50.0,50,5990.166132,0.0
-50.0,50,5990.684777,0.0
-50.0,50,5991.191326,0.0
-50.0,50,5991.692915,0.0
0.0,50,5992.196657,1.0
-50.0,50,5992.708699,0.0
-50.0,50,5993.202604,0.0
-50.0,50,5993.700235,0.0
-50.0,50,5994.195651,0.0
-50.0,50,5994.71085,0.0
-50.0,50,5995.204651,0.0
-50.0,50,5995.711187,0.0
-50.0,50,5996.211139,0.0
-50.0,50,5996.718652,0.0
-50.0,50,5997.22512,0.0
-50.0,50,5997.716253,0.0
-50.0,50,5998.217239,0.0
-50.0,50,5998.728597,0.0
-50.0,50,5999.231397,0.0
-50.0,50,5999.720974,0.0
-50.0,50,6000.211836,0.0
-50.0,50,6000.741548,0.0
-50.0,50,6001.244848,0.0
-50.0,50,6001.756868,0.0
-50.0,50,6002.247416,0.0
-50.0,50,6002.749043,0.0
-50.0,50,6003.245626,0.0
-50.0,50,6003.73542,0.0
-50.0,50,6004.225783,0.0
-50.0,50,6004.728445,0.0
-50.0,50,6005.229794,0.0
-50.0,50,6005.726604,0.0
-50.0,50,6006.217916,0.0
-50.0,50,6006.726913,0.0
-50.0,50,6007.21849,0.0
-50.0,50,6007.710573,0.0
0.0,50,6008.211643,1.0
-50.0,50,6010.956213,0.0
-50.0,50,6011.457675,0.0
-50.0,50,6011.957732,0.0
-50.0,50,6012.451605,0.0
-50.0,50,6012.952458,0.0
-50.0,50,6013.451678,0.0
0.0,50,6013.944913,1.0
-50.0,50,6014.434296,0.0
-50.0,50,6014.944363,0.0
0.0,50,6015.44467,1.0
-50.0,50,6015.934391,0.0
-50.0,50,6016.428403,0.0
-50.0,50,6016.932431,0.0
-50.0,50,6017.423086,0.0
-50.0,50,6017.917694,0.0
-50.0,50,6018.426168,0.0
-50.0,50,6018.942277,0.0
0.0,50,6019.437783,1.0
-50.0,50,6019.930914,0.0
0.0,50,6020.42443,1.0
-50.0,50,6020.920109,0.0
-50.0,50,6021.406053,0.0
-50.0,50,6021.902753,0.0
-50.0,50,6022.40418,0.0
0.0,50,6022.913234,1.0
-50.0,50,6023.408068,0.0
-50.0,50,6023.894524,0.0
-50.0,50,6024.382528,0.0
-50.0,50,6024.880538,0.0
-50.0,50,6025.381093,0.0
-50.0,50,6025.878405,0.0
-50.0,50,6026.376472,0.0
-50.0,50,6026.885465,0.0
0.0,50,6027.371924,1.0
-50.0,50,6027.860814,0.0
-50.0,50,6028.367413,0.0
-50.0,50,6028.876872,0.0
-50.0,50,6029.367871,0.0
-50.0,50,6029.887811,0.0
-50.0,50,6030.372431,0.0
-50.0,50,6030.869371,0.0
-50.0,50,6031.366515,0.0
-50.0,50,6031.859065,0.0
0.0,50,6032.365756,1.0
0.0,50,6032.863435,1.0
-50.0,50,6033.351624,0.0
-50.0,50,6033.841783,0.0
-50.0,50,6034.330015,0.0
-50.0,50,6034.832112,0.0
-50.0,50,6035.333054,0.0
-50.0,50,6035.820469,0.0
-50.0,50,6036.309663,0.0
0.0,50,6036.806594,1.0
-50.0,50,6037.300772,0.0
-50.0,50,6037.788716,0.0
-50.0,50,6038.276462,0.0
-50.0,50,6038.788807,0.0
-50.0,50,6039.282887,0.0
-50.0,50,6039.768853,0.0
-50.0,50,6040.259045,0.0
-50.0,50,6040.735357,0.0
-50.0,50,6041.187333,0.0
-50.0,50,6041.638244,0.0
-50.0,50,6042.096504,0.0
-50.0,50,6042.667666,0.0
-50.0,50,6043.759388,0.0
-50.0,50,6044.822964,0.0
-50.0,50,6045.931929,0.0
0.0,50,6047.049797,1.0
-50.0,50,6048.113059,0.0
-50.0,50,6049.178477,0.0
-50.0,50,6050.267805,0.0
-50.0,50,6051.360264,0.0
-50.0,50,6052.498324,0.0
-50.0,50,6053.588489,0.0
-50.0,50,6054.672457,0.0
-50.0,50,6055.7804,0.0
-50.0,50,6056.877819,0.0
-50.0,50,6057.959126,0.0
0.0,50,6059.049784,1.0
-50.0,50,6060.169886,0.0
-50.0,50,6061.260251,0.0
-50.0,50,6062.356402,0.0
-50.0,50,6063.447964,0.0
-50.0,50,6064.550825,0.0
-50.0,50,6065.641381,0.0
-50.0,50,6066.727302,0.0
-50.0,50,6067.821035,0.0
-50.0,50,6068.919135,0.0
-50.0,50,6070.009678,0.0
-50.0,50,6071.10374,0.0
-50.0,50,6072.192497,0.0
-50.0,50,6073.283944,0.0
-50.0,50,6074.365552,0.0
-50.0,50,6075.4301,0.0
-50.0,50,6076.525926,0.0
-50.0,50,6077.613785,0.0
-50.0,50,6078.702967,0.0
-50.0,50,6079.766056,0.0
-50.0,50,6080.840761,0.0
-50.0,50,6081.931501,0.0
-50.0,50,6083.029075,0.0
-50.0,50,6084.119132,0.0
-50.0,50,6085.202926,0.0
-50.0,50,6086.304316,0.0
-50.0,50,6087.389794,0.0
-50.0,50,6088.478488,0.0
-50.0,50,6089.594586,0.0
-50.0,50,6090.690086,0.0
-50.0,50,6091.775466,0.0
-50.0,50,6092.884388,0.0
0.0,50,6093.949514,1.0
-50.0,50,6095.039198,0.0
-50.0,50,6096.101184,0.0
-50.0,50,6097.167644,0.0
0.0,50,6098.2289,1.0
-50.0,50,6099.326072,0.0
-50.0,50,6100.390296,0.0
-50.0,50,6101.476384,0.0
-50.0,50,6102.560001,0.0
-50.0,50,6103.657568,0.0
-50.0,50,6104.723424,0.0
-50.0,50,6105.79855,0.0
0.0,50,6106.891203,1.0
-50.0,50,6107.977923,0.0
-50.0,50,6109.068282,0.0
-50.0,50,6110.133417,0.0
-50.0,50,6111.2096,0.0
-50.0,50,6112.340296,0.0
-50.0,50,6113.424525,0.0
-50.0,50,6114.486409,0.0
-50.0,50,6115.572426,0.0
-50.0,50,6116.676927,0.0
-50.0,50,6117.739367,0.0
-50.0,50,6118.810426,0.0
-50.0,50,6119.915169,0.0
-50.0,50,6121.005893,0.0
-50.0,50,6122.067914,0.0
-50.0,50,6123.128231,0.0
-50.0,50,6124.212324,0.0
-50.0,50,6125.286419,0.0
-50.0,50,6126.396692,0.0
-50.0,50,6127.483611,0.0
-50.0,50,6128.598969,0.0
-50.0,50,6129.697361,0.0
0.0,50,6130.77804,1.0
0.0,50,6131.866236,1.0
-50.0,50,6133.012392,0.0
-50.0,50,6134.112854,0.0
-50.0,50,6135.19982,0.0
-50.0,50,6136.283201,0.0
-50.0,50,6137.368739,0.0
0.0,50,6138.484952,1.0
-50.0,50,6139.57061,0.0
-50.0,50,6140.65385,0.0
0.0,50,6141.744182,1.0
-50.0,50,6142.847249,0.0
-50.0,50,6143.938806,0.0
-50.0,50,6145.059002,0.0
-50.0,50,6146.181587,0.0
-50.0,50,6147.310318,0.0
-50.0,50,6148.408969,0.0
-50.0,50,6149.468017,0.0
-50.0,50,6150.541208,0.0
-50.0,50,6151.635098,0.0
-50.0,50,6152.727677,0.0
-50.0,50,6153.807564,0.0
-50.0,50,6154.875568,0.0
0.0,50,6155.980058,1.0
-50.0,50,6157.05398,0.0
-50.0,50,6158.119059,0.0
-50.0,50,6159.187511,0.0
0.0,50,6160.263276,1.0
-50.0,50,6161.0581,0.0
-50.0,50,6161.53239,0.0
-50.0,50,6162.029328,0.0
-50.0,50,6162.541158,0.0
-50.0,50,6163.030132,0.0
-50.0,50,6163.519878,0.0
-50.0,50,6164.010134,0.0
-50.0,50,6164.512648,0.0
0.0,50,6165.012559,1.0
-50.0,50,6165.506261,0.0
-50.0,50,6166.001009,0.0
-50.0,50,6166.513175,0.0
-50.0,50,6167.009052,0.0
-50.0,50,6167.500921,0.0
-50.0,50,6168.001641,0.0
-50.0,50,6168.500386,0.0
-50.0,50,6168.992858,0.0
-50.0,50,6169.503233,0.0
-50.0,50,6169.994711,0.0
-50.0,50,6170.495891,0.0
-50.0,50,6170.984389,0.0
-50.0,50,6171.48127,0.0
-50.0,50,6171.975585,0.0
-50.0,50,6172.482729,0.0
-50.0,50,6172.991362,0.0
-50.0,50,6173.483567,0.0
-50.0,50,6173.980608,0.0
-50.0,50,6176.769257,0.0
-50.0,50,6177.262027,0.0
-50.0,50,6177.754365,0.0
-50.0,50,6178.249421,0.0
-50.0,50,6178.757611,0.0
-50.0,50,6179.250196,0.0
-50.0,50,6179.748785,0.0
-50.0,50,6180.243898,0.0
0.0,50,6180.75784,1.0
-50.0,50,6181.248983,0.0
-50.0,50,6181.737334,0.0
-50.0,50,6182.221989,0.0
-50.0,50,6182.729277,0.0
-50.0,50,6183.22816,0.0
-50.0,50,6183.727743,0.0
-50.0,50,6184.227319,0.0
-50.0,50,6184.733773,0.0
-50.0,50,6185.229753,0.0
-50.0,50,6185.72769,0.0
-50.0,50,6186.237369,0.0
-50.0,50,6186.744722,0.0
-50.0,50,6187.242191,0.0
-50.0,50,6187.732033,0.0
-50.0,50,6188.224683,0.0
0.0,50,6188.73423,1.0
-50.0,50,6189.227007,0.0
-50.0,50,6189.722816,0.0
-50.0,50,6190.222016,0.0
-50.0,50,6190.733148,0.0
-50.0,50,6191.227529,0.0
-50.0,50,6191.717187,0.0
-50.0,50,6192.216398,0.0
-50.0,50,6192.716624,0.0
-50.0,50,6193.209215,0.0
-50.0,50,6193.706614,0.0
-50.0,50,6194.214195,0.0
-50.0,50,6194.752877,0.0
0.0,50,6195.253253,1.0
-50.0,50,6195.740676,0.0
-50.0,50,6196.228981,0.0
-50.0,50,6196.731668,0.0
-50.0,50,6197.219275,0.0
-50.0,50,6197.710099,0.0
-50.0,50,6198.199404,0.0
-50.0,50,6198.707472,0.0
-50.0,50,6199.199418,0.0
-50.0,50,6199.700608,0.0
-50.0,50,6200.188029,0.0
-50.0,50,6200.688723,0.0
-50.0,50,6201.182385,0.0
-50.0,50,6201.671622,0.0
-50.0,50,6202.159917,0.0
-50.0,50,6202.661528,0.0
-50.0,50,6203.151752,0.0
-50.0,50,6203.642623,0.0
-50.0,50,6204.151428,0.0
-50.0,50,6204.669064,0.0
-50.0,50,6205.170537,0.0
-50.0,50,6205.661094,0.0
-50.0,50,6206.152093,0.0
-50.0,50,6206.65954,0.0
-50.0,50,6207.153252,0.0
-50.0,50,6207.65214,0.0
-50.0,50,6208.140203,0.0
-50.0,50,6208.642125,0.0
-50.0,50,6209.135511,0.0
-50.0,50,6209.625178,0.0
-50.0,50,6210.115455,0.0
-50.0,50,6210.633009,0.0
-50.0,50,6211.123829,0.0
-50.0,50,6211.615073,0.0
-50.0,50,6212.1078,0.0
-50.0,50,6212.6136,0.0
-50.0,50,6213.104614,0.0
-50.0,50,6213.603685,0.0
-50.0,50,6214.102747,0.0
-50.0,50,6214.608434,0.0
-50.0,50,6215.098807,0.0
-50.0,50,6215.595779,0.0
-50.0,50,6216.08527,0.0
-50.0,50,6216.590203,0.0
-50.0,50,6217.077148,0.0
-50.0,50,6217.567521,0.0
-50.0,50,6218.067567,0.0
-50.0,50,6218.580972,0.0
-50.0,50,6219.071129,0.0
0.0,50,6219.557498,1.0
-50.0,50,6220.062918,0.0
-50.0,50,6220.565421,0.0
-50.0,50,6221.059284,0.0
-50.0,50,6221.549133,0.0
0.0,50,6222.038314,1.0
-50.0,50,6222.542454,0.0
-50.0,50,6223.038455,0.0
-50.0,50,6223.53973,0.0
-50.0,50,6224.028546,0.0
-50.0,50,6224.540248,0.0
0.0,50,6225.028525,1.0
-50.0,50,6225.523422,0.0
-50.0,50,6226.011619,0.0
-50.0,50,6226.521825,0.0
-50.0,50,6227.007668,0.0
-50.0,50,6227.499436,0.0
-50.0,50,6228.000989,0.0
-50.0,50,6228.503027,0.0
-50.0,50,6228.993726,0.0
-50.0,50,6229.484742,0.0
-50.0,50,6229.984516,0.0
-50.0,50,6230.484981,0.0
-50.0,50,6230.976467,0.0
-50.0,50,6231.472486,0.0
-50.0,50,6231.966281,0.0
-50.0,50,6232.467767,0.0
-50.0,50,6232.955336,0.0
-50.0,50,6233.4544,0.0
-50.0,50,6233.947601,0.0
-50.0,50,6234.466142,0.0
-50.0,50,6234.958302,0.0
-50.0,50,6235.454418,0.0
-50.0,50,6235.943419,0.0
-50.0,50,6236.443447,0.0
-50.0,50,6236.935033,0.0
-50.0,50,6237.423212,0.0
-50.0,50,6237.914994,0.0
-50.0,50,6238.418357,0.0
-50.0,50,6238.909565,0.0
0.0,50,6239.406341,1.0
-50.0,50,6239.896667,0.0
-50.0,50,6240.399719,0.0
-50.0,50,6240.890765,0.0
-50.0,50,6241.378172,0.0
-50.0,50,6241.863912,0.0
-50.0,50,6242.365331,0.0
-50.0,50,6242.863558,0.0
-50.0,50,6243.353754,0.0
-50.0,50,6243.849725,0.0
-50.0,50,6244.349298,0.0
-50.0,50,6244.845246,0.0
-50.0,50,6245.333893,0.0
-50.0,50,6245.822999,0.0
-50.0,50,6246.323306,0.0
-50.0,50,6246.825072,0.0
0.0,50,6247.317733,1.0
-50.0,50,6247.807464,0.0
-50.0,50,6248.307419,0.0
-50.0,50,6248.796464,0.0
-50.0,50,6249.282632,0.0
-50.0,50,6249.773499,0.0
-50.0,50,6250.271883,0.0
-50.0,50,6250.772732,0.0
-50.0,50,6251.27461,0.0
0.0,50,6251.776115,1.0
-50.0,50,6252.284388,0.0
-50.0,50,6252.773401,0.0
-50.0,50,6253.273008,0.0
-50.0,50,6253.763466,0.0
-50.0,50,6254.270162,0.0
-50.0,50,6254.770501,0.0
-50.0,50,6255.267736,0.0
-50.0,50,6255.757742,0.0
-50.0,50,6256.268749,0.0
-50.0,50,6256.768143,0.0
-50.0,50,6257.255333,0.0
0.0,50,6257.753666,1.0
-50.0,50,6258.255459,0.0
-50.0,50,6258.755708,0.0
-50.0,50,6259.243454,0.0
-50.0,50,6259.732475,0.0
-50.0,50,6260.245648,0.0
-50.0,50,6260.747154,0.0
-50.0,50,6261.242539,0.0
-50.0,50,6261.744773,0.0
-50.0,50,6262.246742,0.0
-50.0,50,6262.73604,0.0
-50.0,50,6263.225078,0.0
-50.0,50,6263.733471,0.0
-50.0,50,6264.276637,0.0
-50.0,50,6264.765358,0.0
-50.0,50,6265.254982,0.0
-50.0,50,6265.742458,0.0
0.0,50,6266.248516,1.0
0.0,50,6266.746624,1.0
-50.0,50,6267.235749,0.0
-50.0,50,6267.725938,0.0
-50.0,50,6268.225537,0.0
-50.0,50,6268.716057,0.0
-50.0,50,6269.204546,0.0
-50.0,50,6269.693857,0.0
-50.0,50,6270.203172,0.0
-50.0,50,6270.697679,0.0
-50.0,50,6271.189129,0.0
-50.0,50,6271.67873,0.0
-50.0,50,6272.177483,0.0
-50.0,50,6272.672174,0.0
-50.0,50,6273.163082,0.0
-50.0,50,6273.653375,0.0
0.0,50,6274.167279,1.0
-50.0,50,6274.659683,0.0
-50.0,50,6275.150498,0.0
-50.0,50,6275.640489,0.0
-50.0,50,6278.373445,0.0
-50.0,50,6278.861831,0.0
-50.0,50,6279.350779,0.0
-50.0,50,6279.847304,0.0
-50.0,50,6280.351776,0.0
0.0,50,6280.847607,1.0
-50.0,50,6281.357727,0.0
-50.0,50,6281.844507,0.0
-50.0,50,6282.344956,0.0
-50.0,50,6282.832836,0.0
-50.0,50,6283.321065,0.0
-50.0,50,6283.825363,0.0
-50.0,50,6284.325011,0.0
-50.0,50,6284.813883,0.0
-50.0,50,6285.30221,0.0
-50.0,50,6285.789681,0.0
-50.0,50,6286.297541,0.0
-50.0,50,6286.788685,0.0
-50.0,50,6287.275476,0.0
-50.0,50,6287.771783,0.0
-50.0,50,6288.271178,0.0
-50.0,50,6288.761308,0.0
-50.0,50,6289.248047,0.0
-50.0,50,6289.733505,0.0
-50.0,50,6290.231526,0.0
-50.0,50,6290.729633,0.0
-50.0,50,6291.221439,0.0
-50.0,50,6291.711659,0.0
-50.0,50,6292.206044,0.0
-50.0,50,6292.69183,0.0
-50.0,50,6293.181715,0.0
-50.0,50,6293.674412,0.0
-50.0,50,6294.183329,0.0
-50.0,50,6294.671898,0.0
-50.0,50,6295.158406,0.0
-50.0,50,6295.647585,0.0
-50.0,50,6296.144571,0.0
-50.0,50,6296.630859,0.0
-50.0,50,6297.124721,0.0
-50.0,50,6297.620971,0.0
-50.0,50,6298.119126,0.0
-50.0,50,6298.618247,0.0
-50.0,50,6299.108659,0.0
-50.0,50,6299.59826,0.0
-50.0,50,6300.11095,0.0
-50.0,50,6300.602531,0.0
-50.0,50,6301.093741,0.0
-50.0,50,6301.581685,0.0
-50.0,50,6302.084592,0.0
-50.0,50,6302.572893,0.0
-50.0,50,6303.071036,0.0
-50.0,50,6303.559948,0.0
-50.0,50,6304.058898,0.0
-50.0,50,6304.545349,0.0
-50.0,50,6305.0343,0.0
-50.0,50,6305.531212,0.0
-50.0,50,6306.02915,0.0
-50.0,50,6306.518774,0.0
-50.0,50,6307.009814,0.0
-50.0,50,6307.497932,0.0
-50.0,50,6307.998098,0.0
-50.0,50,6308.484639,0.0
-50.0,50,6308.975862,0.0
-50.0,50,6309.465192,0.0
-50.0,50,6309.971801,0.0
-50.0,50,6310.463248,0.0
-50.0,50,6310.952931,0.0
-50.0,50,6311.439866,0.0
-50.0,50,6311.942932,0.0
-50.0,50,6312.4297,0.0
-50.0,50,6312.917165,0.0
-50.0,50,6313.406112,0.0
-50.0,50,6313.903822,0.0
-50.0,50,6314.391464,0.0
-50.0,50,6314.879976,0.0
-50.0,50,6315.377751,0.0
-50.0,50,6315.876638,0.0
-50.0,50,6316.368117,0.0
-50.0,50,6316.857671,0.0
-50.0,50,6317.343519,0.0
-50.0,50,6317.850707,0.0
-50.0,50,6318.336281,0.0
-50.0,50,6318.824659,0.0
-50.0,50,6319.32671,0.0
0.0,50,6319.831953,1.0
-50.0,50,6320.321178,0.0
-50.0,50,6320.80973,0.0
-50.0,50,6321.303409,0.0
-50.0,50,6321.802742,0.0
0.0,50,6322.302058,1.0
-50.0,50,6322.791957,0.0
-50.0,50,6323.279563,0.0
-50.0,50,6323.785054,0.0
-50.0,50,6324.28383,0.0
-50.0,50,6324.773533,0.0
-50.0,50,6325.267022,0.0
-50.0,50,6325.767062,0.0
-50.0,50,6326.254683,0.0
-50.0,50,6326.742614,0.0
-50.0,50,6327.245864,0.0
-50.0,50,6327.74783,0.0
-50.0,50,6328.236191,0.0
-50.0,50,6328.725835,0.0
0.0,50,6329.225914,1.0
-50.0,50,6329.734911,0.0
-50.0,50,6330.228796,0.0
-50.0,50,6330.725071,0.0
-50.0,50,6331.22405,0.0
-50.0,50,6331.723898,0.0
-50.0,50,6332.218051,0.0
-50.0,50,6332.722064,0.0
-50.0,50,6333.219985,0.0
-50.0,50,6333.72686,0.0
-50.0,50,6334.216794,0.0
0.0,50,6334.709051,1.0
-50.0,50,6335.198498,0.0
-50.0,50,6335.698277,0.0
-50.0,50,6336.187769,0.0
-50.0,50,6336.687766,0.0
0.0,50,6337.174979,1.0
-50.0,50,6337.672743,0.0
-50.0,50,6338.17348,0.0
-50.0,50,6338.661319,0.0
-50.0,50,6339.151964,0.0
-50.0,50,6339.650752,0.0
0.0,50,6340.140796,1.0
-50.0,50,6340.635333,0.0
-50.0,50,6341.122598,0.0
-50.0,50,6341.632163,0.0
-50.0,50,6342.127674,0.0
-50.0,50,6342.62425,0.0
-50.0,50,6343.111879,0.0
-50.0,50,6343.608761,0.0
-50.0,50,6344.118403,0.0
-50.0,50,6344.617949,0.0
0.0,50,6345.118934,1.0
-50.0,50,6345.616266,0.0
-50.0,50,6346.108232,0.0
-50.0,50,6346.600162,0.0
-50.0,50,6347.092951,0.0
-50.0,50,6347.589366,0.0
-50.0,50,6348.088738,0.0
-50.0,50,6348.580633,0.0
-50.0,50,6349.077161,0.0
-50.0,50,6349.574238,0.0
-50.0,50,6350.063671,0.0
-50.0,50,6350.549784,0.0
-50.0,50,6351.038856,0.0
-50.0,50,6351.549881,0.0
-50.0,50,6352.046681,0.0
-50.0,50,6352.533658,0.0
-50.0,50,6353.020115,0.0
-50.0,50,6353.52063,0.0
-50.0,50,6354.012527,0.0
-50.0,50,6354.511261,0.0
-50.0,50,6355.009791,0.0
-50.0,50,6355.508388,0.0
-50.0,50,6356.009982,0.0
-50.0,50,6356.503483,0.0
-50.0,50,6357.002859,0.0
-50.0,50,6357.503717,0.0
-50.0,50,6357.993738,0.0
-50.0,50,6358.482599,0.0
-50.0,50,6358.974769,0.0
-50.0,50,6359.473812,0.0
-50.0,50,6359.963479,0.0
-50.0,50,6360.450696,0.0
-50.0,50,6360.946708,0.0
-50.0,50,6361.447751,0.0
-50.0,50,6361.937662,0.0
-50.0,50,6362.441617,0.0
-50.0,50,6362.934072,0.0
-50.0,50,6363.438343,0.0
-50.0,50,6363.933747,0.0
0.0,50,6364.42264,1.0
-50.0,50,6364.924151,0.0
-50.0,50,6365.423071,0.0
-50.0,50,6365.917777,0.0
-50.0,50,6366.405527,0.0
-50.0,50,6366.899329,0.0
-50.0,50,6367.40139,0.0
-50.0,50,6367.890801,0.0
-50.0,50,6368.381925,0.0
-50.0,50,6368.872324,0.0
-50.0,50,6369.372186,0.0
-50.0,50,6369.874606,0.0
-50.0,50,6370.389178,0.0
-50.0,50,6370.884371,0.0
-50.0,50,6371.396642,0.0
-50.0,50,6371.88669,0.0
-50.0,50,6372.386159,0.0
-50.0,50,6372.878447,0.0
-50.0,50,6373.383633,0.0
-50.0,50,6373.887897,0.0
-50.0,50,6374.385751,0.0
-50.0,50,6374.893495,0.0
-50.0,50,6375.395044,0.0
-50.0,50,6375.885593,0.0
-50.0,50,6376.385809,0.0
-50.0,50,6376.880244,0.0
-50.0,50,6379.67377,0.0
-50.0,50,6380.167123,0.0
-50.0,50,6380.659489,0.0
-50.0,50,6381.156698,0.0
-50.0,50,6381.661,0.0
-50.0,50,6382.151082,0.0
-50.0,50,6382.636057,0.0
-50.0,50,6383.118676,0.0
-50.0,50,6383.61271,0.0
0.0,50,6384.096959,1.0
-50.0,50,6384.576661,0.0
-50.0,50,6385.061987,0.0
-50.0,50,6385.562367,0.0
-50.0,50,6386.071116,0.0
-50.0,50,6386.577359,0.0
-50.0,50,6387.081506,0.0
-50.0,50,6387.590971,0.0
-50.0,50,6388.082746,0.0
0.0,50,6388.582521,1.0
-50.0,50,6389.083249,0.0
-50.0,50,6389.594598,0.0
-50.0,50,6390.085096,0.0
-50.0,50,6390.576771,0.0
-50.0,50,6391.067119,0.0
-50.0,50,6391.570272,0.0
-50.0,50,6392.070154,0.0
-50.0,50,6392.568522,0.0
-50.0,50,6393.071205,0.0
-50.0,50,6393.572183,0.0
0.0,50,6394.06684,1.0
-50.0,50,6394.558378,0.0
-50.0,50,6395.050315,0.0
-50.0,50,6395.55512,0.0
-50.0,50,6396.044981,0.0
-50.0,50,6396.534667,0.0
-50.0,50,6397.023885,0.0
-50.0,50,6397.533002,0.0
-50.0,50,6398.021786,0.0
-50.0,50,6398.519976,0.0
-50.0,50,6399.009231,0.0
-50.0,50,6399.513109,0.0
-50.0,50,6400.001984,0.0
-50.0,50,6400.49523,0.0
-50.0,50,6400.983946,0.0
-50.0,50,6401.482909,0.0
-50.0,50,6401.970394,0.0
-50.0,50,6402.473944,0.0
-50.0,50,6402.973621,0.0
0.0,50,6403.474403,1.0
-50.0,50,6403.96909,0.0
-50.0,50,6404.457511,0.0
-50.0,50,6404.946066,0.0
-50.0,50,6405.443989,0.0
-50.0,50,6405.932582,0.0
-50.0,50,6406.42843,0.0
-50.0,50,6406.914479,0.0
-50.0,50,6407.41481,0.0
0.0,50,6407.90736,1.0
-50.0,50,6408.394281,0.0
-50.0,50,6408.88278,0.0
-50.0,50,6409.388181,0.0
-50.0,50,6409.876505,0.0
-50.0,50,6410.365896,0.0
-50.0,50,6410.861194,0.0
-50.0,50,6411.363371,0.0
-50.0,50,6411.855171,0.0
-50.0,50,6412.349048,0.0
-50.0,50,6412.843187,0.0
-50.0,50,6413.343278,0.0
-50.0,50,6413.835848,0.0
-50.0,50,6414.325277,0.0
-50.0,50,6414.812515,0.0
-50.0,50,6415.354151,0.0
-50.0,50,6415.843401,0.0
-50.0,50,6416.336313,0.0
-50.0,50,6416.836123,0.0
-50.0,50,6417.337931,0.0
-50.0,50,6417.830401,0.0
-50.0,50,6418.322212,0.0
-50.0,50,6418.813163,0.0
-50.0,50,6419.312829,0.0
-50.0,50,6419.804264,0.0
-50.0,50,6420.297362,0.0
-50.0,50,6420.798029,0.0
-50.0,50,6421.301735,0.0
-50.0,50,6421.800214,0.0
-50.0,50,6422.300781,0.0
-50.0,50,6422.802245,0.0
-50.0,50,6423.305399,0.0
-50.0,50,6423.803605,0.0
-50.0,50,6424.304357,0.0
-50.0,50,6424.805673,0.0
-50.0,50,6425.302698,0.0
0.0,50,6425.787879,1.0
-50.0,50,6426.280074,0.0
-50.0,50,6426.770967,0.0
-50.0,50,6427.272254,0.0
-50.0,50,6427.762141,0.0
-50.0,50,6428.259371,0.0
-50.0,50,6428.760802,0.0
-50.0,50,6429.272695,0.0
-50.0,50,6429.761112,0.0
-50.0,50,6430.253682,0.0
-50.0,50,6430.741667,0.0
-50.0,50,6431.241211,0.0
-50.0,50,6431.730403,0.0
-50.0,50,6432.217391,0.0
-50.0,50,6432.706426,0.0
-50.0,50,6433.206591,0.0
-50.0,50,6433.69627,0.0
-50.0,50,6434.195358,0.0
-50.0,50,6434.696791,0.0
-50.0,50,6435.209217,0.0
-50.0,50,6435.702562,0.0
-50.0,50,6436.202689,0.0
0.0,50,6436.702394,1.0
-50.0,50,6437.216158,0.0
-50.0,50,6437.708957,0.0
0.0,50,6438.205414,1.0
-50.0,50,6438.699085,0.0
-50.0,50,6439.205218,0.0
-50.0,50,6439.697293,0.0
-50.0,50,6440.189129,0.0
-50.0,50,6440.691641,0.0
-50.0,50,6441.202262,0.0
-50.0,50,6441.697957,0.0
-50.0,50,6442.19097,0.0
-50.0,50,6442.689277,0.0
-50.0,50,6443.221553,0.0
-50.0,50,6443.729024,0.0
-50.0,50,6444.230471,0.0
-50.0,50,6444.736,0.0
-50.0,50,6445.245517,0.0
-50.0,50,6445.752907,0.0
-50.0,50,6446.250367,0.0
-50.0,50,6446.751382,0.0
-50.0,50,6447.253919,0.0
-50.0,50,6447.774817,0.0
-50.0,50,6448.272291,0.0
-50.0,50,6448.769749,0.0
-50.0,50,6449.271347,0.0
-50.0,50,6449.763473,0.0
-50.0,50,6450.257596,0.0
-50.0,50,6450.746921,0.0
0.0,50,6451.261167,1.0
-50.0,50,6451.752512,0.0
-50.0,50,6452.243717,0.0
-50.0,50,6452.740686,0.0
-50.0,50,6453.264313,0.0
-50.0,50,6453.754264,0.0
-50.0,50,6454.24824,0.0
-50.0,50,6454.759532,0.0
0.0,50,6455.264743,1.0
-50.0,50,6455.754315,0.0
-50.0,50,6456.255692,0.0
-50.0,50,6456.747294,0.0
-50.0,50,6457.273168,0.0
-50.0,50,6457.770145,0.0
-50.0,50,6458.258092,0.0
-50.0,50,6458.747989,0.0
-50.0,50,6459.245999,0.0
-50.0,50,6459.74646,0.0
-50.0,50,6460.247517,0.0
-50.0,50,6460.749663,0.0
-50.0,50,6461.276294,0.0
-50.0,50,6461.782192,0.0
-50.0,50,6462.284727,0.0
-50.0,50,6462.784397,0.0
-50.0,50,6463.284362,0.0
-50.0,50,6463.779287,0.0
-50.0,50,6464.281732,0.0
-50.0,50,6464.781593,0.0
-50.0,50,6465.281365,0.0
-50.0,50,6465.771538,0.0
-50.0,50,6466.26349,0.0
-50.0,50,6466.751166,0.0
-50.0,50,6467.252577,0.0
-50.0,50,6467.740032,0.0
-50.0,50,6468.226994,0.0
-50.0,50,6468.715258,0.0
-50.0,50,6469.212718,0.0
-50.0,50,6469.70612,0.0
-50.0,50,6470.195541,0.0
-50.0,50,6470.68917,0.0
0.0,50,6471.205245,1.0
-50.0,50,6471.695841,0.0
0.0,50,6472.182328,1.0
-50.0,50,6472.679921,0.0
-50.0,50,6473.189703,0.0
-50.0,50,6473.690433,0.0
-50.0,50,6474.18629,0.0
-50.0,50,6474.678681,0.0
-50.0,50,6475.190517,0.0
-50.0,50,6475.690253,0.0
-50.0,50,6476.1864,0.0
-50.0,50,6476.679204,0.0
-50.0,50,6477.176549,0.0
-50.0,50,6477.664421,0.0
0.0,50,6478.155591,1.0
-50.0,50,6478.641525,0.0
-50.0,50,6481.385804,0.0
-50.0,50,6481.883712,0.0
-50.0,50,6482.372376,0.0
-50.0,50,6482.861338,0.0
-50.0,50,6483.3672,0.0
-50.0,50,6483.866833,0.0
-50.0,50,6484.365568,0.0
0.0,50,6484.854942,1.0
-50.0,50,6485.359524,0.0
-50.0,50,6485.856997,0.0
0.0,50,6486.358982,1.0
-50.0,50,6486.866265,0.0
-50.0,50,6487.385624,0.0
-50.0,50,6487.883144,0.0
-50.0,50,6488.388172,0.0
-50.0,50,6488.890094,0.0
-50.0,50,6489.400769,0.0
-50.0,50,6489.891134,0.0
-50.0,50,6490.381455,0.0
-50.0,50,6490.882526,0.0
-50.0,50,6491.383465,0.0
-50.0,50,6491.872296,0.0
-50.0,50,6492.373141,0.0
-50.0,50,6492.863202,0.0
-50.0,50,6493.3613,0.0
-50.0,50,6493.849811,0.0
-50.0,50,6494.34965,0.0
-50.0,50,6494.848779,0.0
-50.0,50,6495.347907,0.0
-50.0,50,6495.840248,0.0
-50.0,50,6496.330919,0.0
-50.0,50,6496.819066,0.0
-50.0,50,6497.318368,0.0
-50.0,50,6497.807185,0.0
-50.0,50,6498.302471,0.0
-50.0,50,6498.794693,0.0
-50.0,50,6499.295622,0.0
-50.0,50,6499.786859,0.0
-50.0,50,6500.2727,0.0
-50.0,50,6500.771562,0.0
-50.0,50,6501.278429,0.0
-50.0,50,6501.767395,0.0
-50.0,50,6502.253799,0.0
-50.0,50,6502.74473,0.0
-50.0,50,6503.241391,0.0
-50.0,50,6503.73476,0.0
-50.0,50,6504.227635,0.0
-50.0,50,6504.717483,0.0
-50.0,50,6505.217443,0.0
-50.0,50,6505.705444,0.0
-50.0,50,6506.197173,0.0
-50.0,50,6506.686917,0.0
-50.0,50,6507.191473,0.0
-50.0,50,6507.682799,0.0
-50.0,50,6508.183706,0.0
-50.0,50,6508.68253,0.0
0.0,50,6509.193906,1.0
-50.0,50,6509.683288,0.0
0.0,50,6510.170974,1.0
-50.0,50,6510.661863,0.0
-50.0,50,6511.161843,0.0
-50.0,50,6511.659685,0.0
-50.0,50,6512.149262,0.0
-50.0,50,6512.64878,0.0
-50.0,50,6513.151481,0.0
-50.0,50,6513.65176,0.0
0.0,50,6514.141316,1.0
-50.0,50,6514.633013,0.0
-50.0,50,6515.152418,0.0
-50.0,50,6515.641486,0.0
-50.0,50,6516.142306,0.0
-50.0,50,6516.633415,0.0
-50.0,50,6517.137762,0.0
-50.0,50,6517.628944,0.0
0.0,50,6518.127328,1.0
-50.0,50,6518.619885,0.0
-50.0,50,6519.130094,0.0
-50.0,50,6519.622515,0.0
-50.0,50,6520.111119,0.0
-50.0,50,6520.604493,0.0
-50.0,50,6521.102773,0.0
0.0,50,6521.590152,1.0
-50.0,50,6522.090446,0.0
-50.0,50,6522.581637,0.0
-50.0,50,6523.085346,0.0
-50.0,50,6523.579461,0.0
-50.0,50,6524.078612,0.0
-50.0,50,6524.568133,0.0
-50.0,50,6525.068466,0.0
-50.0,50,6525.561389,0.0
-50.0,50,6526.051514,0.0
-50.0,50,6526.553013,0.0
-50.0,50,6527.053206,0.0
-50.0,50,6527.549811,0.0
-50.0,50,6528.044708,0.0
-50.0,50,6528.541718,0.0
-50.0,50,6529.046773,0.0
-50.0,50,6529.540677,0.0
0.0,50,6530.046794,1.0
0.0,50,6530.552649,1.0
-50.0,50,6531.059426,0.0
-50.0,50,6531.56494,0.0
-50.0,50,6532.059356,0.0
-50.0,50,6532.563637,0.0
-50.0,50,6533.072232,0.0
-50.0,50,6533.567978,0.0
-50.0,50,6534.069922,0.0
0.0,50,6534.575088,1.0
-50.0,50,6535.08057,0.0
-50.0,50,6535.574299,0.0
-50.0,50,6536.068679,0.0
-50.0,50,6536.566162,0.0
-50.0,50,6537.070578,0.0
-50.0,50,6537.571198,0.0
-50.0,50,6538.065742,0.0
-50.0,50,6538.56471,0.0
-50.0,50,6539.065331,0.0
-50.0,50,6539.554416,0.0
-50.0,50,6540.050924,0.0
-50.0,50,6540.540917,0.0
-50.0,50,6541.042424,0.0
-50.0,50,6541.540974,0.0
-50.0,50,6542.03212,0.0
-50.0,50,6542.523846,0.0
-50.0,50,6543.033818,0.0
-50.0,50,6543.528163,0.0
-50.0,50,6544.02128,0.0
-50.0,50,6544.51614,0.0
-50.0,50,6545.020464,0.0
-50.0,50,6545.513201,0.0
-50.0,50,6546.016397,0.0
-50.0,50,6546.513709,0.0
-50.0,50,6547.017958,0.0
-50.0,50,6547.512327,0.0
0.0,50,6548.003295,1.0
0.0,50,6548.495784,1.0
-50.0,50,6548.999448,0.0
0.0,50,6549.500987,1.0
-50.0,50,6549.998717,0.0
-50.0,50,6550.489966,0.0
-50.0,50,6550.999815,0.0
-50.0,50,6551.506007,0.0
-50.0,50,6552.003713,0.0
-50.0,50,6552.510069,0.0
-50.0,50,6553.017409,0.0
0.0,50,6553.513768,1.0
-50.0,50,6554.010834,0.0
-50.0,50,6554.50776,0.0
-50.0,50,6555.01652,0.0
-50.0,50,6555.513692,0.0
0.0,50,6556.008614,1.0
-50.0,50,6556.504045,0.0
-50.0,50,6557.00966,0.0
-50.0,50,6557.50368,0.0
-50.0,50,6558.007111,0.0
-50.0,50,6558.507809,0.0
0.0,50,6559.026255,1.0
-50.0,50,6559.522615,0.0
-50.0,50,6560.027644,0.0
-50.0,50,6560.524873,0.0
-50.0,50,6561.0496,0.0
-50.0,50,6561.548334,0.0
-50.0,50,6562.042583,0.0
-50.0,50,6562.532521,0.0
-50.0,50,6563.032604,0.0
-50.0,50,6563.525997,0.0
-50.0,50,6564.028755,0.0
-50.0,50,6564.519058,0.0
-50.0,50,6565.021194,0.0
-50.0,50,6565.514585,0.0
-50.0,50,6566.003689,0.0
-50.0,50,6566.492429,0.0
-50.0,50,6566.992913,0.0
-50.0,50,6567.483428,0.0
-50.0,50,6567.972924,0.0
-50.0,50,6568.473216,0.0
-50.0,50,6568.977402,0.0
0.0,50,6569.477091,1.0
-50.0,50,6569.967726,0.0
-50.0,50,6570.471158,0.0
0.0,50,6570.967485,1.0
-50.0,50,6571.455413,0.0
-50.0,50,6571.943149,0.0
-50.0,50,6572.431199,0.0
0.0,50,6572.93269,1.0
-50.0,50,6573.430871,0.0
-50.0,50,6573.927877,0.0
-50.0,50,6574.423024,0.0
-50.0,50,6574.921461,0.0
-50.0,50,6575.408573,0.0
-50.0,50,6575.898186,0.0
-50.0,50,6576.38611,0.0
-50.0,50,6576.892751,0.0
-50.0,50,6577.383614,0.0
0.0,50,6577.868846,1.0
-50.0,50,6578.35825,0.0
-50.0,50,6578.855677,0.0
-50.0,50,6579.354255,0.0
-50.0,50,6579.842105,0.0
-50.0,50,6580.33209,0.0
-50.0,50,6583.096264,0.0
-50.0,50,6583.593453,0.0
-50.0,50,6584.092973,0.0
-50.0,50,6584.591835,0.0
-50.0,50,6585.098088,0.0
-50.0,50,6585.598285,0.0
-50.0,50,6586.094368,0.0
-50.0,50,6586.587637,0.0
-50.0,50,6587.111857,0.0
-50.0,50,6587.607365,0.0
0.0,50,6588.107335,1.0
-50.0,50,6588.613993,0.0
-50.0,50,6589.117341,0.0
-50.0,50,6589.614559,0.0
-50.0,50,6590.107645,0.0
-50.0,50,6590.609391,0.0
-50.0,50,6591.117465,0.0
-50.0,50,6591.622692,0.0
-50.0,50,6592.12516,0.0
-50.0,50,6592.614761,0.0
-50.0,50,6593.127776,0.0
-50.0,50,6593.620242,0.0
-50.0,50,6594.11115,0.0
-50.0,50,6594.60018,0.0
0.0,50,6595.102001,1.0
-50.0,50,6595.598557,0.0
-50.0,50,6596.09119,0.0
-50.0,50,6596.581651,0.0
-50.0,50,6597.084111,0.0
-50.0,50,6597.57949,0.0
-50.0,50,6598.076094,0.0
0.0,50,6598.584533,1.0
-50.0,50,6599.098617,0.0
-50.0,50,6599.598886,0.0
-50.0,50,6600.094682,0.0
-50.0,50,6600.585504,0.0
-50.0,50,6601.087845,0.0
-50.0,50,6601.574848,0.0
-50.0,50,6602.064173,0.0
-50.0,50,6602.553776,0.0
-50.0,50,6603.065454,0.0
-50.0,50,6603.567394,0.0
-50.0,50,6604.065811,0.0
-50.0,50,6604.558495,0.0
-50.0,50,6605.060894,0.0
-50.0,50,6605.563452,0.0
-50.0,50,6606.063844,0.0
-50.0,50,6606.557935,0.0
-50.0,50,6607.061174,0.0
-50.0,50,6607.562678,0.0
-50.0,50,6608.06232,0.0
-50.0,50,6608.565627,0.0
-50.0,50,6609.076425,0.0
-50.0,50,6609.577969,0.0
-50.0,50,6610.081882,0.0
-50.0,50,6610.573467,0.0
-50.0,50,6611.082555,0.0
-50.0,50,6611.575939,0.0
-50.0,50,6612.066251,0.0
-50.0,50,6612.562415,0.0
-50.0,50,6613.066439,0.0
-50.0,50,6613.559275,0.0
-50.0,50,6614.050124,0.0
-50.0,50,6614.563555,0.0
-50.0,50,6615.066231,0.0
-50.0,50,6615.556689,0.0
-50.0,50,6616.071564,0.0
-50.0,50,6616.573806,0.0
-50.0,50,6617.08457,0.0
-50.0,50,6617.57283,0.0
-50.0,50,6618.068978,0.0
-50.0,50,6618.572751,0.0
-50.0,50,6619.073159,0.0
-50.0,50,6619.564073,0.0
-50.0,50,6620.055551,0.0
-50.0,50,6620.556579,0.0
-50.0,50,6621.067455,0.0
-50.0,50,6621.565409,0.0
-50.0,50,6622.06666,0.0
-50.0,50,6622.568584,0.0
-50.0,50,6623.071463,0.0
-50.0,50,6623.563065,0.0
-50.0,50,6624.063476,0.0
0.0,50,6624.552837,1.0
-50.0,50,6625.054345,0.0
-50.0,50,6625.545408,0.0
-50.0,50,6626.04781,0.0
-50.0,50,6626.546114,0.0
-50.0,50,6627.046,0.0
-50.0,50,6627.542743,0.0
-50.0,50,6628.032448,0.0
-50.0,50,6628.523524,0.0
-50.0,50,6629.033841,0.0
-50.0,50,6629.526343,0.0
-50.0,50,6630.027493,0.0
-50.0,50,6630.531165,0.0
-50.0,50,6631.044568,0.0
-50.0,50,6631.532972,0.0
-50.0,50,6632.025097,0.0
-50.0,50,6632.516116,0.0
-50.0,50,6633.023938,0.0
-50.0,50,6633.520993,0.0
-50.0,50,6634.018139,0.0
-50.0,50,6634.511304,0.0
-50.0,50,6635.021481,0.0
-50.0,50,6635.520143,0.0
-50.0,50,6636.008165,0.0
-50.0,50,6636.499008,0.0
-50.0,50,6636.997054,0.0
-50.0,50,6637.491314,0.0
-50.0,50,6637.976501,0.0
-50.0,50,6638.464166,0.0
-50.0,50,6638.962137,0.0
-50.0,50,6639.448289,0.0
-50.0,50,6639.938355,0.0
-50.0,50,6640.42623,0.0
-50.0,50,6640.93135,0.0
-50.0,50,6641.439482,0.0
-50.0,50,6641.926687,0.0
-50.0,50,6642.422388,0.0
-50.0,50,6642.932257,0.0
-50.0,50,6643.425666,0.0
-50.0,50,6643.911928,0.0
-50.0,50,6644.401879,0.0
-50.0,50,6644.908049,0.0
-50.0,50,6645.395762,0.0
-50.0,50,6645.886836,0.0
-50.0,50,6646.375209,0.0
-50.0,50,6646.877135,0.0
-50.0,50,6647.366993,0.0
-50.0,50,6647.86009,0.0
-50.0,50,6648.348373,0.0
-50.0,50,6648.846914,0.0
-50.0,50,6649.33526,0.0
0.0,50,6649.827397,1.0
-50.0,50,6650.327084,0.0
-50.0,50,6650.830017,0.0
-50.0,50,6651.333038,0.0
-50.0,50,6651.82642,0.0
-50.0,50,6652.3137,0.0
-50.0,50,6652.84866,0.0
-50.0,50,6653.339041,0.0
-50.0,50,6653.825243,0.0
-50.0,50,6654.314553,0.0
-50.0,50,6654.829659,0.0
-50.0,50,6655.319437,0.0
-50.0,50,6655.807816,0.0
-50.0,50,6656.308556,0.0
-50.0,50,6656.861079,0.0
-50.0,50,6657.360012,0.0
-50.0,50,6657.84936,0.0
-50.0,50,6658.349012,0.0
-50.0,50,6658.88486,0.0
-50.0,50,6659.376001,0.0
-50.0,50,6659.867052,0.0
-50.0,50,6660.364593,0.0
-50.0,50,6660.868079,0.0
-50.0,50,6661.355816,0.0
-50.0,50,6661.846202,0.0
-50.0,50,6662.33464,0.0
-50.0,50,6662.844329,0.0
-50.0,50,6663.344666,0.0
-50.0,50,6663.844257,0.0
-50.0,50,6664.344169,0.0
-50.0,50,6664.872173,0.0
-50.0,50,6665.370144,0.0
-50.0,50,6665.862504,0.0
-50.0,50,6666.353189,0.0
-50.0,50,6666.85831,0.0
-50.0,50,6667.352977,0.0
-50.0,50,6667.848782,0.0
-50.0,50,6668.350587,0.0
-50.0,50,6668.86236,0.0
0.0,50,6669.352952,1.0
-50.0,50,6669.844035,0.0
-50.0,50,6670.336329,0.0
-50.0,50,6670.846983,0.0
-50.0,50,6671.342576,0.0
-50.0,50,6671.842077,0.0
-50.0,50,6672.330785,0.0
-50.0,50,6672.843274,0.0
-50.0,50,6673.34465,0.0
-50.0,50,6673.836298,0.0
-50.0,50,6674.331999,0.0
-50.0,50,6674.835387,0.0
-50.0,50,6675.326042,0.0
-50.0,50,6675.813159,0.0
-50.0,50,6676.302789,0.0
-50.0,50,6676.800871,0.0
-50.0,50,6677.289495,0.0
-50.0,50,6677.779123,0.0
-50.0,50,6678.279392,0.0
-50.0,50,6678.79506,0.0
-50.0,50,6679.28527,0.0
-50.0,50,6679.78561,0.0
-50.0,50,6680.286378,0.0
-50.0,50,6680.884315,0.0
-50.0,50,6681.375924,0.0
-50.0,50,6681.877499,0.0
-50.0,50,6682.36519,0.0
-50.0,50,6685.200398,0.0
-50.0,50,6685.701142,0.0
-50.0,50,6686.202713,0.0
-50.0,50,6686.695014,0.0
-50.0,50,6687.229545,0.0
-50.0,50,6687.730386,0.0
-50.0,50,6688.23164,0.0
-50.0,50,6688.728312,0.0
-50.0,50,6689.235698,0.0
-50.0,50,6689.732122,0.0
-50.0,50,6690.22087,0.0
-50.0,50,6690.721619,0.0
-50.0,50,6691.223705,0.0
-50.0,50,6691.710041,0.0
-50.0,50,6692.197784,0.0
-50.0,50,6692.686116,0.0
-50.0,50,6693.186265,0.0
-50.0,50,6693.673185,0.0
-50.0,50,6694.173686,0.0
-50.0,50,6694.676453,0.0
-50.0,50,6695.186301,0.0
-50.0,50,6695.6897,0.0
-50.0,50,6696.179198,0.0
-50.0,50,6696.671234,0.0
-50.0,50,6697.211728,0.0
-50.0,50,6697.711389,0.0
-50.0,50,6698.211456,0.0
-50.0,50,6698.712768,0.0
-50.0,50,6699.211075,0.0
-50.0,50,6699.702348,0.0
-50.0,50,6700.193141,0.0
-50.0,50,6700.692713,0.0
-50.0,50,6701.202499,0.0
-50.0,50,6701.691505,0.0
-50.0,50,6702.18218,0.0
0.0,50,6702.66888,1.0
-50.0,50,6703.20996,0.0
-50.0,50,6703.701932,0.0
-50.0,50,6704.192004,0.0
-50.0,50,6704.692418,0.0
-50.0,50,6705.193738,0.0
-50.0,50,6705.682738,0.0
-50.0,50,6706.169312,0.0
-50.0,50,6706.670204,0.0
-50.0,50,6707.169154,0.0
-50.0,50,6707.66113,0.0
-50.0,50,6708.15927,0.0
-50.0,50,6708.65267,0.0
-50.0,50,6709.156857,0.0
-50.0,50,6709.662824,0.0
-50.0,50,6710.160982,0.0
-50.0,50,6710.659987,0.0
-50.0,50,6711.183969,0.0
-50.0,50,6711.696926,0.0
-50.0,50,6712.189289,0.0
-50.0,50,6712.679327,0.0
-50.0,50,6713.188401,0.0
-50.0,50,6713.68947,0.0
-50.0,50,6714.185975,0.0
0.0,50,6714.673981,1.0
-50.0,50,6715.204179,0.0
-50.0,50,6715.704352,0.0
-50.0,50,6716.201737,0.0
-50.0,50,6716.692401,0.0
-50.0,50,6717.191161,0.0
-50.0,50,6717.68767,0.0
-50.0,50,6718.176003,0.0
-50.0,50,6718.669343,0.0
-50.0,50,6719.166065,0.0
-50.0,50,6719.666843,0.0
-50.0,50,6720.167477,0.0
-50.0,50,6720.669847,0.0
-50.0,50,6721.18002,0.0
-50.0,50,6721.676105,0.0
-50.0,50,6722.178103,0.0
-50.0,50,6722.678048,0.0
-50.0,50,6723.198509,0.0
-50.0,50,6723.698724,0.0
-50.0,50,6724.197867,0.0
-50.0,50,6724.698701,0.0
-50.0,50,6725.2042,0.0
-50.0,50,6725.69602,0.0
-50.0,50,6726.183135,0.0
-50.0,50,6726.674465,0.0
0.0,50,6727.180715,1.0
-50.0,50,6727.681437,0.0
-50.0,50,6728.169479,0.0
-50.0,50,6728.65736,0.0
-50.0,50,6729.157336,0.0
-50.0,50,6729.65847,0.0
-50.0,50,6730.151522,0.0
-50.0,50,6730.641176,0.0
-50.0,50,6731.150533,0.0
0.0,50,6731.64896,1.0
-50.0,50,6732.136164,0.0
-50.0,50,6732.625437,0.0
-50.0,50,6733.123987,0.0
-50.0,50,6733.624705,0.0
-50.0,50,6734.123403,0.0
-50.0,50,6734.622501,0.0
0.0,50,6735.120536,1.0
-50.0,50,6735.610509,0.0
-50.0,50,6736.10973,0.0
-50.0,50,6736.611526,0.0
-50.0,50,6737.11063,0.0
-50.0,50,6737.600555,0.0
-50.0,50,6738.089441,0.0
-50.0,50,6738.581098,0.0
-50.0,50,6739.08147,0.0
-50.0,50,6739.568516,0.0
-50.0,50,6740.069467,0.0
-50.0,50,6740.559103,0.0
-50.0,50,6741.070612,0.0
-50.0,50,6741.5662,0.0
-50.0,50,6742.0551,0.0
-50.0,50,6742.541288,0.0
-50.0,50,6743.041308,0.0
-50.0,50,6743.532465,0.0
-50.0,50,6744.035558,0.0
-50.0,50,6744.534034,0.0
-50.0,50,6745.043356,0.0
0.0,50,6745.531495,1.0
-50.0,50,6746.024019,0.0
-50.0,50,6746.5235,0.0
-50.0,50,6747.029272,0.0
-50.0,50,6747.524302,0.0
-50.0,50,6748.026141,0.0
-50.0,50,6748.527938,0.0
-50.0,50,6749.03339,0.0
-50.0,50,6749.531715,0.0
-50.0,50,6750.044676,0.0
-50.0,50,6750.539881,0.0
-50.0,50,6751.062097,0.0
-50.0,50,6751.565664,0.0
-50.0,50,6752.06701,0.0
-50.0,50,6752.567925,0.0
-50.0,50,6753.072455,0.0
-50.0,50,6753.566272,0.0
0.0,50,6754.071467,1.0
-50.0,50,6754.564302,0.0
0.0,50,6755.076175,1.0
-50.0,50,6755.579864,0.0
-50.0,50,6756.083616,0.0
-50.0,50,6756.581225,0.0
-50.0,50,6757.087317,0.0
-50.0,50,6757.587462,0.0
-50.0,50,6758.082458,0.0
-50.0,50,6758.58754,0.0
-50.0,50,6759.103936,0.0
0.0,50,6759.604407,1.0
-50.0,50,6760.098364,0.0
-50.0,50,6760.597813,0.0
-50.0,50,6761.110419,0.0
-50.0,50,6761.611019,0.0
-50.0,50,6762.106957,0.0
-50.0,50,6762.600414,0.0
-50.0,50,6763.112728,0.0
-50.0,50,6763.610508,0.0
-50.0,50,6764.113419,0.0
-50.0,50,6764.609829,0.0
-50.0,50,6765.118418,0.0
-50.0,50,6765.610902,0.0
0.0,50,6766.104367,1.0
-50.0,50,6766.595884,0.0
-50.0,50,6767.102095,0.0
-50.0,50,6767.597588,0.0
-50.0,50,6768.093427,0.0
0.0,50,6768.58521,1.0
-50.0,50,6769.098296,0.0
-50.0,50,6769.593362,0.0
-50.0,50,6770.087387,0.0
-50.0,50,6770.586141,0.0
-50.0,50,6771.091704,0.0
-50.0,50,6771.591352,0.0
-50.0,50,6772.08496,0.0
-50.0,50,6772.577624,0.0
-50.0,50,6773.082438,0.0
-50.0,50,6773.588629,0.0
-50.0,50,6774.081542,0.0
-50.0,50,6774.571337,0.0
-50.0,50,6775.081891,0.0
-50.0,50,6775.576468,0.0
-50.0,50,6776.071339,0.0
-50.0,50,6776.561392,0.0
-50.0,50,6777.061042,0.0
-50.0,50,6777.54883,0.0
-50.0,50,6778.039643,0.0
-50.0,50,6778.521242,0.0
-50.0,50,6779.034542,0.0
-50.0,50,6779.525469,0.0
-50.0,50,6780.007077,0.0
-50.0,50,6780.489424,0.0
-50.0,50,6780.990207,0.0
-50.0,50,6781.480183,0.0
-50.0,50,6781.967444,0.0
-50.0,50,6782.452908,0.0
-50.0,50,6782.958724,0.0
-50.0,50,6783.444163,0.0
-50.0,50,6783.938603,0.0
-50.0,50,6784.425254,0.0
0.0,50,6787.195888,1.0
-50.0,50,6787.708953,0.0
-50.0,50,6788.197173,0.0
-50.0,50,6788.681172,0.0
-50.0,50,6789.180509,0.0
-50.0,50,6789.665786,0.0
0.0,50,6790.164779,1.0
-50.0,50,6790.656615,0.0
-50.0,50,6791.153449,0.0
-50.0,50,6791.641939,0.0
-50.0,50,6792.140762,0.0
0.0,50,6792.62755,1.0
-50.0,50,6793.125441,0.0
-50.0,50,6793.620697,0.0
0.0,50,6794.107746,1.0
-50.0,50,6794.597634,0.0
-50.0,50,6795.096959,0.0
-50.0,50,6795.582736,0.0
-50.0,50,6796.070037,0.0
-50.0,50,6796.560057,0.0
-50.0,50,6797.058452,0.0
-50.0,50,6797.55801,0.0
-50.0,50,6798.044262,0.0
-50.0,50,6798.536703,0.0
-50.0,50,6799.034922,0.0
-50.0,50,6799.525249,0.0
-50.0,50,6800.025947,0.0
-50.0,50,6800.514859,0.0
-50.0,50,6801.025423,0.0
-50.0,50,6801.515368,0.0
-50.0,50,6802.005482,0.0
-50.0,50,6802.494345,0.0
-50.0,50,6803.002604,0.0
0.0,50,6803.50068,1.0
-50.0,50,6803.989361,0.0
-50.0,50,6804.48053,0.0
-50.0,50,6804.982365,0.0
-50.0,50,6805.471964,0.0
-50.0,50,6805.961393,0.0
-50.0,50,6806.455429,0.0
-50.0,50,6806.956059,0.0
-50.0,50,6807.446127,0.0
-50.0,50,6807.93475,0.0
-50.0,50,6808.428455,0.0
-50.0,50,6808.940091,0.0
-50.0,50,6809.435548,0.0
-50.0,50,6809.92781,0.0
-50.0,50,6810.426893,0.0
-50.0,50,6810.935005,0.0
-50.0,50,6811.434827,0.0
-50.0,50,6811.92378,0.0
-50.0,50,6812.422649,0.0
-50.0,50,6812.93428,0.0
-50.0,50,6813.422069,0.0
-50.0,50,6813.911599,0.0
-50.0,50,6814.408883,0.0
-50.0,50,6814.915156,0.0
-50.0,50,6815.416216,0.0
-50.0,50,6815.902357,0.0
0.0,50,6816.388609,1.0
-50.0,50,6816.895647,0.0
-50.0,50,6817.386128,0.0
-50.0,50,6817.873068,0.0
-50.0,50,6818.361747,0.0
0.0,50,6818.869896,1.0
-50.0,50,6819.362327,0.0
-50.0,50,6819.85135,0.0
-50.0,50,6820.339175,0.0
-50.0,50,6820.840612,0.0
-50.0,50,6821.334714,0.0
0.0,50,6821.833853,1.0
-50.0,50,6822.335146,0.0
-50.0,50,6822.846923,0.0
0.0,50,6823.346777,1.0
-50.0,50,6823.848435,0.0
-50.0,50,6824.335661,0.0
-50.0,50,6824.845099,0.0
-50.0,50,6825.340692,0.0
-50.0,50,6825.839977,0.0
-50.0,50,6826.328326,0.0
-50.0,50,6826.826663,0.0
-50.0,50,6827.314436,0.0
-50.0,50,6827.809002,0.0
-50.0,50,6828.299159,0.0
0.0,50,6828.795513,1.0
-50.0,50,6829.282406,0.0
-50.0,50,6829.770911,0.0
-50.0,50,6830.256021,0.0
-50.0,50,6830.757082,0.0
-50.0,50,6831.250703,0.0
-50.0,50,6831.742735,0.0
-50.0,50,6832.232947,0.0
-50.0,50,6832.759077,0.0
-50.0,50,6833.247846,0.0
-50.0,50,6833.736085,0.0
0.0,50,6834.223668,1.0
-50.0,50,6834.722835,0.0
-50.0,50,6835.210141,0.0
-50.0,50,6835.699728,0.0
-50.0,50,6836.190176,0.0
-50.0,50,6836.687816,0.0
-50.0,50,6837.178877,0.0
-50.0,50,6837.665828,0.0
-50.0,50,6838.163555,0.0
-50.0,50,6838.673009,0.0
-50.0,50,6839.164984,0.0
-50.0,50,6839.650022,0.0
-50.0,50,6840.137522,0.0
0.0,50,6840.634508,1.0
-50.0,50,6841.120932,0.0
-50.0,50,6841.607591,0.0
-50.0,50,6842.094102,0.0
-50.0,50,6842.604047,0.0
0.0,50,6843.092592,1.0
-50.0,50,6843.582986,0.0
-50.0,50,6844.080804,0.0
-50.0,50,6844.585771,0.0
-50.0,50,6845.073714,0.0
-50.0,50,6845.560806,0.0
-50.0,50,6846.048471,0.0
-50.0,50,6846.556899,0.0
-50.0,50,6847.047617,0.0
-50.0,50,6847.542801,0.0
-50.0,50,6848.028737,0.0
-50.0,50,6848.525125,0.0
-50.0,50,6849.013807,0.0
-50.0,50,6849.500668,0.0
-50.0,50,6849.988882,0.0
-50.0,50,6850.492537,0.0
-50.0,50,6850.980122,0.0
-50.0,50,6851.47491,0.0
-50.0,50,6851.983146,0.0
-50.0,50,6852.483696,0.0
-50.0,50,6852.980735,0.0
-50.0,50,6853.4766,0.0
0.0,50,6853.978615,1.0
-50.0,50,6854.483186,0.0
-50.0,50,6854.971573,0.0
-50.0,50,6855.465768,0.0
-50.0,50,6855.953382,0.0
-50.0,50,6856.45175,0.0
-50.0,50,6856.938539,0.0
0.0,50,6857.439411,1.0
-50.0,50,6857.925238,0.0
-50.0,50,6858.42285,0.0
-50.0,50,6858.910538,0.0
-50.0,50,6859.410064,0.0
-50.0,50,6859.896606,0.0
-50.0,50,6860.394925,0.0
-50.0,50,6860.885411,0.0
-50.0,50,6861.374769,0.0
-50.0,50,6861.866511,0.0
-50.0,50,6862.36428,0.0
-50.0,50,6862.849666,0.0
-50.0,50,6863.342117,0.0
-50.0,50,6863.829245,0.0
-50.0,50,6864.326521,0.0
0.0,50,6864.811745,1.0
-50.0,50,6865.323916,0.0
-50.0,50,6865.810837,0.0
-50.0,50,6866.313917,0.0
-50.0,50,6866.805189,0.0
-50.0,50,6867.299788,0.0
-50.0,50,6867.785802,0.0
-50.0,50,6868.294431,0.0
-50.0,50,6868.786834,0.0
-50.0,50,6869.287367,0.0
-50.0,50,6869.787018,0.0
-50.0,50,6870.291258,0.0
-50.0,50,6870.777151,0.0
0.0,50,6871.275078,1.0
-50.0,50,6871.761312,0.0
-50.0,50,6872.257058,0.0
-50.0,50,6872.74565,0.0
0.0,50,6873.245136,1.0
-50.0,50,6873.745092,0.0
-50.0,50,6874.256485,0.0
-50.0,50,6874.743439,0.0
-50.0,50,6875.243201,0.0
-50.0,50,6875.728897,0.0
-50.0,50,6876.228586,0.0
-50.0,50,6876.714071,0.0
-50.0,50,6877.212003,0.0
-50.0,50,6877.696639,0.0
-50.0,50,6878.202188,0.0
-50.0,50,6878.684062,0.0
-50.0,50,6879.167441,0.0
-50.0,50,6879.65964,0.0
-50.0,50,6880.156841,0.0
-50.0,50,6880.639002,0.0
-50.0,50,6881.122059,0.0
-50.0,50,6881.601104,0.0
-50.0,50,6882.109176,0.0
-50.0,50,6882.593111,0.0
0.0,50,6883.081671,1.0
-50.0,50,6883.580842,0.0
-50.0,50,6884.076643,0.0
-50.0,50,6884.56125,0.0
-50.0,50,6885.041722,0.0
-50.0,50,6885.531552,0.0
-50.0,50,6888.300214,0.0
0.0,50,6888.781939,1.0
-50.0,50,6889.265746,0.0
-50.0,50,6889.749745,0.0
-50.0,50,6890.242894,0.0
-50.0,50,6890.736013,0.0
-50.0,50,6891.235255,0.0
0.0,50,6891.731642,1.0
-50.0,50,6892.243245,0.0
-50.0,50,6892.723577,0.0
-50.0,50,6893.215101,0.0
-50.0,50,6893.698104,0.0
-50.0,50,6894.198566,0.0
-50.0,50,6894.68863,0.0
-50.0,50,6895.179717,0.0
0.0,50,6895.667134,1.0
-50.0,50,6896.160463,0.0
-50.0,50,6896.650967,0.0
-50.0,50,6897.141396,0.0
-50.0,50,6897.626374,0.0
-50.0,50,6898.119922,0.0
-50.0,50,6898.601907,0.0
-50.0,50,6899.084725,0.0
-50.0,50,6899.565668,0.0
-50.0,50,6900.059673,0.0
-50.0,50,6900.547024,0.0
-50.0,50,6901.031146,0.0
-50.0,50,6901.52305,0.0
-50.0,50,6902.023088,0.0
-50.0,50,6902.512373,0.0
-50.0,50,6903.005998,0.0
-50.0,50,6903.493275,0.0
-50.0,50,6903.994422,0.0
-50.0,50,6904.483304,0.0
-50.0,50,6904.980395,0.0
-50.0,50,6905.469553,0.0
-50.0,50,6905.969929,0.0
0.0,50,6906.457995,1.0
0.0,50,6906.955667,1.0
0.0,50,6907.444074,1.0
-50.0,50,6907.943883,0.0
-50.0,50,6908.440508,0.0
-50.0,50,6908.932319,0.0
-50.0,50,6909.422795,0.0
-50.0,50,6909.922261,0.0
-50.0,50,6910.410092,0.0
0.0,50,6910.912332,1.0
-50.0,50,6911.406528,0.0
-50.0,50,6911.910521,0.0
-50.0,50,6912.408812,0.0
-50.0,50,6912.902771,0.0
-50.0,50,6913.40482,0.0
-50.0,50,6913.919469,0.0
-50.0,50,6914.409194,0.0
-50.0,50,6914.900397,0.0
-50.0,50,6915.399835,0.0
-50.0,50,6915.89835,0.0
-50.0,50,6916.394766,0.0
-50.0,50,6916.891627,0.0
-50.0,50,6917.382945,0.0
-50.0,50,6917.879804,0.0
-50.0,50,6918.378076,0.0
-50.0,50,6918.866617,0.0
-50.0,50,6919.35811,0.0
0.0,50,6919.858172,1.0
-50.0,50,6920.347961,0.0
-50.0,50,6920.836664,0.0
-50.0,50,6921.328755,0.0
-50.0,50,6921.831677,0.0
-50.0,50,6922.319196,0.0
-50.0,50,6922.809472,0.0
-50.0,50,6923.298776,0.0
-50.0,50,6923.802526,0.0
-50.0,50,6924.292116,0.0
-50.0,50,6924.783672,0.0
-50.0,50,6925.297302,0.0
-50.0,50,6925.798138,0.0
-50.0,50,6926.288368,0.0
-50.0,50,6926.784284,0.0
-50.0,50,6927.283612,0.0
-50.0,50,6927.784373,0.0
-50.0,50,6928.276335,0.0
-50.0,50,6928.76707,0.0
-50.0,50,6929.259148,0.0
-50.0,50,6929.760731,0.0
-50.0,50,6930.254714,0.0
-50.0,50,6930.752947,0.0
-50.0,50,6931.243412,0.0
-50.0,50,6931.744377,0.0
-50.0,50,6932.234682,0.0
-50.0,50,6932.74552,0.0
-50.0,50,6933.243389,0.0
-50.0,50,6933.754842,0.0
-50.0,50,6934.247127,0.0
-50.0,50,6934.74359,0.0
-50.0,50,6935.244007,0.0
-50.0,50,6935.760261,0.0
-50.0,50,6936.259321,0.0
-50.0,50,6936.763304,0.0
-50.0,50,6937.253874,0.0
-50.0,50,6937.757347,0.0
-50.0,50,6938.248917,0.0
-50.0,50,6938.741746,0.0
-50.0,50,6939.236466,0.0
-50.0,50,6939.737767,0.0
-50.0,50,6940.227557,0.0
0.0,50,6940.709529,1.0
-50.0,50,6941.192045,0.0
-50.0,50,6941.687329,0.0
-50.0,50,6942.168972,0.0
-50.0,50,6942.651828,0.0
-50.0,50,6943.136935,0.0
0.0,50,6943.630435,1.0
-50.0,50,6944.131647,0.0
-50.0,50,6944.616497,0.0
-50.0,50,6945.113364,0.0
-50.0,50,6945.606503,0.0
-50.0,50,6946.103923,0.0
-50.0,50,6946.588318,0.0
-50.0,50,6947.082102,0.0
-50.0,50,6947.578008,0.0
-50.0,50,6948.072006,0.0
-50.0,50,6948.566886,0.0
-50.0,50,6949.057261,0.0
-50.0,50,6949.561612,0.0
0.0,50,6950.05283,1.0
-50.0,50,6950.536226,0.0
0.0,50,6951.036376,1.0
-50.0,50,6951.538517,0.0
-50.0,50,6952.021158,0.0
-50.0,50,6952.506856,0.0
-50.0,50,6952.998496,0.0
-50.0,50,6953.519772,0.0
-50.0,50,6954.010824,0.0
-50.0,50,6954.507338,0.0
-50.0,50,6955.008351,0.0
-50.0,50,6955.519655,0.0
-50.0,50,6956.009202,0.0
-50.0,50,6956.506515,0.0
0.0,50,6957.005665,1.0
-50.0,50,6957.518743,0.0
-50.0,50,6958.015069,0.0
-50.0,50,6958.513276,0.0
-50.0,50,6959.005429,0.0
0.0,50,6959.517428,1.0
-50.0,50,6960.010972,0.0
-50.0,50,6960.511487,0.0
-50.0,50,6961.013741,0.0
-50.0,50,6961.52067,0.0
-50.0,50,6962.014822,0.0
-50.0,50,6962.516791,0.0
-50.0,50,6963.015341,0.0
-50.0,50,6963.52223,0.0
-50.0,50,6964.017622,0.0
-50.0,50,6964.51348,0.0
-50.0,50,6965.017079,0.0
-50.0,50,6965.530386,0.0
-50.0,50,6966.028091,0.0
-50.0,50,6966.522038,0.0
-50.0,50,6967.018278,0.0
-50.0,50,6967.522457,0.0
0.0,50,6968.023495,1.0
-50.0,50,6968.518163,0.0
-50.0,50,6969.00971,0.0
-50.0,50,6969.51593,0.0
-50.0,50,6970.010149,0.0
-50.0,50,6970.504226,0.0
-50.0,50,6971.006338,0.0
-50.0,50,6971.520255,0.0
-50.0,50,6972.019809,0.0
-50.0,50,6972.51706,0.0
-50.0,50,6973.017625,0.0
-50.0,50,6973.533114,0.0
-50.0,50,6974.034049,0.0
-50.0,50,6974.533395,0.0
-50.0,50,6975.035506,0.0
-50.0,50,6975.540458,0.0
-50.0,50,6976.046769,0.0
-50.0,50,6976.548819,0.0
-50.0,50,6977.040044,0.0
-50.0,50,6977.552484,0.0
-50.0,50,6978.052406,0.0
-50.0,50,6978.550146,0.0
-50.0,50,6979.050253,0.0
-50.0,50,6979.548959,0.0
-50.0,50,6980.04609,0.0
-50.0,50,6980.544584,0.0
-50.0,50,6981.034698,0.0
-50.0,50,6981.557066,0.0
-50.0,50,6982.048319,0.0
-50.0,50,6982.548691,0.0
-50.0,50,6983.041073,0.0
0.0,50,6983.55044,1.0
0.0,50,6984.037561,1.0
0.0,50,6984.530816,1.0
-50.0,50,6985.030445,0.0
0.0,50,6985.541299,1.0
0.0,50,6986.043189,1.0
-50.0,50,6986.534715,0.0
-50.0,50,6987.026584,0.0
-50.0,50,6989.764235,0.0
-50.0,50,6990.256009,0.0
-50.0,50,6990.747941,0.0
-50.0,50,6991.241488,0.0
-50.0,50,6991.741546,0.0
-50.0,50,6992.241409,0.0
-50.0,50,6992.741292,0.0
-50.0,50,6993.233898,0.0
-50.0,50,6993.743153,0.0
-50.0,50,6994.232134,0.0
-50.0,50,6994.733767,0.0
-50.0,50,6995.224789,0.0
0.0,50,6995.725911,1.0
-50.0,50,6996.219551,0.0
-50.0,50,6996.710214,0.0
-50.0,50,6997.201347,0.0
-50.0,50,6997.707186,0.0
-50.0,50,6998.198416,0.0
-50.0,50,6998.691635,0.0
-50.0,50,6999.190475,0.0
-50.0,50,6999.702302,0.0
-50.0,50,7000.198708,0.0
-50.0,50,7000.704609,0.0
-50.0,50,7001.20413,0.0
-50.0,50,7001.715725,0.0
0.0,50,7002.21697,1.0
-50.0,50,7002.718697,0.0
-50.0,50,7003.216058,0.0
-50.0,50,7003.725193,0.0
-50.0,50,7004.226547,0.0
-50.0,50,7004.720096,0.0
-50.0,50,7005.219658,0.0
-50.0,50,7005.731491,0.0
-50.0,50,7006.22725,0.0
-50.0,50,7006.727404,0.0
-50.0,50,7007.225314,0.0
-50.0,50,7007.73148,0.0
-50.0,50,7008.231367,0.0
-50.0,50,7008.724276,0.0
-50.0,50,7009.22142,0.0
-50.0,50,7009.75187,0.0
-50.0,50,7010.254415,0.0
-50.0,50,7010.750489,0.0
-50.0,50,7011.249848,0.0
-50.0,50,7011.75811,0.0
-50.0,50,7012.252427,0.0
-50.0,50,7012.748337,0.0
-50.0,50,7013.241811,0.0
-50.0,50,7013.745769,0.0
-50.0,50,7014.240808,0.0
-50.0,50,7014.733407,0.0
-50.0,50,7015.230079,0.0
-50.0,50,7015.737129,0.0
-50.0,50,7016.24136,0.0
-50.0,50,7016.736135,0.0
-50.0,50,7017.236821,0.0
-50.0,50,7017.751318,0.0
-50.0,50,7018.254968,0.0
-50.0,50,7018.756754,0.0
-50.0,50,7019.25686,0.0
-50.0,50,7019.770926,0.0
-50.0,50,7020.277112,0.0
-50.0,50,7020.768996,0.0
-50.0,50,7021.259852,0.0
0.0,50,7021.77913,1.0
0.0,50,7022.279986,1.0
-50.0,50,7022.770491,0.0
-50.0,50,7023.274414,0.0
-50.0,50,7023.776811,0.0
0.0,50,7024.274617,1.0
-50.0,50,7024.76752,0.0
-50.0,50,7025.25759,0.0
-50.0,50,7025.764444,0.0
-50.0,50,7026.25086,0.0
-50.0,50,7026.738848,0.0
-50.0,50,7027.234085,0.0
-50.0,50,7027.735129,0.0
-50.0,50,7028.225681,0.0
-50.0,50,7028.715384,0.0
-50.0,50,7029.205366,0.0
-50.0,50,7029.715656,0.0
-50.0,50,7030.210171,0.0
-50.0,50,7030.70814,0.0
-50.0,50,7031.194812,0.0
-50.0,50,7031.706099,0.0
0.0,50,7032.205851,1.0
-50.0,50,7032.701568,0.0
-50.0,50,7033.190778,0.0
-50.0,50,7033.696152,0.0
-50.0,50,7034.193401,0.0
-50.0,50,7034.69262,0.0
-50.0,50,7035.17926,0.0
-50.0,50,7035.684647,0.0
-50.0,50,7036.185897,0.0
-50.0,50,7036.673841,0.0
-50.0,50,7037.165549,0.0
-50.0,50,7037.674654,0.0
-50.0,50,7038.164433,0.0
0.0,50,7038.664995,1.0
-50.0,50,7039.165932,0.0
-50.0,50,7039.667435,0.0
-50.0,50,7040.155803,0.0
-50.0,50,7040.645309,0.0
-50.0,50,7041.143996,0.0
-50.0,50,7041.64537,0.0
-50.0,50,7042.133706,0.0
-50.0,50,7042.631367,0.0
-50.0,50,7043.134922,0.0
-50.0,50,7043.64324,0.0
0.0,50,7044.130347,1.0
-50.0,50,7044.626293,0.0
-50.0,50,7045.122484,0.0
-50.0,50,7045.637022,0.0
-50.0,50,7046.148113,0.0
-50.0,50,7046.649553,0.0
-50.0,50,7047.167046,0.0
-50.0,50,7047.682869,0.0
-50.0,50,7048.183451,0.0
-50.0,50,7048.682525,0.0
-50.0,50,7049.185503,0.0
-50.0,50,7049.702504,0.0
-50.0,50,7050.203341,0.0
-50.0,50,7050.707205,0.0
-50.0,50,7051.206642,0.0
-50.0,50,7051.730066,0.0
-50.0,50,7052.227697,0.0
-50.0,50,7052.728443,0.0
-50.0,50,7053.230132,0.0
-50.0,50,7053.73952,0.0
-50.0,50,7054.241725,0.0
-50.0,50,7054.731576,0.0
-50.0,50,7055.224201,0.0
-50.0,50,7055.731171,0.0
-50.0,50,7056.22244,0.0
-50.0,50,7056.716541,0.0
0.0,50,7057.216413,1.0
-50.0,50,7057.728692,0.0
-50.0,50,7058.22436,0.0
-50.0,50,7058.72726,0.0
-50.0,50,7059.224829,0.0
-50.0,50,7059.729097,0.0
-50.0,50,7060.223785,0.0
-50.0,50,7060.716234,0.0
-50.0,50,7061.205503,0.0
-50.0,50,7061.714186,0.0
-50.0,50,7062.214595,0.0
-50.0,50,7062.713108,0.0
-50.0,50,7063.214818,0.0
-50.0,50,7063.724569,0.0
-50.0,50,7064.212638,0.0
-50.0,50,7064.712374,0.0
-50.0,50,7065.200961,0.0
-50.0,50,7065.711442,0.0
-50.0,50,7066.204952,0.0
0.0,50,7066.695265,1.0
-50.0,50,7067.193459,0.0
-50.0,50,7067.698471,0.0
-50.0,50,7068.196261,0.0
-50.0,50,7068.687534,0.0
-50.0,50,7069.188466,0.0
-50.0,50,7069.692245,0.0
-50.0,50,7070.184797,0.0
-50.0,50,7070.684064,0.0
-50.0,50,7071.183342,0.0
-50.0,50,7071.69403,0.0
-50.0,50,7072.185204,0.0
-50.0,50,7072.689053,0.0
-50.0,50,7073.189588,0.0
0.0,50,7073.714861,1.0
-50.0,50,7074.215347,0.0
-50.0,50,7074.706585,0.0
-50.0,50,7075.196655,0.0
-50.0,50,7075.699771,0.0
-50.0,50,7076.198006,0.0
-50.0,50,7076.7007,0.0
-50.0,50,7077.199701,0.0
-50.0,50,7077.720135,0.0
-50.0,50,7078.224125,0.0
-50.0,50,7078.726074,0.0
0.0,50,7079.22585,1.0
-50.0,50,7079.737447,0.0
0.0,50,7080.236888,1.0
-50.0,50,7080.733428,0.0
-50.0,50,7081.247105,0.0
-50.0,50,7081.759044,0.0
-50.0,50,7082.263914,0.0
-50.0,50,7082.762461,0.0
-50.0,50,7083.261744,0.0
-50.0,50,7083.760412,0.0
-50.0,50,7084.260509,0.0
-50.0,50,7084.759204,0.0
-50.0,50,7085.255071,0.0
0.0,50,7085.769916,1.0
0.0,50,7086.257595,1.0
-50.0,50,7086.755781,0.0
-50.0,50,7087.256363,0.0
-50.0,50,7087.761399,0.0
-50.0,50,7088.25002,0.0
-50.0,50,7088.738706,0.0
-50.0,50,7089.232687,0.0
-50.0,50,7092.059765,0.0
-50.0,50,7092.559415,0.0
0.0,50,7093.048191,1.0
-50.0,50,7093.538524,0.0
-50.0,50,7094.046678,0.0
-50.0,50,7094.547503,0.0
-50.0,50,7095.039522,0.0
-50.0,50,7095.52992,0.0
-50.0,50,7096.03401,0.0
-50.0,50,7096.527588,0.0
-50.0,50,7097.026577,0.0
-50.0,50,7097.525348,0.0
-50.0,50,7098.035015,0.0
-50.0,50,7098.537974,0.0
-50.0,50,7099.034803,0.0
-50.0,50,7099.528996,0.0
-50.0,50,7100.037459,0.0
-50.0,50,7100.530996,0.0
-50.0,50,7101.033509,0.0
-50.0,50,7101.530425,0.0
-50.0,50,7102.036402,0.0
-50.0,50,7102.541163,0.0
-50.0,50,7103.042413,0.0
-50.0,50,7103.533971,0.0
-50.0,50,7104.036518,0.0
-50.0,50,7104.527123,0.0
-50.0,50,7105.019569,0.0
-50.0,50,7105.518049,0.0
-50.0,50,7106.02568,0.0
-50.0,50,7106.516953,0.0
-50.0,50,7107.010093,0.0
-50.0,50,7107.504922,0.0
0.0,50,7108.046868,1.0
-50.0,50,7108.540201,0.0
-50.0,50,7109.042701,0.0
-50.0,50,7109.534206,0.0
-50.0,50,7110.03988,0.0
-50.0,50,7110.530309,0.0
-50.0,50,7111.023427,0.0
-50.0,50,7111.520467,0.0
-50.0,50,7112.040923,0.0
-50.0,50,7112.529622,0.0
-50.0,50,7113.023983,0.0
-50.0,50,7113.519952,0.0
-50.0,50,7114.029955,0.0
-50.0,50,7114.532045,0.0
-50.0,50,7115.018267,0.0
-50.0,50,7115.506866,0.0
-50.0,50,7116.017599,0.0
-50.0,50,7116.512476,0.0
-50.0,50,7117.015257,0.0
-50.0,50,7117.512609,0.0
-50.0,50,7118.02171,0.0
-50.0,50,7118.518975,0.0
-50.0,50,7119.020808,0.0
0.0,50,7119.5225,1.0
-50.0,50,7120.029728,0.0
-50.0,50,7120.535551,0.0
-50.0,50,7121.032598,0.0
-50.0,50,7121.53369,0.0
-50.0,50,7122.054313,0.0
0.0,50,7122.553631,1.0
-50.0,50,7123.05477,0.0
-50.0,50,7123.561822,0.0
-50.0,50,7124.084333,0.0
-50.0,50,7124.585793,0.0
-50.0,50,7125.084886,0.0
-50.0,50,7125.584729,0.0
-50.0,50,7126.0941,0.0
-50.0,50,7126.592362,0.0
-50.0,50,7127.090847,0.0
-50.0,50,7127.586727,0.0
-50.0,50,7128.098463,0.0
-50.0,50,7128.609334,0.0
-50.0,50,7129.112932,0.0
-50.0,50,7129.610903,0.0
-50.0,50,7130.126956,0.0
-50.0,50,7130.619862,0.0
-50.0,50,7131.116394,0.0
-50.0,50,7131.618924,0.0
-50.0,50,7132.122757,0.0
-50.0,50,7132.616418,0.0
-50.0,50,7133.111411,0.0
-50.0,50,7133.612598,0.0
-50.0,50,7134.125739,0.0
0.0,50,7134.632882,1.0
-50.0,50,7135.123109,0.0
-50.0,50,7135.62386,0.0
-50.0,50,7136.126541,0.0
-50.0,50,7136.615827,0.0
-50.0,50,7137.108398,0.0
-50.0,50,7137.600103,0.0
-50.0,50,7138.112913,0.0
-50.0,50,7138.604313,0.0
-50.0,50,7139.097564,0.0
0.0,50,7139.588655,1.0
-50.0,50,7140.092129,0.0
-50.0,50,7140.584003,0.0
-50.0,50,7141.074948,0.0
0.0,50,7141.569981,1.0
-50.0,50,7142.079451,0.0
-50.0,50,7142.569814,0.0
-50.0,50,7143.087148,0.0
-50.0,50,7143.576186,0.0
-50.0,50,7144.078655,0.0
-50.0,50,7144.569826,0.0
-50.0,50,7145.061765,0.0
-50.0,50,7145.556248,0.0
-50.0,50,7146.070284,0.0
-50.0,50,7146.561188,0.0
-50.0,50,7147.056947,0.0
-50.0,50,7147.549058,0.0
-50.0,50,7148.062412,0.0
-50.0,50,7148.558556,0.0
-50.0,50,7149.051637,0.0
0.0,50,7149.544612,1.0
-50.0,50,7150.048175,0.0
-50.0,50,7150.551338,0.0
-50.0,50,7151.068851,0.0
-50.0,50,7151.57338,0.0
-50.0,50,7152.083845,0.0
0.0,50,7152.590911,1.0
-50.0,50,7153.088857,0.0
-50.0,50,7153.60048,0.0
-50.0,50,7154.107706,0.0
-50.0,50,7154.607116,0.0
-50.0,50,7155.106618,0.0
0.0,50,7155.615843,1.0
-50.0,50,7156.123955,0.0
-50.0,50,7156.623542,0.0
-50.0,50,7157.121447,0.0
0.0,50,7157.624024,1.0
-50.0,50,7158.136165,0.0
0.0,50,7158.642052,1.0
-50.0,50,7159.141302,0.0
-50.0,50,7159.643099,0.0
-50.0,50,7160.152054,0.0
-50.0,50,7160.658968,0.0
0.0,50,7161.172449,1.0
-50.0,50,7161.674518,0.0
-50.0,50,7162.173932,0.0
-50.0,50,7162.662341,0.0
-50.0,50,7163.155358,0.0
-50.0,50,7163.645446,0.0
-50.0,50,7164.153904,0.0
-50.0,50,7164.641264,0.0
0.0,50,7165.143657,1.0
-50.0,50,7165.635391,0.0
-50.0,50,7166.137266,0.0
-50.0,50,7166.626815,0.0
-50.0,50,7167.126213,0.0
-50.0,50,7167.625926,0.0
-50.0,50,7168.128317,0.0
-50.0,50,7168.616826,0.0
-50.0,50,7169.105895,0.0
-50.0,50,7169.59255,0.0
-50.0,50,7170.096796,0.0
-50.0,50,7170.584668,0.0
-50.0,50,7171.072176,0.0
-50.0,50,7171.559526,0.0
-50.0,50,7172.068495,0.0
-50.0,50,7172.557135,0.0
-50.0,50,7173.048648,0.0
-50.0,50,7173.537827,0.0
-50.0,50,7174.039945,0.0
-50.0,50,7174.546598,0.0
-50.0,50,7175.039102,0.0
-50.0,50,7175.526869,0.0
-50.0,50,7176.034858,0.0
-50.0,50,7176.522416,0.0
0.0,50,7177.023624,1.0
0.0,50,7177.548975,1.0
-50.0,50,7178.050411,0.0
-50.0,50,7178.548405,0.0
0.0,50,7179.036036,1.0
-50.0,50,7179.53936,0.0
-50.0,50,7180.071354,0.0
-50.0,50,7180.587509,0.0
-50.0,50,7181.076416,0.0
-50.0,50,7181.581489,0.0
-50.0,50,7182.091211,0.0
-50.0,50,7182.580375,0.0
-50.0,50,7183.08107,0.0
-50.0,50,7183.581015,0.0
-50.0,50,7184.091058,0.0
-50.0,50,7184.577844,0.0
0.0,50,7185.077123,1.0
-50.0,50,7185.566328,0.0
-50.0,50,7186.078367,0.0
-50.0,50,7186.569085,0.0
-50.0,50,7187.058671,0.0
-50.0,50,7187.559154,0.0
-50.0,50,7188.061712,0.0
-50.0,50,7188.551535,0.0
-50.0,50,7189.05025,0.0
-50.0,50,7189.538509,0.0
-50.0,50,7190.041783,0.0
-50.0,50,7190.531371,0.0
-50.0,50,7191.020168,0.0
-50.0,50,7191.52592,0.0
-50.0,50,7194.288297,0.0
-50.0,50,7194.790614,0.0
0.0,50,7195.299556,1.0
-50.0,50,7195.790346,0.0
-50.0,50,7196.301253,0.0
-50.0,50,7196.791954,0.0
-50.0,50,7197.293356,0.0
0.0,50,7197.783067,1.0
0.0,50,7198.297306,1.0
-50.0,50,7198.799367,0.0
-50.0,50,7199.290128,0.0
-50.0,50,7199.78073,0.0
-50.0,50,7200.285188,0.0
-50.0,50,7200.790131,0.0
-50.0,50,7201.285654,0.0
-50.0,50,7201.781909,0.0
-50.0,50,7202.294863,0.0
-50.0,50,7202.794021,0.0
-50.0,50,7203.290133,0.0
-50.0,50,7203.791317,0.0
-50.0,50,7204.311379,0.0
-50.0,50,7204.808307,0.0
-50.0,50,7205.312654,0.0
-50.0,50,7205.824237,0.0
-50.0,50,7206.345637,0.0
-50.0,50,7206.855376,0.0
-50.0,50,7207.351329,0.0
-50.0,50,7207.853261,0.0
-50.0,50,7208.367129,0.0
-50.0,50,7208.866158,0.0
-50.0,50,7209.362423,0.0
-50.0,50,7209.863625,0.0
-50.0,50,7210.370087,0.0
-50.0,50,7210.872433,0.0
-50.0,50,7211.3754,0.0
-50.0,50,7211.878607,0.0
0.0,50,7212.385863,1.0
0.0,50,7212.876491,1.0
-50.0,50,7213.370101,0.0
-50.0,50,7213.872914,0.0
-50.0,50,7214.391195,0.0
-50.0,50,7214.893201,0.0
-50.0,50,7215.403502,0.0
-50.0,50,7215.897968,0.0
-50.0,50,7216.413358,0.0
-50.0,50,7216.920053,0.0
-50.0,50,7217.421113,0.0
-50.0,50,7217.922333,0.0
-50.0,50,7218.440623,0.0
-50.0,50,7218.940169,0.0
-50.0,50,7219.437065,0.0
-50.0,50,7219.947566,0.0
-50.0,50,7220.461576,0.0
-50.0,50,7220.96562,0.0
-50.0,50,7221.466486,0.0
-50.0,50,7221.97178,0.0
-50.0,50,7222.490194,0.0
-50.0,50,7222.997728,0.0
-50.0,50,7223.490905,0.0
-50.0,50,7223.994831,0.0
-50.0,50,7224.507535,0.0
-50.0,50,7225.008896,0.0
-50.0,50,7225.510888,0.0
-50.0,50,7226.019111,0.0
-50.0,50,7226.536534,0.0
-50.0,50,7227.033154,0.0
-50.0,50,7227.54012,0.0
-50.0,50,7228.038118,0.0
-50.0,50,7228.545142,0.0
0.0,50,7229.039437,1.0
-50.0,50,7229.539891,0.0
-50.0,50,7230.064056,0.0
-50.0,50,7230.575869,0.0
-50.0,50,7231.083865,0.0
-50.0,50,7231.583241,0.0
-50.0,50,7232.087486,0.0
-50.0,50,7232.604453,0.0
-50.0,50,7233.10556,0.0
-50.0,50,7233.607361,0.0
0.0,50,7234.101181,1.0
-50.0,50,7234.629179,0.0
-50.0,50,7235.138717,0.0
-50.0,50,7235.647029,0.0
-50.0,50,7236.139948,0.0
0.0,50,7236.644979,1.0
-50.0,50,7237.14355,0.0
-50.0,50,7237.643045,0.0
-50.0,50,7238.134499,0.0
-50.0,50,7238.647556,0.0
-50.0,50,7239.146085,0.0
-50.0,50,7239.64568,0.0
-50.0,50,7240.146682,0.0
-50.0,50,7240.659973,0.0
-50.0,50,7241.166058,0.0
-50.0,50,7241.661109,0.0
-50.0,50,7242.156092,0.0
-50.0,50,7242.667153,0.0
-50.0,50,7243.165074,0.0
-50.0,50,7243.665659,0.0
-50.0,50,7244.15907,0.0
0.0,50,7244.666154,1.0
-50.0,50,7245.16876,0.0
0.0,50,7245.669734,1.0
-50.0,50,7246.166307,0.0
-50.0,50,7246.678446,0.0
-50.0,50,7247.185439,0.0
-50.0,50,7247.681426,0.0
-50.0,50,7248.182777,0.0
-50.0,50,7248.69883,0.0
-50.0,50,7249.202807,0.0
-50.0,50,7249.705823,0.0
-50.0,50,7250.206789,0.0
-50.0,50,7250.737562,0.0
-50.0,50,7251.234616,0.0
-50.0,50,7251.742344,0.0
-50.0,50,7252.240673,0.0
-50.0,50,7252.745559,0.0
-50.0,50,7253.248381,0.0
-50.0,50,7253.754039,0.0
0.0,50,7254.256325,1.0
-50.0,50,7254.77577,0.0
-50.0,50,7255.276645,0.0
-50.0,50,7255.780859,0.0
-50.0,50,7256.283828,0.0
-50.0,50,7256.798315,0.0
-50.0,50,7257.298316,0.0
-50.0,50,7257.804464,0.0
-50.0,50,7258.308749,0.0
-50.0,50,7258.820711,0.0
-50.0,50,7259.326891,0.0
-50.0,50,7259.838202,0.0
-50.0,50,7260.346495,0.0
-50.0,50,7260.860442,0.0
-50.0,50,7261.36583,0.0
-50.0,50,7261.867813,0.0
-50.0,50,7262.3727,0.0
-50.0,50,7262.887845,0.0
-50.0,50,7263.386785,0.0
-50.0,50,7263.885579,0.0
-50.0,50,7264.385187,0.0
-50.0,50,7264.90661,0.0
0.0,50,7265.401251,1.0
-50.0,50,7265.914819,0.0
-50.0,50,7266.419415,0.0
-50.0,50,7266.943063,0.0
-50.0,50,7267.445782,0.0
-50.0,50,7267.951298,0.0
-50.0,50,7268.456964,0.0
-50.0,50,7268.971197,0.0
-50.0,50,7269.478846,0.0
-50.0,50,7269.981599,0.0
-50.0,50,7270.482719,0.0
-50.0,50,7270.996378,0.0
-50.0,50,7271.503698,0.0
-50.0,50,7272.003255,0.0
-50.0,50,7272.503326,0.0
0.0,50,7273.010865,1.0
0.0,50,7273.507152,1.0
-50.0,50,7274.005385,0.0
-50.0,50,7274.509832,0.0
0.0,50,7275.029851,1.0
-50.0,50,7275.536334,0.0
0.0,50,7276.032127,1.0
-50.0,50,7276.533336,0.0
-50.0,50,7277.053032,0.0
-50.0,50,7277.552686,0.0
-50.0,50,7278.054951,0.0
-50.0,50,7278.551584,0.0
-50.0,50,7279.066921,0.0
-50.0,50,7279.574922,0.0
-50.0,50,7280.081108,0.0
-50.0,50,7280.579315,0.0
-50.0,50,7281.093454,0.0
-50.0,50,7281.598492,0.0
-50.0,50,7282.090164,0.0
-50.0,50,7282.591163,0.0
-50.0,50,7283.105417,0.0
-50.0,50,7283.603628,0.0
-50.0,50,7284.117993,0.0
-50.0,50,7284.617999,0.0
-50.0,50,7285.122209,0.0
-50.0,50,7285.625854,0.0
-50.0,50,7286.12907,0.0
-50.0,50,7286.624227,0.0
-50.0,50,7287.138185,0.0
-50.0,50,7287.635961,0.0
-50.0,50,7288.130801,0.0
-50.0,50,7288.622565,0.0
-50.0,50,7289.128229,0.0
-50.0,50,7289.62835,0.0
0.0,50,7290.128427,1.0
-50.0,50,7290.619076,0.0
-50.0,50,7291.139526,0.0
-50.0,50,7291.641797,0.0
-50.0,50,7292.142002,0.0
-50.0,50,7292.636139,0.0
-50.0,50,7293.148479,0.0
-50.0,50,7293.649453,0.0
-50.0,50,7294.148758,0.0
-50.0,50,7294.645305,0.0
-50.0,50,7297.437377,0.0
-50.0,50,7297.938398,0.0
-50.0,50,7298.442569,0.0
-50.0,50,7298.944576,0.0
-50.0,50,7299.455232,0.0
-50.0,50,7299.952245,0.0
-50.0,50,7300.459063,0.0
0.0,50,7300.963197,1.0
-50.0,50,7301.475393,0.0
-50.0,50,7301.976482,0.0
0.0,50,7302.477557,1.0
-50.0,50,7302.989039,0.0
-50.0,50,7303.501489,0.0
-50.0,50,7303.998193,0.0
-50.0,50,7304.496269,0.0
-50.0,50,7305.006073,0.0
-50.0,50,7305.513417,0.0
-50.0,50,7306.010117,0.0
-50.0,50,7306.508372,0.0
-50.0,50,7307.006534,0.0
-50.0,50,7307.519158,0.0
-50.0,50,7308.014355,0.0
0.0,50,7308.516179,1.0
-50.0,50,7309.024975,0.0
-50.0,50,7309.538459,0.0
-50.0,50,7310.046106,0.0
-50.0,50,7310.539036,0.0
-50.0,50,7311.038565,0.0
-50.0,50,7311.545277,0.0
-50.0,50,7312.035914,0.0
-50.0,50,7312.539804,0.0
-50.0,50,7313.039206,0.0
-50.0,50,7313.554602,0.0
-50.0,50,7314.054498,0.0
-50.0,50,7314.547167,0.0
-50.0,50,7315.047105,0.0
-50.0,50,7315.558373,0.0
-50.0,50,7316.057643,0.0
0.0,50,7316.546202,1.0
-50.0,50,7317.048648,0.0
-50.0,50,7317.560886,0.0
-50.0,50,7318.060928,0.0
0.0,50,7318.550371,1.0
0.0,50,7319.042071,1.0
-50.0,50,7319.553431,0.0
-50.0,50,7320.049807,0.0
-50.0,50,7320.539402,0.0
-50.0,50,7321.041636,0.0
-50.0,50,7321.553499,0.0
0.0,50,7322.047179,1.0
-50.0,50,7322.546468,0.0
-50.0,50,7323.037302,0.0
-50.0,50,7323.549236,0.0
-50.0,50,7324.048522,0.0
0.0,50,7324.536298,1.0
-50.0,50,7325.026291,0.0
-50.0,50,7325.530187,0.0
0.0,50,7326.022379,1.0
-50.0,50,7326.514457,0.0
-50.0,50,7327.012751,0.0
-50.0,50,7327.531866,0.0
-50.0,50,7328.019092,0.0
-50.0,50,7328.509254,0.0
-50.0,50,7329.005682,0.0
-50.0,50,7329.517721,0.0
-50.0,50,7330.008197,0.0
-50.0,50,7330.498373,0.0
-50.0,50,7330.995845,0.0
-50.0,50,7331.515312,0.0
-50.0,50,7332.013412,0.0
-50.0,50,7332.518132,0.0
-50.0,50,7333.023484,0.0
-50.0,50,7333.547872,0.0
-50.0,50,7334.049745,0.0
-50.0,50,7334.535392,0.0
-50.0,50,7335.035533,0.0
-50.0,50,7335.547917,0.0
-50.0,50,7336.047659,0.0
-50.0,50,7336.5461,0.0
-50.0,50,7337.050534,0.0
-50.0,50,7337.561532,0.0
-50.0,50,7338.063813,0.0
-50.0,50,7338.562593,0.0
-50.0,50,7339.063651,0.0
-50.0,50,7339.572678,0.0
-50.0,50,7340.072352,0.0
-50.0,50,7340.573543,0.0
-50.0,50,7341.065346,0.0
-50.0,50,7341.582343,0.0
-50.0,50,7342.082976,0.0
-50.0,50,7342.584725,0.0
-50.0,50,7343.089101,0.0
-50.0,50,7343.594261,0.0
-50.0,50,7344.095973,0.0
-50.0,50,7344.593811,0.0
-50.0,50,7345.092783,0.0
-50.0,50,7345.605983,0.0
-50.0,50,7346.104954,0.0
-50.0,50,7346.605665,0.0
-50.0,50,7347.106688,0.0
-50.0,50,7347.609336,0.0
-50.0,50,7348.112072,0.0
-50.0,50,7348.612146,0.0
-50.0,50,7349.104927,0.0
-50.0,50,7349.617756,0.0
-50.0,50,7350.117938,0.0
-50.0,50,7350.618491,0.0
-50.0,50,7351.120406,0.0
-50.0,50,7351.633401,0.0
-50.0,50,7352.13057,0.0
-50.0,50,7352.632008,0.0
-50.0,50,7353.134232,0.0
-50.0,50,7353.650179,0.0
-50.0,50,7354.15414,0.0
-50.0,50,7354.656559,0.0
-50.0,50,7355.161418,0.0
-50.0,50,7355.681648,0.0
-50.0,50,7356.178722,0.0
-50.0,50,7356.683196,0.0
-50.0,50,7357.188194,0.0
-50.0,50,7357.703774,0.0
-50.0,50,7358.204535,0.0
-50.0,50,7358.705463,0.0
-50.0,50,7359.1952,0.0
-50.0,50,7359.720575,0.0
-50.0,50,7360.221611,0.0
-50.0,50,7360.726949,0.0
-50.0,50,7361.226587,0.0
-50.0,50,7361.748836,0.0
-50.0,50,7362.256945,0.0
-50.0,50,7362.758363,0.0
-50.0,50,7363.253731,0.0
-50.0,50,7363.767416,0.0
-50.0,50,7364.267101,0.0
-50.0,50,7364.768928,0.0
-50.0,50,7365.272721,0.0
-50.0,50,7365.786763,0.0
-50.0,50,7366.285087,0.0
-50.0,50,7366.786812,0.0
-50.0,50,7367.286253,0.0
-50.0,50,7367.803091,0.0
-50.0,50,7368.306233,0.0
0.0,50,7368.808599,1.0
-50.0,50,7369.30904,0.0
-50.0,50,7369.823308,0.0
-50.0,50,7370.331435,0.0
0.0,50,7370.824574,1.0
-50.0,50,7371.342774,0.0
-50.0,50,7371.857538,0.0
-50.0,50,7372.356451,0.0
-50.0,50,7372.859152,0.0
-50.0,50,7373.357372,0.0
-50.0,50,7373.871722,0.0
-50.0,50,7374.374205,0.0
-50.0,50,7374.880923,0.0
-50.0,50,7375.378057,0.0
-50.0,50,7375.885638,0.0
-50.0,50,7376.399267,0.0
-50.0,50,7376.892874,0.0
-50.0,50,7377.383916,0.0
-50.0,50,7377.893058,0.0
-50.0,50,7378.391202,0.0
-50.0,50,7378.888229,0.0
-50.0,50,7379.38721,0.0
-50.0,50,7379.896496,0.0
-50.0,50,7380.398716,0.0
0.0,50,7380.884706,1.0
0.0,50,7381.373717,1.0
-50.0,50,7381.878751,0.0
-50.0,50,7382.376479,0.0
-50.0,50,7382.864919,0.0
-50.0,50,7383.364672,0.0
-50.0,50,7383.877299,0.0
-50.0,50,7384.37312,0.0
-50.0,50,7384.865978,0.0
-50.0,50,7385.367054,0.0
-50.0,50,7385.883774,0.0
-50.0,50,7386.384299,0.0
-50.0,50,7386.893098,0.0
-50.0,50,7387.382748,0.0
-50.0,50,7387.899846,0.0
-50.0,50,7388.396915,0.0
-50.0,50,7388.887444,0.0
-50.0,50,7389.389026,0.0
-50.0,50,7389.892982,0.0
-50.0,50,7390.390262,0.0
0.0,50,7390.890317,1.0
-50.0,50,7391.384842,0.0
0.0,50,7391.893791,1.0
-50.0,50,7392.384197,0.0
-50.0,50,7392.879708,0.0
-50.0,50,7393.371918,0.0
-50.0,50,7393.882818,0.0
-50.0,50,7394.373826,0.0
-50.0,50,7394.87253,0.0
-50.0,50,7395.37471,0.0
-50.0,50,7395.888516,0.0
-50.0,50,7396.388775,0.0
-50.0,50,7396.888608,0.0
-50.0,50,7397.386071,0.0
-50.0,50,7400.198233,0.0
-50.0,50,7400.699647,0.0
-50.0,50,7401.198045,0.0
-50.0,50,7401.693874,0.0
-50.0,50,7402.209299,0.0
-50.0,50,7402.715891,0.0
-50.0,50,7403.208714,0.0
-50.0,50,7403.70117,0.0
-50.0,50,7404.214028,0.0
-50.0,50,7404.715195,0.0
-50.0,50,7405.218101,0.0
-50.0,50,7405.718227,0.0
-50.0,50,7406.22348,0.0
-50.0,50,7406.713115,0.0
-50.0,50,7407.21561,0.0
-50.0,50,7407.718061,0.0
-50.0,50,7408.226326,0.0
-50.0,50,7408.73813,0.0
-50.0,50,7409.243772,0.0
-50.0,50,7409.747318,0.0
-50.0,50,7410.264212,0.0
-50.0,50,7410.76924,0.0
-50.0,50,7411.258067,0.0
-50.0,50,7411.758956,0.0
-50.0,50,7412.278188,0.0
-50.0,50,7412.780762,0.0
-50.0,50,7413.271591,0.0
-50.0,50,7413.764465,0.0
-50.0,50,7414.268909,0.0
-50.0,50,7414.769365,0.0
0.0,50,7415.267557,1.0
-50.0,50,7415.766543,0.0
-50.0,50,7416.285559,0.0
-50.0,50,7416.775885,0.0
-50.0,50,7417.27597,0.0
-50.0,50,7417.774253,0.0
-50.0,50,7418.275183,0.0
-50.0,50,7418.782357,0.0
-50.0,50,7419.283349,0.0
-50.0,50,7419.781753,0.0
-50.0,50,7420.295676,0.0
-50.0,50,7420.800651,0.0
-50.0,50,7421.302303,0.0
-50.0,50,7421.792297,0.0
-50.0,50,7422.293485,0.0
-50.0,50,7422.783509,0.0
-50.0,50,7423.284372,0.0
-50.0,50,7423.774389,0.0
-50.0,50,7424.275551,0.0
-50.0,50,7424.763905,0.0
-50.0,50,7425.269819,0.0
-50.0,50,7425.762431,0.0
-50.0,50,7426.281602,0.0
-50.0,50,7426.788872,0.0
-50.0,50,7427.292659,0.0
-50.0,50,7427.793505,0.0
0.0,50,7428.30564,1.0
-50.0,50,7428.795926,0.0
-50.0,50,7429.301317,0.0
-50.0,50,7429.794938,0.0
-50.0,50,7430.309524,0.0
-50.0,50,7430.807405,0.0
-50.0,50,7431.301651,0.0
-50.0,50,7431.793322,0.0
0.0,50,7432.300155,1.0
-50.0,50,7432.788422,0.0
-50.0,50,7433.286355,0.0
-50.0,50,7433.776193,0.0
-50.0,50,7434.294414,0.0
-50.0,50,7434.79813,0.0
-50.0,50,7435.298314,0.0
-50.0,50,7435.798355,0.0
-50.0,50,7436.312135,0.0
-50.0,50,7436.801937,0.0
-50.0,50,7437.290998,0.0
-50.0,50,7437.781451,0.0
-50.0,50,7438.284695,0.0
-50.0,50,7438.776486,0.0
-50.0,50,7439.278299,0.0
-50.0,50,7439.769341,0.0
-50.0,50,7440.272561,0.0
-50.0,50,7440.780743,0.0
-50.0,50,7441.283213,0.0
0.0,50,7441.771847,1.0
0.0,50,7442.273578,1.0
-50.0,50,7442.768031,0.0
-50.0,50,7443.267598,0.0
-50.0,50,7443.765728,0.0
-50.0,50,7444.276392,0.0
0.0,50,7444.770729,1.0
-50.0,50,7445.272108,0.0
-50.0,50,7445.772712,0.0
-50.0,50,7446.276098,0.0
-50.0,50,7446.774998,0.0
0.0,50,7447.276051,1.0
-50.0,50,7447.782121,0.0
-50.0,50,7448.282635,0.0
-50.0,50,7448.782427,0.0
-50.0,50,7449.291244,0.0
-50.0,50,7449.791203,0.0
-50.0,50,7450.296187,0.0
-50.0,50,7450.796163,0.0
-50.0,50,7451.281889,0.0
-50.0,50,7451.769812,0.0
-50.0,50,7452.283365,0.0
-50.0,50,7452.772108,0.0
-50.0,50,7453.268832,0.0
-50.0,50,7453.764528,0.0
-50.0,50,7454.273321,0.0
-50.0,50,7454.761824,0.0
-50.0,50,7455.2686,0.0
-50.0,50,7455.769367,0.0
-50.0,50,7456.286982,0.0
-50.0,50,7456.784021,0.0
-50.0,50,7457.272434,0.0
-50.0,50,7457.761217,0.0
-50.0,50,7458.272732,0.0
-50.0,50,7458.761763,0.0
-50.0,50,7459.257056,0.0
-50.0,50,7459.744744,0.0
-50.0,50,7460.240356,0.0
-50.0,50,7460.740468,0.0
-50.0,50,7461.23867,0.0
-50.0,50,7461.744969,0.0
-50.0,50,7462.257242,0.0
-50.0,50,7462.75904,0.0
-50.0,50,7463.25134,0.0
-50.0,50,7463.748206,0.0
-50.0,50,7464.26009,0.0
-50.0,50,7464.750037,0.0
-50.0,50,7465.251843,0.0
-50.0,50,7465.750145,0.0
-50.0,50,7466.258783,0.0
-50.0,50,7466.748338,0.0
-50.0,50,7467.237293,0.0
-50.0,50,7467.737578,0.0
-50.0,50,7468.243341,0.0
-50.0,50,7468.757715,0.0
-50.0,50,7469.245295,0.0
-50.0,50,7469.747861,0.0
-50.0,50,7470.272984,0.0
-50.0,50,7470.761554,0.0
-50.0,50,7471.266765,0.0
-50.0,50,7471.773267,0.0
0.0,50,7472.285203,1.0
-50.0,50,7472.7781,0.0
-50.0,50,7473.277727,0.0
-50.0,50,7473.766758,0.0
-50.0,50,7474.280292,0.0
-50.0,50,7474.781012,0.0
-50.0,50,7475.280523,0.0
-50.0,50,7475.775104,0.0
-50.0,50,7476.280161,0.0
-50.0,50,7476.779413,0.0
-50.0,50,7477.267082,0.0
-50.0,50,7477.754937,0.0
-50.0,50,7478.261269,0.0
-50.0,50,7478.762141,0.0
-50.0,50,7479.266248,0.0
-50.0,50,7479.764627,0.0
-50.0,50,7480.264754,0.0
-50.0,50,7480.764007,0.0
-50.0,50,7481.25292,0.0
-50.0,50,7481.759659,0.0
0.0,50,7482.260634,1.0
-50.0,50,7482.759863,0.0
-50.0,50,7483.253076,0.0
-50.0,50,7483.742396,0.0
-50.0,50,7484.252502,0.0
0.0,50,7484.751573,1.0
-50.0,50,7485.249395,0.0
0.0,50,7485.737313,1.0
-50.0,50,7486.25214,0.0
-50.0,50,7486.750628,0.0
-50.0,50,7487.25103,0.0
-50.0,50,7487.749069,0.0
-50.0,50,7488.261838,0.0
0.0,50,7488.760191,1.0
-50.0,50,7489.259445,0.0
-50.0,50,7489.769788,0.0
-50.0,50,7490.271419,0.0
-50.0,50,7490.769293,0.0
-50.0,50,7491.263302,0.0
-50.0,50,7491.762285,0.0
-50.0,50,7492.271002,0.0
-50.0,50,7492.778317,0.0
-50.0,50,7493.279598,0.0
-50.0,50,7493.783122,0.0
-50.0,50,7494.299061,0.0
-50.0,50,7494.79828,0.0
-50.0,50,7495.298887,0.0
-50.0,50,7495.796944,0.0
-50.0,50,7496.307209,0.0
-50.0,50,7496.807147,0.0
-50.0,50,7497.312277,0.0
-50.0,50,7497.811558,0.0
-50.0,50,7498.328972,0.0
-50.0,50,7498.83196,0.0
-50.0,50,7499.330007,0.0
0.0,50,7499.832019,1.0
-50.0,50,7502.726339,0.0
0.0,50,7503.220997,1.0
-50.0,50,7503.727797,0.0
-50.0,50,7504.230608,0.0
-50.0,50,7504.751941,0.0
-50.0,50,7505.259626,0.0
-50.0,50,7505.766701,0.0
0.0,50,7506.267049,1.0
-50.0,50,7506.780713,0.0
-50.0,50,7507.284309,0.0
0.0,50,7507.787578,1.0
-50.0,50,7508.290695,0.0
-50.0,50,7508.804638,0.0
-50.0,50,7509.305682,0.0
-50.0,50,7509.808402,0.0
-50.0,50,7510.313138,0.0
-50.0,50,7510.827769,0.0
-50.0,50,7511.326159,0.0
0.0,50,7511.837679,1.0
-50.0,50,7512.341688,0.0
-50.0,50,7512.859628,0.0
-50.0,50,7513.376094,0.0
-50.0,50,7513.877142,0.0
-50.0,50,7514.382961,0.0
-50.0,50,7514.895881,0.0
-50.0,50,7515.403745,0.0
-50.0,50,7515.907182,0.0
-50.0,50,7516.416291,0.0
-50.0,50,7516.935307,0.0
-50.0,50,7517.442743,0.0
-50.0,50,7517.94856,0.0
-50.0,50,7518.447186,0.0
-50.0,50,7518.963206,0.0
-50.0,50,7519.462165,0.0
0.0,50,7519.962301,1.0
-50.0,50,7520.459305,0.0
0.0,50,7520.979162,1.0
-50.0,50,7521.488293,0.0
-50.0,50,7521.987102,0.0
-50.0,50,7522.492684,0.0
-50.0,50,7523.006182,0.0
-50.0,50,7523.507942,0.0
0.0,50,7524.008216,1.0
-50.0,50,7524.509655,0.0
-50.0,50,7525.018292,0.0
-50.0,50,7525.524953,0.0
-50.0,50,7526.024733,0.0
-50.0,50,7526.528986,0.0
-50.0,50,7527.035329,0.0
-50.0,50,7527.538422,0.0
0.0,50,7528.038154,1.0
-50.0,50,7528.539608,0.0
-50.0,50,7529.050441,0.0
-50.0,50,7529.553326,0.0
-50.0,50,7530.054675,0.0
-50.0,50,7530.556241,0.0
-50.0,50,7531.071244,0.0
-50.0,50,7531.572672,0.0
-50.0,50,7532.07455,0.0
-50.0,50,7532.577597,0.0
-50.0,50,7533.089704,0.0
-50.0,50,7533.584181,0.0
-50.0,50,7534.085405,0.0
0.0,50,7534.576303,1.0
-50.0,50,7535.090263,0.0
0.0,50,7535.589724,1.0
-50.0,50,7536.091181,0.0
-50.0,50,7536.591382,0.0
-50.0,50,7537.106268,0.0
-50.0,50,7537.606669,0.0
-50.0,50,7538.10566,0.0
-50.0,50,7538.602059,0.0
-50.0,50,7539.117911,0.0
-50.0,50,7539.619215,0.0
-50.0,50,7540.12187,0.0
-50.0,50,7540.616652,0.0
-50.0,50,7541.128476,0.0
-50.0,50,7541.628692,0.0
-50.0,50,7542.133584,0.0
-50.0,50,7542.634616,0.0
-50.0,50,7543.148319,0.0
0.0,50,7543.655411,1.0
-50.0,50,7544.152445,0.0
-50.0,50,7544.656383,0.0
-50.0,50,7545.165557,0.0
-50.0,50,7545.662792,0.0
-50.0,50,7546.171752,0.0
-50.0,50,7546.675764,0.0
0.0,50,7547.185677,1.0
-50.0,50,7547.688022,0.0
-50.0,50,7548.180587,0.0
-50.0,50,7548.685719,0.0
-50.0,50,7549.198774,0.0
-50.0,50,7549.69516,0.0
-50.0,50,7550.198189,0.0
-50.0,50,7550.697938,0.0
0.0,50,7551.215059,1.0
-50.0,50,7551.71039,0.0
-50.0,50,7552.199749,0.0
-50.0,50,7552.698775,0.0
-50.0,50,7553.216048,0.0
-50.0,50,7553.721239,0.0
-50.0,50,7554.221296,0.0
-50.0,50,7554.720173,0.0
-50.0,50,7555.233577,0.0
-50.0,50,7555.740767,0.0
-50.0,50,7556.24656,0.0
-50.0,50,7556.750164,0.0
-50.0,50,7557.258002,0.0
-50.0,50,7557.755036,0.0
-50.0,50,7558.259722,0.0
-50.0,50,7558.756095,0.0
-50.0,50,7559.27152,0.0
-50.0,50,7559.772268,0.0
-50.0,50,7560.279763,0.0
-50.0,50,7560.789609,0.0
-50.0,50,7561.303812,0.0
-50.0,50,7561.811977,0.0
-50.0,50,7562.316461,0.0
-50.0,50,7562.819332,0.0
-50.0,50,7563.337731,0.0
-50.0,50,7563.834775,0.0
-50.0,50,7564.343086,0.0
-50.0,50,7564.837552,0.0
-50.0,50,7565.349642,0.0
-50.0,50,7565.855872,0.0
-50.0,50,7566.356621,0.0
-50.0,50,7566.865927,0.0
-50.0,50,7567.372347,0.0
-50.0,50,7567.870802,0.0
-50.0,50,7568.373851,0.0
-50.0,50,7568.876256,0.0
-50.0,50,7569.389671,0.0
-50.0,50,7569.881114,0.0
-50.0,50,7570.37571,0.0
-50.0,50,7570.879843,0.0
-50.0,50,7571.384051,0.0
0.0,50,7571.883291,1.0
-50.0,50,7572.374131,0.0
0.0,50,7572.875665,1.0
-50.0,50,7573.378975,0.0
-50.0,50,7573.873347,0.0
-50.0,50,7574.368137,0.0
-50.0,50,7574.868605,0.0
-50.0,50,7575.385391,0.0
-50.0,50,7575.88126,0.0
-50.0,50,7576.377701,0.0
-50.0,50,7576.879474,0.0
-50.0,50,7577.381452,0.0
-50.0,50,7577.882779,0.0
-50.0,50,7578.37418,0.0
-50.0,50,7578.87491,0.0
-50.0,50,7579.388858,0.0
-50.0,50,7579.888723,0.0
0.0,50,7580.389684,1.0
-50.0,50,7580.88958,0.0
-50.0,50,7581.398434,0.0
-50.0,50,7581.902595,0.0
-50.0,50,7582.403724,0.0
-50.0,50,7582.903577,0.0
-50.0,50,7583.417026,0.0
-50.0,50,7583.917506,0.0
-50.0,50,7584.403058,0.0
-50.0,50,7584.888028,0.0
0.0,50,7585.398639,1.0
-50.0,50,7585.898582,0.0
-50.0,50,7586.394255,0.0
-50.0,50,7586.894195,0.0
-50.0,50,7587.406571,0.0
-50.0,50,7587.903833,0.0
0.0,50,7588.403478,1.0
-50.0,50,7588.891397,0.0
-50.0,50,7589.388664,0.0
-50.0,50,7589.880458,0.0
-50.0,50,7590.390485,0.0
-50.0,50,7590.8886,0.0
-50.0,50,7591.399728,0.0
-50.0,50,7591.887366,0.0
-50.0,50,7592.382004,0.0
-50.0,50,7592.869568,0.0
-50.0,50,7593.378503,0.0
-50.0,50,7593.879745,0.0
-50.0,50,7594.368834,0.0
-50.0,50,7594.862872,0.0
-50.0,50,7595.358305,0.0
-50.0,50,7595.858484,0.0
-50.0,50,7596.353487,0.0
-50.0,50,7596.84896,0.0
-50.0,50,7597.360694,0.0
-50.0,50,7597.837073,0.0
-50.0,50,7598.287859,0.0
-50.0,50,7598.752608,0.0
-50.0,50,7599.225379,0.0
-50.0,50,7599.716086,0.0
-50.0,50,7600.777254,0.0
0.0,50,7601.83861,1.0
-50.0,50,7602.957853,0.0
-50.0,50,7604.03489,0.0
0.0,50,7605.159407,1.0
-50.0,50,7606.247419,0.0
-50.0,50,7612.888218,0.0
-50.0,50,7613.997299,0.0
-50.0,50,7615.081574,0.0
-50.0,50,7615.608207,0.0
-50.0,50,7616.11882,0.0
-50.0,50,7616.621548,0.0
-50.0,50,7617.125166,0.0
-50.0,50,7617.624493,0.0
-50.0,50,7618.137204,0.0
-50.0,50,7618.634961,0.0
-50.0,50,7619.121618,0.0
-50.0,50,7619.617713,0.0
-50.0,50,7620.13089,0.0
-50.0,50,7620.625366,0.0
-50.0,50,7621.121647,0.0
-50.0,50,7621.622572,0.0
-50.0,50,7622.117894,0.0
-50.0,50,7622.617628,0.0
-50.0,50,7623.101886,0.0
-50.0,50,7623.591696,0.0
-50.0,50,7624.09269,0.0
-50.0,50,7624.591822,0.0
-50.0,50,7625.078471,0.0
-50.0,50,7625.568809,0.0
0.0,50,7626.076511,1.0
-50.0,50,7626.574639,0.0
-50.0,50,7627.071956,0.0
-50.0,50,7627.561019,0.0
0.0,50,7628.07123,1.0
0.0,50,7628.57176,1.0
-50.0,50,7629.061143,0.0
-50.0,50,7629.566061,0.0
-50.0,50,7630.079445,0.0
-50.0,50,7630.568642,0.0
-50.0,50,7631.068682,0.0
-50.0,50,7631.556732,0.0
-50.0,50,7632.072239,0.0
-50.0,50,7632.56878,0.0
-50.0,50,7633.070482,0.0
-50.0,50,7633.565293,0.0
-50.0,50,7634.056848,0.0
-50.0,50,7634.555647,0.0
-50.0,50,7635.042073,0.0
-50.0,50,7635.524574,0.0
-50.0,50,7636.040116,0.0
-50.0,50,7636.545081,0.0
-50.0,50,7637.035197,0.0
-50.0,50,7637.527779,0.0
-50.0,50,7638.029554,0.0
-50.0,50,7638.526899,0.0
-50.0,50,7639.037506,0.0
0.0,50,7639.527048,1.0
-50.0,50,7640.042065,0.0
-50.0,50,7640.542653,0.0
-50.0,50,7641.042521,0.0
-50.0,50,7641.544536,0.0
-50.0,50,7642.05248,0.0
-50.0,50,7642.540445,0.0
-50.0,50,7643.044138,0.0
-50.0,50,7643.534967,0.0
-50.0,50,7644.047958,0.0
-50.0,50,7644.545378,0.0
-50.0,50,7645.0397,0.0
-50.0,50,7645.528759,0.0
-50.0,50,7646.037138,0.0
-50.0,50,7646.533365,0.0
-50.0,50,7647.030579,0.0
-50.0,50,7647.519765,0.0
-50.0,50,7648.024986,0.0
-50.0,50,7648.523837,0.0
-50.0,50,7649.024879,0.0
-50.0,50,7649.522891,0.0
-50.0,50,7650.031708,0.0
-50.0,50,7650.53213,0.0
-50.0,50,7651.032654,0.0
-50.0,50,7651.533586,0.0
-50.0,50,7652.0468,0.0
-50.0,50,7652.537703,0.0
-50.0,50,7653.036193,0.0
-50.0,50,7653.539102,0.0
-50.0,50,7654.044846,0.0
-50.0,50,7654.543465,0.0
-50.0,50,7655.039412,0.0
-50.0,50,7655.532538,0.0
-50.0,50,7656.040786,0.0
-50.0,50,7656.547887,0.0
-50.0,50,7657.049474,0.0
-50.0,50,7657.55545,0.0
-50.0,50,7658.072633,0.0
-50.0,50,7658.587464,0.0
-50.0,50,7659.079121,0.0
-50.0,50,7659.571642,0.0
-50.0,50,7660.075329,0.0
-50.0,50,7660.570518,0.0
-50.0,50,7661.073305,0.0
-50.0,50,7661.566754,0.0
-50.0,50,7662.082268,0.0
-50.0,50,7662.57736,0.0
-50.0,50,7663.073474,0.0
-50.0,50,7663.578273,0.0
-50.0,50,7664.101634,0.0
-50.0,50,7664.600035,0.0
-50.0,50,7665.099655,0.0
-50.0,50,7665.608235,0.0
-50.0,50,7666.128217,0.0
-50.0,50,7666.632974,0.0
0.0,50,7667.139555,1.0
-50.0,50,7667.647432,0.0
-50.0,50,7668.156471,0.0
-50.0,50,7668.661743,0.0
-50.0,50,7669.165073,0.0
-50.0,50,7669.666636,0.0
-50.0,50,7670.181152,0.0
-50.0,50,7670.677594,0.0
0.0,50,7671.177335,1.0
-50.0,50,7671.675697,0.0
-50.0,50,7672.202178,0.0
-50.0,50,7672.703326,0.0
-50.0,50,7673.200542,0.0
-50.0,50,7673.698993,0.0
-50.0,50,7674.212145,0.0
-50.0,50,7674.712949,0.0
-50.0,50,7675.214461,0.0
-50.0,50,7675.723356,0.0
-50.0,50,7676.233538,0.0
-50.0,50,7676.749851,0.0
-50.0,50,7677.249167,0.0
-50.0,50,7677.751875,0.0
-50.0,50,7678.260108,0.0
-50.0,50,7678.776692,0.0
-50.0,50,7679.275105,0.0
-50.0,50,7679.785779,0.0
-50.0,50,7680.295601,0.0
-50.0,50,7680.790286,0.0
-50.0,50,7681.289933,0.0
-50.0,50,7681.786002,0.0
-50.0,50,7682.305111,0.0
-50.0,50,7682.803571,0.0
-50.0,50,7683.29974,0.0
-50.0,50,7683.795798,0.0
-50.0,50,7684.299803,0.0
-50.0,50,7684.805253,0.0
-50.0,50,7685.313115,0.0
-50.0,50,7685.815286,0.0
0.0,50,7686.327619,1.0
-50.0,50,7686.820754,0.0
-50.0,50,7687.317769,0.0
-50.0,50,7687.813914,0.0
-50.0,50,7688.317832,0.0
0.0,50,7688.820216,1.0
-50.0,50,7689.312275,0.0
-50.0,50,7689.812183,0.0
-50.0,50,7690.334519,0.0
-50.0,50,7690.827871,0.0
-50.0,50,7691.323442,0.0
-50.0,50,7691.818547,0.0
-50.0,50,7692.331802,0.0
-50.0,50,7692.825653,0.0
-50.0,50,7693.320173,0.0
-50.0,50,7693.812501,0.0
-50.0,50,7694.330376,0.0
-50.0,50,7694.82344,0.0
-50.0,50,7695.316716,0.0
0.0,50,7695.810504,1.0
-50.0,50,7696.320256,0.0
-50.0,50,7696.823381,0.0
-50.0,50,7697.32049,0.0
-50.0,50,7697.819116,0.0
-50.0,50,7698.329716,0.0
-50.0,50,7698.84343,0.0
-50.0,50,7699.346387,0.0
-50.0,50,7699.845827,0.0
-50.0,50,7700.354013,0.0
-50.0,50,7700.851578,0.0
-50.0,50,7701.347859,0.0
-50.0,50,7701.842023,0.0
-50.0,50,7702.356113,0.0
-50.0,50,7702.858846,0.0
-50.0,50,7703.359323,0.0
-50.0,50,7703.85425,0.0
-50.0,50,7704.365765,0.0
-50.0,50,7704.871783,0.0
-50.0,50,7705.373352,0.0
-50.0,50,7705.873885,0.0
-50.0,50,7706.383934,0.0
-50.0,50,7706.886554,0.0
-50.0,50,7707.391326,0.0
-50.0,50,7707.894977,0.0
-50.0,50,7708.406865,0.0
-50.0,50,7708.906909,0.0
-50.0,50,7709.413423,0.0
-50.0,50,7709.913643,0.0
-50.0,50,7710.423,0.0
-50.0,50,7710.937013,0.0
-50.0,50,7711.431784,0.0
-50.0,50,7711.926074,0.0
-50.0,50,7712.430577,0.0
-50.0,50,7712.926406,0.0
-50.0,50,7713.437588,0.0
-50.0,50,7713.928686,0.0
-50.0,50,7716.765043,0.0
-50.0,50,7717.257804,0.0
-50.0,50,7717.746668,0.0
-50.0,50,7718.246679,0.0
-50.0,50,7718.744662,0.0
-50.0,50,7719.239012,0.0
-50.0,50,7719.731107,0.0
-50.0,50,7720.230572,0.0
-50.0,50,7720.739665,0.0
-50.0,50,7721.231885,0.0
-50.0,50,7721.730623,0.0
-50.0,50,7722.22764,0.0
-50.0,50,7722.731692,0.0
-50.0,50,7723.221573,0.0
-50.0,50,7723.717741,0.0
-50.0,50,7724.217147,0.0
-50.0,50,7724.726299,0.0
-50.0,50,7725.216814,0.0
-50.0,50,7725.713072,0.0
0.0,50,7726.200852,1.0
-50.0,50,7726.703143,0.0
-50.0,50,7727.204506,0.0
-50.0,50,7727.698164,0.0
-50.0,50,7728.186943,0.0
-50.0,50,7728.700404,0.0
-50.0,50,7729.200864,0.0
-50.0,50,7729.701988,0.0
-50.0,50,7730.197137,0.0
-50.0,50,7730.697994,0.0
-50.0,50,7731.189058,0.0
-50.0,50,7731.688412,0.0
-50.0,50,7732.186727,0.0
-50.0,50,7732.69572,0.0
-50.0,50,7733.196039,0.0
-50.0,50,7733.693862,0.0
-50.0,50,7734.183798,0.0
-50.0,50,7734.693048,0.0
-50.0,50,7735.191895,0.0
-50.0,50,7735.681922,0.0
0.0,50,7736.181498,1.0
-50.0,50,7736.696154,0.0
-50.0,50,7737.196944,0.0
-50.0,50,7737.693013,0.0
-50.0,50,7738.193129,0.0
-50.0,50,7738.705158,0.0
-50.0,50,7739.198144,0.0
-50.0,50,7739.686072,0.0
-50.0,50,7740.18179,0.0
-50.0,50,7740.680136,0.0
-50.0,50,7741.17173,0.0
-50.0,50,7741.662811,0.0
-50.0,50,7742.158192,0.0
-50.0,50,7742.671627,0.0
-50.0,50,7743.159719,0.0
-50.0,50,7743.644714,0.0
0.0,50,7744.144472,1.0
-50.0,50,7744.649011,0.0
-50.0,50,7745.15336,0.0
-50.0,50,7745.651889,0.0
-50.0,50,7746.152508,0.0
-50.0,50,7746.662189,0.0
-50.0,50,7747.162079,0.0
-50.0,50,7747.664113,0.0
-50.0,50,7748.164211,0.0
-50.0,50,7748.673425,0.0
-50.0,50,7749.161018,0.0
-50.0,50,7749.655346,0.0
0.0,50,7750.163749,1.0
-50.0,50,7750.674308,0.0
-50.0,50,7751.168654,0.0
-50.0,50,7751.679257,0.0
-50.0,50,7752.187728,0.0
-50.0,50,7752.689414,0.0
-50.0,50,7753.189341,0.0
-50.0,50,7753.69382,0.0
-50.0,50,7754.194293,0.0
-50.0,50,7754.709247,0.0
-50.0,50,7755.200144,0.0
-50.0,50,7755.701576,0.0
-50.0,50,7756.194766,0.0
-50.0,50,7756.704349,0.0
-50.0,50,7757.198575,0.0
-50.0,50,7757.692943,0.0
-50.0,50,7758.189034,0.0
0.0,50,7758.701157,1.0
-50.0,50,7759.198871,0.0
-50.0,50,7759.701458,0.0
-50.0,50,7760.193796,0.0
-50.0,50,7760.698931,0.0
-50.0,50,7761.192963,0.0
-50.0,50,7761.700668,0.0
-50.0,50,7762.191944,0.0
-50.0,50,7762.695403,0.0
-50.0,50,7763.189132,0.0
-50.0,50,7763.683202,0.0
-50.0,50,7764.173882,0.0
-50.0,50,7764.683133,0.0
-50.0,50,7765.178476,0.0
-50.0,50,7765.669029,0.0
-50.0,50,7766.163836,0.0
-50.0,50,7766.664261,0.0
-50.0,50,7767.165185,0.0
-50.0,50,7767.655052,0.0
-50.0,50,7768.144331,0.0
-50.0,50,7768.643444,0.0
-50.0,50,7769.133722,0.0
-50.0,50,7769.636034,0.0
-50.0,50,7770.137624,0.0
-50.0,50,7770.646798,0.0
-50.0,50,7771.144861,0.0
-50.0,50,7771.644235,0.0
-50.0,50,7772.135073,0.0
-50.0,50,7772.634176,0.0
-50.0,50,7773.132255,0.0
-50.0,50,7773.64287,0.0
-50.0,50,7774.134575,0.0
-50.0,50,7774.64314,0.0
-50.0,50,7775.133012,0.0
-50.0,50,7775.623023,0.0
-50.0,50,7776.11195,0.0
-50.0,50,7776.61309,0.0
-50.0,50,7777.111338,0.0
-50.0,50,7777.610265,0.0
-50.0,50,7778.107057,0.0
-50.0,50,7778.620573,0.0
-50.0,50,7779.119336,0.0
-50.0,50,7779.609238,0.0
-50.0,50,7780.098747,0.0
-50.0,50,7780.599781,0.0
-50.0,50,7781.086461,0.0
-50.0,50,7781.578487,0.0
-50.0,50,7782.07243,0.0
-50.0,50,7782.578152,0.0
-50.0,50,7783.076862,0.0
-50.0,50,7783.58296,0.0
-50.0,50,7784.070795,0.0
-50.0,50,7784.580343,0.0
-50.0,50,7785.080874,0.0
-50.0,50,7785.575985,0.0
-50.0,50,7786.072898,0.0
-50.0,50,7786.5855,0.0
-50.0,50,7787.086841,0.0
-50.0,50,7787.587061,0.0
-50.0,50,7788.107329,0.0
-50.0,50,7788.617077,0.0
-50.0,50,7789.118371,0.0
-50.0,50,7789.619395,0.0
-50.0,50,7790.120579,0.0
-50.0,50,7790.62186,0.0
-50.0,50,7791.12659,0.0
-50.0,50,7791.617416,0.0
-50.0,50,7792.118343,0.0
-50.0,50,7792.630334,0.0
-50.0,50,7793.131853,0.0
-50.0,50,7793.62544,0.0
-50.0,50,7794.118869,0.0
-50.0,50,7794.644818,0.0
-50.0,50,7795.140287,0.0
-50.0,50,7795.635119,0.0
-50.0,50,7796.131253,0.0
-50.0,50,7796.647615,0.0
-50.0,50,7797.136538,0.0
-50.0,50,7797.634357,0.0
-50.0,50,7798.139327,0.0
-50.0,50,7798.650117,0.0
0.0,50,7799.153711,1.0
-50.0,50,7799.654722,0.0
-50.0,50,7800.145081,0.0
-50.0,50,7800.658527,0.0
-50.0,50,7801.148972,0.0
-50.0,50,7801.645522,0.0
-50.0,50,7802.146678,0.0
-50.0,50,7802.651227,0.0
-50.0,50,7803.151354,0.0
0.0,50,7803.65159,1.0
-50.0,50,7804.15298,0.0
-50.0,50,7804.665298,0.0
-50.0,50,7805.165259,0.0
-50.0,50,7805.657643,0.0
-50.0,50,7806.154277,0.0
0.0,50,7806.652409,1.0
-50.0,50,7807.143194,0.0
-50.0,50,7807.636232,0.0
-50.0,50,7808.131413,0.0
-50.0,50,7808.644808,0.0
-50.0,50,7809.145493,0.0
-50.0,50,7809.63604,0.0
-50.0,50,7810.128028,0.0
-50.0,50,7810.639544,0.0
-50.0,50,7811.132195,0.0
-50.0,50,7811.628571,0.0
-50.0,50,7812.125366,0.0
-50.0,50,7812.655239,0.0
-50.0,50,7813.156381,0.0
-50.0,50,7813.647211,0.0
-50.0,50,7814.157008,0.0
-50.0,50,7814.66659,0.0
-50.0,50,7815.166766,0.0
-50.0,50,7815.668758,0.0
-50.0,50,7816.177993,0.0
-50.0,50,7819.069555,0.0
-50.0,50,7819.570504,0.0
-50.0,50,7820.06948,0.0
-50.0,50,7820.560947,0.0
-50.0,50,7821.08119,0.0
-50.0,50,7821.573067,0.0
-50.0,50,7822.0822,0.0
-50.0,50,7822.569999,0.0
-50.0,50,7823.075516,0.0
-50.0,50,7823.567203,0.0
-50.0,50,7824.055683,0.0
-50.0,50,7824.559965,0.0
-50.0,50,7825.067218,0.0
0.0,50,7825.554043,1.0
-50.0,50,7826.043907,0.0
-50.0,50,7826.542657,0.0
-50.0,50,7827.046989,0.0
-50.0,50,7827.545052,0.0
-50.0,50,7828.044647,0.0
-50.0,50,7828.548455,0.0
-50.0,50,7829.06161,0.0
-50.0,50,7829.562858,0.0
-50.0,50,7830.056696,0.0
-50.0,50,7830.547093,0.0
-50.0,50,7831.059666,0.0
-50.0,50,7831.560432,0.0
-50.0,50,7832.05649,0.0
0.0,50,7832.555127,1.0
-50.0,50,7833.060272,0.0
-50.0,50,7833.559182,0.0
-50.0,50,7834.053444,0.0
-50.0,50,7834.549466,0.0
-50.0,50,7835.049367,0.0
-50.0,50,7835.544482,0.0
-50.0,50,7836.041965,0.0
-50.0,50,7836.540425,0.0
-50.0,50,7837.040506,0.0
0.0,50,7837.540595,1.0
0.0,50,7838.034468,1.0
-50.0,50,7838.53584,0.0
-50.0,50,7839.048228,0.0
-50.0,50,7839.545601,0.0
-50.0,50,7840.047532,0.0
-50.0,50,7840.537394,0.0
-50.0,50,7841.052063,0.0
-50.0,50,7841.54829,0.0
-50.0,50,7842.037727,0.0
-50.0,50,7842.533822,0.0
0.0,50,7843.041726,1.0
-50.0,50,7843.535526,0.0
-50.0,50,7844.032527,0.0
-50.0,50,7844.540976,0.0
-50.0,50,7845.050264,0.0
-50.0,50,7845.551349,0.0
-50.0,50,7846.039274,0.0
-50.0,50,7846.561513,0.0
-50.0,50,7847.069814,0.0
-50.0,50,7847.566393,0.0
-50.0,50,7848.065576,0.0
-50.0,50,7848.557293,0.0
-50.0,50,7849.058368,0.0
-50.0,50,7849.552539,0.0
0.0,50,7850.051724,1.0
-50.0,50,7850.552522,0.0
-50.0,50,7851.065629,0.0
-50.0,50,7851.572909,0.0
-50.0,50,7852.075607,0.0
-50.0,50,7852.568193,0.0
-50.0,50,7853.07086,0.0
-50.0,50,7853.571877,0.0
-50.0,50,7854.075915,0.0
-50.0,50,7854.571575,0.0
-50.0,50,7855.087681,0.0
-50.0,50,7855.574054,0.0
-50.0,50,7856.081047,0.0
-50.0,50,7856.577302,0.0
-50.0,50,7857.090835,0.0
-50.0,50,7857.590417,0.0
-50.0,50,7858.097234,0.0
-50.0,50,7858.597541,0.0
-50.0,50,7859.10639,0.0
-50.0,50,7859.607471,0.0
-50.0,50,7860.102901,0.0
0.0,50,7860.603393,1.0
-50.0,50,7861.105569,0.0
-50.0,50,7861.594067,0.0
-50.0,50,7862.099694,0.0
-50.0,50,7862.598551,0.0
0.0,50,7863.103455,1.0
-50.0,50,7863.600148,0.0
-50.0,50,7864.090776,0.0
-50.0,50,7864.590508,0.0
-50.0,50,7865.09246,0.0
-50.0,50,7865.584539,0.0
-50.0,50,7866.073286,0.0
0.0,50,7866.573484,1.0
-50.0,50,7867.077898,0.0
-50.0,50,7867.565264,0.0
-50.0,50,7868.064517,0.0
-50.0,50,7868.569005,0.0
-50.0,50,7869.073047,0.0
-50.0,50,7869.561607,0.0
-50.0,50,7870.070039,0.0
-50.0,50,7870.569807,0.0
-50.0,50,7871.083644,0.0
-50.0,50,7871.584943,0.0
-50.0,50,7872.084375,0.0
-50.0,50,7872.581595,0.0
-50.0,50,7873.088842,0.0
-50.0,50,7873.589562,0.0
-50.0,50,7874.078428,0.0
0.0,50,7874.564301,1.0
-50.0,50,7875.063963,0.0
-50.0,50,7875.561375,0.0
-50.0,50,7876.058637,0.0
-50.0,50,7876.566663,0.0
-50.0,50,7877.077675,0.0
-50.0,50,7877.572898,0.0
-50.0,50,7878.073693,0.0
-50.0,50,7878.568762,0.0
-50.0,50,7879.078755,0.0
-50.0,50,7879.566472,0.0
-50.0,50,7880.057062,0.0
0.0,50,7880.544581,1.0
-50.0,50,7881.051431,0.0
-50.0,50,7881.546935,0.0
-50.0,50,7882.049191,0.0
-50.0,50,7882.535179,0.0
-50.0,50,7883.05561,0.0
0.0,50,7883.544536,1.0
-50.0,50,7884.041731,0.0
-50.0,50,7884.553292,0.0
-50.0,50,7885.06392,0.0
0.0,50,7885.552231,1.0
-50.0,50,7886.049882,0.0
-50.0,50,7886.546597,0.0
-47.0,50,7887.051874,0.0
-50.0,50,7887.554109,0.0
-50.0,50,7888.067459,0.0
0.0,50,7888.560615,1.0
-50.0,50,7889.067636,0.0
-50.0,50,7889.557388,0.0
-50.0,50,7890.045275,0.0
-50.0,50,7890.540893,0.0
-50.0,50,7891.041397,0.0
-50.0,50,7891.527389,0.0
-50.0,50,7892.03429,0.0
-50.0,50,7892.525323,0.0
0.0,50,7893.025853,1.0
-50.0,50,7893.5154,0.0
-50.0,50,7894.004621,0.0
-50.0,50,7894.496538,0.0
-50.0,50,7895.006549,0.0
-50.0,50,7895.502548,0.0
-50.0,50,7896.007889,0.0
-50.0,50,7896.499169,0.0
-50.0,50,7897.018929,0.0
-50.0,50,7897.517203,0.0
-50.0,50,7898.018271,0.0
-50.0,50,7898.509665,0.0
-50.0,50,7899.022665,0.0
-50.0,50,7899.514753,0.0
-50.0,50,7900.031215,0.0
-50.0,50,7900.524148,0.0
-50.0,50,7901.040751,0.0
-50.0,50,7901.531339,0.0
-50.0,50,7902.031869,0.0
-50.0,50,7902.534517,0.0
-50.0,50,7903.049298,0.0
-50.0,50,7903.558329,0.0
-50.0,50,7904.056573,0.0
-50.0,50,7904.56147,0.0
-50.0,50,7905.073633,0.0
-50.0,50,7905.567519,0.0
-50.0,50,7906.068148,0.0
-50.0,50,7906.572367,0.0
-50.0,50,7907.085941,0.0
-50.0,50,7907.585711,0.0
-50.0,50,7908.077415,0.0
-50.0,50,7908.579658,0.0
-50.0,50,7909.085813,0.0
-50.0,50,7909.593702,0.0
0.0,50,7910.119918,1.0
-50.0,50,7910.622554,0.0
-50.0,50,7911.166772,0.0
-50.0,50,7911.681908,0.0
-50.0,50,7912.193203,0.0
-50.0,50,7912.680342,0.0
-50.0,50,7913.182897,0.0
-50.0,50,7913.684149,0.0
-50.0,50,7914.177719,0.0
-50.0,50,7914.6634,0.0
-50.0,50,7915.174134,0.0
-50.0,50,7915.685033,0.0
-50.0,50,7916.185962,0.0
-50.0,50,7916.685733,0.0
-50.0,50,7917.210111,0.0
-50.0,50,7917.70566,0.0
-50.0,50,7918.202625,0.0
-50.0,50,7918.698722,0.0
-50.0,50,7921.526424,0.0
-50.0,50,7922.024794,0.0
-50.0,50,7922.519629,0.0
-50.0,50,7923.010229,0.0
-50.0,50,7923.512933,0.0
-50.0,50,7924.002581,0.0
-50.0,50,7924.495803,0.0
-50.0,50,7925.006546,0.0
-50.0,50,7925.518997,0.0
-50.0,50,7926.012247,0.0
-50.0,50,7926.511842,0.0
-50.0,50,7927.004468,0.0
-50.0,50,7927.513118,0.0
-50.0,50,7927.999272,0.0
-50.0,50,7928.49557,0.0
-50.0,50,7928.984086,0.0
-50.0,50,7929.494611,0.0
-50.0,50,7929.993319,0.0
-50.0,50,7930.493751,0.0
0.0,50,7930.988663,1.0
-50.0,50,7931.500707,0.0
-50.0,50,7932.000736,0.0
-50.0,50,7932.501671,0.0
-50.0,50,7933.004761,0.0
-50.0,50,7933.513517,0.0
-50.0,50,7934.000727,0.0
-50.0,50,7934.502899,0.0
-50.0,50,7935.005564,0.0
-50.0,50,7935.507119,0.0
-50.0,50,7936.010945,0.0
-50.0,50,7936.510946,0.0
-50.0,50,7936.998586,0.0
-50.0,50,7937.510953,0.0
0.0,50,7938.003665,1.0
-50.0,50,7938.502806,0.0
-50.0,50,7939.000289,0.0
-50.0,50,7939.508743,0.0
0.0,50,7939.996826,1.0
-50.0,50,7940.482503,0.0
0.0,50,7940.985819,1.0
0.0,50,7941.487858,1.0
-50.0,50,7941.98508,0.0
-50.0,50,7942.478159,0.0
-50.0,50,7942.977859,0.0
-50.0,50,7943.478572,0.0
-50.0,50,7943.978231,0.0
-50.0,50,7944.47431,0.0
-50.0,50,7944.972119,0.0
-50.0,50,7945.483625,0.0
-50.0,50,7945.986393,0.0
-50.0,50,7946.488276,0.0
-50.0,50,7946.991292,0.0
-50.0,50,7947.501749,0.0
-50.0,50,7947.997436,0.0
-50.0,50,7948.499138,0.0
-50.0,50,7948.992627,0.0
-50.0,50,7949.498502,0.0
-50.0,50,7949.994773,0.0
-50.0,50,7950.49473,0.0
-50.0,50,7950.989945,0.0
-50.0,50,7951.49545,0.0
-50.0,50,7951.983951,0.0
-50.0,50,7952.476614,0.0
-50.0,50,7952.976129,0.0
-50.0,50,7953.477256,0.0
-50.0,50,7953.969774,0.0
-50.0,50,7954.470023,0.0
-50.0,50,7954.970742,0.0
-50.0,50,7955.481836,0.0
-50.0,50,7955.974685,0.0
0.0,50,7956.46305,1.0
-50.0,50,7956.951813,0.0
-50.0,50,7957.451396,0.0
0.0,50,7957.948942,1.0
-50.0,50,7958.449103,0.0
-50.0,50,7958.950147,0.0
-50.0,50,7959.460086,0.0
-50.0,50,7959.961202,0.0
-50.0,50,7960.450685,0.0
-50.0,50,7960.947583,0.0
-50.0,50,7961.451771,0.0
0.0,50,7961.946248,1.0
-50.0,50,7962.434093,0.0
-50.0,50,7962.933897,0.0
-50.0,50,7963.446336,0.0
0.0,50,7963.947346,1.0
-50.0,50,7964.435641,0.0
-50.0,50,7964.937033,0.0
-50.0,50,7965.443965,0.0
-50.0,50,7965.944884,0.0
-50.0,50,7966.438333,0.0
-50.0,50,7966.939052,0.0
-50.0,50,7967.44249,0.0
-50.0,50,7967.939929,0.0
-50.0,50,7968.437661,0.0
0.0,50,7968.934854,1.0
-50.0,50,7969.433459,0.0
-50.0,50,7969.926527,0.0
-50.0,50,7970.419676,0.0
-50.0,50,7970.909849,0.0
-50.0,50,7971.415453,0.0
0.0,50,7971.905244,1.0
-50.0,50,7972.39561,0.0
-50.0,50,7972.883577,0.0
-50.0,50,7973.394177,0.0
-50.0,50,7973.884503,0.0
-50.0,50,7974.377426,0.0
-50.0,50,7974.867042,0.0
-50.0,50,7975.374022,0.0
-50.0,50,7975.861885,0.0
-50.0,50,7976.35053,0.0
-50.0,50,7976.839177,0.0
-50.0,50,7977.339299,0.0
-50.0,50,7977.840007,0.0
-50.0,50,7978.328933,0.0
-50.0,50,7978.828776,0.0
-50.0,50,7979.333392,0.0
0.0,50,7979.827043,1.0
-50.0,50,7980.321167,0.0
-50.0,50,7980.810734,0.0
-50.0,50,7981.316161,0.0
-50.0,50,7981.803887,0.0
-50.0,50,7982.301123,0.0
-50.0,50,7982.797218,0.0
-50.0,50,7983.296829,0.0
-50.0,50,7983.786257,0.0
-50.0,50,7984.274549,0.0
-50.0,50,7984.762866,0.0
-50.0,50,7985.275037,0.0
-50.0,50,7985.765705,0.0
-50.0,50,7986.254751,0.0
-50.0,50,7986.752846,0.0
-50.0,50,7987.253773,0.0
-50.0,50,7987.760436,0.0
-50.0,50,7988.266281,0.0
-50.0,50,7988.756076,0.0
-50.0,50,7989.26826,0.0
-50.0,50,7989.76848,0.0
-50.0,50,7990.276391,0.0
-50.0,50,7990.775866,0.0
-50.0,50,7991.291137,0.0
-50.0,50,7991.792405,0.0
-50.0,50,7992.298559,0.0
-50.0,50,7992.797088,0.0
-50.0,50,7993.305049,0.0
-50.0,50,7993.793248,0.0
-50.0,50,7994.28887,0.0
-50.0,50,7994.788435,0.0
-50.0,50,7995.29684,0.0
-50.0,50,7995.787694,0.0
-50.0,50,7996.284666,0.0
-50.0,50,7996.785029,0.0
-50.0,50,7997.284317,0.0
-6.0,50,7997.784984,1.0
-50.0,50,7998.286431,0.0
-50.0,50,7998.782991,0.0
-50.0,50,7999.280112,0.0
-50.0,50,7999.767779,0.0
-50.0,50,8000.26041,0.0
-50.0,50,8000.759907,0.0
-50.0,50,8001.27369,0.0
-50.0,50,8001.77021,0.0
-50.0,50,8002.270396,0.0
-50.0,50,8002.765392,0.0
-50.0,50,8003.280019,0.0
-50.0,50,8003.782462,0.0
-50.0,50,8004.283509,0.0
-50.0,50,8004.782539,0.0
-50.0,50,8005.302938,0.0
-50.0,50,8005.804176,0.0
0.0,50,8006.304735,1.0
-50.0,50,8006.797678,0.0
-50.0,50,8007.305922,0.0
-50.0,50,8007.814932,0.0
-50.0,50,8008.314838,0.0
0.0,50,8008.810396,1.0
0.0,50,8009.312759,1.0
-50.0,50,8009.812677,0.0
-50.0,50,8010.315884,0.0
-50.0,50,8010.817322,0.0
-50.0,50,8011.317646,0.0
-50.0,50,8011.817548,0.0
-50.0,50,8012.316571,0.0
-50.0,50,8012.8249,0.0
-50.0,50,8013.332005,0.0
-50.0,50,8013.832072,0.0
-50.0,50,8014.334864,0.0
-50.0,50,8014.834485,0.0
0.0,50,8015.347718,1.0
-50.0,50,8015.843866,0.0
-50.0,50,8016.342436,0.0
-50.0,50,8016.841799,0.0
-50.0,50,8017.350727,0.0
-50.0,50,8017.845961,0.0
-50.0,50,8018.343832,0.0
-50.0,50,8018.833147,0.0
-50.0,50,8019.333186,0.0
-50.0,50,8019.829712,0.0
-50.0,50,8020.324742,0.0
-50.0,50,8020.822416,0.0
-50.0,50,8023.581141,0.0
-50.0,50,8024.084859,0.0
-50.0,50,8024.588865,0.0
-50.0,50,8025.080249,0.0
-50.0,50,8025.583938,0.0
-50.0,50,8026.072659,0.0
-50.0,50,8026.570246,0.0
-50.0,50,8027.061372,0.0
-50.0,50,8027.570819,0.0
-50.0,50,8028.072454,0.0
-50.0,50,8028.562864,0.0
-50.0,50,8029.051963,0.0
-50.0,50,8029.563509,0.0
-50.0,50,8030.064506,0.0
0.0,50,8030.566273,1.0
-50.0,50,8031.066003,0.0
-50.0,50,8031.573395,0.0
-50.0,50,8032.078454,0.0
0.0,50,8032.581299,1.0
-50.0,50,8033.087992,0.0
-50.0,50,8033.597355,0.0
-50.0,50,8034.096144,0.0
-50.0,50,8034.590682,0.0
-50.0,50,8035.101131,0.0
-50.0,50,8035.619565,0.0
-50.0,50,8036.125815,0.0
-50.0,50,8036.625103,0.0
-50.0,50,8037.126971,0.0
-50.0,50,8037.64082,0.0
-50.0,50,8038.140871,0.0
-50.0,50,8038.647332,0.0
-50.0,50,8039.146342,0.0
-50.0,50,8039.659425,0.0
-50.0,50,8040.166177,0.0
-50.0,50,8040.680253,0.0
-50.0,50,8041.189662,0.0
-50.0,50,8041.712541,0.0
-50.0,50,8042.219977,0.0
-50.0,50,8042.72002,0.0
-50.0,50,8043.221422,0.0
-50.0,50,8043.730304,0.0
-50.0,50,8044.237657,0.0
0.0,50,8044.741072,1.0
-50.0,50,8045.246198,0.0
-50.0,50,8045.765927,0.0
-50.0,50,8046.269195,0.0
-50.0,50,8046.772951,0.0
-50.0,50,8047.284848,0.0
-50.0,50,8047.799973,0.0
-50.0,50,8048.315191,0.0
-50.0,50,8048.822183,0.0
-50.0,50,8049.335002,0.0
0.0,50,8049.853502,1.0
-50.0,50,8050.366245,0.0
0.0,50,8050.864537,1.0
-50.0,50,8051.372094,0.0
-50.0,50,8051.907556,0.0
-50.0,50,8052.42155,0.0
-50.0,50,8052.936625,0.0
-50.0,50,8053.436715,0.0
-50.0,50,8053.961599,0.0
-50.0,50,8054.46525,0.0
-50.0,50,8054.974258,0.0
-50.0,50,8055.474593,0.0
0.0,50,8055.98421,1.0
-50.0,50,8056.492782,0.0
-50.0,50,8057.011023,0.0
-50.0,50,8057.513419,0.0
-50.0,50,8058.02733,0.0
-50.0,50,8058.530399,0.0
-50.0,50,8059.031683,0.0
0.0,50,8059.528983,1.0
-50.0,50,8060.052354,0.0
-50.0,50,8060.556426,0.0
-50.0,50,8061.055678,0.0
-50.0,50,8061.564958,0.0
-50.0,50,8062.077252,0.0
-50.0,50,8062.57736,0.0
-50.0,50,8063.072387,0.0
-50.0,50,8063.570255,0.0
-50.0,50,8064.076172,0.0
-50.0,50,8064.576202,0.0
-50.0,50,8065.079499,0.0
-50.0,50,8065.578074,0.0
-50.0,50,8066.081861,0.0
-50.0,50,8066.583225,0.0
-50.0,50,8067.08116,0.0
-50.0,50,8067.581228,0.0
-50.0,50,8068.0912,0.0
-50.0,50,8068.589188,0.0
-50.0,50,8069.087215,0.0
-50.0,50,8069.584927,0.0
-50.0,50,8070.09094,0.0
-50.0,50,8070.58996,0.0
-50.0,50,8071.086648,0.0
-50.0,50,8071.586491,0.0
-50.0,50,8072.113066,0.0
0.0,50,8072.613929,1.0
-50.0,50,8073.112466,0.0
-50.0,50,8073.620927,0.0
-50.0,50,8074.122891,0.0
-50.0,50,8074.612376,0.0
-50.0,50,8075.131299,0.0
-50.0,50,8075.639282,0.0
-50.0,50,8076.157098,0.0
-50.0,50,8076.666274,0.0
-50.0,50,8077.159637,0.0
-50.0,50,8077.663736,0.0
-50.0,50,8078.175538,0.0
-50.0,50,8078.681643,0.0
-50.0,50,8079.185061,0.0
0.0,50,8079.684853,1.0
-50.0,50,8080.196273,0.0
-50.0,50,8080.685533,0.0
-50.0,50,8081.179256,0.0
-50.0,50,8081.673882,0.0
-50.0,50,8082.187785,0.0
-50.0,50,8082.687057,0.0
-50.0,50,8083.18902,0.0
-50.0,50,8083.687353,0.0
-50.0,50,8084.210912,0.0
-50.0,50,8084.706871,0.0
-50.0,50,8085.209677,0.0
-50.0,50,8085.713865,0.0
-50.0,50,8086.222008,0.0
0.0,50,8086.723895,1.0
0.0,50,8087.214346,1.0
-50.0,50,8087.703228,0.0
-50.0,50,8088.203902,0.0
-50.0,50,8088.69859,0.0
-50.0,50,8089.199007,0.0
-50.0,50,8089.700671,0.0
-50.0,50,8090.213138,0.0
-50.0,50,8090.709168,0.0
-50.0,50,8091.215887,0.0
-50.0,50,8091.713465,0.0
-50.0,50,8092.226483,0.0
-50.0,50,8092.727394,0.0
-50.0,50,8093.227509,0.0
-50.0,50,8093.725267,0.0
-50.0,50,8094.238253,0.0
0.0,50,8094.739814,1.0
-50.0,50,8095.240742,0.0
-50.0,50,8095.761558,0.0
-50.0,50,8096.273562,0.0
-50.0,50,8096.779277,0.0
-50.0,50,8097.280035,0.0
-50.0,50,8097.777356,0.0
-50.0,50,8098.285928,0.0
-50.0,50,8098.788247,0.0
-50.0,50,8099.284389,0.0
-50.0,50,8099.78517,0.0
-50.0,50,8100.289114,0.0
-50.0,50,8100.782147,0.0
-50.0,50,8101.286382,0.0
-50.0,50,8101.7802,0.0
-50.0,50,8102.30533,0.0
-50.0,50,8102.81021,0.0
-50.0,50,8103.321769,0.0
-50.0,50,8103.821538,0.0
-50.0,50,8104.367425,0.0
-50.0,50,8104.879848,0.0
0.0,50,8105.377258,1.0
-50.0,50,8105.887315,0.0
-50.0,50,8106.406344,0.0
-50.0,50,8106.908562,0.0
-50.0,50,8107.4064,0.0
-50.0,50,8107.905956,0.0
-50.0,50,8108.426256,0.0
-50.0,50,8108.921808,0.0
-50.0,50,8109.427913,0.0
-50.0,50,8109.937693,0.0
-50.0,50,8110.455138,0.0
-50.0,50,8110.953348,0.0
-50.0,50,8111.454974,0.0
-50.0,50,8111.97203,0.0
-50.0,50,8112.499119,0.0
-50.0,50,8113.014322,0.0
-50.0,50,8113.52398,0.0
-50.0,50,8114.040569,0.0
-50.0,50,8114.558464,0.0
-50.0,50,8115.064246,0.0
-50.0,50,8115.57626,0.0
-50.0,50,8116.074502,0.0
-50.0,50,8116.589405,0.0
-50.0,50,8117.089214,0.0
-50.0,50,8117.595216,0.0
-50.0,50,8118.097785,0.0
-50.0,50,8118.613622,0.0
-50.0,50,8119.111739,0.0
-50.0,50,8119.615631,0.0
-50.0,50,8120.115869,0.0
-50.0,50,8120.63926,0.0
-50.0,50,8121.14957,0.0
-50.0,50,8121.664066,0.0
-50.0,50,8122.175432,0.0
-50.0,50,8122.683336,0.0
-50.0,50,8123.182387,0.0
-50.0,50,8123.682423,0.0
-50.0,50,8124.180443,0.0
-50.0,50,8127.061016,0.0
-50.0,50,8127.555254,0.0
-50.0,50,8128.061793,0.0
-50.0,50,8128.551855,0.0
-50.0,50,8129.069257,0.0
-50.0,50,8129.56041,0.0
-50.0,50,8130.061429,0.0
-50.0,50,8130.565485,0.0
-50.0,50,8131.076667,0.0
-50.0,50,8131.576002,0.0
-50.0,50,8132.072137,0.0
-50.0,50,8132.574977,0.0
-50.0,50,8133.089269,0.0
-50.0,50,8133.586378,0.0
-50.0,50,8134.091799,0.0
-50.0,50,8134.598969,0.0
-50.0,50,8135.119823,0.0
-50.0,50,8135.624407,0.0
-50.0,50,8136.133943,0.0
-50.0,50,8136.637954,0.0
-50.0,50,8137.156096,0.0
-50.0,50,8137.649904,0.0
-50.0,50,8138.147599,0.0
-50.0,50,8138.638132,0.0
-50.0,50,8139.143149,0.0
-50.0,50,8139.637457,0.0
-50.0,50,8140.132648,0.0
-50.0,50,8140.62844,0.0
-50.0,50,8141.142258,0.0
-50.0,50,8141.641996,0.0
-50.0,50,8142.136163,0.0
-50.0,50,8142.639918,0.0
-50.0,50,8143.143444,0.0
0.0,50,8143.635674,1.0
-50.0,50,8144.134615,0.0
-50.0,50,8144.632575,0.0
-50.0,50,8145.144566,0.0
-50.0,50,8145.640865,0.0
-50.0,50,8146.140482,0.0
-50.0,50,8146.63574,0.0
-50.0,50,8147.141535,0.0
-50.0,50,8147.642682,0.0
-50.0,50,8148.142714,0.0
-50.0,50,8148.646453,0.0
-50.0,50,8149.153055,0.0
-50.0,50,8149.665246,0.0
-50.0,50,8150.184697,0.0
-50.0,50,8150.692166,0.0
-50.0,50,8151.206378,0.0
-50.0,50,8151.716002,0.0
-50.0,50,8152.228619,0.0
-50.0,50,8152.729667,0.0
-50.0,50,8153.250023,0.0
-50.0,50,8153.743666,0.0
-50.0,50,8154.241314,0.0
-50.0,50,8154.756062,0.0
-50.0,50,8155.272065,0.0
-50.0,50,8155.780802,0.0
-50.0,50,8156.288157,0.0
-50.0,50,8156.788598,0.0
-50.0,50,8157.305326,0.0
-50.0,50,8157.818614,0.0
-50.0,50,8158.320058,0.0
-50.0,50,8158.829421,0.0
-50.0,50,8159.353716,0.0
-50.0,50,8159.855954,0.0
-50.0,50,8160.358067,0.0
-50.0,50,8160.862573,0.0
-50.0,50,8161.3992,0.0
-50.0,50,8161.899582,0.0
-50.0,50,8162.404111,0.0
-50.0,50,8162.909616,0.0
-50.0,50,8163.421665,0.0
-50.0,50,8163.9323,0.0
-50.0,50,8164.437097,0.0
-50.0,50,8164.945671,0.0
-50.0,50,8165.458909,0.0
-50.0,50,8165.960568,0.0
-50.0,50,8166.457821,0.0
-50.0,50,8166.974298,0.0
-50.0,50,8167.505213,0.0
-50.0,50,8168.005589,0.0
-50.0,50,8168.502352,0.0
-50.0,50,8169.000994,0.0
-50.0,50,8169.512638,0.0
-50.0,50,8170.016758,0.0
-50.0,50,8170.512748,0.0
-50.0,50,8171.010877,0.0
0.0,50,8171.524995,1.0
-50.0,50,8172.02621,0.0
-50.0,50,8172.523378,0.0
0.0,50,8173.018931,1.0
-50.0,50,8173.531539,0.0
-50.0,50,8174.031212,0.0
-50.0,50,8174.528437,0.0
-50.0,50,8175.027652,0.0
-50.0,50,8175.541682,0.0
-50.0,50,8176.036649,0.0
-50.0,50,8176.534913,0.0
-50.0,50,8177.03893,0.0
-50.0,50,8177.549622,0.0
-50.0,50,8178.056334,0.0
-50.0,50,8178.555595,0.0
-50.0,50,8179.055359,0.0
-50.0,50,8179.564568,0.0
-50.0,50,8180.064576,0.0
-50.0,50,8180.561549,0.0
-50.0,50,8181.065745,0.0
-50.0,50,8181.583956,0.0
-50.0,50,8182.080213,0.0
-50.0,50,8182.566746,0.0
-50.0,50,8183.064966,0.0
-50.0,50,8183.581533,0.0
0.0,50,8184.071777,1.0
-50.0,50,8184.570719,0.0
-50.0,50,8185.071722,0.0
-50.0,50,8185.579483,0.0
0.0,50,8186.067811,1.0
0.0,50,8186.568758,1.0
-50.0,50,8187.069763,0.0
-50.0,50,8187.578853,0.0
-50.0,50,8188.069194,0.0
-50.0,50,8188.567072,0.0
-50.0,50,8189.066042,0.0
-50.0,50,8189.585636,0.0
-50.0,50,8190.086988,0.0
-50.0,50,8190.58517,0.0
-50.0,50,8191.081672,0.0
-50.0,50,8191.591889,0.0
0.0,50,8192.09047,1.0
-50.0,50,8192.589386,0.0
-50.0,50,8193.08767,0.0
0.0,50,8193.59757,1.0
-50.0,50,8194.095383,0.0
-50.0,50,8194.593583,0.0
-50.0,50,8195.093878,0.0
-50.0,50,8195.605536,0.0
-50.0,50,8196.10193,0.0
-50.0,50,8196.606858,0.0
-50.0,50,8197.10769,0.0
-50.0,50,8197.616497,0.0
-50.0,50,8198.120131,0.0
-50.0,50,8198.622178,0.0
-50.0,50,8199.115652,0.0
-50.0,50,8199.623693,0.0
-50.0,50,8200.130275,0.0
-50.0,50,8200.63594,0.0
-46.0,50,8201.139128,0.0
-50.0,50,8201.647451,0.0
0.0,50,8202.142105,1.0
-50.0,50,8202.64065,0.0
-50.0,50,8203.138931,0.0
-50.0,50,8203.656492,0.0
-50.0,50,8204.160109,0.0
-50.0,50,8204.661218,0.0
-47.0,50,8205.16454,0.0
-50.0,50,8205.680709,0.0
-50.0,50,8206.179514,0.0
-50.0,50,8206.685715,0.0
0.0,50,8207.186597,1.0
-50.0,50,8207.696632,0.0
-50.0,50,8208.191483,0.0
-50.0,50,8208.684781,0.0
-50.0,50,8209.181721,0.0
-50.0,50,8209.688237,0.0
-50.0,50,8210.187135,0.0
-50.0,50,8210.701504,0.0
-50.0,50,8211.206915,0.0
-50.0,50,8211.720183,0.0
-50.0,50,8212.213063,0.0
-50.0,50,8212.705284,0.0
-50.0,50,8213.197731,0.0
-50.0,50,8213.76888,0.0
-50.0,50,8214.270912,0.0
-50.0,50,8214.769857,0.0
-50.0,50,8215.266607,0.0
-50.0,50,8215.769447,0.0
0.0,50,8216.270994,1.0
-50.0,50,8216.762421,0.0
-50.0,50,8217.255938,0.0
-50.0,50,8217.76947,0.0
-50.0,50,8218.265392,0.0
-50.0,50,8218.762108,0.0
-50.0,50,8219.252612,0.0
-50.0,50,8219.759347,0.0
0.0,50,8220.248795,1.0
-50.0,50,8220.737996,0.0
-50.0,50,8221.236629,0.0
-50.0,50,8221.749489,0.0
-50.0,50,8222.237066,0.0
-50.0,50,8222.728624,0.0
0.0,50,8223.226896,1.0
-50.0,50,8223.737381,0.0
-50.0,50,8224.238902,0.0
-50.0,50,8224.740287,0.0
-50.0,50,8225.237284,0.0
-50.0,50,8225.745071,0.0
-50.0,50,8226.23946,0.0
-50.0,50,8226.729175,0.0
-50.0,50,8227.217405,0.0
0.0,50,8230.033088,1.0
-50.0,50,8230.530842,0.0
0.0,50,8231.032657,1.0
-50.0,50,8231.536197,0.0
-50.0,50,8232.043824,0.0
-50.0,50,8232.541419,0.0
-50.0,50,8233.040165,0.0
-50.0,50,8233.552102,0.0
-50.0,50,8234.053315,0.0
0.0,50,8234.551394,1.0
-50.0,50,8235.045662,0.0
-50.0,50,8235.539077,0.0
-50.0,50,8236.042666,0.0
-50.0,50,8236.531955,0.0
0.0,50,8237.03373,1.0
-50.0,50,8237.523572,0.0
-50.0,50,8238.025803,0.0
0.0,50,8238.522712,1.0
-50.0,50,8239.013731,0.0
-50.0,50,8239.506469,0.0
-50.0,50,8240.015196,0.0
-50.0,50,8240.517195,0.0
-50.0,50,8241.019509,0.0
-50.0,50,8241.514654,0.0
-50.0,50,8242.028024,0.0
-50.0,50,8242.515462,0.0
-50.0,50,8243.0039,0.0
-50.0,50,8243.494569,0.0
-50.0,50,8243.994547,0.0
-50.0,50,8244.487046,0.0
0.0,50,8244.977918,1.0
-50.0,50,8245.468457,0.0
-50.0,50,8245.981995,0.0
-50.0,50,8246.477061,0.0
-50.0,50,8246.968758,0.0
-50.0,50,8247.464232,0.0
-50.0,50,8247.971078,0.0
-50.0,50,8248.465813,0.0
-50.0,50,8248.961684,0.0
-50.0,50,8249.460991,0.0
-50.0,50,8249.977991,0.0
-50.0,50,8250.47359,0.0
-50.0,50,8250.965838,0.0
-50.0,50,8251.464295,0.0
-50.0,50,8251.97268,0.0
-50.0,50,8252.465799,0.0
-50.0,50,8252.972416,0.0
-50.0,50,8253.467575,0.0
-50.0,50,8253.981737,0.0
-50.0,50,8254.475911,0.0
-50.0,50,8254.982456,0.0
-50.0,50,8255.480641,0.0
-50.0,50,8255.99292,0.0
-50.0,50,8256.496436,0.0
-50.0,50,8256.998436,0.0
-50.0,50,8257.502089,0.0
-50.0,50,8258.014122,0.0
-50.0,50,8258.514926,0.0
-50.0,50,8259.017411,0.0
-50.0,50,8259.52343,0.0
-50.0,50,8260.035802,0.0
-50.0,50,8260.539515,0.0
-50.0,50,8261.036862,0.0
-50.0,50,8261.530994,0.0
0.0,50,8262.041064,1.0
-50.0,50,8262.541217,0.0
-50.0,50,8263.042959,0.0
-50.0,50,8263.539852,0.0
-50.0,50,8264.05185,0.0
-50.0,50,8264.549567,0.0
-50.0,50,8265.047079,0.0
-50.0,50,8265.543133,0.0
-50.0,50,8266.061312,0.0
-50.0,50,8266.561782,0.0
-50.0,50,8267.062568,0.0
-50.0,50,8267.556901,0.0
-50.0,50,8268.065253,0.0
0.0,50,8268.564888,1.0
-50.0,50,8269.059861,0.0
-50.0,50,8269.558457,0.0
-50.0,50,8270.06676,0.0
-50.0,50,8270.560768,0.0
-50.0,50,8271.062704,0.0
-50.0,50,8271.564989,0.0
0.0,50,8272.070071,1.0
-50.0,50,8272.563849,0.0
-50.0,50,8273.054648,0.0
-50.0,50,8273.545686,0.0
-50.0,50,8274.064989,0.0
-50.0,50,8274.563166,0.0
-50.0,50,8275.057731,0.0
-50.0,50,8275.555925,0.0
-50.0,50,8276.0748,0.0
-50.0,50,8276.576061,0.0
0.0,50,8277.068159,1.0
-50.0,50,8277.558565,0.0
-50.0,50,8278.065035,0.0
-50.0,50,8278.575654,0.0
-50.0,50,8279.077641,0.0
-50.0,50,8279.569868,0.0
-50.0,50,8280.073366,0.0
-50.0,50,8280.567928,0.0
-50.0,50,8281.060637,0.0
-50.0,50,8281.55482,0.0
-50.0,50,8282.065393,0.0
-50.0,50,8282.555393,0.0
-50.0,50,8283.057215,0.0
0.0,50,8283.555089,1.0
-50.0,50,8284.068199,0.0
0.0,50,8284.563132,1.0
-50.0,50,8285.060896,0.0
-50.0,50,8285.553137,0.0
-50.0,50,8286.063158,0.0
-50.0,50,8286.556174,0.0
-50.0,50,8287.060415,0.0
-50.0,50,8287.564318,0.0
-50.0,50,8288.062176,0.0
-50.0,50,8288.556334,0.0
-50.0,50,8289.057278,0.0
-50.0,50,8289.55988,0.0
-50.0,50,8290.068416,0.0
-50.0,50,8290.558284,0.0
-50.0,50,8291.055339,0.0
-50.0,50,8291.554488,0.0
-50.0,50,8292.065073,0.0
-50.0,50,8292.566119,0.0
-50.0,50,8293.06491,0.0
-50.0,50,8293.56407,0.0
-50.0,50,8294.077103,0.0
-50.0,50,8294.570434,0.0
-50.0,50,8295.077621,0.0
-50.0,50,8295.573946,0.0
-50.0,50,8296.074985,0.0
-50.0,50,8296.562831,0.0
-50.0,50,8297.057942,0.0
-50.0,50,8297.550261,0.0
-50.0,50,8298.085543,0.0
-50.0,50,8298.581045,0.0
-50.0,50,8299.068879,0.0
-50.0,50,8299.561934,0.0
-50.0,50,8300.075623,0.0
-50.0,50,8300.569951,0.0
-50.0,50,8301.069539,0.0
-50.0,50,8301.57162,0.0
-50.0,50,8302.076548,0.0
-50.0,50,8302.571041,0.0
-50.0,50,8303.058233,0.0
-50.0,50,8303.543302,0.0
-50.0,50,8304.045971,0.0
-50.0,50,8304.537943,0.0
-50.0,50,8305.028168,0.0
-50.0,50,8305.529098,0.0
-50.0,50,8306.033392,0.0
-50.0,50,8306.533301,0.0
-50.0,50,8307.031543,0.0
-50.0,50,8307.532481,0.0
-50.0,50,8308.035099,0.0
-50.0,50,8308.534279,0.0
-50.0,50,8309.03668,0.0
-50.0,50,8309.530231,0.0
-50.0,50,8310.031584,0.0
0.0,50,8310.53159,1.0
-50.0,50,8311.029888,0.0
-50.0,50,8311.529548,0.0
-50.0,50,8312.040561,0.0
-50.0,50,8312.54158,0.0
-50.0,50,8313.038076,0.0
-50.0,50,8313.534198,0.0
-50.0,50,8314.046603,0.0
-50.0,50,8314.546117,0.0
0.0,50,8315.043,1.0
-50.0,50,8315.532493,0.0
-50.0,50,8316.051078,0.0
-50.0,50,8316.53824,0.0
-50.0,50,8317.02693,0.0
-50.0,50,8317.515818,0.0
-50.0,50,8318.026031,0.0
-50.0,50,8318.523264,0.0
-50.0,50,8319.014971,0.0
-50.0,50,8319.516326,0.0
-50.0,50,8320.020062,0.0
-50.0,50,8320.514759,0.0
-50.0,50,8321.009095,0.0
-50.0,50,8321.509765,0.0
-50.0,50,8322.015914,0.0
-50.0,50,8322.522876,0.0
-50.0,50,8323.016482,0.0
-50.0,50,8323.512615,0.0
0.0,50,8324.034612,1.0
-50.0,50,8324.535159,0.0
-50.0,50,8325.036009,0.0
-50.0,50,8325.541613,0.0
-50.0,50,8326.061739,0.0
-50.0,50,8326.563306,0.0
-50.0,50,8327.065174,0.0
0.0,50,8327.563032,1.0
0.0,50,8328.0732,1.0
0.0,50,8328.578138,1.0
-50.0,50,8329.082618,0.0
-50.0,50,8329.581086,0.0
0.0,50,8332.370807,1.0
-50.0,50,8332.874507,0.0
-50.0,50,8333.372304,0.0
-50.0,50,8333.870886,0.0
-50.0,50,8334.416374,0.0
-50.0,50,8334.91971,0.0
-50.0,50,8335.421845,0.0
-50.0,50,8335.924664,0.0
-50.0,50,8336.446342,0.0
-50.0,50,8336.95958,0.0
-50.0,50,8337.472635,0.0
-50.0,50,8337.972083,0.0
-50.0,50,8338.48324,0.0
-50.0,50,8338.984131,0.0
-50.0,50,8339.485258,0.0
-50.0,50,8339.986161,0.0
-50.0,50,8340.519504,0.0
-50.0,50,8341.02551,0.0
-50.0,50,8341.537102,0.0
-50.0,50,8342.045371,0.0
-50.0,50,8342.553549,0.0
-50.0,50,8343.052342,0.0
-50.0,50,8343.55297,0.0
-50.0,50,8344.065491,0.0
-50.0,50,8344.576139,0.0
-50.0,50,8345.077653,0.0
-50.0,50,8345.579761,0.0
-50.0,50,8346.08027,0.0
0.0,50,8346.596,1.0
-50.0,50,8347.095491,0.0
-50.0,50,8347.591696,0.0
-50.0,50,8348.102211,0.0
-50.0,50,8348.622919,0.0
-50.0,50,8349.130749,0.0
-50.0,50,8349.637416,0.0
-50.0,50,8350.135146,0.0
-50.0,50,8350.645649,0.0
-50.0,50,8351.155573,0.0
-50.0,50,8351.66302,0.0
-50.0,50,8352.162368,0.0
-50.0,50,8352.683737,0.0
-50.0,50,8353.195309,0.0
-50.0,50,8353.69476,0.0
-50.0,50,8354.202589,0.0
-50.0,50,8354.719696,0.0
-50.0,50,8355.229147,0.0
-50.0,50,8355.72992,0.0
-50.0,50,8356.238935,0.0
-50.0,50,8356.751239,0.0
-50.0,50,8357.252634,0.0
0.0,50,8357.753912,1.0
-50.0,50,8358.260919,0.0
-50.0,50,8358.782804,0.0
0.0,50,8359.290287,1.0
-50.0,50,8359.790806,0.0
-50.0,50,8360.29017,0.0
-50.0,50,8360.810319,0.0
-50.0,50,8361.317909,0.0
-50.0,50,8361.821952,0.0
-50.0,50,8362.322716,0.0
-50.0,50,8362.832418,0.0
-50.0,50,8363.321793,0.0
0.0,50,8363.812505,1.0
-50.0,50,8364.32226,0.0
-50.0,50,8364.822676,0.0
-50.0,50,8365.314139,0.0
-50.0,50,8365.808591,0.0
-50.0,50,8366.312798,0.0
-50.0,50,8366.821903,0.0
-50.0,50,8367.3288,0.0
-50.0,50,8367.835265,0.0
-50.0,50,8368.330274,0.0
-50.0,50,8368.835713,0.0
-50.0,50,8369.338237,0.0
-50.0,50,8369.837522,0.0
-50.0,50,8370.337328,0.0
-50.0,50,8370.848397,0.0
0.0,50,8371.334237,1.0
-50.0,50,8371.821775,0.0
-50.0,50,8372.317346,0.0
-50.0,50,8372.826565,0.0
-50.0,50,8373.326437,0.0
-50.0,50,8373.828218,0.0
-50.0,50,8374.333598,0.0
-50.0,50,8374.834665,0.0
0.0,50,8375.335974,1.0
-50.0,50,8375.839663,0.0
-50.0,50,8376.332648,0.0
-50.0,50,8376.844453,0.0
-50.0,50,8377.345634,0.0
-50.0,50,8377.852135,0.0
-50.0,50,8378.346249,0.0
-50.0,50,8378.849121,0.0
-50.0,50,8379.340399,0.0
-50.0,50,8379.831288,0.0
-50.0,50,8380.332562,0.0
-50.0,50,8380.838258,0.0
-50.0,50,8381.327105,0.0
-50.0,50,8381.818804,0.0
0.0,50,8382.307688,1.0
-50.0,50,8382.815791,0.0
-50.0,50,8383.306432,0.0
-50.0,50,8383.806298,0.0
-50.0,50,8384.303922,0.0
-50.0,50,8384.803334,0.0
-50.0,50,8385.296539,0.0
-50.0,50,8385.797925,0.0
-50.0,50,8386.3017,0.0
-50.0,50,8386.806875,0.0
-50.0,50,8387.302358,0.0
-50.0,50,8387.797371,0.0
0.0,50,8388.284906,1.0
-50.0,50,8388.792143,0.0
-50.0,50,8389.288798,0.0
-50.0,50,8389.787722,0.0
-50.0,50,8390.28563,0.0
-50.0,50,8390.799412,0.0
-50.0,50,8391.307356,0.0
-50.0,50,8391.811086,0.0
-50.0,50,8392.311735,0.0
-50.0,50,8392.834841,0.0
-50.0,50,8393.335269,0.0
-50.0,50,8393.829719,0.0
-50.0,50,8394.333614,0.0
-50.0,50,8394.849248,0.0
-50.0,50,8395.34131,0.0
-50.0,50,8395.849008,0.0
-50.0,50,8396.349661,0.0
-50.0,50,8396.862563,0.0
-50.0,50,8397.365862,0.0
-50.0,50,8397.864366,0.0
-50.0,50,8398.364472,0.0
-50.0,50,8398.881903,0.0
-50.0,50,8399.389029,0.0
-50.0,50,8399.888517,0.0
-50.0,50,8400.38312,0.0
-50.0,50,8400.896407,0.0
-50.0,50,8401.391586,0.0
-50.0,50,8401.889749,0.0
-50.0,50,8402.383271,0.0
-50.0,50,8402.892007,0.0
0.0,50,8403.380816,1.0
-50.0,50,8403.872141,0.0
-50.0,50,8404.372472,0.0
-50.0,50,8404.8809,0.0
-50.0,50,8405.372429,0.0
-50.0,50,8405.871423,0.0
-50.0,50,8406.359828,0.0
-50.0,50,8406.88661,0.0
-50.0,50,8407.387791,0.0
-50.0,50,8407.887682,0.0
-50.0,50,8408.387643,0.0
-50.0,50,8408.900924,0.0
-50.0,50,8409.402724,0.0
-50.0,50,8409.891557,0.0
-50.0,50,8410.389404,0.0
-50.0,50,8410.8945,0.0
-50.0,50,8411.386425,0.0
-50.0,50,8411.885762,0.0
-50.0,50,8412.37825,0.0
-50.0,50,8412.889948,0.0
-50.0,50,8413.386513,0.0
-50.0,50,8413.875571,0.0
-50.0,50,8414.369189,0.0
-50.0,50,8414.8714,0.0
-50.0,50,8415.362178,0.0
-50.0,50,8415.859838,0.0
-50.0,50,8416.351185,0.0
-50.0,50,8416.857169,0.0
0.0,50,8417.35654,1.0
-50.0,50,8417.852464,0.0
-50.0,50,8418.343494,0.0
-50.0,50,8418.85074,0.0
-50.0,50,8419.341482,0.0
-50.0,50,8419.831785,0.0
-50.0,50,8420.322501,0.0
-50.0,50,8420.841972,0.0
-50.0,50,8421.34618,0.0
-50.0,50,8421.84546,0.0
-50.0,50,8422.347628,0.0
-50.0,50,8422.855344,0.0
-50.0,50,8423.357582,0.0
-50.0,50,8423.860441,0.0
-50.0,50,8424.353171,0.0
-50.0,50,8424.851764,0.0
-50.0,50,8425.338192,0.0
-50.0,50,8425.832868,0.0
-50.0,50,8426.320439,0.0
-50.0,50,8426.825344,0.0
-50.0,50,8427.330699,0.0
-50.0,50,8427.831749,0.0
-50.0,50,8428.333115,0.0
-50.0,50,8428.846791,0.0
-50.0,50,8429.337708,0.0
-50.0,50,8429.841039,0.0
-50.0,50,8430.339319,0.0
-50.0,50,8430.850233,0.0
-50.0,50,8431.345484,0.0
-50.0,50,8431.843431,0.0
0.0,50,8432.330518,1.0
-50.0,50,8435.130626,0.0
0.0,50,8435.620631,1.0
-50.0,50,8436.122589,0.0
-50.0,50,8436.620487,0.0
-50.0,50,8437.133527,0.0
-50.0,50,8437.624596,0.0
-50.0,50,8438.118304,0.0
-50.0,50,8438.616306,0.0
-50.0,50,8439.130777,0.0
-50.0,50,8439.620415,0.0
-50.0,50,8440.121259,0.0
-50.0,50,8440.616927,0.0
-50.0,50,8441.129047,0.0
-50.0,50,8441.631161,0.0
-50.0,50,8442.128335,0.0
-50.0,50,8442.623847,0.0
-50.0,50,8443.144823,0.0
-50.0,50,8443.64553,0.0
0.0,50,8444.142246,1.0
-50.0,50,8444.643038,0.0
-50.0,50,8445.159168,0.0
-50.0,50,8445.652877,0.0
-50.0,50,8446.143673,0.0
-50.0,50,8446.642576,0.0
-50.0,50,8447.144621,0.0
-50.0,50,8447.644527,0.0
-50.0,50,8448.136589,0.0
-50.0,50,8448.629418,0.0
-50.0,50,8449.134096,0.0
-50.0,50,8449.630904,0.0
-50.0,50,8450.127069,0.0
-50.0,50,8450.617047,0.0
-50.0,50,8451.133544,0.0
-50.0,50,8451.632265,0.0
0.0,50,8452.130796,1.0
-50.0,50,8452.622625,0.0
-50.0,50,8453.135615,0.0
-50.0,50,8453.633761,0.0
-50.0,50,8454.129761,0.0
-50.0,50,8454.625844,0.0
-50.0,50,8455.135544,0.0
-50.0,50,8455.622639,0.0
-50.0,50,8456.133015,0.0
-50.0,50,8456.631603,0.0
-50.0,50,8457.145103,0.0
0.0,50,8457.634327,1.0
-50.0,50,8458.132807,0.0
-50.0,50,8458.622497,0.0
-50.0,50,8459.133646,0.0
-50.0,50,8459.62873,0.0
-50.0,50,8460.129081,0.0
-50.0,50,8460.631859,0.0
-50.0,50,8461.139601,0.0
-50.0,50,8461.632617,0.0
-50.0,50,8462.12284,0.0
-50.0,50,8462.612598,0.0
-50.0,50,8463.127871,0.0
-50.0,50,8463.628197,0.0
-50.0,50,8464.129148,0.0
0.0,50,8464.62162,1.0
-50.0,50,8465.136771,0.0
-50.0,50,8465.637006,0.0
-50.0,50,8466.138834,0.0
0.0,50,8466.648451,1.0
-50.0,50,8467.158262,0.0
-50.0,50,8467.647738,0.0
-50.0,50,8468.146232,0.0
-50.0,50,8468.662619,0.0
-50.0,50,8469.178953,0.0
-50.0,50,8469.668685,0.0
-50.0,50,8470.156243,0.0
-50.0,50,8470.646234,0.0
-50.0,50,8471.150457,0.0
-50.0,50,8471.65035,0.0
-50.0,50,8472.148751,0.0
-50.0,50,8472.6401,0.0
-50.0,50,8473.142915,0.0
-50.0,50,8473.652571,0.0
-50.0,50,8474.14596,0.0
-50.0,50,8474.647042,0.0
-50.0,50,8475.158764,0.0
-50.0,50,8475.658622,0.0
-50.0,50,8476.148554,0.0
-50.0,50,8476.63993,0.0
-50.0,50,8477.142198,0.0
-50.0,50,8477.643763,0.0
-50.0,50,8478.131877,0.0
-50.0,50,8478.62395,0.0
-50.0,50,8479.134013,0.0
0.0,50,8479.633026,1.0
-50.0,50,8480.123009,0.0
-50.0,50,8480.612394,0.0
-50.0,50,8481.112737,0.0
-50.0,50,8481.609535,0.0
-50.0,50,8482.103734,0.0
-50.0,50,8482.59349,0.0
-50.0,50,8483.106947,0.0
0.0,50,8483.605094,1.0
-50.0,50,8484.106715,0.0
-50.0,50,8484.593535,0.0
-50.0,50,8485.105097,0.0
-50.0,50,8485.595492,0.0
0.0,50,8486.084835,1.0
-50.0,50,8486.573587,0.0
-50.0,50,8487.086172,0.0
-50.0,50,8487.587787,0.0
-50.0,50,8488.089355,0.0
-50.0,50,8488.590185,0.0
0.0,50,8489.098611,1.0
-50.0,50,8489.587617,0.0
-50.0,50,8490.082694,0.0
-50.0,50,8490.568908,0.0
-50.0,50,8491.079899,0.0
-50.0,50,8491.574959,0.0
-50.0,50,8492.070994,0.0
-50.0,50,8492.559979,0.0
-50.0,50,8493.073336,0.0
-50.0,50,8493.574256,0.0
-50.0,50,8494.067235,0.0
-50.0,50,8494.559753,0.0
-50.0,50,8495.069554,0.0
-50.0,50,8495.566861,0.0
0.0,50,8496.06711,1.0
-50.0,50,8496.568065,0.0
-50.0,50,8497.080957,0.0
-50.0,50,8497.576034,0.0
0.0,50,8498.076954,1.0
0.0,50,8498.566644,1.0
-50.0,50,8499.06959,0.0
-50.0,50,8499.559469,0.0
-50.0,50,8500.059887,0.0
0.0,50,8500.55095,1.0
-50.0,50,8501.063125,0.0
-50.0,50,8501.564294,0.0
-50.0,50,8502.064762,0.0
-50.0,50,8502.565241,0.0
-50.0,50,8503.073821,0.0
-50.0,50,8503.56903,0.0
-50.0,50,8504.061762,0.0
-50.0,50,8504.555748,0.0
-50.0,50,8505.063675,0.0
-50.0,50,8505.562253,0.0
-50.0,50,8506.05079,0.0
0.0,50,8506.549129,1.0
-50.0,50,8507.065515,0.0
-50.0,50,8507.563291,0.0
-50.0,50,8508.054887,0.0
-50.0,50,8508.542669,0.0
-50.0,50,8509.055372,0.0
-50.0,50,8509.542788,0.0
-50.0,50,8510.029675,0.0
0.0,50,8510.522473,1.0
-50.0,50,8511.024513,0.0
-50.0,50,8511.516122,0.0
-50.0,50,8512.005517,0.0
-50.0,50,8512.495713,0.0
-50.0,50,8513.068307,0.0
-50.0,50,8513.570114,0.0
-50.0,50,8514.067436,0.0
-50.0,50,8514.557885,0.0
-50.0,50,8515.067663,0.0
-50.0,50,8515.560818,0.0
-50.0,50,8516.052181,0.0
-50.0,50,8516.544981,0.0
-50.0,50,8517.045415,0.0
-50.0,50,8517.542917,0.0
-50.0,50,8518.038776,0.0
-50.0,50,8518.537928,0.0
0.0,50,8519.036482,1.0
-50.0,50,8519.525724,0.0
0.0,50,8520.020989,1.0
-50.0,50,8520.51161,0.0
-50.0,50,8521.025158,0.0
-50.0,50,8521.52361,0.0
-50.0,50,8522.011176,0.0
-50.0,50,8522.497959,0.0
-50.0,50,8522.996537,0.0
-50.0,50,8523.495897,0.0
-50.0,50,8523.986538,0.0
-50.0,50,8524.477944,0.0
-50.0,50,8524.990194,0.0
-50.0,50,8525.476896,0.0
-50.0,50,8525.962327,0.0
0.0,50,8526.460933,1.0
-50.0,50,8526.976943,0.0
-50.0,50,8527.478327,0.0
-50.0,50,8527.965194,0.0
-50.0,50,8528.46503,0.0
-50.0,50,8528.970944,0.0
-50.0,50,8529.456943,0.0
0.0,50,8529.954232,1.0
-50.0,50,8530.442719,0.0
-50.0,50,8530.958904,0.0
-50.0,50,8531.4556,0.0
-50.0,50,8531.954967,0.0
-50.0,50,8532.463141,0.0
-50.0,50,8532.985443,0.0
-50.0,50,8533.484861,0.0
-50.0,50,8533.989488,0.0
-50.0,50,8534.495499,0.0
0.0,50,8537.302837,1.0
-50.0,50,8537.800544,0.0
-50.0,50,8538.314503,0.0
0.0,50,8538.843839,1.0
-50.0,50,8539.35376,0.0
-50.0,50,8539.857738,0.0
-50.0,50,8540.365472,0.0
-50.0,50,8540.866281,0.0
-50.0,50,8541.384682,0.0
-50.0,50,8541.884045,0.0
-50.0,50,8542.395306,0.0
-50.0,50,8542.89406,0.0
-50.0,50,8543.408545,0.0
-50.0,50,8543.910734,0.0
-50.0,50,8544.418769,0.0
-50.0,50,8544.919469,0.0
-50.0,50,8545.435606,0.0
-50.0,50,8545.935593,0.0
-50.0,50,8546.441995,0.0
-50.0,50,8546.93124,0.0
0.0,50,8547.431108,1.0
-50.0,50,8547.920459,0.0
0.0,50,8548.418991,1.0
-50.0,50,8548.915662,0.0
0.0,50,8549.421174,1.0
-50.0,50,8549.918069,0.0
-50.0,50,8550.418996,0.0
-50.0,50,8550.917443,0.0
-50.0,50,8551.426535,0.0
-50.0,50,8551.917262,0.0
0.0,50,8552.40584,1.0
-50.0,50,8552.908778,0.0
0.0,50,8553.418719,1.0
-50.0,50,8553.91203,0.0
-50.0,50,8554.411108,0.0
-50.0,50,8554.901829,0.0
-50.0,50,8555.410175,0.0
-50.0,50,8555.899355,0.0
-50.0,50,8556.392239,0.0
-50.0,50,8556.898658,0.0
-50.0,50,8557.397788,0.0
-50.0,50,8557.898015,0.0
-50.0,50,8558.390181,0.0
-50.0,50,8558.881465,0.0
-50.0,50,8559.387459,0.0
-50.0,50,8559.880827,0.0
-50.0,50,8560.374096,0.0
-50.0,50,8560.861404,0.0
-50.0,50,8561.373539,0.0
-50.0,50,8561.866057,0.0
-50.0,50,8562.352924,0.0
-50.0,50,8562.843903,0.0
-50.0,50,8563.354273,0.0
-50.0,50,8563.853994,0.0
-50.0,50,8564.352351,0.0
-50.0,50,8564.841226,0.0
-50.0,50,8565.350854,0.0
-50.0,50,8565.845238,0.0
-50.0,50,8566.333036,0.0
-50.0,50,8566.821242,0.0
-50.0,50,8567.321148,0.0
-50.0,50,8567.820927,0.0
-50.0,50,8568.310042,0.0
-50.0,50,8568.806077,0.0
-50.0,50,8569.307226,0.0
-50.0,50,8569.800109,0.0
-50.0,50,8570.302444,0.0
-50.0,50,8570.797516,0.0
-50.0,50,8571.299854,0.0
-50.0,50,8571.790756,0.0
-50.0,50,8572.276889,0.0
-50.0,50,8572.777077,0.0
-50.0,50,8573.289481,0.0
-50.0,50,8573.778304,0.0
-50.0,50,8574.264543,0.0
0.0,50,8574.764305,1.0
-50.0,50,8575.272177,0.0
-50.0,50,8575.775717,0.0
0.0,50,8576.272049,1.0
-50.0,50,8576.765938,0.0
-50.0,50,8577.26448,0.0
-50.0,50,8577.75744,0.0
-50.0,50,8578.244053,0.0
-50.0,50,8578.733771,0.0
-50.0,50,8579.233267,0.0
-50.0,50,8579.722011,0.0
-50.0,50,8580.211761,0.0
-50.0,50,8580.699503,0.0
-50.0,50,8581.203486,0.0
-50.0,50,8581.701398,0.0
-50.0,50,8582.201708,0.0
-50.0,50,8582.688881,0.0
-50.0,50,8583.188041,0.0
-50.0,50,8583.687499,0.0
-50.0,50,8584.192142,0.0
-50.0,50,8584.68662,0.0
-50.0,50,8585.190165,0.0
-50.0,50,8585.677876,0.0
-50.0,50,8586.164576,0.0
-50.0,50,8586.650909,0.0
-2.0,50,8587.160193,1.0
-50.0,50,8587.671271,0.0
-50.0,50,8588.164033,0.0
-50.0,50,8588.66019,0.0
-50.0,50,8589.161035,0.0
0.0,50,8589.655131,1.0
-50.0,50,8590.14573,0.0
0.0,50,8590.649818,1.0
-50.0,50,8591.183304,0.0
-50.0,50,8591.673991,0.0
-50.0,50,8592.16345,0.0
-50.0,50,8592.658256,0.0
-50.0,50,8593.170108,0.0
-50.0,50,8593.660073,0.0
-50.0,50,8594.155211,0.0
-50.0,50,8594.656065,0.0
-50.0,50,8595.178346,0.0
-50.0,50,8595.683485,0.0
-50.0,50,8596.17223,0.0
-50.0,50,8596.672372,0.0
-50.0,50,8597.179171,0.0
-50.0,50,8597.674205,0.0
-50.0,50,8598.167634,0.0
-50.0,50,8598.658907,0.0
-50.0,50,8599.168197,0.0
-50.0,50,8599.656931,0.0
-50.0,50,8600.146538,0.0
-50.0,50,8600.642196,0.0
-50.0,50,8601.164928,0.0
-50.0,50,8601.674726,0.0
-50.0,50,8602.182906,0.0
-50.0,50,8602.691466,0.0
-50.0,50,8603.205876,0.0
-50.0,50,8603.711923,0.0
-50.0,50,8604.22087,0.0
-50.0,50,8604.722542,0.0
-50.0,50,8605.230472,0.0
-50.0,50,8605.72826,0.0
-50.0,50,8606.233594,0.0
-50.0,50,8606.739648,0.0
-50.0,50,8607.261602,0.0
-50.0,50,8607.759275,0.0
-50.0,50,8608.268795,0.0
-50.0,50,8608.775968,0.0
-50.0,50,8609.286063,0.0
-50.0,50,8609.793666,0.0
-50.0,50,8610.297608,0.0
-50.0,50,8610.803108,0.0
-50.0,50,8611.323949,0.0
-50.0,50,8611.841068,0.0
-50.0,50,8612.353911,0.0
-50.0,50,8612.874543,0.0
-50.0,50,8613.389596,0.0
-50.0,50,8613.893784,0.0
-50.0,50,8614.395899,0.0
-50.0,50,8614.89581,0.0
-50.0,50,8615.4065,0.0
-50.0,50,8615.919252,0.0
-50.0,50,8616.436471,0.0
-50.0,50,8616.936854,0.0
-50.0,50,8617.459406,0.0
-50.0,50,8617.966246,0.0
-50.0,50,8618.472061,0.0
-50.0,50,8618.988662,0.0
-50.0,50,8619.511591,0.0
-50.0,50,8620.011465,0.0
-50.0,50,8620.520913,0.0
-50.0,50,8621.027012,0.0
-50.0,50,8621.536807,0.0
-50.0,50,8622.034809,0.0
-50.0,50,8622.551005,0.0
-50.0,50,8623.076841,0.0
-50.0,50,8623.583508,0.0
0.0,50,8624.092606,1.0
-50.0,50,8624.607151,0.0
-50.0,50,8625.121706,0.0
-50.0,50,8625.640368,0.0
-50.0,50,8626.141988,0.0
-50.0,50,8626.64451,0.0
-50.0,50,8627.166525,0.0
-50.0,50,8627.697305,0.0
-50.0,50,8628.219141,0.0
-50.0,50,8628.735883,0.0
-50.0,50,8629.241353,0.0
-50.0,50,8629.767595,0.0
-50.0,50,8630.291409,0.0
0.0,50,8630.802943,1.0
-50.0,50,8631.318929,0.0
-50.0,50,8631.846519,0.0
-50.0,50,8632.357638,0.0
-50.0,50,8632.862709,0.0
-50.0,50,8633.361016,0.0
-50.0,50,8633.8799,0.0
-50.0,50,8634.377368,0.0
-50.0,50,8634.891693,0.0
-50.0,50,8635.391379,0.0
-50.0,50,8635.907298,0.0
-50.0,50,8636.410963,0.0
-50.0,50,8636.919118,0.0
-50.0,50,8637.424654,0.0
-50.0,50,8640.306556,0.0
-50.0,50,8640.797093,0.0
-50.0,50,8641.299748,0.0
-50.0,50,8641.802473,0.0
-50.0,50,8642.316173,0.0
-50.0,50,8642.817858,0.0
-50.0,50,8643.319526,0.0
-50.0,50,8643.835011,0.0
-50.0,50,8644.347935,0.0
-50.0,50,8644.855026,0.0
-50.0,50,8645.355803,0.0
-50.0,50,8645.860011,0.0
-50.0,50,8646.371327,0.0
-50.0,50,8646.874445,0.0
-50.0,50,8647.366213,0.0
-50.0,50,8647.859359,0.0
-50.0,50,8648.372853,0.0
-50.0,50,8648.873177,0.0
-50.0,50,8649.379878,0.0
-50.0,50,8649.887824,0.0
-50.0,50,8650.410743,0.0
-50.0,50,8650.919696,0.0
-50.0,50,8651.426906,0.0
-50.0,50,8651.929657,0.0
-50.0,50,8652.454011,0.0
-50.0,50,8652.951427,0.0
0.0,50,8653.454409,1.0
-50.0,50,8653.965627,0.0
-50.0,50,8654.47663,0.0
-50.0,50,8654.979326,0.0
-50.0,50,8655.480376,0.0
-50.0,50,8655.976612,0.0
-50.0,50,8656.483123,0.0
0.0,50,8656.985099,1.0
-50.0,50,8657.485768,0.0
-50.0,50,8657.995883,0.0
-50.0,50,8658.507057,0.0
-50.0,50,8659.00829,0.0
-50.0,50,8659.508902,0.0
-50.0,50,8660.018067,0.0
-50.0,50,8660.5385,0.0
-50.0,50,8661.046646,0.0
-50.0,50,8661.553066,0.0
-50.0,50,8662.054855,0.0
-50.0,50,8662.571201,0.0
-50.0,50,8663.072467,0.0
-50.0,50,8663.578999,0.0
-50.0,50,8664.084756,0.0
-50.0,50,8664.59821,0.0
-50.0,50,8665.100115,0.0
-50.0,50,8665.599788,0.0
-50.0,50,8666.105351,0.0
-50.0,50,8666.609385,0.0
-50.0,50,8667.109784,0.0
-50.0,50,8667.621886,0.0
0.0,50,8668.124384,1.0
-50.0,50,8668.640499,0.0
-50.0,50,8669.14737,0.0
-50.0,50,8669.660848,0.0
-50.0,50,8670.153081,0.0
-50.0,50,8670.666874,0.0
-50.0,50,8671.174684,0.0
-50.0,50,8671.672694,0.0
-50.0,50,8672.176855,0.0
-50.0,50,8672.7037,0.0
-50.0,50,8673.208183,0.0
-50.0,50,8673.718589,0.0
-50.0,50,8674.219844,0.0
-50.0,50,8674.73556,0.0
-50.0,50,8675.236692,0.0
-50.0,50,8675.743941,0.0
-50.0,50,8676.250697,0.0
-50.0,50,8676.773943,0.0
-50.0,50,8677.276591,0.0
-50.0,50,8677.797448,0.0
-50.0,50,8678.310948,0.0
-50.0,50,8678.819866,0.0
-50.0,50,8679.324765,0.0
-50.0,50,8679.823406,0.0
-50.0,50,8680.320995,0.0
-50.0,50,8680.842061,0.0
-50.0,50,8681.342384,0.0
-50.0,50,8681.847009,0.0
-50.0,50,8682.349929,0.0
-50.0,50,8682.884709,0.0
-50.0,50,8683.387592,0.0
-50.0,50,8683.887187,0.0
-50.0,50,8684.382429,0.0
-50.0,50,8684.901151,0.0
-50.0,50,8685.425433,0.0
-50.0,50,8685.929085,0.0
-50.0,50,8686.424077,0.0
-50.0,50,8686.936202,0.0
-50.0,50,8687.437498,0.0
-50.0,50,8687.936247,0.0
-50.0,50,8688.433392,0.0
0.0,50,8688.95097,1.0
-50.0,50,8689.453607,0.0
-50.0,50,8689.951354,0.0
-50.0,50,8690.452741,0.0
-50.0,50,8691.019052,0.0
-50.0,50,8691.523942,0.0
-50.0,50,8692.019818,0.0
-50.0,50,8692.520577,0.0
-50.0,50,8693.033728,0.0
-50.0,50,8693.523961,0.0
-50.0,50,8694.02036,0.0
-50.0,50,8694.510014,0.0
-50.0,50,8695.012399,0.0
-50.0,50,8695.501519,0.0
-50.0,50,8696.002099,0.0
-50.0,50,8696.496138,0.0
-50.0,50,8697.019814,0.0
-50.0,50,8697.512197,0.0
-50.0,50,8698.009956,0.0
-50.0,50,8698.505994,0.0
-50.0,50,8699.01079,0.0
-50.0,50,8699.501126,0.0
-45.0,50,8699.997117,0.0
-50.0,50,8700.505816,0.0
-50.0,50,8701.021297,0.0
-50.0,50,8701.521896,0.0
0.0,50,8702.017061,1.0
-50.0,50,8702.516399,0.0
-50.0,50,8703.046059,0.0
-50.0,50,8703.544242,0.0
0.0,50,8704.034775,1.0
-50.0,50,8704.536058,0.0
-50.0,50,8705.064041,0.0
-50.0,50,8705.56741,0.0
-50.0,50,8706.061336,0.0
-50.0,50,8706.55164,0.0
-50.0,50,8707.057766,0.0
-50.0,50,8707.556061,0.0
-50.0,50,8708.057137,0.0
-50.0,50,8708.548088,0.0
-50.0,50,8709.064501,0.0
-50.0,50,8709.562784,0.0
-50.0,50,8710.061601,0.0
-50.0,50,8710.565348,0.0
-50.0,50,8711.069877,0.0
-50.0,50,8711.559748,0.0
-50.0,50,8712.052614,0.0
-50.0,50,8712.543995,0.0
0.0,50,8713.052651,1.0
-50.0,50,8713.550579,0.0
-50.0,50,8714.047493,0.0
0.0,50,8714.547465,1.0
-50.0,50,8715.059683,0.0
-50.0,50,8715.561341,0.0
-50.0,50,8716.058681,0.0
-50.0,50,8716.552514,0.0
-50.0,50,8717.059421,0.0
-50.0,50,8717.558802,0.0
-50.0,50,8718.058158,0.0
-50.0,50,8718.5529,0.0
-50.0,50,8719.066813,0.0
-50.0,50,8719.558475,0.0
-50.0,50,8720.059766,0.0
-50.0,50,8720.55455,0.0
-50.0,50,8721.060967,0.0
-50.0,50,8721.565742,0.0
-50.0,50,8722.069063,0.0
-50.0,50,8722.567905,0.0
-50.0,50,8723.074734,0.0
0.0,50,8723.560531,1.0
-50.0,50,8724.060928,0.0
-50.0,50,8724.553007,0.0
-50.0,50,8725.071338,0.0
-50.0,50,8725.568114,0.0
-50.0,50,8726.061345,0.0
-50.0,50,8726.560856,0.0
-50.0,50,8727.066817,0.0
-50.0,50,8727.566784,0.0
-50.0,50,8728.061009,0.0
-50.0,50,8728.562891,0.0
-50.0,50,8729.070909,0.0
-50.0,50,8729.572988,0.0
-50.0,50,8730.070826,0.0
-50.0,50,8730.584392,0.0
-50.0,50,8731.095757,0.0
-50.0,50,8731.583046,0.0
-50.0,50,8732.082498,0.0
-50.0,50,8732.573933,0.0
-50.0,50,8733.088397,0.0
-50.0,50,8733.582269,0.0
-50.0,50,8734.085188,0.0
-50.0,50,8734.570289,0.0
-50.0,50,8735.082736,0.0
-50.0,50,8735.583815,0.0
-50.0,50,8736.074959,0.0
-50.0,50,8736.567732,0.0
-50.0,50,8737.068886,0.0
-50.0,50,8737.563618,0.0
-50.0,50,8738.061553,0.0
-50.0,50,8738.560668,0.0
-50.0,50,8739.072784,0.0
-50.0,50,8739.581009,0.0
-50.0,50,8740.08908,0.0
-50.0,50,8740.585717,0.0
-50.0,50,8743.543688,0.0
-50.0,50,8744.038824,0.0
-50.0,50,8744.528346,0.0
-50.0,50,8745.027723,0.0
-50.0,50,8745.526562,0.0
-50.0,50,8746.027723,0.0
0.0,50,8746.532746,1.0
-50.0,50,8747.025602,0.0
-50.0,50,8747.541729,0.0
-50.0,50,8748.041897,0.0
-50.0,50,8748.537004,0.0
-50.0,50,8749.031464,0.0
-50.0,50,8749.539717,0.0
0.0,50,8750.02851,1.0
0.0,50,8750.519757,1.0
-50.0,50,8751.027234,0.0
-50.0,50,8751.550917,0.0
-50.0,50,8752.060605,0.0
-50.0,50,8752.566626,0.0
-50.0,50,8753.060842,0.0
-50.0,50,8753.579814,0.0
-50.0,50,8754.081196,0.0
-50.0,50,8754.575399,0.0
-50.0,50,8755.070111,0.0
-50.0,50,8755.580123,0.0
-50.0,50,8756.083681,0.0
-50.0,50,8756.583462,0.0
-50.0,50,8757.074692,0.0
-50.0,50,8757.58818,0.0
-50.0,50,8758.08995,0.0
-50.0,50,8758.596104,0.0
-50.0,50,8759.092384,0.0
-50.0,50,8759.603819,0.0
-50.0,50,8760.102952,0.0
-50.0,50,8760.609438,0.0
-50.0,50,8761.104581,0.0
-50.0,50,8761.618923,0.0
-50.0,50,8762.120123,0.0
-50.0,50,8762.614655,0.0
-50.0,50,8763.116381,0.0
-50.0,50,8763.629049,0.0
0.0,50,8764.127133,1.0
-50.0,50,8764.622074,0.0
-50.0,50,8765.120095,0.0
0.0,50,8765.631066,1.0
-50.0,50,8766.132742,0.0
-50.0,50,8766.634914,0.0
-50.0,50,8767.136016,0.0
-50.0,50,8767.656368,0.0
-50.0,50,8768.156422,0.0
-50.0,50,8768.657611,0.0
-50.0,50,8769.149795,0.0
-50.0,50,8769.669773,0.0
-50.0,50,8770.171292,0.0
-50.0,50,8770.675695,0.0
-50.0,50,8771.165302,0.0
0.0,50,8771.666373,1.0
-50.0,50,8772.166652,0.0
-50.0,50,8772.657381,0.0
-50.0,50,8773.151633,0.0
-50.0,50,8773.66246,0.0
-50.0,50,8774.159498,0.0
0.0,50,8774.658902,1.0
-50.0,50,8775.155182,0.0
-50.0,50,8775.658249,0.0
-50.0,50,8776.158029,0.0
-50.0,50,8776.655795,0.0
-50.0,50,8777.15978,0.0
0.0,50,8777.667148,1.0
-50.0,50,8778.167474,0.0
-50.0,50,8778.662284,0.0
-50.0,50,8779.161726,0.0
-50.0,50,8779.669211,0.0
-50.0,50,8780.166358,0.0
-50.0,50,8780.674711,0.0
-50.0,50,8781.183344,0.0
-50.0,50,8781.707619,0.0
-50.0,50,8782.214566,0.0
-50.0,50,8782.726057,0.0
-50.0,50,8783.219994,0.0
-50.0,50,8783.738033,0.0
-50.0,50,8784.248,0.0
-50.0,50,8784.74314,0.0
-50.0,50,8785.253031,0.0
-50.0,50,8785.759733,0.0
-50.0,50,8786.256625,0.0
-50.0,50,8786.749131,0.0
-50.0,50,8787.250435,0.0
-50.0,50,8787.749824,0.0
-50.0,50,8788.251555,0.0
0.0,50,8788.745896,1.0
-50.0,50,8789.23946,0.0
-50.0,50,8789.751832,0.0
-50.0,50,8790.252535,0.0
-50.0,50,8790.742538,0.0
-50.0,50,8791.244875,0.0
-50.0,50,8791.756586,0.0
-50.0,50,8792.257074,0.0
-50.0,50,8792.760283,0.0
0.0,50,8793.258075,1.0
-50.0,50,8793.765313,0.0
-50.0,50,8794.266093,0.0
-50.0,50,8794.755812,0.0
-50.0,50,8795.255113,0.0
-50.0,50,8795.766539,0.0
-50.0,50,8796.264583,0.0
-50.0,50,8796.766319,0.0
-50.0,50,8797.254695,0.0
-50.0,50,8797.75311,0.0
-50.0,50,8798.252944,0.0
-50.0,50,8798.749685,0.0
-50.0,50,8799.249323,0.0
-50.0,50,8799.751598,0.0
-50.0,50,8800.257618,0.0
-50.0,50,8800.754924,0.0
-50.0,50,8801.255321,0.0
0.0,50,8801.78204,1.0
-50.0,50,8802.282053,0.0
-50.0,50,8802.769201,0.0
-50.0,50,8803.273077,0.0
-50.0,50,8803.784997,0.0
-50.0,50,8804.285897,0.0
-50.0,50,8804.785598,0.0
0.0,50,8805.275679,1.0
-50.0,50,8805.774588,0.0
-50.0,50,8806.275626,0.0
-50.0,50,8806.769404,0.0
-50.0,50,8807.271986,0.0
-50.0,50,8807.772465,0.0
-50.0,50,8808.261175,0.0
-50.0,50,8808.771489,0.0
-50.0,50,8809.268044,0.0
-50.0,50,8809.764584,0.0
-50.0,50,8810.249327,0.0
-50.0,50,8810.75143,0.0
-50.0,50,8811.250121,0.0
0.0,50,8811.750845,1.0
-50.0,50,8812.238852,0.0
-50.0,50,8812.737773,0.0
0.0,50,8813.237798,1.0
-50.0,50,8813.750969,0.0
-50.0,50,8814.244427,0.0
0.0,50,8814.749076,1.0
-50.0,50,8815.238253,0.0
-50.0,50,8815.740055,0.0
-50.0,50,8816.228562,0.0
-50.0,50,8816.728962,0.0
-50.0,50,8817.22997,0.0
-50.0,50,8817.736006,0.0
-50.0,50,8818.231511,0.0
-50.0,50,8818.728969,0.0
-50.0,50,8819.231505,0.0
-50.0,50,8819.748498,0.0
0.0,50,8820.249511,1.0
-50.0,50,8820.751456,0.0
0.0,50,8821.254392,1.0
-50.0,50,8821.76379,0.0
0.0,50,8822.263152,1.0
-50.0,50,8822.764108,0.0
-50.0,50,8823.260357,0.0
-50.0,50,8823.7612,0.0
0.0,50,8824.253194,1.0
-50.0,50,8824.750254,0.0
-50.0,50,8825.256656,0.0
-50.0,50,8825.767053,0.0
-50.0,50,8826.266139,0.0
-50.0,50,8826.762852,0.0
-50.0,50,8827.251623,0.0
0.0,50,8827.774043,1.0
-50.0,50,8828.27311,0.0
-50.0,50,8828.76547,0.0
-50.0,50,8829.262151,0.0
-50.0,50,8829.772232,0.0
-50.0,50,8830.267837,0.0
-50.0,50,8830.752805,0.0
-50.0,50,8831.244599,0.0
-50.0,50,8831.758949,0.0
-50.0,50,8832.244641,0.0
-50.0,50,8832.735436,0.0
-50.0,50,8833.233371,0.0
-50.0,50,8833.754062,0.0
-50.0,50,8834.250297,0.0
-50.0,50,8834.740849,0.0
-50.0,50,8835.233184,0.0
-50.0,50,8835.748608,0.0
-50.0,50,8836.243017,0.0
-50.0,50,8836.747135,0.0
-50.0,50,8837.247271,0.0
-50.0,50,8837.745866,0.0
-50.0,50,8838.245987,0.0
-50.0,50,8838.735039,0.0
0.0,50,8839.229025,1.0
-50.0,50,8839.732992,0.0
-50.0,50,8840.23014,0.0
-50.0,50,8840.721162,0.0
-50.0,50,8841.221914,0.0
-50.0,50,8841.733722,0.0
-50.0,50,8842.23396,0.0
-50.0,50,8842.725749,0.0
-50.0,50,8843.222672,0.0
0.0,50,8846.014246,1.0
-50.0,50,8846.505698,0.0
-50.0,50,8847.010383,0.0
-50.0,50,8847.500835,0.0
-50.0,50,8848.004571,0.0
0.0,50,8848.502675,1.0
-50.0,50,8848.999252,0.0
-50.0,50,8849.49052,0.0
-50.0,50,8849.998365,0.0
-50.0,50,8850.494797,0.0
-50.0,50,8850.984045,0.0
-50.0,50,8851.478388,0.0
-50.0,50,8851.977823,0.0
-50.0,50,8852.4764,0.0
-50.0,50,8852.963523,0.0
-50.0,50,8853.465029,0.0
-50.0,50,8853.977493,0.0
-50.0,50,8854.468969,0.0
-50.0,50,8854.960555,0.0
-50.0,50,8855.461704,0.0
-50.0,50,8855.970298,0.0
-50.0,50,8856.477148,0.0
-50.0,50,8856.971961,0.0
-50.0,50,8857.470722,0.0
-50.0,50,8857.983451,0.0
-50.0,50,8858.484117,0.0
-50.0,50,8858.983981,0.0
-50.0,50,8859.473715,0.0
-50.0,50,8859.991611,0.0
-50.0,50,8860.497366,0.0
-50.0,50,8861.012319,0.0
-50.0,50,8861.515869,0.0
-50.0,50,8862.027816,0.0
-50.0,50,8862.526051,0.0
-50.0,50,8863.019836,0.0
-50.0,50,8863.511978,0.0
-50.0,50,8864.011836,0.0
-50.0,50,8864.510999,0.0
-50.0,50,8865.001696,0.0
-50.0,50,8865.492048,0.0
-50.0,50,8865.990972,0.0
-50.0,50,8866.487755,0.0
-50.0,50,8866.981044,0.0
-50.0,50,8867.486569,0.0
-50.0,50,8867.993535,0.0
-50.0,50,8868.49553,0.0
-50.0,50,8868.993137,0.0
-50.0,50,8869.506811,0.0
-50.0,50,8870.012369,0.0
-50.0,50,8870.503995,0.0
-50.0,50,8870.997807,0.0
-50.0,50,8871.4903,0.0
-50.0,50,8871.994717,0.0
-50.0,50,8872.490458,0.0
-50.0,50,8872.989525,0.0
-50.0,50,8873.490681,0.0
-50.0,50,8873.996241,0.0
-50.0,50,8874.49453,0.0
-50.0,50,8874.991325,0.0
-50.0,50,8875.492545,0.0
-50.0,50,8876.00358,0.0
-50.0,50,8876.493983,0.0
0.0,50,8876.994418,1.0
-50.0,50,8877.495214,0.0
-50.0,50,8878.00674,0.0
-50.0,50,8878.49349,0.0
-50.0,50,8878.994271,0.0
-50.0,50,8879.49613,0.0
-50.0,50,8880.007238,0.0
0.0,50,8880.508723,1.0
-50.0,50,8881.010455,0.0
-50.0,50,8881.506243,0.0
-50.0,50,8882.004442,0.0
-50.0,50,8882.499578,0.0
-50.0,50,8882.993967,0.0
0.0,50,8883.483652,1.0
-50.0,50,8883.982027,0.0
-50.0,50,8884.480315,0.0
-50.0,50,8884.968986,0.0
-50.0,50,8885.4682,0.0
-50.0,50,8885.966516,0.0
-50.0,50,8886.453639,0.0
-50.0,50,8886.943016,0.0
-50.0,50,8887.432125,0.0
-50.0,50,8887.939453,0.0
0.0,50,8888.439591,1.0
-50.0,50,8888.927708,0.0
-50.0,50,8889.422389,0.0
-50.0,50,8889.92237,0.0
-50.0,50,8890.412493,0.0
-50.0,50,8890.913627,0.0
-50.0,50,8891.404113,0.0
-50.0,50,8891.906291,0.0
-50.0,50,8892.399629,0.0
-50.0,50,8892.899269,0.0
-50.0,50,8893.389759,0.0
-50.0,50,8893.900326,0.0
-50.0,50,8894.39832,0.0
-50.0,50,8894.889307,0.0
-50.0,50,8895.390409,0.0
-50.0,50,8895.893167,0.0
-50.0,50,8896.39113,0.0
-50.0,50,8896.889371,0.0
-50.0,50,8897.389362,0.0
-50.0,50,8897.894487,0.0
-50.0,50,8898.396086,0.0
-50.0,50,8898.894046,0.0
-50.0,50,8899.396661,0.0
-50.0,50,8899.90991,0.0
-50.0,50,8900.411304,0.0
-50.0,50,8900.913793,0.0
-50.0,50,8901.414746,0.0
-50.0,50,8901.938736,0.0
-50.0,50,8902.43972,0.0
-50.0,50,8902.939268,0.0
-50.0,50,8903.438379,0.0
-50.0,50,8903.945267,0.0
-50.0,50,8904.433653,0.0
0.0,50,8904.927439,1.0
-50.0,50,8905.42834,0.0
0.0,50,8905.937416,1.0
-50.0,50,8906.426978,0.0
-50.0,50,8906.925921,0.0
-50.0,50,8907.416643,0.0
0.0,50,8907.916046,1.0
-50.0,50,8908.416302,0.0
-50.0,50,8908.91792,0.0
-50.0,50,8909.408601,0.0
-50.0,50,8909.920909,0.0
0.0,50,8910.421014,1.0
-50.0,50,8910.917409,0.0
0.0,50,8911.415714,1.0
-50.0,50,8911.929508,0.0
-50.0,50,8912.421088,0.0
0.0,50,8912.92566,1.0
-50.0,50,8913.428768,0.0
-50.0,50,8913.939234,0.0
-50.0,50,8914.422179,0.0
-50.0,50,8914.917486,0.0
-50.0,50,8915.401393,0.0
-50.0,50,8915.912252,0.0
-50.0,50,8916.411774,0.0
-50.0,50,8916.910502,0.0
-50.0,50,8917.404173,0.0
-50.0,50,8917.914319,0.0
-50.0,50,8918.402815,0.0
-50.0,50,8918.88438,0.0
-50.0,50,8919.372038,0.0
-50.0,50,8919.884519,0.0
-50.0,50,8920.372785,0.0
-50.0,50,8920.86227,0.0
-50.0,50,8921.362787,0.0
-50.0,50,8921.855329,0.0
-50.0,50,8922.33962,0.0
-50.0,50,8922.837164,0.0
-50.0,50,8923.32764,0.0
-50.0,50,8923.836473,0.0
-50.0,50,8924.319233,0.0
-50.0,50,8924.814995,0.0
-50.0,50,8925.317623,0.0
-50.0,50,8925.834064,0.0
-50.0,50,8926.341263,0.0
-50.0,50,8926.839238,0.0
-50.0,50,8927.33161,0.0
-50.0,50,8927.843432,0.0
-50.0,50,8928.339481,0.0
-50.0,50,8928.822695,0.0
-50.0,50,8929.318217,0.0
-50.0,50,8929.83456,0.0
-50.0,50,8930.332356,0.0
-50.0,50,8930.832282,0.0
-50.0,50,8931.34419,0.0
0.0,50,8931.847149,1.0
-50.0,50,8932.337036,0.0
-50.0,50,8932.831114,0.0
-50.0,50,8933.337074,0.0
-50.0,50,8933.851461,0.0
-50.0,50,8934.346306,0.0
-50.0,50,8934.852211,0.0
-50.0,50,8935.347411,0.0
-50.0,50,8935.861099,0.0
-50.0,50,8936.366576,0.0
0.0,50,8936.862466,1.0
-50.0,50,8937.363531,0.0
-50.0,50,8937.868734,0.0
-50.0,50,8938.354375,0.0
-50.0,50,8938.854501,0.0
-50.0,50,8939.345254,0.0
-50.0,50,8939.854777,0.0
-50.0,50,8940.350997,0.0
-50.0,50,8940.84652,0.0
0.0,50,8941.339263,1.0
-50.0,50,8941.841795,0.0
-50.0,50,8942.330399,0.0
-50.0,50,8942.819287,0.0
-50.0,50,8943.319788,0.0
-50.0,50,8943.828148,0.0
-50.0,50,8944.327566,0.0
-50.0,50,8944.829014,0.0
-50.0,50,8945.331565,0.0
-50.0,50,8948.226758,0.0
-50.0,50,8948.727734,0.0
-50.0,50,8949.228915,0.0
-50.0,50,8949.730052,0.0
-50.0,50,8950.238505,0.0
-50.0,50,8950.739694,0.0
-50.0,50,8951.241903,0.0
-50.0,50,8951.748847,0.0
-50.0,50,8952.259818,0.0
-50.0,50,8952.761337,0.0
-50.0,50,8953.255491,0.0
-50.0,50,8953.757746,0.0
-50.0,50,8954.260158,0.0
-50.0,50,8954.760804,0.0
-50.0,50,8955.262025,0.0
-50.0,50,8955.763606,0.0
0.0,50,8956.274966,1.0
-50.0,50,8956.77488,0.0
-50.0,50,8957.275068,0.0
-50.0,50,8957.775088,0.0
-50.0,50,8958.28703,0.0
-50.0,50,8958.785645,0.0
-50.0,50,8959.286778,0.0
-50.0,50,8959.786508,0.0
-50.0,50,8960.295356,0.0
-50.0,50,8960.792796,0.0
-50.0,50,8961.284737,0.0
-50.0,50,8961.787023,0.0
-50.0,50,8962.298538,0.0
-50.0,50,8962.797359,0.0
-50.0,50,8963.294673,0.0
-50.0,50,8963.796282,0.0
-50.0,50,8964.305201,0.0
0.0,50,8964.804248,1.0
-50.0,50,8965.306302,0.0
-50.0,50,8965.806872,0.0
0.0,50,8966.331261,1.0
-50.0,50,8966.829001,0.0
-50.0,50,8967.3197,0.0
-50.0,50,8967.809756,0.0
-50.0,50,8968.321305,0.0
0.0,50,8968.82012,1.0
-50.0,50,8969.312675,0.0
-50.0,50,8969.820379,0.0
-50.0,50,8970.333669,0.0
-50.0,50,8970.839141,0.0
-50.0,50,8971.350884,0.0
-50.0,50,8971.854671,0.0
-50.0,50,8972.358052,0.0
-50.0,50,8972.853393,0.0
-50.0,50,8973.345078,0.0
-50.0,50,8973.840997,0.0
-50.0,50,8974.346476,0.0
-50.0,50,8974.850687,0.0
-50.0,50,8975.340858,0.0
-50.0,50,8975.840043,0.0
-50.0,50,8976.350632,0.0
-50.0,50,8976.851522,0.0
-50.0,50,8977.351828,0.0
-50.0,50,8977.853507,0.0
-50.0,50,8978.377068,0.0
-50.0,50,8978.878548,0.0
-50.0,50,8979.382482,0.0
-50.0,50,8979.881618,0.0
-50.0,50,8980.383427,0.0
-50.0,50,8980.880066,0.0
-50.0,50,8981.377675,0.0
-50.0,50,8981.873769,0.0
-50.0,50,8982.385787,0.0
-50.0,50,8982.886885,0.0
-50.0,50,8983.391035,0.0
0.0,50,8983.901462,1.0
-50.0,50,8984.420997,0.0
-50.0,50,8984.933467,0.0
-50.0,50,8985.44436,0.0
-50.0,50,8985.947015,0.0
-50.0,50,8986.467929,0.0
-50.0,50,8986.981232,0.0
0.0,50,8987.489638,1.0
-50.0,50,8987.99978,0.0
-50.0,50,8988.513526,0.0
-50.0,50,8989.025529,0.0
-50.0,50,8989.529641,0.0
-50.0,50,8990.036567,0.0
-50.0,50,8990.549082,0.0
-50.0,50,8991.051169,0.0
-50.0,50,8991.558121,0.0
-50.0,50,8992.055825,0.0
-50.0,50,8992.5648,0.0
-50.0,50,8993.06324,0.0
-50.0,50,8993.556547,0.0
-50.0,50,8994.05698,0.0
-50.0,50,8994.569747,0.0
-50.0,50,8995.069651,0.0
-50.0,50,8995.576616,0.0
-50.0,50,8996.078758,0.0
-50.0,50,8996.591366,0.0
-50.0,50,8997.09404,0.0
-50.0,50,8997.595382,0.0
-50.0,50,8998.105163,0.0
-50.0,50,8998.630497,0.0
-50.0,50,8999.130304,0.0
-50.0,50,8999.645299,0.0
-50.0,50,9000.139535,0.0
-50.0,50,9000.651736,0.0
-50.0,50,9001.145476,0.0
-50.0,50,9001.650082,0.0
-50.0,50,9002.14493,0.0
0.0,50,9002.657447,1.0
-50.0,50,9003.172798,0.0
0.0,50,9003.665528,1.0
-50.0,50,9004.168485,0.0
-50.0,50,9004.684543,0.0
-50.0,50,9005.186256,0.0
-50.0,50,9005.699856,0.0
-50.0,50,9006.202106,0.0
-50.0,50,9006.715148,0.0
-50.0,50,9007.216419,0.0
-50.0,50,9007.722096,0.0
-50.0,50,9008.234677,0.0
-50.0,50,9008.750593,0.0
-50.0,50,9009.251247,0.0
-50.0,50,9009.758929,0.0
-50.0,50,9010.265153,0.0
-50.0,50,9010.783673,0.0
-50.0,50,9011.291977,0.0
-50.0,50,9011.802529,0.0
-50.0,50,9012.310391,0.0
-50.0,50,9012.80785,0.0
-50.0,50,9013.297032,0.0
-50.0,50,9013.782976,0.0
-50.0,50,9014.271586,0.0
-50.0,50,9014.779702,0.0
-50.0,50,9015.269998,0.0
-50.0,50,9015.754721,0.0
-50.0,50,9016.242186,0.0
-50.0,50,9016.743832,0.0
-50.0,50,9017.239393,0.0
-50.0,50,9017.724841,0.0
-50.0,50,9018.221801,0.0
-50.0,50,9018.727559,0.0
-50.0,50,9019.218899,0.0
0.0,50,9019.710706,1.0
-50.0,50,9020.205848,0.0
0.0,50,9020.709713,1.0
-50.0,50,9021.212217,0.0
-50.0,50,9021.722017,0.0
0.0,50,9022.215257,1.0
-50.0,50,9022.728671,0.0
-50.0,50,9023.23241,0.0
-50.0,50,9023.735796,0.0
-50.0,50,9024.244366,0.0
-50.0,50,9024.776824,0.0
-50.0,50,9025.275577,0.0
-50.0,50,9025.776451,0.0
-50.0,50,9026.269267,0.0
-50.0,50,9026.780889,0.0
-50.0,50,9027.283352,0.0
-50.0,50,9027.779871,0.0
-50.0,50,9028.276227,0.0
-50.0,50,9028.784936,0.0
-50.0,50,9029.281063,0.0
-50.0,50,9029.772625,0.0
-50.0,50,9030.273189,0.0
-50.0,50,9030.777563,0.0
-50.0,50,9031.267701,0.0
-50.0,50,9031.767003,0.0
-50.0,50,9032.268652,0.0
-50.0,50,9032.771117,0.0
-50.0,50,9033.271375,0.0
-50.0,50,9033.77227,0.0
-50.0,50,9034.26271,0.0
-50.0,50,9034.772779,0.0
-50.0,50,9035.261754,0.0
-50.0,50,9035.760929,0.0
-50.0,50,9036.253044,0.0
-50.0,50,9036.754724,0.0
0.0,50,9037.243127,1.0
-50.0,50,9037.7335,0.0
-50.0,50,9038.230714,0.0
-50.0,50,9038.739812,0.0
-50.0,50,9039.230559,0.0
-50.0,50,9039.729791,0.0
-50.0,50,9040.228852,0.0
-50.0,50,9040.749247,0.0
0.0,50,9041.24253,1.0
-50.0,50,9041.731843,0.0
-50.0,50,9042.222814,0.0
0.0,50,9042.727637,1.0
-50.0,50,9043.215608,0.0
-50.0,50,9043.716392,0.0
-50.0,50,9044.217669,0.0
-50.0,50,9044.737894,0.0
-50.0,50,9045.234892,0.0
0.0,50,9045.739383,1.0
-50.0,50,9046.240499,0.0
-50.0,50,9046.748472,0.0
-50.0,50,9047.245939,0.0
-50.0,50,9047.750525,0.0
-50.0,50,9048.254181,0.0
-50.0,50,9051.150551,0.0
-50.0,50,9051.651432,0.0
-50.0,50,9052.146631,0.0
-50.0,50,9052.637657,0.0
-50.0,50,9053.139909,0.0
-50.0,50,9053.636017,0.0
-50.0,50,9054.12767,0.0
-50.0,50,9054.615792,0.0
-50.0,50,9055.113985,0.0
-50.0,50,9055.602048,0.0
-50.0,50,9056.100952,0.0
-50.0,50,9056.591266,0.0
-50.0,50,9057.09028,0.0
-50.0,50,9057.581097,0.0
-50.0,50,9058.080402,0.0
-50.0,50,9058.586437,0.0
0.0,50,9059.092708,1.0
-50.0,50,9059.592245,0.0
-50.0,50,9060.09341,0.0
-50.0,50,9060.589044,0.0
-50.0,50,9061.100337,0.0
-50.0,50,9061.60534,0.0
-50.0,50,9062.105384,0.0
0.0,50,9062.606173,1.0
-50.0,50,9063.117966,0.0
-50.0,50,9063.61966,0.0
-50.0,50,9064.114898,0.0
-50.0,50,9064.621217,0.0
-50.0,50,9065.122747,0.0
-50.0,50,9065.624286,0.0
-50.0,50,9066.125583,0.0
-50.0,50,9066.618541,0.0
-50.0,50,9067.118716,0.0
-50.0,50,9067.619511,0.0
-50.0,50,9068.111067,0.0
-50.0,50,9068.607139,0.0
-50.0,50,9069.113002,0.0
-50.0,50,9069.625538,0.0
-50.0,50,9070.133771,0.0
0.0,50,9070.640975,1.0
-50.0,50,9071.216686,0.0
-50.0,50,9071.71002,0.0
-50.0,50,9072.21053,0.0
-50.0,50,9072.710725,0.0
-50.0,50,9073.224039,0.0
-50.0,50,9073.726171,0.0
-50.0,50,9074.218867,0.0
-50.0,50,9074.7104,0.0
-50.0,50,9075.222631,0.0
-50.0,50,9075.724837,0.0
0.0,50,9076.236542,1.0
0.0,50,9076.739214,1.0
-50.0,50,9077.256359,0.0
-50.0,50,9077.757773,0.0
-50.0,50,9078.257672,0.0
-50.0,50,9078.75503,0.0
-50.0,50,9079.255897,0.0
-50.0,50,9079.746967,0.0
-50.0,50,9080.240333,0.0
-50.0,50,9080.73192,0.0
-50.0,50,9081.236186,0.0
-50.0,50,9081.741293,0.0
-50.0,50,9082.240619,0.0
-50.0,50,9082.74815,0.0
-50.0,50,9083.249983,0.0
-50.0,50,9083.754558,0.0
-50.0,50,9084.242297,0.0
-50.0,50,9084.742466,0.0
-50.0,50,9085.248059,0.0
0.0,50,9085.748147,1.0
-50.0,50,9086.239,0.0
-50.0,50,9086.738256,0.0
-50.0,50,9087.246196,0.0
-50.0,50,9087.74117,0.0
-50.0,50,9088.237847,0.0
-50.0,50,9088.738058,0.0
-50.0,50,9089.249402,0.0
-50.0,50,9089.751635,0.0
-50.0,50,9090.249249,0.0
-50.0,50,9090.754203,0.0
-50.0,50,9091.26558,0.0
-50.0,50,9091.756232,0.0
0.0,50,9092.257136,1.0
-50.0,50,9092.741868,0.0
-50.0,50,9093.25426,0.0
-50.0,50,9093.756506,0.0
0.0,50,9094.256927,1.0
-50.0,50,9094.758053,0.0
-50.0,50,9095.280858,0.0
-50.0,50,9095.782487,0.0
-50.0,50,9096.28371,0.0
-50.0,50,9096.784178,0.0
-50.0,50,9097.405277,0.0
-50.0,50,9097.900198,0.0
0.0,50,9098.400825,1.0
0.0,50,9098.888652,1.0
-50.0,50,9099.398331,0.0
-50.0,50,9099.899147,0.0
-50.0,50,9100.388283,0.0
-50.0,50,9100.886128,0.0
-50.0,50,9101.445914,0.0
-50.0,50,9101.948591,0.0
-50.0,50,9102.446942,0.0
-50.0,50,9102.94072,0.0
-50.0,50,9103.458001,0.0
-50.0,50,9103.954982,0.0
-50.0,50,9104.446877,0.0
-50.0,50,9104.947451,0.0
-50.0,50,9105.452037,0.0
-50.0,50,9105.956634,0.0
-50.0,50,9106.46143,0.0
-50.0,50,9106.961587,0.0
-50.0,50,9107.488574,0.0
-50.0,50,9107.986071,0.0
-50.0,50,9108.493743,0.0
-50.0,50,9109.011037,0.0
-50.0,50,9109.52401,0.0
-50.0,50,9110.036295,0.0
-50.0,50,9110.542217,0.0
-50.0,50,9111.037822,0.0
-50.0,50,9111.551494,0.0
-50.0,50,9112.043186,0.0
-50.0,50,9112.541339,0.0
-50.0,50,9113.051503,0.0
-50.0,50,9113.557268,0.0
-50.0,50,9114.055555,0.0
-50.0,50,9114.547157,0.0
-50.0,50,9115.042012,0.0
-50.0,50,9115.565381,0.0
-50.0,50,9116.056248,0.0
-50.0,50,9116.547251,0.0
-50.0,50,9117.049017,0.0
-50.0,50,9117.558448,0.0
-50.0,50,9118.065703,0.0
-50.0,50,9118.571591,0.0
0.0,50,9119.062789,1.0
-50.0,50,9119.56289,0.0
-50.0,50,9120.063379,0.0
-50.0,50,9120.554839,0.0
-50.0,50,9121.057766,0.0
-50.0,50,9121.558359,0.0
-50.0,50,9122.054615,0.0
-50.0,50,9122.549918,0.0
-50.0,50,9123.04727,0.0
-50.0,50,9123.562125,0.0
-50.0,50,9124.05188,0.0
-50.0,50,9124.551474,0.0
-50.0,50,9125.045564,0.0
-50.0,50,9125.559889,0.0
-50.0,50,9126.052475,0.0
-50.0,50,9126.547402,0.0
-50.0,50,9127.054329,0.0
-50.0,50,9127.565824,0.0
-50.0,50,9128.056174,0.0
-50.0,50,9128.559793,0.0
-50.0,50,9129.058983,0.0
-50.0,50,9129.569535,0.0
-50.0,50,9130.075722,0.0
-50.0,50,9130.583956,0.0
-50.0,50,9131.07214,0.0
-50.0,50,9131.57788,0.0
-50.0,50,9132.070443,0.0
0.0,50,9132.570278,1.0
-50.0,50,9133.073499,0.0
-50.0,50,9133.57413,0.0
-50.0,50,9134.073797,0.0
-50.0,50,9134.573507,0.0
-50.0,50,9135.073345,0.0
-50.0,50,9135.579499,0.0
-50.0,50,9136.077816,0.0
-50.0,50,9136.574196,0.0
-50.0,50,9137.0675,0.0
-50.0,50,9137.576028,0.0
0.0,50,9138.063259,1.0
-50.0,50,9138.558372,0.0
-50.0,50,9139.054879,0.0
-50.0,50,9139.578122,0.0
-50.0,50,9140.06914,0.0
-50.0,50,9140.567337,0.0
-50.0,50,9141.07163,0.0
-50.0,50,9141.574153,0.0
-50.0,50,9142.063162,0.0
-50.0,50,9142.554759,0.0
-50.0,50,9143.045489,0.0
-50.0,50,9143.551916,0.0
-50.0,50,9144.063475,0.0
-50.0,50,9144.564306,0.0
-50.0,50,9145.054111,0.0
-50.0,50,9145.566165,0.0
-50.0,50,9146.067861,0.0
-50.0,50,9146.563836,0.0
-50.0,50,9147.052869,0.0
-50.0,50,9147.565668,0.0
-50.0,50,9148.053411,0.0
-50.0,50,9148.553131,0.0
-50.0,50,9149.043579,0.0
-50.0,50,9149.554604,0.0
-50.0,50,9150.055141,0.0
-50.0,50,9150.556882,0.0
-50.0,50,9151.053626,0.0
-50.0,50,9153.929664,0.0
-50.0,50,9154.430851,0.0
-50.0,50,9154.938617,0.0
-50.0,50,9155.439162,0.0
-50.0,50,9155.955335,0.0
0.0,50,9156.459519,1.0
-50.0,50,9156.972606,0.0
-50.0,50,9157.47648,0.0
-50.0,50,9157.989368,0.0
-50.0,50,9158.493894,0.0
-50.0,50,9158.998835,0.0
-50.0,50,9159.51133,0.0
-50.0,50,9160.025308,0.0
-50.0,50,9160.529698,0.0
-50.0,50,9161.03032,0.0
-50.0,50,9161.53292,0.0
-50.0,50,9162.043417,0.0
-50.0,50,9162.543576,0.0
0.0,50,9163.047788,1.0
-50.0,50,9163.550787,0.0
-50.0,50,9164.058475,0.0
-50.0,50,9164.562857,0.0
-50.0,50,9165.072307,0.0
-50.0,50,9165.569961,0.0
-50.0,50,9166.078205,0.0
-50.0,50,9166.57943,0.0
-50.0,50,9167.077169,0.0
-50.0,50,9167.577927,0.0
-50.0,50,9168.091816,0.0
-50.0,50,9168.591229,0.0
-50.0,50,9169.097553,0.0
-50.0,50,9169.602965,0.0
0.0,50,9170.128858,1.0
-50.0,50,9170.629515,0.0
-50.0,50,9171.133421,0.0
-50.0,50,9171.627618,0.0
-50.0,50,9172.130995,0.0
-50.0,50,9172.628327,0.0
-50.0,50,9173.117487,0.0
-50.0,50,9173.61834,0.0
-50.0,50,9174.133389,0.0
-50.0,50,9174.632869,0.0
-50.0,50,9175.133047,0.0
-50.0,50,9175.646864,0.0
-50.0,50,9176.152717,0.0
-50.0,50,9176.655922,0.0
-50.0,50,9177.146186,0.0
0.0,50,9177.648332,1.0
-50.0,50,9178.162436,0.0
-50.0,50,9178.65443,0.0
-50.0,50,9179.157665,0.0
-50.0,50,9179.658905,0.0
-50.0,50,9180.179214,0.0
-50.0,50,9180.682963,0.0
-50.0,50,9181.176458,0.0
-50.0,50,9181.667724,0.0
0.0,50,9182.183816,1.0
-50.0,50,9182.679507,0.0
-50.0,50,9183.181334,0.0
-50.0,50,9183.669837,0.0
-50.0,50,9184.176924,0.0
-50.0,50,9184.670306,0.0
-50.0,50,9185.171911,0.0
-50.0,50,9185.66896,0.0
-50.0,50,9186.178988,0.0
-50.0,50,9186.674667,0.0
-50.0,50,9187.164801,0.0
-50.0,50,9187.667702,0.0
-50.0,50,9188.176807,0.0
-50.0,50,9188.668678,0.0
-50.0,50,9189.163843,0.0
-50.0,50,9189.655796,0.0
-50.0,50,9190.157304,0.0
0.0,50,9190.649311,1.0
-50.0,50,9191.141297,0.0
-50.0,50,9191.640968,0.0
-50.0,50,9192.150015,0.0
-50.0,50,9192.640728,0.0
-50.0,50,9193.134562,0.0
-50.0,50,9193.636456,0.0
-50.0,50,9194.135701,0.0
-50.0,50,9194.628527,0.0
-50.0,50,9195.12834,0.0
0.0,50,9195.627926,1.0
-50.0,50,9196.148781,0.0
-50.0,50,9196.660951,0.0
-50.0,50,9197.159962,0.0
-50.0,50,9197.665147,0.0
-50.0,50,9198.175458,0.0
-50.0,50,9198.681009,0.0
-50.0,50,9199.183099,0.0
-50.0,50,9199.691175,0.0
-50.0,50,9200.223233,0.0
-50.0,50,9200.72594,0.0
-50.0,50,9201.240377,0.0
-50.0,50,9201.733685,0.0
-50.0,50,9202.256425,0.0
-50.0,50,9202.75254,0.0
-50.0,50,9203.262416,0.0
-50.0,50,9203.771385,0.0
-50.0,50,9204.281976,0.0
-50.0,50,9204.788909,0.0
-50.0,50,9205.288885,0.0
-50.0,50,9205.790174,0.0
-50.0,50,9206.292306,0.0
-50.0,50,9206.791481,0.0
0.0,50,9207.306327,1.0
-50.0,50,9207.803756,0.0
-50.0,50,9208.318311,0.0
-50.0,50,9208.823555,0.0
-50.0,50,9209.317873,0.0
-50.0,50,9209.825697,0.0
-50.0,50,9210.327876,0.0
-50.0,50,9210.829478,0.0
-50.0,50,9211.325186,0.0
-50.0,50,9211.817857,0.0
-50.0,50,9212.327642,0.0
-50.0,50,9212.823638,0.0
-50.0,50,9213.324486,0.0
-50.0,50,9213.822797,0.0
-50.0,50,9214.341588,0.0
-50.0,50,9214.832033,0.0
-50.0,50,9215.322922,0.0
0.0,50,9215.83942,1.0
-50.0,50,9216.350089,0.0
-50.0,50,9216.850332,0.0
-50.0,50,9217.352276,0.0
-50.0,50,9217.843502,0.0
-50.0,50,9218.355179,0.0
-50.0,50,9218.858015,0.0
-50.0,50,9219.355474,0.0
-50.0,50,9219.850072,0.0
0.0,50,9220.356398,1.0
0.0,50,9220.857428,1.0
-50.0,50,9221.361459,0.0
-50.0,50,9221.858773,0.0
-50.0,50,9222.360022,0.0
0.0,50,9222.849791,1.0
-50.0,50,9223.345729,0.0
-50.0,50,9223.844577,0.0
-50.0,50,9224.350587,0.0
-50.0,50,9224.855458,0.0
0.0,50,9225.357352,1.0
-50.0,50,9225.863958,0.0
-50.0,50,9226.385868,0.0
-50.0,50,9226.886774,0.0
-50.0,50,9227.390147,0.0
-50.0,50,9227.880372,0.0
-50.0,50,9228.385687,0.0
-50.0,50,9228.875668,0.0
-50.0,50,9229.378134,0.0
-50.0,50,9229.870231,0.0
-50.0,50,9230.38726,0.0
-50.0,50,9230.876932,0.0
-50.0,50,9231.384099,0.0
-50.0,50,9231.876504,0.0
-50.0,50,9232.394732,0.0
-50.0,50,9232.893072,0.0
-50.0,50,9233.396511,0.0
-50.0,50,9233.894153,0.0
-50.0,50,9234.406336,0.0
-50.0,50,9234.909911,0.0
-50.0,50,9235.414963,0.0
-50.0,50,9235.922592,0.0
-50.0,50,9236.434438,0.0
-50.0,50,9236.933931,0.0
0.0,50,9237.428129,1.0
-50.0,50,9237.939516,0.0
-50.0,50,9238.4612,0.0
-50.0,50,9238.958169,0.0
-50.0,50,9239.453006,0.0
-50.0,50,9239.944576,0.0
-50.0,50,9240.448379,0.0
-50.0,50,9240.951771,0.0
-50.0,50,9241.452259,0.0
-50.0,50,9241.949388,0.0
-50.0,50,9242.45311,0.0
-50.0,50,9242.954274,0.0
-50.0,50,9243.452635,0.0
-50.0,50,9243.943822,0.0
-50.0,50,9244.452465,0.0
-50.0,50,9244.951428,0.0
-50.0,50,9245.457148,0.0
-50.0,50,9245.960344,0.0
-50.0,50,9246.469279,0.0
0.0,50,9246.986696,1.0
-50.0,50,9247.487307,0.0
-50.0,50,9247.987449,0.0
-50.0,50,9248.5034,0.0
-50.0,50,9249.005785,0.0
-50.0,50,9249.512208,0.0
-50.0,50,9250.018572,0.0
0.0,50,9250.534626,1.0
-50.0,50,9251.037971,0.0
-50.0,50,9251.530755,0.0
-50.0,50,9252.038687,0.0
-50.0,50,9252.54291,0.0
-50.0,50,9253.046572,0.0
-50.0,50,9253.550146,0.0
-50.0,50,9254.050079,0.0
-50.0,50,9256.926488,0.0
-50.0,50,9257.417301,0.0
-50.0,50,9257.922492,0.0
-50.0,50,9258.414099,0.0
-50.0,50,9258.927324,0.0
-50.0,50,9259.421495,0.0
-50.0,50,9259.915457,0.0
-50.0,50,9260.409886,0.0
-50.0,50,9260.912924,0.0
-50.0,50,9261.405698,0.0
-50.0,50,9261.908782,0.0
-50.0,50,9262.410205,0.0
-50.0,50,9262.920407,0.0
-50.0,50,9263.427503,0.0
-50.0,50,9263.92847,0.0
-50.0,50,9264.44116,0.0
-50.0,50,9264.953212,0.0
-50.0,50,9265.447081,0.0
0.0,50,9265.945095,1.0
-50.0,50,9266.445997,0.0
-50.0,50,9266.94783,0.0
-50.0,50,9267.441114,0.0
-50.0,50,9267.95225,0.0
-50.0,50,9268.456521,0.0
-50.0,50,9268.972133,0.0
-50.0,50,9269.466105,0.0
-50.0,50,9269.96307,0.0
-50.0,50,9270.468492,0.0
-50.0,50,9270.974874,0.0
-50.0,50,9271.478204,0.0
-50.0,50,9271.983955,0.0
-50.0,50,9272.484632,0.0
-50.0,50,9272.995854,0.0
-50.0,50,9273.491989,0.0
-50.0,50,9273.993705,0.0
-50.0,50,9274.488103,0.0
-50.0,50,9274.994755,0.0
-50.0,50,9275.486595,0.0
-50.0,50,9275.983729,0.0
-50.0,50,9276.487769,0.0
-50.0,50,9277.000589,0.0
-50.0,50,9277.504724,0.0
0.0,50,9278.005038,1.0
-50.0,50,9278.504183,0.0
-50.0,50,9279.016634,0.0
-50.0,50,9279.518157,0.0
-50.0,50,9280.0316,0.0
-50.0,50,9280.541229,0.0
-50.0,50,9281.056393,0.0
-50.0,50,9281.56694,0.0
-50.0,50,9282.076535,0.0
-50.0,50,9282.589675,0.0
-50.0,50,9283.106342,0.0
-50.0,50,9283.610053,0.0
0.0,50,9284.113065,1.0
0.0,50,9284.612572,1.0
-50.0,50,9285.123301,0.0
-50.0,50,9285.622878,0.0
-50.0,50,9286.121405,0.0
-50.0,50,9286.628733,0.0
-50.0,50,9287.166893,0.0
-50.0,50,9287.67503,0.0
-50.0,50,9288.174958,0.0
-50.0,50,9288.664861,0.0
-50.0,50,9289.180485,0.0
-50.0,50,9289.691869,0.0
-50.0,50,9290.195091,0.0
-50.0,50,9290.685489,0.0
-50.0,50,9291.207106,0.0
-50.0,50,9291.710044,0.0
-50.0,50,9292.209975,0.0
-50.0,50,9292.715596,0.0
-50.0,50,9293.234901,0.0
-50.0,50,9293.736068,0.0
-50.0,50,9294.23503,0.0
-50.0,50,9294.737014,0.0
-50.0,50,9295.25232,0.0
-50.0,50,9295.747338,0.0
-50.0,50,9296.256247,0.0
-50.0,50,9296.761009,0.0
-50.0,50,9297.267993,0.0
-50.0,50,9297.769791,0.0
-50.0,50,9298.273391,0.0
-50.0,50,9298.783237,0.0
-50.0,50,9299.304795,0.0
0.0,50,9299.802401,1.0
-50.0,50,9300.31232,0.0
-50.0,50,9300.81339,0.0
-50.0,50,9301.329606,0.0
-50.0,50,9301.828228,0.0
-50.0,50,9302.326057,0.0
-50.0,50,9302.814256,0.0
-50.0,50,9303.323175,0.0
-50.0,50,9303.824259,0.0
-50.0,50,9304.31796,0.0
-50.0,50,9304.810962,0.0
-50.0,50,9305.334284,0.0
-50.0,50,9305.832278,0.0
-50.0,50,9306.325292,0.0
-50.0,50,9306.810424,0.0
-50.0,50,9307.31351,0.0
0.0,50,9307.81226,1.0
-50.0,50,9308.304565,0.0
-50.0,50,9308.801441,0.0
-50.0,50,9309.31436,0.0
0.0,50,9309.8019,1.0
-50.0,50,9310.288393,0.0
-50.0,50,9310.794397,0.0
-50.0,50,9311.309026,0.0
-50.0,50,9311.813381,0.0
-50.0,50,9312.317335,0.0
-50.0,50,9312.816549,0.0
-50.0,50,9313.330055,0.0
-50.0,50,9313.822715,0.0
-50.0,50,9314.318999,0.0
-50.0,50,9314.814039,0.0
-50.0,50,9315.330344,0.0
-50.0,50,9315.835772,0.0
-50.0,50,9316.331787,0.0
-50.0,50,9316.830177,0.0
0.0,50,9317.339773,1.0
-50.0,50,9317.843237,0.0
-50.0,50,9318.341776,0.0
-50.0,50,9318.841789,0.0
-50.0,50,9319.340843,0.0
-50.0,50,9319.844269,0.0
-50.0,50,9320.334889,0.0
-50.0,50,9320.826325,0.0
-50.0,50,9321.327717,0.0
-50.0,50,9321.81787,0.0
-50.0,50,9322.309637,0.0
-50.0,50,9322.802212,0.0
-50.0,50,9323.303179,0.0
-50.0,50,9323.792983,0.0
-50.0,50,9324.28387,0.0
-50.0,50,9324.787369,0.0
-50.0,50,9325.287727,0.0
-50.0,50,9325.779325,0.0
-50.0,50,9326.268276,0.0
-50.0,50,9326.759991,0.0
-50.0,50,9327.264074,0.0
-50.0,50,9327.758181,0.0
-50.0,50,9328.252421,0.0
-50.0,50,9328.744373,0.0
-50.0,50,9329.244562,0.0
-50.0,50,9329.743874,0.0
-50.0,50,9330.24238,0.0
-50.0,50,9330.747362,0.0
-50.0,50,9331.251036,0.0
-50.0,50,9331.744658,0.0
-50.0,50,9332.250542,0.0
-50.0,50,9332.74182,0.0
-50.0,50,9333.253032,0.0
0.0,50,9333.746129,1.0
-50.0,50,9334.243217,0.0
-50.0,50,9334.739246,0.0
-50.0,50,9335.248013,0.0
-50.0,50,9335.75443,0.0
-50.0,50,9336.244736,0.0
-50.0,50,9336.740233,0.0
-50.0,50,9337.250896,0.0
-50.0,50,9337.746043,0.0
-50.0,50,9338.233975,0.0
-50.0,50,9338.727576,0.0
-50.0,50,9339.237012,0.0
0.0,50,9339.738322,1.0
-50.0,50,9340.234942,0.0
-50.0,50,9340.733006,0.0
-50.0,50,9341.245666,0.0
-50.0,50,9341.744052,0.0
-50.0,50,9342.23486,0.0
-50.0,50,9342.731185,0.0
-50.0,50,9343.231789,0.0
-50.0,50,9343.719159,0.0
-50.0,50,9344.219374,0.0
-50.0,50,9344.718952,0.0
-50.0,50,9345.223401,0.0
-50.0,50,9345.723809,0.0
-50.0,50,9346.231682,0.0
-50.0,50,9346.718739,0.0
-50.0,50,9347.226778,0.0
-50.0,50,9347.718083,0.0
-50.0,50,9348.206571,0.0
-50.0,50,9348.708441,0.0
-50.0,50,9349.220104,0.0
-50.0,50,9349.720305,0.0
-50.0,50,9350.21717,0.0
-50.0,50,9350.726268,0.0
-50.0,50,9351.248455,0.0
0.0,50,9351.74221,1.0
-50.0,50,9352.240659,0.0
-50.0,50,9352.727463,0.0
-50.0,50,9353.224851,0.0
-50.0,50,9353.718013,0.0
-50.0,50,9354.211761,0.0
-50.0,50,9354.70076,0.0
0.0,50,9355.2074,1.0
-50.0,50,9355.697201,0.0
-50.0,50,9356.196511,0.0
-50.0,50,9356.694052,0.0
-50.0,50,9359.501507,0.0
-50.0,50,9359.991476,0.0
-50.0,50,9360.479722,0.0
-50.0,50,9360.983359,0.0
0.0,50,9361.491983,1.0
-50.0,50,9361.979518,0.0
-50.0,50,9362.481879,0.0
0.0,50,9362.984523,1.0
-50.0,50,9363.491217,0.0
-50.0,50,9363.98508,0.0
-50.0,50,9364.487328,0.0
-50.0,50,9364.984963,0.0
-50.0,50,9365.484494,0.0
-50.0,50,9365.973837,0.0
-50.0,50,9366.467605,0.0
-50.0,50,9366.961194,0.0
-50.0,50,9367.470895,0.0
-50.0,50,9367.967658,0.0
-50.0,50,9368.466266,0.0
-50.0,50,9368.964916,0.0
-50.0,50,9369.464242,0.0
-50.0,50,9369.960248,0.0
-50.0,50,9370.449275,0.0
-50.0,50,9370.938532,0.0
-50.0,50,9371.445567,0.0
-50.0,50,9371.936347,0.0
-50.0,50,9372.439516,0.0
-50.0,50,9372.943781,0.0
-50.0,50,9373.463392,0.0
-50.0,50,9373.958268,0.0
-50.0,50,9374.463731,0.0
-50.0,50,9374.952835,0.0
-50.0,50,9375.46183,0.0
-50.0,50,9375.960701,0.0
-50.0,50,9376.452788,0.0
-50.0,50,9376.941998,0.0
-50.0,50,9377.450351,0.0
-50.0,50,9377.940149,0.0
-50.0,50,9378.435948,0.0
-50.0,50,9378.924688,0.0
-50.0,50,9379.426402,0.0
-50.0,50,9379.930622,0.0
-50.0,50,9380.420003,0.0
-50.0,50,9380.908802,0.0
-50.0,50,9381.410711,0.0
-50.0,50,9381.908112,0.0
-50.0,50,9382.399552,0.0
-50.0,50,9382.905442,0.0
-50.0,50,9383.414612,0.0
-50.0,50,9383.913175,0.0
-50.0,50,9384.396272,0.0
0.0,50,9384.887172,1.0
-50.0,50,9385.398013,0.0
-50.0,50,9385.898114,0.0
-50.0,50,9386.387722,0.0
-50.0,50,9386.876487,0.0
-50.0,50,9387.376434,0.0
-50.0,50,9387.865392,0.0
-50.0,50,9388.354215,0.0
-50.0,50,9388.842648,0.0
-50.0,50,9389.344617,0.0
-50.0,50,9389.843472,0.0
-50.0,50,9390.330195,0.0
-50.0,50,9390.830788,0.0
-50.0,50,9391.332605,0.0
-50.0,50,9391.828705,0.0
-50.0,50,9392.324729,0.0
-50.0,50,9392.821802,0.0
-50.0,50,9393.332,0.0
-50.0,50,9393.828171,0.0
-50.0,50,9394.320311,0.0
-50.0,50,9394.818953,0.0
-50.0,50,9395.359423,0.0
-50.0,50,9395.859389,0.0
-50.0,50,9396.350816,0.0
-50.0,50,9396.84964,0.0
-50.0,50,9397.357644,0.0
-50.0,50,9397.85617,0.0
-50.0,50,9398.345954,0.0
-50.0,50,9398.841073,0.0
-50.0,50,9399.352129,0.0
-50.0,50,9399.865366,0.0
-50.0,50,9400.365165,0.0
-50.0,50,9400.85265,0.0
-50.0,50,9401.362433,0.0
-50.0,50,9401.863167,0.0
-50.0,50,9402.373702,0.0
-50.0,50,9402.87454,0.0
-50.0,50,9403.378883,0.0
-50.0,50,9403.880985,0.0
-50.0,50,9404.370754,0.0
-50.0,50,9404.876542,0.0
-50.0,50,9405.392618,0.0
-50.0,50,9405.902968,0.0
0.0,50,9406.402441,1.0
-50.0,50,9406.913574,0.0
-50.0,50,9407.423239,0.0
-50.0,50,9407.918724,0.0
-50.0,50,9408.415296,0.0
-50.0,50,9408.909146,0.0
-50.0,50,9409.423119,0.0
-50.0,50,9409.922301,0.0
-50.0,50,9410.419046,0.0
0.0,50,9410.912906,1.0
-50.0,50,9411.429234,0.0
0.0,50,9411.923139,1.0
-50.0,50,9412.417639,0.0
-50.0,50,9412.904962,0.0
-50.0,50,9413.417407,0.0
-50.0,50,9413.907858,0.0
-50.0,50,9414.42623,0.0
-50.0,50,9414.931854,0.0
-50.0,50,9415.44453,0.0
-50.0,50,9415.941366,0.0
-50.0,50,9416.442364,0.0
-50.0,50,9416.931942,0.0
-50.0,50,9417.438719,0.0
-50.0,50,9417.934272,0.0
-50.0,50,9418.431043,0.0
-50.0,50,9418.935212,0.0
-50.0,50,9419.43684,0.0
-50.0,50,9419.956646,0.0
-50.0,50,9420.459609,0.0
-50.0,50,9420.95343,0.0
-50.0,50,9421.458398,0.0
-50.0,50,9421.944382,0.0
-50.0,50,9422.442506,0.0
0.0,50,9422.937738,1.0
-50.0,50,9423.445469,0.0
-50.0,50,9423.932244,0.0
-50.0,50,9424.440134,0.0
0.0,50,9424.937153,1.0
-50.0,50,9425.450515,0.0
-50.0,50,9425.957669,0.0
-50.0,50,9426.464877,0.0
-50.0,50,9426.963232,0.0
-50.0,50,9427.482699,0.0
-50.0,50,9427.978528,0.0
-50.0,50,9428.475065,0.0
-50.0,50,9428.971273,0.0
-50.0,50,9429.481039,0.0
-50.0,50,9429.970217,0.0
0.0,50,9430.465546,1.0
-50.0,50,9430.968729,0.0
-50.0,50,9431.479362,0.0
-50.0,50,9431.978171,0.0
-50.0,50,9432.487812,0.0
-50.0,50,9432.98756,0.0
-50.0,50,9433.492657,0.0
0.0,50,9433.988609,1.0
-50.0,50,9434.480765,0.0
0.0,50,9434.977988,1.0
-50.0,50,9435.48014,0.0
-50.0,50,9435.975473,0.0
-50.0,50,9436.477589,0.0
-50.0,50,9436.982888,0.0
-50.0,50,9437.492811,0.0
-50.0,50,9437.989027,0.0
-50.0,50,9438.487725,0.0
-50.0,50,9438.977962,0.0
-50.0,50,9439.479657,0.0
0.0,50,9439.981159,1.0
-50.0,50,9440.471618,0.0
-50.0,50,9440.969883,0.0
0.0,50,9441.477852,1.0
-50.0,50,9441.978352,0.0
-50.0,50,9442.469902,0.0
-50.0,50,9442.959403,0.0
-50.0,50,9443.46984,0.0
0.0,50,9443.963289,1.0
-50.0,50,9444.463533,0.0
-50.0,50,9444.954871,0.0
-50.0,50,9445.462344,0.0
-50.0,50,9445.961138,0.0
-50.0,50,9446.461285,0.0
-50.0,50,9446.955249,0.0
-50.0,50,9447.477033,0.0
-50.0,50,9447.98164,0.0
-50.0,50,9448.482639,0.0
-50.0,50,9448.976444,0.0
-50.0,50,9449.469407,0.0
-50.0,50,9449.965435,0.0
-50.0,50,9450.461012,0.0
-50.0,50,9450.944652,0.0
-50.0,50,9451.438906,0.0
-50.0,50,9451.933543,0.0
-50.0,50,9452.423668,0.0
-50.0,50,9452.910387,0.0
-50.0,50,9453.41609,0.0
-50.0,50,9453.912253,0.0
-50.0,50,9454.402704,0.0
-50.0,50,9454.893444,0.0
-50.0,50,9455.412534,0.0
-50.0,50,9455.902982,0.0
-50.0,50,9456.403924,0.0
-50.0,50,9456.894127,0.0
-50.0,50,9457.399392,0.0
-50.0,50,9457.895693,0.0
0.0,50,9458.39677,1.0
-50.0,50,9458.898846,0.0
-50.0,50,9461.74773,0.0
0.0,50,9462.248421,1.0
-50.0,50,9462.749725,0.0
-50.0,50,9463.251784,0.0
-50.0,50,9463.763501,0.0
-50.0,50,9464.265066,0.0
-50.0,50,9464.761425,0.0
-50.0,50,9465.260251,0.0
-50.0,50,9465.766779,0.0
0.0,50,9466.262457,1.0
-50.0,50,9466.760013,0.0
-50.0,50,9467.249654,0.0
-50.0,50,9467.756804,0.0
-50.0,50,9468.245688,0.0
-50.0,50,9468.746473,0.0
-50.0,50,9469.247991,0.0
-50.0,50,9469.758265,0.0
0.0,50,9470.257769,1.0
-50.0,50,9470.759835,0.0
-50.0,50,9471.250762,0.0
-50.0,50,9471.772013,0.0
-50.0,50,9472.269326,0.0
-50.0,50,9472.775894,0.0
-50.0,50,9473.275539,0.0
-50.0,50,9473.788741,0.0
-50.0,50,9474.289506,0.0
0.0,50,9474.782977,1.0
-50.0,50,9475.271597,0.0
-50.0,50,9475.777348,0.0
-50.0,50,9476.277504,0.0
-50.0,50,9476.783553,0.0
-50.0,50,9477.281905,0.0
-50.0,50,9477.789654,0.0
0.0,50,9478.281285,1.0
-50.0,50,9478.788066,0.0
-50.0,50,9479.290881,0.0
-50.0,50,9479.805117,0.0
0.0,50,9480.304373,1.0
-50.0,50,9480.814506,0.0
-50.0,50,9481.306361,0.0
-50.0,50,9481.817773,0.0
-50.0,50,9482.305281,0.0
-50.0,50,9482.801509,0.0
-50.0,50,9483.304132,0.0
-50.0,50,9483.812526,0.0
-50.0,50,9484.313746,0.0
-50.0,50,9484.802599,0.0
-50.0,50,9485.299899,0.0
-50.0,50,9485.804792,0.0
-50.0,50,9486.301307,0.0
-50.0,50,9486.814332,0.0
-50.0,50,9487.303482,0.0
-50.0,50,9487.811751,0.0
-50.0,50,9488.316169,0.0
-50.0,50,9488.815371,0.0
-50.0,50,9489.312787,0.0
-50.0,50,9489.815295,0.0
-47.0,50,9490.311157,0.0
-50.0,50,9490.808531,0.0
-50.0,50,9491.308908,0.0
-50.0,50,9491.83861,0.0
-50.0,50,9492.328691,0.0
-50.0,50,9492.824688,0.0
0.0,50,9493.319481,1.0
-50.0,50,9493.82468,0.0
-50.0,50,9494.327167,0.0
-50.0,50,9494.831173,0.0
-50.0,50,9495.327475,0.0
-50.0,50,9495.844013,0.0
-50.0,50,9496.349256,0.0
-50.0,50,9496.854911,0.0
-50.0,50,9497.356551,0.0
-50.0,50,9497.874107,0.0
-50.0,50,9498.386423,0.0
-50.0,50,9498.883848,0.0
-50.0,50,9499.379501,0.0
-50.0,50,9499.892901,0.0
-50.0,50,9500.389283,0.0
-50.0,50,9500.896471,0.0
-50.0,50,9501.413095,0.0
0.0,50,9501.927769,1.0
-50.0,50,9502.42117,0.0
0.0,50,9502.920974,1.0
-50.0,50,9503.422901,0.0
-50.0,50,9503.935688,0.0
-50.0,50,9504.426283,0.0
-50.0,50,9504.929355,0.0
-50.0,50,9505.439345,0.0
-50.0,50,9505.942864,0.0
0.0,50,9506.442947,1.0
-50.0,50,9506.941116,0.0
-50.0,50,9507.438961,0.0
-50.0,50,9507.945792,0.0
-50.0,50,9508.437073,0.0
-50.0,50,9508.92665,0.0
-50.0,50,9509.417089,0.0
-50.0,50,9509.928407,0.0
-50.0,50,9510.419158,0.0
-50.0,50,9510.920669,0.0
-50.0,50,9511.419621,0.0
-50.0,50,9511.925767,0.0
-50.0,50,9512.418195,0.0
-50.0,50,9512.908407,0.0
-50.0,50,9513.39764,0.0
-50.0,50,9513.902963,0.0
-50.0,50,9514.391094,0.0
-50.0,50,9514.878536,0.0
-50.0,50,9515.366679,0.0
-50.0,50,9515.875825,0.0
-50.0,50,9516.376422,0.0
-50.0,50,9516.8759,0.0
-50.0,50,9517.377505,0.0
-50.0,50,9517.877485,0.0
-50.0,50,9518.368883,0.0
-50.0,50,9518.856471,0.0
-50.0,50,9519.344151,0.0
-50.0,50,9519.84361,0.0
-50.0,50,9520.335709,0.0
-50.0,50,9520.830173,0.0
-50.0,50,9521.323493,0.0
-50.0,50,9521.839434,0.0
-50.0,50,9522.327662,0.0
-50.0,50,9522.828451,0.0
-50.0,50,9523.324361,0.0
-50.0,50,9523.837792,0.0
-50.0,50,9524.327996,0.0
-50.0,50,9524.832126,0.0
0.0,50,9525.339978,1.0
-50.0,50,9525.842529,0.0
-50.0,50,9526.336999,0.0
-50.0,50,9526.834243,0.0
-50.0,50,9527.322746,0.0
-50.0,50,9527.824739,0.0
-50.0,50,9528.32479,0.0
-50.0,50,9528.814736,0.0
-50.0,50,9529.313354,0.0
-50.0,50,9529.827411,0.0
-50.0,50,9530.315106,0.0
-50.0,50,9530.820456,0.0
-50.0,50,9531.320148,0.0
-50.0,50,9531.855706,0.0
-50.0,50,9532.354856,0.0
-50.0,50,9532.854348,0.0
-50.0,50,9533.343842,0.0
-50.0,50,9533.85604,0.0
-50.0,50,9534.355259,0.0
-50.0,50,9534.845991,0.0
-50.0,50,9535.351452,0.0
0.0,50,9535.855585,1.0
-50.0,50,9536.342986,0.0
-50.0,50,9536.838963,0.0
-50.0,50,9537.339792,0.0
-50.0,50,9537.847051,0.0
-50.0,50,9538.345837,0.0
-50.0,50,9538.844899,0.0
-50.0,50,9539.340652,0.0
-50.0,50,9539.849704,0.0
-50.0,50,9540.339091,0.0
-50.0,50,9540.827344,0.0
-50.0,50,9541.327577,0.0
-50.0,50,9541.847949,0.0
-50.0,50,9542.34752,0.0
-50.0,50,9542.836123,0.0
0.0,50,9543.335292,1.0
-50.0,50,9543.864509,0.0
-50.0,50,9544.362562,0.0
-50.0,50,9544.862347,0.0
-50.0,50,9545.360027,0.0
-50.0,50,9545.877315,0.0
0.0,50,9546.3782,1.0
-50.0,50,9546.86819,0.0
-50.0,50,9547.360844,0.0
-50.0,50,9547.870515,0.0
-50.0,50,9548.361768,0.0
-50.0,50,9548.855516,0.0
-50.0,50,9549.353525,0.0
-50.0,50,9549.867572,0.0
-50.0,50,9550.356396,0.0
-50.0,50,9550.851136,0.0
-50.0,50,9551.342448,0.0
-50.0,50,9551.845239,0.0
-50.0,50,9552.334731,0.0
-50.0,50,9552.843848,0.0
-50.0,50,9553.342641,0.0
-50.0,50,9553.854018,0.0
-50.0,50,9554.347558,0.0
-50.0,50,9554.847498,0.0
-50.0,50,9555.338556,0.0
-50.0,50,9555.858417,0.0
-50.0,50,9556.349985,0.0
-50.0,50,9556.840884,0.0
-50.0,50,9557.336146,0.0
-50.0,50,9557.851033,0.0
-50.0,50,9558.341958,0.0
-50.0,50,9558.836287,0.0
-50.0,50,9559.326883,0.0
-50.0,50,9559.827882,0.0
-50.0,50,9560.319383,0.0
0.0,50,9560.820957,1.0
-50.0,50,9561.324522,0.0
-50.0,50,9564.127975,0.0
-50.0,50,9564.628624,0.0
-50.0,50,9565.128881,0.0
-50.0,50,9565.622057,0.0
-50.0,50,9566.127612,0.0
-50.0,50,9566.627095,0.0
0.0,50,9567.122501,1.0
-50.0,50,9567.620239,0.0
-50.0,50,9568.143087,0.0
-50.0,50,9568.642459,0.0
-50.0,50,9569.145026,0.0
-50.0,50,9569.643744,0.0
-50.0,50,9570.146892,0.0
-50.0,50,9570.643115,0.0
-50.0,50,9571.14311,0.0
-50.0,50,9571.646114,0.0
0.0,50,9572.163736,1.0
-50.0,50,9572.656005,0.0
-50.0,50,9573.16965,0.0
-50.0,50,9573.659857,0.0
-50.0,50,9574.17016,0.0
-50.0,50,9574.6598,0.0
-50.0,50,9575.147821,0.0
-50.0,50,9575.646867,0.0
-50.0,50,9576.163463,0.0
-50.0,50,9576.653807,0.0
-50.0,50,9577.142478,0.0
-50.0,50,9577.631173,0.0
-50.0,50,9578.1442,0.0
-50.0,50,9578.644194,0.0
-50.0,50,9579.147976,0.0
-50.0,50,9579.64178,0.0
-50.0,50,9580.149109,0.0
-50.0,50,9580.647931,0.0
-50.0,50,9581.142553,0.0
-50.0,50,9581.630072,0.0
-50.0,50,9582.136038,0.0
-50.0,50,9582.625696,0.0
-50.0,50,9583.122848,0.0
-50.0,50,9583.61565,0.0
-50.0,50,9584.117053,0.0
-50.0,50,9584.610616,0.0
-50.0,50,9585.1087,0.0
-50.0,50,9585.607878,0.0
-50.0,50,9586.108866,0.0
-50.0,50,9586.609064,0.0
-50.0,50,9587.1103,0.0
-50.0,50,9587.61303,0.0
-50.0,50,9588.128418,0.0
-50.0,50,9588.62915,0.0
-50.0,50,9589.122189,0.0
-50.0,50,9589.610789,0.0
-50.0,50,9590.122585,0.0
-50.0,50,9590.633444,0.0
-50.0,50,9591.126177,0.0
-50.0,50,9591.618432,0.0
-50.0,50,9592.130676,0.0
-50.0,50,9592.621856,0.0
-50.0,50,9593.120082,0.0
-50.0,50,9593.62095,0.0
-50.0,50,9594.123769,0.0
-50.0,50,9594.624687,0.0
-50.0,50,9595.14008,0.0
-50.0,50,9595.641574,0.0
-50.0,50,9596.152298,0.0
-50.0,50,9596.657689,0.0
-50.0,50,9597.152821,0.0
-50.0,50,9597.647356,0.0
-50.0,50,9598.167309,0.0
-50.0,50,9598.664837,0.0
-50.0,50,9599.165644,0.0
-50.0,50,9599.659876,0.0
-50.0,50,9600.168713,0.0
-50.0,50,9600.66778,0.0
-50.0,50,9601.166726,0.0
-50.0,50,9601.658582,0.0
-50.0,50,9602.163421,0.0
-50.0,50,9602.664073,0.0
-50.0,50,9603.158405,0.0
-50.0,50,9603.656125,0.0
-50.0,50,9604.170542,0.0
-50.0,50,9604.676739,0.0
-50.0,50,9605.182137,0.0
-50.0,50,9605.685955,0.0
-50.0,50,9606.201844,0.0
-50.0,50,9606.700944,0.0
-50.0,50,9607.201218,0.0
-50.0,50,9607.705289,0.0
-50.0,50,9608.209345,0.0
-50.0,50,9608.697067,0.0
-50.0,50,9609.192002,0.0
-50.0,50,9609.683413,0.0
-50.0,50,9610.195828,0.0
-50.0,50,9610.698172,0.0
-50.0,50,9611.188806,0.0
-50.0,50,9611.678646,0.0
-50.0,50,9612.18697,0.0
-50.0,50,9612.687049,0.0
0.0,50,9613.18369,1.0
-50.0,50,9613.67693,0.0
-50.0,50,9614.187284,0.0
-50.0,50,9614.681556,0.0
-50.0,50,9615.178422,0.0
-50.0,50,9615.67426,0.0
-50.0,50,9616.187626,0.0
-50.0,50,9616.681845,0.0
-50.0,50,9617.174951,0.0
-50.0,50,9617.673245,0.0
-50.0,50,9618.181206,0.0
-50.0,50,9618.680963,0.0
-50.0,50,9619.179002,0.0
-50.0,50,9619.676109,0.0
-50.0,50,9620.18556,0.0
-50.0,50,9620.693537,0.0
-50.0,50,9621.194773,0.0
-50.0,50,9621.686067,0.0
-50.0,50,9622.199438,0.0
0.0,50,9622.697217,1.0
-50.0,50,9623.20068,0.0
-50.0,50,9623.703113,0.0
0.0,50,9624.207993,1.0
-50.0,50,9624.713042,0.0
-50.0,50,9625.232607,0.0
-50.0,50,9625.73529,0.0
-50.0,50,9626.249029,0.0
-50.0,50,9626.751457,0.0
-50.0,50,9627.246444,0.0
-50.0,50,9627.750067,0.0
-50.0,50,9628.260738,0.0
-50.0,50,9628.760454,0.0
-50.0,50,9629.274272,0.0
-50.0,50,9629.774977,0.0
-50.0,50,9630.289379,0.0
-50.0,50,9630.791193,0.0
-50.0,50,9631.288509,0.0
-50.0,50,9631.788755,0.0
-50.0,50,9632.308172,0.0
0.0,50,9632.819463,1.0
-50.0,50,9633.32558,0.0
-50.0,50,9633.82235,0.0
-50.0,50,9634.338493,0.0
-50.0,50,9634.848038,0.0
-50.0,50,9635.354092,0.0
-50.0,50,9635.864317,0.0
-50.0,50,9636.39157,0.0
-50.0,50,9636.898762,0.0
-50.0,50,9637.394089,0.0
-50.0,50,9637.901472,0.0
-50.0,50,9638.42852,0.0
-50.0,50,9638.933102,0.0
-50.0,50,9639.429303,0.0
0.0,50,9639.939678,1.0
-50.0,50,9640.4576,0.0
-50.0,50,9640.978418,0.0
-50.0,50,9641.489403,0.0
-50.0,50,9641.98808,0.0
-50.0,50,9642.496628,0.0
-50.0,50,9643.002759,0.0
-50.0,50,9643.510768,0.0
-50.0,50,9644.017106,0.0
-50.0,50,9644.541437,0.0
-50.0,50,9645.041428,0.0
-50.0,50,9645.543197,0.0
0.0,50,9646.048551,1.0
-50.0,50,9646.568236,0.0
-50.0,50,9647.099417,0.0
-50.0,50,9647.607028,0.0
-50.0,50,9648.116569,0.0
-50.0,50,9648.637268,0.0
-50.0,50,9649.134061,0.0
0.0,50,9649.643264,1.0
-50.0,50,9650.143815,0.0
-50.0,50,9650.649978,0.0
-50.0,50,9651.154067,0.0
-50.0,50,9651.67153,0.0
-50.0,50,9652.178265,0.0
-50.0,50,9652.710673,0.0
-50.0,50,9653.211758,0.0
-50.0,50,9653.701384,0.0
-50.0,50,9654.19912,0.0
-50.0,50,9654.710394,0.0
-50.0,50,9655.210179,0.0
-50.0,50,9655.709551,0.0
-50.0,50,9656.214319,0.0
-50.0,50,9656.734707,0.0
-50.0,50,9657.255314,0.0
-50.0,50,9657.750499,0.0
-50.0,50,9658.250614,0.0
-50.0,50,9658.767323,0.0
-50.0,50,9659.267428,0.0
-50.0,50,9659.772771,0.0
-50.0,50,9660.278072,0.0
-50.0,50,9660.779994,0.0
-50.0,50,9661.285123,0.0
-50.0,50,9661.785162,0.0
-50.0,50,9662.28388,0.0
-50.0,50,9662.794547,0.0
-50.0,50,9663.290143,0.0
-50.0,50,9663.79869,0.0
-50.0,50,9664.308952,0.0
-50.0,50,9667.242596,0.0
0.0,50,9667.758846,1.0
-50.0,50,9668.284164,0.0
-18.0,50,9668.783324,0.0
-50.0,50,9669.292118,0.0
-50.0,50,9669.791589,0.0
-50.0,50,9670.295841,0.0
-50.0,50,9670.792063,0.0
-50.0,50,9671.300731,0.0
-50.0,50,9671.808266,0.0
-50.0,50,9672.306196,0.0
0.0,50,9672.81082,1.0
-50.0,50,9673.327397,0.0
-50.0,50,9673.831524,0.0
-50.0,50,9674.332735,0.0
-50.0,50,9674.832275,0.0
-50.0,50,9675.336358,0.0
-50.0,50,9675.840892,0.0
-50.0,50,9676.335893,0.0
-50.0,50,9676.837376,0.0
-50.0,50,9677.349255,0.0
-50.0,50,9677.847039,0.0
-50.0,50,9678.341706,0.0
-50.0,50,9678.838297,0.0
-50.0,50,9679.34623,0.0
-50.0,50,9679.856937,0.0
-50.0,50,9680.357554,0.0
-50.0,50,9680.861371,0.0
-50.0,50,9681.37629,0.0
-50.0,50,9681.879869,0.0
-50.0,50,9682.370111,0.0
-50.0,50,9682.869761,0.0
-50.0,50,9683.383651,0.0
-50.0,50,9683.886697,0.0
-50.0,50,9684.39336,0.0
-50.0,50,9684.894352,0.0
-50.0,50,9685.416591,0.0
-50.0,50,9685.917133,0.0
-50.0,50,9686.423713,0.0
-50.0,50,9686.920197,0.0
-50.0,50,9687.436661,0.0
-50.0,50,9687.933201,0.0
-50.0,50,9688.431341,0.0
-50.0,50,9688.932598,0.0
-50.0,50,9689.445512,0.0
-50.0,50,9689.953671,0.0
-50.0,50,9690.463101,0.0
-50.0,50,9690.96664,0.0
-50.0,50,9691.474587,0.0
-50.0,50,9691.971286,0.0
-50.0,50,9692.473619,0.0
-50.0,50,9692.972292,0.0
-50.0,50,9693.48298,0.0
-50.0,50,9693.984316,0.0
0.0,50,9694.485203,1.0
-50.0,50,9694.985247,0.0
-50.0,50,9695.497724,0.0
-50.0,50,9695.997172,0.0
-50.0,50,9696.498127,0.0
-50.0,50,9697.007944,0.0
-50.0,50,9697.516521,0.0
-50.0,50,9698.026695,0.0
-50.0,50,9698.529581,0.0
-50.0,50,9699.030613,0.0
-50.0,50,9699.550724,0.0
-50.0,50,9700.055617,0.0
-50.0,50,9700.551066,0.0
-50.0,50,9701.050156,0.0
-50.0,50,9701.557958,0.0
-50.0,50,9702.057753,0.0
-50.0,50,9702.556529,0.0
-50.0,50,9703.052216,0.0
-50.0,50,9703.563246,0.0
-50.0,50,9704.070906,0.0
-50.0,50,9704.596131,0.0
-50.0,50,9705.095186,0.0
-50.0,50,9705.60143,0.0
-50.0,50,9706.096337,0.0
0.0,50,9706.600662,1.0
-50.0,50,9707.096651,0.0
-50.0,50,9707.606097,0.0
-50.0,50,9708.103332,0.0
0.0,50,9708.603276,1.0
-50.0,50,9709.108415,0.0
-50.0,50,9709.619253,0.0
-50.0,50,9710.1178,0.0
-50.0,50,9710.615062,0.0
-50.0,50,9711.113854,0.0
-50.0,50,9711.624444,0.0
-50.0,50,9712.123115,0.0
-50.0,50,9712.618406,0.0
0.0,50,9713.10627,1.0
-50.0,50,9713.621425,0.0
-50.0,50,9714.140041,0.0
-50.0,50,9714.638424,0.0
-50.0,50,9715.141746,0.0
-50.0,50,9715.658685,0.0
-50.0,50,9716.158501,0.0
-50.0,50,9716.642897,0.0
-50.0,50,9717.129314,0.0
-50.0,50,9717.641176,0.0
-50.0,50,9718.135601,0.0
-50.0,50,9718.634945,0.0
-50.0,50,9719.120473,0.0
-50.0,50,9719.63036,0.0
-50.0,50,9720.119315,0.0
-50.0,50,9720.602099,0.0
-50.0,50,9721.091666,0.0
-50.0,50,9721.642787,0.0
-50.0,50,9722.138038,0.0
0.0,50,9722.635472,1.0
-50.0,50,9723.14572,0.0
-50.0,50,9723.655012,0.0
-50.0,50,9724.148316,0.0
-50.0,50,9724.645161,0.0
-50.0,50,9725.152344,0.0
-50.0,50,9725.669129,0.0
-50.0,50,9726.159008,0.0
-50.0,50,9726.656644,0.0
-50.0,50,9727.161824,0.0
0.0,50,9727.665594,1.0
-50.0,50,9728.164919,0.0
-50.0,50,9728.674108,0.0
-50.0,50,9729.175124,0.0
-50.0,50,9729.697649,0.0
-50.0,50,9730.181278,0.0
-50.0,50,9730.676329,0.0
-50.0,50,9731.172838,0.0
-50.0,50,9731.682487,0.0
-50.0,50,9732.169365,0.0
-50.0,50,9732.663837,0.0
-50.0,50,9733.149913,0.0
-50.0,50,9733.659644,0.0
0.0,50,9734.157871,1.0
-50.0,50,9734.654317,0.0
-50.0,50,9735.139912,0.0
-50.0,50,9735.636214,0.0
-50.0,50,9736.132714,0.0
-50.0,50,9736.623469,0.0
-50.0,50,9737.129012,0.0
0.0,50,9737.640502,1.0
-50.0,50,9738.13642,0.0
0.0,50,9738.635674,1.0
-50.0,50,9739.147589,0.0
-50.0,50,9739.666768,0.0
-50.0,50,9740.177566,0.0
-50.0,50,9740.67827,0.0
-50.0,50,9741.184736,0.0
-50.0,50,9741.697012,0.0
-50.0,50,9742.210289,0.0
-50.0,50,9742.7168,0.0
-50.0,50,9743.208534,0.0
-50.0,50,9743.714931,0.0
-50.0,50,9744.210633,0.0
-50.0,50,9744.711519,0.0
-50.0,50,9745.209172,0.0
-50.0,50,9745.718016,0.0
-50.0,50,9746.223543,0.0
-50.0,50,9746.715619,0.0
-50.0,50,9747.212309,0.0
-50.0,50,9747.735315,0.0
-50.0,50,9748.230983,0.0
-50.0,50,9748.724255,0.0
0.0,50,9749.22047,1.0
-50.0,50,9749.734017,0.0
-50.0,50,9750.235843,0.0
-50.0,50,9750.736791,0.0
0.0,50,9751.241322,1.0
-50.0,50,9751.755499,0.0
0.0,50,9752.253551,1.0
-50.0,50,9752.745095,0.0
0.0,50,9753.256771,1.0
-50.0,50,9753.774716,0.0
-50.0,50,9754.268107,0.0
-50.0,50,9754.76659,0.0
-50.0,50,9755.268621,0.0
-50.0,50,9755.775336,0.0
-50.0,50,9756.274899,0.0
-50.0,50,9756.77016,0.0
0.0,50,9757.261421,1.0
-50.0,50,9757.78141,0.0
-50.0,50,9758.273633,0.0
-50.0,50,9758.76918,0.0
-50.0,50,9759.277807,0.0
-50.0,50,9759.800555,0.0
-50.0,50,9760.295061,0.0
-50.0,50,9760.795775,0.0
-50.0,50,9761.303078,0.0
-50.0,50,9761.811805,0.0
-50.0,50,9762.314148,0.0
0.0,50,9762.808444,1.0
-50.0,50,9763.315048,0.0
-50.0,50,9763.819367,0.0
-50.0,50,9764.316407,0.0
-50.0,50,9764.816556,0.0
-50.0,50,9765.306542,0.0
-50.0,50,9765.809047,0.0
-50.0,50,9766.307164,0.0
-50.0,50,9766.809783,0.0
-50.0,50,9767.300455,0.0
-50.0,50,9770.102216,0.0
-50.0,50,9770.598504,0.0
-50.0,50,9771.116343,0.0
0.0,50,9771.616242,1.0
-50.0,50,9772.116966,0.0
-50.0,50,9772.605338,0.0
-50.0,50,9773.09566,0.0
-50.0,50,9773.591533,0.0
-50.0,50,9774.107461,0.0
-50.0,50,9774.595587,0.0
-50.0,50,9775.093995,0.0
-50.0,50,9775.603531,0.0
-50.0,50,9776.112746,0.0
-50.0,50,9776.612576,0.0
-50.0,50,9777.104172,0.0
-50.0,50,9777.592919,0.0
-50.0,50,9778.089087,0.0
-50.0,50,9778.590823,0.0
-50.0,50,9779.075631,0.0
-50.0,50,9779.57546,0.0
-50.0,50,9780.085454,0.0
0.0,50,9780.57262,1.0
-50.0,50,9781.069777,0.0
-50.0,50,9781.570988,0.0
-50.0,50,9782.086198,0.0
-50.0,50,9782.57572,0.0
-50.0,50,9783.080736,0.0
-50.0,50,9783.570641,0.0
-50.0,50,9784.069275,0.0
-50.0,50,9784.563689,0.0
-50.0,50,9785.060734,0.0
-50.0,50,9785.556979,0.0
-50.0,50,9786.052495,0.0
-50.0,50,9786.552027,0.0
-50.0,50,9787.034745,0.0
-50.0,50,9787.525613,0.0
-50.0,50,9788.039594,0.0
-50.0,50,9788.540692,0.0
-50.0,50,9789.039968,0.0
-50.0,50,9789.523827,0.0
-50.0,50,9790.021383,0.0
-50.0,50,9790.521106,0.0
-50.0,50,9791.019678,0.0
-50.0,50,9791.520006,0.0
-50.0,50,9792.034711,0.0
-50.0,50,9792.533165,0.0
-50.0,50,9793.03033,0.0
-50.0,50,9793.521674,0.0
-50.0,50,9794.032756,0.0
-50.0,50,9794.535737,0.0
-50.0,50,9795.030694,0.0
-50.0,50,9795.521648,0.0
-50.0,50,9796.031688,0.0
-50.0,50,9796.532583,0.0
-50.0,50,9797.014648,0.0
-50.0,50,9797.498392,0.0
-50.0,50,9798.001721,0.0
-50.0,50,9798.50013,0.0
-50.0,50,9798.994858,0.0
-50.0,50,9799.481073,0.0
-50.0,50,9799.988053,0.0
0.0,50,9800.496764,1.0
-50.0,50,9800.989662,0.0
-50.0,50,9801.475166,0.0
0.0,50,9801.972822,1.0
-50.0,50,9802.456555,0.0
-50.0,50,9802.939411,0.0
-50.0,50,9803.438745,0.0
-50.0,50,9803.943912,0.0
0.0,50,9804.434185,1.0
-50.0,50,9804.939909,0.0
-50.0,50,9805.430096,0.0
-50.0,50,9805.926922,0.0
-50.0,50,9806.41245,0.0
-50.0,50,9806.903673,0.0
-50.0,50,9807.395814,0.0
-50.0,50,9807.904386,0.0
-50.0,50,9808.39267,0.0
-50.0,50,9808.896095,0.0
-50.0,50,9809.385674,0.0
-50.0,50,9809.902017,0.0
-50.0,50,9810.405683,0.0
-50.0,50,9810.907895,0.0
-50.0,50,9811.399077,0.0
-50.0,50,9811.935767,0.0
-50.0,50,9812.438159,0.0
-50.0,50,9812.93165,0.0
0.0,50,9813.424001,1.0
-50.0,50,9813.926486,0.0
-50.0,50,9814.417775,0.0
-50.0,50,9814.911057,0.0
-50.0,50,9815.401546,0.0
-50.0,50,9815.907577,0.0
-50.0,50,9816.416092,0.0
-50.0,50,9816.918293,0.0
-50.0,50,9817.41071,0.0
-50.0,50,9817.916469,0.0
-50.0,50,9818.407188,0.0
-50.0,50,9818.904917,0.0
-50.0,50,9819.396523,0.0
-50.0,50,9819.907727,0.0
-50.0,50,9820.418242,0.0
-50.0,50,9820.913811,0.0
-50.0,50,9821.405497,0.0
-50.0,50,9821.920796,0.0
-50.0,50,9822.41721,0.0
-50.0,50,9822.910314,0.0
-50.0,50,9823.410134,0.0
-50.0,50,9823.916798,0.0
-50.0,50,9824.417452,0.0
-50.0,50,9824.906715,0.0
-50.0,50,9825.409757,0.0
-50.0,50,9825.907383,0.0
-50.0,50,9826.392773,0.0
-50.0,50,9826.875339,0.0
-50.0,50,9827.362597,0.0
-50.0,50,9827.86034,0.0
-50.0,50,9828.347751,0.0
-50.0,50,9828.8421,0.0
-50.0,50,9829.336269,0.0
-50.0,50,9829.834342,0.0
0.0,50,9830.327834,1.0
-50.0,50,9830.826174,0.0
-50.0,50,9831.322046,0.0
-50.0,50,9831.837823,0.0
-50.0,50,9832.32182,0.0
-50.0,50,9832.804016,0.0
0.0,50,9833.298501,1.0
-50.0,50,9833.814603,0.0
-50.0,50,9834.297709,0.0
-50.0,50,9834.778436,0.0
0.0,50,9835.258598,1.0
-50.0,50,9835.771703,0.0
-50.0,50,9836.268159,0.0
-50.0,50,9836.756585,0.0
-50.0,50,9837.243997,0.0
-50.0,50,9837.74312,0.0
-50.0,50,9838.227067,0.0
-50.0,50,9838.716913,0.0
-50.0,50,9839.192581,0.0
-50.0,50,9839.683742,0.0
-50.0,50,9840.165849,0.0
-50.0,50,9840.646311,0.0
0.0,50,9841.132302,1.0
-50.0,50,9841.640844,0.0
-50.0,50,9842.137424,0.0
-50.0,50,9842.622469,0.0
-50.0,50,9843.108527,0.0
-50.0,50,9843.607057,0.0
-50.0,50,9844.090179,0.0
-50.0,50,9844.581231,0.0
-50.0,50,9845.065727,0.0
-50.0,50,9845.558957,0.0
-50.0,50,9846.046161,0.0
-50.0,50,9846.52903,0.0
-50.0,50,9847.008625,0.0
-50.0,50,9847.513967,0.0
-50.0,50,9847.998975,0.0
-50.0,50,9848.49192,0.0
-50.0,50,9848.971864,0.0
-50.0,50,9849.458987,0.0
-50.0,50,9849.954605,0.0
-50.0,50,9850.444818,0.0
-50.0,50,9850.929411,0.0
-50.0,50,9851.425677,0.0
-50.0,50,9851.904099,0.0
-50.0,50,9852.389591,0.0
-50.0,50,9852.869996,0.0
-50.0,50,9853.379656,0.0
-50.0,50,9853.857887,0.0
-50.0,50,9854.339939,0.0
-50.0,50,9854.821754,0.0
-50.0,50,9855.32125,0.0
-50.0,50,9855.803002,0.0
-50.0,50,9856.285632,0.0
-50.0,50,9856.772988,0.0
-50.0,50,9857.268455,0.0
-50.0,50,9857.757014,0.0
-50.0,50,9858.239853,0.0
-50.0,50,9858.72373,0.0
-50.0,50,9859.211188,0.0
-50.0,50,9859.688457,0.0
-50.0,50,9860.175492,0.0
-50.0,50,9860.660692,0.0
-50.0,50,9861.152701,0.0
-50.0,50,9861.630726,0.0
-50.0,50,9862.109367,0.0
-50.0,50,9862.60298,0.0
0.0,50,9863.100841,1.0
0.0,50,9863.580751,1.0
-50.0,50,9864.060094,0.0
-50.0,50,9864.537561,0.0
0.0,50,9865.026959,1.0
-50.0,50,9865.504587,0.0
0.0,50,9865.984247,1.0
-50.0,50,9866.474786,0.0
0.0,50,9866.972747,1.0
0.0,50,9867.460949,1.0
-50.0,50,9867.94316,0.0
-50.0,50,9868.430245,0.0
-50.0,50,9871.141207,0.0
-50.0,50,9871.627361,0.0
-50.0,50,9872.10405,0.0
-50.0,50,9872.58282,0.0
-50.0,50,9873.079791,0.0
-50.0,50,9873.575164,0.0
-50.0,50,9874.071149,0.0
-50.0,50,9874.555176,0.0
-50.0,50,9875.066386,0.0
-50.0,50,9875.557622,0.0
-50.0,50,9876.042094,0.0
0.0,50,9876.528687,1.0
-50.0,50,9877.033859,0.0
-50.0,50,9877.526851,0.0
-50.0,50,9878.022169,0.0
-50.0,50,9878.520367,0.0
-50.0,50,9879.02616,0.0
-50.0,50,9879.518174,0.0
-50.0,50,9880.012432,0.0
-50.0,50,9880.509049,0.0
-50.0,50,9881.00961,0.0
-50.0,50,9881.502832,0.0
-50.0,50,9881.991847,0.0
-50.0,50,9882.475964,0.0
-50.0,50,9882.992616,0.0
0.0,50,9883.488119,1.0
-50.0,50,9883.976525,0.0
-50.0,50,9884.462408,0.0
-50.0,50,9884.97199,0.0
-50.0,50,9885.457744,0.0
-50.0,50,9885.952365,0.0
-50.0,50,9886.444843,0.0
-50.0,50,9886.955016,0.0
-50.0,50,9887.445233,0.0
-50.0,50,9887.940735,0.0
-50.0,50,9888.427418,0.0
-50.0,50,9888.927626,0.0
-50.0,50,9889.423889,0.0
-50.0,50,9889.914807,0.0
-50.0,50,9890.409964,0.0
-50.0,50,9890.904563,0.0
-50.0,50,9891.401738,0.0
-50.0,50,9891.895203,0.0
-50.0,50,9892.388907,0.0
0.0,50,9892.88484,1.0
-50.0,50,9893.373609,0.0
-50.0,50,9893.855623,0.0
-50.0,50,9894.349764,0.0
-50.0,50,9894.843215,0.0
0.0,50,9895.325,1.0
-50.0,50,9895.814008,0.0
0.0,50,9896.308108,1.0
-50.0,50,9896.805838,0.0
-50.0,50,9897.283742,0.0
-50.0,50,9897.762239,0.0
-50.0,50,9898.243764,0.0
-50.0,50,9898.734622,0.0
-50.0,50,9899.222816,0.0
-50.0,50,9899.719145,0.0
-50.0,50,9900.205792,0.0
-50.0,50,9900.707098,0.0
-50.0,50,9901.187565,0.0
-50.0,50,9901.670886,0.0
-50.0,50,9902.154738,0.0
-50.0,50,9902.646163,0.0
-50.0,50,9903.131191,0.0
-50.0,50,9903.625404,0.0
-50.0,50,9904.103397,0.0
-50.0,50,9904.594296,0.0
-50.0,50,9905.084082,0.0
-50.0,50,9905.564053,0.0
-50.0,50,9906.04617,0.0
-50.0,50,9906.548275,0.0
-50.0,50,9907.02372,0.0
-50.0,50,9907.507236,0.0
-50.0,50,9907.995382,0.0
-50.0,50,9908.51306,0.0
-50.0,50,9908.989452,0.0
-50.0,50,9909.477676,0.0
-50.0,50,9909.961005,0.0
-50.0,50,9910.472116,0.0
-50.0,50,9910.967615,0.0
-50.0,50,9911.452759,0.0
-50.0,50,9911.935201,0.0
-50.0,50,9912.446791,0.0
0.0,50,9912.924867,1.0
-50.0,50,9913.407748,0.0
-50.0,50,9913.892806,0.0
-50.0,50,9914.399276,0.0
-50.0,50,9914.875078,0.0
-50.0,50,9915.354214,0.0
-50.0,50,9915.847071,0.0
-50.0,50,9916.359441,0.0
-50.0,50,9916.849656,0.0
-50.0,50,9917.337973,0.0
-50.0,50,9917.837966,0.0
-50.0,50,9918.350467,0.0
-50.0,50,9918.843784,0.0
-50.0,50,9919.343145,0.0
-50.0,50,9919.833853,0.0
-50.0,50,9920.340262,0.0
-50.0,50,9920.839159,0.0
-50.0,50,9921.331087,0.0
-50.0,50,9921.815918,0.0
-50.0,50,9922.305449,0.0
-50.0,50,9922.793656,0.0
-50.0,50,9923.289063,0.0
-50.0,50,9923.776445,0.0
-50.0,50,9924.27711,0.0
-50.0,50,9924.767669,0.0
-50.0,50,9925.251194,0.0
-50.0,50,9925.727905,0.0
-50.0,50,9926.22087,0.0
-50.0,50,9926.696213,0.0
-50.0,50,9927.173678,0.0
-50.0,50,9927.648066,0.0
-50.0,50,9928.141381,0.0
-50.0,50,9928.615593,0.0
-50.0,50,9929.091058,0.0
-50.0,50,9929.565068,0.0
-50.0,50,9930.065039,0.0
-50.0,50,9930.549583,0.0
-50.0,50,9931.028633,0.0
-50.0,50,9931.502688,0.0
-50.0,50,9932.000106,0.0
0.0,50,9932.487984,1.0
-50.0,50,9932.968508,0.0
-50.0,50,9933.443824,0.0
-50.0,50,9933.943417,0.0
-50.0,50,9934.430322,0.0
-50.0,50,9934.918504,0.0
-50.0,50,9935.40449,0.0
-50.0,50,9935.890884,0.0
-50.0,50,9936.366945,0.0
-50.0,50,9936.842446,0.0
-50.0,50,9937.317945,0.0
-50.0,50,9937.820101,0.0
0.0,50,9938.307597,1.0
-50.0,50,9938.786507,0.0
-50.0,50,9939.286792,0.0
-50.0,50,9939.783422,0.0
-50.0,50,9940.267704,0.0
-50.0,50,9940.752892,0.0
-50.0,50,9941.247123,0.0
-50.0,50,9941.756273,0.0
-50.0,50,9942.247477,0.0
-50.0,50,9942.729972,0.0
-50.0,50,9943.214568,0.0
-50.0,50,9943.70916,0.0
-50.0,50,9944.200001,0.0
-50.0,50,9944.689004,0.0
-50.0,50,9945.185009,0.0
-50.0,50,9945.695195,0.0
-50.0,50,9946.1902,0.0
-50.0,50,9946.688373,0.0
-50.0,50,9947.185259,0.0
-50.0,50,9947.689679,0.0
-50.0,50,9948.190301,0.0
0.0,50,9948.682907,1.0
-50.0,50,9949.17221,0.0
-50.0,50,9949.671823,0.0
0.0,50,9950.169194,1.0
-50.0,50,9950.656165,0.0
-50.0,50,9951.150338,0.0
-50.0,50,9951.657839,0.0
-50.0,50,9952.1426,0.0
-50.0,50,9952.626442,0.0
-50.0,50,9953.110602,0.0
-50.0,50,9953.614771,0.0
-50.0,50,9954.09843,0.0
-50.0,50,9954.597236,0.0
-50.0,50,9955.088312,0.0
-50.0,50,9955.589828,0.0
-50.0,50,9956.08867,0.0
-50.0,50,9956.581393,0.0
-50.0,50,9957.072981,0.0
-50.0,50,9957.577187,0.0
-50.0,50,9958.069437,0.0
-50.0,50,9958.560205,0.0
-50.0,50,9959.048549,0.0
-50.0,50,9959.566399,0.0
-50.0,50,9960.062516,0.0
-50.0,50,9960.551053,0.0
-50.0,50,9961.03773,0.0
-50.0,50,9961.532352,0.0
-50.0,50,9962.031821,0.0
-50.0,50,9962.525448,0.0
-50.0,50,9963.022235,0.0
-50.0,50,9963.516701,0.0
-50.0,50,9964.012792,0.0
-50.0,50,9964.490985,0.0
-50.0,50,9964.982089,0.0
-50.0,50,9965.473006,0.0
-50.0,50,9965.950859,0.0
-50.0,50,9966.440437,0.0
-50.0,50,9966.922013,0.0
-50.0,50,9967.416651,0.0
-50.0,50,9967.89709,0.0
-50.0,50,9968.384474,0.0
-50.0,50,9968.872057,0.0
-50.0,50,9971.58378,0.0
-50.0,50,9972.075494,0.0
-50.0,50,9972.56232,0.0
-50.0,50,9973.059616,0.0
-50.0,50,9973.558258,0.0
-50.0,50,9974.049507,0.0
0.0,50,9974.532249,1.0
-50.0,50,9975.010449,0.0
-50.0,50,9975.500047,0.0
-50.0,50,9975.990999,0.0
-50.0,50,9976.479494,0.0
-50.0,50,9976.959245,0.0
-50.0,50,9977.459004,0.0
-50.0,50,9977.947389,0.0
-50.0,50,9978.426517,0.0
-50.0,50,9978.900981,0.0
-50.0,50,9979.386474,0.0
-50.0,50,9979.876354,0.0
-50.0,50,9980.353354,0.0
-50.0,50,9980.829032,0.0
-50.0,50,9981.324923,0.0
-50.0,50,9981.816992,0.0
-50.0,50,9982.299061,0.0
-50.0,50,9982.776554,0.0
-41.0,50,9983.268605,0.0
-50.0,50,9983.744443,0.0
-50.0,50,9984.234209,0.0
-50.0,50,9984.711232,0.0
-50.0,50,9985.195382,0.0
-50.0,50,9985.671176,0.0
-50.0,50,9986.147094,0.0
-50.0,50,9986.626526,0.0
-50.0,50,9987.112178,0.0
-50.0,50,9987.594247,0.0
-50.0,50,9988.076703,0.0
-50.0,50,9988.570261,0.0
0.0,50,9989.060245,1.0
0.0,50,9989.548372,1.0
-50.0,50,9990.038035,0.0
-50.0,50,9990.532256,0.0
-50.0,50,9991.029788,0.0
0.0,50,9991.516237,1.0
0.0,50,9991.995239,1.0
-50.0,50,9992.472192,0.0
-50.0,50,9992.958403,0.0
-50.0,50,9993.437273,0.0
-50.0,50,9993.929396,0.0
-50.0,50,9994.404453,0.0
-50.0,50,9994.89015,0.0
-50.0,50,9995.370508,0.0
-50.0,50,9995.860164,0.0
-50.0,50,9996.348554,0.0
-50.0,50,9996.843364,0.0
-50.0,50,9997.323639,0.0
-50.0,50,9997.807605,0.0
0.0,50,9998.28948,1.0
-50.0,50,9998.774355,0.0
-50.0,50,9999.253129,0.0
-50.0,50,9999.729991,0.0
-50.0,50,10000.210721,0.0
-50.0,50,10000.702213,0.0
-50.0,50,10001.187227,0.0
-50.0,50,10001.672948,0.0
-50.0,50,10002.155662,0.0
-50.0,50,10002.655849,0.0
-50.0,50,10003.144615,0.0
-50.0,50,10003.629494,0.0
-50.0,50,10004.113446,0.0
-50.0,50,10004.60757,0.0
-50.0,50,10005.090216,0.0
-50.0,50,10005.571113,0.0
-50.0,50,10006.059214,0.0
-50.0,50,10006.561183,0.0
-50.0,50,10007.04624,0.0
-50.0,50,10007.541345,0.0
-50.0,50,10008.033259,0.0
-50.0,50,10008.537293,0.0
-50.0,50,10009.02886,0.0
-50.0,50,10009.512718,0.0
-50.0,50,10009.996,0.0
-50.0,50,10010.489488,0.0
-50.0,50,10010.972392,0.0
-50.0,50,10011.469285,0.0
-50.0,50,10011.958186,0.0
-50.0,50,10012.453284,0.0
-50.0,50,10012.942574,0.0
-50.0,50,10013.426564,0.0
-50.0,50,10013.917152,0.0
-50.0,50,10014.412744,0.0
-50.0,50,10014.899582,0.0
-50.0,50,10015.393991,0.0
0.0,50,10015.875694,1.0
-50.0,50,10016.37015,0.0
-50.0,50,10016.857729,0.0
-50.0,50,10017.343364,0.0
-50.0,50,10017.825075,0.0
-50.0,50,10018.320819,0.0
-50.0,50,10018.802153,0.0
-50.0,50,10019.301449,0.0
-50.0,50,10019.802614,0.0
-50.0,50,10020.298079,0.0
-50.0,50,10020.789721,0.0
-50.0,50,10021.282878,0.0
-50.0,50,10021.780158,0.0
0.0,50,10022.290335,1.0
-50.0,50,10022.767567,0.0
-50.0,50,10023.243733,0.0
-50.0,50,10023.725611,0.0
-50.0,50,10024.22236,0.0
-50.0,50,10024.699538,0.0
0.0,50,10025.176641,1.0
-50.0,50,10025.656786,0.0
-50.0,50,10026.150499,0.0
-50.0,50,10026.63669,0.0
-50.0,50,10027.127583,0.0
0.0,50,10027.617498,1.0
-50.0,50,10028.109392,0.0
-50.0,50,10028.60253,0.0
-50.0,50,10029.097439,0.0
-50.0,50,10029.594603,0.0
-50.0,50,10030.10546,0.0
-50.0,50,10030.600982,0.0
-50.0,50,10031.096145,0.0
-50.0,50,10031.593847,0.0
-50.0,50,10032.098542,0.0
-50.0,50,10032.581499,0.0
-50.0,50,10033.081482,0.0
-50.0,50,10033.579312,0.0
-50.0,50,10034.090193,0.0
-50.0,50,10034.583186,0.0
-50.0,50,10035.071947,0.0
-50.0,50,10035.564172,0.0
-50.0,50,10036.058823,0.0
-50.0,50,10036.541845,0.0
-50.0,50,10037.037375,0.0
-50.0,50,10037.530051,0.0
-50.0,50,10038.033847,0.0
-50.0,50,10038.522579,0.0
-50.0,50,10039.015275,0.0
-50.0,50,10039.505539,0.0
-50.0,50,10039.999303,0.0
-50.0,50,10040.486088,0.0
-50.0,50,10040.968441,0.0
-50.0,50,10041.459777,0.0
-50.0,50,10041.974408,0.0
-50.0,50,10042.465893,0.0
-50.0,50,10042.947706,0.0
-50.0,50,10043.43227,0.0
-50.0,50,10043.933561,0.0
-50.0,50,10044.425486,0.0
-50.0,50,10044.910079,0.0
-50.0,50,10045.407708,0.0
-50.0,50,10045.90442,0.0
-50.0,50,10046.38745,0.0
-50.0,50,10046.870684,0.0
-50.0,50,10047.367731,0.0
-50.0,50,10047.876795,0.0
-50.0,50,10048.363335,0.0
-50.0,50,10048.856261,0.0
-50.0,50,10049.352674,0.0
-50.0,50,10049.867647,0.0
-50.0,50,10050.364874,0.0
0.0,50,10050.850319,1.0
-50.0,50,10051.345868,0.0
-50.0,50,10051.847536,0.0
-50.0,50,10052.342888,0.0
-50.0,50,10052.843887,0.0
-50.0,50,10053.336622,0.0
-50.0,50,10053.846384,0.0
-50.0,50,10054.353055,0.0
-50.0,50,10054.851903,0.0
-50.0,50,10055.35626,0.0
0.0,50,10055.864999,1.0
-50.0,50,10056.365756,0.0
-50.0,50,10056.866899,0.0
-50.0,50,10057.373522,0.0
-50.0,50,10057.885314,0.0
0.0,50,10058.376436,1.0
-50.0,50,10058.877186,0.0
-50.0,50,10059.377682,0.0
-50.0,50,10059.890976,0.0
0.0,50,10060.389605,1.0
-50.0,50,10060.894902,0.0
-50.0,50,10061.389266,0.0
-50.0,50,10061.898615,0.0
-50.0,50,10062.392489,0.0
-50.0,50,10062.894533,0.0
-50.0,50,10063.396142,0.0
-50.0,50,10063.91079,0.0
-50.0,50,10064.412953,0.0
0.0,50,10064.915709,1.0
-50.0,50,10065.417018,0.0
0.0,50,10065.926113,1.0
-50.0,50,10066.411036,0.0
-50.0,50,10066.907779,0.0
-50.0,50,10067.407806,0.0
-50.0,50,10067.908665,0.0
-50.0,50,10068.396456,0.0
-50.0,50,10068.882412,0.0
-50.0,50,10069.376212,0.0
-50.0,50,10072.249261,0.0
-50.0,50,10072.73726,0.0
-50.0,50,10073.232539,0.0
-50.0,50,10073.731777,0.0
-50.0,50,10074.233147,0.0
-50.0,50,10074.714348,0.0
-50.0,50,10075.211617,0.0
-50.0,50,10075.702864,0.0
-50.0,50,10076.20544,0.0
-50.0,50,10076.693498,0.0
-50.0,50,10077.180031,0.0
-50.0,50,10077.672674,0.0
-50.0,50,10078.17227,0.0
-50.0,50,10078.654708,0.0
-50.0,50,10079.143138,0.0
-50.0,50,10079.628166,0.0
-50.0,50,10080.132747,0.0
-50.0,50,10080.616165,0.0
-50.0,50,10081.09993,0.0
-50.0,50,10081.58442,0.0
-50.0,50,10082.084082,0.0
-50.0,50,10082.571189,0.0
-50.0,50,10083.069689,0.0
-50.0,50,10083.565744,0.0
0.0,50,10084.076769,1.0
-50.0,50,10084.568194,0.0
-50.0,50,10085.065664,0.0
-50.0,50,10085.567122,0.0
-50.0,50,10086.081776,0.0
-50.0,50,10086.581779,0.0
-50.0,50,10087.071568,0.0
-50.0,50,10087.57073,0.0
-50.0,50,10088.075483,0.0
-50.0,50,10088.571233,0.0
-50.0,50,10089.074105,0.0
-50.0,50,10089.574748,0.0
-50.0,50,10090.080569,0.0
-50.0,50,10090.569736,0.0
-50.0,50,10091.078344,0.0
-50.0,50,10091.581016,0.0
-50.0,50,10092.091356,0.0
-50.0,50,10092.581778,0.0
-50.0,50,10093.077837,0.0
-50.0,50,10093.576745,0.0
-50.0,50,10094.08579,0.0
-50.0,50,10094.586831,0.0
-50.0,50,10095.070668,0.0
-50.0,50,10095.558097,0.0
-50.0,50,10096.06631,0.0
0.0,50,10096.558811,1.0
-50.0,50,10097.050816,0.0
-50.0,50,10097.542965,0.0
-50.0,50,10098.047276,0.0
-50.0,50,10098.538071,0.0
-50.0,50,10099.02332,0.0
-50.0,50,10099.506101,0.0
-50.0,50,10099.999346,0.0
-50.0,50,10100.490003,0.0
-50.0,50,10100.983603,0.0
-50.0,50,10101.466059,0.0
0.0,50,10101.971768,1.0
-50.0,50,10102.466002,0.0
-50.0,50,10102.960645,0.0
-50.0,50,10103.469143,0.0
-50.0,50,10103.966168,0.0
-50.0,50,10104.460871,0.0
-50.0,50,10104.956681,0.0
-50.0,50,10105.446358,0.0
-50.0,50,10105.94704,0.0
-50.0,50,10106.430635,0.0
-50.0,50,10106.917107,0.0
-50.0,50,10107.411822,0.0
-50.0,50,10107.922941,0.0
-50.0,50,10108.423929,0.0
-50.0,50,10108.924832,0.0
-50.0,50,10109.415619,0.0
-50.0,50,10109.92712,0.0
-50.0,50,10110.415025,0.0
-50.0,50,10110.90976,0.0
-50.0,50,10111.406141,0.0
-50.0,50,10111.911039,0.0
-50.0,50,10112.400031,0.0
-50.0,50,10112.893511,0.0
-50.0,50,10113.38831,0.0
-50.0,50,10113.888124,0.0
-50.0,50,10114.381238,0.0
0.0,50,10114.874918,1.0
-50.0,50,10115.367018,0.0
0.0,50,10115.869458,1.0
-50.0,50,10116.355953,0.0
-50.0,50,10116.843985,0.0
-50.0,50,10117.341012,0.0
-50.0,50,10117.844836,0.0
0.0,50,10118.332023,1.0
-50.0,50,10118.816278,0.0
-50.0,50,10119.305574,0.0
-50.0,50,10119.801035,0.0
-50.0,50,10120.283112,0.0
-50.0,50,10120.774778,0.0
-50.0,50,10121.274749,0.0
-50.0,50,10121.774941,0.0
-50.0,50,10122.276426,0.0
-50.0,50,10122.772941,0.0
-50.0,50,10123.269088,0.0
-50.0,50,10123.770459,0.0
-50.0,50,10124.263777,0.0
-50.0,50,10124.747376,0.0
-50.0,50,10125.239289,0.0
-50.0,50,10125.748072,0.0
-50.0,50,10126.24917,0.0
-50.0,50,10126.750352,0.0
-50.0,50,10127.244498,0.0
-50.0,50,10127.757035,0.0
-50.0,50,10128.259148,0.0
-50.0,50,10128.760318,0.0
-50.0,50,10129.264099,0.0
-50.0,50,10129.776321,0.0
-50.0,50,10130.27747,0.0
-50.0,50,10130.768985,0.0
-50.0,50,10131.270336,0.0
-50.0,50,10131.779825,0.0
0.0,50,10132.26558,1.0
-50.0,50,10132.764785,0.0
-50.0,50,10133.253294,0.0
-50.0,50,10133.751774,0.0
-50.0,50,10134.24386,0.0
-50.0,50,10134.740625,0.0
-50.0,50,10135.235011,0.0
0.0,50,10135.741279,1.0
-50.0,50,10136.227287,0.0
-50.0,50,10136.717983,0.0
-50.0,50,10137.203713,0.0
0.0,50,10137.697731,1.0
0.0,50,10138.186642,1.0
-50.0,50,10138.670579,0.0
-50.0,50,10139.154971,0.0
0.0,50,10139.647707,1.0
-50.0,50,10140.138503,0.0
-50.0,50,10140.621837,0.0
-50.0,50,10141.118804,0.0
-50.0,50,10141.624968,0.0
-50.0,50,10142.121652,0.0
-50.0,50,10142.622276,0.0
-50.0,50,10143.123153,0.0
-50.0,50,10143.62462,0.0
-50.0,50,10144.109766,0.0
-50.0,50,10144.597485,0.0
-50.0,50,10145.083175,0.0
-50.0,50,10145.579442,0.0
-50.0,50,10146.065706,0.0
-50.0,50,10146.552885,0.0
-50.0,50,10147.037018,0.0
-50.0,50,10147.534872,0.0
-50.0,50,10148.031055,0.0
-50.0,50,10148.523495,0.0
-50.0,50,10149.015445,0.0
-50.0,50,10149.520832,0.0
-50.0,50,10150.014952,0.0
-50.0,50,10150.51825,0.0
-50.0,50,10151.019506,0.0
-50.0,50,10151.537352,0.0
-50.0,50,10152.024158,0.0
-50.0,50,10152.523065,0.0
-50.0,50,10153.024094,0.0
-50.0,50,10153.525246,0.0
-50.0,50,10154.024093,0.0
-50.0,50,10154.520077,0.0
-50.0,50,10155.01405,0.0
-50.0,50,10155.516525,0.0
-50.0,50,10156.001764,0.0
-50.0,50,10156.489064,0.0
-50.0,50,10156.978987,0.0
-50.0,50,10157.480888,0.0
-50.0,50,10157.964534,0.0
-50.0,50,10158.451281,0.0
-50.0,50,10158.949453,0.0
-50.0,50,10159.454351,0.0
-50.0,50,10159.946965,0.0
-50.0,50,10160.446014,0.0
-50.0,50,10160.939538,0.0
-50.0,50,10161.43495,0.0
-50.0,50,10161.934066,0.0
-50.0,50,10162.432002,0.0
-50.0,50,10162.922451,0.0
0.0,50,10163.419231,1.0
-50.0,50,10163.919065,0.0
-50.0,50,10164.416771,0.0
-50.0,50,10164.906813,0.0
-50.0,50,10165.411378,0.0
0.0,50,10165.904526,1.0
-50.0,50,10166.398993,0.0
-50.0,50,10166.889157,0.0
-50.0,50,10167.381476,0.0
-50.0,50,10167.870182,0.0
0.0,50,10168.356164,1.0
-50.0,50,10168.849588,0.0
-50.0,50,10169.355237,0.0
-50.0,50,10169.837585,0.0
-50.0,50,10170.329345,0.0
-50.0,50,10170.812707,0.0
0.0,50,10173.567216,1.0
-50.0,50,10174.072855,0.0
-50.0,50,10174.558711,0.0
-50.0,50,10175.042454,0.0
-50.0,50,10175.543628,0.0
-50.0,50,10176.038029,0.0
-50.0,50,10176.524732,0.0
-50.0,50,10177.018328,0.0
-50.0,50,10177.51131,0.0
-50.0,50,10177.99533,0.0
-50.0,50,10178.477241,0.0
-50.0,50,10178.971275,0.0
-50.0,50,10179.474976,0.0
-50.0,50,10179.966202,0.0
-50.0,50,10180.458495,0.0
-50.0,50,10180.962971,0.0
-50.0,50,10181.45604,0.0
0.0,50,10181.955842,1.0
-50.0,50,10182.435741,0.0
-50.0,50,10182.917924,0.0
-50.0,50,10183.417749,0.0
-50.0,50,10183.899767,0.0
-50.0,50,10184.392481,0.0
-50.0,50,10184.877932,0.0
-50.0,50,10185.373136,0.0
-50.0,50,10185.866992,0.0
-50.0,50,10186.368584,0.0
-50.0,50,10186.86953,0.0
-50.0,50,10187.370756,0.0
-50.0,50,10187.869266,0.0
-50.0,50,10188.360303,0.0
-50.0,50,10188.860217,0.0
-50.0,50,10189.370167,0.0
-50.0,50,10189.871181,0.0
-50.0,50,10190.370163,0.0
-50.0,50,10190.872559,0.0
-50.0,50,10191.385225,0.0
0.0,50,10191.892032,1.0
-50.0,50,10192.385645,0.0
0.0,50,10192.878041,1.0
-50.0,50,10193.379066,0.0
-50.0,50,10193.863897,0.0
-50.0,50,10194.357186,0.0
-50.0,50,10194.838443,0.0
-50.0,50,10195.350961,0.0
0.0,50,10195.845621,1.0
-50.0,50,10196.33231,0.0
-50.0,50,10196.815339,0.0
-50.0,50,10197.313166,0.0
-50.0,50,10197.795007,0.0
-50.0,50,10198.278458,0.0
-50.0,50,10198.773564,0.0
-50.0,50,10199.266364,0.0
-50.0,50,10199.747668,0.0
-50.0,50,10200.240385,0.0
-50.0,50,10200.751671,0.0
-50.0,50,10201.262805,0.0
-50.0,50,10201.750245,0.0
-50.0,50,10202.2378,0.0
-50.0,50,10202.718104,0.0
0.0,50,10203.213677,1.0
-50.0,50,10203.708268,0.0
-50.0,50,10204.201478,0.0
-50.0,50,10204.686812,0.0
-50.0,50,10205.176756,0.0
-50.0,50,10205.660614,0.0
-50.0,50,10206.148948,0.0
-50.0,50,10206.629635,0.0
-50.0,50,10207.123929,0.0
-50.0,50,10207.609069,0.0
-50.0,50,10208.093536,0.0
0.0,50,10208.575855,1.0
-50.0,50,10209.083295,0.0
-50.0,50,10209.583252,0.0
-50.0,50,10210.080977,0.0
-50.0,50,10210.568935,0.0
-50.0,50,10211.072044,0.0
-50.0,50,10211.563972,0.0
-50.0,50,10212.061923,0.0
-50.0,50,10212.553951,0.0
-50.0,50,10213.066628,0.0
-50.0,50,10213.557001,0.0
-50.0,50,10214.060813,0.0
-50.0,50,10214.571255,0.0
-50.0,50,10215.083616,0.0
-50.0,50,10215.587785,0.0
-50.0,50,10216.089742,0.0
-50.0,50,10216.580736,0.0
-50.0,50,10217.10062,0.0
-50.0,50,10217.602412,0.0
0.0,50,10218.096351,1.0
-50.0,50,10218.619311,0.0
-50.0,50,10219.1348,0.0
-50.0,50,10219.628109,0.0
-50.0,50,10220.130099,0.0
-50.0,50,10220.620548,0.0
-50.0,50,10221.133095,0.0
-50.0,50,10221.627411,0.0
-50.0,50,10222.113202,0.0
-50.0,50,10222.603795,0.0
0.0,50,10223.113918,1.0
-50.0,50,10223.608556,0.0
-50.0,50,10224.095527,0.0
-50.0,50,10224.590914,0.0
-50.0,50,10225.093761,0.0
-50.0,50,10225.585378,0.0
-50.0,50,10226.083467,0.0
-50.0,50,10226.588414,0.0
-50.0,50,10227.0896,0.0
-50.0,50,10227.589571,0.0
0.0,50,10228.084289,1.0
-50.0,50,10228.573355,0.0
-50.0,50,10229.07573,0.0
-50.0,50,10229.562234,0.0
-50.0,50,10230.061866,0.0
-50.0,50,10230.546013,0.0
-50.0,50,10231.047976,0.0
-50.0,50,10231.529357,0.0
-50.0,50,10232.018426,0.0
-50.0,50,10232.502428,0.0
-50.0,50,10233.008732,0.0
-50.0,50,10233.492309,0.0
-50.0,50,10233.980622,0.0
-50.0,50,10234.473941,0.0
-50.0,50,10234.983495,0.0
-50.0,50,10235.471555,0.0
-50.0,50,10235.957959,0.0
0.0,50,10236.438692,1.0
-50.0,50,10236.940613,0.0
-50.0,50,10237.428247,0.0
-50.0,50,10237.91865,0.0
-50.0,50,10238.411732,0.0
-50.0,50,10238.915603,0.0
-50.0,50,10239.407283,0.0
-50.0,50,10239.891194,0.0
-50.0,50,10240.378556,0.0
-50.0,50,10240.879632,0.0
-50.0,50,10241.373752,0.0
-50.0,50,10241.859389,0.0
-50.0,50,10242.342315,0.0
-50.0,50,10242.839383,0.0
-50.0,50,10243.331886,0.0
-50.0,50,10243.829159,0.0
-50.0,50,10244.314332,0.0
-50.0,50,10244.812327,0.0
-50.0,50,10245.309471,0.0
-50.0,50,10245.804358,0.0
-50.0,50,10246.29917,0.0
-50.0,50,10246.804245,0.0
-50.0,50,10247.296172,0.0
-50.0,50,10247.789662,0.0
-50.0,50,10248.293046,0.0
-50.0,50,10248.803806,0.0
-50.0,50,10249.29362,0.0
-50.0,50,10249.786211,0.0
-50.0,50,10250.270263,0.0
0.0,50,10250.773808,1.0
0.0,50,10251.265175,1.0
-50.0,50,10251.758633,0.0
-50.0,50,10252.246043,0.0
-50.0,50,10252.759018,0.0
-50.0,50,10253.251959,0.0
-50.0,50,10253.747511,0.0
-50.0,50,10254.241812,0.0
-50.0,50,10254.742737,0.0
-50.0,50,10255.232166,0.0
0.0,50,10255.716744,1.0
-50.0,50,10256.203595,0.0
-50.0,50,10256.698817,0.0
-50.0,50,10257.197731,0.0
-50.0,50,10257.690993,0.0
-38.0,50,10258.179651,0.0
-50.0,50,10258.677876,0.0
-50.0,50,10259.170062,0.0
-50.0,50,10259.657197,0.0
-50.0,50,10260.147399,0.0
-50.0,50,10260.643257,0.0
-50.0,50,10261.137307,0.0
-50.0,50,10261.625661,0.0
-50.0,50,10262.11627,0.0
-50.0,50,10262.612864,0.0
-50.0,50,10263.103659,0.0
-50.0,50,10263.602113,0.0
-50.0,50,10264.090575,0.0
-50.0,50,10264.591369,0.0
-50.0,50,10265.07984,0.0
-50.0,50,10265.563218,0.0
-50.0,50,10266.054122,0.0
-50.0,50,10266.555506,0.0
-50.0,50,10267.047377,0.0
-50.0,50,10267.538762,0.0
-50.0,50,10268.030861,0.0
-50.0,50,10268.524803,0.0
-50.0,50,10269.02181,0.0
-50.0,50,10269.511142,0.0
-50.0,50,10270.006729,0.0
-50.0,50,10270.514277,0.0
-50.0,50,10271.002655,0.0
-50.0,50,10271.497567,0.0
-50.0,50,10271.989452,0.0
