#{"t_start": 1786183430.8250492, "env_id": "FetchPush-v3"}
r,l,t,is_success
-50.0,50,6.089702,0.0
-50.0,50,6.174416,0.0
-50.0,50,6.259424,0.0
-50.0,50,6.345277,0.0
-50.0,50,6.45079,0.0
-50.0,50,6.537576,0.0
-50.0,50,6.625391,0.0
-50.0,50,6.709075,0.0
-50.0,50,6.810378,0.0
-50.0,50,6.901238,0.0
-50.0,50,6.991821,0.0
-50.0,50,7.080399,0.0
-50.0,50,7.183736,0.0
-50.0,50,7.274605,0.0
-50.0,50,7.358622,0.0
-50.0,50,7.445626,0.0
-50.0,50,7.549179,0.0
-50.0,50,7.637214,0.0
-50.0,50,7.728358,0.0
0.0,50,7.821357,1.0
0.0,50,9.101284,1.0
-50.0,50,9.570605,0.0
-50.0,50,10.039491,0.0
-50.0,50,10.509527,0.0
-50.0,50,11.009416,0.0
-50.0,50,11.480533,0.0
-50.0,50,11.951231,0.0
-50.0,50,12.422321,0.0
-50.0,50,12.924193,0.0
-50.0,50,13.523094,0.0
-50.0,50,13.996898,0.0
-50.0,50,14.465104,0.0
-50.0,50,14.977461,0.0
-50.0,50,15.448665,0.0
-50.0,50,15.917003,0.0
-50.0,50,16.389908,0.0
-50.0,50,16.889421,0.0
-50.0,50,17.361014,0.0
-50.0,50,17.83083,0.0
-50.0,50,18.297149,0.0
-50.0,50,18.799153,0.0
-26.0,50,19.264963,0.0
-50.0,50,19.735068,0.0
-50.0,50,20.201124,0.0
-50.0,50,20.706161,0.0
-50.0,50,21.176553,0.0
-50.0,50,21.652302,0.0
-50.0,50,22.123066,0.0
-50.0,50,22.629663,0.0
-50.0,50,23.104622,0.0
-50.0,50,23.581897,0.0
-50.0,50,24.048954,0.0
-50.0,50,24.54599,0.0
-50.0,50,25.017945,0.0
-50.0,50,25.485172,0.0
-50.0,50,25.96341,0.0
-50.0,50,26.472474,0.0
-50.0,50,26.941077,0.0
-50.0,50,27.422401,0.0
-50.0,50,27.890196,0.0
-50.0,50,28.386628,0.0
-50.0,50,28.872019,0.0
-50.0,50,29.342259,0.0
-50.0,50,29.810496,0.0
-50.0,50,30.320134,0.0
-50.0,50,30.78733,0.0
-50.0,50,31.263108,0.0
-50.0,50,31.733228,0.0
-50.0,50,32.232627,0.0
0.0,50,32.706561,1.0
0.0,50,33.19342,1.0
-50.0,50,33.678842,0.0
-50.0,50,34.177688,0.0
-50.0,50,34.667416,0.0
0.0,50,35.167012,1.0
0.0,50,35.663488,1.0
-50.0,50,36.185419,0.0
-50.0,50,36.675476,0.0
-50.0,50,37.15544,0.0
-50.0,50,37.654664,0.0
-50.0,50,38.181309,0.0
-50.0,50,38.654173,0.0
-50.0,50,39.158803,0.0
-50.0,50,39.630789,0.0
-50.0,50,40.134215,0.0
-50.0,50,40.644241,0.0
-50.0,50,41.132851,0.0
-50.0,50,41.633716,0.0
-50.0,50,42.136426,0.0
-50.0,50,42.612537,0.0
-50.0,50,43.099689,0.0
-50.0,50,43.589112,0.0
-50.0,50,44.104389,0.0
-50.0,50,44.604304,0.0
-50.0,50,45.089004,0.0
-50.0,50,45.583148,0.0
-50.0,50,46.121611,0.0
-50.0,50,46.598303,0.0
-50.0,50,47.075203,0.0
-50.0,50,47.551411,0.0
0.0,50,48.074222,1.0
-50.0,50,48.544553,0.0
-50.0,50,49.016734,0.0
-50.0,50,49.504261,0.0
-50.0,50,50.021645,0.0
-50.0,50,50.510533,0.0
-50.0,50,50.985521,0.0
-50.0,50,51.470937,0.0
-50.0,50,51.978307,0.0
-50.0,50,52.450432,0.0
-50.0,50,52.94662,0.0
-50.0,50,53.417834,0.0
-50.0,50,53.931428,0.0
-44.0,50,54.403228,0.0
-50.0,50,54.917323,0.0
-50.0,50,55.402628,0.0
-50.0,50,55.911643,0.0
-50.0,50,56.403619,0.0
-50.0,50,56.895117,0.0
-50.0,50,57.363725,0.0
0.0,50,57.879575,1.0
-50.0,50,58.360866,0.0
-50.0,50,58.828712,0.0
-50.0,50,59.307873,0.0
0.0,50,59.826734,1.0
-50.0,50,60.317575,0.0
-50.0,50,60.802437,0.0
-50.0,50,61.285533,0.0
-50.0,50,61.777566,0.0
-50.0,50,62.270324,0.0
-50.0,50,62.748641,0.0
-50.0,50,63.234654,0.0
-50.0,50,63.757643,0.0
-50.0,50,64.229034,0.0
-50.0,50,64.718486,0.0
-50.0,50,65.209908,0.0
-50.0,50,65.717214,0.0
-50.0,50,66.197748,0.0
-50.0,50,66.685973,0.0
0.0,50,67.184259,1.0
-50.0,50,67.722271,0.0
-50.0,50,68.207825,0.0
-50.0,50,68.696611,0.0
-50.0,50,69.190324,0.0
-50.0,50,69.688335,0.0
-50.0,50,70.163062,0.0
-50.0,50,70.650168,0.0
-50.0,50,71.139947,0.0
-50.0,50,71.652712,0.0
-50.0,50,72.139043,0.0
-50.0,50,72.629558,0.0
-50.0,50,73.121922,0.0
-50.0,50,73.638771,0.0
-50.0,50,74.123295,0.0
-50.0,50,74.61414,0.0
0.0,50,75.096089,1.0
-50.0,50,75.626437,0.0
-50.0,50,76.112281,0.0
-50.0,50,76.59491,0.0
-50.0,50,77.084489,0.0
0.0,50,77.61335,1.0
-50.0,50,78.076611,0.0
-50.0,50,78.542454,0.0
-50.0,50,79.029928,0.0
-50.0,50,79.535817,0.0
-50.0,50,80.018687,0.0
-50.0,50,80.505003,0.0
-50.0,50,80.999331,0.0
-50.0,50,81.509697,0.0
-50.0,50,81.990649,0.0
-50.0,50,82.462862,0.0
-50.0,50,82.938662,0.0
-50.0,50,83.443536,0.0
-50.0,50,83.921378,0.0
-50.0,50,84.422256,0.0
-50.0,50,84.897637,0.0
-50.0,50,85.393418,0.0
-50.0,50,85.883375,0.0
-50.0,50,86.368643,0.0
-50.0,50,86.854547,0.0
-50.0,50,87.347505,0.0
-50.0,50,87.859271,0.0
-50.0,50,88.349959,0.0
-50.0,50,88.847396,0.0
-50.0,50,89.348288,0.0
0.0,50,89.858833,1.0
-50.0,50,90.341706,0.0
-50.0,50,90.812875,0.0
-50.0,50,91.336409,0.0
-50.0,50,91.819696,0.0
-50.0,50,92.291388,0.0
-50.0,50,92.763846,0.0
-50.0,50,93.275999,0.0
-50.0,50,93.767332,0.0
-50.0,50,94.241583,0.0
-50.0,50,94.71543,0.0
-50.0,50,95.219902,0.0
-50.0,50,95.712753,0.0
-50.0,50,96.206667,0.0
-50.0,50,96.690341,0.0
-50.0,50,99.833915,0.0
-50.0,50,100.330027,0.0
0.0,50,100.821364,1.0
-50.0,50,101.302156,0.0
-50.0,50,101.824198,0.0
-50.0,50,102.310597,0.0
-50.0,50,102.806828,0.0
-50.0,50,103.303625,0.0
-50.0,50,103.808668,0.0
-50.0,50,104.276124,0.0
-50.0,50,104.7468,0.0
-50.0,50,105.219496,0.0
-50.0,50,105.719792,0.0
0.0,50,106.209977,1.0
-50.0,50,106.689707,0.0
-50.0,50,107.162455,0.0
-50.0,50,107.654852,0.0
-50.0,50,108.153841,0.0
-50.0,50,108.623701,0.0
0.0,50,109.107605,1.0
-50.0,50,109.613517,0.0
-50.0,50,110.098678,0.0
-50.0,50,110.584124,0.0
-50.0,50,111.061607,0.0
-50.0,50,111.555723,0.0
-50.0,50,112.039104,0.0
-50.0,50,112.521235,0.0
-50.0,50,112.99861,0.0
-50.0,50,113.505803,0.0
-50.0,50,113.980998,0.0
-50.0,50,114.477489,0.0
-50.0,50,114.982092,0.0
-50.0,50,115.467993,0.0
-50.0,50,115.938304,0.0
0.0,50,116.407602,1.0
0.0,50,116.879285,1.0
-50.0,50,117.378815,0.0
-50.0,50,117.859893,0.0
-50.0,50,118.344228,0.0
-50.0,50,118.824797,0.0
-50.0,50,119.321052,0.0
-50.0,50,119.794996,0.0
-50.0,50,120.277612,0.0
-50.0,50,120.770323,0.0
-50.0,50,121.27736,0.0
-50.0,50,121.762727,0.0
-50.0,50,122.251751,0.0
-45.0,50,122.73537,0.0
-50.0,50,123.245715,0.0
-50.0,50,123.735293,0.0
-50.0,50,124.213196,0.0
-50.0,50,124.683938,0.0
-50.0,50,125.196173,0.0
-50.0,50,125.678902,0.0
-50.0,50,126.145608,0.0
-50.0,50,126.632608,0.0
-50.0,50,127.130604,0.0
-50.0,50,127.609778,0.0
-50.0,50,128.100829,0.0
-50.0,50,128.582794,0.0
-50.0,50,129.076832,0.0
-50.0,50,129.567768,0.0
-50.0,50,130.04058,0.0
-50.0,50,130.519186,0.0
0.0,50,131.020125,1.0
-50.0,50,131.521255,0.0
-50.0,50,131.991745,0.0
-50.0,50,132.468955,0.0
-50.0,50,132.954643,0.0
-50.0,50,133.435749,0.0
-50.0,50,133.915736,0.0
-50.0,50,134.406838,0.0
-50.0,50,134.917192,0.0
-50.0,50,135.393875,0.0
-50.0,50,135.868083,0.0
-50.0,50,136.346944,0.0
-50.0,50,136.853062,0.0
-50.0,50,137.330753,0.0
-50.0,50,137.811744,0.0
-50.0,50,138.300724,0.0
-50.0,50,138.806567,0.0
-50.0,50,139.272782,0.0
-50.0,50,139.751744,0.0
-50.0,50,140.247678,0.0
-50.0,50,140.752235,0.0
-50.0,50,141.225689,0.0
-50.0,50,141.712915,0.0
-50.0,50,142.212142,0.0
-50.0,50,142.716576,0.0
-50.0,50,143.200291,0.0
-50.0,50,143.688553,0.0
-50.0,50,144.184934,0.0
-50.0,50,144.676943,0.0
-50.0,50,145.160591,0.0
-50.0,50,145.643312,0.0
-50.0,50,146.131622,0.0
-50.0,50,146.633917,0.0
-50.0,50,147.146927,0.0
-50.0,50,147.627742,0.0
-50.0,50,148.107512,0.0
-50.0,50,148.591764,0.0
-50.0,50,149.096945,0.0
-46.0,50,149.573139,0.0
-50.0,50,150.050081,0.0
-50.0,50,150.536901,0.0
-50.0,50,151.012059,0.0
-50.0,50,151.482975,0.0
-50.0,50,151.960431,0.0
-46.0,50,152.447778,0.0
-50.0,50,152.928189,0.0
-50.0,50,153.39802,0.0
-50.0,50,153.874461,0.0
-50.0,50,154.370836,0.0
-50.0,50,154.84601,0.0
-50.0,50,155.32059,0.0
-50.0,50,155.793813,0.0
-50.0,50,156.288311,0.0
-50.0,50,156.76883,0.0
-50.0,50,157.253273,0.0
-50.0,50,157.732239,0.0
-50.0,50,158.240074,0.0
-50.0,50,158.71621,0.0
-50.0,50,159.20032,0.0
-50.0,50,159.68293,0.0
-50.0,50,160.175472,0.0
-50.0,50,160.657963,0.0
-50.0,50,161.170546,0.0
-50.0,50,161.658337,0.0
-50.0,50,162.154296,0.0
-50.0,50,162.66769,0.0
-50.0,50,163.153779,0.0
-50.0,50,163.642037,0.0
-50.0,50,164.144695,0.0
-50.0,50,164.631625,0.0
-50.0,50,165.113712,0.0
-50.0,50,165.596702,0.0
-50.0,50,166.082043,0.0
-50.0,50,166.558692,0.0
-50.0,50,167.056088,0.0
-50.0,50,167.532739,0.0
-50.0,50,168.015457,0.0
-50.0,50,168.524142,0.0
-50.0,50,169.013953,0.0
0.0,50,169.506468,1.0
-50.0,50,170.032916,0.0
-50.0,50,170.54109,0.0
-50.0,50,171.024477,0.0
-50.0,50,171.526402,0.0
-50.0,50,172.016098,0.0
-50.0,50,172.493209,0.0
-50.0,50,172.970933,0.0
-50.0,50,173.449721,0.0
-50.0,50,173.968872,0.0
-50.0,50,174.482677,0.0
-50.0,50,174.982404,0.0
-50.0,50,175.462185,0.0
-50.0,50,175.955161,0.0
-50.0,50,176.448658,0.0
-50.0,50,176.921805,0.0
-50.0,50,177.400846,0.0
-50.0,50,177.921634,0.0
-50.0,50,178.393319,0.0
-50.0,50,178.89287,0.0
-50.0,50,179.372042,0.0
-50.0,50,179.875122,0.0
-47.0,50,180.351255,0.0
-50.0,50,180.830628,0.0
-50.0,50,181.33977,0.0
-50.0,50,181.86033,0.0
-50.0,50,182.355385,0.0
-50.0,50,182.831356,0.0
-50.0,50,183.323426,0.0
-50.0,50,183.828461,0.0
-50.0,50,184.304604,0.0
-50.0,50,184.795298,0.0
-50.0,50,185.256274,0.0
-50.0,50,185.985078,0.0
-50.0,50,187.121776,0.0
-50.0,50,188.213099,0.0
-50.0,50,189.360156,0.0
-50.0,50,190.452341,0.0
-50.0,50,191.546571,0.0
-50.0,50,192.695052,0.0
-50.0,50,193.814769,0.0
-50.0,50,194.902544,0.0
-50.0,50,196.035314,0.0
-50.0,50,197.213321,0.0
-50.0,50,198.390084,0.0
-50.0,50,199.513793,0.0
-50.0,50,200.667692,0.0
-50.0,50,201.756752,0.0
-50.0,50,202.838836,0.0
-50.0,50,203.457503,0.0
-50.0,50,203.956476,0.0
-50.0,50,204.434567,0.0
-50.0,50,204.911501,0.0
-50.0,50,205.408503,0.0
-50.0,50,205.898096,0.0
-50.0,50,206.371272,0.0
-50.0,50,206.846097,0.0
-50.0,50,209.864535,0.0
-50.0,50,210.37672,0.0
-50.0,50,210.867144,0.0
-50.0,50,211.352769,0.0
-50.0,50,211.847323,0.0
-45.0,50,212.343714,0.0
-50.0,50,212.822556,0.0
-50.0,50,213.338176,0.0
-50.0,50,213.868651,0.0
-50.0,50,214.376631,0.0
-50.0,50,214.869774,0.0
-50.0,50,215.381997,0.0
-50.0,50,215.884598,0.0
-50.0,50,216.363798,0.0
-50.0,50,216.860895,0.0
0.0,50,217.347568,1.0
-50.0,50,217.871958,0.0
-46.0,50,218.355039,0.0
-50.0,50,218.842469,0.0
-50.0,50,219.353612,0.0
-50.0,50,219.861008,0.0
-50.0,50,220.358784,0.0
-50.0,50,220.84118,0.0
-50.0,50,221.348887,0.0
-50.0,50,221.841204,0.0
-50.0,50,222.356933,0.0
-50.0,50,222.832365,0.0
-50.0,50,223.336902,0.0
-50.0,50,223.862948,0.0
-50.0,50,224.35657,0.0
-50.0,50,224.825409,0.0
-50.0,50,225.29892,0.0
-50.0,50,225.854156,0.0
-50.0,50,226.336003,0.0
0.0,50,226.834091,1.0
-50.0,50,227.339009,0.0
-50.0,50,227.854133,0.0
-50.0,50,228.346112,0.0
-50.0,50,228.834571,0.0
-50.0,50,229.309442,0.0
-50.0,50,229.841753,0.0
-50.0,50,230.33672,0.0
-50.0,50,230.830546,0.0
0.0,50,231.348248,1.0
0.0,50,231.866405,1.0
-50.0,50,232.36233,0.0
0.0,50,232.853955,1.0
-50.0,50,233.337407,0.0
-45.0,50,233.86836,0.0
-50.0,50,234.379883,0.0
-50.0,50,234.877137,0.0
-50.0,50,235.381406,0.0
-50.0,50,235.901855,0.0
0.0,50,236.40239,1.0
-50.0,50,236.903529,0.0
-50.0,50,237.411724,0.0
-50.0,50,237.936434,0.0
-50.0,50,238.41876,0.0
-50.0,50,238.899113,0.0
-50.0,50,239.411458,0.0
-50.0,50,239.941705,0.0
-50.0,50,240.432353,0.0
-50.0,50,240.910203,0.0
-50.0,50,241.388093,0.0
-50.0,50,241.92131,0.0
-50.0,50,242.421823,0.0
-50.0,50,242.938159,0.0
-50.0,50,243.418106,0.0
0.0,50,243.927191,1.0
-50.0,50,244.444334,0.0
-50.0,50,244.960651,0.0
-50.0,50,245.439387,0.0
-50.0,50,245.947239,0.0
-50.0,50,246.436043,0.0
-50.0,50,246.940026,0.0
-50.0,50,247.448648,0.0
-50.0,50,247.951792,0.0
-50.0,50,248.446726,0.0
-50.0,50,248.93101,0.0
-50.0,50,249.450541,0.0
-50.0,50,249.95987,0.0
-50.0,50,250.454759,0.0
-50.0,50,250.942676,0.0
-50.0,50,251.460228,0.0
-50.0,50,251.966691,0.0
-50.0,50,252.450963,0.0
-50.0,50,252.935515,0.0
-50.0,50,253.423637,0.0
-50.0,50,253.939996,0.0
-50.0,50,254.42466,0.0
-50.0,50,254.923267,0.0
-50.0,50,255.411796,0.0
-50.0,50,255.908019,0.0
-50.0,50,256.391664,0.0
-50.0,50,256.881221,0.0
-50.0,50,257.351622,0.0
-50.0,50,257.84168,0.0
-50.0,50,258.333414,0.0
-50.0,50,258.804131,0.0
-50.0,50,259.288848,0.0
-50.0,50,259.78049,0.0
-50.0,50,260.269289,0.0
-50.0,50,260.764675,0.0
-50.0,50,261.243588,0.0
-50.0,50,261.750988,0.0
-50.0,50,262.237487,0.0
-50.0,50,262.736259,0.0
0.0,50,263.213816,1.0
-50.0,50,263.708683,0.0
-50.0,50,264.184543,0.0
-50.0,50,264.658649,0.0
-50.0,50,265.131734,0.0
-50.0,50,265.640142,0.0
-50.0,50,266.144821,0.0
-50.0,50,266.617072,0.0
-50.0,50,267.117392,0.0
-50.0,50,267.606458,0.0
-50.0,50,268.094275,0.0
-50.0,50,268.587016,0.0
-50.0,50,269.063901,0.0
-50.0,50,269.552628,0.0
-50.0,50,270.054898,0.0
0.0,50,270.526222,1.0
-50.0,50,271.02092,0.0
-50.0,50,271.510764,0.0
-50.0,50,272.011638,0.0
-50.0,50,272.497124,0.0
-50.0,50,272.999454,0.0
-50.0,50,273.517897,0.0
-50.0,50,274.017948,0.0
-50.0,50,274.512326,0.0
-50.0,50,274.986279,0.0
-50.0,50,275.486112,0.0
-50.0,50,275.983421,0.0
-50.0,50,276.4551,0.0
-50.0,50,276.944123,0.0
-50.0,50,277.452641,0.0
-50.0,50,277.935122,0.0
-50.0,50,278.433209,0.0
-50.0,50,278.914342,0.0
-50.0,50,279.408422,0.0
-50.0,50,279.880486,0.0
-50.0,50,280.358525,0.0
-50.0,50,280.854505,0.0
-50.0,50,281.346343,0.0
-50.0,50,281.839316,0.0
-50.0,50,282.307197,0.0
-50.0,50,282.785317,0.0
-50.0,50,283.296927,0.0
-50.0,50,283.793092,0.0
-50.0,50,284.290545,0.0
-50.0,50,284.77047,0.0
0.0,50,285.276741,1.0
-50.0,50,285.760383,0.0
-50.0,50,286.254821,0.0
-50.0,50,286.733397,0.0
-50.0,50,287.229261,0.0
-50.0,50,287.711931,0.0
-50.0,50,288.197628,0.0
-50.0,50,288.72163,0.0
-50.0,50,289.237261,0.0
-50.0,50,289.739546,0.0
-50.0,50,290.227074,0.0
-50.0,50,290.735513,0.0
-50.0,50,291.256654,0.0
-50.0,50,291.743291,0.0
-50.0,50,292.238275,0.0
-50.0,50,292.724355,0.0
-50.0,50,293.224077,0.0
-50.0,50,293.700271,0.0
-50.0,50,294.199979,0.0
-50.0,50,294.701048,0.0
-50.0,50,295.196505,0.0
-50.0,50,295.693429,0.0
-50.0,50,296.179103,0.0
-50.0,50,296.662199,0.0
-50.0,50,297.16035,0.0
-50.0,50,297.657518,0.0
-50.0,50,298.138441,0.0
-50.0,50,298.637793,0.0
-50.0,50,299.164748,0.0
-50.0,50,299.659946,0.0
-50.0,50,300.161029,0.0
-50.0,50,300.67043,0.0
-50.0,50,301.166833,0.0
-50.0,50,301.653677,0.0
-50.0,50,302.158457,0.0
-50.0,50,302.633206,0.0
-50.0,50,303.126106,0.0
-50.0,50,303.606648,0.0
-50.0,50,304.082196,0.0
-50.0,50,304.587267,0.0
-50.0,50,305.074598,0.0
-50.0,50,305.567218,0.0
-50.0,50,306.040487,0.0
-46.0,50,306.520751,0.0
-50.0,50,307.013305,0.0
-50.0,50,307.491445,0.0
-50.0,50,307.991117,0.0
-50.0,50,308.476115,0.0
-50.0,50,311.532166,0.0
-50.0,50,312.029003,0.0
-50.0,50,312.521491,0.0
-50.0,50,313.010761,0.0
-50.0,50,313.528337,0.0
-50.0,50,314.017766,0.0
-50.0,50,314.53245,0.0
-50.0,50,315.02669,0.0
-50.0,50,315.531837,0.0
-50.0,50,316.018899,0.0
-50.0,50,316.521642,0.0
0.0,50,317.000353,1.0
-50.0,50,317.49363,0.0
-50.0,50,317.9882,0.0
-50.0,50,318.46138,0.0
-50.0,50,318.943163,0.0
-50.0,50,319.444455,0.0
-50.0,50,319.947182,0.0
-50.0,50,320.422457,0.0
-50.0,50,320.90574,0.0
-50.0,50,321.428652,0.0
-50.0,50,321.933235,0.0
0.0,50,322.411219,1.0
-50.0,50,322.917032,0.0
-50.0,50,323.407987,0.0
-50.0,50,323.893805,0.0
-50.0,50,324.402853,0.0
-50.0,50,324.896052,0.0
-50.0,50,325.397686,0.0
-50.0,50,325.918477,0.0
-50.0,50,326.399236,0.0
-50.0,50,326.914891,0.0
-50.0,50,327.421497,0.0
-50.0,50,327.903216,0.0
-50.0,50,328.391081,0.0
-50.0,50,328.905661,0.0
-50.0,50,329.407298,0.0
-50.0,50,329.886989,0.0
-50.0,50,330.369529,0.0
-50.0,50,330.854203,0.0
-50.0,50,331.350566,0.0
-50.0,50,331.839709,0.0
-50.0,50,332.316196,0.0
-50.0,50,332.795447,0.0
-50.0,50,333.292943,0.0
-50.0,50,333.771543,0.0
-50.0,50,334.270936,0.0
-50.0,50,334.756088,0.0
-50.0,50,335.275825,0.0
-50.0,50,335.760984,0.0
-50.0,50,336.242741,0.0
-50.0,50,336.728199,0.0
-50.0,50,337.251483,0.0
-50.0,50,337.748301,0.0
-50.0,50,338.250505,0.0
-50.0,50,338.736031,0.0
-50.0,50,339.230807,0.0
-50.0,50,339.717084,0.0
-50.0,50,340.206139,0.0
-50.0,50,340.723788,0.0
-50.0,50,341.227559,0.0
-50.0,50,341.712776,0.0
-50.0,50,342.191124,0.0
-50.0,50,342.66843,0.0
-50.0,50,343.160773,0.0
-50.0,50,343.662027,0.0
-50.0,50,344.151067,0.0
-50.0,50,344.633671,0.0
-50.0,50,345.12575,0.0
-50.0,50,345.61686,0.0
-50.0,50,346.104794,0.0
-50.0,50,346.595566,0.0
-50.0,50,347.097424,0.0
-50.0,50,347.602549,0.0
-50.0,50,348.094092,0.0
-50.0,50,348.584192,0.0
-50.0,50,349.080959,0.0
-50.0,50,349.584548,0.0
-50.0,50,350.089348,0.0
-50.0,50,350.569562,0.0
-50.0,50,351.068491,0.0
-50.0,50,351.55177,0.0
-50.0,50,352.039048,0.0
0.0,50,352.537344,1.0
-50.0,50,353.038705,0.0
-50.0,50,353.525094,0.0
-50.0,50,354.024105,0.0
-50.0,50,354.517452,0.0
-50.0,50,355.02359,0.0
-50.0,50,355.515082,0.0
-50.0,50,356.001701,0.0
-50.0,50,356.48969,0.0
-50.0,50,356.983618,0.0
-50.0,50,357.468242,0.0
-50.0,50,357.957766,0.0
0.0,50,358.460391,1.0
-50.0,50,358.95681,0.0
-50.0,50,359.443308,0.0
-50.0,50,359.936968,0.0
-50.0,50,360.424618,0.0
0.0,50,360.920583,1.0
-50.0,50,361.405005,0.0
-50.0,50,361.887688,0.0
-50.0,50,362.370575,0.0
-50.0,50,362.8667,0.0
-50.0,50,363.359696,0.0
-50.0,50,363.843522,0.0
-50.0,50,364.323175,0.0
-50.0,50,364.834092,0.0
-50.0,50,365.336931,0.0
-50.0,50,365.829327,0.0
0.0,50,366.319968,1.0
-50.0,50,366.812423,0.0
-50.0,50,367.29691,0.0
-50.0,50,367.782731,0.0
-50.0,50,368.276293,0.0
-50.0,50,368.794916,0.0
-50.0,50,369.2773,0.0
-50.0,50,369.767651,0.0
-50.0,50,370.265227,0.0
-50.0,50,370.759972,0.0
-50.0,50,371.241887,0.0
-50.0,50,371.738886,0.0
-50.0,50,372.218637,0.0
0.0,50,372.718721,1.0
-50.0,50,373.207874,0.0
-50.0,50,373.698698,0.0
-50.0,50,374.181009,0.0
-50.0,50,374.682493,0.0
0.0,50,375.187108,1.0
-50.0,50,375.671497,0.0
-50.0,50,376.150117,0.0
-50.0,50,376.64052,0.0
-50.0,50,377.132489,0.0
-50.0,50,377.623707,0.0
-50.0,50,378.107149,0.0
-50.0,50,378.612422,0.0
-50.0,50,379.113124,0.0
-50.0,50,379.596104,0.0
-50.0,50,380.085055,0.0
-50.0,50,380.597973,0.0
-50.0,50,381.089239,0.0
-50.0,50,381.610348,0.0
-50.0,50,382.117663,0.0
-50.0,50,382.63863,0.0
-50.0,50,383.124089,0.0
-50.0,50,383.612818,0.0
-50.0,50,384.112985,0.0
-50.0,50,384.612581,0.0
-50.0,50,385.102579,0.0
-50.0,50,385.592582,0.0
-50.0,50,386.082925,0.0
-50.0,50,386.592937,0.0
-50.0,50,387.086001,0.0
-50.0,50,387.57696,0.0
-50.0,50,388.070261,0.0
-50.0,50,388.582906,0.0
-50.0,50,389.07922,0.0
-50.0,50,389.565516,0.0
-50.0,50,390.068686,0.0
-50.0,50,390.569153,0.0
-50.0,50,391.073082,0.0
0.0,50,391.555764,1.0
-50.0,50,392.04265,0.0
0.0,50,392.557472,1.0
-50.0,50,393.066441,0.0
-50.0,50,393.555623,0.0
-50.0,50,394.040613,0.0
-50.0,50,394.559211,0.0
-50.0,50,395.063919,0.0
-50.0,50,395.580222,0.0
-50.0,50,396.080967,0.0
-50.0,50,396.591236,0.0
-50.0,50,397.079996,0.0
-50.0,50,397.57232,0.0
-50.0,50,398.072565,0.0
-50.0,50,398.575806,0.0
-50.0,50,399.070687,0.0
-50.0,50,399.566935,0.0
-50.0,50,400.078628,0.0
-50.0,50,400.574923,0.0
-50.0,50,401.071398,0.0
-50.0,50,401.564181,0.0
-50.0,50,402.058111,0.0
-50.0,50,402.578948,0.0
-50.0,50,403.076099,0.0
-50.0,50,403.564505,0.0
-50.0,50,404.050576,0.0
-50.0,50,404.575514,0.0
-50.0,50,405.069888,0.0
0.0,50,405.580427,1.0
-50.0,50,406.082191,0.0
-50.0,50,406.59633,0.0
-50.0,50,407.082201,0.0
-50.0,50,407.577056,0.0
-50.0,50,408.076541,0.0
0.0,50,408.590939,1.0
-44.0,50,409.092949,0.0
-50.0,50,409.593522,0.0
-50.0,50,410.083114,0.0
0.0,50,412.942762,1.0
-50.0,50,413.43747,0.0
-50.0,50,413.931807,0.0
-50.0,50,414.415174,0.0
-50.0,50,414.928766,0.0
-50.0,50,415.410924,0.0
-50.0,50,415.902364,0.0
-50.0,50,416.385821,0.0
0.0,50,416.899707,1.0
-50.0,50,417.394071,0.0
-50.0,50,417.905351,0.0
-50.0,50,418.391349,0.0
-50.0,50,418.895546,0.0
-50.0,50,419.382683,0.0
-50.0,50,419.871783,0.0
-50.0,50,420.365016,0.0
-50.0,50,420.871214,0.0
-50.0,50,421.365044,0.0
-50.0,50,421.870997,0.0
-50.0,50,422.358881,0.0
-50.0,50,422.857541,0.0
-50.0,50,423.334594,0.0
-50.0,50,423.833891,0.0
-50.0,50,424.348109,0.0
-50.0,50,424.845678,0.0
-50.0,50,425.344903,0.0
-50.0,50,425.847001,0.0
-50.0,50,426.327794,0.0
-50.0,50,426.81855,0.0
0.0,50,427.313524,1.0
-50.0,50,427.820449,0.0
-50.0,50,428.320272,0.0
-50.0,50,428.832121,0.0
-50.0,50,429.335194,0.0
-50.0,50,429.833863,0.0
-50.0,50,430.329301,0.0
-50.0,50,430.836402,0.0
-50.0,50,431.315663,0.0
-50.0,50,431.806682,0.0
-50.0,50,432.300953,0.0
-50.0,50,432.818312,0.0
-50.0,50,433.307822,0.0
-50.0,50,433.791312,0.0
-50.0,50,434.269428,0.0
0.0,50,434.782345,1.0
-50.0,50,435.269061,0.0
-50.0,50,435.770101,0.0
0.0,50,436.258507,1.0
-50.0,50,436.755797,0.0
-50.0,50,437.23183,0.0
-50.0,50,437.738587,0.0
-50.0,50,438.217242,0.0
0.0,50,438.714213,1.0
-50.0,50,439.221635,0.0
-50.0,50,439.705535,0.0
-50.0,50,440.236487,0.0
-50.0,50,440.74796,0.0
-50.0,50,441.263475,0.0
-50.0,50,441.769899,0.0
-50.0,50,442.285029,0.0
-50.0,50,442.792158,0.0
-50.0,50,443.290324,0.0
-50.0,50,443.778959,0.0
-50.0,50,444.270795,0.0
-50.0,50,444.784555,0.0
-50.0,50,445.28333,0.0
-50.0,50,445.779207,0.0
-50.0,50,446.271893,0.0
-50.0,50,446.777426,0.0
-50.0,50,447.265522,0.0
0.0,50,447.745951,1.0
-50.0,50,448.258162,0.0
-50.0,50,448.764887,0.0
-50.0,50,449.244064,0.0
-50.0,50,449.736044,0.0
-50.0,50,450.21392,0.0
-50.0,50,450.705835,0.0
-50.0,50,451.189203,0.0
-50.0,50,451.690261,0.0
-50.0,50,452.176093,0.0
-50.0,50,452.716921,0.0
-50.0,50,453.195056,0.0
-50.0,50,453.670751,0.0
-50.0,50,454.148055,0.0
-50.0,50,454.640052,0.0
-50.0,50,455.117308,0.0
-50.0,50,455.619325,0.0
-50.0,50,456.10552,0.0
-50.0,50,456.622045,0.0
-50.0,50,457.111106,0.0
-50.0,50,457.615146,0.0
-50.0,50,458.10108,0.0
-50.0,50,458.607273,0.0
-50.0,50,459.082079,0.0
-50.0,50,459.568745,0.0
-50.0,50,460.049914,0.0
-50.0,50,460.566071,0.0
-50.0,50,461.041934,0.0
-50.0,50,461.542192,0.0
-50.0,50,462.040999,0.0
-50.0,50,462.531824,0.0
-50.0,50,463.00804,0.0
-50.0,50,463.494901,0.0
-50.0,50,463.981998,0.0
-50.0,50,464.497577,0.0
-50.0,50,464.967118,0.0
-50.0,50,465.43559,0.0
-50.0,50,465.909476,0.0
-50.0,50,466.393734,0.0
-50.0,50,466.863808,0.0
-50.0,50,467.338631,0.0
-50.0,50,467.824445,0.0
-50.0,50,468.324054,0.0
0.0,50,468.81129,1.0
-50.0,50,469.312146,0.0
-50.0,50,469.808613,0.0
-50.0,50,470.316834,0.0
-50.0,50,470.817388,0.0
-50.0,50,471.29434,0.0
-50.0,50,471.810478,0.0
-50.0,50,472.324658,0.0
-44.0,50,472.810954,0.0
-50.0,50,473.309624,0.0
-50.0,50,473.798938,0.0
-50.0,50,474.302125,0.0
-50.0,50,474.772937,0.0
-50.0,50,475.242404,0.0
-50.0,50,475.729197,0.0
-50.0,50,476.244145,0.0
-50.0,50,476.715387,0.0
-50.0,50,477.197435,0.0
-50.0,50,477.67342,0.0
-50.0,50,478.173256,0.0
-50.0,50,478.645185,0.0
-50.0,50,479.134936,0.0
-50.0,50,479.608141,0.0
-50.0,50,480.093893,0.0
-50.0,50,480.572749,0.0
-50.0,50,481.049758,0.0
-50.0,50,481.538712,0.0
-50.0,50,482.027874,0.0
-50.0,50,482.504251,0.0
0.0,50,482.989577,1.0
-50.0,50,483.491195,0.0
-50.0,50,483.990417,0.0
-50.0,50,484.473953,0.0
-50.0,50,484.957134,0.0
-50.0,50,485.467675,0.0
-50.0,50,485.965873,0.0
-50.0,50,486.46982,0.0
-50.0,50,486.946659,0.0
-50.0,50,487.425697,0.0
-50.0,50,487.929314,0.0
-50.0,50,488.423917,0.0
-50.0,50,488.905555,0.0
-50.0,50,489.384634,0.0
-50.0,50,489.905157,0.0
-50.0,50,490.380239,0.0
-50.0,50,490.857572,0.0
-50.0,50,491.351867,0.0
-50.0,50,491.841202,0.0
-50.0,50,492.331751,0.0
-50.0,50,492.821669,0.0
-50.0,50,493.29859,0.0
-50.0,50,493.798769,0.0
-50.0,50,494.276148,0.0
-50.0,50,494.760296,0.0
-50.0,50,495.263634,0.0
-50.0,50,495.750624,0.0
-50.0,50,496.239236,0.0
-50.0,50,496.722057,0.0
-50.0,50,497.196316,0.0
-50.0,50,497.678498,0.0
-50.0,50,498.150165,0.0
-50.0,50,498.623086,0.0
-50.0,50,499.11704,0.0
-50.0,50,499.599257,0.0
-50.0,50,500.074955,0.0
-50.0,50,500.545803,0.0
-50.0,50,501.015742,0.0
-50.0,50,501.497645,0.0
-50.0,50,501.967583,0.0
-50.0,50,502.443028,0.0
-50.0,50,502.918105,0.0
-50.0,50,503.405134,0.0
-50.0,50,503.875604,0.0
-50.0,50,504.345523,0.0
-50.0,50,504.816743,0.0
-50.0,50,505.31031,0.0
-50.0,50,505.788468,0.0
-50.0,50,506.257506,0.0
-50.0,50,506.738471,0.0
-50.0,50,507.24438,0.0
-50.0,50,507.719188,0.0
-50.0,50,508.215639,0.0
-50.0,50,508.695304,0.0
-50.0,50,509.202227,0.0
-50.0,50,509.671326,0.0
-50.0,50,510.141425,0.0
-50.0,50,510.612015,0.0
-50.0,50,513.46594,0.0
0.0,50,513.942742,1.0
-50.0,50,514.415142,0.0
-50.0,50,514.890328,0.0
0.0,50,515.381652,1.0
0.0,50,515.850079,1.0
-50.0,50,516.32003,0.0
-50.0,50,516.78986,0.0
-50.0,50,517.296278,0.0
0.0,50,517.768963,1.0
-50.0,50,518.254258,0.0
-50.0,50,518.723176,0.0
-50.0,50,519.231248,0.0
-50.0,50,519.703254,0.0
-50.0,50,520.203427,0.0
-50.0,50,520.705798,0.0
-50.0,50,521.207033,0.0
-50.0,50,521.68976,0.0
-50.0,50,522.159777,0.0
-50.0,50,522.652269,0.0
-50.0,50,523.156803,0.0
0.0,50,523.634399,1.0
-50.0,50,524.112,0.0
-50.0,50,524.601148,0.0
-50.0,50,525.111422,0.0
-50.0,50,525.580204,0.0
-50.0,50,526.048406,0.0
-50.0,50,526.517241,0.0
-50.0,50,527.016449,0.0
-50.0,50,527.488062,0.0
-50.0,50,527.978382,0.0
-50.0,50,528.466251,0.0
-50.0,50,528.961303,0.0
-50.0,50,529.441645,0.0
-50.0,50,529.926113,0.0
-50.0,50,530.40238,0.0
-50.0,50,530.896276,0.0
-50.0,50,531.376802,0.0
-50.0,50,531.857105,0.0
-50.0,50,532.333716,0.0
-50.0,50,532.823579,0.0
-50.0,50,533.29337,0.0
-50.0,50,533.777451,0.0
-50.0,50,534.271261,0.0
-50.0,50,534.780111,0.0
-50.0,50,535.248489,0.0
-50.0,50,535.717263,0.0
-50.0,50,536.210304,0.0
-50.0,50,536.716492,0.0
-50.0,50,537.191566,0.0
-50.0,50,537.684647,0.0
-50.0,50,538.168233,0.0
-50.0,50,538.66171,0.0
-50.0,50,539.1315,0.0
-50.0,50,539.607716,0.0
-50.0,50,540.082825,0.0
-50.0,50,540.569744,0.0
-50.0,50,541.05049,0.0
-50.0,50,541.528441,0.0
-50.0,50,542.00436,0.0
-50.0,50,542.50992,0.0
-50.0,50,542.978945,0.0
-50.0,50,543.454185,0.0
-50.0,50,543.92968,0.0
-50.0,50,544.420027,0.0
-50.0,50,544.892962,0.0
-50.0,50,545.368175,0.0
-50.0,50,545.840158,0.0
-50.0,50,546.330407,0.0
-50.0,50,546.799305,0.0
-50.0,50,547.278474,0.0
-50.0,50,547.767566,0.0
-50.0,50,548.262701,0.0
-50.0,50,548.731144,0.0
-50.0,50,549.223973,0.0
-50.0,50,549.707199,0.0
-50.0,50,550.203657,0.0
-50.0,50,550.677547,0.0
-50.0,50,551.154552,0.0
-50.0,50,551.62887,0.0
0.0,50,552.114499,1.0
-50.0,50,552.602072,0.0
-50.0,50,553.098039,0.0
0.0,50,553.58233,1.0
-50.0,50,554.074425,0.0
-50.0,50,554.57345,0.0
0.0,50,555.069734,1.0
-50.0,50,555.551044,0.0
-50.0,50,556.036279,0.0
-50.0,50,556.530955,0.0
-50.0,50,557.014355,0.0
-50.0,50,557.486395,0.0
-50.0,50,557.998051,0.0
-50.0,50,558.470339,0.0
-50.0,50,558.94029,0.0
-50.0,50,559.417154,0.0
-50.0,50,559.907768,0.0
-50.0,50,560.385696,0.0
-50.0,50,560.859375,0.0
-50.0,50,561.366456,0.0
-50.0,50,561.859373,0.0
-50.0,50,562.337302,0.0
-50.0,50,562.824196,0.0
-50.0,50,563.300067,0.0
-50.0,50,563.790831,0.0
-50.0,50,564.261753,0.0
-50.0,50,564.732126,0.0
-50.0,50,565.219333,0.0
-50.0,50,565.713271,0.0
-50.0,50,566.201867,0.0
-50.0,50,566.690582,0.0
-50.0,50,567.163679,0.0
-50.0,50,567.658341,0.0
0.0,50,568.144086,1.0
-50.0,50,568.625633,0.0
-50.0,50,569.099139,0.0
-50.0,50,569.586524,0.0
-50.0,50,570.064313,0.0
-50.0,50,570.533295,0.0
-50.0,50,571.00869,0.0
-50.0,50,571.501337,0.0
-50.0,50,571.981764,0.0
-50.0,50,572.457742,0.0
-50.0,50,572.936569,0.0
-50.0,50,573.433655,0.0
-50.0,50,573.913559,0.0
-50.0,50,574.402658,0.0
-50.0,50,574.887433,0.0
-50.0,50,575.380324,0.0
-50.0,50,575.852719,0.0
-50.0,50,576.346994,0.0
-50.0,50,576.831392,0.0
-50.0,50,577.339402,0.0
-50.0,50,577.824665,0.0
-50.0,50,578.30861,0.0
-50.0,50,578.782396,0.0
-50.0,50,579.274221,0.0
-50.0,50,579.76755,0.0
-50.0,50,580.241336,0.0
-50.0,50,580.719875,0.0
-50.0,50,581.210395,0.0
-50.0,50,581.684285,0.0
-50.0,50,582.163928,0.0
-50.0,50,582.642326,0.0
-50.0,50,583.146796,0.0
-50.0,50,583.620515,0.0
-50.0,50,584.10881,0.0
-50.0,50,584.589574,0.0
-50.0,50,585.101379,0.0
-50.0,50,585.57549,0.0
-50.0,50,586.05546,0.0
-50.0,50,586.535334,0.0
-50.0,50,587.021579,0.0
-50.0,50,587.514732,0.0
0.0,50,587.987274,1.0
-50.0,50,588.467423,0.0
-50.0,50,588.961386,0.0
-50.0,50,589.429329,0.0
-50.0,50,589.904377,0.0
0.0,50,590.381621,1.0
-50.0,50,590.867702,0.0
-50.0,50,591.339175,0.0
-50.0,50,591.840503,0.0
-50.0,50,592.321251,0.0
-50.0,50,592.828904,0.0
-50.0,50,593.315592,0.0
-50.0,50,593.787275,0.0
-50.0,50,594.268045,0.0
-50.0,50,594.759089,0.0
-50.0,50,595.233938,0.0
-50.0,50,595.712923,0.0
0.0,50,596.184949,1.0
-50.0,50,596.675114,0.0
-50.0,50,597.152825,0.0
-50.0,50,597.631046,0.0
-50.0,50,598.11023,0.0
-50.0,50,598.615732,0.0
-50.0,50,599.105881,0.0
-50.0,50,599.581717,0.0
-50.0,50,600.056421,0.0
-50.0,50,600.548298,0.0
-50.0,50,601.026864,0.0
-50.0,50,601.531245,0.0
-50.0,50,602.033494,0.0
-50.0,50,602.535522,0.0
-50.0,50,603.012854,0.0
-50.0,50,603.519387,0.0
-50.0,50,604.003443,0.0
-50.0,50,604.513836,0.0
0.0,50,604.989006,1.0
-50.0,50,605.483839,0.0
-50.0,50,605.96243,0.0
-50.0,50,606.45801,0.0
-50.0,50,606.95167,0.0
-50.0,50,607.451086,0.0
-50.0,50,607.944911,0.0
-50.0,50,608.451613,0.0
-50.0,50,608.92656,0.0
-50.0,50,609.416179,0.0
-50.0,50,609.90602,0.0
-50.0,50,612.866425,0.0
-50.0,50,613.346661,0.0
-50.0,50,613.822919,0.0
-50.0,50,614.30695,0.0
0.0,50,614.827931,1.0
-50.0,50,615.319849,0.0
-50.0,50,615.812359,0.0
-50.0,50,616.294562,0.0
-50.0,50,616.792669,0.0
-50.0,50,617.269821,0.0
-50.0,50,617.750769,0.0
-50.0,50,618.225282,0.0
-50.0,50,618.753907,0.0
-50.0,50,619.231899,0.0
-50.0,50,619.709472,0.0
-50.0,50,620.192938,0.0
0.0,50,620.683662,1.0
-50.0,50,621.169108,0.0
-50.0,50,621.643932,0.0
-50.0,50,622.120522,0.0
-50.0,50,622.627509,0.0
-50.0,50,623.107106,0.0
-50.0,50,623.591542,0.0
0.0,50,624.105669,1.0
-50.0,50,624.620622,0.0
-50.0,50,625.096704,0.0
-50.0,50,625.596713,0.0
-50.0,50,626.073787,0.0
-50.0,50,626.561965,0.0
0.0,50,627.03805,1.0
-50.0,50,627.5181,0.0
-50.0,50,627.989445,0.0
-50.0,50,628.496763,0.0
-50.0,50,628.97031,0.0
-50.0,50,629.44615,0.0
-50.0,50,629.921168,0.0
-50.0,50,630.428129,0.0
-50.0,50,630.900878,0.0
-50.0,50,631.372632,0.0
-50.0,50,631.843805,0.0
-50.0,50,632.349274,0.0
-50.0,50,632.821786,0.0
-50.0,50,633.297043,0.0
-50.0,50,633.774028,0.0
-50.0,50,634.278591,0.0
-50.0,50,634.782799,0.0
-50.0,50,635.266753,0.0
-50.0,50,635.74613,0.0
-50.0,50,636.233679,0.0
0.0,50,636.728392,1.0
0.0,50,637.207431,1.0
-50.0,50,637.690711,0.0
-50.0,50,638.199977,0.0
-50.0,50,638.679304,0.0
-50.0,50,639.15979,0.0
-50.0,50,639.647221,0.0
-50.0,50,640.152473,0.0
-50.0,50,640.637846,0.0
-50.0,50,641.123648,0.0
-50.0,50,641.62327,0.0
-50.0,50,642.12648,0.0
-50.0,50,642.620903,0.0
-50.0,50,643.107269,0.0
-50.0,50,643.597143,0.0
-50.0,50,644.090612,0.0
-50.0,50,644.605418,0.0
-50.0,50,645.108494,0.0
-50.0,50,645.588952,0.0
0.0,50,646.073062,1.0
-50.0,50,646.561641,0.0
-50.0,50,647.049245,0.0
-50.0,50,647.540334,0.0
-50.0,50,648.032377,0.0
-50.0,50,648.516869,0.0
-50.0,50,649.033227,0.0
-50.0,50,649.521575,0.0
-50.0,50,650.01489,0.0
-50.0,50,650.492107,0.0
-50.0,50,650.969476,0.0
-50.0,50,651.445682,0.0
-50.0,50,651.943043,0.0
0.0,50,652.425974,1.0
-50.0,50,652.912096,0.0
-50.0,50,653.391086,0.0
-50.0,50,653.889701,0.0
-50.0,50,654.370567,0.0
-50.0,50,654.850346,0.0
-50.0,50,655.327457,0.0
-50.0,50,655.847394,0.0
-50.0,50,656.32815,0.0
0.0,50,656.810825,1.0
-50.0,50,657.28727,0.0
-50.0,50,657.787647,0.0
-50.0,50,658.274265,0.0
-50.0,50,658.75259,0.0
-50.0,50,659.235423,0.0
-50.0,50,659.728039,0.0
-50.0,50,660.20894,0.0
-50.0,50,660.684171,0.0
-50.0,50,661.165677,0.0
-50.0,50,661.66001,0.0
-50.0,50,662.157749,0.0
-50.0,50,662.64029,0.0
-50.0,50,663.11512,0.0
-50.0,50,663.615454,0.0
-50.0,50,664.102643,0.0
-50.0,50,664.593927,0.0
-50.0,50,665.075397,0.0
-50.0,50,665.574987,0.0
-50.0,50,666.05234,0.0
-50.0,50,666.529413,0.0
-50.0,50,667.014835,0.0
-50.0,50,667.51303,0.0
-50.0,50,668.007014,0.0
-50.0,50,668.510673,0.0
-50.0,50,668.996174,0.0
-50.0,50,669.491104,0.0
-50.0,50,669.971843,0.0
-50.0,50,670.450627,0.0
-50.0,50,670.930662,0.0
-50.0,50,671.424239,0.0
-50.0,50,671.899911,0.0
-50.0,50,672.383851,0.0
-50.0,50,672.87293,0.0
-50.0,50,673.363636,0.0
-50.0,50,673.843578,0.0
-50.0,50,674.314305,0.0
-50.0,50,674.784893,0.0
-50.0,50,675.30997,0.0
-50.0,50,675.790014,0.0
-50.0,50,676.27137,0.0
-50.0,50,676.75907,0.0
-50.0,50,677.279757,0.0
-50.0,50,677.754113,0.0
-50.0,50,678.226817,0.0
-50.0,50,678.697065,0.0
-50.0,50,679.187621,0.0
-50.0,50,679.660437,0.0
-50.0,50,680.135136,0.0
-50.0,50,680.605179,0.0
-50.0,50,681.106256,0.0
-50.0,50,681.578127,0.0
-50.0,50,682.067978,0.0
-50.0,50,682.541275,0.0
-50.0,50,683.046943,0.0
-50.0,50,683.515669,0.0
-50.0,50,683.986996,0.0
-50.0,50,684.4577,0.0
-50.0,50,684.959266,0.0
-50.0,50,685.435723,0.0
-50.0,50,685.906581,0.0
-50.0,50,686.376683,0.0
-50.0,50,686.870831,0.0
-50.0,50,687.360408,0.0
-50.0,50,687.831882,0.0
-50.0,50,688.304734,0.0
-50.0,50,688.790785,0.0
-50.0,50,689.261963,0.0
-50.0,50,689.73184,0.0
-50.0,50,690.210791,0.0
-50.0,50,690.696873,0.0
-50.0,50,691.168201,0.0
-50.0,50,691.639645,0.0
0.0,50,692.131547,1.0
-50.0,50,692.619672,0.0
-50.0,50,693.098362,0.0
-50.0,50,693.567634,0.0
0.0,50,694.040109,1.0
-50.0,50,694.529614,0.0
-50.0,50,695.004988,0.0
-50.0,50,695.472651,0.0
-50.0,50,695.950031,0.0
-50.0,50,696.438997,0.0
-50.0,50,696.929614,0.0
-50.0,50,697.40179,0.0
-50.0,50,697.88604,0.0
-50.0,50,698.375063,0.0
-50.0,50,698.859646,0.0
-50.0,50,699.334596,0.0
-50.0,50,699.807069,0.0
0.0,50,700.304069,1.0
-50.0,50,700.774738,0.0
-50.0,50,701.274494,0.0
-50.0,50,701.751225,0.0
0.0,50,702.267179,1.0
0.0,50,702.742817,1.0
-50.0,50,703.224541,0.0
-50.0,50,703.71114,0.0
-50.0,50,704.206864,0.0
-50.0,50,704.689365,0.0
-50.0,50,705.163048,0.0
-50.0,50,705.653724,0.0
-50.0,50,706.183258,0.0
-50.0,50,706.662699,0.0
-50.0,50,707.135665,0.0
-50.0,50,707.621972,0.0
-50.0,50,708.117289,0.0
-50.0,50,708.595691,0.0
-50.0,50,709.072438,0.0
-50.0,50,709.578442,0.0
-50.0,50,712.396382,0.0
-50.0,50,712.872482,0.0
-50.0,50,713.35175,0.0
-50.0,50,713.837117,0.0
-50.0,50,714.335649,0.0
-50.0,50,714.819177,0.0
-50.0,50,715.298302,0.0
-50.0,50,715.781816,0.0
-50.0,50,716.283748,0.0
-50.0,50,716.804331,0.0
-50.0,50,717.287301,0.0
-50.0,50,717.768909,0.0
-50.0,50,718.26179,0.0
-50.0,50,718.752691,0.0
-50.0,50,719.245744,0.0
-50.0,50,719.735549,0.0
-50.0,50,720.230692,0.0
-50.0,50,720.710395,0.0
-50.0,50,721.186192,0.0
-50.0,50,721.694537,0.0
-50.0,50,722.193036,0.0
-50.0,50,722.675678,0.0
-50.0,50,723.164098,0.0
-50.0,50,723.643604,0.0
-50.0,50,724.141912,0.0
-50.0,50,724.630804,0.0
-50.0,50,725.149059,0.0
-50.0,50,725.630579,0.0
-50.0,50,726.117113,0.0
-50.0,50,726.593776,0.0
-50.0,50,727.074988,0.0
-50.0,50,727.564691,0.0
-50.0,50,728.087945,0.0
-50.0,50,728.576184,0.0
0.0,50,729.085359,1.0
-50.0,50,729.576702,0.0
-50.0,50,730.116725,0.0
-50.0,50,730.606924,0.0
-50.0,50,731.098844,0.0
-50.0,50,731.577813,0.0
-50.0,50,732.07568,0.0
-50.0,50,732.561055,0.0
-50.0,50,733.040528,0.0
-50.0,50,733.52918,0.0
-50.0,50,734.024801,0.0
-50.0,50,734.508137,0.0
-50.0,50,735.004236,0.0
-50.0,50,735.489161,0.0
0.0,50,735.988444,1.0
0.0,50,736.497404,1.0
-50.0,50,736.989628,0.0
-50.0,50,737.46872,0.0
-50.0,50,737.959392,0.0
-50.0,50,738.455536,0.0
-50.0,50,738.943233,0.0
-50.0,50,739.435941,0.0
-50.0,50,739.939902,0.0
-50.0,50,740.465649,0.0
-50.0,50,740.955062,0.0
-50.0,50,741.430621,0.0
-50.0,50,741.95286,0.0
-50.0,50,742.444663,0.0
-50.0,50,742.952856,0.0
-50.0,50,743.445068,0.0
-50.0,50,743.943899,0.0
-50.0,50,744.43461,0.0
-50.0,50,744.924717,0.0
-50.0,50,745.407598,0.0
-50.0,50,745.904889,0.0
-50.0,50,746.383921,0.0
0.0,50,746.865817,1.0
-50.0,50,747.347359,0.0
-50.0,50,747.846521,0.0
-50.0,50,748.327383,0.0
-50.0,50,748.809721,0.0
-50.0,50,749.303152,0.0
-50.0,50,749.828571,0.0
-50.0,50,750.304766,0.0
-50.0,50,750.778342,0.0
0.0,50,751.254124,1.0
-50.0,50,751.745825,0.0
-50.0,50,752.218983,0.0
-50.0,50,752.695101,0.0
-50.0,50,753.169206,0.0
-50.0,50,753.66435,0.0
-50.0,50,754.136616,0.0
-50.0,50,754.615133,0.0
-50.0,50,755.090079,0.0
-50.0,50,755.575268,0.0
-50.0,50,756.048307,0.0
-50.0,50,756.519253,0.0
-50.0,50,756.9905,0.0
-50.0,50,757.479936,0.0
-50.0,50,757.986772,0.0
-50.0,50,758.466638,0.0
-50.0,50,758.941288,0.0
-50.0,50,759.439561,0.0
-50.0,50,759.924426,0.0
-50.0,50,760.399621,0.0
-50.0,50,760.881109,0.0
-50.0,50,761.378431,0.0
-50.0,50,761.852436,0.0
-50.0,50,762.321702,0.0
-50.0,50,762.793597,0.0
-50.0,50,763.282398,0.0
-50.0,50,763.761607,0.0
-50.0,50,764.232496,0.0
0.0,50,764.701054,1.0
-50.0,50,765.184515,0.0
-50.0,50,765.659154,0.0
-50.0,50,766.139678,0.0
-50.0,50,766.615073,0.0
0.0,50,767.09792,1.0
-50.0,50,767.569818,0.0
-50.0,50,768.044137,0.0
-50.0,50,768.526139,0.0
-50.0,50,769.028307,0.0
-50.0,50,769.497519,0.0
-50.0,50,769.972703,0.0
-50.0,50,770.447231,0.0
-50.0,50,770.973747,0.0
-50.0,50,771.447954,0.0
-50.0,50,771.924943,0.0
-50.0,50,772.401898,0.0
-50.0,50,772.897117,0.0
-50.0,50,773.376734,0.0
-50.0,50,773.850053,0.0
-50.0,50,774.324399,0.0
-50.0,50,774.812004,0.0
-50.0,50,775.283486,0.0
-50.0,50,775.761695,0.0
-50.0,50,776.24149,0.0
-50.0,50,776.743451,0.0
-50.0,50,777.248844,0.0
-50.0,50,777.72949,0.0
-50.0,50,778.208661,0.0
-50.0,50,778.697456,0.0
0.0,50,779.178253,1.0
-50.0,50,779.660641,0.0
-50.0,50,780.143384,0.0
-50.0,50,780.629255,0.0
-50.0,50,781.100841,0.0
-50.0,50,781.576197,0.0
-50.0,50,782.054467,0.0
-50.0,50,782.55551,0.0
-50.0,50,783.031388,0.0
-50.0,50,783.498774,0.0
-50.0,50,783.974663,0.0
-50.0,50,784.460923,0.0
-50.0,50,784.940067,0.0
-50.0,50,785.417891,0.0
-50.0,50,785.893878,0.0
-50.0,50,786.389311,0.0
-50.0,50,786.86661,0.0
-45.0,50,787.374437,0.0
-50.0,50,787.862552,0.0
-50.0,50,788.36255,0.0
0.0,50,788.867072,1.0
-50.0,50,789.350399,0.0
-50.0,50,789.824887,0.0
-50.0,50,790.308516,0.0
-50.0,50,790.793995,0.0
-50.0,50,791.271887,0.0
-50.0,50,791.75804,0.0
-50.0,50,792.259731,0.0
-50.0,50,792.731653,0.0
-50.0,50,793.207727,0.0
-50.0,50,793.698585,0.0
0.0,50,794.185106,1.0
-50.0,50,794.657078,0.0
-50.0,50,795.143811,0.0
-50.0,50,795.62663,0.0
-50.0,50,796.123332,0.0
-50.0,50,796.603094,0.0
-50.0,50,797.100772,0.0
-50.0,50,797.585547,0.0
-50.0,50,798.070048,0.0
-50.0,50,798.550626,0.0
-50.0,50,799.025656,0.0
-50.0,50,799.521959,0.0
-50.0,50,800.030416,0.0
-50.0,50,800.505417,0.0
-50.0,50,800.977715,0.0
-50.0,50,801.462506,0.0
-50.0,50,801.959274,0.0
-50.0,50,802.430337,0.0
-50.0,50,802.900665,0.0
-50.0,50,803.380722,0.0
-50.0,50,803.878873,0.0
-50.0,50,804.355682,0.0
-50.0,50,804.824423,0.0
-50.0,50,805.302143,0.0
0.0,50,805.788946,1.0
-50.0,50,806.276844,0.0
-50.0,50,806.747712,0.0
-50.0,50,807.21634,0.0
-50.0,50,807.700315,0.0
-50.0,50,808.169965,0.0
0.0,50,808.643139,1.0
-50.0,50,809.121367,0.0
-50.0,50,811.904881,0.0
-50.0,50,812.378799,0.0
-50.0,50,812.867806,0.0
-50.0,50,813.356048,0.0
-50.0,50,813.843547,0.0
-50.0,50,814.323412,0.0
-50.0,50,814.79935,0.0
-50.0,50,815.286752,0.0
-50.0,50,815.773383,0.0
-50.0,50,816.244247,0.0
-50.0,50,816.721297,0.0
-50.0,50,817.203519,0.0
-50.0,50,817.69957,0.0
-50.0,50,818.179316,0.0
-50.0,50,818.660435,0.0
0.0,50,819.131778,1.0
-50.0,50,819.644365,0.0
-50.0,50,820.127363,0.0
-50.0,50,820.605629,0.0
-50.0,50,821.104573,0.0
-50.0,50,821.612747,0.0
-50.0,50,822.117063,0.0
-50.0,50,822.609657,0.0
-50.0,50,823.103385,0.0
-50.0,50,823.60241,0.0
-50.0,50,824.086551,0.0
-50.0,50,824.573167,0.0
-50.0,50,825.085422,0.0
-50.0,50,825.574234,0.0
0.0,50,826.05992,1.0
-50.0,50,826.553178,0.0
-50.0,50,827.046718,0.0
-50.0,50,827.545104,0.0
-50.0,50,828.037451,0.0
-50.0,50,828.53524,0.0
-50.0,50,829.025147,0.0
-43.0,50,829.533359,0.0
-50.0,50,830.023433,0.0
0.0,50,830.500227,1.0
-50.0,50,830.992756,0.0
-50.0,50,831.501605,0.0
-50.0,50,831.991704,0.0
-50.0,50,832.497144,0.0
-50.0,50,832.982572,0.0
-50.0,50,833.494222,0.0
-50.0,50,833.96899,0.0
-50.0,50,834.453763,0.0
-50.0,50,834.935947,0.0
-50.0,50,835.434452,0.0
-50.0,50,835.91659,0.0
-50.0,50,836.408506,0.0
-50.0,50,836.900217,0.0
-50.0,50,837.394282,0.0
-50.0,50,837.870136,0.0
-50.0,50,838.349222,0.0
-50.0,50,838.841864,0.0
-50.0,50,839.363317,0.0
-50.0,50,839.840114,0.0
-50.0,50,840.331177,0.0
0.0,50,840.817866,1.0
-50.0,50,841.310988,0.0
-50.0,50,841.798944,0.0
-50.0,50,842.287712,0.0
-50.0,50,842.774741,0.0
-50.0,50,843.274621,0.0
-50.0,50,843.752972,0.0
-50.0,50,844.244552,0.0
-50.0,50,844.740971,0.0
-50.0,50,845.253987,0.0
-50.0,50,845.752571,0.0
-50.0,50,846.246787,0.0
-50.0,50,846.734609,0.0
-50.0,50,847.266515,0.0
-50.0,50,847.762213,0.0
-50.0,50,848.268002,0.0
-50.0,50,848.758397,0.0
-50.0,50,849.274035,0.0
-50.0,50,849.761452,0.0
-50.0,50,850.252218,0.0
-50.0,50,850.735433,0.0
-50.0,50,851.248212,0.0
-50.0,50,851.741547,0.0
-50.0,50,852.235852,0.0
-50.0,50,852.73368,0.0
-50.0,50,853.249921,0.0
-50.0,50,853.73215,0.0
-50.0,50,854.246342,0.0
-50.0,50,854.751951,0.0
-50.0,50,855.256849,0.0
-50.0,50,855.745364,0.0
-50.0,50,856.235549,0.0
-50.0,50,856.724339,0.0
0.0,50,857.222246,1.0
-50.0,50,857.709353,0.0
-50.0,50,858.216539,0.0
-50.0,50,858.718508,0.0
-50.0,50,859.211173,0.0
-50.0,50,859.692229,0.0
-50.0,50,860.185491,0.0
-50.0,50,860.681249,0.0
-50.0,50,861.176212,0.0
-50.0,50,861.667035,0.0
-50.0,50,862.142874,0.0
-50.0,50,862.637929,0.0
-50.0,50,863.147127,0.0
-50.0,50,863.644364,0.0
-50.0,50,864.13132,0.0
-50.0,50,864.624432,0.0
-50.0,50,865.130566,0.0
-50.0,50,865.613456,0.0
-39.0,50,866.103499,0.0
-50.0,50,866.589636,0.0
-50.0,50,867.097129,0.0
-50.0,50,867.589085,0.0
-50.0,50,868.081677,0.0
-50.0,50,868.563821,0.0
-50.0,50,869.074427,0.0
-50.0,50,869.551838,0.0
-50.0,50,870.04704,0.0
-50.0,50,870.532945,0.0
-50.0,50,871.02997,0.0
-50.0,50,871.515512,0.0
-50.0,50,872.00602,0.0
-50.0,50,872.486867,0.0
-50.0,50,872.984776,0.0
-50.0,50,873.469273,0.0
-50.0,50,873.948856,0.0
-50.0,50,874.441367,0.0
-50.0,50,874.940554,0.0
-50.0,50,875.419402,0.0
-50.0,50,875.913,0.0
-50.0,50,876.398534,0.0
-50.0,50,876.888216,0.0
-50.0,50,877.366846,0.0
-50.0,50,877.867491,0.0
-50.0,50,878.343611,0.0
-50.0,50,878.847428,0.0
-50.0,50,879.328564,0.0
-50.0,50,879.816028,0.0
-50.0,50,880.3059,0.0
0.0,50,880.798655,1.0
-50.0,50,881.297016,0.0
-50.0,50,881.779082,0.0
-50.0,50,882.262946,0.0
-50.0,50,882.765588,0.0
0.0,50,883.25443,1.0
-50.0,50,883.746507,0.0
-50.0,50,884.241292,0.0
-50.0,50,884.752182,0.0
-50.0,50,885.237269,0.0
-50.0,50,885.723061,0.0
-50.0,50,886.210237,0.0
0.0,50,886.738125,1.0
-50.0,50,887.230544,0.0
-50.0,50,887.722633,0.0
-50.0,50,888.208972,0.0
-50.0,50,888.713193,0.0
-50.0,50,889.220271,0.0
-50.0,50,889.726709,0.0
-50.0,50,890.251559,0.0
-50.0,50,890.760014,0.0
-50.0,50,891.249245,0.0
-50.0,50,891.734849,0.0
-50.0,50,892.233175,0.0
-50.0,50,892.737606,0.0
-50.0,50,893.228528,0.0
-50.0,50,893.713999,0.0
-50.0,50,894.200122,0.0
-50.0,50,894.700943,0.0
-50.0,50,895.186036,0.0
-50.0,50,895.672652,0.0
-50.0,50,896.160663,0.0
-50.0,50,896.667097,0.0
-50.0,50,897.179245,0.0
-50.0,50,897.668241,0.0
-50.0,50,898.154017,0.0
-50.0,50,898.658402,0.0
-50.0,50,899.143421,0.0
-50.0,50,899.632914,0.0
-50.0,50,900.12721,0.0
-50.0,50,900.64882,0.0
-50.0,50,901.138371,0.0
-50.0,50,901.639756,0.0
-50.0,50,902.137097,0.0
-50.0,50,902.652221,0.0
-50.0,50,903.146789,0.0
-50.0,50,903.63217,0.0
-50.0,50,904.122586,0.0
-50.0,50,904.624117,0.0
-50.0,50,905.115272,0.0
0.0,50,905.628019,1.0
-50.0,50,906.123875,0.0
0.0,50,906.648198,1.0
-50.0,50,907.143486,0.0
-50.0,50,907.638083,0.0
-50.0,50,908.139473,0.0
-50.0,50,908.644805,0.0
-50.0,50,909.13014,0.0
-50.0,50,909.621831,0.0
-50.0,50,910.115146,0.0
-50.0,50,912.949054,0.0
-50.0,50,913.439189,0.0
-50.0,50,913.931923,0.0
-50.0,50,914.420348,0.0
0.0,50,914.926311,1.0
-50.0,50,915.417958,0.0
-50.0,50,915.921621,0.0
-50.0,50,916.408181,0.0
-50.0,50,916.914039,0.0
0.0,50,917.408502,1.0
-50.0,50,917.900532,0.0
-50.0,50,918.392252,0.0
-50.0,50,918.890744,0.0
-50.0,50,919.376237,0.0
-50.0,50,919.883523,0.0
-50.0,50,920.374595,0.0
-50.0,50,920.877378,0.0
-50.0,50,921.365222,0.0
-50.0,50,921.865765,0.0
-50.0,50,922.338238,0.0
-50.0,50,922.844411,0.0
-50.0,50,923.325915,0.0
-50.0,50,923.801202,0.0
-50.0,50,924.277523,0.0
-50.0,50,924.771658,0.0
-50.0,50,925.257014,0.0
-50.0,50,925.743947,0.0
-50.0,50,926.21563,0.0
-50.0,50,926.705677,0.0
-50.0,50,927.176676,0.0
0.0,50,927.653606,1.0
-50.0,50,928.122448,0.0
-50.0,50,928.613688,0.0
-50.0,50,929.088147,0.0
-50.0,50,929.561816,0.0
-50.0,50,930.029819,0.0
-50.0,50,930.51545,0.0
-50.0,50,930.984735,0.0
-50.0,50,931.460934,0.0
-50.0,50,931.930049,0.0
-50.0,50,932.419214,0.0
-50.0,50,932.889501,0.0
-50.0,50,933.367996,0.0
-50.0,50,933.856549,0.0
-50.0,50,934.356577,0.0
-50.0,50,934.837378,0.0
-50.0,50,935.329717,0.0
-50.0,50,935.809133,0.0
-50.0,50,936.308123,0.0
-50.0,50,936.797777,0.0
-50.0,50,937.285103,0.0
-50.0,50,937.788372,0.0
-50.0,50,938.280973,0.0
-50.0,50,938.772226,0.0
-50.0,50,939.252747,0.0
-50.0,50,939.74734,0.0
0.0,50,940.254481,1.0
-50.0,50,940.740114,0.0
-50.0,50,941.232222,0.0
-50.0,50,941.721166,0.0
-50.0,50,942.226111,0.0
-50.0,50,942.705982,0.0
-50.0,50,943.189196,0.0
-50.0,50,943.671584,0.0
-50.0,50,944.180178,0.0
-50.0,50,944.66918,0.0
-50.0,50,945.157953,0.0
-50.0,50,945.642294,0.0
-50.0,50,946.14244,0.0
-50.0,50,946.619381,0.0
-50.0,50,947.099662,0.0
-50.0,50,947.581794,0.0
-50.0,50,948.083106,0.0
-50.0,50,948.558178,0.0
-50.0,50,949.043733,0.0
-50.0,50,949.525225,0.0
-50.0,50,950.01543,0.0
-50.0,50,950.495792,0.0
-50.0,50,950.982219,0.0
-50.0,50,951.460901,0.0
-50.0,50,951.945618,0.0
-50.0,50,952.414726,0.0
-50.0,50,952.890589,0.0
-50.0,50,953.363283,0.0
-50.0,50,953.845317,0.0
-50.0,50,954.3169,0.0
-50.0,50,954.794978,0.0
-50.0,50,955.26047,0.0
-50.0,50,955.746131,0.0
-50.0,50,956.223192,0.0
-50.0,50,956.70206,0.0
-50.0,50,957.180634,0.0
-50.0,50,957.674097,0.0
-50.0,50,958.169392,0.0
-50.0,50,958.646589,0.0
-50.0,50,959.126788,0.0
-50.0,50,959.619751,0.0
-50.0,50,960.09062,0.0
-50.0,50,960.563017,0.0
-50.0,50,961.033604,0.0
-50.0,50,961.516913,0.0
-50.0,50,961.998307,0.0
-50.0,50,962.468688,0.0
-50.0,50,962.934724,0.0
-50.0,50,963.427779,0.0
-50.0,50,963.905329,0.0
-50.0,50,964.385238,0.0
-50.0,50,964.867201,0.0
-50.0,50,965.364458,0.0
-50.0,50,965.854143,0.0
-50.0,50,966.325016,0.0
-50.0,50,966.80336,0.0
-50.0,50,967.301505,0.0
-50.0,50,967.788625,0.0
-50.0,50,968.273962,0.0
-50.0,50,968.749378,0.0
-50.0,50,969.236152,0.0
-50.0,50,969.702433,0.0
-50.0,50,970.174033,0.0
0.0,50,970.640669,1.0
0.0,50,971.11935,1.0
0.0,50,971.589672,1.0
-50.0,50,972.075114,0.0
-50.0,50,972.569293,0.0
-50.0,50,973.070171,0.0
-50.0,50,973.559383,0.0
-50.0,50,974.052152,0.0
-50.0,50,974.529212,0.0
-50.0,50,975.03205,0.0
-50.0,50,975.512072,0.0
-50.0,50,975.996102,0.0
-50.0,50,976.486855,0.0
-50.0,50,976.981656,0.0
-50.0,50,977.474331,0.0
-50.0,50,977.96402,0.0
-50.0,50,978.456589,0.0
-50.0,50,978.963487,0.0
-50.0,50,979.455705,0.0
-50.0,50,979.950353,0.0
-50.0,50,980.445606,0.0
-50.0,50,980.940624,0.0
-50.0,50,981.435413,0.0
-50.0,50,981.92925,0.0
-50.0,50,982.421351,0.0
-50.0,50,982.93049,0.0
-50.0,50,983.411698,0.0
0.0,50,983.908813,1.0
-50.0,50,984.405934,0.0
-50.0,50,984.913118,0.0
0.0,50,985.393959,1.0
-50.0,50,985.885167,0.0
-50.0,50,986.379019,0.0
-50.0,50,986.882848,0.0
-50.0,50,987.375203,0.0
-50.0,50,987.860426,0.0
-50.0,50,988.344567,0.0
-50.0,50,988.844568,0.0
-50.0,50,989.334008,0.0
-50.0,50,989.829851,0.0
-50.0,50,990.313328,0.0
-50.0,50,990.815804,0.0
0.0,50,991.31362,1.0
-50.0,50,991.798337,0.0
-50.0,50,992.308318,0.0
-50.0,50,992.804081,0.0
-50.0,50,993.292238,0.0
-50.0,50,993.777436,0.0
-50.0,50,994.274185,0.0
-50.0,50,994.764833,0.0
-50.0,50,995.255935,0.0
-50.0,50,995.742894,0.0
-50.0,50,996.220103,0.0
-50.0,50,996.703822,0.0
-50.0,50,997.179001,0.0
-50.0,50,997.646848,0.0
-50.0,50,998.132478,0.0
-50.0,50,998.61415,0.0
-50.0,50,999.085319,0.0
-50.0,50,999.557123,0.0
-50.0,50,1000.028559,0.0
-50.0,50,1000.500636,0.0
-50.0,50,1000.972917,0.0
-50.0,50,1001.442094,0.0
-50.0,50,1001.910798,0.0
-50.0,50,1002.39495,0.0
-50.0,50,1002.866185,0.0
-50.0,50,1003.33866,0.0
-50.0,50,1003.802501,0.0
-50.0,50,1004.290151,0.0
-50.0,50,1004.765109,0.0
-50.0,50,1005.23239,0.0
-50.0,50,1005.703358,0.0
-50.0,50,1006.200478,0.0
-50.0,50,1006.68137,0.0
-50.0,50,1007.164735,0.0
-50.0,50,1007.66218,0.0
-50.0,50,1008.155338,0.0
0.0,50,1008.646806,1.0
-50.0,50,1009.12344,0.0
-50.0,50,1009.607304,0.0
-50.0,50,1012.466734,0.0
-50.0,50,1012.973204,0.0
0.0,50,1013.476791,1.0
-50.0,50,1013.970162,0.0
-50.0,50,1014.489896,0.0
-50.0,50,1014.98173,0.0
-50.0,50,1015.47208,0.0
-50.0,50,1015.957211,0.0
-50.0,50,1016.462945,0.0
-50.0,50,1016.949996,0.0
-50.0,50,1017.434252,0.0
-50.0,50,1017.91916,0.0
-50.0,50,1018.423719,0.0
-50.0,50,1018.916228,0.0
-50.0,50,1019.407247,0.0
0.0,50,1019.913759,1.0
-50.0,50,1020.424145,0.0
-50.0,50,1020.913253,0.0
-50.0,50,1021.397666,0.0
-50.0,50,1021.879448,0.0
0.0,50,1022.391401,1.0
-50.0,50,1022.872084,0.0
-50.0,50,1023.361998,0.0
0.0,50,1023.867534,1.0
-50.0,50,1024.357824,0.0
-50.0,50,1024.845069,0.0
-50.0,50,1025.329854,0.0
-50.0,50,1025.812085,0.0
-50.0,50,1026.314618,0.0
-50.0,50,1026.811454,0.0
-50.0,50,1027.298244,0.0
-50.0,50,1027.807857,0.0
-50.0,50,1028.302319,0.0
-50.0,50,1028.7848,0.0
0.0,50,1029.269749,1.0
-50.0,50,1029.761019,0.0
-50.0,50,1030.261301,0.0
-50.0,50,1030.743688,0.0
-50.0,50,1031.228413,0.0
-50.0,50,1031.706124,0.0
-50.0,50,1032.203858,0.0
-50.0,50,1032.682297,0.0
-50.0,50,1033.165,0.0
-50.0,50,1033.641917,0.0
-50.0,50,1034.134991,0.0
-50.0,50,1034.608533,0.0
-50.0,50,1035.085906,0.0
-50.0,50,1035.551562,0.0
-50.0,50,1036.039272,0.0
-50.0,50,1036.51838,0.0
-50.0,50,1037.002411,0.0
-50.0,50,1037.463846,0.0
-50.0,50,1037.954023,0.0
-50.0,50,1038.414402,0.0
-50.0,50,1038.874594,0.0
-50.0,50,1039.34251,0.0
-50.0,50,1039.820124,0.0
-50.0,50,1040.282699,0.0
0.0,50,1040.745121,1.0
-50.0,50,1041.220869,0.0
-50.0,50,1041.703959,0.0
-50.0,50,1042.168588,0.0
0.0,50,1042.646421,1.0
-50.0,50,1043.116535,0.0
-50.0,50,1043.606229,0.0
-50.0,50,1044.07973,0.0
0.0,50,1044.565426,1.0
0.0,50,1045.041068,1.0
-50.0,50,1045.530786,0.0
-50.0,50,1046.00362,0.0
-50.0,50,1046.480711,0.0
-50.0,50,1046.954135,0.0
-50.0,50,1047.439987,0.0
-50.0,50,1047.914422,0.0
-50.0,50,1048.388278,0.0
-50.0,50,1048.863216,0.0
-50.0,50,1049.346093,0.0
-50.0,50,1049.822495,0.0
-50.0,50,1050.296342,0.0
-50.0,50,1050.769093,0.0
-50.0,50,1051.266551,0.0
-50.0,50,1051.738081,0.0
-50.0,50,1052.214913,0.0
0.0,50,1052.683945,1.0
-50.0,50,1053.186,0.0
-50.0,50,1053.66922,0.0
-50.0,50,1054.150469,0.0
-50.0,50,1054.631763,0.0
-50.0,50,1055.127156,0.0
-50.0,50,1055.607187,0.0
-50.0,50,1056.095374,0.0
-50.0,50,1056.574248,0.0
-50.0,50,1057.069342,0.0
-50.0,50,1057.544085,0.0
0.0,50,1058.036158,1.0
-50.0,50,1058.51451,0.0
-50.0,50,1059.003443,0.0
-50.0,50,1059.474363,0.0
-50.0,50,1059.944354,0.0
-50.0,50,1060.421663,0.0
-50.0,50,1060.907866,0.0
-50.0,50,1061.400735,0.0
-50.0,50,1061.887944,0.0
-50.0,50,1062.356585,0.0
-50.0,50,1062.848197,0.0
-50.0,50,1063.325173,0.0
0.0,50,1063.805213,1.0
-50.0,50,1064.277459,0.0
-50.0,50,1064.772705,0.0
-50.0,50,1065.264755,0.0
-50.0,50,1065.738623,0.0
-50.0,50,1066.207618,0.0
-50.0,50,1066.695094,0.0
-50.0,50,1067.174479,0.0
-50.0,50,1067.658888,0.0
-50.0,50,1068.136281,0.0
-50.0,50,1068.623026,0.0
-50.0,50,1069.096473,0.0
-50.0,50,1069.572743,0.0
-50.0,50,1070.048798,0.0
-50.0,50,1070.541651,0.0
-50.0,50,1071.022305,0.0
-50.0,50,1071.496288,0.0
-50.0,50,1071.968105,0.0
-50.0,50,1072.455638,0.0
-50.0,50,1072.927352,0.0
-50.0,50,1073.402553,0.0
-50.0,50,1073.883415,0.0
-50.0,50,1074.374205,0.0
-50.0,50,1074.871978,0.0
-50.0,50,1075.353479,0.0
-50.0,50,1075.823053,0.0
-50.0,50,1076.318874,0.0
-50.0,50,1076.795824,0.0
-50.0,50,1077.272414,0.0
-50.0,50,1077.743472,0.0
-50.0,50,1078.237947,0.0
-50.0,50,1078.706472,0.0
-50.0,50,1079.175591,0.0
-50.0,50,1079.645563,0.0
-50.0,50,1080.15923,0.0
-50.0,50,1080.642194,0.0
-50.0,50,1081.110281,0.0
-50.0,50,1081.591113,0.0
-50.0,50,1082.089669,0.0
-50.0,50,1082.570204,0.0
-50.0,50,1083.056336,0.0
-50.0,50,1083.539505,0.0
0.0,50,1084.023361,1.0
-50.0,50,1084.49238,0.0
-50.0,50,1084.969695,0.0
-50.0,50,1085.448467,0.0
-50.0,50,1085.942947,0.0
-50.0,50,1086.415051,0.0
-50.0,50,1086.894898,0.0
-50.0,50,1087.366089,0.0
-50.0,50,1087.87363,0.0
-50.0,50,1088.381312,0.0
-50.0,50,1088.864494,0.0
-50.0,50,1089.342558,0.0
-50.0,50,1089.851434,0.0
-50.0,50,1090.33559,0.0
-50.0,50,1090.813269,0.0
-50.0,50,1091.307648,0.0
-50.0,50,1091.827665,0.0
-50.0,50,1092.306758,0.0
-50.0,50,1092.785371,0.0
-50.0,50,1093.268405,0.0
-50.0,50,1093.766736,0.0
-50.0,50,1094.259659,0.0
-50.0,50,1094.739919,0.0
-50.0,50,1095.223494,0.0
-50.0,50,1095.71377,0.0
-50.0,50,1096.191507,0.0
-50.0,50,1096.675566,0.0
-50.0,50,1097.169088,0.0
-50.0,50,1097.662201,0.0
-50.0,50,1098.143194,0.0
-50.0,50,1098.629407,0.0
-50.0,50,1099.110441,0.0
-50.0,50,1099.61303,0.0
-50.0,50,1100.103493,0.0
-50.0,50,1100.586388,0.0
-50.0,50,1101.0656,0.0
-50.0,50,1101.56767,0.0
-50.0,50,1102.051803,0.0
0.0,50,1102.555186,1.0
-50.0,50,1103.043807,0.0
-50.0,50,1103.548608,0.0
-50.0,50,1104.033516,0.0
-50.0,50,1104.513473,0.0
-50.0,50,1104.999836,0.0
-50.0,50,1105.500413,0.0
-50.0,50,1105.990511,0.0
-50.0,50,1106.476839,0.0
-50.0,50,1106.956841,0.0
-50.0,50,1107.450361,0.0
-50.0,50,1107.930396,0.0
0.0,50,1108.409615,1.0
-50.0,50,1108.888829,0.0
-50.0,50,1111.669186,0.0
-50.0,50,1112.147656,0.0
0.0,50,1112.645158,1.0
-50.0,50,1113.131059,0.0
-50.0,50,1113.623387,0.0
-50.0,50,1114.103787,0.0
-50.0,50,1114.583221,0.0
-50.0,50,1115.066264,0.0
-50.0,50,1115.561362,0.0
-50.0,50,1116.042491,0.0
-50.0,50,1116.530218,0.0
-50.0,50,1117.014521,0.0
0.0,50,1117.516561,1.0
-50.0,50,1118.001471,0.0
0.0,50,1118.507186,1.0
-50.0,50,1118.991682,0.0
-50.0,50,1119.482544,0.0
-50.0,50,1119.960495,0.0
-50.0,50,1120.436926,0.0
-50.0,50,1120.933077,0.0
-50.0,50,1121.427023,0.0
-50.0,50,1121.903359,0.0
-50.0,50,1122.379426,0.0
-50.0,50,1122.853911,0.0
-50.0,50,1123.343513,0.0
-50.0,50,1123.827239,0.0
-50.0,50,1124.313706,0.0
-50.0,50,1124.791043,0.0
-50.0,50,1125.288798,0.0
-50.0,50,1125.771873,0.0
-50.0,50,1126.252426,0.0
-50.0,50,1126.730458,0.0
-50.0,50,1127.224602,0.0
-50.0,50,1127.701751,0.0
-50.0,50,1128.186673,0.0
-50.0,50,1128.678441,0.0
-50.0,50,1129.178125,0.0
-50.0,50,1129.663767,0.0
-50.0,50,1130.144524,0.0
-50.0,50,1130.629993,0.0
-50.0,50,1131.12397,0.0
-50.0,50,1131.604863,0.0
-50.0,50,1132.086669,0.0
-50.0,50,1132.57111,0.0
-50.0,50,1133.071642,0.0
-50.0,50,1133.566935,0.0
-50.0,50,1134.052821,0.0
-50.0,50,1134.533442,0.0
-50.0,50,1135.03603,0.0
-50.0,50,1135.519652,0.0
-50.0,50,1136.004405,0.0
-50.0,50,1136.494795,0.0
-50.0,50,1136.992187,0.0
-50.0,50,1137.478089,0.0
-50.0,50,1137.977701,0.0
0.0,50,1138.460353,1.0
-50.0,50,1138.9907,0.0
-50.0,50,1139.475728,0.0
-50.0,50,1139.959563,0.0
-50.0,50,1140.438111,0.0
-50.0,50,1140.934596,0.0
-50.0,50,1141.417593,0.0
-50.0,50,1141.895547,0.0
-50.0,50,1142.388942,0.0
-50.0,50,1142.883765,0.0
-50.0,50,1143.361005,0.0
-50.0,50,1143.848648,0.0
-50.0,50,1144.324043,0.0
-50.0,50,1144.820876,0.0
-50.0,50,1145.299638,0.0
-50.0,50,1145.780041,0.0
-50.0,50,1146.261436,0.0
-50.0,50,1146.762478,0.0
-50.0,50,1147.245719,0.0
-50.0,50,1147.733645,0.0
-50.0,50,1148.215889,0.0
-50.0,50,1148.696959,0.0
-50.0,50,1149.159346,0.0
-50.0,50,1149.638012,0.0
-50.0,50,1150.10729,0.0
-50.0,50,1150.587855,0.0
-50.0,50,1151.056817,0.0
-50.0,50,1151.520383,0.0
-50.0,50,1151.98528,0.0
-50.0,50,1152.468656,0.0
-50.0,50,1152.946748,0.0
-50.0,50,1153.403528,0.0
-50.0,50,1153.875574,0.0
-50.0,50,1154.357625,0.0
-50.0,50,1154.831769,0.0
-50.0,50,1155.290529,0.0
-50.0,50,1155.760091,0.0
-50.0,50,1156.245078,0.0
-50.0,50,1156.720313,0.0
-50.0,50,1157.188851,0.0
-50.0,50,1157.661277,0.0
-50.0,50,1158.151229,0.0
-50.0,50,1158.621307,0.0
-50.0,50,1159.09401,0.0
-50.0,50,1159.560581,0.0
-50.0,50,1160.054026,0.0
-50.0,50,1160.525532,0.0
-50.0,50,1160.999767,0.0
0.0,50,1161.475628,1.0
-50.0,50,1161.956688,0.0
-50.0,50,1162.43051,0.0
-50.0,50,1162.913473,0.0
-50.0,50,1163.382788,0.0
-50.0,50,1163.87494,0.0
-50.0,50,1164.346856,0.0
-50.0,50,1164.829475,0.0
-50.0,50,1165.308249,0.0
-50.0,50,1165.803769,0.0
-50.0,50,1166.279028,0.0
-50.0,50,1166.75035,0.0
-50.0,50,1167.221608,0.0
-50.0,50,1167.716972,0.0
-50.0,50,1168.188618,0.0
-50.0,50,1168.662099,0.0
-50.0,50,1169.137373,0.0
-50.0,50,1169.637783,0.0
-50.0,50,1170.109487,0.0
-50.0,50,1170.582942,0.0
-50.0,50,1171.054691,0.0
-50.0,50,1171.55133,0.0
-50.0,50,1172.049658,0.0
-50.0,50,1172.539978,0.0
-50.0,50,1173.038562,0.0
-50.0,50,1173.539648,0.0
-50.0,50,1174.029679,0.0
-50.0,50,1174.519997,0.0
-50.0,50,1175.011895,0.0
-50.0,50,1175.51605,0.0
-50.0,50,1176.002812,0.0
-50.0,50,1176.484948,0.0
-50.0,50,1176.969616,0.0
-50.0,50,1177.474942,0.0
-50.0,50,1177.964547,0.0
0.0,50,1178.469502,1.0
0.0,50,1178.966377,1.0
-50.0,50,1179.467733,0.0
-50.0,50,1179.959067,0.0
-50.0,50,1180.444296,0.0
-50.0,50,1180.931129,0.0
-50.0,50,1181.452094,0.0
-50.0,50,1181.946996,0.0
-50.0,50,1182.435624,0.0
-50.0,50,1182.924407,0.0
-50.0,50,1183.424191,0.0
-50.0,50,1183.910539,0.0
-50.0,50,1184.398674,0.0
-50.0,50,1184.891688,0.0
-50.0,50,1185.391578,0.0
-50.0,50,1185.885995,0.0
-50.0,50,1186.364955,0.0
-50.0,50,1186.85311,0.0
0.0,50,1187.348037,1.0
-50.0,50,1187.817058,0.0
-50.0,50,1188.289979,0.0
-50.0,50,1188.778448,0.0
-50.0,50,1189.271088,0.0
-50.0,50,1189.748914,0.0
-50.0,50,1190.238377,0.0
-50.0,50,1190.719946,0.0
0.0,50,1191.236512,1.0
-50.0,50,1191.720495,0.0
-50.0,50,1192.206312,0.0
-50.0,50,1192.683,0.0
-50.0,50,1193.171727,0.0
-50.0,50,1193.656297,0.0
-50.0,50,1194.140759,0.0
-50.0,50,1194.636121,0.0
-50.0,50,1195.195095,0.0
-50.0,50,1195.677613,0.0
-50.0,50,1196.159669,0.0
-50.0,50,1196.645278,0.0
-50.0,50,1197.143057,0.0
-50.0,50,1197.626103,0.0
-50.0,50,1198.114237,0.0
-50.0,50,1198.600277,0.0
-50.0,50,1199.097734,0.0
-50.0,50,1199.598696,0.0
-50.0,50,1200.091001,0.0
-50.0,50,1200.579453,0.0
-50.0,50,1201.074866,0.0
-50.0,50,1201.566658,0.0
-50.0,50,1202.064052,0.0
-50.0,50,1202.549982,0.0
-50.0,50,1203.055348,0.0
-50.0,50,1203.541697,0.0
-50.0,50,1204.023761,0.0
0.0,50,1204.520315,1.0
-50.0,50,1205.018234,0.0
-50.0,50,1205.503139,0.0
-50.0,50,1205.98594,0.0
-50.0,50,1206.475814,0.0
-50.0,50,1206.97592,0.0
-50.0,50,1207.472007,0.0
-50.0,50,1207.96591,0.0
-50.0,50,1208.45385,0.0
-50.0,50,1211.269925,0.0
-50.0,50,1211.763915,0.0
-50.0,50,1212.27019,0.0
-50.0,50,1212.760001,0.0
-50.0,50,1213.270007,0.0
-50.0,50,1213.758937,0.0
-50.0,50,1214.255076,0.0
-50.0,50,1214.745062,0.0
0.0,50,1215.243752,1.0
-50.0,50,1215.730739,0.0
-50.0,50,1216.209624,0.0
-50.0,50,1216.692875,0.0
-50.0,50,1217.183961,0.0
-50.0,50,1217.678942,0.0
-50.0,50,1218.160866,0.0
0.0,50,1218.646729,1.0
-50.0,50,1219.142546,0.0
0.0,50,1219.64929,1.0
-50.0,50,1220.133934,0.0
-50.0,50,1220.619876,0.0
-50.0,50,1221.113981,0.0
-50.0,50,1221.611073,0.0
-50.0,50,1222.102237,0.0
-50.0,50,1222.580967,0.0
-50.0,50,1223.083845,0.0
-50.0,50,1223.567256,0.0
-50.0,50,1224.044657,0.0
-50.0,50,1224.523151,0.0
-50.0,50,1225.011783,0.0
-50.0,50,1225.497807,0.0
-50.0,50,1225.979349,0.0
-50.0,50,1226.457514,0.0
-50.0,50,1226.948866,0.0
0.0,50,1227.42666,1.0
-50.0,50,1227.902223,0.0
-50.0,50,1228.38369,0.0
-50.0,50,1228.87849,0.0
-50.0,50,1229.379653,0.0
-50.0,50,1229.85501,0.0
-50.0,50,1230.333593,0.0
-50.0,50,1230.833511,0.0
-50.0,50,1231.308776,0.0
-50.0,50,1231.783601,0.0
-50.0,50,1232.262791,0.0
-50.0,50,1232.769261,0.0
-50.0,50,1233.248359,0.0
-50.0,50,1233.735855,0.0
-50.0,50,1234.233388,0.0
-50.0,50,1234.732797,0.0
-50.0,50,1235.225967,0.0
-50.0,50,1235.702641,0.0
0.0,50,1236.200558,1.0
-50.0,50,1236.699599,0.0
-50.0,50,1237.185931,0.0
-50.0,50,1237.669036,0.0
-50.0,50,1238.154646,0.0
-50.0,50,1238.64025,0.0
-50.0,50,1239.113025,0.0
-50.0,50,1239.590188,0.0
-50.0,50,1240.064523,0.0
-50.0,50,1240.557319,0.0
-50.0,50,1241.031851,0.0
-50.0,50,1241.507287,0.0
-50.0,50,1241.994315,0.0
-50.0,50,1242.476629,0.0
-50.0,50,1242.954763,0.0
-50.0,50,1243.434134,0.0
-50.0,50,1243.919103,0.0
-50.0,50,1244.405419,0.0
-50.0,50,1244.878969,0.0
-50.0,50,1245.358063,0.0
-50.0,50,1245.832389,0.0
-50.0,50,1246.313473,0.0
-50.0,50,1246.785492,0.0
-50.0,50,1247.287902,0.0
-50.0,50,1247.776769,0.0
-50.0,50,1248.294448,0.0
-50.0,50,1248.782313,0.0
-50.0,50,1249.278359,0.0
-50.0,50,1249.762918,0.0
-50.0,50,1250.261447,0.0
-50.0,50,1250.739878,0.0
-50.0,50,1251.212935,0.0
-50.0,50,1251.687818,0.0
-50.0,50,1252.193792,0.0
-50.0,50,1252.676558,0.0
-50.0,50,1253.158549,0.0
-50.0,50,1253.630388,0.0
-50.0,50,1254.12902,0.0
-50.0,50,1254.609184,0.0
-50.0,50,1255.077018,0.0
-50.0,50,1255.552688,0.0
-50.0,50,1256.056806,0.0
-50.0,50,1256.526703,0.0
-50.0,50,1257.002326,0.0
-50.0,50,1257.482285,0.0
-50.0,50,1257.984666,0.0
-50.0,50,1258.460516,0.0
-50.0,50,1258.944942,0.0
-50.0,50,1259.416781,0.0
-50.0,50,1259.903393,0.0
-50.0,50,1260.37395,0.0
-50.0,50,1260.845915,0.0
-50.0,50,1261.32534,0.0
-50.0,50,1261.826166,0.0
-50.0,50,1262.30972,0.0
-50.0,50,1262.78111,0.0
-50.0,50,1263.277897,0.0
-50.0,50,1263.764426,0.0
-50.0,50,1264.239077,0.0
-50.0,50,1264.715512,0.0
-50.0,50,1265.198065,0.0
-50.0,50,1265.697397,0.0
-50.0,50,1266.162431,0.0
-50.0,50,1266.625169,0.0
-50.0,50,1267.098579,0.0
0.0,50,1267.611013,1.0
-50.0,50,1268.093954,0.0
-50.0,50,1268.568227,0.0
-50.0,50,1269.031336,0.0
-50.0,50,1269.511401,0.0
-50.0,50,1269.982326,0.0
-50.0,50,1270.440099,0.0
0.0,50,1270.910768,1.0
-50.0,50,1271.398477,0.0
0.0,50,1271.883847,1.0
-50.0,50,1272.343479,0.0
-50.0,50,1272.811742,0.0
-50.0,50,1273.303243,0.0
0.0,50,1273.768952,1.0
-50.0,50,1274.235846,0.0
-50.0,50,1274.694263,0.0
-50.0,50,1275.2035,0.0
-50.0,50,1275.684866,0.0
-50.0,50,1276.183259,0.0
-50.0,50,1276.667874,0.0
-50.0,50,1277.168978,0.0
-50.0,50,1277.646046,0.0
-50.0,50,1278.116171,0.0
-50.0,50,1278.589094,0.0
-50.0,50,1279.089884,0.0
-50.0,50,1279.570915,0.0
-50.0,50,1280.035928,0.0
-50.0,50,1280.51143,0.0
-50.0,50,1280.995155,0.0
-50.0,50,1281.463163,0.0
-50.0,50,1281.91903,0.0
-50.0,50,1282.375388,0.0
-50.0,50,1282.865041,0.0
-50.0,50,1283.330811,0.0
0.0,50,1283.82204,1.0
-50.0,50,1284.278451,0.0
-50.0,50,1284.757035,0.0
-50.0,50,1285.226951,0.0
-50.0,50,1285.706148,0.0
-50.0,50,1286.166341,0.0
-50.0,50,1286.652102,0.0
-50.0,50,1287.110121,0.0
0.0,50,1287.610045,1.0
-50.0,50,1288.078084,0.0
-50.0,50,1288.583353,0.0
0.0,50,1289.042969,1.0
-50.0,50,1289.500448,0.0
-50.0,50,1289.958107,0.0
-50.0,50,1290.443207,0.0
-50.0,50,1290.906676,0.0
-50.0,50,1291.367368,0.0
-50.0,50,1291.829293,0.0
-50.0,50,1292.319937,0.0
-50.0,50,1292.783573,0.0
-50.0,50,1293.250952,0.0
-50.0,50,1293.718433,0.0
-50.0,50,1294.201959,0.0
-50.0,50,1294.665197,0.0
-50.0,50,1295.127011,0.0
-50.0,50,1295.591355,0.0
-50.0,50,1296.073943,0.0
-50.0,50,1296.535113,0.0
-50.0,50,1297.00871,0.0
-50.0,50,1297.484517,0.0
-50.0,50,1297.98558,0.0
-50.0,50,1298.445735,0.0
-50.0,50,1298.916773,0.0
-50.0,50,1299.376409,0.0
-50.0,50,1299.861044,0.0
-50.0,50,1300.335526,0.0
-50.0,50,1300.808307,0.0
-50.0,50,1301.27025,0.0
0.0,50,1301.7724,1.0
-50.0,50,1302.23689,0.0
-50.0,50,1302.695428,0.0
-50.0,50,1303.166296,0.0
-50.0,50,1303.652995,0.0
-50.0,50,1304.124286,0.0
-50.0,50,1304.593457,0.0
-50.0,50,1305.054063,0.0
-50.0,50,1305.561261,0.0
0.0,50,1306.02575,1.0
-50.0,50,1306.486093,0.0
-50.0,50,1306.955887,0.0
-50.0,50,1309.665825,0.0
0.0,50,1310.139433,1.0
-50.0,50,1310.609897,0.0
-50.0,50,1311.079659,0.0
-50.0,50,1311.561379,0.0
0.0,50,1312.03091,1.0
-50.0,50,1312.509437,0.0
-50.0,50,1312.98144,0.0
-50.0,50,1313.472264,0.0
-50.0,50,1313.947249,0.0
-50.0,50,1314.418459,0.0
-50.0,50,1314.89937,0.0
-50.0,50,1315.396213,0.0
-50.0,50,1315.868612,0.0
-50.0,50,1316.345459,0.0
-50.0,50,1316.814411,0.0
0.0,50,1317.317012,1.0
-50.0,50,1317.800948,0.0
-50.0,50,1318.276573,0.0
-50.0,50,1318.742575,0.0
-50.0,50,1319.220304,0.0
-50.0,50,1319.688202,0.0
-50.0,50,1320.145347,0.0
-50.0,50,1320.609525,0.0
-50.0,50,1321.094786,0.0
-50.0,50,1321.569849,0.0
-50.0,50,1322.04934,0.0
-50.0,50,1322.510939,0.0
-50.0,50,1322.988715,0.0
-50.0,50,1323.452626,0.0
-50.0,50,1323.916702,0.0
0.0,50,1324.410226,1.0
-50.0,50,1324.890639,0.0
-50.0,50,1325.351555,0.0
-50.0,50,1325.823795,0.0
-50.0,50,1326.290656,0.0
-50.0,50,1326.775834,0.0
-50.0,50,1327.254519,0.0
-50.0,50,1327.730007,0.0
-50.0,50,1328.219904,0.0
-50.0,50,1328.703665,0.0
-50.0,50,1329.172992,0.0
-50.0,50,1329.636266,0.0
-50.0,50,1330.095215,0.0
-50.0,50,1330.575424,0.0
-50.0,50,1331.041403,0.0
-50.0,50,1331.505351,0.0
-50.0,50,1331.963954,0.0
0.0,50,1332.447814,1.0
-50.0,50,1332.920444,0.0
-50.0,50,1333.384708,0.0
-50.0,50,1333.842149,0.0
-50.0,50,1334.321246,0.0
-50.0,50,1334.794776,0.0
-50.0,50,1335.264209,0.0
-50.0,50,1335.731363,0.0
-50.0,50,1336.215363,0.0
-50.0,50,1336.676484,0.0
-50.0,50,1337.139082,0.0
-50.0,50,1337.60216,0.0
-50.0,50,1338.0771,0.0
-50.0,50,1338.564659,0.0
-50.0,50,1339.048361,0.0
-50.0,50,1339.528016,0.0
-50.0,50,1340.001271,0.0
-50.0,50,1340.461274,0.0
-50.0,50,1340.933235,0.0
-50.0,50,1341.410461,0.0
-50.0,50,1341.886223,0.0
-50.0,50,1342.378799,0.0
-50.0,50,1342.851592,0.0
-50.0,50,1343.315668,0.0
-50.0,50,1343.795186,0.0
-50.0,50,1344.26699,0.0
-50.0,50,1344.729447,0.0
-50.0,50,1345.202605,0.0
-50.0,50,1345.682497,0.0
-50.0,50,1346.144541,0.0
-50.0,50,1346.608279,0.0
-50.0,50,1347.083854,0.0
-50.0,50,1347.569625,0.0
-50.0,50,1348.044594,0.0
0.0,50,1348.526663,1.0
-50.0,50,1349.002581,0.0
-50.0,50,1349.489337,0.0
-50.0,50,1349.962712,0.0
-50.0,50,1350.420529,0.0
-50.0,50,1350.895626,0.0
-50.0,50,1351.366326,0.0
-50.0,50,1351.838401,0.0
-50.0,50,1352.31079,0.0
-50.0,50,1352.784136,0.0
-50.0,50,1353.284071,0.0
-50.0,50,1353.750221,0.0
-50.0,50,1354.223981,0.0
-50.0,50,1354.685642,0.0
-50.0,50,1355.17144,0.0
-50.0,50,1355.639488,0.0
-50.0,50,1356.108653,0.0
-50.0,50,1356.583567,0.0
-50.0,50,1357.067549,0.0
-50.0,50,1357.551469,0.0
-50.0,50,1358.035573,0.0
-50.0,50,1358.511258,0.0
-50.0,50,1359.002469,0.0
0.0,50,1359.49068,1.0
-50.0,50,1359.954131,0.0
-50.0,50,1360.423701,0.0
-50.0,50,1360.902157,0.0
-50.0,50,1361.376313,0.0
-50.0,50,1361.843588,0.0
-50.0,50,1362.316433,0.0
-50.0,50,1362.794305,0.0
-50.0,50,1363.261914,0.0
-50.0,50,1363.723863,0.0
0.0,50,1364.183375,1.0
-50.0,50,1364.66661,0.0
-50.0,50,1365.128178,0.0
-50.0,50,1365.598957,0.0
-50.0,50,1366.068306,0.0
-50.0,50,1366.54921,0.0
-39.0,50,1367.011378,0.0
-50.0,50,1367.481861,0.0
-50.0,50,1367.942375,0.0
-50.0,50,1368.424606,0.0
-50.0,50,1368.892866,0.0
-50.0,50,1369.370521,0.0
-50.0,50,1369.837959,0.0
-50.0,50,1370.343888,0.0
0.0,50,1370.834017,1.0
-50.0,50,1371.314101,0.0
-50.0,50,1371.783395,0.0
0.0,50,1372.264264,1.0
-50.0,50,1372.736628,0.0
-50.0,50,1373.210923,0.0
0.0,50,1373.683238,1.0
-50.0,50,1374.171348,0.0
-50.0,50,1374.652149,0.0
-50.0,50,1375.123007,0.0
0.0,50,1375.599049,1.0
-50.0,50,1376.086591,0.0
-50.0,50,1376.556733,0.0
0.0,50,1377.023663,1.0
-50.0,50,1377.506522,0.0
-50.0,50,1378.033518,0.0
-50.0,50,1378.510885,0.0
-50.0,50,1378.984188,0.0
-50.0,50,1379.457835,0.0
-50.0,50,1379.945009,0.0
-50.0,50,1380.420154,0.0
-50.0,50,1380.891824,0.0
0.0,50,1381.396576,1.0
-50.0,50,1381.88066,0.0
-50.0,50,1382.367887,0.0
-50.0,50,1382.835681,0.0
-50.0,50,1383.304986,0.0
-50.0,50,1383.790026,0.0
-50.0,50,1384.26375,0.0
0.0,50,1384.745095,1.0
-50.0,50,1385.217051,0.0
-50.0,50,1385.708444,0.0
-50.0,50,1386.188366,0.0
-50.0,50,1386.660169,0.0
0.0,50,1387.14141,1.0
0.0,50,1387.650007,1.0
-50.0,50,1388.134478,0.0
-50.0,50,1388.606544,0.0
-50.0,50,1389.083943,0.0
-50.0,50,1389.589132,0.0
-50.0,50,1390.068916,0.0
-50.0,50,1390.552696,0.0
-50.0,50,1391.034534,0.0
-50.0,50,1391.530295,0.0
-50.0,50,1392.004517,0.0
-50.0,50,1392.479674,0.0
-50.0,50,1392.963269,0.0
-50.0,50,1393.469647,0.0
-50.0,50,1393.94286,0.0
-50.0,50,1394.422656,0.0
-50.0,50,1394.899961,0.0
-50.0,50,1395.391368,0.0
-50.0,50,1395.871306,0.0
-50.0,50,1396.345117,0.0
-50.0,50,1396.822424,0.0
-50.0,50,1397.324946,0.0
-50.0,50,1397.799649,0.0
-50.0,50,1398.277819,0.0
-50.0,50,1398.753743,0.0
-50.0,50,1399.254634,0.0
-50.0,50,1399.741067,0.0
-50.0,50,1400.219497,0.0
0.0,50,1400.69452,1.0
-50.0,50,1401.177944,0.0
-50.0,50,1401.679806,0.0
-50.0,50,1402.160783,0.0
-50.0,50,1402.63384,0.0
-50.0,50,1403.137386,0.0
-50.0,50,1403.630942,0.0
-50.0,50,1404.115047,0.0
-50.0,50,1404.604339,0.0
-50.0,50,1407.479935,0.0
-50.0,50,1407.962697,0.0
-50.0,50,1408.442971,0.0
-50.0,50,1408.931917,0.0
-50.0,50,1409.450683,0.0
0.0,50,1409.953817,1.0
-50.0,50,1410.445106,0.0
-50.0,50,1410.932754,0.0
0.0,50,1411.432666,1.0
-50.0,50,1411.913878,0.0
-50.0,50,1412.395087,0.0
-50.0,50,1412.879938,0.0
-50.0,50,1413.382105,0.0
-50.0,50,1413.872437,0.0
-50.0,50,1414.352735,0.0
-50.0,50,1414.829108,0.0
-50.0,50,1415.337118,0.0
-50.0,50,1415.820904,0.0
-50.0,50,1416.303576,0.0
-50.0,50,1416.79877,0.0
-50.0,50,1417.303511,0.0
-50.0,50,1417.791488,0.0
-50.0,50,1418.275548,0.0
-50.0,50,1418.762327,0.0
-50.0,50,1419.253153,0.0
-50.0,50,1419.741096,0.0
-50.0,50,1420.224028,0.0
-50.0,50,1420.69911,0.0
-50.0,50,1421.183652,0.0
-50.0,50,1421.66362,0.0
-50.0,50,1422.148445,0.0
-50.0,50,1422.629953,0.0
-50.0,50,1423.123518,0.0
-50.0,50,1423.60209,0.0
-50.0,50,1424.086818,0.0
-50.0,50,1424.581546,0.0
-50.0,50,1425.094795,0.0
-50.0,50,1425.579618,0.0
-50.0,50,1426.055049,0.0
-50.0,50,1426.534648,0.0
-50.0,50,1427.023014,0.0
-50.0,50,1427.489666,0.0
-50.0,50,1427.963219,0.0
-50.0,50,1428.441887,0.0
-50.0,50,1428.928961,0.0
-50.0,50,1429.402858,0.0
-50.0,50,1429.87802,0.0
-50.0,50,1430.360252,0.0
-50.0,50,1430.847983,0.0
-50.0,50,1431.325018,0.0
-50.0,50,1431.80564,0.0
-50.0,50,1432.280015,0.0
-50.0,50,1432.769613,0.0
-50.0,50,1433.248688,0.0
-50.0,50,1433.722631,0.0
-50.0,50,1434.199363,0.0
-50.0,50,1434.691477,0.0
-50.0,50,1435.172721,0.0
-50.0,50,1435.653435,0.0
-50.0,50,1436.129318,0.0
-50.0,50,1436.612055,0.0
-50.0,50,1437.087435,0.0
-50.0,50,1437.556597,0.0
-50.0,50,1438.033924,0.0
-50.0,50,1438.537992,0.0
-50.0,50,1439.013858,0.0
-50.0,50,1439.489215,0.0
-50.0,50,1439.965845,0.0
-50.0,50,1440.461484,0.0
-50.0,50,1440.943936,0.0
-50.0,50,1441.417481,0.0
-50.0,50,1441.896353,0.0
-50.0,50,1442.381514,0.0
-50.0,50,1442.857014,0.0
-50.0,50,1443.334364,0.0
-50.0,50,1443.807432,0.0
-50.0,50,1444.327571,0.0
-50.0,50,1444.797947,0.0
-50.0,50,1445.277761,0.0
-50.0,50,1445.752969,0.0
-50.0,50,1446.246494,0.0
-50.0,50,1446.727364,0.0
-50.0,50,1447.204871,0.0
-50.0,50,1447.665986,0.0
-50.0,50,1448.157779,0.0
-50.0,50,1448.632452,0.0
-50.0,50,1449.091565,0.0
-50.0,50,1449.54859,0.0
-50.0,50,1450.039294,0.0
-50.0,50,1450.502242,0.0
-50.0,50,1450.966834,0.0
-50.0,50,1451.440852,0.0
-50.0,50,1451.92638,0.0
-50.0,50,1452.389731,0.0
-50.0,50,1452.855991,0.0
-50.0,50,1453.319809,0.0
-50.0,50,1453.801729,0.0
-50.0,50,1454.278291,0.0
-50.0,50,1454.734781,0.0
-50.0,50,1455.198219,0.0
-50.0,50,1455.677897,0.0
-50.0,50,1456.140731,0.0
-50.0,50,1456.603854,0.0
-50.0,50,1457.074842,0.0
-50.0,50,1457.544636,0.0
-50.0,50,1458.011412,0.0
0.0,50,1458.491857,1.0
0.0,50,1458.956125,1.0
-50.0,50,1459.435606,0.0
-50.0,50,1459.895163,0.0
-50.0,50,1460.357583,0.0
-50.0,50,1460.825818,0.0
-50.0,50,1461.302887,0.0
-50.0,50,1461.773346,0.0
-50.0,50,1462.239648,0.0
-50.0,50,1462.707626,0.0
-50.0,50,1463.192384,0.0
-50.0,50,1463.66074,0.0
-50.0,50,1464.119541,0.0
-50.0,50,1464.574903,0.0
-50.0,50,1465.048938,0.0
-50.0,50,1465.514895,0.0
-50.0,50,1465.988396,0.0
-50.0,50,1466.451762,0.0
-50.0,50,1466.92462,0.0
-50.0,50,1467.396361,0.0
-50.0,50,1467.865283,0.0
-50.0,50,1468.335352,0.0
-50.0,50,1468.811669,0.0
-50.0,50,1469.306502,0.0
-50.0,50,1469.774802,0.0
-50.0,50,1470.269965,0.0
0.0,50,1470.772317,1.0
-50.0,50,1471.235571,0.0
-50.0,50,1471.703054,0.0
-50.0,50,1472.161021,0.0
-50.0,50,1472.643136,0.0
-50.0,50,1473.110917,0.0
-50.0,50,1473.58474,0.0
-50.0,50,1474.04807,0.0
-50.0,50,1474.551178,0.0
-50.0,50,1475.02628,0.0
-50.0,50,1475.499879,0.0
-50.0,50,1475.97832,0.0
-50.0,50,1476.461325,0.0
-50.0,50,1476.929802,0.0
-50.0,50,1477.407778,0.0
-50.0,50,1477.889619,0.0
-50.0,50,1478.390543,0.0
-50.0,50,1478.862518,0.0
-50.0,50,1479.333335,0.0
-50.0,50,1479.816975,0.0
-50.0,50,1480.307274,0.0
-50.0,50,1480.800079,0.0
-50.0,50,1481.273836,0.0
-50.0,50,1481.743765,0.0
-50.0,50,1482.223064,0.0
-50.0,50,1482.707949,0.0
-50.0,50,1483.175277,0.0
-50.0,50,1483.667592,0.0
-50.0,50,1484.155111,0.0
-50.0,50,1484.624437,0.0
-50.0,50,1485.102683,0.0
-50.0,50,1485.573486,0.0
-50.0,50,1486.048027,0.0
-50.0,50,1486.534202,0.0
0.0,50,1487.001426,1.0
-50.0,50,1487.466274,0.0
0.0,50,1487.961252,1.0
-50.0,50,1488.4606,0.0
-50.0,50,1488.931908,0.0
-50.0,50,1489.411978,0.0
-50.0,50,1489.914166,0.0
-50.0,50,1490.388067,0.0
-50.0,50,1490.861926,0.0
-50.0,50,1491.349915,0.0
-50.0,50,1491.838068,0.0
-50.0,50,1492.314276,0.0
-50.0,50,1492.786861,0.0
-50.0,50,1493.256172,0.0
-50.0,50,1493.756055,0.0
-50.0,50,1494.230198,0.0
-50.0,50,1494.703192,0.0
-50.0,50,1495.182917,0.0
-50.0,50,1495.659246,0.0
-50.0,50,1496.142226,0.0
-50.0,50,1496.622708,0.0
-50.0,50,1497.089095,0.0
-50.0,50,1497.569956,0.0
-50.0,50,1498.038577,0.0
-50.0,50,1498.511799,0.0
0.0,50,1498.987555,1.0
-50.0,50,1499.470992,0.0
0.0,50,1499.934026,1.0
-50.0,50,1500.40437,0.0
-50.0,50,1500.870588,0.0
-50.0,50,1501.355815,0.0
0.0,50,1501.826767,1.0
-50.0,50,1502.294928,0.0
-50.0,50,1502.759049,0.0
-50.0,50,1505.469175,0.0
-50.0,50,1505.936371,0.0
-50.0,50,1506.409282,0.0
-50.0,50,1506.899692,0.0
-50.0,50,1507.381985,0.0
-50.0,50,1507.853006,0.0
-50.0,50,1508.321919,0.0
-50.0,50,1508.800557,0.0
-50.0,50,1509.290093,0.0
-50.0,50,1509.75805,0.0
-50.0,50,1510.223537,0.0
-50.0,50,1510.688653,0.0
-50.0,50,1511.167717,0.0
-50.0,50,1511.644225,0.0
-50.0,50,1512.120956,0.0
-50.0,50,1512.586355,0.0
0.0,50,1513.073964,1.0
-50.0,50,1513.542319,0.0
-50.0,50,1514.019449,0.0
-50.0,50,1514.500068,0.0
-50.0,50,1514.9975,0.0
-50.0,50,1515.478748,0.0
-50.0,50,1515.969457,0.0
0.0,50,1516.450764,1.0
-50.0,50,1516.931998,0.0
-50.0,50,1517.412841,0.0
-50.0,50,1517.891857,0.0
-50.0,50,1518.361489,0.0
0.0,50,1518.849478,1.0
-50.0,50,1519.340914,0.0
-50.0,50,1519.822792,0.0
-50.0,50,1520.288331,0.0
-50.0,50,1520.778891,0.0
-50.0,50,1521.260987,0.0
-50.0,50,1521.725873,0.0
-50.0,50,1522.219361,0.0
-50.0,50,1522.704736,0.0
-50.0,50,1523.180738,0.0
-50.0,50,1523.652785,0.0
-50.0,50,1524.114222,0.0
-50.0,50,1524.595586,0.0
-50.0,50,1525.059956,0.0
-50.0,50,1525.540916,0.0
-50.0,50,1526.019515,0.0
-50.0,50,1526.522461,0.0
-50.0,50,1527.003162,0.0
-50.0,50,1527.484428,0.0
-50.0,50,1527.955165,0.0
-50.0,50,1528.444386,0.0
-50.0,50,1528.912225,0.0
-50.0,50,1529.384996,0.0
-50.0,50,1529.851704,0.0
-50.0,50,1530.358371,0.0
-50.0,50,1530.844,0.0
-50.0,50,1531.324473,0.0
-50.0,50,1531.800045,0.0
-50.0,50,1532.287225,0.0
-50.0,50,1532.752328,0.0
-50.0,50,1533.220783,0.0
-50.0,50,1533.688145,0.0
-50.0,50,1534.17524,0.0
-50.0,50,1534.646858,0.0
-50.0,50,1535.126216,0.0
-50.0,50,1535.609295,0.0
-48.0,50,1536.096942,0.0
-50.0,50,1536.561629,0.0
-50.0,50,1537.039397,0.0
-50.0,50,1537.521114,0.0
-50.0,50,1538.02921,0.0
-50.0,50,1538.49249,0.0
-50.0,50,1538.970282,0.0
0.0,50,1539.443248,1.0
-50.0,50,1539.929833,0.0
-50.0,50,1540.392262,0.0
-50.0,50,1540.886664,0.0
-50.0,50,1541.368788,0.0
0.0,50,1541.851271,1.0
-50.0,50,1542.327139,0.0
-50.0,50,1542.794886,0.0
-50.0,50,1543.276352,0.0
-50.0,50,1543.77416,0.0
-50.0,50,1544.241637,0.0
-50.0,50,1544.710974,0.0
-50.0,50,1545.196858,0.0
-50.0,50,1545.696715,0.0
-50.0,50,1546.172883,0.0
-50.0,50,1546.665867,0.0
-50.0,50,1547.142756,0.0
-50.0,50,1547.62862,0.0
-50.0,50,1548.099514,0.0
-50.0,50,1548.572473,0.0
-50.0,50,1549.037171,0.0
-50.0,50,1549.530667,0.0
-50.0,50,1550.004363,0.0
-50.0,50,1550.481093,0.0
-50.0,50,1550.955385,0.0
-50.0,50,1551.436389,0.0
-50.0,50,1551.918177,0.0
-50.0,50,1552.383886,0.0
-50.0,50,1552.860056,0.0
-50.0,50,1553.350426,0.0
-50.0,50,1553.831456,0.0
-50.0,50,1554.305925,0.0
-50.0,50,1554.783029,0.0
-50.0,50,1555.27272,0.0
-50.0,50,1555.734738,0.0
-50.0,50,1556.202039,0.0
-50.0,50,1556.66453,0.0
-50.0,50,1557.150928,0.0
-50.0,50,1557.63019,0.0
-50.0,50,1558.099276,0.0
-50.0,50,1558.578953,0.0
-50.0,50,1559.078542,0.0
-50.0,50,1559.553418,0.0
-50.0,50,1560.032123,0.0
-50.0,50,1560.510951,0.0
-50.0,50,1560.989824,0.0
-50.0,50,1561.453246,0.0
-50.0,50,1561.929512,0.0
-50.0,50,1562.407747,0.0
-50.0,50,1562.897193,0.0
-50.0,50,1563.369491,0.0
-50.0,50,1563.843111,0.0
0.0,50,1564.32,1.0
0.0,50,1564.805637,1.0
-50.0,50,1565.289311,0.0
-50.0,50,1565.773995,0.0
-50.0,50,1566.247156,0.0
-50.0,50,1566.746806,0.0
-50.0,50,1567.230479,0.0
0.0,50,1567.712782,1.0
0.0,50,1568.191366,1.0
0.0,50,1568.688638,1.0
-50.0,50,1569.180384,0.0
-50.0,50,1569.650597,0.0
-50.0,50,1570.136979,0.0
-50.0,50,1570.640854,0.0
-50.0,50,1571.110596,0.0
-50.0,50,1571.593067,0.0
-50.0,50,1572.08013,0.0
-50.0,50,1572.578506,0.0
-50.0,50,1573.055429,0.0
-50.0,50,1573.525533,0.0
-50.0,50,1574.002187,0.0
-50.0,50,1574.503302,0.0
-50.0,50,1574.980528,0.0
-50.0,50,1575.449595,0.0
-50.0,50,1575.921112,0.0
-50.0,50,1576.433525,0.0
0.0,50,1576.906832,1.0
-50.0,50,1577.402474,0.0
-50.0,50,1577.880672,0.0
-50.0,50,1578.375661,0.0
-50.0,50,1578.863543,0.0
-50.0,50,1579.340162,0.0
-50.0,50,1579.811352,0.0
0.0,50,1580.305209,1.0
0.0,50,1580.795208,1.0
-50.0,50,1581.259188,0.0
-50.0,50,1581.727838,0.0
-50.0,50,1582.236393,0.0
-50.0,50,1582.712661,0.0
-50.0,50,1583.186037,0.0
-50.0,50,1583.652628,0.0
-50.0,50,1584.15634,0.0
-50.0,50,1584.638503,0.0
-50.0,50,1585.112204,0.0
0.0,50,1585.603452,1.0
-50.0,50,1586.099524,0.0
-50.0,50,1586.571649,0.0
-50.0,50,1587.042411,0.0
-50.0,50,1587.516803,0.0
-50.0,50,1588.014304,0.0
-50.0,50,1588.482355,0.0
-50.0,50,1588.950177,0.0
-50.0,50,1589.430694,0.0
-50.0,50,1589.913775,0.0
-50.0,50,1590.386368,0.0
-50.0,50,1590.861583,0.0
-50.0,50,1591.330933,0.0
-50.0,50,1591.833333,0.0
-50.0,50,1592.307617,0.0
-50.0,50,1592.785797,0.0
-50.0,50,1593.250221,0.0
0.0,50,1593.760174,1.0
-50.0,50,1594.249792,0.0
-50.0,50,1594.718255,0.0
-50.0,50,1595.188367,0.0
-50.0,50,1595.676432,0.0
0.0,50,1596.152874,1.0
-50.0,50,1596.657742,0.0
-50.0,50,1597.139159,0.0
-50.0,50,1597.634107,0.0
-50.0,50,1598.108533,0.0
-50.0,50,1598.575102,0.0
-50.0,50,1599.033388,0.0
-50.0,50,1599.543882,0.0
-50.0,50,1600.014247,0.0
-50.0,50,1600.477696,0.0
-50.0,50,1600.948496,0.0
-50.0,50,1603.781518,0.0
-50.0,50,1604.259851,0.0
0.0,50,1604.727306,1.0
-50.0,50,1605.196832,0.0
-50.0,50,1605.688926,0.0
-50.0,50,1606.156545,0.0
-50.0,50,1606.624673,0.0
-50.0,50,1607.092255,0.0
-50.0,50,1607.578207,0.0
-50.0,50,1608.049127,0.0
-50.0,50,1608.529228,0.0
-50.0,50,1608.99957,0.0
-50.0,50,1609.492405,0.0
-50.0,50,1609.964976,0.0
-50.0,50,1610.431453,0.0
-50.0,50,1610.899956,0.0
-50.0,50,1611.393528,0.0
-50.0,50,1611.863426,0.0
-50.0,50,1612.33742,0.0
-50.0,50,1612.803054,0.0
-50.0,50,1613.319921,0.0
0.0,50,1613.808489,1.0
-50.0,50,1614.269904,0.0
-50.0,50,1614.747558,0.0
-50.0,50,1615.246329,0.0
0.0,50,1615.711548,1.0
-50.0,50,1616.182533,0.0
-50.0,50,1616.64689,0.0
-50.0,50,1617.138221,0.0
-50.0,50,1617.608709,0.0
-50.0,50,1618.076951,0.0
-50.0,50,1618.541167,0.0
-50.0,50,1619.05331,0.0
-50.0,50,1619.526394,0.0
-50.0,50,1619.990226,0.0
-50.0,50,1620.450705,0.0
-50.0,50,1620.938494,0.0
-50.0,50,1621.402775,0.0
-50.0,50,1621.872729,0.0
-50.0,50,1622.337508,0.0
-50.0,50,1622.823754,0.0
-50.0,50,1623.302693,0.0
-50.0,50,1623.783266,0.0
-50.0,50,1624.261442,0.0
-50.0,50,1624.768257,0.0
-50.0,50,1625.24491,0.0
-50.0,50,1625.722313,0.0
0.0,50,1626.215844,1.0
-50.0,50,1626.734405,0.0
-50.0,50,1627.231238,0.0
-50.0,50,1627.712609,0.0
0.0,50,1628.20826,1.0
-50.0,50,1628.720608,0.0
-50.0,50,1629.204506,0.0
-50.0,50,1629.682312,0.0
-50.0,50,1630.159266,0.0
-50.0,50,1630.656117,0.0
-50.0,50,1631.129215,0.0
-50.0,50,1631.601327,0.0
-50.0,50,1632.075653,0.0
-50.0,50,1632.58327,0.0
-50.0,50,1633.061617,0.0
-50.0,50,1633.528844,0.0
-50.0,50,1633.988626,0.0
-50.0,50,1634.463455,0.0
-50.0,50,1634.916562,0.0
-50.0,50,1635.372296,0.0
-50.0,50,1635.836591,0.0
-44.0,50,1636.31967,0.0
0.0,50,1636.795797,1.0
0.0,50,1637.274667,1.0
-50.0,50,1637.74077,0.0
-50.0,50,1638.224491,0.0
-50.0,50,1638.693704,0.0
-50.0,50,1639.16219,0.0
0.0,50,1639.627663,1.0
-50.0,50,1640.12047,0.0
-50.0,50,1640.587994,0.0
-50.0,50,1641.055223,0.0
-50.0,50,1641.528842,0.0
-50.0,50,1642.010033,0.0
-50.0,50,1642.478849,0.0
-50.0,50,1642.950579,0.0
-50.0,50,1643.430796,0.0
-50.0,50,1643.924474,0.0
-50.0,50,1644.413273,0.0
-50.0,50,1644.892239,0.0
-50.0,50,1645.369606,0.0
-50.0,50,1645.872923,0.0
-50.0,50,1646.374442,0.0
-50.0,50,1646.852719,0.0
-50.0,50,1647.326404,0.0
-50.0,50,1647.834843,0.0
0.0,50,1648.323536,1.0
-50.0,50,1648.783654,0.0
-50.0,50,1649.257679,0.0
-50.0,50,1649.738687,0.0
-50.0,50,1650.197508,0.0
0.0,50,1650.66171,1.0
-50.0,50,1651.129108,0.0
-50.0,50,1651.617568,0.0
-50.0,50,1652.083417,0.0
-50.0,50,1652.550288,0.0
-50.0,50,1653.018459,0.0
-50.0,50,1653.533676,0.0
-50.0,50,1653.998452,0.0
-50.0,50,1654.464621,0.0
-50.0,50,1654.92944,0.0
-50.0,50,1655.41401,0.0
-50.0,50,1655.882372,0.0
-50.0,50,1656.35149,0.0
-50.0,50,1656.833955,0.0
-50.0,50,1657.320684,0.0
-50.0,50,1657.784935,0.0
-50.0,50,1658.250427,0.0
-50.0,50,1658.720445,0.0
-50.0,50,1659.224373,0.0
-50.0,50,1659.687428,0.0
-50.0,50,1660.150781,0.0
-50.0,50,1660.621003,0.0
-50.0,50,1661.108901,0.0
-50.0,50,1661.572794,0.0
-50.0,50,1662.035811,0.0
-50.0,50,1662.50657,0.0
-50.0,50,1662.993223,0.0
-50.0,50,1663.468783,0.0
-50.0,50,1663.935896,0.0
-50.0,50,1664.418945,0.0
-50.0,50,1664.897389,0.0
-50.0,50,1665.362704,0.0
-50.0,50,1665.828519,0.0
-50.0,50,1666.310583,0.0
-50.0,50,1666.791888,0.0
-50.0,50,1667.265513,0.0
-50.0,50,1667.730203,0.0
-50.0,50,1668.204389,0.0
-50.0,50,1668.686367,0.0
-50.0,50,1669.150957,0.0
-50.0,50,1669.613547,0.0
-50.0,50,1670.074347,0.0
-50.0,50,1670.548767,0.0
-50.0,50,1671.012172,0.0
-50.0,50,1671.480963,0.0
-50.0,50,1671.936383,0.0
-50.0,50,1672.411605,0.0
-50.0,50,1672.872742,0.0
-50.0,50,1673.346575,0.0
-50.0,50,1673.824985,0.0
-50.0,50,1674.314561,0.0
-50.0,50,1674.795143,0.0
-50.0,50,1675.266909,0.0
0.0,50,1675.734918,1.0
-50.0,50,1676.225563,0.0
-50.0,50,1676.693901,0.0
-50.0,50,1677.163544,0.0
0.0,50,1677.65674,1.0
-50.0,50,1678.149379,0.0
-50.0,50,1678.619495,0.0
-50.0,50,1679.093911,0.0
-50.0,50,1679.562451,0.0
-50.0,50,1680.053572,0.0
-50.0,50,1680.521908,0.0
-50.0,50,1680.986937,0.0
-50.0,50,1681.464723,0.0
-50.0,50,1681.946896,0.0
-50.0,50,1682.444768,0.0
-50.0,50,1682.917367,0.0
-50.0,50,1683.391494,0.0
-50.0,50,1683.907723,0.0
-50.0,50,1684.386847,0.0
-50.0,50,1684.867637,0.0
-50.0,50,1685.34656,0.0
-50.0,50,1685.832977,0.0
-50.0,50,1686.300645,0.0
-50.0,50,1686.774654,0.0
-50.0,50,1687.25605,0.0
-50.0,50,1687.753027,0.0
-50.0,50,1688.228837,0.0
-50.0,50,1688.690586,0.0
-50.0,50,1689.144578,0.0
-50.0,50,1689.626277,0.0
0.0,50,1690.104265,1.0
-50.0,50,1690.574563,0.0
-50.0,50,1691.043418,0.0
-50.0,50,1691.540526,0.0
-50.0,50,1692.026408,0.0
-50.0,50,1692.503452,0.0
-50.0,50,1692.975095,0.0
-50.0,50,1693.464075,0.0
0.0,50,1693.940703,1.0
-50.0,50,1694.422622,0.0
-50.0,50,1694.893725,0.0
0.0,50,1695.408092,1.0
-50.0,50,1695.883557,0.0
-50.0,50,1696.358846,0.0
-50.0,50,1696.836432,0.0
-50.0,50,1697.322645,0.0
-50.0,50,1697.790519,0.0
-50.0,50,1698.261832,0.0
-50.0,50,1698.715673,0.0
0.0,50,1701.364213,1.0
-50.0,50,1701.829939,0.0
-50.0,50,1702.302876,0.0
-50.0,50,1702.771459,0.0
-50.0,50,1703.256428,0.0
-50.0,50,1703.714552,0.0
-50.0,50,1704.17267,0.0
-50.0,50,1704.646075,0.0
-50.0,50,1705.117687,0.0
-50.0,50,1705.580761,0.0
-50.0,50,1706.050151,0.0
-50.0,50,1706.520577,0.0
-50.0,50,1706.995054,0.0
-50.0,50,1707.470516,0.0
-50.0,50,1707.937542,0.0
-50.0,50,1708.39948,0.0
-50.0,50,1708.870957,0.0
-50.0,50,1709.325711,0.0
-50.0,50,1709.788825,0.0
-50.0,50,1710.2545,0.0
-50.0,50,1710.736803,0.0
-50.0,50,1711.205932,0.0
-50.0,50,1711.6702,0.0
-50.0,50,1712.138494,0.0
-50.0,50,1712.612545,0.0
-50.0,50,1713.074092,0.0
0.0,50,1713.546448,1.0
-50.0,50,1714.01064,0.0
-50.0,50,1714.511279,0.0
-50.0,50,1714.969661,0.0
-50.0,50,1715.433546,0.0
-50.0,50,1715.905015,0.0
-50.0,50,1716.390854,0.0
-50.0,50,1716.861856,0.0
-50.0,50,1717.325413,0.0
0.0,50,1717.785614,1.0
-50.0,50,1718.280203,0.0
-50.0,50,1718.737942,0.0
-50.0,50,1719.194719,0.0
-50.0,50,1719.663601,0.0
-50.0,50,1720.150011,0.0
-50.0,50,1720.614621,0.0
0.0,50,1721.0991,1.0
0.0,50,1721.568833,1.0
-50.0,50,1722.048468,0.0
-50.0,50,1722.513728,0.0
-50.0,50,1722.986775,0.0
0.0,50,1723.441813,1.0
0.0,50,1723.911702,1.0
-50.0,50,1724.369588,0.0
-50.0,50,1724.823475,0.0
-50.0,50,1725.279269,0.0
-50.0,50,1725.759879,0.0
-50.0,50,1726.215851,0.0
-50.0,50,1726.675521,0.0
-50.0,50,1727.148547,0.0
-50.0,50,1727.634048,0.0
-50.0,50,1728.097733,0.0
-50.0,50,1728.565268,0.0
-50.0,50,1729.032191,0.0
-50.0,50,1729.52235,0.0
-50.0,50,1729.987797,0.0
-50.0,50,1730.460064,0.0
-50.0,50,1730.929691,0.0
-50.0,50,1731.419106,0.0
0.0,50,1731.882276,1.0
-50.0,50,1732.354649,0.0
-50.0,50,1732.828092,0.0
-50.0,50,1733.322866,0.0
-50.0,50,1733.794378,0.0
-50.0,50,1734.266043,0.0
-50.0,50,1734.736772,0.0
-50.0,50,1735.225892,0.0
-50.0,50,1735.70097,0.0
-50.0,50,1736.178176,0.0
-50.0,50,1736.668109,0.0
-50.0,50,1737.174614,0.0
-50.0,50,1737.667789,0.0
-50.0,50,1738.151769,0.0
-50.0,50,1738.640893,0.0
-50.0,50,1739.137483,0.0
-50.0,50,1739.620237,0.0
-50.0,50,1740.121889,0.0
-50.0,50,1740.606592,0.0
-50.0,50,1741.108808,0.0
-50.0,50,1741.594571,0.0
-50.0,50,1742.065207,0.0
-50.0,50,1742.541988,0.0
-50.0,50,1743.029986,0.0
-50.0,50,1743.520983,0.0
-50.0,50,1744.002396,0.0
-50.0,50,1744.475815,0.0
-50.0,50,1744.964003,0.0
0.0,50,1745.442401,1.0
-50.0,50,1745.917542,0.0
-50.0,50,1746.401902,0.0
-50.0,50,1746.902969,0.0
-50.0,50,1747.406204,0.0
-50.0,50,1747.891764,0.0
-50.0,50,1748.367084,0.0
-50.0,50,1748.87001,0.0
-50.0,50,1749.360627,0.0
-50.0,50,1749.856418,0.0
-50.0,50,1750.330929,0.0
-50.0,50,1750.842017,0.0
-50.0,50,1751.331196,0.0
-50.0,50,1751.81304,0.0
-50.0,50,1752.302679,0.0
-50.0,50,1752.794775,0.0
-50.0,50,1753.278216,0.0
-50.0,50,1753.760245,0.0
-50.0,50,1754.251482,0.0
-50.0,50,1754.737718,0.0
-50.0,50,1755.215188,0.0
-50.0,50,1755.690542,0.0
-50.0,50,1756.165581,0.0
-50.0,50,1756.669255,0.0
-50.0,50,1757.148447,0.0
-50.0,50,1757.63881,0.0
-50.0,50,1758.12792,0.0
-50.0,50,1758.632011,0.0
-50.0,50,1759.11304,0.0
-50.0,50,1759.599246,0.0
-50.0,50,1760.086968,0.0
-50.0,50,1760.584831,0.0
-50.0,50,1761.06653,0.0
-50.0,50,1761.55219,0.0
-50.0,50,1762.023932,0.0
-50.0,50,1762.52435,0.0
-50.0,50,1763.014914,0.0
0.0,50,1763.507596,1.0
-50.0,50,1763.980257,0.0
-50.0,50,1764.479052,0.0
-50.0,50,1764.956229,0.0
-50.0,50,1765.443554,0.0
-50.0,50,1765.932278,0.0
0.0,50,1766.429188,1.0
-50.0,50,1766.9232,0.0
-50.0,50,1767.414259,0.0
-50.0,50,1767.890741,0.0
-50.0,50,1768.391147,0.0
-50.0,50,1768.886411,0.0
0.0,50,1769.36185,1.0
-50.0,50,1769.853137,0.0
-50.0,50,1770.366119,0.0
-50.0,50,1770.837943,0.0
-50.0,50,1771.317723,0.0
-50.0,50,1771.799798,0.0
-50.0,50,1772.303946,0.0
-50.0,50,1772.782198,0.0
0.0,50,1773.283144,1.0
-50.0,50,1773.770956,0.0
-50.0,50,1774.276098,0.0
-50.0,50,1774.766026,0.0
-50.0,50,1775.258111,0.0
-50.0,50,1775.743949,0.0
-50.0,50,1776.249192,0.0
-50.0,50,1776.742785,0.0
-50.0,50,1777.22622,0.0
-50.0,50,1777.725099,0.0
-50.0,50,1778.234046,0.0
-50.0,50,1778.727126,0.0
-50.0,50,1779.214181,0.0
-50.0,50,1779.685092,0.0
-50.0,50,1780.181245,0.0
-50.0,50,1780.671808,0.0
0.0,50,1781.143437,1.0
0.0,50,1781.627409,1.0
-50.0,50,1782.124958,0.0
-47.0,50,1782.599115,0.0
-50.0,50,1783.067759,0.0
-50.0,50,1783.555181,0.0
-50.0,50,1784.066082,0.0
-50.0,50,1784.556453,0.0
-50.0,50,1785.028946,0.0
-50.0,50,1785.505437,0.0
0.0,50,1785.991596,1.0
-50.0,50,1786.461068,0.0
-50.0,50,1786.929535,0.0
-50.0,50,1787.404152,0.0
-50.0,50,1787.894018,0.0
-50.0,50,1788.363926,0.0
-50.0,50,1788.84233,0.0
0.0,50,1789.306265,1.0
-50.0,50,1789.787183,0.0
-50.0,50,1790.263453,0.0
-50.0,50,1790.739001,0.0
-50.0,50,1791.217321,0.0
-50.0,50,1791.71756,0.0
-50.0,50,1792.191138,0.0
-50.0,50,1792.664211,0.0
-50.0,50,1793.13604,0.0
-50.0,50,1793.618246,0.0
-50.0,50,1794.093554,0.0
-50.0,50,1794.566763,0.0
-50.0,50,1795.044979,0.0
-50.0,50,1795.528736,0.0
-50.0,50,1796.00672,0.0
-50.0,50,1796.479262,0.0
-50.0,50,1796.954241,0.0
-50.0,50,1799.744469,0.0
-50.0,50,1800.23822,0.0
-50.0,50,1800.718853,0.0
-50.0,50,1801.193695,0.0
-50.0,50,1801.719775,0.0
-50.0,50,1802.194215,0.0
-50.0,50,1802.667076,0.0
-50.0,50,1803.141033,0.0
-50.0,50,1803.631357,0.0
-50.0,50,1804.114149,0.0
-50.0,50,1804.600559,0.0
-50.0,50,1805.074481,0.0
-50.0,50,1805.566872,0.0
-50.0,50,1806.043702,0.0
-50.0,50,1806.518622,0.0
-50.0,50,1806.999186,0.0
-50.0,50,1807.510188,0.0
-50.0,50,1808.00754,0.0
-50.0,50,1808.493267,0.0
-50.0,50,1808.982813,0.0
-50.0,50,1809.489331,0.0
-50.0,50,1809.976553,0.0
-50.0,50,1810.461036,0.0
-50.0,50,1810.948547,0.0
-50.0,50,1811.446074,0.0
-50.0,50,1811.935243,0.0
-50.0,50,1812.428231,0.0
-50.0,50,1812.918827,0.0
-50.0,50,1813.423295,0.0
-30.0,50,1813.903754,1.0
-50.0,50,1814.395018,0.0
-50.0,50,1814.879754,0.0
-50.0,50,1815.380778,0.0
-50.0,50,1815.858115,0.0
-50.0,50,1816.329259,0.0
-50.0,50,1816.80393,0.0
-50.0,50,1817.285038,0.0
-50.0,50,1817.760469,0.0
0.0,50,1818.22493,1.0
-50.0,50,1818.700818,0.0
-50.0,50,1819.190015,0.0
-50.0,50,1819.655496,0.0
-50.0,50,1820.128991,0.0
-50.0,50,1820.600055,0.0
-50.0,50,1821.081474,0.0
-50.0,50,1821.55388,0.0
-50.0,50,1822.027175,0.0
-50.0,50,1822.502316,0.0
-50.0,50,1822.994601,0.0
0.0,50,1823.468431,1.0
0.0,50,1823.949459,1.0
-50.0,50,1824.420027,0.0
-50.0,50,1824.904671,0.0
-50.0,50,1825.379669,0.0
-50.0,50,1825.848387,0.0
-50.0,50,1826.311352,0.0
-50.0,50,1826.795233,0.0
-50.0,50,1827.258683,0.0
-50.0,50,1827.734176,0.0
-50.0,50,1828.208108,0.0
0.0,50,1828.704713,1.0
-50.0,50,1829.180089,0.0
-50.0,50,1829.658304,0.0
-50.0,50,1830.127672,0.0
-50.0,50,1830.614697,0.0
-50.0,50,1831.092929,0.0
-50.0,50,1831.565354,0.0
-50.0,50,1832.038008,0.0
-50.0,50,1832.517136,0.0
-50.0,50,1832.989655,0.0
-50.0,50,1833.456295,0.0
-50.0,50,1833.92341,0.0
-50.0,50,1834.40599,0.0
-50.0,50,1834.874684,0.0
0.0,50,1835.357238,1.0
-50.0,50,1835.83276,0.0
-50.0,50,1836.314129,0.0
-50.0,50,1836.798609,0.0
-50.0,50,1837.275666,0.0
-50.0,50,1837.760187,0.0
-50.0,50,1838.28265,0.0
-50.0,50,1838.768166,0.0
-50.0,50,1839.25819,0.0
-50.0,50,1839.746631,0.0
-50.0,50,1840.250147,0.0
-50.0,50,1840.737797,0.0
-50.0,50,1841.230193,0.0
-50.0,50,1841.714337,0.0
-50.0,50,1842.207798,0.0
-50.0,50,1842.687014,0.0
-50.0,50,1843.177502,0.0
-50.0,50,1843.664377,0.0
-50.0,50,1844.165523,0.0
-50.0,50,1844.645985,0.0
-50.0,50,1845.131893,0.0
-50.0,50,1845.604398,0.0
-50.0,50,1846.109884,0.0
-50.0,50,1846.590102,0.0
-50.0,50,1847.075504,0.0
-50.0,50,1847.552751,0.0
-50.0,50,1848.048721,0.0
-50.0,50,1848.531386,0.0
-50.0,50,1849.015355,0.0
-50.0,50,1849.499434,0.0
-50.0,50,1850.005999,0.0
-50.0,50,1850.480137,0.0
-50.0,50,1850.949588,0.0
-50.0,50,1851.426053,0.0
-50.0,50,1851.913486,0.0
-50.0,50,1852.393312,0.0
-50.0,50,1852.865107,0.0
-50.0,50,1853.356834,0.0
-50.0,50,1853.858374,0.0
-50.0,50,1854.341248,0.0
-50.0,50,1854.81567,0.0
-50.0,50,1855.28727,0.0
-50.0,50,1855.782716,0.0
-50.0,50,1856.27827,0.0
-50.0,50,1856.764082,0.0
-50.0,50,1857.248382,0.0
-50.0,50,1857.746482,0.0
-50.0,50,1858.221602,0.0
-50.0,50,1858.707396,0.0
-50.0,50,1859.197319,0.0
-50.0,50,1859.701221,0.0
-50.0,50,1860.179321,0.0
-50.0,50,1860.650586,0.0
-50.0,50,1861.1221,0.0
-50.0,50,1861.639436,0.0
-50.0,50,1862.124251,0.0
-50.0,50,1862.608397,0.0
-50.0,50,1863.095156,0.0
-50.0,50,1863.600419,0.0
-50.0,50,1864.084232,0.0
-50.0,50,1864.572175,0.0
0.0,50,1865.06827,1.0
-50.0,50,1865.560898,0.0
-50.0,50,1866.030161,0.0
0.0,50,1866.51489,1.0
0.0,50,1867.007676,1.0
-50.0,50,1867.494638,0.0
-50.0,50,1867.978252,0.0
-50.0,50,1868.458529,0.0
-50.0,50,1868.956627,0.0
-50.0,50,1869.448636,0.0
-50.0,50,1869.925483,0.0
-50.0,50,1870.407325,0.0
-50.0,50,1870.888439,0.0
-50.0,50,1871.386393,0.0
-50.0,50,1871.88114,0.0
0.0,50,1872.362777,1.0
-50.0,50,1872.842704,0.0
-50.0,50,1873.391612,0.0
-50.0,50,1873.88426,0.0
-50.0,50,1874.36428,0.0
-50.0,50,1874.838255,0.0
-50.0,50,1875.346016,0.0
-50.0,50,1875.826126,0.0
-50.0,50,1876.30372,0.0
-50.0,50,1876.784676,0.0
-50.0,50,1877.280254,0.0
-50.0,50,1877.767339,0.0
-50.0,50,1878.253946,0.0
-50.0,50,1878.726866,0.0
-50.0,50,1879.21622,0.0
-50.0,50,1879.702325,0.0
-50.0,50,1880.193154,0.0
-50.0,50,1880.677142,0.0
-50.0,50,1881.172972,0.0
-50.0,50,1881.653042,0.0
-50.0,50,1882.127303,0.0
-50.0,50,1882.604704,0.0
-50.0,50,1883.099935,0.0
-50.0,50,1883.573224,0.0
0.0,50,1884.060956,1.0
-50.0,50,1884.536689,0.0
-50.0,50,1885.023848,0.0
-50.0,50,1885.508301,0.0
-50.0,50,1886.013852,0.0
-50.0,50,1886.492057,0.0
-50.0,50,1886.977314,0.0
-50.0,50,1887.453134,0.0
-50.0,50,1887.93285,0.0
-50.0,50,1888.414324,0.0
-50.0,50,1888.90324,0.0
-50.0,50,1889.383136,0.0
-50.0,50,1889.860806,0.0
-50.0,50,1890.336987,0.0
-50.0,50,1890.8282,0.0
-50.0,50,1891.319216,0.0
-50.0,50,1891.806348,0.0
-50.0,50,1892.284611,0.0
-50.0,50,1892.776292,0.0
-50.0,50,1893.253031,0.0
-50.0,50,1893.733236,0.0
-50.0,50,1894.214578,0.0
-50.0,50,1894.714226,0.0
-50.0,50,1895.187719,0.0
-50.0,50,1895.665378,0.0
-50.0,50,1896.141715,0.0
-50.0,50,1898.956568,0.0
-50.0,50,1899.422496,0.0
-50.0,50,1899.894452,0.0
-50.0,50,1900.365711,0.0
-50.0,50,1900.853893,0.0
-50.0,50,1901.317679,0.0
-50.0,50,1901.795776,0.0
-50.0,50,1902.271183,0.0
0.0,50,1902.772006,1.0
-50.0,50,1903.238733,0.0
-50.0,50,1903.710767,0.0
-50.0,50,1904.181777,0.0
-50.0,50,1904.657413,0.0
-50.0,50,1905.131666,0.0
-50.0,50,1905.599926,0.0
-50.0,50,1906.073369,0.0
-50.0,50,1906.559159,0.0
-50.0,50,1907.039174,0.0
-50.0,50,1907.517136,0.0
0.0,50,1908.005209,1.0
-50.0,50,1908.48534,0.0
-50.0,50,1908.95668,0.0
-50.0,50,1909.420752,0.0
-50.0,50,1909.89212,0.0
-50.0,50,1910.368539,0.0
-50.0,50,1910.841678,0.0
-50.0,50,1911.313886,0.0
-50.0,50,1911.782339,0.0
-50.0,50,1912.268551,0.0
-50.0,50,1912.738137,0.0
-50.0,50,1913.214795,0.0
-50.0,50,1913.691265,0.0
-50.0,50,1914.180061,0.0
-50.0,50,1914.651145,0.0
-50.0,50,1915.119364,0.0
-50.0,50,1915.591536,0.0
-50.0,50,1916.088713,0.0
-50.0,50,1916.568472,0.0
0.0,50,1917.051735,1.0
-50.0,50,1917.531993,0.0
-50.0,50,1918.023782,0.0
-50.0,50,1918.497683,0.0
-50.0,50,1918.980557,0.0
-50.0,50,1919.459772,0.0
-50.0,50,1919.9516,0.0
-50.0,50,1920.434385,0.0
-50.0,50,1920.918289,0.0
-50.0,50,1921.406817,0.0
-50.0,50,1921.903469,0.0
-50.0,50,1922.379697,0.0
-50.0,50,1922.854988,0.0
-50.0,50,1923.342617,0.0
0.0,50,1923.85039,1.0
-50.0,50,1924.329619,0.0
-50.0,50,1924.81413,0.0
-50.0,50,1925.291472,0.0
-50.0,50,1925.779587,0.0
-50.0,50,1926.257745,0.0
-50.0,50,1926.736865,0.0
-50.0,50,1927.220378,0.0
-50.0,50,1927.722787,0.0
-50.0,50,1928.216521,0.0
-50.0,50,1928.699591,0.0
-50.0,50,1929.179307,0.0
-50.0,50,1929.677557,0.0
-50.0,50,1930.1638,0.0
-50.0,50,1930.654894,0.0
-50.0,50,1931.135402,0.0
0.0,50,1931.638882,1.0
-50.0,50,1932.124555,0.0
-50.0,50,1932.609445,0.0
-50.0,50,1933.088802,0.0
-50.0,50,1933.584572,0.0
-50.0,50,1934.068872,0.0
-50.0,50,1934.541472,0.0
-50.0,50,1935.045183,0.0
-50.0,50,1935.543381,0.0
-50.0,50,1936.019158,0.0
-50.0,50,1936.5012,0.0
-50.0,50,1936.975063,0.0
-50.0,50,1937.458563,0.0
-50.0,50,1937.934783,0.0
-50.0,50,1938.409397,0.0
-50.0,50,1938.889442,0.0
-50.0,50,1939.381391,0.0
-50.0,50,1939.856676,0.0
-50.0,50,1940.326951,0.0
0.0,50,1940.80211,1.0
0.0,50,1941.294662,1.0
-50.0,50,1941.772101,0.0
-50.0,50,1942.261689,0.0
-50.0,50,1942.735634,0.0
-50.0,50,1943.234154,0.0
-50.0,50,1943.703212,0.0
-50.0,50,1944.177194,0.0
-50.0,50,1944.658995,0.0
-50.0,50,1945.147469,0.0
-50.0,50,1945.617083,0.0
-50.0,50,1946.086674,0.0
-50.0,50,1946.566041,0.0
-50.0,50,1947.04803,0.0
-50.0,50,1947.528257,0.0
-50.0,50,1947.991217,0.0
-50.0,50,1948.463686,0.0
-50.0,50,1948.951801,0.0
-50.0,50,1949.426862,0.0
-50.0,50,1949.898596,0.0
-50.0,50,1950.361635,0.0
-50.0,50,1950.859704,0.0
-50.0,50,1951.335759,0.0
-50.0,50,1951.845961,0.0
0.0,50,1952.318888,1.0
-50.0,50,1952.809667,0.0
-50.0,50,1953.284044,0.0
-50.0,50,1953.759315,0.0
-50.0,50,1954.243897,0.0
0.0,50,1954.749582,1.0
-50.0,50,1955.233173,0.0
-50.0,50,1955.714002,0.0
-50.0,50,1956.191851,0.0
-50.0,50,1956.698706,0.0
0.0,50,1957.171761,1.0
-50.0,50,1957.6529,0.0
-50.0,50,1958.140745,0.0
-50.0,50,1958.627122,0.0
-50.0,50,1959.102138,0.0
-50.0,50,1959.59128,0.0
-50.0,50,1960.077522,0.0
-50.0,50,1960.585524,0.0
-50.0,50,1961.094047,0.0
0.0,50,1961.588247,1.0
-50.0,50,1962.074589,0.0
-50.0,50,1962.57315,0.0
-50.0,50,1963.058883,0.0
-50.0,50,1963.535247,0.0
-50.0,50,1964.008069,0.0
-50.0,50,1964.4937,0.0
-50.0,50,1964.96225,0.0
0.0,50,1965.439435,1.0
-50.0,50,1965.915269,0.0
-50.0,50,1966.408331,0.0
-50.0,50,1966.882836,0.0
-50.0,50,1967.355313,0.0
-50.0,50,1967.823319,0.0
-50.0,50,1968.31252,0.0
-50.0,50,1968.782812,0.0
-50.0,50,1969.2503,0.0
-50.0,50,1969.722547,0.0
-50.0,50,1970.211486,0.0
-50.0,50,1970.680965,0.0
-50.0,50,1971.156097,0.0
-50.0,50,1971.632802,0.0
0.0,50,1972.123343,1.0
-50.0,50,1972.59842,0.0
-50.0,50,1973.076769,0.0
-50.0,50,1973.552422,0.0
-50.0,50,1974.042756,0.0
-50.0,50,1974.51766,0.0
-50.0,50,1974.992694,0.0
-50.0,50,1975.465623,0.0
-50.0,50,1975.954943,0.0
-50.0,50,1976.431904,0.0
-50.0,50,1976.910883,0.0
-50.0,50,1977.388029,0.0
-50.0,50,1977.891523,0.0
-50.0,50,1978.358367,0.0
0.0,50,1978.823245,1.0
-50.0,50,1979.301924,0.0
-50.0,50,1979.790667,0.0
-50.0,50,1980.272808,0.0
-50.0,50,1980.747928,0.0
-50.0,50,1981.219294,0.0
-50.0,50,1981.711798,0.0
0.0,50,1982.195646,1.0
-50.0,50,1982.672105,0.0
-50.0,50,1983.152236,0.0
-50.0,50,1983.637677,0.0
-50.0,50,1984.105667,0.0
-50.0,50,1984.578034,0.0
-50.0,50,1985.049903,0.0
-50.0,50,1985.53659,0.0
-50.0,50,1986.012635,0.0
-50.0,50,1986.484873,0.0
-50.0,50,1986.947614,0.0
-50.0,50,1987.434427,0.0
-50.0,50,1987.932289,0.0
0.0,50,1988.406856,1.0
-50.0,50,1988.893358,0.0
-50.0,50,1989.385021,0.0
-50.0,50,1989.869424,0.0
-50.0,50,1990.352079,0.0
-50.0,50,1990.835956,0.0
-50.0,50,1991.329711,0.0
-50.0,50,1991.806983,0.0
-50.0,50,1992.289257,0.0
-50.0,50,1992.786004,0.0
-50.0,50,1993.27154,0.0
-50.0,50,1993.760125,0.0
-50.0,50,1994.244056,0.0
-50.0,50,1994.728856,0.0
-50.0,50,1997.537907,0.0
-50.0,50,1998.017709,0.0
-50.0,50,1998.503045,0.0
-50.0,50,1998.983817,0.0
-50.0,50,1999.470699,0.0
-50.0,50,1999.93493,0.0
-50.0,50,2000.408636,0.0
-50.0,50,2000.871922,0.0
-50.0,50,2001.361521,0.0
-50.0,50,2001.839155,0.0
-50.0,50,2002.311691,0.0
-50.0,50,2002.778808,0.0
-50.0,50,2003.265712,0.0
-50.0,50,2003.739242,0.0
-50.0,50,2004.214361,0.0
-50.0,50,2004.684632,0.0
-50.0,50,2005.175213,0.0
-50.0,50,2005.643342,0.0
-50.0,50,2006.119261,0.0
-50.0,50,2006.601158,0.0
-50.0,50,2007.076922,0.0
-50.0,50,2007.545726,0.0
-50.0,50,2008.015103,0.0
-50.0,50,2008.494015,0.0
-50.0,50,2008.974992,0.0
-50.0,50,2009.447398,0.0
-50.0,50,2009.919843,0.0
-50.0,50,2010.388229,0.0
-50.0,50,2010.872013,0.0
-50.0,50,2011.34278,0.0
-50.0,50,2011.814962,0.0
-50.0,50,2012.282859,0.0
-50.0,50,2012.7652,0.0
-50.0,50,2013.228943,0.0
0.0,50,2013.70279,1.0
-50.0,50,2014.168634,0.0
0.0,50,2014.653716,1.0
-50.0,50,2015.120759,0.0
-50.0,50,2015.588071,0.0
-50.0,50,2016.062334,0.0
-50.0,50,2016.538171,0.0
-50.0,50,2017.010103,0.0
-50.0,50,2017.484282,0.0
-50.0,50,2017.959637,0.0
-50.0,50,2018.44898,0.0
-50.0,50,2018.920733,0.0
-50.0,50,2019.389389,0.0
-50.0,50,2019.859984,0.0
0.0,50,2020.338387,1.0
-50.0,50,2020.803028,0.0
-50.0,50,2021.276618,0.0
-50.0,50,2021.763471,0.0
-50.0,50,2022.249366,0.0
-50.0,50,2022.721029,0.0
-50.0,50,2023.195936,0.0
-50.0,50,2023.673192,0.0
-50.0,50,2024.152816,0.0
-50.0,50,2024.618197,0.0
-50.0,50,2025.095241,0.0
0.0,50,2025.55744,1.0
-50.0,50,2026.044417,0.0
-50.0,50,2026.5164,0.0
-50.0,50,2026.979198,0.0
-50.0,50,2027.443383,0.0
-50.0,50,2027.932825,0.0
-50.0,50,2028.402886,0.0
-50.0,50,2028.867955,0.0
-50.0,50,2029.337924,0.0
0.0,50,2029.827672,1.0
-50.0,50,2030.304293,0.0
0.0,50,2030.773008,1.0
-50.0,50,2031.238768,0.0
-50.0,50,2031.726026,0.0
-50.0,50,2032.202722,0.0
-50.0,50,2032.668407,0.0
-50.0,50,2033.133092,0.0
-50.0,50,2033.616961,0.0
0.0,50,2034.103935,1.0
-50.0,50,2034.574717,0.0
-50.0,50,2035.043125,0.0
-50.0,50,2035.52729,0.0
-50.0,50,2035.992228,0.0
-50.0,50,2036.463103,0.0
-50.0,50,2036.941158,0.0
-50.0,50,2037.432512,0.0
-50.0,50,2037.904214,0.0
-50.0,50,2038.381161,0.0
-50.0,50,2038.865804,0.0
-50.0,50,2039.350275,0.0
-50.0,50,2039.821023,0.0
-50.0,50,2040.313493,0.0
-50.0,50,2040.792995,0.0
-50.0,50,2041.301923,0.0
-50.0,50,2041.770117,0.0
-50.0,50,2042.237896,0.0
-50.0,50,2042.727242,0.0
-50.0,50,2043.231127,0.0
0.0,50,2043.711804,1.0
-50.0,50,2044.179916,0.0
0.0,50,2044.638837,1.0
-50.0,50,2045.131404,0.0
-50.0,50,2045.603957,0.0
-50.0,50,2046.088655,0.0
-50.0,50,2046.557497,0.0
-50.0,50,2047.037335,0.0
-50.0,50,2047.507512,0.0
-50.0,50,2047.986594,0.0
-50.0,50,2048.454064,0.0
-50.0,50,2048.934377,0.0
-50.0,50,2049.406431,0.0
-50.0,50,2049.88047,0.0
-50.0,50,2050.340126,0.0
-50.0,50,2050.826835,0.0
-50.0,50,2051.295735,0.0
-50.0,50,2051.764023,0.0
-50.0,50,2052.232579,0.0
-50.0,50,2052.734639,0.0
-50.0,50,2053.210433,0.0
-50.0,50,2053.697366,0.0
-50.0,50,2054.172117,0.0
-50.0,50,2054.662035,0.0
-50.0,50,2055.141884,0.0
-50.0,50,2055.604313,0.0
-50.0,50,2056.065442,0.0
-50.0,50,2056.547017,0.0
-50.0,50,2057.020639,0.0
-50.0,50,2057.485373,0.0
-50.0,50,2057.959515,0.0
-50.0,50,2058.450105,0.0
-50.0,50,2058.928277,0.0
-50.0,50,2059.409171,0.0
-50.0,50,2059.880021,0.0
0.0,50,2060.364707,1.0
-50.0,50,2060.83977,0.0
-50.0,50,2061.314335,0.0
-50.0,50,2061.780854,0.0
-50.0,50,2062.267485,0.0
-50.0,50,2062.736074,0.0
-50.0,50,2063.206443,0.0
-50.0,50,2063.68499,0.0
-50.0,50,2064.177762,0.0
-50.0,50,2064.647486,0.0
-50.0,50,2065.118686,0.0
-50.0,50,2065.581388,0.0
0.0,50,2066.064861,1.0
-50.0,50,2066.536809,0.0
-50.0,50,2067.005057,0.0
0.0,50,2067.483475,1.0
-50.0,50,2067.971185,0.0
-50.0,50,2068.438286,0.0
-50.0,50,2068.904973,0.0
0.0,50,2069.36953,1.0
-50.0,50,2069.853173,0.0
-50.0,50,2070.324569,0.0
-50.0,50,2070.799857,0.0
-50.0,50,2071.268746,0.0
-50.0,50,2071.75568,0.0
-50.0,50,2072.217916,0.0
-50.0,50,2072.689333,0.0
-50.0,50,2073.168098,0.0
-50.0,50,2073.648149,0.0
-50.0,50,2074.12027,0.0
0.0,50,2074.594113,1.0
0.0,50,2075.061098,1.0
-50.0,50,2075.55462,0.0
-50.0,50,2076.027863,0.0
-50.0,50,2076.494987,0.0
-50.0,50,2076.967355,0.0
-50.0,50,2077.464434,0.0
-50.0,50,2077.953542,0.0
-50.0,50,2078.427099,0.0
-50.0,50,2078.897364,0.0
-50.0,50,2079.393263,0.0
-50.0,50,2079.866194,0.0
-50.0,50,2080.346011,0.0
0.0,50,2080.828218,1.0
-50.0,50,2081.331121,0.0
-50.0,50,2081.806252,0.0
-50.0,50,2082.283901,0.0
0.0,50,2082.756324,1.0
0.0,50,2083.248038,1.0
-50.0,50,2083.734323,0.0
-50.0,50,2084.220615,0.0
-50.0,50,2084.701241,0.0
-50.0,50,2085.193561,0.0
-50.0,50,2085.676211,0.0
-50.0,50,2086.156083,0.0
-50.0,50,2086.641139,0.0
-50.0,50,2087.146977,0.0
-50.0,50,2087.63069,0.0
-50.0,50,2088.114129,0.0
-50.0,50,2088.609818,0.0
-50.0,50,2089.108539,0.0
-50.0,50,2089.592768,0.0
-50.0,50,2090.07296,0.0
-50.0,50,2090.556702,0.0
-50.0,50,2091.068137,0.0
-50.0,50,2091.551161,0.0
-50.0,50,2092.034961,0.0
0.0,50,2092.521765,1.0
-50.0,50,2095.376445,0.0
-50.0,50,2095.84917,0.0
-50.0,50,2096.318459,0.0
0.0,50,2096.783484,1.0
-50.0,50,2097.263339,0.0
-50.0,50,2097.732088,0.0
-50.0,50,2098.19855,0.0
-50.0,50,2098.686739,0.0
-50.0,50,2099.177235,0.0
-50.0,50,2099.653278,0.0
-50.0,50,2100.14979,0.0
-50.0,50,2100.636492,0.0
-50.0,50,2101.137945,0.0
-50.0,50,2101.611795,0.0
-50.0,50,2102.085259,0.0
0.0,50,2102.556518,1.0
0.0,50,2103.040774,1.0
-50.0,50,2103.51416,0.0
-50.0,50,2103.986653,0.0
-50.0,50,2104.460338,0.0
-50.0,50,2104.953082,0.0
-50.0,50,2105.420269,0.0
-50.0,50,2105.892675,0.0
-50.0,50,2106.364176,0.0
-50.0,50,2106.848775,0.0
-50.0,50,2107.324559,0.0
-50.0,50,2107.796185,0.0
-50.0,50,2108.278115,0.0
-50.0,50,2108.763754,0.0
-50.0,50,2109.255655,0.0
-50.0,50,2109.733481,0.0
-50.0,50,2110.210405,0.0
-50.0,50,2110.700187,0.0
-50.0,50,2111.1705,0.0
-50.0,50,2111.653888,0.0
-50.0,50,2112.120336,0.0
-50.0,50,2112.605324,0.0
-50.0,50,2113.074425,0.0
-50.0,50,2113.547996,0.0
-50.0,50,2114.016578,0.0
-50.0,50,2114.50275,0.0
-50.0,50,2114.973066,0.0
-50.0,50,2115.444276,0.0
-50.0,50,2115.92275,0.0
-50.0,50,2116.412748,0.0
-50.0,50,2116.880469,0.0
-50.0,50,2117.355476,0.0
0.0,50,2117.84831,1.0
-50.0,50,2118.334245,0.0
-50.0,50,2118.814912,0.0
-50.0,50,2119.300036,0.0
-50.0,50,2119.784582,0.0
-50.0,50,2120.269991,0.0
-50.0,50,2120.760718,0.0
-50.0,50,2121.251404,0.0
-50.0,50,2121.729437,0.0
-50.0,50,2122.227233,0.0
-50.0,50,2122.706251,0.0
-50.0,50,2123.180346,0.0
-50.0,50,2123.657211,0.0
-50.0,50,2124.140574,0.0
0.0,50,2124.623762,1.0
-50.0,50,2125.104495,0.0
-50.0,50,2125.585587,0.0
-50.0,50,2126.077805,0.0
-50.0,50,2126.559645,0.0
-50.0,50,2127.044529,0.0
-50.0,50,2127.526596,0.0
-50.0,50,2128.025781,0.0
-50.0,50,2128.507596,0.0
-50.0,50,2128.997283,0.0
-50.0,50,2129.481276,0.0
-50.0,50,2129.973275,0.0
-50.0,50,2130.457618,0.0
-50.0,50,2130.938327,0.0
-50.0,50,2131.419863,0.0
-50.0,50,2131.916566,0.0
0.0,50,2132.389443,1.0
-50.0,50,2132.870432,0.0
-50.0,50,2133.349428,0.0
-50.0,50,2133.836446,0.0
-50.0,50,2134.317599,0.0
-50.0,50,2134.792342,0.0
-50.0,50,2135.273925,0.0
-50.0,50,2135.778461,0.0
-50.0,50,2136.259355,0.0
-50.0,50,2136.737459,0.0
-50.0,50,2137.22041,0.0
-50.0,50,2137.707534,0.0
-50.0,50,2138.189248,0.0
-50.0,50,2138.669659,0.0
-50.0,50,2139.164484,0.0
-50.0,50,2139.65651,0.0
-50.0,50,2140.134649,0.0
-50.0,50,2140.615638,0.0
-50.0,50,2141.099056,0.0
-50.0,50,2141.581261,0.0
-50.0,50,2142.060122,0.0
-50.0,50,2142.54806,0.0
-50.0,50,2143.036858,0.0
-50.0,50,2143.532936,0.0
-50.0,50,2144.014921,0.0
-50.0,50,2144.493395,0.0
-50.0,50,2144.979593,0.0
-50.0,50,2145.467154,0.0
0.0,50,2145.943619,1.0
-50.0,50,2146.416034,0.0
-50.0,50,2146.884355,0.0
-50.0,50,2147.368456,0.0
-50.0,50,2147.849209,0.0
-50.0,50,2148.345116,0.0
-50.0,50,2148.832835,0.0
-50.0,50,2149.318485,0.0
-50.0,50,2149.800709,0.0
-50.0,50,2150.284487,0.0
-50.0,50,2150.776701,0.0
-50.0,50,2151.266542,0.0
0.0,50,2151.730123,1.0
-50.0,50,2152.206891,0.0
-50.0,50,2152.689412,0.0
-50.0,50,2153.180452,0.0
-50.0,50,2153.657763,0.0
0.0,50,2154.131726,1.0
-50.0,50,2154.608744,0.0
0.0,50,2155.111374,1.0
-50.0,50,2155.588295,0.0
-50.0,50,2156.060223,0.0
-50.0,50,2156.551064,0.0
-50.0,50,2157.095356,0.0
-50.0,50,2157.578663,0.0
-50.0,50,2158.066025,0.0
-50.0,50,2158.549872,0.0
-50.0,50,2159.052381,0.0
-50.0,50,2159.525232,0.0
-50.0,50,2160.00001,0.0
-50.0,50,2160.473238,0.0
-50.0,50,2160.972044,0.0
-50.0,50,2161.439708,0.0
-50.0,50,2161.913756,0.0
0.0,50,2162.402505,1.0
-50.0,50,2162.889864,0.0
-50.0,50,2163.380939,0.0
-50.0,50,2163.861636,0.0
-50.0,50,2164.343807,0.0
-50.0,50,2164.833786,0.0
-50.0,50,2165.306739,0.0
-50.0,50,2165.772124,0.0
-50.0,50,2166.249168,0.0
-50.0,50,2166.741827,0.0
-50.0,50,2167.218671,0.0
-50.0,50,2167.704345,0.0
-50.0,50,2168.218938,0.0
-50.0,50,2168.706616,0.0
-50.0,50,2169.179143,0.0
-50.0,50,2169.653755,0.0
-50.0,50,2170.130397,0.0
-50.0,50,2170.615417,0.0
-50.0,50,2171.089433,0.0
-50.0,50,2171.561744,0.0
-50.0,50,2172.029471,0.0
-50.0,50,2172.516898,0.0
-50.0,50,2172.993415,0.0
-50.0,50,2173.471553,0.0
-50.0,50,2173.941208,0.0
-50.0,50,2174.431707,0.0
-50.0,50,2174.903538,0.0
-50.0,50,2175.369271,0.0
-50.0,50,2175.833441,0.0
0.0,50,2176.311419,1.0
-50.0,50,2176.773435,0.0
-50.0,50,2177.247849,0.0
-50.0,50,2177.721559,0.0
-50.0,50,2178.22118,0.0
-50.0,50,2178.690274,0.0
-50.0,50,2179.160387,0.0
-50.0,50,2179.631535,0.0
0.0,50,2180.115809,1.0
-50.0,50,2180.579898,0.0
-50.0,50,2181.054992,0.0
-50.0,50,2181.534335,0.0
-50.0,50,2182.019568,0.0
-50.0,50,2182.497905,0.0
-50.0,50,2182.972494,0.0
-50.0,50,2183.447935,0.0
-50.0,50,2183.938433,0.0
-50.0,50,2184.417183,0.0
0.0,50,2184.880363,1.0
-50.0,50,2185.34941,0.0
-50.0,50,2185.835535,0.0
-50.0,50,2186.317237,0.0
-50.0,50,2186.786121,0.0
-50.0,50,2187.257408,0.0
-50.0,50,2187.750622,0.0
-50.0,50,2188.220006,0.0
-50.0,50,2188.685955,0.0
-50.0,50,2189.149791,0.0
0.0,50,2189.626766,1.0
-50.0,50,2190.099271,0.0
-50.0,50,2190.574576,0.0
-50.0,50,2191.05252,0.0
-50.0,50,2193.766009,0.0
-50.0,50,2194.23858,0.0
-50.0,50,2194.711122,0.0
-50.0,50,2195.184759,0.0
-50.0,50,2195.669345,0.0
-50.0,50,2196.141019,0.0
0.0,50,2196.60496,1.0
-50.0,50,2197.078453,0.0
-50.0,50,2197.560183,0.0
-50.0,50,2198.054942,0.0
-50.0,50,2198.529119,0.0
-50.0,50,2198.996582,0.0
-50.0,50,2199.48361,0.0
-50.0,50,2199.969978,0.0
-50.0,50,2200.44587,0.0
-50.0,50,2200.91709,0.0
-50.0,50,2201.401074,0.0
-50.0,50,2201.871311,0.0
-50.0,50,2202.334986,0.0
-50.0,50,2202.811945,0.0
-50.0,50,2203.294911,0.0
-50.0,50,2203.774422,0.0
-50.0,50,2204.247016,0.0
-50.0,50,2204.725864,0.0
-50.0,50,2205.213928,0.0
-50.0,50,2205.687751,0.0
-50.0,50,2206.163409,0.0
-50.0,50,2206.635917,0.0
-50.0,50,2207.127277,0.0
-50.0,50,2207.608429,0.0
-50.0,50,2208.084603,0.0
-50.0,50,2208.563076,0.0
-50.0,50,2209.055155,0.0
-50.0,50,2209.525155,0.0
-50.0,50,2209.994407,0.0
-50.0,50,2210.468877,0.0
-50.0,50,2210.960056,0.0
-50.0,50,2211.436455,0.0
-50.0,50,2211.913796,0.0
-50.0,50,2212.391098,0.0
-50.0,50,2212.878891,0.0
-50.0,50,2213.351857,0.0
-50.0,50,2213.82304,0.0
-50.0,50,2214.30034,0.0
-50.0,50,2214.791334,0.0
-50.0,50,2215.267945,0.0
-50.0,50,2215.746182,0.0
-50.0,50,2216.210444,0.0
-50.0,50,2216.699779,0.0
-50.0,50,2217.17765,0.0
-50.0,50,2217.654164,0.0
-50.0,50,2218.126722,0.0
-50.0,50,2218.614501,0.0
-50.0,50,2219.087153,0.0
-50.0,50,2219.568055,0.0
-50.0,50,2220.049984,0.0
-50.0,50,2220.546678,0.0
-50.0,50,2221.032679,0.0
0.0,50,2221.506979,1.0
-50.0,50,2221.996892,0.0
-50.0,50,2222.506014,0.0
-50.0,50,2222.991322,0.0
-50.0,50,2223.479044,0.0
-50.0,50,2223.960109,0.0
-50.0,50,2224.452408,0.0
-50.0,50,2224.929549,0.0
-50.0,50,2225.409906,0.0
-50.0,50,2225.890917,0.0
-50.0,50,2226.38415,0.0
-50.0,50,2226.850558,0.0
-50.0,50,2227.335254,0.0
-50.0,50,2227.840516,0.0
-50.0,50,2228.325635,0.0
-50.0,50,2228.806191,0.0
-50.0,50,2229.289864,0.0
-50.0,50,2229.777807,0.0
-50.0,50,2230.272649,0.0
-50.0,50,2230.761952,0.0
-50.0,50,2231.244864,0.0
-50.0,50,2231.721879,0.0
-50.0,50,2232.225778,0.0
-50.0,50,2232.711598,0.0
-50.0,50,2233.200602,0.0
0.0,50,2233.666088,1.0
0.0,50,2234.159947,1.0
-50.0,50,2234.652978,0.0
-50.0,50,2235.144662,0.0
-50.0,50,2235.624061,0.0
0.0,50,2236.114622,1.0
-50.0,50,2236.591847,0.0
-50.0,50,2237.068439,0.0
-50.0,50,2237.538742,0.0
-50.0,50,2238.047311,0.0
-50.0,50,2238.512271,0.0
-50.0,50,2239.006828,0.0
-50.0,50,2239.472791,0.0
-50.0,50,2239.954363,0.0
-50.0,50,2240.434996,0.0
-50.0,50,2240.921087,0.0
0.0,50,2241.397408,1.0
-50.0,50,2241.881244,0.0
-50.0,50,2242.351309,0.0
-50.0,50,2242.817506,0.0
0.0,50,2243.282419,1.0
-50.0,50,2243.782706,0.0
-50.0,50,2244.275363,0.0
-50.0,50,2244.750457,0.0
-50.0,50,2245.221309,0.0
-50.0,50,2245.722418,0.0
-50.0,50,2246.187722,0.0
-50.0,50,2246.662924,0.0
0.0,50,2247.138757,1.0
-50.0,50,2247.650889,0.0
-50.0,50,2248.114657,0.0
-50.0,50,2248.582559,0.0
-50.0,50,2249.050042,0.0
-50.0,50,2249.556958,0.0
-50.0,50,2250.018934,0.0
-50.0,50,2250.489714,0.0
0.0,50,2250.961099,1.0
-50.0,50,2251.459811,0.0
-50.0,50,2251.93372,0.0
-50.0,50,2252.409224,0.0
-50.0,50,2252.877198,0.0
-50.0,50,2253.38295,0.0
-50.0,50,2253.857962,0.0
-50.0,50,2254.334716,0.0
-50.0,50,2254.80396,0.0
-50.0,50,2255.30439,0.0
-50.0,50,2255.771101,0.0
-50.0,50,2256.251076,0.0
-50.0,50,2256.717295,0.0
-50.0,50,2257.207232,0.0
-50.0,50,2257.68086,0.0
-50.0,50,2258.163684,0.0
-50.0,50,2258.634954,0.0
-50.0,50,2259.130777,0.0
-50.0,50,2259.607149,0.0
-50.0,50,2260.091563,0.0
-50.0,50,2260.560371,0.0
-50.0,50,2261.067204,0.0
-50.0,50,2261.536014,0.0
-50.0,50,2262.005871,0.0
-50.0,50,2262.473318,0.0
-50.0,50,2262.971084,0.0
-50.0,50,2263.434991,0.0
-50.0,50,2263.906188,0.0
-50.0,50,2264.368905,0.0
-50.0,50,2264.860684,0.0
-50.0,50,2265.333682,0.0
-50.0,50,2265.806036,0.0
-50.0,50,2266.276455,0.0
-50.0,50,2266.771668,0.0
-50.0,50,2267.244377,0.0
-50.0,50,2267.719941,0.0
-50.0,50,2268.191985,0.0
-50.0,50,2268.675477,0.0
-50.0,50,2269.153226,0.0
-50.0,50,2269.615572,0.0
-50.0,50,2270.090599,0.0
-50.0,50,2270.580881,0.0
-50.0,50,2271.04336,0.0
-50.0,50,2271.514532,0.0
-50.0,50,2271.987163,0.0
-50.0,50,2272.471807,0.0
-50.0,50,2272.946094,0.0
-50.0,50,2273.428237,0.0
-50.0,50,2273.895525,0.0
-50.0,50,2274.379401,0.0
-50.0,50,2274.850916,0.0
-50.0,50,2275.324856,0.0
-50.0,50,2275.800695,0.0
-50.0,50,2276.285946,0.0
-50.0,50,2276.756553,0.0
-50.0,50,2277.231385,0.0
-50.0,50,2277.694547,0.0
-50.0,50,2278.184366,0.0
-50.0,50,2278.663071,0.0
-50.0,50,2279.127357,0.0
-50.0,50,2279.601871,0.0
-50.0,50,2280.086984,0.0
-50.0,50,2280.559093,0.0
-50.0,50,2281.033835,0.0
-50.0,50,2281.497199,0.0
-50.0,50,2281.987133,0.0
-50.0,50,2282.463683,0.0
-50.0,50,2282.946118,0.0
-50.0,50,2283.428446,0.0
-50.0,50,2283.914056,0.0
-50.0,50,2284.390396,0.0
-50.0,50,2284.85692,0.0
-50.0,50,2285.330295,0.0
-50.0,50,2285.815605,0.0
-50.0,50,2286.289527,0.0
-50.0,50,2286.76388,0.0
-50.0,50,2287.249755,0.0
-50.0,50,2287.728755,0.0
-50.0,50,2288.199627,0.0
-50.0,50,2288.668969,0.0
-50.0,50,2289.139929,0.0
-50.0,50,2291.853587,0.0
-50.0,50,2292.314884,0.0
-50.0,50,2292.784962,0.0
-50.0,50,2293.251284,0.0
-50.0,50,2293.727579,0.0
-50.0,50,2294.200133,0.0
0.0,50,2294.668377,1.0
-50.0,50,2295.149534,0.0
-50.0,50,2295.632729,0.0
-50.0,50,2296.100851,0.0
-50.0,50,2296.569726,0.0
-50.0,50,2297.031331,0.0
-50.0,50,2297.517334,0.0
-50.0,50,2297.988356,0.0
-50.0,50,2298.452625,0.0
-50.0,50,2298.921407,0.0
-50.0,50,2299.420222,0.0
-50.0,50,2299.888838,0.0
-50.0,50,2300.36508,0.0
-50.0,50,2300.836252,0.0
-50.0,50,2301.318504,0.0
-50.0,50,2301.797487,0.0
-50.0,50,2302.267029,0.0
-50.0,50,2302.739797,0.0
-50.0,50,2303.224975,0.0
-50.0,50,2303.701159,0.0
-50.0,50,2304.185023,0.0
-50.0,50,2304.669614,0.0
-50.0,50,2305.164631,0.0
-50.0,50,2305.647076,0.0
-50.0,50,2306.126829,0.0
-50.0,50,2306.613,0.0
-50.0,50,2307.103017,0.0
-50.0,50,2307.587291,0.0
-50.0,50,2308.071195,0.0
-50.0,50,2308.540904,0.0
-50.0,50,2309.039478,0.0
-50.0,50,2309.516289,0.0
-50.0,50,2309.998414,0.0
-50.0,50,2310.467966,0.0
-50.0,50,2310.956648,0.0
-50.0,50,2311.436931,0.0
-50.0,50,2311.908045,0.0
-50.0,50,2312.395133,0.0
-50.0,50,2312.883448,0.0
0.0,50,2313.376152,1.0
-50.0,50,2313.863377,0.0
-50.0,50,2314.336154,0.0
-50.0,50,2314.840287,0.0
-50.0,50,2315.316989,0.0
-50.0,50,2315.795935,0.0
-50.0,50,2316.275606,0.0
-50.0,50,2316.784205,0.0
-50.0,50,2317.270134,0.0
-50.0,50,2317.754268,0.0
-50.0,50,2318.246468,0.0
-50.0,50,2318.741393,0.0
-50.0,50,2319.232496,0.0
-50.0,50,2319.703123,0.0
0.0,50,2320.180379,1.0
-50.0,50,2320.689839,0.0
-50.0,50,2321.159847,0.0
-50.0,50,2321.652157,0.0
-50.0,50,2322.119094,0.0
-50.0,50,2322.598076,0.0
-50.0,50,2323.069918,0.0
-50.0,50,2323.559573,0.0
-50.0,50,2324.034801,0.0
-50.0,50,2324.515221,0.0
-50.0,50,2324.992951,0.0
-50.0,50,2325.468074,0.0
-50.0,50,2325.940089,0.0
-50.0,50,2326.433994,0.0
-50.0,50,2326.912049,0.0
-50.0,50,2327.380388,0.0
-50.0,50,2327.853645,0.0
-50.0,50,2328.340679,0.0
-50.0,50,2328.811541,0.0
-50.0,50,2329.285816,0.0
0.0,50,2329.744819,1.0
-50.0,50,2330.225508,0.0
-50.0,50,2330.698803,0.0
-50.0,50,2331.177243,0.0
-50.0,50,2331.653936,0.0
-50.0,50,2332.150136,0.0
-50.0,50,2332.627292,0.0
-50.0,50,2333.113938,0.0
-50.0,50,2333.581549,0.0
-50.0,50,2334.070145,0.0
-50.0,50,2334.549865,0.0
-50.0,50,2335.027356,0.0
-50.0,50,2335.503565,0.0
-50.0,50,2335.995831,0.0
-50.0,50,2336.475394,0.0
-50.0,50,2336.944873,0.0
-50.0,50,2337.41537,0.0
-50.0,50,2337.908459,0.0
-50.0,50,2338.386825,0.0
-50.0,50,2338.864768,0.0
-50.0,50,2339.337123,0.0
-50.0,50,2339.830475,0.0
-50.0,50,2340.299129,0.0
-50.0,50,2340.776738,0.0
-50.0,50,2341.256428,0.0
-50.0,50,2341.749205,0.0
0.0,50,2342.219929,1.0
-50.0,50,2342.686929,0.0
-50.0,50,2343.155401,0.0
-50.0,50,2343.635939,0.0
-50.0,50,2344.10482,0.0
-50.0,50,2344.581299,0.0
-50.0,50,2345.062731,0.0
-50.0,50,2345.556295,0.0
0.0,50,2346.045589,1.0
-50.0,50,2346.533737,0.0
-50.0,50,2347.012271,0.0
-50.0,50,2347.511138,0.0
-50.0,50,2347.995879,0.0
-50.0,50,2348.484212,0.0
-50.0,50,2348.969592,0.0
-50.0,50,2349.466189,0.0
-50.0,50,2349.950017,0.0
-50.0,50,2350.431283,0.0
-50.0,50,2350.9155,0.0
-50.0,50,2351.412978,0.0
-50.0,50,2351.886849,0.0
-50.0,50,2352.377129,0.0
-50.0,50,2352.848258,0.0
-50.0,50,2353.327634,0.0
-50.0,50,2353.793517,0.0
-50.0,50,2354.253199,0.0
-50.0,50,2354.727097,0.0
-50.0,50,2355.213265,0.0
-50.0,50,2355.687221,0.0
-50.0,50,2356.147202,0.0
0.0,50,2356.629393,1.0
-50.0,50,2357.116331,0.0
0.0,50,2357.578808,1.0
0.0,50,2358.074325,1.0
-50.0,50,2358.555485,0.0
-50.0,50,2359.043872,0.0
-50.0,50,2359.513208,0.0
-50.0,50,2359.999793,0.0
-50.0,50,2360.485094,0.0
-50.0,50,2360.992571,0.0
-50.0,50,2361.467527,0.0
-50.0,50,2361.931668,0.0
-50.0,50,2362.393294,0.0
-50.0,50,2362.888496,0.0
-50.0,50,2363.371726,0.0
-50.0,50,2363.858703,0.0
0.0,50,2364.329143,1.0
-50.0,50,2364.817868,0.0
-50.0,50,2365.289773,0.0
-50.0,50,2365.767058,0.0
-50.0,50,2366.238006,0.0
-50.0,50,2366.729034,0.0
0.0,50,2367.220982,1.0
-50.0,50,2367.709817,0.0
-50.0,50,2368.20153,0.0
-50.0,50,2368.689516,0.0
0.0,50,2369.151727,1.0
-50.0,50,2369.633744,0.0
-50.0,50,2370.109134,0.0
-50.0,50,2370.610324,0.0
-50.0,50,2371.083008,0.0
-50.0,50,2371.565145,0.0
-50.0,50,2372.040815,0.0
-50.0,50,2372.532739,0.0
-50.0,50,2373.007034,0.0
-50.0,50,2373.489174,0.0
-50.0,50,2373.964967,0.0
-50.0,50,2374.456951,0.0
-50.0,50,2374.938629,0.0
-50.0,50,2375.426974,0.0
-50.0,50,2375.901683,0.0
-50.0,50,2376.392493,0.0
-50.0,50,2376.8671,0.0
0.0,50,2377.356897,1.0
-50.0,50,2377.831074,0.0
-50.0,50,2378.311711,0.0
-50.0,50,2378.782285,0.0
-50.0,50,2379.251889,0.0
-50.0,50,2379.722374,0.0
-50.0,50,2380.20404,0.0
-50.0,50,2380.675822,0.0
-50.0,50,2381.139964,0.0
-50.0,50,2381.599981,0.0
-50.0,50,2382.077948,0.0
-50.0,50,2382.544311,0.0
0.0,50,2383.026704,1.0
-50.0,50,2383.497297,0.0
-50.0,50,2383.97553,0.0
-50.0,50,2384.442241,0.0
-50.0,50,2384.909279,0.0
0.0,50,2385.362506,1.0
-50.0,50,2385.849623,0.0
-50.0,50,2386.323309,0.0
-50.0,50,2386.783818,0.0
-50.0,50,2387.246677,0.0
-50.0,50,2390.028036,0.0
-50.0,50,2390.500916,0.0
-50.0,50,2390.97445,0.0
-50.0,50,2391.45082,0.0
-50.0,50,2391.943474,0.0
-50.0,50,2392.409456,0.0
-50.0,50,2392.881458,0.0
-50.0,50,2393.356732,0.0
-50.0,50,2393.846338,0.0
-50.0,50,2394.315296,0.0
-50.0,50,2394.777115,0.0
-50.0,50,2395.248265,0.0
-50.0,50,2395.715721,0.0
-50.0,50,2396.189589,0.0
-50.0,50,2396.665406,0.0
-50.0,50,2397.136699,0.0
-50.0,50,2397.612984,0.0
0.0,50,2398.102221,1.0
-50.0,50,2398.569852,0.0
-50.0,50,2399.037583,0.0
-50.0,50,2399.518723,0.0
-50.0,50,2399.990706,0.0
-50.0,50,2400.457554,0.0
-50.0,50,2400.917012,0.0
-50.0,50,2401.40129,0.0
-50.0,50,2401.87341,0.0
-50.0,50,2402.340945,0.0
-50.0,50,2402.812942,0.0
-50.0,50,2403.305582,0.0
-50.0,50,2403.783966,0.0
-50.0,50,2404.263689,0.0
-50.0,50,2404.747808,0.0
-50.0,50,2405.235488,0.0
-50.0,50,2405.708528,0.0
-50.0,50,2406.193333,0.0
-50.0,50,2406.659041,0.0
-50.0,50,2407.150801,0.0
-50.0,50,2407.627422,0.0
-50.0,50,2408.114802,0.0
-50.0,50,2408.595412,0.0
-50.0,50,2409.086311,0.0
-50.0,50,2409.569908,0.0
-50.0,50,2410.057548,0.0
-50.0,50,2410.541215,0.0
-50.0,50,2411.038838,0.0
-50.0,50,2411.501516,0.0
-50.0,50,2411.964716,0.0
-50.0,50,2412.436478,0.0
0.0,50,2412.916523,1.0
-50.0,50,2413.375116,0.0
-50.0,50,2413.850537,0.0
-50.0,50,2414.322458,0.0
-50.0,50,2414.808699,0.0
-50.0,50,2415.278286,0.0
-50.0,50,2415.747833,0.0
-50.0,50,2416.217579,0.0
-50.0,50,2416.704825,0.0
-50.0,50,2417.179585,0.0
-50.0,50,2417.657681,0.0
-50.0,50,2418.131202,0.0
-50.0,50,2418.613909,0.0
-50.0,50,2419.090235,0.0
-50.0,50,2419.559812,0.0
-50.0,50,2420.0357,0.0
-50.0,50,2420.50962,0.0
-50.0,50,2420.979745,0.0
-50.0,50,2421.447111,0.0
-50.0,50,2421.92012,0.0
-50.0,50,2422.4074,0.0
-50.0,50,2422.878524,0.0
-50.0,50,2423.336537,0.0
-50.0,50,2423.812762,0.0
-50.0,50,2424.305942,0.0
-50.0,50,2424.784518,0.0
-50.0,50,2425.261649,0.0
-50.0,50,2425.737128,0.0
-50.0,50,2426.209521,0.0
-50.0,50,2426.687387,0.0
-50.0,50,2427.17351,0.0
-50.0,50,2427.639457,0.0
-50.0,50,2428.130584,0.0
-50.0,50,2428.603458,0.0
-50.0,50,2429.076633,0.0
-50.0,50,2429.550436,0.0
-50.0,50,2430.056284,0.0
-50.0,50,2430.528903,0.0
-50.0,50,2430.99823,0.0
-50.0,50,2431.479616,0.0
-50.0,50,2431.97477,0.0
-50.0,50,2432.460487,0.0
0.0,50,2432.945943,1.0
-50.0,50,2433.423512,0.0
-50.0,50,2433.907461,0.0
-50.0,50,2434.383821,0.0
-50.0,50,2434.854928,0.0
-50.0,50,2435.321621,0.0
-50.0,50,2435.817493,0.0
-50.0,50,2436.296747,0.0
-50.0,50,2436.783988,0.0
-50.0,50,2437.268602,0.0
-50.0,50,2437.76438,0.0
-50.0,50,2438.260709,0.0
-50.0,50,2438.75151,0.0
-50.0,50,2439.218359,0.0
-50.0,50,2439.717325,0.0
-50.0,50,2440.195233,0.0
-50.0,50,2440.667713,0.0
-50.0,50,2441.136644,0.0
-50.0,50,2441.617596,0.0
-50.0,50,2442.09692,0.0
-50.0,50,2442.567799,0.0
-50.0,50,2443.040951,0.0
-50.0,50,2443.52862,0.0
-50.0,50,2444.00458,0.0
-50.0,50,2444.471321,0.0
-50.0,50,2444.945515,0.0
-50.0,50,2445.430606,0.0
-50.0,50,2445.891382,0.0
-50.0,50,2446.346474,0.0
-50.0,50,2446.80963,0.0
-50.0,50,2447.297288,0.0
-50.0,50,2447.760553,0.0
-50.0,50,2448.229687,0.0
0.0,50,2448.70054,1.0
-50.0,50,2449.185505,0.0
-50.0,50,2449.657426,0.0
-50.0,50,2450.132836,0.0
-50.0,50,2450.616091,0.0
-50.0,50,2451.1044,0.0
-50.0,50,2451.579427,0.0
-50.0,50,2452.064788,0.0
-50.0,50,2452.540654,0.0
0.0,50,2453.026585,1.0
-50.0,50,2453.506711,0.0
-50.0,50,2453.979624,0.0
-50.0,50,2454.465721,0.0
-50.0,50,2454.964681,0.0
-50.0,50,2455.449618,0.0
-50.0,50,2455.932359,0.0
-50.0,50,2456.413177,0.0
-50.0,50,2456.905512,0.0
-50.0,50,2457.384775,0.0
-50.0,50,2457.860673,0.0
-50.0,50,2458.332537,0.0
-50.0,50,2458.838921,0.0
-50.0,50,2459.313018,0.0
-50.0,50,2459.789598,0.0
-50.0,50,2460.273734,0.0
-50.0,50,2460.772795,0.0
-50.0,50,2461.250921,0.0
-50.0,50,2461.734104,0.0
-50.0,50,2462.228511,0.0
-50.0,50,2462.729819,0.0
-50.0,50,2463.209643,0.0
0.0,50,2463.680856,1.0
-50.0,50,2464.164723,0.0
-50.0,50,2464.677763,0.0
-50.0,50,2465.162984,0.0
-50.0,50,2465.645749,0.0
-50.0,50,2466.125873,0.0
-50.0,50,2466.621402,0.0
-50.0,50,2467.107317,0.0
-50.0,50,2467.587086,0.0
-50.0,50,2468.082988,0.0
-50.0,50,2468.574002,0.0
-50.0,50,2469.057371,0.0
-50.0,50,2469.539877,0.0
-50.0,50,2470.027824,0.0
-50.0,50,2470.525318,0.0
-50.0,50,2471.006506,0.0
-50.0,50,2471.489219,0.0
-50.0,50,2471.97455,0.0
-50.0,50,2472.468356,0.0
-50.0,50,2472.950348,0.0
-50.0,50,2473.436376,0.0
-50.0,50,2473.926754,0.0
-50.0,50,2474.427493,0.0
-50.0,50,2474.909597,0.0
-50.0,50,2475.392044,0.0
-50.0,50,2475.884324,0.0
-50.0,50,2476.391172,0.0
-50.0,50,2476.880021,0.0
-50.0,50,2477.362545,0.0
-50.0,50,2477.854713,0.0
-50.0,50,2478.347567,0.0
-50.0,50,2478.836784,0.0
-50.0,50,2479.327842,0.0
-50.0,50,2479.815828,0.0
-50.0,50,2480.318167,0.0
-50.0,50,2480.820894,0.0
-50.0,50,2481.310654,0.0
-50.0,50,2481.786623,0.0
-50.0,50,2482.292654,0.0
-50.0,50,2482.771963,0.0
-50.0,50,2483.260602,0.0
-50.0,50,2483.743754,0.0
-50.0,50,2484.245987,0.0
-50.0,50,2484.73483,0.0
-50.0,50,2485.211168,0.0
-50.0,50,2485.708722,0.0
-50.0,50,2488.586177,0.0
-50.0,50,2489.074002,0.0
-50.0,50,2489.571472,0.0
0.0,50,2490.047117,1.0
-50.0,50,2490.551013,0.0
-50.0,50,2491.029316,0.0
-50.0,50,2491.51574,0.0
-50.0,50,2492.006164,0.0
-50.0,50,2492.51189,0.0
-50.0,50,2492.994147,0.0
-50.0,50,2493.476124,0.0
-50.0,50,2493.960112,0.0
-50.0,50,2494.461427,0.0
-50.0,50,2494.950299,0.0
-50.0,50,2495.433798,0.0
-50.0,50,2495.911944,0.0
-50.0,50,2496.40783,0.0
-50.0,50,2496.894063,0.0
-50.0,50,2497.372933,0.0
-50.0,50,2497.867544,0.0
-50.0,50,2498.360732,0.0
-50.0,50,2498.842597,0.0
-50.0,50,2499.327737,0.0
-50.0,50,2499.806623,0.0
-50.0,50,2500.298656,0.0
-50.0,50,2500.780494,0.0
-50.0,50,2501.261173,0.0
-50.0,50,2501.760635,0.0
-50.0,50,2502.262879,0.0
-50.0,50,2502.746929,0.0
-50.0,50,2503.239319,0.0
0.0,50,2503.722668,1.0
-50.0,50,2504.221835,0.0
-50.0,50,2504.711697,0.0
-50.0,50,2505.18872,0.0
-50.0,50,2505.668854,0.0
-50.0,50,2506.160984,0.0
-50.0,50,2506.638555,0.0
-50.0,50,2507.113772,0.0
-50.0,50,2507.588177,0.0
-50.0,50,2508.080735,0.0
-50.0,50,2508.559918,0.0
-50.0,50,2509.036783,0.0
-50.0,50,2509.514552,0.0
-50.0,50,2510.009845,0.0
-50.0,50,2510.492772,0.0
0.0,50,2510.988519,1.0
0.0,50,2511.478381,1.0
-50.0,50,2511.985251,0.0
-50.0,50,2512.467911,0.0
-50.0,50,2512.951701,0.0
-50.0,50,2513.424539,0.0
-50.0,50,2513.91682,0.0
0.0,50,2514.397878,1.0
-50.0,50,2514.878804,0.0
-50.0,50,2515.361289,0.0
-50.0,50,2515.866832,0.0
-50.0,50,2516.354373,0.0
-50.0,50,2516.839368,0.0
-50.0,50,2517.310634,0.0
-50.0,50,2517.812266,0.0
-50.0,50,2518.293214,0.0
-50.0,50,2518.776285,0.0
-50.0,50,2519.259915,0.0
-50.0,50,2519.758876,0.0
-50.0,50,2520.243993,0.0
-50.0,50,2520.723729,0.0
-50.0,50,2521.197512,0.0
-50.0,50,2521.682086,0.0
-50.0,50,2522.160014,0.0
-50.0,50,2522.640892,0.0
-50.0,50,2523.12618,0.0
-50.0,50,2523.623843,0.0
-50.0,50,2524.10368,0.0
-50.0,50,2524.58112,0.0
-50.0,50,2525.065911,0.0
-50.0,50,2525.56524,0.0
-50.0,50,2526.053181,0.0
-50.0,50,2526.54497,0.0
-50.0,50,2527.030385,0.0
0.0,50,2527.528795,1.0
-50.0,50,2528.029901,0.0
-50.0,50,2528.512835,0.0
-50.0,50,2528.991998,0.0
0.0,50,2529.468428,1.0
-50.0,50,2529.943908,0.0
-50.0,50,2530.414583,0.0
0.0,50,2530.885846,1.0
-50.0,50,2531.383929,0.0
-50.0,50,2531.862772,0.0
0.0,50,2532.370294,1.0
-50.0,50,2532.853845,0.0
-50.0,50,2533.357882,0.0
-50.0,50,2533.829733,0.0
-50.0,50,2534.317135,0.0
-50.0,50,2534.808315,0.0
-50.0,50,2535.305873,0.0
-50.0,50,2535.785142,0.0
-50.0,50,2536.269979,0.0
-50.0,50,2536.755635,0.0
-50.0,50,2537.256277,0.0
-50.0,50,2537.731666,0.0
-50.0,50,2538.215498,0.0
-50.0,50,2538.695797,0.0
-50.0,50,2539.188833,0.0
-50.0,50,2539.67293,0.0
-50.0,50,2540.148758,0.0
-50.0,50,2540.650606,0.0
-50.0,50,2541.152475,0.0
-50.0,50,2541.631652,0.0
-50.0,50,2542.106237,0.0
-50.0,50,2542.594046,0.0
-50.0,50,2543.081835,0.0
-50.0,50,2543.565686,0.0
-50.0,50,2544.048834,0.0
-50.0,50,2544.528372,0.0
-50.0,50,2545.031116,0.0
-50.0,50,2545.515447,0.0
-50.0,50,2545.988003,0.0
-50.0,50,2546.468632,0.0
-50.0,50,2546.95802,0.0
-50.0,50,2547.431704,0.0
-50.0,50,2547.923303,0.0
-50.0,50,2548.399427,0.0
-50.0,50,2548.895651,0.0
-50.0,50,2549.381479,0.0
-50.0,50,2549.865115,0.0
-50.0,50,2550.346066,0.0
-50.0,50,2550.83883,0.0
-50.0,50,2551.321678,0.0
-50.0,50,2551.797709,0.0
0.0,50,2552.277962,1.0
-50.0,50,2552.766174,0.0
0.0,50,2553.239392,1.0
-50.0,50,2553.721498,0.0
-50.0,50,2554.204652,0.0
-50.0,50,2554.705632,0.0
-50.0,50,2555.189219,0.0
-50.0,50,2555.668178,0.0
-50.0,50,2556.152431,0.0
-50.0,50,2556.651008,0.0
-50.0,50,2557.130432,0.0
0.0,50,2557.619953,1.0
-50.0,50,2558.102233,0.0
-50.0,50,2558.589942,0.0
-50.0,50,2559.071757,0.0
-50.0,50,2559.549869,0.0
-50.0,50,2560.045637,0.0
-50.0,50,2560.544988,0.0
-50.0,50,2561.029991,0.0
-50.0,50,2561.513839,0.0
-50.0,50,2561.997929,0.0
0.0,50,2562.485145,1.0
-50.0,50,2562.960839,0.0
-50.0,50,2563.445064,0.0
-50.0,50,2563.932943,0.0
-50.0,50,2564.423498,0.0
-50.0,50,2564.901905,0.0
-50.0,50,2565.383843,0.0
-50.0,50,2565.868298,0.0
-50.0,50,2566.362764,0.0
-50.0,50,2566.837645,0.0
-50.0,50,2567.322288,0.0
-50.0,50,2567.799053,0.0
-50.0,50,2568.295602,0.0
-50.0,50,2568.783989,0.0
-50.0,50,2569.258088,0.0
-50.0,50,2569.746425,0.0
-50.0,50,2570.240642,0.0
-50.0,50,2570.724501,0.0
-50.0,50,2571.206989,0.0
-50.0,50,2571.682282,0.0
-50.0,50,2572.175318,0.0
0.0,50,2572.653507,1.0
-50.0,50,2573.135012,0.0
0.0,50,2573.608435,1.0
-50.0,50,2574.093281,0.0
-50.0,50,2574.591637,0.0
-50.0,50,2575.070905,0.0
-50.0,50,2575.550863,0.0
-50.0,50,2576.041193,0.0
-50.0,50,2576.52269,0.0
0.0,50,2576.999997,1.0
-50.0,50,2577.475641,0.0
-50.0,50,2577.962948,0.0
-50.0,50,2578.449446,0.0
0.0,50,2578.938855,1.0
-50.0,50,2579.441768,0.0
-50.0,50,2579.938071,0.0
-50.0,50,2580.404085,0.0
-50.0,50,2580.896298,0.0
-50.0,50,2581.384441,0.0
0.0,50,2581.862585,1.0
-50.0,50,2582.340092,0.0
-50.0,50,2582.829572,0.0
-50.0,50,2583.308526,0.0
-50.0,50,2583.79806,0.0
-50.0,50,2584.269065,0.0
-50.0,50,2584.768921,0.0
-50.0,50,2585.254145,0.0
-50.0,50,2588.067714,0.0
-50.0,50,2588.543814,0.0
-50.0,50,2589.045115,0.0
-50.0,50,2589.525225,0.0
-50.0,50,2590.021383,0.0
-50.0,50,2590.507727,0.0
-50.0,50,2590.996539,0.0
-50.0,50,2591.477733,0.0
-50.0,50,2591.980994,0.0
-50.0,50,2592.461088,0.0
-50.0,50,2592.942087,0.0
-50.0,50,2593.427883,0.0
-50.0,50,2593.916935,0.0
-50.0,50,2594.391777,0.0
-50.0,50,2594.868239,0.0
-50.0,50,2595.346616,0.0
-50.0,50,2595.835096,0.0
-50.0,50,2596.311322,0.0
0.0,50,2596.799236,1.0
-50.0,50,2597.278065,0.0
-50.0,50,2597.764212,0.0
-50.0,50,2598.249037,0.0
-50.0,50,2598.724009,0.0
-50.0,50,2599.19315,0.0
-50.0,50,2599.667809,0.0
-50.0,50,2600.145172,0.0
-50.0,50,2600.64445,0.0
-50.0,50,2601.114156,0.0
-50.0,50,2601.603705,0.0
-50.0,50,2602.067878,0.0
-50.0,50,2602.54243,0.0
0.0,50,2603.001807,1.0
0.0,50,2603.4774,1.0
-50.0,50,2603.945757,0.0
-50.0,50,2604.413366,0.0
-50.0,50,2604.884558,0.0
-50.0,50,2605.372613,0.0
-50.0,50,2605.841559,0.0
-50.0,50,2606.310121,0.0
-50.0,50,2606.797112,0.0
-50.0,50,2607.276296,0.0
-50.0,50,2607.762359,0.0
-50.0,50,2608.236593,0.0
-50.0,50,2608.697926,0.0
-50.0,50,2609.187157,0.0
-50.0,50,2609.657546,0.0
-50.0,50,2610.129906,0.0
-50.0,50,2610.595433,0.0
-50.0,50,2611.081348,0.0
-50.0,50,2611.55218,0.0
-50.0,50,2612.018006,0.0
-50.0,50,2612.488137,0.0
-50.0,50,2612.966986,0.0
-50.0,50,2613.430542,0.0
0.0,50,2613.889376,1.0
-50.0,50,2614.365648,0.0
-50.0,50,2614.896332,0.0
-50.0,50,2615.36614,0.0
-50.0,50,2615.833292,0.0
-50.0,50,2616.290071,0.0
-50.0,50,2616.784091,0.0
-50.0,50,2617.254471,0.0
-50.0,50,2617.72605,0.0
-50.0,50,2618.199334,0.0
-50.0,50,2618.676056,0.0
-50.0,50,2619.145215,0.0
-50.0,50,2619.609206,0.0
0.0,50,2620.061943,1.0
-50.0,50,2620.547285,0.0
-50.0,50,2621.016698,0.0
-50.0,50,2621.488377,0.0
-50.0,50,2621.946797,0.0
-50.0,50,2622.441199,0.0
-50.0,50,2622.912212,0.0
-50.0,50,2623.374969,0.0
-50.0,50,2623.834984,0.0
-50.0,50,2624.318728,0.0
-50.0,50,2624.780406,0.0
-50.0,50,2625.262302,0.0
-50.0,50,2625.730499,0.0
-50.0,50,2626.203145,0.0
-50.0,50,2626.667323,0.0
-50.0,50,2627.139423,0.0
-50.0,50,2627.622162,0.0
-50.0,50,2628.110383,0.0
-50.0,50,2628.578099,0.0
-50.0,50,2629.067794,0.0
0.0,50,2629.546474,1.0
-50.0,50,2630.034544,0.0
-50.0,50,2630.510513,0.0
-50.0,50,2630.973963,0.0
-50.0,50,2631.434636,0.0
-50.0,50,2631.914442,0.0
-50.0,50,2632.387421,0.0
-50.0,50,2632.861338,0.0
-50.0,50,2633.33064,0.0
-50.0,50,2633.823461,0.0
-50.0,50,2634.294824,0.0
-50.0,50,2634.773324,0.0
-50.0,50,2635.252298,0.0
-50.0,50,2635.761977,0.0
-50.0,50,2636.235402,0.0
0.0,50,2636.7073,1.0
-50.0,50,2637.186914,0.0
-50.0,50,2637.671097,0.0
-50.0,50,2638.143007,0.0
-50.0,50,2638.626814,0.0
-50.0,50,2639.101962,0.0
-50.0,50,2639.598157,0.0
-50.0,50,2640.068717,0.0
-50.0,50,2640.549075,0.0
-50.0,50,2641.021944,0.0
-50.0,50,2641.516304,0.0
-50.0,50,2641.986247,0.0
-50.0,50,2642.462384,0.0
-50.0,50,2642.931139,0.0
-50.0,50,2643.41416,0.0
-50.0,50,2643.890278,0.0
-50.0,50,2644.373061,0.0
-50.0,50,2644.85456,0.0
-50.0,50,2645.352695,0.0
-50.0,50,2645.837031,0.0
0.0,50,2646.32747,1.0
-50.0,50,2646.815828,0.0
-50.0,50,2647.329318,0.0
-50.0,50,2647.819782,0.0
-50.0,50,2648.298193,0.0
-50.0,50,2648.78272,0.0
-50.0,50,2649.27762,0.0
-50.0,50,2649.754021,0.0
-50.0,50,2650.233776,0.0
-50.0,50,2650.701947,0.0
-50.0,50,2651.196176,0.0
-50.0,50,2651.686268,0.0
-50.0,50,2652.158103,0.0
-50.0,50,2652.642947,0.0
-50.0,50,2653.137312,0.0
-50.0,50,2653.636983,0.0
-50.0,50,2654.121062,0.0
0.0,50,2654.590621,1.0
-50.0,50,2655.101018,0.0
-50.0,50,2655.570925,0.0
-50.0,50,2656.083961,0.0
-50.0,50,2656.563425,0.0
-50.0,50,2657.055111,0.0
-50.0,50,2657.529266,0.0
0.0,50,2657.999547,1.0
-50.0,50,2658.479164,0.0
-50.0,50,2658.972483,0.0
-50.0,50,2659.451373,0.0
-50.0,50,2659.937034,0.0
-50.0,50,2660.410768,0.0
-50.0,50,2660.893608,0.0
-50.0,50,2661.377128,0.0
-50.0,50,2661.854404,0.0
-50.0,50,2662.338606,0.0
0.0,50,2662.828664,1.0
-50.0,50,2663.305784,0.0
-50.0,50,2663.795767,0.0
-50.0,50,2664.268505,0.0
-50.0,50,2664.758611,0.0
-50.0,50,2665.23811,0.0
-50.0,50,2665.709615,0.0
-50.0,50,2666.190709,0.0
-50.0,50,2666.680825,0.0
-50.0,50,2667.170341,0.0
-50.0,50,2667.641564,0.0
-50.0,50,2668.116246,0.0
0.0,50,2668.618187,1.0
-50.0,50,2669.099483,0.0
-50.0,50,2669.570588,0.0
-50.0,50,2670.051927,0.0
-50.0,50,2670.553961,0.0
-50.0,50,2671.053776,0.0
-50.0,50,2671.52936,0.0
-50.0,50,2672.011648,0.0
-50.0,50,2672.502795,0.0
-50.0,50,2672.998146,0.0
-50.0,50,2673.467652,0.0
-50.0,50,2673.951065,0.0
-50.0,50,2674.449813,0.0
-50.0,50,2674.924856,0.0
-50.0,50,2675.408032,0.0
-50.0,50,2675.879964,0.0
-50.0,50,2676.37025,0.0
-50.0,50,2676.854259,0.0
-50.0,50,2677.325913,0.0
-50.0,50,2677.798225,0.0
-50.0,50,2678.300174,0.0
-50.0,50,2678.796795,0.0
-50.0,50,2679.286205,0.0
-50.0,50,2679.78466,0.0
-50.0,50,2680.292232,0.0
-50.0,50,2680.779528,0.0
-50.0,50,2681.252441,0.0
-50.0,50,2681.733431,0.0
-50.0,50,2682.229347,0.0
-50.0,50,2682.716923,0.0
-50.0,50,2683.201662,0.0
-50.0,50,2683.682718,0.0
-50.0,50,2686.458227,0.0
-50.0,50,2686.928061,0.0
-50.0,50,2687.405485,0.0
-50.0,50,2687.89376,0.0
-50.0,50,2688.383583,0.0
-50.0,50,2688.877633,0.0
-50.0,50,2689.363756,0.0
-50.0,50,2689.848498,0.0
-50.0,50,2690.338923,0.0
-50.0,50,2690.833878,0.0
-50.0,50,2691.302926,0.0
-50.0,50,2691.785639,0.0
-50.0,50,2692.30573,0.0
-50.0,50,2692.793682,0.0
-50.0,50,2693.267408,0.0
-50.0,50,2693.758706,0.0
-50.0,50,2694.265702,0.0
-50.0,50,2694.758727,0.0
0.0,50,2695.233728,1.0
-50.0,50,2695.717646,0.0
-50.0,50,2696.223632,0.0
-50.0,50,2696.711195,0.0
-50.0,50,2697.194631,0.0
-50.0,50,2697.677378,0.0
-50.0,50,2698.176171,0.0
-50.0,50,2698.667595,0.0
-50.0,50,2699.148452,0.0
-50.0,50,2699.648584,0.0
-50.0,50,2700.142893,0.0
-50.0,50,2700.62266,0.0
-50.0,50,2701.117785,0.0
-50.0,50,2701.594577,0.0
-50.0,50,2702.09247,0.0
-50.0,50,2702.579787,0.0
-50.0,50,2703.050375,0.0
-50.0,50,2703.533591,0.0
-50.0,50,2704.037625,0.0
-50.0,50,2704.516734,0.0
-50.0,50,2705.000667,0.0
0.0,50,2705.503221,1.0
0.0,50,2706.017367,1.0
-50.0,50,2706.499619,0.0
-50.0,50,2706.972513,0.0
-50.0,50,2707.449219,0.0
-50.0,50,2707.981025,0.0
-50.0,50,2708.471145,0.0
-50.0,50,2708.96017,0.0
-50.0,50,2709.436005,0.0
-50.0,50,2709.937941,0.0
-50.0,50,2710.410385,0.0
-50.0,50,2710.899577,0.0
-50.0,50,2711.395768,0.0
-50.0,50,2711.899005,0.0
-50.0,50,2712.37738,0.0
-50.0,50,2712.8671,0.0
-50.0,50,2713.34402,0.0
-50.0,50,2713.834525,0.0
-50.0,50,2714.311933,0.0
-50.0,50,2714.793549,0.0
-50.0,50,2715.284289,0.0
-50.0,50,2715.769954,0.0
-50.0,50,2716.261692,0.0
-50.0,50,2716.738759,0.0
-50.0,50,2717.21027,0.0
-50.0,50,2717.702341,0.0
-50.0,50,2718.191659,0.0
-50.0,50,2718.676642,0.0
0.0,50,2719.143728,1.0
-50.0,50,2719.640478,0.0
-50.0,50,2720.112813,0.0
-50.0,50,2720.589545,0.0
0.0,50,2721.056375,1.0
-50.0,50,2721.550134,0.0
-50.0,50,2722.023392,0.0
-50.0,50,2722.488904,0.0
-50.0,50,2722.952816,0.0
-50.0,50,2723.444219,0.0
-50.0,50,2723.91364,0.0
-50.0,50,2724.394007,0.0
-50.0,50,2724.877725,0.0
-50.0,50,2725.365432,0.0
-50.0,50,2725.845217,0.0
-50.0,50,2726.333841,0.0
-50.0,50,2726.812705,0.0
-50.0,50,2727.320364,0.0
-50.0,50,2727.80295,0.0
-50.0,50,2728.293996,0.0
0.0,50,2728.769675,1.0
-50.0,50,2729.267482,0.0
-50.0,50,2729.757205,0.0
-50.0,50,2730.237617,0.0
-50.0,50,2730.717664,0.0
-50.0,50,2731.203518,0.0
-50.0,50,2731.677801,0.0
-50.0,50,2732.156158,0.0
-50.0,50,2732.625547,0.0
-50.0,50,2733.124748,0.0
-50.0,50,2733.604493,0.0
-50.0,50,2734.07587,0.0
-50.0,50,2734.56179,0.0
-50.0,50,2735.06079,0.0
-50.0,50,2735.547859,0.0
-50.0,50,2736.03782,0.0
-50.0,50,2736.526916,0.0
-50.0,50,2737.02645,0.0
-50.0,50,2737.512983,0.0
-50.0,50,2738.002591,0.0
-50.0,50,2738.488319,0.0
-50.0,50,2738.991559,0.0
-50.0,50,2739.463656,0.0
-50.0,50,2739.948869,0.0
-50.0,50,2740.433178,0.0
-50.0,50,2740.919772,0.0
-50.0,50,2741.404898,0.0
-50.0,50,2741.872496,0.0
-50.0,50,2742.343082,0.0
-50.0,50,2742.826839,0.0
-50.0,50,2743.302383,0.0
-50.0,50,2743.777034,0.0
-50.0,50,2744.254993,0.0
-50.0,50,2744.7365,0.0
-50.0,50,2745.203542,0.0
-50.0,50,2745.684555,0.0
-50.0,50,2746.15358,0.0
-50.0,50,2746.639849,0.0
-50.0,50,2747.120074,0.0
-50.0,50,2747.595821,0.0
-50.0,50,2748.084417,0.0
-50.0,50,2748.60045,0.0
-50.0,50,2749.089166,0.0
-50.0,50,2749.564761,0.0
-50.0,50,2750.04813,0.0
-50.0,50,2750.565838,0.0
-50.0,50,2751.054673,0.0
-50.0,50,2751.541305,0.0
-50.0,50,2752.021269,0.0
-50.0,50,2752.5133,0.0
-50.0,50,2752.99019,0.0
-50.0,50,2753.461548,0.0
-50.0,50,2753.944,0.0
-50.0,50,2754.422721,0.0
0.0,50,2754.89059,1.0
-50.0,50,2755.373956,0.0
-50.0,50,2755.872682,0.0
-50.0,50,2756.357579,0.0
-50.0,50,2756.830527,0.0
-50.0,50,2757.299814,0.0
-50.0,50,2757.768662,0.0
-50.0,50,2758.2613,0.0
-50.0,50,2758.742413,0.0
-50.0,50,2759.226849,0.0
-50.0,50,2759.703768,0.0
-50.0,50,2760.198707,0.0
-50.0,50,2760.674954,0.0
-50.0,50,2761.147097,0.0
-50.0,50,2761.626352,0.0
-50.0,50,2762.120314,0.0
0.0,50,2762.59263,1.0
-50.0,50,2763.07345,0.0
-50.0,50,2763.550453,0.0
-50.0,50,2764.045327,0.0
-50.0,50,2764.528512,0.0
-50.0,50,2765.003123,0.0
-50.0,50,2765.482918,0.0
0.0,50,2765.969966,1.0
-50.0,50,2766.440874,0.0
-50.0,50,2766.909128,0.0
-50.0,50,2767.384147,0.0
-50.0,50,2767.890852,0.0
0.0,50,2768.379127,1.0
-50.0,50,2768.845539,0.0
-50.0,50,2769.326644,0.0
-50.0,50,2769.819392,0.0
-50.0,50,2770.29036,0.0
-50.0,50,2770.762718,0.0
-50.0,50,2771.23491,0.0
-50.0,50,2771.726707,0.0
-50.0,50,2772.197676,0.0
-50.0,50,2772.665928,0.0
-50.0,50,2773.145622,0.0
-50.0,50,2773.630695,0.0
-50.0,50,2774.109721,0.0
-50.0,50,2774.573797,0.0
-50.0,50,2775.05303,0.0
-50.0,50,2775.530384,0.0
-50.0,50,2776.000308,0.0
-50.0,50,2776.470166,0.0
-50.0,50,2776.939817,0.0
-50.0,50,2777.422924,0.0
-50.0,50,2777.889047,0.0
0.0,50,2778.350919,1.0
-50.0,50,2778.817882,0.0
-50.0,50,2779.299751,0.0
-50.0,50,2779.7654,0.0
-50.0,50,2780.229914,0.0
-50.0,50,2780.705128,0.0
-50.0,50,2781.186878,0.0
-50.0,50,2781.652469,0.0
-50.0,50,2782.124345,0.0
-50.0,50,2782.603124,0.0
-50.0,50,2785.317499,0.0
-50.0,50,2785.792942,0.0
-50.0,50,2786.261387,0.0
-50.0,50,2786.733092,0.0
-50.0,50,2787.212908,0.0
-50.0,50,2787.701607,0.0
-50.0,50,2788.178733,0.0
-50.0,50,2788.64714,0.0
-50.0,50,2789.128071,0.0
-50.0,50,2789.590933,0.0
-50.0,50,2790.058063,0.0
-50.0,50,2790.5305,0.0
-50.0,50,2791.01931,0.0
-50.0,50,2791.483089,0.0
-50.0,50,2791.956023,0.0
-50.0,50,2792.420077,0.0
-50.0,50,2792.902307,0.0
-50.0,50,2793.365869,0.0
-50.0,50,2793.831794,0.0
-50.0,50,2794.309679,0.0
-50.0,50,2794.823319,0.0
-50.0,50,2795.29777,0.0
-50.0,50,2795.772288,0.0
-50.0,50,2796.237155,0.0
-50.0,50,2796.731035,0.0
-50.0,50,2797.207069,0.0
-50.0,50,2797.68182,0.0
-50.0,50,2798.167457,0.0
-50.0,50,2798.656334,0.0
0.0,50,2799.118556,1.0
-50.0,50,2799.587232,0.0
-50.0,50,2800.046139,0.0
-50.0,50,2800.534578,0.0
-50.0,50,2801.003765,0.0
-50.0,50,2801.47167,0.0
-50.0,50,2801.937018,0.0
-50.0,50,2802.429793,0.0
-50.0,50,2802.899709,0.0
-50.0,50,2803.365666,0.0
-50.0,50,2803.827179,0.0
-50.0,50,2804.312313,0.0
-50.0,50,2804.785053,0.0
-50.0,50,2805.247721,0.0
-50.0,50,2805.73661,0.0
-50.0,50,2806.234447,0.0
-50.0,50,2806.707209,0.0
-50.0,50,2807.180258,0.0
-50.0,50,2807.671891,0.0
-50.0,50,2808.175431,0.0
-50.0,50,2808.647338,0.0
-50.0,50,2809.114301,0.0
-50.0,50,2809.585208,0.0
-50.0,50,2810.064784,0.0
-50.0,50,2810.542167,0.0
-50.0,50,2811.00969,0.0
-50.0,50,2811.488961,0.0
-50.0,50,2811.985209,0.0
-50.0,50,2812.459084,0.0
-50.0,50,2812.92833,0.0
-50.0,50,2813.408401,0.0
-50.0,50,2813.89088,0.0
-50.0,50,2814.359794,0.0
-50.0,50,2814.831269,0.0
-50.0,50,2815.315022,0.0
-50.0,50,2815.810848,0.0
-50.0,50,2816.281882,0.0
-50.0,50,2816.757214,0.0
-50.0,50,2817.235334,0.0
-50.0,50,2817.765008,0.0
0.0,50,2818.232797,1.0
-50.0,50,2818.712427,0.0
-50.0,50,2819.197333,0.0
-50.0,50,2819.687149,0.0
0.0,50,2820.177202,1.0
-50.0,50,2820.660087,0.0
-50.0,50,2821.12807,0.0
-50.0,50,2821.603357,0.0
-50.0,50,2822.079766,0.0
-50.0,50,2822.549119,0.0
-50.0,50,2823.029021,0.0
-50.0,50,2823.528014,0.0
-50.0,50,2824.002766,0.0
-50.0,50,2824.468601,0.0
-50.0,50,2824.931902,0.0
-50.0,50,2825.41835,0.0
-50.0,50,2825.886888,0.0
-50.0,50,2826.359417,0.0
-50.0,50,2826.833117,0.0
-50.0,50,2827.324197,0.0
-50.0,50,2827.800099,0.0
-50.0,50,2828.273582,0.0
-50.0,50,2828.748971,0.0
-50.0,50,2829.236317,0.0
-50.0,50,2829.701217,0.0
-50.0,50,2830.164866,0.0
-50.0,50,2830.626593,0.0
-50.0,50,2831.113512,0.0
-50.0,50,2831.590106,0.0
-50.0,50,2832.065047,0.0
-50.0,50,2832.538983,0.0
-50.0,50,2833.009086,0.0
-50.0,50,2833.465889,0.0
-50.0,50,2833.927726,0.0
-50.0,50,2834.388909,0.0
-50.0,50,2834.887219,0.0
-50.0,50,2835.35841,0.0
-50.0,50,2835.823363,0.0
-50.0,50,2836.299288,0.0
-50.0,50,2836.780041,0.0
-50.0,50,2837.259152,0.0
-50.0,50,2837.725638,0.0
-50.0,50,2838.205762,0.0
-50.0,50,2838.684575,0.0
-50.0,50,2839.156417,0.0
-50.0,50,2839.629632,0.0
-50.0,50,2840.108058,0.0
-50.0,50,2840.596425,0.0
-50.0,50,2841.075243,0.0
0.0,50,2841.540667,1.0
0.0,50,2842.0108,1.0
-50.0,50,2842.503202,0.0
-50.0,50,2842.973991,0.0
-50.0,50,2843.450171,0.0
0.0,50,2843.931611,1.0
-50.0,50,2844.423567,0.0
-50.0,50,2844.888898,0.0
-50.0,50,2845.3633,0.0
-50.0,50,2845.839523,0.0
-50.0,50,2846.338315,0.0
-50.0,50,2846.81841,0.0
-50.0,50,2847.290412,0.0
-50.0,50,2847.768089,0.0
-50.0,50,2848.261949,0.0
-50.0,50,2848.732951,0.0
-50.0,50,2849.212229,0.0
-50.0,50,2849.691051,0.0
0.0,50,2850.170974,1.0
-50.0,50,2850.639858,0.0
-50.0,50,2851.116461,0.0
-50.0,50,2851.593069,0.0
-50.0,50,2852.078261,0.0
-50.0,50,2852.558599,0.0
-50.0,50,2853.026103,0.0
-50.0,50,2853.504164,0.0
-50.0,50,2853.990298,0.0
-50.0,50,2854.463161,0.0
0.0,50,2854.955762,1.0
-50.0,50,2855.431986,0.0
-50.0,50,2855.918835,0.0
-50.0,50,2856.392548,0.0
-50.0,50,2856.861575,0.0
-50.0,50,2857.342224,0.0
-50.0,50,2857.838335,0.0
0.0,50,2858.319563,1.0
-50.0,50,2858.789648,0.0
-50.0,50,2859.263731,0.0
-50.0,50,2859.74981,0.0
-50.0,50,2860.222337,0.0
-50.0,50,2860.691782,0.0
-50.0,50,2861.155002,0.0
-50.0,50,2861.647049,0.0
-50.0,50,2862.125953,0.0
-50.0,50,2862.605422,0.0
-50.0,50,2863.077671,0.0
-50.0,50,2863.568618,0.0
-50.0,50,2864.033636,0.0
-50.0,50,2864.512859,0.0
-50.0,50,2864.992625,0.0
-50.0,50,2865.475387,0.0
-50.0,50,2865.948937,0.0
-50.0,50,2866.426061,0.0
-50.0,50,2866.903765,0.0
-50.0,50,2867.387435,0.0
-50.0,50,2867.865275,0.0
-50.0,50,2868.331999,0.0
-50.0,50,2868.801473,0.0
-50.0,50,2869.294439,0.0
-50.0,50,2869.771753,0.0
-50.0,50,2870.247791,0.0
-50.0,50,2870.724196,0.0
-50.0,50,2871.219079,0.0
-50.0,50,2871.695531,0.0
-50.0,50,2872.1711,0.0
-50.0,50,2872.647521,0.0
-50.0,50,2873.138545,0.0
-50.0,50,2873.608041,0.0
-50.0,50,2874.081121,0.0
0.0,50,2874.571228,1.0
-50.0,50,2875.066308,0.0
-50.0,50,2875.54357,0.0
-50.0,50,2876.021324,0.0
-50.0,50,2876.494728,0.0
-50.0,50,2876.985334,0.0
-50.0,50,2877.449819,0.0
-50.0,50,2877.929112,0.0
-50.0,50,2878.401559,0.0
-50.0,50,2878.897316,0.0
-50.0,50,2879.367804,0.0
-50.0,50,2879.846736,0.0
-50.0,50,2880.333098,0.0
-50.0,50,2883.193152,0.0
-50.0,50,2883.6772,0.0
-50.0,50,2884.144353,0.0
0.0,50,2884.630706,1.0
-50.0,50,2885.125211,0.0
-50.0,50,2885.606757,0.0
-50.0,50,2886.088091,0.0
-50.0,50,2886.566728,0.0
-50.0,50,2887.057057,0.0
-50.0,50,2887.535615,0.0
-50.0,50,2888.023499,0.0
-50.0,50,2888.499039,0.0
-50.0,50,2888.988252,0.0
0.0,50,2889.461421,1.0
-50.0,50,2889.940025,0.0
-50.0,50,2890.420537,0.0
-50.0,50,2890.912667,0.0
0.0,50,2891.39887,1.0
-50.0,50,2891.874807,0.0
-50.0,50,2892.344993,0.0
-50.0,50,2892.826765,0.0
-50.0,50,2893.30748,0.0
-50.0,50,2893.77816,0.0
-50.0,50,2894.252131,0.0
-50.0,50,2894.74328,0.0
-50.0,50,2895.222684,0.0
-50.0,50,2895.706662,0.0
-50.0,50,2896.172397,0.0
-50.0,50,2896.675275,0.0
-50.0,50,2897.150191,0.0
-50.0,50,2897.623742,0.0
-50.0,50,2898.108692,0.0
-50.0,50,2898.599929,0.0
-50.0,50,2899.077045,0.0
-50.0,50,2899.552266,0.0
0.0,50,2900.026474,1.0
-50.0,50,2900.511537,0.0
-50.0,50,2900.983922,0.0
-50.0,50,2901.470753,0.0
-50.0,50,2901.944767,0.0
-50.0,50,2902.435687,0.0
0.0,50,2902.898646,1.0
-50.0,50,2903.376142,0.0
-50.0,50,2903.8607,0.0
-50.0,50,2904.355459,0.0
0.0,50,2904.838208,1.0
-50.0,50,2905.314079,0.0
-50.0,50,2905.787572,0.0
-50.0,50,2906.268349,0.0
-50.0,50,2906.739604,0.0
-50.0,50,2907.206668,0.0
-50.0,50,2907.684426,0.0
0.0,50,2908.19055,1.0
-50.0,50,2908.66722,0.0
-50.0,50,2909.134357,0.0
-50.0,50,2909.612184,0.0
-50.0,50,2910.088423,0.0
-50.0,50,2910.563438,0.0
-50.0,50,2911.031524,0.0
-50.0,50,2911.506899,0.0
-50.0,50,2911.9967,0.0
-50.0,50,2912.472997,0.0
-50.0,50,2912.945444,0.0
-50.0,50,2913.414472,0.0
-50.0,50,2913.919338,0.0
-50.0,50,2914.393084,0.0
-50.0,50,2914.862704,0.0
-50.0,50,2915.343821,0.0
-50.0,50,2915.830584,0.0
-50.0,50,2916.304811,0.0
0.0,50,2916.798694,1.0
-50.0,50,2917.28017,0.0
-50.0,50,2917.759026,0.0
-50.0,50,2918.252406,0.0
-50.0,50,2918.740405,0.0
-50.0,50,2919.219136,0.0
-50.0,50,2919.718445,0.0
-50.0,50,2920.199846,0.0
-50.0,50,2920.67836,0.0
-50.0,50,2921.153565,0.0
-50.0,50,2921.644987,0.0
-50.0,50,2922.126244,0.0
-50.0,50,2922.604287,0.0
-50.0,50,2923.084559,0.0
-50.0,50,2923.582539,0.0
-50.0,50,2924.062225,0.0
-50.0,50,2924.540218,0.0
-50.0,50,2925.02153,0.0
-50.0,50,2925.517429,0.0
-50.0,50,2925.986636,0.0
-50.0,50,2926.468872,0.0
-50.0,50,2926.949726,0.0
-50.0,50,2927.439643,0.0
-50.0,50,2927.935471,0.0
-50.0,50,2928.416353,0.0
-50.0,50,2928.886018,0.0
-50.0,50,2929.381945,0.0
-50.0,50,2929.854522,0.0
-50.0,50,2930.329432,0.0
-50.0,50,2930.806212,0.0
-50.0,50,2931.305333,0.0
-50.0,50,2931.774043,0.0
-50.0,50,2932.27956,0.0
-50.0,50,2932.75465,0.0
-50.0,50,2933.245173,0.0
-50.0,50,2933.722837,0.0
-50.0,50,2934.193276,0.0
-50.0,50,2934.684697,0.0
-50.0,50,2935.165265,0.0
-50.0,50,2935.641767,0.0
-50.0,50,2936.117156,0.0
0.0,50,2936.587417,1.0
-50.0,50,2937.069162,0.0
-50.0,50,2937.542025,0.0
-50.0,50,2938.018326,0.0
0.0,50,2938.491453,1.0
0.0,50,2938.98693,1.0
0.0,50,2939.47762,1.0
-50.0,50,2939.958973,0.0
-50.0,50,2940.438117,0.0
-50.0,50,2940.921906,0.0
-50.0,50,2941.389702,0.0
-50.0,50,2941.858006,0.0
-50.0,50,2942.336909,0.0
-50.0,50,2942.822901,0.0
-50.0,50,2943.289555,0.0
0.0,50,2943.760851,1.0
-50.0,50,2944.239003,0.0
-50.0,50,2944.728457,0.0
-50.0,50,2945.195172,0.0
-50.0,50,2945.679061,0.0
-50.0,50,2946.146188,0.0
-50.0,50,2946.640045,0.0
-50.0,50,2947.123622,0.0
-50.0,50,2947.601603,0.0
-50.0,50,2948.086077,0.0
-50.0,50,2948.577512,0.0
-50.0,50,2949.052236,0.0
-50.0,50,2949.534607,0.0
-50.0,50,2950.017057,0.0
-50.0,50,2950.50278,0.0
-50.0,50,2950.971279,0.0
-50.0,50,2951.442933,0.0
-50.0,50,2951.917863,0.0
-50.0,50,2952.405604,0.0
-50.0,50,2952.866398,0.0
-50.0,50,2953.340754,0.0
-50.0,50,2953.798488,0.0
-50.0,50,2954.270396,0.0
-50.0,50,2954.738933,0.0
-50.0,50,2955.210073,0.0
-50.0,50,2955.670583,0.0
-50.0,50,2956.157946,0.0
-50.0,50,2956.620389,0.0
-50.0,50,2957.080912,0.0
-50.0,50,2957.546541,0.0
-50.0,50,2958.031986,0.0
-50.0,50,2958.506317,0.0
-50.0,50,2958.979182,0.0
-50.0,50,2959.445282,0.0
-50.0,50,2959.921601,0.0
-50.0,50,2960.395308,0.0
-50.0,50,2960.861226,0.0
-50.0,50,2961.327978,0.0
-50.0,50,2961.815895,0.0
-50.0,50,2962.285954,0.0
-50.0,50,2962.760433,0.0
-50.0,50,2963.23508,0.0
-50.0,50,2963.720635,0.0
-50.0,50,2964.188085,0.0
-50.0,50,2964.666984,0.0
-50.0,50,2965.141196,0.0
-50.0,50,2965.626644,0.0
-50.0,50,2966.097476,0.0
-50.0,50,2966.564156,0.0
-50.0,50,2967.044864,0.0
-50.0,50,2967.53295,0.0
-50.0,50,2968.004596,0.0
-50.0,50,2968.472228,0.0
-50.0,50,2968.950595,0.0
-50.0,50,2969.428038,0.0
-50.0,50,2969.915743,0.0
-50.0,50,2970.387619,0.0
-50.0,50,2970.861226,0.0
-50.0,50,2971.35699,0.0
-50.0,50,2971.834382,0.0
-50.0,50,2972.313228,0.0
-50.0,50,2972.777824,0.0
-50.0,50,2973.257436,0.0
-50.0,50,2973.734871,0.0
-50.0,50,2974.204071,0.0
-50.0,50,2974.670197,0.0
-50.0,50,2975.15172,0.0
-50.0,50,2975.628649,0.0
-50.0,50,2976.115497,0.0
-50.0,50,2976.59756,0.0
-50.0,50,2977.104244,0.0
-50.0,50,2977.587914,0.0
-50.0,50,2978.076982,0.0
-50.0,50,2978.564018,0.0
-50.0,50,2981.406517,0.0
-50.0,50,2981.885759,0.0
-50.0,50,2982.368761,0.0
-50.0,50,2982.847771,0.0
-50.0,50,2983.336741,0.0
-50.0,50,2983.808923,0.0
0.0,50,2984.286576,1.0
-50.0,50,2984.763917,0.0
-50.0,50,2985.274108,0.0
-50.0,50,2985.750386,0.0
0.0,50,2986.23136,1.0
-50.0,50,2986.714151,0.0
-50.0,50,2987.202702,0.0
-50.0,50,2987.687835,0.0
-50.0,50,2988.18808,0.0
0.0,50,2988.657329,1.0
-50.0,50,2989.139777,0.0
-50.0,50,2989.629751,0.0
-50.0,50,2990.12079,0.0
-50.0,50,2990.612596,0.0
-50.0,50,2991.103189,0.0
-50.0,50,2991.593758,0.0
-50.0,50,2992.080021,0.0
-50.0,50,2992.548408,0.0
-50.0,50,2993.046211,0.0
-50.0,50,2993.528578,0.0
-50.0,50,2994.020018,0.0
-50.0,50,2994.502811,0.0
0.0,50,2995.001853,1.0
-50.0,50,2995.481436,0.0
-50.0,50,2995.969581,0.0
-50.0,50,2996.446667,0.0
-50.0,50,2996.949904,0.0
-50.0,50,2997.424991,0.0
-50.0,50,2997.913776,0.0
-50.0,50,2998.399696,0.0
-50.0,50,2998.902258,0.0
-50.0,50,2999.384705,0.0
0.0,50,2999.859005,1.0
-50.0,50,3000.348638,0.0
-50.0,50,3000.843909,0.0
-50.0,50,3001.32382,0.0
-50.0,50,3001.812691,0.0
-50.0,50,3002.300355,0.0
0.0,50,3002.798954,1.0
-50.0,50,3003.274313,0.0
-50.0,50,3003.762167,0.0
-50.0,50,3004.25283,0.0
-50.0,50,3004.765676,0.0
-50.0,50,3005.252909,0.0
-50.0,50,3005.730602,0.0
-50.0,50,3006.215611,0.0
-50.0,50,3006.741015,0.0
-50.0,50,3007.212837,0.0
-50.0,50,3007.700039,0.0
-50.0,50,3008.188609,0.0
-50.0,50,3008.706595,0.0
-50.0,50,3009.18814,0.0
-50.0,50,3009.67149,0.0
-50.0,50,3010.150956,0.0
-50.0,50,3010.693046,0.0
-50.0,50,3011.188875,0.0
-50.0,50,3011.679813,0.0
-50.0,50,3012.155696,0.0
-50.0,50,3012.698821,0.0
-50.0,50,3013.197668,0.0
-50.0,50,3013.68189,0.0
-50.0,50,3014.167616,0.0
-50.0,50,3014.68994,0.0
-50.0,50,3015.185699,0.0
-50.0,50,3015.680574,0.0
-50.0,50,3016.168906,0.0
-50.0,50,3016.701748,0.0
-50.0,50,3017.184829,0.0
-50.0,50,3017.663594,0.0
0.0,50,3018.159669,1.0
-50.0,50,3018.685069,0.0
-50.0,50,3019.164088,0.0
-50.0,50,3019.638902,0.0
-50.0,50,3020.125833,0.0
-50.0,50,3020.640179,0.0
-50.0,50,3021.13545,0.0
-50.0,50,3021.62446,0.0
-50.0,50,3022.101435,0.0
-50.0,50,3022.605397,0.0
-50.0,50,3023.085255,0.0
-50.0,50,3023.559094,0.0
-50.0,50,3024.042101,0.0
-50.0,50,3024.558612,0.0
-50.0,50,3025.039222,0.0
-50.0,50,3025.523004,0.0
0.0,50,3026.00037,1.0
-50.0,50,3026.517405,0.0
-50.0,50,3026.989438,0.0
-50.0,50,3027.463026,0.0
-50.0,50,3027.947917,0.0
-50.0,50,3028.461172,0.0
-50.0,50,3028.945553,0.0
-50.0,50,3029.426538,0.0
-50.0,50,3029.907981,0.0
-50.0,50,3030.415781,0.0
-50.0,50,3030.9,0.0
-50.0,50,3031.3933,0.0
-50.0,50,3031.882062,0.0
-50.0,50,3032.393233,0.0
-50.0,50,3032.879097,0.0
-50.0,50,3033.363291,0.0
-50.0,50,3033.84674,0.0
-50.0,50,3034.378078,0.0
0.0,50,3034.849754,1.0
-50.0,50,3035.323297,0.0
-50.0,50,3035.804513,0.0
-50.0,50,3036.308457,0.0
-50.0,50,3036.785404,0.0
-50.0,50,3037.278444,0.0
-50.0,50,3037.773634,0.0
-50.0,50,3038.292943,0.0
-50.0,50,3038.764187,0.0
-50.0,50,3039.245356,0.0
-50.0,50,3039.731874,0.0
-50.0,50,3040.233366,0.0
-50.0,50,3040.713163,0.0
-50.0,50,3041.196279,0.0
-50.0,50,3041.673403,0.0
-50.0,50,3042.192468,0.0
-50.0,50,3042.665189,0.0
-50.0,50,3043.138979,0.0
-50.0,50,3043.62928,0.0
-50.0,50,3044.153008,0.0
0.0,50,3044.656386,1.0
-50.0,50,3045.127474,0.0
-50.0,50,3045.60267,0.0
-50.0,50,3046.124748,0.0
-50.0,50,3046.601559,0.0
-50.0,50,3047.07897,0.0
-50.0,50,3047.565993,0.0
-50.0,50,3048.09861,0.0
-50.0,50,3048.591113,0.0
-50.0,50,3049.089748,0.0
-50.0,50,3049.575416,0.0
-50.0,50,3050.104813,0.0
-50.0,50,3050.599552,0.0
-50.0,50,3051.081326,0.0
-50.0,50,3051.557708,0.0
-50.0,50,3052.070888,0.0
-50.0,50,3052.563295,0.0
-50.0,50,3053.051958,0.0
-50.0,50,3053.554192,0.0
-50.0,50,3054.062206,0.0
-50.0,50,3054.543674,0.0
-50.0,50,3055.020869,0.0
-50.0,50,3055.50782,0.0
-50.0,50,3056.028566,0.0
-50.0,50,3056.541148,0.0
-50.0,50,3057.016226,0.0
-50.0,50,3057.491174,0.0
-50.0,50,3057.986759,0.0
0.0,50,3058.464817,1.0
-50.0,50,3058.951448,0.0
0.0,50,3059.444354,1.0
-50.0,50,3059.954798,0.0
-50.0,50,3060.428702,0.0
-50.0,50,3060.902125,0.0
-50.0,50,3061.382822,0.0
-50.0,50,3061.899857,0.0
-50.0,50,3062.390926,0.0
0.0,50,3062.875908,1.0
-50.0,50,3063.362211,0.0
-50.0,50,3063.855845,0.0
-50.0,50,3064.335905,0.0
-50.0,50,3064.812704,0.0
-50.0,50,3065.29891,0.0
-50.0,50,3065.800959,0.0
-50.0,50,3066.294458,0.0
-50.0,50,3066.780946,0.0
-50.0,50,3067.274693,0.0
-50.0,50,3067.805241,0.0
-50.0,50,3068.293008,0.0
-50.0,50,3068.770653,0.0
-50.0,50,3069.259034,0.0
-50.0,50,3069.777113,0.0
-50.0,50,3070.257893,0.0
0.0,50,3070.745136,1.0
-50.0,50,3071.222809,0.0
-50.0,50,3071.731009,0.0
0.0,50,3072.23786,1.0
-50.0,50,3072.725947,0.0
-50.0,50,3073.193775,0.0
-50.0,50,3073.69665,0.0
-50.0,50,3074.188793,0.0
-50.0,50,3074.669044,0.0
0.0,50,3075.156946,1.0
-50.0,50,3075.65357,0.0
-50.0,50,3076.135615,0.0
0.0,50,3076.614743,1.0
-50.0,50,3077.095153,0.0
-50.0,50,3077.612874,0.0
-50.0,50,3078.101847,0.0
-50.0,50,3078.581236,0.0
-50.0,50,3079.071239,0.0
-50.0,50,3081.900782,0.0
-50.0,50,3082.416555,0.0
-50.0,50,3082.896341,0.0
-50.0,50,3083.385373,0.0
-50.0,50,3083.885788,0.0
0.0,50,3084.376768,1.0
-50.0,50,3084.857761,0.0
-50.0,50,3085.336814,0.0
-50.0,50,3085.869018,0.0
-50.0,50,3086.356843,0.0
-50.0,50,3086.854455,0.0
-50.0,50,3087.343267,0.0
-50.0,50,3087.834442,0.0
-50.0,50,3088.30302,0.0
-50.0,50,3088.789637,0.0
-50.0,50,3089.279662,0.0
-50.0,50,3089.789248,0.0
-50.0,50,3090.261279,0.0
-50.0,50,3090.75122,0.0
-50.0,50,3091.229353,0.0
-50.0,50,3091.734915,0.0
-50.0,50,3092.2122,0.0
-50.0,50,3092.70421,0.0
-50.0,50,3093.191061,0.0
-50.0,50,3093.694397,0.0
-50.0,50,3094.188305,0.0
-50.0,50,3094.662282,0.0
-50.0,50,3095.155864,0.0
-50.0,50,3095.648827,0.0
-50.0,50,3096.124152,0.0
-50.0,50,3096.611568,0.0
-50.0,50,3097.108869,0.0
-50.0,50,3097.597869,0.0
-50.0,50,3098.102269,0.0
-50.0,50,3098.580774,0.0
-50.0,50,3099.05841,0.0
-50.0,50,3099.561458,0.0
-50.0,50,3100.073859,0.0
-50.0,50,3100.563052,0.0
-50.0,50,3101.037291,0.0
0.0,50,3101.537853,1.0
-50.0,50,3102.026919,0.0
-50.0,50,3102.49761,0.0
-50.0,50,3102.97786,0.0
-50.0,50,3103.470684,0.0
-50.0,50,3103.954763,0.0
-50.0,50,3104.429021,0.0
-50.0,50,3104.905502,0.0
-50.0,50,3105.402454,0.0
-50.0,50,3105.885943,0.0
0.0,50,3106.384759,1.0
-50.0,50,3106.869579,0.0
-50.0,50,3107.355769,0.0
-50.0,50,3107.832529,0.0
-50.0,50,3108.315077,0.0
-50.0,50,3108.788039,0.0
-50.0,50,3109.279147,0.0
-50.0,50,3109.75244,0.0
-50.0,50,3110.226247,0.0
-50.0,50,3110.698038,0.0
-50.0,50,3111.197891,0.0
-50.0,50,3111.665948,0.0
-50.0,50,3112.134806,0.0
-50.0,50,3112.602765,0.0
-50.0,50,3113.0842,0.0
-50.0,50,3113.559458,0.0
-50.0,50,3114.031999,0.0
-50.0,50,3114.501209,0.0
-50.0,50,3114.98205,0.0
-50.0,50,3115.454503,0.0
-50.0,50,3115.911979,0.0
-50.0,50,3116.38529,0.0
-50.0,50,3116.868257,0.0
-50.0,50,3117.337944,0.0
-50.0,50,3117.807948,0.0
-50.0,50,3118.270064,0.0
-50.0,50,3118.748482,0.0
-50.0,50,3119.210837,0.0
-50.0,50,3119.676373,0.0
-50.0,50,3120.149025,0.0
-50.0,50,3120.633102,0.0
-50.0,50,3121.104509,0.0
-50.0,50,3121.574082,0.0
-50.0,50,3122.051322,0.0
-50.0,50,3122.524822,0.0
-50.0,50,3122.99315,0.0
-50.0,50,3123.470813,0.0
-50.0,50,3123.930049,0.0
-50.0,50,3124.422026,0.0
-50.0,50,3124.883022,0.0
-50.0,50,3125.355347,0.0
-50.0,50,3125.822847,0.0
-50.0,50,3126.320328,0.0
-50.0,50,3126.801809,0.0
-50.0,50,3127.273126,0.0
-50.0,50,3127.745559,0.0
0.0,50,3128.234961,1.0
-50.0,50,3128.70654,0.0
-50.0,50,3129.187045,0.0
-50.0,50,3129.658177,0.0
-50.0,50,3130.15063,0.0
-50.0,50,3130.616778,0.0
-50.0,50,3131.090608,0.0
-50.0,50,3131.566651,0.0
-50.0,50,3132.056078,0.0
-50.0,50,3132.534257,0.0
-50.0,50,3133.005553,0.0
-50.0,50,3133.480369,0.0
-50.0,50,3133.96843,0.0
-50.0,50,3134.436094,0.0
-50.0,50,3134.905394,0.0
-50.0,50,3135.382575,0.0
-50.0,50,3135.863023,0.0
-50.0,50,3136.346211,0.0
-50.0,50,3136.814864,0.0
-50.0,50,3137.295312,0.0
-50.0,50,3137.789441,0.0
-50.0,50,3138.263161,0.0
-50.0,50,3138.736384,0.0
-50.0,50,3139.22165,0.0
-50.0,50,3139.71255,0.0
-50.0,50,3140.184543,0.0
-50.0,50,3140.661075,0.0
-50.0,50,3141.139297,0.0
0.0,50,3141.651721,1.0
-50.0,50,3142.137149,0.0
-50.0,50,3142.617351,0.0
-50.0,50,3143.099783,0.0
-50.0,50,3143.583822,0.0
-50.0,50,3144.063687,0.0
-50.0,50,3144.543281,0.0
0.0,50,3145.02817,1.0
-50.0,50,3145.512139,0.0
-50.0,50,3145.994831,0.0
-50.0,50,3146.48686,0.0
-50.0,50,3146.970595,0.0
-50.0,50,3147.470298,0.0
-50.0,50,3147.96395,0.0
-50.0,50,3148.451256,0.0
0.0,50,3148.951503,1.0
-50.0,50,3149.480706,0.0
-50.0,50,3149.961776,0.0
-50.0,50,3150.445298,0.0
-50.0,50,3150.91354,0.0
-50.0,50,3151.398828,0.0
-50.0,50,3151.874285,0.0
-50.0,50,3152.348174,0.0
-50.0,50,3152.823707,0.0
-50.0,50,3153.329658,0.0
-50.0,50,3153.806361,0.0
-50.0,50,3154.282885,0.0
-50.0,50,3154.756745,0.0
-50.0,50,3155.270734,0.0
-50.0,50,3155.746786,0.0
-50.0,50,3156.222644,0.0
-50.0,50,3156.71013,0.0
-50.0,50,3157.206327,0.0
-50.0,50,3157.672984,0.0
-50.0,50,3158.158753,0.0
-50.0,50,3158.626223,0.0
-50.0,50,3159.116742,0.0
-50.0,50,3159.579244,0.0
-50.0,50,3160.05465,0.0
0.0,50,3160.519457,1.0
-50.0,50,3161.01357,0.0
-50.0,50,3161.477021,0.0
-50.0,50,3161.952883,0.0
-50.0,50,3162.428559,0.0
-50.0,50,3162.926554,0.0
-50.0,50,3163.402649,0.0
-50.0,50,3163.880995,0.0
-50.0,50,3164.355243,0.0
-50.0,50,3164.846785,0.0
-50.0,50,3165.323387,0.0
-50.0,50,3165.793079,0.0
-50.0,50,3166.249664,0.0
-50.0,50,3166.725872,0.0
-50.0,50,3167.20501,0.0
-50.0,50,3167.674091,0.0
-50.0,50,3168.151894,0.0
-50.0,50,3168.640872,0.0
-50.0,50,3169.127716,0.0
0.0,50,3169.616998,1.0
-50.0,50,3170.102362,0.0
-50.0,50,3170.598423,0.0
-50.0,50,3171.083328,0.0
-50.0,50,3171.574069,0.0
-50.0,50,3172.063544,0.0
-50.0,50,3172.556652,0.0
-50.0,50,3173.039686,0.0
-50.0,50,3173.522904,0.0
-50.0,50,3174.01171,0.0
-50.0,50,3174.507632,0.0
-50.0,50,3174.982653,0.0
-50.0,50,3175.475631,0.0
-50.0,50,3175.964078,0.0
-50.0,50,3176.454026,0.0
-50.0,50,3176.935691,0.0
-50.0,50,3177.423626,0.0
-50.0,50,3177.900651,0.0
-50.0,50,3180.777764,0.0
-50.0,50,3181.271095,0.0
-50.0,50,3181.767391,0.0
-50.0,50,3182.250988,0.0
-50.0,50,3182.755304,0.0
-50.0,50,3183.248395,0.0
0.0,50,3183.726171,1.0
-50.0,50,3184.208779,0.0
-50.0,50,3184.720674,0.0
-50.0,50,3185.214924,0.0
-50.0,50,3185.706448,0.0
-50.0,50,3186.200506,0.0
-50.0,50,3186.706683,0.0
-50.0,50,3187.198588,0.0
-50.0,50,3187.686306,0.0
-50.0,50,3188.191966,0.0
-50.0,50,3188.703928,0.0
0.0,50,3189.192998,1.0
-50.0,50,3189.677018,0.0
-50.0,50,3190.154302,0.0
-50.0,50,3190.662687,0.0
-50.0,50,3191.147742,0.0
-50.0,50,3191.63766,0.0
-50.0,50,3192.128021,0.0
0.0,50,3192.619129,1.0
0.0,50,3193.11139,1.0
-50.0,50,3193.597935,0.0
0.0,50,3194.099196,1.0
-50.0,50,3194.605357,0.0
-50.0,50,3195.098658,0.0
-50.0,50,3195.579036,0.0
-50.0,50,3196.043532,0.0
-50.0,50,3196.531228,0.0
0.0,50,3197.009262,1.0
-50.0,50,3197.47803,0.0
-50.0,50,3197.942202,0.0
-50.0,50,3198.436774,0.0
-50.0,50,3198.907973,0.0
-50.0,50,3199.373845,0.0
-50.0,50,3199.841312,0.0
-50.0,50,3200.326152,0.0
-50.0,50,3200.798416,0.0
-50.0,50,3201.275198,0.0
-50.0,50,3201.753613,0.0
-50.0,50,3202.259547,0.0
-50.0,50,3202.746453,0.0
-50.0,50,3203.232548,0.0
-50.0,50,3203.71504,0.0
0.0,50,3204.223396,1.0
-50.0,50,3204.695505,0.0
-50.0,50,3205.172335,0.0
-50.0,50,3205.640504,0.0
-50.0,50,3206.126221,0.0
-50.0,50,3206.611603,0.0
-50.0,50,3207.088943,0.0
0.0,50,3207.563117,1.0
-50.0,50,3208.05554,0.0
-50.0,50,3208.543608,0.0
-50.0,50,3209.027878,0.0
-50.0,50,3209.513739,0.0
-50.0,50,3210.00236,0.0
-50.0,50,3210.480509,0.0
-50.0,50,3210.946516,0.0
-50.0,50,3211.429354,0.0
-50.0,50,3211.927851,0.0
-50.0,50,3212.400628,0.0
-50.0,50,3212.872744,0.0
0.0,50,3213.34668,1.0
-50.0,50,3213.849406,0.0
-50.0,50,3214.322762,0.0
-50.0,50,3214.806083,0.0
-50.0,50,3215.289373,0.0
-50.0,50,3215.779711,0.0
-50.0,50,3216.257575,0.0
0.0,50,3216.72887,1.0
-50.0,50,3217.213919,0.0
-50.0,50,3217.711739,0.0
-50.0,50,3218.202556,0.0
-50.0,50,3218.688375,0.0
-50.0,50,3219.182782,0.0
-50.0,50,3219.689778,0.0
-50.0,50,3220.17375,0.0
-50.0,50,3220.649046,0.0
-50.0,50,3221.128721,0.0
-50.0,50,3221.642319,0.0
-50.0,50,3222.13273,0.0
-50.0,50,3222.62021,0.0
-50.0,50,3223.093806,0.0
-50.0,50,3223.589644,0.0
-50.0,50,3224.058766,0.0
-50.0,50,3224.556034,0.0
-50.0,50,3225.043147,0.0
-50.0,50,3225.537086,0.0
0.0,50,3226.010852,1.0
-50.0,50,3226.511859,0.0
-50.0,50,3226.986783,0.0
-50.0,50,3227.462738,0.0
-50.0,50,3227.927133,0.0
-50.0,50,3228.434623,0.0
-50.0,50,3228.917435,0.0
-50.0,50,3229.410619,0.0
-50.0,50,3229.88449,0.0
-50.0,50,3230.36566,0.0
-50.0,50,3230.846472,0.0
-50.0,50,3231.335257,0.0
-50.0,50,3231.818861,0.0
-50.0,50,3232.292454,0.0
-50.0,50,3232.760591,0.0
-50.0,50,3233.250964,0.0
-50.0,50,3233.723483,0.0
-50.0,50,3234.201517,0.0
-50.0,50,3234.683588,0.0
-50.0,50,3235.164927,0.0
-50.0,50,3235.630085,0.0
-50.0,50,3236.10626,0.0
-50.0,50,3236.573657,0.0
-50.0,50,3237.054265,0.0
-50.0,50,3237.523156,0.0
0.0,50,3237.988621,1.0
-50.0,50,3238.462831,0.0
-50.0,50,3238.945651,0.0
-50.0,50,3239.416746,0.0
-50.0,50,3239.890262,0.0
-50.0,50,3240.361581,0.0
-50.0,50,3240.852799,0.0
-50.0,50,3241.347784,0.0
-50.0,50,3241.823641,0.0
-50.0,50,3242.291359,0.0
-50.0,50,3242.786476,0.0
-50.0,50,3243.245714,0.0
-50.0,50,3243.719576,0.0
-50.0,50,3244.179399,0.0
-50.0,50,3244.667474,0.0
-50.0,50,3245.135483,0.0
0.0,50,3245.617936,1.0
-50.0,50,3246.091157,0.0
0.0,50,3246.580776,1.0
-50.0,50,3247.076217,0.0
-50.0,50,3247.546691,0.0
-50.0,50,3248.020208,0.0
-50.0,50,3248.508014,0.0
-50.0,50,3248.979889,0.0
-50.0,50,3249.455739,0.0
0.0,50,3249.930498,1.0
-50.0,50,3250.417856,0.0
-50.0,50,3250.890973,0.0
0.0,50,3251.381249,1.0
-50.0,50,3251.854093,0.0
-50.0,50,3252.346149,0.0
-50.0,50,3252.813355,0.0
-50.0,50,3253.300972,0.0
-50.0,50,3253.776459,0.0
-50.0,50,3254.265485,0.0
-50.0,50,3254.739443,0.0
-50.0,50,3255.212707,0.0
-50.0,50,3255.675792,0.0
-50.0,50,3256.163509,0.0
-50.0,50,3256.642781,0.0
-50.0,50,3257.116567,0.0
-50.0,50,3257.587251,0.0
-50.0,50,3258.064092,0.0
0.0,50,3258.544618,1.0
-50.0,50,3259.009112,0.0
-50.0,50,3259.482198,0.0
-50.0,50,3259.964492,0.0
0.0,50,3260.431625,1.0
-50.0,50,3260.895211,0.0
-50.0,50,3261.363697,0.0
-50.0,50,3261.848443,0.0
-50.0,50,3262.323957,0.0
-50.0,50,3262.791179,0.0
-50.0,50,3263.267865,0.0
-50.0,50,3263.75146,0.0
-50.0,50,3264.225439,0.0
-50.0,50,3264.700802,0.0
-50.0,50,3265.165245,0.0
-50.0,50,3265.678103,0.0
-50.0,50,3266.145887,0.0
-50.0,50,3266.606507,0.0
-50.0,50,3267.077024,0.0
-50.0,50,3267.559805,0.0
-50.0,50,3268.035985,0.0
-50.0,50,3268.511228,0.0
-50.0,50,3268.990061,0.0
-50.0,50,3269.47638,0.0
-50.0,50,3269.941157,0.0
-50.0,50,3270.409995,0.0
-50.0,50,3270.875701,0.0
-50.0,50,3271.361208,0.0
-50.0,50,3271.833602,0.0
-50.0,50,3272.303742,0.0
-50.0,50,3272.778944,0.0
-50.0,50,3273.262514,0.0
-50.0,50,3273.724057,0.0
-50.0,50,3274.196446,0.0
-50.0,50,3274.66906,0.0
0.0,50,3275.170036,1.0
-50.0,50,3275.63405,0.0
-50.0,50,3276.109002,0.0
-50.0,50,3276.587602,0.0
-50.0,50,3279.351969,0.0
0.0,50,3279.823194,1.0
-50.0,50,3280.295088,0.0
-50.0,50,3280.763648,0.0
-50.0,50,3281.250696,0.0
-50.0,50,3281.720058,0.0
0.0,50,3282.177031,1.0
-50.0,50,3282.632982,0.0
-50.0,50,3283.126969,0.0
-50.0,50,3283.604002,0.0
-50.0,50,3284.075111,0.0
-50.0,50,3284.546298,0.0
-50.0,50,3285.044068,0.0
-50.0,50,3285.510373,0.0
-50.0,50,3285.987619,0.0
-50.0,50,3286.465014,0.0
-50.0,50,3286.95945,0.0
-50.0,50,3287.424811,0.0
-50.0,50,3287.907377,0.0
-50.0,50,3288.412027,0.0
-50.0,50,3288.899745,0.0
-50.0,50,3289.370706,0.0
-50.0,50,3289.83826,0.0
-50.0,50,3290.304831,0.0
-50.0,50,3290.78396,0.0
0.0,50,3291.271369,1.0
-50.0,50,3291.74301,0.0
-50.0,50,3292.226044,0.0
-50.0,50,3292.711656,0.0
0.0,50,3293.184973,1.0
-50.0,50,3293.646554,0.0
-50.0,50,3294.111995,0.0
-50.0,50,3294.604739,0.0
-50.0,50,3295.073472,0.0
-50.0,50,3295.544976,0.0
0.0,50,3295.999854,1.0
-50.0,50,3296.476771,0.0
-50.0,50,3296.933815,0.0
-50.0,50,3297.404949,0.0
-50.0,50,3297.86996,0.0
-50.0,50,3298.356948,0.0
-50.0,50,3298.816585,0.0
-50.0,50,3299.278147,0.0
-50.0,50,3299.734717,0.0
-50.0,50,3300.221317,0.0
-50.0,50,3300.685525,0.0
-50.0,50,3301.139997,0.0
-50.0,50,3301.607972,0.0
-50.0,50,3302.106737,0.0
-50.0,50,3302.576914,0.0
-50.0,50,3303.043174,0.0
-50.0,50,3303.52223,0.0
-50.0,50,3304.004787,0.0
-50.0,50,3304.471373,0.0
-50.0,50,3304.940541,0.0
-50.0,50,3305.397894,0.0
0.0,50,3305.86675,1.0
-50.0,50,3306.3363,0.0
-50.0,50,3306.805573,0.0
-50.0,50,3307.263803,0.0
-50.0,50,3307.752806,0.0
-50.0,50,3308.235863,0.0
-50.0,50,3308.708241,0.0
-50.0,50,3309.178155,0.0
-50.0,50,3309.664237,0.0
-50.0,50,3310.139359,0.0
-50.0,50,3310.611788,0.0
0.0,50,3311.073536,1.0
0.0,50,3311.569949,1.0
-50.0,50,3312.037776,0.0
-50.0,50,3312.502919,0.0
-50.0,50,3312.971115,0.0
0.0,50,3313.462321,1.0
-50.0,50,3313.92711,0.0
-50.0,50,3314.393631,0.0
-50.0,50,3314.860042,0.0
0.0,50,3315.343379,1.0
-50.0,50,3315.815783,0.0
-50.0,50,3316.284863,0.0
-50.0,50,3316.76521,0.0
-50.0,50,3317.259277,0.0
-50.0,50,3317.730937,0.0
-50.0,50,3318.205156,0.0
-50.0,50,3318.676612,0.0
-50.0,50,3319.156653,0.0
-50.0,50,3319.630728,0.0
-50.0,50,3320.112282,0.0
-50.0,50,3320.580574,0.0
-50.0,50,3321.069779,0.0
-50.0,50,3321.543426,0.0
-50.0,50,3322.021225,0.0
-50.0,50,3322.490278,0.0
-50.0,50,3322.977565,0.0
-50.0,50,3323.444595,0.0
-50.0,50,3323.915629,0.0
-50.0,50,3324.386347,0.0
-50.0,50,3324.873326,0.0
-50.0,50,3325.360134,0.0
0.0,50,3325.834428,1.0
-50.0,50,3326.306903,0.0
-50.0,50,3326.796283,0.0
-50.0,50,3327.253118,0.0
-50.0,50,3327.717309,0.0
-50.0,50,3328.18342,0.0
-50.0,50,3328.668938,0.0
-50.0,50,3329.136229,0.0
-50.0,50,3329.595016,0.0
-50.0,50,3330.063045,0.0
-50.0,50,3330.555906,0.0
-50.0,50,3331.024068,0.0
-50.0,50,3331.490885,0.0
-50.0,50,3331.958086,0.0
-50.0,50,3332.452272,0.0
-50.0,50,3332.92141,0.0
0.0,50,3333.394978,1.0
-50.0,50,3333.86517,0.0
-50.0,50,3334.347718,0.0
-50.0,50,3334.812292,0.0
-50.0,50,3335.283315,0.0
0.0,50,3335.759614,1.0
-50.0,50,3336.242193,0.0
-50.0,50,3336.706457,0.0
-50.0,50,3337.195277,0.0
-50.0,50,3337.656082,0.0
-50.0,50,3338.143975,0.0
-50.0,50,3338.609202,0.0
0.0,50,3339.09574,1.0
-50.0,50,3339.573137,0.0
-50.0,50,3340.05271,0.0
-50.0,50,3340.523806,0.0
-50.0,50,3341.013425,0.0
-50.0,50,3341.495226,0.0
-50.0,50,3341.971866,0.0
-50.0,50,3342.459985,0.0
-50.0,50,3342.930842,0.0
-50.0,50,3343.413946,0.0
-50.0,50,3343.907612,0.0
-50.0,50,3344.384656,0.0
-50.0,50,3344.864123,0.0
-50.0,50,3345.341944,0.0
-50.0,50,3345.830435,0.0
-50.0,50,3346.311868,0.0
-50.0,50,3346.785989,0.0
-50.0,50,3347.271569,0.0
-50.0,50,3347.756804,0.0
-50.0,50,3348.236641,0.0
-50.0,50,3348.713362,0.0
-50.0,50,3349.190682,0.0
-50.0,50,3349.673585,0.0
-50.0,50,3350.140392,0.0
-50.0,50,3350.616704,0.0
-50.0,50,3351.098649,0.0
-50.0,50,3351.58411,0.0
-50.0,50,3352.054407,0.0
0.0,50,3352.529732,1.0
0.0,50,3352.983781,1.0
-50.0,50,3353.490909,0.0
-50.0,50,3353.964432,0.0
0.0,50,3354.437996,1.0
0.0,50,3354.901622,1.0
-50.0,50,3355.392966,0.0
-50.0,50,3355.865862,0.0
-50.0,50,3356.33891,0.0
-50.0,50,3356.814538,0.0
-50.0,50,3357.2918,0.0
0.0,50,3357.769006,1.0
-50.0,50,3358.24654,0.0
-50.0,50,3358.71532,0.0
-50.0,50,3359.197542,0.0
-50.0,50,3359.67148,0.0
-50.0,50,3360.145788,0.0
-50.0,50,3360.620256,0.0
-50.0,50,3361.104893,0.0
-50.0,50,3361.569931,0.0
-50.0,50,3362.038689,0.0
0.0,50,3362.510342,1.0
-50.0,50,3362.988076,0.0
-50.0,50,3363.449413,0.0
-50.0,50,3363.917598,0.0
0.0,50,3364.372212,1.0
-50.0,50,3364.858859,0.0
-50.0,50,3365.33245,0.0
-50.0,50,3365.805126,0.0
-50.0,50,3366.276676,0.0
-50.0,50,3366.769135,0.0
-50.0,50,3367.237224,0.0
-50.0,50,3367.698423,0.0
-50.0,50,3368.175926,0.0
-50.0,50,3368.655065,0.0
-50.0,50,3369.127517,0.0
-50.0,50,3369.599539,0.0
-50.0,50,3370.072661,0.0
-50.0,50,3370.562487,0.0
-50.0,50,3371.0209,0.0
-50.0,50,3371.487724,0.0
-50.0,50,3371.957418,0.0
-50.0,50,3372.443094,0.0
0.0,50,3372.932207,1.0
-50.0,50,3373.401688,0.0
-50.0,50,3373.87294,0.0
-50.0,50,3376.66223,0.0
-50.0,50,3377.130264,0.0
0.0,50,3377.595612,1.0
-50.0,50,3378.070988,0.0
-50.0,50,3378.560863,0.0
-50.0,50,3379.033651,0.0
-50.0,50,3379.51415,0.0
-50.0,50,3379.992858,0.0
-50.0,50,3380.482187,0.0
-50.0,50,3380.949353,0.0
-50.0,50,3381.428033,0.0
-50.0,50,3381.894451,0.0
-50.0,50,3382.391437,0.0
-50.0,50,3382.872132,0.0
-50.0,50,3383.337998,0.0
-50.0,50,3383.805726,0.0
-50.0,50,3384.284983,0.0
-50.0,50,3384.75929,0.0
-50.0,50,3385.249781,0.0
-50.0,50,3385.730834,0.0
-50.0,50,3386.233102,0.0
-50.0,50,3386.707347,0.0
-50.0,50,3387.184511,0.0
-50.0,50,3387.653806,0.0
-50.0,50,3388.141331,0.0
-50.0,50,3388.619396,0.0
-50.0,50,3389.092456,0.0
-50.0,50,3389.570143,0.0
-50.0,50,3390.062643,0.0
-50.0,50,3390.529413,0.0
-50.0,50,3391.007716,0.0
-50.0,50,3391.483351,0.0
-50.0,50,3391.998381,0.0
-50.0,50,3392.4661,0.0
-50.0,50,3392.934984,0.0
-50.0,50,3393.411778,0.0
-50.0,50,3393.919691,0.0
-50.0,50,3394.392326,0.0
-50.0,50,3394.859898,0.0
-50.0,50,3395.333593,0.0
-50.0,50,3395.821541,0.0
-50.0,50,3396.292502,0.0
-50.0,50,3396.771558,0.0
-50.0,50,3397.245294,0.0
-50.0,50,3397.738585,0.0
-50.0,50,3398.221166,0.0
-50.0,50,3398.698807,0.0
-50.0,50,3399.174425,0.0
-50.0,50,3399.658902,0.0
-50.0,50,3400.134999,0.0
-50.0,50,3400.61601,0.0
-50.0,50,3401.08999,0.0
-50.0,50,3401.586017,0.0
-50.0,50,3402.06151,0.0
-50.0,50,3402.555098,0.0
-50.0,50,3403.026794,0.0
-50.0,50,3403.508374,0.0
-50.0,50,3403.982507,0.0
-50.0,50,3404.456576,0.0
-50.0,50,3404.924909,0.0
-50.0,50,3405.433957,0.0
-50.0,50,3405.902705,0.0
-50.0,50,3406.373063,0.0
-50.0,50,3406.847193,0.0
-50.0,50,3407.341055,0.0
-50.0,50,3407.818025,0.0
-50.0,50,3408.294612,0.0
-50.0,50,3408.771883,0.0
-50.0,50,3409.262082,0.0
-50.0,50,3409.735024,0.0
-50.0,50,3410.213051,0.0
-50.0,50,3410.683371,0.0
-50.0,50,3411.188417,0.0
-50.0,50,3411.67058,0.0
-50.0,50,3412.137899,0.0
-50.0,50,3412.605653,0.0
-50.0,50,3413.091882,0.0
-50.0,50,3413.567222,0.0
-50.0,50,3414.047382,0.0
-50.0,50,3414.51867,0.0
-50.0,50,3415.001053,0.0
-50.0,50,3415.475124,0.0
-50.0,50,3415.955377,0.0
-50.0,50,3416.437152,0.0
-50.0,50,3416.938156,0.0
-50.0,50,3417.413273,0.0
-50.0,50,3417.883472,0.0
-50.0,50,3418.359407,0.0
-50.0,50,3418.845084,0.0
0.0,50,3419.318049,1.0
-50.0,50,3419.787998,0.0
0.0,50,3420.267335,1.0
-50.0,50,3420.751743,0.0
-50.0,50,3421.230894,0.0
-50.0,50,3421.708097,0.0
-50.0,50,3422.183747,0.0
-50.0,50,3422.675237,0.0
-50.0,50,3423.151817,0.0
-50.0,50,3423.628163,0.0
-50.0,50,3424.099042,0.0
-50.0,50,3424.590456,0.0
-50.0,50,3425.066727,0.0
0.0,50,3425.547716,1.0
-50.0,50,3426.026799,0.0
0.0,50,3426.525233,1.0
-50.0,50,3427.015849,0.0
-50.0,50,3427.496758,0.0
0.0,50,3427.972692,1.0
-50.0,50,3428.461933,0.0
-50.0,50,3428.945258,0.0
-50.0,50,3429.413392,0.0
-50.0,50,3429.882447,0.0
-50.0,50,3430.374224,0.0
-50.0,50,3430.843938,0.0
-50.0,50,3431.322531,0.0
-50.0,50,3431.790875,0.0
-50.0,50,3432.277378,0.0
-50.0,50,3432.759325,0.0
-50.0,50,3433.22937,0.0
-50.0,50,3433.707268,0.0
-50.0,50,3434.190785,0.0
-50.0,50,3434.655412,0.0
0.0,50,3435.11833,1.0
-50.0,50,3435.589505,0.0
-50.0,50,3436.083821,0.0
-50.0,50,3436.560251,0.0
0.0,50,3437.029222,1.0
-50.0,50,3437.505246,0.0
-50.0,50,3437.992646,0.0
-50.0,50,3438.470124,0.0
-50.0,50,3438.943474,0.0
-50.0,50,3439.417441,0.0
-50.0,50,3439.900251,0.0
-50.0,50,3440.372658,0.0
-50.0,50,3440.842687,0.0
-50.0,50,3441.315592,0.0
-50.0,50,3441.807448,0.0
-50.0,50,3442.283674,0.0
-50.0,50,3442.757405,0.0
-50.0,50,3443.233315,0.0
-50.0,50,3443.709207,0.0
-50.0,50,3444.168483,0.0
-50.0,50,3444.635731,0.0
-50.0,50,3445.113748,0.0
-50.0,50,3445.593264,0.0
-50.0,50,3446.067298,0.0
-50.0,50,3446.534402,0.0
-50.0,50,3447.007159,0.0
-50.0,50,3447.491278,0.0
-50.0,50,3447.962908,0.0
-50.0,50,3448.45295,0.0
-50.0,50,3448.949069,0.0
-50.0,50,3449.437424,0.0
-50.0,50,3449.908353,0.0
-50.0,50,3450.379618,0.0
-50.0,50,3450.853145,0.0
-50.0,50,3451.333543,0.0
-50.0,50,3451.810917,0.0
-50.0,50,3452.287788,0.0
-50.0,50,3452.745165,0.0
-50.0,50,3453.22214,0.0
-50.0,50,3453.693643,0.0
-50.0,50,3454.151173,0.0
-50.0,50,3454.622985,0.0
0.0,50,3455.115417,1.0
-50.0,50,3455.581721,0.0
-50.0,50,3456.056532,0.0
-50.0,50,3456.52684,0.0
-50.0,50,3457.01325,0.0
-50.0,50,3457.487535,0.0
-50.0,50,3457.973186,0.0
-50.0,50,3458.448381,0.0
-50.0,50,3458.934429,0.0
-50.0,50,3459.407986,0.0
-50.0,50,3459.877067,0.0
-50.0,50,3460.348249,0.0
-50.0,50,3460.828615,0.0
-50.0,50,3461.305085,0.0
-50.0,50,3461.777476,0.0
-50.0,50,3462.247694,0.0
-50.0,50,3462.732248,0.0
-50.0,50,3463.193175,0.0
-50.0,50,3463.657615,0.0
-50.0,50,3464.129549,0.0
-50.0,50,3464.620039,0.0
-50.0,50,3465.092917,0.0
-50.0,50,3465.564711,0.0
-50.0,50,3466.039213,0.0
-50.0,50,3466.522317,0.0
-50.0,50,3466.993946,0.0
-50.0,50,3467.46564,0.0
-50.0,50,3467.934355,0.0
-50.0,50,3468.423478,0.0
-50.0,50,3468.898741,0.0
-50.0,50,3469.380482,0.0
0.0,50,3469.864078,1.0
-50.0,50,3470.359652,0.0
-50.0,50,3470.839671,0.0
0.0,50,3471.318018,1.0
-50.0,50,3471.794038,0.0
-50.0,50,3474.58631,0.0
-50.0,50,3475.063182,0.0
-50.0,50,3475.544301,0.0
-50.0,50,3476.022224,0.0
-50.0,50,3476.574932,0.0
-50.0,50,3477.054257,0.0
-50.0,50,3477.539057,0.0
-50.0,50,3478.013866,0.0
-50.0,50,3478.514981,0.0
0.0,50,3478.992353,1.0
-50.0,50,3479.476305,0.0
-50.0,50,3479.957646,0.0
-50.0,50,3480.451865,0.0
-50.0,50,3480.928281,0.0
-50.0,50,3481.406815,0.0
-50.0,50,3481.879886,0.0
-50.0,50,3482.372216,0.0
-50.0,50,3482.853093,0.0
-50.0,50,3483.333692,0.0
-50.0,50,3483.805275,0.0
-50.0,50,3484.298892,0.0
-50.0,50,3484.779452,0.0
-50.0,50,3485.257717,0.0
-50.0,50,3485.736842,0.0
-50.0,50,3486.235327,0.0
-50.0,50,3486.713735,0.0
-50.0,50,3487.195665,0.0
0.0,50,3487.679274,1.0
-50.0,50,3488.184785,0.0
-50.0,50,3488.659858,0.0
-50.0,50,3489.141911,0.0
-50.0,50,3489.62359,0.0
-50.0,50,3490.121758,0.0
-50.0,50,3490.603,0.0
-50.0,50,3491.084008,0.0
-50.0,50,3491.553256,0.0
-50.0,50,3492.041712,0.0
-50.0,50,3492.518734,0.0
-50.0,50,3492.988972,0.0
0.0,50,3493.458451,1.0
-50.0,50,3493.949301,0.0
-50.0,50,3494.42097,0.0
-50.0,50,3494.894737,0.0
-50.0,50,3495.373489,0.0
-50.0,50,3495.859825,0.0
-50.0,50,3496.320306,0.0
-50.0,50,3496.792916,0.0
-50.0,50,3497.267808,0.0
-50.0,50,3497.74603,0.0
-50.0,50,3498.206536,0.0
-50.0,50,3498.668647,0.0
-50.0,50,3499.129842,0.0
-50.0,50,3499.623834,0.0
-50.0,50,3500.092771,0.0
-50.0,50,3500.567706,0.0
-50.0,50,3501.036299,0.0
-50.0,50,3501.520567,0.0
-50.0,50,3501.990163,0.0
-50.0,50,3502.462415,0.0
-50.0,50,3502.936324,0.0
0.0,50,3503.409636,1.0
-50.0,50,3503.871553,0.0
-50.0,50,3504.333623,0.0
-50.0,50,3504.804565,0.0
-50.0,50,3505.291628,0.0
0.0,50,3505.762664,1.0
-50.0,50,3506.22332,0.0
-50.0,50,3506.69811,0.0
-50.0,50,3507.181771,0.0
-50.0,50,3507.647159,0.0
-50.0,50,3508.109283,0.0
-50.0,50,3508.579965,0.0
-50.0,50,3509.070026,0.0
-50.0,50,3509.529691,0.0
-50.0,50,3510.005793,0.0
-50.0,50,3510.482018,0.0
-50.0,50,3510.955129,0.0
-50.0,50,3511.412267,0.0
-50.0,50,3511.869302,0.0
-50.0,50,3512.336565,0.0
-50.0,50,3512.81849,0.0
-50.0,50,3513.293163,0.0
-50.0,50,3513.754427,0.0
-50.0,50,3514.220532,0.0
-50.0,50,3514.700432,0.0
-50.0,50,3515.161506,0.0
-50.0,50,3515.636471,0.0
-50.0,50,3516.096553,0.0
-50.0,50,3516.573943,0.0
-50.0,50,3517.050105,0.0
-50.0,50,3517.512861,0.0
-50.0,50,3517.984614,0.0
-50.0,50,3518.462735,0.0
-50.0,50,3518.932721,0.0
-50.0,50,3519.396226,0.0
-50.0,50,3519.855646,0.0
0.0,50,3520.341619,1.0
-50.0,50,3520.803351,0.0
-50.0,50,3521.268971,0.0
-50.0,50,3521.732352,0.0
0.0,50,3522.202644,1.0
-50.0,50,3522.666412,0.0
-50.0,50,3523.136705,0.0
-50.0,50,3523.599274,0.0
-50.0,50,3524.073539,0.0
-50.0,50,3524.534576,0.0
-50.0,50,3524.996407,0.0
-50.0,50,3525.460795,0.0
-50.0,50,3525.946832,0.0
-50.0,50,3526.413587,0.0
-50.0,50,3526.875788,0.0
-50.0,50,3527.336404,0.0
-50.0,50,3527.811686,0.0
-50.0,50,3528.287755,0.0
0.0,50,3528.75345,1.0
-50.0,50,3529.222726,0.0
-50.0,50,3529.718179,0.0
-50.0,50,3530.196557,0.0
-50.0,50,3530.659288,0.0
-50.0,50,3531.133178,0.0
-50.0,50,3531.612853,0.0
-50.0,50,3532.089025,0.0
-50.0,50,3532.56587,0.0
-50.0,50,3533.039394,0.0
-50.0,50,3533.527243,0.0
-50.0,50,3534.002753,0.0
-50.0,50,3534.471057,0.0
-50.0,50,3534.935436,0.0
-50.0,50,3535.414356,0.0
-50.0,50,3535.874739,0.0
-50.0,50,3536.342195,0.0
-50.0,50,3536.802613,0.0
-50.0,50,3537.294698,0.0
-50.0,50,3537.764687,0.0
0.0,50,3538.230707,1.0
-50.0,50,3538.704164,0.0
-50.0,50,3539.195182,0.0
-50.0,50,3539.662169,0.0
-50.0,50,3540.126807,0.0
-50.0,50,3540.587624,0.0
-50.0,50,3541.064681,0.0
-50.0,50,3541.526506,0.0
-50.0,50,3542.001002,0.0
-50.0,50,3542.47614,0.0
-50.0,50,3542.954824,0.0
-50.0,50,3543.417828,0.0
-50.0,50,3543.890018,0.0
-50.0,50,3544.388403,0.0
-50.0,50,3544.860346,0.0
-50.0,50,3545.31775,0.0
-50.0,50,3545.780895,0.0
-50.0,50,3546.253352,0.0
-50.0,50,3546.74,0.0
-50.0,50,3547.206612,0.0
-50.0,50,3547.668609,0.0
-50.0,50,3548.144549,0.0
-50.0,50,3548.63406,0.0
-50.0,50,3549.103975,0.0
-50.0,50,3549.582218,0.0
-50.0,50,3550.043406,0.0
-50.0,50,3550.541077,0.0
-50.0,50,3551.019782,0.0
-50.0,50,3551.482508,0.0
-50.0,50,3551.955912,0.0
-50.0,50,3552.437033,0.0
-50.0,50,3552.897472,0.0
-50.0,50,3553.37408,0.0
-50.0,50,3553.841584,0.0
-50.0,50,3554.338866,0.0
0.0,50,3554.827277,1.0
-50.0,50,3555.290498,0.0
-50.0,50,3555.753844,0.0
0.0,50,3556.254437,1.0
-50.0,50,3556.723834,0.0
-50.0,50,3557.192028,0.0
-50.0,50,3557.666024,0.0
-50.0,50,3558.16894,0.0
-50.0,50,3558.643545,0.0
-50.0,50,3559.118633,0.0
-50.0,50,3559.5919,0.0
-50.0,50,3560.08697,0.0
-50.0,50,3560.557553,0.0
0.0,50,3561.025518,1.0
-50.0,50,3561.497326,0.0
-50.0,50,3561.990493,0.0
-50.0,50,3562.458054,0.0
-50.0,50,3562.937356,0.0
-50.0,50,3563.406922,0.0
-50.0,50,3563.899715,0.0
-50.0,50,3564.372074,0.0
-50.0,50,3564.848403,0.0
-50.0,50,3565.321134,0.0
-50.0,50,3565.808202,0.0
-50.0,50,3566.28595,0.0
-50.0,50,3566.766051,0.0
-50.0,50,3567.248209,0.0
0.0,50,3567.754935,1.0
-50.0,50,3568.232712,0.0
-50.0,50,3568.71041,0.0
-50.0,50,3569.186841,0.0
-50.0,50,3572.01772,0.0
-50.0,50,3572.498053,0.0
-50.0,50,3572.977325,0.0
-50.0,50,3573.453894,0.0
-50.0,50,3573.939471,0.0
-50.0,50,3574.417274,0.0
-50.0,50,3574.899162,0.0
-50.0,50,3575.372133,0.0
-50.0,50,3575.863142,0.0
-50.0,50,3576.337498,0.0
-50.0,50,3576.807868,0.0
-50.0,50,3577.291817,0.0
-50.0,50,3577.809305,0.0
-50.0,50,3578.306988,0.0
-50.0,50,3578.778949,0.0
-50.0,50,3579.255844,0.0
-50.0,50,3579.745909,0.0
-50.0,50,3580.22479,0.0
-50.0,50,3580.702899,0.0
0.0,50,3581.170379,1.0
-50.0,50,3581.651894,0.0
-50.0,50,3582.138929,0.0
-50.0,50,3582.615433,0.0
-50.0,50,3583.079666,0.0
-50.0,50,3583.565909,0.0
-50.0,50,3584.029167,0.0
-50.0,50,3584.501182,0.0
-50.0,50,3584.975482,0.0
-50.0,50,3585.453929,0.0
-50.0,50,3585.925707,0.0
0.0,50,3586.389875,1.0
-50.0,50,3586.863321,0.0
-50.0,50,3587.343274,0.0
-50.0,50,3587.801733,0.0
-50.0,50,3588.280791,0.0
-50.0,50,3588.747855,0.0
-50.0,50,3589.24365,0.0
-50.0,50,3589.698795,0.0
-50.0,50,3590.167907,0.0
-50.0,50,3590.626664,0.0
-50.0,50,3591.100411,0.0
-50.0,50,3591.55813,0.0
-50.0,50,3592.032075,0.0
-50.0,50,3592.486725,0.0
-50.0,50,3592.957595,0.0
-50.0,50,3593.429963,0.0
-50.0,50,3593.903968,0.0
-50.0,50,3594.361923,0.0
-50.0,50,3594.829683,0.0
-49.0,50,3595.29343,0.0
-50.0,50,3595.758958,0.0
-50.0,50,3596.217814,0.0
0.0,50,3596.68985,1.0
-50.0,50,3597.144631,0.0
-50.0,50,3597.611994,0.0
-50.0,50,3598.085869,0.0
-50.0,50,3598.5747,0.0
-50.0,50,3599.046162,0.0
-50.0,50,3599.500842,0.0
-50.0,50,3599.958865,0.0
-50.0,50,3600.444656,0.0
-50.0,50,3600.908213,0.0
-50.0,50,3601.368792,0.0
-50.0,50,3601.827798,0.0
-50.0,50,3602.309161,0.0
-50.0,50,3602.780947,0.0
-50.0,50,3603.253722,0.0
-50.0,50,3603.712362,0.0
-50.0,50,3604.190024,0.0
-50.0,50,3604.667949,0.0
-50.0,50,3605.139038,0.0
-50.0,50,3605.623224,0.0
-50.0,50,3606.134725,0.0
-50.0,50,3606.620319,0.0
-50.0,50,3607.117064,0.0
-50.0,50,3607.595768,0.0
-50.0,50,3608.103134,0.0
-50.0,50,3608.578259,0.0
-50.0,50,3609.06144,0.0
-50.0,50,3609.537515,0.0
-50.0,50,3610.032987,0.0
-50.0,50,3610.519866,0.0
-50.0,50,3610.995635,0.0
-50.0,50,3611.482386,0.0
-50.0,50,3611.975204,0.0
-50.0,50,3612.449319,0.0
-50.0,50,3612.933659,0.0
-50.0,50,3613.42585,0.0
-50.0,50,3613.92574,0.0
-50.0,50,3614.412714,0.0
-50.0,50,3614.898222,0.0
-50.0,50,3615.377388,0.0
0.0,50,3615.889555,1.0
-50.0,50,3616.376359,0.0
-50.0,50,3616.862078,0.0
-50.0,50,3617.347295,0.0
-50.0,50,3617.846383,0.0
-50.0,50,3618.330395,0.0
-50.0,50,3618.832809,0.0
-50.0,50,3619.306452,0.0
-50.0,50,3619.797966,0.0
-50.0,50,3620.282942,0.0
-50.0,50,3620.769629,0.0
-50.0,50,3621.257849,0.0
-50.0,50,3621.751797,0.0
-50.0,50,3622.224571,0.0
-50.0,50,3622.69544,0.0
-50.0,50,3623.182439,0.0
-50.0,50,3623.691397,0.0
-50.0,50,3624.173867,0.0
-50.0,50,3624.651444,0.0
-50.0,50,3625.135901,0.0
-50.0,50,3625.629662,0.0
-50.0,50,3626.113092,0.0
-50.0,50,3626.600269,0.0
-50.0,50,3627.085157,0.0
-50.0,50,3627.57811,0.0
-50.0,50,3628.049416,0.0
-50.0,50,3628.522136,0.0
-50.0,50,3629.007425,0.0
-50.0,50,3629.512161,0.0
-50.0,50,3629.996005,0.0
-50.0,50,3630.47639,0.0
-50.0,50,3630.960125,0.0
-50.0,50,3631.457702,0.0
-50.0,50,3631.938231,0.0
-50.0,50,3632.416364,0.0
-50.0,50,3632.884143,0.0
-50.0,50,3633.366884,0.0
-50.0,50,3633.845663,0.0
-50.0,50,3634.33231,0.0
-50.0,50,3634.813161,0.0
0.0,50,3635.301059,1.0
-50.0,50,3635.768953,0.0
-50.0,50,3636.252238,0.0
-50.0,50,3636.721245,0.0
-50.0,50,3637.215129,0.0
-50.0,50,3637.698163,0.0
-50.0,50,3638.187189,0.0
-50.0,50,3638.664541,0.0
0.0,50,3639.150548,1.0
-50.0,50,3639.61976,0.0
-50.0,50,3640.09614,0.0
0.0,50,3640.591198,1.0
-50.0,50,3641.091214,0.0
-50.0,50,3641.562539,0.0
-50.0,50,3642.043933,0.0
0.0,50,3642.524111,1.0
-50.0,50,3643.014915,0.0
-50.0,50,3643.487179,0.0
-50.0,50,3643.961624,0.0
-50.0,50,3644.435735,0.0
-50.0,50,3644.924314,0.0
-50.0,50,3645.394083,0.0
-50.0,50,3645.861572,0.0
-50.0,50,3646.345134,0.0
-50.0,50,3646.840892,0.0
-50.0,50,3647.31636,0.0
-50.0,50,3647.793794,0.0
-50.0,50,3648.274066,0.0
-50.0,50,3648.752147,0.0
-50.0,50,3649.232173,0.0
-50.0,50,3649.705038,0.0
-50.0,50,3650.17298,0.0
0.0,50,3650.666048,1.0
0.0,50,3651.134028,1.0
-50.0,50,3651.604984,0.0
-50.0,50,3652.074113,0.0
-50.0,50,3652.566937,0.0
-50.0,50,3653.026241,0.0
-50.0,50,3653.494088,0.0
-50.0,50,3653.96492,0.0
-50.0,50,3654.458892,0.0
-50.0,50,3654.933268,0.0
-50.0,50,3655.403949,0.0
-50.0,50,3655.870783,0.0
-50.0,50,3656.37596,0.0
-50.0,50,3656.850235,0.0
-50.0,50,3657.314912,0.0
-50.0,50,3657.777865,0.0
0.0,50,3658.276019,1.0
-50.0,50,3658.732987,0.0
0.0,50,3659.211247,1.0
-50.0,50,3659.689952,0.0
-50.0,50,3660.195586,0.0
-50.0,50,3660.669581,0.0
-50.0,50,3661.140422,0.0
-50.0,50,3661.604613,0.0
-50.0,50,3662.103413,0.0
-50.0,50,3662.568408,0.0
-50.0,50,3663.041433,0.0
-50.0,50,3663.514372,0.0
-50.0,50,3664.001086,0.0
-50.0,50,3664.473135,0.0
-50.0,50,3664.943568,0.0
-50.0,50,3665.416127,0.0
-50.0,50,3665.918296,0.0
-50.0,50,3666.377357,0.0
-50.0,50,3666.84811,0.0
-50.0,50,3667.312318,0.0
-50.0,50,3670.140078,0.0
0.0,50,3670.609126,1.0
-50.0,50,3671.082643,0.0
-50.0,50,3671.55204,0.0
-50.0,50,3672.067379,0.0
-50.0,50,3672.531218,0.0
-50.0,50,3673.001546,0.0
-50.0,50,3673.477222,0.0
-50.0,50,3673.979587,0.0
0.0,50,3674.457353,1.0
-50.0,50,3674.919098,0.0
-50.0,50,3675.391161,0.0
-50.0,50,3675.899507,0.0
-50.0,50,3676.375134,0.0
-50.0,50,3676.834987,0.0
-50.0,50,3677.295299,0.0
-50.0,50,3677.810236,0.0
-50.0,50,3678.275369,0.0
-50.0,50,3678.754488,0.0
-50.0,50,3679.221999,0.0
-50.0,50,3679.719696,0.0
-50.0,50,3680.184451,0.0
-50.0,50,3680.667418,0.0
0.0,50,3681.140362,1.0
-50.0,50,3681.650133,0.0
-50.0,50,3682.121411,0.0
-50.0,50,3682.603766,0.0
-50.0,50,3683.07611,0.0
-50.0,50,3683.565692,0.0
0.0,50,3684.028235,1.0
-50.0,50,3684.50161,0.0
0.0,50,3684.984725,1.0
-50.0,50,3685.480657,0.0
-50.0,50,3685.955022,0.0
-50.0,50,3686.42826,0.0
-50.0,50,3686.903353,0.0
-50.0,50,3687.401362,0.0
-50.0,50,3687.876956,0.0
-50.0,50,3688.352293,0.0
-50.0,50,3688.820094,0.0
-50.0,50,3689.321699,0.0
0.0,50,3689.787348,1.0
-50.0,50,3690.250355,0.0
-50.0,50,3690.718674,0.0
-50.0,50,3691.225091,0.0
-50.0,50,3691.708445,0.0
-50.0,50,3692.183436,0.0
-50.0,50,3692.652213,0.0
-50.0,50,3693.151912,0.0
0.0,50,3693.611406,1.0
-50.0,50,3694.086201,0.0
-50.0,50,3694.557558,0.0
-50.0,50,3695.112632,0.0
-50.0,50,3695.601899,0.0
-50.0,50,3696.070023,0.0
-50.0,50,3696.550138,0.0
-50.0,50,3697.040488,0.0
-50.0,50,3697.508093,0.0
-50.0,50,3697.993194,0.0
-50.0,50,3698.467392,0.0
-50.0,50,3698.990355,0.0
-50.0,50,3699.465862,0.0
-50.0,50,3699.944517,0.0
-50.0,50,3700.420399,0.0
-50.0,50,3700.916767,0.0
-50.0,50,3701.399417,0.0
-50.0,50,3701.872072,0.0
-50.0,50,3702.340514,0.0
-50.0,50,3702.890392,0.0
-50.0,50,3703.359637,0.0
-50.0,50,3703.839531,0.0
-50.0,50,3704.310379,0.0
-50.0,50,3704.852653,0.0
-50.0,50,3705.319691,0.0
-50.0,50,3705.79086,0.0
-50.0,50,3706.272354,0.0
-50.0,50,3706.749686,0.0
-50.0,50,3707.226228,0.0
-50.0,50,3707.733374,0.0
-50.0,50,3708.215287,0.0
-50.0,50,3708.706591,0.0
-50.0,50,3709.179587,0.0
-50.0,50,3709.656552,0.0
-50.0,50,3710.130172,0.0
-50.0,50,3710.61333,0.0
-50.0,50,3711.120205,0.0
-50.0,50,3711.613588,0.0
-50.0,50,3712.096223,0.0
-50.0,50,3712.586814,0.0
-50.0,50,3713.073834,0.0
-50.0,50,3713.560581,0.0
-50.0,50,3714.044404,0.0
-50.0,50,3714.545369,0.0
-50.0,50,3715.030871,0.0
-50.0,50,3715.51477,0.0
-50.0,50,3716.001483,0.0
-50.0,50,3716.492459,0.0
-50.0,50,3716.984576,0.0
-50.0,50,3717.467444,0.0
-50.0,50,3717.956184,0.0
-50.0,50,3718.464527,0.0
-50.0,50,3718.961024,0.0
-50.0,50,3719.439196,0.0
-50.0,50,3719.912588,0.0
-50.0,50,3720.404788,0.0
-50.0,50,3720.880019,0.0
-50.0,50,3721.347803,0.0
0.0,50,3721.828336,1.0
-50.0,50,3722.364369,0.0
-50.0,50,3722.846542,0.0
-50.0,50,3723.316663,0.0
-50.0,50,3723.790505,0.0
-50.0,50,3724.285422,0.0
-50.0,50,3724.777762,0.0
-50.0,50,3725.273968,0.0
-50.0,50,3725.759572,0.0
-50.0,50,3726.258382,0.0
-50.0,50,3726.745865,0.0
0.0,50,3727.227076,1.0
-50.0,50,3727.700877,0.0
-50.0,50,3728.196718,0.0
-50.0,50,3728.689711,0.0
-50.0,50,3729.182265,0.0
-50.0,50,3729.660551,0.0
-50.0,50,3730.139585,0.0
-50.0,50,3730.607212,0.0
-50.0,50,3731.083143,0.0
-50.0,50,3731.554328,0.0
-50.0,50,3732.052224,0.0
-50.0,50,3732.518524,0.0
-50.0,50,3732.993929,0.0
-50.0,50,3733.466418,0.0
-50.0,50,3733.95054,0.0
-50.0,50,3734.436985,0.0
-50.0,50,3734.917483,0.0
-50.0,50,3735.398829,0.0
-50.0,50,3735.880726,0.0
-50.0,50,3736.354595,0.0
-50.0,50,3736.828883,0.0
-50.0,50,3737.299718,0.0
-50.0,50,3737.77567,0.0
-50.0,50,3738.23149,0.0
-50.0,50,3738.698523,0.0
-50.0,50,3739.172199,0.0
-50.0,50,3739.675198,0.0
-50.0,50,3740.142839,0.0
-50.0,50,3740.61497,0.0
0.0,50,3741.076392,1.0
-50.0,50,3741.5675,0.0
-50.0,50,3742.030235,0.0
-50.0,50,3742.495329,0.0
-50.0,50,3742.962108,0.0
-50.0,50,3743.45073,0.0
-50.0,50,3743.926475,0.0
-50.0,50,3744.40054,0.0
-50.0,50,3744.872664,0.0
-50.0,50,3745.360481,0.0
-50.0,50,3745.840394,0.0
-50.0,50,3746.31375,0.0
-50.0,50,3746.787621,0.0
-50.0,50,3747.266922,0.0
-50.0,50,3747.742356,0.0
-50.0,50,3748.216555,0.0
-50.0,50,3748.691022,0.0
-50.0,50,3749.192541,0.0
-50.0,50,3749.662517,0.0
-50.0,50,3750.129753,0.0
0.0,50,3750.603909,1.0
-50.0,50,3751.093976,0.0
-50.0,50,3751.570546,0.0
-50.0,50,3752.043924,0.0
-50.0,50,3752.514109,0.0
-50.0,50,3753.002287,0.0
-50.0,50,3753.468379,0.0
-50.0,50,3753.931307,0.0
0.0,50,3754.41893,1.0
-50.0,50,3754.904495,0.0
-50.0,50,3755.372361,0.0
-50.0,50,3755.844745,0.0
-50.0,50,3756.319501,0.0
-50.0,50,3756.806542,0.0
-50.0,50,3757.278189,0.0
-50.0,50,3757.744655,0.0
-50.0,50,3758.233184,0.0
-50.0,50,3758.723871,0.0
-50.0,50,3759.202368,0.0
-50.0,50,3759.67906,0.0
-50.0,50,3760.149001,0.0
-50.0,50,3760.634115,0.0
-50.0,50,3761.110648,0.0
-50.0,50,3761.588751,0.0
-50.0,50,3762.065666,0.0
-50.0,50,3762.559681,0.0
-50.0,50,3763.037866,0.0
-50.0,50,3763.517718,0.0
-50.0,50,3763.997033,0.0
-50.0,50,3764.479071,0.0
-50.0,50,3764.958437,0.0
-50.0,50,3765.435044,0.0
-50.0,50,3765.911049,0.0
0.0,50,3768.679936,1.0
-50.0,50,3769.15797,0.0
0.0,50,3769.626592,1.0
-50.0,50,3770.105436,0.0
-50.0,50,3770.598781,0.0
-50.0,50,3771.075788,0.0
-50.0,50,3771.554181,0.0
-50.0,50,3772.031468,0.0
-50.0,50,3772.520033,0.0
-50.0,50,3772.993937,0.0
-50.0,50,3773.462734,0.0
-50.0,50,3773.942588,0.0
-50.0,50,3774.439623,0.0
-50.0,50,3774.917367,0.0
-50.0,50,3775.398989,0.0
-50.0,50,3775.878189,0.0
0.0,50,3776.355319,1.0
-50.0,50,3776.834517,0.0
-50.0,50,3777.303779,0.0
-50.0,50,3777.781832,0.0
-50.0,50,3778.268556,0.0
-50.0,50,3778.74874,0.0
-50.0,50,3779.225247,0.0
-50.0,50,3779.702481,0.0
-50.0,50,3780.197136,0.0
-50.0,50,3780.677723,0.0
-50.0,50,3781.150094,0.0
-50.0,50,3781.620891,0.0
-50.0,50,3782.112747,0.0
-50.0,50,3782.587018,0.0
-50.0,50,3783.063868,0.0
0.0,50,3783.539808,1.0
-50.0,50,3784.032862,0.0
-50.0,50,3784.500207,0.0
-50.0,50,3784.981235,0.0
-50.0,50,3785.456488,0.0
-50.0,50,3785.950087,0.0
0.0,50,3786.421057,1.0
-50.0,50,3786.895368,0.0
-50.0,50,3787.371378,0.0
-50.0,50,3787.863899,0.0
-50.0,50,3788.342019,0.0
-50.0,50,3788.820341,0.0
-50.0,50,3789.296643,0.0
0.0,50,3789.799955,1.0
-50.0,50,3790.275641,0.0
-50.0,50,3790.750901,0.0
-50.0,50,3791.236848,0.0
0.0,50,3791.727728,1.0
-50.0,50,3792.208351,0.0
-50.0,50,3792.678885,0.0
-50.0,50,3793.1567,0.0
-50.0,50,3793.64819,0.0
-50.0,50,3794.121752,0.0
-50.0,50,3794.590603,0.0
-50.0,50,3795.070108,0.0
-50.0,50,3795.566841,0.0
-50.0,50,3796.043748,0.0
-50.0,50,3796.517105,0.0
-50.0,50,3796.985857,0.0
-50.0,50,3797.47541,0.0
-50.0,50,3797.953582,0.0
-50.0,50,3798.431068,0.0
-50.0,50,3798.906209,0.0
-50.0,50,3799.396868,0.0
-50.0,50,3799.873559,0.0
-50.0,50,3800.35232,0.0
-50.0,50,3800.830492,0.0
-50.0,50,3801.327288,0.0
0.0,50,3801.795631,1.0
-50.0,50,3802.282641,0.0
-50.0,50,3802.757986,0.0
-50.0,50,3803.257435,0.0
-50.0,50,3803.737578,0.0
-50.0,50,3804.215122,0.0
-50.0,50,3804.691985,0.0
-50.0,50,3805.173176,0.0
-50.0,50,3805.658773,0.0
-50.0,50,3806.125606,0.0
0.0,50,3806.592952,1.0
-50.0,50,3807.079015,0.0
-50.0,50,3807.545325,0.0
-50.0,50,3808.016269,0.0
-50.0,50,3808.494022,0.0
-50.0,50,3808.987016,0.0
-50.0,50,3809.464148,0.0
-50.0,50,3809.945285,0.0
-50.0,50,3810.420692,0.0
-50.0,50,3810.908342,0.0
-50.0,50,3811.383224,0.0
-50.0,50,3811.854315,0.0
0.0,50,3812.338247,1.0
0.0,50,3812.822533,1.0
-50.0,50,3813.295771,0.0
-50.0,50,3813.772324,0.0
0.0,50,3814.247569,1.0
-50.0,50,3814.736319,0.0
0.0,50,3815.213635,1.0
-50.0,50,3815.686714,0.0
-50.0,50,3816.170461,0.0
-50.0,50,3816.656657,0.0
-50.0,50,3817.12465,0.0
-50.0,50,3817.600215,0.0
-50.0,50,3818.077521,0.0
-50.0,50,3818.559073,0.0
-50.0,50,3819.032568,0.0
-50.0,50,3819.506093,0.0
-50.0,50,3819.976977,0.0
-50.0,50,3820.46988,0.0
-50.0,50,3820.946738,0.0
-50.0,50,3821.42359,0.0
-50.0,50,3821.898545,0.0
-50.0,50,3822.388095,0.0
-50.0,50,3822.860718,0.0
0.0,50,3823.352043,1.0
-50.0,50,3823.822652,0.0
-50.0,50,3824.313859,0.0
-50.0,50,3824.790303,0.0
-50.0,50,3825.266415,0.0
-50.0,50,3825.744406,0.0
-50.0,50,3826.221826,0.0
-50.0,50,3826.690722,0.0
-50.0,50,3827.157069,0.0
-50.0,50,3827.628947,0.0
-50.0,50,3828.120817,0.0
-50.0,50,3828.583526,0.0
-50.0,50,3829.058081,0.0
-50.0,50,3829.530698,0.0
0.0,50,3830.012771,1.0
-50.0,50,3830.479641,0.0
-50.0,50,3830.955247,0.0
-50.0,50,3831.425981,0.0
-50.0,50,3831.909992,0.0
-50.0,50,3832.389441,0.0
-50.0,50,3832.855775,0.0
-50.0,50,3833.331064,0.0
-50.0,50,3833.819572,0.0
-50.0,50,3834.292902,0.0
-50.0,50,3834.762024,0.0
-50.0,50,3835.229075,0.0
-50.0,50,3835.718224,0.0
-50.0,50,3836.181481,0.0
-50.0,50,3836.644193,0.0
-50.0,50,3837.117326,0.0
-50.0,50,3837.600108,0.0
-50.0,50,3838.069645,0.0
-50.0,50,3838.543569,0.0
-50.0,50,3839.015587,0.0
-50.0,50,3839.499738,0.0
-50.0,50,3839.967572,0.0
-50.0,50,3840.440697,0.0
-50.0,50,3840.91541,0.0
-50.0,50,3841.397516,0.0
-50.0,50,3841.870768,0.0
-50.0,50,3842.350983,0.0
-50.0,50,3842.823829,0.0
-50.0,50,3843.312864,0.0
-50.0,50,3843.779526,0.0
-50.0,50,3844.252711,0.0
-50.0,50,3844.720975,0.0
-50.0,50,3845.218194,0.0
-50.0,50,3845.681799,0.0
-50.0,50,3846.146714,0.0
-50.0,50,3846.617296,0.0
-50.0,50,3847.112088,0.0
-50.0,50,3847.578185,0.0
-50.0,50,3848.053986,0.0
-50.0,50,3848.518875,0.0
-50.0,50,3848.999063,0.0
-50.0,50,3849.472507,0.0
-50.0,50,3849.938243,0.0
-50.0,50,3850.402033,0.0
-50.0,50,3850.884951,0.0
-50.0,50,3851.361413,0.0
-50.0,50,3851.824874,0.0
-50.0,50,3852.300208,0.0
-50.0,50,3852.788526,0.0
-50.0,50,3853.25907,0.0
-50.0,50,3853.749053,0.0
-50.0,50,3854.212081,0.0
-50.0,50,3854.695134,0.0
-50.0,50,3855.156951,0.0
-50.0,50,3855.623328,0.0
-50.0,50,3856.101596,0.0
-50.0,50,3856.593026,0.0
-50.0,50,3857.064676,0.0
-50.0,50,3857.541945,0.0
-50.0,50,3858.019094,0.0
-50.0,50,3858.514052,0.0
-50.0,50,3858.990309,0.0
-50.0,50,3859.468016,0.0
-50.0,50,3859.943292,0.0
-50.0,50,3860.432314,0.0
-50.0,50,3860.90045,0.0
-50.0,50,3861.38244,0.0
-50.0,50,3861.853792,0.0
-50.0,50,3862.349228,0.0
-50.0,50,3862.816965,0.0
-50.0,50,3863.288327,0.0
-50.0,50,3863.757062,0.0
-50.0,50,3866.515774,0.0
-50.0,50,3866.985524,0.0
-50.0,50,3867.461042,0.0
-50.0,50,3867.926537,0.0
-50.0,50,3868.427605,0.0
-50.0,50,3868.895731,0.0
-50.0,50,3869.37399,0.0
-50.0,50,3869.842363,0.0
-50.0,50,3870.348068,0.0
-50.0,50,3870.829709,0.0
-50.0,50,3871.3303,0.0
-50.0,50,3871.806484,0.0
0.0,50,3872.297565,1.0
-50.0,50,3872.779962,0.0
-50.0,50,3873.256761,0.0
-50.0,50,3873.748644,0.0
-50.0,50,3874.239379,0.0
-50.0,50,3874.709538,0.0
-50.0,50,3875.18503,0.0
-50.0,50,3875.656068,0.0
-50.0,50,3876.151551,0.0
-50.0,50,3876.628672,0.0
-50.0,50,3877.106876,0.0
-50.0,50,3877.597416,0.0
-50.0,50,3878.099198,0.0
-50.0,50,3878.591336,0.0
0.0,50,3879.092002,1.0
-50.0,50,3879.562277,0.0
-50.0,50,3880.059974,0.0
-50.0,50,3880.530485,0.0
-50.0,50,3880.997658,0.0
-50.0,50,3881.472705,0.0
-50.0,50,3881.95997,0.0
-50.0,50,3882.431361,0.0
-50.0,50,3882.900732,0.0
-50.0,50,3883.382698,0.0
-50.0,50,3883.876857,0.0
-50.0,50,3884.353655,0.0
-50.0,50,3884.830588,0.0
-50.0,50,3885.297794,0.0
-50.0,50,3885.793482,0.0
-50.0,50,3886.2657,0.0
-50.0,50,3886.739359,0.0
-50.0,50,3887.228102,0.0
-50.0,50,3887.722143,0.0
-50.0,50,3888.224123,0.0
-50.0,50,3888.702744,0.0
-50.0,50,3889.181984,0.0
-50.0,50,3889.672041,0.0
-50.0,50,3890.152687,0.0
-50.0,50,3890.639739,0.0
-50.0,50,3891.109492,0.0
-50.0,50,3891.605256,0.0
-50.0,50,3892.080945,0.0
-50.0,50,3892.56075,0.0
-50.0,50,3893.039886,0.0
-50.0,50,3893.541046,0.0
-50.0,50,3894.019914,0.0
-50.0,50,3894.489321,0.0
-50.0,50,3894.961612,0.0
-50.0,50,3895.474324,0.0
-50.0,50,3895.952624,0.0
-50.0,50,3896.425038,0.0
-50.0,50,3896.905806,0.0
-50.0,50,3897.402221,0.0
-50.0,50,3897.874717,0.0
-50.0,50,3898.344496,0.0
-50.0,50,3898.81729,0.0
-50.0,50,3899.314527,0.0
-50.0,50,3899.794841,0.0
-50.0,50,3900.275509,0.0
-50.0,50,3900.766159,0.0
-50.0,50,3901.259219,0.0
-50.0,50,3901.746402,0.0
-50.0,50,3902.223113,0.0
-50.0,50,3902.705294,0.0
-50.0,50,3903.197618,0.0
-50.0,50,3903.678359,0.0
-50.0,50,3904.153105,0.0
0.0,50,3904.647627,1.0
-50.0,50,3905.133876,0.0
-50.0,50,3905.620568,0.0
0.0,50,3906.114067,1.0
-50.0,50,3906.595291,0.0
-50.0,50,3907.084038,0.0
-50.0,50,3907.557778,0.0
-50.0,50,3908.049146,0.0
-50.0,50,3908.525402,0.0
-50.0,50,3909.021291,0.0
-50.0,50,3909.499432,0.0
-50.0,50,3909.988416,0.0
-50.0,50,3910.469095,0.0
-50.0,50,3910.966105,0.0
-50.0,50,3911.445907,0.0
-50.0,50,3911.926229,0.0
-50.0,50,3912.409088,0.0
-50.0,50,3912.903965,0.0
-50.0,50,3913.384662,0.0
-50.0,50,3913.855969,0.0
-50.0,50,3914.339354,0.0
-50.0,50,3914.83739,0.0
-50.0,50,3915.315621,0.0
-50.0,50,3915.787577,0.0
0.0,50,3916.277377,1.0
-50.0,50,3916.765753,0.0
-50.0,50,3917.23945,0.0
-50.0,50,3917.719078,0.0
-50.0,50,3918.197412,0.0
-50.0,50,3918.68837,0.0
-50.0,50,3919.169041,0.0
-50.0,50,3919.649286,0.0
-50.0,50,3920.122986,0.0
-50.0,50,3920.613703,0.0
-50.0,50,3921.086017,0.0
-50.0,50,3921.564274,0.0
0.0,50,3922.059178,1.0
-50.0,50,3922.555952,0.0
-50.0,50,3923.03907,0.0
-50.0,50,3923.512845,0.0
-50.0,50,3923.990059,0.0
-50.0,50,3924.477963,0.0
0.0,50,3924.973706,1.0
-50.0,50,3925.4422,0.0
-50.0,50,3925.922752,0.0
-50.0,50,3926.41356,0.0
-50.0,50,3926.894198,0.0
-50.0,50,3927.371132,0.0
-50.0,50,3927.857426,0.0
-50.0,50,3928.355286,0.0
-50.0,50,3928.833486,0.0
-50.0,50,3929.309313,0.0
-50.0,50,3929.789408,0.0
-50.0,50,3930.290457,0.0
-50.0,50,3930.765389,0.0
-50.0,50,3931.241169,0.0
-50.0,50,3931.713559,0.0
-50.0,50,3932.209274,0.0
0.0,50,3932.689816,1.0
-50.0,50,3933.164442,0.0
-50.0,50,3933.654543,0.0
-50.0,50,3934.13945,0.0
-50.0,50,3934.617558,0.0
-50.0,50,3935.095352,0.0
-50.0,50,3935.573103,0.0
-50.0,50,3936.074434,0.0
-50.0,50,3936.552544,0.0
-50.0,50,3937.0226,0.0
-50.0,50,3937.509322,0.0
-50.0,50,3938.038122,0.0
-50.0,50,3938.508972,0.0
-50.0,50,3938.988384,0.0
-50.0,50,3939.463624,0.0
0.0,50,3939.957164,1.0
-50.0,50,3940.440499,0.0
-50.0,50,3940.920248,0.0
-50.0,50,3941.39154,0.0
-50.0,50,3941.886146,0.0
-50.0,50,3942.366957,0.0
-50.0,50,3942.843081,0.0
-50.0,50,3943.314899,0.0
-50.0,50,3943.80728,0.0
-50.0,50,3944.278422,0.0
-50.0,50,3944.750588,0.0
-50.0,50,3945.222102,0.0
-50.0,50,3945.714623,0.0
-50.0,50,3946.187028,0.0
-50.0,50,3946.663591,0.0
0.0,50,3947.150271,1.0
-50.0,50,3947.63978,0.0
-50.0,50,3948.107985,0.0
-50.0,50,3948.587616,0.0
-50.0,50,3949.064572,0.0
-50.0,50,3949.564061,0.0
-50.0,50,3950.036459,0.0
-50.0,50,3950.52841,0.0
-50.0,50,3951.014187,0.0
0.0,50,3951.517185,1.0
-50.0,50,3951.99438,0.0
-50.0,50,3952.478958,0.0
-50.0,50,3952.955719,0.0
-50.0,50,3953.441485,0.0
0.0,50,3953.920223,1.0
-50.0,50,3954.38992,0.0
-50.0,50,3954.879157,0.0
-50.0,50,3955.371254,0.0
-50.0,50,3955.842915,0.0
-50.0,50,3956.31923,0.0
-50.0,50,3956.794749,0.0
-50.0,50,3957.294875,0.0
-50.0,50,3957.770294,0.0
-50.0,50,3958.247962,0.0
-50.0,50,3958.726494,0.0
-50.0,50,3959.220317,0.0
-50.0,50,3959.690494,0.0
-50.0,50,3960.171348,0.0
-50.0,50,3960.647337,0.0
-50.0,50,3961.152682,0.0
-50.0,50,3961.626409,0.0
-50.0,50,3962.105014,0.0
-50.0,50,3962.578268,0.0
-50.0,50,3965.270787,0.0
-50.0,50,3965.746551,0.0
-50.0,50,3966.216656,0.0
-50.0,50,3966.695245,0.0
-50.0,50,3967.177628,0.0
0.0,50,3967.655505,1.0
-50.0,50,3968.139084,0.0
-50.0,50,3968.61453,0.0
-50.0,50,3969.109533,0.0
-50.0,50,3969.592194,0.0
-50.0,50,3970.0812,0.0
-50.0,50,3970.559437,0.0
-50.0,50,3971.044704,0.0
-50.0,50,3971.518055,0.0
-50.0,50,3971.988157,0.0
-50.0,50,3972.473857,0.0
-50.0,50,3972.962676,0.0
-50.0,50,3973.440358,0.0
-50.0,50,3973.923868,0.0
-50.0,50,3974.403725,0.0
-50.0,50,3974.889136,0.0
-50.0,50,3975.366724,0.0
-50.0,50,3975.838169,0.0
-50.0,50,3976.309961,0.0
-50.0,50,3976.796705,0.0
-50.0,50,3977.278136,0.0
-50.0,50,3977.753195,0.0
-50.0,50,3978.226395,0.0
-50.0,50,3978.724248,0.0
-50.0,50,3979.194738,0.0
-50.0,50,3979.677932,0.0
-50.0,50,3980.1503,0.0
-50.0,50,3980.647757,0.0
-50.0,50,3981.124816,0.0
-50.0,50,3981.616141,0.0
-50.0,50,3982.093681,0.0
-50.0,50,3982.592313,0.0
-50.0,50,3983.072705,0.0
-50.0,50,3983.557391,0.0
0.0,50,3984.05604,1.0
-50.0,50,3984.552341,0.0
-50.0,50,3985.038934,0.0
-50.0,50,3985.517859,0.0
-50.0,50,3986.008443,0.0
-50.0,50,3986.504733,0.0
-50.0,50,3986.983423,0.0
-50.0,50,3987.458739,0.0
-50.0,50,3987.936742,0.0
-50.0,50,3988.455873,0.0
-50.0,50,3988.945089,0.0
-50.0,50,3989.431401,0.0
-50.0,50,3989.917635,0.0
-50.0,50,3990.430041,0.0
-50.0,50,3990.910338,0.0
-50.0,50,3991.379642,0.0
-50.0,50,3991.863709,0.0
-50.0,50,3992.364527,0.0
-50.0,50,3992.854695,0.0
-50.0,50,3993.348778,0.0
-50.0,50,3993.836752,0.0
-50.0,50,3994.34671,0.0
-50.0,50,3994.824399,0.0
-50.0,50,3995.309321,0.0
0.0,50,3995.80078,1.0
-50.0,50,3996.304832,0.0
-50.0,50,3996.787507,0.0
-50.0,50,3997.263295,0.0
-50.0,50,3997.758967,0.0
-50.0,50,3998.261611,0.0
-50.0,50,3998.751826,0.0
-50.0,50,3999.247499,0.0
-50.0,50,3999.723242,0.0
-50.0,50,4000.227504,0.0
-50.0,50,4000.71724,0.0
-50.0,50,4001.20506,0.0
-50.0,50,4001.707299,0.0
-50.0,50,4002.209411,0.0
-50.0,50,4002.694798,0.0
-50.0,50,4003.199537,0.0
-50.0,50,4003.681637,0.0
-50.0,50,4004.161867,0.0
-50.0,50,4004.626359,0.0
-50.0,50,4005.100523,0.0
-50.0,50,4005.570455,0.0
-50.0,50,4006.069604,0.0
-50.0,50,4006.550936,0.0
-50.0,50,4007.023447,0.0
-50.0,50,4007.49223,0.0
-50.0,50,4008.00502,0.0
-50.0,50,4008.496514,0.0
-50.0,50,4008.968841,0.0
0.0,50,4009.444538,1.0
0.0,50,4009.946828,1.0
-50.0,50,4010.430275,0.0
-50.0,50,4010.912511,0.0
-50.0,50,4011.399912,0.0
-50.0,50,4011.899765,0.0
-50.0,50,4012.379913,0.0
-50.0,50,4012.863168,0.0
-50.0,50,4013.3334,0.0
-50.0,50,4013.826308,0.0
-50.0,50,4014.309496,0.0
-50.0,50,4014.791351,0.0
-50.0,50,4015.282903,0.0
-50.0,50,4015.772437,0.0
-50.0,50,4016.246268,0.0
-50.0,50,4016.728548,0.0
-50.0,50,4017.197551,0.0
-50.0,50,4017.708929,0.0
-50.0,50,4018.191588,0.0
-50.0,50,4018.67193,0.0
-50.0,50,4019.152723,0.0
-50.0,50,4019.646951,0.0
-50.0,50,4020.128786,0.0
-50.0,50,4020.60935,0.0
-50.0,50,4021.086644,0.0
-50.0,50,4021.579176,0.0
-50.0,50,4022.057404,0.0
-50.0,50,4022.532712,0.0
-50.0,50,4023.010398,0.0
-50.0,50,4023.498256,0.0
0.0,50,4023.974658,1.0
-50.0,50,4024.456531,0.0
-50.0,50,4024.929359,0.0
-50.0,50,4025.423316,0.0
-50.0,50,4025.899582,0.0
-50.0,50,4026.395854,0.0
-50.0,50,4026.871113,0.0
-50.0,50,4027.363524,0.0
-50.0,50,4027.849968,0.0
-50.0,50,4028.331049,0.0
-50.0,50,4028.81248,0.0
-50.0,50,4029.303431,0.0
-50.0,50,4029.784262,0.0
-50.0,50,4030.25407,0.0
-50.0,50,4030.731113,0.0
-50.0,50,4031.221779,0.0
-50.0,50,4031.690972,0.0
-50.0,50,4032.175603,0.0
-50.0,50,4032.652284,0.0
-50.0,50,4033.14671,0.0
-50.0,50,4033.6237,0.0
-50.0,50,4034.095456,0.0
-50.0,50,4034.575191,0.0
0.0,50,4035.058453,1.0
-50.0,50,4035.53274,0.0
-50.0,50,4035.9983,0.0
-50.0,50,4036.463727,0.0
-50.0,50,4036.956652,0.0
-50.0,50,4037.434405,0.0
-50.0,50,4037.906339,0.0
-50.0,50,4038.373557,0.0
-50.0,50,4038.853683,0.0
-50.0,50,4039.323694,0.0
-50.0,50,4039.786724,0.0
-50.0,50,4040.255706,0.0
-50.0,50,4040.744871,0.0
-50.0,50,4041.219028,0.0
-50.0,50,4041.695894,0.0
-50.0,50,4042.162522,0.0
-50.0,50,4042.637253,0.0
-50.0,50,4043.128147,0.0
-50.0,50,4043.602674,0.0
-50.0,50,4044.076633,0.0
-50.0,50,4044.567856,0.0
-50.0,50,4045.031488,0.0
-50.0,50,4045.493606,0.0
-50.0,50,4045.983251,0.0
-50.0,50,4046.472624,0.0
-50.0,50,4046.944187,0.0
-50.0,50,4047.410776,0.0
-50.0,50,4047.878581,0.0
-50.0,50,4048.353849,0.0
-50.0,50,4048.81591,0.0
-50.0,50,4049.289517,0.0
-50.0,50,4049.767167,0.0
-50.0,50,4050.252857,0.0
-50.0,50,4050.72703,0.0
-50.0,50,4051.203861,0.0
-50.0,50,4051.666891,0.0
-50.0,50,4052.14893,0.0
-50.0,50,4052.621816,0.0
-50.0,50,4053.089659,0.0
-50.0,50,4053.565205,0.0
-50.0,50,4054.048897,0.0
-50.0,50,4054.51892,0.0
-50.0,50,4054.974689,0.0
-50.0,50,4055.453127,0.0
-50.0,50,4055.939692,0.0
-50.0,50,4056.416124,0.0
-50.0,50,4056.886492,0.0
-50.0,50,4057.35693,0.0
-50.0,50,4057.851307,0.0
-50.0,50,4058.320507,0.0
-50.0,50,4058.797975,0.0
-50.0,50,4059.271902,0.0
-50.0,50,4059.746595,0.0
-50.0,50,4060.218518,0.0
-50.0,50,4060.68047,0.0
-50.0,50,4061.146442,0.0
-50.0,50,4063.98731,0.0
-50.0,50,4064.45787,0.0
-50.0,50,4064.926691,0.0
-50.0,50,4065.399407,0.0
-50.0,50,4065.892375,0.0
-50.0,50,4066.372032,0.0
-50.0,50,4066.860144,0.0
0.0,50,4067.33425,1.0
-50.0,50,4067.817369,0.0
-50.0,50,4068.293346,0.0
-50.0,50,4068.784182,0.0
-50.0,50,4069.269156,0.0
-50.0,50,4069.764158,0.0
-50.0,50,4070.253387,0.0
0.0,50,4070.748308,1.0
-50.0,50,4071.230645,0.0
-50.0,50,4071.717185,0.0
-50.0,50,4072.194949,0.0
-50.0,50,4072.680907,0.0
-50.0,50,4073.169318,0.0
0.0,50,4073.662685,1.0
-50.0,50,4074.131538,0.0
-50.0,50,4074.58966,0.0
-50.0,50,4075.054311,0.0
-50.0,50,4075.535719,0.0
-50.0,50,4076.022845,0.0
-50.0,50,4076.487857,0.0
-50.0,50,4076.960904,0.0
-50.0,50,4077.452391,0.0
-50.0,50,4077.918967,0.0
-50.0,50,4078.393975,0.0
-50.0,50,4078.86396,0.0
-50.0,50,4079.338809,0.0
-50.0,50,4079.802709,0.0
-50.0,50,4080.274197,0.0
-50.0,50,4080.741366,0.0
-50.0,50,4081.222615,0.0
-50.0,50,4081.685716,0.0
-50.0,50,4082.154177,0.0
-50.0,50,4082.615074,0.0
-50.0,50,4083.095474,0.0
-50.0,50,4083.587375,0.0
-50.0,50,4084.060817,0.0
-50.0,50,4084.52464,0.0
-50.0,50,4085.012924,0.0
-50.0,50,4085.475892,0.0
-50.0,50,4085.94262,0.0
-50.0,50,4086.415082,0.0
-50.0,50,4086.889023,0.0
-50.0,50,4087.358593,0.0
-50.0,50,4087.832655,0.0
-50.0,50,4088.304742,0.0
-50.0,50,4088.782948,0.0
-50.0,50,4089.244416,0.0
-50.0,50,4089.705391,0.0
-50.0,50,4090.188694,0.0
-50.0,50,4090.711873,0.0
0.0,50,4091.183101,1.0
-50.0,50,4091.643725,0.0
-50.0,50,4092.104807,0.0
-50.0,50,4092.583858,0.0
-50.0,50,4093.042729,0.0
-50.0,50,4093.5152,0.0
-50.0,50,4093.991935,0.0
-50.0,50,4094.482797,0.0
0.0,50,4094.973022,1.0
-50.0,50,4095.437208,0.0
-50.0,50,4095.913862,0.0
-50.0,50,4096.408587,0.0
-50.0,50,4096.883926,0.0
-50.0,50,4097.366692,0.0
-50.0,50,4097.839736,0.0
-50.0,50,4098.327543,0.0
-50.0,50,4098.797146,0.0
-50.0,50,4099.266268,0.0
-50.0,50,4099.736156,0.0
-50.0,50,4100.221751,0.0
-50.0,50,4100.697707,0.0
-50.0,50,4101.174488,0.0
-50.0,50,4101.649253,0.0
-50.0,50,4102.133138,0.0
-50.0,50,4102.604714,0.0
-50.0,50,4103.086412,0.0
-50.0,50,4103.555862,0.0
-50.0,50,4104.049026,0.0
-50.0,50,4104.540196,0.0
-50.0,50,4105.014232,0.0
-50.0,50,4105.494843,0.0
-50.0,50,4105.991798,0.0
-50.0,50,4106.460959,0.0
-50.0,50,4106.943407,0.0
-50.0,50,4107.412217,0.0
-50.0,50,4107.905613,0.0
0.0,50,4108.39526,1.0
-50.0,50,4108.873347,0.0
0.0,50,4109.348044,1.0
-50.0,50,4109.845673,0.0
0.0,50,4110.320429,1.0
-50.0,50,4110.798403,0.0
-50.0,50,4111.280062,0.0
-50.0,50,4111.771623,0.0
-50.0,50,4112.241507,0.0
-50.0,50,4112.713433,0.0
-50.0,50,4113.182999,0.0
-50.0,50,4113.670015,0.0
0.0,50,4114.143607,1.0
-50.0,50,4114.61333,0.0
-50.0,50,4115.083453,0.0
-50.0,50,4115.574295,0.0
-50.0,50,4116.044899,0.0
-50.0,50,4116.526898,0.0
-50.0,50,4117.020168,0.0
-50.0,50,4117.502144,0.0
-50.0,50,4117.994111,0.0
-50.0,50,4118.467116,0.0
-50.0,50,4118.945636,0.0
0.0,50,4119.429415,1.0
-50.0,50,4119.913353,0.0
-50.0,50,4120.392626,0.0
0.0,50,4120.861343,1.0
-50.0,50,4121.359149,0.0
-50.0,50,4121.844381,0.0
-50.0,50,4122.325254,0.0
-50.0,50,4122.807231,0.0
0.0,50,4123.308789,1.0
-50.0,50,4123.788367,0.0
-50.0,50,4124.268019,0.0
-50.0,50,4124.746159,0.0
-50.0,50,4125.239349,0.0
-50.0,50,4125.720703,0.0
-50.0,50,4126.221017,0.0
-50.0,50,4126.700517,0.0
-50.0,50,4127.189144,0.0
-50.0,50,4127.671645,0.0
-50.0,50,4128.154748,0.0
-50.0,50,4128.627831,0.0
-50.0,50,4129.13091,0.0
-50.0,50,4129.620051,0.0
-50.0,50,4130.111058,0.0
-50.0,50,4130.584016,0.0
-50.0,50,4131.090237,0.0
-50.0,50,4131.574127,0.0
-50.0,50,4132.063266,0.0
-50.0,50,4132.551833,0.0
-50.0,50,4133.061698,0.0
-50.0,50,4133.553219,0.0
-50.0,50,4134.037997,0.0
-50.0,50,4134.533562,0.0
-50.0,50,4135.030606,0.0
-50.0,50,4135.519903,0.0
-50.0,50,4136.014214,0.0
-50.0,50,4136.509073,0.0
-50.0,50,4137.020002,0.0
-50.0,50,4137.502378,0.0
-50.0,50,4137.997909,0.0
0.0,50,4138.495214,1.0
-50.0,50,4139.003095,0.0
-50.0,50,4139.505316,0.0
-50.0,50,4139.986787,0.0
-50.0,50,4140.477091,0.0
0.0,50,4140.971571,1.0
-50.0,50,4141.466112,0.0
-50.0,50,4141.958075,0.0
-50.0,50,4142.436497,0.0
-50.0,50,4142.939217,0.0
-50.0,50,4143.415735,0.0
-50.0,50,4143.904202,0.0
-50.0,50,4144.377986,0.0
-50.0,50,4144.879932,0.0
-50.0,50,4145.370959,0.0
-50.0,50,4145.863617,0.0
-50.0,50,4146.341073,0.0
-50.0,50,4146.84331,0.0
-50.0,50,4147.324197,0.0
-50.0,50,4147.821957,0.0
-50.0,50,4148.310329,0.0
-50.0,50,4148.815525,0.0
-50.0,50,4149.307255,0.0
-50.0,50,4149.790596,0.0
-50.0,50,4150.276869,0.0
-50.0,50,4150.780262,0.0
-50.0,50,4151.270929,0.0
-50.0,50,4151.758155,0.0
-38.0,50,4152.227613,0.0
-50.0,50,4152.715412,0.0
-50.0,50,4153.192421,0.0
-50.0,50,4153.66663,0.0
-50.0,50,4154.147784,0.0
-50.0,50,4154.638864,0.0
-50.0,50,4155.112166,0.0
-50.0,50,4155.575209,0.0
-50.0,50,4156.058591,0.0
-50.0,50,4156.547316,0.0
-50.0,50,4157.024153,0.0
-50.0,50,4157.48839,0.0
-50.0,50,4157.963629,0.0
-50.0,50,4158.450607,0.0
-50.0,50,4158.910953,0.0
-50.0,50,4159.376947,0.0
-50.0,50,4159.852598,0.0
-50.0,50,4162.64354,0.0
-50.0,50,4163.104229,0.0
-50.0,50,4163.577782,0.0
0.0,50,4164.043943,1.0
-50.0,50,4164.542161,0.0
0.0,50,4165.019739,1.0
-50.0,50,4165.499704,0.0
-50.0,50,4165.97738,0.0
-50.0,50,4166.473885,0.0
-50.0,50,4166.954792,0.0
-50.0,50,4167.432145,0.0
-50.0,50,4167.915016,0.0
-50.0,50,4168.406483,0.0
-50.0,50,4168.884175,0.0
-50.0,50,4169.366737,0.0
-50.0,50,4169.838475,0.0
-50.0,50,4170.360436,0.0
-50.0,50,4170.830584,0.0
-50.0,50,4171.311444,0.0
-50.0,50,4171.783461,0.0
-50.0,50,4172.285122,0.0
-50.0,50,4172.767097,0.0
-50.0,50,4173.248096,0.0
0.0,50,4173.722959,1.0
-50.0,50,4174.221779,0.0
-50.0,50,4174.703604,0.0
-50.0,50,4175.178705,0.0
-50.0,50,4175.656959,0.0
-50.0,50,4176.151405,0.0
-50.0,50,4176.642771,0.0
-50.0,50,4177.125791,0.0
-50.0,50,4177.604648,0.0
-50.0,50,4178.115486,0.0
-50.0,50,4178.597186,0.0
-50.0,50,4179.072554,0.0
-50.0,50,4179.554041,0.0
-50.0,50,4180.04688,0.0
0.0,50,4180.539435,1.0
-50.0,50,4181.019274,0.0
-50.0,50,4181.499626,0.0
-50.0,50,4181.993919,0.0
0.0,50,4182.475256,1.0
-50.0,50,4182.95327,0.0
-50.0,50,4183.433881,0.0
0.0,50,4183.930272,1.0
-50.0,50,4184.409363,0.0
-50.0,50,4184.896269,0.0
-50.0,50,4185.37578,0.0
0.0,50,4185.859289,1.0
-50.0,50,4186.333804,0.0
-50.0,50,4186.809415,0.0
-50.0,50,4187.278786,0.0
-50.0,50,4187.768502,0.0
-50.0,50,4188.243457,0.0
-50.0,50,4188.70704,0.0
-50.0,50,4189.180374,0.0
-50.0,50,4189.69166,0.0
-50.0,50,4190.173046,0.0
-50.0,50,4190.647488,0.0
-50.0,50,4191.120178,0.0
-50.0,50,4191.618745,0.0
-50.0,50,4192.098217,0.0
-50.0,50,4192.561792,0.0
-50.0,50,4193.038036,0.0
-50.0,50,4193.534813,0.0
-50.0,50,4194.000713,0.0
-50.0,50,4194.478635,0.0
-50.0,50,4194.958431,0.0
-50.0,50,4195.461207,0.0
0.0,50,4195.922358,1.0
-50.0,50,4196.398163,0.0
-50.0,50,4196.864326,0.0
-50.0,50,4197.36279,0.0
-50.0,50,4197.836251,0.0
-50.0,50,4198.315469,0.0
-50.0,50,4198.790263,0.0
-50.0,50,4199.307653,0.0
-50.0,50,4199.794868,0.0
-50.0,50,4200.274715,0.0
-50.0,50,4200.754339,0.0
-50.0,50,4201.260137,0.0
-50.0,50,4201.751285,0.0
-50.0,50,4202.237421,0.0
-50.0,50,4202.723298,0.0
-50.0,50,4203.232851,0.0
-50.0,50,4203.712842,0.0
-50.0,50,4204.188775,0.0
-50.0,50,4204.673424,0.0
-50.0,50,4205.202589,0.0
-50.0,50,4205.677677,0.0
-50.0,50,4206.148381,0.0
-50.0,50,4206.633096,0.0
-50.0,50,4207.128078,0.0
0.0,50,4207.621998,1.0
0.0,50,4208.127861,1.0
-50.0,50,4208.604773,0.0
-50.0,50,4209.105353,0.0
-50.0,50,4209.594494,0.0
0.0,50,4210.069665,1.0
-50.0,50,4210.559241,0.0
-50.0,50,4211.059282,0.0
-50.0,50,4211.542294,0.0
-50.0,50,4212.022367,0.0
-50.0,50,4212.50206,0.0
-50.0,50,4213.01118,0.0
-50.0,50,4213.500359,0.0
-50.0,50,4213.980978,0.0
-50.0,50,4214.457201,0.0
-50.0,50,4214.960568,0.0
-50.0,50,4215.436156,0.0
-50.0,50,4215.919523,0.0
-50.0,50,4216.395021,0.0
-50.0,50,4216.902455,0.0
-50.0,50,4217.385739,0.0
-50.0,50,4217.871764,0.0
-50.0,50,4218.361423,0.0
-50.0,50,4218.882655,0.0
-50.0,50,4219.370502,0.0
-50.0,50,4219.850068,0.0
-50.0,50,4220.330698,0.0
-50.0,50,4220.847777,0.0
-50.0,50,4221.331248,0.0
-50.0,50,4221.812596,0.0
-50.0,50,4222.298453,0.0
-50.0,50,4222.801485,0.0
-50.0,50,4223.28191,0.0
-50.0,50,4223.769726,0.0
-50.0,50,4224.245299,0.0
-50.0,50,4224.771415,0.0
-50.0,50,4225.260601,0.0
0.0,50,4225.739275,1.0
-50.0,50,4226.219164,0.0
-50.0,50,4226.719265,0.0
-50.0,50,4227.199519,0.0
-50.0,50,4227.67627,0.0
-50.0,50,4228.142689,0.0
0.0,50,4228.63616,1.0
0.0,50,4229.112917,1.0
-50.0,50,4229.586334,0.0
-50.0,50,4230.074278,0.0
-50.0,50,4230.593677,0.0
-50.0,50,4231.080415,0.0
-50.0,50,4231.566572,0.0
-50.0,50,4232.056334,0.0
-50.0,50,4232.558261,0.0
0.0,50,4233.029174,1.0
-50.0,50,4233.505201,0.0
-50.0,50,4233.980688,0.0
-50.0,50,4234.503153,0.0
-50.0,50,4234.985958,0.0
-50.0,50,4235.466409,0.0
-50.0,50,4235.964382,0.0
-50.0,50,4236.477547,0.0
-50.0,50,4236.954349,0.0
-50.0,50,4237.432652,0.0
-50.0,50,4237.919578,0.0
-50.0,50,4238.425772,0.0
-50.0,50,4238.88827,0.0
-50.0,50,4239.360649,0.0
-50.0,50,4239.838439,0.0
-50.0,50,4240.321178,0.0
-50.0,50,4240.799525,0.0
-50.0,50,4241.268513,0.0
-50.0,50,4241.75997,0.0
-50.0,50,4242.262388,0.0
-50.0,50,4242.739658,0.0
-50.0,50,4243.216869,0.0
-50.0,50,4243.679967,0.0
-50.0,50,4244.179448,0.0
-50.0,50,4244.644473,0.0
-50.0,50,4245.112575,0.0
-50.0,50,4245.594564,0.0
0.0,50,4246.099963,1.0
-50.0,50,4246.567021,0.0
-50.0,50,4247.043002,0.0
-50.0,50,4247.517992,0.0
-50.0,50,4248.012677,0.0
-50.0,50,4248.488151,0.0
-50.0,50,4248.966237,0.0
0.0,50,4249.456392,1.0
-50.0,50,4249.954841,0.0
-50.0,50,4250.433175,0.0
-50.0,50,4250.914583,0.0
-50.0,50,4251.395935,0.0
-50.0,50,4251.896128,0.0
-50.0,50,4252.376661,0.0
-50.0,50,4252.850563,0.0
-50.0,50,4253.328486,0.0
-50.0,50,4253.822201,0.0
-50.0,50,4254.299705,0.0
-50.0,50,4254.772564,0.0
-50.0,50,4255.25168,0.0
-50.0,50,4255.754372,0.0
-50.0,50,4256.228946,0.0
-50.0,50,4256.697009,0.0
-50.0,50,4257.173477,0.0
-50.0,50,4257.67503,0.0
-50.0,50,4258.152701,0.0
-50.0,50,4258.641286,0.0
0.0,50,4259.111842,1.0
-50.0,50,4261.965443,0.0
0.0,50,4262.438961,1.0
-50.0,50,4262.91564,0.0
-50.0,50,4263.39896,0.0
-50.0,50,4263.907318,0.0
-50.0,50,4264.389055,0.0
-50.0,50,4264.883852,0.0
0.0,50,4265.365379,1.0
-50.0,50,4265.863507,0.0
-50.0,50,4266.360077,0.0
-50.0,50,4266.843839,0.0
-50.0,50,4267.331082,0.0
0.0,50,4267.839789,1.0
-50.0,50,4268.315496,0.0
-50.0,50,4268.790207,0.0
-50.0,50,4269.27232,0.0
-50.0,50,4269.782162,0.0
-50.0,50,4270.257922,0.0
0.0,50,4270.737443,1.0
-50.0,50,4271.218339,0.0
-50.0,50,4271.723334,0.0
-50.0,50,4272.20957,0.0
-50.0,50,4272.686642,0.0
-50.0,50,4273.167698,0.0
-50.0,50,4273.666818,0.0
-50.0,50,4274.159796,0.0
-50.0,50,4274.653986,0.0
-50.0,50,4275.12942,0.0
-50.0,50,4275.628082,0.0
0.0,50,4276.08737,1.0
-50.0,50,4276.564937,0.0
-50.0,50,4277.038301,0.0
-50.0,50,4277.533413,0.0
-50.0,50,4278.01094,0.0
-50.0,50,4278.489642,0.0
-50.0,50,4278.9661,0.0
-50.0,50,4279.463136,0.0
-50.0,50,4279.945799,0.0
-50.0,50,4280.425719,0.0
-50.0,50,4280.904109,0.0
-50.0,50,4281.405004,0.0
-50.0,50,4281.883696,0.0
-50.0,50,4282.362362,0.0
-50.0,50,4282.842881,0.0
-50.0,50,4283.339799,0.0
0.0,50,4283.805766,1.0
-50.0,50,4284.290054,0.0
-50.0,50,4284.771265,0.0
-50.0,50,4285.274806,0.0
-50.0,50,4285.758887,0.0
-50.0,50,4286.245619,0.0
-50.0,50,4286.726976,0.0
-50.0,50,4287.230718,0.0
0.0,50,4287.718702,1.0
-50.0,50,4288.203903,0.0
-50.0,50,4288.684313,0.0
-50.0,50,4289.183217,0.0
-50.0,50,4289.668574,0.0
-50.0,50,4290.144317,0.0
-50.0,50,4290.622775,0.0
-50.0,50,4291.112715,0.0
-50.0,50,4291.59011,0.0
-50.0,50,4292.069506,0.0
-50.0,50,4292.554665,0.0
-50.0,50,4293.048643,0.0
-50.0,50,4293.525316,0.0
-50.0,50,4294.0085,0.0
-50.0,50,4294.493729,0.0
-50.0,50,4294.995315,0.0
-50.0,50,4295.486611,0.0
-50.0,50,4295.973748,0.0
-50.0,50,4296.457833,0.0
-50.0,50,4296.957235,0.0
-50.0,50,4297.444562,0.0
-50.0,50,4297.943539,0.0
-50.0,50,4298.427644,0.0
-50.0,50,4298.927789,0.0
-50.0,50,4299.41616,0.0
-50.0,50,4299.898275,0.0
-50.0,50,4300.39098,0.0
-50.0,50,4300.895668,0.0
-50.0,50,4301.380082,0.0
0.0,50,4301.8434,1.0
-50.0,50,4302.316566,0.0
-50.0,50,4302.809876,0.0
-50.0,50,4303.286962,0.0
-50.0,50,4303.754416,0.0
-50.0,50,4304.22901,0.0
-50.0,50,4304.717267,0.0
-50.0,50,4305.193004,0.0
-50.0,50,4305.657828,0.0
-50.0,50,4306.128731,0.0
-50.0,50,4306.615992,0.0
-50.0,50,4307.09071,0.0
-50.0,50,4307.566284,0.0
-50.0,50,4308.04209,0.0
-50.0,50,4308.532348,0.0
-50.0,50,4309.00804,0.0
-50.0,50,4309.485666,0.0
-50.0,50,4309.964896,0.0
-50.0,50,4310.45318,0.0
-50.0,50,4310.933079,0.0
-50.0,50,4311.406126,0.0
-50.0,50,4311.884769,0.0
-50.0,50,4312.37824,0.0
-50.0,50,4312.849384,0.0
-50.0,50,4313.329884,0.0
-50.0,50,4313.808613,0.0
-50.0,50,4314.299572,0.0
-50.0,50,4314.775106,0.0
-50.0,50,4315.242894,0.0
-50.0,50,4315.720717,0.0
-50.0,50,4316.23114,0.0
-50.0,50,4316.708143,0.0
-50.0,50,4317.188165,0.0
-50.0,50,4317.664669,0.0
-50.0,50,4318.160059,0.0
-50.0,50,4318.639719,0.0
-50.0,50,4319.11858,0.0
0.0,50,4319.603303,1.0
-50.0,50,4320.098943,0.0
-50.0,50,4320.589376,0.0
0.0,50,4321.081479,1.0
-50.0,50,4321.563691,0.0
-50.0,50,4322.053925,0.0
-50.0,50,4322.533686,0.0
-50.0,50,4323.005835,0.0
-50.0,50,4323.478905,0.0
-50.0,50,4323.972146,0.0
-50.0,50,4324.460795,0.0
-50.0,50,4324.933344,0.0
-50.0,50,4325.409423,0.0
-50.0,50,4325.897971,0.0
-50.0,50,4326.378983,0.0
0.0,50,4326.850432,1.0
-50.0,50,4327.325846,0.0
-50.0,50,4327.833199,0.0
-50.0,50,4328.316447,0.0
-50.0,50,4328.789849,0.0
-50.0,50,4329.267182,0.0
0.0,50,4329.76153,1.0
-50.0,50,4330.240321,0.0
-50.0,50,4330.728837,0.0
-50.0,50,4331.204784,0.0
-50.0,50,4331.697086,0.0
-50.0,50,4332.171697,0.0
0.0,50,4332.635791,1.0
-50.0,50,4333.115824,0.0
-50.0,50,4333.598636,0.0
-50.0,50,4334.076404,0.0
-50.0,50,4334.556075,0.0
-50.0,50,4335.034651,0.0
-50.0,50,4335.522909,0.0
-50.0,50,4335.99778,0.0
-50.0,50,4336.47626,0.0
-50.0,50,4336.951291,0.0
-50.0,50,4337.435632,0.0
-50.0,50,4337.907548,0.0
-50.0,50,4338.373626,0.0
-50.0,50,4338.843507,0.0
-50.0,50,4339.351752,0.0
-50.0,50,4339.816549,0.0
-50.0,50,4340.288233,0.0
-50.0,50,4340.757604,0.0
-50.0,50,4341.238792,0.0
-50.0,50,4341.709181,0.0
-50.0,50,4342.18368,0.0
-50.0,50,4342.652137,0.0
-50.0,50,4343.158271,0.0
-50.0,50,4343.624419,0.0
-50.0,50,4344.099896,0.0
-50.0,50,4344.57329,0.0
-50.0,50,4345.061606,0.0
0.0,50,4345.53495,1.0
-50.0,50,4346.004102,0.0
-50.0,50,4346.48371,0.0
0.0,50,4346.976227,1.0
-50.0,50,4347.437017,0.0
-50.0,50,4347.901806,0.0
-50.0,50,4348.377907,0.0
-50.0,50,4348.868227,0.0
-50.0,50,4349.35861,0.0
-50.0,50,4349.828877,0.0
-50.0,50,4350.305877,0.0
-50.0,50,4350.801818,0.0
-50.0,50,4351.278311,0.0
-50.0,50,4351.750635,0.0
-50.0,50,4352.225284,0.0
-50.0,50,4352.719409,0.0
-50.0,50,4353.194836,0.0
-50.0,50,4353.676252,0.0
-50.0,50,4354.152951,0.0
-50.0,50,4354.641954,0.0
-50.0,50,4355.13331,0.0
-50.0,50,4355.619827,0.0
0.0,50,4356.095035,1.0
-50.0,50,4356.61012,0.0
-50.0,50,4357.097865,0.0
0.0,50,4357.593896,1.0
-50.0,50,4358.094914,0.0
-50.0,50,4360.926225,0.0
-50.0,50,4361.416273,0.0
-50.0,50,4361.902123,0.0
-50.0,50,4362.388866,0.0
-50.0,50,4362.892066,0.0
-50.0,50,4363.371124,0.0
-50.0,50,4363.856328,0.0
-50.0,50,4364.319083,0.0
-50.0,50,4364.808227,0.0
-50.0,50,4365.284157,0.0
-50.0,50,4365.764946,0.0
-50.0,50,4366.249636,0.0
-50.0,50,4366.758391,0.0
-50.0,50,4367.241272,0.0
-50.0,50,4367.736408,0.0
-50.0,50,4368.219001,0.0
-50.0,50,4368.707775,0.0
-50.0,50,4369.180143,0.0
0.0,50,4369.667269,1.0
-50.0,50,4370.149515,0.0
-50.0,50,4370.635795,0.0
-50.0,50,4371.110646,0.0
0.0,50,4371.576012,1.0
-50.0,50,4372.04802,0.0
-50.0,50,4372.536854,0.0
-50.0,50,4373.001243,0.0
-50.0,50,4373.475797,0.0
-50.0,50,4373.965406,0.0
-50.0,50,4374.452284,0.0
-50.0,50,4374.94346,0.0
-50.0,50,4375.422044,0.0
-50.0,50,4375.892381,0.0
-50.0,50,4376.372524,0.0
-50.0,50,4376.84485,0.0
-50.0,50,4377.319118,0.0
-50.0,50,4377.796431,0.0
-50.0,50,4378.287565,0.0
-50.0,50,4378.757128,0.0
-50.0,50,4379.230951,0.0
-50.0,50,4379.709001,0.0
-50.0,50,4380.207767,0.0
-50.0,50,4380.683887,0.0
-50.0,50,4381.159478,0.0
-50.0,50,4381.639837,0.0
-50.0,50,4382.12221,0.0
-50.0,50,4382.595349,0.0
-50.0,50,4383.072006,0.0
-50.0,50,4383.548307,0.0
-50.0,50,4384.034556,0.0
-50.0,50,4384.50069,0.0
-50.0,50,4384.966754,0.0
-50.0,50,4385.441127,0.0
-50.0,50,4385.935306,0.0
-50.0,50,4386.407555,0.0
-50.0,50,4386.88177,0.0
-50.0,50,4387.353756,0.0
0.0,50,4387.847682,1.0
-50.0,50,4388.322561,0.0
0.0,50,4388.785145,1.0
-50.0,50,4389.261214,0.0
-50.0,50,4389.782792,0.0
-50.0,50,4390.257553,0.0
-50.0,50,4390.732717,0.0
-50.0,50,4391.208223,0.0
-50.0,50,4391.687577,0.0
-50.0,50,4392.160146,0.0
-50.0,50,4392.627507,0.0
-50.0,50,4393.099728,0.0
-50.0,50,4393.578012,0.0
-50.0,50,4394.048964,0.0
-50.0,50,4394.521567,0.0
-50.0,50,4394.997682,0.0
-50.0,50,4395.487217,0.0
-50.0,50,4395.967415,0.0
0.0,50,4396.43021,1.0
-50.0,50,4396.901825,0.0
-50.0,50,4397.387988,0.0
-50.0,50,4397.863747,0.0
-50.0,50,4398.337731,0.0
-50.0,50,4398.805938,0.0
-50.0,50,4399.298976,0.0
-50.0,50,4399.773783,0.0
-50.0,50,4400.254931,0.0
-50.0,50,4400.740528,0.0
-50.0,50,4401.233526,0.0
-50.0,50,4401.699688,0.0
-50.0,50,4402.178343,0.0
-50.0,50,4402.660302,0.0
-50.0,50,4403.153311,0.0
-50.0,50,4403.635723,0.0
-50.0,50,4404.111325,0.0
-50.0,50,4404.591892,0.0
-50.0,50,4405.081065,0.0
-50.0,50,4405.554609,0.0
-50.0,50,4406.022208,0.0
-50.0,50,4406.492104,0.0
-50.0,50,4406.983175,0.0
-50.0,50,4407.445614,0.0
-50.0,50,4407.914931,0.0
-50.0,50,4408.38752,0.0
-50.0,50,4408.87296,0.0
0.0,50,4409.335347,1.0
-50.0,50,4409.809693,0.0
-50.0,50,4410.27842,0.0
-50.0,50,4410.775432,0.0
-50.0,50,4411.23093,0.0
-50.0,50,4411.699117,0.0
-50.0,50,4412.166052,0.0
-50.0,50,4412.648534,0.0
-50.0,50,4413.128713,0.0
-50.0,50,4413.605151,0.0
-50.0,50,4414.071227,0.0
-50.0,50,4414.557046,0.0
-50.0,50,4415.029171,0.0
-50.0,50,4415.500971,0.0
-50.0,50,4415.970492,0.0
0.0,50,4416.462688,1.0
-50.0,50,4416.933995,0.0
-50.0,50,4417.392835,0.0
-50.0,50,4417.869255,0.0
-50.0,50,4418.342229,0.0
-50.0,50,4418.808754,0.0
-50.0,50,4419.26883,0.0
-50.0,50,4419.744197,0.0
-50.0,50,4420.218043,0.0
-50.0,50,4420.688461,0.0
-50.0,50,4421.163695,0.0
-50.0,50,4421.63077,0.0
-50.0,50,4422.11708,0.0
-50.0,50,4422.596699,0.0
-50.0,50,4423.0661,0.0
-50.0,50,4423.534395,0.0
-50.0,50,4424.023988,0.0
-50.0,50,4424.503087,0.0
-50.0,50,4424.973802,0.0
-50.0,50,4425.470554,0.0
-50.0,50,4425.956384,0.0
-50.0,50,4426.429399,0.0
-50.0,50,4426.908985,0.0
-50.0,50,4427.391496,0.0
-50.0,50,4427.888712,0.0
-50.0,50,4428.353842,0.0
-50.0,50,4428.821729,0.0
-50.0,50,4429.288007,0.0
-50.0,50,4429.775282,0.0
-50.0,50,4430.246588,0.0
-50.0,50,4430.714019,0.0
-50.0,50,4431.177698,0.0
-50.0,50,4431.660146,0.0
-50.0,50,4432.136556,0.0
-50.0,50,4432.599814,0.0
-50.0,50,4433.075046,0.0
-50.0,50,4433.564508,0.0
-50.0,50,4434.041373,0.0
-50.0,50,4434.509471,0.0
-50.0,50,4434.980628,0.0
-50.0,50,4435.46518,0.0
-50.0,50,4435.930878,0.0
-50.0,50,4436.393022,0.0
-50.0,50,4436.864983,0.0
-50.0,50,4437.355623,0.0
-50.0,50,4437.822787,0.0
-50.0,50,4438.284707,0.0
0.0,50,4438.749386,1.0
0.0,50,4439.221078,1.0
-50.0,50,4439.697105,0.0
0.0,50,4440.178762,1.0
-50.0,50,4440.638646,0.0
-50.0,50,4441.129956,0.0
-50.0,50,4441.605211,0.0
-50.0,50,4442.081375,0.0
0.0,50,4442.543399,1.0
-50.0,50,4443.014459,0.0
-50.0,50,4443.478645,0.0
-50.0,50,4443.953177,0.0
-50.0,50,4444.418216,0.0
-50.0,50,4444.899454,0.0
-50.0,50,4445.373153,0.0
-50.0,50,4445.847654,0.0
-50.0,50,4446.317285,0.0
-50.0,50,4446.798878,0.0
-50.0,50,4447.263787,0.0
-50.0,50,4447.740842,0.0
-50.0,50,4448.222059,0.0
-50.0,50,4448.700123,0.0
-50.0,50,4449.163996,0.0
0.0,50,4449.644286,1.0
-50.0,50,4450.122136,0.0
-50.0,50,4450.604234,0.0
-50.0,50,4451.070361,0.0
-50.0,50,4451.543204,0.0
-50.0,50,4452.008008,0.0
-50.0,50,4452.487988,0.0
-50.0,50,4452.965687,0.0
-50.0,50,4453.436609,0.0
-50.0,50,4453.906315,0.0
-50.0,50,4454.391553,0.0
-50.0,50,4454.866117,0.0
-50.0,50,4455.333115,0.0
-50.0,50,4455.806187,0.0
-50.0,50,4458.629391,0.0
-50.0,50,4459.094022,0.0
-50.0,50,4459.561571,0.0
-50.0,50,4460.03615,0.0
-50.0,50,4460.521588,0.0
-50.0,50,4460.982206,0.0
-50.0,50,4461.442962,0.0
0.0,50,4461.90499,1.0
-50.0,50,4462.393275,0.0
0.0,50,4462.874274,1.0
-50.0,50,4463.341195,0.0
-50.0,50,4463.805294,0.0
-50.0,50,4464.299361,0.0
-50.0,50,4464.780821,0.0
-50.0,50,4465.250202,0.0
-50.0,50,4465.725702,0.0
-50.0,50,4466.213412,0.0
-50.0,50,4466.691664,0.0
-50.0,50,4467.161688,0.0
-50.0,50,4467.632852,0.0
-50.0,50,4468.124381,0.0
-50.0,50,4468.608459,0.0
-50.0,50,4469.085408,0.0
-50.0,50,4469.554237,0.0
-50.0,50,4470.049832,0.0
-50.0,50,4470.521666,0.0
-50.0,50,4471.007472,0.0
-50.0,50,4471.481547,0.0
-50.0,50,4471.96574,0.0
-50.0,50,4472.439263,0.0
-50.0,50,4472.917875,0.0
-50.0,50,4473.389602,0.0
-50.0,50,4473.877354,0.0
-50.0,50,4474.349722,0.0
0.0,50,4474.809045,1.0
-50.0,50,4475.294889,0.0
-50.0,50,4475.785403,0.0
-50.0,50,4476.279726,0.0
0.0,50,4476.753918,1.0
-50.0,50,4477.235371,0.0
-50.0,50,4477.729415,0.0
-50.0,50,4478.218109,0.0
-50.0,50,4478.707256,0.0
-50.0,50,4479.189853,0.0
-50.0,50,4479.688484,0.0
-50.0,50,4480.188767,0.0
-50.0,50,4480.666917,0.0
-50.0,50,4481.152261,0.0
-50.0,50,4481.651189,0.0
-50.0,50,4482.137747,0.0
-50.0,50,4482.626485,0.0
-50.0,50,4483.110495,0.0
-50.0,50,4483.602666,0.0
-50.0,50,4484.08354,0.0
-50.0,50,4484.571265,0.0
-50.0,50,4485.060794,0.0
-50.0,50,4485.541499,0.0
-50.0,50,4486.024565,0.0
-50.0,50,4486.51427,0.0
-50.0,50,4486.994617,0.0
-50.0,50,4487.474196,0.0
-50.0,50,4487.951709,0.0
-50.0,50,4488.423311,0.0
-50.0,50,4488.890221,0.0
-50.0,50,4489.372684,0.0
-50.0,50,4489.836708,0.0
-50.0,50,4490.32004,0.0
-50.0,50,4490.79115,0.0
0.0,50,4491.281371,1.0
-50.0,50,4491.761842,0.0
-50.0,50,4492.257533,0.0
0.0,50,4492.738679,1.0
-50.0,50,4493.233231,0.0
-50.0,50,4493.711231,0.0
-50.0,50,4494.192107,0.0
-50.0,50,4494.670389,0.0
-50.0,50,4495.171525,0.0
-50.0,50,4495.657295,0.0
-50.0,50,4496.137749,0.0
-50.0,50,4496.612088,0.0
-50.0,50,4497.103624,0.0
-50.0,50,4497.584907,0.0
-50.0,50,4498.067423,0.0
-50.0,50,4498.540629,0.0
-50.0,50,4499.035413,0.0
-50.0,50,4499.510632,0.0
-50.0,50,4499.988872,0.0
-50.0,50,4500.469975,0.0
-50.0,50,4500.955421,0.0
-50.0,50,4501.431657,0.0
-50.0,50,4501.904437,0.0
-50.0,50,4502.373888,0.0
-50.0,50,4502.871457,0.0
-50.0,50,4503.345197,0.0
-50.0,50,4503.81322,0.0
-50.0,50,4504.293406,0.0
-50.0,50,4504.780317,0.0
-50.0,50,4505.259717,0.0
-50.0,50,4505.741018,0.0
-50.0,50,4506.218445,0.0
-50.0,50,4506.72067,0.0
-50.0,50,4507.20286,0.0
0.0,50,4507.673793,1.0
-50.0,50,4508.162353,0.0
-50.0,50,4508.657671,0.0
-50.0,50,4509.121258,0.0
-50.0,50,4509.594707,0.0
-50.0,50,4510.073005,0.0
-50.0,50,4510.570692,0.0
-50.0,50,4511.042374,0.0
0.0,50,4511.505308,1.0
-50.0,50,4511.972726,0.0
-50.0,50,4512.465324,0.0
-50.0,50,4512.938891,0.0
-50.0,50,4513.416472,0.0
-50.0,50,4513.87501,0.0
-50.0,50,4514.365426,0.0
-50.0,50,4514.843612,0.0
-50.0,50,4515.319627,0.0
-50.0,50,4515.790751,0.0
-50.0,50,4516.268543,0.0
0.0,50,4516.747743,1.0
-50.0,50,4517.233906,0.0
-50.0,50,4517.729681,0.0
-50.0,50,4518.219642,0.0
-50.0,50,4518.679527,0.0
0.0,50,4519.163162,1.0
-50.0,50,4519.635779,0.0
-50.0,50,4520.120644,0.0
-50.0,50,4520.593458,0.0
-50.0,50,4521.055227,0.0
0.0,50,4521.523266,1.0
-50.0,50,4522.028584,0.0
-50.0,50,4522.501307,0.0
0.0,50,4522.976344,1.0
-50.0,50,4523.447555,0.0
-50.0,50,4523.944446,0.0
-50.0,50,4524.417546,0.0
-50.0,50,4524.890477,0.0
-50.0,50,4525.357765,0.0
-50.0,50,4525.855421,0.0
-50.0,50,4526.327725,0.0
0.0,50,4526.815984,1.0
-50.0,50,4527.299784,0.0
-50.0,50,4527.795727,0.0
-50.0,50,4528.283742,0.0
-50.0,50,4528.75797,0.0
-50.0,50,4529.238371,0.0
-50.0,50,4529.719652,0.0
-50.0,50,4530.205021,0.0
-50.0,50,4530.677975,0.0
-50.0,50,4531.140245,0.0
-50.0,50,4531.632555,0.0
-50.0,50,4532.106191,0.0
-50.0,50,4532.582494,0.0
-50.0,50,4533.056446,0.0
-50.0,50,4533.54275,0.0
-50.0,50,4534.014547,0.0
-50.0,50,4534.478514,0.0
-50.0,50,4534.95518,0.0
-50.0,50,4535.44667,0.0
-50.0,50,4535.913743,0.0
-50.0,50,4536.37234,0.0
-50.0,50,4536.843334,0.0
-50.0,50,4537.337039,0.0
-50.0,50,4537.815586,0.0
-50.0,50,4538.295039,0.0
0.0,50,4538.75642,1.0
-50.0,50,4539.243652,0.0
-50.0,50,4539.70556,0.0
-50.0,50,4540.172661,0.0
-50.0,50,4540.639802,0.0
-50.0,50,4541.129889,0.0
-50.0,50,4541.599478,0.0
0.0,50,4542.076982,1.0
-50.0,50,4542.566007,0.0
-50.0,50,4543.064876,0.0
0.0,50,4543.527139,1.0
-50.0,50,4544.008399,0.0
-50.0,50,4544.485878,0.0
-50.0,50,4544.972564,0.0
-50.0,50,4545.450731,0.0
-50.0,50,4545.908746,0.0
-50.0,50,4546.37166,0.0
-50.0,50,4546.865853,0.0
-50.0,50,4547.324346,0.0
-50.0,50,4547.785686,0.0
-50.0,50,4548.260695,0.0
-50.0,50,4548.754236,0.0
-50.0,50,4549.218516,0.0
-50.0,50,4549.691757,0.0
-50.0,50,4550.150134,0.0
-50.0,50,4550.624322,0.0
-50.0,50,4551.103451,0.0
-50.0,50,4551.573608,0.0
-50.0,50,4552.040567,0.0
-50.0,50,4552.533612,0.0
-50.0,50,4553.011471,0.0
-50.0,50,4553.484995,0.0
-50.0,50,4553.968101,0.0
-50.0,50,4556.714786,0.0
-50.0,50,4557.18394,0.0
-50.0,50,4557.660718,0.0
0.0,50,4558.129448,1.0
-50.0,50,4558.619249,0.0
-50.0,50,4559.098748,0.0
-50.0,50,4559.578495,0.0
-50.0,50,4560.043504,0.0
-50.0,50,4560.5295,0.0
-50.0,50,4561.005375,0.0
-50.0,50,4561.495455,0.0
-50.0,50,4561.965364,0.0
-50.0,50,4562.560555,0.0
-50.0,50,4563.042482,0.0
-50.0,50,4563.524855,0.0
-50.0,50,4564.017951,0.0
-50.0,50,4564.527502,0.0
-50.0,50,4565.009737,0.0
-50.0,50,4565.484477,0.0
0.0,50,4565.970015,1.0
-50.0,50,4566.481745,0.0
-50.0,50,4566.962948,0.0
-50.0,50,4567.437839,0.0
-50.0,50,4567.927427,0.0
-50.0,50,4568.425599,0.0
-50.0,50,4568.889226,0.0
-50.0,50,4569.371696,0.0
-50.0,50,4569.848294,0.0
-50.0,50,4570.338374,0.0
-50.0,50,4570.794427,0.0
-50.0,50,4571.26566,0.0
-50.0,50,4571.747957,0.0
-50.0,50,4572.238622,0.0
-50.0,50,4572.729762,0.0
-50.0,50,4573.212357,0.0
-50.0,50,4573.68856,0.0
-50.0,50,4574.181114,0.0
-50.0,50,4574.656964,0.0
-50.0,50,4575.142838,0.0
-50.0,50,4575.608961,0.0
-50.0,50,4576.092026,0.0
0.0,50,4576.555353,1.0
-50.0,50,4577.041754,0.0
-50.0,50,4577.527987,0.0
-50.0,50,4578.033974,0.0
-50.0,50,4578.516797,0.0
0.0,50,4578.994311,1.0
-50.0,50,4579.476797,0.0
-50.0,50,4579.987991,0.0
-50.0,50,4580.475777,0.0
-50.0,50,4580.957808,0.0
-50.0,50,4581.444906,0.0
-50.0,50,4581.967975,0.0
-50.0,50,4582.452357,0.0
-50.0,50,4582.933067,0.0
-50.0,50,4583.418574,0.0
-50.0,50,4583.92467,0.0
0.0,50,4584.41993,1.0
-50.0,50,4584.897185,0.0
-50.0,50,4585.376992,0.0
-50.0,50,4585.885798,0.0
-50.0,50,4586.373229,0.0
-50.0,50,4586.851108,0.0
-50.0,50,4587.330558,0.0
-50.0,50,4587.851747,0.0
0.0,50,4588.332601,1.0
-50.0,50,4588.815056,0.0
-50.0,50,4589.288729,0.0
-50.0,50,4589.781455,0.0
-50.0,50,4590.266088,0.0
-50.0,50,4590.73497,0.0
-50.0,50,4591.215815,0.0
-50.0,50,4591.701708,0.0
0.0,50,4592.182288,1.0
-50.0,50,4592.664888,0.0
-50.0,50,4593.144704,0.0
0.0,50,4593.707823,1.0
-50.0,50,4594.188133,0.0
-50.0,50,4594.658707,0.0
-50.0,50,4595.151071,0.0
-50.0,50,4595.667138,0.0
-50.0,50,4596.142215,0.0
-50.0,50,4596.637536,0.0
-50.0,50,4597.125748,0.0
-50.0,50,4597.635575,0.0
-50.0,50,4598.12478,0.0
0.0,50,4598.598864,1.0
-50.0,50,4599.057586,0.0
-50.0,50,4599.557925,0.0
-50.0,50,4600.027367,0.0
-50.0,50,4600.501656,0.0
-50.0,50,4600.973717,0.0
0.0,50,4601.451105,1.0
-50.0,50,4601.927406,0.0
-50.0,50,4602.408276,0.0
-50.0,50,4602.889472,0.0
-50.0,50,4603.406883,0.0
0.0,50,4603.894798,1.0
-50.0,50,4604.369816,0.0
-50.0,50,4604.86007,0.0
-50.0,50,4605.341884,0.0
-50.0,50,4605.816076,0.0
-50.0,50,4606.289369,0.0
-50.0,50,4606.765698,0.0
-50.0,50,4607.269527,0.0
-50.0,50,4607.753673,0.0
-50.0,50,4608.230796,0.0
-50.0,50,4608.707767,0.0
-50.0,50,4609.208248,0.0
-50.0,50,4609.678858,0.0
-50.0,50,4610.153626,0.0
-50.0,50,4610.629249,0.0
-50.0,50,4611.135331,0.0
-50.0,50,4611.61323,0.0
-50.0,50,4612.070627,0.0
-50.0,50,4612.544027,0.0
0.0,50,4613.04585,1.0
-50.0,50,4613.511204,0.0
-50.0,50,4613.990652,0.0
0.0,50,4614.465033,1.0
-50.0,50,4614.957997,0.0
-50.0,50,4615.431669,0.0
-50.0,50,4615.89912,0.0
-50.0,50,4616.377676,0.0
-50.0,50,4616.871784,0.0
-50.0,50,4617.352296,0.0
-50.0,50,4617.833638,0.0
-50.0,50,4618.314973,0.0
-50.0,50,4618.791979,0.0
-50.0,50,4619.270279,0.0
-50.0,50,4619.754926,0.0
-50.0,50,4620.253397,0.0
-50.0,50,4620.746586,0.0
0.0,50,4621.225914,1.0
-50.0,50,4621.705655,0.0
-50.0,50,4622.196261,0.0
-50.0,50,4622.685531,0.0
-50.0,50,4623.164892,0.0
-50.0,50,4623.645955,0.0
-50.0,50,4624.126208,0.0
-50.0,50,4624.629366,0.0
-50.0,50,4625.113867,0.0
-50.0,50,4625.589103,0.0
-50.0,50,4626.07226,0.0
-50.0,50,4626.54518,0.0
-50.0,50,4627.017138,0.0
-50.0,50,4627.517524,0.0
-50.0,50,4628.010056,0.0
-50.0,50,4628.503261,0.0
-50.0,50,4628.974829,0.0
-50.0,50,4629.454363,0.0
-50.0,50,4629.937531,0.0
-50.0,50,4630.429688,0.0
-50.0,50,4630.903903,0.0
-50.0,50,4631.385741,0.0
-50.0,50,4631.865855,0.0
-50.0,50,4632.353881,0.0
-50.0,50,4632.832913,0.0
-50.0,50,4633.310082,0.0
-50.0,50,4633.78974,0.0
-50.0,50,4634.277542,0.0
0.0,50,4634.749755,1.0
-50.0,50,4635.232995,0.0
-50.0,50,4635.708112,0.0
-50.0,50,4636.197762,0.0
-50.0,50,4636.688429,0.0
-50.0,50,4637.162091,0.0
-50.0,50,4637.651667,0.0
-50.0,50,4638.138335,0.0
-50.0,50,4638.622972,0.0
-50.0,50,4639.108175,0.0
-50.0,50,4639.593997,0.0
-50.0,50,4640.087938,0.0
-50.0,50,4640.558487,0.0
-50.0,50,4641.037809,0.0
-50.0,50,4641.504224,0.0
-50.0,50,4642.003957,0.0
-50.0,50,4642.489935,0.0
-50.0,50,4642.974637,0.0
0.0,50,4643.453919,1.0
-50.0,50,4643.960525,0.0
-50.0,50,4644.448591,0.0
-50.0,50,4644.9382,0.0
-50.0,50,4645.419515,0.0
-50.0,50,4645.90085,0.0
-50.0,50,4646.386507,0.0
-50.0,50,4646.869891,0.0
-50.0,50,4647.33962,0.0
-50.0,50,4647.829783,0.0
-50.0,50,4648.302452,0.0
-50.0,50,4648.789123,0.0
-50.0,50,4649.275851,0.0
-50.0,50,4649.770884,0.0
-50.0,50,4650.244911,0.0
-50.0,50,4650.714017,0.0
-50.0,50,4651.178395,0.0
-50.0,50,4651.664837,0.0
-50.0,50,4652.137711,0.0
-50.0,50,4652.610587,0.0
-50.0,50,4653.075165,0.0
-50.0,50,4655.89496,0.0
-50.0,50,4656.363667,0.0
-50.0,50,4656.837976,0.0
-50.0,50,4657.31338,0.0
-50.0,50,4657.807879,0.0
-50.0,50,4658.284179,0.0
-50.0,50,4658.756318,0.0
-50.0,50,4659.230024,0.0
-50.0,50,4659.720001,0.0
-50.0,50,4660.194206,0.0
-50.0,50,4660.662048,0.0
-50.0,50,4661.137023,0.0
-50.0,50,4661.627251,0.0
-50.0,50,4662.100232,0.0
-50.0,50,4662.574231,0.0
-50.0,50,4663.047418,0.0
-50.0,50,4663.546453,0.0
-50.0,50,4664.020051,0.0
-50.0,50,4664.4951,0.0
-50.0,50,4664.96561,0.0
-50.0,50,4665.456079,0.0
-50.0,50,4665.934155,0.0
-50.0,50,4666.401882,0.0
-50.0,50,4666.879587,0.0
-50.0,50,4667.367404,0.0
0.0,50,4667.825075,1.0
-50.0,50,4668.303341,0.0
-50.0,50,4668.769743,0.0
-50.0,50,4669.249933,0.0
-50.0,50,4669.730213,0.0
-50.0,50,4670.208288,0.0
-50.0,50,4670.68225,0.0
-50.0,50,4671.166996,0.0
-50.0,50,4671.639862,0.0
-50.0,50,4672.119223,0.0
0.0,50,4672.599075,1.0
-50.0,50,4673.088115,0.0
-50.0,50,4673.570201,0.0
-50.0,50,4674.053369,0.0
-50.0,50,4674.534131,0.0
-50.0,50,4675.018575,0.0
-50.0,50,4675.494612,0.0
-50.0,50,4675.968458,0.0
0.0,50,4676.427879,1.0
-50.0,50,4676.909006,0.0
-50.0,50,4677.369427,0.0
0.0,50,4677.857715,1.0
-50.0,50,4678.339554,0.0
-50.0,50,4678.832355,0.0
-50.0,50,4679.311313,0.0
-50.0,50,4679.779936,0.0
-50.0,50,4680.25068,0.0
-50.0,50,4680.749519,0.0
-50.0,50,4681.223177,0.0
-50.0,50,4681.699404,0.0
-50.0,50,4682.17992,0.0
0.0,50,4682.665952,1.0
-50.0,50,4683.144125,0.0
-50.0,50,4683.625793,0.0
-50.0,50,4684.093868,0.0
-50.0,50,4684.58605,0.0
-50.0,50,4685.056963,0.0
-50.0,50,4685.536995,0.0
-50.0,50,4686.007114,0.0
-50.0,50,4686.498889,0.0
-50.0,50,4686.975992,0.0
-50.0,50,4687.460111,0.0
-50.0,50,4687.93878,0.0
-50.0,50,4688.435702,0.0
-50.0,50,4688.903406,0.0
-50.0,50,4689.386347,0.0
-50.0,50,4689.862318,0.0
-50.0,50,4690.34646,0.0
-50.0,50,4690.827199,0.0
-50.0,50,4691.305634,0.0
-50.0,50,4691.767455,0.0
-50.0,50,4692.268455,0.0
-50.0,50,4692.738545,0.0
-50.0,50,4693.210272,0.0
-50.0,50,4693.677297,0.0
-50.0,50,4694.164457,0.0
-50.0,50,4694.635603,0.0
-50.0,50,4695.109032,0.0
-50.0,50,4695.590194,0.0
-50.0,50,4696.082136,0.0
-50.0,50,4696.542277,0.0
-50.0,50,4697.003884,0.0
-50.0,50,4697.470079,0.0
-50.0,50,4697.949229,0.0
-50.0,50,4698.413809,0.0
-50.0,50,4698.879427,0.0
-50.0,50,4699.338483,0.0
-50.0,50,4699.822221,0.0
-50.0,50,4700.290544,0.0
-50.0,50,4700.750342,0.0
-50.0,50,4701.217145,0.0
-50.0,50,4701.700943,0.0
-50.0,50,4702.17476,0.0
-50.0,50,4702.651044,0.0
-50.0,50,4703.120853,0.0
-50.0,50,4703.608498,0.0
-50.0,50,4704.088686,0.0
-50.0,50,4704.566144,0.0
-50.0,50,4705.029528,0.0
-50.0,50,4705.512151,0.0
-50.0,50,4705.986116,0.0
-50.0,50,4706.457653,0.0
0.0,50,4706.935026,1.0
-50.0,50,4707.420626,0.0
-50.0,50,4707.894593,0.0
-50.0,50,4708.38269,0.0
-50.0,50,4708.867489,0.0
-50.0,50,4709.340452,0.0
0.0,50,4709.810412,1.0
-50.0,50,4710.285203,0.0
-50.0,50,4710.743238,0.0
-50.0,50,4711.230683,0.0
-50.0,50,4711.705233,0.0
-50.0,50,4712.183343,0.0
-50.0,50,4712.657949,0.0
-50.0,50,4713.132525,0.0
-50.0,50,4713.60768,0.0
-50.0,50,4714.075211,0.0
-50.0,50,4714.534395,0.0
-50.0,50,4715.024993,0.0
-50.0,50,4715.4904,0.0
0.0,50,4715.954188,1.0
-50.0,50,4716.437507,0.0
-50.0,50,4716.934592,0.0
-50.0,50,4717.407837,0.0
-50.0,50,4717.896313,0.0
0.0,50,4718.361441,1.0
-50.0,50,4718.836078,0.0
-50.0,50,4719.300745,0.0
-50.0,50,4719.780935,0.0
0.0,50,4720.253035,1.0
-50.0,50,4720.741873,0.0
-50.0,50,4721.213469,0.0
-50.0,50,4721.69276,0.0
-50.0,50,4722.175646,0.0
-50.0,50,4722.652247,0.0
-50.0,50,4723.130428,0.0
-50.0,50,4723.599306,0.0
-50.0,50,4724.07206,0.0
-50.0,50,4724.562943,0.0
0.0,50,4725.037347,1.0
-50.0,50,4725.511498,0.0
-50.0,50,4725.978587,0.0
-50.0,50,4726.48225,0.0
-50.0,50,4726.961061,0.0
-50.0,50,4727.437732,0.0
-50.0,50,4727.917217,0.0
-50.0,50,4728.404099,0.0
0.0,50,4728.885335,1.0
-50.0,50,4729.366894,0.0
-50.0,50,4729.845345,0.0
-50.0,50,4730.332062,0.0
-50.0,50,4730.819844,0.0
0.0,50,4731.298494,1.0
-50.0,50,4731.772653,0.0
-50.0,50,4732.249021,0.0
-50.0,50,4732.714823,0.0
-50.0,50,4733.185641,0.0
-50.0,50,4733.669472,0.0
-50.0,50,4734.174317,0.0
-50.0,50,4734.656809,0.0
-50.0,50,4735.132325,0.0
0.0,50,4735.611913,1.0
-50.0,50,4736.103299,0.0
-50.0,50,4736.583343,0.0
-50.0,50,4737.060039,0.0
-50.0,50,4737.534711,0.0
-20.0,50,4738.022792,1.0
-50.0,50,4738.484209,0.0
-50.0,50,4738.962691,0.0
-50.0,50,4739.426678,0.0
-50.0,50,4739.921334,0.0
-50.0,50,4740.399728,0.0
-50.0,50,4740.873666,0.0
-50.0,50,4741.343317,0.0
-50.0,50,4741.845056,0.0
-50.0,50,4742.318003,0.0
0.0,50,4742.797515,1.0
-50.0,50,4743.276761,0.0
-50.0,50,4743.764511,0.0
-50.0,50,4744.2393,0.0
-50.0,50,4744.706664,0.0
-50.0,50,4745.185353,0.0
-50.0,50,4745.681901,0.0
-50.0,50,4746.149639,0.0
-50.0,50,4746.632919,0.0
-50.0,50,4747.116497,0.0
-50.0,50,4747.593158,0.0
-50.0,50,4748.078912,0.0
-50.0,50,4748.560395,0.0
-50.0,50,4749.040316,0.0
-50.0,50,4749.515356,0.0
-50.0,50,4749.987108,0.0
-50.0,50,4750.474092,0.0
-50.0,50,4750.945139,0.0
-50.0,50,4753.648956,0.0
-50.0,50,4754.10478,0.0
-50.0,50,4754.576521,0.0
-50.0,50,4755.040655,0.0
-50.0,50,4755.528927,0.0
-50.0,50,4755.99419,0.0
-50.0,50,4756.46875,0.0
-50.0,50,4756.943012,0.0
-50.0,50,4757.418353,0.0
-50.0,50,4757.890036,0.0
-50.0,50,4758.353482,0.0
-50.0,50,4758.828138,0.0
-50.0,50,4759.3206,0.0
-50.0,50,4759.803698,0.0
-50.0,50,4760.276194,0.0
-50.0,50,4760.747274,0.0
0.0,50,4761.225974,1.0
-50.0,50,4761.700793,0.0
-50.0,50,4762.177664,0.0
-50.0,50,4762.644215,0.0
0.0,50,4763.133294,1.0
-50.0,50,4763.598171,0.0
-50.0,50,4764.068848,0.0
-50.0,50,4764.534056,0.0
-50.0,50,4765.04585,0.0
-50.0,50,4765.515693,0.0
-50.0,50,4765.99206,0.0
-50.0,50,4766.464624,0.0
-50.0,50,4766.958086,0.0
-50.0,50,4767.429758,0.0
0.0,50,4767.915767,1.0
-50.0,50,4768.385536,0.0
0.0,50,4768.867999,1.0
-50.0,50,4769.33226,0.0
-50.0,50,4769.808633,0.0
-50.0,50,4770.280817,0.0
-50.0,50,4770.771489,0.0
0.0,50,4771.238717,1.0
-50.0,50,4771.705774,0.0
-50.0,50,4772.182459,0.0
-50.0,50,4772.666238,0.0
-50.0,50,4773.131639,0.0
-50.0,50,4773.597142,0.0
-50.0,50,4774.058287,0.0
-50.0,50,4774.537966,0.0
-50.0,50,4775.00176,0.0
-50.0,50,4775.470394,0.0
-50.0,50,4775.942593,0.0
-50.0,50,4776.43073,0.0
-50.0,50,4776.900034,0.0
-50.0,50,4777.364615,0.0
-50.0,50,4777.849432,0.0
-50.0,50,4778.324781,0.0
-50.0,50,4778.800688,0.0
-50.0,50,4779.272851,0.0
-50.0,50,4779.76033,0.0
-50.0,50,4780.243078,0.0
-50.0,50,4780.712809,0.0
-50.0,50,4781.181358,0.0
-50.0,50,4781.655694,0.0
-50.0,50,4782.147246,0.0
-50.0,50,4782.626226,0.0
-50.0,50,4783.102523,0.0
-50.0,50,4783.573792,0.0
-50.0,50,4784.051066,0.0
-50.0,50,4784.526083,0.0
-50.0,50,4785.001349,0.0
-50.0,50,4785.475485,0.0
-50.0,50,4785.952282,0.0
-50.0,50,4786.429055,0.0
-50.0,50,4786.902008,0.0
-50.0,50,4787.373912,0.0
-50.0,50,4787.851963,0.0
-50.0,50,4788.324787,0.0
-50.0,50,4788.804556,0.0
0.0,50,4789.275899,1.0
-50.0,50,4789.760768,0.0
-50.0,50,4790.237966,0.0
-50.0,50,4790.704447,0.0
-50.0,50,4791.171813,0.0
-50.0,50,4791.664852,0.0
-50.0,50,4792.136071,0.0
-50.0,50,4792.601066,0.0
-50.0,50,4793.065988,0.0
-50.0,50,4793.563025,0.0
-50.0,50,4794.041927,0.0
-50.0,50,4794.513619,0.0
-50.0,50,4794.979056,0.0
-50.0,50,4795.470362,0.0
-50.0,50,4795.94578,0.0
-50.0,50,4796.411549,0.0
-50.0,50,4796.889601,0.0
-50.0,50,4797.382544,0.0
-50.0,50,4797.84984,0.0
-50.0,50,4798.325019,0.0
-50.0,50,4798.79874,0.0
-50.0,50,4799.292047,0.0
-50.0,50,4799.760291,0.0
-50.0,50,4800.232894,0.0
-50.0,50,4800.696688,0.0
-50.0,50,4801.176441,0.0
-50.0,50,4801.641042,0.0
-50.0,50,4802.122119,0.0
-50.0,50,4802.591254,0.0
-50.0,50,4803.07847,0.0
-50.0,50,4803.557852,0.0
-50.0,50,4804.021333,0.0
-50.0,50,4804.491905,0.0
-50.0,50,4804.973058,0.0
-50.0,50,4805.450004,0.0
-50.0,50,4805.922857,0.0
-50.0,50,4806.390094,0.0
-50.0,50,4806.872701,0.0
-50.0,50,4807.352684,0.0
-50.0,50,4807.831007,0.0
-50.0,50,4808.299701,0.0
-50.0,50,4808.786613,0.0
-50.0,50,4809.259176,0.0
-50.0,50,4809.740374,0.0
-50.0,50,4810.211017,0.0
-50.0,50,4810.700123,0.0
-50.0,50,4811.173019,0.0
-50.0,50,4811.632981,0.0
-50.0,50,4812.109143,0.0
-50.0,50,4812.614858,0.0
-50.0,50,4813.089557,0.0
-50.0,50,4813.565917,0.0
-50.0,50,4814.038935,0.0
-50.0,50,4814.53118,0.0
-50.0,50,4815.00736,0.0
-50.0,50,4815.482576,0.0
-50.0,50,4815.94925,0.0
-50.0,50,4816.429945,0.0
-50.0,50,4816.900026,0.0
-50.0,50,4817.372555,0.0
-50.0,50,4817.849248,0.0
-50.0,50,4818.326323,0.0
-50.0,50,4818.793668,0.0
-50.0,50,4819.268817,0.0
-50.0,50,4819.735254,0.0
-50.0,50,4820.212797,0.0
-50.0,50,4820.682693,0.0
-50.0,50,4821.161451,0.0
-50.0,50,4821.641748,0.0
0.0,50,4822.135941,1.0
-50.0,50,4822.610823,0.0
-50.0,50,4823.087862,0.0
-50.0,50,4823.562326,0.0
-50.0,50,4824.050783,0.0
-50.0,50,4824.525438,0.0
-50.0,50,4824.99494,0.0
-50.0,50,4825.473672,0.0
-50.0,50,4825.95088,0.0
-50.0,50,4826.426765,0.0
-50.0,50,4826.901662,0.0
-50.0,50,4827.370808,0.0
-50.0,50,4827.862152,0.0
-50.0,50,4828.345819,0.0
-50.0,50,4828.825561,0.0
-50.0,50,4829.309931,0.0
-50.0,50,4829.825425,0.0
-50.0,50,4830.302382,0.0
-50.0,50,4830.783881,0.0
0.0,50,4831.266337,1.0
-50.0,50,4831.763902,0.0
-50.0,50,4832.228698,0.0
-50.0,50,4832.710884,0.0
-50.0,50,4833.185296,0.0
-50.0,50,4833.668943,0.0
-50.0,50,4834.150247,0.0
-50.0,50,4834.640491,0.0
-50.0,50,4835.125541,0.0
-50.0,50,4835.619642,0.0
-50.0,50,4836.105038,0.0
-50.0,50,4836.588736,0.0
0.0,50,4837.069655,1.0
-50.0,50,4837.565098,0.0
0.0,50,4838.064793,1.0
-50.0,50,4838.551741,0.0
-50.0,50,4839.013617,0.0
-50.0,50,4839.50493,0.0
-50.0,50,4839.987746,0.0
-50.0,50,4840.45682,0.0
-50.0,50,4840.918596,0.0
-50.0,50,4841.39405,0.0
-50.0,50,4841.861819,0.0
-50.0,50,4842.329998,0.0
-50.0,50,4842.807395,0.0
0.0,50,4843.2968,1.0
-50.0,50,4843.773762,0.0
-50.0,50,4844.246684,0.0
-50.0,50,4844.721127,0.0
-50.0,50,4845.192504,0.0
-50.0,50,4845.664572,0.0
0.0,50,4846.139979,1.0
-50.0,50,4846.614868,0.0
-50.0,50,4847.099801,0.0
-50.0,50,4847.561525,0.0
-50.0,50,4848.031798,0.0
-50.0,50,4848.496694,0.0
-50.0,50,4851.266438,0.0
-50.0,50,4851.737132,0.0
-50.0,50,4852.206261,0.0
-50.0,50,4852.671964,0.0
-50.0,50,4853.152882,0.0
-50.0,50,4853.625565,0.0
-50.0,50,4854.096305,0.0
-50.0,50,4854.565089,0.0
-50.0,50,4855.04879,0.0
-50.0,50,4855.521023,0.0
-50.0,50,4855.992915,0.0
-50.0,50,4856.466272,0.0
-50.0,50,4856.966963,0.0
-50.0,50,4857.437972,0.0
-50.0,50,4857.913221,0.0
-50.0,50,4858.387615,0.0
-50.0,50,4858.894936,0.0
-50.0,50,4859.361803,0.0
-50.0,50,4859.832584,0.0
-50.0,50,4860.298289,0.0
-50.0,50,4860.796001,0.0
-50.0,50,4861.259434,0.0
0.0,50,4861.750795,1.0
-50.0,50,4862.228133,0.0
-50.0,50,4862.738164,0.0
-50.0,50,4863.204918,0.0
-50.0,50,4863.669233,0.0
-50.0,50,4864.14389,0.0
-50.0,50,4864.651931,0.0
-50.0,50,4865.116459,0.0
-50.0,50,4865.58324,0.0
-50.0,50,4866.058455,0.0
-50.0,50,4866.544918,0.0
-50.0,50,4867.009236,0.0
-50.0,50,4867.478275,0.0
0.0,50,4867.966542,1.0
0.0,50,4868.457746,1.0
-50.0,50,4868.932893,0.0
-50.0,50,4869.404446,0.0
-50.0,50,4869.868557,0.0
-50.0,50,4870.371152,0.0
-50.0,50,4870.837694,0.0
-50.0,50,4871.30937,0.0
0.0,50,4871.774312,1.0
-50.0,50,4872.280262,0.0
-50.0,50,4872.754047,0.0
-50.0,50,4873.23268,0.0
-50.0,50,4873.697692,0.0
-50.0,50,4874.184568,0.0
-50.0,50,4874.650644,0.0
-50.0,50,4875.117162,0.0
-50.0,50,4875.593673,0.0
-50.0,50,4876.099409,0.0
-50.0,50,4876.573625,0.0
-50.0,50,4877.04195,0.0
-50.0,50,4877.510849,0.0
-50.0,50,4877.998911,0.0
-50.0,50,4878.469403,0.0
-50.0,50,4878.93354,0.0
-50.0,50,4879.403631,0.0
-50.0,50,4879.940558,0.0
-50.0,50,4880.418951,0.0
-50.0,50,4880.883355,0.0
-50.0,50,4881.350598,0.0
-50.0,50,4881.84872,0.0
-50.0,50,4882.320084,0.0
-50.0,50,4882.797528,0.0
-50.0,50,4883.268157,0.0
0.0,50,4883.80903,1.0
-50.0,50,4884.284454,0.0
-50.0,50,4884.753309,0.0
0.0,50,4885.217902,1.0
-50.0,50,4885.721636,0.0
-50.0,50,4886.194664,0.0
-50.0,50,4886.662533,0.0
-50.0,50,4887.138245,0.0
-50.0,50,4887.650066,0.0
-50.0,50,4888.128691,0.0
-50.0,50,4888.606852,0.0
-50.0,50,4889.071301,0.0
-50.0,50,4889.560194,0.0
-50.0,50,4890.033885,0.0
-50.0,50,4890.505829,0.0
-50.0,50,4890.976735,0.0
-50.0,50,4891.480264,0.0
-50.0,50,4891.95936,0.0
-50.0,50,4892.433583,0.0
-50.0,50,4892.909582,0.0
-50.0,50,4893.417566,0.0
-50.0,50,4893.888552,0.0
-50.0,50,4894.353227,0.0
-50.0,50,4894.824352,0.0
-50.0,50,4895.331079,0.0
-50.0,50,4895.804838,0.0
-50.0,50,4896.282722,0.0
-50.0,50,4896.770372,0.0
-50.0,50,4897.281954,0.0
-50.0,50,4897.763383,0.0
-50.0,50,4898.245665,0.0
-50.0,50,4898.721051,0.0
0.0,50,4899.21328,1.0
-50.0,50,4899.686284,0.0
-50.0,50,4900.157878,0.0
-50.0,50,4900.635972,0.0
-50.0,50,4901.138833,0.0
-50.0,50,4901.616161,0.0
-50.0,50,4902.090961,0.0
-50.0,50,4902.56176,0.0
-50.0,50,4903.064113,0.0
-50.0,50,4903.541563,0.0
-50.0,50,4904.007885,0.0
-50.0,50,4904.476957,0.0
-50.0,50,4904.987093,0.0
-50.0,50,4905.457709,0.0
-50.0,50,4905.929622,0.0
-50.0,50,4906.397864,0.0
-50.0,50,4906.903373,0.0
-50.0,50,4907.378634,0.0
-50.0,50,4907.855127,0.0
-50.0,50,4908.334069,0.0
-50.0,50,4908.870528,0.0
-50.0,50,4909.349522,0.0
-50.0,50,4909.822002,0.0
-50.0,50,4910.298431,0.0
-50.0,50,4910.802853,0.0
-50.0,50,4911.271247,0.0
-50.0,50,4911.741998,0.0
-50.0,50,4912.205762,0.0
-50.0,50,4912.707986,0.0
-50.0,50,4913.171963,0.0
-50.0,50,4913.648603,0.0
-50.0,50,4914.120008,0.0
-50.0,50,4914.627527,0.0
-50.0,50,4915.107785,0.0
-50.0,50,4915.589055,0.0
-50.0,50,4916.068282,0.0
-50.0,50,4916.573468,0.0
-50.0,50,4917.0462,0.0
0.0,50,4917.531737,1.0
-50.0,50,4918.00502,0.0
-50.0,50,4918.505386,0.0
-50.0,50,4918.977225,0.0
-50.0,50,4919.452008,0.0
-50.0,50,4919.923959,0.0
-50.0,50,4920.413803,0.0
-50.0,50,4920.883147,0.0
-50.0,50,4921.348853,0.0
-50.0,50,4921.822526,0.0
-50.0,50,4922.331163,0.0
-50.0,50,4922.802501,0.0
-50.0,50,4923.279616,0.0
-50.0,50,4923.761664,0.0
-50.0,50,4924.259319,0.0
-50.0,50,4924.735368,0.0
-50.0,50,4925.214839,0.0
-50.0,50,4925.699336,0.0
-50.0,50,4926.196278,0.0
-50.0,50,4926.675016,0.0
-50.0,50,4927.157166,0.0
-50.0,50,4927.633342,0.0
-50.0,50,4928.147039,0.0
-50.0,50,4928.627314,0.0
0.0,50,4929.116105,1.0
-50.0,50,4929.592367,0.0
-50.0,50,4930.094833,0.0
-50.0,50,4930.581253,0.0
-50.0,50,4931.055017,0.0
-50.0,50,4931.534089,0.0
-50.0,50,4932.026948,0.0
-50.0,50,4932.499844,0.0
-50.0,50,4932.973504,0.0
-50.0,50,4933.460623,0.0
-50.0,50,4933.957851,0.0
-50.0,50,4934.439588,0.0
-50.0,50,4934.907944,0.0
-50.0,50,4935.388973,0.0
-50.0,50,4935.884176,0.0
-50.0,50,4936.358557,0.0
-50.0,50,4936.841418,0.0
-50.0,50,4937.316868,0.0
-50.0,50,4937.815152,0.0
-50.0,50,4938.303707,0.0
-50.0,50,4938.788009,0.0
-50.0,50,4939.274164,0.0
-50.0,50,4939.785594,0.0
-50.0,50,4940.264186,0.0
-50.0,50,4940.739006,0.0
-50.0,50,4941.207076,0.0
-50.0,50,4941.71115,0.0
-50.0,50,4942.184636,0.0
-50.0,50,4942.661223,0.0
-50.0,50,4943.139685,0.0
-50.0,50,4943.641011,0.0
-50.0,50,4944.104469,0.0
-50.0,50,4944.574623,0.0
-50.0,50,4945.049189,0.0
-50.0,50,4945.535345,0.0
-50.0,50,4946.012415,0.0
-50.0,50,4946.48667,0.0
-50.0,50,4946.957404,0.0
-50.0,50,4949.733082,0.0
0.0,50,4950.208024,1.0
-50.0,50,4950.684426,0.0
0.0,50,4951.153453,1.0
-50.0,50,4951.665371,0.0
-50.0,50,4952.140043,0.0
-50.0,50,4952.609659,0.0
-50.0,50,4953.086252,0.0
-50.0,50,4953.577888,0.0
-50.0,50,4954.053276,0.0
-50.0,50,4954.531837,0.0
-50.0,50,4955.001148,0.0
-50.0,50,4955.504115,0.0
-50.0,50,4955.971721,0.0
-50.0,50,4956.434916,0.0
-50.0,50,4956.89206,0.0
0.0,50,4957.395221,1.0
-50.0,50,4957.881325,0.0
-50.0,50,4958.351126,0.0
-50.0,50,4958.822502,0.0
-50.0,50,4959.306046,0.0
-50.0,50,4959.778225,0.0
-50.0,50,4960.253238,0.0
-50.0,50,4960.716806,0.0
-50.0,50,4961.219065,0.0
-50.0,50,4961.693339,0.0
-50.0,50,4962.167562,0.0
0.0,50,4962.653477,1.0
-50.0,50,4963.150348,0.0
-50.0,50,4963.62264,0.0
-50.0,50,4964.096306,0.0
-50.0,50,4964.570541,0.0
-50.0,50,4965.0713,0.0
-50.0,50,4965.55272,0.0
-50.0,50,4966.014408,0.0
-50.0,50,4966.484089,0.0
-50.0,50,4966.975646,0.0
-50.0,50,4967.443449,0.0
-50.0,50,4967.913067,0.0
-50.0,50,4968.374892,0.0
-50.0,50,4968.862109,0.0
0.0,50,4969.323721,1.0
-50.0,50,4969.796452,0.0
-50.0,50,4970.269795,0.0
-50.0,50,4970.765337,0.0
-50.0,50,4971.239106,0.0
-50.0,50,4971.71236,0.0
-50.0,50,4972.186988,0.0
-50.0,50,4972.659128,0.0
-50.0,50,4973.13025,0.0
-50.0,50,4973.603062,0.0
-50.0,50,4974.074894,0.0
-50.0,50,4974.568383,0.0
-50.0,50,4975.044366,0.0
-50.0,50,4975.519373,0.0
-50.0,50,4975.994044,0.0
-50.0,50,4976.481245,0.0
-50.0,50,4976.951384,0.0
-50.0,50,4977.428884,0.0
-50.0,50,4977.904404,0.0
-50.0,50,4978.392282,0.0
-50.0,50,4978.867135,0.0
-50.0,50,4979.343019,0.0
-50.0,50,4979.821181,0.0
-50.0,50,4980.307247,0.0
-50.0,50,4980.781194,0.0
-50.0,50,4981.25467,0.0
-50.0,50,4981.728057,0.0
-50.0,50,4982.215214,0.0
-50.0,50,4982.69823,0.0
-50.0,50,4983.178356,0.0
-50.0,50,4983.655156,0.0
-50.0,50,4984.146299,0.0
-50.0,50,4984.625274,0.0
-50.0,50,4985.102819,0.0
-50.0,50,4985.578627,0.0
0.0,50,4986.067158,1.0
-50.0,50,4986.543386,0.0
-50.0,50,4987.022646,0.0
-50.0,50,4987.503802,0.0
0.0,50,4988.008436,1.0
-50.0,50,4988.49172,0.0
-50.0,50,4988.965986,0.0
-50.0,50,4989.443843,0.0
-50.0,50,4989.960118,0.0
-50.0,50,4990.425405,0.0
-50.0,50,4990.899676,0.0
-50.0,50,4991.375803,0.0
-50.0,50,4991.867468,0.0
0.0,50,4992.339849,1.0
-50.0,50,4992.803948,0.0
-50.0,50,4993.28009,0.0
-50.0,50,4993.76875,0.0
-50.0,50,4994.245607,0.0
-50.0,50,4994.718548,0.0
0.0,50,4995.182568,1.0
0.0,50,4995.66917,1.0
-50.0,50,4996.145928,0.0
-50.0,50,4996.626997,0.0
0.0,50,4997.099441,1.0
-50.0,50,4997.589019,0.0
-50.0,50,4998.059059,0.0
-50.0,50,4998.528252,0.0
-50.0,50,4998.993208,0.0
-50.0,50,4999.484527,0.0
-50.0,50,4999.962661,0.0
-50.0,50,5000.437116,0.0
0.0,50,5000.914822,1.0
-50.0,50,5001.409831,0.0
-50.0,50,5001.888162,0.0
-50.0,50,5002.366471,0.0
-50.0,50,5002.839532,0.0
-50.0,50,5003.330932,0.0
-50.0,50,5003.808686,0.0
0.0,50,5004.290635,1.0
-50.0,50,5004.762652,0.0
-50.0,50,5005.25529,0.0
-50.0,50,5005.731783,0.0
-50.0,50,5006.206247,0.0
-50.0,50,5006.680707,0.0
-50.0,50,5007.183428,0.0
-50.0,50,5007.656989,0.0
-50.0,50,5008.124655,0.0
-50.0,50,5008.600571,0.0
-50.0,50,5009.093574,0.0
-50.0,50,5009.574077,0.0
-50.0,50,5010.051179,0.0
-50.0,50,5010.527312,0.0
-50.0,50,5011.016943,0.0
-50.0,50,5011.495233,0.0
-50.0,50,5011.975331,0.0
-50.0,50,5012.455533,0.0
-50.0,50,5012.943037,0.0
-50.0,50,5013.419372,0.0
-50.0,50,5013.882047,0.0
-50.0,50,5014.351106,0.0
0.0,50,5014.843312,1.0
-50.0,50,5015.316519,0.0
-50.0,50,5015.79314,0.0
-50.0,50,5016.260244,0.0
-50.0,50,5016.754748,0.0
-50.0,50,5017.23361,0.0
-50.0,50,5017.712041,0.0
-50.0,50,5018.199722,0.0
-50.0,50,5018.682306,0.0
-50.0,50,5019.159967,0.0
-50.0,50,5019.633951,0.0
-50.0,50,5020.110373,0.0
-50.0,50,5020.597744,0.0
-50.0,50,5021.072912,0.0
-50.0,50,5021.549831,0.0
-50.0,50,5022.020333,0.0
-50.0,50,5022.517516,0.0
-50.0,50,5022.998132,0.0
-50.0,50,5023.470793,0.0
-50.0,50,5023.945863,0.0
-50.0,50,5024.436082,0.0
-50.0,50,5024.9108,0.0
-50.0,50,5025.379006,0.0
-50.0,50,5025.860505,0.0
-50.0,50,5026.349454,0.0
-50.0,50,5026.828487,0.0
-50.0,50,5027.306179,0.0
0.0,50,5027.771406,1.0
-50.0,50,5028.255844,0.0
-50.0,50,5028.739566,0.0
-50.0,50,5029.219435,0.0
-50.0,50,5029.71845,0.0
-50.0,50,5030.225744,0.0
-50.0,50,5030.717607,0.0
-50.0,50,5031.204485,0.0
-50.0,50,5031.68762,0.0
-50.0,50,5032.184422,0.0
-50.0,50,5032.666127,0.0
-50.0,50,5033.149377,0.0
-50.0,50,5033.63911,0.0
-50.0,50,5034.131146,0.0
-50.0,50,5034.632136,0.0
0.0,50,5035.116765,1.0
-50.0,50,5035.606534,0.0
-50.0,50,5036.106563,0.0
-50.0,50,5036.591573,0.0
-50.0,50,5037.082483,0.0
-50.0,50,5037.576826,0.0
-50.0,50,5038.077767,0.0
-50.0,50,5038.559803,0.0
-50.0,50,5039.049593,0.0
-50.0,50,5039.534276,0.0
-50.0,50,5040.01824,0.0
-50.0,50,5040.499678,0.0
-50.0,50,5040.988525,0.0
-50.0,50,5041.482162,0.0
-50.0,50,5041.992596,0.0
-50.0,50,5042.481148,0.0
-50.0,50,5042.975481,0.0
-50.0,50,5043.456319,0.0
-50.0,50,5043.953908,0.0
-50.0,50,5044.426754,0.0
-50.0,50,5044.914244,0.0
-50.0,50,5045.400888,0.0
-50.0,50,5048.219155,0.0
-50.0,50,5048.698125,0.0
-50.0,50,5049.196235,0.0
-50.0,50,5049.678461,0.0
-50.0,50,5050.180579,0.0
-50.0,50,5050.664522,0.0
-50.0,50,5051.150512,0.0
-50.0,50,5051.634085,0.0
-50.0,50,5052.127651,0.0
-50.0,50,5052.607072,0.0
-50.0,50,5053.089034,0.0
-50.0,50,5053.570105,0.0
-50.0,50,5054.087905,0.0
-50.0,50,5054.573838,0.0
-50.0,50,5055.056164,0.0
0.0,50,5055.531399,1.0
-50.0,50,5056.03446,0.0
-50.0,50,5056.504558,0.0
-50.0,50,5056.989243,0.0
-50.0,50,5057.471763,0.0
-50.0,50,5057.970794,0.0
-50.0,50,5058.445776,0.0
-50.0,50,5058.922404,0.0
-50.0,50,5059.398819,0.0
-50.0,50,5059.886164,0.0
-50.0,50,5060.379787,0.0
-50.0,50,5060.86721,0.0
-50.0,50,5061.347834,0.0
-50.0,50,5061.840736,0.0
-50.0,50,5062.311477,0.0
-50.0,50,5062.794099,0.0
0.0,50,5063.274113,1.0
-50.0,50,5063.759855,0.0
-50.0,50,5064.2429,0.0
-50.0,50,5064.726013,0.0
0.0,50,5065.21739,1.0
-50.0,50,5065.7141,0.0
-50.0,50,5066.186285,0.0
-50.0,50,5066.679089,0.0
-50.0,50,5067.162854,0.0
-50.0,50,5067.662588,0.0
-50.0,50,5068.137431,0.0
-50.0,50,5068.61806,0.0
-50.0,50,5069.101089,0.0
-50.0,50,5069.60551,0.0
-50.0,50,5070.088496,0.0
-50.0,50,5070.570778,0.0
-50.0,50,5071.053573,0.0
-50.0,50,5071.550342,0.0
-50.0,50,5072.04269,0.0
-50.0,50,5072.528821,0.0
0.0,50,5073.002118,1.0
-50.0,50,5073.500132,0.0
-50.0,50,5073.976502,0.0
-50.0,50,5074.457601,0.0
0.0,50,5074.954644,1.0
-50.0,50,5075.452725,0.0
-50.0,50,5075.933905,0.0
-50.0,50,5076.420223,0.0
-50.0,50,5076.907905,0.0
-50.0,50,5077.411768,0.0
-50.0,50,5077.910012,0.0
-50.0,50,5078.392568,0.0
-50.0,50,5078.880877,0.0
-50.0,50,5079.375079,0.0
-50.0,50,5079.859035,0.0
-50.0,50,5080.343193,0.0
-50.0,50,5080.831108,0.0
0.0,50,5081.320818,1.0
-50.0,50,5081.807556,0.0
-50.0,50,5082.293697,0.0
-50.0,50,5082.772007,0.0
-50.0,50,5083.295872,0.0
-50.0,50,5083.779268,0.0
-50.0,50,5084.254446,0.0
-50.0,50,5084.7369,0.0
-50.0,50,5085.253492,0.0
0.0,50,5085.725962,1.0
0.0,50,5086.206025,1.0
-50.0,50,5086.687639,0.0
-50.0,50,5087.184364,0.0
-50.0,50,5087.659996,0.0
-50.0,50,5088.152774,0.0
-50.0,50,5088.637249,0.0
-50.0,50,5089.132896,0.0
-50.0,50,5089.618583,0.0
-50.0,50,5090.092075,0.0
-50.0,50,5090.583993,0.0
-50.0,50,5091.096275,0.0
-50.0,50,5091.584327,0.0
-50.0,50,5092.062611,0.0
-50.0,50,5092.54921,0.0
0.0,50,5093.047727,1.0
-50.0,50,5093.532827,0.0
-50.0,50,5094.01965,0.0
-50.0,50,5094.503809,0.0
-50.0,50,5094.999824,0.0
-50.0,50,5095.48208,0.0
-50.0,50,5095.951924,0.0
-50.0,50,5096.438027,0.0
-50.0,50,5096.938581,0.0
-50.0,50,5097.426004,0.0
-50.0,50,5097.920159,0.0
-50.0,50,5098.401046,0.0
-50.0,50,5098.899181,0.0
-50.0,50,5099.380153,0.0
-50.0,50,5099.858169,0.0
-50.0,50,5100.342268,0.0
-50.0,50,5100.842665,0.0
-50.0,50,5101.328871,0.0
-50.0,50,5101.80861,0.0
-50.0,50,5102.298692,0.0
-50.0,50,5102.789485,0.0
-50.0,50,5103.265014,0.0
-50.0,50,5103.737071,0.0
-50.0,50,5104.210157,0.0
-50.0,50,5104.693237,0.0
0.0,50,5105.171015,1.0
-50.0,50,5105.647582,0.0
-50.0,50,5106.122567,0.0
-50.0,50,5106.611348,0.0
-50.0,50,5107.092546,0.0
-50.0,50,5107.563646,0.0
-50.0,50,5108.037992,0.0
-50.0,50,5108.52469,0.0
-50.0,50,5108.988319,0.0
-50.0,50,5109.457902,0.0
-50.0,50,5109.936085,0.0
-50.0,50,5110.430308,0.0
-50.0,50,5110.911102,0.0
-50.0,50,5111.387949,0.0
-50.0,50,5111.856312,0.0
-50.0,50,5112.352641,0.0
-50.0,50,5112.824791,0.0
-50.0,50,5113.29662,0.0
-50.0,50,5113.772735,0.0
-50.0,50,5114.2623,0.0
-50.0,50,5114.740398,0.0
-50.0,50,5115.206047,0.0
0.0,50,5115.688804,1.0
-50.0,50,5116.169069,0.0
-50.0,50,5116.642273,0.0
-50.0,50,5117.119309,0.0
-50.0,50,5117.59245,0.0
-50.0,50,5118.082973,0.0
-50.0,50,5118.559888,0.0
-50.0,50,5119.033854,0.0
-50.0,50,5119.50975,0.0
-50.0,50,5120.002417,0.0
-50.0,50,5120.47723,0.0
-50.0,50,5120.952972,0.0
-50.0,50,5121.423475,0.0
-50.0,50,5121.903845,0.0
-50.0,50,5122.380947,0.0
-50.0,50,5122.846496,0.0
-50.0,50,5123.31845,0.0
-50.0,50,5123.819409,0.0
-50.0,50,5124.29958,0.0
-50.0,50,5124.775213,0.0
-50.0,50,5125.252227,0.0
-50.0,50,5125.738489,0.0
-50.0,50,5126.215444,0.0
-50.0,50,5126.685799,0.0
-50.0,50,5127.156379,0.0
-50.0,50,5127.650523,0.0
-50.0,50,5128.130579,0.0
-50.0,50,5128.606542,0.0
-50.0,50,5129.081498,0.0
-50.0,50,5129.585037,0.0
-50.0,50,5130.059606,0.0
-50.0,50,5130.529707,0.0
-50.0,50,5131.007504,0.0
-50.0,50,5131.500096,0.0
-50.0,50,5131.977661,0.0
-50.0,50,5132.45401,0.0
-50.0,50,5132.924216,0.0
-50.0,50,5133.41963,0.0
-50.0,50,5133.894451,0.0
-50.0,50,5134.375277,0.0
-50.0,50,5134.842875,0.0
0.0,50,5135.331519,1.0
-50.0,50,5135.810342,0.0
-50.0,50,5136.285781,0.0
-50.0,50,5136.761498,0.0
-50.0,50,5137.267606,0.0
-50.0,50,5137.733532,0.0
-50.0,50,5138.211769,0.0
-50.0,50,5138.690374,0.0
-50.0,50,5139.182968,0.0
-50.0,50,5139.662528,0.0
-50.0,50,5140.137962,0.0
-50.0,50,5140.60751,0.0
-50.0,50,5141.099017,0.0
-50.0,50,5141.574518,0.0
-50.0,50,5142.055795,0.0
-50.0,50,5142.535682,0.0
-50.0,50,5143.031275,0.0
-50.0,50,5143.508854,0.0
-50.0,50,5143.985785,0.0
-50.0,50,5144.461525,0.0
-50.0,50,5147.351442,0.0
-50.0,50,5147.840839,0.0
-50.0,50,5148.311595,0.0
-50.0,50,5148.783585,0.0
-50.0,50,5149.274452,0.0
-50.0,50,5149.751085,0.0
-50.0,50,5150.225758,0.0
-50.0,50,5150.699188,0.0
-50.0,50,5151.192756,0.0
-50.0,50,5151.666106,0.0
-50.0,50,5152.142783,0.0
-50.0,50,5152.623906,0.0
-50.0,50,5153.115693,0.0
-50.0,50,5153.579499,0.0
-50.0,50,5154.051764,0.0
-50.0,50,5154.518955,0.0
-50.0,50,5155.008754,0.0
-50.0,50,5155.490913,0.0
-50.0,50,5155.967819,0.0
-50.0,50,5156.438183,0.0
-50.0,50,5156.924365,0.0
-50.0,50,5157.40697,0.0
0.0,50,5157.875742,1.0
-50.0,50,5158.359061,0.0
-50.0,50,5158.852044,0.0
-50.0,50,5159.323046,0.0
-50.0,50,5159.798765,0.0
-50.0,50,5160.272886,0.0
0.0,50,5160.759076,1.0
-50.0,50,5161.234087,0.0
-50.0,50,5161.703077,0.0
-50.0,50,5162.18089,0.0
-50.0,50,5162.672983,0.0
-50.0,50,5163.151841,0.0
-50.0,50,5163.624289,0.0
-50.0,50,5164.099431,0.0
-50.0,50,5164.590307,0.0
-50.0,50,5165.063191,0.0
-50.0,50,5165.540564,0.0
-50.0,50,5166.019288,0.0
-50.0,50,5166.520044,0.0
-50.0,50,5167.02366,0.0
-50.0,50,5167.509142,0.0
-50.0,50,5167.994706,0.0
-50.0,50,5168.484493,0.0
-50.0,50,5168.96276,0.0
-50.0,50,5169.441404,0.0
-50.0,50,5169.918848,0.0
-50.0,50,5170.412888,0.0
-50.0,50,5170.882934,0.0
-50.0,50,5171.359773,0.0
-50.0,50,5171.839945,0.0
-50.0,50,5172.333324,0.0
-50.0,50,5172.813698,0.0
-50.0,50,5173.28366,0.0
-50.0,50,5173.75759,0.0
-50.0,50,5174.236213,0.0
-50.0,50,5174.713634,0.0
-50.0,50,5175.198155,0.0
-50.0,50,5175.682022,0.0
-50.0,50,5176.17057,0.0
-50.0,50,5176.649032,0.0
-50.0,50,5177.128823,0.0
-50.0,50,5177.606778,0.0
-50.0,50,5178.093361,0.0
-50.0,50,5178.566071,0.0
-50.0,50,5179.043639,0.0
-50.0,50,5179.519994,0.0
-50.0,50,5180.015079,0.0
-50.0,50,5180.491947,0.0
-50.0,50,5180.970691,0.0
-50.0,50,5181.447236,0.0
-50.0,50,5181.946824,0.0
-50.0,50,5182.426023,0.0
-50.0,50,5182.890817,0.0
-50.0,50,5183.358977,0.0
-50.0,50,5183.844673,0.0
-50.0,50,5184.319452,0.0
-50.0,50,5184.791812,0.0
-50.0,50,5185.268894,0.0
-50.0,50,5185.76952,0.0
-50.0,50,5186.248335,0.0
-50.0,50,5186.724362,0.0
-50.0,50,5187.19881,0.0
-50.0,50,5187.690063,0.0
-50.0,50,5188.167785,0.0
-50.0,50,5188.647746,0.0
-50.0,50,5189.124273,0.0
-50.0,50,5189.614038,0.0
-50.0,50,5190.088033,0.0
-50.0,50,5190.564742,0.0
-50.0,50,5191.031723,0.0
-50.0,50,5191.51176,0.0
-50.0,50,5191.987041,0.0
-50.0,50,5192.463839,0.0
-50.0,50,5192.944488,0.0
-50.0,50,5193.444861,0.0
-50.0,50,5193.923318,0.0
-50.0,50,5194.400432,0.0
0.0,50,5194.871622,1.0
0.0,50,5195.366346,1.0
-50.0,50,5195.835475,0.0
-50.0,50,5196.306012,0.0
-50.0,50,5196.781639,0.0
-50.0,50,5197.28784,0.0
-50.0,50,5197.770541,0.0
-50.0,50,5198.254682,0.0
-50.0,50,5198.731923,0.0
-50.0,50,5199.227586,0.0
-50.0,50,5199.702691,0.0
-50.0,50,5200.179643,0.0
-50.0,50,5200.657711,0.0
-50.0,50,5201.151646,0.0
-50.0,50,5201.62887,0.0
-50.0,50,5202.09666,0.0
-50.0,50,5202.573166,0.0
0.0,50,5203.057324,1.0
-50.0,50,5203.526524,0.0
-50.0,50,5203.986909,0.0
0.0,50,5204.45721,1.0
-50.0,50,5204.946428,0.0
-50.0,50,5205.414181,0.0
-50.0,50,5205.893371,0.0
-50.0,50,5206.371261,0.0
-50.0,50,5206.856672,0.0
-50.0,50,5207.334099,0.0
-50.0,50,5207.807281,0.0
-50.0,50,5208.275747,0.0
0.0,50,5208.800725,1.0
-50.0,50,5209.278399,0.0
-50.0,50,5209.753338,0.0
-50.0,50,5210.228992,0.0
-50.0,50,5210.741428,0.0
-50.0,50,5211.217562,0.0
-50.0,50,5211.693857,0.0
-50.0,50,5212.160942,0.0
-50.0,50,5212.676175,0.0
-50.0,50,5213.156672,0.0
-50.0,50,5213.63055,0.0
-50.0,50,5214.108784,0.0
-50.0,50,5214.61213,0.0
-50.0,50,5215.090055,0.0
-50.0,50,5215.56482,0.0
-50.0,50,5216.03982,0.0
-50.0,50,5216.54093,0.0
-50.0,50,5217.0071,0.0
-50.0,50,5217.487785,0.0
-50.0,50,5217.967318,0.0
-50.0,50,5218.468486,0.0
-50.0,50,5218.944315,0.0
0.0,50,5219.412747,1.0
-50.0,50,5219.877861,0.0
-50.0,50,5220.381317,0.0
-50.0,50,5220.857269,0.0
-50.0,50,5221.330405,0.0
-50.0,50,5221.808119,0.0
-50.0,50,5222.324003,0.0
-50.0,50,5222.795223,0.0
-50.0,50,5223.275003,0.0
-50.0,50,5223.760794,0.0
-50.0,50,5224.263283,0.0
-50.0,50,5224.739268,0.0
-50.0,50,5225.21209,0.0
-50.0,50,5225.690072,0.0
-50.0,50,5226.19284,0.0
-50.0,50,5226.668198,0.0
-50.0,50,5227.147754,0.0
-50.0,50,5227.62728,0.0
-50.0,50,5228.133395,0.0
-50.0,50,5228.601141,0.0
-50.0,50,5229.076873,0.0
-50.0,50,5229.553796,0.0
-50.0,50,5230.051185,0.0
-50.0,50,5230.529418,0.0
-50.0,50,5230.994066,0.0
0.0,50,5231.471704,1.0
-50.0,50,5231.97663,0.0
-50.0,50,5232.450555,0.0
-50.0,50,5232.91545,0.0
-50.0,50,5233.385991,0.0
0.0,50,5233.883946,1.0
-50.0,50,5234.358474,0.0
-50.0,50,5234.82514,0.0
-50.0,50,5235.297446,0.0
-50.0,50,5235.793309,0.0
-50.0,50,5236.268099,0.0
0.0,50,5236.733218,1.0
-50.0,50,5237.206382,0.0
-50.0,50,5237.688246,0.0
-50.0,50,5238.154091,0.0
-50.0,50,5238.629705,0.0
-50.0,50,5239.098819,0.0
-50.0,50,5239.587263,0.0
-50.0,50,5240.061946,0.0
-50.0,50,5240.538678,0.0
-50.0,50,5241.012289,0.0
-50.0,50,5241.512375,0.0
-50.0,50,5241.976568,0.0
-50.0,50,5242.448231,0.0
-50.0,50,5242.928265,0.0
-50.0,50,5245.691309,0.0
-50.0,50,5246.160335,0.0
-50.0,50,5246.634194,0.0
-50.0,50,5247.110738,0.0
-50.0,50,5247.591077,0.0
-50.0,50,5248.058583,0.0
-50.0,50,5248.533628,0.0
-50.0,50,5249.011164,0.0
-50.0,50,5249.501808,0.0
-50.0,50,5249.96888,0.0
-50.0,50,5250.442352,0.0
-50.0,50,5250.915503,0.0
-50.0,50,5251.403288,0.0
-50.0,50,5251.878354,0.0
-50.0,50,5252.356971,0.0
0.0,50,5252.834665,1.0
-50.0,50,5253.329158,0.0
-50.0,50,5253.804801,0.0
0.0,50,5254.273581,1.0
-50.0,50,5254.737284,0.0
-50.0,50,5255.225357,0.0
0.0,50,5255.688667,1.0
-50.0,50,5256.166063,0.0
-50.0,50,5256.640727,0.0
-50.0,50,5257.127254,0.0
-50.0,50,5257.610596,0.0
-50.0,50,5258.094134,0.0
-50.0,50,5258.569837,0.0
-50.0,50,5259.068701,0.0
-50.0,50,5259.555295,0.0
-50.0,50,5260.032116,0.0
-50.0,50,5260.520149,0.0
-50.0,50,5261.025864,0.0
-50.0,50,5261.500132,0.0
-50.0,50,5261.987498,0.0
-50.0,50,5262.470351,0.0
-50.0,50,5262.973962,0.0
-50.0,50,5263.468392,0.0
-50.0,50,5263.961294,0.0
-50.0,50,5264.439116,0.0
-50.0,50,5264.952879,0.0
-50.0,50,5265.444237,0.0
-50.0,50,5265.939488,0.0
-50.0,50,5266.421917,0.0
-50.0,50,5266.923819,0.0
-50.0,50,5267.413945,0.0
-50.0,50,5267.907458,0.0
-50.0,50,5268.395878,0.0
-50.0,50,5268.901279,0.0
-50.0,50,5269.393471,0.0
-50.0,50,5269.871691,0.0
-50.0,50,5270.365078,0.0
-50.0,50,5270.868179,0.0
0.0,50,5271.344993,1.0
-50.0,50,5271.823684,0.0
-50.0,50,5272.293732,0.0
-50.0,50,5272.788677,0.0
-50.0,50,5273.267805,0.0
-50.0,50,5273.756698,0.0
-50.0,50,5274.235836,0.0
-50.0,50,5274.730601,0.0
0.0,50,5275.224612,1.0
-50.0,50,5275.710639,0.0
-50.0,50,5276.200304,0.0
-50.0,50,5276.69217,0.0
-50.0,50,5277.167678,0.0
-50.0,50,5277.654216,0.0
-50.0,50,5278.139557,0.0
-50.0,50,5278.631654,0.0
-50.0,50,5279.102524,0.0
-50.0,50,5279.576615,0.0
-50.0,50,5280.049418,0.0
-50.0,50,5280.555688,0.0
-50.0,50,5281.028477,0.0
-50.0,50,5281.503523,0.0
-50.0,50,5281.976939,0.0
0.0,50,5282.452447,1.0
-50.0,50,5282.929925,0.0
-50.0,50,5283.389678,0.0
-50.0,50,5283.86973,0.0
-50.0,50,5284.358331,0.0
-50.0,50,5284.830828,0.0
-50.0,50,5285.305409,0.0
-50.0,50,5285.780194,0.0
0.0,50,5286.269455,1.0
-50.0,50,5286.745011,0.0
-50.0,50,5287.221687,0.0
-50.0,50,5287.697248,0.0
-50.0,50,5288.200459,0.0
-50.0,50,5288.67458,0.0
-50.0,50,5289.149354,0.0
-50.0,50,5289.620939,0.0
-50.0,50,5290.104689,0.0
-50.0,50,5290.577762,0.0
-50.0,50,5291.051749,0.0
-50.0,50,5291.520159,0.0
-50.0,50,5291.997358,0.0
-50.0,50,5292.473648,0.0
-50.0,50,5292.946486,0.0
-50.0,50,5293.420477,0.0
-50.0,50,5293.934321,0.0
-50.0,50,5294.398221,0.0
-50.0,50,5294.873139,0.0
-50.0,50,5295.348357,0.0
-50.0,50,5295.845424,0.0
-50.0,50,5296.321281,0.0
0.0,50,5296.796328,1.0
-50.0,50,5297.2723,0.0
-50.0,50,5297.763415,0.0
-50.0,50,5298.23655,0.0
-50.0,50,5298.711385,0.0
-50.0,50,5299.18337,0.0
-50.0,50,5299.660277,0.0
-50.0,50,5300.132846,0.0
-50.0,50,5300.610848,0.0
-50.0,50,5301.085687,0.0
0.0,50,5301.575498,1.0
-50.0,50,5302.052477,0.0
-50.0,50,5302.528965,0.0
-50.0,50,5303.003822,0.0
0.0,50,5303.487773,1.0
-50.0,50,5303.949442,0.0
-50.0,50,5304.406298,0.0
-50.0,50,5304.877445,0.0
-50.0,50,5305.36797,0.0
-50.0,50,5305.837545,0.0
0.0,50,5306.303428,1.0
-50.0,50,5306.76953,0.0
0.0,50,5307.256235,1.0
0.0,50,5307.727325,1.0
-50.0,50,5308.201285,0.0
-50.0,50,5308.671197,0.0
-50.0,50,5309.167654,0.0
-50.0,50,5309.643471,0.0
-50.0,50,5310.120208,0.0
-50.0,50,5310.594577,0.0
-50.0,50,5311.084925,0.0
0.0,50,5311.544861,1.0
-50.0,50,5312.007104,0.0
-50.0,50,5312.471218,0.0
-50.0,50,5312.952401,0.0
-50.0,50,5313.42082,0.0
-50.0,50,5313.88358,0.0
-50.0,50,5314.355224,0.0
-50.0,50,5314.835536,0.0
-50.0,50,5315.306584,0.0
-50.0,50,5315.773814,0.0
-50.0,50,5316.241113,0.0
-50.0,50,5316.731752,0.0
-50.0,50,5317.212646,0.0
-50.0,50,5317.686859,0.0
-50.0,50,5318.170248,0.0
-50.0,50,5318.656629,0.0
-50.0,50,5319.133399,0.0
-50.0,50,5319.593138,0.0
-50.0,50,5320.063666,0.0
-50.0,50,5320.552042,0.0
-50.0,50,5321.025625,0.0
-50.0,50,5321.499515,0.0
-50.0,50,5321.966384,0.0
-50.0,50,5322.441476,0.0
-50.0,50,5322.918902,0.0
-50.0,50,5323.39204,0.0
-50.0,50,5323.866774,0.0
-50.0,50,5324.342431,0.0
-50.0,50,5324.815689,0.0
-50.0,50,5325.279142,0.0
-50.0,50,5325.741796,0.0
-50.0,50,5326.25083,0.0
-50.0,50,5326.727632,0.0
-50.0,50,5327.193394,0.0
-50.0,50,5327.65782,0.0
-50.0,50,5328.153365,0.0
-50.0,50,5328.629765,0.0
-50.0,50,5329.113075,0.0
-50.0,50,5329.598938,0.0
-50.0,50,5330.091955,0.0
-50.0,50,5330.580121,0.0
-50.0,50,5331.06444,0.0
-50.0,50,5331.549593,0.0
-50.0,50,5332.045955,0.0
-50.0,50,5332.536994,0.0
-50.0,50,5333.032872,0.0
-50.0,50,5333.525775,0.0
-50.0,50,5334.018575,0.0
-50.0,50,5334.512537,0.0
-50.0,50,5334.992405,0.0
-50.0,50,5335.477696,0.0
-50.0,50,5335.975896,0.0
-50.0,50,5336.473827,0.0
-50.0,50,5336.97077,0.0
-50.0,50,5337.465864,0.0
-50.0,50,5337.959933,0.0
-50.0,50,5338.453514,0.0
-50.0,50,5338.942123,0.0
-50.0,50,5339.446103,0.0
-50.0,50,5339.950768,0.0
-50.0,50,5340.446574,0.0
-50.0,50,5340.939932,0.0
-50.0,50,5341.429473,0.0
-50.0,50,5344.256935,0.0
-50.0,50,5344.750815,0.0
-50.0,50,5345.239042,0.0
0.0,50,5345.711694,1.0
-50.0,50,5346.214694,0.0
0.0,50,5346.708589,1.0
-50.0,50,5347.193547,0.0
-50.0,50,5347.677964,0.0
-50.0,50,5348.189929,0.0
-50.0,50,5348.680252,0.0
-50.0,50,5349.163936,0.0
-50.0,50,5349.653504,0.0
-50.0,50,5350.165586,0.0
0.0,50,5350.653551,1.0
-50.0,50,5351.145785,0.0
-50.0,50,5351.635704,0.0
-50.0,50,5352.138799,0.0
-50.0,50,5352.631024,0.0
-50.0,50,5353.119021,0.0
-50.0,50,5353.603798,0.0
-50.0,50,5354.114174,0.0
-50.0,50,5354.606169,0.0
-50.0,50,5355.094111,0.0
-50.0,50,5355.571525,0.0
-50.0,50,5356.075781,0.0
0.0,50,5356.575891,1.0
-50.0,50,5357.057194,0.0
-50.0,50,5357.532556,0.0
-50.0,50,5358.035461,0.0
-50.0,50,5358.52044,0.0
-50.0,50,5358.999384,0.0
-50.0,50,5359.479049,0.0
-50.0,50,5359.973558,0.0
-50.0,50,5360.456563,0.0
-50.0,50,5360.942922,0.0
-50.0,50,5361.433195,0.0
-50.0,50,5361.934816,0.0
-50.0,50,5362.419903,0.0
-50.0,50,5362.906626,0.0
0.0,50,5363.400998,1.0
-50.0,50,5363.915,0.0
-50.0,50,5364.410123,0.0
-50.0,50,5364.894872,0.0
-50.0,50,5365.384829,0.0
-50.0,50,5365.893826,0.0
-50.0,50,5366.387779,0.0
-50.0,50,5366.876114,0.0
-50.0,50,5367.364337,0.0
-50.0,50,5367.86691,0.0
-50.0,50,5368.35773,0.0
0.0,50,5368.860115,1.0
-50.0,50,5369.357417,0.0
0.0,50,5369.871003,1.0
-50.0,50,5370.360717,0.0
-50.0,50,5370.843076,0.0
-50.0,50,5371.33437,0.0
-50.0,50,5371.811619,0.0
-50.0,50,5372.262564,0.0
-50.0,50,5372.713611,0.0
-50.0,50,5373.167487,0.0
-50.0,50,5373.848284,0.0
-50.0,50,5374.929156,0.0
-50.0,50,5376.002303,0.0
-50.0,50,5377.066108,0.0
-50.0,50,5378.220407,0.0
-50.0,50,5379.292292,0.0
-50.0,50,5380.372537,0.0
-50.0,50,5381.432785,0.0
-50.0,50,5382.524407,0.0
-50.0,50,5383.595096,0.0
-50.0,50,5384.76941,0.0
-50.0,50,5386.143662,0.0
-50.0,50,5387.255822,0.0
-50.0,50,5388.342271,0.0
-50.0,50,5389.417296,0.0
-50.0,50,5390.489397,0.0
-50.0,50,5391.590846,0.0
-50.0,50,5392.671952,0.0
-50.0,50,5393.760114,0.0
-50.0,50,5394.853932,0.0
-50.0,50,5395.965102,0.0
-50.0,50,5397.057153,0.0
-50.0,50,5398.142455,0.0
-50.0,50,5399.247065,0.0
-50.0,50,5400.355527,0.0
-50.0,50,5401.438301,0.0
-50.0,50,5402.517291,0.0
-50.0,50,5403.647901,0.0
0.0,50,5404.729989,1.0
-50.0,50,5405.828329,0.0
-50.0,50,5406.909275,0.0
-50.0,50,5408.020874,0.0
-50.0,50,5409.130954,0.0
-50.0,50,5410.231073,0.0
-50.0,50,5411.321665,0.0
-50.0,50,5412.416242,0.0
-50.0,50,5413.52204,0.0
-50.0,50,5414.617279,0.0
-50.0,50,5415.703098,0.0
-50.0,50,5416.804702,0.0
-50.0,50,5417.898621,0.0
-50.0,50,5418.976497,0.0
-50.0,50,5420.046566,0.0
-50.0,50,5421.123014,0.0
-50.0,50,5422.210374,0.0
-50.0,50,5423.27859,0.0
0.0,50,5424.330683,1.0
-50.0,50,5425.406312,0.0
-50.0,50,5426.482038,0.0
-50.0,50,5427.53058,0.0
-50.0,50,5428.594438,0.0
-50.0,50,5429.664085,0.0
-50.0,50,5430.77013,0.0
-50.0,50,5431.826092,0.0
-50.0,50,5432.901564,0.0
0.0,50,5433.99476,1.0
-50.0,50,5435.061951,0.0
-50.0,50,5436.117996,0.0
-50.0,50,5437.184601,0.0
-50.0,50,5438.288795,0.0
-50.0,50,5439.379092,0.0
-50.0,50,5440.427781,0.0
-50.0,50,5441.483394,0.0
-50.0,50,5442.55403,0.0
-50.0,50,5443.652015,0.0
-50.0,50,5444.713897,0.0
-50.0,50,5445.7822,0.0
-50.0,50,5446.841792,0.0
-50.0,50,5447.933392,0.0
-50.0,50,5448.988763,0.0
-50.0,50,5450.068583,0.0
-50.0,50,5451.14205,0.0
-50.0,50,5452.212863,0.0
-50.0,50,5453.284634,0.0
-50.0,50,5454.376272,0.0
-50.0,50,5455.482022,0.0
-50.0,50,5456.58642,0.0
-50.0,50,5457.676142,0.0
-50.0,50,5458.755622,0.0
-50.0,50,5459.829789,0.0
-50.0,50,5460.948221,0.0
-50.0,50,5462.04122,0.0
-50.0,50,5463.1359,0.0
-50.0,50,5464.205136,0.0
-50.0,50,5465.303956,0.0
-50.0,50,5466.407171,0.0
-50.0,50,5467.517038,0.0
-50.0,50,5468.611956,0.0
-50.0,50,5469.725779,0.0
-50.0,50,5470.809999,0.0
-50.0,50,5471.902524,0.0
-50.0,50,5473.001601,0.0
-50.0,50,5474.119615,0.0
-50.0,50,5475.218352,0.0
-50.0,50,5476.289931,0.0
-50.0,50,5477.349457,0.0
-50.0,50,5478.431129,0.0
-50.0,50,5479.503587,0.0
-50.0,50,5480.574091,0.0
-50.0,50,5481.634669,0.0
-50.0,50,5482.71408,0.0
-50.0,50,5483.782135,0.0
-50.0,50,5484.883506,0.0
-50.0,50,5485.951045,0.0
-50.0,50,5487.033331,0.0
0.0,50,5488.089888,1.0
-50.0,50,5489.168733,0.0
0.0,50,5490.230932,1.0
-50.0,50,5491.313717,0.0
-50.0,50,5492.373968,0.0
-50.0,50,5493.456318,0.0
-50.0,50,5494.523335,0.0
-50.0,50,5495.623662,0.0
-50.0,50,5496.677936,0.0
-50.0,50,5497.272263,0.0
-50.0,50,5497.763289,0.0
-50.0,50,5498.271676,0.0
-50.0,50,5498.763385,0.0
-50.0,50,5499.257373,0.0
-50.0,50,5499.737277,0.0
-50.0,50,5500.245623,0.0
-50.0,50,5500.735252,0.0
-50.0,50,5501.226438,0.0
-50.0,50,5501.714106,0.0
-50.0,50,5502.227391,0.0
-50.0,50,5502.71359,0.0
-50.0,50,5503.203406,0.0
-50.0,50,5503.689286,0.0
0.0,50,5504.197232,1.0
-50.0,50,5504.685147,0.0
-50.0,50,5505.172014,0.0
-50.0,50,5505.657412,0.0
-50.0,50,5506.168737,0.0
-50.0,50,5506.654288,0.0
-50.0,50,5507.146326,0.0
-50.0,50,5507.636393,0.0
0.0,50,5508.137078,1.0
-50.0,50,5508.62627,0.0
-50.0,50,5509.110105,0.0
-50.0,50,5509.598552,0.0
-50.0,50,5512.447208,0.0
-50.0,50,5512.940561,0.0
-50.0,50,5513.419011,0.0
-50.0,50,5513.910318,0.0
0.0,50,5514.427441,1.0
-50.0,50,5514.917577,0.0
-50.0,50,5515.408128,0.0
-50.0,50,5515.892314,0.0
0.0,50,5516.399608,1.0
-50.0,50,5516.894315,0.0
-50.0,50,5517.387275,0.0
-50.0,50,5517.886597,0.0
-50.0,50,5518.407393,0.0
-50.0,50,5518.900318,0.0
-50.0,50,5519.3965,0.0
-50.0,50,5519.8946,0.0
-50.0,50,5520.416201,0.0
-50.0,50,5520.9002,0.0
-50.0,50,5521.393506,0.0
-50.0,50,5521.889329,0.0
-50.0,50,5522.400101,0.0
-50.0,50,5522.895339,0.0
-50.0,50,5523.392116,0.0
-50.0,50,5523.884525,0.0
-50.0,50,5524.409325,0.0
-50.0,50,5524.890606,0.0
-50.0,50,5525.384953,0.0
-50.0,50,5525.875398,0.0
-50.0,50,5526.388558,0.0
-50.0,50,5526.884707,0.0
-50.0,50,5527.378839,0.0
-50.0,50,5527.871172,0.0
-50.0,50,5528.387262,0.0
-50.0,50,5528.883697,0.0
-50.0,50,5529.370309,0.0
-50.0,50,5529.862091,0.0
-50.0,50,5530.386614,0.0
-50.0,50,5530.879362,0.0
-50.0,50,5531.37349,0.0
-50.0,50,5531.871632,0.0
-50.0,50,5532.38435,0.0
-50.0,50,5532.89616,0.0
-50.0,50,5533.386249,0.0
-50.0,50,5533.871639,0.0
-50.0,50,5534.399485,0.0
-50.0,50,5534.893261,0.0
-50.0,50,5535.387461,0.0
-50.0,50,5535.87269,0.0
-50.0,50,5536.380438,0.0
-50.0,50,5536.882801,0.0
-50.0,50,5537.378264,0.0
-50.0,50,5537.879618,0.0
-50.0,50,5538.385972,0.0
-50.0,50,5538.876987,0.0
-50.0,50,5539.361873,0.0
-50.0,50,5539.861613,0.0
-50.0,50,5540.368386,0.0
-50.0,50,5540.855594,0.0
-50.0,50,5541.349247,0.0
-50.0,50,5541.840218,0.0
-50.0,50,5542.345905,0.0
-50.0,50,5542.830332,0.0
-50.0,50,5543.321614,0.0
-50.0,50,5543.808697,0.0
-50.0,50,5544.309589,0.0
-50.0,50,5544.791189,0.0
-50.0,50,5545.283347,0.0
-50.0,50,5545.775677,0.0
-50.0,50,5546.291564,0.0
-50.0,50,5546.776147,0.0
-50.0,50,5547.265794,0.0
-50.0,50,5547.75019,0.0
-50.0,50,5548.252633,0.0
-50.0,50,5548.742835,0.0
-50.0,50,5549.237837,0.0
0.0,50,5549.727893,1.0
-50.0,50,5550.230677,0.0
-50.0,50,5550.708984,0.0
-50.0,50,5551.196672,0.0
-50.0,50,5551.687263,0.0
0.0,50,5552.183012,1.0
0.0,50,5552.676895,1.0
-50.0,50,5553.156013,0.0
-50.0,50,5553.643509,0.0
-50.0,50,5554.148763,0.0
-50.0,50,5554.640631,0.0
-50.0,50,5555.128246,0.0
-50.0,50,5555.614363,0.0
-50.0,50,5556.120166,0.0
0.0,50,5556.601744,1.0
0.0,50,5557.08033,1.0
-50.0,50,5557.569664,0.0
-50.0,50,5558.085549,0.0
0.0,50,5558.571926,1.0
-50.0,50,5559.058552,0.0
-50.0,50,5559.547285,0.0
0.0,50,5560.045405,1.0
-50.0,50,5560.527174,0.0
-50.0,50,5561.008552,0.0
-50.0,50,5561.488363,0.0
-50.0,50,5562.112392,0.0
-50.0,50,5562.590499,0.0
-50.0,50,5563.072294,0.0
0.0,50,5563.552378,1.0
0.0,50,5564.054347,1.0
-50.0,50,5564.54147,0.0
-50.0,50,5565.017192,0.0
-50.0,50,5565.502038,0.0
-50.0,50,5566.013503,0.0
-50.0,50,5566.499507,0.0
-50.0,50,5566.990118,0.0
-50.0,50,5567.466862,0.0
-50.0,50,5567.97737,0.0
-50.0,50,5568.458581,0.0
-50.0,50,5568.944836,0.0
-50.0,50,5569.431561,0.0
-50.0,50,5569.938904,0.0
-50.0,50,5570.41777,0.0
-50.0,50,5570.903427,0.0
-50.0,50,5571.385749,0.0
-50.0,50,5571.896589,0.0
-50.0,50,5572.386439,0.0
-50.0,50,5572.876602,0.0
-50.0,50,5573.357875,0.0
0.0,50,5573.87898,1.0
-50.0,50,5574.367489,0.0
-50.0,50,5574.859219,0.0
-50.0,50,5575.339423,0.0
-50.0,50,5575.836758,0.0
-50.0,50,5576.320293,0.0
-50.0,50,5576.80511,0.0
-50.0,50,5577.294245,0.0
-50.0,50,5577.821966,0.0
-50.0,50,5578.311182,0.0
-50.0,50,5578.793369,0.0
-50.0,50,5579.297109,0.0
-50.0,50,5579.815989,0.0
-50.0,50,5580.302692,0.0
-50.0,50,5580.787371,0.0
0.0,50,5581.269451,1.0
-50.0,50,5581.764324,0.0
-50.0,50,5582.253815,0.0
-50.0,50,5582.74474,0.0
-50.0,50,5583.224283,0.0
-50.0,50,5583.721456,0.0
-50.0,50,5584.204482,0.0
-50.0,50,5584.694517,0.0
-50.0,50,5585.183593,0.0
-50.0,50,5585.695012,0.0
-50.0,50,5586.176214,0.0
-50.0,50,5586.666544,0.0
-50.0,50,5587.158648,0.0
0.0,50,5587.672057,1.0
-50.0,50,5588.175571,0.0
-50.0,50,5588.668186,0.0
-50.0,50,5589.158486,0.0
-50.0,50,5589.669072,0.0
-50.0,50,5590.162961,0.0
-50.0,50,5590.654366,0.0
-50.0,50,5591.149302,0.0
-50.0,50,5591.660419,0.0
-50.0,50,5592.152978,0.0
-50.0,50,5592.647265,0.0
-50.0,50,5593.14377,0.0
-50.0,50,5593.645175,0.0
-50.0,50,5594.133077,0.0
-50.0,50,5594.62369,0.0
-50.0,50,5595.117503,0.0
-50.0,50,5595.628045,0.0
-50.0,50,5596.11794,0.0
-50.0,50,5596.607446,0.0
-50.0,50,5597.098794,0.0
-50.0,50,5597.602803,0.0
-50.0,50,5598.096479,0.0
-50.0,50,5598.581604,0.0
-50.0,50,5599.077037,0.0
-50.0,50,5599.593901,0.0
-50.0,50,5600.087347,0.0
-50.0,50,5600.580907,0.0
0.0,50,5601.070651,1.0
-50.0,50,5601.597818,0.0
-50.0,50,5602.091968,0.0
-50.0,50,5602.574494,0.0
-50.0,50,5603.071869,0.0
-50.0,50,5603.57983,0.0
-50.0,50,5604.071707,0.0
0.0,50,5604.568279,1.0
-50.0,50,5605.061282,0.0
-50.0,50,5605.573715,0.0
-50.0,50,5606.064915,0.0
-50.0,50,5606.556961,0.0
-50.0,50,5607.049847,0.0
-50.0,50,5607.557497,0.0
-50.0,50,5608.053097,0.0
-50.0,50,5608.547508,0.0
-50.0,50,5609.038684,0.0
-50.0,50,5609.551593,0.0
-50.0,50,5610.047777,0.0
-50.0,50,5610.540729,0.0
-50.0,50,5611.028133,0.0
-50.0,50,5613.850849,0.0
-50.0,50,5614.345753,0.0
-50.0,50,5614.841949,0.0
-50.0,50,5615.326415,0.0
-50.0,50,5615.839533,0.0
-50.0,50,5616.336566,0.0
-50.0,50,5616.828411,0.0
-50.0,50,5617.323677,0.0
-50.0,50,5617.848801,0.0
-50.0,50,5618.337104,0.0
-50.0,50,5618.825912,0.0
-50.0,50,5619.322788,0.0
-50.0,50,5619.830726,0.0
-50.0,50,5620.317658,0.0
-50.0,50,5620.806805,0.0
-50.0,50,5621.311731,0.0
-50.0,50,5621.821011,0.0
-50.0,50,5622.313835,0.0
-50.0,50,5622.800261,0.0
-50.0,50,5623.290992,0.0
0.0,50,5623.794545,1.0
-50.0,50,5624.284115,0.0
-50.0,50,5624.768791,0.0
-50.0,50,5625.255902,0.0
-50.0,50,5625.761837,0.0
-50.0,50,5626.249133,0.0
-50.0,50,5626.733968,0.0
-50.0,50,5627.227458,0.0
-50.0,50,5627.742584,0.0
0.0,50,5628.246619,1.0
0.0,50,5628.742144,1.0
-50.0,50,5629.231692,0.0
-50.0,50,5629.748516,0.0
-50.0,50,5630.240532,0.0
-50.0,50,5630.723776,0.0
-50.0,50,5631.211735,0.0
-50.0,50,5631.717146,0.0
0.0,50,5632.210789,1.0
-50.0,50,5632.701725,0.0
-50.0,50,5633.191089,0.0
-50.0,50,5633.69458,0.0
-50.0,50,5634.184272,0.0
-50.0,50,5634.670382,0.0
-50.0,50,5635.158205,0.0
-50.0,50,5635.660415,0.0
-50.0,50,5636.150791,0.0
-50.0,50,5636.633679,0.0
-50.0,50,5637.12296,0.0
-50.0,50,5637.630672,0.0
-50.0,50,5638.121382,0.0
-50.0,50,5638.608677,0.0
-50.0,50,5639.096809,0.0
-50.0,50,5639.609112,0.0
-50.0,50,5640.093667,0.0
-50.0,50,5640.581652,0.0
-50.0,50,5641.069564,0.0
-50.0,50,5641.572093,0.0
-50.0,50,5642.061703,0.0
-50.0,50,5642.552895,0.0
-50.0,50,5643.02962,0.0
-50.0,50,5643.538685,0.0
-50.0,50,5644.028811,0.0
-50.0,50,5644.5201,0.0
-50.0,50,5645.005731,0.0
-50.0,50,5645.51938,0.0
-50.0,50,5646.011759,0.0
-50.0,50,5646.502914,0.0
-50.0,50,5646.993826,0.0
-50.0,50,5647.51893,0.0
-50.0,50,5648.017311,0.0
-50.0,50,5648.508665,0.0
-50.0,50,5649.007863,0.0
-50.0,50,5649.513715,0.0
-50.0,50,5650.007235,0.0
-50.0,50,5650.495721,0.0
-50.0,50,5650.994674,0.0
-50.0,50,5651.503497,0.0
-50.0,50,5651.988831,0.0
-50.0,50,5652.470884,0.0
-50.0,50,5652.957932,0.0
-50.0,50,5653.454619,0.0
-50.0,50,5653.937495,0.0
-50.0,50,5654.428855,0.0
-50.0,50,5654.913142,0.0
-50.0,50,5655.411657,0.0
-50.0,50,5655.891765,0.0
-50.0,50,5656.369742,0.0
-50.0,50,5656.867025,0.0
-50.0,50,5657.367141,0.0
-50.0,50,5657.854666,0.0
-50.0,50,5658.337261,0.0
-50.0,50,5658.821076,0.0
-50.0,50,5659.320928,0.0
-50.0,50,5659.80769,0.0
-50.0,50,5660.301969,0.0
-50.0,50,5660.793378,0.0
-50.0,50,5661.296607,0.0
0.0,50,5661.785156,1.0
-50.0,50,5662.276994,0.0
-50.0,50,5662.763158,0.0
-50.0,50,5663.265065,0.0
-50.0,50,5663.751975,0.0
-50.0,50,5664.23571,0.0
-50.0,50,5664.737381,0.0
-50.0,50,5665.245743,0.0
-50.0,50,5665.726578,0.0
-50.0,50,5666.204536,0.0
-50.0,50,5666.686872,0.0
-50.0,50,5667.191878,0.0
-50.0,50,5667.681471,0.0
-50.0,50,5668.15869,0.0
-50.0,50,5668.658921,0.0
-50.0,50,5669.164877,0.0
-50.0,50,5669.653206,0.0
-50.0,50,5670.14496,0.0
-50.0,50,5670.638746,0.0
-50.0,50,5671.147435,0.0
-50.0,50,5671.632014,0.0
-50.0,50,5672.116064,0.0
-50.0,50,5672.608862,0.0
-50.0,50,5673.105739,0.0
-50.0,50,5673.583568,0.0
-50.0,50,5674.064687,0.0
-50.0,50,5674.555088,0.0
-50.0,50,5675.057148,0.0
-50.0,50,5675.546974,0.0
-50.0,50,5676.038707,0.0
-50.0,50,5676.529721,0.0
0.0,50,5677.040092,1.0
0.0,50,5677.541221,1.0
-50.0,50,5678.050127,0.0
-50.0,50,5678.528738,0.0
-50.0,50,5679.028951,0.0
-50.0,50,5679.522241,0.0
0.0,50,5679.999508,1.0
-50.0,50,5680.476966,0.0
0.0,50,5680.996321,1.0
-50.0,50,5681.479293,0.0
-50.0,50,5681.962885,0.0
-50.0,50,5682.45514,0.0
-50.0,50,5682.951189,0.0
-50.0,50,5683.435559,0.0
-50.0,50,5683.934526,0.0
-50.0,50,5684.41176,0.0
-50.0,50,5684.912792,0.0
-50.0,50,5685.399436,0.0
-50.0,50,5685.890299,0.0
-50.0,50,5686.366304,0.0
-50.0,50,5686.871189,0.0
-50.0,50,5687.348321,0.0
-50.0,50,5687.839471,0.0
-50.0,50,5688.329507,0.0
-50.0,50,5688.828472,0.0
-50.0,50,5689.316435,0.0
0.0,50,5689.812092,1.0
-50.0,50,5690.302912,0.0
-50.0,50,5690.798924,0.0
-50.0,50,5691.288093,0.0
-50.0,50,5691.777625,0.0
-50.0,50,5692.266934,0.0
-50.0,50,5692.769964,0.0
-50.0,50,5693.259568,0.0
-50.0,50,5693.750013,0.0
-50.0,50,5694.255691,0.0
-50.0,50,5694.764905,0.0
-50.0,50,5695.257044,0.0
-50.0,50,5695.745524,0.0
-50.0,50,5696.231855,0.0
-50.0,50,5696.755813,0.0
0.0,50,5697.251368,1.0
-50.0,50,5697.74173,0.0
-50.0,50,5698.230945,0.0
-50.0,50,5698.738842,0.0
-50.0,50,5699.225243,0.0
-50.0,50,5699.709388,0.0
-50.0,50,5700.197157,0.0
-50.0,50,5700.718542,0.0
-50.0,50,5701.210965,0.0
-50.0,50,5701.69187,0.0
-50.0,50,5702.178801,0.0
-50.0,50,5702.674791,0.0
-50.0,50,5703.162981,0.0
-50.0,50,5703.639922,0.0
-50.0,50,5704.11731,0.0
-50.0,50,5704.62637,0.0
-50.0,50,5705.103256,0.0
-50.0,50,5705.586946,0.0
-50.0,50,5706.071379,0.0
-50.0,50,5706.582096,0.0
0.0,50,5707.078448,1.0
-50.0,50,5707.569161,0.0
-50.0,50,5708.069289,0.0
-50.0,50,5708.574292,0.0
-50.0,50,5709.066228,0.0
-50.0,50,5709.562061,0.0
-50.0,50,5710.057422,0.0
0.0,50,5710.563989,1.0
-50.0,50,5711.056144,0.0
-50.0,50,5711.546195,0.0
-50.0,50,5712.034558,0.0
-50.0,50,5714.865894,0.0
-50.0,50,5715.361095,0.0
-50.0,50,5715.852158,0.0
-50.0,50,5716.342488,0.0
-50.0,50,5716.840338,0.0
-50.0,50,5717.322968,0.0
-50.0,50,5717.816234,0.0
-50.0,50,5718.298923,0.0
0.0,50,5718.805902,1.0
-50.0,50,5719.284968,0.0
-50.0,50,5719.778027,0.0
-50.0,50,5720.261318,0.0
0.0,50,5720.77043,1.0
-50.0,50,5721.26297,0.0
-50.0,50,5721.754353,0.0
-50.0,50,5722.243192,0.0
-50.0,50,5722.743989,0.0
-50.0,50,5723.229107,0.0
-50.0,50,5723.719948,0.0
-50.0,50,5724.199979,0.0
-50.0,50,5724.715847,0.0
-50.0,50,5725.198981,0.0
-50.0,50,5725.691444,0.0
-50.0,50,5726.171754,0.0
-50.0,50,5726.675297,0.0
-50.0,50,5727.163823,0.0
-50.0,50,5727.644044,0.0
-50.0,50,5728.13929,0.0
-50.0,50,5728.635389,0.0
-50.0,50,5729.129157,0.0
-50.0,50,5729.612442,0.0
-50.0,50,5730.094316,0.0
0.0,50,5730.6021,1.0
-50.0,50,5731.086245,0.0
-50.0,50,5731.57337,0.0
-50.0,50,5732.063061,0.0
-50.0,50,5732.568673,0.0
-50.0,50,5733.068605,0.0
-50.0,50,5733.560035,0.0
-50.0,50,5734.06411,0.0
-50.0,50,5734.57615,0.0
-50.0,50,5735.063488,0.0
-50.0,50,5735.555485,0.0
-50.0,50,5736.048281,0.0
0.0,50,5736.540982,1.0
-50.0,50,5737.023115,0.0
-50.0,50,5737.504145,0.0
-50.0,50,5738.01243,0.0
-50.0,50,5738.507166,0.0
-50.0,50,5738.997889,0.0
-50.0,50,5739.483285,0.0
-50.0,50,5739.971287,0.0
-50.0,50,5740.467966,0.0
-50.0,50,5740.960573,0.0
-50.0,50,5741.455282,0.0
-50.0,50,5741.951381,0.0
-50.0,50,5742.445831,0.0
-50.0,50,5742.928115,0.0
-50.0,50,5743.42309,0.0
-50.0,50,5743.925064,0.0
-50.0,50,5744.433717,0.0
-50.0,50,5744.919796,0.0
-50.0,50,5745.41438,0.0
-50.0,50,5745.897331,0.0
-50.0,50,5746.39913,0.0
-50.0,50,5746.887419,0.0
0.0,50,5747.371251,1.0
-50.0,50,5747.866587,0.0
0.0,50,5748.374551,1.0
-50.0,50,5748.860221,0.0
-50.0,50,5749.339844,0.0
-50.0,50,5749.81741,0.0
-50.0,50,5750.314313,0.0
-50.0,50,5750.787332,0.0
-50.0,50,5751.268043,0.0
0.0,50,5751.760599,1.0
-50.0,50,5752.264882,0.0
-50.0,50,5752.757256,0.0
-50.0,50,5753.241675,0.0
-50.0,50,5753.720405,0.0
-50.0,50,5754.218421,0.0
-50.0,50,5754.709177,0.0
0.0,50,5755.181823,1.0
-50.0,50,5755.668103,0.0
-50.0,50,5756.17121,0.0
-50.0,50,5756.663352,0.0
-50.0,50,5757.143744,0.0
-50.0,50,5757.633301,0.0
-50.0,50,5758.135077,0.0
-50.0,50,5758.641065,0.0
-50.0,50,5759.120145,0.0
0.0,50,5759.604223,1.0
-50.0,50,5760.115244,0.0
-50.0,50,5760.611798,0.0
-50.0,50,5761.102334,0.0
-50.0,50,5761.595491,0.0
-50.0,50,5762.092093,0.0
-50.0,50,5762.57889,0.0
0.0,50,5763.05542,1.0
-50.0,50,5763.551486,0.0
-50.0,50,5764.057104,0.0
-50.0,50,5764.55179,0.0
-50.0,50,5765.045313,0.0
-50.0,50,5765.538104,0.0
-50.0,50,5766.042264,0.0
-50.0,50,5766.531803,0.0
-50.0,50,5767.021824,0.0
-50.0,50,5767.510106,0.0
-50.0,50,5768.018504,0.0
-50.0,50,5768.515588,0.0
-50.0,50,5769.006125,0.0
-50.0,50,5769.497681,0.0
-50.0,50,5770.009612,0.0
-50.0,50,5770.500244,0.0
-50.0,50,5770.977174,0.0
-50.0,50,5771.465147,0.0
-50.0,50,5771.959991,0.0
-50.0,50,5772.442204,0.0
0.0,50,5772.926202,1.0
-50.0,50,5773.400442,0.0
-50.0,50,5773.892429,0.0
-50.0,50,5774.39072,0.0
-50.0,50,5774.868078,0.0
-50.0,50,5775.361944,0.0
0.0,50,5775.875612,1.0
-50.0,50,5776.364636,0.0
-50.0,50,5776.842072,0.0
-50.0,50,5777.328183,0.0
-50.0,50,5777.837599,0.0
-50.0,50,5778.324387,0.0
-50.0,50,5778.827154,0.0
-50.0,50,5779.315173,0.0
-50.0,50,5779.817812,0.0
-50.0,50,5780.30434,0.0
-50.0,50,5780.788577,0.0
-50.0,50,5781.273854,0.0
-50.0,50,5781.769251,0.0
0.0,50,5782.271307,1.0
-50.0,50,5782.749545,0.0
-50.0,50,5783.225517,0.0
-50.0,50,5783.728422,0.0
-50.0,50,5784.223772,0.0
-50.0,50,5784.702219,0.0
-50.0,50,5785.192019,0.0
-50.0,50,5785.697444,0.0
-50.0,50,5786.19266,0.0
-50.0,50,5786.68002,0.0
-50.0,50,5787.171314,0.0
-50.0,50,5787.680342,0.0
-50.0,50,5788.174446,0.0
-50.0,50,5788.657571,0.0
0.0,50,5789.155596,1.0
-50.0,50,5789.664713,0.0
-50.0,50,5790.156705,0.0
-50.0,50,5790.650815,0.0
-50.0,50,5791.143444,0.0
-50.0,50,5791.660491,0.0
-50.0,50,5792.150204,0.0
-50.0,50,5792.646699,0.0
0.0,50,5793.141838,1.0
-50.0,50,5793.640287,0.0
-50.0,50,5794.128219,0.0
-50.0,50,5794.623403,0.0
-50.0,50,5795.113493,0.0
-50.0,50,5795.671201,0.0
-50.0,50,5796.159187,0.0
-50.0,50,5796.643277,0.0
-50.0,50,5797.135321,0.0
-50.0,50,5797.64361,0.0
-50.0,50,5798.137145,0.0
-50.0,50,5798.630999,0.0
-50.0,50,5799.13177,0.0
0.0,50,5799.63129,1.0
-50.0,50,5800.122588,0.0
-50.0,50,5800.616264,0.0
-50.0,50,5801.109486,0.0
-50.0,50,5801.633337,0.0
-50.0,50,5802.125001,0.0
-50.0,50,5802.60941,0.0
-50.0,50,5803.089706,0.0
-50.0,50,5803.595494,0.0
-50.0,50,5804.084066,0.0
-50.0,50,5804.577331,0.0
-50.0,50,5805.072469,0.0
-50.0,50,5805.570532,0.0
-50.0,50,5806.055671,0.0
-50.0,50,5806.544832,0.0
-50.0,50,5807.023858,0.0
-50.0,50,5807.528875,0.0
-50.0,50,5808.021,0.0
-50.0,50,5808.509292,0.0
-50.0,50,5809.002768,0.0
-50.0,50,5809.512175,0.0
-50.0,50,5810.012606,0.0
-50.0,50,5810.504427,0.0
-50.0,50,5811.004628,0.0
-50.0,50,5811.510943,0.0
0.0,50,5812.019058,1.0
-50.0,50,5812.517275,0.0
-50.0,50,5813.012738,0.0
-50.0,50,5815.850823,0.0
-50.0,50,5816.332335,0.0
-50.0,50,5816.830958,0.0
-50.0,50,5817.326612,0.0
-50.0,50,5817.825064,0.0
-50.0,50,5818.316016,0.0
-50.0,50,5818.814477,0.0
-50.0,50,5819.307446,0.0
-50.0,50,5819.806545,0.0
-50.0,50,5820.304544,0.0
-50.0,50,5820.793966,0.0
-50.0,50,5821.289298,0.0
-50.0,50,5821.797614,0.0
-50.0,50,5822.280076,0.0
-50.0,50,5822.773272,0.0
-50.0,50,5823.266978,0.0
-50.0,50,5823.76544,0.0
-50.0,50,5824.260523,0.0
-50.0,50,5824.758596,0.0
-50.0,50,5825.245283,0.0
-50.0,50,5825.74408,0.0
-50.0,50,5826.23006,0.0
-50.0,50,5826.719259,0.0
-50.0,50,5827.214515,0.0
-50.0,50,5827.729684,0.0
-50.0,50,5828.237254,0.0
-50.0,50,5828.731367,0.0
-50.0,50,5829.228545,0.0
-50.0,50,5829.734587,0.0
-50.0,50,5830.21963,0.0
-50.0,50,5830.71652,0.0
-50.0,50,5831.203566,0.0
-50.0,50,5831.717698,0.0
-50.0,50,5832.215578,0.0
-50.0,50,5832.714116,0.0
-50.0,50,5833.206435,0.0
-50.0,50,5833.708328,0.0
-50.0,50,5834.201625,0.0
0.0,50,5834.698021,1.0
-50.0,50,5835.195701,0.0
-50.0,50,5835.698113,0.0
-50.0,50,5836.183709,0.0
-50.0,50,5836.673497,0.0
0.0,50,5837.189607,1.0
0.0,50,5837.691456,1.0
0.0,50,5838.181195,1.0
-50.0,50,5838.669073,0.0
-50.0,50,5839.149401,0.0
-50.0,50,5839.65805,0.0
-50.0,50,5840.144381,0.0
-50.0,50,5840.627995,0.0
-50.0,50,5841.113543,0.0
-50.0,50,5841.611253,0.0
-50.0,50,5842.106378,0.0
-50.0,50,5842.591628,0.0
-50.0,50,5843.079615,0.0
-50.0,50,5843.578271,0.0
-50.0,50,5844.061982,0.0
-50.0,50,5844.565874,0.0
-50.0,50,5845.055772,0.0
-50.0,50,5845.552772,0.0
-50.0,50,5846.048759,0.0
-50.0,50,5846.539814,0.0
-50.0,50,5847.037712,0.0
-50.0,50,5847.540785,0.0
-50.0,50,5848.033893,0.0
0.0,50,5848.523371,1.0
-50.0,50,5849.009784,0.0
-50.0,50,5849.518547,0.0
-50.0,50,5850.009579,0.0
-50.0,50,5850.490254,0.0
-50.0,50,5850.984272,0.0
-50.0,50,5851.47986,0.0
-50.0,50,5851.975688,0.0
-50.0,50,5852.463738,0.0
-50.0,50,5852.952486,0.0
-50.0,50,5853.46285,0.0
-50.0,50,5853.952762,0.0
-50.0,50,5854.446855,0.0
-50.0,50,5854.940811,0.0
-50.0,50,5855.450892,0.0
-50.0,50,5855.945775,0.0
-50.0,50,5856.442168,0.0
-50.0,50,5856.929867,0.0
-50.0,50,5857.434045,0.0
-50.0,50,5857.936968,0.0
-50.0,50,5858.42325,0.0
-50.0,50,5858.922806,0.0
-50.0,50,5859.427502,0.0
-50.0,50,5859.922678,0.0
-50.0,50,5860.409774,0.0
-50.0,50,5860.89251,0.0
-50.0,50,5861.400998,0.0
-50.0,50,5861.896891,0.0
-50.0,50,5862.38647,0.0
-50.0,50,5862.866431,0.0
-50.0,50,5863.390699,0.0
-50.0,50,5863.880457,0.0
-50.0,50,5864.377819,0.0
-50.0,50,5864.86268,0.0
-50.0,50,5865.367064,0.0
-50.0,50,5865.859027,0.0
-50.0,50,5866.348449,0.0
-50.0,50,5866.843358,0.0
-50.0,50,5867.350874,0.0
-50.0,50,5867.832379,0.0
-50.0,50,5868.324248,0.0
0.0,50,5868.802024,1.0
-50.0,50,5869.31251,0.0
-50.0,50,5869.800336,0.0
-50.0,50,5870.29177,0.0
-50.0,50,5870.786792,0.0
-50.0,50,5871.291346,0.0
-50.0,50,5871.779305,0.0
-50.0,50,5872.267531,0.0
-50.0,50,5872.74916,0.0
-50.0,50,5873.250669,0.0
-50.0,50,5873.742748,0.0
-50.0,50,5874.226831,0.0
-50.0,50,5874.720944,0.0
-50.0,50,5875.223202,0.0
-50.0,50,5875.718444,0.0
-50.0,50,5876.212694,0.0
-50.0,50,5876.708432,0.0
-50.0,50,5877.205664,0.0
-50.0,50,5877.694497,0.0
-50.0,50,5878.186552,0.0
-50.0,50,5878.68203,0.0
-50.0,50,5879.185493,0.0
-50.0,50,5879.678554,0.0
-50.0,50,5880.167228,0.0
-50.0,50,5880.646025,0.0
-50.0,50,5881.149577,0.0
-50.0,50,5881.648592,0.0
-50.0,50,5882.140802,0.0
-50.0,50,5882.621525,0.0
-50.0,50,5883.12603,0.0
-50.0,50,5883.615216,0.0
-50.0,50,5884.106475,0.0
-50.0,50,5884.597539,0.0
-50.0,50,5885.103023,0.0
-50.0,50,5885.595534,0.0
-50.0,50,5886.081995,0.0
-50.0,50,5886.580105,0.0
-50.0,50,5887.079671,0.0
-50.0,50,5887.574398,0.0
-50.0,50,5888.076674,0.0
-50.0,50,5888.565763,0.0
-50.0,50,5889.0685,0.0
-50.0,50,5889.54887,0.0
-50.0,50,5890.031052,0.0
-50.0,50,5890.511159,0.0
-50.0,50,5891.01388,0.0
-50.0,50,5891.494209,0.0
-50.0,50,5891.975141,0.0
-50.0,50,5892.463495,0.0
-50.0,50,5892.967652,0.0
-50.0,50,5893.460376,0.0
-50.0,50,5893.941214,0.0
-50.0,50,5894.426813,0.0
-50.0,50,5894.928887,0.0
-50.0,50,5895.409977,0.0
-50.0,50,5895.893212,0.0
-50.0,50,5896.384741,0.0
-50.0,50,5896.889356,0.0
-50.0,50,5897.369406,0.0
-50.0,50,5897.86079,0.0
-50.0,50,5898.347662,0.0
-50.0,50,5898.852277,0.0
-50.0,50,5899.335013,0.0
-50.0,50,5899.825992,0.0
0.0,50,5900.300028,1.0
-50.0,50,5900.797685,0.0
-50.0,50,5901.284987,0.0
-50.0,50,5901.77416,0.0
-50.0,50,5902.261734,0.0
-50.0,50,5902.769452,0.0
-50.0,50,5903.25386,0.0
-50.0,50,5903.73763,0.0
-50.0,50,5904.221798,0.0
-50.0,50,5904.735763,0.0
-50.0,50,5905.219737,0.0
-50.0,50,5905.695596,0.0
-50.0,50,5906.186774,0.0
0.0,50,5906.694279,1.0
0.0,50,5907.181756,1.0
-50.0,50,5907.670764,0.0
-50.0,50,5908.149123,0.0
-50.0,50,5908.637647,0.0
-50.0,50,5909.122758,0.0
-50.0,50,5909.598032,0.0
-50.0,50,5910.076048,0.0
-50.0,50,5910.579846,0.0
-50.0,50,5911.07178,0.0
-50.0,50,5911.568711,0.0
-50.0,50,5912.059699,0.0
-50.0,50,5912.575615,0.0
-50.0,50,5913.07011,0.0
-50.0,50,5913.555133,0.0
-50.0,50,5914.042001,0.0
-50.0,50,5916.87182,0.0
-50.0,50,5917.35784,0.0
-50.0,50,5917.853999,0.0
-50.0,50,5918.350988,0.0
-50.0,50,5918.860292,0.0
-50.0,50,5919.358282,0.0
-50.0,50,5919.853044,0.0
-50.0,50,5920.344262,0.0
-50.0,50,5920.868894,0.0
-50.0,50,5921.361068,0.0
-50.0,50,5921.85095,0.0
-50.0,50,5922.339678,0.0
-50.0,50,5922.858978,0.0
-50.0,50,5923.354216,0.0
-50.0,50,5923.843738,0.0
-50.0,50,5924.322756,0.0
-50.0,50,5924.85511,0.0
-50.0,50,5925.354385,0.0
0.0,50,5925.851231,1.0
-50.0,50,5926.347628,0.0
0.0,50,5926.860579,1.0
-50.0,50,5927.35382,0.0
-50.0,50,5927.848157,0.0
-50.0,50,5928.340177,0.0
0.0,50,5928.873169,1.0
-50.0,50,5929.364979,0.0
0.0,50,5929.855378,1.0
-50.0,50,5930.346326,0.0
-50.0,50,5930.865016,0.0
-50.0,50,5931.349695,0.0
-50.0,50,5931.826344,0.0
-50.0,50,5932.319894,0.0
-50.0,50,5932.838392,0.0
-50.0,50,5933.319604,0.0
-50.0,50,5933.804106,0.0
-50.0,50,5934.297846,0.0
-50.0,50,5934.809953,0.0
-50.0,50,5935.298415,0.0
-50.0,50,5935.78539,0.0
-50.0,50,5936.274892,0.0
-50.0,50,5936.778639,0.0
-50.0,50,5937.269561,0.0
-50.0,50,5937.752506,0.0
-50.0,50,5938.251101,0.0
-50.0,50,5938.749418,0.0
-50.0,50,5939.242404,0.0
-50.0,50,5939.731278,0.0
-50.0,50,5940.224661,0.0
-50.0,50,5940.734383,0.0
0.0,50,5941.229069,1.0
-50.0,50,5941.710061,0.0
-50.0,50,5942.19278,0.0
-50.0,50,5942.70144,0.0
-50.0,50,5943.186243,0.0
-50.0,50,5943.671855,0.0
-50.0,50,5944.159288,0.0
-50.0,50,5944.665793,0.0
-50.0,50,5945.157155,0.0
-50.0,50,5945.641412,0.0
-50.0,50,5946.127213,0.0
-50.0,50,5946.642176,0.0
-50.0,50,5947.133518,0.0
-50.0,50,5947.625421,0.0
-50.0,50,5948.128147,0.0
-50.0,50,5948.641261,0.0
-50.0,50,5949.134539,0.0
-50.0,50,5949.623562,0.0
-50.0,50,5950.115012,0.0
-50.0,50,5950.616976,0.0
-50.0,50,5951.095756,0.0
-50.0,50,5951.581393,0.0
-50.0,50,5952.078767,0.0
-50.0,50,5952.594537,0.0
-50.0,50,5953.077066,0.0
-50.0,50,5953.575255,0.0
-50.0,50,5954.075302,0.0
-50.0,50,5954.581982,0.0
-50.0,50,5955.073556,0.0
-50.0,50,5955.558391,0.0
-50.0,50,5956.04538,0.0
-50.0,50,5956.555522,0.0
-50.0,50,5957.049092,0.0
-50.0,50,5957.544006,0.0
-50.0,50,5958.023675,0.0
-50.0,50,5958.528613,0.0
-50.0,50,5959.016107,0.0
-50.0,50,5959.511422,0.0
-50.0,50,5960.007088,0.0
0.0,50,5960.509663,1.0
-50.0,50,5961.002184,0.0
-50.0,50,5961.493354,0.0
-50.0,50,5961.974249,0.0
-50.0,50,5962.481036,0.0
-50.0,50,5962.971163,0.0
-50.0,50,5963.464056,0.0
-50.0,50,5963.958469,0.0
-50.0,50,5964.465621,0.0
-50.0,50,5964.962916,0.0
-50.0,50,5965.457284,0.0
-50.0,50,5965.941922,0.0
-50.0,50,5966.446889,0.0
-50.0,50,5966.943287,0.0
-50.0,50,5967.437168,0.0
0.0,50,5967.924212,1.0
-50.0,50,5968.437286,0.0
-50.0,50,5968.931228,0.0
-50.0,50,5969.424723,0.0
-50.0,50,5969.9057,0.0
-50.0,50,5970.400989,0.0
-50.0,50,5970.882296,0.0
-50.0,50,5971.37489,0.0
-50.0,50,5971.85666,0.0
-50.0,50,5972.361025,0.0
-50.0,50,5972.856275,0.0
-50.0,50,5973.347041,0.0
-50.0,50,5973.834985,0.0
-50.0,50,5974.330843,0.0
-50.0,50,5974.828776,0.0
-50.0,50,5975.309908,0.0
0.0,50,5975.789375,1.0
-50.0,50,5976.298934,0.0
0.0,50,5976.788765,1.0
-50.0,50,5977.293888,0.0
-50.0,50,5977.805502,0.0
-50.0,50,5978.298582,0.0
-50.0,50,5978.776119,0.0
-50.0,50,5979.271291,0.0
-50.0,50,5979.765316,0.0
-50.0,50,5980.270974,0.0
-50.0,50,5980.753523,0.0
-50.0,50,5981.242728,0.0
-50.0,50,5981.737106,0.0
-50.0,50,5982.231366,0.0
-50.0,50,5982.72526,0.0
-50.0,50,5983.218014,0.0
-50.0,50,5983.713939,0.0
-50.0,50,5984.20569,0.0
-50.0,50,5984.703413,0.0
-50.0,50,5985.190029,0.0
-50.0,50,5985.675995,0.0
-50.0,50,5986.172838,0.0
-50.0,50,5986.671364,0.0
0.0,50,5987.161495,1.0
-50.0,50,5987.645296,0.0
-50.0,50,5988.152821,0.0
-50.0,50,5988.633937,0.0
-50.0,50,5989.116804,0.0
-50.0,50,5989.600864,0.0
-50.0,50,5990.105963,0.0
-50.0,50,5990.596836,0.0
0.0,50,5991.078306,1.0
-50.0,50,5991.568154,0.0
-50.0,50,5992.073329,0.0
-50.0,50,5992.564049,0.0
-50.0,50,5993.046081,0.0
-50.0,50,5993.531332,0.0
-50.0,50,5994.037349,0.0
-50.0,50,5994.532168,0.0
-50.0,50,5995.027278,0.0
-50.0,50,5995.507283,0.0
-50.0,50,5996.001444,0.0
-50.0,50,5996.492811,0.0
-50.0,50,5996.984509,0.0
-50.0,50,5997.479352,0.0
-50.0,50,5997.993488,0.0
-50.0,50,5998.488696,0.0
-50.0,50,5998.985638,0.0
-50.0,50,5999.46974,0.0
-50.0,50,5999.983958,0.0
-50.0,50,6000.473982,0.0
-50.0,50,6000.964031,0.0
-50.0,50,6001.454239,0.0
-50.0,50,6001.959114,0.0
0.0,50,6002.447402,1.0
-50.0,50,6002.949551,0.0
-50.0,50,6003.444215,0.0
-50.0,50,6003.948354,0.0
-50.0,50,6004.443779,0.0
0.0,50,6004.926719,1.0
-50.0,50,6005.412898,0.0
-50.0,50,6005.926211,0.0
-50.0,50,6006.419968,0.0
-50.0,50,6006.913973,0.0
-50.0,50,6007.403065,0.0
-50.0,50,6007.919603,0.0
-50.0,50,6008.412145,0.0
-50.0,50,6008.901819,0.0
0.0,50,6009.381285,1.0
-50.0,50,6009.883632,0.0
-50.0,50,6010.379504,0.0
-50.0,50,6010.875098,0.0
-50.0,50,6011.371059,0.0
-50.0,50,6011.874572,0.0
-50.0,50,6012.365809,0.0
-50.0,50,6012.85853,0.0
-50.0,50,6013.352387,0.0
-50.0,50,6013.863741,0.0
-50.0,50,6014.342036,0.0
-50.0,50,6014.826327,0.0
-50.0,50,6015.310864,0.0
-50.0,50,6018.128446,0.0
-50.0,50,6018.626227,0.0
-50.0,50,6019.142555,0.0
-50.0,50,6019.633612,0.0
-50.0,50,6020.136095,0.0
-50.0,50,6020.636152,0.0
-50.0,50,6021.131399,0.0
-50.0,50,6021.612566,0.0
-50.0,50,6022.153301,0.0
-50.0,50,6022.652806,0.0
-50.0,50,6023.147325,0.0
-50.0,50,6023.646348,0.0
-50.0,50,6024.151225,0.0
-50.0,50,6024.648034,0.0
0.0,50,6025.126832,1.0
-50.0,50,6025.610352,0.0
-50.0,50,6026.116341,0.0
-50.0,50,6026.609392,0.0
-50.0,50,6027.103139,0.0
-50.0,50,6027.595279,0.0
-50.0,50,6028.09972,0.0
-50.0,50,6028.581828,0.0
-50.0,50,6029.083986,0.0
-50.0,50,6029.577315,0.0
-50.0,50,6030.108351,0.0
-50.0,50,6030.59163,0.0
-50.0,50,6031.078162,0.0
0.0,50,6031.570208,1.0
-50.0,50,6032.079185,0.0
-50.0,50,6032.561568,0.0
0.0,50,6033.051406,1.0
-50.0,50,6033.548397,0.0
-50.0,50,6034.048575,0.0
-50.0,50,6034.540627,0.0
-50.0,50,6035.024031,0.0
-50.0,50,6035.512701,0.0
0.0,50,6036.016893,1.0
-50.0,50,6036.495835,0.0
-50.0,50,6036.975559,0.0
-50.0,50,6037.469392,0.0
-50.0,50,6037.98657,0.0
-50.0,50,6038.481363,0.0
-50.0,50,6038.966356,0.0
-50.0,50,6039.449653,0.0
-50.0,50,6039.941682,0.0
-50.0,50,6040.432275,0.0
-50.0,50,6040.921073,0.0
-50.0,50,6041.415038,0.0
-50.0,50,6041.907177,0.0
-50.0,50,6042.396327,0.0
-50.0,50,6042.893275,0.0
-50.0,50,6043.380052,0.0
-50.0,50,6043.889282,0.0
-50.0,50,6044.374221,0.0
-50.0,50,6044.868321,0.0
-50.0,50,6045.362377,0.0
-50.0,50,6045.867542,0.0
-50.0,50,6046.374425,0.0
-50.0,50,6046.868598,0.0
-50.0,50,6047.35724,0.0
-50.0,50,6047.865043,0.0
-50.0,50,6048.347241,0.0
-50.0,50,6048.831595,0.0
-50.0,50,6049.324372,0.0
-50.0,50,6049.830081,0.0
-50.0,50,6050.317352,0.0
-50.0,50,6050.802062,0.0
-50.0,50,6051.281671,0.0
-50.0,50,6051.776074,0.0
-50.0,50,6052.264511,0.0
-50.0,50,6052.759245,0.0
-50.0,50,6053.242219,0.0
-50.0,50,6053.749585,0.0
-50.0,50,6054.233231,0.0
-50.0,50,6054.713348,0.0
-50.0,50,6055.207276,0.0
-50.0,50,6055.708748,0.0
-50.0,50,6056.189445,0.0
-50.0,50,6056.676415,0.0
-50.0,50,6057.158543,0.0
-50.0,50,6057.658854,0.0
-50.0,50,6058.142402,0.0
-50.0,50,6058.627226,0.0
-50.0,50,6059.119718,0.0
-50.0,50,6059.622877,0.0
-50.0,50,6060.115726,0.0
-50.0,50,6060.609697,0.0
-50.0,50,6061.093036,0.0
0.0,50,6061.606452,1.0
-50.0,50,6062.089045,0.0
-50.0,50,6062.584657,0.0
0.0,50,6063.069931,1.0
0.0,50,6063.56667,1.0
-50.0,50,6064.050304,0.0
-50.0,50,6064.537507,0.0
-50.0,50,6065.020183,0.0
-50.0,50,6065.529286,0.0
-50.0,50,6066.014482,0.0
-50.0,50,6066.493801,0.0
-50.0,50,6066.977115,0.0
-50.0,50,6067.47629,0.0
-50.0,50,6067.976791,0.0
-50.0,50,6068.46659,0.0
0.0,50,6068.962633,1.0
-50.0,50,6069.477731,0.0
-50.0,50,6069.973573,0.0
-50.0,50,6070.474169,0.0
-50.0,50,6070.970379,0.0
-50.0,50,6071.481607,0.0
-50.0,50,6071.966236,0.0
0.0,50,6072.447005,1.0
-50.0,50,6072.929487,0.0
-50.0,50,6073.443618,0.0
0.0,50,6073.93492,1.0
-50.0,50,6074.422285,0.0
-50.0,50,6074.918421,0.0
-50.0,50,6075.430766,0.0
-50.0,50,6075.925348,0.0
-50.0,50,6076.411782,0.0
-50.0,50,6076.912293,0.0
-50.0,50,6077.424796,0.0
-50.0,50,6077.920415,0.0
-50.0,50,6078.409468,0.0
-50.0,50,6078.892923,0.0
-50.0,50,6079.385256,0.0
-50.0,50,6079.86536,0.0
0.0,50,6080.366199,1.0
-50.0,50,6080.851261,0.0
-50.0,50,6081.348543,0.0
-50.0,50,6081.835532,0.0
0.0,50,6082.31664,1.0
-50.0,50,6082.805512,0.0
-50.0,50,6083.302214,0.0
-50.0,50,6083.791775,0.0
-50.0,50,6084.274078,0.0
-50.0,50,6084.767115,0.0
-50.0,50,6085.278657,0.0
-50.0,50,6085.767361,0.0
-50.0,50,6086.257591,0.0
0.0,50,6086.74518,1.0
0.0,50,6087.236348,1.0
-50.0,50,6087.726562,0.0
-50.0,50,6088.210754,0.0
-50.0,50,6088.704428,0.0
-50.0,50,6089.203263,0.0
0.0,50,6089.689639,1.0
-50.0,50,6090.194142,0.0
-50.0,50,6090.690628,0.0
-50.0,50,6091.204646,0.0
-50.0,50,6091.701503,0.0
0.0,50,6092.187679,1.0
-50.0,50,6092.670453,0.0
-50.0,50,6093.17922,0.0
0.0,50,6093.673079,1.0
-50.0,50,6094.157153,0.0
-50.0,50,6094.652944,0.0
-50.0,50,6095.165836,0.0
-50.0,50,6095.658107,0.0
-50.0,50,6096.152645,0.0
-50.0,50,6096.648026,0.0
-50.0,50,6097.171474,0.0
-50.0,50,6097.650524,0.0
-50.0,50,6098.138102,0.0
-50.0,50,6098.593181,0.0
-50.0,50,6099.058059,0.0
-50.0,50,6099.510307,0.0
-50.0,50,6099.962384,0.0
-50.0,50,6100.777461,0.0
-50.0,50,6101.839681,0.0
-50.0,50,6102.898639,0.0
-50.0,50,6103.972773,0.0
0.0,50,6105.062945,1.0
-50.0,50,6106.2891,0.0
-50.0,50,6107.36339,0.0
-50.0,50,6108.429365,0.0
0.0,50,6109.509061,1.0
-50.0,50,6110.632963,0.0
-50.0,50,6111.757337,0.0
-50.0,50,6112.863299,0.0
-50.0,50,6113.955551,0.0
-50.0,50,6115.053129,0.0
-50.0,50,6116.151149,0.0
0.0,50,6117.172368,1.0
-50.0,50,6117.670326,0.0
-50.0,50,6118.179635,0.0
-50.0,50,6118.664436,0.0
0.0,50,6119.14826,1.0
-50.0,50,6119.633393,0.0
-50.0,50,6120.140243,0.0
-50.0,50,6120.629538,0.0
-50.0,50,6121.118809,0.0
-50.0,50,6121.611435,0.0
-50.0,50,6122.112611,0.0
-50.0,50,6122.607379,0.0
-50.0,50,6123.098357,0.0
-50.0,50,6123.584684,0.0
-50.0,50,6124.08941,0.0
-50.0,50,6124.571339,0.0
-50.0,50,6125.065794,0.0
-50.0,50,6125.550591,0.0
-50.0,50,6128.428543,0.0
-50.0,50,6128.924449,0.0
-50.0,50,6129.41401,0.0
-50.0,50,6129.908452,0.0
-50.0,50,6130.413837,0.0
-50.0,50,6130.906733,0.0
-50.0,50,6131.390346,0.0
-50.0,50,6131.875272,0.0
0.0,50,6132.379342,1.0
-50.0,50,6132.865726,0.0
-50.0,50,6133.357892,0.0
-50.0,50,6133.847788,0.0
-50.0,50,6134.345318,0.0
-50.0,50,6134.837222,0.0
-50.0,50,6135.329503,0.0
-50.0,50,6135.817357,0.0
-50.0,50,6136.321032,0.0
-50.0,50,6136.809709,0.0
-50.0,50,6137.295807,0.0
-50.0,50,6137.788691,0.0
-50.0,50,6138.298567,0.0
-50.0,50,6138.798952,0.0
-50.0,50,6139.299804,0.0
-50.0,50,6139.794734,0.0
-50.0,50,6140.306783,0.0
-50.0,50,6140.785444,0.0
-50.0,50,6141.280914,0.0
-50.0,50,6141.773688,0.0
-50.0,50,6142.276934,0.0
-50.0,50,6142.772849,0.0
-50.0,50,6143.265423,0.0
-50.0,50,6143.75782,0.0
-50.0,50,6144.259735,0.0
-50.0,50,6144.756809,0.0
-50.0,50,6145.254137,0.0
-50.0,50,6145.750922,0.0
-50.0,50,6146.258818,0.0
-50.0,50,6146.750392,0.0
-50.0,50,6147.245744,0.0
-50.0,50,6147.744199,0.0
-50.0,50,6148.24262,0.0
-50.0,50,6148.726848,0.0
-50.0,50,6149.212859,0.0
-50.0,50,6149.697829,0.0
0.0,50,6150.211701,1.0
-50.0,50,6150.706921,0.0
-50.0,50,6151.204831,0.0
-50.0,50,6151.690767,0.0
-50.0,50,6152.206944,0.0
-50.0,50,6152.700272,0.0
-50.0,50,6153.192302,0.0
-50.0,50,6153.69282,0.0
-50.0,50,6154.202214,0.0
-50.0,50,6154.699593,0.0
0.0,50,6155.202733,1.0
-50.0,50,6155.704667,0.0
-50.0,50,6156.218091,0.0
0.0,50,6156.701622,1.0
-50.0,50,6157.195754,0.0
-50.0,50,6157.686661,0.0
-50.0,50,6158.20267,0.0
-50.0,50,6158.699345,0.0
-50.0,50,6159.194096,0.0
-50.0,50,6159.688488,0.0
-50.0,50,6160.210527,0.0
-50.0,50,6160.698249,0.0
-50.0,50,6161.193736,0.0
-50.0,50,6161.691001,0.0
-50.0,50,6162.197892,0.0
0.0,50,6162.694519,1.0
-50.0,50,6163.182062,0.0
0.0,50,6163.675988,1.0
-50.0,50,6164.17936,0.0
-50.0,50,6164.671383,0.0
-50.0,50,6165.170285,0.0
-50.0,50,6165.669487,0.0
-50.0,50,6166.18621,0.0
-50.0,50,6166.682664,0.0
-50.0,50,6167.172696,0.0
-50.0,50,6167.690952,0.0
-50.0,50,6168.199192,0.0
-50.0,50,6168.684515,0.0
-50.0,50,6169.17771,0.0
-50.0,50,6169.668161,0.0
-50.0,50,6170.176922,0.0
-50.0,50,6170.670226,0.0
-50.0,50,6171.169911,0.0
0.0,50,6171.661312,1.0
-50.0,50,6172.167171,0.0
-50.0,50,6172.662387,0.0
-50.0,50,6173.158701,0.0
-50.0,50,6173.657177,0.0
-50.0,50,6174.1554,0.0
-50.0,50,6174.644472,0.0
-50.0,50,6175.130906,0.0
0.0,50,6175.614104,1.0
-50.0,50,6176.117448,0.0
-50.0,50,6176.61024,0.0
-50.0,50,6177.101856,0.0
-50.0,50,6177.596875,0.0
-50.0,50,6178.110987,0.0
-50.0,50,6178.59929,0.0
-50.0,50,6179.08374,0.0
-50.0,50,6179.575744,0.0
-50.0,50,6180.074334,0.0
-50.0,50,6180.56722,0.0
-50.0,50,6181.072137,0.0
0.0,50,6181.55815,1.0
-50.0,50,6182.078112,0.0
-50.0,50,6182.56443,0.0
-50.0,50,6183.056104,0.0
-50.0,50,6183.547151,0.0
-50.0,50,6184.049408,0.0
-50.0,50,6184.543314,0.0
-50.0,50,6185.048191,0.0
-50.0,50,6185.532621,0.0
-50.0,50,6186.039112,0.0
-50.0,50,6186.534348,0.0
-50.0,50,6187.026123,0.0
-50.0,50,6187.516938,0.0
-50.0,50,6188.039747,0.0
-50.0,50,6188.532685,0.0
-50.0,50,6189.025393,0.0
-50.0,50,6189.509212,0.0
-50.0,50,6190.018945,0.0
-50.0,50,6190.516185,0.0
0.0,50,6191.012197,1.0
-50.0,50,6191.501095,0.0
-50.0,50,6192.010991,0.0
-50.0,50,6192.494162,0.0
-50.0,50,6192.975794,0.0
-50.0,50,6193.467787,0.0
0.0,50,6193.982242,1.0
-50.0,50,6194.466923,0.0
0.0,50,6194.952166,1.0
-50.0,50,6195.435543,0.0
-50.0,50,6195.926512,0.0
-50.0,50,6196.428555,0.0
-50.0,50,6196.915614,0.0
-50.0,50,6197.409928,0.0
-50.0,50,6197.92991,0.0
-50.0,50,6198.443818,0.0
-50.0,50,6198.941255,0.0
-50.0,50,6199.438829,0.0
-50.0,50,6200.000243,0.0
-50.0,50,6200.484336,0.0
-50.0,50,6200.967388,0.0
-50.0,50,6201.452427,0.0
-50.0,50,6201.96826,0.0
-50.0,50,6202.457711,0.0
-50.0,50,6202.940691,0.0
-50.0,50,6203.430708,0.0
-50.0,50,6203.92553,0.0
-50.0,50,6204.417895,0.0
-50.0,50,6204.909897,0.0
-50.0,50,6205.397724,0.0
-50.0,50,6205.892852,0.0
-50.0,50,6206.385336,0.0
-50.0,50,6206.872056,0.0
-50.0,50,6207.367129,0.0
-50.0,50,6207.868684,0.0
-50.0,50,6208.354651,0.0
-50.0,50,6208.846712,0.0
-50.0,50,6209.343294,0.0
-50.0,50,6209.844102,0.0
-50.0,50,6210.330407,0.0
-50.0,50,6210.825071,0.0
-50.0,50,6211.306596,0.0
-50.0,50,6211.811152,0.0
0.0,50,6212.291848,1.0
-50.0,50,6212.78014,0.0
-50.0,50,6213.274115,0.0
-50.0,50,6213.770135,0.0
-50.0,50,6214.259619,0.0
-50.0,50,6214.749877,0.0
-50.0,50,6215.233177,0.0
-50.0,50,6215.740219,0.0
-50.0,50,6216.231727,0.0
-50.0,50,6216.718722,0.0
0.0,50,6217.213884,1.0
-50.0,50,6217.72587,0.0
-50.0,50,6218.231021,0.0
-50.0,50,6218.726187,0.0
-50.0,50,6219.216089,0.0
-50.0,50,6219.720083,0.0
0.0,50,6220.209932,1.0
-50.0,50,6220.696441,0.0
0.0,50,6221.197942,1.0
-50.0,50,6221.707325,0.0
-50.0,50,6222.196853,0.0
-50.0,50,6222.688774,0.0
-50.0,50,6223.178336,0.0
-50.0,50,6223.684424,0.0
-50.0,50,6224.176996,0.0
-50.0,50,6224.672677,0.0
-50.0,50,6225.161369,0.0
-50.0,50,6225.680009,0.0
-50.0,50,6226.17214,0.0
-50.0,50,6226.652449,0.0
-50.0,50,6227.149271,0.0
-50.0,50,6230.013053,0.0
-50.0,50,6230.501338,0.0
-50.0,50,6230.992923,0.0
-50.0,50,6231.492143,0.0
-50.0,50,6232.002299,0.0
0.0,50,6232.492375,1.0
-50.0,50,6232.994808,0.0
0.0,50,6233.488388,1.0
-50.0,50,6233.997253,0.0
-50.0,50,6234.495386,0.0
-50.0,50,6234.991738,0.0
-50.0,50,6235.476574,0.0
-50.0,50,6235.986391,0.0
-50.0,50,6236.489952,0.0
-50.0,50,6236.982762,0.0
-50.0,50,6237.473988,0.0
-50.0,50,6237.98446,0.0
-50.0,50,6238.47688,0.0
-50.0,50,6238.968101,0.0
-50.0,50,6239.461799,0.0
-50.0,50,6239.974169,0.0
-50.0,50,6240.4695,0.0
-50.0,50,6240.95862,0.0
-50.0,50,6241.444402,0.0
0.0,50,6241.943713,1.0
-50.0,50,6242.442519,0.0
-50.0,50,6242.933754,0.0
-50.0,50,6243.424253,0.0
-50.0,50,6243.933334,0.0
-50.0,50,6244.429035,0.0
0.0,50,6244.933658,1.0
0.0,50,6245.423063,1.0
-50.0,50,6245.926581,0.0
-50.0,50,6246.411628,0.0
-50.0,50,6246.904425,0.0
-50.0,50,6247.398739,0.0
0.0,50,6247.916771,1.0
-50.0,50,6248.404044,0.0
-50.0,50,6248.889365,0.0
-50.0,50,6249.376225,0.0
-50.0,50,6249.876143,0.0
-50.0,50,6250.37287,0.0
-50.0,50,6250.856954,0.0
-50.0,50,6251.354232,0.0
0.0,50,6251.86627,1.0
-50.0,50,6252.364662,0.0
-50.0,50,6252.862111,0.0
0.0,50,6253.365544,1.0
-50.0,50,6253.876849,0.0
-50.0,50,6254.362406,0.0
-50.0,50,6254.862291,0.0
-50.0,50,6255.352733,0.0
-50.0,50,6255.855234,0.0
-50.0,50,6256.345881,0.0
-50.0,50,6256.847359,0.0
-50.0,50,6257.334916,0.0
-50.0,50,6257.842837,0.0
-50.0,50,6258.336424,0.0
-50.0,50,6258.817378,0.0
-50.0,50,6259.315297,0.0
-50.0,50,6259.82006,0.0
-50.0,50,6260.311499,0.0
-50.0,50,6260.796873,0.0
-50.0,50,6261.28364,0.0
-50.0,50,6261.783829,0.0
-50.0,50,6262.297832,0.0
-50.0,50,6262.790677,0.0
-50.0,50,6263.273247,0.0
-50.0,50,6263.784185,0.0
-50.0,50,6264.290722,0.0
-50.0,50,6264.792444,0.0
-50.0,50,6265.293752,0.0
-50.0,50,6265.811697,0.0
-50.0,50,6266.309645,0.0
-50.0,50,6266.817534,0.0
-50.0,50,6267.316472,0.0
-50.0,50,6267.830718,0.0
-50.0,50,6268.331279,0.0
-50.0,50,6268.818064,0.0
-50.0,50,6269.320563,0.0
-50.0,50,6269.844144,0.0
-50.0,50,6270.341925,0.0
-50.0,50,6270.83646,0.0
-50.0,50,6271.334529,0.0
-50.0,50,6271.856314,0.0
-50.0,50,6272.380788,0.0
-50.0,50,6272.87643,0.0
-50.0,50,6273.369003,0.0
-50.0,50,6273.925339,0.0
-50.0,50,6274.462387,0.0
-50.0,50,6274.968613,0.0
-50.0,50,6275.458637,0.0
-50.0,50,6275.995102,0.0
-50.0,50,6276.497436,0.0
-50.0,50,6277.001132,0.0
-50.0,50,6277.497553,0.0
-50.0,50,6278.019762,0.0
-50.0,50,6278.508171,0.0
-50.0,50,6278.993919,0.0
-50.0,50,6279.491527,0.0
-50.0,50,6280.015023,0.0
-50.0,50,6280.510213,0.0
-50.0,50,6281.008693,0.0
-50.0,50,6281.49325,0.0
-50.0,50,6282.015351,0.0
-50.0,50,6282.515162,0.0
-50.0,50,6283.009282,0.0
-50.0,50,6283.500311,0.0
-50.0,50,6284.024334,0.0
-50.0,50,6284.511334,0.0
-50.0,50,6285.003888,0.0
-50.0,50,6285.495237,0.0
-50.0,50,6286.011384,0.0
-50.0,50,6286.50563,0.0
-50.0,50,6287.008945,0.0
-50.0,50,6287.49637,0.0
-50.0,50,6288.016681,0.0
-50.0,50,6288.511477,0.0
0.0,50,6288.998148,1.0
-50.0,50,6289.499803,0.0
-50.0,50,6290.016525,0.0
0.0,50,6290.513397,1.0
-50.0,50,6291.006896,0.0
-50.0,50,6291.496168,0.0
-50.0,50,6292.009012,0.0
-50.0,50,6292.50949,0.0
-50.0,50,6293.007301,0.0
-50.0,50,6293.504447,0.0
-50.0,50,6294.024715,0.0
-50.0,50,6294.52139,0.0
-50.0,50,6295.016509,0.0
-50.0,50,6295.513653,0.0
-50.0,50,6296.03986,0.0
-50.0,50,6296.534621,0.0
-50.0,50,6297.025934,0.0
-50.0,50,6297.524624,0.0
-50.0,50,6298.043725,0.0
-50.0,50,6298.531354,0.0
-50.0,50,6299.016653,0.0
-50.0,50,6299.508037,0.0
-50.0,50,6300.017476,0.0
-50.0,50,6300.508187,0.0
-50.0,50,6300.993945,0.0
-50.0,50,6301.492537,0.0
-50.0,50,6302.008902,0.0
-50.0,50,6302.505506,0.0
-50.0,50,6303.003077,0.0
0.0,50,6303.486197,1.0
-50.0,50,6303.990903,0.0
-50.0,50,6304.49037,0.0
0.0,50,6304.984182,1.0
-50.0,50,6305.478598,0.0
-50.0,50,6305.998202,0.0
-50.0,50,6306.490643,0.0
-50.0,50,6306.985317,0.0
-50.0,50,6307.49609,0.0
-50.0,50,6308.01659,0.0
-50.0,50,6308.504643,0.0
-50.0,50,6309.006875,0.0
-50.0,50,6309.496284,0.0
-50.0,50,6310.005493,0.0
-50.0,50,6310.503404,0.0
-50.0,50,6310.999963,0.0
-50.0,50,6311.482537,0.0
-50.0,50,6312.01517,0.0
-50.0,50,6312.51243,0.0
-50.0,50,6313.003227,0.0
-50.0,50,6313.497296,0.0
-50.0,50,6313.996563,0.0
-50.0,50,6314.479731,0.0
-50.0,50,6314.972736,0.0
-50.0,50,6315.466409,0.0
-50.0,50,6315.963814,0.0
-50.0,50,6316.456268,0.0
-50.0,50,6316.948213,0.0
-50.0,50,6317.429586,0.0
-50.0,50,6317.931751,0.0
-50.0,50,6318.414386,0.0
-50.0,50,6318.90318,0.0
-50.0,50,6319.389573,0.0
-50.0,50,6319.894808,0.0
-50.0,50,6320.376534,0.0
-50.0,50,6320.872955,0.0
-50.0,50,6321.367539,0.0
-50.0,50,6321.877471,0.0
-50.0,50,6322.364253,0.0
-50.0,50,6322.858367,0.0
-50.0,50,6323.34779,0.0
-50.0,50,6323.854192,0.0
-50.0,50,6324.352345,0.0
-50.0,50,6324.844443,0.0
-50.0,50,6325.334016,0.0
-50.0,50,6325.840175,0.0
-50.0,50,6326.33268,0.0
-50.0,50,6326.814967,0.0
-50.0,50,6327.298554,0.0
-50.0,50,6327.798557,0.0
-50.0,50,6328.290267,0.0
-50.0,50,6328.78357,0.0
-50.0,50,6329.275605,0.0
-50.0,50,6332.090014,0.0
-50.0,50,6332.58721,0.0
-50.0,50,6333.082561,0.0
-50.0,50,6333.575313,0.0
-50.0,50,6334.081115,0.0
-50.0,50,6334.568971,0.0
-50.0,50,6335.06748,0.0
-50.0,50,6335.562794,0.0
-50.0,50,6336.079434,0.0
-50.0,50,6336.575714,0.0
-50.0,50,6337.068041,0.0
-50.0,50,6337.564891,0.0
-50.0,50,6338.117777,0.0
-50.0,50,6338.607701,0.0
-50.0,50,6339.103737,0.0
-50.0,50,6339.599289,0.0
-50.0,50,6340.110796,0.0
-50.0,50,6340.604592,0.0
-50.0,50,6341.099214,0.0
-50.0,50,6341.59331,0.0
-50.0,50,6342.108126,0.0
-50.0,50,6342.608999,0.0
-50.0,50,6343.10506,0.0
-50.0,50,6343.602001,0.0
-50.0,50,6344.104574,0.0
-50.0,50,6344.603649,0.0
-50.0,50,6345.09874,0.0
-50.0,50,6345.594719,0.0
-50.0,50,6346.109197,0.0
-50.0,50,6346.612131,0.0
-50.0,50,6347.10662,0.0
-50.0,50,6347.597551,0.0
-50.0,50,6348.112738,0.0
-50.0,50,6348.61169,0.0
0.0,50,6349.103832,1.0
-50.0,50,6349.602329,0.0
-50.0,50,6350.116609,0.0
-50.0,50,6350.614486,0.0
-50.0,50,6351.114639,0.0
-50.0,50,6351.611553,0.0
-50.0,50,6352.115073,0.0
-50.0,50,6352.615693,0.0
-50.0,50,6353.117139,0.0
-50.0,50,6353.606576,0.0
-50.0,50,6354.119592,0.0
-50.0,50,6354.618019,0.0
-50.0,50,6355.111327,0.0
-50.0,50,6355.599133,0.0
-50.0,50,6356.110811,0.0
-50.0,50,6356.600997,0.0
-50.0,50,6357.100715,0.0
-50.0,50,6357.605408,0.0
-50.0,50,6358.117451,0.0
-50.0,50,6358.617746,0.0
-50.0,50,6359.117541,0.0
-50.0,50,6359.609794,0.0
-50.0,50,6360.125656,0.0
-50.0,50,6360.621674,0.0
-50.0,50,6361.118593,0.0
-50.0,50,6361.603025,0.0
-50.0,50,6362.122064,0.0
0.0,50,6362.615863,1.0
-50.0,50,6363.110008,0.0
-50.0,50,6363.595422,0.0
0.0,50,6364.103752,1.0
-50.0,50,6364.601889,0.0
-50.0,50,6365.089552,0.0
0.0,50,6365.573943,1.0
-50.0,50,6366.080281,0.0
-50.0,50,6366.581115,0.0
-50.0,50,6367.085225,0.0
-50.0,50,6367.580548,0.0
-50.0,50,6368.104982,0.0
-50.0,50,6368.598532,0.0
-50.0,50,6369.091805,0.0
-50.0,50,6369.588019,0.0
-50.0,50,6370.094459,0.0
-50.0,50,6370.593969,0.0
-50.0,50,6371.096991,0.0
-50.0,50,6371.596518,0.0
-50.0,50,6372.11104,0.0
-50.0,50,6372.605512,0.0
-50.0,50,6373.098604,0.0
-50.0,50,6373.59342,0.0
-50.0,50,6374.10501,0.0
-50.0,50,6374.608512,0.0
-50.0,50,6375.102635,0.0
-50.0,50,6375.597771,0.0
-50.0,50,6376.101779,0.0
-50.0,50,6376.598894,0.0
-50.0,50,6377.099762,0.0
-50.0,50,6377.5975,0.0
-50.0,50,6378.110681,0.0
-50.0,50,6378.611758,0.0
-50.0,50,6379.108051,0.0
-50.0,50,6379.608762,0.0
-50.0,50,6380.129291,0.0
-50.0,50,6380.626925,0.0
-50.0,50,6381.120636,0.0
-50.0,50,6381.618278,0.0
-50.0,50,6382.13088,0.0
-50.0,50,6382.626402,0.0
-50.0,50,6383.124413,0.0
-50.0,50,6383.623629,0.0
-50.0,50,6384.131447,0.0
-50.0,50,6384.623615,0.0
-50.0,50,6385.117396,0.0
-50.0,50,6385.620841,0.0
0.0,50,6386.134173,1.0
0.0,50,6386.629866,1.0
-50.0,50,6387.122221,0.0
-47.0,50,6387.611476,0.0
-50.0,50,6388.116016,0.0
-50.0,50,6388.613877,0.0
-50.0,50,6389.10283,0.0
-50.0,50,6389.588938,0.0
-50.0,50,6390.087994,0.0
-50.0,50,6390.573518,0.0
-50.0,50,6391.061264,0.0
-50.0,50,6391.552851,0.0
-50.0,50,6392.054706,0.0
-50.0,50,6392.532449,0.0
-50.0,50,6393.014538,0.0
-50.0,50,6393.499155,0.0
-50.0,50,6394.002716,0.0
-50.0,50,6394.49679,0.0
-50.0,50,6394.988585,0.0
-50.0,50,6395.481571,0.0
-50.0,50,6395.994776,0.0
-50.0,50,6396.486511,0.0
-50.0,50,6396.975207,0.0
0.0,50,6397.476184,1.0
-50.0,50,6397.999092,0.0
-50.0,50,6398.483687,0.0
-50.0,50,6398.987518,0.0
-50.0,50,6399.47678,0.0
-50.0,50,6399.975102,0.0
-50.0,50,6400.488002,0.0
-50.0,50,6401.005048,0.0
-50.0,50,6401.504554,0.0
-50.0,50,6402.024844,0.0
-50.0,50,6402.522761,0.0
-50.0,50,6403.019628,0.0
-50.0,50,6403.520264,0.0
-50.0,50,6404.024668,0.0
-50.0,50,6404.527888,0.0
-50.0,50,6405.036198,0.0
-50.0,50,6405.534175,0.0
-50.0,50,6406.041759,0.0
-50.0,50,6406.531596,0.0
-50.0,50,6407.046224,0.0
-50.0,50,6407.565976,0.0
-50.0,50,6408.11373,0.0
-50.0,50,6408.647688,0.0
-50.0,50,6409.154842,0.0
-50.0,50,6409.671588,0.0
-50.0,50,6410.18682,0.0
-50.0,50,6410.744765,0.0
-50.0,50,6411.291406,0.0
-50.0,50,6411.81169,0.0
-50.0,50,6412.3283,0.0
-50.0,50,6412.843081,0.0
-50.0,50,6413.341516,0.0
0.0,50,6413.846425,1.0
-50.0,50,6414.355596,0.0
-50.0,50,6414.855109,0.0
-50.0,50,6415.348973,0.0
-50.0,50,6415.849839,0.0
-50.0,50,6416.363908,0.0
-50.0,50,6416.862023,0.0
-50.0,50,6417.36623,0.0
-50.0,50,6417.855618,0.0
-50.0,50,6418.368701,0.0
-50.0,50,6418.866901,0.0
-50.0,50,6419.351856,0.0
-50.0,50,6419.839425,0.0
-50.0,50,6420.349994,0.0
-50.0,50,6420.834442,0.0
-50.0,50,6421.33076,0.0
-50.0,50,6421.828885,0.0
-50.0,50,6422.333764,0.0
-50.0,50,6422.833562,0.0
-50.0,50,6423.321373,0.0
-50.0,50,6423.818867,0.0
-50.0,50,6424.32812,0.0
-50.0,50,6424.825962,0.0
-50.0,50,6425.309851,0.0
0.0,50,6425.794325,1.0
-50.0,50,6426.304872,0.0
-50.0,50,6426.80159,0.0
-50.0,50,6427.302968,0.0
0.0,50,6427.807163,1.0
-50.0,50,6428.325672,0.0
-50.0,50,6428.812924,0.0
-50.0,50,6429.313856,0.0
-50.0,50,6429.807899,0.0
-50.0,50,6430.319354,0.0
-50.0,50,6430.817666,0.0
-50.0,50,6431.312873,0.0
-50.0,50,6431.806637,0.0
-50.0,50,6434.642667,0.0
-50.0,50,6435.136733,0.0
-50.0,50,6435.619892,0.0
-50.0,50,6436.116907,0.0
-50.0,50,6436.62978,0.0
-50.0,50,6437.11816,0.0
-50.0,50,6437.615915,0.0
-50.0,50,6438.114969,0.0
-50.0,50,6438.615628,0.0
-50.0,50,6439.103875,0.0
-50.0,50,6439.596284,0.0
-50.0,50,6440.097145,0.0
-50.0,50,6440.603756,0.0
-50.0,50,6441.09578,0.0
-50.0,50,6441.592066,0.0
-50.0,50,6442.081823,0.0
-50.0,50,6442.596951,0.0
-50.0,50,6443.097074,0.0
-50.0,50,6443.588522,0.0
-50.0,50,6444.079778,0.0
-50.0,50,6444.594489,0.0
-50.0,50,6445.091777,0.0
-50.0,50,6445.596332,0.0
-50.0,50,6446.097028,0.0
-50.0,50,6446.618603,0.0
0.0,50,6447.121295,1.0
0.0,50,6447.618146,1.0
-50.0,50,6448.112961,0.0
-50.0,50,6448.623765,0.0
-50.0,50,6449.125701,0.0
-50.0,50,6449.623851,0.0
-50.0,50,6450.122329,0.0
-50.0,50,6450.628717,0.0
-50.0,50,6451.127887,0.0
-50.0,50,6451.628155,0.0
-50.0,50,6452.128037,0.0
-50.0,50,6452.636824,0.0
0.0,50,6453.127329,1.0
-50.0,50,6453.620967,0.0
-50.0,50,6454.11691,0.0
-50.0,50,6454.634356,0.0
-50.0,50,6455.139469,0.0
-50.0,50,6455.638935,0.0
-50.0,50,6456.136911,0.0
-50.0,50,6456.639369,0.0
-50.0,50,6457.138026,0.0
-50.0,50,6457.640327,0.0
-50.0,50,6458.142375,0.0
-50.0,50,6458.652032,0.0
-50.0,50,6459.144195,0.0
-50.0,50,6459.634213,0.0
-50.0,50,6460.130022,0.0
-50.0,50,6460.635986,0.0
-50.0,50,6461.132756,0.0
-50.0,50,6461.627876,0.0
-50.0,50,6462.119117,0.0
-50.0,50,6462.622168,0.0
-50.0,50,6463.116761,0.0
0.0,50,6463.617069,1.0
-50.0,50,6464.110518,0.0
-50.0,50,6464.618471,0.0
-50.0,50,6465.109424,0.0
-50.0,50,6465.611156,0.0
-50.0,50,6466.098858,0.0
-50.0,50,6466.610734,0.0
-50.0,50,6467.106539,0.0
-50.0,50,6467.599882,0.0
-50.0,50,6468.084915,0.0
-50.0,50,6468.597017,0.0
-50.0,50,6469.094606,0.0
-50.0,50,6469.585262,0.0
-50.0,50,6470.068011,0.0
-50.0,50,6470.586968,0.0
-50.0,50,6471.084089,0.0
0.0,50,6471.577746,1.0
-50.0,50,6472.071832,0.0
-50.0,50,6472.576778,0.0
-50.0,50,6473.071867,0.0
-50.0,50,6473.554551,0.0
-50.0,50,6474.050077,0.0
-50.0,50,6474.560189,0.0
-50.0,50,6475.045797,0.0
-50.0,50,6475.541552,0.0
-50.0,50,6476.035277,0.0
-50.0,50,6476.547097,0.0
-50.0,50,6477.038746,0.0
-50.0,50,6477.531732,0.0
-50.0,50,6478.027844,0.0
-50.0,50,6478.53584,0.0
-50.0,50,6479.031856,0.0
-50.0,50,6479.51953,0.0
-50.0,50,6480.010901,0.0
0.0,50,6480.505769,1.0
-50.0,50,6480.990518,0.0
-50.0,50,6481.483762,0.0
-50.0,50,6481.975367,0.0
-50.0,50,6482.482471,0.0
-50.0,50,6482.967107,0.0
0.0,50,6483.449205,1.0
-50.0,50,6483.945331,0.0
-50.0,50,6484.451368,0.0
-50.0,50,6484.946703,0.0
-50.0,50,6485.44015,0.0
-50.0,50,6485.937062,0.0
-50.0,50,6486.445506,0.0
-50.0,50,6486.940978,0.0
-50.0,50,6487.43201,0.0
-50.0,50,6487.936292,0.0
-50.0,50,6488.44443,0.0
-50.0,50,6488.934995,0.0
-50.0,50,6489.425573,0.0
-50.0,50,6489.909067,0.0
-50.0,50,6490.413768,0.0
-50.0,50,6490.907748,0.0
-50.0,50,6491.40286,0.0
-50.0,50,6491.887716,0.0
-50.0,50,6492.396863,0.0
-50.0,50,6492.889943,0.0
-50.0,50,6493.384943,0.0
-50.0,50,6493.883053,0.0
-50.0,50,6494.389205,0.0
0.0,50,6494.884018,1.0
-50.0,50,6495.375009,0.0
-50.0,50,6495.885797,0.0
-50.0,50,6496.398086,0.0
-50.0,50,6496.897115,0.0
0.0,50,6497.395182,1.0
-50.0,50,6497.894761,0.0
-50.0,50,6498.403161,0.0
0.0,50,6498.894342,1.0
-50.0,50,6499.387531,0.0
-50.0,50,6499.882245,0.0
-50.0,50,6500.388987,0.0
-50.0,50,6500.891741,0.0
-50.0,50,6501.388384,0.0
0.0,50,6501.881339,1.0
-50.0,50,6502.398658,0.0
-50.0,50,6502.890046,0.0
-50.0,50,6503.38067,0.0
-50.0,50,6503.874059,0.0
-50.0,50,6504.380429,0.0
-50.0,50,6504.865827,0.0
-50.0,50,6505.35422,0.0
0.0,50,6505.853513,1.0
-50.0,50,6506.361219,0.0
-50.0,50,6506.859083,0.0
-50.0,50,6507.355327,0.0
-50.0,50,6507.851066,0.0
-50.0,50,6508.362988,0.0
-50.0,50,6508.861215,0.0
-50.0,50,6509.358246,0.0
-50.0,50,6509.855001,0.0
-50.0,50,6510.370722,0.0
-50.0,50,6510.861459,0.0
-50.0,50,6511.35541,0.0
-50.0,50,6511.838097,0.0
-50.0,50,6512.342999,0.0
-50.0,50,6512.836588,0.0
-50.0,50,6513.332711,0.0
-50.0,50,6513.827311,0.0
-50.0,50,6514.345482,0.0
-50.0,50,6514.840782,0.0
-50.0,50,6515.335583,0.0
-50.0,50,6515.826219,0.0
-50.0,50,6516.336251,0.0
-50.0,50,6516.822559,0.0
-50.0,50,6517.317406,0.0
-50.0,50,6517.82343,0.0
-50.0,50,6518.332391,0.0
-50.0,50,6518.829548,0.0
-50.0,50,6519.319225,0.0
-50.0,50,6519.809128,0.0
-50.0,50,6520.317564,0.0
-50.0,50,6520.818254,0.0
-50.0,50,6521.316171,0.0
-50.0,50,6521.809209,0.0
-50.0,50,6522.316227,0.0
-50.0,50,6522.809033,0.0
-50.0,50,6523.302223,0.0
-50.0,50,6523.796259,0.0
-50.0,50,6524.300553,0.0
-50.0,50,6524.79839,0.0
-50.0,50,6525.29087,0.0
-50.0,50,6525.786007,0.0
-50.0,50,6526.28387,0.0
0.0,50,6526.76535,1.0
-50.0,50,6527.259138,0.0
-50.0,50,6527.754155,0.0
-50.0,50,6528.258164,0.0
-50.0,50,6528.755615,0.0
-50.0,50,6529.246271,0.0
-50.0,50,6529.741716,0.0
-50.0,50,6530.258744,0.0
-50.0,50,6530.755569,0.0
-50.0,50,6531.247014,0.0
-50.0,50,6531.744451,0.0
-50.0,50,6532.258288,0.0
-50.0,50,6532.750299,0.0
-50.0,50,6533.250357,0.0
-50.0,50,6533.747591,0.0
-50.0,50,6536.592022,0.0
-50.0,50,6537.075021,0.0
-50.0,50,6537.567595,0.0
0.0,50,6538.058859,1.0
-50.0,50,6538.565946,0.0
-50.0,50,6539.063385,0.0
-50.0,50,6539.549727,0.0
-50.0,50,6540.042287,0.0
-50.0,50,6540.553441,0.0
-50.0,50,6541.047263,0.0
-50.0,50,6541.537276,0.0
-50.0,50,6542.029512,0.0
-50.0,50,6542.540361,0.0
-50.0,50,6543.026797,0.0
-50.0,50,6543.523609,0.0
-50.0,50,6544.011819,0.0
-50.0,50,6544.51026,0.0
-50.0,50,6545.00171,0.0
-50.0,50,6545.495112,0.0
-50.0,50,6545.99386,0.0
-50.0,50,6546.502844,0.0
-50.0,50,6547.001293,0.0
-50.0,50,6547.494386,0.0
-50.0,50,6547.988204,0.0
-50.0,50,6548.498136,0.0
-50.0,50,6548.997551,0.0
-50.0,50,6549.491858,0.0
-50.0,50,6549.985481,0.0
-50.0,50,6550.497273,0.0
-50.0,50,6550.991833,0.0
-50.0,50,6551.478016,0.0
0.0,50,6551.974451,1.0
-50.0,50,6552.478573,0.0
-50.0,50,6552.973905,0.0
-50.0,50,6553.464583,0.0
-50.0,50,6553.961424,0.0
-50.0,50,6554.466324,0.0
-50.0,50,6554.963777,0.0
-50.0,50,6555.45599,0.0
-50.0,50,6555.951828,0.0
-50.0,50,6556.460009,0.0
-50.0,50,6556.952208,0.0
0.0,50,6557.439675,1.0
-50.0,50,6557.936622,0.0
-50.0,50,6558.444332,0.0
-50.0,50,6558.940434,0.0
-50.0,50,6559.434084,0.0
-50.0,50,6559.92783,0.0
-50.0,50,6560.439666,0.0
-50.0,50,6560.936957,0.0
-50.0,50,6561.437441,0.0
-50.0,50,6561.93145,0.0
-50.0,50,6562.458507,0.0
0.0,50,6562.942073,1.0
0.0,50,6563.424582,1.0
-50.0,50,6563.915886,0.0
-50.0,50,6564.429551,0.0
-50.0,50,6564.928497,0.0
-50.0,50,6565.422199,0.0
-50.0,50,6565.917282,0.0
-50.0,50,6566.447861,0.0
-50.0,50,6566.947326,0.0
-50.0,50,6567.444327,0.0
-50.0,50,6567.942625,0.0
-50.0,50,6568.473379,0.0
-50.0,50,6568.96583,0.0
-50.0,50,6569.465781,0.0
-50.0,50,6569.961932,0.0
-50.0,50,6570.489612,0.0
-50.0,50,6570.98953,0.0
-50.0,50,6571.49222,0.0
-50.0,50,6571.987502,0.0
-50.0,50,6572.521505,0.0
0.0,50,6573.023551,1.0
-50.0,50,6573.517305,0.0
-50.0,50,6574.017529,0.0
-50.0,50,6574.557861,0.0
-50.0,50,6575.052478,0.0
-50.0,50,6575.542078,0.0
-50.0,50,6576.039364,0.0
-50.0,50,6576.56329,0.0
-50.0,50,6577.065918,0.0
-50.0,50,6577.558983,0.0
-50.0,50,6578.068141,0.0
-50.0,50,6578.580985,0.0
-50.0,50,6579.06778,0.0
-50.0,50,6579.563248,0.0
-50.0,50,6580.05232,0.0
-50.0,50,6580.571702,0.0
-50.0,50,6581.068379,0.0
-50.0,50,6581.565654,0.0
-50.0,50,6582.065179,0.0
-50.0,50,6582.582264,0.0
-50.0,50,6583.080584,0.0
-50.0,50,6583.579803,0.0
0.0,50,6584.076587,1.0
-50.0,50,6584.593673,0.0
-50.0,50,6585.088529,0.0
-50.0,50,6585.580365,0.0
-50.0,50,6586.06562,0.0
-50.0,50,6586.578278,0.0
-50.0,50,6587.077389,0.0
-50.0,50,6587.571972,0.0
0.0,50,6588.059153,1.0
-50.0,50,6588.578647,0.0
-50.0,50,6589.075593,0.0
-50.0,50,6589.569167,0.0
-50.0,50,6590.057101,0.0
-50.0,50,6590.603628,0.0
-50.0,50,6591.096752,0.0
-50.0,50,6591.584077,0.0
-50.0,50,6592.079579,0.0
-50.0,50,6592.595224,0.0
-50.0,50,6593.095598,0.0
-50.0,50,6593.595113,0.0
-50.0,50,6594.087407,0.0
-50.0,50,6594.603908,0.0
-50.0,50,6595.094119,0.0
-50.0,50,6595.586363,0.0
0.0,50,6596.073567,1.0
-50.0,50,6596.584314,0.0
-50.0,50,6597.070808,0.0
-50.0,50,6597.567825,0.0
-50.0,50,6598.06761,0.0
-50.0,50,6598.582135,0.0
-50.0,50,6599.076778,0.0
-50.0,50,6599.56413,0.0
-50.0,50,6600.066475,0.0
-50.0,50,6600.582472,0.0
-50.0,50,6601.07559,0.0
-50.0,50,6601.566651,0.0
-50.0,50,6602.052234,0.0
-50.0,50,6602.561925,0.0
-50.0,50,6603.050218,0.0
-50.0,50,6603.547596,0.0
-50.0,50,6604.042255,0.0
-50.0,50,6604.55858,0.0
-50.0,50,6605.0529,0.0
-50.0,50,6605.547123,0.0
-50.0,50,6606.043582,0.0
-50.0,50,6606.55723,0.0
-50.0,50,6607.056254,0.0
-50.0,50,6607.550602,0.0
-50.0,50,6608.058782,0.0
-50.0,50,6608.575429,0.0
-50.0,50,6609.071436,0.0
-50.0,50,6609.558681,0.0
0.0,50,6610.042717,1.0
-50.0,50,6610.556715,0.0
-50.0,50,6611.040057,0.0
-50.0,50,6611.526418,0.0
-50.0,50,6612.025136,0.0
-50.0,50,6612.535872,0.0
-50.0,50,6613.020498,0.0
-50.0,50,6613.517603,0.0
-50.0,50,6614.014326,0.0
-50.0,50,6614.532571,0.0
-50.0,50,6615.024919,0.0
-50.0,50,6615.525313,0.0
-50.0,50,6616.012385,0.0
-50.0,50,6616.520752,0.0
0.0,50,6617.008892,1.0
-50.0,50,6617.497045,0.0
-50.0,50,6617.987331,0.0
-50.0,50,6618.496365,0.0
-50.0,50,6618.985511,0.0
-50.0,50,6619.482722,0.0
-50.0,50,6619.973489,0.0
-50.0,50,6620.48233,0.0
-50.0,50,6620.982426,0.0
-50.0,50,6621.480271,0.0
-50.0,50,6621.975965,0.0
0.0,50,6622.492103,1.0
-50.0,50,6622.988776,0.0
-50.0,50,6623.489647,0.0
-50.0,50,6623.985294,0.0
-50.0,50,6624.497512,0.0
-50.0,50,6624.991517,0.0
-50.0,50,6625.486498,0.0
-50.0,50,6625.984982,0.0
0.0,50,6626.490376,1.0
-50.0,50,6626.988778,0.0
-50.0,50,6627.487523,0.0
-50.0,50,6627.96945,0.0
-50.0,50,6628.479458,0.0
-50.0,50,6628.967106,0.0
-50.0,50,6629.463003,0.0
-50.0,50,6629.956411,0.0
-50.0,50,6630.465519,0.0
-50.0,50,6630.954704,0.0
-50.0,50,6631.446634,0.0
-50.0,50,6631.94026,0.0
-50.0,50,6632.445815,0.0
-50.0,50,6632.927507,0.0
-50.0,50,6633.409827,0.0
-50.0,50,6633.900449,0.0
-50.0,50,6634.428026,0.0
-50.0,50,6634.917673,0.0
-50.0,50,6635.409925,0.0
-50.0,50,6635.895931,0.0
-50.0,50,6638.694681,0.0
-50.0,50,6639.175911,0.0
-50.0,50,6639.657533,0.0
-50.0,50,6640.138078,0.0
-50.0,50,6640.631949,0.0
-50.0,50,6641.12789,0.0
-50.0,50,6641.613153,0.0
-50.0,50,6642.097669,0.0
-50.0,50,6642.596713,0.0
-50.0,50,6643.084046,0.0
-50.0,50,6643.568713,0.0
-50.0,50,6644.064649,0.0
-50.0,50,6644.584101,0.0
-50.0,50,6645.064954,0.0
-50.0,50,6645.559088,0.0
-50.0,50,6646.046638,0.0
-50.0,50,6646.549644,0.0
-50.0,50,6647.048726,0.0
-50.0,50,6647.534647,0.0
-50.0,50,6648.022041,0.0
-50.0,50,6648.546705,0.0
-50.0,50,6649.033013,0.0
-50.0,50,6649.521225,0.0
-50.0,50,6649.999004,0.0
-50.0,50,6650.498443,0.0
0.0,50,6650.993947,1.0
-50.0,50,6651.476541,0.0
-50.0,50,6651.966892,0.0
-50.0,50,6652.475583,0.0
0.0,50,6652.964097,1.0
-50.0,50,6653.45616,0.0
-50.0,50,6653.94484,0.0
-50.0,50,6654.439445,0.0
-50.0,50,6654.925958,0.0
-50.0,50,6655.414132,0.0
-50.0,50,6655.910556,0.0
-50.0,50,6656.427953,0.0
0.0,50,6656.924015,1.0
-50.0,50,6657.417557,0.0
-50.0,50,6657.907035,0.0
-50.0,50,6658.403507,0.0
-50.0,50,6658.896211,0.0
-50.0,50,6659.388035,0.0
-50.0,50,6659.880002,0.0
-50.0,50,6660.390639,0.0
-50.0,50,6660.87675,0.0
-50.0,50,6661.363548,0.0
-50.0,50,6661.862743,0.0
-50.0,50,6662.375818,0.0
0.0,50,6662.863524,1.0
0.0,50,6663.362107,1.0
0.0,50,6663.84781,1.0
-50.0,50,6664.359477,0.0
-50.0,50,6664.855048,0.0
-50.0,50,6665.347165,0.0
-50.0,50,6665.832259,0.0
-50.0,50,6666.338823,0.0
-50.0,50,6666.835889,0.0
-50.0,50,6667.326014,0.0
-50.0,50,6667.830176,0.0
-50.0,50,6668.330448,0.0
0.0,50,6668.814883,1.0
-50.0,50,6669.31691,0.0
-50.0,50,6669.811127,0.0
-50.0,50,6670.313881,0.0
-50.0,50,6670.7985,0.0
-50.0,50,6671.296904,0.0
0.0,50,6671.778666,1.0
-50.0,50,6672.287881,0.0
-50.0,50,6672.79015,0.0
-50.0,50,6673.279027,0.0
-50.0,50,6673.767197,0.0
-50.0,50,6674.270516,0.0
-50.0,50,6674.761843,0.0
-50.0,50,6675.256616,0.0
0.0,50,6675.736633,1.0
-50.0,50,6676.24594,0.0
-50.0,50,6676.74419,0.0
-50.0,50,6677.229592,0.0
-50.0,50,6677.728884,0.0
0.0,50,6678.23797,1.0
-50.0,50,6678.734159,0.0
-50.0,50,6679.216687,0.0
0.0,50,6679.709777,1.0
-50.0,50,6680.227048,0.0
-50.0,50,6680.721221,0.0
-50.0,50,6681.22227,0.0
-50.0,50,6681.710838,0.0
-50.0,50,6682.221304,0.0
-50.0,50,6682.712684,0.0
-50.0,50,6683.202828,0.0
-50.0,50,6683.676616,0.0
-50.0,50,6684.143789,0.0
-50.0,50,6684.599721,0.0
-50.0,50,6685.059426,0.0
-50.0,50,6685.512833,0.0
-50.0,50,6686.612196,0.0
-50.0,50,6687.728978,0.0
-50.0,50,6688.821359,0.0
-50.0,50,6689.920169,0.0
-50.0,50,6691.124404,0.0
-50.0,50,6692.237182,0.0
-50.0,50,6693.312297,0.0
-50.0,50,6694.403948,0.0
-50.0,50,6695.508616,0.0
-50.0,50,6696.57594,0.0
-50.0,50,6697.676982,0.0
-50.0,50,6698.778362,0.0
-50.0,50,6699.893945,0.0
-50.0,50,6700.992102,0.0
-50.0,50,6702.089535,0.0
-50.0,50,6703.183077,0.0
-50.0,50,6704.299677,0.0
-50.0,50,6705.39371,0.0
-50.0,50,6706.449582,0.0
-50.0,50,6707.520675,0.0
-50.0,50,6708.621307,0.0
-50.0,50,6709.696681,0.0
-50.0,50,6710.801387,0.0
-50.0,50,6711.865059,0.0
-50.0,50,6712.969896,0.0
-50.0,50,6714.052721,0.0
-50.0,50,6715.126555,0.0
-50.0,50,6716.24592,0.0
-50.0,50,6717.346566,0.0
-50.0,50,6718.448104,0.0
-50.0,50,6719.546731,0.0
-50.0,50,6720.619475,0.0
-50.0,50,6721.703476,0.0
-50.0,50,6722.802814,0.0
-50.0,50,6723.883925,0.0
-50.0,50,6724.972446,0.0
0.0,50,6726.120557,1.0
-50.0,50,6727.211544,0.0
-50.0,50,6728.306705,0.0
-50.0,50,6729.415326,0.0
-50.0,50,6730.505816,0.0
-50.0,50,6731.561615,0.0
-50.0,50,6732.622959,0.0
0.0,50,6733.725493,1.0
-50.0,50,6734.813107,0.0
-50.0,50,6735.867444,0.0
-50.0,50,6736.944895,0.0
-50.0,50,6738.015096,0.0
-50.0,50,6739.086769,0.0
-50.0,50,6740.135216,0.0
-50.0,50,6741.202472,0.0
-50.0,50,6742.270342,0.0
-50.0,50,6743.373804,0.0
-50.0,50,6744.457527,0.0
0.0,50,6745.530376,1.0
-50.0,50,6746.595242,0.0
-50.0,50,6747.679075,0.0
0.0,50,6748.735894,1.0
-50.0,50,6749.821625,0.0
-50.0,50,6750.908541,0.0
-50.0,50,6751.988266,0.0
-50.0,50,6752.893101,0.0
-50.0,50,6753.368256,0.0
-50.0,50,6753.871104,0.0
-50.0,50,6754.384115,0.0
-50.0,50,6754.872772,0.0
-50.0,50,6755.353914,0.0
-50.0,50,6755.84969,0.0
-50.0,50,6756.352623,0.0
-50.0,50,6756.844579,0.0
-50.0,50,6757.335776,0.0
-50.0,50,6757.840675,0.0
-50.0,50,6758.342543,0.0
-50.0,50,6758.83456,0.0
-50.0,50,6759.316453,0.0
-50.0,50,6759.799267,0.0
-50.0,50,6760.296196,0.0
-50.0,50,6760.78388,0.0
-50.0,50,6761.268135,0.0
-50.0,50,6761.758269,0.0
0.0,50,6762.253024,1.0
-50.0,50,6762.745886,0.0
-50.0,50,6763.224333,0.0
-50.0,50,6763.715616,0.0
-50.0,50,6764.220936,0.0
-50.0,50,6764.705783,0.0
-50.0,50,6765.193538,0.0
-50.0,50,6765.674538,0.0
-50.0,50,6766.177244,0.0
-50.0,50,6766.665408,0.0
-50.0,50,6767.156234,0.0
-50.0,50,6767.64605,0.0
-50.0,50,6768.14855,0.0
-50.0,50,6768.632483,0.0
-50.0,50,6769.11317,0.0
0.0,50,6769.587038,1.0
-50.0,50,6770.074257,0.0
-50.0,50,6770.566201,0.0
-50.0,50,6771.043579,0.0
-50.0,50,6771.531646,0.0
-50.0,50,6772.03003,0.0
-50.0,50,6772.506087,0.0
-50.0,50,6772.9875,0.0
-50.0,50,6773.477023,0.0
-50.0,50,6776.361822,0.0
-50.0,50,6776.851942,0.0
-50.0,50,6777.330115,0.0
-50.0,50,6777.82181,0.0
-50.0,50,6778.331221,0.0
-50.0,50,6778.829222,0.0
-50.0,50,6779.323246,0.0
-50.0,50,6779.815639,0.0
-50.0,50,6780.328031,0.0
0.0,50,6780.80305,1.0
-50.0,50,6781.289765,0.0
-50.0,50,6781.781435,0.0
-50.0,50,6782.280869,0.0
-50.0,50,6782.764893,0.0
-50.0,50,6783.239216,0.0
-50.0,50,6783.727859,0.0
-50.0,50,6784.228358,0.0
-50.0,50,6784.719429,0.0
-50.0,50,6785.20056,0.0
-50.0,50,6785.688515,0.0
-50.0,50,6786.197161,0.0
-50.0,50,6786.680743,0.0
-50.0,50,6787.161045,0.0
-50.0,50,6787.643032,0.0
-50.0,50,6788.159446,0.0
-50.0,50,6788.653103,0.0
-50.0,50,6789.145651,0.0
-50.0,50,6789.635755,0.0
0.0,50,6790.134451,1.0
-50.0,50,6790.612235,0.0
-50.0,50,6791.091288,0.0
-50.0,50,6791.5788,0.0
-50.0,50,6792.072974,0.0
-50.0,50,6792.56127,0.0
-50.0,50,6793.043195,0.0
-50.0,50,6793.524497,0.0
-50.0,50,6794.029572,0.0
0.0,50,6794.51003,1.0
-50.0,50,6794.999173,0.0
-50.0,50,6795.484592,0.0
0.0,50,6795.988846,1.0
-50.0,50,6796.48849,0.0
-50.0,50,6796.987194,0.0
-50.0,50,6797.479321,0.0
-50.0,50,6797.99952,0.0
-50.0,50,6798.4921,0.0
-50.0,50,6798.976036,0.0
-50.0,50,6799.448725,0.0
-50.0,50,6799.946887,0.0
-50.0,50,6800.426205,0.0
-50.0,50,6800.910736,0.0
-50.0,50,6801.402806,0.0
-50.0,50,6801.900612,0.0
-50.0,50,6802.389831,0.0
-50.0,50,6802.880035,0.0
-50.0,50,6803.366629,0.0
-50.0,50,6803.874001,0.0
-50.0,50,6804.364053,0.0
-50.0,50,6804.86039,0.0
-50.0,50,6805.349273,0.0
-50.0,50,6805.854894,0.0
-50.0,50,6806.338403,0.0
-50.0,50,6806.834307,0.0
-50.0,50,6807.331751,0.0
-50.0,50,6807.838692,0.0
-50.0,50,6808.34223,0.0
-50.0,50,6808.835795,0.0
0.0,50,6809.33138,1.0
-50.0,50,6809.832449,0.0
-50.0,50,6810.313048,0.0
-50.0,50,6810.802421,0.0
-50.0,50,6811.288478,0.0
-50.0,50,6811.796012,0.0
-50.0,50,6812.273968,0.0
-50.0,50,6812.765575,0.0
-50.0,50,6813.251439,0.0
0.0,50,6813.748377,1.0
-50.0,50,6814.223972,0.0
-50.0,50,6814.717446,0.0
-50.0,50,6815.205219,0.0
-50.0,50,6815.702358,0.0
-50.0,50,6816.187616,0.0
-50.0,50,6816.678778,0.0
-50.0,50,6817.165261,0.0
-50.0,50,6817.66336,0.0
-50.0,50,6818.164569,0.0
-50.0,50,6818.652111,0.0
0.0,50,6819.138067,1.0
-50.0,50,6819.689421,0.0
-50.0,50,6820.172442,0.0
-50.0,50,6820.647012,0.0
-50.0,50,6821.128747,0.0
0.0,50,6821.644114,1.0
0.0,50,6822.137237,1.0
-50.0,50,6822.616677,0.0
0.0,50,6823.107556,1.0
-50.0,50,6823.631175,0.0
-50.0,50,6824.111165,0.0
0.0,50,6824.607398,1.0
-50.0,50,6825.088249,0.0
-50.0,50,6825.579252,0.0
-50.0,50,6826.063446,0.0
-50.0,50,6826.55221,0.0
-50.0,50,6827.043299,0.0
-50.0,50,6827.542524,0.0
-50.0,50,6828.026504,0.0
-50.0,50,6828.507143,0.0
-50.0,50,6828.988276,0.0
0.0,50,6829.472201,1.0
-50.0,50,6829.958289,0.0
-50.0,50,6830.443276,0.0
-50.0,50,6830.928905,0.0
-50.0,50,6831.444192,0.0
0.0,50,6831.920763,1.0
-50.0,50,6832.410571,0.0
-50.0,50,6832.901816,0.0
-50.0,50,6833.417684,0.0
-50.0,50,6833.908404,0.0
-50.0,50,6834.388557,0.0
-50.0,50,6834.858653,0.0
-50.0,50,6835.333621,0.0
-50.0,50,6835.784271,0.0
-50.0,50,6836.237042,0.0
0.0,50,6837.190944,1.0
-50.0,50,6838.252823,0.0
-50.0,50,6839.328084,0.0
-50.0,50,6840.409701,0.0
-50.0,50,6841.618643,0.0
-50.0,50,6842.729596,0.0
-50.0,50,6843.800276,0.0
-50.0,50,6844.893949,0.0
-50.0,50,6845.501504,0.0
-50.0,50,6846.007904,0.0
-50.0,50,6846.500273,0.0
-50.0,50,6846.976429,0.0
-50.0,50,6847.472696,0.0
-50.0,50,6847.981842,0.0
-50.0,50,6848.467798,0.0
-50.0,50,6848.965557,0.0
-50.0,50,6849.442359,0.0
-50.0,50,6849.94839,0.0
-50.0,50,6850.428125,0.0
-50.0,50,6850.931808,0.0
-50.0,50,6851.426841,0.0
-50.0,50,6851.918313,0.0
-50.0,50,6852.418693,0.0
-50.0,50,6852.914535,0.0
-50.0,50,6853.396147,0.0
-50.0,50,6853.888588,0.0
0.0,50,6854.383603,1.0
-50.0,50,6854.875675,0.0
-50.0,50,6855.373391,0.0
0.0,50,6855.872397,1.0
-50.0,50,6856.361908,0.0
-50.0,50,6856.867801,0.0
-50.0,50,6857.347579,0.0
-50.0,50,6857.84699,0.0
-50.0,50,6858.331537,0.0
-50.0,50,6858.815063,0.0
-50.0,50,6859.304173,0.0
-50.0,50,6859.816531,0.0
-50.0,50,6860.313576,0.0
0.0,50,6860.798567,1.0
-50.0,50,6861.284108,0.0
-50.0,50,6861.788926,0.0
-50.0,50,6862.274238,0.0
-50.0,50,6862.763059,0.0
-50.0,50,6863.250667,0.0
0.0,50,6863.762094,1.0
-50.0,50,6864.253214,0.0
-50.0,50,6864.743617,0.0
-50.0,50,6865.223681,0.0
-50.0,50,6865.729225,0.0
-50.0,50,6866.221685,0.0
-50.0,50,6866.720501,0.0
-50.0,50,6867.20281,0.0
-50.0,50,6867.71249,0.0
-50.0,50,6868.208759,0.0
-50.0,50,6868.704459,0.0
-50.0,50,6869.203838,0.0
-50.0,50,6869.715627,0.0
-50.0,50,6870.208975,0.0
-50.0,50,6870.703134,0.0
-50.0,50,6871.201282,0.0
-50.0,50,6871.70951,0.0
-50.0,50,6872.206967,0.0
-50.0,50,6872.703369,0.0
-50.0,50,6873.196701,0.0
-50.0,50,6873.720317,0.0
-50.0,50,6874.21591,0.0
-50.0,50,6874.707632,0.0
-50.0,50,6875.206882,0.0
-50.0,50,6875.738273,0.0
-50.0,50,6876.232476,0.0
-50.0,50,6876.731739,0.0
-50.0,50,6877.226654,0.0
-50.0,50,6877.738186,0.0
-50.0,50,6878.241335,0.0
-50.0,50,6878.725715,0.0
-50.0,50,6879.217122,0.0
-50.0,50,6882.033638,0.0
-50.0,50,6882.531265,0.0
-50.0,50,6883.029258,0.0
-50.0,50,6883.52067,0.0
-50.0,50,6884.035924,0.0
0.0,50,6884.530138,1.0
-50.0,50,6885.029535,0.0
0.0,50,6885.534165,1.0
-50.0,50,6886.041203,0.0
0.0,50,6886.545139,1.0
-50.0,50,6887.042302,0.0
-50.0,50,6887.54276,0.0
-50.0,50,6888.052228,0.0
-50.0,50,6888.547935,0.0
-50.0,50,6889.050099,0.0
-50.0,50,6889.537477,0.0
-50.0,50,6890.037714,0.0
-50.0,50,6890.534199,0.0
-50.0,50,6891.027405,0.0
-50.0,50,6891.508645,0.0
-50.0,50,6892.015264,0.0
-50.0,50,6892.499688,0.0
-50.0,50,6892.994386,0.0
-50.0,50,6893.492488,0.0
-50.0,50,6894.00488,0.0
-50.0,50,6894.501058,0.0
-50.0,50,6894.985074,0.0
0.0,50,6895.467635,1.0
-50.0,50,6895.97671,0.0
-50.0,50,6896.461056,0.0
-50.0,50,6896.956526,0.0
-50.0,50,6897.459746,0.0
-50.0,50,6897.986226,0.0
0.0,50,6898.48841,1.0
-50.0,50,6898.988307,0.0
-50.0,50,6899.474629,0.0
-50.0,50,6899.980133,0.0
-50.0,50,6900.461898,0.0
-50.0,50,6900.947587,0.0
-50.0,50,6901.438845,0.0
-50.0,50,6901.95118,0.0
-50.0,50,6902.449493,0.0
-50.0,50,6902.942699,0.0
-50.0,50,6903.425388,0.0
-50.0,50,6903.922781,0.0
-50.0,50,6904.41291,0.0
0.0,50,6904.89377,1.0
-50.0,50,6905.378964,0.0
-50.0,50,6905.887403,0.0
-50.0,50,6906.385975,0.0
-50.0,50,6906.870682,0.0
-50.0,50,6907.355179,0.0
-50.0,50,6907.884113,0.0
0.0,50,6908.3796,1.0
-50.0,50,6908.868207,0.0
-50.0,50,6909.366997,0.0
-50.0,50,6909.869604,0.0
-50.0,50,6910.379221,0.0
-50.0,50,6910.86429,0.0
0.0,50,6911.360212,1.0
-50.0,50,6911.878784,0.0
-50.0,50,6912.36761,0.0
-50.0,50,6912.86179,0.0
-50.0,50,6913.358319,0.0
-50.0,50,6913.911742,0.0
-50.0,50,6914.392445,0.0
-50.0,50,6914.894417,0.0
-50.0,50,6915.378834,0.0
-50.0,50,6915.879996,0.0
-50.0,50,6916.359372,0.0
-50.0,50,6916.850496,0.0
-50.0,50,6917.341577,0.0
-50.0,50,6917.846659,0.0
-50.0,50,6918.334799,0.0
-50.0,50,6918.823923,0.0
-50.0,50,6919.320087,0.0
-50.0,50,6919.832735,0.0
-50.0,50,6920.327589,0.0
-50.0,50,6920.807428,0.0
-50.0,50,6921.28631,0.0
-50.0,50,6921.777859,0.0
-50.0,50,6922.273136,0.0
-50.0,50,6922.772758,0.0
-50.0,50,6923.258653,0.0
-50.0,50,6923.771923,0.0
-50.0,50,6924.269767,0.0
-50.0,50,6924.766848,0.0
-50.0,50,6925.264919,0.0
-50.0,50,6925.765165,0.0
-50.0,50,6926.261863,0.0
-50.0,50,6926.747623,0.0
-50.0,50,6927.198345,0.0
-50.0,50,6927.665978,0.0
-50.0,50,6928.124638,0.0
-50.0,50,6928.572301,0.0
-50.0,50,6929.577132,0.0
-50.0,50,6930.689947,0.0
-50.0,50,6931.759886,0.0
0.0,50,6932.816975,1.0
0.0,50,6934.036689,1.0
-50.0,50,6935.201065,0.0
-50.0,50,6936.285047,0.0
-50.0,50,6937.39026,0.0
-50.0,50,6938.537727,0.0
-50.0,50,6939.635338,0.0
-50.0,50,6940.153857,0.0
-50.0,50,6940.63511,0.0
-50.0,50,6941.123613,0.0
-50.0,50,6941.637948,0.0
-50.0,50,6942.144437,0.0
-50.0,50,6942.636305,0.0
-50.0,50,6943.122816,0.0
-50.0,50,6943.630851,0.0
-50.0,50,6944.122994,0.0
-50.0,50,6944.617228,0.0
0.0,50,6945.092905,1.0
-50.0,50,6945.595647,0.0
-50.0,50,6946.073546,0.0
-50.0,50,6946.554002,0.0
-50.0,50,6947.037272,0.0
-50.0,50,6947.544393,0.0
-50.0,50,6948.052319,0.0
-50.0,50,6948.531793,0.0
-50.0,50,6949.035509,0.0
-50.0,50,6949.531707,0.0
-50.0,50,6950.016958,0.0
-50.0,50,6950.513899,0.0
-50.0,50,6950.994721,0.0
-50.0,50,6951.496035,0.0
-50.0,50,6951.98974,0.0
-50.0,50,6952.486247,0.0
-50.0,50,6953.00134,0.0
-50.0,50,6953.508021,0.0
-50.0,50,6953.997788,0.0
-50.0,50,6954.495269,0.0
-50.0,50,6954.980085,0.0
-50.0,50,6955.482866,0.0
0.0,50,6955.985883,1.0
0.0,50,6956.480812,1.0
-50.0,50,6956.985823,0.0
0.0,50,6957.487756,1.0
-50.0,50,6957.9788,0.0
-50.0,50,6958.468984,0.0
-50.0,50,6958.958751,0.0
-50.0,50,6959.452526,0.0
-50.0,50,6959.945695,0.0
-50.0,50,6960.437833,0.0
-50.0,50,6960.935012,0.0
-50.0,50,6961.459943,0.0
-50.0,50,6961.947344,0.0
-50.0,50,6962.435889,0.0
-50.0,50,6962.929789,0.0
-50.0,50,6963.451951,0.0
-50.0,50,6963.948149,0.0
-50.0,50,6964.435676,0.0
-50.0,50,6964.93173,0.0
-50.0,50,6965.443694,0.0
-50.0,50,6965.95522,0.0
-50.0,50,6966.452184,0.0
-50.0,50,6966.945906,0.0
-50.0,50,6967.450875,0.0
-50.0,50,6967.954523,0.0
-50.0,50,6968.44808,0.0
-50.0,50,6968.934115,0.0
-50.0,50,6969.438196,0.0
-50.0,50,6969.936724,0.0
-50.0,50,6970.430595,0.0
-50.0,50,6970.922952,0.0
-50.0,50,6971.454707,0.0
-50.0,50,6971.953051,0.0
-50.0,50,6972.437962,0.0
0.0,50,6972.918667,1.0
-50.0,50,6973.436972,0.0
-50.0,50,6973.935172,0.0
0.0,50,6974.42312,1.0
-50.0,50,6974.917427,0.0
-50.0,50,6975.460955,0.0
-50.0,50,6975.957103,0.0
-50.0,50,6976.453936,0.0
-50.0,50,6976.939144,0.0
-50.0,50,6977.44428,0.0
0.0,50,6977.943308,1.0
-50.0,50,6978.432192,0.0
-50.0,50,6978.923742,0.0
-50.0,50,6979.440022,0.0
-50.0,50,6979.938419,0.0
-50.0,50,6980.427788,0.0
-50.0,50,6980.919759,0.0
-50.0,50,6981.435785,0.0
-50.0,50,6981.926772,0.0
-50.0,50,6982.421913,0.0
-50.0,50,6982.91299,0.0
-50.0,50,6983.428247,0.0
-50.0,50,6983.922891,0.0
-50.0,50,6984.421046,0.0
-50.0,50,6984.918745,0.0
-50.0,50,6985.437183,0.0
-50.0,50,6985.936012,0.0
-50.0,50,6986.426768,0.0
0.0,50,6986.920104,1.0
-50.0,50,6989.839393,0.0
-50.0,50,6990.328634,0.0
-50.0,50,6990.823722,0.0
-50.0,50,6991.32215,0.0
-50.0,50,6991.841273,0.0
-50.0,50,6992.347596,0.0
-50.0,50,6992.846964,0.0
0.0,50,6993.341743,1.0
-50.0,50,6993.852893,0.0
-50.0,50,6994.351446,0.0
-50.0,50,6994.836153,0.0
-50.0,50,6995.331014,0.0
0.0,50,6995.838619,1.0
-50.0,50,6996.339062,0.0
-50.0,50,6996.836137,0.0
-50.0,50,6997.327326,0.0
-50.0,50,6997.861244,0.0
-50.0,50,6998.353513,0.0
-50.0,50,6998.84963,0.0
-50.0,50,6999.344729,0.0
-50.0,50,6999.873312,0.0
0.0,50,7000.358619,1.0
-50.0,50,7000.853595,0.0
-50.0,50,7001.367182,0.0
-50.0,50,7001.868696,0.0
-50.0,50,7002.351562,0.0
-50.0,50,7002.833277,0.0
-50.0,50,7003.331841,0.0
0.0,50,7003.834557,1.0
-50.0,50,7004.327966,0.0
-50.0,50,7004.83666,0.0
0.0,50,7005.326113,1.0
-50.0,50,7005.842001,0.0
-50.0,50,7006.335011,0.0
-50.0,50,7006.816764,0.0
-50.0,50,7007.311818,0.0
-50.0,50,7007.826499,0.0
-50.0,50,7008.324611,0.0
-50.0,50,7008.818864,0.0
-50.0,50,7009.314265,0.0
-50.0,50,7009.847901,0.0
-50.0,50,7010.342571,0.0
-50.0,50,7010.836818,0.0
-50.0,50,7011.332965,0.0
-50.0,50,7011.859436,0.0
-50.0,50,7012.35773,0.0
-50.0,50,7012.8519,0.0
-50.0,50,7013.34447,0.0
-50.0,50,7013.861336,0.0
-50.0,50,7014.344962,0.0
-50.0,50,7014.834004,0.0
-50.0,50,7015.331436,0.0
-50.0,50,7015.833494,0.0
-50.0,50,7016.322307,0.0
-50.0,50,7016.805593,0.0
-50.0,50,7017.313902,0.0
-50.0,50,7017.832692,0.0
-50.0,50,7018.315319,0.0
-50.0,50,7018.810812,0.0
-50.0,50,7019.303706,0.0
0.0,50,7019.836675,1.0
-50.0,50,7020.332359,0.0
-50.0,50,7020.824604,0.0
-50.0,50,7021.323819,0.0
-50.0,50,7021.8375,0.0
-50.0,50,7022.327944,0.0
0.0,50,7022.816218,1.0
-50.0,50,7023.313284,0.0
-50.0,50,7023.813925,0.0
0.0,50,7024.30741,1.0
-50.0,50,7024.806228,0.0
-50.0,50,7025.300518,0.0
-50.0,50,7025.80128,0.0
-50.0,50,7026.287235,0.0
-50.0,50,7026.744681,0.0
-50.0,50,7027.223987,0.0
-50.0,50,7027.696559,0.0
-50.0,50,7028.158985,0.0
-50.0,50,7029.218236,0.0
-50.0,50,7030.298022,0.0
-50.0,50,7031.395308,0.0
0.0,50,7032.45904,1.0
-50.0,50,7033.677991,0.0
-50.0,50,7034.803419,0.0
-50.0,50,7035.904926,0.0
-50.0,50,7036.997213,0.0
-50.0,50,7038.06183,0.0
-50.0,50,7039.153064,0.0
-50.0,50,7040.264777,0.0
-50.0,50,7041.350939,0.0
-50.0,50,7042.450757,0.0
-50.0,50,7043.539423,0.0
-50.0,50,7044.650751,0.0
-50.0,50,7045.713743,0.0
-50.0,50,7046.812165,0.0
-50.0,50,7047.895552,0.0
-50.0,50,7048.997821,0.0
-50.0,50,7050.044603,0.0
-50.0,50,7051.109625,0.0
-50.0,50,7052.157447,0.0
-50.0,50,7053.242102,0.0
-50.0,50,7054.306866,0.0
0.0,50,7055.404252,1.0
-50.0,50,7056.506234,0.0
-50.0,50,7057.613882,0.0
-50.0,50,7058.712845,0.0
-50.0,50,7059.792083,0.0
-50.0,50,7060.879918,0.0
-50.0,50,7061.995459,0.0
-50.0,50,7063.09741,0.0
-50.0,50,7064.195878,0.0
-50.0,50,7065.297098,0.0
-50.0,50,7066.410105,0.0
-50.0,50,7067.501415,0.0
-50.0,50,7068.579255,0.0
-50.0,50,7069.66895,0.0
-50.0,50,7070.78288,0.0
-50.0,50,7071.85567,0.0
-50.0,50,7072.9618,0.0
-50.0,50,7074.034897,0.0
-50.0,50,7075.123187,0.0
-50.0,50,7076.287008,0.0
-50.0,50,7077.358491,0.0
-50.0,50,7078.445141,0.0
-50.0,50,7079.503708,0.0
-50.0,50,7080.578491,0.0
-50.0,50,7081.796461,0.0
-50.0,50,7082.878255,0.0
-50.0,50,7083.978981,0.0
0.0,50,7085.014728,1.0
-50.0,50,7085.506251,0.0
-50.0,50,7086.005199,0.0
-50.0,50,7086.510742,0.0
-50.0,50,7087.005332,0.0
0.0,50,7087.497087,1.0
-50.0,50,7088.003124,0.0
-50.0,50,7088.513336,0.0
-50.0,50,7089.004014,0.0
-50.0,50,7089.49181,0.0
-50.0,50,7090.00376,0.0
-50.0,50,7090.541632,0.0
-50.0,50,7091.032552,0.0
0.0,50,7091.526707,1.0
-50.0,50,7092.011624,0.0
-50.0,50,7092.537312,0.0
-50.0,50,7093.02586,0.0
-50.0,50,7093.515342,0.0
-50.0,50,7094.013072,0.0
-50.0,50,7094.502207,0.0
-50.0,50,7094.991772,0.0
-50.0,50,7095.486528,0.0
-50.0,50,7095.977948,0.0
-50.0,50,7096.477181,0.0
-50.0,50,7096.95958,0.0
-50.0,50,7097.450251,0.0
-50.0,50,7097.933429,0.0
-50.0,50,7098.438966,0.0
-50.0,50,7098.931647,0.0
-50.0,50,7099.416743,0.0
-50.0,50,7099.90648,0.0
-50.0,50,7100.411765,0.0
-50.0,50,7100.899041,0.0
-50.0,50,7101.385807,0.0
-50.0,50,7101.876606,0.0
-50.0,50,7102.37114,0.0
-50.0,50,7102.86488,0.0
-50.0,50,7103.355634,0.0
0.0,50,7103.830008,1.0
-50.0,50,7104.330837,0.0
-50.0,50,7104.822149,0.0
-50.0,50,7105.314677,0.0
-50.0,50,7105.801309,0.0
-50.0,50,7106.297869,0.0
-50.0,50,7106.798967,0.0
0.0,50,7107.27718,1.0
-50.0,50,7107.766411,0.0
-50.0,50,7108.270599,0.0
-50.0,50,7108.762313,0.0
-50.0,50,7109.25189,0.0
0.0,50,7109.740266,1.0
-50.0,50,7110.25257,0.0
-50.0,50,7110.743235,0.0
-50.0,50,7111.228624,0.0
-50.0,50,7111.706242,0.0
-50.0,50,7112.218164,0.0
-50.0,50,7112.705592,0.0
-50.0,50,7113.193828,0.0
-50.0,50,7113.685404,0.0
-50.0,50,7114.193336,0.0
-50.0,50,7114.6794,0.0
-50.0,50,7115.18228,0.0
-50.0,50,7115.682208,0.0
-50.0,50,7116.19431,0.0
-50.0,50,7116.686167,0.0
0.0,50,7117.184695,1.0
-50.0,50,7117.677337,0.0
-50.0,50,7118.186206,0.0
-50.0,50,7118.684487,0.0
-50.0,50,7119.177373,0.0
-50.0,50,7119.663218,0.0
-50.0,50,7122.54233,0.0
0.0,50,7123.025028,1.0
-50.0,50,7123.512158,0.0
-50.0,50,7124.005284,0.0
-50.0,50,7124.525809,0.0
-50.0,50,7125.016697,0.0
-50.0,50,7125.512846,0.0
-50.0,50,7126.004133,0.0
-50.0,50,7126.514695,0.0
-50.0,50,7127.002657,0.0
-50.0,50,7127.499371,0.0
-50.0,50,7127.988781,0.0
-50.0,50,7128.501403,0.0
-50.0,50,7128.989888,0.0
0.0,50,7129.481692,1.0
-50.0,50,7129.965341,0.0
-50.0,50,7130.462434,0.0
-50.0,50,7130.946867,0.0
-50.0,50,7131.439589,0.0
-50.0,50,7131.932958,0.0
-50.0,50,7132.430591,0.0
0.0,50,7132.913417,1.0
-50.0,50,7133.402196,0.0
-50.0,50,7133.896289,0.0
-50.0,50,7134.396148,0.0
-50.0,50,7134.894753,0.0
-50.0,50,7135.391177,0.0
-50.0,50,7135.868607,0.0
-50.0,50,7136.365022,0.0
-50.0,50,7136.857326,0.0
-50.0,50,7137.353969,0.0
-50.0,50,7137.859397,0.0
-50.0,50,7138.373204,0.0
-50.0,50,7138.861946,0.0
-50.0,50,7139.348117,0.0
-50.0,50,7139.833071,0.0
-50.0,50,7140.338748,0.0
-50.0,50,7140.822453,0.0
-50.0,50,7141.314726,0.0
-50.0,50,7141.797084,0.0
-50.0,50,7142.297583,0.0
-50.0,50,7142.780779,0.0
-50.0,50,7143.274809,0.0
-50.0,50,7143.775808,0.0
-50.0,50,7144.283161,0.0
-50.0,50,7144.778905,0.0
-50.0,50,7145.262142,0.0
-50.0,50,7145.754259,0.0
-50.0,50,7146.265883,0.0
-50.0,50,7146.749192,0.0
-50.0,50,7147.237364,0.0
-50.0,50,7147.718575,0.0
-50.0,50,7148.237531,0.0
-50.0,50,7148.726058,0.0
-50.0,50,7149.210559,0.0
-50.0,50,7149.702224,0.0
-50.0,50,7150.210678,0.0
-50.0,50,7150.700517,0.0
0.0,50,7151.200294,1.0
-50.0,50,7151.695609,0.0
-50.0,50,7152.219361,0.0
-50.0,50,7152.720604,0.0
-50.0,50,7153.213928,0.0
-50.0,50,7153.706623,0.0
-50.0,50,7154.217433,0.0
-50.0,50,7154.689333,0.0
-50.0,50,7155.149122,0.0
-50.0,50,7155.608054,0.0
-50.0,50,7156.073122,0.0
-50.0,50,7156.577435,0.0
-50.0,50,7157.653781,0.0
-50.0,50,7158.724433,0.0
-50.0,50,7159.815619,0.0
-50.0,50,7160.903372,0.0
-50.0,50,7161.949455,0.0
-50.0,50,7163.057113,0.0
-50.0,50,7164.22258,0.0
-50.0,50,7165.329925,0.0
-50.0,50,7166.395818,0.0
-50.0,50,7167.484733,0.0
-50.0,50,7168.595261,0.0
-50.0,50,7169.138512,0.0
-50.0,50,7169.636796,0.0
-50.0,50,7170.135709,0.0
-50.0,50,7170.63504,0.0
-50.0,50,7171.13736,0.0
-50.0,50,7171.627604,0.0
-50.0,50,7172.131787,0.0
-50.0,50,7172.648693,0.0
-50.0,50,7173.145132,0.0
-50.0,50,7173.627445,0.0
0.0,50,7174.121491,1.0
-50.0,50,7174.644646,0.0
-50.0,50,7175.141044,0.0
-50.0,50,7175.623246,0.0
-50.0,50,7176.104059,0.0
-50.0,50,7176.612654,0.0
-50.0,50,7177.101671,0.0
-50.0,50,7177.595716,0.0
-50.0,50,7178.09856,0.0
-50.0,50,7178.599846,0.0
-50.0,50,7179.077337,0.0
-50.0,50,7179.555626,0.0
-50.0,50,7180.035516,0.0
-50.0,50,7180.539818,0.0
-50.0,50,7181.029593,0.0
-50.0,50,7181.515732,0.0
-50.0,50,7182.000596,0.0
-50.0,50,7182.509917,0.0
-50.0,50,7183.000734,0.0
-50.0,50,7183.495525,0.0
-50.0,50,7183.977533,0.0
-50.0,50,7184.475492,0.0
-50.0,50,7184.958867,0.0
-50.0,50,7185.457039,0.0
-50.0,50,7185.948468,0.0
-50.0,50,7186.444871,0.0
-50.0,50,7186.934765,0.0
-50.0,50,7187.440193,0.0
-50.0,50,7187.918275,0.0
-50.0,50,7188.469768,0.0
-50.0,50,7188.959438,0.0
-50.0,50,7189.443845,0.0
-50.0,50,7189.925754,0.0
-50.0,50,7190.432759,0.0
0.0,50,7190.926637,1.0
-50.0,50,7191.415695,0.0
-50.0,50,7191.890304,0.0
-50.0,50,7192.399956,0.0
-50.0,50,7192.903149,0.0
-50.0,50,7193.398995,0.0
-50.0,50,7193.909395,0.0
-50.0,50,7194.41504,0.0
-50.0,50,7194.926621,0.0
-50.0,50,7195.410776,0.0
-50.0,50,7195.894582,0.0
-50.0,50,7196.407865,0.0
-50.0,50,7196.908895,0.0
-50.0,50,7197.399891,0.0
-50.0,50,7197.89572,0.0
-50.0,50,7198.399849,0.0
-50.0,50,7198.896757,0.0
-50.0,50,7199.416412,0.0
-50.0,50,7199.901479,0.0
-50.0,50,7200.425144,0.0
-50.0,50,7200.918217,0.0
-50.0,50,7201.398301,0.0
-50.0,50,7201.888875,0.0
-50.0,50,7202.411188,0.0
-50.0,50,7202.896604,0.0
0.0,50,7203.398577,1.0
-50.0,50,7203.874982,0.0
-50.0,50,7204.38468,0.0
-50.0,50,7204.868661,0.0
-50.0,50,7205.359593,0.0
-50.0,50,7205.862287,0.0
0.0,50,7206.358623,1.0
0.0,50,7206.836308,1.0
-50.0,50,7207.323614,0.0
-50.0,50,7207.814369,0.0
-50.0,50,7208.327797,0.0
0.0,50,7208.824894,1.0
-50.0,50,7209.30878,0.0
-50.0,50,7209.788888,0.0
0.0,50,7210.305864,1.0
-50.0,50,7210.792493,0.0
-50.0,50,7211.2856,0.0
-50.0,50,7211.778422,0.0
-50.0,50,7212.296149,0.0
0.0,50,7212.797116,1.0
-50.0,50,7213.279085,0.0
-50.0,50,7213.760105,0.0
-50.0,50,7214.264716,0.0
-50.0,50,7214.758075,0.0
-50.0,50,7215.252629,0.0
-50.0,50,7215.734864,0.0
-50.0,50,7216.239574,0.0
-50.0,50,7216.732625,0.0
-50.0,50,7217.245739,0.0
-50.0,50,7217.751173,0.0
-50.0,50,7218.260007,0.0
-50.0,50,7218.759849,0.0
0.0,50,7219.263968,1.0
0.0,50,7219.774048,1.0
-50.0,50,7220.285866,0.0
-50.0,50,7220.803851,0.0
-50.0,50,7221.293619,0.0
-50.0,50,7221.776709,0.0
-50.0,50,7222.278616,0.0
0.0,50,7222.76985,1.0
-50.0,50,7223.26686,0.0
-50.0,50,7223.748757,0.0
-50.0,50,7224.251701,0.0
-50.0,50,7224.742034,0.0
-50.0,50,7225.260401,0.0
-50.0,50,7225.760228,0.0
-50.0,50,7226.28523,0.0
-50.0,50,7226.785086,0.0
-50.0,50,7227.289014,0.0
-50.0,50,7227.794154,0.0
-50.0,50,7230.683838,0.0
-50.0,50,7231.180527,0.0
-50.0,50,7231.678174,0.0
0.0,50,7232.198436,1.0
-50.0,50,7232.721938,0.0
-50.0,50,7233.241901,0.0
-50.0,50,7233.746565,0.0
-50.0,50,7234.264856,0.0
-50.0,50,7234.797908,0.0
-50.0,50,7235.330688,0.0
-50.0,50,7235.865825,0.0
0.0,50,7236.381527,1.0
-50.0,50,7236.931736,0.0
-50.0,50,7237.442374,0.0
-50.0,50,7237.97829,0.0
-50.0,50,7238.492836,0.0
-50.0,50,7239.060942,0.0
-50.0,50,7239.581265,0.0
-50.0,50,7240.1115,0.0
-50.0,50,7240.640634,0.0
-50.0,50,7241.171372,0.0
-50.0,50,7241.699308,0.0
-50.0,50,7242.221645,0.0
-50.0,50,7242.72199,0.0
-50.0,50,7243.216171,0.0
-50.0,50,7243.710841,0.0
0.0,50,7244.222539,1.0
-50.0,50,7244.711777,0.0
-50.0,50,7245.20663,0.0
-50.0,50,7245.704353,0.0
0.0,50,7246.187031,1.0
-50.0,50,7246.674934,0.0
-50.0,50,7247.178132,0.0
-50.0,50,7247.668182,0.0
-50.0,50,7248.148499,0.0
-50.0,50,7248.640506,0.0
-50.0,50,7249.155237,0.0
-50.0,50,7249.645126,0.0
-50.0,50,7250.134497,0.0
-50.0,50,7250.627827,0.0
-50.0,50,7251.145247,0.0
-50.0,50,7251.640782,0.0
-50.0,50,7252.131061,0.0
-50.0,50,7252.622748,0.0
-50.0,50,7253.11971,0.0
-50.0,50,7253.611591,0.0
-50.0,50,7254.106992,0.0
-50.0,50,7254.603292,0.0
-50.0,50,7255.106108,0.0
-50.0,50,7255.601949,0.0
-50.0,50,7256.0948,0.0
-50.0,50,7256.584338,0.0
-50.0,50,7257.081097,0.0
0.0,50,7257.587721,1.0
-50.0,50,7258.078072,0.0
-50.0,50,7258.574136,0.0
-50.0,50,7259.068097,0.0
-50.0,50,7259.551694,0.0
-50.0,50,7260.041099,0.0
-50.0,50,7260.521809,0.0
-50.0,50,7261.028113,0.0
-50.0,50,7261.518166,0.0
-50.0,50,7262.007991,0.0
-50.0,50,7262.499306,0.0
-50.0,50,7262.992631,0.0
-50.0,50,7263.486309,0.0
-50.0,50,7263.976223,0.0
-50.0,50,7264.465662,0.0
-50.0,50,7264.993793,0.0
-50.0,50,7265.473245,0.0
-50.0,50,7265.952219,0.0
-50.0,50,7266.440624,0.0
-50.0,50,7266.946931,0.0
-50.0,50,7267.427364,0.0
-50.0,50,7267.917966,0.0
0.0,50,7268.402173,1.0
-50.0,50,7268.908333,0.0
-50.0,50,7269.387908,0.0
-50.0,50,7269.871979,0.0
-50.0,50,7270.361062,0.0
-50.0,50,7270.864981,0.0
-50.0,50,7271.355254,0.0
0.0,50,7271.8345,1.0
-50.0,50,7272.33893,0.0
-50.0,50,7272.853286,0.0
-50.0,50,7273.334362,0.0
-50.0,50,7273.812686,0.0
-50.0,50,7274.302485,0.0
-50.0,50,7274.802541,0.0
-50.0,50,7275.298445,0.0
-50.0,50,7275.785327,0.0
-50.0,50,7276.274042,0.0
-50.0,50,7276.768657,0.0
-50.0,50,7277.256721,0.0
-50.0,50,7277.733151,0.0
-50.0,50,7278.226334,0.0
-50.0,50,7278.722876,0.0
-50.0,50,7279.224473,0.0
-50.0,50,7279.738979,0.0
-50.0,50,7280.226215,0.0
-50.0,50,7280.741668,0.0
-50.0,50,7281.23254,0.0
-50.0,50,7281.720984,0.0
-50.0,50,7282.206996,0.0
-50.0,50,7282.711811,0.0
-50.0,50,7283.19917,0.0
-50.0,50,7283.682757,0.0
-50.0,50,7284.180039,0.0
-50.0,50,7284.697148,0.0
-50.0,50,7285.191715,0.0
-50.0,50,7285.692013,0.0
0.0,50,7286.177205,1.0
-50.0,50,7286.684325,0.0
-50.0,50,7287.1684,0.0
-50.0,50,7287.653888,0.0
-50.0,50,7288.143574,0.0
-50.0,50,7288.635827,0.0
-50.0,50,7289.124732,0.0
-50.0,50,7289.617641,0.0
-50.0,50,7290.103105,0.0
-50.0,50,7290.604723,0.0
-50.0,50,7291.080599,0.0
-50.0,50,7291.563358,0.0
-50.0,50,7292.041652,0.0
-50.0,50,7292.548759,0.0
-50.0,50,7293.028132,0.0
-50.0,50,7293.506908,0.0
-50.0,50,7294.012788,0.0
-50.0,50,7294.533374,0.0
-50.0,50,7295.039402,0.0
0.0,50,7295.542566,1.0
-50.0,50,7296.028913,0.0
-50.0,50,7296.546067,0.0
0.0,50,7297.060899,1.0
-50.0,50,7297.557883,0.0
-50.0,50,7298.06469,0.0
-50.0,50,7298.570654,0.0
-50.0,50,7299.06923,0.0
-50.0,50,7299.555985,0.0
-50.0,50,7300.056607,0.0
-50.0,50,7300.564236,0.0
-50.0,50,7301.058182,0.0
-50.0,50,7301.568124,0.0
-50.0,50,7302.072906,0.0
-50.0,50,7302.591901,0.0
-50.0,50,7303.083147,0.0
-50.0,50,7303.580137,0.0
-50.0,50,7304.066527,0.0
-50.0,50,7304.593013,0.0
-50.0,50,7305.089895,0.0
-50.0,50,7305.578832,0.0
-50.0,50,7306.068569,0.0
-50.0,50,7306.581759,0.0
-50.0,50,7307.071203,0.0
-50.0,50,7307.57264,0.0
-50.0,50,7308.065547,0.0
-50.0,50,7308.602315,0.0
-50.0,50,7309.10503,0.0
-50.0,50,7309.596784,0.0
-50.0,50,7310.093357,0.0
-50.0,50,7310.596889,0.0
-50.0,50,7311.08745,0.0
-50.0,50,7311.595215,0.0
-50.0,50,7312.083219,0.0
-50.0,50,7312.594352,0.0
-50.0,50,7313.084394,0.0
-50.0,50,7313.580587,0.0
-50.0,50,7314.067101,0.0
0.0,50,7314.577341,1.0
-50.0,50,7315.078365,0.0
-50.0,50,7315.570512,0.0
0.0,50,7316.083146,1.0
-50.0,50,7316.587054,0.0
-50.0,50,7317.083981,0.0
-50.0,50,7317.5774,0.0
-50.0,50,7318.054106,0.0
-50.0,50,7318.549112,0.0
-50.0,50,7319.038594,0.0
-50.0,50,7319.520562,0.0
-50.0,50,7320.005484,0.0
-50.0,50,7320.494412,0.0
-50.0,50,7320.970213,0.0
-50.0,50,7321.459097,0.0
-50.0,50,7321.938514,0.0
-50.0,50,7322.434103,0.0
-50.0,50,7322.93239,0.0
-50.0,50,7323.428623,0.0
-50.0,50,7323.92186,0.0
-50.0,50,7324.425124,0.0
-50.0,50,7324.916173,0.0
-50.0,50,7325.409094,0.0
-50.0,50,7325.88657,0.0
-50.0,50,7326.378498,0.0
-50.0,50,7326.857267,0.0
-50.0,50,7327.365351,0.0
-50.0,50,7327.857187,0.0
-50.0,50,7328.374121,0.0
0.0,50,7328.872319,1.0
-50.0,50,7329.36681,0.0
-50.0,50,7329.854972,0.0
-50.0,50,7332.697013,0.0
-50.0,50,7333.18691,0.0
-50.0,50,7333.681149,0.0
-50.0,50,7334.158683,0.0
-50.0,50,7334.656146,0.0
-50.0,50,7335.158264,0.0
-50.0,50,7335.670137,0.0
-50.0,50,7336.171909,0.0
-50.0,50,7336.685494,0.0
-50.0,50,7337.177694,0.0
-50.0,50,7337.676376,0.0
-50.0,50,7338.175737,0.0
-50.0,50,7338.675336,0.0
-50.0,50,7339.175667,0.0
-50.0,50,7339.665193,0.0
-50.0,50,7340.149188,0.0
-50.0,50,7340.653044,0.0
-50.0,50,7341.15044,0.0
-50.0,50,7341.65642,0.0
-50.0,50,7342.142459,0.0
-50.0,50,7342.635092,0.0
-50.0,50,7343.122588,0.0
-50.0,50,7343.612455,0.0
0.0,50,7344.089212,1.0
-50.0,50,7344.589533,0.0
-50.0,50,7345.085641,0.0
-50.0,50,7345.595452,0.0
-50.0,50,7346.089006,0.0
-50.0,50,7346.617301,0.0
-50.0,50,7347.128262,0.0
-50.0,50,7347.625248,0.0
-50.0,50,7348.112963,0.0
-50.0,50,7348.623991,0.0
-50.0,50,7349.11959,0.0
-50.0,50,7349.607075,0.0
-50.0,50,7350.09943,0.0
-50.0,50,7350.606526,0.0
-50.0,50,7351.095072,0.0
-50.0,50,7351.59512,0.0
-50.0,50,7352.112697,0.0
-50.0,50,7352.626086,0.0
-50.0,50,7353.112089,0.0
-50.0,50,7353.590359,0.0
-50.0,50,7354.076009,0.0
-50.0,50,7354.582572,0.0
-50.0,50,7355.086634,0.0
-50.0,50,7355.594982,0.0
-50.0,50,7356.080896,0.0
-50.0,50,7356.585941,0.0
-50.0,50,7357.066236,0.0
-50.0,50,7357.549379,0.0
-50.0,50,7358.049212,0.0
-50.0,50,7358.584518,0.0
-50.0,50,7359.082679,0.0
-50.0,50,7359.579353,0.0
-50.0,50,7360.076917,0.0
-50.0,50,7360.581105,0.0
-50.0,50,7361.079402,0.0
-50.0,50,7361.578587,0.0
-50.0,50,7362.074624,0.0
-50.0,50,7362.584703,0.0
-50.0,50,7363.085931,0.0
-50.0,50,7363.581647,0.0
-50.0,50,7364.068842,0.0
-50.0,50,7364.590652,0.0
-50.0,50,7365.102298,0.0
-50.0,50,7365.598424,0.0
-50.0,50,7366.076881,0.0
-50.0,50,7366.570236,0.0
-50.0,50,7367.066176,0.0
-50.0,50,7367.544558,0.0
-50.0,50,7368.02786,0.0
-50.0,50,7368.517547,0.0
-50.0,50,7369.000314,0.0
-50.0,50,7369.476274,0.0
-50.0,50,7369.96514,0.0
-50.0,50,7370.46807,0.0
-50.0,50,7370.946446,0.0
-50.0,50,7371.453365,0.0
-50.0,50,7371.953022,0.0
-50.0,50,7372.456005,0.0
-50.0,50,7372.953586,0.0
-50.0,50,7373.442482,0.0
-50.0,50,7373.938174,0.0
0.0,50,7374.448604,1.0
-50.0,50,7374.934135,0.0
-50.0,50,7375.418313,0.0
-50.0,50,7375.91023,0.0
0.0,50,7376.409226,1.0
-50.0,50,7376.905404,0.0
0.0,50,7377.389467,1.0
-50.0,50,7377.887126,0.0
-50.0,50,7378.385267,0.0
-50.0,50,7378.878826,0.0
-50.0,50,7379.364373,0.0
-50.0,50,7379.845276,0.0
-50.0,50,7380.356329,0.0
-50.0,50,7380.869292,0.0
-50.0,50,7381.346552,0.0
-50.0,50,7381.859306,0.0
0.0,50,7382.38759,1.0
-50.0,50,7382.901942,0.0
0.0,50,7383.40629,1.0
-50.0,50,7383.922442,0.0
-50.0,50,7384.426916,0.0
-50.0,50,7384.916062,0.0
-50.0,50,7385.396447,0.0
-50.0,50,7385.87574,0.0
-50.0,50,7386.373514,0.0
-50.0,50,7386.868133,0.0
-50.0,50,7387.362238,0.0
-50.0,50,7387.8609,0.0
-50.0,50,7388.356755,0.0
-50.0,50,7388.839836,0.0
-50.0,50,7389.321087,0.0
-50.0,50,7389.821959,0.0
-50.0,50,7390.314287,0.0
-50.0,50,7390.790777,0.0
-50.0,50,7391.287106,0.0
-50.0,50,7391.774771,0.0
-50.0,50,7392.268293,0.0
0.0,50,7392.753609,1.0
-50.0,50,7393.244853,0.0
-50.0,50,7393.737143,0.0
-50.0,50,7394.229316,0.0
-50.0,50,7394.71324,0.0
-50.0,50,7395.207364,0.0
0.0,50,7395.695333,1.0
0.0,50,7396.207842,1.0
-50.0,50,7396.688257,0.0
-50.0,50,7397.176193,0.0
-50.0,50,7397.67294,0.0
-50.0,50,7398.17088,0.0
-50.0,50,7398.653388,0.0
-50.0,50,7399.134332,0.0
-50.0,50,7399.634557,0.0
-50.0,50,7400.141726,0.0
-50.0,50,7400.637102,0.0
-50.0,50,7401.136214,0.0
-50.0,50,7401.629221,0.0
-50.0,50,7402.126956,0.0
-50.0,50,7402.603643,0.0
0.0,50,7403.088121,1.0
-50.0,50,7403.577438,0.0
-50.0,50,7404.08385,0.0
-50.0,50,7404.572309,0.0
-50.0,50,7405.063595,0.0
-50.0,50,7405.560447,0.0
-50.0,50,7406.066278,0.0
-50.0,50,7406.560431,0.0
-50.0,50,7407.049357,0.0
-50.0,50,7407.541824,0.0
-50.0,50,7408.042225,0.0
-50.0,50,7408.54226,0.0
-50.0,50,7409.038912,0.0
-50.0,50,7409.532399,0.0
-50.0,50,7410.054458,0.0
-50.0,50,7410.532835,0.0
-50.0,50,7411.017453,0.0
-50.0,50,7411.494739,0.0
-50.0,50,7412.000449,0.0
-50.0,50,7412.490519,0.0
0.0,50,7412.974385,1.0
-50.0,50,7413.468664,0.0
-50.0,50,7413.976519,0.0
-50.0,50,7414.468899,0.0
-50.0,50,7414.953717,0.0
-50.0,50,7415.443757,0.0
-50.0,50,7415.953672,0.0
-50.0,50,7416.429469,0.0
-50.0,50,7416.923471,0.0
-50.0,50,7417.415084,0.0
-50.0,50,7417.949069,0.0
-50.0,50,7418.441727,0.0
-50.0,50,7418.93587,0.0
-50.0,50,7419.420283,0.0
-50.0,50,7419.917718,0.0
-50.0,50,7420.407394,0.0
-50.0,50,7420.904132,0.0
-50.0,50,7421.41077,0.0
-50.0,50,7421.930303,0.0
-50.0,50,7422.431015,0.0
-50.0,50,7422.928746,0.0
-50.0,50,7423.429234,0.0
-50.0,50,7423.947649,0.0
-50.0,50,7424.446693,0.0
-50.0,50,7424.944947,0.0
-50.0,50,7425.434588,0.0
-50.0,50,7425.940864,0.0
-50.0,50,7426.433819,0.0
-50.0,50,7426.918457,0.0
-50.0,50,7427.4073,0.0
-50.0,50,7427.938737,0.0
-50.0,50,7428.441102,0.0
-50.0,50,7428.934547,0.0
-50.0,50,7429.420384,0.0
-50.0,50,7429.910412,0.0
-50.0,50,7430.399446,0.0
-50.0,50,7430.877903,0.0
-50.0,50,7431.369644,0.0
-50.0,50,7434.291925,0.0
0.0,50,7434.789585,1.0
0.0,50,7435.272949,1.0
-50.0,50,7435.762356,0.0
-50.0,50,7436.280119,0.0
-50.0,50,7436.778696,0.0
-50.0,50,7437.267438,0.0
-50.0,50,7437.776362,0.0
-50.0,50,7438.282944,0.0
-50.0,50,7438.774839,0.0
-50.0,50,7439.272658,0.0
-50.0,50,7439.769696,0.0
-50.0,50,7440.273479,0.0
-50.0,50,7440.757626,0.0
-50.0,50,7441.253757,0.0
-50.0,50,7441.749624,0.0
-50.0,50,7442.249954,0.0
-50.0,50,7442.75079,0.0
-50.0,50,7443.248763,0.0
-50.0,50,7443.741228,0.0
-50.0,50,7444.242688,0.0
-50.0,50,7444.74457,0.0
0.0,50,7445.237607,1.0
-50.0,50,7445.721136,0.0
-50.0,50,7446.230198,0.0
-50.0,50,7446.719436,0.0
-50.0,50,7447.205932,0.0
-50.0,50,7447.683541,0.0
-50.0,50,7448.187927,0.0
-50.0,50,7448.666281,0.0
-50.0,50,7449.150097,0.0
-50.0,50,7449.631562,0.0
-50.0,50,7450.136323,0.0
-50.0,50,7450.623974,0.0
-50.0,50,7451.10197,0.0
-50.0,50,7451.582829,0.0
-50.0,50,7452.095694,0.0
-50.0,50,7452.573891,0.0
-50.0,50,7453.049872,0.0
-50.0,50,7453.524591,0.0
-50.0,50,7454.034754,0.0
-50.0,50,7454.527679,0.0
-50.0,50,7455.018811,0.0
-50.0,50,7455.506423,0.0
-50.0,50,7455.998042,0.0
-50.0,50,7456.473956,0.0
-50.0,50,7456.965722,0.0
-50.0,50,7457.450705,0.0
-50.0,50,7457.949941,0.0
-50.0,50,7458.439723,0.0
-50.0,50,7458.94181,0.0
-50.0,50,7459.434811,0.0
-50.0,50,7459.924274,0.0
-50.0,50,7460.417199,0.0
-50.0,50,7460.90778,0.0
-50.0,50,7461.38193,0.0
-50.0,50,7461.88166,0.0
-50.0,50,7462.357598,0.0
-50.0,50,7462.829967,0.0
0.0,50,7463.31768,1.0
-50.0,50,7463.823549,0.0
-50.0,50,7464.310041,0.0
-50.0,50,7464.785295,0.0
-50.0,50,7465.272128,0.0
0.0,50,7465.774413,1.0
0.0,50,7466.264712,1.0
-50.0,50,7466.751859,0.0
-50.0,50,7467.240817,0.0
-50.0,50,7467.753329,0.0
-50.0,50,7468.242676,0.0
-50.0,50,7468.730841,0.0
-50.0,50,7469.214604,0.0
-50.0,50,7469.716855,0.0
-50.0,50,7470.19143,0.0
-50.0,50,7470.663613,0.0
-50.0,50,7471.176398,0.0
-50.0,50,7471.729018,0.0
0.0,50,7472.220207,1.0
-50.0,50,7472.715982,0.0
-50.0,50,7473.214785,0.0
-50.0,50,7473.744932,0.0
-50.0,50,7474.235727,0.0
-50.0,50,7474.735756,0.0
-50.0,50,7475.235113,0.0
-50.0,50,7475.761816,0.0
0.0,50,7476.254713,1.0
-50.0,50,7476.755676,0.0
-50.0,50,7477.249544,0.0
-50.0,50,7477.794219,0.0
-50.0,50,7478.287805,0.0
-50.0,50,7478.785081,0.0
-50.0,50,7479.268906,0.0
-50.0,50,7479.806891,0.0
-50.0,50,7480.293869,0.0
-50.0,50,7480.79399,0.0
-50.0,50,7481.290982,0.0
-50.0,50,7481.826062,0.0
-50.0,50,7482.324827,0.0
-50.0,50,7482.824,0.0
-50.0,50,7483.324427,0.0
-50.0,50,7483.88191,0.0
0.0,50,7484.383208,1.0
-50.0,50,7484.876833,0.0
0.0,50,7485.359807,1.0
-50.0,50,7485.860422,0.0
-50.0,50,7486.360689,0.0
-50.0,50,7486.847411,0.0
-50.0,50,7487.339693,0.0
-50.0,50,7487.856819,0.0
-50.0,50,7488.353019,0.0
-50.0,50,7488.843972,0.0
0.0,50,7489.322023,1.0
0.0,50,7489.837658,1.0
-50.0,50,7490.31974,0.0
0.0,50,7490.799325,1.0
-50.0,50,7491.286758,0.0
-50.0,50,7491.791571,0.0
-50.0,50,7492.281729,0.0
0.0,50,7492.762608,1.0
-50.0,50,7493.251211,0.0
-50.0,50,7493.752924,0.0
-50.0,50,7494.243812,0.0
-50.0,50,7494.738846,0.0
-50.0,50,7495.216743,0.0
-50.0,50,7495.748849,0.0
-50.0,50,7496.245737,0.0
0.0,50,7496.726126,1.0
-50.0,50,7497.206322,0.0
-50.0,50,7497.714009,0.0
-50.0,50,7498.192438,0.0
-50.0,50,7498.684492,0.0
-50.0,50,7499.165087,0.0
-50.0,50,7499.669878,0.0
-50.0,50,7500.149529,0.0
-50.0,50,7500.633008,0.0
-50.0,50,7501.125338,0.0
0.0,50,7501.624904,1.0
-50.0,50,7502.105572,0.0
-50.0,50,7502.586231,0.0
-50.0,50,7503.074829,0.0
-50.0,50,7503.586391,0.0
-50.0,50,7504.082697,0.0
-50.0,50,7504.560935,0.0
-50.0,50,7505.046285,0.0
-50.0,50,7505.556093,0.0
-50.0,50,7506.048437,0.0
-50.0,50,7506.528736,0.0
0.0,50,7507.01939,1.0
-50.0,50,7507.526879,0.0
-50.0,50,7508.016734,0.0
-50.0,50,7508.5121,0.0
-50.0,50,7509.003981,0.0
-50.0,50,7509.514307,0.0
-50.0,50,7509.997549,0.0
0.0,50,7510.481089,1.0
-50.0,50,7510.969818,0.0
-50.0,50,7511.477211,0.0
-50.0,50,7511.972969,0.0
-50.0,50,7512.466338,0.0
-50.0,50,7512.96265,0.0
-50.0,50,7513.4749,0.0
-50.0,50,7513.968322,0.0
-50.0,50,7514.459241,0.0
-50.0,50,7514.941724,0.0
-50.0,50,7515.443453,0.0
-50.0,50,7515.92392,0.0
-50.0,50,7516.404301,0.0
-50.0,50,7516.885873,0.0
-50.0,50,7517.395924,0.0
-50.0,50,7517.874864,0.0
-50.0,50,7518.356001,0.0
-50.0,50,7518.843083,0.0
0.0,50,7519.346865,1.0
-50.0,50,7519.833593,0.0
-50.0,50,7520.312432,0.0
-50.0,50,7520.801679,0.0
-50.0,50,7521.312412,0.0
-50.0,50,7521.791923,0.0
-50.0,50,7522.273487,0.0
-50.0,50,7522.760615,0.0
-50.0,50,7523.265245,0.0
-50.0,50,7523.745352,0.0
-50.0,50,7524.226918,0.0
-50.0,50,7524.71559,0.0
-50.0,50,7525.228537,0.0
-50.0,50,7525.719387,0.0
-50.0,50,7526.213822,0.0
-50.0,50,7526.706606,0.0
-50.0,50,7527.208156,0.0
-50.0,50,7527.69583,0.0
-50.0,50,7528.178157,0.0
-50.0,50,7528.668253,0.0
-50.0,50,7529.164471,0.0
-50.0,50,7529.645863,0.0
-50.0,50,7530.129362,0.0
-50.0,50,7530.62394,0.0
-50.0,50,7531.125528,0.0
-50.0,50,7531.603581,0.0
-50.0,50,7532.102944,0.0
-50.0,50,7532.593405,0.0
-50.0,50,7535.39905,0.0
-50.0,50,7535.899544,0.0
0.0,50,7536.390314,1.0
-50.0,50,7536.890181,0.0
-50.0,50,7537.401833,0.0
-50.0,50,7537.908888,0.0
-50.0,50,7538.389845,0.0
-50.0,50,7538.871619,0.0
-50.0,50,7539.389997,0.0
-50.0,50,7539.886082,0.0
0.0,50,7540.379004,1.0
-50.0,50,7540.87974,0.0
-50.0,50,7541.388854,0.0
0.0,50,7541.866992,1.0
-50.0,50,7542.367623,0.0
-50.0,50,7542.848612,0.0
0.0,50,7543.356065,1.0
-50.0,50,7543.854327,0.0
-50.0,50,7544.344356,0.0
-50.0,50,7544.829331,0.0
-50.0,50,7545.339653,0.0
0.0,50,7545.819456,1.0
-50.0,50,7546.301419,0.0
-50.0,50,7546.783348,0.0
-50.0,50,7547.285591,0.0
-50.0,50,7547.77087,0.0
-50.0,50,7548.266187,0.0
-50.0,50,7548.76279,0.0
-50.0,50,7549.26777,0.0
-50.0,50,7549.748447,0.0
-50.0,50,7550.236834,0.0
-50.0,50,7550.719146,0.0
-50.0,50,7551.233089,0.0
-50.0,50,7551.719692,0.0
-50.0,50,7552.211407,0.0
-50.0,50,7552.7047,0.0
-50.0,50,7553.20269,0.0
-50.0,50,7553.683982,0.0
-50.0,50,7554.173816,0.0
-50.0,50,7554.655962,0.0
-50.0,50,7555.152628,0.0
-50.0,50,7555.633687,0.0
-50.0,50,7556.128974,0.0
-50.0,50,7556.612347,0.0
-50.0,50,7557.118298,0.0
-50.0,50,7557.608917,0.0
-50.0,50,7558.101392,0.0
-50.0,50,7558.591719,0.0
-50.0,50,7559.091116,0.0
-50.0,50,7559.581126,0.0
-50.0,50,7560.072255,0.0
-50.0,50,7560.563631,0.0
-50.0,50,7561.075041,0.0
-50.0,50,7561.552788,0.0
-50.0,50,7562.052053,0.0
-50.0,50,7562.524719,0.0
-50.0,50,7562.98889,0.0
-50.0,50,7563.439819,0.0
-50.0,50,7563.890771,0.0
-50.0,50,7564.338622,0.0
-50.0,50,7565.416013,0.0
-50.0,50,7566.464164,0.0
-50.0,50,7567.535876,0.0
-50.0,50,7568.612927,0.0
-50.0,50,7569.685741,0.0
-50.0,50,7570.787853,0.0
-50.0,50,7571.860074,0.0
-50.0,50,7572.94201,0.0
-50.0,50,7574.051376,0.0
-50.0,50,7575.142594,0.0
0.0,50,7576.194371,1.0
-50.0,50,7577.298651,0.0
-50.0,50,7578.568091,0.0
-50.0,50,7579.670342,0.0
-50.0,50,7580.756929,0.0
-50.0,50,7581.843519,0.0
-50.0,50,7582.944355,0.0
-50.0,50,7584.038932,0.0
-50.0,50,7585.103307,0.0
-50.0,50,7586.19386,0.0
-50.0,50,7587.274292,0.0
-50.0,50,7588.339874,0.0
-50.0,50,7589.437758,0.0
-50.0,50,7590.530785,0.0
-50.0,50,7591.634207,0.0
-50.0,50,7592.705166,0.0
-50.0,50,7593.763501,0.0
0.0,50,7594.804832,1.0
-50.0,50,7595.599553,0.0
-50.0,50,7596.075206,0.0
-50.0,50,7596.557199,0.0
-50.0,50,7597.042299,0.0
-50.0,50,7597.546709,0.0
-50.0,50,7598.047104,0.0
-50.0,50,7598.533342,0.0
-50.0,50,7599.008435,0.0
-50.0,50,7599.514074,0.0
-50.0,50,7599.987723,0.0
-50.0,50,7600.475209,0.0
-50.0,50,7600.948508,0.0
-50.0,50,7601.436998,0.0
-50.0,50,7601.914027,0.0
-50.0,50,7602.400908,0.0
-50.0,50,7602.875967,0.0
-50.0,50,7603.375749,0.0
-50.0,50,7603.849369,0.0
-50.0,50,7604.32333,0.0
-50.0,50,7604.800234,0.0
-50.0,50,7605.300199,0.0
-50.0,50,7605.775056,0.0
-50.0,50,7606.251117,0.0
-50.0,50,7606.742421,0.0
-50.0,50,7607.237341,0.0
-50.0,50,7607.72454,0.0
-50.0,50,7608.21268,0.0
-50.0,50,7608.70069,0.0
-50.0,50,7609.209872,0.0
-50.0,50,7609.689597,0.0
-50.0,50,7610.18235,0.0
-50.0,50,7610.659487,0.0
-50.0,50,7611.16581,0.0
-50.0,50,7611.644866,0.0
-50.0,50,7612.122878,0.0
-50.0,50,7612.600391,0.0
-50.0,50,7613.096025,0.0
-50.0,50,7613.577334,0.0
-50.0,50,7614.055973,0.0
-50.0,50,7614.548805,0.0
-50.0,50,7615.057309,0.0
-50.0,50,7615.54131,0.0
-50.0,50,7616.048138,0.0
-50.0,50,7616.539599,0.0
-50.0,50,7617.044639,0.0
-50.0,50,7617.525343,0.0
-50.0,50,7618.015204,0.0
-50.0,50,7618.499662,0.0
-50.0,50,7619.000388,0.0
-50.0,50,7619.489117,0.0
-50.0,50,7619.965001,0.0
-50.0,50,7620.440546,0.0
-50.0,50,7620.935299,0.0
-50.0,50,7621.417089,0.0
-50.0,50,7621.907218,0.0
-50.0,50,7622.389184,0.0
-50.0,50,7622.891343,0.0
-50.0,50,7623.371793,0.0
-50.0,50,7623.847274,0.0
-50.0,50,7624.333933,0.0
-50.0,50,7624.838537,0.0
-50.0,50,7625.329221,0.0
-50.0,50,7625.813192,0.0
-50.0,50,7626.311395,0.0
-50.0,50,7626.819476,0.0
-50.0,50,7627.317157,0.0
-50.0,50,7627.819567,0.0
-50.0,50,7628.304436,0.0
-50.0,50,7628.814566,0.0
-50.0,50,7629.309911,0.0
-50.0,50,7629.794714,0.0
-50.0,50,7630.279145,0.0
-50.0,50,7630.787426,0.0
-50.0,50,7631.285429,0.0
-50.0,50,7631.776227,0.0
-50.0,50,7632.263897,0.0
-50.0,50,7632.764086,0.0
-50.0,50,7633.255962,0.0
-50.0,50,7633.747077,0.0
-50.0,50,7634.243312,0.0
-50.0,50,7634.747255,0.0
-50.0,50,7635.225661,0.0
-50.0,50,7635.707275,0.0
-50.0,50,7636.200016,0.0
-50.0,50,7636.715712,0.0
-50.0,50,7637.201383,0.0
-50.0,50,7637.699621,0.0
-50.0,50,7638.186902,0.0
-50.0,50,7638.702168,0.0
-50.0,50,7639.186883,0.0
0.0,50,7639.666102,1.0
-50.0,50,7640.148643,0.0
-50.0,50,7640.659911,0.0
-50.0,50,7641.144159,0.0
-50.0,50,7641.642728,0.0
-50.0,50,7642.143739,0.0
-50.0,50,7642.636769,0.0
-50.0,50,7643.122306,0.0
-50.0,50,7643.606248,0.0
-50.0,50,7644.09346,0.0
-50.0,50,7644.604835,0.0
-50.0,50,7645.086461,0.0
-50.0,50,7645.566979,0.0
-50.0,50,7646.054794,0.0
-50.0,50,7646.559098,0.0
-50.0,50,7647.049957,0.0
-50.0,50,7647.537556,0.0
-50.0,50,7648.018494,0.0
-50.0,50,7648.522744,0.0
-50.0,50,7649.014928,0.0
-50.0,50,7649.50184,0.0
-50.0,50,7649.989253,0.0
-50.0,50,7652.850542,0.0
-50.0,50,7653.32982,0.0
-50.0,50,7653.819628,0.0
-50.0,50,7654.302792,0.0
-50.0,50,7654.805104,0.0
-50.0,50,7655.29674,0.0
-50.0,50,7655.780225,0.0
-50.0,50,7656.258456,0.0
-50.0,50,7656.760672,0.0
-50.0,50,7657.246049,0.0
-50.0,50,7657.729062,0.0
-50.0,50,7658.231067,0.0
-50.0,50,7658.740289,0.0
-50.0,50,7659.236501,0.0
-50.0,50,7659.723428,0.0
-50.0,50,7660.204355,0.0
-50.0,50,7660.69815,0.0
0.0,50,7661.188999,1.0
-50.0,50,7661.678493,0.0
-50.0,50,7662.162348,0.0
-50.0,50,7662.671124,0.0
-50.0,50,7663.166336,0.0
-50.0,50,7663.674755,0.0
-50.0,50,7664.169461,0.0
-50.0,50,7664.678965,0.0
-50.0,50,7665.174263,0.0
-50.0,50,7665.660666,0.0
-50.0,50,7666.146559,0.0
-50.0,50,7666.647449,0.0
-50.0,50,7667.138719,0.0
-50.0,50,7667.633263,0.0
-50.0,50,7668.125935,0.0
-50.0,50,7668.617245,0.0
-50.0,50,7669.108201,0.0
-50.0,50,7669.607105,0.0
-50.0,50,7670.105059,0.0
-50.0,50,7670.615733,0.0
-50.0,50,7671.117166,0.0
-50.0,50,7671.596779,0.0
-50.0,50,7672.07529,0.0
-50.0,50,7672.585098,0.0
-50.0,50,7673.068538,0.0
-50.0,50,7673.560154,0.0
0.0,50,7674.043514,1.0
-50.0,50,7674.549249,0.0
-50.0,50,7675.034227,0.0
-50.0,50,7675.526234,0.0
-50.0,50,7676.014382,0.0
-50.0,50,7676.521048,0.0
-50.0,50,7677.015719,0.0
-50.0,50,7677.506979,0.0
0.0,50,7678.00584,1.0
-50.0,50,7678.508382,0.0
-50.0,50,7679.002832,0.0
-50.0,50,7679.493242,0.0
0.0,50,7679.98673,1.0
-50.0,50,7680.48283,0.0
-50.0,50,7680.967572,0.0
-50.0,50,7681.465858,0.0
-50.0,50,7681.95066,0.0
-50.0,50,7682.454571,0.0
-50.0,50,7682.952288,0.0
-50.0,50,7683.449835,0.0
-50.0,50,7683.940613,0.0
-50.0,50,7684.429012,0.0
-50.0,50,7684.92048,0.0
0.0,50,7685.41658,1.0
-50.0,50,7685.906256,0.0
-50.0,50,7686.414087,0.0
-50.0,50,7686.899794,0.0
-50.0,50,7687.386627,0.0
-50.0,50,7687.888396,0.0
-50.0,50,7688.394805,0.0
-50.0,50,7688.880773,0.0
-50.0,50,7689.371196,0.0
-50.0,50,7689.879159,0.0
-50.0,50,7690.384551,0.0
-50.0,50,7690.898359,0.0
-50.0,50,7691.395609,0.0
-50.0,50,7691.891762,0.0
-50.0,50,7692.394692,0.0
-50.0,50,7692.883502,0.0
-50.0,50,7693.37863,0.0
-50.0,50,7693.870269,0.0
-50.0,50,7694.373433,0.0
-50.0,50,7694.871235,0.0
-50.0,50,7695.353703,0.0
-50.0,50,7695.84856,0.0
-50.0,50,7696.357773,0.0
-50.0,50,7696.833317,0.0
-50.0,50,7697.326144,0.0
-50.0,50,7697.818674,0.0
0.0,50,7698.314294,1.0
-50.0,50,7698.806417,0.0
0.0,50,7699.287135,1.0
-50.0,50,7699.775377,0.0
-50.0,50,7700.274232,0.0
-50.0,50,7700.767032,0.0
-50.0,50,7701.247763,0.0
-50.0,50,7701.727655,0.0
-50.0,50,7702.233278,0.0
-50.0,50,7702.728335,0.0
-50.0,50,7703.216073,0.0
-50.0,50,7703.70331,0.0
-50.0,50,7704.214521,0.0
-50.0,50,7704.705034,0.0
-50.0,50,7705.193533,0.0
-50.0,50,7705.686015,0.0
-50.0,50,7706.195405,0.0
-50.0,50,7706.689091,0.0
-50.0,50,7707.185309,0.0
-50.0,50,7707.676748,0.0
-50.0,50,7708.189745,0.0
-50.0,50,7708.677042,0.0
-50.0,50,7709.174456,0.0
-50.0,50,7709.657579,0.0
-50.0,50,7710.168514,0.0
-50.0,50,7710.65971,0.0
-50.0,50,7711.160226,0.0
-50.0,50,7711.654684,0.0
-50.0,50,7712.151031,0.0
-50.0,50,7712.644269,0.0
0.0,50,7713.123201,1.0
-50.0,50,7713.616077,0.0
-50.0,50,7714.124309,0.0
-50.0,50,7714.623058,0.0
-50.0,50,7715.113829,0.0
-50.0,50,7715.606194,0.0
-50.0,50,7716.111761,0.0
-50.0,50,7716.602729,0.0
-50.0,50,7717.095312,0.0
-50.0,50,7717.58484,0.0
-50.0,50,7718.106964,0.0
-50.0,50,7718.586298,0.0
-50.0,50,7719.079213,0.0
-50.0,50,7719.558386,0.0
-50.0,50,7720.054526,0.0
-50.0,50,7720.548513,0.0
-50.0,50,7721.039253,0.0
-50.0,50,7721.539952,0.0
-50.0,50,7722.048693,0.0
-50.0,50,7722.541545,0.0
-50.0,50,7723.031131,0.0
-50.0,50,7723.520792,0.0
-50.0,50,7724.019647,0.0
-50.0,50,7724.506586,0.0
-50.0,50,7724.993574,0.0
-50.0,50,7725.485063,0.0
0.0,50,7725.990388,1.0
-50.0,50,7726.479348,0.0
-50.0,50,7726.970774,0.0
-50.0,50,7727.459522,0.0
-50.0,50,7727.959195,0.0
-50.0,50,7728.437983,0.0
-50.0,50,7728.92422,0.0
-50.0,50,7729.409698,0.0
-50.0,50,7729.905595,0.0
-50.0,50,7730.399527,0.0
-50.0,50,7730.892375,0.0
-50.0,50,7731.370035,0.0
-50.0,50,7731.876825,0.0
-50.0,50,7732.368479,0.0
-50.0,50,7732.850878,0.0
-50.0,50,7733.344189,0.0
-50.0,50,7733.849802,0.0
-50.0,50,7734.34355,0.0
-50.0,50,7734.822936,0.0
-50.0,50,7735.312568,0.0
-50.0,50,7735.82218,0.0
-50.0,50,7736.314471,0.0
-50.0,50,7736.804202,0.0
-50.0,50,7737.29604,0.0
-50.0,50,7737.80822,0.0
-50.0,50,7738.302556,0.0
-50.0,50,7738.7929,0.0
-50.0,50,7739.273405,0.0
-50.0,50,7739.767976,0.0
0.0,50,7740.25583,1.0
-50.0,50,7740.747222,0.0
-50.0,50,7741.246879,0.0
-50.0,50,7741.763971,0.0
-50.0,50,7742.248864,0.0
-50.0,50,7742.730692,0.0
-50.0,50,7743.21821,0.0
-50.0,50,7743.725307,0.0
0.0,50,7744.212861,1.0
-50.0,50,7744.691659,0.0
-50.0,50,7745.17563,0.0
-50.0,50,7745.693444,0.0
-50.0,50,7746.18243,0.0
0.0,50,7746.677204,1.0
-50.0,50,7747.156996,0.0
-50.0,50,7747.690325,0.0
-50.0,50,7748.18136,0.0
-50.0,50,7748.673799,0.0
-50.0,50,7749.15975,0.0
0.0,50,7749.687121,1.0
-50.0,50,7750.169406,0.0
-50.0,50,7750.661308,0.0
0.0,50,7751.134324,1.0
-50.0,50,7753.965574,0.0
-50.0,50,7754.458951,0.0
-50.0,50,7754.932862,0.0
-50.0,50,7755.408597,0.0
0.0,50,7755.919405,1.0
-50.0,50,7756.406005,0.0
0.0,50,7756.882614,1.0
-50.0,50,7757.358485,0.0
-50.0,50,7757.859409,0.0
-50.0,50,7758.352087,0.0
-50.0,50,7758.827332,0.0
-50.0,50,7759.325533,0.0
-50.0,50,7759.822355,0.0
-50.0,50,7760.308872,0.0
-50.0,50,7760.808413,0.0
-50.0,50,7761.298684,0.0
-50.0,50,7761.799123,0.0
-50.0,50,7762.276634,0.0
-50.0,50,7762.763877,0.0
-50.0,50,7763.24775,0.0
-50.0,50,7763.768775,0.0
-50.0,50,7764.252267,0.0
-50.0,50,7764.725856,0.0
-50.0,50,7765.214096,0.0
-50.0,50,7765.703451,0.0
-50.0,50,7766.192063,0.0
0.0,50,7766.674284,1.0
-50.0,50,7767.149604,0.0
-50.0,50,7767.641695,0.0
-50.0,50,7768.134425,0.0
-50.0,50,7768.610723,0.0
-50.0,50,7769.087712,0.0
-50.0,50,7769.588386,0.0
-50.0,50,7770.064037,0.0
-50.0,50,7770.546555,0.0
-50.0,50,7771.027735,0.0
-50.0,50,7771.518124,0.0
0.0,50,7771.991479,1.0
-50.0,50,7772.477995,0.0
-50.0,50,7772.95117,0.0
-50.0,50,7773.456374,0.0
-50.0,50,7773.942722,0.0
-50.0,50,7774.427843,0.0
-50.0,50,7774.921644,0.0
-50.0,50,7775.425151,0.0
-50.0,50,7775.9143,0.0
-50.0,50,7776.409724,0.0
-50.0,50,7776.90089,0.0
-50.0,50,7777.406033,0.0
0.0,50,7777.891594,1.0
-50.0,50,7778.385103,0.0
-50.0,50,7778.875885,0.0
0.0,50,7779.384128,1.0
-50.0,50,7779.877756,0.0
-50.0,50,7780.378063,0.0
-50.0,50,7780.867615,0.0
-50.0,50,7781.371809,0.0
-50.0,50,7781.864926,0.0
-50.0,50,7782.352647,0.0
-50.0,50,7782.849023,0.0
-50.0,50,7783.353767,0.0
-50.0,50,7783.834269,0.0
-50.0,50,7784.326864,0.0
-50.0,50,7784.816796,0.0
-50.0,50,7785.307077,0.0
-50.0,50,7785.803033,0.0
-50.0,50,7786.286158,0.0
-50.0,50,7786.785525,0.0
-50.0,50,7787.290724,0.0
-50.0,50,7787.788226,0.0
-50.0,50,7788.274039,0.0
-50.0,50,7788.763461,0.0
-50.0,50,7789.26104,0.0
-50.0,50,7789.756845,0.0
-50.0,50,7790.254092,0.0
-50.0,50,7790.741538,0.0
-50.0,50,7791.256043,0.0
-50.0,50,7791.748106,0.0
-50.0,50,7792.235681,0.0
-50.0,50,7792.728601,0.0
-50.0,50,7793.233104,0.0
-50.0,50,7793.726931,0.0
-50.0,50,7794.216943,0.0
0.0,50,7794.696443,1.0
-50.0,50,7795.204366,0.0
-50.0,50,7795.698589,0.0
-50.0,50,7796.180564,0.0
-50.0,50,7796.673495,0.0
-50.0,50,7797.168705,0.0
-50.0,50,7797.666948,0.0
-50.0,50,7798.148303,0.0
-50.0,50,7798.629235,0.0
-50.0,50,7799.122075,0.0
-50.0,50,7799.609958,0.0
-50.0,50,7800.100066,0.0
-50.0,50,7800.595244,0.0
-50.0,50,7801.101934,0.0
-50.0,50,7801.605021,0.0
-50.0,50,7802.107801,0.0
-50.0,50,7802.599091,0.0
-50.0,50,7803.10999,0.0
-50.0,50,7803.602127,0.0
-50.0,50,7804.090028,0.0
-50.0,50,7804.585228,0.0
-50.0,50,7805.097071,0.0
-50.0,50,7805.598871,0.0
0.0,50,7806.079246,1.0
-50.0,50,7806.561164,0.0
-50.0,50,7807.065292,0.0
-50.0,50,7807.555411,0.0
-50.0,50,7808.065502,0.0
-50.0,50,7808.558568,0.0
-50.0,50,7809.069423,0.0
-50.0,50,7809.555824,0.0
-50.0,50,7810.055033,0.0
-50.0,50,7810.541064,0.0
-50.0,50,7811.044195,0.0
-50.0,50,7811.537256,0.0
-50.0,50,7812.032748,0.0
-50.0,50,7812.52307,0.0
0.0,50,7813.028371,1.0
-50.0,50,7813.527794,0.0
-50.0,50,7814.0202,0.0
-50.0,50,7814.50056,0.0
-50.0,50,7815.005507,0.0
-50.0,50,7815.496398,0.0
-50.0,50,7815.987445,0.0
-50.0,50,7816.474998,0.0
-50.0,50,7816.98095,0.0
-50.0,50,7817.470712,0.0
-50.0,50,7817.959325,0.0
-50.0,50,7818.445055,0.0
-50.0,50,7818.950378,0.0
-50.0,50,7819.439153,0.0
-50.0,50,7819.92162,0.0
-50.0,50,7820.41181,0.0
-50.0,50,7820.910326,0.0
-50.0,50,7821.390059,0.0
-50.0,50,7821.873061,0.0
-50.0,50,7822.375091,0.0
0.0,50,7822.888553,1.0
-50.0,50,7823.372269,0.0
-50.0,50,7823.859293,0.0
-50.0,50,7824.351886,0.0
0.0,50,7824.841735,1.0
-50.0,50,7825.325353,0.0
-50.0,50,7825.820434,0.0
-50.0,50,7826.319059,0.0
-50.0,50,7826.820927,0.0
-50.0,50,7827.319314,0.0
-50.0,50,7827.813839,0.0
-50.0,50,7828.300333,0.0
-50.0,50,7828.803868,0.0
-50.0,50,7829.310549,0.0
-50.0,50,7829.811249,0.0
-50.0,50,7830.30709,0.0
-50.0,50,7830.796769,0.0
-50.0,50,7831.286252,0.0
-50.0,50,7831.775103,0.0
-50.0,50,7832.253261,0.0
-50.0,50,7832.747422,0.0
-50.0,50,7833.248519,0.0
-50.0,50,7833.731802,0.0
-50.0,50,7834.221853,0.0
-50.0,50,7834.713917,0.0
-50.0,50,7835.194596,0.0
-50.0,50,7835.681199,0.0
-50.0,50,7836.16404,0.0
-50.0,50,7836.68017,0.0
-50.0,50,7837.174091,0.0
-50.0,50,7837.674328,0.0
-50.0,50,7838.172979,0.0
-50.0,50,7838.681565,0.0
0.0,50,7839.171857,1.0
-50.0,50,7839.65979,0.0
-50.0,50,7840.150319,0.0
-50.0,50,7840.656753,0.0
-50.0,50,7841.152322,0.0
-50.0,50,7841.64788,0.0
-50.0,50,7842.127109,0.0
0.0,50,7842.63752,1.0
-50.0,50,7843.132017,0.0
0.0,50,7843.63665,1.0
-50.0,50,7844.124734,0.0
-50.0,50,7844.625794,0.0
-50.0,50,7845.113881,0.0
-50.0,50,7845.60617,0.0
-50.0,50,7846.106824,0.0
-50.0,50,7846.613662,0.0
-50.0,50,7847.10924,0.0
-50.0,50,7847.58701,0.0
-50.0,50,7848.073102,0.0
-50.0,50,7848.594869,0.0
-50.0,50,7849.082701,0.0
-50.0,50,7849.563241,0.0
-50.0,50,7850.062786,0.0
-50.0,50,7850.564963,0.0
-50.0,50,7851.054314,0.0
-50.0,50,7851.532183,0.0
-50.0,50,7852.011079,0.0
-50.0,50,7854.845029,0.0
0.0,50,7855.346832,1.0
-50.0,50,7855.827842,0.0
-50.0,50,7856.304461,0.0
-50.0,50,7856.813068,0.0
-50.0,50,7857.299512,0.0
-50.0,50,7857.791114,0.0
-50.0,50,7858.284672,0.0
-50.0,50,7858.807135,0.0
-50.0,50,7859.292472,0.0
0.0,50,7859.782309,1.0
-50.0,50,7860.259395,0.0
-50.0,50,7860.769155,0.0
-50.0,50,7861.255183,0.0
0.0,50,7861.734955,1.0
-50.0,50,7862.214418,0.0
-50.0,50,7862.725658,0.0
-50.0,50,7863.217615,0.0
-50.0,50,7863.70017,0.0
-50.0,50,7864.191957,0.0
-50.0,50,7864.711411,0.0
-50.0,50,7865.19173,0.0
-50.0,50,7865.67156,0.0
-50.0,50,7866.1612,0.0
-50.0,50,7866.679438,0.0
-50.0,50,7867.172007,0.0
-50.0,50,7867.66211,0.0
-50.0,50,7868.153194,0.0
-50.0,50,7868.66326,0.0
-50.0,50,7869.155415,0.0
-50.0,50,7869.639009,0.0
-50.0,50,7870.128909,0.0
-50.0,50,7870.652558,0.0
-50.0,50,7871.133523,0.0
-50.0,50,7871.62408,0.0
-50.0,50,7872.108825,0.0
-50.0,50,7872.611883,0.0
-50.0,50,7873.093134,0.0
-50.0,50,7873.575545,0.0
-50.0,50,7874.054898,0.0
-50.0,50,7874.555574,0.0
-50.0,50,7875.046327,0.0
-50.0,50,7875.529932,0.0
-50.0,50,7876.021735,0.0
0.0,50,7876.53923,1.0
-50.0,50,7877.030258,0.0
-50.0,50,7877.512135,0.0
-50.0,50,7878.00453,0.0
-50.0,50,7878.531337,0.0
-50.0,50,7879.010607,0.0
-50.0,50,7879.49639,0.0
-50.0,50,7879.979155,0.0
-50.0,50,7880.504205,0.0
-50.0,50,7880.991708,0.0
-50.0,50,7881.474965,0.0
-50.0,50,7881.958448,0.0
0.0,50,7882.457573,1.0
0.0,50,7882.950293,1.0
-50.0,50,7883.444396,0.0
-50.0,50,7883.923493,0.0
-50.0,50,7884.432551,0.0
-50.0,50,7884.923168,0.0
-50.0,50,7885.419232,0.0
-50.0,50,7885.897474,0.0
-50.0,50,7886.402649,0.0
-50.0,50,7886.881981,0.0
-50.0,50,7887.372288,0.0
-50.0,50,7887.85708,0.0
-50.0,50,7888.373317,0.0
-50.0,50,7888.854024,0.0
-50.0,50,7889.352347,0.0
0.0,50,7889.831032,1.0
-50.0,50,7890.33416,0.0
-50.0,50,7890.828242,0.0
-50.0,50,7891.311606,0.0
-50.0,50,7891.796523,0.0
-50.0,50,7892.312343,0.0
-50.0,50,7892.80151,0.0
-50.0,50,7893.288623,0.0
-50.0,50,7893.781169,0.0
-50.0,50,7894.286225,0.0
-50.0,50,7894.777602,0.0
-50.0,50,7895.269186,0.0
-50.0,50,7895.759285,0.0
-50.0,50,7896.265499,0.0
-50.0,50,7896.74842,0.0
-50.0,50,7897.241158,0.0
-50.0,50,7897.723587,0.0
-50.0,50,7898.244693,0.0
-50.0,50,7898.734196,0.0
-50.0,50,7899.225863,0.0
-50.0,50,7899.70479,0.0
-50.0,50,7900.212316,0.0
-50.0,50,7900.705064,0.0
-50.0,50,7901.18327,0.0
-50.0,50,7901.673602,0.0
-50.0,50,7902.175116,0.0
-50.0,50,7902.654827,0.0
-50.0,50,7903.137495,0.0
-50.0,50,7903.622588,0.0
-50.0,50,7904.121274,0.0
-50.0,50,7904.603257,0.0
-50.0,50,7905.090109,0.0
-50.0,50,7905.583419,0.0
-50.0,50,7906.082775,0.0
-50.0,50,7906.562565,0.0
-50.0,50,7907.053311,0.0
-50.0,50,7907.538583,0.0
-50.0,50,7908.048714,0.0
-50.0,50,7908.543248,0.0
-50.0,50,7909.034535,0.0
-50.0,50,7909.532934,0.0
-50.0,50,7910.049564,0.0
0.0,50,7910.537266,1.0
-50.0,50,7911.026132,0.0
-50.0,50,7911.508996,0.0
-50.0,50,7912.010264,0.0
-50.0,50,7912.495186,0.0
-50.0,50,7912.980243,0.0
-50.0,50,7913.470458,0.0
-50.0,50,7913.970756,0.0
-50.0,50,7914.46939,0.0
-50.0,50,7914.965788,0.0
-50.0,50,7915.450308,0.0
-50.0,50,7915.953995,0.0
-50.0,50,7916.435131,0.0
-50.0,50,7916.916178,0.0
-50.0,50,7917.410489,0.0
-50.0,50,7917.929671,0.0
-50.0,50,7918.416458,0.0
-50.0,50,7918.904342,0.0
-50.0,50,7919.391333,0.0
0.0,50,7919.905844,1.0
-50.0,50,7920.389144,0.0
-50.0,50,7920.879798,0.0
-50.0,50,7921.375413,0.0
-50.0,50,7921.894986,0.0
-50.0,50,7922.385325,0.0
-50.0,50,7922.865068,0.0
-50.0,50,7923.353814,0.0
0.0,50,7923.850445,1.0
-50.0,50,7924.331063,0.0
-50.0,50,7924.809072,0.0
-50.0,50,7925.298782,0.0
-50.0,50,7925.803484,0.0
-50.0,50,7926.296531,0.0
-50.0,50,7926.791053,0.0
-50.0,50,7927.297026,0.0
-50.0,50,7927.839998,0.0
-50.0,50,7928.31897,0.0
-50.0,50,7928.810739,0.0
-50.0,50,7929.298949,0.0
-50.0,50,7929.812835,0.0
-50.0,50,7930.30582,0.0
-50.0,50,7930.79342,0.0
-50.0,50,7931.284798,0.0
-50.0,50,7931.791182,0.0
-50.0,50,7932.280006,0.0
-50.0,50,7932.774036,0.0
-50.0,50,7933.267511,0.0
-50.0,50,7933.79472,0.0
-50.0,50,7934.292817,0.0
-50.0,50,7934.790013,0.0
-50.0,50,7935.276109,0.0
-50.0,50,7935.7743,0.0
-50.0,50,7936.259194,0.0
-50.0,50,7936.747178,0.0
-50.0,50,7937.240923,0.0
0.0,50,7937.749603,1.0
-50.0,50,7938.235236,0.0
-50.0,50,7938.716962,0.0
-50.0,50,7939.206716,0.0
-50.0,50,7939.724085,0.0
-50.0,50,7940.205037,0.0
-50.0,50,7940.686371,0.0
-50.0,50,7941.166944,0.0
-50.0,50,7941.687314,0.0
-50.0,50,7942.170611,0.0
-50.0,50,7942.648497,0.0
-50.0,50,7943.126119,0.0
-50.0,50,7943.622957,0.0
-50.0,50,7944.105461,0.0
0.0,50,7944.599479,1.0
-50.0,50,7945.079423,0.0
-50.0,50,7945.580549,0.0
-50.0,50,7946.06081,0.0
-50.0,50,7946.561024,0.0
-50.0,50,7947.041816,0.0
-50.0,50,7947.542254,0.0
-50.0,50,7948.032346,0.0
-50.0,50,7948.527654,0.0
-50.0,50,7949.007683,0.0
-50.0,50,7949.520241,0.0
-50.0,50,7950.024013,0.0
-50.0,50,7950.515026,0.0
0.0,50,7951.009223,1.0
-50.0,50,7951.515454,0.0
0.0,50,7951.993984,1.0
-50.0,50,7952.475389,0.0
-50.0,50,7952.953461,0.0
-50.0,50,7955.819597,0.0
-50.0,50,7956.298946,0.0
-50.0,50,7956.804474,0.0
-50.0,50,7957.29368,0.0
-50.0,50,7957.81429,0.0
-50.0,50,7958.312932,0.0
-50.0,50,7958.801501,0.0
-50.0,50,7959.296702,0.0
-50.0,50,7959.795819,0.0
-50.0,50,7960.283832,0.0
-50.0,50,7960.773642,0.0
-50.0,50,7961.265214,0.0
-50.0,50,7961.780161,0.0
-50.0,50,7962.267608,0.0
-50.0,50,7962.752301,0.0
-50.0,50,7963.230536,0.0
-50.0,50,7963.735616,0.0
-50.0,50,7964.22476,0.0
-50.0,50,7964.716634,0.0
-50.0,50,7965.206351,0.0
-50.0,50,7965.71668,0.0
-50.0,50,7966.212935,0.0
-50.0,50,7966.710041,0.0
-50.0,50,7967.21054,0.0
-50.0,50,7967.712312,0.0
-50.0,50,7968.210224,0.0
-50.0,50,7968.700183,0.0
-50.0,50,7969.192624,0.0
-50.0,50,7969.695016,0.0
-50.0,50,7970.173868,0.0
-50.0,50,7970.665524,0.0
-50.0,50,7971.146311,0.0
-50.0,50,7971.658729,0.0
-50.0,50,7972.146421,0.0
-50.0,50,7972.624841,0.0
-50.0,50,7973.109666,0.0
-50.0,50,7973.622754,0.0
-50.0,50,7974.102675,0.0
-50.0,50,7974.597681,0.0
-50.0,50,7975.093762,0.0
-50.0,50,7975.60921,0.0
-50.0,50,7976.10269,0.0
-50.0,50,7976.59581,0.0
-50.0,50,7977.093043,0.0
-50.0,50,7977.605061,0.0
-50.0,50,7978.099027,0.0
-50.0,50,7978.582346,0.0
-50.0,50,7979.074936,0.0
-50.0,50,7979.586729,0.0
-50.0,50,7980.069381,0.0
-50.0,50,7980.559675,0.0
-5.0,50,7981.052505,1.0
-50.0,50,7981.559879,0.0
0.0,50,7982.04679,1.0
-50.0,50,7982.536761,0.0
-50.0,50,7983.025825,0.0
0.0,50,7983.533937,1.0
-50.0,50,7984.030283,0.0
-50.0,50,7984.515768,0.0
0.0,50,7985.012577,1.0
-50.0,50,7985.525375,0.0
-50.0,50,7986.025412,0.0
-50.0,50,7986.520127,0.0
-50.0,50,7987.012075,0.0
-50.0,50,7987.517851,0.0
0.0,50,7988.026603,1.0
-50.0,50,7988.513653,0.0
-50.0,50,7988.992582,0.0
-50.0,50,7989.495519,0.0
-50.0,50,7989.987545,0.0
-50.0,50,7990.478246,0.0
-50.0,50,7990.966086,0.0
-50.0,50,7991.463536,0.0
-50.0,50,7991.952385,0.0
-50.0,50,7992.441416,0.0
-50.0,50,7992.930488,0.0
-50.0,50,7993.419354,0.0
-50.0,50,7993.906516,0.0
-50.0,50,7994.401706,0.0
-50.0,50,7994.899552,0.0
-50.0,50,7995.40548,0.0
-50.0,50,7995.891658,0.0
-50.0,50,7996.378774,0.0
-50.0,50,7996.86577,0.0
0.0,50,7997.384097,1.0
-50.0,50,7997.875614,0.0
-50.0,50,7998.363573,0.0
-50.0,50,7998.845733,0.0
-50.0,50,7999.35145,0.0
-50.0,50,7999.836746,0.0
-50.0,50,8000.314634,0.0
-50.0,50,8000.800366,0.0
-50.0,50,8001.302766,0.0
-50.0,50,8001.788775,0.0
-50.0,50,8002.275301,0.0
-50.0,50,8002.764539,0.0
-50.0,50,8003.254438,0.0
-50.0,50,8003.733109,0.0
0.0,50,8004.21892,1.0
-50.0,50,8004.710725,0.0
-50.0,50,8005.214218,0.0
-50.0,50,8005.701946,0.0
-50.0,50,8006.185558,0.0
-50.0,50,8006.676445,0.0
-50.0,50,8007.18505,0.0
-50.0,50,8007.672326,0.0
-50.0,50,8008.163681,0.0
-50.0,50,8008.648879,0.0
-50.0,50,8009.14859,0.0
-50.0,50,8009.638922,0.0
-50.0,50,8010.134043,0.0
-50.0,50,8010.626018,0.0
-50.0,50,8011.163911,0.0
0.0,50,8011.649787,1.0
-50.0,50,8012.130525,0.0
-50.0,50,8012.625592,0.0
-50.0,50,8013.130223,0.0
-50.0,50,8013.620811,0.0
-50.0,50,8014.105229,0.0
-50.0,50,8014.586035,0.0
-50.0,50,8015.099966,0.0
-50.0,50,8015.580086,0.0
-50.0,50,8016.062413,0.0
-50.0,50,8016.549911,0.0
-50.0,50,8017.053331,0.0
-50.0,50,8017.535041,0.0
-50.0,50,8018.036553,0.0
-50.0,50,8018.533582,0.0
-50.0,50,8019.047119,0.0
-50.0,50,8019.538235,0.0
-50.0,50,8020.035846,0.0
-50.0,50,8020.530276,0.0
-50.0,50,8021.049743,0.0
-50.0,50,8021.538473,0.0
-50.0,50,8022.042282,0.0
-50.0,50,8022.538305,0.0
-50.0,50,8023.052214,0.0
-50.0,50,8023.553649,0.0
-50.0,50,8024.054587,0.0
0.0,50,8024.552834,1.0
-50.0,50,8025.05385,0.0
-50.0,50,8025.541223,0.0
-50.0,50,8026.027895,0.0
-50.0,50,8026.529132,0.0
-50.0,50,8027.044153,0.0
-50.0,50,8027.52977,0.0
-50.0,50,8028.013692,0.0
-50.0,50,8028.496741,0.0
-50.0,50,8028.988678,0.0
-50.0,50,8029.480005,0.0
-50.0,50,8029.971036,0.0
-50.0,50,8030.466925,0.0
-50.0,50,8030.973557,0.0
-50.0,50,8031.468917,0.0
-50.0,50,8031.967099,0.0
-50.0,50,8032.463982,0.0
-50.0,50,8032.971835,0.0
-50.0,50,8033.469691,0.0
-50.0,50,8033.969104,0.0
-50.0,50,8034.456372,0.0
0.0,50,8034.957714,1.0
-50.0,50,8035.453005,0.0
-50.0,50,8035.960041,0.0
-50.0,50,8036.460148,0.0
-50.0,50,8036.980874,0.0
-50.0,50,8037.481191,0.0
-50.0,50,8037.97652,0.0
-50.0,50,8038.477314,0.0
0.0,50,8038.997032,1.0
-50.0,50,8039.492232,0.0
-50.0,50,8039.985592,0.0
-50.0,50,8040.464337,0.0
-50.0,50,8040.968801,0.0
-50.0,50,8041.461176,0.0
-50.0,50,8041.939543,0.0
-50.0,50,8042.430878,0.0
-50.0,50,8042.938244,0.0
-50.0,50,8043.420793,0.0
-50.0,50,8043.912918,0.0
-50.0,50,8044.401143,0.0
-50.0,50,8044.911427,0.0
-50.0,50,8045.39218,0.0
-50.0,50,8045.867666,0.0
-50.0,50,8046.354782,0.0
-50.0,50,8046.861385,0.0
-50.0,50,8047.35846,0.0
-50.0,50,8047.849895,0.0
-50.0,50,8048.33324,0.0
-50.0,50,8048.837957,0.0
-50.0,50,8049.324861,0.0
-50.0,50,8049.820734,0.0
-50.0,50,8050.306285,0.0
-50.0,50,8050.817207,0.0
-50.0,50,8051.308934,0.0
-50.0,50,8051.785782,0.0
-50.0,50,8052.261757,0.0
-50.0,50,8052.762152,0.0
-50.0,50,8053.251811,0.0
-50.0,50,8053.740433,0.0
-50.0,50,8054.228268,0.0
-50.0,50,8057.02974,0.0
-50.0,50,8057.525104,0.0
-50.0,50,8058.014502,0.0
0.0,50,8058.490052,1.0
-50.0,50,8058.98982,0.0
-50.0,50,8059.474631,0.0
-50.0,50,8059.963851,0.0
-50.0,50,8060.460285,0.0
-50.0,50,8060.960324,0.0
-50.0,50,8061.44316,0.0
-50.0,50,8061.921619,0.0
-50.0,50,8062.409288,0.0
-50.0,50,8062.900046,0.0
-50.0,50,8063.385502,0.0
-50.0,50,8063.875667,0.0
-50.0,50,8064.354839,0.0
-50.0,50,8064.863991,0.0
-50.0,50,8065.356513,0.0
-50.0,50,8065.84412,0.0
-50.0,50,8066.34083,0.0
-50.0,50,8066.841892,0.0
-50.0,50,8067.332457,0.0
-50.0,50,8067.825871,0.0
-50.0,50,8068.318435,0.0
-50.0,50,8068.825745,0.0
-50.0,50,8069.316934,0.0
-50.0,50,8069.800167,0.0
-50.0,50,8070.296633,0.0
-50.0,50,8070.801768,0.0
-50.0,50,8071.292657,0.0
-50.0,50,8071.785961,0.0
-50.0,50,8072.276707,0.0
-50.0,50,8072.783662,0.0
-50.0,50,8073.270444,0.0
-50.0,50,8073.765761,0.0
-50.0,50,8074.260418,0.0
-50.0,50,8074.76921,0.0
-50.0,50,8075.265638,0.0
-50.0,50,8075.758967,0.0
-50.0,50,8076.249587,0.0
-50.0,50,8076.765384,0.0
-50.0,50,8077.262807,0.0
-50.0,50,8077.764053,0.0
-50.0,50,8078.26585,0.0
-50.0,50,8078.771159,0.0
-50.0,50,8079.266837,0.0
-50.0,50,8079.754164,0.0
-50.0,50,8080.246248,0.0
-50.0,50,8080.754011,0.0
-50.0,50,8081.241441,0.0
-50.0,50,8081.725705,0.0
-50.0,50,8082.207368,0.0
-50.0,50,8082.718396,0.0
-50.0,50,8083.217603,0.0
0.0,50,8083.715619,1.0
-50.0,50,8084.212481,0.0
-50.0,50,8084.726154,0.0
-50.0,50,8085.216985,0.0
0.0,50,8085.714936,1.0
-50.0,50,8086.196788,0.0
-50.0,50,8086.697361,0.0
0.0,50,8087.178266,1.0
-50.0,50,8087.669266,0.0
-50.0,50,8088.161421,0.0
-50.0,50,8088.66629,0.0
-50.0,50,8089.158296,0.0
-50.0,50,8089.650745,0.0
-50.0,50,8090.151113,0.0
-50.0,50,8090.666902,0.0
-50.0,50,8091.158099,0.0
-50.0,50,8091.642601,0.0
-50.0,50,8092.122874,0.0
-50.0,50,8092.616317,0.0
-50.0,50,8093.095793,0.0
-50.0,50,8093.583622,0.0
-50.0,50,8094.064104,0.0
-50.0,50,8094.57058,0.0
-50.0,50,8095.05995,0.0
0.0,50,8095.538364,1.0
0.0,50,8096.026138,1.0
-50.0,50,8096.533123,0.0
-50.0,50,8097.021452,0.0
-50.0,50,8097.503899,0.0
-50.0,50,8098.003895,0.0
-50.0,50,8098.499109,0.0
-50.0,50,8098.985966,0.0
-50.0,50,8099.480399,0.0
-50.0,50,8099.978101,0.0
-50.0,50,8100.484433,0.0
-50.0,50,8100.97944,0.0
-50.0,50,8101.477837,0.0
-50.0,50,8101.97654,0.0
-50.0,50,8102.481686,0.0
-50.0,50,8102.977216,0.0
0.0,50,8103.488081,1.0
-50.0,50,8103.980317,0.0
-50.0,50,8104.488719,0.0
-50.0,50,8104.979032,0.0
-50.0,50,8105.476411,0.0
-50.0,50,8105.972071,0.0
-50.0,50,8106.48409,0.0
-50.0,50,8106.980418,0.0
-50.0,50,8107.474184,0.0
-50.0,50,8107.981378,0.0
-50.0,50,8108.498078,0.0
-50.0,50,8108.985791,0.0
-50.0,50,8109.471817,0.0
-50.0,50,8109.954123,0.0
-50.0,50,8110.462226,0.0
-50.0,50,8110.943382,0.0
-50.0,50,8111.426376,0.0
-50.0,50,8111.92424,0.0
-50.0,50,8112.43192,0.0
-50.0,50,8112.921387,0.0
-50.0,50,8113.402114,0.0
-50.0,50,8113.896316,0.0
-50.0,50,8114.403408,0.0
-50.0,50,8114.906548,0.0
-50.0,50,8115.388149,0.0
-50.0,50,8115.87794,0.0
-50.0,50,8116.394385,0.0
-50.0,50,8116.873107,0.0
-50.0,50,8117.357243,0.0
-50.0,50,8117.85455,0.0
-50.0,50,8118.358604,0.0
-50.0,50,8118.854738,0.0
-50.0,50,8119.345591,0.0
-50.0,50,8119.84954,0.0
-50.0,50,8120.369141,0.0
-50.0,50,8120.849807,0.0
-50.0,50,8121.345156,0.0
-50.0,50,8121.837242,0.0
-50.0,50,8122.348752,0.0
-50.0,50,8122.847802,0.0
-50.0,50,8123.337645,0.0
-50.0,50,8123.82236,0.0
-50.0,50,8124.345741,0.0
0.0,50,8124.823996,1.0
-50.0,50,8125.318424,0.0
0.0,50,8125.800008,1.0
-50.0,50,8126.316552,0.0
-50.0,50,8126.807169,0.0
-50.0,50,8127.29189,0.0
-50.0,50,8127.770587,0.0
-50.0,50,8128.280412,0.0
-50.0,50,8128.774377,0.0
-50.0,50,8129.271166,0.0
-50.0,50,8129.758342,0.0
-50.0,50,8130.265859,0.0
-50.0,50,8130.758149,0.0
-50.0,50,8131.245603,0.0
-50.0,50,8131.727607,0.0
-50.0,50,8132.221645,0.0
-50.0,50,8132.717781,0.0
-50.0,50,8133.196029,0.0
0.0,50,8133.674191,1.0
-50.0,50,8134.167316,0.0
-50.0,50,8134.667569,0.0
-50.0,50,8135.153804,0.0
-50.0,50,8135.642167,0.0
-50.0,50,8136.153049,0.0
-50.0,50,8136.645642,0.0
-50.0,50,8137.136522,0.0
-50.0,50,8137.626991,0.0
-50.0,50,8138.131666,0.0
-50.0,50,8138.61359,0.0
-50.0,50,8139.103203,0.0
-50.0,50,8139.582377,0.0
-50.0,50,8140.094507,0.0
-50.0,50,8140.602917,0.0
-50.0,50,8141.082624,0.0
0.0,50,8141.572342,1.0
-50.0,50,8142.065459,0.0
-50.0,50,8142.543378,0.0
-50.0,50,8143.043143,0.0
-50.0,50,8143.53703,0.0
-50.0,50,8144.035421,0.0
-50.0,50,8144.527033,0.0
-50.0,50,8145.03352,0.0
-50.0,50,8145.515446,0.0
-50.0,50,8146.009723,0.0
-50.0,50,8146.487322,0.0
-50.0,50,8146.980087,0.0
-50.0,50,8147.467204,0.0
-50.0,50,8147.962926,0.0
0.0,50,8148.447498,1.0
-50.0,50,8148.926419,0.0
-50.0,50,8149.413171,0.0
-50.0,50,8149.915741,0.0
-50.0,50,8150.398198,0.0
-50.0,50,8150.880284,0.0
-50.0,50,8151.363347,0.0
-50.0,50,8151.861854,0.0
-50.0,50,8152.342605,0.0
-50.0,50,8152.856882,0.0
-50.0,50,8153.343569,0.0
-50.0,50,8153.853925,0.0
-50.0,50,8154.333602,0.0
0.0,50,8154.825222,1.0
-50.0,50,8155.319195,0.0
-50.0,50,8158.170603,0.0
-50.0,50,8158.654793,0.0
-50.0,50,8159.133555,0.0
-50.0,50,8159.611996,0.0
-50.0,50,8160.131213,0.0
-50.0,50,8160.62071,0.0
-46.0,50,8161.112934,0.0
-50.0,50,8161.590129,0.0
-50.0,50,8162.128168,0.0
-50.0,50,8162.617256,0.0
-50.0,50,8163.102474,0.0
-50.0,50,8163.582787,0.0
-50.0,50,8164.080564,0.0
-50.0,50,8164.56633,0.0
-50.0,50,8165.046375,0.0
-50.0,50,8165.535929,0.0
0.0,50,8166.051544,1.0
-50.0,50,8166.544443,0.0
-50.0,50,8167.030627,0.0
-50.0,50,8167.521348,0.0
-50.0,50,8168.03468,0.0
-50.0,50,8168.513534,0.0
-50.0,50,8169.00668,0.0
-50.0,50,8169.494766,0.0
-50.0,50,8170.000761,0.0
-50.0,50,8170.497835,0.0
-50.0,50,8170.988814,0.0
-50.0,50,8171.479281,0.0
0.0,50,8171.986177,1.0
-50.0,50,8172.476434,0.0
-50.0,50,8172.958215,0.0
-50.0,50,8173.44539,0.0
-50.0,50,8173.938021,0.0
-50.0,50,8174.41399,0.0
-50.0,50,8174.906306,0.0
-50.0,50,8175.382116,0.0
-50.0,50,8175.924693,0.0
-50.0,50,8176.400307,0.0
-50.0,50,8176.888637,0.0
-50.0,50,8177.368824,0.0
-50.0,50,8177.883548,0.0
-50.0,50,8178.35978,0.0
-50.0,50,8178.841038,0.0
-50.0,50,8179.328344,0.0
-50.0,50,8179.824141,0.0
-50.0,50,8180.302349,0.0
-50.0,50,8180.795201,0.0
-50.0,50,8181.28497,0.0
-50.0,50,8181.79644,0.0
-50.0,50,8182.310274,0.0
-50.0,50,8182.789615,0.0
-50.0,50,8183.26878,0.0
-50.0,50,8183.781696,0.0
-50.0,50,8184.274962,0.0
-50.0,50,8184.766257,0.0
-50.0,50,8185.248765,0.0
-50.0,50,8185.748453,0.0
-50.0,50,8186.240971,0.0
0.0,50,8186.716943,1.0
-50.0,50,8187.213326,0.0
-50.0,50,8187.711505,0.0
-50.0,50,8188.202753,0.0
-50.0,50,8188.681664,0.0
-50.0,50,8189.164066,0.0
0.0,50,8189.690836,1.0
-50.0,50,8190.170352,0.0
-50.0,50,8190.660899,0.0
-50.0,50,8191.152074,0.0
-50.0,50,8191.652728,0.0
-50.0,50,8192.135817,0.0
-50.0,50,8192.62083,0.0
-50.0,50,8193.096289,0.0
-50.0,50,8193.609446,0.0
-50.0,50,8194.102283,0.0
-50.0,50,8194.599597,0.0
-50.0,50,8195.087313,0.0
-50.0,50,8195.600437,0.0
-50.0,50,8196.08816,0.0
-50.0,50,8196.570825,0.0
-50.0,50,8197.059217,0.0
-50.0,50,8197.558486,0.0
-50.0,50,8198.057562,0.0
-50.0,50,8198.549887,0.0
-50.0,50,8199.040233,0.0
-50.0,50,8199.528158,0.0
0.0,50,8200.012829,1.0
-50.0,50,8200.492722,0.0
-50.0,50,8200.983436,0.0
-50.0,50,8201.513933,0.0
-50.0,50,8202.008921,0.0
-50.0,50,8202.497751,0.0
-50.0,50,8202.975303,0.0
-50.0,50,8203.46556,0.0
-50.0,50,8203.954566,0.0
-50.0,50,8204.436305,0.0
-50.0,50,8204.918539,0.0
-50.0,50,8205.409526,0.0
-50.0,50,8205.903142,0.0
-50.0,50,8206.386191,0.0
0.0,50,8206.870771,1.0
-50.0,50,8207.368927,0.0
-50.0,50,8207.84749,0.0
-50.0,50,8208.34461,0.0
-50.0,50,8208.856276,0.0
-50.0,50,8209.357146,0.0
-50.0,50,8209.847526,0.0
-50.0,50,8210.329359,0.0
-50.0,50,8210.822578,0.0
-50.0,50,8211.347133,0.0
-50.0,50,8211.838115,0.0
-50.0,50,8212.325651,0.0
-50.0,50,8212.801446,0.0
-50.0,50,8213.304765,0.0
-50.0,50,8213.788346,0.0
-50.0,50,8214.271854,0.0
-50.0,50,8214.747405,0.0
-50.0,50,8215.254698,0.0
-50.0,50,8215.748861,0.0
-50.0,50,8216.240054,0.0
-50.0,50,8216.733154,0.0
-50.0,50,8217.223353,0.0
-50.0,50,8217.71471,0.0
-50.0,50,8218.198944,0.0
-50.0,50,8218.68599,0.0
-50.0,50,8219.18949,0.0
-50.0,50,8219.679616,0.0
0.0,50,8220.175638,1.0
-50.0,50,8220.66486,0.0
-50.0,50,8221.16855,0.0
-50.0,50,8221.65877,0.0
-50.0,50,8222.144642,0.0
-50.0,50,8222.634683,0.0
-50.0,50,8223.139604,0.0
-50.0,50,8223.625053,0.0
-50.0,50,8224.099314,0.0
-50.0,50,8224.585448,0.0
-50.0,50,8225.086885,0.0
-50.0,50,8225.565981,0.0
-50.0,50,8226.050634,0.0
-50.0,50,8226.530607,0.0
-50.0,50,8227.032657,0.0
-50.0,50,8227.512442,0.0
-50.0,50,8228.010695,0.0
-50.0,50,8228.494456,0.0
-50.0,50,8228.999071,0.0
-50.0,50,8229.485972,0.0
-50.0,50,8229.995527,0.0
-50.0,50,8230.490109,0.0
-50.0,50,8230.980683,0.0
-50.0,50,8231.462111,0.0
-50.0,50,8231.947404,0.0
-50.0,50,8232.42051,0.0
-50.0,50,8232.924648,0.0
-50.0,50,8233.411695,0.0
-50.0,50,8233.896029,0.0
-50.0,50,8234.370324,0.0
-50.0,50,8234.915702,0.0
-50.0,50,8235.395503,0.0
-50.0,50,8235.873449,0.0
0.0,50,8236.367417,1.0
-50.0,50,8236.885709,0.0
-50.0,50,8237.37097,0.0
-50.0,50,8237.8606,0.0
-50.0,50,8238.34253,0.0
-50.0,50,8238.86498,0.0
-50.0,50,8239.353601,0.0
-50.0,50,8239.841349,0.0
-50.0,50,8240.325614,0.0
-50.0,50,8240.831942,0.0
-50.0,50,8241.321609,0.0
-50.0,50,8241.808148,0.0
-50.0,50,8242.291625,0.0
-50.0,50,8242.813103,0.0
-50.0,50,8243.303181,0.0
-50.0,50,8243.793513,0.0
0.0,50,8244.28825,1.0
-50.0,50,8244.798308,0.0
-50.0,50,8245.283555,0.0
-50.0,50,8245.772542,0.0
0.0,50,8246.265459,1.0
-50.0,50,8246.79314,0.0
-50.0,50,8247.271525,0.0
-50.0,50,8247.747428,0.0
-50.0,50,8248.221812,0.0
-50.0,50,8248.735314,0.0
-50.0,50,8249.210436,0.0
-50.0,50,8249.695565,0.0
-50.0,50,8250.180712,0.0
-50.0,50,8250.710186,0.0
-50.0,50,8251.197795,0.0
-50.0,50,8251.681696,0.0
-50.0,50,8252.169358,0.0
-50.0,50,8252.694055,0.0
-50.0,50,8253.181778,0.0
-50.0,50,8253.666852,0.0
-50.0,50,8254.13972,0.0
0.0,50,8254.655684,1.0
-50.0,50,8255.147615,0.0
-50.0,50,8255.637504,0.0
-50.0,50,8256.127691,0.0
-50.0,50,8258.978778,0.0
-50.0,50,8259.472517,0.0
-50.0,50,8259.958889,0.0
-50.0,50,8260.442882,0.0
-50.0,50,8260.966034,0.0
-50.0,50,8261.465324,0.0
-50.0,50,8261.948715,0.0
0.0,50,8262.435601,1.0
-50.0,50,8262.963717,0.0
-50.0,50,8263.455984,0.0
-50.0,50,8263.944369,0.0
-50.0,50,8264.42904,0.0
-50.0,50,8264.945569,0.0
-50.0,50,8265.459008,0.0
-50.0,50,8265.947546,0.0
-50.0,50,8266.436834,0.0
-50.0,50,8266.971829,0.0
0.0,50,8267.446075,1.0
-50.0,50,8267.931733,0.0
-50.0,50,8268.415619,0.0
-50.0,50,8268.930655,0.0
-50.0,50,8269.420811,0.0
-50.0,50,8269.907429,0.0
-50.0,50,8270.394913,0.0
-50.0,50,8270.901533,0.0
0.0,50,8271.387778,1.0
-50.0,50,8271.864837,0.0
-50.0,50,8272.338768,0.0
-50.0,50,8272.847317,0.0
-50.0,50,8273.336546,0.0
-50.0,50,8273.817152,0.0
-50.0,50,8274.298201,0.0
-50.0,50,8274.836878,0.0
-50.0,50,8275.340451,0.0
-50.0,50,8275.83005,0.0
-50.0,50,8276.315035,0.0
-50.0,50,8276.84237,0.0
-50.0,50,8277.330075,0.0
-50.0,50,8277.818508,0.0
-50.0,50,8278.299671,0.0
-50.0,50,8278.800555,0.0
-50.0,50,8279.286503,0.0
-50.0,50,8279.778471,0.0
-50.0,50,8280.287943,0.0
-50.0,50,8280.789,0.0
-50.0,50,8281.276552,0.0
-50.0,50,8281.764157,0.0
-50.0,50,8282.254635,0.0
-50.0,50,8282.76802,0.0
-50.0,50,8283.256321,0.0
-50.0,50,8283.751534,0.0
-50.0,50,8284.243377,0.0
-50.0,50,8284.760303,0.0
-50.0,50,8285.246801,0.0
-50.0,50,8285.738252,0.0
-50.0,50,8286.218094,0.0
-50.0,50,8286.729845,0.0
-50.0,50,8287.220324,0.0
-50.0,50,8287.712801,0.0
-50.0,50,8288.207541,0.0
-50.0,50,8288.721065,0.0
-50.0,50,8289.209898,0.0
-50.0,50,8289.710957,0.0
-50.0,50,8290.190115,0.0
-50.0,50,8290.699117,0.0
-50.0,50,8291.177986,0.0
-50.0,50,8291.659652,0.0
-50.0,50,8292.149405,0.0
-50.0,50,8292.648358,0.0
-50.0,50,8293.128501,0.0
-50.0,50,8293.62034,0.0
-50.0,50,8294.099444,0.0
-50.0,50,8294.604622,0.0
-50.0,50,8295.094928,0.0
-50.0,50,8295.586392,0.0
-50.0,50,8296.064886,0.0
-50.0,50,8296.570639,0.0
-50.0,50,8297.049666,0.0
-50.0,50,8297.541156,0.0
-50.0,50,8298.017095,0.0
-50.0,50,8298.516005,0.0
-50.0,50,8299.00229,0.0
-50.0,50,8299.49163,0.0
-50.0,50,8299.969074,0.0
-50.0,50,8300.474686,0.0
-50.0,50,8300.959741,0.0
-50.0,50,8301.44925,0.0
0.0,50,8301.937504,1.0
-50.0,50,8302.449663,0.0
-50.0,50,8302.939079,0.0
-50.0,50,8303.426717,0.0
-50.0,50,8303.909807,0.0
-50.0,50,8304.408882,0.0
-50.0,50,8304.896372,0.0
-50.0,50,8305.38655,0.0
-50.0,50,8305.870133,0.0
-50.0,50,8306.376302,0.0
-50.0,50,8306.868169,0.0
-50.0,50,8307.351635,0.0
-50.0,50,8307.853251,0.0
-50.0,50,8308.355769,0.0
-50.0,50,8308.84812,0.0
-50.0,50,8309.338111,0.0
-50.0,50,8309.827134,0.0
-50.0,50,8310.334665,0.0
-50.0,50,8310.82361,0.0
-50.0,50,8311.313618,0.0
-50.0,50,8311.804933,0.0
-50.0,50,8312.311989,0.0
-50.0,50,8312.795768,0.0
0.0,50,8313.292788,1.0
-50.0,50,8313.772142,0.0
-50.0,50,8314.284278,0.0
-50.0,50,8314.776007,0.0
-50.0,50,8315.267548,0.0
-50.0,50,8315.759681,0.0
-50.0,50,8316.26046,0.0
-50.0,50,8316.767252,0.0
-50.0,50,8317.262244,0.0
-50.0,50,8317.754165,0.0
-50.0,50,8318.270461,0.0
-50.0,50,8318.748523,0.0
-50.0,50,8319.239605,0.0
-50.0,50,8319.730253,0.0
-50.0,50,8320.235776,0.0
0.0,50,8320.715802,1.0
-50.0,50,8321.202047,0.0
-50.0,50,8321.689996,0.0
-50.0,50,8322.182252,0.0
-50.0,50,8322.674424,0.0
-50.0,50,8323.162906,0.0
-50.0,50,8323.651961,0.0
-50.0,50,8324.161695,0.0
-50.0,50,8324.667005,0.0
-50.0,50,8325.153768,0.0
-50.0,50,8325.642586,0.0
-50.0,50,8326.135932,0.0
-50.0,50,8326.62124,0.0
-50.0,50,8327.113563,0.0
-50.0,50,8327.593173,0.0
-50.0,50,8328.098747,0.0
-50.0,50,8328.582872,0.0
-50.0,50,8329.062677,0.0
-50.0,50,8329.551556,0.0
-50.0,50,8330.041001,0.0
-50.0,50,8330.524603,0.0
-50.0,50,8331.009293,0.0
-50.0,50,8331.498872,0.0
-50.0,50,8332.003966,0.0
-50.0,50,8332.480664,0.0
-50.0,50,8332.964878,0.0
-50.0,50,8333.458341,0.0
-50.0,50,8333.969795,0.0
-50.0,50,8334.445066,0.0
-50.0,50,8334.920138,0.0
-50.0,50,8335.404111,0.0
-50.0,50,8335.900976,0.0
-50.0,50,8336.392001,0.0
-50.0,50,8336.883574,0.0
-50.0,50,8337.367796,0.0
-50.0,50,8337.867889,0.0
-50.0,50,8338.352163,0.0
-50.0,50,8338.839149,0.0
-50.0,50,8339.339815,0.0
-50.0,50,8339.83715,0.0
-50.0,50,8340.323072,0.0
-50.0,50,8340.796705,0.0
-50.0,50,8341.274383,0.0
-50.0,50,8341.768165,0.0
0.0,50,8342.251154,1.0
-50.0,50,8342.737998,0.0
-50.0,50,8343.223008,0.0
-50.0,50,8343.716645,0.0
-50.0,50,8344.203763,0.0
-50.0,50,8344.678982,0.0
-50.0,50,8345.163088,0.0
-50.0,50,8345.669227,0.0
-50.0,50,8346.145509,0.0
-50.0,50,8346.628044,0.0
-50.0,50,8347.114736,0.0
-50.0,50,8347.608933,0.0
-50.0,50,8348.103215,0.0
-50.0,50,8348.592706,0.0
-50.0,50,8349.072994,0.0
-50.0,50,8349.562925,0.0
-50.0,50,8350.043927,0.0
-50.0,50,8350.521912,0.0
-50.0,50,8351.008523,0.0
-50.0,50,8351.51269,0.0
-50.0,50,8351.997554,0.0
-50.0,50,8352.482615,0.0
-50.0,50,8352.959791,0.0
-50.0,50,8353.457496,0.0
-50.0,50,8353.933403,0.0
0.0,50,8354.422469,1.0
-50.0,50,8354.901572,0.0
-50.0,50,8355.40111,0.0
-50.0,50,8355.887195,0.0
-50.0,50,8356.374858,0.0
-50.0,50,8356.861031,0.0
-50.0,50,8359.679075,0.0
0.0,50,8360.161423,1.0
-50.0,50,8360.649205,0.0
-50.0,50,8361.133288,0.0
-50.0,50,8361.626425,0.0
-50.0,50,8362.10956,0.0
-50.0,50,8362.594866,0.0
0.0,50,8363.084455,1.0
-50.0,50,8363.581044,0.0
-50.0,50,8364.067617,0.0
0.0,50,8364.558377,1.0
-50.0,50,8365.043203,0.0
-50.0,50,8365.549174,0.0
-50.0,50,8366.033054,0.0
-50.0,50,8366.515591,0.0
-50.0,50,8367.001609,0.0
-50.0,50,8367.499751,0.0
0.0,50,8367.975634,1.0
-50.0,50,8368.461481,0.0
-50.0,50,8368.935352,0.0
-50.0,50,8369.444778,0.0
-50.0,50,8369.935167,0.0
-50.0,50,8370.425253,0.0
-50.0,50,8370.912346,0.0
-50.0,50,8371.420087,0.0
-50.0,50,8371.905322,0.0
-50.0,50,8372.389343,0.0
-50.0,50,8372.863829,0.0
0.0,50,8373.369236,1.0
0.0,50,8373.861878,1.0
-50.0,50,8374.348057,0.0
-50.0,50,8374.823475,0.0
-50.0,50,8375.323277,0.0
0.0,50,8375.810279,1.0
-50.0,50,8376.287343,0.0
-50.0,50,8376.765347,0.0
-50.0,50,8377.265864,0.0
-50.0,50,8377.758346,0.0
-50.0,50,8378.246204,0.0
-50.0,50,8378.740973,0.0
-50.0,50,8379.233008,0.0
0.0,50,8379.70829,1.0
-50.0,50,8380.188365,0.0
-50.0,50,8380.69832,0.0
-50.0,50,8381.206242,0.0
-50.0,50,8381.693317,0.0
-50.0,50,8382.176548,0.0
-50.0,50,8382.665547,0.0
0.0,50,8383.157901,1.0
-50.0,50,8383.633076,0.0
-50.0,50,8384.124261,0.0
-50.0,50,8384.619333,0.0
-50.0,50,8385.155747,0.0
-50.0,50,8385.643216,0.0
-50.0,50,8386.137247,0.0
-50.0,50,8386.625207,0.0
-50.0,50,8387.118128,0.0
-50.0,50,8387.628172,0.0
-50.0,50,8388.118613,0.0
-50.0,50,8388.607922,0.0
-50.0,50,8389.108502,0.0
-50.0,50,8389.598662,0.0
-50.0,50,8390.078474,0.0
-50.0,50,8390.568266,0.0
-50.0,50,8391.091805,0.0
0.0,50,8391.579687,1.0
-50.0,50,8392.073337,0.0
-50.0,50,8392.566685,0.0
-50.0,50,8393.082739,0.0
-50.0,50,8393.570926,0.0
-50.0,50,8394.065361,0.0
-50.0,50,8394.571497,0.0
0.0,50,8395.083515,1.0
-50.0,50,8395.563061,0.0
-50.0,50,8396.039457,0.0
-50.0,50,8396.528593,0.0
-50.0,50,8397.027596,0.0
-50.0,50,8397.518295,0.0
-50.0,50,8398.010246,0.0
-50.0,50,8398.515595,0.0
-50.0,50,8399.009529,0.0
-50.0,50,8399.498994,0.0
-50.0,50,8399.979549,0.0
-50.0,50,8400.46725,0.0
-50.0,50,8400.968588,0.0
-50.0,50,8401.448159,0.0
-50.0,50,8401.924388,0.0
-50.0,50,8402.411751,0.0
-50.0,50,8402.916307,0.0
-50.0,50,8403.403638,0.0
-50.0,50,8403.885063,0.0
-50.0,50,8404.371341,0.0
-50.0,50,8404.881626,0.0
-50.0,50,8405.368852,0.0
-50.0,50,8405.845069,0.0
-50.0,50,8406.341371,0.0
-50.0,50,8406.84836,0.0
-50.0,50,8407.345904,0.0
-50.0,50,8407.842454,0.0
0.0,50,8408.333172,1.0
-50.0,50,8408.829578,0.0
-50.0,50,8409.317741,0.0
-50.0,50,8409.797535,0.0
-50.0,50,8410.293621,0.0
-50.0,50,8410.787324,0.0
-50.0,50,8411.276334,0.0
-50.0,50,8411.761453,0.0
0.0,50,8412.247394,1.0
-50.0,50,8412.744427,0.0
-50.0,50,8413.229448,0.0
-50.0,50,8413.718545,0.0
-50.0,50,8414.205899,0.0
0.0,50,8414.702546,1.0
-50.0,50,8415.196115,0.0
-50.0,50,8415.671619,0.0
-50.0,50,8416.156728,0.0
-50.0,50,8416.662451,0.0
-50.0,50,8417.142438,0.0
-50.0,50,8417.637753,0.0
-50.0,50,8418.13699,0.0
-50.0,50,8418.638258,0.0
-50.0,50,8419.134132,0.0
-50.0,50,8419.615623,0.0
-50.0,50,8420.102528,0.0
-50.0,50,8420.608402,0.0
-50.0,50,8421.092344,0.0
-50.0,50,8421.56947,0.0
-50.0,50,8422.053333,0.0
-50.0,50,8422.548257,0.0
-50.0,50,8423.03086,0.0
-50.0,50,8423.519645,0.0
-50.0,50,8424.00454,0.0
-50.0,50,8424.513181,0.0
-50.0,50,8425.00138,0.0
-50.0,50,8425.482408,0.0
-50.0,50,8425.967563,0.0
-50.0,50,8426.502587,0.0
-50.0,50,8426.987355,0.0
-50.0,50,8427.476514,0.0
-50.0,50,8427.958958,0.0
-50.0,50,8428.459044,0.0
-50.0,50,8428.943389,0.0
-50.0,50,8429.42848,0.0
-50.0,50,8429.915547,0.0
-50.0,50,8430.415071,0.0
0.0,50,8430.901754,1.0
-50.0,50,8431.388892,0.0
-50.0,50,8431.879598,0.0
-50.0,50,8432.382613,0.0
-50.0,50,8432.868508,0.0
-50.0,50,8433.350315,0.0
-50.0,50,8433.838329,0.0
-50.0,50,8434.335713,0.0
-50.0,50,8434.828268,0.0
-50.0,50,8435.315352,0.0
-50.0,50,8435.798906,0.0
-50.0,50,8436.304923,0.0
-50.0,50,8436.79592,0.0
-50.0,50,8437.289728,0.0
-50.0,50,8437.793324,0.0
-50.0,50,8438.291768,0.0
-50.0,50,8438.788885,0.0
0.0,50,8439.274693,1.0
-50.0,50,8439.764069,0.0
-50.0,50,8440.272789,0.0
-50.0,50,8440.762775,0.0
-50.0,50,8441.256627,0.0
0.0,50,8441.744556,1.0
-50.0,50,8442.249226,0.0
-50.0,50,8442.741567,0.0
-50.0,50,8443.246619,0.0
-50.0,50,8443.734647,0.0
0.0,50,8444.246813,1.0
-50.0,50,8444.735001,0.0
-50.0,50,8445.220642,0.0
0.0,50,8445.701356,1.0
-50.0,50,8446.197214,0.0
-50.0,50,8446.695319,0.0
-50.0,50,8447.184666,0.0
-50.0,50,8447.674304,0.0
-50.0,50,8448.183921,0.0
-50.0,50,8448.670949,0.0
-50.0,50,8449.162559,0.0
-50.0,50,8449.664297,0.0
-50.0,50,8450.17111,0.0
-50.0,50,8450.653255,0.0
-50.0,50,8451.155236,0.0
-50.0,50,8451.659547,0.0
-50.0,50,8452.176638,0.0
-50.0,50,8452.677957,0.0
-50.0,50,8453.172156,0.0
-50.0,50,8453.656975,0.0
-50.0,50,8454.165194,0.0
-50.0,50,8454.656833,0.0
-50.0,50,8455.147444,0.0
-50.0,50,8455.628843,0.0
-50.0,50,8456.137569,0.0
-50.0,50,8456.628056,0.0
-50.0,50,8457.126822,0.0
-50.0,50,8457.624741,0.0
-50.0,50,8460.509338,0.0
-50.0,50,8461.004726,0.0
-50.0,50,8461.498592,0.0
-50.0,50,8461.979101,0.0
-50.0,50,8462.486853,0.0
-50.0,50,8462.988221,0.0
-50.0,50,8463.471651,0.0
-50.0,50,8463.963782,0.0
-50.0,50,8464.473983,0.0
-50.0,50,8464.954964,0.0
-50.0,50,8465.441455,0.0
-50.0,50,8465.923615,0.0
-50.0,50,8466.428813,0.0
-50.0,50,8466.907046,0.0
-50.0,50,8467.396433,0.0
-50.0,50,8467.901804,0.0
-50.0,50,8468.406665,0.0
-50.0,50,8468.897169,0.0
-50.0,50,8469.391626,0.0
-50.0,50,8469.883632,0.0
-50.0,50,8470.37932,0.0
-50.0,50,8470.876804,0.0
-50.0,50,8471.367671,0.0
-50.0,50,8471.857492,0.0
-50.0,50,8472.371598,0.0
-50.0,50,8472.862491,0.0
-50.0,50,8473.347446,0.0
-50.0,50,8473.841797,0.0
0.0,50,8474.351609,1.0
-50.0,50,8474.86152,0.0
-50.0,50,8475.348956,0.0
-50.0,50,8475.841655,0.0
-50.0,50,8476.353701,0.0
-50.0,50,8476.861875,0.0
-50.0,50,8477.346812,0.0
-50.0,50,8477.833386,0.0
-50.0,50,8478.342735,0.0
-50.0,50,8478.820834,0.0
-50.0,50,8479.303985,0.0
-50.0,50,8479.792053,0.0
0.0,50,8480.304696,1.0
-50.0,50,8480.790158,0.0
-50.0,50,8481.282034,0.0
0.0,50,8481.764056,1.0
-50.0,50,8482.266299,0.0
-50.0,50,8482.755122,0.0
-50.0,50,8483.242214,0.0
-50.0,50,8483.722568,0.0
-50.0,50,8484.228107,0.0
-50.0,50,8484.703615,0.0
-50.0,50,8485.19136,0.0
-50.0,50,8485.67815,0.0
-50.0,50,8486.191895,0.0
-50.0,50,8486.675725,0.0
-50.0,50,8487.16177,0.0
-50.0,50,8487.65316,0.0
-50.0,50,8488.177041,0.0
-50.0,50,8488.662812,0.0
0.0,50,8489.142644,1.0
-50.0,50,8489.627147,0.0
-50.0,50,8490.120142,0.0
-50.0,50,8490.605819,0.0
-50.0,50,8491.084972,0.0
-50.0,50,8491.566018,0.0
-50.0,50,8492.063338,0.0
-50.0,50,8492.551631,0.0
0.0,50,8493.027427,1.0
-50.0,50,8493.51444,0.0
-50.0,50,8494.011253,0.0
-50.0,50,8494.501587,0.0
-50.0,50,8494.98132,0.0
-50.0,50,8495.465241,0.0
-50.0,50,8495.969938,0.0
-50.0,50,8496.457946,0.0
-50.0,50,8496.941163,0.0
-50.0,50,8497.434643,0.0
-50.0,50,8497.947593,0.0
-50.0,50,8498.436742,0.0
-50.0,50,8498.924709,0.0
-50.0,50,8499.416475,0.0
0.0,50,8499.909223,1.0
-50.0,50,8500.388267,0.0
-50.0,50,8500.87346,0.0
-50.0,50,8501.360458,0.0
-50.0,50,8501.862473,0.0
-50.0,50,8502.342086,0.0
0.0,50,8502.836308,1.0
-50.0,50,8503.327655,0.0
-50.0,50,8503.827809,0.0
-50.0,50,8504.314916,0.0
-50.0,50,8504.804478,0.0
-50.0,50,8505.282056,0.0
-50.0,50,8505.776571,0.0
-50.0,50,8506.26808,0.0
-50.0,50,8506.754824,0.0
-50.0,50,8507.242609,0.0
-50.0,50,8507.75264,0.0
-50.0,50,8508.238705,0.0
-50.0,50,8508.72671,0.0
-50.0,50,8509.20985,0.0
0.0,50,8509.722375,1.0
-50.0,50,8510.20942,0.0
-50.0,50,8510.696783,0.0
-50.0,50,8511.187397,0.0
-50.0,50,8511.705166,0.0
-50.0,50,8512.184077,0.0
-50.0,50,8512.662277,0.0
-50.0,50,8513.138381,0.0
-50.0,50,8513.637611,0.0
-50.0,50,8514.12191,0.0
-50.0,50,8514.608205,0.0
-50.0,50,8515.101508,0.0
-50.0,50,8515.607533,0.0
-50.0,50,8516.09855,0.0
-50.0,50,8516.588168,0.0
-50.0,50,8517.07186,0.0
-50.0,50,8517.566212,0.0
-50.0,50,8518.055013,0.0
-50.0,50,8518.545369,0.0
-50.0,50,8519.035924,0.0
-50.0,50,8519.539696,0.0
-50.0,50,8520.027487,0.0
-50.0,50,8520.517478,0.0
-50.0,50,8520.996996,0.0
-50.0,50,8521.508126,0.0
-50.0,50,8521.995342,0.0
-50.0,50,8522.48559,0.0
-50.0,50,8522.973531,0.0
-50.0,50,8523.480558,0.0
-50.0,50,8523.970074,0.0
-50.0,50,8524.458366,0.0
-50.0,50,8524.934757,0.0
-50.0,50,8525.441347,0.0
-50.0,50,8525.928718,0.0
-50.0,50,8526.425893,0.0
-50.0,50,8526.914536,0.0
-50.0,50,8527.425525,0.0
-50.0,50,8527.926837,0.0
-50.0,50,8528.413237,0.0
-50.0,50,8528.893952,0.0
-50.0,50,8529.4015,0.0
-50.0,50,8529.895806,0.0
-50.0,50,8530.386078,0.0
-50.0,50,8530.875734,0.0
0.0,50,8531.372832,1.0
-50.0,50,8531.863488,0.0
-50.0,50,8532.351712,0.0
-50.0,50,8532.840472,0.0
-50.0,50,8533.344646,0.0
-50.0,50,8533.832563,0.0
0.0,50,8534.316917,1.0
-50.0,50,8534.80402,0.0
-50.0,50,8535.314039,0.0
-50.0,50,8535.802318,0.0
-50.0,50,8536.292179,0.0
-50.0,50,8536.783416,0.0
-50.0,50,8537.294853,0.0
0.0,50,8537.775188,1.0
-50.0,50,8538.260221,0.0
-50.0,50,8538.751297,0.0
-50.0,50,8539.256253,0.0
-50.0,50,8539.739851,0.0
-50.0,50,8540.230027,0.0
-50.0,50,8540.720416,0.0
-50.0,50,8541.231499,0.0
-50.0,50,8541.723266,0.0
-50.0,50,8542.19781,0.0
-50.0,50,8542.683046,0.0
-50.0,50,8543.189762,0.0
-50.0,50,8543.672298,0.0
-50.0,50,8544.164564,0.0
-50.0,50,8544.652208,0.0
-50.0,50,8545.160963,0.0
-50.0,50,8545.647918,0.0
-50.0,50,8546.138087,0.0
-50.0,50,8546.628212,0.0
-50.0,50,8547.133116,0.0
-50.0,50,8547.617321,0.0
-50.0,50,8548.100935,0.0
-50.0,50,8548.591801,0.0
-50.0,50,8549.113614,0.0
-50.0,50,8549.602941,0.0
0.0,50,8550.077548,1.0
-50.0,50,8550.555299,0.0
-50.0,50,8551.066051,0.0
-50.0,50,8551.542292,0.0
0.0,50,8552.032499,1.0
-50.0,50,8552.523162,0.0
-50.0,50,8553.044155,0.0
-50.0,50,8553.542132,0.0
-50.0,50,8554.034173,0.0
-50.0,50,8554.524312,0.0
-50.0,50,8555.02887,0.0
-50.0,50,8555.517563,0.0
0.0,50,8556.002019,1.0
-50.0,50,8556.494385,0.0
-50.0,50,8557.001221,0.0
0.0,50,8557.47901,1.0
-50.0,50,8557.982544,0.0
-50.0,50,8558.470803,0.0
-50.0,50,8561.327339,0.0
-50.0,50,8561.817202,0.0
0.0,50,8562.301213,1.0
-50.0,50,8562.788128,0.0
-50.0,50,8563.291918,0.0
0.0,50,8563.766868,1.0
0.0,50,8564.262114,1.0
-50.0,50,8564.746559,0.0
-50.0,50,8565.248504,0.0
-50.0,50,8565.737311,0.0
-50.0,50,8566.22667,0.0
0.0,50,8566.706037,1.0
-50.0,50,8567.21126,0.0
-50.0,50,8567.702154,0.0
-50.0,50,8568.194063,0.0
-50.0,50,8568.666653,0.0
0.0,50,8569.183057,1.0
-50.0,50,8569.668216,0.0
-50.0,50,8570.157385,0.0
-50.0,50,8570.652261,0.0
-50.0,50,8571.15411,0.0
-50.0,50,8571.633109,0.0
-50.0,50,8572.121115,0.0
-50.0,50,8572.609692,0.0
-50.0,50,8573.114159,0.0
0.0,50,8573.598733,1.0
-50.0,50,8574.084259,0.0
-50.0,50,8574.574383,0.0
0.0,50,8575.060753,1.0
-50.0,50,8575.534855,0.0
-50.0,50,8576.026084,0.0
-50.0,50,8576.513276,0.0
-50.0,50,8577.014118,0.0
-50.0,50,8577.49508,0.0
-50.0,50,8577.973919,0.0
-50.0,50,8578.461688,0.0
-50.0,50,8578.984569,0.0
-50.0,50,8579.475981,0.0
-50.0,50,8579.967102,0.0
-50.0,50,8580.461698,0.0
-50.0,50,8580.964564,0.0
0.0,50,8581.440103,1.0
-50.0,50,8581.932004,0.0
-50.0,50,8582.42154,0.0
-50.0,50,8582.913999,0.0
-50.0,50,8583.405658,0.0
-50.0,50,8583.896991,0.0
-50.0,50,8584.382104,0.0
-50.0,50,8584.886018,0.0
-50.0,50,8585.378179,0.0
-50.0,50,8585.871819,0.0
-50.0,50,8586.359163,0.0
-50.0,50,8586.862002,0.0
-50.0,50,8587.354511,0.0
-50.0,50,8587.845355,0.0
-50.0,50,8588.326441,0.0
-50.0,50,8588.829077,0.0
-50.0,50,8589.320618,0.0
-50.0,50,8589.812103,0.0
-50.0,50,8590.303428,0.0
-50.0,50,8590.810279,0.0
-50.0,50,8591.298044,0.0
-50.0,50,8591.783404,0.0
-50.0,50,8592.267236,0.0
-50.0,50,8592.77506,0.0
-50.0,50,8593.261188,0.0
-50.0,50,8593.751379,0.0
-50.0,50,8594.235319,0.0
-50.0,50,8594.734357,0.0
-50.0,50,8595.225001,0.0
-50.0,50,8595.715384,0.0
-50.0,50,8596.206228,0.0
-50.0,50,8596.707164,0.0
-50.0,50,8597.197256,0.0
-50.0,50,8597.676023,0.0
-50.0,50,8598.161051,0.0
-50.0,50,8598.669797,0.0
-50.0,50,8599.157422,0.0
-50.0,50,8599.647722,0.0
-50.0,50,8600.136101,0.0
-50.0,50,8600.637138,0.0
0.0,50,8601.121112,1.0
-50.0,50,8601.608361,0.0
-50.0,50,8602.098184,0.0
-50.0,50,8602.600645,0.0
-50.0,50,8603.086378,0.0
-50.0,50,8603.595757,0.0
-50.0,50,8604.099377,0.0
-50.0,50,8604.603724,0.0
-50.0,50,8605.082533,0.0
-50.0,50,8605.558745,0.0
-50.0,50,8606.04519,0.0
-50.0,50,8606.54777,0.0
0.0,50,8607.048847,1.0
-50.0,50,8607.536028,0.0
-50.0,50,8608.024557,0.0
-50.0,50,8608.53428,0.0
-50.0,50,8609.029676,0.0
-50.0,50,8609.514346,0.0
-50.0,50,8610.006409,0.0
-50.0,50,8610.512477,0.0
-50.0,50,8611.002322,0.0
-50.0,50,8611.489211,0.0
-50.0,50,8611.968238,0.0
-50.0,50,8612.465728,0.0
-50.0,50,8612.954156,0.0
-50.0,50,8613.431351,0.0
-50.0,50,8613.925888,0.0
-50.0,50,8614.43177,0.0
-50.0,50,8614.923269,0.0
-50.0,50,8615.408005,0.0
-50.0,50,8615.890212,0.0
-50.0,50,8616.388299,0.0
-50.0,50,8616.87276,0.0
-50.0,50,8617.361982,0.0
-50.0,50,8617.857178,0.0
-50.0,50,8618.359078,0.0
-50.0,50,8618.847335,0.0
-50.0,50,8619.344093,0.0
-50.0,50,8619.827503,0.0
-50.0,50,8620.32714,0.0
-50.0,50,8620.833349,0.0
-50.0,50,8621.323643,0.0
-50.0,50,8621.814078,0.0
-50.0,50,8622.317937,0.0
-50.0,50,8622.806299,0.0
-50.0,50,8623.291551,0.0
-50.0,50,8623.768537,0.0
0.0,50,8624.257511,1.0
-50.0,50,8624.7395,0.0
-50.0,50,8625.228781,0.0
0.0,50,8625.716737,1.0
-50.0,50,8626.220239,0.0
-50.0,50,8626.708024,0.0
-50.0,50,8627.183565,0.0
-50.0,50,8627.673168,0.0
-50.0,50,8628.186653,0.0
-50.0,50,8628.676419,0.0
-50.0,50,8629.167157,0.0
-50.0,50,8629.657851,0.0
-50.0,50,8630.159559,0.0
-50.0,50,8630.642335,0.0
-50.0,50,8631.129474,0.0
-50.0,50,8631.615587,0.0
-50.0,50,8632.118117,0.0
0.0,50,8632.599406,1.0
0.0,50,8633.077439,1.0
-50.0,50,8633.5646,0.0
-50.0,50,8634.081873,0.0
-50.0,50,8634.561745,0.0
-50.0,50,8635.046193,0.0
-50.0,50,8635.537101,0.0
-50.0,50,8636.043334,0.0
-50.0,50,8636.529833,0.0
-50.0,50,8637.015476,0.0
-50.0,50,8637.501582,0.0
-50.0,50,8638.000269,0.0
-50.0,50,8638.48766,0.0
-50.0,50,8639.00008,0.0
-50.0,50,8639.482751,0.0
-50.0,50,8639.989302,0.0
-50.0,50,8640.478595,0.0
-50.0,50,8640.966316,0.0
-50.0,50,8641.453782,0.0
-50.0,50,8641.955525,0.0
-50.0,50,8642.429057,0.0
-50.0,50,8642.910497,0.0
-50.0,50,8643.397516,0.0
-50.0,50,8643.889164,0.0
-50.0,50,8644.377476,0.0
-50.0,50,8644.857045,0.0
-50.0,50,8645.341718,0.0
-50.0,50,8645.841568,0.0
-50.0,50,8646.327109,0.0
-50.0,50,8646.814938,0.0
-50.0,50,8647.296392,0.0
0.0,50,8647.808547,1.0
-50.0,50,8648.295484,0.0
-50.0,50,8648.78237,0.0
-50.0,50,8649.26984,0.0
-50.0,50,8649.775188,0.0
-50.0,50,8650.267913,0.0
-50.0,50,8650.758016,0.0
-50.0,50,8651.236053,0.0
-50.0,50,8651.735683,0.0
-50.0,50,8652.209378,0.0
-50.0,50,8652.694461,0.0
-50.0,50,8653.17224,0.0
-50.0,50,8653.670486,0.0
-50.0,50,8654.155951,0.0
-50.0,50,8654.647603,0.0
-50.0,50,8655.13254,0.0
-50.0,50,8655.630216,0.0
-50.0,50,8656.118292,0.0
-50.0,50,8656.596727,0.0
0.0,50,8657.087693,1.0
-50.0,50,8657.591771,0.0
-50.0,50,8658.072799,0.0
-50.0,50,8658.564446,0.0
0.0,50,8659.039409,1.0
-50.0,50,8661.92037,0.0
-50.0,50,8662.40674,0.0
-50.0,50,8662.900803,0.0
-50.0,50,8663.389778,0.0
-50.0,50,8663.893022,0.0
-50.0,50,8664.381667,0.0
-50.0,50,8664.868317,0.0
-50.0,50,8665.346421,0.0
-50.0,50,8665.858089,0.0
0.0,50,8666.354096,1.0
-50.0,50,8666.841986,0.0
-50.0,50,8667.329931,0.0
-50.0,50,8667.828942,0.0
-50.0,50,8668.314903,0.0
-50.0,50,8668.798348,0.0
-50.0,50,8669.27587,0.0
-50.0,50,8669.766375,0.0
-50.0,50,8670.252939,0.0
0.0,50,8670.740692,1.0
-50.0,50,8671.230254,0.0
-50.0,50,8671.738444,0.0
-50.0,50,8672.224433,0.0
-50.0,50,8672.705142,0.0
-50.0,50,8673.1995,0.0
-50.0,50,8673.706234,0.0
-50.0,50,8674.19714,0.0
-50.0,50,8674.676796,0.0
0.0,50,8675.178314,1.0
-50.0,50,8675.681315,0.0
-50.0,50,8676.171424,0.0
-50.0,50,8676.646752,0.0
0.0,50,8677.129691,1.0
-50.0,50,8677.628646,0.0
-50.0,50,8678.120979,0.0
-50.0,50,8678.609866,0.0
-50.0,50,8679.083481,0.0
-50.0,50,8679.583647,0.0
-50.0,50,8680.064331,0.0
-50.0,50,8680.55094,0.0
-50.0,50,8681.038678,0.0
-50.0,50,8681.550113,0.0
-50.0,50,8682.03956,0.0
-50.0,50,8682.529624,0.0
-50.0,50,8683.017445,0.0
-50.0,50,8683.517703,0.0
-50.0,50,8684.000962,0.0
-50.0,50,8684.489798,0.0
-50.0,50,8684.976292,0.0
-50.0,50,8685.47742,0.0
-50.0,50,8685.964801,0.0
0.0,50,8686.457899,1.0
0.0,50,8686.931275,1.0
-50.0,50,8687.43346,0.0
-50.0,50,8687.923407,0.0
-50.0,50,8688.407827,0.0
-50.0,50,8688.900641,0.0
-50.0,50,8689.401869,0.0
-50.0,50,8689.894481,0.0
-50.0,50,8690.385281,0.0
-50.0,50,8690.87509,0.0
-50.0,50,8691.366889,0.0
-50.0,50,8691.843629,0.0
0.0,50,8692.335597,1.0
-50.0,50,8692.825938,0.0
-50.0,50,8693.336774,0.0
-50.0,50,8693.825661,0.0
-50.0,50,8694.314366,0.0
-50.0,50,8694.804472,0.0
-50.0,50,8695.303607,0.0
-50.0,50,8695.792711,0.0
-50.0,50,8696.269124,0.0
-50.0,50,8696.758288,0.0
-50.0,50,8697.252087,0.0
-50.0,50,8697.734588,0.0
-50.0,50,8698.225665,0.0
-50.0,50,8698.715409,0.0
-50.0,50,8699.215626,0.0
-50.0,50,8699.702241,0.0
-50.0,50,8700.180519,0.0
-50.0,50,8700.663692,0.0
-50.0,50,8701.164318,0.0
-50.0,50,8701.651073,0.0
-50.0,50,8702.137239,0.0
-50.0,50,8702.628529,0.0
-50.0,50,8703.130376,0.0
-50.0,50,8703.605807,0.0
-50.0,50,8704.093361,0.0
-50.0,50,8704.571501,0.0
-50.0,50,8705.062859,0.0
-50.0,50,8705.552735,0.0
-50.0,50,8706.038548,0.0
-50.0,50,8706.529135,0.0
-50.0,50,8707.034593,0.0
-50.0,50,8707.525469,0.0
0.0,50,8708.036943,1.0
-50.0,50,8708.532739,0.0
-50.0,50,8709.046647,0.0
-50.0,50,8709.534886,0.0
-50.0,50,8710.020163,0.0
-50.0,50,8710.511442,0.0
-50.0,50,8711.036227,0.0
-50.0,50,8711.529753,0.0
-50.0,50,8712.018711,0.0
-50.0,50,8712.510596,0.0
-50.0,50,8713.017759,0.0
-50.0,50,8713.509441,0.0
-50.0,50,8714.001639,0.0
-50.0,50,8714.489522,0.0
-50.0,50,8714.989536,0.0
-50.0,50,8715.482766,0.0
-50.0,50,8715.9727,0.0
-50.0,50,8716.454531,0.0
-50.0,50,8716.961718,0.0
-50.0,50,8717.444564,0.0
-50.0,50,8717.932698,0.0
-50.0,50,8718.424162,0.0
-50.0,50,8718.92659,0.0
-50.0,50,8719.415654,0.0
-50.0,50,8719.904773,0.0
-50.0,50,8720.39512,0.0
-50.0,50,8720.899458,0.0
-50.0,50,8721.390045,0.0
-50.0,50,8721.885606,0.0
-50.0,50,8722.36288,0.0
0.0,50,8722.869691,1.0
-50.0,50,8723.35044,0.0
-50.0,50,8723.833575,0.0
-50.0,50,8724.327775,0.0
-50.0,50,8724.846489,0.0
-50.0,50,8725.336735,0.0
-50.0,50,8725.831672,0.0
-50.0,50,8726.32661,0.0
-50.0,50,8726.8261,0.0
-50.0,50,8727.310066,0.0
-50.0,50,8727.784544,0.0
-50.0,50,8728.27377,0.0
-50.0,50,8728.784824,0.0
-50.0,50,8729.270908,0.0
-50.0,50,8729.762482,0.0
-50.0,50,8730.250667,0.0
-50.0,50,8730.782945,0.0
-50.0,50,8731.265747,0.0
-50.0,50,8731.753608,0.0
-50.0,50,8732.238999,0.0
-50.0,50,8732.750945,0.0
-50.0,50,8733.235783,0.0
-50.0,50,8733.722606,0.0
-50.0,50,8734.211144,0.0
-50.0,50,8734.701912,0.0
-50.0,50,8735.17626,0.0
-50.0,50,8735.629353,0.0
-50.0,50,8736.082125,0.0
-50.0,50,8736.548548,0.0
-50.0,50,8736.998117,0.0
0.0,50,8738.038359,1.0
-50.0,50,8739.102217,0.0
-50.0,50,8740.187401,0.0
-50.0,50,8741.258035,0.0
-50.0,50,8742.357283,0.0
-50.0,50,8743.460859,0.0
-50.0,50,8744.583055,0.0
-50.0,50,8745.664643,0.0
0.0,50,8746.746252,1.0
-50.0,50,8747.830617,0.0
-50.0,50,8748.939525,0.0
-50.0,50,8750.020041,0.0
-50.0,50,8751.167492,0.0
-50.0,50,8752.322343,0.0
-50.0,50,8753.422379,0.0
-50.0,50,8754.509162,0.0
-50.0,50,8755.125452,0.0
-50.0,50,8755.615112,0.0
-50.0,50,8756.127004,0.0
-50.0,50,8756.62081,0.0
-50.0,50,8757.108889,0.0
-50.0,50,8757.60525,0.0
-50.0,50,8758.113707,0.0
-50.0,50,8758.601028,0.0
-50.0,50,8759.085773,0.0
-50.0,50,8759.582011,0.0
0.0,50,8760.08652,1.0
-50.0,50,8760.57378,0.0
-50.0,50,8761.054705,0.0
0.0,50,8761.552415,1.0
0.0,50,8762.055713,1.0
-50.0,50,8762.544792,0.0
-50.0,50,8763.032654,0.0
-50.0,50,8763.523208,0.0
-50.0,50,8764.033568,0.0
-50.0,50,8764.521512,0.0
-50.0,50,8765.013911,0.0
-50.0,50,8765.489042,0.0
-50.0,50,8765.991594,0.0
-50.0,50,8766.475801,0.0
0.0,50,8766.952351,1.0
-50.0,50,8767.431004,0.0
-50.0,50,8767.948212,0.0
-50.0,50,8768.437583,0.0
-50.0,50,8768.923197,0.0
-50.0,50,8769.409772,0.0
-50.0,50,8772.17224,0.0
-50.0,50,8772.652812,0.0
-50.0,50,8773.1397,0.0
-50.0,50,8773.615751,0.0
-50.0,50,8774.132085,0.0
-50.0,50,8774.608261,0.0
-50.0,50,8775.098076,0.0
-50.0,50,8775.591817,0.0
-50.0,50,8776.093281,0.0
-50.0,50,8776.584097,0.0
0.0,50,8777.081793,1.0
-50.0,50,8777.571408,0.0
-50.0,50,8778.081799,0.0
0.0,50,8778.565186,1.0
-50.0,50,8779.05482,0.0
-50.0,50,8779.548193,0.0
-50.0,50,8780.076881,0.0
-50.0,50,8780.570231,0.0
-50.0,50,8781.063511,0.0
-50.0,50,8781.545083,0.0
-50.0,50,8782.069119,0.0
-50.0,50,8782.562186,0.0
-50.0,50,8783.058002,0.0
-50.0,50,8783.554129,0.0
-50.0,50,8784.084698,0.0
-50.0,50,8784.573262,0.0
-50.0,50,8785.066422,0.0
-50.0,50,8785.563122,0.0
-50.0,50,8786.0946,0.0
-50.0,50,8786.58943,0.0
-50.0,50,8787.072745,0.0
-50.0,50,8787.560536,0.0
-50.0,50,8788.091221,0.0
-50.0,50,8788.5867,0.0
-50.0,50,8789.067525,0.0
-50.0,50,8789.554001,0.0
-50.0,50,8790.089123,0.0
-50.0,50,8790.590343,0.0
-50.0,50,8791.07988,0.0
-50.0,50,8791.564652,0.0
-50.0,50,8792.091322,0.0
0.0,50,8792.573742,1.0
-50.0,50,8793.065305,0.0
0.0,50,8793.548228,1.0
-50.0,50,8794.074745,0.0
-50.0,50,8794.563514,0.0
-50.0,50,8795.050703,0.0
-50.0,50,8795.540976,0.0
-50.0,50,8796.060742,0.0
-50.0,50,8796.549257,0.0
-50.0,50,8797.04313,0.0
-50.0,50,8797.53768,0.0
-50.0,50,8798.067734,0.0
-50.0,50,8798.560771,0.0
-50.0,50,8799.0544,0.0
-50.0,50,8799.543344,0.0
-50.0,50,8800.059821,0.0
-50.0,50,8800.550184,0.0
-50.0,50,8801.039618,0.0
-50.0,50,8801.545318,0.0
-50.0,50,8802.067672,0.0
-50.0,50,8802.558304,0.0
-50.0,50,8803.043721,0.0
-50.0,50,8803.533074,0.0
-50.0,50,8804.057131,0.0
-50.0,50,8804.541651,0.0
-50.0,50,8805.029552,0.0
-50.0,50,8805.518622,0.0
-50.0,50,8806.028789,0.0
-50.0,50,8806.517106,0.0
-50.0,50,8807.008785,0.0
-50.0,50,8807.494606,0.0
-50.0,50,8808.026025,0.0
-50.0,50,8808.509607,0.0
-50.0,50,8809.002412,0.0
-50.0,50,8809.493413,0.0
-50.0,50,8810.003709,0.0
-50.0,50,8810.488417,0.0
-50.0,50,8810.979834,0.0
-50.0,50,8811.465048,0.0
-50.0,50,8811.984635,0.0
-50.0,50,8812.471112,0.0
-50.0,50,8812.968822,0.0
-50.0,50,8813.457513,0.0
0.0,50,8813.954829,1.0
-50.0,50,8814.445203,0.0
-50.0,50,8814.934719,0.0
-50.0,50,8815.420036,0.0
-50.0,50,8815.92916,0.0
-50.0,50,8816.408163,0.0
-50.0,50,8816.895545,0.0
-50.0,50,8817.386291,0.0
-50.0,50,8817.903314,0.0
-50.0,50,8818.389629,0.0
-50.0,50,8818.88228,0.0
-50.0,50,8819.372981,0.0
-50.0,50,8819.881138,0.0
-50.0,50,8820.372169,0.0
-50.0,50,8820.871778,0.0
-50.0,50,8821.363151,0.0
-50.0,50,8821.875861,0.0
-50.0,50,8822.364064,0.0
-50.0,50,8822.857066,0.0
-50.0,50,8823.352952,0.0
-50.0,50,8823.859938,0.0
-50.0,50,8824.354885,0.0
-50.0,50,8824.849858,0.0
0.0,50,8825.343263,1.0
-50.0,50,8825.858242,0.0
-50.0,50,8826.343197,0.0
-50.0,50,8826.823676,0.0
-50.0,50,8827.305218,0.0
-50.0,50,8827.828992,0.0
-50.0,50,8828.322324,0.0
-50.0,50,8828.817939,0.0
-50.0,50,8829.296229,0.0
-50.0,50,8829.808574,0.0
-50.0,50,8830.303549,0.0
-50.0,50,8830.783835,0.0
-50.0,50,8831.271008,0.0
-50.0,50,8831.783442,0.0
-50.0,50,8832.274899,0.0
-50.0,50,8832.773102,0.0
-50.0,50,8833.268039,0.0
-50.0,50,8833.780487,0.0
-50.0,50,8834.273322,0.0
-50.0,50,8834.772244,0.0
-50.0,50,8835.255018,0.0
-50.0,50,8835.758394,0.0
-50.0,50,8836.239162,0.0
-50.0,50,8836.727,0.0
-50.0,50,8837.212077,0.0
-50.0,50,8837.707423,0.0
-50.0,50,8838.198023,0.0
-50.0,50,8838.690398,0.0
-50.0,50,8839.181093,0.0
-50.0,50,8839.694712,0.0
-50.0,50,8840.18297,0.0
0.0,50,8840.674086,1.0
-50.0,50,8841.172863,0.0
-50.0,50,8841.687844,0.0
-50.0,50,8842.178795,0.0
-50.0,50,8842.660007,0.0
-50.0,50,8843.161076,0.0
-50.0,50,8843.678272,0.0
-50.0,50,8844.170221,0.0
-50.0,50,8844.66522,0.0
-50.0,50,8845.156712,0.0
-50.0,50,8845.672677,0.0
-50.0,50,8846.157693,0.0
-50.0,50,8846.64695,0.0
-50.0,50,8847.138133,0.0
-50.0,50,8847.657743,0.0
-50.0,50,8848.148032,0.0
-50.0,50,8848.642962,0.0
-50.0,50,8849.140301,0.0
-50.0,50,8849.650965,0.0
-50.0,50,8850.14572,0.0
-50.0,50,8850.636312,0.0
-50.0,50,8851.13143,0.0
-50.0,50,8851.636631,0.0
0.0,50,8852.110709,1.0
-50.0,50,8852.60117,0.0
-50.0,50,8853.081984,0.0
-50.0,50,8853.585903,0.0
-50.0,50,8854.066489,0.0
-50.0,50,8854.560497,0.0
-50.0,50,8855.038788,0.0
-50.0,50,8855.549563,0.0
-50.0,50,8856.039368,0.0
-50.0,50,8856.523685,0.0
-50.0,50,8857.013342,0.0
-50.0,50,8857.525738,0.0
-50.0,50,8858.026984,0.0
-50.0,50,8858.522861,0.0
-50.0,50,8859.017167,0.0
0.0,50,8859.54281,1.0
-50.0,50,8860.033498,0.0
-50.0,50,8860.525638,0.0
-50.0,50,8861.017015,0.0
-50.0,50,8861.52657,0.0
0.0,50,8862.005001,1.0
-50.0,50,8862.484656,0.0
-50.0,50,8862.973713,0.0
-50.0,50,8863.487161,0.0
-50.0,50,8863.980416,0.0
-50.0,50,8864.474484,0.0
0.0,50,8864.953146,1.0
-50.0,50,8865.459356,0.0
-50.0,50,8865.948385,0.0
-50.0,50,8866.440041,0.0
-50.0,50,8866.930977,0.0
-50.0,50,8867.437474,0.0
-50.0,50,8867.921962,0.0
-50.0,50,8868.41675,0.0
-50.0,50,8868.905558,0.0
-50.0,50,8869.406182,0.0
0.0,50,8869.882158,1.0
-50.0,50,8870.366159,0.0
-50.0,50,8870.854318,0.0
-50.0,50,8873.688987,0.0
-50.0,50,8874.16978,0.0
-50.0,50,8874.66303,0.0
-50.0,50,8875.146019,0.0
-50.0,50,8875.637823,0.0
-50.0,50,8876.122274,0.0
-50.0,50,8876.607317,0.0
-50.0,50,8877.096355,0.0
-50.0,50,8877.591533,0.0
-50.0,50,8878.086053,0.0
-50.0,50,8878.567061,0.0
-50.0,50,8879.05132,0.0
-50.0,50,8879.560458,0.0
0.0,50,8880.057376,1.0
-50.0,50,8880.545408,0.0
-50.0,50,8881.041268,0.0
-50.0,50,8881.539243,0.0
0.0,50,8882.024546,1.0
-50.0,50,8882.517803,0.0
-50.0,50,8883.009291,0.0
-50.0,50,8883.501992,0.0
-50.0,50,8883.989093,0.0
-50.0,50,8884.48278,0.0
-50.0,50,8884.976645,0.0
-50.0,50,8885.483379,0.0
-50.0,50,8885.972486,0.0
-50.0,50,8886.461104,0.0
-50.0,50,8886.95331,0.0
-50.0,50,8887.462169,0.0
0.0,50,8887.962094,1.0
-50.0,50,8888.449893,0.0
-50.0,50,8888.94251,0.0
-50.0,50,8889.439088,0.0
-50.0,50,8889.929205,0.0
-50.0,50,8890.407138,0.0
-50.0,50,8890.896447,0.0
-50.0,50,8891.396164,0.0
-50.0,50,8891.881056,0.0
-50.0,50,8892.363217,0.0
-50.0,50,8892.856491,0.0
-50.0,50,8893.36127,0.0
-50.0,50,8893.846247,0.0
-50.0,50,8894.332294,0.0
-50.0,50,8894.817609,0.0
0.0,50,8895.305207,1.0
-50.0,50,8895.799784,0.0
-50.0,50,8896.286747,0.0
0.0,50,8896.774052,1.0
-50.0,50,8897.2927,0.0
-50.0,50,8897.780824,0.0
-50.0,50,8898.261003,0.0
-50.0,50,8898.755636,0.0
-50.0,50,8899.257367,0.0
-50.0,50,8899.747799,0.0
-50.0,50,8900.239563,0.0
-50.0,50,8900.733392,0.0
-50.0,50,8901.248518,0.0
-50.0,50,8901.742765,0.0
-50.0,50,8902.233603,0.0
-50.0,50,8902.720184,0.0
-50.0,50,8903.225267,0.0
-50.0,50,8903.713767,0.0
-50.0,50,8904.191084,0.0
-50.0,50,8904.673609,0.0
-50.0,50,8905.170557,0.0
0.0,50,8905.662362,1.0
-50.0,50,8906.150592,0.0
-50.0,50,8906.63192,0.0
-50.0,50,8907.130065,0.0
-50.0,50,8907.608474,0.0
-50.0,50,8908.104205,0.0
-50.0,50,8908.595021,0.0
-50.0,50,8909.087669,0.0
-50.0,50,8909.577607,0.0
-50.0,50,8910.076224,0.0
-50.0,50,8910.57237,0.0
-50.0,50,8911.082371,0.0
-50.0,50,8911.574967,0.0
0.0,50,8912.073391,1.0
-50.0,50,8912.569474,0.0
-50.0,50,8913.071417,0.0
0.0,50,8913.558517,1.0
-50.0,50,8914.051586,0.0
-50.0,50,8914.546451,0.0
-50.0,50,8915.053341,0.0
-50.0,50,8915.532074,0.0
-50.0,50,8916.026252,0.0
-50.0,50,8916.51728,0.0
-50.0,50,8917.024761,0.0
-50.0,50,8917.523135,0.0
-50.0,50,8918.029548,0.0
-50.0,50,8918.515315,0.0
-50.0,50,8919.024388,0.0
-50.0,50,8919.51272,0.0
-50.0,50,8919.994522,0.0
-50.0,50,8920.481961,0.0
-50.0,50,8921.008523,0.0
-50.0,50,8921.504447,0.0
-50.0,50,8921.995368,0.0
-50.0,50,8922.478243,0.0
0.0,50,8922.983321,1.0
-50.0,50,8923.478517,0.0
-50.0,50,8923.973358,0.0
-50.0,50,8924.45929,0.0
-50.0,50,8924.970313,0.0
0.0,50,8925.460327,1.0
-50.0,50,8925.954482,0.0
-50.0,50,8926.444515,0.0
-50.0,50,8926.956387,0.0
-50.0,50,8927.458032,0.0
-50.0,50,8927.951174,0.0
-50.0,50,8928.445596,0.0
-50.0,50,8928.946257,0.0
-50.0,50,8929.436185,0.0
-50.0,50,8929.927336,0.0
-50.0,50,8930.410559,0.0
-50.0,50,8930.908266,0.0
-50.0,50,8931.396641,0.0
-50.0,50,8931.880325,0.0
-50.0,50,8932.369165,0.0
-50.0,50,8932.872135,0.0
-50.0,50,8933.349145,0.0
0.0,50,8933.835898,1.0
-50.0,50,8934.321499,0.0
-50.0,50,8934.82685,0.0
-50.0,50,8935.317765,0.0
-50.0,50,8935.808569,0.0
-50.0,50,8936.304812,0.0
-50.0,50,8936.817024,0.0
-50.0,50,8937.306173,0.0
-50.0,50,8937.794594,0.0
-50.0,50,8938.287117,0.0
-50.0,50,8938.80121,0.0
-50.0,50,8939.290533,0.0
0.0,50,8939.776739,1.0
-50.0,50,8940.269133,0.0
-50.0,50,8940.773477,0.0
-50.0,50,8941.262674,0.0
-50.0,50,8941.754232,0.0
-50.0,50,8942.24631,0.0
-50.0,50,8942.769793,0.0
-50.0,50,8943.261797,0.0
-50.0,50,8943.754847,0.0
-50.0,50,8944.245373,0.0
0.0,50,8944.738644,1.0
0.0,50,8945.223531,1.0
-50.0,50,8945.7091,0.0
-50.0,50,8946.202133,0.0
-50.0,50,8946.702107,0.0
0.0,50,8947.180598,1.0
-50.0,50,8947.674507,0.0
-50.0,50,8948.174603,0.0
-50.0,50,8948.672647,0.0
-50.0,50,8949.156738,0.0
-50.0,50,8949.644405,0.0
-50.0,50,8950.126411,0.0
-50.0,50,8950.624506,0.0
-50.0,50,8951.11183,0.0
-50.0,50,8951.602837,0.0
-50.0,50,8952.092955,0.0
-50.0,50,8952.593694,0.0
-50.0,50,8953.085549,0.0
-50.0,50,8953.574486,0.0
-50.0,50,8954.052748,0.0
-50.0,50,8954.558649,0.0
-50.0,50,8955.047679,0.0
-50.0,50,8955.538679,0.0
-50.0,50,8956.031864,0.0
-50.0,50,8956.537783,0.0
-50.0,50,8957.022671,0.0
-50.0,50,8957.514652,0.0
-50.0,50,8957.99839,0.0
-50.0,50,8958.512253,0.0
-50.0,50,8958.991539,0.0
-50.0,50,8959.47146,0.0
-50.0,50,8959.968536,0.0
-50.0,50,8960.482337,0.0
-50.0,50,8960.970426,0.0
-50.0,50,8961.463607,0.0
0.0,50,8961.958522,1.0
-50.0,50,8962.460513,0.0
-50.0,50,8962.947328,0.0
-50.0,50,8963.437642,0.0
-50.0,50,8963.922218,0.0
-50.0,50,8964.434649,0.0
-50.0,50,8964.915102,0.0
0.0,50,8965.39322,1.0
-50.0,50,8965.881617,0.0
-50.0,50,8966.393066,0.0
-50.0,50,8966.879348,0.0
-50.0,50,8967.368621,0.0
-50.0,50,8967.868485,0.0
-50.0,50,8968.37525,0.0
-50.0,50,8968.869654,0.0
-50.0,50,8969.363683,0.0
-50.0,50,8969.85629,0.0
-50.0,50,8970.369727,0.0
0.0,50,8970.861441,1.0
-50.0,50,8971.343481,0.0
-50.0,50,8971.835786,0.0
-50.0,50,8974.661863,0.0
-50.0,50,8975.158072,0.0
0.0,50,8975.660038,1.0
-50.0,50,8976.153602,0.0
-50.0,50,8976.661775,0.0
-50.0,50,8977.148896,0.0
-50.0,50,8977.648952,0.0
-50.0,50,8978.15428,0.0
-50.0,50,8978.679664,0.0
-50.0,50,8979.180138,0.0
-50.0,50,8979.664147,0.0
-50.0,50,8980.156867,0.0
-50.0,50,8980.670589,0.0
-50.0,50,8981.162138,0.0
-50.0,50,8981.648625,0.0
-50.0,50,8982.138728,0.0
-50.0,50,8982.652482,0.0
-50.0,50,8983.149791,0.0
-50.0,50,8983.629889,0.0
-50.0,50,8984.126949,0.0
-50.0,50,8984.632688,0.0
-50.0,50,8985.12276,0.0
-50.0,50,8985.621834,0.0
-50.0,50,8986.11507,0.0
0.0,50,8986.615219,1.0
-50.0,50,8987.107488,0.0
-50.0,50,8987.593367,0.0
-50.0,50,8988.092664,0.0
-50.0,50,8988.606537,0.0
-50.0,50,8989.10672,0.0
-50.0,50,8989.592717,0.0
-50.0,50,8990.078594,0.0
-50.0,50,8990.581858,0.0
-50.0,50,8991.067135,0.0
-50.0,50,8991.569268,0.0
0.0,50,8992.05002,1.0
-50.0,50,8992.570877,0.0
-50.0,50,8993.060834,0.0
-50.0,50,8993.559573,0.0
-50.0,50,8994.049846,0.0
-50.0,50,8994.564617,0.0
-50.0,50,8995.047345,0.0
-50.0,50,8995.53938,0.0
-50.0,50,8996.03375,0.0
-50.0,50,8996.545759,0.0
-50.0,50,8997.045554,0.0
-50.0,50,8997.540105,0.0
-50.0,50,8998.031994,0.0
0.0,50,8998.55497,1.0
-50.0,50,8999.048551,0.0
-50.0,50,8999.53874,0.0
-50.0,50,9000.026361,0.0
-50.0,50,9000.529674,0.0
-50.0,50,9001.017514,0.0
-50.0,50,9001.502884,0.0
-50.0,50,9002.000062,0.0
-50.0,50,9002.50904,0.0
-50.0,50,9002.999137,0.0
-50.0,50,9003.488805,0.0
-50.0,50,9003.987936,0.0
-50.0,50,9004.496939,0.0
-50.0,50,9004.985097,0.0
-50.0,50,9005.466483,0.0
-50.0,50,9005.970306,0.0
-50.0,50,9006.481333,0.0
-50.0,50,9006.963955,0.0
-50.0,50,9007.448399,0.0
-50.0,50,9007.949062,0.0
-50.0,50,9008.479101,0.0
-50.0,50,9008.959693,0.0
-50.0,50,9009.461001,0.0
-50.0,50,9009.949455,0.0
-50.0,50,9010.450284,0.0
-50.0,50,9010.935198,0.0
-50.0,50,9011.423195,0.0
-50.0,50,9011.909163,0.0
0.0,50,9012.419543,1.0
-50.0,50,9012.899265,0.0
-50.0,50,9013.385987,0.0
-50.0,50,9013.865829,0.0
-50.0,50,9014.360924,0.0
-50.0,50,9014.850781,0.0
-50.0,50,9015.328619,0.0
-50.0,50,9015.816261,0.0
-50.0,50,9016.332087,0.0
-50.0,50,9016.831596,0.0
-50.0,50,9017.320898,0.0
-50.0,50,9017.799216,0.0
-50.0,50,9018.3047,0.0
0.0,50,9018.784519,1.0
-50.0,50,9019.268333,0.0
-50.0,50,9019.747733,0.0
-50.0,50,9020.262733,0.0
-50.0,50,9020.754054,0.0
-50.0,50,9021.238072,0.0
-50.0,50,9021.721496,0.0
-50.0,50,9022.239565,0.0
-50.0,50,9022.72767,0.0
-50.0,50,9023.215654,0.0
-50.0,50,9023.71008,0.0
-50.0,50,9024.209301,0.0
-50.0,50,9024.705136,0.0
-50.0,50,9025.19212,0.0
-50.0,50,9025.685436,0.0
-50.0,50,9026.188813,0.0
-50.0,50,9026.674032,0.0
-50.0,50,9027.157678,0.0
0.0,50,9027.661259,1.0
-50.0,50,9028.162879,0.0
-50.0,50,9028.644618,0.0
-50.0,50,9029.138712,0.0
-50.0,50,9029.6284,0.0
-50.0,50,9030.148012,0.0
-50.0,50,9030.646192,0.0
-50.0,50,9031.137503,0.0
-50.0,50,9031.63796,0.0
-50.0,50,9032.149889,0.0
-50.0,50,9032.632633,0.0
-50.0,50,9033.129131,0.0
-50.0,50,9033.642172,0.0
-50.0,50,9034.154704,0.0
0.0,50,9034.652947,1.0
-50.0,50,9035.146796,0.0
-50.0,50,9035.643922,0.0
-50.0,50,9036.153846,0.0
-50.0,50,9036.651941,0.0
0.0,50,9037.145085,1.0
-50.0,50,9037.645039,0.0
-50.0,50,9038.169907,0.0
-50.0,50,9038.651409,0.0
-50.0,50,9039.135771,0.0
-50.0,50,9039.632694,0.0
0.0,50,9040.150915,1.0
-50.0,50,9040.637843,0.0
-50.0,50,9041.133025,0.0
-50.0,50,9041.623717,0.0
-50.0,50,9042.13777,0.0
0.0,50,9042.625981,1.0
-50.0,50,9043.12227,0.0
-50.0,50,9043.606809,0.0
-50.0,50,9044.10563,0.0
-50.0,50,9044.595857,0.0
-50.0,50,9045.083654,0.0
-50.0,50,9045.572827,0.0
-50.0,50,9046.070453,0.0
-50.0,50,9046.563748,0.0
-50.0,50,9047.056119,0.0
-50.0,50,9047.548913,0.0
-50.0,50,9048.056566,0.0
-50.0,50,9048.548451,0.0
-50.0,50,9049.031517,0.0
-50.0,50,9049.521324,0.0
-50.0,50,9050.028734,0.0
-50.0,50,9050.515742,0.0
-50.0,50,9050.997915,0.0
-50.0,50,9051.48045,0.0
-50.0,50,9051.995646,0.0
-50.0,50,9052.487507,0.0
-50.0,50,9052.978638,0.0
-50.0,50,9053.464399,0.0
-50.0,50,9053.976052,0.0
-50.0,50,9054.456963,0.0
-50.0,50,9054.947978,0.0
-50.0,50,9055.436386,0.0
-50.0,50,9055.944134,0.0
-50.0,50,9056.432981,0.0
-50.0,50,9056.919599,0.0
-50.0,50,9057.411981,0.0
-50.0,50,9057.918226,0.0
-50.0,50,9058.409139,0.0
0.0,50,9058.900225,1.0
-50.0,50,9059.393487,0.0
-50.0,50,9059.900279,0.0
-50.0,50,9060.382341,0.0
-50.0,50,9060.870355,0.0
-50.0,50,9061.358831,0.0
-50.0,50,9061.866213,0.0
-50.0,50,9062.352686,0.0
-50.0,50,9062.840923,0.0
-50.0,50,9063.336615,0.0
-50.0,50,9063.850959,0.0
-50.0,50,9064.344891,0.0
-50.0,50,9064.837146,0.0
-50.0,50,9065.327127,0.0
-50.0,50,9065.829364,0.0
-50.0,50,9066.317743,0.0
-50.0,50,9066.805352,0.0
-50.0,50,9067.297366,0.0
-50.0,50,9067.829572,0.0
-50.0,50,9068.317563,0.0
-50.0,50,9068.796127,0.0
-50.0,50,9069.282473,0.0
-50.0,50,9069.785228,0.0
-50.0,50,9070.273418,0.0
-50.0,50,9070.761249,0.0
-50.0,50,9071.253214,0.0
-50.0,50,9071.757522,0.0
-50.0,50,9072.243234,0.0
-50.0,50,9072.728986,0.0
-50.0,50,9073.208789,0.0
-50.0,50,9075.967224,0.0
-50.0,50,9076.44891,0.0
-50.0,50,9076.932438,0.0
-50.0,50,9077.418741,0.0
-50.0,50,9077.929972,0.0
-50.0,50,9078.419262,0.0
-50.0,50,9078.902263,0.0
-50.0,50,9079.392329,0.0
-50.0,50,9079.901501,0.0
-50.0,50,9080.385568,0.0
-50.0,50,9080.872802,0.0
-50.0,50,9081.363183,0.0
-50.0,50,9081.870398,0.0
-50.0,50,9082.360511,0.0
-50.0,50,9082.846301,0.0
-50.0,50,9083.335504,0.0
-50.0,50,9083.838428,0.0
-50.0,50,9084.327929,0.0
-50.0,50,9084.817698,0.0
-50.0,50,9085.299969,0.0
-50.0,50,9085.807763,0.0
-50.0,50,9086.296922,0.0
-50.0,50,9086.780605,0.0
-50.0,50,9087.261255,0.0
0.0,50,9087.836706,1.0
-50.0,50,9088.323069,0.0
-50.0,50,9088.809856,0.0
-50.0,50,9089.301844,0.0
-50.0,50,9089.800799,0.0
0.0,50,9090.278596,1.0
-50.0,50,9090.76743,0.0
-50.0,50,9091.260857,0.0
-50.0,50,9091.757426,0.0
-50.0,50,9092.245856,0.0
-50.0,50,9092.734809,0.0
-50.0,50,9093.221343,0.0
-50.0,50,9093.719029,0.0
-50.0,50,9094.210925,0.0
-50.0,50,9094.699117,0.0
-50.0,50,9095.181367,0.0
-50.0,50,9095.693932,0.0
-50.0,50,9096.187055,0.0
-50.0,50,9096.679049,0.0
-50.0,50,9097.174252,0.0
-50.0,50,9097.684169,0.0
0.0,50,9098.181553,1.0
-50.0,50,9098.673447,0.0
-50.0,50,9099.156331,0.0
-50.0,50,9099.658562,0.0
-50.0,50,9100.140498,0.0
-50.0,50,9100.630108,0.0
-50.0,50,9101.120955,0.0
-50.0,50,9101.624609,0.0
-50.0,50,9102.112886,0.0
-50.0,50,9102.601138,0.0
-50.0,50,9103.095779,0.0
-50.0,50,9103.607876,0.0
-50.0,50,9104.09482,0.0
-50.0,50,9104.585004,0.0
-50.0,50,9105.082146,0.0
-50.0,50,9105.593225,0.0
-50.0,50,9106.081589,0.0
-50.0,50,9106.574134,0.0
-50.0,50,9107.067066,0.0
-50.0,50,9107.574173,0.0
-50.0,50,9108.066041,0.0
-50.0,50,9108.561978,0.0
-50.0,50,9109.055743,0.0
-50.0,50,9109.566422,0.0
-50.0,50,9110.053571,0.0
-50.0,50,9110.545822,0.0
-50.0,50,9111.034381,0.0
-50.0,50,9111.532803,0.0
-50.0,50,9112.02056,0.0
-50.0,50,9112.506953,0.0
-50.0,50,9112.992705,0.0
-50.0,50,9113.505884,0.0
-50.0,50,9113.995316,0.0
-50.0,50,9114.490252,0.0
-50.0,50,9114.982666,0.0
-50.0,50,9115.487873,0.0
-50.0,50,9115.976943,0.0
-50.0,50,9116.466322,0.0
-50.0,50,9116.955019,0.0
-50.0,50,9117.463481,0.0
-50.0,50,9117.955245,0.0
-50.0,50,9118.440668,0.0
-50.0,50,9118.921523,0.0
-50.0,50,9119.419397,0.0
-50.0,50,9119.908033,0.0
-50.0,50,9120.397533,0.0
-50.0,50,9120.887776,0.0
-50.0,50,9121.389122,0.0
-50.0,50,9121.867453,0.0
-50.0,50,9122.358379,0.0
-50.0,50,9122.83941,0.0
-50.0,50,9123.337104,0.0
-50.0,50,9123.824247,0.0
-50.0,50,9124.31291,0.0
-50.0,50,9124.802744,0.0
-50.0,50,9125.312936,0.0
-50.0,50,9125.799405,0.0
-50.0,50,9126.290898,0.0
-50.0,50,9126.775043,0.0
-50.0,50,9127.287031,0.0
-50.0,50,9127.778694,0.0
-50.0,50,9128.284524,0.0
-50.0,50,9128.770792,0.0
-50.0,50,9129.277443,0.0
-50.0,50,9129.771641,0.0
-50.0,50,9130.259901,0.0
-50.0,50,9130.750537,0.0
-50.0,50,9131.243371,0.0
-50.0,50,9131.722522,0.0
-50.0,50,9132.20756,0.0
-50.0,50,9132.694337,0.0
-50.0,50,9133.198916,0.0
-50.0,50,9133.688778,0.0
-50.0,50,9134.177683,0.0
-50.0,50,9134.665665,0.0
-50.0,50,9135.174318,0.0
-50.0,50,9135.660607,0.0
-50.0,50,9136.151479,0.0
0.0,50,9136.631533,1.0
-50.0,50,9137.138173,0.0
-50.0,50,9137.631038,0.0
-50.0,50,9138.121468,0.0
-50.0,50,9138.613085,0.0
-50.0,50,9139.122773,0.0
-50.0,50,9139.611813,0.0
-50.0,50,9140.103562,0.0
-50.0,50,9140.59126,0.0
-50.0,50,9141.096454,0.0
0.0,50,9141.591026,1.0
-50.0,50,9142.084126,0.0
-50.0,50,9142.571002,0.0
-50.0,50,9143.065134,0.0
-50.0,50,9143.556608,0.0
0.0,50,9144.035997,1.0
-50.0,50,9144.52988,0.0
-50.0,50,9145.030764,0.0
-50.0,50,9145.52253,0.0
-50.0,50,9146.010978,0.0
-50.0,50,9146.499075,0.0
0.0,50,9147.011153,1.0
-50.0,50,9147.502704,0.0
-50.0,50,9147.996516,0.0
-50.0,50,9148.490088,0.0
-50.0,50,9148.999959,0.0
0.0,50,9149.494016,1.0
-50.0,50,9149.984887,0.0
-50.0,50,9150.476368,0.0
-50.0,50,9150.990119,0.0
0.0,50,9151.471948,1.0
-50.0,50,9151.963031,0.0
-50.0,50,9152.45454,0.0
-50.0,50,9152.96483,0.0
-50.0,50,9153.459119,0.0
-50.0,50,9153.943231,0.0
0.0,50,9154.422047,1.0
-50.0,50,9154.931964,0.0
-50.0,50,9155.427118,0.0
-50.0,50,9155.919359,0.0
0.0,50,9156.399722,1.0
-50.0,50,9156.905779,0.0
-50.0,50,9157.395771,0.0
-50.0,50,9157.904977,0.0
-50.0,50,9158.401704,0.0
-50.0,50,9158.913651,0.0
-50.0,50,9159.40456,0.0
-50.0,50,9159.895962,0.0
-50.0,50,9160.384978,0.0
-50.0,50,9160.892262,0.0
-50.0,50,9161.386328,0.0
-50.0,50,9161.871158,0.0
-50.0,50,9162.355536,0.0
-50.0,50,9162.86468,0.0
-50.0,50,9163.358033,0.0
0.0,50,9163.837593,1.0
-50.0,50,9164.332269,0.0
-50.0,50,9164.836561,0.0
-50.0,50,9165.330741,0.0
-50.0,50,9165.809957,0.0
-50.0,50,9166.291296,0.0
0.0,50,9166.786367,1.0
0.0,50,9167.266131,1.0
-50.0,50,9167.753204,0.0
-50.0,50,9168.239389,0.0
-50.0,50,9168.744666,0.0
-50.0,50,9169.238555,0.0
-50.0,50,9169.729632,0.0
-50.0,50,9170.209455,0.0
0.0,50,9170.709443,1.0
-50.0,50,9171.195478,0.0
-50.0,50,9171.680178,0.0
-50.0,50,9172.161087,0.0
-50.0,50,9172.656427,0.0
-50.0,50,9173.145236,0.0
-50.0,50,9173.634706,0.0
-50.0,50,9174.129777,0.0
-50.0,50,9176.908567,0.0
-50.0,50,9177.388623,0.0
-50.0,50,9177.879432,0.0
-50.0,50,9178.370757,0.0
-50.0,50,9178.883915,0.0
-50.0,50,9179.374789,0.0
0.0,50,9179.853394,1.0
-50.0,50,9180.345859,0.0
-50.0,50,9180.85043,0.0
-50.0,50,9181.342632,0.0
-50.0,50,9181.823341,0.0
-50.0,50,9182.305079,0.0
-50.0,50,9182.806399,0.0
-50.0,50,9183.288278,0.0
-50.0,50,9183.77303,0.0
-50.0,50,9184.253761,0.0
-50.0,50,9184.763588,0.0
-50.0,50,9185.250608,0.0
-50.0,50,9185.740533,0.0
-50.0,50,9186.234294,0.0
-50.0,50,9186.73579,0.0
-50.0,50,9187.228434,0.0
-50.0,50,9187.723619,0.0
-50.0,50,9188.21412,0.0
-50.0,50,9188.718421,0.0
-50.0,50,9189.223757,0.0
-50.0,50,9189.714746,0.0
0.0,50,9190.198099,1.0
-50.0,50,9190.707395,0.0
-50.0,50,9191.194953,0.0
-50.0,50,9191.68142,0.0
-50.0,50,9192.168119,0.0
-50.0,50,9192.671181,0.0
-50.0,50,9193.16427,0.0
-50.0,50,9193.654086,0.0
-50.0,50,9194.140837,0.0
0.0,50,9194.632562,1.0
-50.0,50,9195.124144,0.0
-50.0,50,9195.608627,0.0
-50.0,50,9196.087959,0.0
-50.0,50,9196.592086,0.0
-50.0,50,9197.088355,0.0
-50.0,50,9197.583452,0.0
-50.0,50,9198.06887,0.0
-50.0,50,9198.564569,0.0
-50.0,50,9199.054894,0.0
-50.0,50,9199.538045,0.0
-50.0,50,9200.028124,0.0
-50.0,50,9200.528224,0.0
-50.0,50,9201.010065,0.0
-50.0,50,9201.514399,0.0
-50.0,50,9201.996617,0.0
-50.0,50,9202.492339,0.0
-50.0,50,9202.975185,0.0
-50.0,50,9203.459524,0.0
0.0,50,9203.938701,1.0
-50.0,50,9204.444362,0.0
-50.0,50,9204.938207,0.0
-50.0,50,9205.419612,0.0
-50.0,50,9205.903393,0.0
-50.0,50,9206.406721,0.0
0.0,50,9206.886414,1.0
-50.0,50,9207.37836,0.0
-50.0,50,9207.867822,0.0
-50.0,50,9208.362522,0.0
-50.0,50,9208.852337,0.0
-50.0,50,9209.344401,0.0
-50.0,50,9209.837672,0.0
-50.0,50,9210.340988,0.0
-50.0,50,9210.833504,0.0
-50.0,50,9211.323074,0.0
-50.0,50,9211.812576,0.0
-50.0,50,9212.317661,0.0
-50.0,50,9212.81204,0.0
0.0,50,9213.293032,1.0
-50.0,50,9213.784997,0.0
-50.0,50,9214.290001,0.0
-50.0,50,9214.791311,0.0
-50.0,50,9215.289484,0.0
-50.0,50,9215.782101,0.0
-50.0,50,9216.282668,0.0
-50.0,50,9216.779277,0.0
-50.0,50,9217.275347,0.0
-50.0,50,9217.769453,0.0
-50.0,50,9218.289066,0.0
-50.0,50,9218.770501,0.0
-50.0,50,9219.259408,0.0
-50.0,50,9219.751415,0.0
-50.0,50,9220.247565,0.0
-50.0,50,9220.731177,0.0
-50.0,50,9221.225059,0.0
-50.0,50,9221.704998,0.0
-50.0,50,9222.199265,0.0
-50.0,50,9222.690368,0.0
-50.0,50,9223.17344,0.0
-50.0,50,9223.669882,0.0
-50.0,50,9224.164229,0.0
-50.0,50,9224.662297,0.0
-50.0,50,9225.150728,0.0
-50.0,50,9225.645742,0.0
-50.0,50,9226.149277,0.0
-50.0,50,9226.642074,0.0
-50.0,50,9227.135204,0.0
-50.0,50,9227.629691,0.0
-50.0,50,9228.139856,0.0
0.0,50,9228.639895,1.0
-50.0,50,9229.1317,0.0
-50.0,50,9229.621701,0.0
-50.0,50,9230.130377,0.0
-50.0,50,9230.616997,0.0
0.0,50,9231.103964,1.0
-50.0,50,9231.596352,0.0
-50.0,50,9232.09605,0.0
-50.0,50,9232.585459,0.0
-50.0,50,9233.073188,0.0
-50.0,50,9233.553926,0.0
0.0,50,9234.05412,1.0
-50.0,50,9234.544666,0.0
-50.0,50,9235.04271,0.0
-50.0,50,9235.528816,0.0
-50.0,50,9236.031093,0.0
-50.0,50,9236.518826,0.0
-50.0,50,9236.99798,0.0
-50.0,50,9237.48487,0.0
-50.0,50,9237.990012,0.0
-50.0,50,9238.479654,0.0
-50.0,50,9238.969038,0.0
-50.0,50,9239.454285,0.0
0.0,50,9239.95167,1.0
-50.0,50,9240.442283,0.0
-50.0,50,9240.933281,0.0
-50.0,50,9241.414367,0.0
-50.0,50,9241.921349,0.0
-50.0,50,9242.411525,0.0
-50.0,50,9242.904364,0.0
-50.0,50,9243.397396,0.0
-50.0,50,9243.899886,0.0
-50.0,50,9244.38612,0.0
-50.0,50,9244.873393,0.0
0.0,50,9245.353091,1.0
-50.0,50,9245.857329,0.0
-50.0,50,9246.344732,0.0
-50.0,50,9246.848329,0.0
-50.0,50,9247.349149,0.0
-50.0,50,9247.857095,0.0
0.0,50,9248.345083,1.0
-50.0,50,9248.831381,0.0
-50.0,50,9249.321584,0.0
-50.0,50,9249.832235,0.0
-50.0,50,9250.324,0.0
-50.0,50,9250.816859,0.0
-50.0,50,9251.302291,0.0
-50.0,50,9251.794924,0.0
-50.0,50,9252.277376,0.0
-50.0,50,9252.759329,0.0
-50.0,50,9253.25168,0.0
-50.0,50,9253.761335,0.0
-50.0,50,9254.254154,0.0
-50.0,50,9254.735763,0.0
-50.0,50,9255.226285,0.0
-50.0,50,9255.731614,0.0
-50.0,50,9256.221108,0.0
-50.0,50,9256.715237,0.0
-50.0,50,9257.20365,0.0
-50.0,50,9257.697801,0.0
-50.0,50,9258.185706,0.0
-50.0,50,9258.677239,0.0
-50.0,50,9259.166159,0.0
-50.0,50,9259.681474,0.0
-50.0,50,9260.171875,0.0
-50.0,50,9260.662265,0.0
-50.0,50,9261.149923,0.0
-50.0,50,9261.652536,0.0
-50.0,50,9262.143447,0.0
0.0,50,9262.644189,1.0
-50.0,50,9263.128173,0.0
-50.0,50,9263.633945,0.0
-50.0,50,9264.123825,0.0
-50.0,50,9264.617971,0.0
-50.0,50,9265.098323,0.0
-50.0,50,9265.626071,0.0
-50.0,50,9266.111889,0.0
-50.0,50,9266.593062,0.0
-50.0,50,9267.085118,0.0
-50.0,50,9267.591355,0.0
-50.0,50,9268.083492,0.0
0.0,50,9268.562452,1.0
-50.0,50,9269.052484,0.0
-50.0,50,9269.558952,0.0
-50.0,50,9270.05096,0.0
-50.0,50,9270.530509,0.0
-50.0,50,9271.021841,0.0
-50.0,50,9271.518573,0.0
-50.0,50,9271.999439,0.0
-50.0,50,9272.493482,0.0
-50.0,50,9272.989731,0.0
-50.0,50,9273.521345,0.0
-50.0,50,9274.013352,0.0
-50.0,50,9274.501862,0.0
-50.0,50,9274.988836,0.0
-50.0,50,9277.77124,0.0
-50.0,50,9278.275214,0.0
-50.0,50,9278.765079,0.0
-50.0,50,9279.257705,0.0
0.0,50,9279.749668,1.0
0.0,50,9280.231043,1.0
-50.0,50,9280.72068,0.0
-50.0,50,9281.209289,0.0
-50.0,50,9281.704617,0.0
-50.0,50,9282.184601,0.0
-50.0,50,9282.676291,0.0
-50.0,50,9283.162021,0.0
-50.0,50,9283.653874,0.0
-50.0,50,9284.146837,0.0
-50.0,50,9284.628618,0.0
-50.0,50,9285.111061,0.0
-50.0,50,9285.607548,0.0
-50.0,50,9286.100506,0.0
-50.0,50,9286.586006,0.0
-50.0,50,9287.07658,0.0
-50.0,50,9287.589364,0.0
-50.0,50,9288.084302,0.0
-50.0,50,9288.575292,0.0
-50.0,50,9289.063767,0.0
-50.0,50,9289.569009,0.0
-50.0,50,9290.054359,0.0
-50.0,50,9290.532389,0.0
-50.0,50,9291.024575,0.0
-50.0,50,9291.536794,0.0
-50.0,50,9292.030304,0.0
-50.0,50,9292.51358,0.0
-50.0,50,9293.005444,0.0
-50.0,50,9293.510339,0.0
-50.0,50,9293.997261,0.0
0.0,50,9294.489568,1.0
-50.0,50,9294.980818,0.0
-50.0,50,9295.480133,0.0
-50.0,50,9295.970859,0.0
-50.0,50,9296.457848,0.0
-50.0,50,9296.942755,0.0
-50.0,50,9297.440001,0.0
-50.0,50,9297.919564,0.0
-50.0,50,9298.411384,0.0
-50.0,50,9298.889926,0.0
-50.0,50,9299.392118,0.0
-50.0,50,9299.884088,0.0
-50.0,50,9300.384401,0.0
-50.0,50,9300.863817,0.0
-50.0,50,9301.36646,0.0
-50.0,50,9301.854426,0.0
-50.0,50,9302.345055,0.0
-50.0,50,9302.83814,0.0
-50.0,50,9303.34028,0.0
-50.0,50,9303.83934,0.0
-50.0,50,9304.332993,0.0
-50.0,50,9304.828058,0.0
-50.0,50,9305.325786,0.0
-50.0,50,9305.817362,0.0
-50.0,50,9306.306649,0.0
-50.0,50,9306.788119,0.0
-50.0,50,9307.295276,0.0
-50.0,50,9307.793264,0.0
-50.0,50,9308.293948,0.0
-50.0,50,9308.781177,0.0
-50.0,50,9309.279583,0.0
-50.0,50,9309.772163,0.0
-50.0,50,9310.265996,0.0
-50.0,50,9310.759306,0.0
-50.0,50,9311.266646,0.0
-50.0,50,9311.750801,0.0
-50.0,50,9312.232556,0.0
-50.0,50,9312.72463,0.0
-50.0,50,9313.226062,0.0
-50.0,50,9313.720213,0.0
-50.0,50,9314.206583,0.0
-50.0,50,9314.690185,0.0
-50.0,50,9315.191954,0.0
-50.0,50,9315.675549,0.0
-50.0,50,9316.158629,0.0
-50.0,50,9316.651577,0.0
-50.0,50,9317.153292,0.0
-50.0,50,9317.64537,0.0
-50.0,50,9318.128479,0.0
-50.0,50,9318.615128,0.0
-50.0,50,9319.105822,0.0
-50.0,50,9319.60096,0.0
-50.0,50,9320.094941,0.0
-50.0,50,9320.594026,0.0
-50.0,50,9321.102533,0.0
-50.0,50,9321.594227,0.0
-50.0,50,9322.079674,0.0
-50.0,50,9322.559952,0.0
-50.0,50,9323.068954,0.0
-50.0,50,9323.570837,0.0
-50.0,50,9324.051459,0.0
-50.0,50,9324.542797,0.0
-50.0,50,9325.038666,0.0
-50.0,50,9325.519702,0.0
-50.0,50,9325.99794,0.0
-50.0,50,9326.486882,0.0
-50.0,50,9326.979233,0.0
-50.0,50,9327.469932,0.0
-50.0,50,9327.970225,0.0
-50.0,50,9328.467767,0.0
-50.0,50,9328.965769,0.0
-50.0,50,9329.446577,0.0
-50.0,50,9329.925006,0.0
-50.0,50,9330.407772,0.0
-50.0,50,9330.904794,0.0
-50.0,50,9331.390675,0.0
-50.0,50,9331.879967,0.0
-50.0,50,9332.37456,0.0
-50.0,50,9332.866252,0.0
-50.0,50,9333.347668,0.0
-50.0,50,9333.826738,0.0
-50.0,50,9334.323885,0.0
-50.0,50,9334.832191,0.0
-50.0,50,9335.311571,0.0
0.0,50,9335.798181,1.0
-50.0,50,9336.277946,0.0
-50.0,50,9336.777771,0.0
-50.0,50,9337.273433,0.0
-50.0,50,9337.767039,0.0
-50.0,50,9338.269018,0.0
-50.0,50,9338.767263,0.0
-50.0,50,9339.257234,0.0
-50.0,50,9339.754034,0.0
-50.0,50,9340.242633,0.0
-50.0,50,9340.750551,0.0
-50.0,50,9341.227573,0.0
-50.0,50,9341.707545,0.0
-50.0,50,9342.198205,0.0
-50.0,50,9342.704191,0.0
-50.0,50,9343.193942,0.0
-50.0,50,9343.674921,0.0
-50.0,50,9344.154877,0.0
-50.0,50,9344.661154,0.0
-50.0,50,9345.153006,0.0
-50.0,50,9345.631864,0.0
-50.0,50,9346.12383,0.0
-50.0,50,9346.634608,0.0
-50.0,50,9347.123916,0.0
0.0,50,9347.613063,1.0
-50.0,50,9348.092025,0.0
-50.0,50,9348.599645,0.0
-50.0,50,9349.090436,0.0
-50.0,50,9349.574171,0.0
-50.0,50,9350.055358,0.0
-50.0,50,9350.549671,0.0
-50.0,50,9351.042516,0.0
-50.0,50,9351.526224,0.0
-50.0,50,9352.01235,0.0
-50.0,50,9352.517334,0.0
0.0,50,9352.995806,1.0
-50.0,50,9353.485805,0.0
-50.0,50,9353.976102,0.0
-50.0,50,9354.478937,0.0
-50.0,50,9354.959258,0.0
-50.0,50,9355.447608,0.0
-50.0,50,9355.939166,0.0
-50.0,50,9356.445978,0.0
-50.0,50,9356.935732,0.0
-50.0,50,9357.42596,0.0
0.0,50,9357.905661,1.0
-50.0,50,9358.401034,0.0
-50.0,50,9358.884313,0.0
0.0,50,9359.381949,1.0
-50.0,50,9359.862471,0.0
-50.0,50,9360.371051,0.0
-50.0,50,9360.854154,0.0
-50.0,50,9361.334359,0.0
-50.0,50,9361.817896,0.0
-50.0,50,9362.322424,0.0
-50.0,50,9362.80326,0.0
-50.0,50,9363.293947,0.0
-50.0,50,9363.771795,0.0
-50.0,50,9364.273744,0.0
-50.0,50,9364.763422,0.0
-50.0,50,9365.267777,0.0
-50.0,50,9365.751059,0.0
-50.0,50,9366.244822,0.0
-50.0,50,9366.73403,0.0
-50.0,50,9367.229177,0.0
-50.0,50,9367.725654,0.0
-50.0,50,9368.240208,0.0
-50.0,50,9368.728436,0.0
-50.0,50,9369.208894,0.0
0.0,50,9369.708323,1.0
-50.0,50,9370.208529,0.0
-50.0,50,9370.700496,0.0
-50.0,50,9371.190835,0.0
-50.0,50,9371.679175,0.0
-50.0,50,9372.186818,0.0
-50.0,50,9372.665953,0.0
-50.0,50,9373.146942,0.0
-50.0,50,9373.626274,0.0
-50.0,50,9374.129025,0.0
-50.0,50,9374.623759,0.0
-50.0,50,9375.115038,0.0
-50.0,50,9375.609565,0.0
-50.0,50,9378.460178,0.0
0.0,50,9378.956365,1.0
-50.0,50,9379.455657,0.0
0.0,50,9379.954381,1.0
-50.0,50,9380.459778,0.0
0.0,50,9380.956257,1.0
-50.0,50,9381.435943,0.0
-50.0,50,9381.930195,0.0
-50.0,50,9382.446757,0.0
-50.0,50,9382.940143,0.0
-50.0,50,9383.430818,0.0
-50.0,50,9383.914999,0.0
-50.0,50,9384.421007,0.0
-50.0,50,9384.917343,0.0
-50.0,50,9385.410418,0.0
-50.0,50,9385.890994,0.0
-50.0,50,9386.403291,0.0
-50.0,50,9386.896542,0.0
-50.0,50,9387.391757,0.0
-50.0,50,9387.884021,0.0
-50.0,50,9388.384383,0.0
-50.0,50,9388.876153,0.0
-50.0,50,9389.369107,0.0
-50.0,50,9389.850648,0.0
0.0,50,9390.36627,1.0
-50.0,50,9390.860095,0.0
-50.0,50,9391.357091,0.0
0.0,50,9391.85996,1.0
-50.0,50,9392.392329,0.0
-50.0,50,9392.883193,0.0
-50.0,50,9393.370334,0.0
-50.0,50,9393.855528,0.0
-50.0,50,9394.371877,0.0
-50.0,50,9394.867098,0.0
-50.0,50,9395.364474,0.0
0.0,50,9395.860162,1.0
-50.0,50,9396.376252,0.0
-50.0,50,9396.862528,0.0
-50.0,50,9397.356211,0.0
-50.0,50,9397.846041,0.0
-50.0,50,9398.362901,0.0
-50.0,50,9398.844061,0.0
-50.0,50,9399.323242,0.0
-50.0,50,9399.814372,0.0
-50.0,50,9400.31505,0.0
-50.0,50,9400.805218,0.0
-50.0,50,9401.296,0.0
-50.0,50,9401.779024,0.0
-50.0,50,9402.291207,0.0
-50.0,50,9402.780546,0.0
-50.0,50,9403.273434,0.0
-50.0,50,9403.75826,0.0
-50.0,50,9404.280185,0.0
-50.0,50,9404.766637,0.0
-50.0,50,9405.25447,0.0
-50.0,50,9405.736933,0.0
-50.0,50,9406.260392,0.0
-50.0,50,9406.74081,0.0
-50.0,50,9407.235746,0.0
-50.0,50,9407.721919,0.0
-50.0,50,9408.249381,0.0
-50.0,50,9408.732538,0.0
-50.0,50,9409.215041,0.0
-50.0,50,9409.702236,0.0
-50.0,50,9410.225654,0.0
-50.0,50,9410.716731,0.0
-50.0,50,9411.208555,0.0
0.0,50,9411.695215,1.0
0.0,50,9412.200782,1.0
0.0,50,9412.695053,1.0
-50.0,50,9413.181013,0.0
-50.0,50,9413.661128,0.0
-50.0,50,9414.168226,0.0
-50.0,50,9414.658252,0.0
-50.0,50,9415.139421,0.0
-50.0,50,9415.625178,0.0
-50.0,50,9416.141611,0.0
0.0,50,9416.632183,1.0
-50.0,50,9417.11819,0.0
-50.0,50,9417.599149,0.0
-50.0,50,9418.105752,0.0
-50.0,50,9418.58981,0.0
-50.0,50,9419.069986,0.0
-50.0,50,9419.557706,0.0
-50.0,50,9420.068127,0.0
-50.0,50,9420.56212,0.0
-50.0,50,9421.045849,0.0
-50.0,50,9421.528949,0.0
-50.0,50,9422.048586,0.0
-50.0,50,9422.530075,0.0
-50.0,50,9423.020063,0.0
-50.0,50,9423.512734,0.0
-50.0,50,9424.050947,0.0
-50.0,50,9424.532543,0.0
-50.0,50,9425.01217,0.0
-50.0,50,9425.501531,0.0
-50.0,50,9426.024539,0.0
0.0,50,9426.516858,1.0
-50.0,50,9427.006371,0.0
-50.0,50,9427.500259,0.0
-50.0,50,9428.036203,0.0
-50.0,50,9428.522387,0.0
-50.0,50,9429.006077,0.0
-50.0,50,9429.490632,0.0
-50.0,50,9430.02022,0.0
-50.0,50,9430.51989,0.0
-50.0,50,9431.009496,0.0
-50.0,50,9431.499686,0.0
-50.0,50,9432.010729,0.0
-50.0,50,9432.497392,0.0
-50.0,50,9432.995751,0.0
-50.0,50,9433.486133,0.0
-50.0,50,9434.000404,0.0
-50.0,50,9434.493339,0.0
-50.0,50,9434.980381,0.0
-50.0,50,9435.462045,0.0
-50.0,50,9435.984597,0.0
-50.0,50,9436.475892,0.0
-50.0,50,9436.959693,0.0
-50.0,50,9437.447719,0.0
-50.0,50,9437.965545,0.0
-50.0,50,9438.446433,0.0
-50.0,50,9438.948913,0.0
-50.0,50,9439.441842,0.0
-50.0,50,9439.964127,0.0
-50.0,50,9440.443455,0.0
-50.0,50,9440.925128,0.0
-50.0,50,9441.410272,0.0
-50.0,50,9441.925964,0.0
-50.0,50,9442.412981,0.0
-50.0,50,9442.90388,0.0
-50.0,50,9443.388558,0.0
-50.0,50,9443.90954,0.0
-50.0,50,9444.390312,0.0
-50.0,50,9444.884001,0.0
-50.0,50,9445.3749,0.0
-50.0,50,9445.884216,0.0
0.0,50,9446.363038,1.0
-50.0,50,9446.846849,0.0
-50.0,50,9447.327413,0.0
-50.0,50,9447.833612,0.0
-50.0,50,9448.316681,0.0
-50.0,50,9448.797482,0.0
-50.0,50,9449.277194,0.0
-50.0,50,9449.786572,0.0
-50.0,50,9450.26559,0.0
-50.0,50,9450.746422,0.0
-50.0,50,9451.230622,0.0
-50.0,50,9451.763483,0.0
-50.0,50,9452.249057,0.0
-50.0,50,9452.741583,0.0
-50.0,50,9453.223571,0.0
-50.0,50,9453.746866,0.0
-50.0,50,9454.251366,0.0
-50.0,50,9454.733228,0.0
-50.0,50,9455.221769,0.0
-50.0,50,9455.739191,0.0
0.0,50,9456.228053,1.0
-50.0,50,9456.741697,0.0
-50.0,50,9457.232132,0.0
-50.0,50,9457.755284,0.0
-50.0,50,9458.24749,0.0
-50.0,50,9458.728645,0.0
-50.0,50,9459.2176,0.0
0.0,50,9459.732353,1.0
0.0,50,9460.212895,1.0
-50.0,50,9460.692025,0.0
-50.0,50,9461.183507,0.0
-50.0,50,9461.708523,0.0
-50.0,50,9462.18321,0.0
0.0,50,9462.656598,1.0
-50.0,50,9463.143748,0.0
-50.0,50,9463.673551,0.0
-50.0,50,9464.167547,0.0
-50.0,50,9464.644225,0.0
-50.0,50,9465.132931,0.0
-50.0,50,9465.638514,0.0
-50.0,50,9466.126681,0.0
-50.0,50,9466.603756,0.0
-50.0,50,9467.081425,0.0
-50.0,50,9467.600363,0.0
-50.0,50,9468.101018,0.0
-50.0,50,9468.589033,0.0
-50.0,50,9469.066836,0.0
-50.0,50,9469.576139,0.0
-50.0,50,9470.057182,0.0
-50.0,50,9470.54355,0.0
-50.0,50,9471.031058,0.0
-50.0,50,9471.544173,0.0
-50.0,50,9472.036457,0.0
-50.0,50,9472.522103,0.0
-50.0,50,9473.013063,0.0
-50.0,50,9473.547557,0.0
-50.0,50,9474.038944,0.0
-50.0,50,9474.529673,0.0
-50.0,50,9475.01779,0.0
-50.0,50,9475.541432,0.0
-50.0,50,9476.031487,0.0
-50.0,50,9476.516964,0.0
-50.0,50,9477.001848,0.0
-50.0,50,9479.814203,0.0
-50.0,50,9480.312693,0.0
-50.0,50,9480.798289,0.0
0.0,50,9481.30025,1.0
-50.0,50,9481.834367,0.0
-50.0,50,9482.30804,0.0
-50.0,50,9482.789547,0.0
-50.0,50,9483.267323,0.0
-50.0,50,9483.771589,0.0
-50.0,50,9484.257671,0.0
-50.0,50,9484.735148,0.0
-50.0,50,9485.225671,0.0
-50.0,50,9485.72657,0.0
-50.0,50,9486.208308,0.0
-50.0,50,9486.698279,0.0
-50.0,50,9487.176419,0.0
-50.0,50,9487.699427,0.0
-50.0,50,9488.197551,0.0
-50.0,50,9488.68699,0.0
-50.0,50,9489.171169,0.0
-50.0,50,9489.700079,0.0
-50.0,50,9490.18975,0.0
-50.0,50,9490.67295,0.0
-50.0,50,9491.156736,0.0
-50.0,50,9491.661772,0.0
-50.0,50,9492.142504,0.0
-50.0,50,9492.631707,0.0
0.0,50,9493.109875,1.0
-50.0,50,9493.620855,0.0
-50.0,50,9494.100477,0.0
0.0,50,9494.592253,1.0
0.0,50,9495.080295,1.0
-50.0,50,9495.591037,0.0
-50.0,50,9496.07411,0.0
-50.0,50,9496.555472,0.0
-50.0,50,9497.035,0.0
-50.0,50,9497.567764,0.0
-50.0,50,9498.048447,0.0
-50.0,50,9498.534224,0.0
-50.0,50,9499.016532,0.0
-50.0,50,9499.534477,0.0
-50.0,50,9500.019561,0.0
-50.0,50,9500.499291,0.0
-50.0,50,9500.989789,0.0
-50.0,50,9501.504867,0.0
-50.0,50,9501.993097,0.0
-50.0,50,9502.486258,0.0
-50.0,50,9502.968761,0.0
-50.0,50,9503.48279,0.0
0.0,50,9503.969615,1.0
-50.0,50,9504.458549,0.0
-50.0,50,9504.949209,0.0
0.0,50,9505.450028,1.0
-50.0,50,9505.933812,0.0
-50.0,50,9506.414654,0.0
-50.0,50,9506.901209,0.0
-50.0,50,9507.412776,0.0
-50.0,50,9507.905318,0.0
-50.0,50,9508.393527,0.0
0.0,50,9508.873438,1.0
-50.0,50,9509.403937,0.0
0.0,50,9509.900644,1.0
-50.0,50,9510.391071,0.0
-50.0,50,9510.8786,0.0
-50.0,50,9511.381239,0.0
-50.0,50,9511.865381,0.0
-50.0,50,9512.352581,0.0
-50.0,50,9512.840935,0.0
-50.0,50,9513.343419,0.0
-50.0,50,9513.832704,0.0
-50.0,50,9514.324385,0.0
-50.0,50,9514.807078,0.0
-50.0,50,9515.328328,0.0
-50.0,50,9515.814712,0.0
-50.0,50,9516.302936,0.0
-50.0,50,9516.781473,0.0
-50.0,50,9517.302458,0.0
-50.0,50,9517.796233,0.0
-50.0,50,9518.292265,0.0
0.0,50,9518.785866,1.0
-50.0,50,9519.317747,0.0
-50.0,50,9519.810349,0.0
-50.0,50,9520.297658,0.0
-50.0,50,9520.7899,0.0
-50.0,50,9521.307114,0.0
0.0,50,9521.7892,1.0
-50.0,50,9522.274995,0.0
-50.0,50,9522.758351,0.0
-50.0,50,9523.249547,0.0
-50.0,50,9523.743299,0.0
-50.0,50,9524.235047,0.0
-50.0,50,9524.714421,0.0
-50.0,50,9525.227524,0.0
-50.0,50,9525.715409,0.0
-50.0,50,9526.21157,0.0
-50.0,50,9526.703036,0.0
-50.0,50,9527.199753,0.0
-50.0,50,9527.685131,0.0
-50.0,50,9528.178424,0.0
0.0,50,9528.658984,1.0
-50.0,50,9529.157646,0.0
-50.0,50,9529.64859,0.0
-50.0,50,9530.145238,0.0
-50.0,50,9530.641082,0.0
-50.0,50,9531.138075,0.0
-50.0,50,9531.620241,0.0
-50.0,50,9532.113629,0.0
-50.0,50,9532.600121,0.0
-50.0,50,9533.097673,0.0
-50.0,50,9533.592679,0.0
-50.0,50,9534.08191,0.0
-50.0,50,9534.568725,0.0
-50.0,50,9535.076632,0.0
-50.0,50,9535.576803,0.0
-50.0,50,9536.063827,0.0
-50.0,50,9536.549186,0.0
-50.0,50,9537.049311,0.0
-50.0,50,9537.553738,0.0
-50.0,50,9538.044654,0.0
-50.0,50,9538.530517,0.0
-50.0,50,9539.02687,0.0
-50.0,50,9539.510367,0.0
-50.0,50,9539.999725,0.0
-50.0,50,9540.494305,0.0
-50.0,50,9541.001668,0.0
-50.0,50,9541.480341,0.0
-50.0,50,9541.957923,0.0
-50.0,50,9542.450473,0.0
0.0,50,9542.944912,1.0
-50.0,50,9543.430126,0.0
-50.0,50,9543.927532,0.0
0.0,50,9544.410827,1.0
-50.0,50,9544.913974,0.0
-50.0,50,9545.404765,0.0
-50.0,50,9545.894727,0.0
-50.0,50,9546.382384,0.0
-50.0,50,9546.890127,0.0
-50.0,50,9547.377357,0.0
-50.0,50,9547.87499,0.0
-50.0,50,9548.36331,0.0
-50.0,50,9548.868656,0.0
-50.0,50,9549.348187,0.0
-50.0,50,9549.836286,0.0
-50.0,50,9550.322187,0.0
0.0,50,9550.823144,1.0
-50.0,50,9551.307221,0.0
-50.0,50,9551.787403,0.0
-50.0,50,9552.265399,0.0
-50.0,50,9552.767684,0.0
-50.0,50,9553.261701,0.0
-50.0,50,9553.751008,0.0
-50.0,50,9554.2448,0.0
-50.0,50,9554.749568,0.0
-50.0,50,9555.236893,0.0
-50.0,50,9555.726363,0.0
-50.0,50,9556.22012,0.0
0.0,50,9556.722647,1.0
-50.0,50,9557.207782,0.0
-50.0,50,9557.68874,0.0
-50.0,50,9558.181906,0.0
-50.0,50,9558.677144,0.0
-50.0,50,9559.16923,0.0
-50.0,50,9559.660977,0.0
-50.0,50,9560.154243,0.0
-50.0,50,9560.661124,0.0
-50.0,50,9561.141597,0.0
-50.0,50,9561.62774,0.0
0.0,50,9562.120374,1.0
-50.0,50,9562.620305,0.0
-50.0,50,9563.110996,0.0
-50.0,50,9563.600622,0.0
-50.0,50,9564.090878,0.0
-50.0,50,9564.593566,0.0
-50.0,50,9565.085347,0.0
-50.0,50,9565.565434,0.0
-50.0,50,9566.053532,0.0
-50.0,50,9566.56084,0.0
-50.0,50,9567.050208,0.0
-50.0,50,9567.532971,0.0
-50.0,50,9568.015622,0.0
-50.0,50,9568.510825,0.0
-50.0,50,9568.993837,0.0
-50.0,50,9569.48308,0.0
-50.0,50,9569.972485,0.0
0.0,50,9570.482585,1.0
0.0,50,9570.968089,1.0
-50.0,50,9571.454319,0.0
-50.0,50,9571.940012,0.0
-50.0,50,9572.443792,0.0
-50.0,50,9572.929893,0.0
-50.0,50,9573.415216,0.0
-50.0,50,9573.90331,0.0
0.0,50,9574.400156,1.0
-50.0,50,9574.891639,0.0
-50.0,50,9575.383953,0.0
-50.0,50,9575.876198,0.0
0.0,50,9576.383933,1.0
-50.0,50,9576.872784,0.0
-50.0,50,9577.369822,0.0
-50.0,50,9577.868902,0.0
-50.0,50,9580.652819,0.0
-50.0,50,9581.144556,0.0
-50.0,50,9581.626627,0.0
-50.0,50,9582.111395,0.0
-50.0,50,9582.613116,0.0
-50.0,50,9583.100978,0.0
0.0,50,9583.592781,1.0
0.0,50,9584.07725,1.0
0.0,50,9584.577289,1.0
-50.0,50,9585.058146,0.0
-50.0,50,9585.551628,0.0
-50.0,50,9586.033828,0.0
-50.0,50,9586.547443,0.0
-50.0,50,9587.032645,0.0
-50.0,50,9587.525315,0.0
-50.0,50,9588.011645,0.0
-50.0,50,9588.510493,0.0
-50.0,50,9588.998856,0.0
-50.0,50,9589.488567,0.0
-50.0,50,9589.97895,0.0
-50.0,50,9590.480376,0.0
-50.0,50,9590.962994,0.0
-50.0,50,9591.44232,0.0
-50.0,50,9591.92281,0.0
-50.0,50,9592.430763,0.0
-50.0,50,9592.920058,0.0
-50.0,50,9593.409985,0.0
-50.0,50,9593.902373,0.0
-50.0,50,9594.415128,0.0
-50.0,50,9594.910076,0.0
0.0,50,9595.389743,1.0
-50.0,50,9595.884124,0.0
-50.0,50,9596.390378,0.0
-50.0,50,9596.882474,0.0
-50.0,50,9597.362143,0.0
-50.0,50,9597.848873,0.0
-50.0,50,9598.361619,0.0
-50.0,50,9598.855499,0.0
-50.0,50,9599.346159,0.0
-50.0,50,9599.8335,0.0
-50.0,50,9600.344857,0.0
-50.0,50,9600.836396,0.0
-50.0,50,9601.325302,0.0
-50.0,50,9601.804668,0.0
-50.0,50,9602.30508,0.0
-50.0,50,9602.792555,0.0
-50.0,50,9603.284205,0.0
-50.0,50,9603.776526,0.0
-50.0,50,9604.282149,0.0
-50.0,50,9604.784546,0.0
-50.0,50,9605.273705,0.0
-50.0,50,9605.765807,0.0
-50.0,50,9606.282813,0.0
-50.0,50,9606.781456,0.0
-50.0,50,9607.28165,0.0
-50.0,50,9607.783589,0.0
-50.0,50,9608.308097,0.0
-50.0,50,9608.802582,0.0
-50.0,50,9609.28934,0.0
-50.0,50,9609.783545,0.0
-50.0,50,9610.280615,0.0
-50.0,50,9610.77112,0.0
-50.0,50,9611.259701,0.0
-50.0,50,9611.75427,0.0
-50.0,50,9612.26787,0.0
-50.0,50,9612.757744,0.0
-50.0,50,9613.253956,0.0
-50.0,50,9613.73308,0.0
-50.0,50,9614.240195,0.0
-50.0,50,9614.728803,0.0
-50.0,50,9615.209099,0.0
-50.0,50,9615.703344,0.0
-50.0,50,9616.211806,0.0
-50.0,50,9616.701615,0.0
-50.0,50,9617.186891,0.0
-50.0,50,9617.676942,0.0
-50.0,50,9618.180297,0.0
-50.0,50,9618.677949,0.0
-50.0,50,9619.169953,0.0
-50.0,50,9619.652103,0.0
-50.0,50,9620.162019,0.0
-50.0,50,9620.656086,0.0
-50.0,50,9621.149892,0.0
-50.0,50,9621.630943,0.0
-50.0,50,9622.130507,0.0
-50.0,50,9622.622117,0.0
-50.0,50,9623.106332,0.0
-50.0,50,9623.588161,0.0
-50.0,50,9624.082261,0.0
0.0,50,9624.572755,1.0
-50.0,50,9625.063778,0.0
-50.0,50,9625.55846,0.0
-50.0,50,9626.051602,0.0
-50.0,50,9626.530474,0.0
-50.0,50,9627.018832,0.0
-50.0,50,9627.513032,0.0
-50.0,50,9628.017952,0.0
-50.0,50,9628.507004,0.0
0.0,50,9629.009785,1.0
-50.0,50,9629.505029,0.0
-50.0,50,9630.008588,0.0
-50.0,50,9630.496146,0.0
-50.0,50,9630.977494,0.0
-50.0,50,9631.458249,0.0
-50.0,50,9631.957541,0.0
-50.0,50,9632.449974,0.0
-50.0,50,9632.937281,0.0
-50.0,50,9633.431393,0.0
-50.0,50,9633.937941,0.0
-50.0,50,9634.434824,0.0
-50.0,50,9634.92689,0.0
-50.0,50,9635.406325,0.0
0.0,50,9635.914501,1.0
-50.0,50,9636.407139,0.0
-50.0,50,9636.887607,0.0
-50.0,50,9637.382397,0.0
-50.0,50,9637.904121,0.0
-50.0,50,9638.393628,0.0
-50.0,50,9638.891183,0.0
-50.0,50,9639.383183,0.0
-50.0,50,9639.888763,0.0
-50.0,50,9640.378947,0.0
-50.0,50,9640.867167,0.0
-50.0,50,9641.357662,0.0
-50.0,50,9641.851334,0.0
-50.0,50,9642.339577,0.0
-50.0,50,9642.828787,0.0
-50.0,50,9643.319409,0.0
-50.0,50,9643.830484,0.0
-50.0,50,9644.319928,0.0
-50.0,50,9644.811563,0.0
-50.0,50,9645.304219,0.0
-50.0,50,9645.812762,0.0
-50.0,50,9646.305716,0.0
-50.0,50,9646.787588,0.0
-50.0,50,9647.279459,0.0
-50.0,50,9647.780238,0.0
-50.0,50,9648.274265,0.0
-50.0,50,9648.769308,0.0
-50.0,50,9649.253724,0.0
-50.0,50,9649.754294,0.0
-50.0,50,9650.23978,0.0
-50.0,50,9650.733262,0.0
-50.0,50,9651.218962,0.0
-50.0,50,9651.721887,0.0
-50.0,50,9652.215709,0.0
-50.0,50,9652.702852,0.0
-50.0,50,9653.191151,0.0
-50.0,50,9653.691779,0.0
0.0,50,9654.184983,1.0
-50.0,50,9654.669297,0.0
-50.0,50,9655.149865,0.0
-50.0,50,9655.644356,0.0
-50.0,50,9656.129528,0.0
-50.0,50,9656.617142,0.0
0.0,50,9657.109004,1.0
-50.0,50,9657.605677,0.0
-50.0,50,9658.092744,0.0
-50.0,50,9658.582348,0.0
0.0,50,9659.069044,1.0
-50.0,50,9659.574237,0.0
-50.0,50,9660.053088,0.0
-50.0,50,9660.536227,0.0
-50.0,50,9661.028121,0.0
-50.0,50,9661.532696,0.0
-50.0,50,9662.023201,0.0
-50.0,50,9662.517264,0.0
-50.0,50,9663.008985,0.0
-50.0,50,9663.52143,0.0
-50.0,50,9664.01741,0.0
-50.0,50,9664.516494,0.0
0.0,50,9665.007386,1.0
-50.0,50,9665.513851,0.0
-50.0,50,9666.004449,0.0
-50.0,50,9666.496155,0.0
-50.0,50,9666.992101,0.0
-50.0,50,9667.500677,0.0
-50.0,50,9667.999135,0.0
-50.0,50,9668.493533,0.0
-50.0,50,9668.983248,0.0
0.0,50,9669.486334,1.0
-50.0,50,9669.976871,0.0
-50.0,50,9670.459223,0.0
-50.0,50,9670.950368,0.0
-50.0,50,9671.445145,0.0
-50.0,50,9671.934766,0.0
-50.0,50,9672.416523,0.0
-50.0,50,9672.901494,0.0
-50.0,50,9673.397707,0.0
-50.0,50,9673.893726,0.0
-50.0,50,9674.375603,0.0
-50.0,50,9674.862118,0.0
-50.0,50,9675.368328,0.0
-50.0,50,9675.847043,0.0
-50.0,50,9676.331323,0.0
-50.0,50,9676.826491,0.0
-50.0,50,9677.32206,0.0
-50.0,50,9677.818405,0.0
-50.0,50,9678.305927,0.0
-50.0,50,9678.787573,0.0
-50.0,50,9681.54145,0.0
-50.0,50,9682.034291,0.0
-50.0,50,9682.518244,0.0
-50.0,50,9683.009457,0.0
-50.0,50,9683.514266,0.0
-50.0,50,9684.003143,0.0
-50.0,50,9684.499888,0.0
-50.0,50,9684.994051,0.0
-50.0,50,9685.490361,0.0
0.0,50,9685.96617,1.0
-50.0,50,9686.456797,0.0
-50.0,50,9686.94727,0.0
-50.0,50,9687.448672,0.0
-50.0,50,9687.936471,0.0
-50.0,50,9688.422766,0.0
-50.0,50,9688.9082,0.0
-50.0,50,9689.40236,0.0
-50.0,50,9689.886392,0.0
0.0,50,9690.377325,1.0
-50.0,50,9690.865812,0.0
0.0,50,9691.390407,1.0
-50.0,50,9691.867864,0.0
-50.0,50,9692.375546,0.0
-50.0,50,9692.86514,0.0
-50.0,50,9693.362516,0.0
-50.0,50,9693.853643,0.0
-50.0,50,9694.335372,0.0
-50.0,50,9694.815178,0.0
-50.0,50,9695.321398,0.0
-50.0,50,9695.813618,0.0
-50.0,50,9696.294476,0.0
-50.0,50,9696.791497,0.0
-50.0,50,9697.302618,0.0
-50.0,50,9697.790335,0.0
-50.0,50,9698.286256,0.0
-50.0,50,9698.774208,0.0
-50.0,50,9699.275269,0.0
-50.0,50,9699.760323,0.0
-50.0,50,9700.252347,0.0
-50.0,50,9700.743305,0.0
-50.0,50,9701.244054,0.0
-50.0,50,9701.738775,0.0
-50.0,50,9702.229932,0.0
-50.0,50,9702.720447,0.0
-50.0,50,9703.227124,0.0
-50.0,50,9703.711543,0.0
-50.0,50,9704.203366,0.0
-50.0,50,9704.688177,0.0
-50.0,50,9705.191301,0.0
-50.0,50,9705.676555,0.0
-50.0,50,9706.170619,0.0
-50.0,50,9706.657068,0.0
-50.0,50,9707.153076,0.0
-50.0,50,9707.645489,0.0
-50.0,50,9708.127383,0.0
-50.0,50,9708.616271,0.0
-50.0,50,9709.121176,0.0
-50.0,50,9709.620613,0.0
0.0,50,9710.100402,1.0
-50.0,50,9710.59742,0.0
-50.0,50,9711.102516,0.0
-50.0,50,9711.591527,0.0
-50.0,50,9712.071496,0.0
-50.0,50,9712.553092,0.0
-50.0,50,9713.04768,0.0
-50.0,50,9713.532547,0.0
-50.0,50,9714.011271,0.0
-50.0,50,9714.494242,0.0
-50.0,50,9714.989325,0.0
-50.0,50,9715.468197,0.0
-50.0,50,9715.957394,0.0
-50.0,50,9716.446034,0.0
-50.0,50,9716.950216,0.0
-50.0,50,9717.43752,0.0
0.0,50,9717.925239,1.0
-50.0,50,9718.417122,0.0
-50.0,50,9718.927634,0.0
-50.0,50,9719.427139,0.0
-50.0,50,9719.921171,0.0
-50.0,50,9720.421975,0.0
0.0,50,9720.918257,1.0
-50.0,50,9721.410192,0.0
-50.0,50,9721.903525,0.0
-50.0,50,9722.383347,0.0
0.0,50,9722.874314,1.0
-50.0,50,9723.372602,0.0
-50.0,50,9723.870886,0.0
-50.0,50,9724.35159,0.0
-50.0,50,9724.853496,0.0
-50.0,50,9725.349501,0.0
-50.0,50,9725.839514,0.0
-50.0,50,9726.327144,0.0
-50.0,50,9726.826684,0.0
-50.0,50,9727.306698,0.0
-50.0,50,9727.807753,0.0
-50.0,50,9728.297323,0.0
-50.0,50,9728.815684,0.0
-50.0,50,9729.306507,0.0
-50.0,50,9729.792481,0.0
-50.0,50,9730.272918,0.0
-50.0,50,9730.768884,0.0
-50.0,50,9731.244496,0.0
-50.0,50,9731.73369,0.0
0.0,50,9732.218433,1.0
-50.0,50,9732.724555,0.0
-50.0,50,9733.204825,0.0
-50.0,50,9733.692157,0.0
-50.0,50,9734.185623,0.0
-50.0,50,9734.694946,0.0
-50.0,50,9735.186495,0.0
-50.0,50,9735.670654,0.0
0.0,50,9736.151604,1.0
-50.0,50,9736.653933,0.0
-50.0,50,9737.146018,0.0
-50.0,50,9737.635004,0.0
-50.0,50,9738.130397,0.0
-50.0,50,9738.631692,0.0
-50.0,50,9739.127681,0.0
-50.0,50,9739.621735,0.0
-50.0,50,9740.108588,0.0
-50.0,50,9740.619066,0.0
-50.0,50,9741.109636,0.0
-50.0,50,9741.594175,0.0
-50.0,50,9742.087495,0.0
-50.0,50,9742.592267,0.0
-50.0,50,9743.08347,0.0
-50.0,50,9743.561808,0.0
-50.0,50,9744.04149,0.0
-50.0,50,9744.541576,0.0
-50.0,50,9745.040074,0.0
-50.0,50,9745.526739,0.0
-50.0,50,9746.024869,0.0
-50.0,50,9746.514385,0.0
-50.0,50,9746.992496,0.0
-50.0,50,9747.474198,0.0
-50.0,50,9747.963399,0.0
0.0,50,9748.4593,1.0
-50.0,50,9748.939621,0.0
-50.0,50,9749.418943,0.0
-50.0,50,9749.901448,0.0
-50.0,50,9750.399823,0.0
-50.0,50,9750.89114,0.0
-50.0,50,9751.372227,0.0
-50.0,50,9751.869764,0.0
-50.0,50,9752.374432,0.0
-50.0,50,9752.852911,0.0
-50.0,50,9753.330063,0.0
-50.0,50,9753.810789,0.0
0.0,50,9754.302924,1.0
-50.0,50,9754.783403,0.0
-50.0,50,9755.272236,0.0
-50.0,50,9755.762334,0.0
-50.0,50,9756.25446,0.0
-50.0,50,9756.746414,0.0
-50.0,50,9757.240873,0.0
-50.0,50,9757.73967,0.0
-50.0,50,9758.256303,0.0
-50.0,50,9758.734385,0.0
-50.0,50,9759.22817,0.0
-50.0,50,9759.705475,0.0
-50.0,50,9760.195789,0.0
-50.0,50,9760.677355,0.0
-50.0,50,9761.163963,0.0
-50.0,50,9761.652251,0.0
-50.0,50,9762.140878,0.0
-50.0,50,9762.633547,0.0
-50.0,50,9763.121946,0.0
-50.0,50,9763.614439,0.0
-50.0,50,9764.110718,0.0
-50.0,50,9764.589954,0.0
-50.0,50,9765.080695,0.0
-50.0,50,9765.56842,0.0
-50.0,50,9766.066616,0.0
0.0,50,9766.560106,1.0
-50.0,50,9767.040741,0.0
-50.0,50,9767.518866,0.0
-50.0,50,9768.022691,0.0
-50.0,50,9768.512394,0.0
-50.0,50,9769.000108,0.0
-50.0,50,9769.486044,0.0
-50.0,50,9769.987275,0.0
-50.0,50,9770.472668,0.0
-50.0,50,9770.95366,0.0
-50.0,50,9771.442053,0.0
-50.0,50,9771.941797,0.0
-50.0,50,9772.424192,0.0
-50.0,50,9772.911218,0.0
-50.0,50,9773.391,0.0
-50.0,50,9773.89424,0.0
-50.0,50,9774.373228,0.0
-50.0,50,9774.851918,0.0
-50.0,50,9775.331306,0.0
-50.0,50,9775.82894,0.0
-50.0,50,9776.312488,0.0
-50.0,50,9776.797492,0.0
-50.0,50,9777.291782,0.0
-50.0,50,9777.786046,0.0
-50.0,50,9778.267214,0.0
-50.0,50,9778.751757,0.0
-50.0,50,9779.254325,0.0
-50.0,50,9782.036738,0.0
-50.0,50,9782.522702,0.0
-50.0,50,9783.006066,0.0
0.0,50,9783.483495,1.0
-50.0,50,9783.977877,0.0
-50.0,50,9784.470279,0.0
-50.0,50,9784.946301,0.0
-50.0,50,9785.422106,0.0
-50.0,50,9785.914258,0.0
-50.0,50,9786.406861,0.0
-50.0,50,9786.882547,0.0
-50.0,50,9787.365776,0.0
-50.0,50,9787.890972,0.0
-50.0,50,9788.374507,0.0
-50.0,50,9788.860553,0.0
-50.0,50,9789.337867,0.0
-50.0,50,9789.828127,0.0
-50.0,50,9790.314714,0.0
-50.0,50,9790.80393,0.0
-50.0,50,9791.290651,0.0
-50.0,50,9791.782784,0.0
-50.0,50,9792.265586,0.0
-50.0,50,9792.752857,0.0
-50.0,50,9793.239117,0.0
-50.0,50,9793.740516,0.0
-50.0,50,9794.223361,0.0
-50.0,50,9794.709579,0.0
-50.0,50,9795.198679,0.0
-50.0,50,9795.712038,0.0
-50.0,50,9796.204722,0.0
-50.0,50,9796.69472,0.0
-50.0,50,9797.181634,0.0
-50.0,50,9797.693568,0.0
-50.0,50,9798.18102,0.0
-50.0,50,9798.669482,0.0
-50.0,50,9799.163621,0.0
-50.0,50,9799.660845,0.0
-50.0,50,9800.13905,0.0
-50.0,50,9800.621236,0.0
-50.0,50,9801.106417,0.0
-50.0,50,9801.600651,0.0
0.0,50,9802.082639,1.0
-50.0,50,9802.5667,0.0
0.0,50,9803.061633,1.0
0.0,50,9803.57394,1.0
-50.0,50,9804.057443,0.0
-49.0,50,9804.539838,0.0
-50.0,50,9805.018706,0.0
-50.0,50,9805.514352,0.0
-50.0,50,9805.993617,0.0
-50.0,50,9806.483665,0.0
-50.0,50,9806.963402,0.0
-50.0,50,9807.465381,0.0
-50.0,50,9807.943697,0.0
-50.0,50,9808.425721,0.0
-50.0,50,9808.910063,0.0
-50.0,50,9809.412172,0.0
-50.0,50,9809.903452,0.0
-50.0,50,9810.390743,0.0
-50.0,50,9810.875143,0.0
-50.0,50,9811.377765,0.0
-50.0,50,9811.864654,0.0
-50.0,50,9812.357775,0.0
-50.0,50,9812.843641,0.0
-50.0,50,9813.350948,0.0
-50.0,50,9813.830699,0.0
-50.0,50,9814.310669,0.0
0.0,50,9814.790036,1.0
-50.0,50,9815.290644,0.0
-50.0,50,9815.77295,0.0
-50.0,50,9816.251833,0.0
-50.0,50,9816.742701,0.0
-50.0,50,9817.257421,0.0
0.0,50,9817.74149,1.0
-50.0,50,9818.231753,0.0
-50.0,50,9818.724702,0.0
-50.0,50,9819.223789,0.0
-50.0,50,9819.712354,0.0
-50.0,50,9820.206778,0.0
-50.0,50,9820.686643,0.0
0.0,50,9821.203907,1.0
-50.0,50,9821.697836,0.0
-50.0,50,9822.19253,0.0
-50.0,50,9822.684783,0.0
-50.0,50,9823.194553,0.0
-50.0,50,9823.68563,0.0
-50.0,50,9824.174679,0.0
-50.0,50,9824.666991,0.0
-50.0,50,9825.178712,0.0
-50.0,50,9825.666755,0.0
-50.0,50,9826.14565,0.0
-50.0,50,9826.628919,0.0
-50.0,50,9827.147101,0.0
-50.0,50,9827.634939,0.0
-50.0,50,9828.130925,0.0
-50.0,50,9828.623712,0.0
-50.0,50,9829.13677,0.0
-50.0,50,9829.620972,0.0
-50.0,50,9830.106564,0.0
-50.0,50,9830.590834,0.0
-50.0,50,9831.110557,0.0
-50.0,50,9831.60058,0.0
-50.0,50,9832.090672,0.0
-50.0,50,9832.570756,0.0
-50.0,50,9833.083755,0.0
-50.0,50,9833.577965,0.0
-50.0,50,9834.068369,0.0
-50.0,50,9834.563032,0.0
-50.0,50,9835.077813,0.0
-50.0,50,9835.567441,0.0
-50.0,50,9836.056308,0.0
-50.0,50,9836.546405,0.0
-50.0,50,9837.058715,0.0
-50.0,50,9837.550932,0.0
-50.0,50,9838.062329,0.0
-50.0,50,9838.551275,0.0
-50.0,50,9839.056757,0.0
-50.0,50,9839.548093,0.0
-50.0,50,9840.027843,0.0
-50.0,50,9840.506805,0.0
-50.0,50,9841.047863,0.0
-50.0,50,9841.528301,0.0
-50.0,50,9842.015374,0.0
0.0,50,9842.507711,1.0
-50.0,50,9843.017249,0.0
-50.0,50,9843.508874,0.0
-50.0,50,9843.993845,0.0
-50.0,50,9844.493897,0.0
-50.0,50,9845.013244,0.0
-50.0,50,9845.499981,0.0
-50.0,50,9845.991411,0.0
-50.0,50,9846.482961,0.0
-50.0,50,9846.993654,0.0
-50.0,50,9847.48615,0.0
-50.0,50,9847.99009,0.0
-50.0,50,9848.480964,0.0
-50.0,50,9848.992176,0.0
-50.0,50,9849.482319,0.0
-50.0,50,9849.969084,0.0
-50.0,50,9850.461607,0.0
0.0,50,9850.970312,1.0
-50.0,50,9851.448935,0.0
0.0,50,9851.933165,1.0
-50.0,50,9852.421628,0.0
-50.0,50,9852.923773,0.0
-50.0,50,9853.411772,0.0
-50.0,50,9853.892228,0.0
-50.0,50,9854.374163,0.0
-50.0,50,9854.867638,0.0
-50.0,50,9855.368103,0.0
-50.0,50,9855.858275,0.0
-50.0,50,9856.351594,0.0
-50.0,50,9856.872417,0.0
-50.0,50,9857.364633,0.0
0.0,50,9857.841252,1.0
-50.0,50,9858.321765,0.0
-50.0,50,9858.827754,0.0
-50.0,50,9859.305161,0.0
-50.0,50,9859.794416,0.0
-50.0,50,9860.28667,0.0
-50.0,50,9860.80169,0.0
-50.0,50,9861.292917,0.0
-50.0,50,9861.783201,0.0
-50.0,50,9862.279456,0.0
-50.0,50,9862.78828,0.0
-50.0,50,9863.270275,0.0
-50.0,50,9863.750705,0.0
0.0,50,9864.230613,1.0
-50.0,50,9864.742474,0.0
-50.0,50,9865.221162,0.0
-50.0,50,9865.701561,0.0
-50.0,50,9866.186767,0.0
0.0,50,9866.690153,1.0
-50.0,50,9867.169999,0.0
-50.0,50,9867.651022,0.0
-50.0,50,9868.139065,0.0
-50.0,50,9868.638237,0.0
-50.0,50,9869.118307,0.0
-50.0,50,9869.607368,0.0
-50.0,50,9870.093431,0.0
-50.0,50,9870.609338,0.0
-50.0,50,9871.098489,0.0
0.0,50,9871.591249,1.0
-50.0,50,9872.080305,0.0
-50.0,50,9872.608033,0.0
-50.0,50,9873.112782,0.0
-50.0,50,9873.609535,0.0
-50.0,50,9874.098568,0.0
-50.0,50,9874.599915,0.0
-50.0,50,9875.114639,0.0
-50.0,50,9875.601888,0.0
0.0,50,9876.088231,1.0
-50.0,50,9876.596626,0.0
-50.0,50,9877.08594,0.0
-50.0,50,9877.579406,0.0
-50.0,50,9878.082975,0.0
-50.0,50,9878.585652,0.0
-50.0,50,9879.066329,0.0
-50.0,50,9879.566427,0.0
-50.0,50,9880.059344,0.0
0.0,50,9882.824447,1.0
-50.0,50,9883.317549,0.0
-50.0,50,9883.797445,0.0
-50.0,50,9884.288665,0.0
-50.0,50,9884.793519,0.0
-50.0,50,9885.28077,0.0
-50.0,50,9885.774853,0.0
-50.0,50,9886.265899,0.0
-50.0,50,9886.775524,0.0
-50.0,50,9887.267269,0.0
-50.0,50,9887.748341,0.0
-50.0,50,9888.228866,0.0
-50.0,50,9888.71976,0.0
-50.0,50,9889.210273,0.0
0.0,50,9889.687896,1.0
-50.0,50,9890.173825,0.0
-50.0,50,9890.664494,0.0
-50.0,50,9891.14764,0.0
-50.0,50,9891.632106,0.0
-50.0,50,9892.122021,0.0
-50.0,50,9892.620853,0.0
-50.0,50,9893.103545,0.0
-50.0,50,9893.59187,0.0
-50.0,50,9894.066935,0.0
-50.0,50,9894.565068,0.0
-50.0,50,9895.050112,0.0
-50.0,50,9895.528977,0.0
-50.0,50,9896.01646,0.0
-50.0,50,9896.503754,0.0
-50.0,50,9896.981355,0.0
-50.0,50,9897.456913,0.0
-50.0,50,9897.941323,0.0
-50.0,50,9898.446295,0.0
-50.0,50,9898.937117,0.0
-50.0,50,9899.422047,0.0
-50.0,50,9899.897226,0.0
-50.0,50,9900.40054,0.0
-50.0,50,9900.878807,0.0
-50.0,50,9901.35708,0.0
-50.0,50,9901.846377,0.0
-50.0,50,9902.342922,0.0
0.0,50,9902.819161,1.0
-50.0,50,9903.294044,0.0
-50.0,50,9903.769976,0.0
-50.0,50,9904.264834,0.0
-50.0,50,9904.750252,0.0
0.0,50,9905.226988,1.0
-50.0,50,9905.720768,0.0
-50.0,50,9906.221139,0.0
-50.0,50,9906.712198,0.0
-50.0,50,9907.191196,0.0
-50.0,50,9907.675225,0.0
-50.0,50,9908.190223,0.0
-50.0,50,9908.674861,0.0
-50.0,50,9909.154644,0.0
-50.0,50,9909.652329,0.0
0.0,50,9910.155134,1.0
-50.0,50,9910.643038,0.0
-50.0,50,9911.123476,0.0
-50.0,50,9911.604239,0.0
-50.0,50,9912.107327,0.0
-50.0,50,9912.586023,0.0
-50.0,50,9913.074345,0.0
-50.0,50,9913.56377,0.0
-50.0,50,9914.054355,0.0
-50.0,50,9914.543777,0.0
0.0,50,9915.037013,1.0
-50.0,50,9915.52559,0.0
-50.0,50,9916.024731,0.0
-50.0,50,9916.512787,0.0
-50.0,50,9917.019886,0.0
-50.0,50,9917.512383,0.0
-50.0,50,9918.003021,0.0
-50.0,50,9918.494067,0.0
-50.0,50,9918.97888,0.0
-50.0,50,9919.456375,0.0
-50.0,50,9919.964837,0.0
-50.0,50,9920.441999,0.0
-50.0,50,9920.928616,0.0
-50.0,50,9921.408331,0.0
-50.0,50,9921.901413,0.0
0.0,50,9922.3782,1.0
-50.0,50,9922.86292,0.0
-50.0,50,9923.344565,0.0
-50.0,50,9923.844474,0.0
-50.0,50,9924.328451,0.0
-50.0,50,9924.819697,0.0
-50.0,50,9925.29814,0.0
-50.0,50,9925.793413,0.0
-50.0,50,9926.274086,0.0
-50.0,50,9926.764227,0.0
-50.0,50,9927.241104,0.0
-50.0,50,9927.762045,0.0
-50.0,50,9928.241911,0.0
-50.0,50,9928.725422,0.0
-50.0,50,9929.202604,0.0
-50.0,50,9929.708112,0.0
-50.0,50,9930.195196,0.0
-50.0,50,9930.674499,0.0
-50.0,50,9931.151149,0.0
-50.0,50,9931.652307,0.0
-50.0,50,9932.134751,0.0
-50.0,50,9932.615967,0.0
-50.0,50,9933.097626,0.0
-50.0,50,9933.603069,0.0
-50.0,50,9934.091379,0.0
-50.0,50,9934.572362,0.0
-50.0,50,9935.054293,0.0
-50.0,50,9935.547933,0.0
-50.0,50,9936.034121,0.0
-50.0,50,9936.510091,0.0
-50.0,50,9936.985858,0.0
-50.0,50,9937.480158,0.0
-50.0,50,9937.986884,0.0
-50.0,50,9938.46295,0.0
-50.0,50,9938.949198,0.0
-50.0,50,9939.453507,0.0
-50.0,50,9939.944886,0.0
-50.0,50,9940.43441,0.0
-50.0,50,9940.91832,0.0
-50.0,50,9941.42533,0.0
-50.0,50,9941.913452,0.0
-50.0,50,9942.394569,0.0
-50.0,50,9942.884346,0.0
-50.0,50,9943.387191,0.0
-50.0,50,9943.876345,0.0
0.0,50,9944.355199,1.0
-50.0,50,9944.840143,0.0
-50.0,50,9945.345264,0.0
-50.0,50,9945.836331,0.0
-50.0,50,9946.32182,0.0
-50.0,50,9946.809085,0.0
-50.0,50,9947.301514,0.0
-50.0,50,9947.789419,0.0
-50.0,50,9948.266702,0.0
-50.0,50,9948.748526,0.0
-50.0,50,9949.251085,0.0
-50.0,50,9949.72944,0.0
0.0,50,9950.207404,1.0
-50.0,50,9950.699565,0.0
-50.0,50,9951.20231,0.0
-50.0,50,9951.689007,0.0
-50.0,50,9952.175399,0.0
-50.0,50,9952.669219,0.0
0.0,50,9953.16114,1.0
-50.0,50,9953.656968,0.0
-50.0,50,9954.137856,0.0
-50.0,50,9954.617655,0.0
-50.0,50,9955.111297,0.0
-50.0,50,9955.589898,0.0
-50.0,50,9956.070708,0.0
-50.0,50,9956.551691,0.0
-50.0,50,9957.045835,0.0
-50.0,50,9957.527677,0.0
-50.0,50,9958.00924,0.0
-50.0,50,9958.495092,0.0
-50.0,50,9959.004622,0.0
-50.0,50,9959.484208,0.0
-50.0,50,9959.976831,0.0
-50.0,50,9960.460735,0.0
0.0,50,9960.962599,1.0
-50.0,50,9961.444432,0.0
-50.0,50,9961.927261,0.0
-50.0,50,9962.406273,0.0
-50.0,50,9962.904579,0.0
-50.0,50,9963.390606,0.0
-50.0,50,9963.869728,0.0
-50.0,50,9964.351004,0.0
-50.0,50,9964.847278,0.0
-50.0,50,9965.333176,0.0
-50.0,50,9965.814185,0.0
-50.0,50,9966.302179,0.0
-50.0,50,9966.808484,0.0
-50.0,50,9967.289316,0.0
-50.0,50,9967.773114,0.0
-50.0,50,9968.277232,0.0
-50.0,50,9968.780956,0.0
-50.0,50,9969.262133,0.0
-50.0,50,9969.74871,0.0
-50.0,50,9970.235855,0.0
-50.0,50,9970.745938,0.0
-50.0,50,9971.223647,0.0
-50.0,50,9971.706593,0.0
-50.0,50,9972.190084,0.0
-50.0,50,9972.689641,0.0
-50.0,50,9973.176179,0.0
-50.0,50,9973.654246,0.0
-50.0,50,9974.137796,0.0
-50.0,50,9974.636878,0.0
-50.0,50,9975.122906,0.0
0.0,50,9975.600877,1.0
-50.0,50,9976.080489,0.0
-50.0,50,9976.58044,0.0
-50.0,50,9977.067385,0.0
-50.0,50,9977.55238,0.0
-50.0,50,9978.031749,0.0
-50.0,50,9978.532629,0.0
-50.0,50,9979.021164,0.0
0.0,50,9979.49863,1.0
-50.0,50,9979.984321,0.0
-50.0,50,9982.799599,0.0
-50.0,50,9983.276297,0.0
-50.0,50,9983.755997,0.0
-50.0,50,9984.240803,0.0
-50.0,50,9984.739047,0.0
-50.0,50,9985.223867,0.0
-50.0,50,9985.719347,0.0
-50.0,50,9986.202783,0.0
-50.0,50,9986.706677,0.0
-50.0,50,9987.201712,0.0
-50.0,50,9987.691918,0.0
-50.0,50,9988.181432,0.0
-50.0,50,9988.680008,0.0
-50.0,50,9989.158049,0.0
-50.0,50,9989.654633,0.0
-50.0,50,9990.134345,0.0
-50.0,50,9990.636745,0.0
-50.0,50,9991.129338,0.0
-50.0,50,9991.613959,0.0
-50.0,50,9992.106328,0.0
0.0,50,9992.607736,1.0
-50.0,50,9993.086807,0.0
-50.0,50,9993.578328,0.0
0.0,50,9994.066517,1.0
-50.0,50,9994.566246,0.0
-50.0,50,9995.054915,0.0
-50.0,50,9995.550683,0.0
-50.0,50,9996.033337,0.0
-50.0,50,9996.536045,0.0
-50.0,50,9997.014143,0.0
-50.0,50,9997.510596,0.0
-50.0,50,9998.014689,0.0
-50.0,50,9998.50573,0.0
-50.0,50,9998.984591,0.0
-50.0,50,9999.466066,0.0
-50.0,50,9999.951478,0.0
-50.0,50,10000.466444,0.0
-50.0,50,10000.95433,0.0
-50.0,50,10001.432329,0.0
-50.0,50,10001.925081,0.0
-50.0,50,10002.417332,0.0
-50.0,50,10002.911567,0.0
-50.0,50,10003.40361,0.0
-50.0,50,10003.882695,0.0
-50.0,50,10004.374366,0.0
-50.0,50,10004.852315,0.0
-50.0,50,10005.342404,0.0
-50.0,50,10005.822667,0.0
-50.0,50,10006.320579,0.0
-50.0,50,10006.798353,0.0
-50.0,50,10007.287396,0.0
-50.0,50,10007.779364,0.0
-50.0,50,10008.289822,0.0
-50.0,50,10008.772392,0.0
-50.0,50,10009.256769,0.0
-50.0,50,10009.750278,0.0
-50.0,50,10010.281116,0.0
-50.0,50,10010.775473,0.0
-50.0,50,10011.272687,0.0
-50.0,50,10011.766418,0.0
-50.0,50,10012.277446,0.0
-50.0,50,10012.762918,0.0
-50.0,50,10013.26204,0.0
-50.0,50,10013.742211,0.0
-50.0,50,10014.242205,0.0
-50.0,50,10014.732472,0.0
-50.0,50,10015.221571,0.0
-50.0,50,10015.705177,0.0
-50.0,50,10016.21777,0.0
-50.0,50,10016.699796,0.0
-50.0,50,10017.194654,0.0
-50.0,50,10017.690718,0.0
-50.0,50,10018.203799,0.0
-50.0,50,10018.689529,0.0
-50.0,50,10019.182024,0.0
0.0,50,10019.673589,1.0
-50.0,50,10020.178932,0.0
-50.0,50,10020.669517,0.0
-50.0,50,10021.164887,0.0
-50.0,50,10021.645233,0.0
-50.0,50,10022.15574,0.0
-50.0,50,10022.657989,0.0
-50.0,50,10023.140877,0.0
-50.0,50,10023.624485,0.0
-50.0,50,10024.132603,0.0
-50.0,50,10024.626815,0.0
-50.0,50,10025.111454,0.0
-50.0,50,10025.592644,0.0
-50.0,50,10026.088736,0.0
-50.0,50,10026.582107,0.0
-50.0,50,10027.080854,0.0
-50.0,50,10027.562694,0.0
-50.0,50,10028.082486,0.0
-50.0,50,10028.579815,0.0
-50.0,50,10029.086209,0.0
0.0,50,10029.581869,1.0
-50.0,50,10030.096916,0.0
-50.0,50,10030.593742,0.0
-50.0,50,10031.085822,0.0
-50.0,50,10031.579598,0.0
-50.0,50,10032.085083,0.0
-50.0,50,10032.574281,0.0
-50.0,50,10033.065326,0.0
-50.0,50,10033.565194,0.0
-50.0,50,10034.065761,0.0
-50.0,50,10034.558651,0.0
-50.0,50,10035.051556,0.0
-50.0,50,10035.529971,0.0
-50.0,50,10036.0307,0.0
-50.0,50,10036.525117,0.0
-50.0,50,10037.017684,0.0
-50.0,50,10037.513978,0.0
-50.0,50,10038.009492,0.0
-50.0,50,10038.494266,0.0
-50.0,50,10038.977854,0.0
-50.0,50,10039.476397,0.0
0.0,50,10039.981711,1.0
-50.0,50,10040.474358,0.0
0.0,50,10040.972787,1.0
-50.0,50,10041.45991,0.0
-50.0,50,10041.955596,0.0
-50.0,50,10042.435936,0.0
-50.0,50,10042.918756,0.0
-50.0,50,10043.404755,0.0
-50.0,50,10043.905342,0.0
-50.0,50,10044.401607,0.0
-50.0,50,10044.899833,0.0
-50.0,50,10045.398193,0.0
-50.0,50,10045.905592,0.0
-50.0,50,10046.399822,0.0
-50.0,50,10046.899567,0.0
-50.0,50,10047.389771,0.0
-50.0,50,10047.900144,0.0
-50.0,50,10048.387629,0.0
-50.0,50,10048.885657,0.0
0.0,50,10049.381904,1.0
-50.0,50,10049.884505,0.0
-50.0,50,10050.378774,0.0
-50.0,50,10050.876732,0.0
-50.0,50,10051.372753,0.0
-50.0,50,10051.866028,0.0
-50.0,50,10052.353745,0.0
-50.0,50,10052.847769,0.0
-50.0,50,10053.333018,0.0
-50.0,50,10053.834397,0.0
-50.0,50,10054.325186,0.0
-50.0,50,10054.810352,0.0
-50.0,50,10055.28939,0.0
-50.0,50,10055.783051,0.0
-50.0,50,10056.262331,0.0
-50.0,50,10056.743364,0.0
-50.0,50,10057.232528,0.0
-50.0,50,10057.742585,0.0
-50.0,50,10058.247185,0.0
-50.0,50,10058.739679,0.0
-50.0,50,10059.22706,0.0
-50.0,50,10059.730999,0.0
-50.0,50,10060.228954,0.0
-50.0,50,10060.718403,0.0
-50.0,50,10061.213366,0.0
-50.0,50,10061.720162,0.0
-50.0,50,10062.207975,0.0
-50.0,50,10062.701572,0.0
-50.0,50,10063.18902,0.0
-50.0,50,10063.695073,0.0
-50.0,50,10064.203972,0.0
-50.0,50,10064.700965,0.0
-50.0,50,10065.191005,0.0
-50.0,50,10065.698965,0.0
-50.0,50,10066.194031,0.0
-50.0,50,10066.673688,0.0
-50.0,50,10067.159611,0.0
-50.0,50,10067.652568,0.0
0.0,50,10068.134534,1.0
-50.0,50,10068.61474,0.0
-50.0,50,10069.11047,0.0
-50.0,50,10069.604667,0.0
-50.0,50,10070.085503,0.0
-50.0,50,10070.568365,0.0
-50.0,50,10071.054512,0.0
-50.0,50,10071.552804,0.0
-50.0,50,10072.038605,0.0
-50.0,50,10072.533608,0.0
-50.0,50,10073.013325,0.0
-50.0,50,10073.507277,0.0
-50.0,50,10073.986846,0.0
-50.0,50,10074.481858,0.0
0.0,50,10074.960631,1.0
-50.0,50,10075.462103,0.0
-50.0,50,10075.947581,0.0
-50.0,50,10076.426691,0.0
0.0,50,10076.907073,1.0
-50.0,50,10077.410113,0.0
-50.0,50,10077.890644,0.0
-50.0,50,10078.372188,0.0
-50.0,50,10078.858987,0.0
-50.0,50,10079.356406,0.0
-50.0,50,10079.849221,0.0
-50.0,50,10080.346786,0.0
-50.0,50,10080.834057,0.0
-50.0,50,10083.673853,0.0
-50.0,50,10084.156873,0.0
-50.0,50,10084.64359,0.0
-50.0,50,10085.133334,0.0
-50.0,50,10085.631967,0.0
-50.0,50,10086.119011,0.0
-50.0,50,10086.622289,0.0
-50.0,50,10087.118847,0.0
-50.0,50,10087.632001,0.0
-50.0,50,10088.13489,0.0
-50.0,50,10088.628835,0.0
-50.0,50,10089.108191,0.0
-50.0,50,10089.62845,0.0
-50.0,50,10090.121037,0.0
0.0,50,10090.60051,1.0
-50.0,50,10091.081536,0.0
-50.0,50,10091.593679,0.0
-50.0,50,10092.082976,0.0
-50.0,50,10092.568947,0.0
-50.0,50,10093.068522,0.0
-50.0,50,10093.569552,0.0
-50.0,50,10094.053336,0.0
-50.0,50,10094.544005,0.0
-50.0,50,10095.027705,0.0
-50.0,50,10095.520175,0.0
-50.0,50,10096.016868,0.0
-50.0,50,10096.511399,0.0
0.0,50,10096.991173,1.0
-50.0,50,10097.485964,0.0
-50.0,50,10097.965973,0.0
-50.0,50,10098.455964,0.0
-50.0,50,10098.945905,0.0
-50.0,50,10099.457093,0.0
-50.0,50,10099.93819,0.0
-50.0,50,10100.430129,0.0
0.0,50,10100.925855,1.0
-50.0,50,10101.423473,0.0
-50.0,50,10101.902478,0.0
-50.0,50,10102.381094,0.0
-50.0,50,10102.858696,0.0
-50.0,50,10103.349074,0.0
-50.0,50,10103.832922,0.0
-50.0,50,10104.317291,0.0
-50.0,50,10104.795986,0.0
-50.0,50,10105.296888,0.0
-50.0,50,10105.785995,0.0
-50.0,50,10106.264279,0.0
-50.0,50,10106.760512,0.0
-50.0,50,10107.254773,0.0
-50.0,50,10107.736431,0.0
-50.0,50,10108.224005,0.0
-50.0,50,10108.719843,0.0
-50.0,50,10109.229687,0.0
-50.0,50,10109.710598,0.0
-50.0,50,10110.192979,0.0
-50.0,50,10110.676186,0.0
-50.0,50,10111.179969,0.0
-50.0,50,10111.671571,0.0
0.0,50,10112.150996,1.0
-50.0,50,10112.639949,0.0
-50.0,50,10113.14592,0.0
-50.0,50,10113.633357,0.0
-50.0,50,10114.121425,0.0
-50.0,50,10114.598774,0.0
-50.0,50,10115.105394,0.0
-50.0,50,10115.5943,0.0
-50.0,50,10116.084839,0.0
-50.0,50,10116.571263,0.0
-50.0,50,10117.066115,0.0
-50.0,50,10117.547543,0.0
-50.0,50,10118.051516,0.0
-50.0,50,10118.532187,0.0
-50.0,50,10119.025775,0.0
-50.0,50,10119.518045,0.0
-50.0,50,10120.005838,0.0
-50.0,50,10120.487273,0.0
-50.0,50,10120.982771,0.0
-50.0,50,10121.46279,0.0
-50.0,50,10121.955169,0.0
-50.0,50,10122.432697,0.0
-50.0,50,10122.92781,0.0
-50.0,50,10123.414873,0.0
0.0,50,10123.89222,1.0
-50.0,50,10124.380327,0.0
-50.0,50,10124.884234,0.0
-50.0,50,10125.378021,0.0
-50.0,50,10125.865086,0.0
-50.0,50,10126.356916,0.0
-50.0,50,10126.855979,0.0
-50.0,50,10127.342453,0.0
-50.0,50,10127.829055,0.0
-50.0,50,10128.317949,0.0
-50.0,50,10128.826642,0.0
-50.0,50,10129.319063,0.0
-50.0,50,10129.807049,0.0
-50.0,50,10130.296881,0.0
-50.0,50,10130.802919,0.0
-50.0,50,10131.292289,0.0
-50.0,50,10131.787148,0.0
-50.0,50,10132.274879,0.0
0.0,50,10132.775218,1.0
-50.0,50,10133.265324,0.0
-50.0,50,10133.757842,0.0
-50.0,50,10134.23738,0.0
-50.0,50,10134.736207,0.0
-50.0,50,10135.225685,0.0
-50.0,50,10135.714301,0.0
-50.0,50,10136.194158,0.0
-50.0,50,10136.698974,0.0
-50.0,50,10137.182699,0.0
-50.0,50,10137.6725,0.0
-50.0,50,10138.154784,0.0
-50.0,50,10138.658642,0.0
-50.0,50,10139.146276,0.0
-50.0,50,10139.6267,0.0
-50.0,50,10140.115053,0.0
-50.0,50,10140.619707,0.0
-50.0,50,10141.107772,0.0
-50.0,50,10141.588732,0.0
-50.0,50,10142.082361,0.0
-50.0,50,10142.580258,0.0
-50.0,50,10143.067263,0.0
-50.0,50,10143.550883,0.0
-50.0,50,10144.041248,0.0
-50.0,50,10144.547637,0.0
-50.0,50,10145.033259,0.0
-50.0,50,10145.530482,0.0
-50.0,50,10146.013475,0.0
-50.0,50,10146.510379,0.0
-50.0,50,10146.993713,0.0
-50.0,50,10147.473788,0.0
-50.0,50,10147.965446,0.0
-50.0,50,10148.469057,0.0
-50.0,50,10148.950334,0.0
-50.0,50,10149.433988,0.0
-50.0,50,10149.918386,0.0
-50.0,50,10150.432169,0.0
-50.0,50,10150.917156,0.0
-50.0,50,10151.406458,0.0
-50.0,50,10151.89034,0.0
-50.0,50,10152.387213,0.0
-50.0,50,10152.864785,0.0
-50.0,50,10153.348144,0.0
-50.0,50,10153.845597,0.0
-50.0,50,10154.351475,0.0
0.0,50,10154.829583,1.0
-50.0,50,10155.317998,0.0
-50.0,50,10155.806795,0.0
-50.0,50,10156.304924,0.0
-50.0,50,10156.784354,0.0
0.0,50,10157.265778,1.0
-50.0,50,10157.747031,0.0
-50.0,50,10158.243191,0.0
-50.0,50,10158.726762,0.0
-50.0,50,10159.209888,0.0
-50.0,50,10159.690147,0.0
-50.0,50,10160.192371,0.0
-50.0,50,10160.674193,0.0
-50.0,50,10161.167203,0.0
-50.0,50,10161.66757,0.0
-50.0,50,10162.165077,0.0
-50.0,50,10162.649489,0.0
-50.0,50,10163.149387,0.0
-50.0,50,10163.647345,0.0
-50.0,50,10164.195133,0.0
-50.0,50,10164.676534,0.0
-50.0,50,10165.156059,0.0
-50.0,50,10165.632939,0.0
-50.0,50,10166.134736,0.0
-50.0,50,10166.622993,0.0
-50.0,50,10167.10721,0.0
-50.0,50,10167.591186,0.0
-50.0,50,10168.090178,0.0
-50.0,50,10168.580322,0.0
-50.0,50,10169.061741,0.0
-50.0,50,10169.54518,0.0
-50.0,50,10170.036517,0.0
-50.0,50,10170.517366,0.0
-50.0,50,10170.998736,0.0
-50.0,50,10171.485093,0.0
-50.0,50,10171.9941,0.0
-50.0,50,10172.482925,0.0
-50.0,50,10172.975779,0.0
-50.0,50,10173.454099,0.0
-50.0,50,10173.959955,0.0
0.0,50,10174.439011,1.0
-50.0,50,10174.919479,0.0
-50.0,50,10175.401067,0.0
-50.0,50,10175.894042,0.0
-50.0,50,10176.376574,0.0
-50.0,50,10176.856215,0.0
-50.0,50,10177.33831,0.0
-50.0,50,10177.8334,0.0
-50.0,50,10178.31594,0.0
-50.0,50,10178.798941,0.0
0.0,50,10179.304105,1.0
-50.0,50,10179.818295,0.0
-50.0,50,10180.296999,0.0
-50.0,50,10180.809482,0.0
-50.0,50,10181.291068,0.0
