#{"t_start": 1786200213.8603425, "env_id": "FetchPush-v3"}
r,l,t,is_success
-50.0,50,6.22623,0.0
-50.0,50,6.311886,0.0
-50.0,50,6.402403,0.0
0.0,50,6.490687,1.0
-50.0,50,6.580915,0.0
-50.0,50,6.669441,0.0
-50.0,50,6.756765,0.0
-50.0,50,6.843731,0.0
-50.0,50,6.934502,0.0
-50.0,50,7.022026,0.0
-50.0,50,7.105364,0.0
0.0,50,7.192811,1.0
-50.0,50,7.286412,0.0
-50.0,50,7.372883,0.0
-50.0,50,7.462877,0.0
-50.0,50,7.550421,0.0
-50.0,50,7.643926,0.0
-50.0,50,7.728867,0.0
-50.0,50,7.816133,0.0
-50.0,50,7.902513,0.0
-50.0,50,9.990249,0.0
-50.0,50,10.477451,0.0
-50.0,50,10.94579,0.0
-50.0,50,11.439018,0.0
-50.0,50,11.958195,0.0
-50.0,50,12.457469,0.0
-50.0,50,12.947955,0.0
-50.0,50,13.422546,0.0
-50.0,50,13.941411,0.0
-50.0,50,14.573353,0.0
-50.0,50,15.062027,0.0
-50.0,50,15.551181,0.0
-50.0,50,16.062757,0.0
-50.0,50,16.534189,0.0
-50.0,50,17.023254,0.0
-50.0,50,17.520259,0.0
-50.0,50,18.04235,0.0
-50.0,50,18.544328,0.0
-50.0,50,19.017435,0.0
-50.0,50,19.518988,0.0
-50.0,50,20.037943,0.0
-50.0,50,20.537217,0.0
-50.0,50,21.036492,0.0
0.0,50,21.514441,1.0
0.0,50,22.042499,1.0
-50.0,50,22.544779,0.0
-50.0,50,23.053353,0.0
-50.0,50,23.547475,0.0
-50.0,50,24.057978,0.0
-50.0,50,24.53936,0.0
-50.0,50,25.03342,0.0
-50.0,50,25.53459,0.0
-50.0,50,26.056609,0.0
-50.0,50,26.548985,0.0
-50.0,50,27.040654,0.0
-50.0,50,27.536543,0.0
-50.0,50,28.063524,0.0
-50.0,50,28.566548,0.0
-50.0,50,29.061327,0.0
-50.0,50,29.54729,0.0
-50.0,50,30.084622,0.0
-50.0,50,30.581825,0.0
-50.0,50,31.094288,0.0
-50.0,50,31.595844,0.0
-50.0,50,32.098187,0.0
-50.0,50,32.595422,0.0
-50.0,50,33.097813,0.0
-50.0,50,33.601091,0.0
-50.0,50,34.127455,0.0
-50.0,50,34.622271,0.0
-50.0,50,35.111814,0.0
-46.0,50,35.617657,0.0
-50.0,50,36.151979,0.0
-43.0,50,36.64757,0.0
-50.0,50,37.14541,0.0
-50.0,50,37.624771,0.0
0.0,50,38.149315,1.0
-50.0,50,38.652186,0.0
-50.0,50,39.159337,0.0
-50.0,50,39.660498,0.0
-50.0,50,40.169844,0.0
-50.0,50,40.663263,0.0
-50.0,50,41.172035,0.0
-50.0,50,41.667976,0.0
-50.0,50,42.199907,0.0
-50.0,50,42.688464,0.0
-50.0,50,43.180812,0.0
-50.0,50,43.681404,0.0
-50.0,50,44.202764,0.0
-50.0,50,44.708522,0.0
-50.0,50,45.208741,0.0
-50.0,50,45.686235,0.0
-50.0,50,46.207724,0.0
-50.0,50,46.7111,0.0
-50.0,50,47.19957,0.0
-50.0,50,47.694777,0.0
-50.0,50,48.212762,0.0
-50.0,50,48.703057,0.0
0.0,50,49.201571,1.0
0.0,50,49.70109,1.0
-50.0,50,50.230457,0.0
-50.0,50,50.717899,0.0
-50.0,50,51.208624,0.0
-50.0,50,51.707571,0.0
-50.0,50,52.227429,0.0
-50.0,50,52.728667,0.0
-50.0,50,53.228326,0.0
-50.0,50,53.718081,0.0
-50.0,50,54.238564,0.0
0.0,50,54.727737,1.0
-50.0,50,55.220941,0.0
-50.0,50,55.697536,0.0
0.0,50,56.197607,1.0
-50.0,50,56.685974,0.0
-50.0,50,57.179713,0.0
-50.0,50,57.668843,0.0
-50.0,50,58.178081,0.0
-50.0,50,58.66565,0.0
-50.0,50,59.156622,0.0
-50.0,50,59.649436,0.0
-50.0,50,60.163722,0.0
-50.0,50,60.641291,0.0
-50.0,50,61.122517,0.0
-50.0,50,61.613328,0.0
-50.0,50,62.121739,0.0
-50.0,50,62.619493,0.0
0.0,50,63.101685,1.0
-50.0,50,63.591628,0.0
-50.0,50,64.099989,0.0
-50.0,50,64.60067,0.0
-50.0,50,65.100713,0.0
-50.0,50,65.590372,0.0
-50.0,50,66.092575,0.0
0.0,50,66.581768,1.0
-50.0,50,67.077626,0.0
0.0,50,67.567694,1.0
-50.0,50,68.070859,0.0
-50.0,50,68.562166,0.0
-50.0,50,69.060109,0.0
-50.0,50,69.555191,0.0
-50.0,50,70.064125,0.0
-50.0,50,70.535825,0.0
-50.0,50,71.025841,0.0
-50.0,50,71.518824,0.0
-50.0,50,72.036779,0.0
-50.0,50,72.527052,0.0
-50.0,50,73.006478,0.0
-50.0,50,73.501788,0.0
-50.0,50,74.006194,0.0
-50.0,50,74.504132,0.0
-50.0,50,75.00205,0.0
-50.0,50,75.481208,0.0
-50.0,50,75.994828,0.0
-50.0,50,76.493842,0.0
-50.0,50,76.985123,0.0
-50.0,50,77.485212,0.0
0.0,50,77.999053,1.0
-50.0,50,78.493562,0.0
-50.0,50,78.989258,0.0
-50.0,50,79.493928,0.0
-50.0,50,80.022816,0.0
-50.0,50,80.51684,0.0
-50.0,50,81.008737,0.0
-50.0,50,81.505167,0.0
-50.0,50,82.016263,0.0
-50.0,50,82.51305,0.0
-50.0,50,83.012465,0.0
-50.0,50,83.489087,0.0
-50.0,50,83.990871,0.0
-50.0,50,84.483826,0.0
-50.0,50,84.984746,0.0
-50.0,50,85.474732,0.0
-50.0,50,85.969169,0.0
-50.0,50,86.464919,0.0
-50.0,50,86.957944,0.0
-50.0,50,87.451311,0.0
-50.0,50,87.954487,0.0
-50.0,50,88.442708,0.0
-50.0,50,88.943017,0.0
-50.0,50,89.434574,0.0
-50.0,50,89.946291,0.0
-50.0,50,90.436121,0.0
-50.0,50,90.92194,0.0
-50.0,50,91.414628,0.0
-50.0,50,91.930739,0.0
-50.0,50,92.423408,0.0
-50.0,50,92.909574,0.0
0.0,50,93.395953,1.0
-50.0,50,93.913119,0.0
-50.0,50,94.417401,0.0
-50.0,50,94.917068,0.0
-50.0,50,95.411332,0.0
-50.0,50,95.909183,0.0
-50.0,50,96.408571,0.0
-50.0,50,96.904397,0.0
-50.0,50,97.4028,0.0
-50.0,50,97.911984,0.0
-50.0,50,98.390079,0.0
-50.0,50,98.891078,0.0
-50.0,50,99.392448,0.0
-50.0,50,102.262585,0.0
-50.0,50,102.734925,0.0
-50.0,50,103.23521,0.0
-50.0,50,103.734443,0.0
-50.0,50,104.246404,0.0
-50.0,50,104.743903,0.0
-50.0,50,105.219243,0.0
0.0,50,105.71359,1.0
-50.0,50,106.233273,0.0
-50.0,50,106.730231,0.0
-50.0,50,107.231355,0.0
-50.0,50,107.71491,0.0
-50.0,50,108.21875,0.0
-50.0,50,108.718501,0.0
-50.0,50,109.220879,0.0
-50.0,50,109.719477,0.0
-50.0,50,110.226611,0.0
-50.0,50,110.720387,0.0
-50.0,50,111.214396,0.0
-50.0,50,111.716811,0.0
-50.0,50,112.231083,0.0
0.0,50,112.717175,1.0
-50.0,50,113.210288,0.0
-50.0,50,113.710103,0.0
-50.0,50,114.22208,0.0
-50.0,50,114.717569,0.0
-50.0,50,115.207313,0.0
-50.0,50,115.69515,0.0
-50.0,50,116.206927,0.0
-50.0,50,116.70295,0.0
-50.0,50,117.200985,0.0
-50.0,50,117.694903,0.0
-50.0,50,118.18648,0.0
-50.0,50,118.683645,0.0
-50.0,50,119.18434,0.0
0.0,50,119.686356,1.0
-50.0,50,120.195342,0.0
-50.0,50,120.678015,0.0
-50.0,50,121.183936,0.0
-50.0,50,121.682844,0.0
-50.0,50,122.204993,0.0
-50.0,50,122.703182,0.0
-50.0,50,123.178132,0.0
0.0,50,123.674777,1.0
-50.0,50,124.195061,0.0
-50.0,50,124.700359,0.0
-50.0,50,125.201546,0.0
-50.0,50,125.690756,0.0
-50.0,50,126.207913,0.0
-50.0,50,126.723754,0.0
-50.0,50,127.221141,0.0
-50.0,50,127.726713,0.0
-50.0,50,128.258049,0.0
0.0,50,128.744253,1.0
-50.0,50,129.245132,0.0
-50.0,50,129.747047,0.0
-50.0,50,130.291548,0.0
-50.0,50,130.80508,0.0
-50.0,50,131.290223,0.0
-50.0,50,131.786146,0.0
-50.0,50,132.30648,0.0
-50.0,50,132.81615,0.0
-50.0,50,133.321233,0.0
-50.0,50,133.82573,0.0
0.0,50,134.322428,1.0
-50.0,50,134.830258,0.0
-50.0,50,135.325335,0.0
-50.0,50,135.829122,0.0
-50.0,50,136.346193,0.0
-50.0,50,136.821292,0.0
-50.0,50,137.319508,0.0
-50.0,50,137.811298,0.0
-50.0,50,138.329637,0.0
0.0,50,138.819746,1.0
-50.0,50,139.290594,0.0
-50.0,50,139.790494,0.0
-50.0,50,140.323161,0.0
-50.0,50,140.829538,0.0
-50.0,50,141.330529,0.0
-50.0,50,141.817692,0.0
-50.0,50,142.341723,0.0
-50.0,50,142.848168,0.0
-50.0,50,143.357388,0.0
-50.0,50,143.861148,0.0
-50.0,50,144.373931,0.0
-50.0,50,144.860212,0.0
-50.0,50,145.367153,0.0
-50.0,50,145.875542,0.0
0.0,50,146.38658,1.0
0.0,50,146.884362,1.0
-50.0,50,147.358624,0.0
-50.0,50,147.849276,0.0
-50.0,50,148.357386,0.0
-50.0,50,148.857832,0.0
-50.0,50,149.350394,0.0
-50.0,50,149.822295,0.0
-50.0,50,150.332298,0.0
-50.0,50,150.832627,0.0
0.0,50,151.332125,1.0
-50.0,50,151.846457,0.0
-50.0,50,152.333348,0.0
-50.0,50,152.830863,0.0
-50.0,50,153.329487,0.0
-50.0,50,153.827859,0.0
-50.0,50,154.337215,0.0
-50.0,50,154.812245,0.0
-50.0,50,155.317672,0.0
-50.0,50,155.824842,0.0
-50.0,50,156.33887,0.0
-50.0,50,156.846062,0.0
-50.0,50,157.325963,0.0
-50.0,50,157.810739,0.0
-50.0,50,158.315697,0.0
-50.0,50,158.81384,0.0
-50.0,50,159.310245,0.0
-50.0,50,159.791923,0.0
-50.0,50,160.301704,0.0
-50.0,50,160.798253,0.0
-50.0,50,161.300637,0.0
-50.0,50,161.794235,0.0
-50.0,50,162.303716,0.0
-50.0,50,162.786445,0.0
-50.0,50,163.292897,0.0
-50.0,50,163.791852,0.0
-50.0,50,164.312154,0.0
-50.0,50,164.809615,0.0
-50.0,50,165.293937,0.0
-50.0,50,165.794878,0.0
-50.0,50,166.313389,0.0
-50.0,50,166.807547,0.0
-50.0,50,167.301193,0.0
-50.0,50,167.785542,0.0
-50.0,50,168.290501,0.0
-50.0,50,168.784838,0.0
-50.0,50,169.278737,0.0
-50.0,50,169.763963,0.0
-50.0,50,170.254508,0.0
-50.0,50,170.747807,0.0
-50.0,50,171.247794,0.0
-50.0,50,171.74267,0.0
-50.0,50,172.238378,0.0
-50.0,50,172.720732,0.0
-50.0,50,173.224483,0.0
-50.0,50,173.71772,0.0
-50.0,50,174.229988,0.0
-50.0,50,174.712177,0.0
-50.0,50,175.194539,0.0
-50.0,50,175.690581,0.0
-50.0,50,176.2022,0.0
-50.0,50,176.699895,0.0
0.0,50,177.184103,1.0
-50.0,50,177.669609,0.0
-50.0,50,178.182201,0.0
-50.0,50,178.674948,0.0
0.0,50,179.176155,1.0
0.0,50,179.664209,1.0
-50.0,50,180.157973,0.0
-50.0,50,180.657317,0.0
-50.0,50,181.159297,0.0
-50.0,50,181.659885,0.0
-50.0,50,182.167172,0.0
-50.0,50,182.649624,0.0
-50.0,50,183.137737,0.0
-50.0,50,183.630081,0.0
-50.0,50,184.136267,0.0
-50.0,50,184.616426,0.0
0.0,50,185.10076,1.0
-50.0,50,185.602787,0.0
-50.0,50,186.124259,0.0
-50.0,50,186.623114,0.0
-50.0,50,187.115135,0.0
-50.0,50,187.598237,0.0
-50.0,50,188.112705,0.0
-50.0,50,188.615698,0.0
-50.0,50,189.120425,0.0
-50.0,50,189.614358,0.0
-50.0,50,190.112246,0.0
-50.0,50,190.612514,0.0
-50.0,50,191.109299,0.0
-50.0,50,191.607799,0.0
-50.0,50,192.122802,0.0
-50.0,50,192.600509,0.0
-50.0,50,193.09926,0.0
-50.0,50,193.599436,0.0
-50.0,50,194.117662,0.0
-50.0,50,194.613829,0.0
-50.0,50,195.091131,0.0
-50.0,50,195.58495,0.0
-50.0,50,196.099606,0.0
-50.0,50,196.594351,0.0
-50.0,50,197.095999,0.0
-50.0,50,197.567198,0.0
-50.0,50,198.083546,0.0
0.0,50,198.579061,1.0
-50.0,50,199.075589,0.0
-50.0,50,199.578694,0.0
-50.0,50,200.065742,0.0
-50.0,50,200.556039,0.0
-50.0,50,201.058073,0.0
-50.0,50,201.565973,0.0
-50.0,50,204.353062,0.0
-50.0,50,204.844965,0.0
-50.0,50,205.341798,0.0
-50.0,50,205.835418,0.0
-50.0,50,206.338508,0.0
-50.0,50,206.818305,0.0
-50.0,50,207.315789,0.0
0.0,50,207.823458,1.0
-50.0,50,208.33609,0.0
-50.0,50,208.818545,0.0
-50.0,50,209.299953,0.0
-50.0,50,209.806227,0.0
-50.0,50,210.32355,0.0
-50.0,50,210.826059,0.0
-50.0,50,211.322931,0.0
0.0,50,211.796461,1.0
-50.0,50,212.310007,0.0
-50.0,50,212.803439,0.0
-50.0,50,213.302969,0.0
-50.0,50,213.802026,0.0
-50.0,50,214.294126,0.0
-50.0,50,214.800089,0.0
-50.0,50,215.29919,0.0
-50.0,50,215.797074,0.0
-50.0,50,216.314039,0.0
-50.0,50,216.794081,0.0
-50.0,50,217.286273,0.0
-50.0,50,217.788116,0.0
-50.0,50,218.298265,0.0
-50.0,50,218.791125,0.0
-50.0,50,219.263138,0.0
-50.0,50,219.769508,0.0
-50.0,50,220.276412,0.0
-50.0,50,220.770321,0.0
-50.0,50,221.275197,0.0
-50.0,50,221.752951,0.0
-50.0,50,222.265934,0.0
-50.0,50,222.763193,0.0
-14.0,50,223.266413,1.0
-50.0,50,223.768223,0.0
-50.0,50,224.264709,0.0
-50.0,50,224.74966,0.0
-50.0,50,225.249597,0.0
-50.0,50,225.745446,0.0
-50.0,50,226.252439,0.0
-50.0,50,226.740667,0.0
-50.0,50,227.2324,0.0
-50.0,50,227.725425,0.0
-50.0,50,228.247569,0.0
-50.0,50,228.742091,0.0
-50.0,50,229.229355,0.0
-50.0,50,229.710406,0.0
-50.0,50,230.217453,0.0
-50.0,50,230.706532,0.0
-50.0,50,231.200665,0.0
-50.0,50,231.685957,0.0
-50.0,50,232.191129,0.0
-50.0,50,232.6909,0.0
-50.0,50,233.19967,0.0
-50.0,50,233.697273,0.0
-50.0,50,234.200706,0.0
-50.0,50,234.692961,0.0
-50.0,50,235.191365,0.0
-50.0,50,235.688048,0.0
0.0,50,236.192073,1.0
0.0,50,236.6753,1.0
-50.0,50,237.171417,0.0
-50.0,50,237.68491,0.0
-50.0,50,238.191478,0.0
0.0,50,238.685179,1.0
-50.0,50,239.18332,0.0
-50.0,50,239.665049,0.0
-50.0,50,240.175725,0.0
-50.0,50,240.678235,0.0
-50.0,50,241.168773,0.0
-50.0,50,241.661882,0.0
-50.0,50,242.159426,0.0
-50.0,50,242.65212,0.0
-50.0,50,243.145382,0.0
-50.0,50,243.644642,0.0
-50.0,50,244.157125,0.0
-50.0,50,244.630553,0.0
-50.0,50,245.133871,0.0
0.0,50,245.629406,1.0
-50.0,50,246.141555,0.0
-50.0,50,246.641467,0.0
-50.0,50,247.114495,0.0
-50.0,50,247.614665,0.0
-50.0,50,248.12725,0.0
-50.0,50,248.625991,0.0
-50.0,50,249.125598,0.0
-50.0,50,249.607728,0.0
-50.0,50,250.125006,0.0
-50.0,50,250.631854,0.0
-50.0,50,251.143849,0.0
-50.0,50,251.647547,0.0
0.0,50,252.143533,1.0
-50.0,50,252.627444,0.0
-50.0,50,253.126251,0.0
-50.0,50,253.625379,0.0
-50.0,50,254.141373,0.0
-50.0,50,254.63412,0.0
-50.0,50,255.12023,0.0
-50.0,50,255.622085,0.0
-50.0,50,256.142276,0.0
-50.0,50,256.647478,0.0
-50.0,50,257.142817,0.0
-50.0,50,257.619981,0.0
-50.0,50,258.139666,0.0
0.0,50,258.639853,1.0
-50.0,50,259.143028,0.0
-50.0,50,259.643942,0.0
-50.0,50,260.137852,0.0
0.0,50,260.627962,1.0
-50.0,50,261.11886,0.0
-50.0,50,261.622278,0.0
0.0,50,262.12767,1.0
-50.0,50,262.607341,0.0
-50.0,50,263.119748,0.0
-50.0,50,263.614503,0.0
-50.0,50,264.118725,0.0
-50.0,50,264.619825,0.0
-50.0,50,265.1021,0.0
-50.0,50,265.595438,0.0
-50.0,50,266.102088,0.0
-50.0,50,266.60215,0.0
-50.0,50,267.100414,0.0
-50.0,50,267.573142,0.0
-50.0,50,268.084889,0.0
-50.0,50,268.581473,0.0
-50.0,50,269.072909,0.0
-50.0,50,269.570816,0.0
-50.0,50,270.061307,0.0
-50.0,50,270.56488,0.0
-50.0,50,271.057561,0.0
-50.0,50,271.55417,0.0
-50.0,50,272.0776,0.0
-50.0,50,272.56732,0.0
-50.0,50,273.063063,0.0
-50.0,50,273.567796,0.0
-50.0,50,274.084979,0.0
-50.0,50,274.585608,0.0
-50.0,50,275.071233,0.0
-50.0,50,275.560551,0.0
-50.0,50,276.079726,0.0
-50.0,50,276.582416,0.0
-50.0,50,277.081693,0.0
-50.0,50,277.567708,0.0
-50.0,50,278.061235,0.0
-50.0,50,278.55571,0.0
-50.0,50,279.055539,0.0
-50.0,50,279.551909,0.0
0.0,50,280.047831,1.0
-50.0,50,280.542929,0.0
-50.0,50,281.032461,0.0
-50.0,50,281.529776,0.0
-50.0,50,282.05271,0.0
-50.0,50,282.542869,0.0
-50.0,50,283.029813,0.0
-50.0,50,283.521564,0.0
-50.0,50,284.033804,0.0
-50.0,50,284.53275,0.0
-50.0,50,285.022495,0.0
-50.0,50,285.502538,0.0
-50.0,50,286.016772,0.0
-50.0,50,286.519475,0.0
-50.0,50,287.026692,0.0
-50.0,50,287.533178,0.0
0.0,50,288.039311,1.0
-50.0,50,288.537191,0.0
-50.0,50,289.038874,0.0
-50.0,50,289.53877,0.0
-50.0,50,290.045451,0.0
-50.0,50,290.530356,0.0
-50.0,50,291.030908,0.0
-50.0,50,291.539585,0.0
-50.0,50,292.070985,0.0
-50.0,50,292.582391,0.0
-50.0,50,293.079084,0.0
-50.0,50,293.5693,0.0
-50.0,50,294.089757,0.0
-50.0,50,294.584681,0.0
-50.0,50,295.073996,0.0
-50.0,50,295.569433,0.0
0.0,50,296.070308,1.0
0.0,50,296.570728,1.0
-50.0,50,297.071194,0.0
-50.0,50,297.572913,0.0
-50.0,50,298.076316,0.0
-50.0,50,298.546762,0.0
-50.0,50,299.050015,0.0
-50.0,50,299.552403,0.0
-50.0,50,300.063225,0.0
-50.0,50,300.567876,0.0
-50.0,50,301.057218,0.0
-50.0,50,301.559221,0.0
-50.0,50,302.081013,0.0
-50.0,50,302.58854,0.0
-50.0,50,303.094657,0.0
-50.0,50,303.583473,0.0
-50.0,50,306.503241,0.0
-50.0,50,306.997667,0.0
-50.0,50,307.510603,0.0
-50.0,50,308.012557,0.0
-50.0,50,308.525806,0.0
-50.0,50,309.021708,0.0
-50.0,50,309.524928,0.0
-50.0,50,310.019943,0.0
-50.0,50,310.548401,0.0
-50.0,50,311.043012,0.0
-50.0,50,311.536284,0.0
-50.0,50,312.043747,0.0
-50.0,50,312.564906,0.0
-50.0,50,313.071452,0.0
-50.0,50,313.582679,0.0
-50.0,50,314.069478,0.0
0.0,50,314.584195,1.0
-50.0,50,315.089139,0.0
-50.0,50,315.589337,0.0
-50.0,50,316.081969,0.0
-50.0,50,316.577213,0.0
-50.0,50,317.072123,0.0
-50.0,50,317.577799,0.0
-50.0,50,318.085368,0.0
-50.0,50,318.61042,0.0
-50.0,50,319.112381,0.0
-50.0,50,319.601724,0.0
-50.0,50,320.100063,0.0
-50.0,50,320.608088,0.0
-50.0,50,321.111521,0.0
-50.0,50,321.611597,0.0
-50.0,50,322.089079,0.0
-50.0,50,322.603249,0.0
-50.0,50,323.120508,0.0
-50.0,50,323.621226,0.0
-50.0,50,324.128517,0.0
-50.0,50,324.642431,0.0
-50.0,50,325.12789,0.0
-50.0,50,325.632796,0.0
-50.0,50,326.141567,0.0
-50.0,50,326.659157,0.0
0.0,50,327.143494,1.0
-50.0,50,327.623827,0.0
-50.0,50,328.11193,0.0
-50.0,50,328.623162,0.0
-50.0,50,329.124303,0.0
-50.0,50,329.615762,0.0
-50.0,50,330.100215,0.0
-50.0,50,330.611578,0.0
-50.0,50,331.118488,0.0
-50.0,50,331.62264,0.0
-50.0,50,332.120727,0.0
-50.0,50,332.618022,0.0
-50.0,50,333.118294,0.0
-50.0,50,333.617001,0.0
-50.0,50,334.119537,0.0
-50.0,50,334.635055,0.0
-50.0,50,335.119241,0.0
-50.0,50,335.621689,0.0
-50.0,50,336.129858,0.0
-50.0,50,336.661339,0.0
-50.0,50,337.161027,0.0
-50.0,50,337.64782,0.0
-50.0,50,338.141413,0.0
-50.0,50,338.669131,0.0
-50.0,50,339.173266,0.0
-49.0,50,339.685385,0.0
-50.0,50,340.183554,0.0
-50.0,50,340.681706,0.0
-50.0,50,341.181637,0.0
-50.0,50,341.685635,0.0
0.0,50,342.188159,1.0
-50.0,50,342.698265,0.0
-50.0,50,343.176132,0.0
-50.0,50,343.676759,0.0
-50.0,50,344.178686,0.0
-50.0,50,344.690396,0.0
-50.0,50,345.201138,0.0
-50.0,50,345.688857,0.0
-50.0,50,346.187248,0.0
-50.0,50,346.709526,0.0
-50.0,50,347.214286,0.0
-50.0,50,347.712314,0.0
-50.0,50,348.207469,0.0
-50.0,50,348.723366,0.0
-50.0,50,349.232824,0.0
-50.0,50,349.740516,0.0
-50.0,50,350.244426,0.0
-50.0,50,350.759022,0.0
-50.0,50,351.25366,0.0
-50.0,50,351.75234,0.0
0.0,50,352.260967,1.0
-50.0,50,352.785927,0.0
-50.0,50,353.287993,0.0
-50.0,50,353.779589,0.0
-50.0,50,354.278909,0.0
-50.0,50,354.811046,0.0
-50.0,50,355.313434,0.0
-50.0,50,355.814684,0.0
-50.0,50,356.305431,0.0
-50.0,50,356.796421,0.0
-50.0,50,357.302764,0.0
-50.0,50,357.806543,0.0
-50.0,50,358.296598,0.0
-50.0,50,358.811366,0.0
-50.0,50,359.296644,0.0
-50.0,50,359.796979,0.0
0.0,50,360.288262,1.0
0.0,50,360.796579,1.0
-50.0,50,361.289433,0.0
0.0,50,361.765749,1.0
-50.0,50,362.267304,0.0
-50.0,50,362.780919,0.0
0.0,50,363.28527,1.0
0.0,50,363.7766,1.0
-50.0,50,364.251399,0.0
-50.0,50,364.767947,0.0
-50.0,50,365.269261,0.0
-50.0,50,365.76166,0.0
-45.0,50,366.26238,0.0
-44.0,50,366.761559,0.0
-50.0,50,367.257394,0.0
-50.0,50,367.74996,0.0
-50.0,50,368.253559,0.0
-50.0,50,368.76641,0.0
-46.0,50,369.26099,0.0
-50.0,50,369.752403,0.0
-50.0,50,370.244854,0.0
-50.0,50,370.762382,0.0
-50.0,50,371.269832,0.0
0.0,50,371.752664,1.0
-50.0,50,372.245848,0.0
-50.0,50,372.76804,0.0
-50.0,50,373.265043,0.0
-50.0,50,373.764983,0.0
0.0,50,374.247751,1.0
-50.0,50,374.744464,0.0
-50.0,50,375.246085,0.0
-50.0,50,375.749601,0.0
-50.0,50,376.253198,0.0
-50.0,50,376.793983,0.0
-50.0,50,377.284911,0.0
-50.0,50,377.780073,0.0
-50.0,50,378.270566,0.0
-50.0,50,378.782579,0.0
-50.0,50,379.272909,0.0
-50.0,50,379.745486,0.0
-50.0,50,380.243031,0.0
-50.0,50,380.76167,0.0
-50.0,50,381.261673,0.0
-50.0,50,381.761693,0.0
-50.0,50,382.254854,0.0
-50.0,50,382.769536,0.0
-50.0,50,383.281014,0.0
-50.0,50,383.774521,0.0
-50.0,50,384.274337,0.0
-50.0,50,384.776827,0.0
-50.0,50,385.270499,0.0
-50.0,50,385.770006,0.0
-50.0,50,386.273604,0.0
-50.0,50,386.794195,0.0
-50.0,50,387.298026,0.0
0.0,50,387.785177,1.0
-50.0,50,388.277868,0.0
-50.0,50,388.805458,0.0
-50.0,50,389.31152,0.0
-50.0,50,389.813192,0.0
-50.0,50,390.299322,0.0
-50.0,50,390.803681,0.0
0.0,50,391.302801,1.0
-50.0,50,391.805347,0.0
-50.0,50,392.313217,0.0
-50.0,50,392.813724,0.0
-50.0,50,393.302379,0.0
-50.0,50,393.804556,0.0
-50.0,50,394.311897,0.0
-50.0,50,394.821624,0.0
-50.0,50,395.304011,0.0
-50.0,50,395.798944,0.0
-50.0,50,396.297275,0.0
-50.0,50,396.808195,0.0
-50.0,50,397.31515,0.0
0.0,50,397.806977,1.0
-50.0,50,398.29894,0.0
-50.0,50,398.816002,0.0
-50.0,50,399.322942,0.0
-50.0,50,399.821823,0.0
-50.0,50,400.319556,0.0
-50.0,50,400.811414,0.0
-50.0,50,401.314337,0.0
-50.0,50,401.821425,0.0
-50.0,50,402.32889,0.0
-50.0,50,402.866201,0.0
-50.0,50,403.354075,0.0
-50.0,50,403.846709,0.0
-50.0,50,404.350984,0.0
-50.0,50,404.870212,0.0
-50.0,50,405.367869,0.0
-50.0,50,405.860686,0.0
0.0,50,406.352881,1.0
-50.0,50,409.250226,0.0
-50.0,50,409.75536,0.0
-50.0,50,410.261072,0.0
-50.0,50,410.746887,0.0
-50.0,50,411.254775,0.0
-50.0,50,411.757371,0.0
-50.0,50,412.257674,0.0
-50.0,50,412.751983,0.0
-50.0,50,413.253131,0.0
-50.0,50,413.751426,0.0
-50.0,50,414.251595,0.0
-50.0,50,414.753249,0.0
-50.0,50,415.269783,0.0
-50.0,50,415.766256,0.0
-50.0,50,416.256593,0.0
-50.0,50,416.758987,0.0
-50.0,50,417.278837,0.0
-50.0,50,417.781745,0.0
-50.0,50,418.288324,0.0
-50.0,50,418.789888,0.0
-50.0,50,419.305903,0.0
-50.0,50,419.805038,0.0
-50.0,50,420.309047,0.0
-50.0,50,420.811736,0.0
-50.0,50,421.314409,0.0
-50.0,50,421.803974,0.0
-50.0,50,422.308899,0.0
-50.0,50,422.807538,0.0
-50.0,50,423.318786,0.0
-50.0,50,423.804514,0.0
-50.0,50,424.291039,0.0
-50.0,50,424.792482,0.0
-50.0,50,425.300867,0.0
-50.0,50,425.802186,0.0
-50.0,50,426.289152,0.0
-50.0,50,426.770911,0.0
-50.0,50,427.29554,0.0
-50.0,50,427.791156,0.0
-50.0,50,428.291416,0.0
-50.0,50,428.801579,0.0
-50.0,50,429.302664,0.0
-50.0,50,429.805974,0.0
-50.0,50,430.302848,0.0
-50.0,50,430.812835,0.0
-50.0,50,431.335524,0.0
-50.0,50,431.83178,0.0
-50.0,50,432.324496,0.0
-50.0,50,432.827731,0.0
-50.0,50,433.344142,0.0
-50.0,50,433.844548,0.0
-50.0,50,434.332474,0.0
-50.0,50,434.819508,0.0
-50.0,50,435.338409,0.0
-50.0,50,435.833254,0.0
-50.0,50,436.325915,0.0
-50.0,50,436.820773,0.0
0.0,50,437.317354,1.0
-50.0,50,437.826208,0.0
-50.0,50,438.327218,0.0
-50.0,50,438.836445,0.0
-50.0,50,439.348169,0.0
-50.0,50,439.827494,0.0
-50.0,50,440.330497,0.0
-50.0,50,440.836676,0.0
-50.0,50,441.35113,0.0
-50.0,50,441.858783,0.0
-50.0,50,442.351255,0.0
-50.0,50,442.854598,0.0
-50.0,50,443.384196,0.0
-50.0,50,443.886881,0.0
-50.0,50,444.373659,0.0
-50.0,50,444.852309,0.0
-50.0,50,445.369399,0.0
-50.0,50,445.869838,0.0
-50.0,50,446.357281,0.0
-50.0,50,446.855852,0.0
-50.0,50,447.357035,0.0
-50.0,50,447.841207,0.0
-50.0,50,448.339576,0.0
-50.0,50,448.840541,0.0
-50.0,50,449.357064,0.0
-50.0,50,449.839383,0.0
-50.0,50,450.33069,0.0
0.0,50,450.828122,1.0
-50.0,50,451.332325,0.0
0.0,50,451.82857,1.0
-50.0,50,452.314691,0.0
-50.0,50,452.806269,0.0
-14.0,50,453.32154,1.0
-50.0,50,453.82282,0.0
-50.0,50,454.32523,0.0
0.0,50,454.827667,1.0
-50.0,50,455.315904,0.0
-50.0,50,455.816396,0.0
-50.0,50,456.320606,0.0
-50.0,50,456.819312,0.0
-50.0,50,457.319704,0.0
-50.0,50,457.801579,0.0
-50.0,50,458.301294,0.0
-50.0,50,458.805634,0.0
-50.0,50,459.324004,0.0
-50.0,50,459.815483,0.0
-50.0,50,460.303482,0.0
-50.0,50,460.79444,0.0
-50.0,50,461.318635,0.0
-50.0,50,461.824631,0.0
-50.0,50,462.325155,0.0
-50.0,50,462.810188,0.0
-50.0,50,463.322506,0.0
-50.0,50,463.830678,0.0
-50.0,50,464.332566,0.0
-50.0,50,464.838318,0.0
-50.0,50,465.350508,0.0
-50.0,50,465.830178,0.0
-50.0,50,466.334329,0.0
-50.0,50,466.833552,0.0
-50.0,50,467.338839,0.0
-50.0,50,467.837637,0.0
-50.0,50,468.315263,0.0
-50.0,50,468.817527,0.0
-50.0,50,469.33354,0.0
-50.0,50,469.833287,0.0
-50.0,50,470.333976,0.0
0.0,50,470.810539,1.0
-50.0,50,471.317671,0.0
-50.0,50,471.809208,0.0
-50.0,50,472.31076,0.0
-50.0,50,472.805072,0.0
-50.0,50,473.303777,0.0
-50.0,50,473.797638,0.0
-50.0,50,474.292409,0.0
-50.0,50,474.790595,0.0
-50.0,50,475.306906,0.0
-50.0,50,475.78622,0.0
-50.0,50,476.279691,0.0
-50.0,50,476.77986,0.0
-50.0,50,477.287116,0.0
-50.0,50,477.786939,0.0
-50.0,50,478.267098,0.0
-50.0,50,478.764034,0.0
-50.0,50,479.279687,0.0
-50.0,50,479.780577,0.0
-50.0,50,480.283673,0.0
-50.0,50,480.775391,0.0
-50.0,50,481.287773,0.0
-50.0,50,481.783653,0.0
-50.0,50,482.279063,0.0
-50.0,50,482.774939,0.0
-50.0,50,483.278881,0.0
-50.0,50,483.765119,0.0
-50.0,50,484.262817,0.0
-50.0,50,484.758063,0.0
-50.0,50,485.283029,0.0
-50.0,50,485.767448,0.0
-50.0,50,486.258808,0.0
-50.0,50,486.762831,0.0
-50.0,50,487.286953,0.0
-50.0,50,487.791901,0.0
-50.0,50,488.287027,0.0
-50.0,50,488.767329,0.0
-50.0,50,489.300454,0.0
-50.0,50,489.79593,0.0
-50.0,50,490.301683,0.0
-50.0,50,490.802397,0.0
0.0,50,491.319256,1.0
-50.0,50,491.814606,0.0
-50.0,50,492.306675,0.0
0.0,50,492.808569,1.0
-50.0,50,493.329831,0.0
-50.0,50,493.8164,0.0
-50.0,50,494.300002,0.0
-50.0,50,494.812904,0.0
-50.0,50,495.359916,0.0
-50.0,50,495.861583,0.0
-50.0,50,496.370813,0.0
-50.0,50,496.859269,0.0
-50.0,50,497.391913,0.0
-50.0,50,497.900859,0.0
-50.0,50,498.406726,0.0
0.0,50,498.909756,1.0
-50.0,50,499.435599,0.0
-50.0,50,499.918975,0.0
-50.0,50,500.425409,0.0
-50.0,50,500.926844,0.0
-50.0,50,501.458892,0.0
-50.0,50,501.959723,0.0
-50.0,50,502.465632,0.0
-50.0,50,502.96792,0.0
-50.0,50,503.486859,0.0
-50.0,50,503.997935,0.0
-50.0,50,504.512678,0.0
-50.0,50,505.025968,0.0
-50.0,50,505.545974,0.0
-50.0,50,506.044219,0.0
-50.0,50,506.548955,0.0
-50.0,50,507.052088,0.0
-50.0,50,507.582453,0.0
-50.0,50,508.06621,0.0
-50.0,50,508.558597,0.0
-50.0,50,509.091752,0.0
-50.0,50,512.005906,0.0
-50.0,50,512.502397,0.0
-50.0,50,512.982629,0.0
-50.0,50,513.483075,0.0
-50.0,50,514.011281,0.0
-50.0,50,514.50493,0.0
-50.0,50,515.002198,0.0
-50.0,50,515.488832,0.0
-50.0,50,516.002454,0.0
-50.0,50,516.499677,0.0
-50.0,50,516.998883,0.0
-50.0,50,517.49142,0.0
-50.0,50,518.021884,0.0
-50.0,50,518.503646,0.0
0.0,50,519.011028,1.0
0.0,50,519.507827,1.0
-50.0,50,520.047316,0.0
-50.0,50,520.548658,0.0
-50.0,50,521.030504,0.0
-50.0,50,521.530476,0.0
-50.0,50,522.074281,0.0
-50.0,50,522.568243,0.0
0.0,50,523.062254,1.0
-50.0,50,523.54991,0.0
-50.0,50,524.070578,0.0
0.0,50,524.57341,1.0
-50.0,50,525.075456,0.0
-50.0,50,525.572388,0.0
-50.0,50,526.10899,0.0
0.0,50,526.586936,1.0
-50.0,50,527.083779,0.0
-50.0,50,527.578351,0.0
-50.0,50,528.125898,0.0
-50.0,50,528.634119,0.0
-50.0,50,529.118995,0.0
0.0,50,529.609999,1.0
-50.0,50,530.160169,0.0
-50.0,50,530.659346,0.0
-50.0,50,531.150054,0.0
-50.0,50,531.644515,0.0
-50.0,50,532.143252,0.0
-50.0,50,532.637006,0.0
-50.0,50,533.141022,0.0
-50.0,50,533.633203,0.0
-50.0,50,534.141571,0.0
-50.0,50,534.621085,0.0
-50.0,50,535.122444,0.0
-50.0,50,535.61609,0.0
-50.0,50,536.123157,0.0
-50.0,50,536.612624,0.0
-50.0,50,537.098945,0.0
-50.0,50,537.59322,0.0
-50.0,50,538.105218,0.0
-50.0,50,538.597969,0.0
-50.0,50,539.081084,0.0
-50.0,50,539.565599,0.0
-50.0,50,540.080088,0.0
-50.0,50,540.576953,0.0
-50.0,50,541.067193,0.0
-50.0,50,541.548889,0.0
-50.0,50,542.046337,0.0
-50.0,50,542.544234,0.0
-50.0,50,543.040219,0.0
-50.0,50,543.53822,0.0
-50.0,50,544.036183,0.0
-50.0,50,544.51506,0.0
-50.0,50,545.011106,0.0
-50.0,50,545.503152,0.0
-50.0,50,546.019904,0.0
-50.0,50,546.512269,0.0
-50.0,50,546.999269,0.0
-50.0,50,547.496221,0.0
-50.0,50,548.018813,0.0
-50.0,50,548.514329,0.0
-50.0,50,549.013757,0.0
-50.0,50,549.489632,0.0
-50.0,50,550.007187,0.0
-50.0,50,550.510263,0.0
-50.0,50,551.010785,0.0
-50.0,50,551.500616,0.0
-50.0,50,551.983423,0.0
-50.0,50,552.475061,0.0
-50.0,50,552.979592,0.0
-50.0,50,553.47549,0.0
-50.0,50,553.995955,0.0
-50.0,50,554.472473,0.0
0.0,50,554.969497,1.0
-50.0,50,555.464746,0.0
-50.0,50,555.982504,0.0
-50.0,50,556.48911,0.0
-50.0,50,556.978201,0.0
-50.0,50,557.472087,0.0
-50.0,50,557.987597,0.0
-50.0,50,558.489078,0.0
0.0,50,558.991975,1.0
-50.0,50,559.478653,0.0
-50.0,50,559.993269,0.0
-50.0,50,560.481551,0.0
-50.0,50,560.973547,0.0
-50.0,50,561.476439,0.0
-50.0,50,561.977101,0.0
-50.0,50,562.463513,0.0
-50.0,50,562.966464,0.0
-50.0,50,563.462294,0.0
-50.0,50,563.98006,0.0
-50.0,50,564.461327,0.0
-50.0,50,564.95362,0.0
-50.0,50,565.454903,0.0
-50.0,50,565.967597,0.0
-50.0,50,566.457598,0.0
-50.0,50,566.941987,0.0
-50.0,50,567.426516,0.0
-50.0,50,567.948541,0.0
-50.0,50,568.443394,0.0
-50.0,50,568.933735,0.0
-50.0,50,569.422106,0.0
-50.0,50,569.91851,0.0
-50.0,50,570.417941,0.0
-50.0,50,570.91535,0.0
-50.0,50,571.40774,0.0
-50.0,50,571.913323,0.0
0.0,50,572.398017,1.0
-50.0,50,572.893584,0.0
-50.0,50,573.383038,0.0
0.0,50,573.884312,1.0
-50.0,50,574.388412,0.0
-50.0,50,574.869672,0.0
-50.0,50,575.362502,0.0
0.0,50,575.887767,1.0
-50.0,50,576.388451,0.0
-50.0,50,576.874664,0.0
-50.0,50,577.363766,0.0
-50.0,50,577.86832,0.0
0.0,50,578.366691,1.0
-50.0,50,578.860265,0.0
-50.0,50,579.342491,0.0
-50.0,50,579.849598,0.0
-50.0,50,580.348614,0.0
-50.0,50,580.845469,0.0
-50.0,50,581.337294,0.0
-50.0,50,581.839267,0.0
-50.0,50,582.324804,0.0
-50.0,50,582.829332,0.0
-50.0,50,583.338834,0.0
-50.0,50,583.867272,0.0
-50.0,50,584.367066,0.0
-50.0,50,584.839421,0.0
-50.0,50,585.333838,0.0
0.0,50,585.855726,1.0
-50.0,50,586.353026,0.0
-50.0,50,586.852634,0.0
-50.0,50,587.327832,0.0
-50.0,50,587.823655,0.0
-50.0,50,588.319069,0.0
-50.0,50,588.818431,0.0
-50.0,50,589.3115,0.0
-50.0,50,589.797767,0.0
-50.0,50,590.291594,0.0
-50.0,50,590.787981,0.0
-34.0,50,591.290759,0.0
-50.0,50,591.812158,0.0
-50.0,50,592.293529,0.0
-50.0,50,592.792075,0.0
-50.0,50,593.2906,0.0
-50.0,50,593.80459,0.0
-50.0,50,594.29862,0.0
-50.0,50,594.777997,0.0
-50.0,50,595.273637,0.0
-50.0,50,595.801655,0.0
-50.0,50,596.298965,0.0
-50.0,50,596.797114,0.0
-50.0,50,597.2869,0.0
-50.0,50,597.783688,0.0
0.0,50,598.282081,1.0
0.0,50,598.781502,1.0
0.0,50,599.267581,1.0
-41.0,50,599.763928,0.0
-50.0,50,600.247723,0.0
-50.0,50,600.739628,0.0
-50.0,50,601.23609,0.0
-50.0,50,601.741568,0.0
-50.0,50,602.216503,0.0
-50.0,50,602.71181,0.0
-50.0,50,603.215668,0.0
-50.0,50,603.726016,0.0
-50.0,50,604.224588,0.0
-50.0,50,604.707535,0.0
-50.0,50,605.203168,0.0
-50.0,50,605.716553,0.0
-50.0,50,606.217233,0.0
-50.0,50,606.715454,0.0
-50.0,50,607.212953,0.0
-50.0,50,607.717822,0.0
-50.0,50,608.220237,0.0
-50.0,50,608.727825,0.0
-50.0,50,609.236177,0.0
-50.0,50,609.744772,0.0
-50.0,50,610.221443,0.0
-50.0,50,610.722111,0.0
-50.0,50,611.235581,0.0
-50.0,50,614.094155,0.0
-50.0,50,614.577688,0.0
-50.0,50,615.076141,0.0
-50.0,50,615.576116,0.0
-50.0,50,616.088728,0.0
-50.0,50,616.583427,0.0
-50.0,50,617.063187,0.0
-50.0,50,617.563013,0.0
-50.0,50,618.075997,0.0
-50.0,50,618.569888,0.0
-50.0,50,619.063924,0.0
-50.0,50,619.544993,0.0
-50.0,50,620.053263,0.0
0.0,50,620.554946,1.0
-50.0,50,621.060275,0.0
-50.0,50,621.553755,0.0
-50.0,50,622.052407,0.0
-50.0,50,622.548192,0.0
-50.0,50,623.045728,0.0
-50.0,50,623.5434,0.0
-50.0,50,624.057699,0.0
0.0,50,624.540818,1.0
-50.0,50,625.033883,0.0
-50.0,50,625.526344,0.0
-50.0,50,626.034875,0.0
-50.0,50,626.533074,0.0
-50.0,50,627.024772,0.0
-50.0,50,627.503995,0.0
-50.0,50,628.013486,0.0
-50.0,50,628.513562,0.0
-50.0,50,629.018345,0.0
-50.0,50,629.508327,0.0
-50.0,50,630.016049,0.0
-50.0,50,630.509784,0.0
-50.0,50,631.009203,0.0
-50.0,50,631.511705,0.0
-50.0,50,632.032438,0.0
-50.0,50,632.514284,0.0
-50.0,50,633.013602,0.0
-50.0,50,633.515726,0.0
-50.0,50,634.031991,0.0
-50.0,50,634.538153,0.0
-50.0,50,635.009751,0.0
-50.0,50,635.515121,0.0
-50.0,50,636.033435,0.0
-50.0,50,636.53458,0.0
0.0,50,637.025072,1.0
-50.0,50,637.502792,0.0
-50.0,50,638.009961,0.0
-50.0,50,638.51224,0.0
-50.0,50,639.015749,0.0
-50.0,50,639.519649,0.0
-50.0,50,640.04185,0.0
-50.0,50,640.532742,0.0
-50.0,50,641.037732,0.0
-50.0,50,641.541333,0.0
-50.0,50,642.051357,0.0
-50.0,50,642.544528,0.0
-50.0,50,643.024701,0.0
-50.0,50,643.528158,0.0
-50.0,50,644.04249,0.0
-50.0,50,644.542446,0.0
-50.0,50,645.03884,0.0
-50.0,50,645.512655,0.0
0.0,50,646.024197,1.0
-50.0,50,646.527802,0.0
-50.0,50,647.02763,0.0
-50.0,50,647.526266,0.0
-50.0,50,648.025358,0.0
-50.0,50,648.519033,0.0
-50.0,50,649.013014,0.0
-50.0,50,649.514486,0.0
-50.0,50,650.024439,0.0
-50.0,50,650.511358,0.0
-50.0,50,651.005055,0.0
0.0,50,651.495601,1.0
-50.0,50,652.012993,0.0
-50.0,50,652.510419,0.0
0.0,50,653.007361,1.0
-50.0,50,653.496254,0.0
-50.0,50,654.007014,0.0
-50.0,50,654.510531,0.0
-50.0,50,655.006501,0.0
-50.0,50,655.496555,0.0
-50.0,50,656.003998,0.0
-50.0,50,656.498347,0.0
-50.0,50,656.989619,0.0
-50.0,50,657.495294,0.0
-16.0,50,657.996069,0.0
-50.0,50,658.483953,0.0
-50.0,50,658.981372,0.0
-50.0,50,659.485225,0.0
-50.0,50,660.000913,0.0
-50.0,50,660.497309,0.0
-50.0,50,660.981622,0.0
-50.0,50,661.481009,0.0
-50.0,50,662.004316,0.0
-50.0,50,662.50518,0.0
-50.0,50,663.006047,0.0
-50.0,50,663.484778,0.0
-50.0,50,663.993938,0.0
-50.0,50,664.490547,0.0
-50.0,50,664.992067,0.0
-50.0,50,665.49659,0.0
-50.0,50,665.98711,0.0
-50.0,50,666.487138,0.0
-50.0,50,666.994792,0.0
-50.0,50,667.49876,0.0
-50.0,50,668.00963,0.0
-50.0,50,668.485018,0.0
-50.0,50,668.980456,0.0
-50.0,50,669.48142,0.0
-50.0,50,669.9981,0.0
0.0,50,670.493706,1.0
-50.0,50,670.98028,0.0
-50.0,50,671.472102,0.0
-50.0,50,671.994077,0.0
-50.0,50,672.489324,0.0
-50.0,50,672.981511,0.0
-50.0,50,673.469859,0.0
-50.0,50,673.973486,0.0
-50.0,50,674.47702,0.0
-50.0,50,674.97083,0.0
-50.0,50,675.482479,0.0
-50.0,50,675.999247,0.0
-50.0,50,676.477913,0.0
-50.0,50,676.97596,0.0
-50.0,50,677.472599,0.0
-50.0,50,677.99006,0.0
-50.0,50,678.491424,0.0
-50.0,50,678.96944,0.0
-50.0,50,679.47226,0.0
-50.0,50,679.992737,0.0
-50.0,50,680.497102,0.0
-50.0,50,681.002502,0.0
-50.0,50,681.486509,0.0
-50.0,50,681.993552,0.0
-50.0,50,682.491362,0.0
-50.0,50,683.000015,0.0
-50.0,50,683.501216,0.0
-50.0,50,684.009794,0.0
-50.0,50,684.500401,0.0
-50.0,50,684.99997,0.0
-50.0,50,685.50139,0.0
-50.0,50,686.007873,0.0
-50.0,50,686.491897,0.0
-50.0,50,686.979812,0.0
-50.0,50,687.489681,0.0
-50.0,50,688.029704,0.0
-50.0,50,688.539491,0.0
-50.0,50,689.040086,0.0
0.0,50,689.524015,1.0
-50.0,50,690.033491,0.0
-50.0,50,690.529538,0.0
-50.0,50,691.031727,0.0
-50.0,50,691.533338,0.0
0.0,50,692.048233,1.0
-50.0,50,692.545295,0.0
-50.0,50,693.035969,0.0
-50.0,50,693.538582,0.0
-50.0,50,694.051847,0.0
-50.0,50,694.532559,0.0
0.0,50,695.016908,1.0
-50.0,50,695.513465,0.0
-50.0,50,696.02347,0.0
-50.0,50,696.522411,0.0
-50.0,50,697.01014,0.0
-50.0,50,697.507594,0.0
0.0,50,698.025322,1.0
-50.0,50,698.52151,0.0
-50.0,50,699.015096,0.0
-50.0,50,699.49311,0.0
-50.0,50,699.99733,0.0
-50.0,50,700.500219,0.0
-50.0,50,701.002943,0.0
0.0,50,701.492714,1.0
-50.0,50,701.985811,0.0
-50.0,50,702.47024,0.0
-50.0,50,702.972278,0.0
-50.0,50,703.471649,0.0
-50.0,50,703.989013,0.0
-50.0,50,704.465815,0.0
-50.0,50,704.959844,0.0
-50.0,50,705.452718,0.0
-50.0,50,705.964752,0.0
-50.0,50,706.463829,0.0
-50.0,50,706.953488,0.0
-50.0,50,707.434513,0.0
-50.0,50,707.951273,0.0
0.0,50,708.443067,1.0
-50.0,50,708.941104,0.0
-50.0,50,709.426775,0.0
-50.0,50,709.922932,0.0
-50.0,50,710.418402,0.0
-50.0,50,710.907709,0.0
-50.0,50,711.399285,0.0
-50.0,50,711.901496,0.0
-50.0,50,712.388944,0.0
-50.0,50,712.885867,0.0
-50.0,50,713.389179,0.0
-50.0,50,716.226251,0.0
-50.0,50,716.715959,0.0
-50.0,50,717.217485,0.0
-50.0,50,717.717992,0.0
-50.0,50,718.233873,0.0
-50.0,50,718.72221,0.0
0.0,50,719.208255,1.0
-50.0,50,719.703249,0.0
-50.0,50,720.209907,0.0
-50.0,50,720.706395,0.0
-50.0,50,721.197171,0.0
-50.0,50,721.677216,0.0
-50.0,50,722.182696,0.0
-50.0,50,722.682005,0.0
-50.0,50,723.184424,0.0
0.0,50,723.673596,1.0
-50.0,50,724.171245,0.0
-50.0,50,724.668287,0.0
-50.0,50,725.15974,0.0
-50.0,50,725.659164,0.0
-50.0,50,726.169684,0.0
-50.0,50,726.658472,0.0
-50.0,50,727.157882,0.0
-50.0,50,727.65996,0.0
0.0,50,728.175438,1.0
-50.0,50,728.671978,0.0
-50.0,50,729.150913,0.0
-50.0,50,729.649021,0.0
-50.0,50,730.158531,0.0
-50.0,50,730.653792,0.0
-50.0,50,731.150154,0.0
-50.0,50,731.630556,0.0
-50.0,50,732.139379,0.0
-50.0,50,732.636334,0.0
-50.0,50,733.131313,0.0
0.0,50,733.625229,1.0
-50.0,50,734.115062,0.0
-50.0,50,734.604334,0.0
-50.0,50,735.095899,0.0
-50.0,50,735.591181,0.0
-50.0,50,736.100834,0.0
-50.0,50,736.583627,0.0
-50.0,50,737.072951,0.0
-50.0,50,737.566117,0.0
-50.0,50,738.073969,0.0
-50.0,50,738.565688,0.0
-50.0,50,739.038473,0.0
-50.0,50,739.535821,0.0
-50.0,50,740.047078,0.0
-50.0,50,740.540355,0.0
-50.0,50,741.037606,0.0
-50.0,50,741.518842,0.0
-50.0,50,742.025109,0.0
-50.0,50,742.528624,0.0
-50.0,50,743.028584,0.0
-50.0,50,743.527799,0.0
-50.0,50,744.025248,0.0
-50.0,50,744.525079,0.0
-50.0,50,745.017215,0.0
-50.0,50,745.50587,0.0
0.0,50,746.021728,1.0
-50.0,50,746.499297,0.0
-50.0,50,747.000644,0.0
-50.0,50,747.500705,0.0
-50.0,50,748.009039,0.0
-50.0,50,748.505415,0.0
-50.0,50,748.977942,0.0
0.0,50,749.468422,1.0
-50.0,50,749.975909,0.0
-50.0,50,750.469538,0.0
-50.0,50,750.963587,0.0
-50.0,50,751.444359,0.0
-50.0,50,751.954649,0.0
-50.0,50,752.454429,0.0
-50.0,50,752.954238,0.0
-50.0,50,753.458532,0.0
-50.0,50,753.957485,0.0
-50.0,50,754.457288,0.0
-50.0,50,754.951596,0.0
-50.0,50,755.454728,0.0
-50.0,50,755.970069,0.0
-50.0,50,756.469489,0.0
-50.0,50,756.966334,0.0
-50.0,50,757.468483,0.0
-50.0,50,757.981205,0.0
-50.0,50,758.482959,0.0
-50.0,50,758.979104,0.0
-50.0,50,759.466619,0.0
-50.0,50,759.979301,0.0
-50.0,50,760.481496,0.0
-50.0,50,760.985824,0.0
-50.0,50,761.482047,0.0
-50.0,50,761.994879,0.0
-50.0,50,762.498852,0.0
-50.0,50,763.003291,0.0
-50.0,50,763.509338,0.0
-50.0,50,764.037492,0.0
-50.0,50,764.512944,0.0
-50.0,50,764.999403,0.0
-50.0,50,765.491603,0.0
-50.0,50,766.007219,0.0
-50.0,50,766.511569,0.0
-50.0,50,766.988043,0.0
-50.0,50,767.480126,0.0
-50.0,50,768.007189,0.0
0.0,50,768.49771,1.0
-50.0,50,769.002056,0.0
-50.0,50,769.483621,0.0
-50.0,50,769.994944,0.0
-50.0,50,770.487569,0.0
-50.0,50,770.979426,0.0
-50.0,50,771.480469,0.0
-50.0,50,771.985034,0.0
-50.0,50,772.470335,0.0
-50.0,50,772.983012,0.0
-50.0,50,773.478727,0.0
-50.0,50,774.004534,0.0
-50.0,50,774.504522,0.0
-50.0,50,774.978248,0.0
-50.0,50,775.478709,0.0
-50.0,50,776.004154,0.0
-50.0,50,776.503847,0.0
-50.0,50,777.009664,0.0
-50.0,50,777.494457,0.0
-50.0,50,778.011421,0.0
-50.0,50,778.510071,0.0
-50.0,50,779.000864,0.0
-50.0,50,779.492467,0.0
-50.0,50,780.007631,0.0
-50.0,50,780.503911,0.0
-50.0,50,781.008043,0.0
-50.0,50,781.504508,0.0
-50.0,50,782.018398,0.0
-50.0,50,782.497602,0.0
-50.0,50,782.992401,0.0
-50.0,50,783.495001,0.0
-50.0,50,784.012313,0.0
-50.0,50,784.502789,0.0
-50.0,50,784.988004,0.0
-50.0,50,785.469768,0.0
-50.0,50,785.990966,0.0
-50.0,50,786.494575,0.0
-50.0,50,786.985016,0.0
-50.0,50,787.469874,0.0
-50.0,50,787.975737,0.0
-50.0,50,788.480574,0.0
-50.0,50,788.969806,0.0
-50.0,50,789.47181,0.0
-50.0,50,789.984399,0.0
-50.0,50,790.454638,0.0
-50.0,50,790.950083,0.0
-50.0,50,791.452011,0.0
-50.0,50,791.970759,0.0
-50.0,50,792.47408,0.0
0.0,50,792.948131,1.0
-50.0,50,793.445277,0.0
0.0,50,793.973543,1.0
-50.0,50,794.47053,0.0
-50.0,50,794.977305,0.0
-50.0,50,795.457335,0.0
-50.0,50,795.974601,0.0
-50.0,50,796.470706,0.0
-50.0,50,796.962085,0.0
-50.0,50,797.458601,0.0
-50.0,50,797.969603,0.0
-50.0,50,798.46033,0.0
-50.0,50,798.952159,0.0
-50.0,50,799.454573,0.0
-50.0,50,799.9799,0.0
-50.0,50,800.458784,0.0
-50.0,50,800.94429,0.0
-50.0,50,801.44151,0.0
0.0,50,801.957127,1.0
-50.0,50,802.454292,0.0
-50.0,50,802.937854,0.0
-50.0,50,803.430632,0.0
-50.0,50,803.954859,0.0
-50.0,50,804.443852,0.0
-50.0,50,804.945663,0.0
-50.0,50,805.434181,0.0
-50.0,50,805.953694,0.0
-50.0,50,806.446993,0.0
-50.0,50,806.944701,0.0
-50.0,50,807.450151,0.0
-50.0,50,807.965679,0.0
0.0,50,808.44973,1.0
-50.0,50,808.941746,0.0
-50.0,50,809.449048,0.0
-50.0,50,809.956769,0.0
-50.0,50,810.452893,0.0
-50.0,50,810.926426,0.0
-50.0,50,811.418229,0.0
-50.0,50,811.948205,0.0
-50.0,50,812.440858,0.0
-50.0,50,812.949672,0.0
-50.0,50,813.436933,0.0
-50.0,50,813.951155,0.0
-50.0,50,814.449929,0.0
-50.0,50,814.951997,0.0
-50.0,50,815.450025,0.0
0.0,50,818.263766,1.0
-50.0,50,818.769168,0.0
-50.0,50,819.27669,0.0
-50.0,50,819.775193,0.0
-50.0,50,820.294555,0.0
-50.0,50,820.780642,0.0
-50.0,50,821.278872,0.0
-50.0,50,821.779762,0.0
0.0,50,822.304123,1.0
-50.0,50,822.792403,0.0
-50.0,50,823.274313,0.0
0.0,50,823.768794,1.0
-50.0,50,824.296025,0.0
-50.0,50,824.786866,0.0
-50.0,50,825.276803,0.0
-50.0,50,825.757989,0.0
-50.0,50,826.283702,0.0
-50.0,50,826.790272,0.0
-50.0,50,827.285764,0.0
-50.0,50,827.783711,0.0
-50.0,50,828.279837,0.0
-50.0,50,828.778048,0.0
-50.0,50,829.281793,0.0
-50.0,50,829.778837,0.0
0.0,50,830.302242,1.0
0.0,50,830.790221,1.0
-50.0,50,831.280714,0.0
-50.0,50,831.785531,0.0
0.0,50,832.314433,1.0
-50.0,50,832.813333,0.0
-50.0,50,833.306396,0.0
-50.0,50,833.797219,0.0
0.0,50,834.315166,1.0
-50.0,50,834.817987,0.0
-50.0,50,835.313361,0.0
-50.0,50,835.815849,0.0
-50.0,50,836.311836,0.0
-50.0,50,836.812919,0.0
0.0,50,837.312995,1.0
0.0,50,837.813979,1.0
-50.0,50,838.330227,0.0
-50.0,50,838.810337,0.0
-50.0,50,839.305508,0.0
-50.0,50,839.817426,0.0
-50.0,50,840.32651,0.0
-50.0,50,840.82934,0.0
-50.0,50,841.310912,0.0
-50.0,50,841.805148,0.0
-50.0,50,842.324074,0.0
-50.0,50,842.830123,0.0
-50.0,50,843.334733,0.0
-50.0,50,843.833165,0.0
-50.0,50,844.330392,0.0
-50.0,50,844.83327,0.0
-50.0,50,845.327012,0.0
-50.0,50,845.831242,0.0
-50.0,50,846.349312,0.0
-50.0,50,846.835385,0.0
-50.0,50,847.336105,0.0
-50.0,50,847.834956,0.0
-50.0,50,848.342054,0.0
-50.0,50,848.840366,0.0
-50.0,50,849.312039,0.0
-50.0,50,849.807389,0.0
-50.0,50,850.322546,0.0
-50.0,50,850.821485,0.0
-50.0,50,851.31851,0.0
-50.0,50,851.798785,0.0
-50.0,50,852.312071,0.0
-50.0,50,852.816142,0.0
-50.0,50,853.318076,0.0
-50.0,50,853.819266,0.0
-50.0,50,854.321516,0.0
-50.0,50,854.810506,0.0
-50.0,50,855.313292,0.0
-50.0,50,855.817143,0.0
-50.0,50,856.327496,0.0
-50.0,50,856.812086,0.0
-50.0,50,857.305231,0.0
-50.0,50,857.812565,0.0
-50.0,50,858.332751,0.0
-50.0,50,858.833943,0.0
-50.0,50,859.324335,0.0
-50.0,50,859.820687,0.0
-50.0,50,860.330708,0.0
-50.0,50,860.824586,0.0
-50.0,50,861.320379,0.0
-50.0,50,861.820755,0.0
-50.0,50,862.323619,0.0
-50.0,50,862.820518,0.0
-50.0,50,863.33243,0.0
0.0,50,863.838645,1.0
-50.0,50,864.346997,0.0
-50.0,50,864.8296,0.0
-50.0,50,865.327169,0.0
-50.0,50,865.828439,0.0
-50.0,50,866.341368,0.0
-50.0,50,866.842305,0.0
-50.0,50,867.322844,0.0
-50.0,50,867.822885,0.0
-50.0,50,868.344483,0.0
-50.0,50,868.842355,0.0
-50.0,50,869.341132,0.0
-50.0,50,869.825497,0.0
-50.0,50,870.326492,0.0
-50.0,50,870.819136,0.0
-50.0,50,871.311756,0.0
-50.0,50,871.821199,0.0
-50.0,50,872.318347,0.0
-50.0,50,872.810832,0.0
-50.0,50,873.305464,0.0
-50.0,50,873.803246,0.0
-50.0,50,874.312108,0.0
-50.0,50,874.797217,0.0
-50.0,50,875.282797,0.0
-43.0,50,875.791915,0.0
-50.0,50,876.302459,0.0
-50.0,50,876.807222,0.0
-50.0,50,877.301377,0.0
-50.0,50,877.783448,0.0
-50.0,50,878.316763,0.0
-50.0,50,878.814348,0.0
-50.0,50,879.30867,0.0
-50.0,50,879.806388,0.0
-50.0,50,880.296323,0.0
-50.0,50,880.791911,0.0
-50.0,50,881.283731,0.0
-50.0,50,881.775789,0.0
-50.0,50,882.286788,0.0
-50.0,50,882.762558,0.0
-50.0,50,883.262536,0.0
-50.0,50,883.758229,0.0
-50.0,50,884.270384,0.0
-50.0,50,884.7667,0.0
-50.0,50,885.242632,0.0
-50.0,50,885.735233,0.0
-50.0,50,886.248966,0.0
-50.0,50,886.752747,0.0
-50.0,50,887.258574,0.0
-50.0,50,887.735777,0.0
-50.0,50,888.250482,0.0
-50.0,50,888.750918,0.0
-50.0,50,889.245806,0.0
-50.0,50,889.743035,0.0
-50.0,50,890.279107,0.0
-50.0,50,890.760703,0.0
-50.0,50,891.238514,0.0
-50.0,50,891.783323,0.0
-50.0,50,892.300922,0.0
-50.0,50,892.804895,0.0
-50.0,50,893.301059,0.0
-50.0,50,893.799019,0.0
-50.0,50,894.300359,0.0
-50.0,50,894.789928,0.0
-50.0,50,895.263558,0.0
-50.0,50,895.738312,0.0
-50.0,50,896.227893,0.0
0.0,50,896.712428,1.0
-50.0,50,897.191167,0.0
-50.0,50,897.666655,0.0
-50.0,50,898.165659,0.0
-50.0,50,898.646053,0.0
-50.0,50,899.131196,0.0
-50.0,50,899.607077,0.0
-50.0,50,900.105459,0.0
-50.0,50,900.581467,0.0
0.0,50,901.068496,1.0
-50.0,50,901.555481,0.0
-50.0,50,902.076293,0.0
-50.0,50,902.584293,0.0
-50.0,50,903.079673,0.0
-50.0,50,903.572614,0.0
-50.0,50,904.065947,0.0
-50.0,50,904.565503,0.0
-50.0,50,905.056633,0.0
-46.0,50,905.556683,0.0
-50.0,50,906.079498,0.0
-50.0,50,906.569313,0.0
-50.0,50,907.068655,0.0
-50.0,50,907.566648,0.0
-50.0,50,908.087842,0.0
-50.0,50,908.587828,0.0
-50.0,50,909.073503,0.0
-50.0,50,909.574885,0.0
-50.0,50,910.089562,0.0
-50.0,50,910.591963,0.0
-50.0,50,911.092453,0.0
-50.0,50,911.579889,0.0
-44.0,50,912.094857,0.0
-50.0,50,912.590414,0.0
-50.0,50,913.088199,0.0
-50.0,50,913.594297,0.0
-50.0,50,914.100572,0.0
-50.0,50,914.592871,0.0
-50.0,50,915.086761,0.0
-50.0,50,915.583894,0.0
-50.0,50,916.096063,0.0
-50.0,50,916.605332,0.0
0.0,50,917.083308,1.0
-50.0,50,917.579879,0.0
-50.0,50,920.358648,0.0
-50.0,50,920.839117,0.0
-50.0,50,921.345764,0.0
-50.0,50,921.844788,0.0
-50.0,50,922.366377,0.0
-50.0,50,922.866047,0.0
-50.0,50,923.362422,0.0
-50.0,50,923.843085,0.0
-50.0,50,924.357435,0.0
-50.0,50,924.856235,0.0
-50.0,50,925.360668,0.0
-50.0,50,925.852252,0.0
-50.0,50,926.345695,0.0
-50.0,50,926.839239,0.0
-50.0,50,927.341132,0.0
-50.0,50,927.831711,0.0
-45.0,50,928.350357,0.0
-50.0,50,928.835592,0.0
-50.0,50,929.33494,0.0
0.0,50,929.823607,1.0
-50.0,50,930.328716,0.0
0.0,50,930.812081,1.0
-50.0,50,931.292897,0.0
-50.0,50,931.794399,0.0
-50.0,50,932.299012,0.0
0.0,50,932.794978,1.0
-50.0,50,933.278811,0.0
-50.0,50,933.76014,0.0
-50.0,50,934.264714,0.0
-50.0,50,934.761769,0.0
-50.0,50,935.254195,0.0
-50.0,50,935.728346,0.0
-50.0,50,936.225197,0.0
-50.0,50,936.719852,0.0
-50.0,50,937.219904,0.0
-50.0,50,937.713387,0.0
-50.0,50,938.201318,0.0
-50.0,50,938.690325,0.0
-50.0,50,939.184559,0.0
-50.0,50,939.679893,0.0
-50.0,50,940.186337,0.0
-50.0,50,940.667904,0.0
0.0,50,941.158926,1.0
-50.0,50,941.666042,0.0
-50.0,50,942.174007,0.0
-50.0,50,942.661824,0.0
-50.0,50,943.135112,0.0
-50.0,50,943.634112,0.0
-50.0,50,944.147252,0.0
-50.0,50,944.638945,0.0
-50.0,50,945.1263,0.0
-50.0,50,945.599906,0.0
-50.0,50,946.103398,0.0
-50.0,50,946.601207,0.0
-50.0,50,947.105352,0.0
-50.0,50,947.617133,0.0
-50.0,50,948.123241,0.0
-50.0,50,948.62122,0.0
-50.0,50,949.119486,0.0
-50.0,50,949.629368,0.0
-50.0,50,950.14325,0.0
-50.0,50,950.62844,0.0
-50.0,50,951.117726,0.0
-50.0,50,951.62289,0.0
-50.0,50,952.140942,0.0
-50.0,50,952.642166,0.0
-50.0,50,953.133315,0.0
-50.0,50,953.623384,0.0
-50.0,50,954.141111,0.0
-50.0,50,954.631613,0.0
-50.0,50,955.125077,0.0
-50.0,50,955.608595,0.0
-50.0,50,956.11024,0.0
-50.0,50,956.602481,0.0
-50.0,50,957.102184,0.0
-50.0,50,957.592845,0.0
-50.0,50,958.087839,0.0
-50.0,50,958.568804,0.0
-50.0,50,959.070572,0.0
-50.0,50,959.572231,0.0
-50.0,50,960.08549,0.0
-50.0,50,960.578588,0.0
-50.0,50,961.071749,0.0
-50.0,50,961.571746,0.0
-50.0,50,962.087132,0.0
-50.0,50,962.585437,0.0
-50.0,50,963.0764,0.0
-50.0,50,963.561301,0.0
-50.0,50,964.084266,0.0
-50.0,50,964.591409,0.0
-50.0,50,965.090992,0.0
-50.0,50,965.591367,0.0
-50.0,50,966.08792,0.0
-50.0,50,966.593,0.0
0.0,50,967.090307,1.0
-50.0,50,967.592257,0.0
-50.0,50,968.117515,0.0
-50.0,50,968.602109,0.0
-50.0,50,969.090373,0.0
-50.0,50,969.58972,0.0
-50.0,50,970.102356,0.0
-50.0,50,970.59893,0.0
-50.0,50,971.082097,0.0
-50.0,50,971.575853,0.0
-50.0,50,972.103463,0.0
-50.0,50,972.598548,0.0
-50.0,50,973.092563,0.0
-50.0,50,973.577368,0.0
-50.0,50,974.087774,0.0
-50.0,50,974.598068,0.0
-50.0,50,975.091274,0.0
-50.0,50,975.579639,0.0
-50.0,50,976.078416,0.0
-50.0,50,976.558208,0.0
-50.0,50,977.055407,0.0
-50.0,50,977.549556,0.0
-50.0,50,978.067196,0.0
-50.0,50,978.559379,0.0
-50.0,50,979.035176,0.0
-50.0,50,979.53579,0.0
-50.0,50,980.04975,0.0
-50.0,50,980.542682,0.0
-50.0,50,981.024763,0.0
-50.0,50,981.503634,0.0
-50.0,50,982.011723,0.0
-50.0,50,982.507619,0.0
-50.0,50,983.011885,0.0
-50.0,50,983.493086,0.0
-50.0,50,983.983349,0.0
-50.0,50,984.483742,0.0
-50.0,50,984.972208,0.0
-50.0,50,985.474591,0.0
-50.0,50,985.971043,0.0
-50.0,50,986.452263,0.0
-50.0,50,986.948012,0.0
-50.0,50,987.437174,0.0
-50.0,50,987.946113,0.0
-50.0,50,988.425247,0.0
-50.0,50,988.908508,0.0
-50.0,50,989.400423,0.0
-50.0,50,989.913983,0.0
-50.0,50,990.403538,0.0
-50.0,50,990.88791,0.0
-50.0,50,991.381132,0.0
-50.0,50,991.889375,0.0
0.0,50,992.383317,1.0
-50.0,50,992.873354,0.0
-50.0,50,993.361425,0.0
-50.0,50,993.867339,0.0
-50.0,50,994.363525,0.0
-50.0,50,994.859232,0.0
-50.0,50,995.366541,0.0
-50.0,50,995.875282,0.0
-50.0,50,996.361428,0.0
-50.0,50,996.860084,0.0
-50.0,50,997.350512,0.0
-50.0,50,997.867283,0.0
-50.0,50,998.345074,0.0
-50.0,50,998.840796,0.0
-50.0,50,999.337965,0.0
-50.0,50,999.856277,0.0
-50.0,50,1000.354394,0.0
-50.0,50,1000.851551,0.0
-50.0,50,1001.34418,0.0
-50.0,50,1001.859027,0.0
-50.0,50,1002.366531,0.0
-50.0,50,1002.870632,0.0
-50.0,50,1003.377404,0.0
-50.0,50,1003.889851,0.0
-50.0,50,1004.392854,0.0
-50.0,50,1004.89053,0.0
-50.0,50,1005.389804,0.0
-50.0,50,1005.92651,0.0
-50.0,50,1006.421722,0.0
-50.0,50,1006.916474,0.0
-50.0,50,1007.422112,0.0
-50.0,50,1007.963362,0.0
-50.0,50,1008.46884,0.0
-50.0,50,1008.971933,0.0
-50.0,50,1009.448005,0.0
-50.0,50,1009.974892,0.0
-50.0,50,1010.476699,0.0
-50.0,50,1010.989626,0.0
-50.0,50,1011.488215,0.0
-50.0,50,1012.012392,0.0
-50.0,50,1012.50719,0.0
-50.0,50,1013.01063,0.0
-50.0,50,1013.510186,0.0
-50.0,50,1014.026742,0.0
-50.0,50,1014.51683,0.0
-50.0,50,1014.9959,0.0
-50.0,50,1015.497461,0.0
-50.0,50,1016.023375,0.0
-50.0,50,1016.524944,0.0
-50.0,50,1017.025199,0.0
-50.0,50,1017.507868,0.0
-50.0,50,1018.008564,0.0
-50.0,50,1018.50782,0.0
-50.0,50,1019.006783,0.0
-50.0,50,1019.504603,0.0
-50.0,50,1022.398863,0.0
0.0,50,1022.900695,1.0
-50.0,50,1023.398253,0.0
-50.0,50,1023.893859,0.0
-50.0,50,1024.470866,0.0
-50.0,50,1024.96577,0.0
-50.0,50,1025.463824,0.0
-50.0,50,1025.963806,0.0
-50.0,50,1026.486076,0.0
-50.0,50,1026.98593,0.0
-50.0,50,1027.468724,0.0
-50.0,50,1027.961154,0.0
-50.0,50,1028.486053,0.0
-50.0,50,1028.986101,0.0
-50.0,50,1029.492268,0.0
-50.0,50,1029.989664,0.0
-50.0,50,1030.488739,0.0
-50.0,50,1030.985191,0.0
-50.0,50,1031.473922,0.0
0.0,50,1031.970379,1.0
-50.0,50,1032.485799,0.0
-50.0,50,1032.973905,0.0
-50.0,50,1033.465028,0.0
-50.0,50,1033.965225,0.0
-50.0,50,1034.467644,0.0
-50.0,50,1034.957925,0.0
-50.0,50,1035.442799,0.0
-50.0,50,1035.943838,0.0
-50.0,50,1036.45822,0.0
-50.0,50,1036.956895,0.0
-50.0,50,1037.448675,0.0
-50.0,50,1037.92837,0.0
-50.0,50,1038.440205,0.0
-50.0,50,1038.938983,0.0
-50.0,50,1039.433579,0.0
-50.0,50,1039.92907,0.0
-50.0,50,1040.431915,0.0
-50.0,50,1040.929221,0.0
-50.0,50,1041.41892,0.0
-50.0,50,1041.910001,0.0
-50.0,50,1042.429332,0.0
0.0,50,1042.920055,1.0
-50.0,50,1043.421325,0.0
-50.0,50,1043.922121,0.0
-50.0,50,1044.453786,0.0
-50.0,50,1044.948803,0.0
-50.0,50,1045.438466,0.0
-50.0,50,1045.931222,0.0
-50.0,50,1046.459545,0.0
-50.0,50,1046.962782,0.0
-50.0,50,1047.462815,0.0
-50.0,50,1047.953585,0.0
-50.0,50,1048.461251,0.0
-50.0,50,1048.956318,0.0
-50.0,50,1049.448616,0.0
-50.0,50,1049.941292,0.0
-50.0,50,1050.462062,0.0
-50.0,50,1050.95005,0.0
-50.0,50,1051.458564,0.0
-50.0,50,1051.961926,0.0
-50.0,50,1052.470176,0.0
-50.0,50,1052.975547,0.0
-50.0,50,1053.461956,0.0
-50.0,50,1053.952115,0.0
-50.0,50,1054.466186,0.0
-50.0,50,1054.959955,0.0
0.0,50,1055.454875,1.0
-50.0,50,1055.936083,0.0
-50.0,50,1056.454239,0.0
-50.0,50,1056.957145,0.0
0.0,50,1057.45181,1.0
-50.0,50,1057.949013,0.0
-50.0,50,1058.470874,0.0
-50.0,50,1058.965856,0.0
-50.0,50,1059.46336,0.0
-50.0,50,1059.966812,0.0
-50.0,50,1060.549606,0.0
-50.0,50,1061.044577,0.0
-50.0,50,1061.533122,0.0
-50.0,50,1062.032125,0.0
0.0,50,1062.558089,1.0
-50.0,50,1063.063818,0.0
-50.0,50,1063.561654,0.0
-50.0,50,1064.048672,0.0
-50.0,50,1064.551543,0.0
0.0,50,1065.050555,1.0
-50.0,50,1065.543343,0.0
-50.0,50,1066.037455,0.0
-50.0,50,1066.564435,0.0
-50.0,50,1067.041238,0.0
-50.0,50,1067.541251,0.0
-50.0,50,1068.044764,0.0
-50.0,50,1068.578059,0.0
0.0,50,1069.076712,1.0
-50.0,50,1069.556498,0.0
-50.0,50,1070.062459,0.0
-50.0,50,1070.589629,0.0
-50.0,50,1071.089722,0.0
-50.0,50,1071.586638,0.0
-50.0,50,1072.074713,0.0
-50.0,50,1072.602947,0.0
-50.0,50,1073.112566,0.0
-50.0,50,1073.601628,0.0
0.0,50,1074.091029,1.0
-50.0,50,1074.619119,0.0
-50.0,50,1075.093377,0.0
-50.0,50,1075.596635,0.0
-50.0,50,1076.090775,0.0
0.0,50,1076.602391,1.0
-50.0,50,1077.103735,0.0
-50.0,50,1077.575554,0.0
-50.0,50,1078.07031,0.0
-50.0,50,1078.586108,0.0
-50.0,50,1079.076054,0.0
-50.0,50,1079.572522,0.0
-50.0,50,1080.058856,0.0
-50.0,50,1080.596151,0.0
-50.0,50,1081.090102,0.0
-50.0,50,1081.578366,0.0
-50.0,50,1082.067318,0.0
-50.0,50,1082.596061,0.0
-50.0,50,1083.082261,0.0
-50.0,50,1083.577875,0.0
-50.0,50,1084.077462,0.0
-50.0,50,1084.62183,0.0
-50.0,50,1085.112933,0.0
-50.0,50,1085.607406,0.0
0.0,50,1086.108238,1.0
-50.0,50,1086.650455,0.0
-50.0,50,1087.150686,0.0
-50.0,50,1087.647434,0.0
-50.0,50,1088.124116,0.0
-50.0,50,1088.654844,0.0
-50.0,50,1089.162657,0.0
-50.0,50,1089.661905,0.0
-50.0,50,1090.169319,0.0
-50.0,50,1090.68989,0.0
-50.0,50,1091.177608,0.0
-50.0,50,1091.677497,0.0
-50.0,50,1092.176163,0.0
-50.0,50,1092.70056,0.0
-50.0,50,1093.193604,0.0
-50.0,50,1093.686595,0.0
-50.0,50,1094.197234,0.0
-50.0,50,1094.730672,0.0
0.0,50,1095.229035,1.0
-50.0,50,1095.730617,0.0
0.0,50,1096.207821,1.0
0.0,50,1096.741556,1.0
-50.0,50,1097.250539,0.0
-50.0,50,1097.750035,0.0
-50.0,50,1098.249081,0.0
-50.0,50,1098.856875,0.0
-50.0,50,1099.337741,0.0
-50.0,50,1099.839548,0.0
-50.0,50,1100.342239,0.0
-50.0,50,1100.878803,0.0
-50.0,50,1101.374511,0.0
-50.0,50,1101.866356,0.0
-50.0,50,1102.358718,0.0
-50.0,50,1102.885717,0.0
-50.0,50,1103.375861,0.0
-50.0,50,1103.866949,0.0
-50.0,50,1104.347677,0.0
-50.0,50,1104.856637,0.0
-50.0,50,1105.355772,0.0
-50.0,50,1105.867319,0.0
-50.0,50,1106.358482,0.0
0.0,50,1106.893154,1.0
-50.0,50,1107.377649,0.0
-50.0,50,1107.875509,0.0
-50.0,50,1108.363326,0.0
-50.0,50,1108.929506,0.0
-50.0,50,1109.423611,0.0
-50.0,50,1109.908945,0.0
-50.0,50,1110.397305,0.0
-50.0,50,1110.931751,0.0
-50.0,50,1111.432258,0.0
-50.0,50,1111.932561,0.0
-50.0,50,1112.416126,0.0
-50.0,50,1112.926913,0.0
-50.0,50,1113.422256,0.0
-50.0,50,1113.925256,0.0
-50.0,50,1114.426565,0.0
-50.0,50,1114.943353,0.0
0.0,50,1115.425349,1.0
-50.0,50,1115.915634,0.0
-50.0,50,1116.420639,0.0
-50.0,50,1116.947819,0.0
-50.0,50,1117.439049,0.0
-50.0,50,1117.926414,0.0
-50.0,50,1118.416945,0.0
-50.0,50,1118.935839,0.0
-50.0,50,1119.427007,0.0
-50.0,50,1119.935023,0.0
-50.0,50,1120.420707,0.0
-50.0,50,1120.945746,0.0
-50.0,50,1121.452257,0.0
-50.0,50,1121.954051,0.0
-50.0,50,1122.449173,0.0
-50.0,50,1125.286609,0.0
-50.0,50,1125.78688,0.0
0.0,50,1126.284937,1.0
-50.0,50,1126.797699,0.0
-50.0,50,1127.319082,0.0
-50.0,50,1127.793083,0.0
-50.0,50,1128.291049,0.0
-50.0,50,1128.781123,0.0
-50.0,50,1129.308109,0.0
-50.0,50,1129.798943,0.0
-50.0,50,1130.272531,0.0
-50.0,50,1130.774274,0.0
0.0,50,1131.3073,1.0
-50.0,50,1131.807389,0.0
0.0,50,1132.300104,1.0
-50.0,50,1132.778792,0.0
-50.0,50,1133.310822,0.0
-50.0,50,1133.807978,0.0
0.0,50,1134.313259,1.0
-50.0,50,1134.813205,0.0
-50.0,50,1135.326538,0.0
0.0,50,1135.815351,1.0
-50.0,50,1136.321062,0.0
-50.0,50,1136.826917,0.0
-50.0,50,1137.342649,0.0
-50.0,50,1137.839169,0.0
-50.0,50,1138.318885,0.0
-50.0,50,1138.812333,0.0
-50.0,50,1139.334963,0.0
-50.0,50,1139.83332,0.0
-50.0,50,1140.334196,0.0
-50.0,50,1140.812898,0.0
-50.0,50,1141.33498,0.0
-50.0,50,1141.833853,0.0
-50.0,50,1142.337959,0.0
-50.0,50,1142.836746,0.0
-50.0,50,1143.35217,0.0
-50.0,50,1143.842724,0.0
-50.0,50,1144.339138,0.0
-50.0,50,1144.832267,0.0
-50.0,50,1145.347327,0.0
-50.0,50,1145.832597,0.0
-50.0,50,1146.317156,0.0
-50.0,50,1146.816767,0.0
-50.0,50,1147.34291,0.0
-50.0,50,1147.843506,0.0
0.0,50,1148.330652,1.0
0.0,50,1148.822495,1.0
0.0,50,1149.336892,1.0
-50.0,50,1149.837319,0.0
-50.0,50,1150.336781,0.0
-50.0,50,1150.828928,0.0
-50.0,50,1151.336533,0.0
-50.0,50,1151.832469,0.0
-50.0,50,1152.328979,0.0
-50.0,50,1152.828251,0.0
-50.0,50,1153.374152,0.0
-50.0,50,1153.860008,0.0
0.0,50,1154.35273,1.0
-50.0,50,1154.858351,0.0
-50.0,50,1155.378025,0.0
-50.0,50,1155.873163,0.0
-50.0,50,1156.359714,0.0
-50.0,50,1156.849964,0.0
-50.0,50,1157.38431,0.0
-50.0,50,1157.880407,0.0
-50.0,50,1158.38447,0.0
-50.0,50,1158.870742,0.0
-50.0,50,1159.388756,0.0
-50.0,50,1159.884076,0.0
-50.0,50,1160.384532,0.0
-50.0,50,1160.883046,0.0
-50.0,50,1161.419139,0.0
-50.0,50,1161.904108,0.0
-50.0,50,1162.399767,0.0
-50.0,50,1162.896285,0.0
-50.0,50,1163.430744,0.0
-50.0,50,1163.944949,0.0
-50.0,50,1164.426526,0.0
-50.0,50,1164.918407,0.0
-50.0,50,1165.447695,0.0
-50.0,50,1165.936731,0.0
-50.0,50,1166.438029,0.0
-50.0,50,1166.929806,0.0
-50.0,50,1167.437081,0.0
-50.0,50,1167.927194,0.0
-50.0,50,1168.420563,0.0
-50.0,50,1168.913008,0.0
-50.0,50,1169.450008,0.0
-50.0,50,1169.927428,0.0
-50.0,50,1170.418965,0.0
-50.0,50,1170.928714,0.0
-50.0,50,1171.454255,0.0
-50.0,50,1171.950475,0.0
-50.0,50,1172.421287,0.0
-50.0,50,1172.922677,0.0
-50.0,50,1173.451436,0.0
-50.0,50,1173.947563,0.0
-50.0,50,1174.436389,0.0
-50.0,50,1174.91491,0.0
-50.0,50,1175.44151,0.0
-50.0,50,1175.940704,0.0
-50.0,50,1176.437314,0.0
-50.0,50,1176.938033,0.0
-50.0,50,1177.451189,0.0
-50.0,50,1177.942246,0.0
-50.0,50,1178.434458,0.0
-50.0,50,1178.941908,0.0
-50.0,50,1179.474151,0.0
-50.0,50,1179.986576,0.0
-50.0,50,1180.469212,0.0
-50.0,50,1180.971105,0.0
-50.0,50,1181.501079,0.0
-50.0,50,1181.99737,0.0
-50.0,50,1182.496647,0.0
-50.0,50,1182.980345,0.0
-50.0,50,1183.502351,0.0
-50.0,50,1184.005336,0.0
-50.0,50,1184.50434,0.0
-50.0,50,1185.000644,0.0
-50.0,50,1185.510174,0.0
-50.0,50,1186.005009,0.0
-50.0,50,1186.50982,0.0
-50.0,50,1187.011022,0.0
0.0,50,1187.541509,1.0
-50.0,50,1188.044421,0.0
-50.0,50,1188.52637,0.0
-50.0,50,1189.020698,0.0
-50.0,50,1189.544829,0.0
-50.0,50,1190.040267,0.0
-50.0,50,1190.528628,0.0
-50.0,50,1191.001651,0.0
-50.0,50,1191.513216,0.0
-50.0,50,1192.000821,0.0
-50.0,50,1192.508549,0.0
-50.0,50,1193.009766,0.0
-50.0,50,1193.521242,0.0
-50.0,50,1194.022666,0.0
-50.0,50,1194.522555,0.0
-50.0,50,1195.021057,0.0
-50.0,50,1195.54812,0.0
-50.0,50,1196.041331,0.0
-50.0,50,1196.534534,0.0
-50.0,50,1197.032009,0.0
-50.0,50,1197.547039,0.0
-50.0,50,1198.049944,0.0
-50.0,50,1198.536309,0.0
-50.0,50,1199.023377,0.0
-50.0,50,1199.545079,0.0
-50.0,50,1200.040311,0.0
-50.0,50,1200.535754,0.0
-50.0,50,1201.03921,0.0
-50.0,50,1201.543442,0.0
-50.0,50,1202.044341,0.0
-50.0,50,1202.53862,0.0
-50.0,50,1203.039416,0.0
-50.0,50,1203.554951,0.0
-50.0,50,1204.042425,0.0
-50.0,50,1204.556049,0.0
-50.0,50,1205.056126,0.0
-50.0,50,1205.597197,0.0
-50.0,50,1206.092605,0.0
-50.0,50,1206.574277,0.0
-50.0,50,1207.054395,0.0
0.0,50,1207.592958,1.0
-50.0,50,1208.098518,0.0
-50.0,50,1208.603507,0.0
-50.0,50,1209.094895,0.0
-50.0,50,1209.613503,0.0
-50.0,50,1210.109102,0.0
-50.0,50,1210.600997,0.0
-50.0,50,1211.090938,0.0
0.0,50,1211.634611,1.0
-50.0,50,1212.136007,0.0
-50.0,50,1212.627449,0.0
-50.0,50,1213.132619,0.0
-50.0,50,1213.664444,0.0
-50.0,50,1214.158824,0.0
-50.0,50,1214.662392,0.0
-50.0,50,1215.154223,0.0
-50.0,50,1215.684098,0.0
-50.0,50,1216.183679,0.0
-50.0,50,1216.675709,0.0
-44.0,50,1217.176615,0.0
0.0,50,1217.704317,1.0
-50.0,50,1218.198817,0.0
-50.0,50,1218.690961,0.0
-50.0,50,1219.185075,0.0
-50.0,50,1219.728343,0.0
-50.0,50,1220.221515,0.0
0.0,50,1220.713944,1.0
-50.0,50,1221.219549,0.0
-50.0,50,1221.75631,0.0
-50.0,50,1222.260768,0.0
-50.0,50,1222.761446,0.0
-50.0,50,1223.257822,0.0
-50.0,50,1223.784241,0.0
-50.0,50,1224.271566,0.0
-50.0,50,1224.780737,0.0
-50.0,50,1225.275567,0.0
-50.0,50,1228.187136,0.0
-50.0,50,1228.690636,0.0
-50.0,50,1229.192596,0.0
-50.0,50,1229.69848,0.0
-50.0,50,1230.225707,0.0
-50.0,50,1230.713806,0.0
-50.0,50,1231.209794,0.0
-50.0,50,1231.708494,0.0
-50.0,50,1232.254243,0.0
-50.0,50,1232.744376,0.0
-50.0,50,1233.241101,0.0
-50.0,50,1233.725963,0.0
-50.0,50,1234.253051,0.0
-50.0,50,1234.753723,0.0
-50.0,50,1235.254776,0.0
-50.0,50,1235.750615,0.0
-50.0,50,1236.252719,0.0
-50.0,50,1236.764349,0.0
-50.0,50,1237.269135,0.0
0.0,50,1237.759557,1.0
-50.0,50,1238.279434,0.0
-50.0,50,1238.769557,0.0
-50.0,50,1239.266486,0.0
-50.0,50,1239.77697,0.0
-50.0,50,1240.313513,0.0
-50.0,50,1240.806226,0.0
-50.0,50,1241.301978,0.0
-50.0,50,1241.773836,0.0
-50.0,50,1242.311205,0.0
-50.0,50,1242.807303,0.0
-50.0,50,1243.29719,0.0
-50.0,50,1243.785784,0.0
-50.0,50,1244.285314,0.0
-50.0,50,1244.783808,0.0
-50.0,50,1245.274774,0.0
-50.0,50,1245.783871,0.0
-50.0,50,1246.321558,0.0
-50.0,50,1246.816215,0.0
-50.0,50,1247.310204,0.0
-50.0,50,1247.803805,0.0
-50.0,50,1248.342948,0.0
-50.0,50,1248.854185,0.0
-50.0,50,1249.360272,0.0
-50.0,50,1249.84517,0.0
-50.0,50,1250.382033,0.0
-50.0,50,1250.885248,0.0
-50.0,50,1251.388799,0.0
-50.0,50,1251.88322,0.0
-50.0,50,1252.39843,0.0
-50.0,50,1252.898119,0.0
-50.0,50,1253.403986,0.0
-50.0,50,1253.904395,0.0
-50.0,50,1254.424378,0.0
-50.0,50,1254.908539,0.0
-50.0,50,1255.404289,0.0
-50.0,50,1255.908853,0.0
-50.0,50,1256.428012,0.0
-50.0,50,1256.934506,0.0
-50.0,50,1257.425428,0.0
-50.0,50,1257.910524,0.0
0.0,50,1258.420367,1.0
-50.0,50,1258.935519,0.0
-50.0,50,1259.433412,0.0
-50.0,50,1259.924814,0.0
-50.0,50,1260.423552,0.0
0.0,50,1260.912295,1.0
-50.0,50,1261.417394,0.0
-50.0,50,1261.92673,0.0
-50.0,50,1262.464229,0.0
-50.0,50,1262.964523,0.0
-50.0,50,1263.454347,0.0
-50.0,50,1263.957696,0.0
-50.0,50,1264.468403,0.0
-50.0,50,1264.981464,0.0
-50.0,50,1265.488526,0.0
-50.0,50,1265.967629,0.0
-50.0,50,1266.490824,0.0
-50.0,50,1267.00174,0.0
0.0,50,1267.506209,1.0
-50.0,50,1268.015522,0.0
-50.0,50,1268.532854,0.0
-50.0,50,1269.022624,0.0
-50.0,50,1269.530365,0.0
0.0,50,1270.029006,1.0
-50.0,50,1270.543622,0.0
-50.0,50,1271.055773,0.0
-50.0,50,1271.529763,0.0
-50.0,50,1272.04059,0.0
-50.0,50,1272.556403,0.0
-50.0,50,1273.066875,0.0
-50.0,50,1273.579487,0.0
-50.0,50,1274.070962,0.0
-50.0,50,1274.586564,0.0
-50.0,50,1275.090235,0.0
-50.0,50,1275.595784,0.0
-50.0,50,1276.100511,0.0
-50.0,50,1276.617856,0.0
-50.0,50,1277.112015,0.0
-50.0,50,1277.61957,0.0
-50.0,50,1278.124527,0.0
-50.0,50,1278.645314,0.0
0.0,50,1279.142687,1.0
-50.0,50,1279.626522,0.0
0.0,50,1280.111334,1.0
-50.0,50,1280.626743,0.0
-50.0,50,1281.135948,0.0
0.0,50,1281.649515,1.0
-50.0,50,1282.149936,0.0
0.0,50,1282.654009,1.0
-50.0,50,1283.162397,0.0
-50.0,50,1283.666761,0.0
-50.0,50,1284.166121,0.0
-50.0,50,1284.679637,0.0
-50.0,50,1285.166418,0.0
-50.0,50,1285.665281,0.0
-50.0,50,1286.16412,0.0
-50.0,50,1286.696561,0.0
-50.0,50,1287.206415,0.0
-50.0,50,1287.699807,0.0
-50.0,50,1288.206252,0.0
-50.0,50,1288.718427,0.0
-50.0,50,1289.226989,0.0
-50.0,50,1289.72826,0.0
-50.0,50,1290.235039,0.0
-50.0,50,1290.743458,0.0
-50.0,50,1291.244451,0.0
-50.0,50,1291.735102,0.0
-50.0,50,1292.245505,0.0
-50.0,50,1292.765475,0.0
0.0,50,1293.262853,1.0
-50.0,50,1293.752356,0.0
-50.0,50,1294.254288,0.0
-50.0,50,1294.7744,0.0
-50.0,50,1295.271518,0.0
-50.0,50,1295.766521,0.0
-50.0,50,1296.254893,0.0
-50.0,50,1296.771643,0.0
-50.0,50,1297.279334,0.0
-50.0,50,1297.774517,0.0
-50.0,50,1298.292383,0.0
-50.0,50,1298.796903,0.0
-50.0,50,1299.298486,0.0
-50.0,50,1299.808551,0.0
-50.0,50,1300.31257,0.0
-50.0,50,1300.834012,0.0
0.0,50,1301.326174,1.0
-50.0,50,1301.826122,0.0
-50.0,50,1302.34055,0.0
0.0,50,1302.849258,1.0
-50.0,50,1303.355642,0.0
-50.0,50,1303.866507,0.0
-50.0,50,1304.354434,0.0
-50.0,50,1304.868358,0.0
-50.0,50,1305.358383,0.0
-50.0,50,1305.859653,0.0
-50.0,50,1306.358577,0.0
-50.0,50,1306.845709,0.0
-50.0,50,1307.345527,0.0
-50.0,50,1307.843385,0.0
0.0,50,1308.35147,1.0
-50.0,50,1308.866558,0.0
-50.0,50,1309.352953,0.0
-50.0,50,1309.854691,0.0
-50.0,50,1310.357996,0.0
-50.0,50,1310.867642,0.0
-50.0,50,1311.371763,0.0
-50.0,50,1311.863174,0.0
-50.0,50,1312.354455,0.0
-50.0,50,1312.8732,0.0
-50.0,50,1313.37204,0.0
-50.0,50,1313.871143,0.0
-50.0,50,1314.368215,0.0
-50.0,50,1314.868643,0.0
-50.0,50,1315.372,0.0
-50.0,50,1315.876452,0.0
-50.0,50,1316.375112,0.0
-50.0,50,1316.896765,0.0
-50.0,50,1317.383839,0.0
-50.0,50,1317.877917,0.0
-50.0,50,1318.381855,0.0
-50.0,50,1318.898213,0.0
-50.0,50,1319.390027,0.0
-50.0,50,1319.874594,0.0
-50.0,50,1320.371653,0.0
-50.0,50,1320.891358,0.0
-50.0,50,1321.396769,0.0
-50.0,50,1321.90328,0.0
-50.0,50,1322.399923,0.0
-50.0,50,1322.901913,0.0
-50.0,50,1323.40034,0.0
-50.0,50,1323.909332,0.0
0.0,50,1324.423984,1.0
-50.0,50,1324.949474,0.0
-50.0,50,1325.435235,0.0
-50.0,50,1325.924006,0.0
-50.0,50,1326.418632,0.0
-50.0,50,1326.943559,0.0
-50.0,50,1327.437639,0.0
-50.0,50,1327.931739,0.0
-50.0,50,1328.423282,0.0
-50.0,50,1331.270686,0.0
-50.0,50,1331.775024,0.0
-50.0,50,1332.272472,0.0
-50.0,50,1332.766059,0.0
-50.0,50,1333.280168,0.0
-50.0,50,1333.774935,0.0
-50.0,50,1334.288697,0.0
-50.0,50,1334.789696,0.0
-50.0,50,1335.286845,0.0
-50.0,50,1335.786102,0.0
-50.0,50,1336.289406,0.0
-50.0,50,1336.784015,0.0
-50.0,50,1337.291949,0.0
-50.0,50,1337.776578,0.0
-50.0,50,1338.271813,0.0
-50.0,50,1338.768001,0.0
-50.0,50,1339.287725,0.0
-50.0,50,1339.788571,0.0
-50.0,50,1340.260549,0.0
-50.0,50,1340.757054,0.0
-50.0,50,1341.282817,0.0
-50.0,50,1341.786227,0.0
-50.0,50,1342.293189,0.0
-50.0,50,1342.784589,0.0
-45.0,50,1343.288828,0.0
-50.0,50,1343.78498,0.0
-50.0,50,1344.290292,0.0
-50.0,50,1344.786237,0.0
-50.0,50,1345.290123,0.0
-50.0,50,1345.770962,0.0
-50.0,50,1346.265792,0.0
-50.0,50,1346.769109,0.0
-50.0,50,1347.297687,0.0
-50.0,50,1347.802293,0.0
-50.0,50,1348.289297,0.0
-50.0,50,1348.783729,0.0
-50.0,50,1349.31294,0.0
-50.0,50,1349.805729,0.0
-50.0,50,1350.313571,0.0
-50.0,50,1350.789516,0.0
-50.0,50,1351.294794,0.0
-50.0,50,1351.803838,0.0
-50.0,50,1352.310428,0.0
-50.0,50,1352.803018,0.0
-50.0,50,1353.295267,0.0
-50.0,50,1353.788011,0.0
-50.0,50,1354.283417,0.0
-50.0,50,1354.77477,0.0
-50.0,50,1355.289404,0.0
-50.0,50,1355.764857,0.0
-50.0,50,1356.256754,0.0
-50.0,50,1356.747223,0.0
-50.0,50,1357.272678,0.0
-50.0,50,1357.767025,0.0
-50.0,50,1358.255407,0.0
-50.0,50,1358.757014,0.0
-50.0,50,1359.268426,0.0
0.0,50,1359.762719,1.0
0.0,50,1360.254189,1.0
-50.0,50,1360.748539,0.0
-50.0,50,1361.253122,0.0
-50.0,50,1361.751544,0.0
-50.0,50,1362.249555,0.0
-50.0,50,1362.753938,0.0
-50.0,50,1363.269296,0.0
-50.0,50,1363.754255,0.0
-50.0,50,1364.251907,0.0
-50.0,50,1364.760165,0.0
-50.0,50,1365.269291,0.0
-50.0,50,1365.777452,0.0
-50.0,50,1366.251532,0.0
-50.0,50,1366.739899,0.0
-50.0,50,1367.258024,0.0
-50.0,50,1367.762675,0.0
-50.0,50,1368.271217,0.0
-50.0,50,1368.758681,0.0
-50.0,50,1369.266051,0.0
-50.0,50,1369.768162,0.0
-50.0,50,1370.268249,0.0
-50.0,50,1370.794121,0.0
-50.0,50,1371.313425,0.0
-50.0,50,1371.799194,0.0
-50.0,50,1372.295227,0.0
-50.0,50,1372.795044,0.0
-50.0,50,1373.318036,0.0
-50.0,50,1373.81103,0.0
-50.0,50,1374.286421,0.0
-50.0,50,1374.793099,0.0
-50.0,50,1375.308001,0.0
-50.0,50,1375.812178,0.0
-50.0,50,1376.319738,0.0
-50.0,50,1376.808179,0.0
-50.0,50,1377.320235,0.0
-50.0,50,1377.824122,0.0
0.0,50,1378.323385,1.0
-50.0,50,1378.832491,0.0
-50.0,50,1379.34633,0.0
-50.0,50,1379.84403,0.0
0.0,50,1380.362285,1.0
-50.0,50,1380.862946,0.0
-50.0,50,1381.378162,0.0
-50.0,50,1381.886293,0.0
-50.0,50,1382.365796,0.0
-50.0,50,1382.867021,0.0
-50.0,50,1383.378468,0.0
-50.0,50,1383.875923,0.0
-50.0,50,1384.37099,0.0
-50.0,50,1384.8527,0.0
-50.0,50,1385.360034,0.0
-50.0,50,1385.867677,0.0
-50.0,50,1386.376606,0.0
-50.0,50,1386.885548,0.0
-50.0,50,1387.397765,0.0
-50.0,50,1387.881374,0.0
-50.0,50,1388.378658,0.0
-50.0,50,1388.883582,0.0
-50.0,50,1389.416453,0.0
0.0,50,1389.920266,1.0
-50.0,50,1390.400062,0.0
-50.0,50,1390.908767,0.0
-50.0,50,1391.426017,0.0
-50.0,50,1391.929318,0.0
0.0,50,1392.43108,1.0
-50.0,50,1392.910682,0.0
-50.0,50,1393.41322,0.0
-50.0,50,1393.910208,0.0
-50.0,50,1394.405315,0.0
-50.0,50,1394.915244,0.0
-50.0,50,1395.419656,0.0
-50.0,50,1395.913877,0.0
-50.0,50,1396.412192,0.0
-50.0,50,1396.911147,0.0
-50.0,50,1397.430555,0.0
-50.0,50,1397.93913,0.0
-50.0,50,1398.427655,0.0
-50.0,50,1398.924338,0.0
-50.0,50,1399.446474,0.0
-50.0,50,1399.951116,0.0
-50.0,50,1400.440748,0.0
-50.0,50,1400.919382,0.0
-50.0,50,1401.435369,0.0
-50.0,50,1401.937359,0.0
-50.0,50,1402.430523,0.0
-50.0,50,1402.929708,0.0
-50.0,50,1403.432899,0.0
-50.0,50,1403.924528,0.0
0.0,50,1404.416625,1.0
-50.0,50,1404.906409,0.0
-50.0,50,1405.428054,0.0
-50.0,50,1405.91452,0.0
-50.0,50,1406.401502,0.0
-50.0,50,1406.911551,0.0
-50.0,50,1407.430583,0.0
-50.0,50,1407.925661,0.0
0.0,50,1408.42597,1.0
-50.0,50,1408.924215,0.0
-50.0,50,1409.44158,0.0
-50.0,50,1409.93692,0.0
-50.0,50,1410.446378,0.0
-50.0,50,1410.937278,0.0
-50.0,50,1411.434719,0.0
-50.0,50,1411.941595,0.0
-50.0,50,1412.441841,0.0
-50.0,50,1412.943792,0.0
-50.0,50,1413.465442,0.0
-50.0,50,1413.945236,0.0
-50.0,50,1414.440892,0.0
-50.0,50,1414.935906,0.0
-50.0,50,1415.463,0.0
-50.0,50,1415.978063,0.0
-50.0,50,1416.479593,0.0
-50.0,50,1416.976401,0.0
-50.0,50,1417.489306,0.0
-50.0,50,1417.989514,0.0
-50.0,50,1418.488447,0.0
-50.0,50,1418.978242,0.0
-50.0,50,1419.481273,0.0
0.0,50,1419.980177,1.0
-50.0,50,1420.478275,0.0
-50.0,50,1420.986962,0.0
-50.0,50,1421.505222,0.0
-50.0,50,1421.997981,0.0
-50.0,50,1422.507136,0.0
-50.0,50,1423.000973,0.0
0.0,50,1423.511502,1.0
-50.0,50,1424.000408,0.0
0.0,50,1424.493602,1.0
-50.0,50,1424.984849,0.0
-50.0,50,1425.498448,0.0
-50.0,50,1425.995133,0.0
-50.0,50,1426.486734,0.0
-50.0,50,1426.975897,0.0
-50.0,50,1427.486824,0.0
-50.0,50,1427.973617,0.0
-50.0,50,1428.473855,0.0
-50.0,50,1428.968477,0.0
-50.0,50,1429.47207,0.0
0.0,50,1429.956678,1.0
0.0,50,1430.447676,1.0
-50.0,50,1430.949781,0.0
-50.0,50,1433.764727,0.0
0.0,50,1434.256556,1.0
-50.0,50,1434.764835,0.0
-50.0,50,1435.26272,0.0
-45.0,50,1435.784686,0.0
-50.0,50,1436.260617,0.0
-50.0,50,1436.75472,0.0
-50.0,50,1437.253061,0.0
-50.0,50,1437.773715,0.0
-50.0,50,1438.264935,0.0
-50.0,50,1438.748682,0.0
-50.0,50,1439.23513,0.0
-50.0,50,1439.753871,0.0
-50.0,50,1440.251898,0.0
-50.0,50,1440.752592,0.0
-50.0,50,1441.241571,0.0
-50.0,50,1441.749058,0.0
-50.0,50,1442.246776,0.0
0.0,50,1442.742592,1.0
-50.0,50,1443.231855,0.0
-50.0,50,1443.725991,0.0
-50.0,50,1444.21686,0.0
-50.0,50,1444.714746,0.0
-50.0,50,1445.205082,0.0
-50.0,50,1445.718714,0.0
-50.0,50,1446.205217,0.0
-50.0,50,1446.702083,0.0
-50.0,50,1447.20435,0.0
-50.0,50,1447.718791,0.0
-50.0,50,1448.216609,0.0
-50.0,50,1448.701926,0.0
-50.0,50,1449.189697,0.0
-50.0,50,1449.698996,0.0
-50.0,50,1450.198622,0.0
-50.0,50,1450.700319,0.0
-50.0,50,1451.186552,0.0
-50.0,50,1451.690589,0.0
-50.0,50,1452.196145,0.0
-50.0,50,1452.697184,0.0
-50.0,50,1453.189111,0.0
-50.0,50,1453.703451,0.0
-50.0,50,1454.175668,0.0
-50.0,50,1454.665987,0.0
-50.0,50,1455.164718,0.0
-50.0,50,1455.670607,0.0
-50.0,50,1456.175008,0.0
-50.0,50,1456.653277,0.0
-50.0,50,1457.164605,0.0
-50.0,50,1457.690883,0.0
-50.0,50,1458.189975,0.0
-50.0,50,1458.698538,0.0
-50.0,50,1459.178478,0.0
-50.0,50,1459.685709,0.0
-50.0,50,1460.194002,0.0
-50.0,50,1460.700449,0.0
-50.0,50,1461.19472,0.0
-50.0,50,1461.710412,0.0
-50.0,50,1462.199434,0.0
-50.0,50,1462.700982,0.0
-50.0,50,1463.197956,0.0
-50.0,50,1463.713164,0.0
-50.0,50,1464.204885,0.0
-50.0,50,1464.699435,0.0
0.0,50,1465.204221,1.0
0.0,50,1465.748032,1.0
-50.0,50,1466.237039,0.0
-50.0,50,1466.737722,0.0
-50.0,50,1467.218511,0.0
-50.0,50,1467.726759,0.0
0.0,50,1468.226022,1.0
-50.0,50,1468.725994,0.0
0.0,50,1469.229364,1.0
-50.0,50,1469.728761,0.0
-50.0,50,1470.222202,0.0
-50.0,50,1470.713385,0.0
-50.0,50,1471.201801,0.0
-50.0,50,1471.717027,0.0
-50.0,50,1472.19598,0.0
-50.0,50,1472.691028,0.0
-50.0,50,1473.197952,0.0
-50.0,50,1473.704099,0.0
-50.0,50,1474.196481,0.0
-50.0,50,1474.684823,0.0
-50.0,50,1475.174038,0.0
-50.0,50,1475.679891,0.0
-50.0,50,1476.185277,0.0
-50.0,50,1476.687705,0.0
-50.0,50,1477.168571,0.0
-50.0,50,1477.670269,0.0
0.0,50,1478.169226,1.0
-50.0,50,1478.671824,0.0
-50.0,50,1479.188747,0.0
-50.0,50,1479.699613,0.0
-50.0,50,1480.182669,0.0
-50.0,50,1480.700583,0.0
-50.0,50,1481.211503,0.0
0.0,50,1481.726521,1.0
-50.0,50,1482.238626,0.0
-50.0,50,1482.715297,0.0
-50.0,50,1483.218921,0.0
-50.0,50,1483.732252,0.0
-50.0,50,1484.22801,0.0
-20.0,50,1484.727159,1.0
-50.0,50,1485.201286,0.0
-50.0,50,1485.706187,0.0
-50.0,50,1486.195244,0.0
-50.0,50,1486.690009,0.0
-50.0,50,1487.191165,0.0
-50.0,50,1487.681863,0.0
-50.0,50,1488.171611,0.0
-50.0,50,1488.672618,0.0
-50.0,50,1489.161658,0.0
0.0,50,1489.670437,1.0
0.0,50,1490.161272,1.0
-50.0,50,1490.655914,0.0
-50.0,50,1491.15578,0.0
-50.0,50,1491.664158,0.0
-50.0,50,1492.165569,0.0
-50.0,50,1492.64226,0.0
-50.0,50,1493.137163,0.0
-50.0,50,1493.641166,0.0
-50.0,50,1494.146442,0.0
-50.0,50,1494.636538,0.0
-50.0,50,1495.117344,0.0
-50.0,50,1495.623578,0.0
-50.0,50,1496.113821,0.0
-50.0,50,1496.603181,0.0
-50.0,50,1497.100397,0.0
-50.0,50,1497.601539,0.0
-50.0,50,1498.085476,0.0
-50.0,50,1498.587375,0.0
-50.0,50,1499.078047,0.0
-50.0,50,1499.593964,0.0
-50.0,50,1500.077079,0.0
-50.0,50,1500.571226,0.0
-50.0,50,1501.06538,0.0
-50.0,50,1501.58198,0.0
-50.0,50,1502.088499,0.0
-50.0,50,1502.567119,0.0
-50.0,50,1503.067584,0.0
-50.0,50,1503.574638,0.0
-50.0,50,1504.077331,0.0
-50.0,50,1504.569602,0.0
-50.0,50,1505.062408,0.0
-50.0,50,1505.573354,0.0
-50.0,50,1506.063089,0.0
-50.0,50,1506.56315,0.0
-50.0,50,1507.058632,0.0
-50.0,50,1507.554562,0.0
-50.0,50,1508.033158,0.0
-50.0,50,1508.522075,0.0
-50.0,50,1509.017235,0.0
-50.0,50,1509.533889,0.0
-50.0,50,1510.013486,0.0
-50.0,50,1510.504469,0.0
-50.0,50,1511.007496,0.0
-50.0,50,1511.521097,0.0
-50.0,50,1512.013372,0.0
-50.0,50,1512.503751,0.0
0.0,50,1512.991579,1.0
-50.0,50,1513.513535,0.0
-50.0,50,1514.013301,0.0
-50.0,50,1514.510478,0.0
-50.0,50,1515.004131,0.0
-50.0,50,1515.507415,0.0
-50.0,50,1516.01014,0.0
-50.0,50,1516.514647,0.0
-50.0,50,1517.00476,0.0
0.0,50,1517.509977,1.0
-50.0,50,1517.985907,0.0
-50.0,50,1518.476323,0.0
-50.0,50,1518.980163,0.0
-50.0,50,1519.484141,0.0
-50.0,50,1519.984282,0.0
-50.0,50,1520.472262,0.0
-50.0,50,1520.9676,0.0
-50.0,50,1521.496766,0.0
-50.0,50,1521.992999,0.0
-50.0,50,1522.494637,0.0
-50.0,50,1522.967738,0.0
-50.0,50,1523.507409,0.0
0.0,50,1524.001421,1.0
-50.0,50,1524.502898,0.0
-50.0,50,1524.996956,0.0
-50.0,50,1525.526947,0.0
-50.0,50,1526.013756,0.0
-50.0,50,1526.507039,0.0
-50.0,50,1527.000932,0.0
-50.0,50,1527.54704,0.0
-50.0,50,1528.049195,0.0
-50.0,50,1528.525629,0.0
-50.0,50,1529.024113,0.0
-50.0,50,1529.570545,0.0
-50.0,50,1530.069505,0.0
-50.0,50,1530.565978,0.0
-50.0,50,1531.055125,0.0
-50.0,50,1531.566716,0.0
-50.0,50,1532.066607,0.0
0.0,50,1532.563133,1.0
-50.0,50,1533.059522,0.0
-50.0,50,1535.905131,0.0
-50.0,50,1536.400692,0.0
-50.0,50,1536.891629,0.0
-50.0,50,1537.384531,0.0
-50.0,50,1537.908663,0.0
-50.0,50,1538.404644,0.0
-50.0,50,1538.902975,0.0
-50.0,50,1539.407132,0.0
-50.0,50,1539.916016,0.0
-50.0,50,1540.412366,0.0
-50.0,50,1540.89847,0.0
-50.0,50,1541.402024,0.0
-50.0,50,1541.92658,0.0
-50.0,50,1542.414001,0.0
-50.0,50,1542.901002,0.0
-50.0,50,1543.381693,0.0
-50.0,50,1543.913035,0.0
-50.0,50,1544.423354,0.0
-50.0,50,1544.923764,0.0
-50.0,50,1545.426445,0.0
-50.0,50,1545.947297,0.0
-50.0,50,1546.440416,0.0
-50.0,50,1546.939803,0.0
-50.0,50,1547.441329,0.0
-50.0,50,1547.954557,0.0
-50.0,50,1548.434342,0.0
-50.0,50,1548.923803,0.0
-50.0,50,1549.416182,0.0
0.0,50,1549.94894,1.0
-50.0,50,1550.445739,0.0
-50.0,50,1550.934289,0.0
-50.0,50,1551.417535,0.0
-50.0,50,1551.936457,0.0
-50.0,50,1552.436795,0.0
-50.0,50,1552.940038,0.0
-50.0,50,1553.428615,0.0
0.0,50,1553.923296,1.0
-50.0,50,1554.421976,0.0
-50.0,50,1554.914462,0.0
-50.0,50,1555.402663,0.0
-50.0,50,1555.915894,0.0
-50.0,50,1556.394089,0.0
-50.0,50,1556.885733,0.0
-50.0,50,1557.373698,0.0
-50.0,50,1557.906158,0.0
-50.0,50,1558.395731,0.0
-50.0,50,1558.868172,0.0
-50.0,50,1559.359241,0.0
-50.0,50,1559.878616,0.0
-50.0,50,1560.369124,0.0
0.0,50,1560.867933,1.0
0.0,50,1561.356115,1.0
-50.0,50,1561.890493,0.0
-50.0,50,1562.387715,0.0
-50.0,50,1562.878298,0.0
-50.0,50,1563.381336,0.0
-50.0,50,1563.874913,0.0
-50.0,50,1564.366281,0.0
-50.0,50,1564.863758,0.0
-50.0,50,1565.355742,0.0
-50.0,50,1565.878122,0.0
-50.0,50,1566.351058,0.0
-50.0,50,1566.841709,0.0
-50.0,50,1567.334125,0.0
-50.0,50,1567.84962,0.0
-50.0,50,1568.341877,0.0
-50.0,50,1568.829601,0.0
-50.0,50,1569.335802,0.0
-50.0,50,1569.847312,0.0
0.0,50,1570.34522,1.0
0.0,50,1570.841331,1.0
-50.0,50,1571.32127,0.0
-50.0,50,1571.848469,0.0
-50.0,50,1572.343054,0.0
0.0,50,1572.852596,1.0
-50.0,50,1573.35162,0.0
-50.0,50,1573.869608,0.0
0.0,50,1574.352964,1.0
-50.0,50,1574.851073,0.0
-50.0,50,1575.349011,0.0
-50.0,50,1575.862826,0.0
-50.0,50,1576.352055,0.0
-50.0,50,1576.836301,0.0
-50.0,50,1577.336116,0.0
-50.0,50,1577.86525,0.0
-50.0,50,1578.374696,0.0
-50.0,50,1578.88357,0.0
-50.0,50,1579.367011,0.0
-50.0,50,1579.89204,0.0
-50.0,50,1580.389672,0.0
-50.0,50,1580.888725,0.0
-50.0,50,1581.39293,0.0
-50.0,50,1581.915548,0.0
-50.0,50,1582.404528,0.0
-50.0,50,1582.917729,0.0
-50.0,50,1583.408407,0.0
-50.0,50,1583.930284,0.0
-50.0,50,1584.42213,0.0
-50.0,50,1584.897505,0.0
-50.0,50,1585.386299,0.0
-50.0,50,1585.907681,0.0
-50.0,50,1586.398953,0.0
-50.0,50,1586.903126,0.0
-50.0,50,1587.381519,0.0
-50.0,50,1587.913298,0.0
-50.0,50,1588.418923,0.0
-50.0,50,1588.918941,0.0
-50.0,50,1589.422677,0.0
-50.0,50,1589.940102,0.0
0.0,50,1590.437061,1.0
-50.0,50,1590.933417,0.0
-50.0,50,1591.436733,0.0
-50.0,50,1591.970119,0.0
-50.0,50,1592.476916,0.0
-50.0,50,1592.962458,0.0
-50.0,50,1593.45985,0.0
-50.0,50,1593.986746,0.0
-50.0,50,1594.489891,0.0
-50.0,50,1594.987637,0.0
0.0,50,1595.462911,1.0
-50.0,50,1595.979654,0.0
-50.0,50,1596.47552,0.0
-50.0,50,1596.982597,0.0
-50.0,50,1597.484827,0.0
-50.0,50,1597.992355,0.0
-50.0,50,1598.480683,0.0
0.0,50,1598.989044,1.0
0.0,50,1599.497838,1.0
-50.0,50,1600.027039,0.0
0.0,50,1600.51994,1.0
-50.0,50,1600.995702,0.0
-50.0,50,1601.492523,0.0
-50.0,50,1602.050599,0.0
-50.0,50,1602.547593,0.0
-50.0,50,1603.046656,0.0
-50.0,50,1603.528316,0.0
-50.0,50,1604.048586,0.0
-50.0,50,1604.543133,0.0
-50.0,50,1605.040701,0.0
0.0,50,1605.540204,1.0
-50.0,50,1606.093169,0.0
-50.0,50,1606.579277,0.0
-50.0,50,1607.081946,0.0
-50.0,50,1607.577338,0.0
-50.0,50,1608.10431,0.0
-50.0,50,1608.608896,0.0
-50.0,50,1609.082064,0.0
-50.0,50,1609.585377,0.0
-50.0,50,1610.116488,0.0
-50.0,50,1610.621907,0.0
-50.0,50,1611.122239,0.0
-50.0,50,1611.607529,0.0
0.0,50,1612.121721,1.0
-50.0,50,1612.620405,0.0
-50.0,50,1613.135661,0.0
0.0,50,1613.631209,1.0
-50.0,50,1614.163069,0.0
-50.0,50,1614.650524,0.0
-50.0,50,1615.160318,0.0
-50.0,50,1615.655705,0.0
0.0,50,1616.166938,1.0
-50.0,50,1616.673685,0.0
-50.0,50,1617.153777,0.0
-50.0,50,1617.653391,0.0
-50.0,50,1618.173258,0.0
-50.0,50,1618.666709,0.0
-50.0,50,1619.174338,0.0
-50.0,50,1619.660592,0.0
0.0,50,1620.183761,1.0
-50.0,50,1620.688133,0.0
0.0,50,1621.180656,1.0
-50.0,50,1621.684071,0.0
0.0,50,1622.196483,1.0
-50.0,50,1622.676719,0.0
-50.0,50,1623.172676,0.0
-50.0,50,1623.663885,0.0
-50.0,50,1624.176444,0.0
-50.0,50,1624.662491,0.0
-50.0,50,1625.149999,0.0
-50.0,50,1625.647192,0.0
-50.0,50,1626.170932,0.0
-50.0,50,1626.674629,0.0
-50.0,50,1627.175237,0.0
-50.0,50,1627.650788,0.0
-50.0,50,1628.164186,0.0
-50.0,50,1628.658758,0.0
-50.0,50,1629.157618,0.0
-50.0,50,1629.662665,0.0
-50.0,50,1630.166401,0.0
-50.0,50,1630.673957,0.0
-50.0,50,1631.17321,0.0
0.0,50,1631.686288,1.0
-50.0,50,1632.205535,0.0
-50.0,50,1632.695633,0.0
-50.0,50,1633.191926,0.0
-50.0,50,1633.700981,0.0
-50.0,50,1634.230536,0.0
-50.0,50,1634.728174,0.0
0.0,50,1635.22649,1.0
-50.0,50,1635.714474,0.0
-50.0,50,1638.569483,0.0
-50.0,50,1639.088921,0.0
0.0,50,1639.590123,1.0
-50.0,50,1640.07853,0.0
-50.0,50,1640.594878,0.0
-50.0,50,1641.091781,0.0
-50.0,50,1641.595048,0.0
-50.0,50,1642.090618,0.0
-50.0,50,1642.607227,0.0
-50.0,50,1643.113762,0.0
-50.0,50,1643.612907,0.0
0.0,50,1644.116645,1.0
-50.0,50,1644.628933,0.0
-50.0,50,1645.127106,0.0
-50.0,50,1645.612577,0.0
-50.0,50,1646.114204,0.0
-50.0,50,1646.626312,0.0
-50.0,50,1647.120824,0.0
-50.0,50,1647.609801,0.0
-50.0,50,1648.090183,0.0
-49.0,50,1648.604915,1.0
-50.0,50,1649.105852,0.0
-50.0,50,1649.607521,0.0
-50.0,50,1650.099546,0.0
0.0,50,1650.598875,1.0
-50.0,50,1651.095848,0.0
-50.0,50,1651.593154,0.0
-50.0,50,1652.090828,0.0
-50.0,50,1652.609835,0.0
-50.0,50,1653.089533,0.0
-50.0,50,1653.592858,0.0
-50.0,50,1654.094785,0.0
-50.0,50,1654.613503,0.0
-50.0,50,1655.116467,0.0
-50.0,50,1655.606937,0.0
-50.0,50,1656.098112,0.0
-50.0,50,1656.613235,0.0
-50.0,50,1657.114472,0.0
-50.0,50,1657.618296,0.0
-50.0,50,1658.110275,0.0
-50.0,50,1658.621691,0.0
-50.0,50,1659.126708,0.0
0.0,50,1659.629087,1.0
-50.0,50,1660.131515,0.0
-50.0,50,1660.652361,0.0
-50.0,50,1661.133969,0.0
-50.0,50,1661.635588,0.0
-50.0,50,1662.138088,0.0
-50.0,50,1662.659819,0.0
-50.0,50,1663.161728,0.0
-50.0,50,1663.644629,0.0
-50.0,50,1664.143867,0.0
-50.0,50,1664.660917,0.0
-50.0,50,1665.164066,0.0
-50.0,50,1665.67255,0.0
-50.0,50,1666.16105,0.0
-50.0,50,1666.67794,0.0
-50.0,50,1667.175695,0.0
-50.0,50,1667.677459,0.0
-50.0,50,1668.186121,0.0
-50.0,50,1668.708175,0.0
-50.0,50,1669.18454,0.0
-50.0,50,1669.684518,0.0
0.0,50,1670.183248,1.0
-50.0,50,1670.70288,0.0
-50.0,50,1671.214354,0.0
-50.0,50,1671.69993,0.0
-50.0,50,1672.188246,0.0
-50.0,50,1672.712708,0.0
-50.0,50,1673.214037,0.0
-50.0,50,1673.706893,0.0
-50.0,50,1674.187052,0.0
-50.0,50,1674.695148,0.0
-50.0,50,1675.192352,0.0
-50.0,50,1675.693106,0.0
-50.0,50,1676.185738,0.0
-50.0,50,1676.698667,0.0
-50.0,50,1677.191758,0.0
-50.0,50,1677.696661,0.0
-50.0,50,1678.200629,0.0
-50.0,50,1678.712893,0.0
-50.0,50,1679.208583,0.0
0.0,50,1679.698367,1.0
-50.0,50,1680.202843,0.0
-50.0,50,1680.724743,0.0
-50.0,50,1681.219421,0.0
-50.0,50,1681.725533,0.0
-50.0,50,1682.206316,0.0
-50.0,50,1682.720371,0.0
-50.0,50,1683.22042,0.0
-50.0,50,1683.72655,0.0
-50.0,50,1684.226243,0.0
-50.0,50,1684.718594,0.0
-50.0,50,1685.220433,0.0
-50.0,50,1685.72783,0.0
-50.0,50,1686.234047,0.0
-50.0,50,1686.750424,0.0
-50.0,50,1687.240203,0.0
-50.0,50,1687.733047,0.0
-50.0,50,1688.231826,0.0
0.0,50,1688.749032,1.0
-50.0,50,1689.255044,0.0
-50.0,50,1689.760356,0.0
-50.0,50,1690.243016,0.0
-50.0,50,1690.769033,0.0
-50.0,50,1691.269435,0.0
-50.0,50,1691.768776,0.0
-50.0,50,1692.267584,0.0
-50.0,50,1692.768453,0.0
-50.0,50,1693.260071,0.0
-50.0,50,1693.752026,0.0
-50.0,50,1694.254642,0.0
-50.0,50,1694.790148,0.0
0.0,50,1695.270266,1.0
-50.0,50,1695.757106,0.0
-50.0,50,1696.258714,0.0
-50.0,50,1696.815098,0.0
0.0,50,1697.33013,1.0
-50.0,50,1697.835557,0.0
-50.0,50,1698.317011,0.0
-50.0,50,1698.840503,0.0
-50.0,50,1699.34769,0.0
-50.0,50,1699.847323,0.0
-50.0,50,1700.354697,0.0
-50.0,50,1700.867939,0.0
-50.0,50,1701.361836,0.0
-50.0,50,1701.866785,0.0
-50.0,50,1702.377364,0.0
-50.0,50,1702.904485,0.0
-50.0,50,1703.421736,0.0
-50.0,50,1703.90205,0.0
-50.0,50,1704.395428,0.0
-50.0,50,1704.909625,0.0
-50.0,50,1705.414547,0.0
-50.0,50,1705.907107,0.0
-50.0,50,1706.385441,0.0
-50.0,50,1706.894219,0.0
-50.0,50,1707.391681,0.0
-50.0,50,1707.889023,0.0
-50.0,50,1708.392299,0.0
-50.0,50,1708.891017,0.0
-50.0,50,1709.384604,0.0
-50.0,50,1709.891733,0.0
-50.0,50,1710.39469,0.0
-50.0,50,1710.910227,0.0
-50.0,50,1711.405066,0.0
-50.0,50,1711.894175,0.0
-50.0,50,1712.399248,0.0
-50.0,50,1712.926704,0.0
-50.0,50,1713.424354,0.0
-50.0,50,1713.919414,0.0
-50.0,50,1714.406591,0.0
-50.0,50,1714.933482,0.0
-50.0,50,1715.429709,0.0
-50.0,50,1715.928528,0.0
-50.0,50,1716.433213,0.0
-50.0,50,1716.953444,0.0
-50.0,50,1717.448274,0.0
-50.0,50,1717.95675,0.0
-50.0,50,1718.465221,0.0
0.0,50,1718.976562,1.0
-50.0,50,1719.463572,0.0
-50.0,50,1719.958577,0.0
-50.0,50,1720.454046,0.0
-50.0,50,1720.97075,0.0
-50.0,50,1721.462365,0.0
-50.0,50,1721.953906,0.0
-50.0,50,1722.437418,0.0
-50.0,50,1722.95126,0.0
-50.0,50,1723.455617,0.0
-50.0,50,1723.960226,0.0
-50.0,50,1724.458587,0.0
-50.0,50,1724.95127,0.0
-50.0,50,1725.451032,0.0
-50.0,50,1725.95788,0.0
-50.0,50,1726.453947,0.0
-50.0,50,1726.976723,0.0
-50.0,50,1727.48366,0.0
0.0,50,1727.985409,1.0
-50.0,50,1728.496541,0.0
-50.0,50,1729.012314,0.0
-50.0,50,1729.508005,0.0
-50.0,50,1730.004797,0.0
-50.0,50,1730.492296,0.0
-50.0,50,1731.012602,0.0
-50.0,50,1731.521965,0.0
-50.0,50,1732.025177,0.0
-50.0,50,1732.536408,0.0
-50.0,50,1733.040155,0.0
-50.0,50,1733.536165,0.0
-50.0,50,1734.041813,0.0
-50.0,50,1734.550255,0.0
-50.0,50,1735.067177,0.0
-50.0,50,1735.555306,0.0
-50.0,50,1736.058418,0.0
-50.0,50,1736.571261,0.0
-50.0,50,1737.083965,0.0
-50.0,50,1737.590779,0.0
-50.0,50,1738.10046,0.0
-50.0,50,1738.584942,0.0
-50.0,50,1741.44879,0.0
-50.0,50,1741.950057,0.0
-50.0,50,1742.450335,0.0
0.0,50,1742.926549,1.0
-50.0,50,1743.434056,0.0
-50.0,50,1743.930186,0.0
-50.0,50,1744.434754,0.0
-50.0,50,1744.93078,0.0
0.0,50,1745.431869,1.0
-50.0,50,1745.924113,0.0
-50.0,50,1746.432711,0.0
0.0,50,1746.944226,1.0
-50.0,50,1747.46636,0.0
-50.0,50,1747.958462,0.0
-50.0,50,1748.454519,0.0
-50.0,50,1748.956131,0.0
-50.0,50,1749.473181,0.0
-50.0,50,1749.964256,0.0
-50.0,50,1750.44763,0.0
-50.0,50,1750.934712,0.0
-50.0,50,1751.44433,0.0
-50.0,50,1751.938677,0.0
-50.0,50,1752.439886,0.0
-50.0,50,1752.925151,0.0
-50.0,50,1753.425629,0.0
-50.0,50,1753.916484,0.0
-50.0,50,1754.40978,0.0
-50.0,50,1754.907547,0.0
-50.0,50,1755.427866,0.0
-50.0,50,1755.909959,0.0
-50.0,50,1756.412236,0.0
-50.0,50,1756.915574,0.0
-50.0,50,1757.445519,0.0
-50.0,50,1757.956798,0.0
-50.0,50,1758.450814,0.0
-50.0,50,1758.944748,0.0
-50.0,50,1759.462563,0.0
-50.0,50,1759.974247,0.0
-50.0,50,1760.48334,0.0
-50.0,50,1760.991584,0.0
-50.0,50,1761.489826,0.0
-50.0,50,1761.990904,0.0
-50.0,50,1762.496676,0.0
-50.0,50,1763.00775,0.0
-50.0,50,1763.519181,0.0
0.0,50,1763.999044,1.0
-50.0,50,1764.492702,0.0
-50.0,50,1764.997073,0.0
-50.0,50,1765.514161,0.0
-50.0,50,1766.011623,0.0
-50.0,50,1766.502674,0.0
0.0,50,1767.004164,1.0
-50.0,50,1767.512921,0.0
-50.0,50,1768.006988,0.0
-50.0,50,1768.507046,0.0
-50.0,50,1768.99689,0.0
-50.0,50,1769.509648,0.0
-50.0,50,1770.009034,0.0
-50.0,50,1770.517985,0.0
-50.0,50,1771.022357,0.0
-50.0,50,1771.532652,0.0
-50.0,50,1772.015715,0.0
-50.0,50,1772.527502,0.0
-50.0,50,1773.039049,0.0
-50.0,50,1773.548674,0.0
-50.0,50,1774.053157,0.0
-50.0,50,1774.531897,0.0
-50.0,50,1775.033687,0.0
-50.0,50,1775.556648,0.0
0.0,50,1776.066464,1.0
-50.0,50,1776.5704,0.0
-50.0,50,1777.066476,0.0
-50.0,50,1777.577064,0.0
-50.0,50,1778.087576,0.0
-50.0,50,1778.583652,0.0
-50.0,50,1779.087246,0.0
0.0,50,1779.604272,1.0
-50.0,50,1780.09433,0.0
-50.0,50,1780.598052,0.0
-50.0,50,1781.096977,0.0
-50.0,50,1781.612763,0.0
-50.0,50,1782.123078,0.0
-50.0,50,1782.605187,0.0
-50.0,50,1783.11157,0.0
-50.0,50,1783.633198,0.0
-50.0,50,1784.136628,0.0
-50.0,50,1784.643255,0.0
-50.0,50,1785.136364,0.0
-50.0,50,1785.633974,0.0
-50.0,50,1786.130033,0.0
0.0,50,1786.629407,1.0
0.0,50,1787.124066,1.0
-50.0,50,1787.622852,0.0
-50.0,50,1788.117056,0.0
-50.0,50,1788.610506,0.0
-50.0,50,1789.103336,0.0
-50.0,50,1789.624737,0.0
-50.0,50,1790.119546,0.0
-50.0,50,1790.607273,0.0
-50.0,50,1791.114813,0.0
-50.0,50,1791.627416,0.0
-50.0,50,1792.122157,0.0
-50.0,50,1792.616788,0.0
0.0,50,1793.100938,1.0
-50.0,50,1793.608395,0.0
-50.0,50,1794.115146,0.0
-50.0,50,1794.605562,0.0
-50.0,50,1795.098926,0.0
-50.0,50,1795.586371,0.0
-50.0,50,1796.090993,0.0
-50.0,50,1796.593915,0.0
-50.0,50,1797.089864,0.0
-50.0,50,1797.610771,0.0
-50.0,50,1798.089445,0.0
-50.0,50,1798.590593,0.0
-50.0,50,1799.097852,0.0
-50.0,50,1799.609273,0.0
-50.0,50,1800.106583,0.0
-50.0,50,1800.601982,0.0
-50.0,50,1801.089787,0.0
-50.0,50,1801.614059,0.0
-50.0,50,1802.122555,0.0
-50.0,50,1802.631634,0.0
-50.0,50,1803.135265,0.0
-50.0,50,1803.640135,0.0
-50.0,50,1804.136059,0.0
-50.0,50,1804.636329,0.0
-50.0,50,1805.135514,0.0
-50.0,50,1805.648498,0.0
0.0,50,1806.139003,1.0
-50.0,50,1806.640211,0.0
-50.0,50,1807.150147,0.0
-50.0,50,1807.669573,0.0
-50.0,50,1808.176099,0.0
-50.0,50,1808.665792,0.0
-50.0,50,1809.156856,0.0
-50.0,50,1809.68059,0.0
-50.0,50,1810.183879,0.0
-50.0,50,1810.689694,0.0
-50.0,50,1811.177501,0.0
-50.0,50,1811.682031,0.0
-50.0,50,1812.181345,0.0
-50.0,50,1812.686776,0.0
-50.0,50,1813.188996,0.0
0.0,50,1813.699712,1.0
-50.0,50,1814.181041,0.0
-50.0,50,1814.684287,0.0
-50.0,50,1815.193632,0.0
-50.0,50,1815.702615,0.0
-50.0,50,1816.193428,0.0
-50.0,50,1816.671307,0.0
-50.0,50,1817.167471,0.0
-50.0,50,1817.681356,0.0
-50.0,50,1818.186991,0.0
-50.0,50,1818.690737,0.0
-50.0,50,1819.168992,0.0
-50.0,50,1819.744695,0.0
-50.0,50,1820.240167,0.0
-50.0,50,1820.741303,0.0
-50.0,50,1821.249509,0.0
-50.0,50,1821.781537,0.0
-50.0,50,1822.279808,0.0
-50.0,50,1822.778952,0.0
-50.0,50,1823.287485,0.0
-50.0,50,1823.812766,0.0
-50.0,50,1824.313455,0.0
-50.0,50,1824.807916,0.0
-50.0,50,1825.299678,0.0
-50.0,50,1825.824232,0.0
-50.0,50,1826.317566,0.0
-50.0,50,1826.815326,0.0
-50.0,50,1827.322379,0.0
-50.0,50,1827.861898,0.0
0.0,50,1828.369414,1.0
-50.0,50,1828.87527,0.0
-50.0,50,1829.381825,0.0
-50.0,50,1829.902226,0.0
-50.0,50,1830.40906,0.0
-50.0,50,1830.897592,0.0
-50.0,50,1831.402682,0.0
-50.0,50,1831.942796,0.0
-50.0,50,1832.45581,0.0
-50.0,50,1832.964692,0.0
-50.0,50,1833.457775,0.0
-50.0,50,1833.977679,0.0
-50.0,50,1834.478802,0.0
-50.0,50,1834.988648,0.0
-50.0,50,1835.489383,0.0
-50.0,50,1836.030987,0.0
-50.0,50,1836.51155,0.0
-50.0,50,1837.013327,0.0
-50.0,50,1837.520291,0.0
-50.0,50,1838.047414,0.0
-50.0,50,1838.55224,0.0
-50.0,50,1839.052385,0.0
-50.0,50,1839.544014,0.0
-50.0,50,1840.067907,0.0
-50.0,50,1840.574476,0.0
-50.0,50,1841.08093,0.0
-50.0,50,1841.584426,0.0
-50.0,50,1844.404493,0.0
-50.0,50,1844.912334,0.0
-50.0,50,1845.412775,0.0
-50.0,50,1845.924301,0.0
-50.0,50,1846.426964,0.0
-50.0,50,1846.929784,0.0
-50.0,50,1847.440029,0.0
-50.0,50,1847.940801,0.0
-50.0,50,1848.468315,0.0
-50.0,50,1848.958333,0.0
-50.0,50,1849.458483,0.0
-50.0,50,1849.958178,0.0
-50.0,50,1850.479115,0.0
-50.0,50,1850.986127,0.0
-50.0,50,1851.489267,0.0
-50.0,50,1851.972955,0.0
-50.0,50,1852.497543,0.0
-50.0,50,1853.006323,0.0
-50.0,50,1853.511906,0.0
-50.0,50,1854.015511,0.0
-50.0,50,1854.517089,0.0
-50.0,50,1855.014099,0.0
-50.0,50,1855.522627,0.0
-50.0,50,1856.02975,0.0
-50.0,50,1856.550979,0.0
-50.0,50,1857.044589,0.0
-50.0,50,1857.533815,0.0
-50.0,50,1858.029548,0.0
-50.0,50,1858.547946,0.0
-50.0,50,1859.056902,0.0
-50.0,50,1859.551321,0.0
-50.0,50,1860.032278,0.0
-50.0,50,1860.543906,0.0
-50.0,50,1861.045692,0.0
-50.0,50,1861.548884,0.0
-50.0,50,1862.055957,0.0
-50.0,50,1862.558564,0.0
-50.0,50,1863.062946,0.0
-50.0,50,1863.56375,0.0
-50.0,50,1864.06717,0.0
-50.0,50,1864.579436,0.0
-50.0,50,1865.079159,0.0
-50.0,50,1865.576339,0.0
-50.0,50,1866.073935,0.0
-50.0,50,1866.600574,0.0
-50.0,50,1867.101448,0.0
0.0,50,1867.608475,1.0
-50.0,50,1868.085606,0.0
-50.0,50,1868.602927,0.0
-50.0,50,1869.104054,0.0
-50.0,50,1869.59983,0.0
-50.0,50,1870.100787,0.0
-50.0,50,1870.60114,0.0
-50.0,50,1871.104586,0.0
-50.0,50,1871.604243,0.0
-50.0,50,1872.102369,0.0
-50.0,50,1872.623126,0.0
-50.0,50,1873.112651,0.0
-50.0,50,1873.602194,0.0
-50.0,50,1874.108074,0.0
-50.0,50,1874.633146,0.0
-50.0,50,1875.129488,0.0
-50.0,50,1875.625046,0.0
-50.0,50,1876.107476,0.0
-50.0,50,1876.624208,0.0
-50.0,50,1877.118319,0.0
-50.0,50,1877.619449,0.0
-50.0,50,1878.112982,0.0
-50.0,50,1878.618418,0.0
-50.0,50,1879.123979,0.0
-50.0,50,1879.616058,0.0
-50.0,50,1880.112414,0.0
-50.0,50,1880.624644,0.0
-50.0,50,1881.099825,0.0
-50.0,50,1881.596451,0.0
-50.0,50,1882.102395,0.0
-50.0,50,1882.61193,0.0
-50.0,50,1883.113228,0.0
-50.0,50,1883.587842,0.0
-50.0,50,1884.092962,0.0
-50.0,50,1884.601702,0.0
-50.0,50,1885.098294,0.0
-50.0,50,1885.588318,0.0
-50.0,50,1886.066927,0.0
-50.0,50,1886.590224,0.0
-50.0,50,1887.08994,0.0
-50.0,50,1887.580723,0.0
-50.0,50,1888.077116,0.0
-50.0,50,1888.567753,0.0
0.0,50,1889.061259,1.0
-50.0,50,1889.558496,0.0
-50.0,50,1890.051533,0.0
-50.0,50,1890.561062,0.0
-50.0,50,1891.031392,0.0
-50.0,50,1891.524955,0.0
-50.0,50,1892.015805,0.0
-50.0,50,1892.523044,0.0
-50.0,50,1893.02001,0.0
-50.0,50,1893.490742,0.0
-50.0,50,1893.980702,0.0
-50.0,50,1894.519855,0.0
-50.0,50,1895.01898,0.0
-50.0,50,1895.520013,0.0
-50.0,50,1895.998046,0.0
-50.0,50,1896.507886,0.0
-50.0,50,1897.000253,0.0
0.0,50,1897.491008,1.0
-50.0,50,1897.985047,0.0
-50.0,50,1898.478231,0.0
-50.0,50,1898.976245,0.0
-50.0,50,1899.476031,0.0
-50.0,50,1899.96789,0.0
0.0,50,1900.473024,1.0
-50.0,50,1900.946589,0.0
-50.0,50,1901.441554,0.0
-50.0,50,1901.936084,0.0
-50.0,50,1902.446147,0.0
-50.0,50,1902.934025,0.0
-50.0,50,1903.411875,0.0
-50.0,50,1903.902148,0.0
-50.0,50,1904.420127,0.0
-50.0,50,1904.920674,0.0
-50.0,50,1905.42672,0.0
-50.0,50,1905.91237,0.0
-50.0,50,1906.425149,0.0
-50.0,50,1906.92774,0.0
-50.0,50,1907.426229,0.0
-50.0,50,1907.921049,0.0
-50.0,50,1908.420791,0.0
-50.0,50,1908.918256,0.0
-50.0,50,1909.414278,0.0
-50.0,50,1909.918023,0.0
-50.0,50,1910.427981,0.0
-50.0,50,1910.907233,0.0
-50.0,50,1911.393977,0.0
-50.0,50,1911.896374,0.0
-50.0,50,1912.414363,0.0
-50.0,50,1912.922253,0.0
-50.0,50,1913.40746,0.0
-50.0,50,1913.897766,0.0
-50.0,50,1914.447553,0.0
-50.0,50,1914.957428,0.0
-50.0,50,1915.458233,0.0
-50.0,50,1915.948438,0.0
-50.0,50,1916.456015,0.0
-50.0,50,1916.945495,0.0
-50.0,50,1917.436362,0.0
-36.0,50,1917.93109,1.0
-50.0,50,1918.452445,0.0
-50.0,50,1918.926821,0.0
-50.0,50,1919.431724,0.0
-50.0,50,1919.921514,0.0
-50.0,50,1920.427517,0.0
-50.0,50,1920.923289,0.0
-50.0,50,1921.407071,0.0
-50.0,50,1921.900664,0.0
-50.0,50,1922.407262,0.0
-50.0,50,1922.904623,0.0
-50.0,50,1923.398851,0.0
-50.0,50,1923.887611,0.0
-50.0,50,1924.398407,0.0
-50.0,50,1924.894612,0.0
-50.0,50,1925.397837,0.0
0.0,50,1925.893809,1.0
-50.0,50,1926.390346,0.0
-50.0,50,1926.877007,0.0
-50.0,50,1927.374753,0.0
-50.0,50,1927.873339,0.0
-50.0,50,1928.394072,0.0
-50.0,50,1928.884351,0.0
-50.0,50,1929.387387,0.0
-50.0,50,1929.892999,0.0
-50.0,50,1930.418373,0.0
-50.0,50,1930.919299,0.0
-50.0,50,1931.421034,0.0
-50.0,50,1931.903579,0.0
-50.0,50,1932.426029,0.0
-50.0,50,1932.939897,0.0
-50.0,50,1933.444271,0.0
-50.0,50,1933.943854,0.0
-50.0,50,1934.458828,0.0
-50.0,50,1934.952822,0.0
-50.0,50,1935.445653,0.0
-50.0,50,1935.954859,0.0
-50.0,50,1936.47085,0.0
-50.0,50,1936.960897,0.0
-50.0,50,1937.455471,0.0
-50.0,50,1937.957137,0.0
-50.0,50,1938.48241,0.0
-50.0,50,1938.987231,0.0
0.0,50,1939.485206,1.0
0.0,50,1939.967676,1.0
-50.0,50,1940.4922,0.0
-50.0,50,1940.993643,0.0
-50.0,50,1941.498246,0.0
-50.0,50,1941.993478,0.0
-50.0,50,1942.500964,0.0
-50.0,50,1943.003593,0.0
-50.0,50,1943.496528,0.0
-50.0,50,1943.992842,0.0
-50.0,50,1946.761016,0.0
-50.0,50,1947.257558,0.0
-50.0,50,1947.760038,0.0
-50.0,50,1948.257698,0.0
-50.0,50,1948.795132,0.0
-50.0,50,1949.274945,0.0
-50.0,50,1949.766824,0.0
-50.0,50,1950.272597,0.0
-50.0,50,1950.782943,0.0
-50.0,50,1951.285457,0.0
-50.0,50,1951.769157,0.0
-50.0,50,1952.266785,0.0
-50.0,50,1952.811418,0.0
-50.0,50,1953.303769,0.0
-50.0,50,1953.803516,0.0
-50.0,50,1954.290972,0.0
-50.0,50,1954.803281,0.0
-50.0,50,1955.294372,0.0
-50.0,50,1955.790943,0.0
-50.0,50,1956.284745,0.0
-50.0,50,1956.783201,0.0
-50.0,50,1957.275355,0.0
0.0,50,1957.774335,1.0
-50.0,50,1958.281948,0.0
-50.0,50,1958.801751,0.0
-50.0,50,1959.295597,0.0
-50.0,50,1959.777655,0.0
-50.0,50,1960.280208,0.0
-50.0,50,1960.807099,0.0
-50.0,50,1961.305178,0.0
0.0,50,1961.809626,1.0
-50.0,50,1962.291694,0.0
-50.0,50,1962.808157,0.0
-50.0,50,1963.315498,0.0
-50.0,50,1963.806657,0.0
-50.0,50,1964.308556,0.0
-50.0,50,1964.811317,0.0
-50.0,50,1965.296766,0.0
-50.0,50,1965.788717,0.0
-50.0,50,1966.282599,0.0
-50.0,50,1966.793654,0.0
-50.0,50,1967.284997,0.0
-50.0,50,1967.783594,0.0
-50.0,50,1968.285676,0.0
-50.0,50,1968.806919,0.0
-50.0,50,1969.317121,0.0
-50.0,50,1969.812847,0.0
-50.0,50,1970.303804,0.0
-50.0,50,1970.821369,0.0
-50.0,50,1971.327487,0.0
-50.0,50,1971.834488,0.0
-50.0,50,1972.327454,0.0
0.0,50,1972.823738,1.0
-50.0,50,1973.326267,0.0
-50.0,50,1973.830127,0.0
0.0,50,1974.330176,1.0
-50.0,50,1974.8407,0.0
0.0,50,1975.314462,1.0
-50.0,50,1975.805987,0.0
-50.0,50,1976.297958,0.0
-50.0,50,1976.822129,0.0
-50.0,50,1977.314513,0.0
-50.0,50,1977.788561,0.0
-50.0,50,1978.282877,0.0
-50.0,50,1978.794086,0.0
-50.0,50,1979.287345,0.0
-50.0,50,1979.795569,0.0
0.0,50,1980.27773,1.0
-50.0,50,1980.793975,0.0
-50.0,50,1981.292237,0.0
-50.0,50,1981.788505,0.0
-50.0,50,1982.294136,0.0
-50.0,50,1982.786557,0.0
-50.0,50,1983.280419,0.0
-50.0,50,1983.779881,0.0
-50.0,50,1984.280412,0.0
-50.0,50,1984.79475,0.0
-50.0,50,1985.291932,0.0
-50.0,50,1985.785401,0.0
-50.0,50,1986.292585,0.0
-50.0,50,1986.820471,0.0
-50.0,50,1987.335111,0.0
-50.0,50,1987.841266,0.0
-50.0,50,1988.317723,0.0
-50.0,50,1988.832569,0.0
-50.0,50,1989.340391,0.0
-50.0,50,1989.843606,0.0
-50.0,50,1990.342617,0.0
-50.0,50,1990.845636,0.0
-50.0,50,1991.342383,0.0
-50.0,50,1991.847114,0.0
-50.0,50,1992.347851,0.0
-50.0,50,1992.856214,0.0
-50.0,50,1993.345843,0.0
-50.0,50,1993.833812,0.0
0.0,50,1994.3316,1.0
-50.0,50,1994.843168,0.0
-50.0,50,1995.332729,0.0
-50.0,50,1995.817074,0.0
-50.0,50,1996.30227,0.0
-50.0,50,1996.811649,0.0
-50.0,50,1997.314153,0.0
-50.0,50,1997.812443,0.0
-50.0,50,1998.290069,0.0
-50.0,50,1998.804636,0.0
-50.0,50,1999.297011,0.0
-50.0,50,1999.79441,0.0
-50.0,50,2000.286738,0.0
-50.0,50,2000.793213,0.0
-50.0,50,2001.284998,0.0
0.0,50,2001.797562,1.0
-50.0,50,2002.309031,0.0
-50.0,50,2002.823009,0.0
-50.0,50,2003.334112,0.0
-50.0,50,2003.807884,0.0
-50.0,50,2004.298048,0.0
-50.0,50,2004.818894,0.0
-50.0,50,2005.323915,0.0
-50.0,50,2005.818863,0.0
-50.0,50,2006.314533,0.0
-50.0,50,2006.832348,0.0
-50.0,50,2007.346579,0.0
-50.0,50,2007.845852,0.0
0.0,50,2008.341129,1.0
-50.0,50,2008.839811,0.0
-50.0,50,2009.322242,0.0
-50.0,50,2009.813893,0.0
-50.0,50,2010.311979,0.0
-50.0,50,2010.83323,0.0
-50.0,50,2011.334665,0.0
-50.0,50,2011.813997,0.0
-50.0,50,2012.315199,0.0
-50.0,50,2012.84177,0.0
-50.0,50,2013.339911,0.0
-50.0,50,2013.831517,0.0
-50.0,50,2014.303722,0.0
-50.0,50,2014.813749,0.0
-50.0,50,2015.318074,0.0
-50.0,50,2015.819272,0.0
-50.0,50,2016.312286,0.0
-50.0,50,2016.806167,0.0
-50.0,50,2017.307752,0.0
-50.0,50,2017.81123,0.0
-50.0,50,2018.302896,0.0
-50.0,50,2018.809674,0.0
-50.0,50,2019.290823,0.0
-50.0,50,2019.78277,0.0
0.0,50,2020.28465,1.0
-50.0,50,2020.802561,0.0
-50.0,50,2021.299085,0.0
-50.0,50,2021.776843,0.0
-50.0,50,2022.278912,0.0
-50.0,50,2022.799354,0.0
-50.0,50,2023.297167,0.0
-50.0,50,2023.792477,0.0
-50.0,50,2024.280969,0.0
-50.0,50,2024.796731,0.0
0.0,50,2025.304704,1.0
-50.0,50,2025.812948,0.0
-50.0,50,2026.310454,0.0
0.0,50,2026.832559,1.0
-50.0,50,2027.314771,0.0
-50.0,50,2027.822737,0.0
-50.0,50,2028.331618,0.0
-50.0,50,2028.853159,0.0
-50.0,50,2029.348186,0.0
-50.0,50,2029.833485,0.0
-50.0,50,2030.322514,0.0
-50.0,50,2030.842562,0.0
-50.0,50,2031.341156,0.0
0.0,50,2031.845709,1.0
-50.0,50,2032.353464,0.0
-50.0,50,2032.8722,0.0
-50.0,50,2033.374201,0.0
-50.0,50,2033.87515,0.0
-50.0,50,2034.373887,0.0
-50.0,50,2034.892995,0.0
-50.0,50,2035.364578,0.0
-50.0,50,2035.863103,0.0
-50.0,50,2036.361212,0.0
-50.0,50,2036.873448,0.0
-50.0,50,2037.365227,0.0
-50.0,50,2037.842281,0.0
-50.0,50,2038.338451,0.0
-50.0,50,2038.86815,0.0
0.0,50,2039.36095,1.0
-50.0,50,2039.855197,0.0
-50.0,50,2040.325468,0.0
-50.0,50,2040.835638,0.0
-50.0,50,2041.33342,0.0
-50.0,50,2041.833151,0.0
-50.0,50,2042.326699,0.0
-50.0,50,2042.829131,0.0
-50.0,50,2043.338422,0.0
-50.0,50,2043.848022,0.0
-50.0,50,2044.351078,0.0
-50.0,50,2044.872459,0.0
-50.0,50,2045.364174,0.0
-50.0,50,2045.851347,0.0
-50.0,50,2046.341767,0.0
-50.0,50,2049.207289,0.0
-50.0,50,2049.697013,0.0
-50.0,50,2050.180568,0.0
-50.0,50,2050.680124,0.0
-50.0,50,2051.203514,0.0
-50.0,50,2051.697495,0.0
-50.0,50,2052.181008,0.0
-50.0,50,2052.668521,0.0
0.0,50,2053.180334,1.0
-50.0,50,2053.676279,0.0
-50.0,50,2054.181129,0.0
-50.0,50,2054.683783,0.0
-50.0,50,2055.187075,0.0
-50.0,50,2055.687698,0.0
-50.0,50,2056.190215,0.0
-50.0,50,2056.688419,0.0
-50.0,50,2057.198812,0.0
-50.0,50,2057.685589,0.0
-50.0,50,2058.189721,0.0
-50.0,50,2058.691662,0.0
-50.0,50,2059.203141,0.0
-50.0,50,2059.689399,0.0
-50.0,50,2060.179155,0.0
-50.0,50,2060.663652,0.0
-50.0,50,2061.181317,0.0
-46.0,50,2061.679455,0.0
-50.0,50,2062.18293,0.0
-50.0,50,2062.670084,0.0
-50.0,50,2063.176647,0.0
-50.0,50,2063.664984,0.0
-50.0,50,2064.157593,0.0
-50.0,50,2064.656435,0.0
-50.0,50,2065.156948,0.0
-50.0,50,2065.644422,0.0
-50.0,50,2066.135902,0.0
-50.0,50,2066.631773,0.0
-50.0,50,2067.139438,0.0
-50.0,50,2067.621367,0.0
-50.0,50,2068.107069,0.0
-50.0,50,2068.610041,0.0
0.0,50,2069.139767,1.0
-50.0,50,2069.64043,0.0
-50.0,50,2070.130195,0.0
0.0,50,2070.61253,1.0
-50.0,50,2071.137971,0.0
-50.0,50,2071.64168,0.0
-50.0,50,2072.134169,0.0
-50.0,50,2072.626642,0.0
-50.0,50,2073.119833,0.0
-50.0,50,2073.626017,0.0
-50.0,50,2074.116476,0.0
-50.0,50,2074.617445,0.0
-50.0,50,2075.131104,0.0
-50.0,50,2075.602404,0.0
-50.0,50,2076.098941,0.0
-50.0,50,2076.592167,0.0
-50.0,50,2077.10053,0.0
-50.0,50,2077.587609,0.0
-50.0,50,2078.063058,0.0
0.0,50,2078.563055,1.0
-50.0,50,2079.08515,0.0
-50.0,50,2079.579828,0.0
-50.0,50,2080.062255,0.0
-50.0,50,2080.559066,0.0
0.0,50,2081.077683,1.0
-50.0,50,2081.5701,0.0
-50.0,50,2082.070028,0.0
-50.0,50,2082.570118,0.0
-50.0,50,2083.077702,0.0
-50.0,50,2083.575643,0.0
-50.0,50,2084.068421,0.0
-50.0,50,2084.563946,0.0
-50.0,50,2085.076462,0.0
0.0,50,2085.550602,1.0
-50.0,50,2086.050938,0.0
-50.0,50,2086.553149,0.0
-50.0,50,2087.064351,0.0
-50.0,50,2087.563664,0.0
-50.0,50,2088.054677,0.0
-50.0,50,2088.556401,0.0
-50.0,50,2089.074025,0.0
-50.0,50,2089.577447,0.0
-50.0,50,2090.082161,0.0
-50.0,50,2090.573376,0.0
-50.0,50,2091.074679,0.0
-50.0,50,2091.5805,0.0
-50.0,50,2092.084503,0.0
-50.0,50,2092.590154,0.0
-50.0,50,2093.110633,0.0
-50.0,50,2093.584541,0.0
-50.0,50,2094.087962,0.0
-50.0,50,2094.593208,0.0
-50.0,50,2095.107368,0.0
-50.0,50,2095.607987,0.0
-50.0,50,2096.094656,0.0
-50.0,50,2096.5818,0.0
-50.0,50,2097.089062,0.0
-50.0,50,2097.59416,0.0
-50.0,50,2098.084802,0.0
-50.0,50,2098.568584,0.0
-50.0,50,2099.067764,0.0
-50.0,50,2099.570982,0.0
-50.0,50,2100.076085,0.0
-50.0,50,2100.582488,0.0
-50.0,50,2101.109279,0.0
0.0,50,2101.595672,1.0
-50.0,50,2102.081397,0.0
-50.0,50,2102.570771,0.0
-50.0,50,2103.11643,0.0
-50.0,50,2103.62697,0.0
-50.0,50,2104.125736,0.0
-50.0,50,2104.617973,0.0
-50.0,50,2105.128581,0.0
-50.0,50,2105.624282,0.0
-50.0,50,2106.108272,0.0
-50.0,50,2106.591293,0.0
-50.0,50,2107.080527,0.0
-50.0,50,2107.560311,0.0
-50.0,50,2108.046925,0.0
-50.0,50,2108.526461,0.0
-50.0,50,2109.023303,0.0
-50.0,50,2109.500837,0.0
-50.0,50,2109.977883,0.0
-50.0,50,2110.463999,0.0
-50.0,50,2110.952417,0.0
-50.0,50,2111.435539,0.0
-50.0,50,2111.923461,0.0
-50.0,50,2112.418959,0.0
-50.0,50,2112.909565,0.0
-50.0,50,2113.388771,0.0
-50.0,50,2113.876457,0.0
-50.0,50,2114.358728,0.0
-50.0,50,2114.858461,0.0
-50.0,50,2115.337185,0.0
-50.0,50,2115.817114,0.0
-50.0,50,2116.299615,0.0
-50.0,50,2116.807803,0.0
-50.0,50,2117.296516,0.0
-50.0,50,2117.770421,0.0
-50.0,50,2118.257601,0.0
-50.0,50,2118.75041,0.0
-50.0,50,2119.255729,0.0
-50.0,50,2119.734872,0.0
-50.0,50,2120.222901,0.0
-50.0,50,2120.745558,0.0
-50.0,50,2121.24128,0.0
-50.0,50,2121.743243,0.0
-50.0,50,2122.229371,0.0
-50.0,50,2122.735397,0.0
-50.0,50,2123.239919,0.0
-50.0,50,2123.733394,0.0
-50.0,50,2124.22179,0.0
-50.0,50,2124.713873,0.0
-50.0,50,2125.207594,0.0
-50.0,50,2125.700477,0.0
-50.0,50,2126.200017,0.0
-50.0,50,2126.71485,0.0
-50.0,50,2127.207862,0.0
-50.0,50,2127.705319,0.0
-50.0,50,2128.212322,0.0
-50.0,50,2128.725894,0.0
-50.0,50,2129.217466,0.0
-50.0,50,2129.721359,0.0
0.0,50,2130.206711,1.0
-50.0,50,2130.734295,0.0
-50.0,50,2131.241412,0.0
-50.0,50,2131.742152,0.0
-50.0,50,2132.244439,0.0
-50.0,50,2132.742594,0.0
-50.0,50,2133.238345,0.0
-50.0,50,2133.744828,0.0
-50.0,50,2134.245678,0.0
-50.0,50,2134.758076,0.0
-50.0,50,2135.247833,0.0
-50.0,50,2135.747102,0.0
-50.0,50,2136.245275,0.0
-50.0,50,2136.751838,0.0
-50.0,50,2137.259934,0.0
-50.0,50,2137.75257,0.0
-50.0,50,2138.247309,0.0
-50.0,50,2138.794283,0.0
-50.0,50,2139.289343,0.0
-50.0,50,2139.78393,0.0
-50.0,50,2140.276313,0.0
-50.0,50,2140.769299,0.0
-50.0,50,2141.274481,0.0
-50.0,50,2141.778245,0.0
-50.0,50,2142.286375,0.0
-50.0,50,2142.812067,0.0
-50.0,50,2143.297089,0.0
-50.0,50,2143.798198,0.0
-50.0,50,2144.307571,0.0
-50.0,50,2144.82738,0.0
-50.0,50,2145.325535,0.0
-50.0,50,2145.808264,0.0
-50.0,50,2146.304575,0.0
-50.0,50,2146.829326,0.0
-50.0,50,2147.33739,0.0
-50.0,50,2147.845005,0.0
-50.0,50,2148.333251,0.0
-50.0,50,2151.149725,0.0
-50.0,50,2151.649124,0.0
-50.0,50,2152.154516,0.0
-50.0,50,2152.645591,0.0
-50.0,50,2153.169417,0.0
-50.0,50,2153.680861,0.0
-50.0,50,2154.186886,0.0
-50.0,50,2154.687769,0.0
-50.0,50,2155.206734,0.0
-50.0,50,2155.684714,0.0
-50.0,50,2156.184021,0.0
-50.0,50,2156.687083,0.0
-50.0,50,2157.201369,0.0
-50.0,50,2157.700285,0.0
-50.0,50,2158.188742,0.0
-50.0,50,2158.691188,0.0
-50.0,50,2159.202681,0.0
-50.0,50,2159.708654,0.0
-50.0,50,2160.212196,0.0
-50.0,50,2160.706574,0.0
-50.0,50,2161.224932,0.0
-50.0,50,2161.725248,0.0
-50.0,50,2162.2233,0.0
-50.0,50,2162.725533,0.0
-50.0,50,2163.245361,0.0
-50.0,50,2163.731633,0.0
-50.0,50,2164.230517,0.0
-50.0,50,2164.734137,0.0
-50.0,50,2165.244338,0.0
-50.0,50,2165.761067,0.0
0.0,50,2166.24774,1.0
-50.0,50,2166.738729,0.0
-50.0,50,2167.25291,0.0
-50.0,50,2167.753677,0.0
-50.0,50,2168.249465,0.0
-50.0,50,2168.737402,0.0
-50.0,50,2169.246,0.0
-50.0,50,2169.744324,0.0
-50.0,50,2170.245462,0.0
-50.0,50,2170.745216,0.0
-50.0,50,2171.249107,0.0
-50.0,50,2171.735494,0.0
-50.0,50,2172.231276,0.0
-50.0,50,2172.728963,0.0
-50.0,50,2173.248569,0.0
-50.0,50,2173.736828,0.0
0.0,50,2174.224188,1.0
-50.0,50,2174.715383,0.0
-50.0,50,2175.231712,0.0
-50.0,50,2175.740727,0.0
-50.0,50,2176.245026,0.0
-50.0,50,2176.725975,0.0
-50.0,50,2177.243728,0.0
-50.0,50,2177.740977,0.0
-50.0,50,2178.242747,0.0
-50.0,50,2178.740838,0.0
-50.0,50,2179.228005,0.0
-50.0,50,2179.729853,0.0
-50.0,50,2180.226956,0.0
-50.0,50,2180.722393,0.0
-50.0,50,2181.234232,0.0
-50.0,50,2181.724846,0.0
-50.0,50,2182.219204,0.0
-50.0,50,2182.727611,0.0
-50.0,50,2183.25635,0.0
-50.0,50,2183.754058,0.0
-50.0,50,2184.240691,0.0
-50.0,50,2184.727132,0.0
-50.0,50,2185.247599,0.0
-50.0,50,2185.752928,0.0
-50.0,50,2186.257509,0.0
-50.0,50,2186.761133,0.0
-50.0,50,2187.265366,0.0
-50.0,50,2187.761028,0.0
-50.0,50,2188.257517,0.0
-50.0,50,2188.757102,0.0
-50.0,50,2189.269463,0.0
-50.0,50,2189.745297,0.0
-50.0,50,2190.243848,0.0
0.0,50,2190.741288,1.0
-50.0,50,2191.259732,0.0
-50.0,50,2191.762671,0.0
-50.0,50,2192.239988,0.0
-50.0,50,2192.743197,0.0
-50.0,50,2193.257839,0.0
0.0,50,2193.754314,1.0
-50.0,50,2194.256824,0.0
0.0,50,2194.749401,1.0
-50.0,50,2195.257771,0.0
-50.0,50,2195.75624,0.0
-50.0,50,2196.258723,0.0
-50.0,50,2196.756521,0.0
-50.0,50,2197.256418,0.0
-50.0,50,2197.745419,0.0
-50.0,50,2198.249307,0.0
0.0,50,2198.749641,1.0
-50.0,50,2199.269337,0.0
0.0,50,2199.773906,1.0
0.0,50,2200.250885,1.0
-50.0,50,2200.746354,0.0
-50.0,50,2201.254563,0.0
-50.0,50,2201.756889,0.0
-50.0,50,2202.255223,0.0
0.0,50,2202.733559,1.0
-50.0,50,2203.245635,0.0
0.0,50,2203.738122,1.0
-50.0,50,2204.245443,0.0
-50.0,50,2204.743485,0.0
-50.0,50,2205.23471,0.0
-50.0,50,2205.740422,0.0
-50.0,50,2206.241991,0.0
-50.0,50,2206.74022,0.0
-50.0,50,2207.252661,0.0
-50.0,50,2207.735388,0.0
-50.0,50,2208.229504,0.0
-50.0,50,2208.737224,0.0
-50.0,50,2209.261436,0.0
-50.0,50,2209.757125,0.0
-50.0,50,2210.238589,0.0
-50.0,50,2210.724861,0.0
-50.0,50,2211.235801,0.0
-50.0,50,2211.733388,0.0
-50.0,50,2212.237147,0.0
-50.0,50,2212.725427,0.0
-50.0,50,2213.23185,0.0
-50.0,50,2213.734506,0.0
-50.0,50,2214.237072,0.0
-50.0,50,2214.730793,0.0
-50.0,50,2215.25678,0.0
-50.0,50,2215.744268,0.0
-50.0,50,2216.245863,0.0
-50.0,50,2216.746502,0.0
0.0,50,2217.26527,1.0
-50.0,50,2217.760242,0.0
0.0,50,2218.24246,1.0
-50.0,50,2218.737399,0.0
0.0,50,2219.259546,1.0
-50.0,50,2219.760156,0.0
0.0,50,2220.252186,1.0
-50.0,50,2220.739556,0.0
-50.0,50,2221.240186,0.0
-50.0,50,2221.735143,0.0
-50.0,50,2222.237434,0.0
-50.0,50,2222.741969,0.0
-50.0,50,2223.243501,0.0
-50.0,50,2223.736442,0.0
0.0,50,2224.247415,1.0
-50.0,50,2224.747206,0.0
-50.0,50,2225.256911,0.0
-50.0,50,2225.754018,0.0
-50.0,50,2226.245301,0.0
-50.0,50,2226.752133,0.0
-50.0,50,2227.262137,0.0
-50.0,50,2227.758381,0.0
-50.0,50,2228.255155,0.0
0.0,50,2228.738219,1.0
-50.0,50,2229.25662,0.0
-50.0,50,2229.759888,0.0
-50.0,50,2230.260715,0.0
-50.0,50,2230.760363,0.0
-50.0,50,2231.264308,0.0
-50.0,50,2231.749867,0.0
-50.0,50,2232.249372,0.0
-50.0,50,2232.753101,0.0
-50.0,50,2233.266469,0.0
-50.0,50,2233.754993,0.0
-50.0,50,2234.248151,0.0
-50.0,50,2234.74382,0.0
0.0,50,2235.256101,1.0
-50.0,50,2235.749221,0.0
-50.0,50,2236.244722,0.0
-50.0,50,2236.737946,0.0
-50.0,50,2237.268767,0.0
-50.0,50,2237.771272,0.0
-50.0,50,2238.264776,0.0
-50.0,50,2238.765138,0.0
-50.0,50,2239.259176,0.0
0.0,50,2239.761587,1.0
-50.0,50,2240.256248,0.0
-50.0,50,2240.747724,0.0
0.0,50,2241.27201,1.0
-50.0,50,2241.751841,0.0
0.0,50,2242.244139,1.0
-50.0,50,2242.744413,0.0
-50.0,50,2243.2551,0.0
-50.0,50,2243.751653,0.0
-36.0,50,2244.229286,1.0
-50.0,50,2244.733824,0.0
-50.0,50,2245.246963,0.0
-50.0,50,2245.75291,0.0
-50.0,50,2246.261432,0.0
-50.0,50,2246.748465,0.0
0.0,50,2247.270907,1.0
-50.0,50,2247.786176,0.0
-50.0,50,2248.29257,0.0
-50.0,50,2248.791337,0.0
-50.0,50,2249.311723,0.0
-50.0,50,2249.799752,0.0
-50.0,50,2250.296581,0.0
-50.0,50,2250.79216,0.0
-50.0,50,2253.549379,0.0
0.0,50,2254.047683,1.0
-50.0,50,2254.541387,0.0
-50.0,50,2255.047038,0.0
-50.0,50,2255.565588,0.0
-50.0,50,2256.057958,0.0
-50.0,50,2256.555804,0.0
-50.0,50,2257.060372,0.0
-50.0,50,2257.586689,0.0
0.0,50,2258.087297,1.0
-50.0,50,2258.595557,0.0
-50.0,50,2259.083796,0.0
0.0,50,2259.606355,1.0
-50.0,50,2260.102778,0.0
-50.0,50,2260.606806,0.0
-50.0,50,2261.103685,0.0
-50.0,50,2261.609677,0.0
-50.0,50,2262.103792,0.0
-50.0,50,2262.607475,0.0
-50.0,50,2263.109547,0.0
-50.0,50,2263.632846,0.0
-50.0,50,2264.114766,0.0
-50.0,50,2264.613317,0.0
-50.0,50,2265.108358,0.0
-50.0,50,2265.614404,0.0
-50.0,50,2266.124475,0.0
-50.0,50,2266.626039,0.0
-50.0,50,2267.104054,0.0
-50.0,50,2267.617731,0.0
-50.0,50,2268.117662,0.0
-50.0,50,2268.616044,0.0
-50.0,50,2269.110479,0.0
-50.0,50,2269.609813,0.0
-50.0,50,2270.113764,0.0
-50.0,50,2270.619137,0.0
-50.0,50,2271.121523,0.0
-50.0,50,2271.638849,0.0
-50.0,50,2272.131973,0.0
-50.0,50,2272.625789,0.0
-50.0,50,2273.140493,0.0
-50.0,50,2273.656564,0.0
0.0,50,2274.156597,1.0
-50.0,50,2274.647298,0.0
-50.0,50,2275.130391,0.0
-50.0,50,2275.634755,0.0
-50.0,50,2276.133672,0.0
-50.0,50,2276.630818,0.0
-50.0,50,2277.118866,0.0
-50.0,50,2277.617001,0.0
-50.0,50,2278.11261,0.0
-50.0,50,2278.607382,0.0
-50.0,50,2279.113319,0.0
-50.0,50,2279.619827,0.0
0.0,50,2280.111545,1.0
-50.0,50,2280.606858,0.0
-50.0,50,2281.108991,0.0
-50.0,50,2281.622817,0.0
-50.0,50,2282.114843,0.0
-50.0,50,2282.595462,0.0
-50.0,50,2283.093935,0.0
-50.0,50,2283.607989,0.0
-50.0,50,2284.107902,0.0
-50.0,50,2284.612764,0.0
-50.0,50,2285.09058,0.0
-50.0,50,2285.605654,0.0
-50.0,50,2286.113937,0.0
-50.0,50,2286.611278,0.0
-50.0,50,2287.106149,0.0
-50.0,50,2287.607826,0.0
-50.0,50,2288.099941,0.0
-50.0,50,2288.601371,0.0
-50.0,50,2289.108375,0.0
-50.0,50,2289.62604,0.0
-50.0,50,2290.118462,0.0
-50.0,50,2290.607008,0.0
-50.0,50,2291.104835,0.0
-50.0,50,2291.627956,0.0
-50.0,50,2292.125055,0.0
-50.0,50,2292.61437,0.0
-50.0,50,2293.112982,0.0
-50.0,50,2293.642845,0.0
-50.0,50,2294.139922,0.0
-50.0,50,2294.640025,0.0
-50.0,50,2295.142173,0.0
-50.0,50,2295.634872,0.0
-50.0,50,2296.13232,0.0
-50.0,50,2296.630465,0.0
-50.0,50,2297.121585,0.0
0.0,50,2297.643802,1.0
-50.0,50,2298.119428,0.0
-50.0,50,2298.6163,0.0
-50.0,50,2299.117662,0.0
-50.0,50,2299.626025,0.0
-50.0,50,2300.117857,0.0
0.0,50,2300.59794,1.0
-50.0,50,2301.098541,0.0
-50.0,50,2301.607359,0.0
-50.0,50,2302.103108,0.0
0.0,50,2302.615396,1.0
-50.0,50,2303.102798,0.0
-50.0,50,2303.602961,0.0
0.0,50,2304.104704,1.0
-50.0,50,2304.600958,0.0
-50.0,50,2305.098041,0.0
-50.0,50,2305.602434,0.0
-50.0,50,2306.091104,0.0
-50.0,50,2306.590791,0.0
0.0,50,2307.096406,1.0
-50.0,50,2307.681685,0.0
-50.0,50,2308.173217,0.0
-50.0,50,2308.650726,0.0
-50.0,50,2309.156884,0.0
-50.0,50,2309.685403,0.0
-50.0,50,2310.187533,0.0
-50.0,50,2310.688264,0.0
-50.0,50,2311.182098,0.0
-50.0,50,2311.689663,0.0
-50.0,50,2312.187436,0.0
-50.0,50,2312.684616,0.0
-50.0,50,2313.181963,0.0
-50.0,50,2313.694182,0.0
-50.0,50,2314.175987,0.0
-50.0,50,2314.673061,0.0
-50.0,50,2315.165729,0.0
-50.0,50,2315.677011,0.0
-50.0,50,2316.160475,0.0
-50.0,50,2316.647996,0.0
-50.0,50,2317.153814,0.0
-50.0,50,2317.660882,0.0
-50.0,50,2318.152041,0.0
-50.0,50,2318.648489,0.0
-50.0,50,2319.132889,0.0
-50.0,50,2319.639981,0.0
-50.0,50,2320.144071,0.0
-50.0,50,2320.643795,0.0
-50.0,50,2321.142082,0.0
-50.0,50,2321.638396,0.0
0.0,50,2322.14542,1.0
0.0,50,2322.655952,1.0
-50.0,50,2323.160893,0.0
0.0,50,2323.701649,1.0
-50.0,50,2324.200503,0.0
-50.0,50,2324.68458,0.0
-50.0,50,2325.175238,0.0
-50.0,50,2325.708035,0.0
-50.0,50,2326.207351,0.0
-50.0,50,2326.703157,0.0
0.0,50,2327.18408,1.0
-50.0,50,2327.696099,0.0
-50.0,50,2328.19208,0.0
-50.0,50,2328.685468,0.0
-50.0,50,2329.178554,0.0
-50.0,50,2329.693681,0.0
-50.0,50,2330.183274,0.0
-50.0,50,2330.692109,0.0
-50.0,50,2331.193895,0.0
-50.0,50,2331.724976,0.0
-50.0,50,2332.208099,0.0
-50.0,50,2332.704559,0.0
-50.0,50,2333.207913,0.0
-50.0,50,2333.733452,0.0
-50.0,50,2334.229059,0.0
-50.0,50,2334.724478,0.0
-50.0,50,2335.21249,0.0
-50.0,50,2335.744425,0.0
-50.0,50,2336.253249,0.0
-50.0,50,2336.749384,0.0
-50.0,50,2337.248476,0.0
-50.0,50,2337.753867,0.0
-50.0,50,2338.257177,0.0
-50.0,50,2338.758303,0.0
-50.0,50,2339.265527,0.0
-50.0,50,2339.776245,0.0
-50.0,50,2340.25853,0.0
-50.0,50,2340.745956,0.0
-50.0,50,2341.238833,0.0
0.0,50,2341.759413,1.0
-50.0,50,2342.254187,0.0
-50.0,50,2342.743101,0.0
-50.0,50,2343.224283,0.0
-50.0,50,2343.735597,0.0
-50.0,50,2344.225868,0.0
-50.0,50,2344.71511,0.0
-50.0,50,2345.193602,0.0
0.0,50,2345.698128,1.0
-50.0,50,2346.193155,0.0
-50.0,50,2346.68909,0.0
-50.0,50,2347.19386,0.0
-50.0,50,2347.693544,0.0
-50.0,50,2348.176961,0.0
-50.0,50,2348.668385,0.0
-50.0,50,2349.168463,0.0
-50.0,50,2349.682484,0.0
-50.0,50,2350.165025,0.0
-50.0,50,2350.649278,0.0
-50.0,50,2351.152106,0.0
-50.0,50,2351.663102,0.0
-50.0,50,2352.1552,0.0
-50.0,50,2352.632498,0.0
-50.0,50,2353.11904,0.0
-50.0,50,2355.876197,0.0
-50.0,50,2356.357483,0.0
-50.0,50,2356.841767,0.0
0.0,50,2357.348008,1.0
-50.0,50,2357.857853,0.0
-50.0,50,2358.354951,0.0
-50.0,50,2358.836988,0.0
0.0,50,2359.33357,1.0
-50.0,50,2359.855208,0.0
-50.0,50,2360.352341,0.0
-50.0,50,2360.843705,0.0
-50.0,50,2361.323846,0.0
-50.0,50,2361.825834,0.0
-50.0,50,2362.323179,0.0
-50.0,50,2362.81545,0.0
-50.0,50,2363.315239,0.0
-50.0,50,2363.835583,0.0
-50.0,50,2364.315251,0.0
-50.0,50,2364.804633,0.0
-50.0,50,2365.302343,0.0
-50.0,50,2365.809915,0.0
-50.0,50,2366.291024,0.0
-50.0,50,2366.775937,0.0
0.0,50,2367.273109,1.0
-50.0,50,2367.782583,0.0
-50.0,50,2368.277521,0.0
-50.0,50,2368.762645,0.0
-50.0,50,2369.255287,0.0
-50.0,50,2369.761322,0.0
-50.0,50,2370.255108,0.0
-50.0,50,2370.757859,0.0
0.0,50,2371.24735,1.0
-50.0,50,2371.747118,0.0
-50.0,50,2372.245417,0.0
-50.0,50,2372.741323,0.0
-50.0,50,2373.248721,0.0
-50.0,50,2373.770022,0.0
-50.0,50,2374.244617,0.0
-50.0,50,2374.738012,0.0
-50.0,50,2375.235436,0.0
-50.0,50,2375.756544,0.0
-50.0,50,2376.247853,0.0
-44.0,50,2376.725299,0.0
-50.0,50,2377.234728,0.0
-50.0,50,2377.751882,0.0
-50.0,50,2378.246678,0.0
-50.0,50,2378.742297,0.0
-50.0,50,2379.215408,0.0
-50.0,50,2379.725386,0.0
0.0,50,2380.225724,1.0
-50.0,50,2380.724825,0.0
-50.0,50,2381.212749,0.0
-50.0,50,2381.701392,0.0
-50.0,50,2382.197561,0.0
-50.0,50,2382.693791,0.0
-50.0,50,2383.181921,0.0
0.0,50,2383.6933,1.0
-50.0,50,2384.167441,0.0
-50.0,50,2384.666507,0.0
-50.0,50,2385.158929,0.0
-50.0,50,2385.669918,0.0
-50.0,50,2386.16944,0.0
-50.0,50,2386.647654,0.0
-50.0,50,2387.140842,0.0
-50.0,50,2387.653642,0.0
-50.0,50,2388.150985,0.0
-50.0,50,2388.646711,0.0
-50.0,50,2389.119936,0.0
-50.0,50,2389.630894,0.0
-50.0,50,2390.125362,0.0
-50.0,50,2390.619489,0.0
-50.0,50,2391.122517,0.0
-50.0,50,2391.625636,0.0
0.0,50,2392.126519,1.0
0.0,50,2392.630311,1.0
-50.0,50,2393.139664,0.0
-50.0,50,2393.651026,0.0
-50.0,50,2394.138387,0.0
-50.0,50,2394.626982,0.0
-50.0,50,2395.124573,0.0
-50.0,50,2395.655683,0.0
-50.0,50,2396.151334,0.0
-50.0,50,2396.637812,0.0
-50.0,50,2397.125538,0.0
-50.0,50,2397.650084,0.0
-50.0,50,2398.164822,0.0
-50.0,50,2398.6612,0.0
-50.0,50,2399.16538,0.0
-50.0,50,2399.654315,0.0
-50.0,50,2400.151123,0.0
-50.0,50,2400.65532,0.0
-50.0,50,2401.154912,0.0
-50.0,50,2401.66339,0.0
-50.0,50,2402.14471,0.0
-50.0,50,2402.642491,0.0
-50.0,50,2403.13879,0.0
-50.0,50,2403.652573,0.0
-50.0,50,2404.143263,0.0
-50.0,50,2404.619803,0.0
-50.0,50,2405.113803,0.0
-50.0,50,2405.617795,0.0
-50.0,50,2406.104837,0.0
-50.0,50,2406.60091,0.0
-50.0,50,2407.079724,0.0
-50.0,50,2407.601387,0.0
-50.0,50,2408.098387,0.0
-50.0,50,2408.592945,0.0
-50.0,50,2409.090717,0.0
-50.0,50,2409.586748,0.0
-50.0,50,2410.087517,0.0
-50.0,50,2410.587826,0.0
-50.0,50,2411.078082,0.0
-50.0,50,2411.585999,0.0
-50.0,50,2412.06743,0.0
-50.0,50,2412.56081,0.0
-50.0,50,2413.064023,0.0
-50.0,50,2413.570963,0.0
-50.0,50,2414.061993,0.0
-50.0,50,2414.535665,0.0
-50.0,50,2415.025007,0.0
-50.0,50,2415.534112,0.0
-50.0,50,2416.027374,0.0
-50.0,50,2416.530348,0.0
-50.0,50,2417.011919,0.0
-50.0,50,2417.531304,0.0
-50.0,50,2418.029305,0.0
-50.0,50,2418.526856,0.0
0.0,50,2419.019323,1.0
-50.0,50,2419.525896,0.0
-50.0,50,2420.017123,0.0
-50.0,50,2420.515506,0.0
0.0,50,2421.006713,1.0
-50.0,50,2421.521017,0.0
-50.0,50,2422.011199,0.0
-50.0,50,2422.505873,0.0
-50.0,50,2423.009363,0.0
-50.0,50,2423.519152,0.0
-50.0,50,2424.022856,0.0
-50.0,50,2424.518433,0.0
-50.0,50,2425.008499,0.0
-50.0,50,2425.519238,0.0
-50.0,50,2426.012005,0.0
-50.0,50,2426.507635,0.0
-50.0,50,2427.012948,0.0
-50.0,50,2427.506981,0.0
-50.0,50,2428.006188,0.0
-50.0,50,2428.505929,0.0
-50.0,50,2429.006224,0.0
-50.0,50,2429.52494,0.0
-50.0,50,2430.002926,0.0
-50.0,50,2430.502143,0.0
-50.0,50,2431.000201,0.0
-50.0,50,2431.506904,0.0
-50.0,50,2432.000304,0.0
-50.0,50,2432.480051,0.0
-50.0,50,2432.975785,0.0
-50.0,50,2433.497834,0.0
-50.0,50,2433.998478,0.0
-50.0,50,2434.507342,0.0
-50.0,50,2434.991523,0.0
-50.0,50,2435.498423,0.0
-50.0,50,2436.005517,0.0
-50.0,50,2436.507252,0.0
-50.0,50,2437.009868,0.0
-50.0,50,2437.521849,0.0
-50.0,50,2438.014216,0.0
0.0,50,2438.505902,1.0
-50.0,50,2439.000234,0.0
-50.0,50,2439.511516,0.0
-50.0,50,2439.996326,0.0
-50.0,50,2440.489991,0.0
-50.0,50,2440.996447,0.0
0.0,50,2441.507649,1.0
-50.0,50,2442.014126,0.0
-50.0,50,2442.524041,0.0
-50.0,50,2443.007945,0.0
-50.0,50,2443.527108,0.0
-50.0,50,2444.033535,0.0
-50.0,50,2444.538646,0.0
-50.0,50,2445.043479,0.0
-50.0,50,2445.552802,0.0
-50.0,50,2446.036274,0.0
-50.0,50,2446.536328,0.0
-50.0,50,2447.043216,0.0
-50.0,50,2447.557223,0.0
-50.0,50,2448.067047,0.0
-50.0,50,2448.543555,0.0
-50.0,50,2449.053578,0.0
0.0,50,2449.567702,1.0
-50.0,50,2450.066028,0.0
-50.0,50,2450.592056,0.0
-50.0,50,2451.069736,0.0
-50.0,50,2451.590217,0.0
-50.0,50,2452.098783,0.0
-50.0,50,2452.596276,0.0
0.0,50,2453.097885,1.0
-50.0,50,2453.598265,0.0
-50.0,50,2454.088579,0.0
-50.0,50,2454.580584,0.0
-50.0,50,2455.070674,0.0
-50.0,50,2457.866289,0.0
-50.0,50,2458.371413,0.0
-50.0,50,2458.866055,0.0
-50.0,50,2459.361558,0.0
-50.0,50,2459.874982,0.0
-50.0,50,2460.348844,0.0
-50.0,50,2460.856793,0.0
-50.0,50,2461.364486,0.0
-50.0,50,2461.87433,0.0
-50.0,50,2462.381589,0.0
-50.0,50,2462.867311,0.0
-50.0,50,2463.379852,0.0
-50.0,50,2463.900481,0.0
-50.0,50,2464.406559,0.0
-50.0,50,2464.905411,0.0
-50.0,50,2465.390725,0.0
-50.0,50,2465.897719,0.0
0.0,50,2466.390488,1.0
-50.0,50,2466.902583,0.0
-50.0,50,2467.404578,0.0
-50.0,50,2467.917753,0.0
-50.0,50,2468.407322,0.0
-50.0,50,2468.915872,0.0
-50.0,50,2469.429796,0.0
-50.0,50,2469.949119,0.0
-50.0,50,2470.456613,0.0
-50.0,50,2470.946974,0.0
-50.0,50,2471.442174,0.0
-50.0,50,2471.966262,0.0
-50.0,50,2472.473953,0.0
-50.0,50,2472.981953,0.0
-50.0,50,2473.482919,0.0
-50.0,50,2473.985725,0.0
-50.0,50,2474.487683,0.0
-50.0,50,2474.988729,0.0
-50.0,50,2475.494294,0.0
-50.0,50,2476.017538,0.0
-50.0,50,2476.492088,0.0
-50.0,50,2476.991575,0.0
-50.0,50,2477.490756,0.0
-50.0,50,2478.015604,0.0
-50.0,50,2478.521755,0.0
-50.0,50,2479.017225,0.0
-50.0,50,2479.510375,0.0
-50.0,50,2480.020572,0.0
-50.0,50,2480.526631,0.0
-50.0,50,2481.030996,0.0
-50.0,50,2481.529351,0.0
-50.0,50,2482.021842,0.0
-50.0,50,2482.528371,0.0
-50.0,50,2483.041523,0.0
-50.0,50,2483.548713,0.0
-50.0,50,2484.063044,0.0
-50.0,50,2484.547213,0.0
-50.0,50,2485.039166,0.0
-50.0,50,2485.543879,0.0
-50.0,50,2486.059609,0.0
-50.0,50,2486.557785,0.0
-50.0,50,2487.04551,0.0
-50.0,50,2487.544992,0.0
-50.0,50,2488.062567,0.0
-50.0,50,2488.567151,0.0
-50.0,50,2489.063504,0.0
-50.0,50,2489.550939,0.0
0.0,50,2490.06259,1.0
-50.0,50,2490.560585,0.0
-50.0,50,2491.054846,0.0
-50.0,50,2491.549841,0.0
-50.0,50,2492.048075,0.0
-50.0,50,2492.533809,0.0
-50.0,50,2493.033774,0.0
-50.0,50,2493.538241,0.0
0.0,50,2494.078591,1.0
-50.0,50,2494.57694,0.0
-50.0,50,2495.059758,0.0
-50.0,50,2495.556875,0.0
-50.0,50,2496.084287,0.0
-50.0,50,2496.586922,0.0
-50.0,50,2497.091217,0.0
-50.0,50,2497.576887,0.0
-50.0,50,2498.085387,0.0
-50.0,50,2498.587038,0.0
-50.0,50,2499.088066,0.0
0.0,50,2499.590325,1.0
-50.0,50,2500.111979,0.0
0.0,50,2500.601776,1.0
-50.0,50,2501.10629,0.0
-50.0,50,2501.609057,0.0
-50.0,50,2502.133659,0.0
-50.0,50,2502.63376,0.0
-50.0,50,2503.109853,0.0
-50.0,50,2503.604681,0.0
-50.0,50,2504.128284,0.0
-50.0,50,2504.625283,0.0
-50.0,50,2505.1256,0.0
-50.0,50,2505.607811,0.0
-50.0,50,2506.125765,0.0
-50.0,50,2506.619184,0.0
0.0,50,2507.115242,1.0
-50.0,50,2507.621009,0.0
-50.0,50,2508.135401,0.0
-50.0,50,2508.628019,0.0
-50.0,50,2509.131332,0.0
-50.0,50,2509.63442,0.0
-50.0,50,2510.161973,0.0
-50.0,50,2510.662713,0.0
-50.0,50,2511.145408,0.0
-50.0,50,2511.649956,0.0
-50.0,50,2512.163831,0.0
-50.0,50,2512.671074,0.0
-50.0,50,2513.186511,0.0
-50.0,50,2513.67473,0.0
-50.0,50,2514.197043,0.0
-50.0,50,2514.706967,0.0
-50.0,50,2515.216473,0.0
-50.0,50,2515.725832,0.0
-50.0,50,2516.269102,0.0
-50.0,50,2516.758377,0.0
-50.0,50,2517.264305,0.0
-50.0,50,2517.762115,0.0
-50.0,50,2518.295782,0.0
-50.0,50,2518.79773,0.0
-50.0,50,2519.286168,0.0
-50.0,50,2519.782703,0.0
-50.0,50,2520.320592,0.0
-50.0,50,2520.819525,0.0
-50.0,50,2521.315945,0.0
-50.0,50,2521.817739,0.0
-50.0,50,2522.317282,0.0
-50.0,50,2522.816263,0.0
-50.0,50,2523.320137,0.0
-50.0,50,2523.83727,0.0
-50.0,50,2524.357565,0.0
-50.0,50,2524.856072,0.0
-50.0,50,2525.354429,0.0
0.0,50,2525.858378,1.0
-50.0,50,2526.370906,0.0
-50.0,50,2526.879025,0.0
-50.0,50,2527.377268,0.0
-50.0,50,2527.867716,0.0
-50.0,50,2528.384706,0.0
-50.0,50,2528.884076,0.0
-50.0,50,2529.393011,0.0
-50.0,50,2529.899631,0.0
0.0,50,2530.399251,1.0
-50.0,50,2530.906808,0.0
0.0,50,2531.410468,1.0
-50.0,50,2531.909594,0.0
0.0,50,2532.43047,1.0
-50.0,50,2532.916068,0.0
-50.0,50,2533.410637,0.0
-50.0,50,2533.920829,0.0
-50.0,50,2534.439832,0.0
-50.0,50,2534.945715,0.0
-50.0,50,2535.451775,0.0
-50.0,50,2535.931188,0.0
-50.0,50,2536.458488,0.0
-50.0,50,2536.959821,0.0
-50.0,50,2537.457715,0.0
-50.0,50,2537.969774,0.0
-50.0,50,2538.462045,0.0
-50.0,50,2538.959807,0.0
-50.0,50,2539.46588,0.0
-50.0,50,2539.972747,0.0
-50.0,50,2540.493441,0.0
-50.0,50,2540.986405,0.0
0.0,50,2541.481182,1.0
-50.0,50,2541.988672,0.0
-50.0,50,2542.512524,0.0
-50.0,50,2543.020826,0.0
-50.0,50,2543.524355,0.0
-50.0,50,2544.000482,0.0
-50.0,50,2544.518571,0.0
-50.0,50,2545.015056,0.0
-50.0,50,2545.518241,0.0
-50.0,50,2546.018966,0.0
-50.0,50,2546.512379,0.0
-50.0,50,2547.019502,0.0
-50.0,50,2547.533284,0.0
-50.0,50,2548.039167,0.0
-50.0,50,2548.560628,0.0
-50.0,50,2549.058855,0.0
-50.0,50,2549.557245,0.0
-50.0,50,2550.05718,0.0
-50.0,50,2550.580784,0.0
-50.0,50,2551.08289,0.0
-50.0,50,2551.590041,0.0
-50.0,50,2552.071749,0.0
-50.0,50,2552.594549,0.0
-50.0,50,2553.100681,0.0
-50.0,50,2553.609185,0.0
-50.0,50,2554.11927,0.0
-50.0,50,2554.626079,0.0
-50.0,50,2555.11275,0.0
-50.0,50,2555.610422,0.0
-50.0,50,2556.117697,0.0
-50.0,50,2556.633236,0.0
-50.0,50,2557.134277,0.0
-50.0,50,2557.622949,0.0
-50.0,50,2558.12451,0.0
-50.0,50,2560.962015,0.0
-50.0,50,2561.461961,0.0
-50.0,50,2561.939755,0.0
-50.0,50,2562.432516,0.0
-50.0,50,2562.9421,0.0
-50.0,50,2563.4385,0.0
-50.0,50,2563.938791,0.0
-50.0,50,2564.425541,0.0
-50.0,50,2564.939049,0.0
-50.0,50,2565.440508,0.0
-50.0,50,2565.949655,0.0
0.0,50,2566.443235,1.0
-50.0,50,2566.947639,0.0
-50.0,50,2567.446715,0.0
-50.0,50,2567.946001,0.0
-50.0,50,2568.444649,0.0
-50.0,50,2568.968925,0.0
-50.0,50,2569.451251,0.0
-50.0,50,2569.953435,0.0
-50.0,50,2570.463639,0.0
-50.0,50,2570.985318,0.0
-50.0,50,2571.483146,0.0
-50.0,50,2571.969574,0.0
-50.0,50,2572.460958,0.0
-50.0,50,2573.007128,0.0
-50.0,50,2573.511204,0.0
-50.0,50,2574.009522,0.0
-50.0,50,2574.509217,0.0
-50.0,50,2575.045241,0.0
-50.0,50,2575.534149,0.0
-50.0,50,2576.038322,0.0
0.0,50,2576.537884,1.0
-50.0,50,2577.059784,0.0
-50.0,50,2577.549013,0.0
-50.0,50,2578.036789,0.0
0.0,50,2578.534727,1.0
0.0,50,2579.072823,1.0
-50.0,50,2579.580706,0.0
-50.0,50,2580.090468,0.0
-50.0,50,2580.577155,0.0
-50.0,50,2581.093184,0.0
-50.0,50,2581.599083,0.0
-50.0,50,2582.092531,0.0
-50.0,50,2582.592578,0.0
-50.0,50,2583.10309,0.0
-50.0,50,2583.599475,0.0
-50.0,50,2584.104084,0.0
-50.0,50,2584.609601,0.0
-50.0,50,2585.116908,0.0
-50.0,50,2585.61915,0.0
-50.0,50,2586.092966,0.0
-50.0,50,2586.585899,0.0
-50.0,50,2587.105037,0.0
-50.0,50,2587.605962,0.0
-50.0,50,2588.110817,0.0
-50.0,50,2588.594689,0.0
-50.0,50,2589.112259,0.0
-50.0,50,2589.611547,0.0
-50.0,50,2590.10448,0.0
-50.0,50,2590.604259,0.0
-50.0,50,2591.095524,0.0
-50.0,50,2591.599855,0.0
-50.0,50,2592.097689,0.0
-50.0,50,2592.591427,0.0
-50.0,50,2593.10463,0.0
-50.0,50,2593.588686,0.0
0.0,50,2594.082575,1.0
-50.0,50,2594.583258,0.0
-50.0,50,2595.101189,0.0
-50.0,50,2595.606512,0.0
-50.0,50,2596.090973,0.0
-50.0,50,2596.580536,0.0
0.0,50,2597.103308,1.0
-50.0,50,2597.610263,0.0
-50.0,50,2598.112304,0.0
-50.0,50,2598.599731,0.0
-50.0,50,2599.100272,0.0
0.0,50,2599.604952,1.0
-50.0,50,2600.107081,0.0
-50.0,50,2600.612116,0.0
-50.0,50,2601.146027,0.0
-50.0,50,2601.627465,0.0
-50.0,50,2602.125645,0.0
0.0,50,2602.631303,1.0
-50.0,50,2603.146768,0.0
-50.0,50,2603.637646,0.0
-50.0,50,2604.125811,0.0
-50.0,50,2604.624744,0.0
-50.0,50,2605.13695,0.0
-50.0,50,2605.637801,0.0
-50.0,50,2606.133575,0.0
-50.0,50,2606.613382,0.0
-50.0,50,2607.122744,0.0
-50.0,50,2607.613609,0.0
0.0,50,2608.118769,1.0
-50.0,50,2608.613611,0.0
-50.0,50,2609.105727,0.0
-50.0,50,2609.594618,0.0
-50.0,50,2610.086726,0.0
-50.0,50,2610.580436,0.0
-50.0,50,2611.094724,0.0
-50.0,50,2611.570429,0.0
-50.0,50,2612.066949,0.0
-50.0,50,2612.561737,0.0
-50.0,50,2613.090533,0.0
-50.0,50,2613.586777,0.0
-50.0,50,2614.06635,0.0
-50.0,50,2614.553199,0.0
-50.0,50,2615.094077,0.0
-50.0,50,2615.603251,0.0
-50.0,50,2616.110189,0.0
-50.0,50,2616.614003,0.0
-50.0,50,2617.112552,0.0
-50.0,50,2617.609301,0.0
-50.0,50,2618.106012,0.0
-50.0,50,2618.596739,0.0
-50.0,50,2619.10351,0.0
-50.0,50,2619.574139,0.0
-50.0,50,2620.067044,0.0
-50.0,50,2620.557713,0.0
-50.0,50,2621.061973,0.0
-50.0,50,2621.542919,0.0
-50.0,50,2622.024696,0.0
0.0,50,2622.523183,1.0
-50.0,50,2623.046184,0.0
0.0,50,2623.546557,1.0
-50.0,50,2624.027968,0.0
0.0,50,2624.505675,1.0
-50.0,50,2625.022921,0.0
-50.0,50,2625.526889,0.0
-50.0,50,2626.021654,0.0
-50.0,50,2626.518649,0.0
-50.0,50,2627.010446,0.0
-50.0,50,2627.503222,0.0
-50.0,50,2628.00685,0.0
-50.0,50,2628.50082,0.0
-50.0,50,2629.013396,0.0
-50.0,50,2629.505343,0.0
-50.0,50,2630.001849,0.0
-50.0,50,2630.49578,0.0
-50.0,50,2631.012372,0.0
-50.0,50,2631.499716,0.0
-50.0,50,2631.968819,0.0
-50.0,50,2632.459895,0.0
-50.0,50,2632.979033,0.0
-50.0,50,2633.471341,0.0
-50.0,50,2633.952137,0.0
-50.0,50,2634.433974,0.0
-50.0,50,2634.947051,0.0
-50.0,50,2635.445415,0.0
-50.0,50,2635.953782,0.0
-50.0,50,2636.44246,0.0
-50.0,50,2636.940272,0.0
-50.0,50,2637.447263,0.0
-50.0,50,2637.955039,0.0
-50.0,50,2638.481416,0.0
-50.0,50,2639.008151,0.0
-50.0,50,2639.503653,0.0
-50.0,50,2640.006577,0.0
-50.0,50,2640.510844,0.0
-50.0,50,2641.027016,0.0
-50.0,50,2641.522043,0.0
-50.0,50,2642.022215,0.0
-50.0,50,2642.516946,0.0
-50.0,50,2643.034843,0.0
-50.0,50,2643.547014,0.0
-50.0,50,2644.049397,0.0
-50.0,50,2644.54951,0.0
-50.0,50,2645.051202,0.0
-50.0,50,2645.54992,0.0
-50.0,50,2646.058221,0.0
-50.0,50,2646.559873,0.0
-50.0,50,2647.07007,0.0
-50.0,50,2647.566552,0.0
-50.0,50,2648.05706,0.0
-50.0,50,2648.567437,0.0
-50.0,50,2649.087541,0.0
-50.0,50,2649.592972,0.0
-50.0,50,2650.103298,0.0
-50.0,50,2650.596106,0.0
-41.0,50,2651.12339,1.0
-50.0,50,2651.632077,0.0
-50.0,50,2652.135197,0.0
0.0,50,2652.633473,1.0
-50.0,50,2653.134947,0.0
-50.0,50,2653.630909,0.0
-50.0,50,2654.133967,0.0
-50.0,50,2654.651186,0.0
-50.0,50,2655.156036,0.0
-50.0,50,2655.636925,0.0
-50.0,50,2656.129306,0.0
0.0,50,2656.624583,1.0
-50.0,50,2657.166722,0.0
-50.0,50,2657.667729,0.0
-50.0,50,2658.166642,0.0
-50.0,50,2658.640023,0.0
-50.0,50,2659.154258,0.0
-50.0,50,2659.652793,0.0
-50.0,50,2660.148123,0.0
-50.0,50,2660.634731,0.0
-50.0,50,2663.481811,0.0
-50.0,50,2663.980101,0.0
-50.0,50,2664.479307,0.0
-50.0,50,2664.966804,0.0
-50.0,50,2665.470686,0.0
0.0,50,2665.964228,1.0
-50.0,50,2666.458142,0.0
-50.0,50,2666.959646,0.0
-50.0,50,2667.472108,0.0
0.0,50,2667.942008,1.0
-50.0,50,2668.447604,0.0
-50.0,50,2668.95261,0.0
-50.0,50,2669.457283,0.0
-50.0,50,2669.95778,0.0
-50.0,50,2670.435023,0.0
-50.0,50,2670.940585,0.0
0.0,50,2671.448203,1.0
-50.0,50,2671.940204,0.0
-50.0,50,2672.438412,0.0
-50.0,50,2672.921386,0.0
-50.0,50,2673.445589,0.0
-50.0,50,2673.947454,0.0
-50.0,50,2674.445329,0.0
-50.0,50,2674.935489,0.0
-50.0,50,2675.467269,0.0
-50.0,50,2675.950353,0.0
-50.0,50,2676.450966,0.0
-50.0,50,2676.958149,0.0
0.0,50,2677.467724,1.0
-50.0,50,2677.96294,0.0
-50.0,50,2678.450201,0.0
-50.0,50,2678.949844,0.0
0.0,50,2679.46144,1.0
-50.0,50,2679.971002,0.0
-50.0,50,2680.46945,0.0
-50.0,50,2680.947864,0.0
-50.0,50,2681.470263,0.0
-50.0,50,2681.962753,0.0
-50.0,50,2682.464452,0.0
-50.0,50,2682.963083,0.0
-50.0,50,2683.466482,0.0
-50.0,50,2683.952025,0.0
-50.0,50,2684.445055,0.0
-50.0,50,2684.947984,0.0
-50.0,50,2685.457483,0.0
-50.0,50,2685.952035,0.0
-50.0,50,2686.44947,0.0
-50.0,50,2686.949663,0.0
0.0,50,2687.476054,1.0
-50.0,50,2687.972394,0.0
-50.0,50,2688.460031,0.0
-50.0,50,2688.950763,0.0
-50.0,50,2689.46085,0.0
-50.0,50,2689.96786,0.0
-50.0,50,2690.46996,0.0
-50.0,50,2690.965252,0.0
-50.0,50,2691.476499,0.0
-50.0,50,2691.973862,0.0
-50.0,50,2692.486788,0.0
-50.0,50,2692.98652,0.0
-50.0,50,2693.52854,0.0
-50.0,50,2694.012314,0.0
-50.0,50,2694.505771,0.0
-50.0,50,2695.011675,0.0
-50.0,50,2695.530967,0.0
-50.0,50,2696.028088,0.0
-50.0,50,2696.515336,0.0
-50.0,50,2697.010772,0.0
-50.0,50,2697.534655,0.0
-50.0,50,2698.028281,0.0
-50.0,50,2698.534759,0.0
-50.0,50,2699.027355,0.0
-50.0,50,2699.533362,0.0
-50.0,50,2700.037664,0.0
-50.0,50,2700.539518,0.0
-50.0,50,2701.041626,0.0
-50.0,50,2701.550138,0.0
-50.0,50,2702.034579,0.0
-50.0,50,2702.537012,0.0
0.0,50,2703.034829,1.0
-50.0,50,2703.558864,0.0
-50.0,50,2704.05536,0.0
-50.0,50,2704.538399,0.0
-50.0,50,2705.03386,0.0
-50.0,50,2705.585481,0.0
-50.0,50,2706.081088,0.0
-50.0,50,2706.582428,0.0
-50.0,50,2707.069137,0.0
0.0,50,2707.567465,1.0
-50.0,50,2708.063653,0.0
-50.0,50,2708.562583,0.0
-50.0,50,2709.059483,0.0
-50.0,50,2709.59452,0.0
-50.0,50,2710.074398,0.0
-50.0,50,2710.569504,0.0
-50.0,50,2711.06975,0.0
-50.0,50,2711.579108,0.0
-50.0,50,2712.078285,0.0
-50.0,50,2712.556858,0.0
-50.0,50,2713.058792,0.0
-50.0,50,2713.576263,0.0
-50.0,50,2714.072632,0.0
-50.0,50,2714.569012,0.0
-50.0,50,2715.053008,0.0
0.0,50,2715.567618,1.0
0.0,50,2716.071716,1.0
-50.0,50,2716.571612,0.0
-50.0,50,2717.069802,0.0
-50.0,50,2717.575675,0.0
-50.0,50,2718.068594,0.0
-50.0,50,2718.560642,0.0
-50.0,50,2719.055692,0.0
-50.0,50,2719.561865,0.0
-50.0,50,2720.050637,0.0
-50.0,50,2720.543834,0.0
-50.0,50,2721.039462,0.0
-50.0,50,2721.552047,0.0
-50.0,50,2722.047175,0.0
-50.0,50,2722.541083,0.0
-50.0,50,2723.036982,0.0
-50.0,50,2723.571177,0.0
-50.0,50,2724.061945,0.0
0.0,50,2724.554654,1.0
-50.0,50,2725.044005,0.0
-50.0,50,2725.535831,0.0
-50.0,50,2726.02591,0.0
-50.0,50,2726.531436,0.0
-50.0,50,2727.033655,0.0
-50.0,50,2727.553309,0.0
-50.0,50,2728.031146,0.0
-50.0,50,2728.525852,0.0
-50.0,50,2729.029974,0.0
-50.0,50,2729.54222,0.0
0.0,50,2730.039566,1.0
-50.0,50,2730.522421,0.0
0.0,50,2731.029867,1.0
-50.0,50,2731.545711,0.0
-50.0,50,2732.047482,0.0
-50.0,50,2732.5513,0.0
-50.0,50,2733.035737,0.0
-50.0,50,2733.544195,0.0
-50.0,50,2734.041385,0.0
-50.0,50,2734.539367,0.0
-50.0,50,2735.045041,0.0
-50.0,50,2735.546538,0.0
-50.0,50,2736.041887,0.0
-50.0,50,2736.534022,0.0
-50.0,50,2737.026891,0.0
0.0,50,2737.534837,1.0
-50.0,50,2738.028758,0.0
-50.0,50,2738.527786,0.0
-50.0,50,2739.037956,0.0
-50.0,50,2739.551973,0.0
0.0,50,2740.048954,1.0
-50.0,50,2740.537871,0.0
0.0,50,2741.024431,1.0
-50.0,50,2741.537185,0.0
-50.0,50,2742.045417,0.0
0.0,50,2742.547064,1.0
-50.0,50,2743.044756,0.0
-50.0,50,2743.552782,0.0
-50.0,50,2744.046412,0.0
-50.0,50,2744.540194,0.0
-50.0,50,2745.0398,0.0
-50.0,50,2745.5581,0.0
-50.0,50,2746.041963,0.0
-50.0,50,2746.544105,0.0
-50.0,50,2747.047791,0.0
-50.0,50,2747.56642,0.0
-50.0,50,2748.074076,0.0
-50.0,50,2748.56144,0.0
-50.0,50,2749.048983,0.0
-50.0,50,2749.582036,0.0
-50.0,50,2750.075368,0.0
-50.0,50,2750.567187,0.0
-50.0,50,2751.051252,0.0
-50.0,50,2751.547977,0.0
-50.0,50,2752.045657,0.0
-50.0,50,2752.55739,0.0
-50.0,50,2753.06446,0.0
-50.0,50,2753.572325,0.0
-50.0,50,2754.047286,0.0
-50.0,50,2754.54803,0.0
-50.0,50,2755.050574,0.0
-50.0,50,2755.564927,0.0
-50.0,50,2756.068765,0.0
-50.0,50,2756.550344,0.0
-50.0,50,2757.051592,0.0
-50.0,50,2757.566485,0.0
-50.0,50,2758.072298,0.0
-50.0,50,2758.568168,0.0
-50.0,50,2759.052379,0.0
-50.0,50,2759.556936,0.0
-50.0,50,2760.054239,0.0
-50.0,50,2760.561485,0.0
-50.0,50,2761.06471,0.0
-50.0,50,2761.574687,0.0
-50.0,50,2762.066523,0.0
-50.0,50,2762.563347,0.0
-50.0,50,2763.059632,0.0
-50.0,50,2765.896089,0.0
0.0,50,2766.387144,1.0
-50.0,50,2766.895387,0.0
-50.0,50,2767.401303,0.0
-50.0,50,2767.915565,0.0
-50.0,50,2768.403012,0.0
-50.0,50,2768.899414,0.0
-50.0,50,2769.40828,0.0
-50.0,50,2769.918733,0.0
-50.0,50,2770.42232,0.0
-50.0,50,2770.928618,0.0
0.0,50,2771.403672,1.0
-50.0,50,2771.922123,0.0
-50.0,50,2772.425258,0.0
-50.0,50,2772.920054,0.0
-50.0,50,2773.426306,0.0
-50.0,50,2773.922983,0.0
-50.0,50,2774.417603,0.0
-50.0,50,2774.924428,0.0
-50.0,50,2775.420874,0.0
-50.0,50,2775.943188,0.0
-50.0,50,2776.436008,0.0
-50.0,50,2776.924439,0.0
-50.0,50,2777.429961,0.0
-50.0,50,2777.953,0.0
-50.0,50,2778.449037,0.0
0.0,50,2778.953083,1.0
-50.0,50,2779.446016,0.0
-50.0,50,2779.967924,0.0
-50.0,50,2780.464068,0.0
-50.0,50,2780.969639,0.0
-50.0,50,2781.464999,0.0
0.0,50,2781.961743,1.0
-50.0,50,2782.466818,0.0
-50.0,50,2782.972275,0.0
-50.0,50,2783.473984,0.0
-50.0,50,2783.99464,0.0
-50.0,50,2784.472807,0.0
-50.0,50,2784.964282,0.0
-50.0,50,2785.455554,0.0
-50.0,50,2785.963598,0.0
-50.0,50,2786.453589,0.0
-50.0,50,2786.933221,0.0
-50.0,50,2787.424793,0.0
-50.0,50,2787.932661,0.0
-50.0,50,2788.425653,0.0
-50.0,50,2788.928173,0.0
-50.0,50,2789.399827,0.0
-50.0,50,2789.922545,0.0
-50.0,50,2790.414381,0.0
-50.0,50,2790.918844,0.0
-50.0,50,2791.42373,0.0
-50.0,50,2791.930603,0.0
-50.0,50,2792.414558,0.0
-50.0,50,2792.917563,0.0
-50.0,50,2793.409696,0.0
-50.0,50,2793.936034,0.0
-50.0,50,2794.423405,0.0
-50.0,50,2794.913698,0.0
-50.0,50,2795.417168,0.0
-50.0,50,2795.948745,0.0
-50.0,50,2796.452628,0.0
-50.0,50,2796.944724,0.0
-50.0,50,2797.429062,0.0
-50.0,50,2797.950751,0.0
-50.0,50,2798.450759,0.0
-50.0,50,2798.943078,0.0
-50.0,50,2799.442745,0.0
-50.0,50,2799.941276,0.0
-50.0,50,2800.431479,0.0
-50.0,50,2800.932641,0.0
-50.0,50,2801.433079,0.0
-50.0,50,2801.965989,0.0
-50.0,50,2802.458065,0.0
-50.0,50,2802.947078,0.0
-50.0,50,2803.440681,0.0
-50.0,50,2803.976566,0.0
-50.0,50,2804.468724,0.0
-50.0,50,2804.963724,0.0
-50.0,50,2805.45383,0.0
-50.0,50,2806.001213,0.0
-50.0,50,2806.507616,0.0
-50.0,50,2807.024867,0.0
-50.0,50,2807.522186,0.0
-50.0,50,2808.043855,0.0
-50.0,50,2808.533279,0.0
0.0,50,2809.035905,1.0
-50.0,50,2809.535124,0.0
-50.0,50,2810.057642,0.0
-50.0,50,2810.552156,0.0
-50.0,50,2811.026333,0.0
-50.0,50,2811.526864,0.0
0.0,50,2812.03971,1.0
-50.0,50,2812.531599,0.0
-50.0,50,2813.035037,0.0
0.0,50,2813.508872,1.0
-50.0,50,2814.030737,0.0
-50.0,50,2814.538015,0.0
-50.0,50,2815.030473,0.0
-50.0,50,2815.519514,0.0
-50.0,50,2816.020332,0.0
0.0,50,2816.514109,1.0
-50.0,50,2817.004315,0.0
-50.0,50,2817.505684,0.0
-50.0,50,2818.026444,0.0
-50.0,50,2818.504482,0.0
-50.0,50,2819.001642,0.0
-50.0,50,2819.495203,0.0
-50.0,50,2820.021984,0.0
-50.0,50,2820.524902,0.0
0.0,50,2820.998673,1.0
-50.0,50,2821.49936,0.0
-50.0,50,2822.022807,0.0
-50.0,50,2822.515142,0.0
-50.0,50,2823.019978,0.0
-50.0,50,2823.512718,0.0
-50.0,50,2824.038518,0.0
-50.0,50,2824.539213,0.0
-50.0,50,2825.045075,0.0
0.0,50,2825.536947,1.0
-50.0,50,2826.075381,0.0
-50.0,50,2826.558505,0.0
-50.0,50,2827.060964,0.0
-50.0,50,2827.563287,0.0
-50.0,50,2828.095076,0.0
-50.0,50,2828.598423,0.0
-50.0,50,2829.076041,0.0
-50.0,50,2829.571666,0.0
-50.0,50,2830.104282,0.0
-50.0,50,2830.606451,0.0
-50.0,50,2831.098135,0.0
-50.0,50,2831.5858,0.0
-50.0,50,2832.132587,0.0
-50.0,50,2832.633957,0.0
-50.0,50,2833.124163,0.0
-50.0,50,2833.621327,0.0
0.0,50,2834.156676,1.0
-50.0,50,2834.632798,0.0
-50.0,50,2835.121387,0.0
-50.0,50,2835.611736,0.0
-50.0,50,2836.155215,0.0
-50.0,50,2836.650795,0.0
-50.0,50,2837.135366,0.0
0.0,50,2837.629857,1.0
-50.0,50,2838.174682,0.0
0.0,50,2838.671172,1.0
-50.0,50,2839.168028,0.0
-50.0,50,2839.663181,0.0
-50.0,50,2840.171876,0.0
-50.0,50,2840.670964,0.0
-50.0,50,2841.180229,0.0
-50.0,50,2841.68382,0.0
-50.0,50,2842.219137,0.0
-50.0,50,2842.702562,0.0
-50.0,50,2843.194851,0.0
0.0,50,2843.686369,1.0
-50.0,50,2844.218245,0.0
-50.0,50,2844.708767,0.0
-50.0,50,2845.190037,0.0
-50.0,50,2845.684017,0.0
-50.0,50,2846.231957,0.0
-50.0,50,2846.733153,0.0
0.0,50,2847.234521,1.0
-50.0,50,2847.728425,0.0
-50.0,50,2848.254853,0.0
-50.0,50,2848.748963,0.0
-50.0,50,2849.2519,0.0
-50.0,50,2849.758239,0.0
-50.0,50,2850.271869,0.0
-50.0,50,2850.769027,0.0
-50.0,50,2851.267829,0.0
-50.0,50,2851.768282,0.0
-50.0,50,2852.298176,0.0
-50.0,50,2852.802927,0.0
-50.0,50,2853.311167,0.0
-50.0,50,2853.787464,0.0
-50.0,50,2854.322968,0.0
-50.0,50,2854.825279,0.0
-50.0,50,2855.330384,0.0
-50.0,50,2855.833186,0.0
0.0,50,2856.373719,1.0
-50.0,50,2856.863444,0.0
-50.0,50,2857.358537,0.0
-50.0,50,2857.861808,0.0
-50.0,50,2858.396583,0.0
-50.0,50,2858.89361,0.0
-50.0,50,2859.376883,0.0
-50.0,50,2859.878784,0.0
-50.0,50,2860.41654,0.0
-50.0,50,2860.910609,0.0
-50.0,50,2861.419887,0.0
0.0,50,2861.910391,1.0
-50.0,50,2862.43315,0.0
-50.0,50,2862.931489,0.0
0.0,50,2863.430371,1.0
-50.0,50,2863.931907,0.0
-50.0,50,2864.480886,0.0
-50.0,50,2864.968018,0.0
-50.0,50,2865.467838,0.0
-50.0,50,2865.973497,0.0
-50.0,50,2868.847476,0.0
-50.0,50,2869.331374,0.0
-50.0,50,2869.826807,0.0
-50.0,50,2870.333583,0.0
0.0,50,2870.86025,1.0
0.0,50,2871.355881,1.0
-50.0,50,2871.846317,0.0
-50.0,50,2872.341134,0.0
-50.0,50,2872.891419,0.0
0.0,50,2873.388503,1.0
-50.0,50,2873.880271,0.0
-50.0,50,2874.37557,0.0
-50.0,50,2874.876936,0.0
-50.0,50,2875.372515,0.0
-50.0,50,2875.863343,0.0
-50.0,50,2876.360352,0.0
-50.0,50,2876.87969,0.0
-50.0,50,2877.364786,0.0
-50.0,50,2877.858577,0.0
-50.0,50,2878.363616,0.0
-50.0,50,2878.88676,0.0
-50.0,50,2879.384117,0.0
-50.0,50,2879.87587,0.0
-50.0,50,2880.372411,0.0
-50.0,50,2880.911497,0.0
-50.0,50,2881.423012,0.0
-50.0,50,2881.917147,0.0
-50.0,50,2882.436484,0.0
-50.0,50,2882.957154,0.0
-50.0,50,2883.4556,0.0
-50.0,50,2883.96334,0.0
-50.0,50,2884.469016,0.0
-50.0,50,2885.003717,0.0
-50.0,50,2885.510408,0.0
-50.0,50,2885.997566,0.0
-50.0,50,2886.494418,0.0
-50.0,50,2887.017503,0.0
-50.0,50,2887.513404,0.0
-50.0,50,2888.021191,0.0
-50.0,50,2888.531785,0.0
-50.0,50,2889.060739,0.0
-50.0,50,2889.558054,0.0
-50.0,50,2890.05616,0.0
-50.0,50,2890.557533,0.0
-50.0,50,2891.101973,0.0
-50.0,50,2891.586402,0.0
-50.0,50,2892.095213,0.0
-50.0,50,2892.621682,0.0
-50.0,50,2893.156314,0.0
-50.0,50,2893.665107,0.0
-50.0,50,2894.162816,0.0
-50.0,50,2894.675021,0.0
-50.0,50,2895.213227,0.0
-50.0,50,2895.733193,0.0
-50.0,50,2896.237599,0.0
-50.0,50,2896.746534,0.0
-50.0,50,2897.30251,0.0
-50.0,50,2897.797412,0.0
-50.0,50,2898.309463,0.0
-50.0,50,2898.808417,0.0
-50.0,50,2899.34353,0.0
-50.0,50,2899.850811,0.0
-50.0,50,2900.36444,0.0
-50.0,50,2900.844471,0.0
-50.0,50,2901.389602,0.0
-50.0,50,2901.897281,0.0
-50.0,50,2902.402275,0.0
-50.0,50,2902.920381,0.0
-50.0,50,2903.463367,0.0
-50.0,50,2903.955045,0.0
-50.0,50,2904.453552,0.0
-50.0,50,2904.948081,0.0
-50.0,50,2905.487014,0.0
-50.0,50,2905.992586,0.0
-50.0,50,2906.481791,0.0
-50.0,50,2906.998389,0.0
-50.0,50,2907.548675,0.0
-50.0,50,2908.04604,0.0
-50.0,50,2908.544164,0.0
-50.0,50,2909.038172,0.0
-50.0,50,2909.561762,0.0
-50.0,50,2910.072556,0.0
-50.0,50,2910.578308,0.0
-50.0,50,2911.086208,0.0
-50.0,50,2911.612537,0.0
-50.0,50,2912.105435,0.0
-50.0,50,2912.616023,0.0
-50.0,50,2913.122615,0.0
-50.0,50,2913.662439,0.0
-50.0,50,2914.173703,0.0
-50.0,50,2914.680392,0.0
0.0,50,2915.175745,1.0
-50.0,50,2915.691407,0.0
-50.0,50,2916.203515,0.0
-50.0,50,2916.708824,0.0
-50.0,50,2917.215546,0.0
-50.0,50,2917.741057,0.0
-50.0,50,2918.228042,0.0
-50.0,50,2918.731079,0.0
-50.0,50,2919.23266,0.0
-50.0,50,2919.757912,0.0
-50.0,50,2920.264475,0.0
-50.0,50,2920.761739,0.0
-50.0,50,2921.256019,0.0
-50.0,50,2921.784566,0.0
-50.0,50,2922.306597,0.0
-50.0,50,2922.841602,0.0
-50.0,50,2923.339564,0.0
-50.0,50,2923.845005,0.0
-50.0,50,2924.345299,0.0
-50.0,50,2924.85078,0.0
-50.0,50,2925.354063,0.0
-50.0,50,2925.874496,0.0
-50.0,50,2926.362422,0.0
-50.0,50,2926.864059,0.0
-50.0,50,2927.37008,0.0
-50.0,50,2927.893837,0.0
-50.0,50,2928.386723,0.0
-50.0,50,2928.892853,0.0
-50.0,50,2929.377694,0.0
-50.0,50,2929.898708,0.0
-50.0,50,2930.389667,0.0
-50.0,50,2930.888114,0.0
-50.0,50,2931.387494,0.0
-50.0,50,2931.892736,0.0
-50.0,50,2932.398038,0.0
-50.0,50,2932.912614,0.0
-50.0,50,2933.402864,0.0
-50.0,50,2933.895594,0.0
-50.0,50,2934.348306,0.0
-50.0,50,2934.816749,0.0
-50.0,50,2935.542051,0.0
-50.0,50,2936.670473,0.0
-50.0,50,2937.818468,0.0
-50.0,50,2938.911765,0.0
-50.0,50,2940.051014,0.0
-50.0,50,2941.342901,0.0
-50.0,50,2942.536742,0.0
-50.0,50,2943.747644,0.0
-50.0,50,2944.835385,0.0
0.0,50,2945.963324,1.0
-50.0,50,2947.086545,0.0
-50.0,50,2948.182806,0.0
-50.0,50,2948.766753,0.0
-50.0,50,2949.307504,0.0
-50.0,50,2949.814795,0.0
-50.0,50,2950.336811,0.0
-50.0,50,2950.866209,0.0
-50.0,50,2951.408355,0.0
-50.0,50,2951.900032,0.0
-50.0,50,2952.412223,0.0
-50.0,50,2952.956484,0.0
-50.0,50,2953.500894,0.0
-50.0,50,2954.009268,0.0
-50.0,50,2954.500723,0.0
-50.0,50,2955.00392,0.0
-50.0,50,2955.552072,0.0
-50.0,50,2956.062737,0.0
-50.0,50,2956.579291,0.0
0.0,50,2957.076607,1.0
-50.0,50,2957.595657,0.0
-50.0,50,2958.109832,0.0
-50.0,50,2958.637771,0.0
-50.0,50,2959.145027,0.0
-50.0,50,2959.715397,0.0
-50.0,50,2960.214655,0.0
-50.0,50,2960.711155,0.0
0.0,50,2961.223573,1.0
-50.0,50,2961.7618,0.0
0.0,50,2962.263904,1.0
-50.0,50,2962.80852,0.0
-50.0,50,2963.321155,0.0
0.0,50,2963.891231,1.0
-50.0,50,2964.394061,0.0
-50.0,50,2964.925422,0.0
0.0,50,2965.43442,1.0
-50.0,50,2965.952695,0.0
-50.0,50,2966.465441,0.0
-50.0,50,2967.004904,0.0
-50.0,50,2967.501357,0.0
-50.0,50,2968.020554,0.0
-50.0,50,2968.54185,0.0
-50.0,50,2969.047958,0.0
0.0,50,2969.547155,1.0
-50.0,50,2970.088393,0.0
-50.0,50,2970.604054,0.0
-50.0,50,2971.104152,0.0
-50.0,50,2971.610405,0.0
-50.0,50,2972.164683,0.0
-50.0,50,2972.682163,0.0
-50.0,50,2973.197564,0.0
0.0,50,2973.693137,1.0
-50.0,50,2974.210547,0.0
-50.0,50,2974.745319,0.0
-50.0,50,2975.24626,0.0
-50.0,50,2975.749529,0.0
-50.0,50,2976.302941,0.0
-50.0,50,2976.797792,0.0
0.0,50,2977.290462,1.0
-50.0,50,2977.81822,0.0
-50.0,50,2980.911736,0.0
-50.0,50,2981.418687,0.0
-50.0,50,2981.951071,0.0
-50.0,50,2982.454224,0.0
-50.0,50,2982.976551,0.0
-50.0,50,2983.479268,0.0
-50.0,50,2984.01526,0.0
-50.0,50,2984.532392,0.0
-50.0,50,2985.117263,0.0
-50.0,50,2985.624347,0.0
-50.0,50,2986.127065,0.0
-50.0,50,2986.619877,0.0
-50.0,50,2987.167763,0.0
-50.0,50,2987.675328,0.0
-50.0,50,2988.181438,0.0
-50.0,50,2988.691312,0.0
-50.0,50,2989.195972,0.0
-50.0,50,2989.687982,0.0
-50.0,50,2990.193147,0.0
-50.0,50,2990.706339,0.0
-50.0,50,2991.233978,0.0
-50.0,50,2991.741697,0.0
-50.0,50,2992.228567,0.0
-50.0,50,2992.740129,0.0
-50.0,50,2993.291219,0.0
-50.0,50,2993.799335,0.0
-50.0,50,2994.302812,0.0
-50.0,50,2994.792315,0.0
-50.0,50,2995.30783,0.0
-50.0,50,2995.83727,0.0
-50.0,50,2996.333853,0.0
-50.0,50,2996.835076,0.0
-50.0,50,2997.3757,0.0
-50.0,50,2997.86735,0.0
-50.0,50,2998.361826,0.0
-50.0,50,2998.904428,0.0
0.0,50,2999.439955,1.0
-50.0,50,2999.977988,0.0
-50.0,50,3000.485704,0.0
-50.0,50,3000.99137,0.0
-50.0,50,3001.508001,0.0
-50.0,50,3002.047234,0.0
-50.0,50,3002.550689,0.0
-50.0,50,3003.062877,0.0
-50.0,50,3003.625392,0.0
-50.0,50,3004.137086,0.0
0.0,50,3004.635218,1.0
-50.0,50,3005.137633,0.0
-50.0,50,3005.675664,0.0
-50.0,50,3006.172723,0.0
0.0,50,3006.66946,1.0
-50.0,50,3007.162727,0.0
-50.0,50,3007.674785,0.0
-50.0,50,3008.170564,0.0
-50.0,50,3008.710564,0.0
-50.0,50,3009.23478,0.0
-50.0,50,3009.750847,0.0
-50.0,50,3010.245281,0.0
-50.0,50,3010.74211,0.0
-50.0,50,3011.27664,0.0
0.0,50,3011.796492,1.0
-50.0,50,3012.298192,0.0
-50.0,50,3012.813837,0.0
-50.0,50,3013.296612,0.0
-50.0,50,3013.8159,0.0
-50.0,50,3014.323567,0.0
-50.0,50,3014.833716,0.0
-50.0,50,3015.33756,0.0
-50.0,50,3015.843543,0.0
-50.0,50,3016.345588,0.0
-50.0,50,3016.856885,0.0
-50.0,50,3017.362712,0.0
-50.0,50,3017.887079,0.0
-50.0,50,3018.3928,0.0
-50.0,50,3018.888681,0.0
0.0,50,3019.378877,1.0
-50.0,50,3019.904123,0.0
-50.0,50,3020.416074,0.0
0.0,50,3020.920197,1.0
-50.0,50,3021.443418,0.0
-50.0,50,3021.946505,0.0
-50.0,50,3022.450495,0.0
-50.0,50,3022.972029,0.0
-50.0,50,3023.51579,0.0
-50.0,50,3024.047352,0.0
-50.0,50,3024.549946,0.0
-50.0,50,3025.051546,0.0
0.0,50,3025.54946,1.0
-50.0,50,3026.084077,0.0
-50.0,50,3026.588209,0.0
-50.0,50,3027.128802,0.0
-50.0,50,3027.626577,0.0
-50.0,50,3028.131165,0.0
-50.0,50,3028.633041,0.0
-50.0,50,3029.134653,0.0
-50.0,50,3029.640692,0.0
-50.0,50,3030.175714,0.0
-50.0,50,3030.660074,0.0
-50.0,50,3031.155886,0.0
-50.0,50,3031.656359,0.0
-50.0,50,3032.208423,0.0
-50.0,50,3032.712591,0.0
-50.0,50,3033.216332,0.0
-50.0,50,3033.696935,0.0
0.0,50,3034.214904,1.0
-50.0,50,3034.725542,0.0
-50.0,50,3035.251289,0.0
-50.0,50,3035.764378,0.0
-50.0,50,3036.269602,0.0
-50.0,50,3036.75925,0.0
-50.0,50,3037.266414,0.0
-50.0,50,3037.764126,0.0
-50.0,50,3038.277737,0.0
-50.0,50,3038.782481,0.0
-50.0,50,3039.270729,0.0
-50.0,50,3039.770836,0.0
-50.0,50,3040.289139,0.0
-50.0,50,3040.793512,0.0
-50.0,50,3041.300141,0.0
-50.0,50,3041.787658,0.0
-50.0,50,3042.304168,0.0
-50.0,50,3042.810935,0.0
-50.0,50,3043.326052,0.0
-50.0,50,3043.825756,0.0
-50.0,50,3044.342212,0.0
-50.0,50,3044.840154,0.0
-50.0,50,3045.351302,0.0
-50.0,50,3045.863088,0.0
-50.0,50,3046.388993,0.0
-50.0,50,3046.886276,0.0
-50.0,50,3047.382745,0.0
-50.0,50,3047.882238,0.0
-50.0,50,3048.440187,0.0
-50.0,50,3048.948048,0.0
-50.0,50,3049.458248,0.0
-50.0,50,3049.982558,0.0
-50.0,50,3050.516611,0.0
-50.0,50,3051.017716,0.0
-50.0,50,3051.524144,0.0
-50.0,50,3052.020691,0.0
-50.0,50,3052.542316,0.0
-50.0,50,3053.048387,0.0
-50.0,50,3053.528184,0.0
-50.0,50,3054.028975,0.0
-50.0,50,3054.544809,0.0
-50.0,50,3055.048678,0.0
-50.0,50,3055.558454,0.0
-50.0,50,3056.044381,0.0
-50.0,50,3056.561937,0.0
-50.0,50,3057.067049,0.0
-50.0,50,3057.576041,0.0
-50.0,50,3058.085098,0.0
-50.0,50,3058.606529,0.0
-50.0,50,3059.09859,0.0
-50.0,50,3059.605052,0.0
-50.0,50,3060.108635,0.0
-50.0,50,3060.631627,0.0
-50.0,50,3061.143006,0.0
-50.0,50,3061.632635,0.0
-50.0,50,3062.123457,0.0
-50.0,50,3062.654517,0.0
0.0,50,3063.150447,1.0
-50.0,50,3063.650557,0.0
-50.0,50,3064.141626,0.0
-50.0,50,3064.64654,0.0
-50.0,50,3065.141484,0.0
-50.0,50,3065.650587,0.0
-50.0,50,3066.151873,0.0
-50.0,50,3066.676703,0.0
-50.0,50,3067.154059,0.0
-50.0,50,3067.65076,0.0
-50.0,50,3068.146537,0.0
-50.0,50,3068.654337,0.0
-50.0,50,3069.151186,0.0
-50.0,50,3069.635026,0.0
-50.0,50,3070.139661,0.0
-50.0,50,3070.662507,0.0
-50.0,50,3071.158517,0.0
-50.0,50,3071.662886,0.0
-50.0,50,3072.145865,0.0
0.0,50,3072.659129,1.0
-50.0,50,3073.17134,0.0
-50.0,50,3073.665563,0.0
-50.0,50,3074.170336,0.0
-50.0,50,3074.698968,0.0
-50.0,50,3075.178071,0.0
-50.0,50,3075.675229,0.0
-50.0,50,3076.181486,0.0
-50.0,50,3076.762232,0.0
-50.0,50,3077.26097,0.0
-50.0,50,3077.763595,0.0
-50.0,50,3078.261584,0.0
0.0,50,3078.805541,1.0
-50.0,50,3079.311779,0.0
-50.0,50,3079.814174,0.0
-50.0,50,3080.32006,0.0
-50.0,50,3080.851176,0.0
-50.0,50,3081.353547,0.0
-50.0,50,3081.852148,0.0
-50.0,50,3082.354118,0.0
-50.0,50,3085.109079,0.0
-50.0,50,3085.622947,0.0
-50.0,50,3086.121675,0.0
-50.0,50,3086.640564,0.0
-50.0,50,3087.186861,0.0
-50.0,50,3087.672812,0.0
-50.0,50,3088.160285,0.0
-50.0,50,3088.659181,0.0
-50.0,50,3089.184923,0.0
-50.0,50,3089.687545,0.0
-50.0,50,3090.199642,0.0
-50.0,50,3090.6905,0.0
-50.0,50,3091.214291,0.0
-50.0,50,3091.722703,0.0
-50.0,50,3092.219779,0.0
-50.0,50,3092.72084,0.0
-50.0,50,3093.234566,0.0
-50.0,50,3093.734715,0.0
0.0,50,3094.23624,1.0
-50.0,50,3094.741746,0.0
-50.0,50,3095.276536,0.0
-50.0,50,3095.782304,0.0
-50.0,50,3096.273912,0.0
-50.0,50,3096.780975,0.0
-50.0,50,3097.298575,0.0
-50.0,50,3097.805114,0.0
-50.0,50,3098.314543,0.0
-50.0,50,3098.801937,0.0
-50.0,50,3099.334644,0.0
-50.0,50,3099.835722,0.0
-50.0,50,3100.336622,0.0
-50.0,50,3100.83945,0.0
-50.0,50,3101.365503,0.0
-50.0,50,3101.863344,0.0
-50.0,50,3102.366984,0.0
-50.0,50,3102.868479,0.0
-50.0,50,3103.393564,0.0
-50.0,50,3103.899421,0.0
-50.0,50,3104.391226,0.0
-50.0,50,3104.880515,0.0
-50.0,50,3105.410979,0.0
-50.0,50,3105.918563,0.0
-50.0,50,3106.418517,0.0
-50.0,50,3106.927562,0.0
-50.0,50,3107.430792,0.0
-50.0,50,3107.925416,0.0
-50.0,50,3108.429681,0.0
-50.0,50,3108.923412,0.0
-50.0,50,3109.440704,0.0
-50.0,50,3109.921873,0.0
-50.0,50,3110.419754,0.0
-50.0,50,3110.922177,0.0
-50.0,50,3111.447626,0.0
-50.0,50,3111.943686,0.0
-50.0,50,3112.441374,0.0
-50.0,50,3112.940607,0.0
-50.0,50,3113.460738,0.0
-50.0,50,3113.96619,0.0
-50.0,50,3114.476753,0.0
-50.0,50,3114.977362,0.0
-50.0,50,3115.478675,0.0
-50.0,50,3115.979511,0.0
-50.0,50,3116.491931,0.0
-50.0,50,3116.991185,0.0
-50.0,50,3117.517806,0.0
-50.0,50,3118.010814,0.0
-50.0,50,3118.508247,0.0
-50.0,50,3119.010603,0.0
-50.0,50,3119.565431,0.0
-50.0,50,3120.078759,0.0
-50.0,50,3120.580439,0.0
0.0,50,3121.064322,1.0
-50.0,50,3121.596948,0.0
-50.0,50,3122.114001,0.0
-50.0,50,3122.623693,0.0
-50.0,50,3123.126019,0.0
-50.0,50,3123.647604,0.0
-50.0,50,3124.135494,0.0
-50.0,50,3124.645747,0.0
-50.0,50,3125.1569,0.0
-50.0,50,3125.691787,0.0
-50.0,50,3126.208947,0.0
-50.0,50,3126.714736,0.0
-50.0,50,3127.222963,0.0
-50.0,50,3127.758274,0.0
-50.0,50,3128.277933,0.0
0.0,50,3128.785948,1.0
-50.0,50,3129.292105,0.0
-50.0,50,3129.830594,0.0
-50.0,50,3130.322933,0.0
-50.0,50,3130.828784,0.0
-50.0,50,3131.336771,0.0
-50.0,50,3131.869032,0.0
-50.0,50,3132.376104,0.0
-50.0,50,3132.866603,0.0
-50.0,50,3133.360345,0.0
-50.0,50,3133.881937,0.0
-50.0,50,3134.382864,0.0
-50.0,50,3134.877343,0.0
-50.0,50,3135.37175,0.0
-50.0,50,3135.901047,0.0
-50.0,50,3136.403744,0.0
-50.0,50,3136.905855,0.0
-50.0,50,3137.413433,0.0
-50.0,50,3137.926988,0.0
-50.0,50,3138.415857,0.0
-50.0,50,3138.924246,0.0
-50.0,50,3139.434452,0.0
-50.0,50,3139.968607,0.0
-50.0,50,3140.481082,0.0
-50.0,50,3140.986949,0.0
-50.0,50,3141.481105,0.0
-50.0,50,3142.008432,0.0
-50.0,50,3142.522076,0.0
-50.0,50,3143.028099,0.0
-50.0,50,3143.534638,0.0
0.0,50,3144.040536,1.0
-50.0,50,3144.537676,0.0
-50.0,50,3145.035301,0.0
-50.0,50,3145.541034,0.0
-50.0,50,3146.059303,0.0
-50.0,50,3146.559285,0.0
-50.0,50,3147.047544,0.0
-50.0,50,3147.547234,0.0
-50.0,50,3148.068948,0.0
-50.0,50,3148.566214,0.0
-50.0,50,3149.078521,0.0
-50.0,50,3149.567002,0.0
-50.0,50,3150.094309,0.0
-50.0,50,3150.606274,0.0
-50.0,50,3151.113052,0.0
-50.0,50,3151.628785,0.0
0.0,50,3152.166358,1.0
-50.0,50,3152.657499,0.0
-50.0,50,3153.169132,0.0
-50.0,50,3153.678531,0.0
-50.0,50,3154.212251,0.0
-50.0,50,3154.718617,0.0
-50.0,50,3155.211971,0.0
-50.0,50,3155.713283,0.0
-50.0,50,3156.243144,0.0
-50.0,50,3156.748197,0.0
-50.0,50,3157.257833,0.0
-50.0,50,3157.768913,0.0
-50.0,50,3158.305192,0.0
-50.0,50,3158.805929,0.0
-50.0,50,3159.308366,0.0
-50.0,50,3159.819954,0.0
-50.0,50,3160.353192,0.0
-50.0,50,3160.863793,0.0
-50.0,50,3161.351211,0.0
-50.0,50,3161.854218,0.0
-50.0,50,3162.399606,0.0
-50.0,50,3162.910472,0.0
-50.0,50,3163.413604,0.0
-50.0,50,3163.911666,0.0
-50.0,50,3164.419056,0.0
-50.0,50,3164.933947,0.0
-50.0,50,3165.442868,0.0
-50.0,50,3165.950891,0.0
-50.0,50,3166.480527,0.0
-50.0,50,3166.975014,0.0
-50.0,50,3167.462242,0.0
-50.0,50,3167.960577,0.0
0.0,50,3168.488369,1.0
-50.0,50,3168.997422,0.0
-50.0,50,3169.486042,0.0
-50.0,50,3169.980396,0.0
-50.0,50,3170.544372,0.0
-50.0,50,3171.048618,0.0
-50.0,50,3171.543147,0.0
-50.0,50,3172.052356,0.0
0.0,50,3172.561197,1.0
-50.0,50,3173.057061,0.0
-50.0,50,3173.550191,0.0
0.0,50,3174.054667,1.0
0.0,50,3174.569005,1.0
-50.0,50,3175.063651,0.0
-50.0,50,3175.557743,0.0
-50.0,50,3176.05972,0.0
-50.0,50,3176.593496,0.0
-50.0,50,3177.107046,0.0
-50.0,50,3177.612337,0.0
-50.0,50,3178.101708,0.0
-50.0,50,3178.635409,0.0
0.0,50,3179.136503,1.0
0.0,50,3179.640356,1.0
-50.0,50,3180.148587,0.0
-50.0,50,3180.665936,0.0
-50.0,50,3181.161273,0.0
-50.0,50,3181.673416,0.0
-50.0,50,3182.178275,0.0
-50.0,50,3182.702125,0.0
-50.0,50,3183.200397,0.0
-50.0,50,3183.690349,0.0
-50.0,50,3184.197582,0.0
0.0,50,3184.712898,1.0
0.0,50,3185.209194,1.0
-50.0,50,3185.716261,0.0
-50.0,50,3186.214738,0.0
-50.0,50,3189.14993,0.0
-50.0,50,3189.650714,0.0
-50.0,50,3190.160328,0.0
-50.0,50,3190.663593,0.0
-50.0,50,3191.183526,0.0
-50.0,50,3191.681595,0.0
-50.0,50,3192.192437,0.0
-50.0,50,3192.700346,0.0
0.0,50,3193.231463,1.0
-50.0,50,3193.74667,0.0
-50.0,50,3194.244381,0.0
-50.0,50,3194.755347,0.0
-50.0,50,3195.292624,0.0
0.0,50,3195.801272,1.0
-50.0,50,3196.309492,0.0
-50.0,50,3196.821978,0.0
-50.0,50,3197.348068,0.0
-50.0,50,3197.846821,0.0
-50.0,50,3198.358381,0.0
-50.0,50,3198.86189,0.0
-50.0,50,3199.38582,0.0
-50.0,50,3199.891451,0.0
-50.0,50,3200.384766,0.0
-50.0,50,3200.882623,0.0
-50.0,50,3201.403485,0.0
-50.0,50,3201.911474,0.0
-50.0,50,3202.417775,0.0
-50.0,50,3202.913405,0.0
-50.0,50,3203.432621,0.0
-50.0,50,3203.933071,0.0
-50.0,50,3204.446131,0.0
-50.0,50,3204.954479,0.0
-50.0,50,3205.483154,0.0
-50.0,50,3205.969981,0.0
-50.0,50,3206.482779,0.0
-50.0,50,3206.990467,0.0
-50.0,50,3207.518719,0.0
-50.0,50,3208.032114,0.0
-50.0,50,3208.532309,0.0
-50.0,50,3209.025599,0.0
-50.0,50,3209.594993,0.0
-50.0,50,3210.105223,0.0
-50.0,50,3210.615272,0.0
-50.0,50,3211.121865,0.0
-50.0,50,3211.641123,0.0
-50.0,50,3212.13944,0.0
-50.0,50,3212.64139,0.0
-50.0,50,3213.152514,0.0
-50.0,50,3213.679952,0.0
-50.0,50,3214.19254,0.0
0.0,50,3214.683753,1.0
-50.0,50,3215.193723,0.0
-50.0,50,3215.73631,0.0
-50.0,50,3216.244929,0.0
-50.0,50,3216.75662,0.0
-50.0,50,3217.267802,0.0
-50.0,50,3217.768758,0.0
-50.0,50,3218.27299,0.0
-50.0,50,3218.783573,0.0
-50.0,50,3219.297568,0.0
-50.0,50,3219.815099,0.0
-50.0,50,3220.31044,0.0
-50.0,50,3220.813798,0.0
0.0,50,3221.327761,1.0
-50.0,50,3221.859007,0.0
-50.0,50,3222.364871,0.0
-50.0,50,3222.870874,0.0
-50.0,50,3223.365239,0.0
-50.0,50,3223.887051,0.0
-50.0,50,3224.405508,0.0
-50.0,50,3224.920332,0.0
-50.0,50,3225.437292,0.0
-50.0,50,3225.967213,0.0
-50.0,50,3226.465459,0.0
-50.0,50,3226.966143,0.0
-50.0,50,3227.471124,0.0
-50.0,50,3228.002036,0.0
-50.0,50,3228.500754,0.0
-50.0,50,3229.005418,0.0
-50.0,50,3229.490022,0.0
-50.0,50,3230.009996,0.0
-50.0,50,3230.516951,0.0
-50.0,50,3231.019846,0.0
-50.0,50,3231.517625,0.0
-50.0,50,3232.026293,0.0
-50.0,50,3232.535709,0.0
-50.0,50,3233.046943,0.0
-50.0,50,3233.554937,0.0
-50.0,50,3234.076886,0.0
-50.0,50,3234.576759,0.0
-50.0,50,3235.07495,0.0
-50.0,50,3235.586872,0.0
-50.0,50,3236.111133,0.0
-50.0,50,3236.612182,0.0
-50.0,50,3237.115968,0.0
-50.0,50,3237.607618,0.0
-50.0,50,3238.136265,0.0
-50.0,50,3238.64588,0.0
-50.0,50,3239.162566,0.0
-50.0,50,3239.669739,0.0
-50.0,50,3240.197136,0.0
-50.0,50,3240.68561,0.0
-50.0,50,3241.196969,0.0
-50.0,50,3241.714185,0.0
-50.0,50,3242.23965,0.0
-50.0,50,3242.742903,0.0
-50.0,50,3243.235187,0.0
-50.0,50,3243.725614,0.0
-50.0,50,3244.248106,0.0
-50.0,50,3244.75874,0.0
-50.0,50,3245.262958,0.0
-50.0,50,3245.767858,0.0
-50.0,50,3246.286632,0.0
-50.0,50,3246.789281,0.0
-50.0,50,3247.305179,0.0
-50.0,50,3247.8192,0.0
-50.0,50,3248.344379,0.0
-50.0,50,3248.842172,0.0
-50.0,50,3249.34137,0.0
-50.0,50,3249.853267,0.0
-50.0,50,3250.373695,0.0
-50.0,50,3250.883309,0.0
-50.0,50,3251.394321,0.0
-50.0,50,3251.882012,0.0
-50.0,50,3252.410061,0.0
-50.0,50,3252.920763,0.0
-50.0,50,3253.426909,0.0
-50.0,50,3253.929,0.0
-50.0,50,3254.458168,0.0
-50.0,50,3254.950588,0.0
-50.0,50,3255.451408,0.0
-50.0,50,3255.957076,0.0
-50.0,50,3256.471115,0.0
-50.0,50,3256.968813,0.0
-50.0,50,3257.44935,0.0
-50.0,50,3257.948164,0.0
-50.0,50,3258.481041,0.0
-50.0,50,3258.983004,0.0
-50.0,50,3259.4889,0.0
-50.0,50,3259.991865,0.0
-50.0,50,3260.508153,0.0
-50.0,50,3261.008108,0.0
-50.0,50,3261.516785,0.0
-50.0,50,3262.028996,0.0
-50.0,50,3262.568649,0.0
0.0,50,3263.077873,1.0
-50.0,50,3263.573497,0.0
-50.0,50,3264.088366,0.0
-50.0,50,3264.622159,0.0
-50.0,50,3265.126196,0.0
-50.0,50,3265.632131,0.0
-50.0,50,3266.128165,0.0
0.0,50,3266.661882,1.0
0.0,50,3267.165781,1.0
-50.0,50,3267.673876,0.0
-50.0,50,3268.182393,0.0
0.0,50,3268.722527,1.0
-50.0,50,3269.215907,0.0
-50.0,50,3269.718496,0.0
-50.0,50,3270.224181,0.0
-50.0,50,3270.747008,0.0
-50.0,50,3271.255122,0.0
-50.0,50,3271.750577,0.0
-50.0,50,3272.252033,0.0
-50.0,50,3272.786857,0.0
-50.0,50,3273.289106,0.0
-50.0,50,3273.78931,0.0
-50.0,50,3274.303011,0.0
-50.0,50,3274.814249,0.0
-50.0,50,3275.324317,0.0
-50.0,50,3275.826415,0.0
-50.0,50,3276.34045,0.0
-50.0,50,3276.879383,0.0
-50.0,50,3277.388593,0.0
-50.0,50,3277.871558,0.0
-50.0,50,3278.381785,0.0
-50.0,50,3278.914193,0.0
-50.0,50,3279.418474,0.0
-50.0,50,3279.921438,0.0
-50.0,50,3280.422715,0.0
-50.0,50,3280.946523,0.0
-50.0,50,3281.459192,0.0
-50.0,50,3281.971609,0.0
-50.0,50,3282.48649,0.0
-50.0,50,3283.025966,0.0
-50.0,50,3283.531733,0.0
-50.0,50,3284.038464,0.0
-50.0,50,3284.549432,0.0
-50.0,50,3285.077203,0.0
-50.0,50,3285.574316,0.0
-50.0,50,3286.079734,0.0
-50.0,50,3286.567268,0.0
-50.0,50,3287.091274,0.0
-50.0,50,3287.593181,0.0
-50.0,50,3288.093637,0.0
-50.0,50,3288.601483,0.0
-50.0,50,3289.131313,0.0
-50.0,50,3289.61224,0.0
-50.0,50,3290.113499,0.0
-50.0,50,3290.61921,0.0
-50.0,50,3293.513362,0.0
-50.0,50,3293.998711,0.0
-50.0,50,3294.503582,0.0
-50.0,50,3295.011816,0.0
-50.0,50,3295.548645,0.0
-50.0,50,3296.058367,0.0
-50.0,50,3296.564492,0.0
-50.0,50,3297.068574,0.0
-50.0,50,3297.590488,0.0
-50.0,50,3298.0854,0.0
-50.0,50,3298.58995,0.0
-50.0,50,3299.099354,0.0
-50.0,50,3299.615344,0.0
-50.0,50,3300.118621,0.0
-50.0,50,3300.62069,0.0
-50.0,50,3301.128696,0.0
-50.0,50,3301.648473,0.0
-50.0,50,3302.137441,0.0
-50.0,50,3302.633774,0.0
-50.0,50,3303.142388,0.0
-50.0,50,3303.669057,0.0
0.0,50,3304.166483,1.0
-50.0,50,3304.671674,0.0
-50.0,50,3305.154609,0.0
-50.0,50,3305.688121,0.0
-50.0,50,3306.190738,0.0
-50.0,50,3306.701008,0.0
-50.0,50,3307.203279,0.0
-50.0,50,3307.719845,0.0
-50.0,50,3308.214539,0.0
-50.0,50,3308.726401,0.0
-50.0,50,3309.230229,0.0
-50.0,50,3309.749995,0.0
-50.0,50,3310.257115,0.0
-50.0,50,3310.744972,0.0
-50.0,50,3311.247995,0.0
-50.0,50,3311.766258,0.0
-50.0,50,3312.279819,0.0
-50.0,50,3312.792621,0.0
-50.0,50,3313.294065,0.0
-50.0,50,3313.804148,0.0
-50.0,50,3314.316783,0.0
-50.0,50,3314.819385,0.0
-50.0,50,3315.328177,0.0
-50.0,50,3315.846427,0.0
-50.0,50,3316.336491,0.0
-50.0,50,3316.846597,0.0
-50.0,50,3317.35317,0.0
-50.0,50,3317.879603,0.0
0.0,50,3318.380562,1.0
-50.0,50,3318.871211,0.0
-50.0,50,3319.399461,0.0
-50.0,50,3319.905669,0.0
-50.0,50,3320.391631,0.0
-50.0,50,3320.933427,0.0
-50.0,50,3321.430946,0.0
-50.0,50,3321.94833,0.0
-50.0,50,3322.435458,0.0
-50.0,50,3322.916761,0.0
-50.0,50,3323.407558,0.0
-50.0,50,3323.925792,0.0
-50.0,50,3324.404953,0.0
-50.0,50,3324.896803,0.0
-50.0,50,3325.390934,0.0
-50.0,50,3325.893872,0.0
-50.0,50,3326.369684,0.0
-50.0,50,3326.854954,0.0
-50.0,50,3327.338547,0.0
-50.0,50,3327.840749,0.0
-50.0,50,3328.336866,0.0
-50.0,50,3328.833279,0.0
-50.0,50,3329.339248,0.0
-50.0,50,3329.870777,0.0
-50.0,50,3330.367356,0.0
-50.0,50,3330.884615,0.0
0.0,50,3331.395559,1.0
-50.0,50,3331.922293,0.0
-50.0,50,3332.436254,0.0
-50.0,50,3332.93236,0.0
-50.0,50,3333.433621,0.0
-50.0,50,3333.971689,0.0
-50.0,50,3334.483579,0.0
-50.0,50,3334.997376,0.0
0.0,50,3335.504014,1.0
-50.0,50,3336.018696,0.0
-50.0,50,3336.515719,0.0
-50.0,50,3337.025108,0.0
-50.0,50,3337.533809,0.0
-50.0,50,3338.05132,0.0
-50.0,50,3338.563674,0.0
-50.0,50,3339.055299,0.0
-50.0,50,3339.565899,0.0
-50.0,50,3340.082861,0.0
-50.0,50,3340.586265,0.0
-50.0,50,3341.102837,0.0
-50.0,50,3341.611894,0.0
0.0,50,3342.119761,1.0
-50.0,50,3342.631829,0.0
-50.0,50,3343.141333,0.0
-50.0,50,3343.644006,0.0
-50.0,50,3344.168946,0.0
-50.0,50,3344.66759,0.0
-50.0,50,3345.160824,0.0
-50.0,50,3345.671329,0.0
-50.0,50,3346.199163,0.0
-50.0,50,3346.697839,0.0
-43.0,50,3347.197402,0.0
-50.0,50,3347.691749,0.0
-50.0,50,3348.211082,0.0
-50.0,50,3348.71548,0.0
-50.0,50,3349.223153,0.0
-50.0,50,3349.725691,0.0
-50.0,50,3350.246258,0.0
-50.0,50,3350.751947,0.0
-50.0,50,3351.25823,0.0
-50.0,50,3351.764677,0.0
-50.0,50,3352.291375,0.0
-50.0,50,3352.802122,0.0
-50.0,50,3353.292361,0.0
-50.0,50,3353.812281,0.0
-50.0,50,3354.336155,0.0
-50.0,50,3354.847333,0.0
-50.0,50,3355.360025,0.0
-50.0,50,3355.866392,0.0
-50.0,50,3356.383287,0.0
-50.0,50,3356.898003,0.0
-50.0,50,3357.408651,0.0
-50.0,50,3357.923612,0.0
-50.0,50,3358.454348,0.0
-50.0,50,3358.958292,0.0
-50.0,50,3359.454199,0.0
0.0,50,3359.96295,1.0
-50.0,50,3360.49479,0.0
-50.0,50,3361.010238,0.0
-50.0,50,3361.526174,0.0
-50.0,50,3362.028608,0.0
-50.0,50,3362.547105,0.0
-50.0,50,3363.060364,0.0
-50.0,50,3363.574371,0.0
-50.0,50,3364.086708,0.0
-50.0,50,3364.613911,0.0
-50.0,50,3365.120479,0.0
-50.0,50,3365.615927,0.0
-50.0,50,3366.132503,0.0
-50.0,50,3366.655565,0.0
-50.0,50,3367.175172,0.0
-50.0,50,3367.677334,0.0
-50.0,50,3368.16793,0.0
-50.0,50,3368.695162,0.0
-50.0,50,3369.213684,0.0
-50.0,50,3369.72653,0.0
-50.0,50,3370.23325,0.0
-50.0,50,3370.777141,0.0
-50.0,50,3371.258378,0.0
-50.0,50,3371.7662,0.0
-50.0,50,3372.268572,0.0
-50.0,50,3372.786589,0.0
-50.0,50,3373.289323,0.0
-50.0,50,3373.793171,0.0
-50.0,50,3374.298458,0.0
-50.0,50,3374.814597,0.0
-50.0,50,3375.329098,0.0
-50.0,50,3375.834016,0.0
0.0,50,3376.34493,1.0
-50.0,50,3376.857186,0.0
-50.0,50,3377.372457,0.0
-50.0,50,3377.873667,0.0
-50.0,50,3378.376766,0.0
-50.0,50,3378.894814,0.0
-50.0,50,3379.390854,0.0
-50.0,50,3379.880919,0.0
-50.0,50,3380.404423,0.0
0.0,50,3380.918636,1.0
-50.0,50,3381.42024,0.0
-50.0,50,3381.931991,0.0
-50.0,50,3382.429221,0.0
-50.0,50,3382.954214,0.0
-50.0,50,3383.454187,0.0
-50.0,50,3383.960893,0.0
-50.0,50,3384.477201,0.0
-50.0,50,3385.01009,0.0
-50.0,50,3385.513633,0.0
-50.0,50,3386.027494,0.0
-50.0,50,3386.541024,0.0
-50.0,50,3387.068839,0.0
-50.0,50,3387.584874,0.0
-50.0,50,3388.083959,0.0
-50.0,50,3388.587701,0.0
-50.0,50,3389.104609,0.0
-50.0,50,3389.612054,0.0
-50.0,50,3390.123207,0.0
0.0,50,3390.624854,1.0
-50.0,50,3391.138488,0.0
-50.0,50,3391.648935,0.0
-50.0,50,3392.161694,0.0
-50.0,50,3392.681377,0.0
-50.0,50,3393.20108,0.0
-50.0,50,3393.703625,0.0
-50.0,50,3394.197469,0.0
-50.0,50,3394.700727,0.0
-50.0,50,3397.548845,0.0
-50.0,50,3398.06565,0.0
-50.0,50,3398.567779,0.0
-50.0,50,3399.079134,0.0
-50.0,50,3399.606907,0.0
-50.0,50,3400.11263,0.0
0.0,50,3400.614685,1.0
-50.0,50,3401.110162,0.0
-50.0,50,3401.626031,0.0
-50.0,50,3402.139533,0.0
-50.0,50,3402.649417,0.0
-50.0,50,3403.159853,0.0
0.0,50,3403.692315,1.0
-50.0,50,3404.185924,0.0
-50.0,50,3404.68941,0.0
-50.0,50,3405.202403,0.0
-50.0,50,3405.746145,0.0
-50.0,50,3406.250668,0.0
-50.0,50,3406.76265,0.0
-50.0,50,3407.257619,0.0
-50.0,50,3407.772517,0.0
-50.0,50,3408.280853,0.0
-50.0,50,3408.784179,0.0
-50.0,50,3409.293398,0.0
-50.0,50,3409.821716,0.0
-50.0,50,3410.305556,0.0
-47.0,50,3410.811909,0.0
-50.0,50,3411.319248,0.0
-50.0,50,3411.844905,0.0
-50.0,50,3412.351227,0.0
-50.0,50,3412.859433,0.0
-50.0,50,3413.356974,0.0
-50.0,50,3413.875782,0.0
-50.0,50,3414.381681,0.0
-50.0,50,3414.899057,0.0
-50.0,50,3415.402621,0.0
-50.0,50,3415.897553,0.0
-50.0,50,3416.397977,0.0
-50.0,50,3416.898821,0.0
-50.0,50,3417.3987,0.0
-50.0,50,3417.91568,0.0
-50.0,50,3418.421654,0.0
-50.0,50,3418.919446,0.0
-50.0,50,3419.417865,0.0
-50.0,50,3419.942643,0.0
-50.0,50,3420.447052,0.0
-50.0,50,3420.939002,0.0
-50.0,50,3421.441605,0.0
-50.0,50,3421.961816,0.0
-50.0,50,3422.479437,0.0
-50.0,50,3422.979122,0.0
-50.0,50,3423.488961,0.0
-50.0,50,3424.007005,0.0
-50.0,50,3424.508476,0.0
-50.0,50,3425.015598,0.0
-50.0,50,3425.536406,0.0
-50.0,50,3426.053997,0.0
-50.0,50,3426.548132,0.0
-50.0,50,3427.038014,0.0
-50.0,50,3427.542218,0.0
-50.0,50,3428.057906,0.0
-50.0,50,3428.571824,0.0
-50.0,50,3429.089333,0.0
-50.0,50,3429.573007,0.0
-50.0,50,3430.10066,0.0
-50.0,50,3430.608827,0.0
-50.0,50,3431.119537,0.0
-50.0,50,3431.630147,0.0
-50.0,50,3432.153537,0.0
-50.0,50,3432.645933,0.0
-50.0,50,3433.143943,0.0
-50.0,50,3433.653885,0.0
-50.0,50,3434.173718,0.0
-50.0,50,3434.676863,0.0
-50.0,50,3435.165521,0.0
-50.0,50,3435.663517,0.0
-50.0,50,3436.191319,0.0
-50.0,50,3436.695662,0.0
-50.0,50,3437.205854,0.0
-50.0,50,3437.717937,0.0
-50.0,50,3438.228084,0.0
-50.0,50,3438.732087,0.0
-50.0,50,3439.240735,0.0
-50.0,50,3439.746049,0.0
-50.0,50,3440.278136,0.0
-50.0,50,3440.791836,0.0
-50.0,50,3441.284684,0.0
-50.0,50,3441.794518,0.0
-50.0,50,3442.323723,0.0
-50.0,50,3442.843976,0.0
-50.0,50,3443.364979,0.0
0.0,50,3443.885796,1.0
-50.0,50,3444.393384,0.0
-50.0,50,3444.90717,0.0
-50.0,50,3445.417511,0.0
-50.0,50,3445.933057,0.0
-50.0,50,3446.464117,0.0
-50.0,50,3446.976715,0.0
-50.0,50,3447.456338,0.0
-50.0,50,3447.952051,0.0
-50.0,50,3448.500385,0.0
-50.0,50,3448.996183,0.0
-50.0,50,3449.50252,0.0
-50.0,50,3449.978331,0.0
-50.0,50,3450.521242,0.0
-50.0,50,3451.029584,0.0
-50.0,50,3451.535794,0.0
-50.0,50,3452.044151,0.0
-50.0,50,3452.563191,0.0
-50.0,50,3453.047858,0.0
-50.0,50,3453.55874,0.0
-50.0,50,3454.065266,0.0
-50.0,50,3454.593277,0.0
-50.0,50,3455.099903,0.0
-50.0,50,3455.597466,0.0
-50.0,50,3456.099905,0.0
-50.0,50,3456.621612,0.0
-50.0,50,3457.131546,0.0
-50.0,50,3457.635834,0.0
-50.0,50,3458.138841,0.0
-50.0,50,3458.647336,0.0
-50.0,50,3459.159634,0.0
-50.0,50,3459.663945,0.0
-50.0,50,3460.174723,0.0
-50.0,50,3460.695074,0.0
-50.0,50,3461.196391,0.0
-50.0,50,3461.700281,0.0
-50.0,50,3462.225873,0.0
0.0,50,3462.745837,1.0
-50.0,50,3463.257754,0.0
-50.0,50,3463.766194,0.0
-50.0,50,3464.26035,0.0
-50.0,50,3464.772182,0.0
-50.0,50,3465.286574,0.0
-50.0,50,3465.800043,0.0
-50.0,50,3466.318193,0.0
-50.0,50,3466.85317,0.0
-50.0,50,3467.356637,0.0
-50.0,50,3467.867354,0.0
-50.0,50,3468.386958,0.0
-50.0,50,3468.917179,0.0
-50.0,50,3469.434214,0.0
-50.0,50,3469.94188,0.0
-50.0,50,3470.442091,0.0
-50.0,50,3470.96598,0.0
-50.0,50,3471.471032,0.0
0.0,50,3471.972231,1.0
-50.0,50,3472.495962,0.0
-50.0,50,3473.056388,0.0
-50.0,50,3473.56227,0.0
-50.0,50,3474.068136,0.0
-50.0,50,3474.583556,0.0
-50.0,50,3475.112705,0.0
-50.0,50,3475.627521,0.0
-50.0,50,3476.14205,0.0
-50.0,50,3476.639183,0.0
-50.0,50,3477.165243,0.0
-50.0,50,3477.681506,0.0
0.0,50,3478.194973,1.0
-50.0,50,3478.709654,0.0
-50.0,50,3479.231622,0.0
-50.0,50,3479.729633,0.0
-50.0,50,3480.234329,0.0
-50.0,50,3480.744944,0.0
-50.0,50,3481.274196,0.0
-50.0,50,3481.781586,0.0
0.0,50,3482.281345,1.0
0.0,50,3482.783779,1.0
-50.0,50,3483.311525,0.0
-50.0,50,3483.828539,0.0
-50.0,50,3484.33825,0.0
-50.0,50,3484.85796,0.0
-50.0,50,3485.379287,0.0
-50.0,50,3485.888455,0.0
-50.0,50,3486.401289,0.0
-50.0,50,3486.92019,0.0
-50.0,50,3487.451296,0.0
-50.0,50,3487.956775,0.0
-50.0,50,3488.461272,0.0
-50.0,50,3488.974657,0.0
-50.0,50,3489.507444,0.0
-50.0,50,3490.025063,0.0
0.0,50,3490.54045,1.0
-50.0,50,3491.047737,0.0
-50.0,50,3491.557006,0.0
-50.0,50,3492.069386,0.0
0.0,50,3492.577433,1.0
-50.0,50,3493.089612,0.0
-50.0,50,3493.624896,0.0
-50.0,50,3494.137152,0.0
-50.0,50,3494.639386,0.0
-50.0,50,3495.154491,0.0
-50.0,50,3495.681579,0.0
-50.0,50,3496.188133,0.0
-50.0,50,3496.707423,0.0
-50.0,50,3497.223958,0.0
-50.0,50,3497.738516,0.0
-50.0,50,3498.243217,0.0
-50.0,50,3498.758235,0.0
-50.0,50,3499.260761,0.0
-50.0,50,3502.089182,0.0
-50.0,50,3502.600766,0.0
-50.0,50,3503.113856,0.0
-50.0,50,3503.636627,0.0
-50.0,50,3504.162664,0.0
-50.0,50,3504.682582,0.0
-50.0,50,3505.188701,0.0
-50.0,50,3505.700984,0.0
-50.0,50,3506.239705,0.0
-50.0,50,3506.747374,0.0
-50.0,50,3507.253807,0.0
-50.0,50,3507.760724,0.0
-50.0,50,3508.273409,0.0
-50.0,50,3508.78124,0.0
-50.0,50,3509.289149,0.0
-50.0,50,3509.797812,0.0
-50.0,50,3510.318283,0.0
-50.0,50,3510.826818,0.0
-50.0,50,3511.316,0.0
-50.0,50,3511.817434,0.0
-50.0,50,3512.343655,0.0
-50.0,50,3512.851267,0.0
-50.0,50,3513.359345,0.0
-50.0,50,3513.848755,0.0
-50.0,50,3514.369128,0.0
-50.0,50,3514.883227,0.0
-50.0,50,3515.387933,0.0
-50.0,50,3515.894129,0.0
-50.0,50,3516.438498,0.0
-50.0,50,3516.937575,0.0
0.0,50,3517.439255,1.0
-50.0,50,3517.944119,0.0
-50.0,50,3518.470358,0.0
-50.0,50,3518.982285,0.0
-50.0,50,3519.494193,0.0
-50.0,50,3519.980773,0.0
-50.0,50,3520.506861,0.0
0.0,50,3521.025597,1.0
-50.0,50,3521.535101,0.0
0.0,50,3522.039592,1.0
-50.0,50,3522.553997,0.0
0.0,50,3523.060137,1.0
-50.0,50,3523.571853,0.0
-50.0,50,3524.080478,0.0
-50.0,50,3524.603289,0.0
-50.0,50,3525.118938,0.0
-50.0,50,3525.626111,0.0
-50.0,50,3526.136656,0.0
-50.0,50,3526.674599,0.0
-50.0,50,3527.190609,0.0
-50.0,50,3527.710238,0.0
-50.0,50,3528.223666,0.0
-50.0,50,3528.746558,0.0
-50.0,50,3529.241656,0.0
-50.0,50,3529.747844,0.0
-50.0,50,3530.253307,0.0
-50.0,50,3530.777848,0.0
-50.0,50,3531.288759,0.0
-50.0,50,3531.789582,0.0
-50.0,50,3532.306014,0.0
-50.0,50,3532.83804,0.0
-50.0,50,3533.348133,0.0
-50.0,50,3533.866987,0.0
-50.0,50,3534.382591,0.0
-50.0,50,3534.898244,0.0
0.0,50,3535.400259,1.0
-50.0,50,3535.919049,0.0
0.0,50,3536.422982,1.0
-50.0,50,3536.951943,0.0
-50.0,50,3537.46774,0.0
-50.0,50,3537.965259,0.0
-50.0,50,3538.48377,0.0
-50.0,50,3539.019405,0.0
-50.0,50,3539.532505,0.0
-50.0,50,3540.047135,0.0
0.0,50,3540.564862,1.0
-50.0,50,3541.080576,0.0
0.0,50,3541.594389,1.0
-50.0,50,3542.104649,0.0
-50.0,50,3542.627992,0.0
-50.0,50,3543.153931,0.0
-50.0,50,3543.669384,0.0
-50.0,50,3544.159695,0.0
-50.0,50,3544.667243,0.0
-50.0,50,3545.196795,0.0
-50.0,50,3545.708298,0.0
-50.0,50,3546.215154,0.0
-50.0,50,3546.71938,0.0
-50.0,50,3547.232981,0.0
-50.0,50,3547.748106,0.0
-50.0,50,3548.2553,0.0
-50.0,50,3548.761638,0.0
-50.0,50,3549.287884,0.0
-50.0,50,3549.795521,0.0
-50.0,50,3550.297773,0.0
-50.0,50,3550.806831,0.0
-50.0,50,3551.331334,0.0
-50.0,50,3551.8441,0.0
-50.0,50,3552.357054,0.0
-50.0,50,3552.851149,0.0
0.0,50,3553.371091,1.0
-50.0,50,3553.883233,0.0
-50.0,50,3554.397934,0.0
-50.0,50,3554.90269,0.0
-50.0,50,3555.434478,0.0
-50.0,50,3555.932839,0.0
-50.0,50,3556.444907,0.0
-50.0,50,3556.962529,0.0
-50.0,50,3557.490203,0.0
-50.0,50,3557.996437,0.0
-50.0,50,3558.505228,0.0
-50.0,50,3559.005975,0.0
-50.0,50,3559.527792,0.0
-50.0,50,3560.045542,0.0
-50.0,50,3560.562199,0.0
-50.0,50,3561.068131,0.0
-50.0,50,3561.580013,0.0
-50.0,50,3562.075158,0.0
-50.0,50,3562.584294,0.0
-50.0,50,3563.09748,0.0
-50.0,50,3563.623037,0.0
-50.0,50,3564.136782,0.0
-50.0,50,3564.642352,0.0
-50.0,50,3565.149989,0.0
0.0,50,3565.686924,1.0
-50.0,50,3566.208354,0.0
-50.0,50,3566.72722,0.0
-50.0,50,3567.235279,0.0
-50.0,50,3567.746287,0.0
-50.0,50,3568.241069,0.0
-50.0,50,3568.746135,0.0
-50.0,50,3569.259652,0.0
-50.0,50,3569.794541,0.0
-50.0,50,3570.297942,0.0
-50.0,50,3570.78932,0.0
-50.0,50,3571.298536,0.0
-50.0,50,3571.816293,0.0
-50.0,50,3572.320413,0.0
-50.0,50,3572.830959,0.0
-50.0,50,3573.330713,0.0
-50.0,50,3573.850789,0.0
-50.0,50,3574.356266,0.0
-50.0,50,3574.860994,0.0
-50.0,50,3575.363598,0.0
-50.0,50,3575.88599,0.0
-50.0,50,3576.378761,0.0
-50.0,50,3576.881021,0.0
-50.0,50,3577.38719,0.0
-50.0,50,3577.913304,0.0
-50.0,50,3578.421965,0.0
-50.0,50,3578.918913,0.0
-50.0,50,3579.417151,0.0
-50.0,50,3579.94728,0.0
-50.0,50,3580.457648,0.0
-50.0,50,3580.959569,0.0
-50.0,50,3581.472601,0.0
-50.0,50,3582.00382,0.0
-50.0,50,3582.504147,0.0
-50.0,50,3583.015186,0.0
-50.0,50,3583.521825,0.0
-50.0,50,3584.055391,0.0
-50.0,50,3584.575409,0.0
-50.0,50,3585.057875,0.0
-50.0,50,3585.566594,0.0
-50.0,50,3586.079635,0.0
-50.0,50,3586.578543,0.0
-50.0,50,3587.0766,0.0
-50.0,50,3587.569752,0.0
-50.0,50,3588.085863,0.0
-50.0,50,3588.59251,0.0
-50.0,50,3589.096732,0.0
-50.0,50,3589.608757,0.0
0.0,50,3590.151055,1.0
-50.0,50,3590.637428,0.0
-50.0,50,3591.142632,0.0
-50.0,50,3591.646979,0.0
0.0,50,3592.185714,1.0
-50.0,50,3592.689345,0.0
-50.0,50,3593.201911,0.0
-50.0,50,3593.68481,0.0
-50.0,50,3594.206508,0.0
-50.0,50,3594.719155,0.0
-50.0,50,3595.215526,0.0
-50.0,50,3595.717433,0.0
-50.0,50,3596.223886,0.0
-50.0,50,3596.723897,0.0
-50.0,50,3597.227234,0.0
-50.0,50,3597.740722,0.0
-50.0,50,3598.274308,0.0
-50.0,50,3598.787172,0.0
-50.0,50,3599.275404,0.0
-50.0,50,3599.78858,0.0
-50.0,50,3600.30297,0.0
-50.0,50,3600.807537,0.0
-50.0,50,3601.31386,0.0
-50.0,50,3601.802156,0.0
-50.0,50,3602.322518,0.0
-50.0,50,3602.831522,0.0
-50.0,50,3603.343674,0.0
-50.0,50,3603.85451,0.0
-50.0,50,3606.766629,0.0
-50.0,50,3607.259512,0.0
-50.0,50,3607.764006,0.0
-50.0,50,3608.263189,0.0
0.0,50,3608.78673,1.0
-50.0,50,3609.293815,0.0
-50.0,50,3609.786968,0.0
-50.0,50,3610.289883,0.0
-50.0,50,3610.807929,0.0
-50.0,50,3611.311573,0.0
-50.0,50,3611.818465,0.0
-50.0,50,3612.309062,0.0
-50.0,50,3612.831565,0.0
-50.0,50,3613.33944,0.0
-50.0,50,3613.841569,0.0
-50.0,50,3614.35047,0.0
-50.0,50,3614.86625,0.0
-50.0,50,3615.352837,0.0
-50.0,50,3615.861385,0.0
-50.0,50,3616.366351,0.0
-50.0,50,3616.89377,0.0
-50.0,50,3617.401579,0.0
-50.0,50,3617.903603,0.0
-50.0,50,3618.401663,0.0
-50.0,50,3618.929218,0.0
-50.0,50,3619.443282,0.0
-50.0,50,3619.954953,0.0
-50.0,50,3620.467862,0.0
-50.0,50,3620.961762,0.0
-50.0,50,3621.470645,0.0
-50.0,50,3621.977669,0.0
-50.0,50,3622.486783,0.0
0.0,50,3623.022718,1.0
-50.0,50,3623.523889,0.0
-50.0,50,3624.024684,0.0
-50.0,50,3624.53451,0.0
-50.0,50,3625.061631,0.0
-50.0,50,3625.575873,0.0
-50.0,50,3626.102153,0.0
-50.0,50,3626.608845,0.0
-50.0,50,3627.123383,0.0
-50.0,50,3627.628003,0.0
-50.0,50,3628.134069,0.0
-50.0,50,3628.639976,0.0
-50.0,50,3629.164717,0.0
-50.0,50,3629.648754,0.0
-50.0,50,3630.164885,0.0
-50.0,50,3630.679121,0.0
-50.0,50,3631.193178,0.0
-50.0,50,3631.69566,0.0
-50.0,50,3632.189865,0.0
-50.0,50,3632.68575,0.0
-50.0,50,3633.207388,0.0
-50.0,50,3633.719091,0.0
-50.0,50,3634.229317,0.0
-50.0,50,3634.739994,0.0
-50.0,50,3635.258203,0.0
-50.0,50,3635.759014,0.0
-50.0,50,3636.262086,0.0
-50.0,50,3636.773272,0.0
-50.0,50,3637.290618,0.0
-50.0,50,3637.7928,0.0
-50.0,50,3638.285312,0.0
-50.0,50,3638.797577,0.0
-50.0,50,3639.322544,0.0
-50.0,50,3639.834337,0.0
-50.0,50,3640.343882,0.0
-50.0,50,3640.844919,0.0
-50.0,50,3641.359235,0.0
-50.0,50,3641.870802,0.0
-50.0,50,3642.382257,0.0
-50.0,50,3642.898531,0.0
-50.0,50,3643.427329,0.0
-50.0,50,3643.925445,0.0
-50.0,50,3644.419359,0.0
-50.0,50,3644.932175,0.0
-50.0,50,3645.463747,0.0
-50.0,50,3645.97743,0.0
-50.0,50,3646.481101,0.0
-50.0,50,3646.966608,0.0
-50.0,50,3647.491305,0.0
-50.0,50,3647.999674,0.0
-50.0,50,3648.518118,0.0
0.0,50,3649.031222,1.0
-50.0,50,3649.554615,0.0
-50.0,50,3650.041338,0.0
-50.0,50,3650.552535,0.0
-50.0,50,3651.054917,0.0
-50.0,50,3651.572963,0.0
-50.0,50,3652.076382,0.0
-50.0,50,3652.567945,0.0
-50.0,50,3653.078356,0.0
-50.0,50,3653.604004,0.0
-50.0,50,3654.109313,0.0
-50.0,50,3654.606174,0.0
-50.0,50,3655.09489,0.0
-50.0,50,3655.606324,0.0
-50.0,50,3656.119349,0.0
-50.0,50,3656.624133,0.0
-50.0,50,3657.127119,0.0
-50.0,50,3657.660206,0.0
-50.0,50,3658.147371,0.0
-50.0,50,3658.652329,0.0
-50.0,50,3659.163613,0.0
-50.0,50,3659.684657,0.0
-50.0,50,3660.198844,0.0
-50.0,50,3660.696238,0.0
-50.0,50,3661.195494,0.0
0.0,50,3661.709163,1.0
-50.0,50,3662.213262,0.0
-50.0,50,3662.722422,0.0
-50.0,50,3663.22751,0.0
-50.0,50,3663.725818,0.0
-50.0,50,3664.23126,0.0
-50.0,50,3664.740243,0.0
-50.0,50,3665.243929,0.0
-50.0,50,3665.769601,0.0
-50.0,50,3666.273691,0.0
-50.0,50,3666.7622,0.0
-50.0,50,3667.273012,0.0
-50.0,50,3667.801394,0.0
-50.0,50,3668.312102,0.0
-50.0,50,3668.813041,0.0
-50.0,50,3669.304086,0.0
-50.0,50,3669.815462,0.0
-50.0,50,3670.321176,0.0
-50.0,50,3670.821007,0.0
-50.0,50,3671.331047,0.0
-50.0,50,3671.864686,0.0
0.0,50,3672.344757,1.0
-50.0,50,3672.854257,0.0
0.0,50,3673.353055,1.0
-50.0,50,3673.875228,0.0
-50.0,50,3674.385128,0.0
-50.0,50,3674.882998,0.0
-50.0,50,3675.375106,0.0
-50.0,50,3675.898951,0.0
-50.0,50,3676.414222,0.0
-50.0,50,3676.926375,0.0
-50.0,50,3677.440386,0.0
0.0,50,3677.93396,1.0
-50.0,50,3678.447202,0.0
-50.0,50,3678.958321,0.0
-50.0,50,3679.467158,0.0
-50.0,50,3679.99644,0.0
-50.0,50,3680.504595,0.0
-50.0,50,3681.000393,0.0
-50.0,50,3681.507184,0.0
-50.0,50,3682.037314,0.0
0.0,50,3682.541151,1.0
-50.0,50,3683.055102,0.0
-50.0,50,3683.546876,0.0
-50.0,50,3684.068594,0.0
0.0,50,3684.566077,1.0
-50.0,50,3685.078412,0.0
-50.0,50,3685.587701,0.0
-50.0,50,3686.111255,0.0
-50.0,50,3686.598307,0.0
-50.0,50,3687.108311,0.0
-50.0,50,3687.617969,0.0
-50.0,50,3688.1469,0.0
-50.0,50,3688.658896,0.0
-50.0,50,3689.153058,0.0
-50.0,50,3689.652755,0.0
0.0,50,3690.223267,1.0
-50.0,50,3690.736624,0.0
-50.0,50,3691.245174,0.0
-50.0,50,3691.754885,0.0
-50.0,50,3692.267776,0.0
-50.0,50,3692.764581,0.0
-50.0,50,3693.267273,0.0
-50.0,50,3693.77657,0.0
-50.0,50,3694.298215,0.0
-50.0,50,3694.811712,0.0
-50.0,50,3695.309242,0.0
-50.0,50,3695.810922,0.0
0.0,50,3696.330314,1.0
-50.0,50,3696.83866,0.0
-50.0,50,3697.341419,0.0
-50.0,50,3697.843349,0.0
-50.0,50,3698.348781,0.0
-50.0,50,3698.856802,0.0
-50.0,50,3699.366687,0.0
-50.0,50,3699.863593,0.0
-50.0,50,3700.386629,0.0
-50.0,50,3700.879674,0.0
-50.0,50,3701.374671,0.0
-50.0,50,3701.881646,0.0
-50.0,50,3702.402171,0.0
-50.0,50,3702.911991,0.0
-50.0,50,3703.410432,0.0
-50.0,50,3703.903059,0.0
-50.0,50,3704.434215,0.0
0.0,50,3704.940379,1.0
-50.0,50,3705.447113,0.0
-50.0,50,3705.960811,0.0
-50.0,50,3706.50109,0.0
-50.0,50,3706.999552,0.0
-50.0,50,3707.496921,0.0
-50.0,50,3707.999153,0.0
-50.0,50,3710.822016,0.0
0.0,50,3711.323348,1.0
-50.0,50,3711.828952,0.0
-50.0,50,3712.337724,0.0
-50.0,50,3712.867389,0.0
-50.0,50,3713.388275,0.0
-50.0,50,3713.884444,0.0
-50.0,50,3714.388322,0.0
-50.0,50,3714.910264,0.0
-50.0,50,3715.40933,0.0
-50.0,50,3715.919517,0.0
-50.0,50,3716.41635,0.0
-50.0,50,3716.919519,0.0
-50.0,50,3717.427785,0.0
-50.0,50,3717.931824,0.0
-50.0,50,3718.437218,0.0
-50.0,50,3718.964024,0.0
-50.0,50,3719.466624,0.0
-50.0,50,3719.970628,0.0
-50.0,50,3720.484615,0.0
-50.0,50,3721.011225,0.0
-50.0,50,3721.522084,0.0
-50.0,50,3722.028341,0.0
-50.0,50,3722.526155,0.0
-50.0,50,3723.053063,0.0
-50.0,50,3723.561793,0.0
-50.0,50,3724.073972,0.0
-50.0,50,3724.588848,0.0
-50.0,50,3725.115886,0.0
-50.0,50,3725.604908,0.0
-50.0,50,3726.117767,0.0
-50.0,50,3726.627818,0.0
-50.0,50,3727.158589,0.0
-50.0,50,3727.665366,0.0
-50.0,50,3728.171043,0.0
-50.0,50,3728.66481,0.0
-50.0,50,3729.199815,0.0
-50.0,50,3729.708515,0.0
-50.0,50,3730.219372,0.0
-50.0,50,3730.731785,0.0
-50.0,50,3731.248211,0.0
-50.0,50,3731.750437,0.0
-50.0,50,3732.253128,0.0
0.0,50,3732.755702,1.0
-50.0,50,3733.277677,0.0
-50.0,50,3733.785945,0.0
-50.0,50,3734.270675,0.0
-50.0,50,3734.779286,0.0
-50.0,50,3735.30768,0.0
-50.0,50,3735.816055,0.0
-50.0,50,3736.332893,0.0
-50.0,50,3736.835312,0.0
0.0,50,3737.354398,1.0
-50.0,50,3737.857782,0.0
-50.0,50,3738.360834,0.0
-50.0,50,3738.870896,0.0
-50.0,50,3739.401727,0.0
-50.0,50,3739.896591,0.0
-50.0,50,3740.405548,0.0
-50.0,50,3740.924014,0.0
-50.0,50,3741.451894,0.0
-50.0,50,3741.971876,0.0
-50.0,50,3742.492172,0.0
-50.0,50,3743.006378,0.0
-50.0,50,3743.518733,0.0
-50.0,50,3744.030291,0.0
-50.0,50,3744.547741,0.0
-50.0,50,3745.056226,0.0
-50.0,50,3745.590928,0.0
-50.0,50,3746.101658,0.0
-50.0,50,3746.603896,0.0
-50.0,50,3747.117727,0.0
-50.0,50,3747.641154,0.0
-50.0,50,3748.150885,0.0
-50.0,50,3748.651915,0.0
-50.0,50,3749.136174,0.0
-50.0,50,3749.661365,0.0
-50.0,50,3750.158753,0.0
-50.0,50,3750.669285,0.0
-50.0,50,3751.183378,0.0
-50.0,50,3751.692241,0.0
-50.0,50,3752.192932,0.0
-50.0,50,3752.704893,0.0
-50.0,50,3753.214226,0.0
-50.0,50,3753.744624,0.0
-50.0,50,3754.253022,0.0
-50.0,50,3754.742155,0.0
-50.0,50,3755.250722,0.0
-50.0,50,3755.77321,0.0
-50.0,50,3756.275303,0.0
-50.0,50,3756.78817,0.0
0.0,50,3757.291685,1.0
-50.0,50,3757.798558,0.0
-50.0,50,3758.321225,0.0
-50.0,50,3758.834127,0.0
-50.0,50,3759.342235,0.0
-50.0,50,3759.872139,0.0
-50.0,50,3760.380053,0.0
-12.0,50,3760.88122,0.0
-50.0,50,3761.389215,0.0
-50.0,50,3761.93114,0.0
-50.0,50,3762.440363,0.0
-50.0,50,3762.953071,0.0
-50.0,50,3763.455042,0.0
-50.0,50,3763.965401,0.0
-50.0,50,3764.466193,0.0
-50.0,50,3764.971272,0.0
-50.0,50,3765.480329,0.0
-50.0,50,3766.017072,0.0
-50.0,50,3766.508561,0.0
-50.0,50,3767.00332,0.0
-50.0,50,3767.521159,0.0
-50.0,50,3768.060234,0.0
-50.0,50,3768.586297,0.0
-50.0,50,3769.093997,0.0
-50.0,50,3769.600589,0.0
-50.0,50,3770.126344,0.0
-50.0,50,3770.634908,0.0
-50.0,50,3771.141157,0.0
-50.0,50,3771.64641,0.0
-50.0,50,3772.17066,0.0
-50.0,50,3772.663954,0.0
0.0,50,3773.181227,1.0
-50.0,50,3773.701243,0.0
-50.0,50,3774.230456,0.0
-50.0,50,3774.746922,0.0
-50.0,50,3775.26472,0.0
-50.0,50,3775.756394,0.0
-50.0,50,3776.288351,0.0
-50.0,50,3776.800685,0.0
-50.0,50,3777.309137,0.0
-50.0,50,3777.816431,0.0
0.0,50,3778.340807,1.0
-50.0,50,3778.844261,0.0
-50.0,50,3779.357981,0.0
-50.0,50,3779.858498,0.0
0.0,50,3780.389435,1.0
-50.0,50,3780.907936,0.0
-50.0,50,3781.410462,0.0
-50.0,50,3781.915447,0.0
-50.0,50,3782.442435,0.0
0.0,50,3782.95398,1.0
-50.0,50,3783.465372,0.0
-50.0,50,3783.974627,0.0
-50.0,50,3784.491198,0.0
-50.0,50,3784.998327,0.0
-50.0,50,3785.51641,0.0
-50.0,50,3786.0212,0.0
-50.0,50,3786.552691,0.0
-50.0,50,3787.066306,0.0
-50.0,50,3787.569724,0.0
-50.0,50,3788.065938,0.0
-50.0,50,3788.590571,0.0
-50.0,50,3789.100132,0.0
-50.0,50,3789.607089,0.0
-50.0,50,3790.121307,0.0
0.0,50,3790.624724,1.0
-50.0,50,3791.13611,0.0
-50.0,50,3791.648079,0.0
-50.0,50,3792.160572,0.0
-50.0,50,3792.684346,0.0
-50.0,50,3793.188781,0.0
-50.0,50,3793.692331,0.0
-50.0,50,3794.205409,0.0
-50.0,50,3794.735219,0.0
-37.0,50,3795.24886,1.0
-50.0,50,3795.762708,0.0
-50.0,50,3796.260934,0.0
-50.0,50,3796.777974,0.0
-50.0,50,3797.291274,0.0
-50.0,50,3797.802837,0.0
-50.0,50,3798.317464,0.0
-50.0,50,3798.842187,0.0
-50.0,50,3799.334607,0.0
-50.0,50,3799.84034,0.0
-50.0,50,3800.352638,0.0
-50.0,50,3800.885345,0.0
-50.0,50,3801.390537,0.0
-50.0,50,3801.89802,0.0
-50.0,50,3802.389233,0.0
-50.0,50,3802.919206,0.0
-50.0,50,3803.423848,0.0
0.0,50,3803.917339,1.0
-50.0,50,3804.419541,0.0
-50.0,50,3804.933772,0.0
-50.0,50,3805.423237,0.0
-50.0,50,3805.926883,0.0
-50.0,50,3806.433693,0.0
-50.0,50,3806.957764,0.0
-50.0,50,3807.46636,0.0
-50.0,50,3807.959382,0.0
-50.0,50,3808.464651,0.0
-50.0,50,3808.988122,0.0
-50.0,50,3809.496588,0.0
-50.0,50,3810.008897,0.0
-50.0,50,3810.501737,0.0
-50.0,50,3811.009988,0.0
-50.0,50,3811.511786,0.0
-50.0,50,3812.014757,0.0
-50.0,50,3812.528229,0.0
0.0,50,3815.359763,1.0
-50.0,50,3815.875936,0.0
-50.0,50,3816.375678,0.0
-50.0,50,3816.888311,0.0
-50.0,50,3817.406351,0.0
-50.0,50,3817.896714,0.0
-50.0,50,3818.393428,0.0
-50.0,50,3818.907443,0.0
-50.0,50,3819.438765,0.0
-50.0,50,3819.94679,0.0
-50.0,50,3820.443355,0.0
0.0,50,3820.929843,1.0
-50.0,50,3821.447016,0.0
-50.0,50,3821.957984,0.0
-50.0,50,3822.462044,0.0
-50.0,50,3822.968429,0.0
-50.0,50,3823.483412,0.0
-50.0,50,3823.976885,0.0
-50.0,50,3824.483492,0.0
-50.0,50,3824.991874,0.0
-50.0,50,3825.52433,0.0
-50.0,50,3826.024816,0.0
-50.0,50,3826.507599,0.0
-50.0,50,3827.011037,0.0
-50.0,50,3827.551825,0.0
-50.0,50,3828.051962,0.0
-50.0,50,3828.555573,0.0
-50.0,50,3829.042304,0.0
-50.0,50,3829.574624,0.0
-50.0,50,3830.079072,0.0
-50.0,50,3830.58648,0.0
-50.0,50,3831.096569,0.0
-50.0,50,3831.627664,0.0
-50.0,50,3832.127805,0.0
-50.0,50,3832.636023,0.0
-50.0,50,3833.151272,0.0
-50.0,50,3833.680519,0.0
-50.0,50,3834.19154,0.0
-50.0,50,3834.704025,0.0
-50.0,50,3835.193849,0.0
-50.0,50,3835.712761,0.0
-50.0,50,3836.22047,0.0
0.0,50,3836.733808,1.0
-50.0,50,3837.240636,0.0
-50.0,50,3837.757408,0.0
-50.0,50,3838.258188,0.0
-50.0,50,3838.777069,0.0
-50.0,50,3839.280406,0.0
-50.0,50,3839.807849,0.0
-50.0,50,3840.310801,0.0
-50.0,50,3840.803606,0.0
-50.0,50,3841.308992,0.0
0.0,50,3841.833745,1.0
-50.0,50,3842.339644,0.0
-50.0,50,3842.840016,0.0
0.0,50,3843.342311,1.0
-50.0,50,3843.844188,0.0
-50.0,50,3844.345987,0.0
-50.0,50,3844.854518,0.0
-50.0,50,3845.35652,0.0
-50.0,50,3845.874897,0.0
-50.0,50,3846.357762,0.0
-50.0,50,3846.865099,0.0
-50.0,50,3847.365186,0.0
-50.0,50,3847.881633,0.0
-50.0,50,3848.381022,0.0
-50.0,50,3848.871134,0.0
-50.0,50,3849.369119,0.0
-50.0,50,3849.887714,0.0
-50.0,50,3850.392317,0.0
-50.0,50,3850.896318,0.0
-50.0,50,3851.392285,0.0
-50.0,50,3851.898042,0.0
-50.0,50,3852.401438,0.0
-50.0,50,3852.905153,0.0
-50.0,50,3853.415661,0.0
-50.0,50,3853.935378,0.0
-50.0,50,3854.418687,0.0
-50.0,50,3854.92958,0.0
-50.0,50,3855.438159,0.0
-50.0,50,3855.961376,0.0
-50.0,50,3856.471671,0.0
-50.0,50,3856.983577,0.0
-50.0,50,3857.472312,0.0
-50.0,50,3858.006178,0.0
-50.0,50,3858.516927,0.0
-50.0,50,3859.027761,0.0
-50.0,50,3859.53533,0.0
-50.0,50,3860.064212,0.0
-50.0,50,3860.557355,0.0
-50.0,50,3861.067066,0.0
-50.0,50,3861.573466,0.0
-50.0,50,3862.10181,0.0
-50.0,50,3862.617128,0.0
-50.0,50,3863.127081,0.0
-50.0,50,3863.632486,0.0
-50.0,50,3864.157885,0.0
-50.0,50,3864.665816,0.0
-50.0,50,3865.181547,0.0
-50.0,50,3865.690429,0.0
-50.0,50,3866.204947,0.0
0.0,50,3866.706899,1.0
-50.0,50,3867.217393,0.0
-50.0,50,3867.725976,0.0
-50.0,50,3868.248914,0.0
-50.0,50,3868.762963,0.0
-50.0,50,3869.246748,0.0
-50.0,50,3869.750939,0.0
-50.0,50,3870.275286,0.0
-50.0,50,3870.783385,0.0
-50.0,50,3871.287961,0.0
-50.0,50,3871.783027,0.0
-50.0,50,3872.294879,0.0
-50.0,50,3872.796462,0.0
-50.0,50,3873.308301,0.0
-50.0,50,3873.806942,0.0
-50.0,50,3874.322207,0.0
-50.0,50,3874.80846,0.0
-50.0,50,3875.310169,0.0
-50.0,50,3875.825101,0.0
0.0,50,3876.347294,1.0
-50.0,50,3876.857304,0.0
-50.0,50,3877.357943,0.0
-50.0,50,3877.854856,0.0
-50.0,50,3878.381846,0.0
-50.0,50,3878.901573,0.0
0.0,50,3879.411986,1.0
0.0,50,3879.914588,1.0
-50.0,50,3880.441496,0.0
0.0,50,3880.952921,1.0
-50.0,50,3881.467512,0.0
-50.0,50,3881.981554,0.0
-50.0,50,3882.502169,0.0
-50.0,50,3883.007839,0.0
-50.0,50,3883.501583,0.0
-50.0,50,3884.006023,0.0
-50.0,50,3884.529867,0.0
-50.0,50,3885.032556,0.0
-50.0,50,3885.540375,0.0
-50.0,50,3886.032341,0.0
-42.0,50,3886.543074,0.0
-50.0,50,3887.041618,0.0
-50.0,50,3887.542846,0.0
-50.0,50,3888.042063,0.0
0.0,50,3888.57455,1.0
-50.0,50,3889.054381,0.0
-50.0,50,3889.559378,0.0
0.0,50,3890.071444,1.0
-50.0,50,3890.592631,0.0
-50.0,50,3891.103213,0.0
-50.0,50,3891.588406,0.0
-50.0,50,3892.082923,0.0
-50.0,50,3892.603022,0.0
-50.0,50,3893.116411,0.0
-50.0,50,3893.620357,0.0
-50.0,50,3894.13596,0.0
-50.0,50,3894.634551,0.0
-50.0,50,3895.143993,0.0
-50.0,50,3895.646364,0.0
-50.0,50,3896.146009,0.0
-50.0,50,3896.663166,0.0
-50.0,50,3897.156468,0.0
-50.0,50,3897.664236,0.0
-50.0,50,3898.165179,0.0
-50.0,50,3898.679305,0.0
-50.0,50,3899.19544,0.0
-50.0,50,3899.69816,0.0
-50.0,50,3900.19504,0.0
-50.0,50,3900.712749,0.0
-50.0,50,3901.219003,0.0
-50.0,50,3901.732335,0.0
-50.0,50,3902.235984,0.0
-50.0,50,3902.748161,0.0
-50.0,50,3903.248125,0.0
-50.0,50,3903.751229,0.0
-50.0,50,3904.253648,0.0
-50.0,50,3904.773784,0.0
-50.0,50,3905.27153,0.0
-50.0,50,3905.764714,0.0
-50.0,50,3906.274058,0.0
-50.0,50,3906.792315,0.0
-50.0,50,3907.307405,0.0
-50.0,50,3907.812827,0.0
-50.0,50,3908.307245,0.0
-50.0,50,3908.817322,0.0
-50.0,50,3909.317968,0.0
-50.0,50,3909.820822,0.0
-50.0,50,3910.324154,0.0
-50.0,50,3910.83285,0.0
-50.0,50,3911.326274,0.0
-50.0,50,3911.827764,0.0
0.0,50,3912.348703,1.0
-50.0,50,3912.861572,0.0
-50.0,50,3913.368018,0.0
-50.0,50,3913.848839,0.0
-50.0,50,3914.357149,0.0
-50.0,50,3914.882392,0.0
-50.0,50,3915.392734,0.0
0.0,50,3915.891802,1.0
-50.0,50,3916.383452,0.0
0.0,50,3919.187836,1.0
-50.0,50,3919.701811,0.0
-50.0,50,3920.204439,0.0
-50.0,50,3920.687752,0.0
-50.0,50,3921.198781,0.0
-50.0,50,3921.704779,0.0
-50.0,50,3922.213681,0.0
0.0,50,3922.731987,1.0
-50.0,50,3923.258648,0.0
-50.0,50,3923.737792,0.0
-50.0,50,3924.23544,0.0
-8.0,50,3924.74926,1.0
-50.0,50,3925.271405,0.0
-50.0,50,3925.769846,0.0
-50.0,50,3926.250321,0.0
-50.0,50,3926.74778,0.0
-50.0,50,3927.260455,0.0
-50.0,50,3927.759513,0.0
-50.0,50,3928.252682,0.0
-50.0,50,3928.737004,0.0
-50.0,50,3929.244877,0.0
-50.0,50,3929.744688,0.0
-50.0,50,3930.247525,0.0
-50.0,50,3930.754583,0.0
-50.0,50,3931.25838,0.0
-50.0,50,3931.758838,0.0
-50.0,50,3932.259473,0.0
-50.0,50,3932.771634,0.0
-50.0,50,3933.28374,0.0
0.0,50,3933.797625,1.0
-50.0,50,3934.279532,0.0
-50.0,50,3934.777619,0.0
-50.0,50,3935.290962,0.0
-50.0,50,3935.791395,0.0
-50.0,50,3936.299934,0.0
-50.0,50,3936.792909,0.0
-50.0,50,3937.333306,0.0
-50.0,50,3937.837892,0.0
-50.0,50,3938.333586,0.0
-50.0,50,3938.844006,0.0
-50.0,50,3939.365392,0.0
-50.0,50,3939.851193,0.0
-50.0,50,3940.355935,0.0
-50.0,50,3940.851921,0.0
-50.0,50,3941.373667,0.0
-50.0,50,3941.86857,0.0
-50.0,50,3942.362161,0.0
-50.0,50,3942.858954,0.0
-50.0,50,3943.387756,0.0
-50.0,50,3943.89161,0.0
-50.0,50,3944.401801,0.0
0.0,50,3944.900116,1.0
-50.0,50,3945.400717,0.0
-50.0,50,3945.91076,0.0
-50.0,50,3946.416,0.0
-50.0,50,3946.919451,0.0
0.0,50,3947.444063,1.0
-50.0,50,3947.92926,0.0
0.0,50,3948.423989,1.0
-50.0,50,3948.926031,0.0
-50.0,50,3949.441991,0.0
-50.0,50,3949.942008,0.0
-50.0,50,3950.437922,0.0
-50.0,50,3950.931937,0.0
-50.0,50,3951.446904,0.0
-50.0,50,3951.948272,0.0
-50.0,50,3952.453666,0.0
-50.0,50,3952.970147,0.0
-50.0,50,3953.496204,0.0
-50.0,50,3954.01363,0.0
-50.0,50,3954.51972,0.0
-50.0,50,3955.024496,0.0
-50.0,50,3955.559787,0.0
-50.0,50,3956.067807,0.0
-50.0,50,3956.559796,0.0
-50.0,50,3957.069273,0.0
-50.0,50,3957.586781,0.0
-50.0,50,3958.113736,0.0
-50.0,50,3958.63115,0.0
-50.0,50,3959.12653,0.0
-50.0,50,3959.635955,0.0
-50.0,50,3960.144025,0.0
-50.0,50,3960.65006,0.0
-50.0,50,3961.155907,0.0
-50.0,50,3961.668691,0.0
-50.0,50,3962.147906,0.0
-50.0,50,3962.650143,0.0
-50.0,50,3963.149603,0.0
-50.0,50,3963.666131,0.0
-50.0,50,3964.170296,0.0
-50.0,50,3964.661561,0.0
-50.0,50,3965.161114,0.0
0.0,50,3965.680326,1.0
-50.0,50,3966.19031,0.0
-50.0,50,3966.693374,0.0
-50.0,50,3967.188243,0.0
-50.0,50,3967.687939,0.0
-50.0,50,3968.18873,0.0
-50.0,50,3968.693799,0.0
-50.0,50,3969.196943,0.0
-50.0,50,3969.704906,0.0
-50.0,50,3970.184791,0.0
-50.0,50,3970.696317,0.0
-50.0,50,3971.201736,0.0
-50.0,50,3971.721511,0.0
0.0,50,3972.239169,1.0
-50.0,50,3972.731022,0.0
-50.0,50,3973.233376,0.0
-50.0,50,3973.758347,0.0
-50.0,50,3974.262235,0.0
-50.0,50,3974.769078,0.0
-50.0,50,3975.27271,0.0
-50.0,50,3975.769903,0.0
-50.0,50,3976.280903,0.0
-50.0,50,3976.785742,0.0
-50.0,50,3977.288162,0.0
-50.0,50,3977.804124,0.0
-50.0,50,3978.291997,0.0
-50.0,50,3978.789947,0.0
-50.0,50,3979.293953,0.0
-50.0,50,3979.83182,0.0
-50.0,50,3980.345244,0.0
-50.0,50,3980.847032,0.0
-50.0,50,3981.33442,0.0
-50.0,50,3981.855295,0.0
-50.0,50,3982.357451,0.0
0.0,50,3982.87907,1.0
-50.0,50,3983.386132,0.0
-50.0,50,3983.887638,0.0
-50.0,50,3984.382931,0.0
-50.0,50,3984.886409,0.0
-50.0,50,3985.386945,0.0
-50.0,50,3985.90416,0.0
-50.0,50,3986.399213,0.0
0.0,50,3986.880912,1.0
-50.0,50,3987.386227,0.0
-50.0,50,3987.903298,0.0
-50.0,50,3988.401142,0.0
-50.0,50,3988.900953,0.0
-50.0,50,3989.381633,0.0
-50.0,50,3989.908062,0.0
-50.0,50,3990.414685,0.0
-50.0,50,3990.924213,0.0
-50.0,50,3991.427244,0.0
0.0,50,3991.937736,1.0
-50.0,50,3992.435326,0.0
-50.0,50,3992.938114,0.0
-50.0,50,3993.444079,0.0
-50.0,50,3993.961999,0.0
-50.0,50,3994.475224,0.0
-50.0,50,3994.960195,0.0
-50.0,50,3995.462186,0.0
-50.0,50,3995.990422,0.0
-50.0,50,3996.493986,0.0
-50.0,50,3997.011459,0.0
-50.0,50,3997.517731,0.0
-50.0,50,3998.035132,0.0
-50.0,50,3998.559378,0.0
-50.0,50,3999.065001,0.0
-50.0,50,3999.57589,0.0
-50.0,50,4000.092264,0.0
-50.0,50,4000.577599,0.0
-50.0,50,4001.068921,0.0
-50.0,50,4001.567295,0.0
-50.0,50,4002.087739,0.0
-50.0,50,4002.589278,0.0
-50.0,50,4003.096228,0.0
-50.0,50,4003.594302,0.0
-50.0,50,4004.119246,0.0
-50.0,50,4004.626615,0.0
-50.0,50,4005.133692,0.0
-50.0,50,4005.627289,0.0
-50.0,50,4006.126143,0.0
-50.0,50,4006.624671,0.0
0.0,50,4007.128571,1.0
-50.0,50,4007.637077,0.0
-50.0,50,4008.15714,0.0
-50.0,50,4008.650363,0.0
-50.0,50,4009.140749,0.0
-50.0,50,4009.65399,0.0
-50.0,50,4010.176422,0.0
-50.0,50,4010.689065,0.0
0.0,50,4011.199344,1.0
-50.0,50,4011.695946,0.0
-50.0,50,4012.219954,0.0
-50.0,50,4012.732068,0.0
-50.0,50,4013.252833,0.0
-50.0,50,4013.765285,0.0
-50.0,50,4014.288531,0.0
-50.0,50,4014.777348,0.0
-50.0,50,4015.275388,0.0
-50.0,50,4015.785695,0.0
-50.0,50,4016.322252,0.0
-50.0,50,4016.825827,0.0
-50.0,50,4017.315292,0.0
0.0,50,4017.807963,1.0
-50.0,50,4018.323397,0.0
-50.0,50,4018.835709,0.0
-50.0,50,4019.336396,0.0
-50.0,50,4019.842046,0.0
0.0,50,4022.682117,1.0
-50.0,50,4023.181601,0.0
-50.0,50,4023.697381,0.0
-50.0,50,4024.215451,0.0
-50.0,50,4024.732008,0.0
-50.0,50,4025.227578,0.0
0.0,50,4025.739483,1.0
-50.0,50,4026.250611,0.0
-50.0,50,4026.7765,0.0
-50.0,50,4027.280086,0.0
-50.0,50,4027.773687,0.0
-50.0,50,4028.277391,0.0
-50.0,50,4028.79306,0.0
-50.0,50,4029.290414,0.0
-50.0,50,4029.793958,0.0
-50.0,50,4030.280371,0.0
-50.0,50,4030.791636,0.0
-50.0,50,4031.300216,0.0
-50.0,50,4031.81228,0.0
-50.0,50,4032.325041,0.0
-50.0,50,4032.846974,0.0
-50.0,50,4033.338363,0.0
-50.0,50,4033.844016,0.0
-50.0,50,4034.354967,0.0
-50.0,50,4034.885547,0.0
-50.0,50,4035.394687,0.0
0.0,50,4035.893852,1.0
-50.0,50,4036.385521,0.0
-50.0,50,4036.908808,0.0
-50.0,50,4037.417376,0.0
-50.0,50,4037.929549,0.0
-50.0,50,4038.442758,0.0
-50.0,50,4038.963641,0.0
-50.0,50,4039.478508,0.0
-50.0,50,4039.995964,0.0
-50.0,50,4040.500039,0.0
-50.0,50,4041.0349,0.0
-50.0,50,4041.544849,0.0
-50.0,50,4042.035163,0.0
-50.0,50,4042.556759,0.0
-50.0,50,4043.087522,0.0
-50.0,50,4043.605688,0.0
-50.0,50,4044.114443,0.0
-50.0,50,4044.627854,0.0
-50.0,50,4045.147509,0.0
-50.0,50,4045.649737,0.0
-50.0,50,4046.170274,0.0
-50.0,50,4046.681964,0.0
-50.0,50,4047.213624,0.0
-50.0,50,4047.732189,0.0
-50.0,50,4048.230602,0.0
-50.0,50,4048.747967,0.0
-50.0,50,4049.277148,0.0
-50.0,50,4049.791774,0.0
-50.0,50,4050.309101,0.0
-50.0,50,4050.833913,0.0
-50.0,50,4051.362111,0.0
-50.0,50,4051.877347,0.0
-50.0,50,4052.396917,0.0
-50.0,50,4052.912848,0.0
0.0,50,4053.435646,1.0
-50.0,50,4053.955982,0.0
0.0,50,4054.449808,1.0
-50.0,50,4054.982641,0.0
-50.0,50,4055.516866,0.0
-50.0,50,4056.034029,0.0
-50.0,50,4056.540742,0.0
-50.0,50,4057.048764,0.0
-50.0,50,4057.560619,0.0
-50.0,50,4058.060787,0.0
-50.0,50,4058.573881,0.0
-50.0,50,4059.092085,0.0
-50.0,50,4059.627119,0.0
-50.0,50,4060.140144,0.0
-50.0,50,4060.628618,0.0
-50.0,50,4061.143027,0.0
-50.0,50,4061.684023,0.0
-50.0,50,4062.2021,0.0
-50.0,50,4062.707745,0.0
-50.0,50,4063.23083,0.0
-50.0,50,4063.82405,0.0
-50.0,50,4064.328807,0.0
-50.0,50,4064.845084,0.0
-50.0,50,4065.363013,0.0
-50.0,50,4065.886628,0.0
-50.0,50,4066.390858,0.0
-50.0,50,4066.900193,0.0
-50.0,50,4067.395073,0.0
-50.0,50,4067.923055,0.0
-50.0,50,4068.436083,0.0
-50.0,50,4068.941938,0.0
-50.0,50,4069.449128,0.0
-50.0,50,4069.970236,0.0
-50.0,50,4070.465646,0.0
-50.0,50,4070.980565,0.0
-50.0,50,4071.496705,0.0
-50.0,50,4072.027447,0.0
-50.0,50,4072.539312,0.0
-50.0,50,4073.050868,0.0
-50.0,50,4073.562089,0.0
-50.0,50,4074.102407,0.0
-50.0,50,4074.618097,0.0
-50.0,50,4075.139338,0.0
-50.0,50,4075.647352,0.0
-50.0,50,4076.164794,0.0
-50.0,50,4076.668226,0.0
-50.0,50,4077.184333,0.0
-50.0,50,4077.702257,0.0
-50.0,50,4078.23715,0.0
-50.0,50,4078.755259,0.0
-50.0,50,4079.267203,0.0
-50.0,50,4079.766589,0.0
-50.0,50,4080.297351,0.0
-50.0,50,4080.807876,0.0
-50.0,50,4081.328368,0.0
-50.0,50,4081.846115,0.0
-50.0,50,4082.370461,0.0
-50.0,50,4082.863719,0.0
-50.0,50,4083.368354,0.0
-50.0,50,4083.878625,0.0
-50.0,50,4084.4164,0.0
-50.0,50,4084.93618,0.0
-50.0,50,4085.432635,0.0
-50.0,50,4085.933244,0.0
-50.0,50,4086.465308,0.0
-50.0,50,4086.985342,0.0
0.0,50,4087.493202,1.0
-50.0,50,4088.014508,0.0
-50.0,50,4088.55776,0.0
-50.0,50,4089.056202,0.0
-50.0,50,4089.575287,0.0
0.0,50,4090.094439,1.0
-50.0,50,4090.618279,0.0
-50.0,50,4091.140418,0.0
-50.0,50,4091.657945,0.0
-50.0,50,4092.160172,0.0
-50.0,50,4092.691319,0.0
-50.0,50,4093.212416,0.0
-50.0,50,4093.720415,0.0
-50.0,50,4094.241316,0.0
-50.0,50,4094.775897,0.0
-50.0,50,4095.263076,0.0
-50.0,50,4095.778114,0.0
-50.0,50,4096.295491,0.0
0.0,50,4096.819601,1.0
-50.0,50,4097.327199,0.0
-50.0,50,4097.838607,0.0
-50.0,50,4098.333986,0.0
-50.0,50,4098.84925,0.0
-50.0,50,4099.350327,0.0
-50.0,50,4099.862748,0.0
-50.0,50,4100.374695,0.0
-50.0,50,4100.89346,0.0
-50.0,50,4101.389727,0.0
-50.0,50,4101.899352,0.0
-50.0,50,4102.411142,0.0
-50.0,50,4102.946171,0.0
-50.0,50,4103.44341,0.0
-50.0,50,4103.932068,0.0
-50.0,50,4104.429228,0.0
-50.0,50,4104.956449,0.0
-50.0,50,4105.461765,0.0
-50.0,50,4105.974592,0.0
-50.0,50,4106.475518,0.0
-50.0,50,4106.986132,0.0
-50.0,50,4107.492509,0.0
-50.0,50,4108.001523,0.0
-50.0,50,4108.497648,0.0
0.0,50,4109.021568,1.0
0.0,50,4109.498794,1.0
-50.0,50,4110.008379,0.0
-50.0,50,4110.505214,0.0
-50.0,50,4111.031444,0.0
-50.0,50,4111.535426,0.0
-50.0,50,4112.024821,0.0
-50.0,50,4112.52567,0.0
-50.0,50,4113.056424,0.0
-50.0,50,4113.555273,0.0
-50.0,50,4114.06632,0.0
-50.0,50,4114.567923,0.0
-50.0,50,4115.064355,0.0
-50.0,50,4115.578647,0.0
-50.0,50,4116.075816,0.0
-50.0,50,4116.572476,0.0
-50.0,50,4117.084314,0.0
-50.0,50,4117.584165,0.0
-50.0,50,4118.076685,0.0
-50.0,50,4118.576788,0.0
-50.0,50,4119.104411,0.0
-50.0,50,4119.612552,0.0
-50.0,50,4120.114695,0.0
-50.0,50,4120.603704,0.0
-50.0,50,4121.117741,0.0
-50.0,50,4121.613769,0.0
-50.0,50,4122.118464,0.0
-50.0,50,4122.623813,0.0
-50.0,50,4123.133011,0.0
-50.0,50,4123.639526,0.0
-50.0,50,4124.151517,0.0
-50.0,50,4124.661048,0.0
-50.0,50,4127.524038,0.0
-50.0,50,4128.014306,0.0
-50.0,50,4128.513723,0.0
-50.0,50,4129.011921,0.0
-50.0,50,4129.539357,0.0
-50.0,50,4130.035722,0.0
-50.0,50,4130.530485,0.0
-50.0,50,4131.04502,0.0
-50.0,50,4131.565808,0.0
-50.0,50,4132.070704,0.0
0.0,50,4132.570484,1.0
-50.0,50,4133.06513,0.0
-50.0,50,4133.588563,0.0
-50.0,50,4134.096308,0.0
-50.0,50,4134.607482,0.0
-50.0,50,4135.110934,0.0
0.0,50,4135.642399,1.0
-50.0,50,4136.121632,0.0
-50.0,50,4136.620647,0.0
-50.0,50,4137.127491,0.0
-50.0,50,4137.651829,0.0
-50.0,50,4138.15476,0.0
-50.0,50,4138.641459,0.0
-50.0,50,4139.142959,0.0
-50.0,50,4139.656318,0.0
-50.0,50,4140.16014,0.0
-50.0,50,4140.672811,0.0
-50.0,50,4141.163356,0.0
-50.0,50,4141.66248,0.0
-50.0,50,4142.167384,0.0
-50.0,50,4142.679798,0.0
-50.0,50,4143.189717,0.0
-50.0,50,4143.703691,0.0
-50.0,50,4144.198269,0.0
-50.0,50,4144.701461,0.0
-50.0,50,4145.213732,0.0
-50.0,50,4145.744626,0.0
-50.0,50,4146.256803,0.0
-50.0,50,4146.76582,0.0
-50.0,50,4147.253784,0.0
-50.0,50,4147.775786,0.0
-50.0,50,4148.287714,0.0
-50.0,50,4148.795844,0.0
-50.0,50,4149.303731,0.0
0.0,50,4149.833343,1.0
-50.0,50,4150.326303,0.0
-50.0,50,4150.830856,0.0
0.0,50,4151.337745,1.0
-50.0,50,4151.855003,0.0
-50.0,50,4152.365963,0.0
-50.0,50,4152.847039,0.0
-50.0,50,4153.340562,0.0
-50.0,50,4153.863493,0.0
-50.0,50,4154.357175,0.0
-50.0,50,4154.861721,0.0
-50.0,50,4155.357241,0.0
-50.0,50,4155.860068,0.0
-50.0,50,4156.353443,0.0
0.0,50,4156.868489,1.0
-50.0,50,4157.370286,0.0
-50.0,50,4157.890374,0.0
-50.0,50,4158.376604,0.0
-50.0,50,4158.887251,0.0
-50.0,50,4159.393123,0.0
-50.0,50,4159.913857,0.0
-50.0,50,4160.423473,0.0
-50.0,50,4160.913747,0.0
-50.0,50,4161.413977,0.0
-50.0,50,4161.943396,0.0
-50.0,50,4162.45326,0.0
-50.0,50,4162.96459,0.0
-50.0,50,4163.458727,0.0
-50.0,50,4163.956646,0.0
-50.0,50,4164.454165,0.0
-50.0,50,4164.954209,0.0
-50.0,50,4165.464901,0.0
-50.0,50,4165.988168,0.0
-50.0,50,4166.472087,0.0
-50.0,50,4166.976951,0.0
-50.0,50,4167.478616,0.0
-50.0,50,4168.005232,0.0
-50.0,50,4168.506423,0.0
-50.0,50,4169.008995,0.0
0.0,50,4169.506149,1.0
-50.0,50,4170.031739,0.0
-50.0,50,4170.528606,0.0
-50.0,50,4171.04009,0.0
-50.0,50,4171.547625,0.0
-50.0,50,4172.054076,0.0
-50.0,50,4172.563133,0.0
-50.0,50,4173.076207,0.0
-50.0,50,4173.587949,0.0
-50.0,50,4174.125875,0.0
-50.0,50,4174.630722,0.0
-50.0,50,4175.112025,0.0
-50.0,50,4175.625821,0.0
0.0,50,4176.142782,1.0
-50.0,50,4176.643379,0.0
0.0,50,4177.151125,1.0
-50.0,50,4177.635503,0.0
-50.0,50,4178.146795,0.0
0.0,50,4178.64711,1.0
-50.0,50,4179.139914,0.0
-50.0,50,4179.646233,0.0
-50.0,50,4180.153223,0.0
0.0,50,4180.660618,1.0
-50.0,50,4181.164187,0.0
-50.0,50,4181.664919,0.0
-50.0,50,4182.187363,0.0
0.0,50,4182.674574,1.0
-50.0,50,4183.168252,0.0
-50.0,50,4183.677526,0.0
-50.0,50,4184.204217,0.0
-50.0,50,4184.717027,0.0
-50.0,50,4185.212456,0.0
-50.0,50,4185.698524,0.0
-50.0,50,4186.215678,0.0
-50.0,50,4186.729613,0.0
-50.0,50,4187.23562,0.0
-50.0,50,4187.748323,0.0
-50.0,50,4188.276163,0.0
-50.0,50,4188.759021,0.0
-50.0,50,4189.262032,0.0
-50.0,50,4189.773347,0.0
-50.0,50,4190.300149,0.0
-50.0,50,4190.812657,0.0
-50.0,50,4191.316565,0.0
-50.0,50,4191.812734,0.0
-50.0,50,4192.356287,0.0
-50.0,50,4192.876183,0.0
-50.0,50,4193.380115,0.0
-50.0,50,4193.892606,0.0
-50.0,50,4194.412579,0.0
-50.0,50,4194.916469,0.0
-50.0,50,4195.435388,0.0
-50.0,50,4195.956554,0.0
-50.0,50,4196.473593,0.0
0.0,50,4196.980126,1.0
-50.0,50,4197.463362,0.0
-50.0,50,4197.960464,0.0
-50.0,50,4198.474069,0.0
-50.0,50,4198.98534,0.0
-50.0,50,4199.488633,0.0
-50.0,50,4199.983521,0.0
-50.0,50,4200.48742,0.0
0.0,50,4200.988662,1.0
-50.0,50,4201.502161,0.0
-50.0,50,4202.007832,0.0
-50.0,50,4202.542431,0.0
-50.0,50,4203.023721,0.0
-50.0,50,4203.522111,0.0
-50.0,50,4204.020979,0.0
-50.0,50,4204.541328,0.0
-50.0,50,4205.047138,0.0
-50.0,50,4205.543607,0.0
-50.0,50,4206.035113,0.0
-50.0,50,4206.568574,0.0
-50.0,50,4207.072866,0.0
-50.0,50,4207.574281,0.0
-50.0,50,4208.066276,0.0
-50.0,50,4208.594008,0.0
-50.0,50,4209.097012,0.0
-50.0,50,4209.59834,0.0
-50.0,50,4210.108892,0.0
-50.0,50,4210.619189,0.0
-50.0,50,4211.119199,0.0
-50.0,50,4211.616392,0.0
-50.0,50,4212.119059,0.0
0.0,50,4212.649036,1.0
-50.0,50,4213.149032,0.0
-50.0,50,4213.651634,0.0
-50.0,50,4214.132953,0.0
-50.0,50,4214.662266,0.0
-50.0,50,4215.173272,0.0
-50.0,50,4215.681209,0.0
-50.0,50,4216.181496,0.0
-50.0,50,4216.697526,0.0
-50.0,50,4217.193126,0.0
-50.0,50,4217.696812,0.0
-50.0,50,4218.202463,0.0
-50.0,50,4218.734639,0.0
-50.0,50,4219.248766,0.0
-50.0,50,4219.739576,0.0
-50.0,50,4220.252063,0.0
0.0,50,4220.769523,1.0
-50.0,50,4221.275612,0.0
-50.0,50,4221.780474,0.0
-50.0,50,4222.275505,0.0
-50.0,50,4222.782177,0.0
-50.0,50,4223.286622,0.0
-50.0,50,4223.784418,0.0
0.0,50,4224.291426,1.0
-50.0,50,4224.813601,0.0
-50.0,50,4225.305017,0.0
-50.0,50,4225.805881,0.0
-50.0,50,4226.312641,0.0
0.0,50,4226.826259,1.0
-50.0,50,4227.325046,0.0
-50.0,50,4227.81845,0.0
-50.0,50,4228.324308,0.0
-50.0,50,4231.248505,0.0
-50.0,50,4231.762718,0.0
-50.0,50,4232.280711,0.0
-50.0,50,4232.787205,0.0
-50.0,50,4233.299276,0.0
-50.0,50,4233.805522,0.0
-50.0,50,4234.323128,0.0
0.0,50,4234.842469,1.0
-50.0,50,4235.369471,0.0
-50.0,50,4235.877317,0.0
-50.0,50,4236.386401,0.0
-50.0,50,4236.904802,0.0
-50.0,50,4237.4302,0.0
-50.0,50,4237.943684,0.0
-50.0,50,4238.461697,0.0
-50.0,50,4238.971054,0.0
-50.0,50,4239.495675,0.0
-50.0,50,4240.003347,0.0
-50.0,50,4240.51061,0.0
-50.0,50,4241.019397,0.0
-50.0,50,4241.570726,0.0
-50.0,50,4242.064119,0.0
-50.0,50,4242.562845,0.0
-50.0,50,4243.078788,0.0
-50.0,50,4243.613757,0.0
-50.0,50,4244.126859,0.0
-50.0,50,4244.647989,0.0
-50.0,50,4245.150221,0.0
-50.0,50,4245.667661,0.0
-50.0,50,4246.177928,0.0
-50.0,50,4246.69239,0.0
-50.0,50,4247.194719,0.0
-50.0,50,4247.719349,0.0
-50.0,50,4248.214223,0.0
-50.0,50,4248.718394,0.0
-50.0,50,4249.226744,0.0
-50.0,50,4249.750824,0.0
-50.0,50,4250.257214,0.0
0.0,50,4250.751216,1.0
-50.0,50,4251.2441,0.0
-50.0,50,4251.779861,0.0
-50.0,50,4252.289164,0.0
-50.0,50,4252.806215,0.0
-50.0,50,4253.333872,0.0
-50.0,50,4253.848501,0.0
-50.0,50,4254.345794,0.0
-50.0,50,4254.855317,0.0
-50.0,50,4255.371843,0.0
-50.0,50,4255.892535,0.0
-50.0,50,4256.393177,0.0
-50.0,50,4256.871228,0.0
-50.0,50,4257.368687,0.0
-50.0,50,4257.887517,0.0
-50.0,50,4258.392463,0.0
-50.0,50,4258.894766,0.0
-50.0,50,4259.38445,0.0
-50.0,50,4259.893939,0.0
-50.0,50,4260.402331,0.0
-50.0,50,4260.904784,0.0
-50.0,50,4261.41461,0.0
-50.0,50,4261.949852,0.0
-50.0,50,4262.435462,0.0
-50.0,50,4262.936547,0.0
-50.0,50,4263.440671,0.0
-50.0,50,4263.968244,0.0
-50.0,50,4264.468306,0.0
-50.0,50,4264.961309,0.0
-50.0,50,4265.453456,0.0
-50.0,50,4265.966901,0.0
0.0,50,4266.464246,1.0
0.0,50,4266.966104,1.0
-50.0,50,4267.454167,0.0
-50.0,50,4267.962659,0.0
-50.0,50,4268.465296,0.0
-50.0,50,4268.963737,0.0
-50.0,50,4269.466791,0.0
-50.0,50,4269.977966,0.0
-50.0,50,4270.465265,0.0
-50.0,50,4270.960305,0.0
-50.0,50,4271.46962,0.0
-50.0,50,4271.992745,0.0
-50.0,50,4272.494933,0.0
-50.0,50,4272.986658,0.0
-50.0,50,4273.479167,0.0
-50.0,50,4274.001441,0.0
-50.0,50,4274.498186,0.0
-50.0,50,4275.003052,0.0
-50.0,50,4275.493524,0.0
-50.0,50,4276.022929,0.0
-50.0,50,4276.52148,0.0
-50.0,50,4277.02094,0.0
-50.0,50,4277.50815,0.0
-50.0,50,4278.019996,0.0
-50.0,50,4278.502107,0.0
-50.0,50,4279.000264,0.0
-50.0,50,4279.496729,0.0
-50.0,50,4280.01272,0.0
-50.0,50,4280.500254,0.0
-50.0,50,4280.972178,0.0
-50.0,50,4281.472013,0.0
-50.0,50,4281.978057,0.0
-50.0,50,4282.47284,0.0
-50.0,50,4282.979252,0.0
-50.0,50,4283.449049,0.0
-50.0,50,4283.956871,0.0
-50.0,50,4284.4568,0.0
-50.0,50,4284.957116,0.0
-50.0,50,4285.45756,0.0
-50.0,50,4285.953202,0.0
-50.0,50,4286.453099,0.0
-50.0,50,4286.948747,0.0
-50.0,50,4287.442706,0.0
-50.0,50,4287.962052,0.0
-50.0,50,4288.440984,0.0
-50.0,50,4288.928989,0.0
-50.0,50,4289.421066,0.0
-50.0,50,4289.937634,0.0
-50.0,50,4290.435082,0.0
-50.0,50,4290.922583,0.0
-50.0,50,4291.412602,0.0
-50.0,50,4291.922664,0.0
0.0,50,4292.422118,1.0
-50.0,50,4292.920015,0.0
-50.0,50,4293.410881,0.0
-50.0,50,4293.917928,0.0
-50.0,50,4294.409707,0.0
-50.0,50,4294.902585,0.0
-50.0,50,4295.39958,0.0
-50.0,50,4295.945661,0.0
-50.0,50,4296.424081,0.0
0.0,50,4296.919573,1.0
-50.0,50,4297.418761,0.0
-50.0,50,4297.930106,0.0
-50.0,50,4298.415197,0.0
-50.0,50,4298.900998,0.0
-50.0,50,4299.401664,0.0
-50.0,50,4299.924632,0.0
-50.0,50,4300.421213,0.0
-50.0,50,4300.920538,0.0
-50.0,50,4301.399558,0.0
-50.0,50,4301.917604,0.0
-50.0,50,4302.415771,0.0
-50.0,50,4302.899396,0.0
-50.0,50,4303.408538,0.0
-50.0,50,4303.902016,0.0
-50.0,50,4304.39985,0.0
-50.0,50,4304.892164,0.0
-50.0,50,4305.393284,0.0
-50.0,50,4305.900949,0.0
0.0,50,4306.386508,1.0
-50.0,50,4306.880082,0.0
-50.0,50,4307.386577,0.0
-50.0,50,4307.91948,0.0
-50.0,50,4308.432139,0.0
-50.0,50,4308.933164,0.0
-50.0,50,4309.424197,0.0
-50.0,50,4309.934909,0.0
-50.0,50,4310.432181,0.0
-50.0,50,4310.931117,0.0
-50.0,50,4311.435532,0.0
-50.0,50,4311.928947,0.0
0.0,50,4312.425745,1.0
-50.0,50,4312.934481,0.0
-50.0,50,4313.445346,0.0
-50.0,50,4313.96259,0.0
-50.0,50,4314.458797,0.0
-50.0,50,4314.954835,0.0
0.0,50,4315.459981,1.0
-50.0,50,4315.986085,0.0
-50.0,50,4316.493493,0.0
0.0,50,4317.01828,1.0
-50.0,50,4317.506055,0.0
-50.0,50,4318.027398,0.0
-50.0,50,4318.532258,0.0
-50.0,50,4319.032558,0.0
-50.0,50,4319.537323,0.0
0.0,50,4320.044236,1.0
-50.0,50,4320.537255,0.0
-50.0,50,4321.037821,0.0
0.0,50,4321.541059,1.0
-50.0,50,4322.06336,0.0
-50.0,50,4322.57838,0.0
-50.0,50,4323.073218,0.0
-50.0,50,4323.585722,0.0
-50.0,50,4324.112238,0.0
-50.0,50,4324.623428,0.0
-50.0,50,4325.136073,0.0
-50.0,50,4325.644004,0.0
-50.0,50,4326.157454,0.0
-50.0,50,4326.667629,0.0
-50.0,50,4327.180301,0.0
-50.0,50,4327.697639,0.0
-50.0,50,4328.222333,0.0
-50.0,50,4328.725697,0.0
-50.0,50,4329.225405,0.0
-50.0,50,4329.735453,0.0
-50.0,50,4330.262853,0.0
0.0,50,4330.778098,1.0
-50.0,50,4331.277432,0.0
-50.0,50,4331.781111,0.0
-50.0,50,4334.644003,0.0
-50.0,50,4335.157619,0.0
-50.0,50,4335.656831,0.0
-50.0,50,4336.161481,0.0
-50.0,50,4336.675954,0.0
-50.0,50,4337.188432,0.0
-50.0,50,4337.692308,0.0
-50.0,50,4338.201493,0.0
-50.0,50,4338.716717,0.0
-50.0,50,4339.21643,0.0
-50.0,50,4339.710853,0.0
-50.0,50,4340.21576,0.0
-50.0,50,4340.745595,0.0
-50.0,50,4341.249473,0.0
-50.0,50,4341.760487,0.0
-50.0,50,4342.243829,0.0
-50.0,50,4342.769996,0.0
-50.0,50,4343.287499,0.0
-50.0,50,4343.789536,0.0
-50.0,50,4344.293017,0.0
-50.0,50,4344.809383,0.0
-50.0,50,4345.321772,0.0
-50.0,50,4345.827034,0.0
-50.0,50,4346.328764,0.0
-50.0,50,4346.859539,0.0
-50.0,50,4347.368284,0.0
-50.0,50,4347.868687,0.0
-50.0,50,4348.361017,0.0
-50.0,50,4348.885582,0.0
-50.0,50,4349.385154,0.0
-50.0,50,4349.889968,0.0
-50.0,50,4350.392684,0.0
0.0,50,4350.897648,1.0
-50.0,50,4351.410854,0.0
-50.0,50,4351.919254,0.0
0.0,50,4352.419505,1.0
-50.0,50,4352.94031,0.0
-50.0,50,4353.431025,0.0
-50.0,50,4353.930083,0.0
-50.0,50,4354.434838,0.0
-50.0,50,4354.952818,0.0
-50.0,50,4355.462379,0.0
-50.0,50,4355.983659,0.0
0.0,50,4356.474453,1.0
-50.0,50,4357.00067,0.0
-50.0,50,4357.501261,0.0
-50.0,50,4358.011348,0.0
-50.0,50,4358.518786,0.0
-50.0,50,4359.028698,0.0
-50.0,50,4359.520653,0.0
-50.0,50,4360.019638,0.0
-50.0,50,4360.519711,0.0
-50.0,50,4361.034767,0.0
-50.0,50,4361.52926,0.0
-50.0,50,4362.033241,0.0
-50.0,50,4362.541359,0.0
-50.0,50,4363.070539,0.0
-50.0,50,4363.580063,0.0
-50.0,50,4364.088258,0.0
-50.0,50,4364.587178,0.0
-50.0,50,4365.092133,0.0
-50.0,50,4365.592282,0.0
-50.0,50,4366.100021,0.0
-50.0,50,4366.606575,0.0
-50.0,50,4367.120336,0.0
-50.0,50,4367.610493,0.0
-50.0,50,4368.109956,0.0
-50.0,50,4368.623993,0.0
-50.0,50,4369.145473,0.0
-50.0,50,4369.651654,0.0
-50.0,50,4370.132583,0.0
-50.0,50,4370.641428,0.0
-50.0,50,4371.16824,0.0
-50.0,50,4371.679896,0.0
-50.0,50,4372.187992,0.0
-50.0,50,4372.697205,0.0
-50.0,50,4373.206074,0.0
-50.0,50,4373.710461,0.0
-50.0,50,4374.217466,0.0
-50.0,50,4374.724853,0.0
0.0,50,4375.235114,1.0
-50.0,50,4375.720268,0.0
-50.0,50,4376.214344,0.0
-50.0,50,4376.719413,0.0
-50.0,50,4377.225866,0.0
-50.0,50,4377.721121,0.0
0.0,50,4378.214744,1.0
-50.0,50,4378.714296,0.0
-50.0,50,4379.228536,0.0
-50.0,50,4379.727538,0.0
-50.0,50,4380.225265,0.0
-50.0,50,4380.717738,0.0
-50.0,50,4381.222334,0.0
-50.0,50,4381.717125,0.0
-50.0,50,4382.220759,0.0
-50.0,50,4382.721195,0.0
-50.0,50,4383.241208,0.0
-50.0,50,4383.728262,0.0
0.0,50,4384.220708,1.0
-50.0,50,4384.724701,0.0
-50.0,50,4385.236698,0.0
-50.0,50,4385.738824,0.0
-50.0,50,4386.227155,0.0
-50.0,50,4386.730682,0.0
0.0,50,4387.251034,1.0
-50.0,50,4387.75589,0.0
-50.0,50,4388.2481,0.0
-50.0,50,4388.744345,0.0
-50.0,50,4389.248164,0.0
-50.0,50,4389.747123,0.0
-50.0,50,4390.242429,0.0
-50.0,50,4390.743648,0.0
-50.0,50,4391.260777,0.0
-50.0,50,4391.747617,0.0
-50.0,50,4392.254362,0.0
-50.0,50,4392.756198,0.0
-50.0,50,4393.269228,0.0
-50.0,50,4393.768229,0.0
-50.0,50,4394.254188,0.0
-50.0,50,4394.749786,0.0
-50.0,50,4395.256328,0.0
-50.0,50,4395.755183,0.0
0.0,50,4396.259938,1.0
-50.0,50,4396.742531,0.0
-50.0,50,4397.253326,0.0
-50.0,50,4397.747563,0.0
-50.0,50,4398.250173,0.0
-50.0,50,4398.751334,0.0
-50.0,50,4399.261976,0.0
-50.0,50,4399.748218,0.0
-50.0,50,4400.243255,0.0
-50.0,50,4400.740996,0.0
-50.0,50,4401.257482,0.0
-50.0,50,4401.747795,0.0
-50.0,50,4402.244139,0.0
-50.0,50,4402.745284,0.0
-50.0,50,4403.275205,0.0
-50.0,50,4403.782069,0.0
-50.0,50,4404.281545,0.0
0.0,50,4404.754234,1.0
-50.0,50,4405.273339,0.0
-50.0,50,4405.775151,0.0
-50.0,50,4406.269381,0.0
-50.0,50,4406.772653,0.0
-50.0,50,4407.277781,0.0
-50.0,50,4407.772416,0.0
-50.0,50,4408.283122,0.0
-50.0,50,4408.787652,0.0
-50.0,50,4409.303788,0.0
-50.0,50,4409.799614,0.0
-50.0,50,4410.29975,0.0
-50.0,50,4410.820529,0.0
-50.0,50,4411.337233,0.0
-50.0,50,4411.838905,0.0
-50.0,50,4412.344129,0.0
-50.0,50,4412.834072,0.0
-50.0,50,4413.340163,0.0
-50.0,50,4413.838298,0.0
-50.0,50,4414.336047,0.0
0.0,50,4414.842072,1.0
-50.0,50,4415.348101,0.0
-50.0,50,4415.847059,0.0
-50.0,50,4416.354385,0.0
-50.0,50,4416.850548,0.0
-50.0,50,4417.368245,0.0
0.0,50,4417.855078,1.0
-50.0,50,4418.349915,0.0
-50.0,50,4418.85544,0.0
-50.0,50,4419.373448,0.0
-50.0,50,4419.875457,0.0
-50.0,50,4420.368381,0.0
-50.0,50,4420.857643,0.0
-50.0,50,4421.36013,0.0
-50.0,50,4421.862153,0.0
-50.0,50,4422.365294,0.0
-50.0,50,4422.864532,0.0
-50.0,50,4423.376411,0.0
-50.0,50,4423.874867,0.0
-50.0,50,4424.367332,0.0
-50.0,50,4424.85914,0.0
-50.0,50,4425.376628,0.0
-50.0,50,4425.861668,0.0
-50.0,50,4426.355494,0.0
-50.0,50,4426.857873,0.0
-50.0,50,4427.369549,0.0
-50.0,50,4427.865918,0.0
-50.0,50,4428.351152,0.0
-50.0,50,4428.841961,0.0
-50.0,50,4429.359137,0.0
-50.0,50,4429.865647,0.0
-50.0,50,4430.362929,0.0
-50.0,50,4430.868963,0.0
-50.0,50,4431.37538,0.0
-50.0,50,4431.871776,0.0
-50.0,50,4432.380578,0.0
-50.0,50,4432.899288,0.0
-50.0,50,4433.421504,0.0
-50.0,50,4433.919636,0.0
-50.0,50,4434.41285,0.0
-50.0,50,4434.922417,0.0
-50.0,50,4437.813554,0.0
-50.0,50,4438.302794,0.0
-50.0,50,4438.802067,0.0
0.0,50,4439.311608,1.0
-50.0,50,4439.832584,0.0
-50.0,50,4440.332834,0.0
0.0,50,4440.831291,1.0
-50.0,50,4441.329157,0.0
-50.0,50,4441.851504,0.0
-50.0,50,4442.348449,0.0
-50.0,50,4442.847474,0.0
-50.0,50,4443.347995,0.0
-50.0,50,4443.86448,0.0
-50.0,50,4444.361758,0.0
-50.0,50,4444.865462,0.0
-50.0,50,4445.377036,0.0
-50.0,50,4445.898606,0.0
-50.0,50,4446.396973,0.0
-50.0,50,4446.878338,0.0
-50.0,50,4447.3795,0.0
-50.0,50,4447.911397,0.0
-50.0,50,4448.427045,0.0
-50.0,50,4448.93007,0.0
-50.0,50,4449.420207,0.0
-50.0,50,4449.924731,0.0
-50.0,50,4450.427719,0.0
-50.0,50,4450.931588,0.0
-50.0,50,4451.431763,0.0
-50.0,50,4451.95018,0.0
-50.0,50,4452.446279,0.0
-50.0,50,4452.954773,0.0
-50.0,50,4453.457614,0.0
-50.0,50,4453.977022,0.0
-50.0,50,4454.488185,0.0
-50.0,50,4454.981301,0.0
-50.0,50,4455.480617,0.0
-50.0,50,4455.991975,0.0
-50.0,50,4456.501853,0.0
-50.0,50,4457.011757,0.0
-50.0,50,4457.520332,0.0
-50.0,50,4458.016985,0.0
-50.0,50,4458.515076,0.0
-50.0,50,4459.01848,0.0
-50.0,50,4459.554742,0.0
0.0,50,4460.069112,1.0
-50.0,50,4460.554299,0.0
-50.0,50,4461.053719,0.0
-50.0,50,4461.547215,0.0
-50.0,50,4462.070282,0.0
-50.0,50,4462.568928,0.0
-50.0,50,4463.079732,0.0
-50.0,50,4463.574041,0.0
-50.0,50,4464.101352,0.0
-50.0,50,4464.611628,0.0
-50.0,50,4465.119034,0.0
-50.0,50,4465.632863,0.0
0.0,50,4466.141932,1.0
-50.0,50,4466.636712,0.0
0.0,50,4467.148418,1.0
-50.0,50,4467.669876,0.0
-50.0,50,4468.183989,0.0
-50.0,50,4468.689371,0.0
-50.0,50,4469.175384,0.0
-50.0,50,4469.673964,0.0
-50.0,50,4470.198248,0.0
-50.0,50,4470.707214,0.0
-50.0,50,4471.20779,0.0
-50.0,50,4471.706628,0.0
-50.0,50,4472.216287,0.0
-50.0,50,4472.716993,0.0
-50.0,50,4473.223569,0.0
-50.0,50,4473.720747,0.0
-50.0,50,4474.253452,0.0
-50.0,50,4474.735135,0.0
-50.0,50,4475.238818,0.0
-50.0,50,4475.745877,0.0
-50.0,50,4476.27544,0.0
-50.0,50,4476.776809,0.0
0.0,50,4477.266572,1.0
-50.0,50,4477.767912,0.0
-50.0,50,4478.291792,0.0
-50.0,50,4478.796265,0.0
-50.0,50,4479.307632,0.0
-50.0,50,4479.816872,0.0
-50.0,50,4480.316779,0.0
-50.0,50,4480.817796,0.0
-50.0,50,4481.325394,0.0
-50.0,50,4481.829519,0.0
-50.0,50,4482.349053,0.0
-50.0,50,4482.843979,0.0
-50.0,50,4483.347286,0.0
-50.0,50,4483.851463,0.0
-50.0,50,4484.373285,0.0
-50.0,50,4484.87887,0.0
0.0,50,4485.382084,1.0
-50.0,50,4485.871228,0.0
-50.0,50,4486.398863,0.0
-50.0,50,4486.899266,0.0
0.0,50,4487.395375,1.0
-50.0,50,4487.910218,0.0
-50.0,50,4488.420783,0.0
-50.0,50,4488.917742,0.0
-50.0,50,4489.413172,0.0
-50.0,50,4489.915628,0.0
-50.0,50,4490.443605,0.0
-50.0,50,4490.954828,0.0
-50.0,50,4491.431677,0.0
-50.0,50,4491.933265,0.0
-50.0,50,4492.457616,0.0
-50.0,50,4492.971137,0.0
-50.0,50,4493.47363,0.0
-50.0,50,4493.95964,0.0
-50.0,50,4494.458853,0.0
-50.0,50,4494.960635,0.0
-50.0,50,4495.4553,0.0
-50.0,50,4495.960949,0.0
-50.0,50,4496.462286,0.0
-50.0,50,4496.960106,0.0
-50.0,50,4497.463883,0.0
-50.0,50,4497.966475,0.0
-50.0,50,4498.485025,0.0
-50.0,50,4498.988922,0.0
-50.0,50,4499.475204,0.0
-50.0,50,4499.980615,0.0
-50.0,50,4500.498983,0.0
-50.0,50,4500.993487,0.0
0.0,50,4501.492751,1.0
-50.0,50,4501.98078,0.0
-50.0,50,4502.502306,0.0
-50.0,50,4503.007577,0.0
-50.0,50,4503.500763,0.0
-50.0,50,4503.995371,0.0
-50.0,50,4504.509906,0.0
-50.0,50,4505.001112,0.0
-50.0,50,4505.500004,0.0
-50.0,50,4505.997158,0.0
-50.0,50,4506.517495,0.0
0.0,50,4507.001777,1.0
-50.0,50,4507.484954,0.0
-50.0,50,4507.99098,0.0
-50.0,50,4508.515367,0.0
-50.0,50,4509.020162,0.0
-50.0,50,4509.515601,0.0
-50.0,50,4510.004378,0.0
0.0,50,4510.552035,1.0
-50.0,50,4511.055335,0.0
-50.0,50,4511.558106,0.0
-50.0,50,4512.057338,0.0
-50.0,50,4512.563776,0.0
-50.0,50,4513.061339,0.0
-50.0,50,4513.559164,0.0
-50.0,50,4514.064445,0.0
0.0,50,4514.577151,1.0
0.0,50,4515.069366,1.0
0.0,50,4515.551944,1.0
-50.0,50,4516.056357,0.0
-50.0,50,4516.566365,0.0
-50.0,50,4517.07301,0.0
-50.0,50,4517.57427,0.0
-50.0,50,4518.058425,0.0
-50.0,50,4518.566925,0.0
0.0,50,4519.070351,1.0
-50.0,50,4519.567671,0.0
-50.0,50,4520.06096,0.0
-50.0,50,4520.554642,0.0
-50.0,50,4521.040272,0.0
-50.0,50,4521.532595,0.0
-50.0,50,4522.030231,0.0
-50.0,50,4522.556239,0.0
-50.0,50,4523.047485,0.0
-50.0,50,4523.546764,0.0
-50.0,50,4524.053034,0.0
-50.0,50,4524.580032,0.0
0.0,50,4525.079316,1.0
-50.0,50,4525.567082,0.0
0.0,50,4526.056187,1.0
-50.0,50,4526.572458,0.0
-50.0,50,4527.078741,0.0
-50.0,50,4527.572026,0.0
-50.0,50,4528.070796,0.0
-50.0,50,4528.614336,0.0
-50.0,50,4529.110627,0.0
-50.0,50,4529.653363,0.0
0.0,50,4530.12712,1.0
-50.0,50,4530.652946,0.0
-50.0,50,4531.15449,0.0
-50.0,50,4531.677476,0.0
-50.0,50,4532.181846,0.0
-50.0,50,4532.722412,0.0
-50.0,50,4533.215925,0.0
-50.0,50,4533.703565,0.0
-50.0,50,4534.194464,0.0
-50.0,50,4534.718174,0.0
-50.0,50,4535.212213,0.0
-50.0,50,4535.698967,0.0
-50.0,50,4536.183582,0.0
-50.0,50,4536.689339,0.0
-50.0,50,4537.165453,0.0
0.0,50,4537.644574,1.0
-50.0,50,4538.123841,0.0
-50.0,50,4540.964356,0.0
-50.0,50,4541.452574,0.0
-50.0,50,4541.954587,0.0
-50.0,50,4542.454959,0.0
-50.0,50,4542.982586,0.0
-50.0,50,4543.492476,0.0
-50.0,50,4543.99916,0.0
-50.0,50,4544.481891,0.0
-50.0,50,4545.009516,0.0
-50.0,50,4545.516043,0.0
-50.0,50,4546.0194,0.0
-50.0,50,4546.524063,0.0
-50.0,50,4547.042806,0.0
-50.0,50,4547.532948,0.0
-50.0,50,4548.035202,0.0
-50.0,50,4548.545544,0.0
-50.0,50,4549.069731,0.0
-50.0,50,4549.574938,0.0
-50.0,50,4550.056235,0.0
-50.0,50,4550.563957,0.0
-50.0,50,4551.091191,0.0
-50.0,50,4551.591099,0.0
-50.0,50,4552.099834,0.0
-50.0,50,4552.589643,0.0
-50.0,50,4553.121468,0.0
-50.0,50,4553.622587,0.0
-50.0,50,4554.135456,0.0
-50.0,50,4554.633924,0.0
-50.0,50,4555.182629,0.0
-50.0,50,4555.660377,0.0
-50.0,50,4556.16233,0.0
-50.0,50,4556.669842,0.0
-50.0,50,4557.18056,0.0
-50.0,50,4557.693867,0.0
-50.0,50,4558.193085,0.0
-50.0,50,4558.68673,0.0
0.0,50,4559.211539,1.0
-50.0,50,4559.711757,0.0
-50.0,50,4560.219766,0.0
0.0,50,4560.715786,1.0
-50.0,50,4561.224744,0.0
-50.0,50,4561.729546,0.0
-50.0,50,4562.23899,0.0
-50.0,50,4562.743186,0.0
-50.0,50,4563.257805,0.0
-50.0,50,4563.748168,0.0
-50.0,50,4564.25183,0.0
0.0,50,4564.7514,1.0
-50.0,50,4565.283939,0.0
-50.0,50,4565.793741,0.0
0.0,50,4566.298607,1.0
-50.0,50,4566.792637,0.0
-50.0,50,4567.314485,0.0
-50.0,50,4567.822856,0.0
-50.0,50,4568.328993,0.0
-50.0,50,4568.843818,0.0
-50.0,50,4569.367701,0.0
-50.0,50,4569.859231,0.0
-50.0,50,4570.37223,0.0
-50.0,50,4570.871134,0.0
-50.0,50,4571.414068,0.0
-50.0,50,4571.925582,0.0
-50.0,50,4572.424389,0.0
-50.0,50,4572.922617,0.0
-50.0,50,4573.460759,0.0
-50.0,50,4573.960143,0.0
-50.0,50,4574.45303,0.0
-50.0,50,4574.942944,0.0
-50.0,50,4575.457456,0.0
-50.0,50,4575.963817,0.0
-50.0,50,4576.474978,0.0
-50.0,50,4576.985815,0.0
-50.0,50,4577.510251,0.0
-50.0,50,4577.99398,0.0
-50.0,50,4578.487467,0.0
-50.0,50,4578.989311,0.0
-50.0,50,4579.51226,0.0
-50.0,50,4580.017382,0.0
-50.0,50,4580.521293,0.0
0.0,50,4581.005716,1.0
-50.0,50,4581.541461,0.0
-50.0,50,4582.037494,0.0
-50.0,50,4582.546183,0.0
-50.0,50,4583.067978,0.0
-50.0,50,4583.586781,0.0
-50.0,50,4584.088881,0.0
-50.0,50,4584.600983,0.0
-50.0,50,4585.113189,0.0
-50.0,50,4585.631924,0.0
-50.0,50,4586.129493,0.0
-50.0,50,4586.606154,0.0
0.0,50,4587.110896,1.0
-50.0,50,4587.638898,0.0
-50.0,50,4588.150878,0.0
-50.0,50,4588.654838,0.0
-50.0,50,4589.16097,0.0
-50.0,50,4589.690436,0.0
-50.0,50,4590.189936,0.0
0.0,50,4590.69107,1.0
-50.0,50,4591.199889,0.0
-50.0,50,4591.734932,0.0
-50.0,50,4592.213791,0.0
-50.0,50,4592.71745,0.0
-50.0,50,4593.225126,0.0
-50.0,50,4593.754928,0.0
0.0,50,4594.250318,1.0
-50.0,50,4594.7515,0.0
-50.0,50,4595.245818,0.0
-50.0,50,4595.788197,0.0
-50.0,50,4596.293675,0.0
-50.0,50,4596.789692,0.0
-50.0,50,4597.296392,0.0
-50.0,50,4597.826842,0.0
-50.0,50,4598.327302,0.0
-50.0,50,4598.820969,0.0
-50.0,50,4599.327176,0.0
-50.0,50,4599.865525,0.0
-50.0,50,4600.3584,0.0
-50.0,50,4600.856242,0.0
-50.0,50,4601.36428,0.0
-50.0,50,4601.901677,0.0
-50.0,50,4602.404935,0.0
-50.0,50,4602.903008,0.0
-50.0,50,4603.39998,0.0
-50.0,50,4603.926131,0.0
-50.0,50,4604.431541,0.0
-50.0,50,4604.934544,0.0
-50.0,50,4605.434879,0.0
-50.0,50,4605.969425,0.0
-50.0,50,4606.459164,0.0
-50.0,50,4606.968576,0.0
-50.0,50,4607.468874,0.0
-50.0,50,4608.020991,0.0
-50.0,50,4608.532371,0.0
-50.0,50,4609.045573,0.0
-50.0,50,4609.535492,0.0
-50.0,50,4610.083994,0.0
-50.0,50,4610.596614,0.0
-50.0,50,4611.107906,0.0
-50.0,50,4611.606236,0.0
-50.0,50,4612.153433,0.0
-50.0,50,4612.647508,0.0
-50.0,50,4613.167165,0.0
-50.0,50,4613.696286,0.0
-50.0,50,4614.232993,0.0
-50.0,50,4614.745099,0.0
-50.0,50,4615.25905,0.0
-50.0,50,4615.756505,0.0
-50.0,50,4616.299233,0.0
-50.0,50,4616.805047,0.0
-50.0,50,4617.337181,0.0
0.0,50,4617.871668,1.0
-50.0,50,4618.413272,0.0
-50.0,50,4618.92971,0.0
-50.0,50,4619.423625,0.0
-50.0,50,4619.935598,0.0
-50.0,50,4620.483764,0.0
-50.0,50,4621.001193,0.0
-50.0,50,4621.503918,0.0
-50.0,50,4622.008627,0.0
-50.0,50,4622.544639,0.0
-50.0,50,4623.046225,0.0
-50.0,50,4623.56203,0.0
-50.0,50,4624.064999,0.0
-50.0,50,4624.607232,0.0
-50.0,50,4625.119845,0.0
-50.0,50,4625.616286,0.0
-50.0,50,4626.134269,0.0
-50.0,50,4626.70729,0.0
-50.0,50,4627.220441,0.0
-50.0,50,4627.726064,0.0
-50.0,50,4628.23777,0.0
-50.0,50,4628.765721,0.0
-50.0,50,4629.273515,0.0
-50.0,50,4629.782779,0.0
-50.0,50,4630.298351,0.0
-50.0,50,4630.836361,0.0
-50.0,50,4631.342547,0.0
-50.0,50,4631.835841,0.0
-50.0,50,4632.348547,0.0
-50.0,50,4632.888357,0.0
-50.0,50,4633.389318,0.0
-50.0,50,4633.897301,0.0
0.0,50,4634.388413,1.0
-50.0,50,4634.912199,0.0
-50.0,50,4635.424649,0.0
0.0,50,4635.929613,1.0
-50.0,50,4636.436715,0.0
-50.0,50,4636.979693,0.0
-50.0,50,4637.485172,0.0
-50.0,50,4637.984392,0.0
-50.0,50,4638.483757,0.0
0.0,50,4639.02175,1.0
-50.0,50,4639.527785,0.0
-50.0,50,4640.035924,0.0
-50.0,50,4640.523769,0.0
-50.0,50,4641.076675,0.0
-50.0,50,4641.584746,0.0
-50.0,50,4642.094997,0.0
-50.0,50,4642.59705,0.0
-50.0,50,4645.460681,0.0
-50.0,50,4645.963783,0.0
-50.0,50,4646.468544,0.0
-50.0,50,4646.976752,0.0
-50.0,50,4647.506077,0.0
-50.0,50,4648.007142,0.0
-50.0,50,4648.50514,0.0
-50.0,50,4649.004102,0.0
-50.0,50,4649.537377,0.0
0.0,50,4650.04239,1.0
-50.0,50,4650.551082,0.0
-50.0,50,4651.035513,0.0
-50.0,50,4651.557607,0.0
-50.0,50,4652.06072,0.0
0.0,50,4652.577716,1.0
-50.0,50,4653.083382,0.0
-50.0,50,4653.624569,0.0
-50.0,50,4654.112779,0.0
-50.0,50,4654.620823,0.0
-50.0,50,4655.126688,0.0
-50.0,50,4655.675606,0.0
0.0,50,4656.181986,1.0
-50.0,50,4656.686233,0.0
-50.0,50,4657.182879,0.0
-50.0,50,4657.722662,0.0
-50.0,50,4658.224749,0.0
-50.0,50,4658.733498,0.0
-50.0,50,4659.240537,0.0
-50.0,50,4659.774373,0.0
-50.0,50,4660.264677,0.0
0.0,50,4660.777984,1.0
-50.0,50,4661.283845,0.0
-50.0,50,4661.830656,0.0
-50.0,50,4662.340713,0.0
-50.0,50,4662.837744,0.0
-50.0,50,4663.33733,0.0
-50.0,50,4663.876529,0.0
-50.0,50,4664.383172,0.0
-50.0,50,4664.886898,0.0
-50.0,50,4665.395472,0.0
-50.0,50,4665.909596,0.0
-50.0,50,4666.401826,0.0
-50.0,50,4666.918538,0.0
-50.0,50,4667.432845,0.0
-50.0,50,4667.966636,0.0
-50.0,50,4668.477691,0.0
-50.0,50,4668.966645,0.0
-50.0,50,4669.472876,0.0
-50.0,50,4670.011998,0.0
-50.0,50,4670.514931,0.0
-50.0,50,4671.014589,0.0
0.0,50,4671.528715,1.0
-50.0,50,4672.05665,0.0
-30.0,50,4672.566968,1.0
-50.0,50,4673.082738,0.0
-50.0,50,4673.592146,0.0
-50.0,50,4674.110903,0.0
-50.0,50,4674.607736,0.0
-50.0,50,4675.096776,0.0
-50.0,50,4675.59031,0.0
-50.0,50,4676.130847,0.0
-50.0,50,4676.628833,0.0
-50.0,50,4677.140497,0.0
-50.0,50,4677.630598,0.0
-50.0,50,4678.16694,0.0
-50.0,50,4678.671652,0.0
-50.0,50,4679.173141,0.0
-50.0,50,4679.681813,0.0
-50.0,50,4680.227076,0.0
-50.0,50,4680.721083,0.0
-50.0,50,4681.221172,0.0
-50.0,50,4681.722013,0.0
-50.0,50,4682.257149,0.0
-50.0,50,4682.759547,0.0
0.0,50,4683.243681,1.0
-50.0,50,4683.740872,0.0
0.0,50,4684.285875,1.0
-50.0,50,4684.797647,0.0
-50.0,50,4685.304744,0.0
-46.0,50,4685.80475,0.0
-50.0,50,4686.33019,0.0
-50.0,50,4686.823208,0.0
-50.0,50,4687.321799,0.0
-50.0,50,4687.828667,0.0
-50.0,50,4688.369998,0.0
-50.0,50,4688.877774,0.0
-50.0,50,4689.366753,0.0
-50.0,50,4689.870976,0.0
-50.0,50,4690.403819,0.0
-50.0,50,4690.90697,0.0
-50.0,50,4691.417823,0.0
-50.0,50,4691.916855,0.0
-50.0,50,4692.445513,0.0
-50.0,50,4692.948902,0.0
0.0,50,4693.454839,1.0
-50.0,50,4693.952562,0.0
-50.0,50,4694.490835,0.0
-50.0,50,4694.964699,0.0
-50.0,50,4695.462759,0.0
-50.0,50,4695.95228,0.0
-50.0,50,4696.48099,0.0
-50.0,50,4696.984297,0.0
-50.0,50,4697.475501,0.0
-50.0,50,4697.966857,0.0
0.0,50,4698.502745,1.0
-50.0,50,4699.006524,0.0
-50.0,50,4699.51388,0.0
-50.0,50,4700.011198,0.0
-50.0,50,4700.532741,0.0
0.0,50,4701.038919,1.0
-50.0,50,4701.549002,0.0
-50.0,50,4702.059917,0.0
-50.0,50,4702.608477,0.0
-50.0,50,4703.125633,0.0
-50.0,50,4703.614491,0.0
0.0,50,4704.108644,1.0
-50.0,50,4704.638558,0.0
-50.0,50,4705.149917,0.0
-50.0,50,4705.644726,0.0
-50.0,50,4706.131956,0.0
-50.0,50,4706.665069,0.0
-50.0,50,4707.171655,0.0
-50.0,50,4707.67995,0.0
-50.0,50,4708.191212,0.0
-50.0,50,4708.703108,0.0
-50.0,50,4709.188071,0.0
-50.0,50,4709.690672,0.0
-50.0,50,4710.186954,0.0
-50.0,50,4710.712713,0.0
-50.0,50,4711.217332,0.0
-50.0,50,4711.712528,0.0
-50.0,50,4712.209997,0.0
-50.0,50,4712.742905,0.0
-50.0,50,4713.246323,0.0
-50.0,50,4713.742132,0.0
-50.0,50,4714.231628,0.0
-50.0,50,4714.745507,0.0
-50.0,50,4715.255139,0.0
-50.0,50,4715.752499,0.0
-50.0,50,4716.261206,0.0
-50.0,50,4716.790021,0.0
-50.0,50,4717.279856,0.0
-50.0,50,4717.780281,0.0
-50.0,50,4718.287058,0.0
-50.0,50,4718.816006,0.0
-50.0,50,4719.32131,0.0
-50.0,50,4719.824853,0.0
-50.0,50,4720.339545,0.0
-50.0,50,4720.872637,0.0
-50.0,50,4721.379352,0.0
0.0,50,4721.883403,1.0
-50.0,50,4722.39003,0.0
-50.0,50,4722.916168,0.0
-50.0,50,4723.406169,0.0
-50.0,50,4723.909219,0.0
-50.0,50,4724.415082,0.0
-50.0,50,4724.946424,0.0
-50.0,50,4725.444816,0.0
-50.0,50,4725.921662,0.0
-50.0,50,4726.43338,0.0
0.0,50,4726.953242,1.0
-50.0,50,4727.465337,0.0
-50.0,50,4727.994244,0.0
-50.0,50,4728.48965,0.0
-50.0,50,4729.004099,0.0
-50.0,50,4729.509954,0.0
-50.0,50,4730.019181,0.0
-50.0,50,4730.524873,0.0
-50.0,50,4731.053694,0.0
-50.0,50,4731.546833,0.0
-50.0,50,4732.04676,0.0
-50.0,50,4732.552835,0.0
-50.0,50,4733.095601,0.0
-50.0,50,4733.610607,0.0
-50.0,50,4734.126553,0.0
-50.0,50,4734.62678,0.0
-50.0,50,4735.175112,0.0
-50.0,50,4735.676779,0.0
-50.0,50,4736.18787,0.0
-50.0,50,4736.69411,0.0
-50.0,50,4737.232307,0.0
-50.0,50,4737.733514,0.0
-50.0,50,4738.229789,0.0
-50.0,50,4738.738527,0.0
-50.0,50,4739.272927,0.0
-50.0,50,4739.78544,0.0
-50.0,50,4740.297327,0.0
-50.0,50,4740.788042,0.0
-50.0,50,4741.334641,0.0
-50.0,50,4741.850638,0.0
-50.0,50,4742.345062,0.0
-50.0,50,4742.849381,0.0
0.0,50,4743.400175,1.0
-50.0,50,4743.891451,0.0
-50.0,50,4744.418502,0.0
-50.0,50,4744.922864,0.0
-50.0,50,4745.441176,0.0
-50.0,50,4745.945914,0.0
-50.0,50,4746.440039,0.0
-50.0,50,4746.936317,0.0
-50.0,50,4749.836177,0.0
-50.0,50,4750.34345,0.0
-50.0,50,4750.841025,0.0
-50.0,50,4751.326251,0.0
0.0,50,4751.833302,1.0
0.0,50,4752.337863,1.0
-50.0,50,4752.84667,0.0
-50.0,50,4753.344589,0.0
-50.0,50,4753.865072,0.0
-50.0,50,4754.356803,0.0
-50.0,50,4754.858312,0.0
-50.0,50,4755.364145,0.0
-50.0,50,4755.879496,0.0
-50.0,50,4756.3779,0.0
-50.0,50,4756.857963,0.0
-50.0,50,4757.365297,0.0
-50.0,50,4757.901536,0.0
-50.0,50,4758.405609,0.0
-50.0,50,4758.904914,0.0
-50.0,50,4759.400579,0.0
-50.0,50,4759.914482,0.0
-50.0,50,4760.423357,0.0
-50.0,50,4760.925333,0.0
-50.0,50,4761.427948,0.0
-50.0,50,4761.960544,0.0
-50.0,50,4762.448459,0.0
-50.0,50,4762.962706,0.0
-50.0,50,4763.465041,0.0
-50.0,50,4763.989877,0.0
0.0,50,4764.493902,1.0
-50.0,50,4764.991958,0.0
-50.0,50,4765.495682,0.0
0.0,50,4766.017375,1.0
-50.0,50,4766.526013,0.0
-50.0,50,4767.035393,0.0
-50.0,50,4767.529322,0.0
-50.0,50,4768.032459,0.0
-50.0,50,4768.527079,0.0
-50.0,50,4769.031649,0.0
-50.0,50,4769.538597,0.0
-50.0,50,4770.066715,0.0
-50.0,50,4770.561007,0.0
-50.0,50,4771.065605,0.0
-50.0,50,4771.569858,0.0
-50.0,50,4772.097756,0.0
-50.0,50,4772.607598,0.0
-50.0,50,4773.10359,0.0
-50.0,50,4773.581369,0.0
-50.0,50,4774.101389,0.0
-50.0,50,4774.606759,0.0
-50.0,50,4775.103127,0.0
-50.0,50,4775.596615,0.0
-50.0,50,4776.104216,0.0
0.0,50,4776.613047,1.0
-50.0,50,4777.112727,0.0
0.0,50,4777.609159,1.0
-50.0,50,4778.132248,0.0
-50.0,50,4778.628927,0.0
-50.0,50,4779.118111,0.0
0.0,50,4779.617511,1.0
-50.0,50,4780.139734,0.0
0.0,50,4780.641408,1.0
-50.0,50,4781.143076,0.0
-50.0,50,4781.628267,0.0
-50.0,50,4782.144729,0.0
-50.0,50,4782.642576,0.0
-50.0,50,4783.1441,0.0
-50.0,50,4783.652832,0.0
-50.0,50,4784.166483,0.0
-50.0,50,4784.663808,0.0
-50.0,50,4785.158179,0.0
-50.0,50,4785.651203,0.0
-50.0,50,4786.166623,0.0
-50.0,50,4786.665941,0.0
-50.0,50,4787.160921,0.0
-50.0,50,4787.660942,0.0
-50.0,50,4788.195445,0.0
-50.0,50,4788.702875,0.0
-50.0,50,4789.209381,0.0
-50.0,50,4789.69285,0.0
-50.0,50,4790.205791,0.0
-50.0,50,4790.714961,0.0
-50.0,50,4791.222363,0.0
-50.0,50,4791.725828,0.0
-50.0,50,4792.255132,0.0
-50.0,50,4792.744798,0.0
-50.0,50,4793.246821,0.0
-50.0,50,4793.750226,0.0
-50.0,50,4794.282835,0.0
0.0,50,4794.773016,1.0
-50.0,50,4795.261518,0.0
-50.0,50,4795.757723,0.0
0.0,50,4796.285629,1.0
-50.0,50,4796.790177,0.0
-50.0,50,4797.299149,0.0
-50.0,50,4797.795771,0.0
-50.0,50,4798.299856,0.0
-50.0,50,4798.795902,0.0
-50.0,50,4799.295905,0.0
-50.0,50,4799.792637,0.0
0.0,50,4800.291283,1.0
-50.0,50,4800.784016,0.0
-50.0,50,4801.292176,0.0
0.0,50,4801.796144,1.0
-50.0,50,4802.308638,0.0
-50.0,50,4802.803825,0.0
-50.0,50,4803.302264,0.0
-50.0,50,4803.803407,0.0
-50.0,50,4804.315411,0.0
-50.0,50,4804.814164,0.0
-50.0,50,4805.314639,0.0
-50.0,50,4805.805046,0.0
-50.0,50,4806.320102,0.0
0.0,50,4806.831589,1.0
-50.0,50,4807.331432,0.0
-50.0,50,4807.828871,0.0
-50.0,50,4808.331988,0.0
-50.0,50,4808.828916,0.0
-50.0,50,4809.324912,0.0
-50.0,50,4809.828861,0.0
-50.0,50,4810.343121,0.0
-50.0,50,4810.828182,0.0
-50.0,50,4811.316371,0.0
-50.0,50,4811.821903,0.0
-50.0,50,4812.348619,0.0
-50.0,50,4812.850378,0.0
-50.0,50,4813.33868,0.0
-50.0,50,4813.830216,0.0
-50.0,50,4814.338653,0.0
-50.0,50,4814.839056,0.0
-50.0,50,4815.328042,0.0
-50.0,50,4815.808302,0.0
-50.0,50,4816.295379,0.0
-50.0,50,4816.796243,0.0
-50.0,50,4817.285152,0.0
-50.0,50,4817.772876,0.0
-50.0,50,4818.275081,0.0
-50.0,50,4818.756559,0.0
-50.0,50,4819.245019,0.0
-50.0,50,4819.73202,0.0
-50.0,50,4820.243829,0.0
-50.0,50,4820.732291,0.0
-50.0,50,4821.228538,0.0
-50.0,50,4821.719233,0.0
-50.0,50,4822.233992,0.0
-50.0,50,4822.726862,0.0
-50.0,50,4823.226845,0.0
-50.0,50,4823.724647,0.0
-50.0,50,4824.237576,0.0
-50.0,50,4824.747292,0.0
-50.0,50,4825.246286,0.0
-50.0,50,4825.740959,0.0
-50.0,50,4826.248494,0.0
-50.0,50,4826.751157,0.0
-50.0,50,4827.261305,0.0
-50.0,50,4827.762257,0.0
-50.0,50,4828.283454,0.0
-50.0,50,4828.762464,0.0
-50.0,50,4829.270023,0.0
-50.0,50,4829.766559,0.0
0.0,50,4830.282294,1.0
-50.0,50,4830.789397,0.0
-50.0,50,4831.283591,0.0
-50.0,50,4831.770505,0.0
-50.0,50,4832.289467,0.0
-50.0,50,4832.786922,0.0
-50.0,50,4833.292477,0.0
-50.0,50,4833.790241,0.0
-50.0,50,4834.302213,0.0
-50.0,50,4834.8121,0.0
-50.0,50,4835.303971,0.0
-50.0,50,4835.806493,0.0
-50.0,50,4836.319648,0.0
-50.0,50,4836.809427,0.0
-50.0,50,4837.308188,0.0
-50.0,50,4837.815577,0.0
-50.0,50,4838.329323,0.0
0.0,50,4838.820048,1.0
-50.0,50,4839.317206,0.0
-50.0,50,4839.803131,0.0
-50.0,50,4840.344934,0.0
-50.0,50,4840.843127,0.0
-50.0,50,4841.345373,0.0
-50.0,50,4841.83889,0.0
-50.0,50,4842.343365,0.0
-50.0,50,4842.854493,0.0
-50.0,50,4843.352637,0.0
-50.0,50,4843.857273,0.0
-50.0,50,4844.381914,0.0
-50.0,50,4844.872303,0.0
-50.0,50,4845.374219,0.0
-50.0,50,4845.875363,0.0
-50.0,50,4846.396099,0.0
-50.0,50,4846.907471,0.0
-50.0,50,4847.402759,0.0
-50.0,50,4847.892238,0.0
-50.0,50,4848.452297,0.0
-50.0,50,4848.963708,0.0
0.0,50,4849.469633,1.0
-50.0,50,4849.981595,0.0
-50.0,50,4852.870876,0.0
-50.0,50,4853.378697,0.0
0.0,50,4853.880075,1.0
-50.0,50,4854.388701,0.0
0.0,50,4854.916047,1.0
-50.0,50,4855.409736,0.0
-50.0,50,4855.899569,0.0
-50.0,50,4856.411253,0.0
0.0,50,4856.94135,1.0
-50.0,50,4857.439549,0.0
-50.0,50,4857.931906,0.0
-50.0,50,4858.416748,0.0
-50.0,50,4858.939413,0.0
-50.0,50,4859.443628,0.0
-50.0,50,4859.936959,0.0
-50.0,50,4860.438498,0.0
-50.0,50,4860.94586,0.0
-50.0,50,4861.447316,0.0
-50.0,50,4861.949309,0.0
-50.0,50,4862.448479,0.0
-50.0,50,4862.964523,0.0
0.0,50,4863.449712,1.0
-50.0,50,4863.943823,0.0
-50.0,50,4864.441707,0.0
-50.0,50,4864.955873,0.0
-50.0,50,4865.45787,0.0
-50.0,50,4865.94561,0.0
-50.0,50,4866.438029,0.0
-50.0,50,4866.952726,0.0
-50.0,50,4867.459593,0.0
-50.0,50,4867.977169,0.0
-50.0,50,4868.504368,0.0
-50.0,50,4869.008209,0.0
0.0,50,4869.51559,1.0
0.0,50,4870.02757,1.0
-50.0,50,4870.524961,0.0
-50.0,50,4871.037711,0.0
-50.0,50,4871.535138,0.0
-50.0,50,4872.029605,0.0
-50.0,50,4872.531296,0.0
-50.0,50,4873.053597,0.0
-50.0,50,4873.561475,0.0
-50.0,50,4874.061131,0.0
-50.0,50,4874.537944,0.0
-50.0,50,4875.052611,0.0
-50.0,50,4875.545603,0.0
-50.0,50,4876.036469,0.0
-50.0,50,4876.536874,0.0
-50.0,50,4877.046886,0.0
-50.0,50,4877.544921,0.0
-50.0,50,4878.043721,0.0
-50.0,50,4878.538944,0.0
-50.0,50,4879.062431,0.0
-50.0,50,4879.544646,0.0
0.0,50,4880.044881,1.0
-50.0,50,4880.547601,0.0
-50.0,50,4881.064117,0.0
-50.0,50,4881.568757,0.0
-50.0,50,4882.063493,0.0
-50.0,50,4882.557676,0.0
-50.0,50,4883.088216,0.0
-50.0,50,4883.590885,0.0
0.0,50,4884.094799,1.0
-50.0,50,4884.597894,0.0
-50.0,50,4885.091678,0.0
-50.0,50,4885.591045,0.0
-50.0,50,4886.087833,0.0
-50.0,50,4886.590178,0.0
-50.0,50,4887.107654,0.0
-50.0,50,4887.591758,0.0
-50.0,50,4888.090683,0.0
0.0,50,4888.596337,1.0
-50.0,50,4889.108893,0.0
-50.0,50,4889.610497,0.0
-50.0,50,4890.104059,0.0
-50.0,50,4890.602054,0.0
-50.0,50,4891.12379,0.0
-50.0,50,4891.626056,0.0
-50.0,50,4892.128689,0.0
-50.0,50,4892.6316,0.0
-50.0,50,4893.12969,0.0
-50.0,50,4893.639449,0.0
-50.0,50,4894.144126,0.0
-50.0,50,4894.648356,0.0
-50.0,50,4895.165803,0.0
0.0,50,4895.643348,1.0
-50.0,50,4896.136172,0.0
-50.0,50,4896.62897,0.0
-50.0,50,4897.154604,0.0
-50.0,50,4897.662338,0.0
-50.0,50,4898.14743,0.0
-50.0,50,4898.646855,0.0
-50.0,50,4899.164514,0.0
-50.0,50,4899.661244,0.0
-50.0,50,4900.164622,0.0
-50.0,50,4900.653604,0.0
-50.0,50,4901.164921,0.0
-50.0,50,4901.671031,0.0
-50.0,50,4902.176951,0.0
0.0,50,4902.675068,1.0
-50.0,50,4903.197932,0.0
-50.0,50,4903.68569,0.0
-50.0,50,4904.189069,0.0
-50.0,50,4904.687697,0.0
-50.0,50,4905.204556,0.0
-50.0,50,4905.702792,0.0
-50.0,50,4906.191557,0.0
-50.0,50,4906.703507,0.0
-50.0,50,4907.216225,0.0
-50.0,50,4907.717002,0.0
-50.0,50,4908.228134,0.0
-50.0,50,4908.728775,0.0
-50.0,50,4909.228979,0.0
-50.0,50,4909.732137,0.0
-50.0,50,4910.227071,0.0
-50.0,50,4910.735144,0.0
-50.0,50,4911.252883,0.0
-50.0,50,4911.744851,0.0
-50.0,50,4912.248298,0.0
-50.0,50,4912.746505,0.0
-50.0,50,4913.269432,0.0
-50.0,50,4913.76071,0.0
-50.0,50,4914.245653,0.0
-50.0,50,4914.731344,0.0
-44.0,50,4915.246977,1.0
-50.0,50,4915.760606,0.0
-50.0,50,4916.255461,0.0
-50.0,50,4916.746661,0.0
-50.0,50,4917.244672,0.0
-50.0,50,4917.739455,0.0
-50.0,50,4918.233939,0.0
-50.0,50,4918.736936,0.0
-50.0,50,4919.24663,0.0
-50.0,50,4919.728141,0.0
-50.0,50,4920.238329,0.0
-50.0,50,4920.736938,0.0
-50.0,50,4921.251836,0.0
0.0,50,4921.762414,1.0
-50.0,50,4922.246259,0.0
-50.0,50,4922.741499,0.0
-50.0,50,4923.257488,0.0
-50.0,50,4923.757538,0.0
0.0,50,4924.259087,1.0
-50.0,50,4924.74538,0.0
0.0,50,4925.251392,1.0
-50.0,50,4925.75269,0.0
0.0,50,4926.255319,1.0
-50.0,50,4926.756336,0.0
-50.0,50,4927.252578,0.0
-50.0,50,4927.736963,0.0
-50.0,50,4928.22752,0.0
-50.0,50,4928.743787,0.0
-50.0,50,4929.270103,0.0
-50.0,50,4929.772821,0.0
-50.0,50,4930.262698,0.0
-50.0,50,4930.775315,0.0
-50.0,50,4931.29913,0.0
-50.0,50,4931.80425,0.0
-50.0,50,4932.29897,0.0
-50.0,50,4932.775605,0.0
-50.0,50,4933.313726,0.0
-50.0,50,4933.814011,0.0
0.0,50,4934.31091,1.0
-50.0,50,4934.814573,0.0
-50.0,50,4935.345141,0.0
-50.0,50,4935.854863,0.0
-50.0,50,4936.366387,0.0
-50.0,50,4936.871146,0.0
-50.0,50,4937.401386,0.0
-50.0,50,4937.89726,0.0
-50.0,50,4938.39058,0.0
-50.0,50,4938.879143,0.0
-50.0,50,4939.401284,0.0
-50.0,50,4939.911222,0.0
-50.0,50,4940.421519,0.0
-50.0,50,4940.918796,0.0
-50.0,50,4941.424497,0.0
-50.0,50,4941.940153,0.0
-50.0,50,4942.451116,0.0
-50.0,50,4942.954367,0.0
-50.0,50,4943.470728,0.0
-50.0,50,4943.966956,0.0
-50.0,50,4944.465442,0.0
-50.0,50,4944.967947,0.0
-50.0,50,4945.488649,0.0
-50.0,50,4945.991123,0.0
-50.0,50,4946.482822,0.0
-50.0,50,4946.97851,0.0
-50.0,50,4947.500487,0.0
-50.0,50,4948.00572,0.0
-50.0,50,4948.513188,0.0
-50.0,50,4949.014011,0.0
-50.0,50,4949.519206,0.0
-50.0,50,4950.015675,0.0
-50.0,50,4950.520102,0.0
-50.0,50,4951.046659,0.0
-50.0,50,4951.571455,0.0
-50.0,50,4952.06418,0.0
-50.0,50,4952.563268,0.0
-50.0,50,4953.070225,0.0
-50.0,50,4955.931293,0.0
-50.0,50,4956.441238,0.0
-50.0,50,4956.928204,0.0
-50.0,50,4957.441132,0.0
0.0,50,4957.966727,1.0
-50.0,50,4958.473876,0.0
-50.0,50,4958.98572,0.0
-50.0,50,4959.482711,0.0
0.0,50,4959.988508,1.0
0.0,50,4960.501895,1.0
-50.0,50,4961.007999,0.0
-50.0,50,4961.513026,0.0
-50.0,50,4962.034774,0.0
-50.0,50,4962.529187,0.0
-50.0,50,4963.037617,0.0
-50.0,50,4963.538412,0.0
-50.0,50,4964.054847,0.0
-50.0,50,4964.567235,0.0
-50.0,50,4965.060258,0.0
-50.0,50,4965.555127,0.0
-50.0,50,4966.07569,0.0
-50.0,50,4966.584128,0.0
-50.0,50,4967.09298,0.0
-50.0,50,4967.600694,0.0
-50.0,50,4968.103156,0.0
-50.0,50,4968.599956,0.0
-50.0,50,4969.101747,0.0
-50.0,50,4969.61254,0.0
-50.0,50,4970.137203,0.0
-50.0,50,4970.636337,0.0
-50.0,50,4971.128936,0.0
-50.0,50,4971.63153,0.0
0.0,50,4972.145506,1.0
-50.0,50,4972.64613,0.0
-50.0,50,4973.159853,0.0
-50.0,50,4973.649971,0.0
-50.0,50,4974.192414,0.0
-50.0,50,4974.696884,0.0
-50.0,50,4975.191798,0.0
-50.0,50,4975.699967,0.0
-50.0,50,4976.213192,0.0
-50.0,50,4976.716586,0.0
-50.0,50,4977.22594,0.0
-50.0,50,4977.73973,0.0
-50.0,50,4978.267564,0.0
-50.0,50,4978.782478,0.0
-50.0,50,4979.273384,0.0
-50.0,50,4979.780853,0.0
-50.0,50,4980.317725,0.0
-50.0,50,4980.82684,0.0
-50.0,50,4981.336001,0.0
0.0,50,4981.834054,1.0
-50.0,50,4982.353774,0.0
-50.0,50,4982.857907,0.0
-50.0,50,4983.367596,0.0
-50.0,50,4983.879179,0.0
-50.0,50,4984.403995,0.0
-50.0,50,4984.913291,0.0
0.0,50,4985.401616,1.0
-50.0,50,4985.909019,0.0
-50.0,50,4986.441619,0.0
-50.0,50,4986.954653,0.0
-50.0,50,4987.465704,0.0
-50.0,50,4987.955065,0.0
0.0,50,4988.469489,1.0
-50.0,50,4988.976793,0.0
-50.0,50,4989.486424,0.0
-50.0,50,4989.990961,0.0
-50.0,50,4990.525159,0.0
-50.0,50,4991.008833,0.0
-50.0,50,4991.516577,0.0
-50.0,50,4992.022992,0.0
-50.0,50,4992.546797,0.0
-50.0,50,4993.056946,0.0
-50.0,50,4993.555642,0.0
-50.0,50,4994.055418,0.0
-50.0,50,4994.574444,0.0
-50.0,50,4995.08499,0.0
-50.0,50,4995.598108,0.0
-50.0,50,4996.109896,0.0
-50.0,50,4996.621133,0.0
0.0,50,4997.119855,1.0
-50.0,50,4997.624839,0.0
-50.0,50,4998.129895,0.0
-50.0,50,4998.644864,0.0
-50.0,50,4999.137653,0.0
0.0,50,4999.633595,1.0
-50.0,50,5000.13071,0.0
-50.0,50,5000.654241,0.0
-50.0,50,5001.159522,0.0
-50.0,50,5001.668869,0.0
-50.0,50,5002.154268,0.0
-50.0,50,5002.676087,0.0
-50.0,50,5003.182682,0.0
-50.0,50,5003.680542,0.0
-50.0,50,5004.18676,0.0
-50.0,50,5004.706749,0.0
0.0,50,5005.201144,1.0
-50.0,50,5005.697611,0.0
-50.0,50,5006.196967,0.0
-50.0,50,5006.752913,0.0
0.0,50,5007.247493,1.0
-50.0,50,5007.737934,0.0
-50.0,50,5008.241923,0.0
-50.0,50,5008.783144,0.0
-50.0,50,5009.290133,0.0
-50.0,50,5009.797259,0.0
-50.0,50,5010.286289,0.0
-50.0,50,5010.812774,0.0
-50.0,50,5011.306216,0.0
-50.0,50,5011.803205,0.0
-50.0,50,5012.306786,0.0
-50.0,50,5012.836217,0.0
-50.0,50,5013.329988,0.0
-50.0,50,5013.832882,0.0
-50.0,50,5014.341923,0.0
-50.0,50,5014.874068,0.0
-50.0,50,5015.379178,0.0
-50.0,50,5015.873702,0.0
0.0,50,5016.359717,1.0
-50.0,50,5016.869633,0.0
-50.0,50,5017.378954,0.0
0.0,50,5017.880984,1.0
-50.0,50,5018.3849,0.0
-50.0,50,5018.886982,0.0
0.0,50,5019.388023,1.0
-50.0,50,5019.89901,0.0
-50.0,50,5020.405602,0.0
-50.0,50,5020.930803,0.0
-50.0,50,5021.433939,0.0
-50.0,50,5021.928795,0.0
-50.0,50,5022.434205,0.0
-50.0,50,5022.95926,0.0
-50.0,50,5023.464101,0.0
-50.0,50,5023.970975,0.0
-50.0,50,5024.463861,0.0
0.0,50,5024.980192,1.0
-50.0,50,5025.48338,0.0
-50.0,50,5025.990034,0.0
0.0,50,5026.49048,1.0
-50.0,50,5026.999074,0.0
-50.0,50,5027.498528,0.0
-50.0,50,5028.008406,0.0
-50.0,50,5028.515098,0.0
-50.0,50,5029.041842,0.0
-50.0,50,5029.551757,0.0
-50.0,50,5030.038246,0.0
-50.0,50,5030.542235,0.0
-50.0,50,5031.066303,0.0
-50.0,50,5031.560225,0.0
-50.0,50,5032.059224,0.0
-50.0,50,5032.558517,0.0
-50.0,50,5033.079161,0.0
-50.0,50,5033.585031,0.0
-50.0,50,5034.087434,0.0
-50.0,50,5034.590218,0.0
-50.0,50,5035.111805,0.0
-50.0,50,5035.592438,0.0
-50.0,50,5036.08702,0.0
-50.0,50,5036.585106,0.0
-50.0,50,5037.140932,0.0
-50.0,50,5037.636177,0.0
-50.0,50,5038.133853,0.0
-50.0,50,5038.637534,0.0
-50.0,50,5039.158572,0.0
-50.0,50,5039.653603,0.0
-50.0,50,5040.159396,0.0
-50.0,50,5040.649981,0.0
-50.0,50,5041.159485,0.0
-50.0,50,5041.665909,0.0
-50.0,50,5042.168509,0.0
-50.0,50,5042.665089,0.0
0.0,50,5043.190964,1.0
-42.0,50,5043.683962,0.0
-50.0,50,5044.183812,0.0
-50.0,50,5044.687398,0.0
-50.0,50,5045.203289,0.0
-50.0,50,5045.703497,0.0
-50.0,50,5046.199048,0.0
-50.0,50,5046.690379,0.0
-50.0,50,5047.206705,0.0
-50.0,50,5047.713228,0.0
-50.0,50,5048.220532,0.0
-50.0,50,5048.727782,0.0
-50.0,50,5049.234304,0.0
-50.0,50,5049.744297,0.0
-50.0,50,5050.252257,0.0
-50.0,50,5050.758619,0.0
-50.0,50,5051.278264,0.0
-50.0,50,5051.76436,0.0
-50.0,50,5052.261429,0.0
-50.0,50,5052.763288,0.0
0.0,50,5053.296692,1.0
-50.0,50,5053.809703,0.0
-50.0,50,5054.315139,0.0
-50.0,50,5054.793895,0.0
-50.0,50,5055.326485,0.0
-50.0,50,5055.826817,0.0
-50.0,50,5056.328614,0.0
-50.0,50,5056.839739,0.0
-50.0,50,5059.73381,0.0
-50.0,50,5060.235886,0.0
-50.0,50,5060.740027,0.0
-50.0,50,5061.250417,0.0
-50.0,50,5061.78343,0.0
-50.0,50,5062.27576,0.0
-50.0,50,5062.76578,0.0
-50.0,50,5063.277048,0.0
-50.0,50,5063.799498,0.0
-50.0,50,5064.30194,0.0
-50.0,50,5064.794965,0.0
-50.0,50,5065.290635,0.0
-50.0,50,5065.814316,0.0
-50.0,50,5066.318547,0.0
-50.0,50,5066.813534,0.0
-50.0,50,5067.324223,0.0
-50.0,50,5067.84365,0.0
-50.0,50,5068.343655,0.0
-50.0,50,5068.853986,0.0
-50.0,50,5069.358726,0.0
-50.0,50,5069.899361,0.0
-50.0,50,5070.411019,0.0
-50.0,50,5070.896188,0.0
-50.0,50,5071.397409,0.0
-50.0,50,5071.91889,0.0
-50.0,50,5072.444707,0.0
-50.0,50,5072.958577,0.0
-50.0,50,5073.46139,0.0
-50.0,50,5073.978442,0.0
-50.0,50,5074.487259,0.0
-50.0,50,5074.999232,0.0
0.0,50,5075.507161,1.0
0.0,50,5076.048875,1.0
-50.0,50,5076.535729,0.0
-50.0,50,5077.026398,0.0
-50.0,50,5077.536721,0.0
0.0,50,5078.065817,1.0
-50.0,50,5078.566301,0.0
-50.0,50,5079.071338,0.0
-50.0,50,5079.56108,0.0
-50.0,50,5080.087166,0.0
0.0,50,5080.588064,1.0
-50.0,50,5081.099846,0.0
-50.0,50,5081.611017,0.0
-50.0,50,5082.122218,0.0
-50.0,50,5082.62231,0.0
-50.0,50,5083.133758,0.0
-50.0,50,5083.64485,0.0
-50.0,50,5084.172827,0.0
-50.0,50,5084.683513,0.0
-50.0,50,5085.176753,0.0
-50.0,50,5085.680565,0.0
-50.0,50,5086.206566,0.0
-50.0,50,5086.7238,0.0
-50.0,50,5087.229199,0.0
-50.0,50,5087.718347,0.0
-50.0,50,5088.224581,0.0
-50.0,50,5088.734251,0.0
-50.0,50,5089.241157,0.0
-50.0,50,5089.741374,0.0
0.0,50,5090.270432,1.0
-50.0,50,5090.756546,0.0
-50.0,50,5091.252603,0.0
-50.0,50,5091.760711,0.0
-50.0,50,5092.277864,0.0
-50.0,50,5092.789672,0.0
-50.0,50,5093.297839,0.0
-50.0,50,5093.803779,0.0
-50.0,50,5094.32899,0.0
-50.0,50,5094.837117,0.0
-50.0,50,5095.351211,0.0
-50.0,50,5095.861103,0.0
-50.0,50,5096.380667,0.0
-50.0,50,5096.885947,0.0
-50.0,50,5097.39808,0.0
-50.0,50,5097.905945,0.0
-50.0,50,5098.431665,0.0
-50.0,50,5098.941002,0.0
-50.0,50,5099.426555,0.0
0.0,50,5099.930967,1.0
-50.0,50,5100.450696,0.0
-50.0,50,5100.961133,0.0
-50.0,50,5101.47303,0.0
-50.0,50,5101.980268,0.0
-50.0,50,5102.485654,0.0
-50.0,50,5102.99808,0.0
-50.0,50,5103.507681,0.0
-50.0,50,5104.018032,0.0
-50.0,50,5104.547801,0.0
-50.0,50,5105.059696,0.0
-50.0,50,5105.555943,0.0
-50.0,50,5106.068008,0.0
-50.0,50,5106.601007,0.0
-50.0,50,5107.111782,0.0
-50.0,50,5107.623243,0.0
-50.0,50,5108.128304,0.0
-50.0,50,5108.64492,0.0
-50.0,50,5109.156938,0.0
-50.0,50,5109.669181,0.0
-50.0,50,5110.174895,0.0
-50.0,50,5110.694987,0.0
-50.0,50,5111.193051,0.0
-50.0,50,5111.691323,0.0
-50.0,50,5112.202523,0.0
-50.0,50,5112.734038,0.0
-50.0,50,5113.242885,0.0
-50.0,50,5113.750559,0.0
0.0,50,5114.243928,1.0
-50.0,50,5114.765954,0.0
-50.0,50,5115.281812,0.0
-50.0,50,5115.778564,0.0
-50.0,50,5116.284782,0.0
-50.0,50,5116.796944,0.0
-50.0,50,5117.295376,0.0
-50.0,50,5117.800945,0.0
-50.0,50,5118.307513,0.0
-50.0,50,5118.833604,0.0
0.0,50,5119.336216,1.0
-50.0,50,5119.8392,0.0
-50.0,50,5120.349456,0.0
-50.0,50,5120.862881,0.0
-50.0,50,5121.383489,0.0
-50.0,50,5121.887999,0.0
-50.0,50,5122.381439,0.0
-50.0,50,5122.88904,0.0
-50.0,50,5123.404061,0.0
-50.0,50,5123.901974,0.0
-50.0,50,5124.410479,0.0
-50.0,50,5124.942989,0.0
-50.0,50,5125.441261,0.0
-50.0,50,5125.941256,0.0
-50.0,50,5126.445626,0.0
-50.0,50,5126.973043,0.0
-50.0,50,5127.475883,0.0
-50.0,50,5127.985301,0.0
-50.0,50,5128.473042,0.0
-50.0,50,5129.013365,0.0
-50.0,50,5129.520563,0.0
-50.0,50,5130.021573,0.0
-50.0,50,5130.527865,0.0
-50.0,50,5131.049031,0.0
-50.0,50,5131.545514,0.0
-50.0,50,5132.053143,0.0
-50.0,50,5132.567417,0.0
-50.0,50,5133.082614,0.0
-50.0,50,5133.593574,0.0
-50.0,50,5134.089087,0.0
-50.0,50,5134.586027,0.0
-50.0,50,5135.107407,0.0
-50.0,50,5135.605862,0.0
-50.0,50,5136.110127,0.0
-50.0,50,5136.608665,0.0
-50.0,50,5137.119251,0.0
-50.0,50,5137.629879,0.0
-50.0,50,5138.131863,0.0
-50.0,50,5138.636164,0.0
-50.0,50,5139.162795,0.0
-50.0,50,5139.656824,0.0
-50.0,50,5140.16342,0.0
-50.0,50,5140.673573,0.0
-50.0,50,5141.195176,0.0
-50.0,50,5141.690568,0.0
-50.0,50,5142.183491,0.0
-50.0,50,5142.672658,0.0
-50.0,50,5143.19601,0.0
-50.0,50,5143.705242,0.0
0.0,50,5144.208199,1.0
-50.0,50,5144.719447,0.0
-50.0,50,5145.262493,0.0
-50.0,50,5145.771327,0.0
-50.0,50,5146.286564,0.0
-50.0,50,5146.799759,0.0
-50.0,50,5147.321702,0.0
-50.0,50,5147.833597,0.0
-50.0,50,5148.328478,0.0
-50.0,50,5148.833878,0.0
-50.0,50,5149.365776,0.0
0.0,50,5149.877174,1.0
-50.0,50,5150.386647,0.0
-50.0,50,5150.894721,0.0
-50.0,50,5151.408952,0.0
-50.0,50,5151.919389,0.0
-50.0,50,5152.431686,0.0
-50.0,50,5152.946464,0.0
-50.0,50,5153.485412,0.0
-50.0,50,5154.016557,0.0
-50.0,50,5154.525128,0.0
-50.0,50,5155.036742,0.0
-50.0,50,5155.555587,0.0
0.0,50,5156.06364,1.0
-50.0,50,5156.578756,0.0
-50.0,50,5157.080871,0.0
-50.0,50,5157.593512,0.0
-50.0,50,5158.104098,0.0
-50.0,50,5158.651107,0.0
-50.0,50,5159.170262,0.0
0.0,50,5159.709015,1.0
0.0,50,5160.219493,1.0
-50.0,50,5160.715994,0.0
-50.0,50,5161.221548,0.0
-50.0,50,5164.182069,0.0
-50.0,50,5164.679225,0.0
-50.0,50,5165.18041,0.0
-50.0,50,5165.681779,0.0
-50.0,50,5166.20166,0.0
-50.0,50,5166.725418,0.0
-50.0,50,5167.231583,0.0
-50.0,50,5167.739511,0.0
-50.0,50,5168.272495,0.0
-50.0,50,5168.756353,0.0
-50.0,50,5169.2606,0.0
-50.0,50,5169.763435,0.0
-50.0,50,5170.278278,0.0
-50.0,50,5170.791159,0.0
-50.0,50,5171.278709,0.0
-50.0,50,5171.776489,0.0
-50.0,50,5172.303411,0.0
-50.0,50,5172.816594,0.0
-50.0,50,5173.319769,0.0
0.0,50,5173.830446,1.0
-50.0,50,5174.349931,0.0
-50.0,50,5174.842451,0.0
-50.0,50,5175.356689,0.0
-50.0,50,5175.869667,0.0
-50.0,50,5176.399536,0.0
-50.0,50,5176.903975,0.0
-50.0,50,5177.388505,0.0
-50.0,50,5177.908641,0.0
-50.0,50,5178.438602,0.0
-50.0,50,5178.946045,0.0
-50.0,50,5179.443978,0.0
-50.0,50,5179.932831,0.0
-50.0,50,5180.469136,0.0
-50.0,50,5180.966453,0.0
-50.0,50,5181.479167,0.0
-50.0,50,5181.984461,0.0
-50.0,50,5182.526713,0.0
-50.0,50,5183.029213,0.0
-50.0,50,5183.554028,0.0
-50.0,50,5184.059724,0.0
-50.0,50,5184.582564,0.0
-50.0,50,5185.089671,0.0
-50.0,50,5185.591922,0.0
-50.0,50,5186.087403,0.0
-50.0,50,5186.598707,0.0
-50.0,50,5187.107896,0.0
-50.0,50,5187.633521,0.0
-50.0,50,5188.132831,0.0
-50.0,50,5188.65485,0.0
-50.0,50,5189.141353,0.0
-50.0,50,5189.642798,0.0
-50.0,50,5190.14883,0.0
-50.0,50,5190.679885,0.0
-50.0,50,5191.193151,0.0
-50.0,50,5191.67711,0.0
-50.0,50,5192.174193,0.0
-50.0,50,5192.713565,0.0
-50.0,50,5193.224988,0.0
-50.0,50,5193.723776,0.0
-50.0,50,5194.21516,0.0
-50.0,50,5194.738101,0.0
-50.0,50,5195.24468,0.0
-50.0,50,5195.743645,0.0
-50.0,50,5196.246513,0.0
-50.0,50,5196.760292,0.0
-50.0,50,5197.259082,0.0
-50.0,50,5197.762172,0.0
-50.0,50,5198.268176,0.0
-50.0,50,5198.811902,0.0
-50.0,50,5199.308153,0.0
-50.0,50,5199.815394,0.0
-50.0,50,5200.294009,0.0
-50.0,50,5200.819419,0.0
-50.0,50,5201.348923,0.0
-50.0,50,5201.852912,0.0
-50.0,50,5202.348089,0.0
0.0,50,5202.861997,1.0
-50.0,50,5203.350156,0.0
-50.0,50,5203.851151,0.0
-50.0,50,5204.361946,0.0
-50.0,50,5204.879274,0.0
-50.0,50,5205.378667,0.0
-50.0,50,5205.867796,0.0
-50.0,50,5206.368265,0.0
-50.0,50,5206.896387,0.0
-50.0,50,5207.401125,0.0
-50.0,50,5207.910294,0.0
-50.0,50,5208.404922,0.0
-50.0,50,5208.918195,0.0
0.0,50,5209.424174,1.0
-50.0,50,5209.930221,0.0
-50.0,50,5210.44145,0.0
0.0,50,5210.959103,1.0
-50.0,50,5211.441885,0.0
-50.0,50,5211.950821,0.0
-50.0,50,5212.447251,0.0
-50.0,50,5212.971172,0.0
-50.0,50,5213.485126,0.0
-50.0,50,5213.980554,0.0
-50.0,50,5214.489297,0.0
-50.0,50,5215.009349,0.0
-50.0,50,5215.519819,0.0
-50.0,50,5216.024971,0.0
-50.0,50,5216.534033,0.0
-50.0,50,5217.050437,0.0
-50.0,50,5217.562544,0.0
-50.0,50,5218.066131,0.0
-50.0,50,5218.571748,0.0
-50.0,50,5219.088634,0.0
-50.0,50,5219.607665,0.0
-50.0,50,5220.094909,0.0
-50.0,50,5220.613984,0.0
-50.0,50,5221.159162,0.0
-50.0,50,5221.661744,0.0
-50.0,50,5222.177212,0.0
-50.0,50,5222.695737,0.0
-50.0,50,5223.206138,0.0
-50.0,50,5223.716832,0.0
-50.0,50,5224.216964,0.0
-50.0,50,5224.728776,0.0
-50.0,50,5225.26658,0.0
-50.0,50,5225.776637,0.0
-50.0,50,5226.282484,0.0
-50.0,50,5226.791545,0.0
-50.0,50,5227.322235,0.0
-50.0,50,5227.829524,0.0
-50.0,50,5228.329747,0.0
-50.0,50,5228.818723,0.0
-50.0,50,5229.353002,0.0
-50.0,50,5229.859615,0.0
-50.0,50,5230.367866,0.0
-50.0,50,5230.870467,0.0
-50.0,50,5231.40979,0.0
-50.0,50,5231.923682,0.0
-50.0,50,5232.437691,0.0
-50.0,50,5232.944087,0.0
0.0,50,5233.483055,1.0
-50.0,50,5233.988391,0.0
-50.0,50,5234.496507,0.0
-50.0,50,5235.001869,0.0
-50.0,50,5235.523161,0.0
-50.0,50,5236.023808,0.0
-50.0,50,5236.531149,0.0
-50.0,50,5237.032975,0.0
-50.0,50,5237.55929,0.0
-50.0,50,5238.046313,0.0
-50.0,50,5238.549108,0.0
-50.0,50,5239.052176,0.0
-50.0,50,5239.56858,0.0
-50.0,50,5240.066137,0.0
-50.0,50,5240.557393,0.0
-50.0,50,5241.054737,0.0
-50.0,50,5241.576603,0.0
-50.0,50,5242.074327,0.0
-50.0,50,5242.580635,0.0
-50.0,50,5243.092401,0.0
-50.0,50,5243.611455,0.0
-50.0,50,5244.116319,0.0
-50.0,50,5244.616895,0.0
-50.0,50,5245.127423,0.0
-50.0,50,5245.657634,0.0
-50.0,50,5246.164659,0.0
-50.0,50,5246.66842,0.0
-50.0,50,5247.171875,0.0
-50.0,50,5247.6933,0.0
-50.0,50,5248.201008,0.0
-50.0,50,5248.704461,0.0
0.0,50,5249.181872,1.0
-50.0,50,5249.719397,0.0
-50.0,50,5250.226645,0.0
-50.0,50,5250.731746,0.0
-50.0,50,5251.237891,0.0
-50.0,50,5251.755066,0.0
-50.0,50,5252.251012,0.0
-50.0,50,5252.750023,0.0
-50.0,50,5253.262706,0.0
0.0,50,5253.806341,1.0
-50.0,50,5254.305876,0.0
-50.0,50,5254.789248,0.0
-50.0,50,5255.294783,0.0
-50.0,50,5255.81434,0.0
-50.0,50,5256.312928,0.0
-50.0,50,5256.816134,0.0
-50.0,50,5257.313038,0.0
-50.0,50,5257.819392,0.0
-50.0,50,5258.329366,0.0
-50.0,50,5258.832976,0.0
-50.0,50,5259.329384,0.0
-50.0,50,5259.855031,0.0
0.0,50,5260.352844,1.0
-50.0,50,5260.858063,0.0
-50.0,50,5261.357442,0.0
-50.0,50,5261.870524,0.0
-50.0,50,5262.372223,0.0
-50.0,50,5262.854658,0.0
-50.0,50,5263.350287,0.0
-50.0,50,5263.864958,0.0
-50.0,50,5264.361507,0.0
-50.0,50,5264.86037,0.0
-50.0,50,5265.346772,0.0
0.0,50,5268.175956,1.0
-50.0,50,5268.676115,0.0
-50.0,50,5269.183429,0.0
-50.0,50,5269.682612,0.0
-50.0,50,5270.19602,0.0
-50.0,50,5270.699323,0.0
0.0,50,5271.197399,1.0
-50.0,50,5271.693125,0.0
-50.0,50,5272.209455,0.0
-50.0,50,5272.698398,0.0
-50.0,50,5273.207708,0.0
-50.0,50,5273.702538,0.0
-50.0,50,5274.222575,0.0
-50.0,50,5274.726175,0.0
-50.0,50,5275.224632,0.0
-50.0,50,5275.723543,0.0
-50.0,50,5276.23694,0.0
-50.0,50,5276.737923,0.0
-50.0,50,5277.240915,0.0
-50.0,50,5277.731526,0.0
-50.0,50,5278.246297,0.0
-50.0,50,5278.753459,0.0
-50.0,50,5279.270181,0.0
-50.0,50,5279.780489,0.0
-50.0,50,5280.303129,0.0
-50.0,50,5280.794336,0.0
0.0,50,5281.296343,1.0
-50.0,50,5281.80582,0.0
-50.0,50,5282.324836,0.0
-50.0,50,5282.83324,0.0
0.0,50,5283.338954,1.0
-50.0,50,5283.836416,0.0
-50.0,50,5284.348395,0.0
-50.0,50,5284.857411,0.0
-50.0,50,5285.367465,0.0
-50.0,50,5285.868165,0.0
-50.0,50,5286.387362,0.0
-50.0,50,5286.89268,0.0
-50.0,50,5287.402549,0.0
0.0,50,5287.90368,1.0
-50.0,50,5288.426792,0.0
-50.0,50,5288.928457,0.0
-50.0,50,5289.41716,0.0
-50.0,50,5289.920136,0.0
-50.0,50,5290.439222,0.0
-50.0,50,5290.945747,0.0
-50.0,50,5291.455885,0.0
-50.0,50,5291.94876,0.0
-50.0,50,5292.461978,0.0
-50.0,50,5292.968988,0.0
-50.0,50,5293.491563,0.0
-50.0,50,5293.98833,0.0
-50.0,50,5294.504205,0.0
-50.0,50,5294.992549,0.0
-50.0,50,5295.507497,0.0
-50.0,50,5296.020146,0.0
-50.0,50,5296.538702,0.0
-50.0,50,5297.043267,0.0
-50.0,50,5297.537052,0.0
-50.0,50,5298.041054,0.0
-50.0,50,5298.562268,0.0
-50.0,50,5299.064123,0.0
-50.0,50,5299.564918,0.0
-50.0,50,5300.071977,0.0
-50.0,50,5300.577071,0.0
-50.0,50,5301.080624,0.0
-50.0,50,5301.591896,0.0
-50.0,50,5302.100123,0.0
-50.0,50,5302.617889,0.0
0.0,50,5303.123647,1.0
-50.0,50,5303.622922,0.0
-50.0,50,5304.137588,0.0
-50.0,50,5304.666045,0.0
-50.0,50,5305.183143,0.0
-50.0,50,5305.693927,0.0
-50.0,50,5306.211232,0.0
-50.0,50,5306.735129,0.0
-50.0,50,5307.244811,0.0
-50.0,50,5307.751835,0.0
-50.0,50,5308.263912,0.0
-50.0,50,5308.788857,0.0
-50.0,50,5309.287715,0.0
-50.0,50,5309.786869,0.0
-50.0,50,5310.284893,0.0
-50.0,50,5310.801582,0.0
-50.0,50,5311.305378,0.0
-50.0,50,5311.798481,0.0
-50.0,50,5312.287549,0.0
-50.0,50,5312.809395,0.0
-50.0,50,5313.311421,0.0
-50.0,50,5313.806636,0.0
-50.0,50,5314.314449,0.0
-50.0,50,5314.817433,0.0
-50.0,50,5315.313276,0.0
-50.0,50,5315.8101,0.0
-50.0,50,5316.310631,0.0
-50.0,50,5316.829989,0.0
-50.0,50,5317.30868,0.0
-50.0,50,5317.809632,0.0
0.0,50,5318.312863,1.0
-50.0,50,5318.830025,0.0
-50.0,50,5319.328872,0.0
-50.0,50,5319.825882,0.0
-50.0,50,5320.3138,0.0
-50.0,50,5320.832646,0.0
0.0,50,5321.340511,1.0
0.0,50,5321.844143,1.0
-50.0,50,5322.335285,0.0
-50.0,50,5322.834129,0.0
-50.0,50,5323.338664,0.0
-50.0,50,5323.834688,0.0
-50.0,50,5324.342155,0.0
-50.0,50,5324.862005,0.0
-50.0,50,5325.356649,0.0
0.0,50,5325.861535,1.0
-50.0,50,5326.369019,0.0
-50.0,50,5326.882236,0.0
-50.0,50,5327.393703,0.0
-50.0,50,5327.879201,0.0
-50.0,50,5328.370241,0.0
-50.0,50,5328.900952,0.0
-50.0,50,5329.405155,0.0
-50.0,50,5329.912966,0.0
-50.0,50,5330.41634,0.0
-50.0,50,5330.935905,0.0
-50.0,50,5331.431112,0.0
-50.0,50,5331.948498,0.0
-50.0,50,5332.449726,0.0
-50.0,50,5332.984103,0.0
-50.0,50,5333.481991,0.0
-50.0,50,5333.973293,0.0
-50.0,50,5334.481193,0.0
-50.0,50,5334.994136,0.0
-50.0,50,5335.489521,0.0
-50.0,50,5335.99852,0.0
0.0,50,5336.487396,1.0
0.0,50,5337.034545,1.0
-50.0,50,5337.540975,0.0
-50.0,50,5338.035081,0.0
0.0,50,5338.54312,1.0
-50.0,50,5339.051368,0.0
-50.0,50,5339.5385,0.0
-50.0,50,5340.039417,0.0
-50.0,50,5340.540069,0.0
-50.0,50,5341.066345,0.0
-50.0,50,5341.56654,0.0
-50.0,50,5342.046186,0.0
-50.0,50,5342.552495,0.0
-50.0,50,5343.105109,0.0
-50.0,50,5343.606596,0.0
0.0,50,5344.122469,1.0
-50.0,50,5344.617536,0.0
0.0,50,5345.118043,1.0
0.0,50,5345.626199,1.0
0.0,50,5346.132358,1.0
-50.0,50,5346.629476,0.0
-50.0,50,5347.157345,0.0
-50.0,50,5347.634562,0.0
-50.0,50,5348.139054,0.0
-50.0,50,5348.649182,0.0
-50.0,50,5349.172089,0.0
-50.0,50,5349.670635,0.0
-50.0,50,5350.16467,0.0
-50.0,50,5350.662119,0.0
-50.0,50,5351.183975,0.0
-50.0,50,5351.680201,0.0
-50.0,50,5352.189502,0.0
-50.0,50,5352.686474,0.0
-50.0,50,5353.182909,0.0
-50.0,50,5353.682502,0.0
-50.0,50,5354.187257,0.0
-50.0,50,5354.67783,0.0
-50.0,50,5355.209346,0.0
-50.0,50,5355.707158,0.0
-50.0,50,5356.198253,0.0
-50.0,50,5356.690649,0.0
-50.0,50,5357.208295,0.0
-50.0,50,5357.705211,0.0
-50.0,50,5358.191536,0.0
-50.0,50,5358.677782,0.0
-50.0,50,5359.187462,0.0
-50.0,50,5359.694603,0.0
0.0,50,5360.187282,1.0
-50.0,50,5360.673132,0.0
-50.0,50,5361.177108,0.0
-50.0,50,5361.678873,0.0
-50.0,50,5362.193234,0.0
-50.0,50,5362.688706,0.0
-50.0,50,5363.209539,0.0
-50.0,50,5363.68439,0.0
-50.0,50,5364.186428,0.0
-50.0,50,5364.696002,0.0
-50.0,50,5365.217335,0.0
-50.0,50,5365.723367,0.0
-50.0,50,5366.207477,0.0
-50.0,50,5366.706321,0.0
-50.0,50,5367.228626,0.0
-50.0,50,5367.739734,0.0
0.0,50,5368.254387,1.0
-50.0,50,5368.747084,0.0
-50.0,50,5371.615702,0.0
-50.0,50,5372.115174,0.0
-50.0,50,5372.636101,0.0
-50.0,50,5373.154129,0.0
-50.0,50,5373.666101,0.0
-50.0,50,5374.171764,0.0
-50.0,50,5374.678967,0.0
0.0,50,5375.181033,1.0
-50.0,50,5375.705655,0.0
-50.0,50,5376.223222,0.0
-50.0,50,5376.714494,0.0
-50.0,50,5377.225108,0.0
-50.0,50,5377.752991,0.0
-50.0,50,5378.253347,0.0
-50.0,50,5378.766889,0.0
-50.0,50,5379.261232,0.0
-50.0,50,5379.779699,0.0
-50.0,50,5380.283244,0.0
-50.0,50,5380.787188,0.0
-50.0,50,5381.291007,0.0
-50.0,50,5381.812199,0.0
-50.0,50,5382.314722,0.0
-50.0,50,5382.816899,0.0
-50.0,50,5383.333069,0.0
-50.0,50,5383.868709,0.0
-50.0,50,5384.373618,0.0
-50.0,50,5384.883182,0.0
-50.0,50,5385.36659,0.0
-50.0,50,5385.880893,0.0
-50.0,50,5386.380168,0.0
-50.0,50,5386.879507,0.0
-50.0,50,5387.378134,0.0
-50.0,50,5387.882319,0.0
-50.0,50,5388.390676,0.0
-50.0,50,5388.894659,0.0
-50.0,50,5389.407747,0.0
-50.0,50,5389.927034,0.0
-50.0,50,5390.421076,0.0
-50.0,50,5390.916433,0.0
-50.0,50,5391.424818,0.0
-50.0,50,5391.952163,0.0
-50.0,50,5392.460533,0.0
-50.0,50,5392.971626,0.0
-50.0,50,5393.477571,0.0
0.0,50,5393.996374,1.0
-50.0,50,5394.509544,0.0
-50.0,50,5395.020782,0.0
-50.0,50,5395.522615,0.0
-50.0,50,5396.040064,0.0
0.0,50,5396.536558,1.0
-50.0,50,5397.039322,0.0
-50.0,50,5397.547994,0.0
-50.0,50,5398.076304,0.0
-50.0,50,5398.583818,0.0
-50.0,50,5399.088399,0.0
-50.0,50,5399.588834,0.0
-50.0,50,5400.106641,0.0
-50.0,50,5400.610136,0.0
-50.0,50,5401.112906,0.0
-50.0,50,5401.624521,0.0
-50.0,50,5402.126541,0.0
-50.0,50,5402.629389,0.0
-50.0,50,5403.132348,0.0
-50.0,50,5403.641286,0.0
-50.0,50,5404.174674,0.0
-50.0,50,5404.687005,0.0
-50.0,50,5405.173934,0.0
-50.0,50,5405.685444,0.0
-50.0,50,5406.204154,0.0
-50.0,50,5406.709436,0.0
-50.0,50,5407.216661,0.0
-50.0,50,5407.709622,0.0
-50.0,50,5408.222899,0.0
-50.0,50,5408.723517,0.0
-50.0,50,5409.220043,0.0
-50.0,50,5409.720599,0.0
-50.0,50,5410.21758,0.0
-50.0,50,5410.702638,0.0
-50.0,50,5411.197212,0.0
-50.0,50,5411.689668,0.0
-50.0,50,5412.211626,0.0
-50.0,50,5412.705921,0.0
-50.0,50,5413.196792,0.0
-50.0,50,5413.698689,0.0
-50.0,50,5414.215063,0.0
-50.0,50,5414.703243,0.0
0.0,50,5415.210758,1.0
-50.0,50,5415.696805,0.0
-50.0,50,5416.217376,0.0
-50.0,50,5416.722129,0.0
-46.0,50,5417.235185,0.0
-50.0,50,5417.749089,0.0
-50.0,50,5418.256685,0.0
-50.0,50,5418.757053,0.0
-50.0,50,5419.264134,0.0
0.0,50,5419.771988,1.0
-50.0,50,5420.292813,0.0
-50.0,50,5420.821203,0.0
-50.0,50,5421.301495,0.0
-50.0,50,5421.806482,0.0
-50.0,50,5422.328273,0.0
-50.0,50,5422.826793,0.0
-50.0,50,5423.334901,0.0
-50.0,50,5423.822104,0.0
-50.0,50,5424.333562,0.0
-50.0,50,5424.842653,0.0
-50.0,50,5425.339706,0.0
-50.0,50,5425.838137,0.0
-50.0,50,5426.349166,0.0
-50.0,50,5426.844003,0.0
-50.0,50,5427.357358,0.0
-50.0,50,5427.858249,0.0
-50.0,50,5428.366976,0.0
-50.0,50,5428.870375,0.0
-50.0,50,5429.353302,0.0
-50.0,50,5429.85629,0.0
0.0,50,5430.383317,1.0
-50.0,50,5430.884138,0.0
-50.0,50,5431.393828,0.0
-50.0,50,5431.886739,0.0
-50.0,50,5432.399918,0.0
-50.0,50,5432.90377,0.0
-50.0,50,5433.40945,0.0
-50.0,50,5433.918519,0.0
-50.0,50,5434.459702,0.0
-50.0,50,5434.937308,0.0
-50.0,50,5435.445009,0.0
-50.0,50,5435.941926,0.0
-50.0,50,5436.470357,0.0
-50.0,50,5436.962224,0.0
-50.0,50,5437.445403,0.0
-50.0,50,5437.933012,0.0
-50.0,50,5438.4429,0.0
-50.0,50,5438.940207,0.0
-50.0,50,5439.430329,0.0
-50.0,50,5439.904211,0.0
-50.0,50,5440.426082,0.0
-50.0,50,5440.922362,0.0
-50.0,50,5441.411628,0.0
-50.0,50,5441.909516,0.0
-50.0,50,5442.419059,0.0
-50.0,50,5442.901505,0.0
-50.0,50,5443.392334,0.0
-50.0,50,5443.896214,0.0
-50.0,50,5444.428545,0.0
-50.0,50,5444.914651,0.0
-50.0,50,5445.395943,0.0
-50.0,50,5445.893303,0.0
-27.0,50,5446.419205,0.0
-50.0,50,5446.915062,0.0
-50.0,50,5447.401757,0.0
-50.0,50,5447.901684,0.0
-50.0,50,5448.42083,0.0
-50.0,50,5448.92878,0.0
-50.0,50,5449.434938,0.0
-50.0,50,5449.943515,0.0
-50.0,50,5450.445406,0.0
-50.0,50,5450.94231,0.0
-50.0,50,5451.446906,0.0
-50.0,50,5451.94652,0.0
-50.0,50,5452.469813,0.0
-50.0,50,5452.968512,0.0
-50.0,50,5453.455635,0.0
-50.0,50,5453.965046,0.0
-50.0,50,5454.473226,0.0
-50.0,50,5454.975859,0.0
-50.0,50,5455.476556,0.0
-50.0,50,5455.953716,0.0
-50.0,50,5456.466062,0.0
-50.0,50,5456.972633,0.0
-50.0,50,5457.477021,0.0
-50.0,50,5457.979337,0.0
-50.0,50,5458.51673,0.0
-50.0,50,5459.010329,0.0
-50.0,50,5459.50659,0.0
-50.0,50,5460.001523,0.0
-50.0,50,5460.530189,0.0
-50.0,50,5461.019806,0.0
-50.0,50,5461.510506,0.0
-50.0,50,5462.007767,0.0
-50.0,50,5462.547421,0.0
-50.0,50,5463.05539,0.0
-50.0,50,5463.564181,0.0
-50.0,50,5464.065521,0.0
-50.0,50,5464.593055,0.0
-50.0,50,5465.092813,0.0
-50.0,50,5465.600631,0.0
-50.0,50,5466.112258,0.0
-50.0,50,5466.640271,0.0
-50.0,50,5467.121154,0.0
-50.0,50,5467.621575,0.0
-50.0,50,5468.130883,0.0
-50.0,50,5468.659647,0.0
-50.0,50,5469.178843,0.0
-50.0,50,5469.671386,0.0
-50.0,50,5470.158616,0.0
-50.0,50,5470.695577,0.0
-50.0,50,5471.201152,0.0
-50.0,50,5471.702872,0.0
-50.0,50,5472.202111,0.0
-50.0,50,5475.05786,0.0
-50.0,50,5475.565918,0.0
-50.0,50,5476.072932,0.0
-50.0,50,5476.581109,0.0
-50.0,50,5477.109116,0.0
-50.0,50,5477.600978,0.0
-50.0,50,5478.104522,0.0
-50.0,50,5478.606264,0.0
-50.0,50,5479.132024,0.0
-50.0,50,5479.629104,0.0
-50.0,50,5480.10743,0.0
0.0,50,5480.618575,1.0
-50.0,50,5481.137586,0.0
-50.0,50,5481.638088,0.0
-50.0,50,5482.138966,0.0
-50.0,50,5482.625765,0.0
-50.0,50,5483.15064,0.0
-50.0,50,5483.644335,0.0
-50.0,50,5484.140487,0.0
-50.0,50,5484.645523,0.0
-50.0,50,5485.151927,0.0
-50.0,50,5485.648478,0.0
-50.0,50,5486.144522,0.0
-50.0,50,5486.64,0.0
-50.0,50,5487.159458,0.0
-50.0,50,5487.651978,0.0
-50.0,50,5488.134306,0.0
-50.0,50,5488.632993,0.0
-50.0,50,5489.165761,0.0
-50.0,50,5489.675652,0.0
-50.0,50,5490.178045,0.0
-50.0,50,5490.663831,0.0
-50.0,50,5491.169626,0.0
-50.0,50,5491.676139,0.0
-50.0,50,5492.183608,0.0
-50.0,50,5492.68692,0.0
-50.0,50,5493.214577,0.0
-50.0,50,5493.696965,0.0
0.0,50,5494.200472,1.0
-50.0,50,5494.702976,0.0
-50.0,50,5495.215248,0.0
-50.0,50,5495.715009,0.0
-50.0,50,5496.190595,0.0
-50.0,50,5496.692049,0.0
-50.0,50,5497.217005,0.0
-50.0,50,5497.722752,0.0
-50.0,50,5498.231691,0.0
-50.0,50,5498.709307,0.0
-50.0,50,5499.225328,0.0
0.0,50,5499.735982,1.0
-50.0,50,5500.23799,0.0
0.0,50,5500.752849,1.0
-50.0,50,5501.269272,0.0
-50.0,50,5501.758681,0.0
-50.0,50,5502.261196,0.0
-50.0,50,5502.76169,0.0
-50.0,50,5503.295686,0.0
-50.0,50,5503.794738,0.0
-50.0,50,5504.283686,0.0
-50.0,50,5504.786159,0.0
-50.0,50,5505.307713,0.0
0.0,50,5505.820791,1.0
-50.0,50,5506.316564,0.0
0.0,50,5506.812987,1.0
-50.0,50,5507.34942,0.0
-50.0,50,5507.85289,0.0
-50.0,50,5508.366705,0.0
-50.0,50,5508.86671,0.0
-50.0,50,5509.400073,0.0
-50.0,50,5509.897926,0.0
-50.0,50,5510.397745,0.0
-50.0,50,5510.909603,0.0
0.0,50,5511.429807,1.0
-50.0,50,5511.934365,0.0
-50.0,50,5512.437646,0.0
-50.0,50,5512.929007,0.0
-50.0,50,5513.449571,0.0
-50.0,50,5513.951842,0.0
-50.0,50,5514.468174,0.0
-50.0,50,5514.978899,0.0
-50.0,50,5515.502731,0.0
-50.0,50,5516.007995,0.0
-50.0,50,5516.515065,0.0
-50.0,50,5517.014576,0.0
-50.0,50,5517.547744,0.0
-50.0,50,5518.047638,0.0
-50.0,50,5518.541627,0.0
-50.0,50,5519.035125,0.0
-50.0,50,5519.575359,0.0
-50.0,50,5520.080388,0.0
-50.0,50,5520.598456,0.0
-50.0,50,5521.102775,0.0
-50.0,50,5521.616896,0.0
-50.0,50,5522.122899,0.0
-50.0,50,5522.629014,0.0
-50.0,50,5523.134071,0.0
-50.0,50,5523.662472,0.0
-50.0,50,5524.162755,0.0
-50.0,50,5524.651515,0.0
-50.0,50,5525.146981,0.0
-50.0,50,5525.70152,0.0
0.0,50,5526.209007,1.0
-50.0,50,5526.711522,0.0
-50.0,50,5527.193416,0.0
0.0,50,5527.706273,1.0
-50.0,50,5528.204634,0.0
-50.0,50,5528.703766,0.0
-50.0,50,5529.205188,0.0
-50.0,50,5529.714316,0.0
-50.0,50,5530.201604,0.0
-50.0,50,5530.702635,0.0
-50.0,50,5531.206156,0.0
-50.0,50,5531.729429,0.0
-50.0,50,5532.235633,0.0
-50.0,50,5532.722667,0.0
-50.0,50,5533.232441,0.0
-50.0,50,5533.749078,0.0
-50.0,50,5534.247884,0.0
-50.0,50,5534.74888,0.0
-50.0,50,5535.23749,0.0
-50.0,50,5535.752004,0.0
-50.0,50,5536.25795,0.0
-50.0,50,5536.771546,0.0
-50.0,50,5537.28922,0.0
-50.0,50,5537.823246,0.0
0.0,50,5538.31198,1.0
-50.0,50,5538.819606,0.0
-50.0,50,5539.320708,0.0
-50.0,50,5539.839843,0.0
-50.0,50,5540.337941,0.0
-50.0,50,5540.82741,0.0
-50.0,50,5541.327344,0.0
-50.0,50,5541.843391,0.0
0.0,50,5542.360771,1.0
-50.0,50,5542.882716,0.0
-50.0,50,5543.392126,0.0
0.0,50,5543.922712,1.0
-50.0,50,5544.415828,0.0
-50.0,50,5544.918707,0.0
-50.0,50,5545.419258,0.0
-50.0,50,5545.944211,0.0
-50.0,50,5546.4454,0.0
-50.0,50,5546.939586,0.0
-50.0,50,5547.445974,0.0
-50.0,50,5547.96319,0.0
-50.0,50,5548.464321,0.0
0.0,50,5548.978383,1.0
-50.0,50,5549.463799,0.0
-50.0,50,5549.974924,0.0
-50.0,50,5550.485105,0.0
-50.0,50,5551.000361,0.0
-50.0,50,5551.503135,0.0
-50.0,50,5552.019469,0.0
-50.0,50,5552.512021,0.0
-50.0,50,5553.020151,0.0
-50.0,50,5553.521954,0.0
-50.0,50,5554.048217,0.0
-50.0,50,5554.565527,0.0
-50.0,50,5555.05544,0.0
0.0,50,5555.554559,1.0
-50.0,50,5556.088416,0.0
0.0,50,5556.607036,1.0
-50.0,50,5557.109543,0.0
-50.0,50,5557.626646,0.0
-50.0,50,5558.141254,0.0
0.0,50,5558.641217,1.0
-50.0,50,5559.152166,0.0
0.0,50,5559.658299,1.0
-50.0,50,5560.175174,0.0
-50.0,50,5560.675933,0.0
-50.0,50,5561.170109,0.0
-50.0,50,5561.666328,0.0
-50.0,50,5562.185077,0.0
-50.0,50,5562.698421,0.0
0.0,50,5563.213581,1.0
-3.0,50,5563.70238,1.0
-50.0,50,5564.21612,0.0
-50.0,50,5564.720851,0.0
0.0,50,5565.22146,1.0
-50.0,50,5565.719586,0.0
-50.0,50,5566.229696,0.0
-50.0,50,5566.734266,0.0
0.0,50,5567.253832,1.0
-50.0,50,5567.768432,0.0
-50.0,50,5568.292604,0.0
-50.0,50,5568.789577,0.0
-50.0,50,5569.286292,0.0
-50.0,50,5569.779656,0.0
-50.0,50,5570.296237,0.0
0.0,50,5570.794085,1.0
-50.0,50,5571.297757,0.0
-50.0,50,5571.785782,0.0
-50.0,50,5572.300177,0.0
-50.0,50,5572.799334,0.0
-50.0,50,5573.307255,0.0
-50.0,50,5573.82097,0.0
-50.0,50,5574.34251,0.0
-50.0,50,5574.821104,0.0
-50.0,50,5575.323865,0.0
-50.0,50,5575.828504,0.0
0.0,50,5578.675771,1.0
-50.0,50,5579.166476,0.0
0.0,50,5579.669309,1.0
-50.0,50,5580.170049,0.0
0.0,50,5580.692628,1.0
-50.0,50,5581.197698,0.0
-50.0,50,5581.693971,0.0
-50.0,50,5582.190316,0.0
0.0,50,5582.724885,1.0
-50.0,50,5583.230463,0.0
-50.0,50,5583.738442,0.0
-50.0,50,5584.246516,0.0
-50.0,50,5584.760663,0.0
-50.0,50,5585.275165,0.0
-50.0,50,5585.774354,0.0
-50.0,50,5586.277451,0.0
-50.0,50,5586.797539,0.0
-50.0,50,5587.301901,0.0
-50.0,50,5587.791407,0.0
-50.0,50,5588.299489,0.0
-50.0,50,5588.83057,0.0
-50.0,50,5589.333198,0.0
-50.0,50,5589.837982,0.0
-50.0,50,5590.321612,0.0
-50.0,50,5590.840111,0.0
-50.0,50,5591.339478,0.0
-50.0,50,5591.840629,0.0
-50.0,50,5592.349101,0.0
-50.0,50,5592.860054,0.0
-50.0,50,5593.350825,0.0
-50.0,50,5593.847717,0.0
-50.0,50,5594.351344,0.0
-50.0,50,5594.873034,0.0
-50.0,50,5595.371697,0.0
-50.0,50,5595.852291,0.0
-50.0,50,5596.354766,0.0
-50.0,50,5596.874398,0.0
-50.0,50,5597.380575,0.0
-50.0,50,5597.883731,0.0
-50.0,50,5598.363812,0.0
-50.0,50,5598.881062,0.0
-50.0,50,5599.379016,0.0
-50.0,50,5599.886935,0.0
-50.0,50,5600.390738,0.0
-50.0,50,5600.908323,0.0
0.0,50,5601.396274,1.0
-50.0,50,5601.895964,0.0
-50.0,50,5602.395136,0.0
-50.0,50,5602.92843,0.0
-50.0,50,5603.424114,0.0
-50.0,50,5603.902932,0.0
-50.0,50,5604.407816,0.0
-4.0,50,5604.929859,1.0
-50.0,50,5605.433556,0.0
0.0,50,5605.934895,1.0
-50.0,50,5606.416671,0.0
-50.0,50,5606.939713,0.0
-50.0,50,5607.431331,0.0
-50.0,50,5607.933275,0.0
-50.0,50,5608.430498,0.0
-50.0,50,5608.934576,0.0
-50.0,50,5609.421985,0.0
-50.0,50,5609.918719,0.0
-50.0,50,5610.421808,0.0
-50.0,50,5610.94119,0.0
-50.0,50,5611.441079,0.0
-50.0,50,5611.935874,0.0
0.0,50,5612.433424,1.0
-50.0,50,5612.949607,0.0
-50.0,50,5613.449066,0.0
-50.0,50,5613.94631,0.0
-50.0,50,5614.435989,0.0
-50.0,50,5614.971745,0.0
-50.0,50,5615.472975,0.0
-50.0,50,5615.976501,0.0
-50.0,50,5616.478551,0.0
-50.0,50,5616.991808,0.0
-50.0,50,5617.484674,0.0
-50.0,50,5617.989489,0.0
-50.0,50,5618.491934,0.0
-50.0,50,5619.00895,0.0
-50.0,50,5619.515052,0.0
-50.0,50,5620.010868,0.0
-50.0,50,5620.515777,0.0
-50.0,50,5621.036884,0.0
-50.0,50,5621.534879,0.0
-50.0,50,5622.045139,0.0
-50.0,50,5622.544438,0.0
-50.0,50,5623.058966,0.0
-50.0,50,5623.578483,0.0
-50.0,50,5624.08831,0.0
-50.0,50,5624.596433,0.0
-50.0,50,5625.117523,0.0
-50.0,50,5625.611959,0.0
-50.0,50,5626.114047,0.0
-50.0,50,5626.617149,0.0
-50.0,50,5627.139258,0.0
-50.0,50,5627.647102,0.0
-50.0,50,5628.139253,0.0
-50.0,50,5628.631837,0.0
-50.0,50,5629.17341,0.0
-50.0,50,5629.674685,0.0
-50.0,50,5630.178126,0.0
-50.0,50,5630.686582,0.0
-50.0,50,5631.197471,0.0
-50.0,50,5631.694059,0.0
-50.0,50,5632.20764,0.0
-50.0,50,5632.719703,0.0
-50.0,50,5633.240918,0.0
0.0,50,5633.745147,1.0
-25.0,50,5634.224309,0.0
-50.0,50,5634.717942,0.0
-50.0,50,5635.237125,0.0
-50.0,50,5635.732018,0.0
-50.0,50,5636.23798,0.0
-50.0,50,5636.71173,0.0
0.0,50,5637.222881,1.0
-50.0,50,5637.721076,0.0
-50.0,50,5638.222137,0.0
-50.0,50,5638.724946,0.0
-50.0,50,5639.225435,0.0
-50.0,50,5639.724177,0.0
-50.0,50,5640.228831,0.0
-50.0,50,5640.731367,0.0
-50.0,50,5641.247378,0.0
-50.0,50,5641.742431,0.0
-50.0,50,5642.228686,0.0
-50.0,50,5642.733856,0.0
0.0,50,5643.252897,1.0
-50.0,50,5643.751084,0.0
-50.0,50,5644.256402,0.0
-50.0,50,5644.738189,0.0
-50.0,50,5645.257833,0.0
-50.0,50,5645.759705,0.0
-50.0,50,5646.262033,0.0
-50.0,50,5646.768234,0.0
-50.0,50,5647.273692,0.0
-50.0,50,5647.776035,0.0
-50.0,50,5648.273987,0.0
-50.0,50,5648.770955,0.0
-50.0,50,5649.295316,0.0
-50.0,50,5649.776412,0.0
-50.0,50,5650.269004,0.0
-50.0,50,5650.770425,0.0
-50.0,50,5651.285401,0.0
-50.0,50,5651.782973,0.0
-50.0,50,5652.281754,0.0
-50.0,50,5652.770126,0.0
-50.0,50,5653.28231,0.0
-50.0,50,5653.78595,0.0
-50.0,50,5654.305391,0.0
0.0,50,5654.815325,1.0
-50.0,50,5655.322491,0.0
-50.0,50,5655.822913,0.0
-50.0,50,5656.319741,0.0
-50.0,50,5656.822109,0.0
-50.0,50,5657.343682,0.0
-50.0,50,5657.829623,0.0
-50.0,50,5658.313365,0.0
-50.0,50,5658.807436,0.0
-50.0,50,5659.319536,0.0
-50.0,50,5659.826844,0.0
-50.0,50,5660.323359,0.0
-50.0,50,5660.815675,0.0
-50.0,50,5661.325456,0.0
-50.0,50,5661.821542,0.0
-50.0,50,5662.321911,0.0
-50.0,50,5662.829873,0.0
-50.0,50,5663.347273,0.0
-50.0,50,5663.852911,0.0
0.0,50,5664.355579,1.0
-50.0,50,5664.87003,0.0
-50.0,50,5665.395165,0.0
-50.0,50,5665.896962,0.0
-50.0,50,5666.386428,0.0
-50.0,50,5666.88916,0.0
-50.0,50,5667.416273,0.0
0.0,50,5667.920332,1.0
-50.0,50,5668.425435,0.0
-50.0,50,5668.918356,0.0
0.0,50,5669.438071,1.0
-50.0,50,5669.936485,0.0
-50.0,50,5670.436013,0.0
-50.0,50,5670.936041,0.0
-50.0,50,5671.443421,0.0
-50.0,50,5671.940252,0.0
-50.0,50,5672.444808,0.0
-50.0,50,5672.940234,0.0
-50.0,50,5673.454077,0.0
-50.0,50,5673.945102,0.0
-50.0,50,5674.434132,0.0
-50.0,50,5674.934515,0.0
-50.0,50,5675.448918,0.0
-50.0,50,5675.956349,0.0
-50.0,50,5676.45888,0.0
-50.0,50,5676.947953,0.0
-50.0,50,5677.460563,0.0
-50.0,50,5677.963264,0.0
-50.0,50,5678.469819,0.0
-50.0,50,5678.97482,0.0
-50.0,50,5681.828757,0.0
-50.0,50,5682.338398,0.0
-50.0,50,5682.847011,0.0
-50.0,50,5683.356851,0.0
-50.0,50,5683.869265,0.0
-50.0,50,5684.35452,0.0
-50.0,50,5684.857293,0.0
0.0,50,5685.36125,1.0
-50.0,50,5685.896756,0.0
-50.0,50,5686.401412,0.0
0.0,50,5686.906675,1.0
-50.0,50,5687.413548,0.0
-50.0,50,5687.943291,0.0
-50.0,50,5688.45936,0.0
-50.0,50,5688.969618,0.0
-50.0,50,5689.476655,0.0
0.0,50,5690.003876,1.0
-50.0,50,5690.506955,0.0
-50.0,50,5691.008359,0.0
-50.0,50,5691.520474,0.0
-50.0,50,5692.061133,0.0
-50.0,50,5692.574886,0.0
-50.0,50,5693.064725,0.0
-50.0,50,5693.563396,0.0
0.0,50,5694.097332,1.0
-50.0,50,5694.607374,0.0
-50.0,50,5695.125491,0.0
-50.0,50,5695.617984,0.0
-50.0,50,5696.148449,0.0
-50.0,50,5696.652482,0.0
-50.0,50,5697.162389,0.0
0.0,50,5697.67787,1.0
-50.0,50,5698.218598,0.0
-50.0,50,5698.722823,0.0
-50.0,50,5699.228578,0.0
-50.0,50,5699.729496,0.0
-50.0,50,5700.253765,0.0
-50.0,50,5700.760789,0.0
-50.0,50,5701.260482,0.0
-50.0,50,5701.743539,0.0
-50.0,50,5702.26847,0.0
-50.0,50,5702.771431,0.0
-50.0,50,5703.272698,0.0
-50.0,50,5703.783633,0.0
-50.0,50,5704.320689,0.0
-50.0,50,5704.809337,0.0
-50.0,50,5705.310037,0.0
-50.0,50,5705.809381,0.0
-50.0,50,5706.343735,0.0
-50.0,50,5706.845486,0.0
-50.0,50,5707.339319,0.0
-50.0,50,5707.849931,0.0
-50.0,50,5708.392534,0.0
-50.0,50,5708.901573,0.0
-50.0,50,5709.401568,0.0
-50.0,50,5709.910774,0.0
-50.0,50,5710.423458,0.0
-50.0,50,5710.932565,0.0
-50.0,50,5711.437062,0.0
-50.0,50,5711.939785,0.0
0.0,50,5712.462552,1.0
-50.0,50,5712.963886,0.0
-50.0,50,5713.459272,0.0
-50.0,50,5713.966405,0.0
-50.0,50,5714.503215,0.0
-50.0,50,5715.013531,0.0
-50.0,50,5715.51484,0.0
-50.0,50,5716.011395,0.0
-50.0,50,5716.53652,0.0
-50.0,50,5717.040203,0.0
-50.0,50,5717.548229,0.0
-50.0,50,5718.050196,0.0
0.0,50,5718.576025,1.0
-50.0,50,5719.059063,0.0
-50.0,50,5719.563066,0.0
-50.0,50,5720.060636,0.0
-50.0,50,5720.606935,0.0
-50.0,50,5721.104904,0.0
-50.0,50,5721.599514,0.0
-50.0,50,5722.096879,0.0
-50.0,50,5722.618401,0.0
-50.0,50,5723.121706,0.0
-50.0,50,5723.620251,0.0
-50.0,50,5724.11334,0.0
-50.0,50,5724.619043,0.0
-50.0,50,5725.124085,0.0
-50.0,50,5725.631047,0.0
-50.0,50,5726.13746,0.0
-50.0,50,5726.669199,0.0
-50.0,50,5727.167344,0.0
-50.0,50,5727.652467,0.0
-50.0,50,5728.146544,0.0
-50.0,50,5728.66877,0.0
-50.0,50,5729.162475,0.0
-50.0,50,5729.644067,0.0
-50.0,50,5730.135899,0.0
-50.0,50,5730.655695,0.0
-50.0,50,5731.14865,0.0
0.0,50,5731.653159,1.0
0.0,50,5732.157528,1.0
-50.0,50,5732.663814,0.0
-50.0,50,5733.167674,0.0
-50.0,50,5733.663729,0.0
-50.0,50,5734.159711,0.0
-50.0,50,5734.685197,0.0
-50.0,50,5735.163835,0.0
-50.0,50,5735.664208,0.0
-50.0,50,5736.157691,0.0
-50.0,50,5736.665506,0.0
-50.0,50,5737.168794,0.0
-50.0,50,5737.663927,0.0
-50.0,50,5738.153916,0.0
-50.0,50,5738.680998,0.0
-50.0,50,5739.183895,0.0
-50.0,50,5739.687097,0.0
-50.0,50,5740.177088,0.0
-50.0,50,5740.700079,0.0
-50.0,50,5741.222195,0.0
-50.0,50,5741.767643,0.0
-50.0,50,5742.251255,0.0
-50.0,50,5742.75924,0.0
-50.0,50,5743.263927,0.0
-50.0,50,5743.794548,0.0
-50.0,50,5744.290079,0.0
-50.0,50,5744.817,0.0
-50.0,50,5745.305171,0.0
-50.0,50,5745.78884,0.0
-50.0,50,5746.272074,0.0
-50.0,50,5746.838539,0.0
-50.0,50,5747.329402,0.0
-50.0,50,5747.816548,0.0
0.0,50,5748.303584,1.0
-50.0,50,5748.813127,0.0
-50.0,50,5749.299178,0.0
-50.0,50,5749.786408,0.0
-50.0,50,5750.269954,0.0
-50.0,50,5750.766729,0.0
-50.0,50,5751.252261,0.0
-50.0,50,5751.742331,0.0
-50.0,50,5752.234772,0.0
-50.0,50,5752.735588,0.0
-50.0,50,5753.222007,0.0
-50.0,50,5753.716076,0.0
-50.0,50,5754.197428,0.0
-50.0,50,5754.719834,0.0
-50.0,50,5755.232146,0.0
0.0,50,5755.739388,1.0
-50.0,50,5756.23808,0.0
-50.0,50,5756.757482,0.0
-50.0,50,5757.262241,0.0
-50.0,50,5757.767531,0.0
-50.0,50,5758.266191,0.0
-50.0,50,5758.786038,0.0
-50.0,50,5759.284028,0.0
-50.0,50,5759.761935,0.0
-50.0,50,5760.264924,0.0
-50.0,50,5760.797281,0.0
-50.0,50,5761.308959,0.0
-50.0,50,5761.821139,0.0
-50.0,50,5762.32896,0.0
-50.0,50,5762.830179,0.0
-50.0,50,5763.341112,0.0
-50.0,50,5763.835797,0.0
-50.0,50,5764.352723,0.0
-50.0,50,5764.874509,0.0
-50.0,50,5765.353888,0.0
-50.0,50,5765.860587,0.0
-50.0,50,5766.365281,0.0
-50.0,50,5766.893898,0.0
-50.0,50,5767.394279,0.0
-50.0,50,5767.886583,0.0
-50.0,50,5768.377038,0.0
-50.0,50,5768.905629,0.0
-50.0,50,5769.416445,0.0
-50.0,50,5769.923676,0.0
-50.0,50,5770.427,0.0
-50.0,50,5770.932086,0.0
-50.0,50,5771.427632,0.0
-50.0,50,5771.942404,0.0
-50.0,50,5772.453448,0.0
-50.0,50,5772.977918,0.0
-50.0,50,5773.475896,0.0
-50.0,50,5773.971383,0.0
-50.0,50,5774.476375,0.0
-50.0,50,5774.996711,0.0
-50.0,50,5775.493296,0.0
0.0,50,5775.991153,1.0
-50.0,50,5776.477018,0.0
-50.0,50,5777.011803,0.0
0.0,50,5777.521839,1.0
-50.0,50,5778.030692,0.0
-50.0,50,5778.53922,0.0
-50.0,50,5779.068953,0.0
-50.0,50,5779.551062,0.0
-50.0,50,5780.049983,0.0
0.0,50,5780.547036,1.0
-50.0,50,5781.080075,0.0
-50.0,50,5781.57766,0.0
0.0,50,5782.073926,1.0
-50.0,50,5782.576527,0.0
0.0,50,5785.417769,1.0
-50.0,50,5785.917169,0.0
-50.0,50,5786.409624,0.0
-50.0,50,5786.915524,0.0
-50.0,50,5787.436283,0.0
-50.0,50,5787.936389,0.0
-50.0,50,5788.435763,0.0
-50.0,50,5788.924941,0.0
-50.0,50,5789.449376,0.0
-50.0,50,5789.950155,0.0
-50.0,50,5790.450289,0.0
-50.0,50,5790.954568,0.0
-50.0,50,5791.485472,0.0
-50.0,50,5791.976369,0.0
-50.0,50,5792.46977,0.0
-50.0,50,5792.983451,0.0
-50.0,50,5793.524183,0.0
-50.0,50,5794.037369,0.0
-50.0,50,5794.543128,0.0
0.0,50,5795.030417,1.0
-50.0,50,5795.568546,0.0
-50.0,50,5796.074644,0.0
-50.0,50,5796.572855,0.0
-50.0,50,5797.070025,0.0
-50.0,50,5797.578784,0.0
-50.0,50,5798.083249,0.0
-50.0,50,5798.580653,0.0
-50.0,50,5799.08548,0.0
-50.0,50,5799.615963,0.0
-50.0,50,5800.109817,0.0
-50.0,50,5800.589037,0.0
-50.0,50,5801.091376,0.0
-50.0,50,5801.609779,0.0
-50.0,50,5802.108373,0.0
-50.0,50,5802.607455,0.0
-50.0,50,5803.084023,0.0
-50.0,50,5803.609534,0.0
-50.0,50,5804.105531,0.0
-50.0,50,5804.611526,0.0
-50.0,50,5805.113387,0.0
-50.0,50,5805.619618,0.0
-50.0,50,5806.108618,0.0
-50.0,50,5806.606512,0.0
-50.0,50,5807.10179,0.0
-50.0,50,5807.611554,0.0
-50.0,50,5808.105197,0.0
-50.0,50,5808.594454,0.0
-50.0,50,5809.094455,0.0
-50.0,50,5809.612777,0.0
-50.0,50,5810.113065,0.0
0.0,50,5810.609583,1.0
-50.0,50,5811.099802,0.0
0.0,50,5811.606438,1.0
-50.0,50,5812.109084,0.0
-50.0,50,5812.616149,0.0
-50.0,50,5813.118916,0.0
-50.0,50,5813.615148,0.0
-50.0,50,5814.11131,0.0
-50.0,50,5814.602525,0.0
-50.0,50,5815.10184,0.0
-50.0,50,5815.622907,0.0
-50.0,50,5816.098983,0.0
-50.0,50,5816.599609,0.0
-50.0,50,5817.093624,0.0
-50.0,50,5817.610413,0.0
-50.0,50,5818.107577,0.0
-50.0,50,5818.592444,0.0
-50.0,50,5819.088245,0.0
-50.0,50,5819.605973,0.0
-50.0,50,5820.114174,0.0
-50.0,50,5820.612196,0.0
-50.0,50,5821.108212,0.0
-50.0,50,5821.623355,0.0
-50.0,50,5822.126125,0.0
-50.0,50,5822.635245,0.0
-50.0,50,5823.139677,0.0
-50.0,50,5823.645066,0.0
0.0,50,5824.146485,1.0
-50.0,50,5824.64907,0.0
-50.0,50,5825.155715,0.0
-50.0,50,5825.665069,0.0
-50.0,50,5826.170283,0.0
-50.0,50,5826.649224,0.0
-50.0,50,5827.144076,0.0
-50.0,50,5827.659426,0.0
0.0,50,5828.160782,1.0
-50.0,50,5828.664664,0.0
-50.0,50,5829.161416,0.0
-50.0,50,5829.693263,0.0
-50.0,50,5830.189735,0.0
-50.0,50,5830.685722,0.0
-50.0,50,5831.183322,0.0
-50.0,50,5831.695786,0.0
-50.0,50,5832.174862,0.0
-50.0,50,5832.68378,0.0
-50.0,50,5833.191986,0.0
-50.0,50,5833.71543,0.0
-50.0,50,5834.214705,0.0
-50.0,50,5834.695455,0.0
-50.0,50,5835.191547,0.0
-50.0,50,5835.704452,0.0
-50.0,50,5836.214112,0.0
-50.0,50,5836.714245,0.0
-50.0,50,5837.203206,0.0
-50.0,50,5837.720169,0.0
-50.0,50,5838.232145,0.0
-50.0,50,5838.73889,0.0
-50.0,50,5839.242001,0.0
-50.0,50,5839.785112,0.0
-50.0,50,5840.269921,0.0
-50.0,50,5840.762038,0.0
0.0,50,5841.275846,1.0
-50.0,50,5841.802151,0.0
-50.0,50,5842.313128,0.0
-50.0,50,5842.804892,0.0
-50.0,50,5843.311159,0.0
-50.0,50,5843.826149,0.0
-50.0,50,5844.323652,0.0
-50.0,50,5844.821649,0.0
0.0,50,5845.333115,1.0
-50.0,50,5845.840091,0.0
-50.0,50,5846.332964,0.0
-50.0,50,5846.840433,0.0
-50.0,50,5847.35905,0.0
-50.0,50,5847.877361,0.0
-50.0,50,5848.372316,0.0
-50.0,50,5848.86965,0.0
-50.0,50,5849.371575,0.0
-50.0,50,5849.891156,0.0
-50.0,50,5850.398853,0.0
-50.0,50,5850.90094,0.0
-50.0,50,5851.380809,0.0
-50.0,50,5851.898717,0.0
-50.0,50,5852.403844,0.0
-50.0,50,5852.902765,0.0
-50.0,50,5853.415342,0.0
0.0,50,5853.932173,1.0
-50.0,50,5854.427078,0.0
-50.0,50,5854.928014,0.0
-50.0,50,5855.428131,0.0
-50.0,50,5855.94759,0.0
-50.0,50,5856.454103,0.0
-50.0,50,5856.94258,0.0
-50.0,50,5857.436122,0.0
-50.0,50,5857.944928,0.0
0.0,50,5858.456407,1.0
-50.0,50,5858.952006,0.0
-50.0,50,5859.43593,0.0
-50.0,50,5859.955939,0.0
-50.0,50,5860.452167,0.0
-50.0,50,5860.96039,0.0
-50.0,50,5861.462071,0.0
-50.0,50,5861.979182,0.0
-50.0,50,5862.464886,0.0
-50.0,50,5862.963484,0.0
-50.0,50,5863.468185,0.0
-50.0,50,5863.993067,0.0
-50.0,50,5864.484988,0.0
-50.0,50,5864.963434,0.0
-50.0,50,5865.457009,0.0
-50.0,50,5865.970441,0.0
-50.0,50,5866.475825,0.0
-50.0,50,5866.985809,0.0
-50.0,50,5867.466828,0.0
-50.0,50,5867.988199,0.0
-50.0,50,5868.499524,0.0
-50.0,50,5869.012333,0.0
-50.0,50,5869.517589,0.0
-50.0,50,5870.037929,0.0
-50.0,50,5870.533547,0.0
-50.0,50,5871.039444,0.0
-50.0,50,5871.543742,0.0
-50.0,50,5872.073626,0.0
-50.0,50,5872.578908,0.0
-50.0,50,5873.088041,0.0
-50.0,50,5873.596166,0.0
-50.0,50,5874.118474,0.0
-50.0,50,5874.622134,0.0
-50.0,50,5875.13951,0.0
0.0,50,5875.656348,1.0
-50.0,50,5876.164815,0.0
-50.0,50,5876.67749,0.0
-50.0,50,5877.182319,0.0
-50.0,50,5877.685925,0.0
-50.0,50,5878.218624,0.0
-50.0,50,5878.714543,0.0
-50.0,50,5879.209728,0.0
-50.0,50,5879.721431,0.0
-50.0,50,5880.255444,0.0
-50.0,50,5880.757483,0.0
-50.0,50,5881.26732,0.0
-50.0,50,5881.758739,0.0
-50.0,50,5882.27145,0.0
-50.0,50,5882.776534,0.0
-50.0,50,5883.291158,0.0
-50.0,50,5883.793236,0.0
-50.0,50,5884.315273,0.0
-50.0,50,5884.800426,0.0
-50.0,50,5885.305019,0.0
-50.0,50,5885.806209,0.0
-50.0,50,5888.714523,0.0
-50.0,50,5889.212956,0.0
-50.0,50,5889.701148,0.0
-50.0,50,5890.214534,0.0
-50.0,50,5890.743476,0.0
-50.0,50,5891.257221,0.0
0.0,50,5891.768403,1.0
-50.0,50,5892.2597,0.0
-50.0,50,5892.779446,0.0
-50.0,50,5893.292436,0.0
-50.0,50,5893.803769,0.0
-50.0,50,5894.316646,0.0
-50.0,50,5894.850815,0.0
-50.0,50,5895.349056,0.0
-50.0,50,5895.846265,0.0
-50.0,50,5896.353121,0.0
-50.0,50,5896.872864,0.0
0.0,50,5897.379487,1.0
-50.0,50,5897.871188,0.0
-50.0,50,5898.371442,0.0
-50.0,50,5898.894608,0.0
-50.0,50,5899.403236,0.0
0.0,50,5899.902754,1.0
-50.0,50,5900.404243,0.0
-50.0,50,5900.912301,0.0
-50.0,50,5901.414503,0.0
-50.0,50,5901.927136,0.0
-50.0,50,5902.436939,0.0
0.0,50,5902.959352,1.0
-50.0,50,5903.47719,0.0
-50.0,50,5903.968822,0.0
-50.0,50,5904.473749,0.0
-50.0,50,5904.990884,0.0
-50.0,50,5905.495703,0.0
-50.0,50,5906.004897,0.0
-50.0,50,5906.494713,0.0
-50.0,50,5907.010895,0.0
0.0,50,5907.51767,1.0
-50.0,50,5908.028537,0.0
-50.0,50,5908.531077,0.0
-50.0,50,5909.060189,0.0
-50.0,50,5909.554692,0.0
-50.0,50,5910.065745,0.0
-50.0,50,5910.574114,0.0
-50.0,50,5911.107553,0.0
-50.0,50,5911.625395,0.0
-50.0,50,5912.123699,0.0
-50.0,50,5912.625762,0.0
-50.0,50,5913.143013,0.0
-50.0,50,5913.651731,0.0
-50.0,50,5914.159525,0.0
-50.0,50,5914.665962,0.0
-50.0,50,5915.185244,0.0
0.0,50,5915.681584,1.0
-50.0,50,5916.191048,0.0
0.0,50,5916.695082,1.0
-50.0,50,5917.216773,0.0
-50.0,50,5917.716686,0.0
-50.0,50,5918.20773,0.0
-50.0,50,5918.716536,0.0
-50.0,50,5919.242229,0.0
-50.0,50,5919.742652,0.0
-50.0,50,5920.243044,0.0
-50.0,50,5920.732611,0.0
-50.0,50,5921.266816,0.0
-50.0,50,5921.757968,0.0
-50.0,50,5922.261853,0.0
-50.0,50,5922.766361,0.0
-50.0,50,5923.280015,0.0
-50.0,50,5923.766112,0.0
-50.0,50,5924.263666,0.0
-50.0,50,5924.771122,0.0
-50.0,50,5925.290775,0.0
-50.0,50,5925.797363,0.0
-50.0,50,5926.286088,0.0
-50.0,50,5926.785508,0.0
-50.0,50,5927.308901,0.0
-50.0,50,5927.811664,0.0
-50.0,50,5928.315435,0.0
-50.0,50,5928.808392,0.0
-50.0,50,5929.328529,0.0
-50.0,50,5929.832197,0.0
-50.0,50,5930.337947,0.0
-50.0,50,5930.841269,0.0
-50.0,50,5931.354592,0.0
-50.0,50,5931.831246,0.0
-50.0,50,5932.336742,0.0
0.0,50,5932.832367,1.0
-50.0,50,5933.355711,0.0
0.0,50,5933.860176,1.0
-50.0,50,5934.339733,0.0
-50.0,50,5934.840902,0.0
-50.0,50,5935.364172,0.0
-50.0,50,5935.858454,0.0
-50.0,50,5936.364145,0.0
-50.0,50,5936.851867,0.0
-50.0,50,5937.376574,0.0
-50.0,50,5937.88471,0.0
-50.0,50,5938.389068,0.0
-50.0,50,5938.8928,0.0
-50.0,50,5939.416006,0.0
-50.0,50,5939.904083,0.0
-50.0,50,5940.411474,0.0
-50.0,50,5940.925107,0.0
-50.0,50,5941.444788,0.0
-50.0,50,5941.949936,0.0
-50.0,50,5942.452656,0.0
-50.0,50,5942.941329,0.0
-50.0,50,5943.478791,0.0
-50.0,50,5943.9838,0.0
-50.0,50,5944.48719,0.0
-50.0,50,5944.999812,0.0
-50.0,50,5945.506032,0.0
0.0,50,5946.008858,1.0
-50.0,50,5946.508962,0.0
-50.0,50,5947.006259,0.0
-50.0,50,5947.519906,0.0
-50.0,50,5948.018001,0.0
-50.0,50,5948.524283,0.0
-50.0,50,5949.027789,0.0
-50.0,50,5949.547452,0.0
-50.0,50,5950.048964,0.0
-50.0,50,5950.543277,0.0
-50.0,50,5951.024069,0.0
-50.0,50,5951.539219,0.0
-50.0,50,5952.040966,0.0
-50.0,50,5952.553535,0.0
-50.0,50,5953.060941,0.0
-50.0,50,5953.572698,0.0
-50.0,50,5954.06303,0.0
-50.0,50,5954.556669,0.0
-50.0,50,5955.058143,0.0
-50.0,50,5955.580247,0.0
-50.0,50,5956.076428,0.0
-50.0,50,5956.572146,0.0
-50.0,50,5957.073212,0.0
-50.0,50,5957.587031,0.0
-50.0,50,5958.082131,0.0
-50.0,50,5958.572708,0.0
-50.0,50,5959.070828,0.0
-50.0,50,5959.586345,0.0
0.0,50,5960.088519,1.0
-50.0,50,5960.592628,0.0
-50.0,50,5961.093805,0.0
-50.0,50,5961.592273,0.0
-50.0,50,5962.096582,0.0
-50.0,50,5962.591118,0.0
-50.0,50,5963.103148,0.0
-50.0,50,5963.62296,0.0
-50.0,50,5964.112546,0.0
-50.0,50,5964.610215,0.0
0.0,50,5965.110128,1.0
-50.0,50,5965.640622,0.0
-50.0,50,5966.151515,0.0
-50.0,50,5966.669585,0.0
-50.0,50,5967.166834,0.0
-50.0,50,5967.679307,0.0
-50.0,50,5968.184799,0.0
-50.0,50,5968.689133,0.0
-50.0,50,5969.191828,0.0
-50.0,50,5969.708757,0.0
-50.0,50,5970.213102,0.0
-50.0,50,5970.728313,0.0
-50.0,50,5971.230925,0.0
-50.0,50,5971.748086,0.0
-50.0,50,5972.249913,0.0
-50.0,50,5972.742385,0.0
-50.0,50,5973.250746,0.0
-50.0,50,5973.791473,0.0
-50.0,50,5974.302747,0.0
-50.0,50,5974.824451,0.0
-50.0,50,5975.328383,0.0
-50.0,50,5975.835512,0.0
-50.0,50,5976.333035,0.0
-50.0,50,5976.833228,0.0
-50.0,50,5977.333928,0.0
-50.0,50,5977.864171,0.0
-50.0,50,5978.3547,0.0
-50.0,50,5978.849915,0.0
-50.0,50,5979.350895,0.0
-50.0,50,5979.881505,0.0
-50.0,50,5980.3826,0.0
-50.0,50,5980.897882,0.0
-50.0,50,5981.38407,0.0
-50.0,50,5981.908107,0.0
-50.0,50,5982.420878,0.0
-50.0,50,5982.92334,0.0
-50.0,50,5983.429034,0.0
-50.0,50,5983.939351,0.0
-50.0,50,5984.444207,0.0
-50.0,50,5984.944964,0.0
-50.0,50,5985.446951,0.0
-50.0,50,5985.972667,0.0
-50.0,50,5986.475813,0.0
-50.0,50,5986.957738,0.0
-50.0,50,5987.463157,0.0
-50.0,50,5987.987685,0.0
-50.0,50,5988.491979,0.0
-50.0,50,5988.997829,0.0
-50.0,50,5989.489841,0.0
-50.0,50,5992.370046,0.0
-50.0,50,5992.884616,0.0
-50.0,50,5993.385451,0.0
-50.0,50,5993.880162,0.0
-50.0,50,5994.38359,0.0
-50.0,50,5994.885719,0.0
-50.0,50,5995.396595,0.0
-50.0,50,5995.896278,0.0
-50.0,50,5996.471119,0.0
-50.0,50,5996.996304,0.0
-50.0,50,5997.48384,0.0
-50.0,50,5997.991062,0.0
-50.0,50,5998.509715,0.0
-50.0,50,5999.010359,0.0
-50.0,50,5999.506822,0.0
-50.0,50,5999.998286,0.0
-50.0,50,6000.508297,0.0
-50.0,50,6001.01332,0.0
-50.0,50,6001.516505,0.0
-50.0,50,6002.02076,0.0
-50.0,50,6002.590274,0.0
-50.0,50,6003.070348,0.0
-50.0,50,6003.570961,0.0
-50.0,50,6004.06764,0.0
-50.0,50,6004.597439,0.0
-50.0,50,6005.104384,0.0
-50.0,50,6005.588086,0.0
-50.0,50,6006.088849,0.0
-50.0,50,6006.596505,0.0
-50.0,50,6007.095302,0.0
-50.0,50,6007.589372,0.0
0.0,50,6008.104679,1.0
-50.0,50,6008.608517,0.0
-50.0,50,6009.110839,0.0
-50.0,50,6009.607426,0.0
-50.0,50,6010.113415,0.0
-50.0,50,6010.635494,0.0
-50.0,50,6011.113486,0.0
-50.0,50,6011.614413,0.0
-50.0,50,6012.104532,0.0
-50.0,50,6012.624375,0.0
-50.0,50,6013.118756,0.0
-50.0,50,6013.597398,0.0
0.0,50,6014.097385,1.0
-50.0,50,6014.606503,0.0
-50.0,50,6015.112745,0.0
-50.0,50,6015.610268,0.0
-50.0,50,6016.092053,0.0
-50.0,50,6016.611065,0.0
-50.0,50,6017.109922,0.0
-50.0,50,6017.615698,0.0
-50.0,50,6018.120486,0.0
0.0,50,6018.619469,1.0
-50.0,50,6019.112821,0.0
-50.0,50,6019.614105,0.0
-50.0,50,6020.125803,0.0
-50.0,50,6020.644942,0.0
-50.0,50,6021.148408,0.0
-50.0,50,6021.630651,0.0
-50.0,50,6022.13423,0.0
-50.0,50,6022.656792,0.0
-50.0,50,6023.164499,0.0
-50.0,50,6023.674729,0.0
-50.0,50,6024.171579,0.0
-50.0,50,6024.674933,0.0
-50.0,50,6025.184721,0.0
0.0,50,6025.683538,1.0
-50.0,50,6026.18818,0.0
-50.0,50,6026.735148,0.0
-50.0,50,6027.225478,0.0
-50.0,50,6027.728733,0.0
-50.0,50,6028.247965,0.0
-50.0,50,6028.784646,0.0
-50.0,50,6029.29267,0.0
-50.0,50,6029.806097,0.0
-50.0,50,6030.29188,0.0
-50.0,50,6030.804877,0.0
-50.0,50,6031.307767,0.0
-50.0,50,6031.813559,0.0
-50.0,50,6032.324381,0.0
-50.0,50,6032.836651,0.0
-50.0,50,6033.335934,0.0
-50.0,50,6033.845522,0.0
-50.0,50,6034.347657,0.0
-50.0,50,6034.861603,0.0
-50.0,50,6035.358329,0.0
-50.0,50,6035.848756,0.0
-50.0,50,6036.35448,0.0
-50.0,50,6036.886415,0.0
-50.0,50,6037.391967,0.0
-50.0,50,6037.899767,0.0
-50.0,50,6038.393401,0.0
-50.0,50,6038.905058,0.0
-50.0,50,6039.405315,0.0
-50.0,50,6039.912419,0.0
0.0,50,6040.429113,1.0
-50.0,50,6040.954834,0.0
-50.0,50,6041.436199,0.0
0.0,50,6041.949208,1.0
-50.0,50,6042.449645,0.0
-50.0,50,6042.965705,0.0
-50.0,50,6043.46365,0.0
-50.0,50,6043.961783,0.0
-50.0,50,6044.461891,0.0
-50.0,50,6044.985078,0.0
-50.0,50,6045.498919,0.0
-50.0,50,6045.998131,0.0
-50.0,50,6046.5004,0.0
-50.0,50,6047.005042,0.0
-50.0,50,6047.506973,0.0
-50.0,50,6048.00794,0.0
-50.0,50,6048.504689,0.0
-50.0,50,6049.03448,0.0
-50.0,50,6049.520345,0.0
-50.0,50,6050.011919,0.0
-50.0,50,6050.509856,0.0
-50.0,50,6051.029894,0.0
-50.0,50,6051.534706,0.0
-50.0,50,6052.031292,0.0
0.0,50,6052.522829,1.0
-50.0,50,6053.05541,0.0
-50.0,50,6053.562915,0.0
-50.0,50,6054.07601,0.0
-50.0,50,6054.58706,0.0
-50.0,50,6055.099255,0.0
-50.0,50,6055.60481,0.0
-50.0,50,6056.103382,0.0
-50.0,50,6056.616004,0.0
-50.0,50,6057.138884,0.0
-50.0,50,6057.643495,0.0
-50.0,50,6058.140875,0.0
-50.0,50,6058.649582,0.0
-50.0,50,6059.186141,0.0
-50.0,50,6059.682978,0.0
-50.0,50,6060.182977,0.0
-50.0,50,6060.680031,0.0
-50.0,50,6061.201913,0.0
-50.0,50,6061.704809,0.0
-50.0,50,6062.204271,0.0
-50.0,50,6062.704437,0.0
-50.0,50,6063.23512,0.0
-50.0,50,6063.71514,0.0
-50.0,50,6064.221162,0.0
-50.0,50,6064.723931,0.0
-50.0,50,6065.240142,0.0
-50.0,50,6065.747895,0.0
-50.0,50,6066.245439,0.0
-50.0,50,6066.750339,0.0
-50.0,50,6067.265743,0.0
-50.0,50,6067.764809,0.0
-50.0,50,6068.265486,0.0
-50.0,50,6068.761375,0.0
-50.0,50,6069.274646,0.0
-50.0,50,6069.771348,0.0
-50.0,50,6070.279943,0.0
-50.0,50,6070.786529,0.0
-50.0,50,6071.306787,0.0
-50.0,50,6071.796702,0.0
-50.0,50,6072.296963,0.0
-50.0,50,6072.802981,0.0
-50.0,50,6073.318952,0.0
-50.0,50,6073.821079,0.0
-50.0,50,6074.323953,0.0
-50.0,50,6074.825339,0.0
-50.0,50,6075.353016,0.0
-50.0,50,6075.852088,0.0
-50.0,50,6076.350756,0.0
0.0,50,6076.860312,1.0
-50.0,50,6077.357877,0.0
-50.0,50,6077.869242,0.0
0.0,50,6078.383486,1.0
-50.0,50,6078.889287,0.0
-50.0,50,6079.41333,0.0
-50.0,50,6079.901724,0.0
-50.0,50,6080.391989,0.0
-50.0,50,6080.897568,0.0
-50.0,50,6081.421185,0.0
-50.0,50,6081.927512,0.0
-50.0,50,6082.433281,0.0
-50.0,50,6082.938149,0.0
-50.0,50,6083.457556,0.0
-50.0,50,6083.958289,0.0
-50.0,50,6084.457913,0.0
-50.0,50,6084.970899,0.0
-50.0,50,6085.498781,0.0
-9.0,50,6085.980087,1.0
-50.0,50,6086.488413,0.0
-50.0,50,6086.993504,0.0
0.0,50,6087.508327,1.0
-50.0,50,6088.013718,0.0
-50.0,50,6088.499822,0.0
-50.0,50,6089.005634,0.0
-50.0,50,6089.52843,0.0
-50.0,50,6090.030642,0.0
-50.0,50,6090.539238,0.0
-50.0,50,6091.030122,0.0
-50.0,50,6091.547261,0.0
-50.0,50,6092.047203,0.0
-50.0,50,6092.552667,0.0
-50.0,50,6093.058995,0.0
-50.0,50,6095.904365,0.0
-50.0,50,6096.409385,0.0
-50.0,50,6096.918602,0.0
-50.0,50,6097.423564,0.0
-50.0,50,6097.939472,0.0
-50.0,50,6098.420599,0.0
-50.0,50,6098.922515,0.0
-50.0,50,6099.43451,0.0
-50.0,50,6099.948762,0.0
-50.0,50,6100.454518,0.0
-50.0,50,6100.953495,0.0
-50.0,50,6101.446645,0.0
-50.0,50,6101.967379,0.0
0.0,50,6102.473393,1.0
-50.0,50,6102.97184,0.0
-50.0,50,6103.472398,0.0
-50.0,50,6103.96904,0.0
-50.0,50,6104.478768,0.0
-50.0,50,6104.979647,0.0
-50.0,50,6105.484156,0.0
-50.0,50,6106.011532,0.0
-50.0,50,6106.501915,0.0
-50.0,50,6107.002465,0.0
-50.0,50,6107.509834,0.0
-50.0,50,6108.036829,0.0
-50.0,50,6108.543126,0.0
-50.0,50,6109.045744,0.0
-50.0,50,6109.524376,0.0
-50.0,50,6110.047436,0.0
-50.0,50,6110.546725,0.0
-50.0,50,6111.050797,0.0
-50.0,50,6111.547342,0.0
-50.0,50,6112.049162,0.0
-50.0,50,6112.547378,0.0
-50.0,50,6113.055328,0.0
0.0,50,6113.559995,1.0
-50.0,50,6114.087389,0.0
-50.0,50,6114.591166,0.0
-50.0,50,6115.085577,0.0
-50.0,50,6115.583276,0.0
-50.0,50,6116.099689,0.0
-50.0,50,6116.602763,0.0
-50.0,50,6117.106503,0.0
-50.0,50,6117.590861,0.0
-50.0,50,6118.117457,0.0
-50.0,50,6118.613881,0.0
-50.0,50,6119.111721,0.0
-50.0,50,6119.606657,0.0
-50.0,50,6120.112624,0.0
-50.0,50,6120.611411,0.0
-50.0,50,6121.116786,0.0
-50.0,50,6121.625679,0.0
-50.0,50,6122.149111,0.0
-50.0,50,6122.646755,0.0
-50.0,50,6123.135791,0.0
-50.0,50,6123.647884,0.0
-50.0,50,6124.175733,0.0
-50.0,50,6124.675378,0.0
-50.0,50,6125.175711,0.0
-50.0,50,6125.674789,0.0
-50.0,50,6126.186412,0.0
-50.0,50,6126.680969,0.0
-50.0,50,6127.188483,0.0
-50.0,50,6127.688748,0.0
-50.0,50,6128.199023,0.0
-50.0,50,6128.685312,0.0
-50.0,50,6129.182574,0.0
-50.0,50,6129.679044,0.0
-50.0,50,6130.192665,0.0
-50.0,50,6130.705002,0.0
-50.0,50,6131.181148,0.0
-50.0,50,6131.676764,0.0
-50.0,50,6132.189592,0.0
-50.0,50,6132.691763,0.0
-50.0,50,6133.189997,0.0
-50.0,50,6133.678412,0.0
0.0,50,6134.2122,1.0
-50.0,50,6134.722877,0.0
-50.0,50,6135.232978,0.0
-50.0,50,6135.746357,0.0
-50.0,50,6136.272423,0.0
-50.0,50,6136.748893,0.0
-50.0,50,6137.247706,0.0
-50.0,50,6137.746995,0.0
-50.0,50,6138.257514,0.0
-50.0,50,6138.753376,0.0
-50.0,50,6139.233654,0.0
-50.0,50,6139.732313,0.0
-50.0,50,6140.25213,0.0
-50.0,50,6140.762551,0.0
-50.0,50,6141.269125,0.0
-50.0,50,6141.75403,0.0
-50.0,50,6142.267994,0.0
-50.0,50,6142.774297,0.0
-50.0,50,6143.286352,0.0
0.0,50,6143.792154,1.0
-50.0,50,6144.310763,0.0
-50.0,50,6144.794251,0.0
-50.0,50,6145.297133,0.0
-50.0,50,6145.802428,0.0
-50.0,50,6146.32973,0.0
-50.0,50,6146.840668,0.0
-50.0,50,6147.326483,0.0
-50.0,50,6147.832455,0.0
-50.0,50,6148.35246,0.0
-50.0,50,6148.859281,0.0
-50.0,50,6149.365022,0.0
-50.0,50,6149.865637,0.0
-50.0,50,6150.372652,0.0
-50.0,50,6150.871446,0.0
-50.0,50,6151.371419,0.0
-50.0,50,6151.881265,0.0
-50.0,50,6152.410412,0.0
-50.0,50,6152.900774,0.0
-50.0,50,6153.398396,0.0
0.0,50,6153.916249,1.0
-50.0,50,6154.437032,0.0
-50.0,50,6154.943033,0.0
-50.0,50,6155.441308,0.0
-50.0,50,6155.929985,0.0
-50.0,50,6156.446697,0.0
-50.0,50,6156.951864,0.0
-50.0,50,6157.454384,0.0
-50.0,50,6157.95702,0.0
-50.0,50,6158.464143,0.0
-50.0,50,6158.971242,0.0
-50.0,50,6159.475901,0.0
-50.0,50,6159.973355,0.0
-50.0,50,6160.494264,0.0
-50.0,50,6160.983222,0.0
-50.0,50,6161.479039,0.0
-50.0,50,6161.983999,0.0
-50.0,50,6162.521224,0.0
-50.0,50,6163.018069,0.0
-50.0,50,6163.514914,0.0
-50.0,50,6164.002404,0.0
-50.0,50,6164.520512,0.0
-50.0,50,6165.023824,0.0
-50.0,50,6165.53204,0.0
0.0,50,6166.047262,1.0
-50.0,50,6166.561365,0.0
-50.0,50,6167.054838,0.0
-50.0,50,6167.555336,0.0
-50.0,50,6168.060207,0.0
-50.0,50,6168.582452,0.0
-50.0,50,6169.079616,0.0
-50.0,50,6169.577343,0.0
-50.0,50,6170.072782,0.0
0.0,50,6170.591033,1.0
-50.0,50,6171.089768,0.0
-50.0,50,6171.588582,0.0
-50.0,50,6172.065332,0.0
-50.0,50,6172.584399,0.0
-50.0,50,6173.096472,0.0
-50.0,50,6173.606332,0.0
-50.0,50,6174.116053,0.0
-50.0,50,6174.628188,0.0
-50.0,50,6175.127406,0.0
-50.0,50,6175.638055,0.0
-50.0,50,6176.145785,0.0
-50.0,50,6176.667506,0.0
-50.0,50,6177.166842,0.0
-50.0,50,6177.650496,0.0
-50.0,50,6178.153299,0.0
-50.0,50,6178.681158,0.0
-50.0,50,6179.182132,0.0
-50.0,50,6179.689251,0.0
-50.0,50,6180.185174,0.0
-50.0,50,6180.698563,0.0
-50.0,50,6181.213155,0.0
-50.0,50,6181.726863,0.0
-50.0,50,6182.243651,0.0
-50.0,50,6182.775985,0.0
-50.0,50,6183.271504,0.0
-50.0,50,6183.769574,0.0
-50.0,50,6184.280355,0.0
-50.0,50,6184.811119,0.0
-50.0,50,6185.32101,0.0
-50.0,50,6185.831326,0.0
-50.0,50,6186.330907,0.0
-50.0,50,6186.858506,0.0
-50.0,50,6187.371276,0.0
-50.0,50,6187.887358,0.0
-50.0,50,6188.401428,0.0
-50.0,50,6188.944351,0.0
-50.0,50,6189.447582,0.0
-50.0,50,6189.952578,0.0
-50.0,50,6190.465381,0.0
-50.0,50,6190.992272,0.0
-50.0,50,6191.513343,0.0
0.0,50,6192.01523,1.0
-50.0,50,6192.507029,0.0
-50.0,50,6193.028255,0.0
-50.0,50,6193.541925,0.0
-50.0,50,6194.037797,0.0
-50.0,50,6194.537446,0.0
-50.0,50,6195.046035,0.0
-50.0,50,6195.531387,0.0
-50.0,50,6196.036019,0.0
-50.0,50,6196.539908,0.0
-50.0,50,6199.426983,0.0
-50.0,50,6199.905442,0.0
-50.0,50,6200.405746,0.0
-50.0,50,6200.913968,0.0
-50.0,50,6201.43608,0.0
-50.0,50,6201.931559,0.0
0.0,50,6202.41565,1.0
-50.0,50,6202.933746,0.0
-50.0,50,6203.453592,0.0
-50.0,50,6203.953832,0.0
-50.0,50,6204.459352,0.0
0.0,50,6204.965819,1.0
-50.0,50,6205.492496,0.0
-50.0,50,6206.009517,0.0
-50.0,50,6206.512081,0.0
-50.0,50,6207.022837,0.0
-50.0,50,6207.564553,0.0
-50.0,50,6208.065998,0.0
-50.0,50,6208.577791,0.0
-50.0,50,6209.094599,0.0
-50.0,50,6209.632294,0.0
-50.0,50,6210.158075,0.0
-50.0,50,6210.668757,0.0
0.0,50,6211.165576,1.0
-50.0,50,6211.691953,0.0
0.0,50,6212.204515,1.0
-50.0,50,6212.701358,0.0
-50.0,50,6213.202202,0.0
-50.0,50,6213.735544,0.0
-50.0,50,6214.234898,0.0
0.0,50,6214.731124,1.0
0.0,50,6215.238323,1.0
-50.0,50,6215.762459,0.0
-50.0,50,6216.27269,0.0
0.0,50,6216.779077,1.0
-50.0,50,6217.272356,0.0
-50.0,50,6217.791248,0.0
-50.0,50,6218.301423,0.0
-50.0,50,6218.797774,0.0
-50.0,50,6219.297496,0.0
-50.0,50,6219.793842,0.0
0.0,50,6220.308943,1.0
-50.0,50,6220.808458,0.0
-50.0,50,6221.306648,0.0
-50.0,50,6221.82859,0.0
-50.0,50,6222.330403,0.0
-50.0,50,6222.827693,0.0
-50.0,50,6223.33767,0.0
0.0,50,6223.851243,1.0
-50.0,50,6224.352246,0.0
-50.0,50,6224.861315,0.0
-50.0,50,6225.35313,0.0
-50.0,50,6225.873881,0.0
-50.0,50,6226.379437,0.0
-50.0,50,6226.889727,0.0
-50.0,50,6227.390533,0.0
-50.0,50,6227.901962,0.0
-50.0,50,6228.389064,0.0
-50.0,50,6228.895293,0.0
-50.0,50,6229.395535,0.0
-50.0,50,6229.910822,0.0
-50.0,50,6230.420232,0.0
-50.0,50,6230.906069,0.0
-50.0,50,6231.416124,0.0
-50.0,50,6231.928607,0.0
-50.0,50,6232.428793,0.0
-50.0,50,6232.938799,0.0
-50.0,50,6233.422789,0.0
-50.0,50,6233.93489,0.0
-50.0,50,6234.432089,0.0
-50.0,50,6234.930627,0.0
-50.0,50,6235.436496,0.0
-50.0,50,6235.953495,0.0
-50.0,50,6236.443673,0.0
-50.0,50,6236.949756,0.0
-50.0,50,6237.469517,0.0
-50.0,50,6238.008256,0.0
-50.0,50,6238.515964,0.0
-50.0,50,6238.993652,0.0
-50.0,50,6239.491256,0.0
-50.0,50,6240.018687,0.0
-50.0,50,6240.515319,0.0
-50.0,50,6241.023817,0.0
-50.0,50,6241.515325,0.0
0.0,50,6242.022925,1.0
-50.0,50,6242.523734,0.0
-50.0,50,6243.022388,0.0
-50.0,50,6243.525802,0.0
-50.0,50,6244.037797,0.0
-50.0,50,6244.517649,0.0
-50.0,50,6245.016874,0.0
-50.0,50,6245.516818,0.0
-50.0,50,6246.035927,0.0
0.0,50,6246.543646,1.0
-50.0,50,6247.031592,0.0
-50.0,50,6247.53363,0.0
-50.0,50,6248.051169,0.0
-50.0,50,6248.549609,0.0
-50.0,50,6249.044403,0.0
-50.0,50,6249.530771,0.0
-50.0,50,6250.064623,0.0
-50.0,50,6250.574277,0.0
-50.0,50,6251.084186,0.0
-50.0,50,6251.583145,0.0
-50.0,50,6252.098133,0.0
-50.0,50,6252.573929,0.0
-50.0,50,6253.066511,0.0
-50.0,50,6253.583909,0.0
-50.0,50,6254.107965,0.0
-50.0,50,6254.614164,0.0
-50.0,50,6255.096946,0.0
-50.0,50,6255.596198,0.0
-50.0,50,6256.137993,0.0
0.0,50,6256.643534,1.0
-50.0,50,6257.139185,0.0
-50.0,50,6257.626437,0.0
-50.0,50,6258.119719,0.0
-50.0,50,6258.622564,0.0
-50.0,50,6259.125252,0.0
-50.0,50,6259.628947,0.0
-50.0,50,6260.151946,0.0
-50.0,50,6260.646692,0.0
-50.0,50,6261.146193,0.0
-50.0,50,6261.645867,0.0
-50.0,50,6262.178606,0.0
-50.0,50,6262.682448,0.0
-50.0,50,6263.17449,0.0
-50.0,50,6263.658731,0.0
-50.0,50,6264.187076,0.0
-50.0,50,6264.684989,0.0
-50.0,50,6265.181886,0.0
-50.0,50,6265.6706,0.0
-50.0,50,6266.188367,0.0
-50.0,50,6266.687769,0.0
-50.0,50,6267.198318,0.0
-50.0,50,6267.695899,0.0
-50.0,50,6268.22341,0.0
-50.0,50,6268.702189,0.0
-50.0,50,6269.210569,0.0
-50.0,50,6269.717215,0.0
-50.0,50,6270.241331,0.0
-50.0,50,6270.741141,0.0
-50.0,50,6271.235382,0.0
0.0,50,6271.746773,1.0
-50.0,50,6272.2628,0.0
-50.0,50,6272.765602,0.0
-50.0,50,6273.273321,0.0
-50.0,50,6273.776248,0.0
-50.0,50,6274.269904,0.0
-50.0,50,6274.768579,0.0
-50.0,50,6275.272648,0.0
-50.0,50,6275.775914,0.0
-50.0,50,6276.301425,0.0
-50.0,50,6276.795774,0.0
-50.0,50,6277.3038,0.0
-50.0,50,6277.806293,0.0
-50.0,50,6278.334274,0.0
-50.0,50,6278.838066,0.0
-50.0,50,6279.337011,0.0
-50.0,50,6279.828406,0.0
-50.0,50,6280.347886,0.0
-50.0,50,6280.856275,0.0
-50.0,50,6281.364105,0.0
-50.0,50,6281.865146,0.0
-50.0,50,6282.379447,0.0
0.0,50,6282.876689,1.0
-50.0,50,6283.377763,0.0
-50.0,50,6283.885371,0.0
-50.0,50,6284.400014,0.0
-50.0,50,6284.90726,0.0
-50.0,50,6285.393864,0.0
-50.0,50,6285.898138,0.0
-50.0,50,6286.418313,0.0
-50.0,50,6286.918489,0.0
-50.0,50,6287.421108,0.0
-50.0,50,6287.910783,0.0
-50.0,50,6288.422771,0.0
-50.0,50,6288.918166,0.0
-50.0,50,6289.426106,0.0
-50.0,50,6289.92266,0.0
-50.0,50,6290.430769,0.0
-50.0,50,6290.92331,0.0
-50.0,50,6291.421013,0.0
-50.0,50,6291.928534,0.0
-50.0,50,6292.447343,0.0
-50.0,50,6292.959247,0.0
-50.0,50,6293.443875,0.0
-50.0,50,6293.953144,0.0
-50.0,50,6294.465592,0.0
-50.0,50,6294.972232,0.0
-50.0,50,6295.473372,0.0
-50.0,50,6295.956156,0.0
-50.0,50,6296.47846,0.0
-50.0,50,6296.976529,0.0
-50.0,50,6297.478024,0.0
-50.0,50,6297.991968,0.0
-50.0,50,6298.515001,0.0
-50.0,50,6299.006546,0.0
-50.0,50,6299.515368,0.0
-50.0,50,6300.029911,0.0
-50.0,50,6302.808741,0.0
-50.0,50,6303.295312,0.0
-50.0,50,6303.794456,0.0
-50.0,50,6304.29265,0.0
-50.0,50,6304.814431,0.0
-50.0,50,6305.307038,0.0
-50.0,50,6305.804616,0.0
-50.0,50,6306.3186,0.0
-50.0,50,6306.837888,0.0
-50.0,50,6307.332478,0.0
-50.0,50,6307.854691,0.0
-50.0,50,6308.333781,0.0
-50.0,50,6308.880361,0.0
-50.0,50,6309.386883,0.0
-50.0,50,6309.897934,0.0
0.0,50,6310.41855,1.0
-50.0,50,6310.948361,0.0
-50.0,50,6311.431044,0.0
-50.0,50,6311.929621,0.0
-50.0,50,6312.438649,0.0
-50.0,50,6312.964934,0.0
-50.0,50,6313.472771,0.0
-50.0,50,6313.969163,0.0
-50.0,50,6314.46243,0.0
-50.0,50,6314.984502,0.0
-50.0,50,6315.490693,0.0
-50.0,50,6315.988087,0.0
-50.0,50,6316.49329,0.0
-50.0,50,6316.984441,0.0
-50.0,50,6317.489474,0.0
-50.0,50,6317.993827,0.0
-50.0,50,6318.489081,0.0
-50.0,50,6319.006451,0.0
-50.0,50,6319.48645,0.0
-50.0,50,6319.98431,0.0
-50.0,50,6320.488032,0.0
-50.0,50,6320.996578,0.0
-50.0,50,6321.500504,0.0
-50.0,50,6321.984919,0.0
-50.0,50,6322.48008,0.0
-50.0,50,6323.01406,0.0
-50.0,50,6323.517139,0.0
-50.0,50,6324.028935,0.0
-50.0,50,6324.529446,0.0
-50.0,50,6325.032998,0.0
0.0,50,6325.548255,1.0
0.0,50,6326.051502,1.0
-50.0,50,6326.552711,0.0
-50.0,50,6327.077189,0.0
-50.0,50,6327.563768,0.0
-50.0,50,6328.064849,0.0
-50.0,50,6328.579849,0.0
-50.0,50,6329.098048,0.0
-50.0,50,6329.601258,0.0
-50.0,50,6330.102934,0.0
0.0,50,6330.603545,1.0
-50.0,50,6331.118528,0.0
-50.0,50,6331.626548,0.0
-50.0,50,6332.125973,0.0
-50.0,50,6332.638674,0.0
-50.0,50,6333.156308,0.0
-50.0,50,6333.657829,0.0
-50.0,50,6334.166907,0.0
-50.0,50,6334.667986,0.0
-50.0,50,6335.193506,0.0
-50.0,50,6335.685843,0.0
-50.0,50,6336.17155,0.0
-50.0,50,6336.682486,0.0
-50.0,50,6337.200958,0.0
-50.0,50,6337.69974,0.0
-50.0,50,6338.204489,0.0
-50.0,50,6338.688367,0.0
-50.0,50,6339.23358,0.0
-50.0,50,6339.734621,0.0
-50.0,50,6340.245108,0.0
-50.0,50,6340.750979,0.0
-50.0,50,6341.264956,0.0
-50.0,50,6341.761903,0.0
-50.0,50,6342.270845,0.0
-50.0,50,6342.789912,0.0
-50.0,50,6343.30987,0.0
-50.0,50,6343.826049,0.0
-50.0,50,6344.325099,0.0
-50.0,50,6344.815216,0.0
-50.0,50,6345.339511,0.0
-50.0,50,6345.838298,0.0
-50.0,50,6346.337962,0.0
-50.0,50,6346.830266,0.0
-50.0,50,6347.327377,0.0
-50.0,50,6347.834766,0.0
-50.0,50,6348.338022,0.0
-50.0,50,6348.843323,0.0
-50.0,50,6349.360958,0.0
-50.0,50,6349.841701,0.0
-50.0,50,6350.335036,0.0
-50.0,50,6350.837736,0.0
-50.0,50,6351.361078,0.0
0.0,50,6351.861026,1.0
-50.0,50,6352.355018,0.0
-50.0,50,6352.855543,0.0
-50.0,50,6353.37252,0.0
-50.0,50,6353.866248,0.0
-50.0,50,6354.35885,0.0
-50.0,50,6354.847389,0.0
0.0,50,6355.35235,1.0
-50.0,50,6355.854648,0.0
-50.0,50,6356.353984,0.0
-50.0,50,6356.846128,0.0
-50.0,50,6357.348076,0.0
-50.0,50,6357.826612,0.0
-50.0,50,6358.323653,0.0
-50.0,50,6358.82382,0.0
0.0,50,6359.34852,1.0
-50.0,50,6359.851625,0.0
-50.0,50,6360.330525,0.0
-50.0,50,6360.824733,0.0
-50.0,50,6361.334201,0.0
-50.0,50,6361.837413,0.0
-50.0,50,6362.338212,0.0
-50.0,50,6362.816807,0.0
-50.0,50,6363.332922,0.0
-50.0,50,6363.829637,0.0
-50.0,50,6364.322879,0.0
-50.0,50,6364.82605,0.0
-50.0,50,6365.333372,0.0
0.0,50,6365.835003,1.0
-50.0,50,6366.333665,0.0
-50.0,50,6366.837503,0.0
-50.0,50,6367.356867,0.0
0.0,50,6367.843355,1.0
-50.0,50,6368.338072,0.0
-50.0,50,6368.843826,0.0
-50.0,50,6369.361181,0.0
-50.0,50,6369.858055,0.0
-50.0,50,6370.345503,0.0
-50.0,50,6370.832998,0.0
-50.0,50,6371.346714,0.0
-50.0,50,6371.855019,0.0
-50.0,50,6372.350969,0.0
-50.0,50,6372.854939,0.0
-50.0,50,6373.345196,0.0
-50.0,50,6373.845893,0.0
-50.0,50,6374.339924,0.0
-50.0,50,6374.839536,0.0
-50.0,50,6375.373689,0.0
-50.0,50,6375.854601,0.0
-50.0,50,6376.357893,0.0
-50.0,50,6376.856325,0.0
-50.0,50,6377.385582,0.0
-50.0,50,6377.877217,0.0
-50.0,50,6378.362949,0.0
-50.0,50,6378.848496,0.0
-50.0,50,6379.351046,0.0
-50.0,50,6379.851136,0.0
-50.0,50,6380.342841,0.0
-50.0,50,6380.827947,0.0
-50.0,50,6381.327212,0.0
-50.0,50,6381.824878,0.0
-50.0,50,6382.327034,0.0
-50.0,50,6382.837123,0.0
-50.0,50,6383.357213,0.0
-50.0,50,6383.858061,0.0
-50.0,50,6384.36815,0.0
-50.0,50,6384.876998,0.0
-50.0,50,6385.397133,0.0
-50.0,50,6385.908104,0.0
-50.0,50,6386.39833,0.0
-50.0,50,6386.89502,0.0
-50.0,50,6387.40503,0.0
-50.0,50,6387.898902,0.0
-50.0,50,6388.399954,0.0
-50.0,50,6388.889585,0.0
-50.0,50,6389.402311,0.0
-50.0,50,6389.898261,0.0
-50.0,50,6390.393773,0.0
-50.0,50,6390.888335,0.0
-50.0,50,6391.407743,0.0
-50.0,50,6391.886032,0.0
-50.0,50,6392.383804,0.0
-50.0,50,6392.878661,0.0
-50.0,50,6393.391353,0.0
-50.0,50,6393.882677,0.0
-50.0,50,6394.371258,0.0
-50.0,50,6394.883325,0.0
0.0,50,6395.41866,1.0
-50.0,50,6395.914809,0.0
-50.0,50,6396.417483,0.0
-50.0,50,6396.919499,0.0
-50.0,50,6397.433691,0.0
-50.0,50,6397.933482,0.0
0.0,50,6398.448879,1.0
-50.0,50,6398.960141,0.0
-50.0,50,6399.489623,0.0
-50.0,50,6399.978172,0.0
-50.0,50,6400.485355,0.0
-50.0,50,6400.987555,0.0
-50.0,50,6401.520368,0.0
-50.0,50,6402.028047,0.0
-50.0,50,6402.522831,0.0
-50.0,50,6403.029565,0.0
0.0,50,6405.839432,1.0
-50.0,50,6406.349987,0.0
-50.0,50,6406.839134,0.0
-50.0,50,6407.336477,0.0
0.0,50,6407.85794,1.0
-50.0,50,6408.359343,0.0
-50.0,50,6408.860311,0.0
-50.0,50,6409.36875,0.0
-50.0,50,6409.879334,0.0
-50.0,50,6410.385535,0.0
-50.0,50,6410.881162,0.0
-50.0,50,6411.385752,0.0
-50.0,50,6411.903198,0.0
-50.0,50,6412.397638,0.0
-50.0,50,6412.89418,0.0
-50.0,50,6413.397485,0.0
-50.0,50,6413.914786,0.0
0.0,50,6414.43008,1.0
0.0,50,6414.924553,1.0
-50.0,50,6415.411141,0.0
-50.0,50,6415.954589,0.0
-50.0,50,6416.453231,0.0
-50.0,50,6416.958068,0.0
-50.0,50,6417.458378,0.0
-50.0,50,6417.969182,0.0
-50.0,50,6418.469434,0.0
-50.0,50,6418.974178,0.0
-50.0,50,6419.484766,0.0
-50.0,50,6420.011481,0.0
-50.0,50,6420.519592,0.0
-50.0,50,6421.012993,0.0
-50.0,50,6421.512768,0.0
-50.0,50,6422.028317,0.0
-50.0,50,6422.530807,0.0
-50.0,50,6423.031626,0.0
-50.0,50,6423.514347,0.0
-50.0,50,6424.027618,0.0
-50.0,50,6424.535955,0.0
-50.0,50,6425.039248,0.0
-50.0,50,6425.536109,0.0
-50.0,50,6426.039641,0.0
-50.0,50,6426.525783,0.0
-50.0,50,6427.027341,0.0
-50.0,50,6427.528573,0.0
-50.0,50,6428.0575,0.0
-50.0,50,6428.558651,0.0
-50.0,50,6429.038796,0.0
-50.0,50,6429.536396,0.0
-50.0,50,6430.05363,0.0
-50.0,50,6430.566963,0.0
-50.0,50,6431.066793,0.0
-50.0,50,6431.547581,0.0
-50.0,50,6432.061887,0.0
-50.0,50,6432.56983,0.0
-50.0,50,6433.066342,0.0
-50.0,50,6433.569723,0.0
-50.0,50,6434.071506,0.0
-50.0,50,6434.572189,0.0
-50.0,50,6435.071022,0.0
-50.0,50,6435.569033,0.0
-50.0,50,6436.084104,0.0
-50.0,50,6436.569949,0.0
-50.0,50,6437.04745,0.0
0.0,50,6437.551708,1.0
-50.0,50,6438.071657,0.0
-50.0,50,6438.558596,0.0
-50.0,50,6439.041874,0.0
-50.0,50,6439.522474,0.0
-50.0,50,6440.0256,0.0
-50.0,50,6440.514997,0.0
-50.0,50,6441.011225,0.0
0.0,50,6441.513025,1.0
-50.0,50,6442.017254,0.0
-50.0,50,6442.507372,0.0
-50.0,50,6443.002705,0.0
-50.0,50,6443.491514,0.0
-50.0,50,6443.998246,0.0
-50.0,50,6444.487751,0.0
-50.0,50,6444.995241,0.0
-50.0,50,6445.492378,0.0
-50.0,50,6446.008808,0.0
-50.0,50,6446.522422,0.0
-50.0,50,6447.004193,0.0
-50.0,50,6447.520674,0.0
-50.0,50,6448.049931,0.0
-50.0,50,6448.559499,0.0
-50.0,50,6449.059744,0.0
-50.0,50,6449.548655,0.0
-50.0,50,6450.054885,0.0
-50.0,50,6450.566533,0.0
-50.0,50,6451.079992,0.0
-50.0,50,6451.580874,0.0
-50.0,50,6452.105935,0.0
-50.0,50,6452.588671,0.0
-50.0,50,6453.093643,0.0
-50.0,50,6453.60203,0.0
-50.0,50,6454.112864,0.0
-50.0,50,6454.637351,0.0
-50.0,50,6455.125197,0.0
-50.0,50,6455.621305,0.0
-50.0,50,6456.143033,0.0
-50.0,50,6456.649079,0.0
-50.0,50,6457.149138,0.0
-50.0,50,6457.651002,0.0
-50.0,50,6458.153058,0.0
-50.0,50,6458.660069,0.0
0.0,50,6459.174032,1.0
-50.0,50,6459.669134,0.0
-50.0,50,6460.189182,0.0
-50.0,50,6460.682582,0.0
-50.0,50,6461.197687,0.0
-50.0,50,6461.707856,0.0
-50.0,50,6462.227192,0.0
-50.0,50,6462.72753,0.0
-50.0,50,6463.228949,0.0
-50.0,50,6463.707203,0.0
-50.0,50,6464.227112,0.0
-50.0,50,6464.730822,0.0
-50.0,50,6465.230504,0.0
-50.0,50,6465.738805,0.0
-50.0,50,6466.228924,0.0
-50.0,50,6466.717426,0.0
0.0,50,6467.21522,1.0
-50.0,50,6467.7082,0.0
-50.0,50,6468.21074,0.0
-50.0,50,6468.681487,0.0
-50.0,50,6469.172647,0.0
-50.0,50,6469.657738,0.0
0.0,50,6470.19576,1.0
-50.0,50,6470.682335,0.0
-50.0,50,6471.151725,0.0
-50.0,50,6471.64175,0.0
-50.0,50,6472.152676,0.0
-50.0,50,6472.644149,0.0
-50.0,50,6473.149253,0.0
0.0,50,6473.639121,1.0
-50.0,50,6474.161854,0.0
-50.0,50,6474.652138,0.0
-50.0,50,6475.143757,0.0
-50.0,50,6475.645945,0.0
-50.0,50,6476.174221,0.0
-50.0,50,6476.660041,0.0
0.0,50,6477.166037,1.0
-50.0,50,6477.667475,0.0
-50.0,50,6478.179709,0.0
-50.0,50,6478.672126,0.0
0.0,50,6479.169418,1.0
-50.0,50,6479.670802,0.0
-50.0,50,6480.190477,0.0
-50.0,50,6480.696415,0.0
-50.0,50,6481.191028,0.0
-50.0,50,6481.678347,0.0
-50.0,50,6482.194055,0.0
-50.0,50,6482.690382,0.0
-50.0,50,6483.193732,0.0
-50.0,50,6483.695128,0.0
-50.0,50,6484.188793,0.0
0.0,50,6484.68198,1.0
-50.0,50,6485.189425,0.0
-50.0,50,6485.70085,0.0
-50.0,50,6486.220248,0.0
-50.0,50,6486.71366,0.0
-50.0,50,6487.206821,0.0
-50.0,50,6487.704388,0.0
-50.0,50,6488.238803,0.0
0.0,50,6488.743956,1.0
-50.0,50,6489.244355,0.0
-50.0,50,6489.729358,0.0
-50.0,50,6490.252256,0.0
-50.0,50,6490.751264,0.0
-50.0,50,6491.251145,0.0
0.0,50,6491.76323,1.0
-50.0,50,6492.277198,0.0
-50.0,50,6492.771071,0.0
-50.0,50,6493.271547,0.0
-50.0,50,6493.77405,0.0
-50.0,50,6494.292989,0.0
-50.0,50,6494.791592,0.0
-50.0,50,6495.280282,0.0
-50.0,50,6495.779999,0.0
-50.0,50,6496.295431,0.0
-50.0,50,6496.798742,0.0
-50.0,50,6497.299207,0.0
-50.0,50,6497.784636,0.0
-50.0,50,6498.29981,0.0
-50.0,50,6498.802595,0.0
-50.0,50,6499.300239,0.0
-50.0,50,6499.803252,0.0
-50.0,50,6500.309135,0.0
-50.0,50,6500.805797,0.0
-50.0,50,6501.310511,0.0
-50.0,50,6501.818418,0.0
-50.0,50,6502.348145,0.0
-50.0,50,6502.864313,0.0
-50.0,50,6503.336608,0.0
-50.0,50,6503.831853,0.0
-50.0,50,6504.339535,0.0
-50.0,50,6504.831259,0.0
-50.0,50,6505.327652,0.0
-50.0,50,6505.802488,0.0
-50.0,50,6508.550948,0.0
-50.0,50,6509.046925,0.0
-50.0,50,6509.524423,0.0
-50.0,50,6510.021222,0.0
-50.0,50,6510.533399,0.0
-50.0,50,6511.036218,0.0
-50.0,50,6511.530479,0.0
-50.0,50,6512.007718,0.0
-50.0,50,6512.522285,0.0
-50.0,50,6513.016158,0.0
0.0,50,6513.519275,1.0
-50.0,50,6514.010308,0.0
-50.0,50,6514.514433,0.0
-50.0,50,6515.010149,0.0
-50.0,50,6515.509263,0.0
-50.0,50,6516.009879,0.0
-50.0,50,6516.52747,0.0
-50.0,50,6517.010346,0.0
-50.0,50,6517.497801,0.0
0.0,50,6517.993289,1.0
-50.0,50,6518.500638,0.0
-50.0,50,6518.998795,0.0
-50.0,50,6519.490878,0.0
-50.0,50,6519.980222,0.0
-50.0,50,6520.497264,0.0
-50.0,50,6520.992696,0.0
-50.0,50,6521.488138,0.0
-50.0,50,6521.971201,0.0
-50.0,50,6522.478247,0.0
-50.0,50,6522.975425,0.0
-50.0,50,6523.470239,0.0
-50.0,50,6523.967742,0.0
-50.0,50,6524.478341,0.0
-50.0,50,6524.964562,0.0
-50.0,50,6525.464134,0.0
-50.0,50,6525.966598,0.0
-50.0,50,6526.486592,0.0
-50.0,50,6526.973954,0.0
-50.0,50,6527.458294,0.0
-50.0,50,6527.9507,0.0
-50.0,50,6528.461317,0.0
-50.0,50,6528.968692,0.0
-50.0,50,6529.478456,0.0
-50.0,50,6529.95683,0.0
-50.0,50,6530.470894,0.0
-50.0,50,6530.964056,0.0
-50.0,50,6531.461663,0.0
-50.0,50,6531.955742,0.0
-50.0,50,6532.455436,0.0
-50.0,50,6532.958879,0.0
-50.0,50,6533.456995,0.0
-50.0,50,6533.961125,0.0
-50.0,50,6534.479595,0.0
-50.0,50,6534.96268,0.0
-50.0,50,6535.461426,0.0
-50.0,50,6535.96011,0.0
-50.0,50,6536.467036,0.0
-50.0,50,6536.96467,0.0
-50.0,50,6537.4467,0.0
-50.0,50,6537.940746,0.0
-50.0,50,6538.49764,0.0
-50.0,50,6538.996069,0.0
-50.0,50,6539.48861,0.0
-50.0,50,6539.991049,0.0
-50.0,50,6540.489038,0.0
-50.0,50,6540.98599,0.0
-50.0,50,6541.488387,0.0
-50.0,50,6541.991707,0.0
-50.0,50,6542.51059,0.0
0.0,50,6543.001903,1.0
-50.0,50,6543.505846,0.0
-50.0,50,6544.007582,0.0
-50.0,50,6544.520247,0.0
-50.0,50,6545.016549,0.0
-50.0,50,6545.509507,0.0
-50.0,50,6546.002411,0.0
-50.0,50,6546.5205,0.0
-50.0,50,6547.012388,0.0
-50.0,50,6547.516956,0.0
-50.0,50,6548.002831,0.0
-50.0,50,6548.507052,0.0
-50.0,50,6549.004752,0.0
-50.0,50,6549.512715,0.0
-50.0,50,6550.012857,0.0
0.0,50,6550.536851,1.0
-50.0,50,6551.022013,0.0
-50.0,50,6551.524889,0.0
-50.0,50,6552.020879,0.0
-50.0,50,6552.555274,0.0
-50.0,50,6553.049997,0.0
-50.0,50,6553.537002,0.0
-50.0,50,6554.030677,0.0
-50.0,50,6554.569211,0.0
-50.0,50,6555.064169,0.0
-50.0,50,6555.559555,0.0
-50.0,50,6556.062287,0.0
-50.0,50,6556.598533,0.0
-50.0,50,6557.087945,0.0
-50.0,50,6557.588549,0.0
-50.0,50,6558.08229,0.0
-50.0,50,6558.599218,0.0
-50.0,50,6559.086373,0.0
-50.0,50,6559.57571,0.0
-50.0,50,6560.071451,0.0
-50.0,50,6560.591037,0.0
-50.0,50,6561.094379,0.0
-50.0,50,6561.596232,0.0
-50.0,50,6562.09903,0.0
-50.0,50,6562.62432,0.0
-50.0,50,6563.141435,0.0
-50.0,50,6563.646851,0.0
-50.0,50,6564.146009,0.0
-50.0,50,6564.651182,0.0
-50.0,50,6565.149819,0.0
-50.0,50,6565.656312,0.0
-50.0,50,6566.159611,0.0
-50.0,50,6566.681283,0.0
-50.0,50,6567.173475,0.0
-50.0,50,6567.683395,0.0
-50.0,50,6568.191471,0.0
-50.0,50,6568.700052,0.0
-50.0,50,6569.20126,0.0
-50.0,50,6569.698141,0.0
-50.0,50,6570.183196,0.0
-50.0,50,6570.707705,0.0
-50.0,50,6571.205392,0.0
-50.0,50,6571.699063,0.0
-50.0,50,6572.200792,0.0
-50.0,50,6572.728347,0.0
-50.0,50,6573.218407,0.0
-50.0,50,6573.72167,0.0
-50.0,50,6574.217624,0.0
-50.0,50,6574.735075,0.0
-50.0,50,6575.220842,0.0
-50.0,50,6575.717679,0.0
-50.0,50,6576.215543,0.0
-50.0,50,6576.734739,0.0
-50.0,50,6577.238767,0.0
-50.0,50,6577.74192,0.0
-50.0,50,6578.220452,0.0
-50.0,50,6578.732839,0.0
-50.0,50,6579.245072,0.0
-50.0,50,6579.746946,0.0
-50.0,50,6580.243046,0.0
-50.0,50,6580.756653,0.0
-50.0,50,6581.243655,0.0
-50.0,50,6581.743687,0.0
-50.0,50,6582.251935,0.0
-50.0,50,6582.778421,0.0
-50.0,50,6583.266756,0.0
-50.0,50,6583.757207,0.0
-50.0,50,6584.260639,0.0
-50.0,50,6584.771515,0.0
-50.0,50,6585.271606,0.0
-50.0,50,6585.768993,0.0
-50.0,50,6586.260083,0.0
-50.0,50,6586.783514,0.0
-50.0,50,6587.287774,0.0
-50.0,50,6587.791044,0.0
0.0,50,6588.299048,1.0
-50.0,50,6588.809191,0.0
-50.0,50,6589.306917,0.0
-50.0,50,6589.805427,0.0
-50.0,50,6590.301761,0.0
-50.0,50,6590.837877,0.0
-50.0,50,6591.353132,0.0
-50.0,50,6591.839372,0.0
-50.0,50,6592.34333,0.0
-50.0,50,6592.875618,0.0
-50.0,50,6593.37192,0.0
-50.0,50,6593.865871,0.0
-50.0,50,6594.349457,0.0
-50.0,50,6594.862209,0.0
0.0,50,6595.358836,1.0
-50.0,50,6595.851405,0.0
-50.0,50,6596.348842,0.0
-50.0,50,6596.853324,0.0
-50.0,50,6597.341948,0.0
-50.0,50,6597.841185,0.0
-50.0,50,6598.348494,0.0
-50.0,50,6598.895186,0.0
-50.0,50,6599.397356,0.0
-50.0,50,6599.88414,0.0
-50.0,50,6600.383663,0.0
-50.0,50,6600.925714,0.0
-50.0,50,6601.419116,0.0
-50.0,50,6601.91257,0.0
-50.0,50,6602.395627,0.0
-50.0,50,6602.925225,0.0
-50.0,50,6603.419207,0.0
-50.0,50,6603.921407,0.0
-50.0,50,6604.416566,0.0
-50.0,50,6604.930546,0.0
-50.0,50,6605.413268,0.0
-50.0,50,6605.906082,0.0
-50.0,50,6606.409116,0.0
-50.0,50,6606.925086,0.0
-50.0,50,6607.412471,0.0
-50.0,50,6607.905792,0.0
-50.0,50,6608.400289,0.0
-50.0,50,6611.19614,0.0
-50.0,50,6611.680941,0.0
-50.0,50,6612.17969,0.0
-50.0,50,6612.673244,0.0
-50.0,50,6613.192511,0.0
-50.0,50,6613.690505,0.0
-50.0,50,6614.173738,0.0
-50.0,50,6614.671003,0.0
-50.0,50,6615.205333,0.0
-50.0,50,6615.707328,0.0
-50.0,50,6616.214049,0.0
-50.0,50,6616.70286,0.0
-50.0,50,6617.221841,0.0
-50.0,50,6617.723772,0.0
-50.0,50,6618.216354,0.0
-50.0,50,6618.712903,0.0
0.0,50,6619.258851,1.0
-50.0,50,6619.749839,0.0
-50.0,50,6620.244233,0.0
-50.0,50,6620.746287,0.0
-50.0,50,6621.273717,0.0
-50.0,50,6621.768358,0.0
0.0,50,6622.265688,1.0
-50.0,50,6622.754416,0.0
-50.0,50,6623.282232,0.0
-50.0,50,6623.781151,0.0
-50.0,50,6624.28702,0.0
0.0,50,6624.806875,1.0
-50.0,50,6625.312519,0.0
-50.0,50,6625.805151,0.0
-50.0,50,6626.306833,0.0
-50.0,50,6626.809657,0.0
-50.0,50,6627.336099,0.0
-50.0,50,6627.822445,0.0
0.0,50,6628.326568,1.0
-50.0,50,6628.826973,0.0
-50.0,50,6629.36249,0.0
-50.0,50,6629.859806,0.0
-50.0,50,6630.362115,0.0
-50.0,50,6630.849792,0.0
0.0,50,6631.378728,1.0
-50.0,50,6631.88393,0.0
-50.0,50,6632.390569,0.0
-50.0,50,6632.886735,0.0
-50.0,50,6633.403722,0.0
-50.0,50,6633.908426,0.0
-50.0,50,6634.409503,0.0
-50.0,50,6634.913149,0.0
-50.0,50,6635.447025,0.0
-50.0,50,6635.937998,0.0
-50.0,50,6636.415698,0.0
-50.0,50,6636.909311,0.0
-50.0,50,6637.44868,0.0
-50.0,50,6637.949977,0.0
-50.0,50,6638.44569,0.0
-50.0,50,6638.922888,0.0
-50.0,50,6639.450716,0.0
-50.0,50,6639.950413,0.0
-50.0,50,6640.450696,0.0
-50.0,50,6640.952487,0.0
0.0,50,6641.47256,1.0
-50.0,50,6641.962681,0.0
-50.0,50,6642.461385,0.0
-50.0,50,6642.964436,0.0
-50.0,50,6643.488008,0.0
-50.0,50,6643.983195,0.0
-50.0,50,6644.466276,0.0
-50.0,50,6644.961343,0.0
-50.0,50,6645.474412,0.0
-50.0,50,6645.974283,0.0
-50.0,50,6646.46608,0.0
-50.0,50,6646.953729,0.0
-50.0,50,6647.499815,0.0
-50.0,50,6647.995657,0.0
-50.0,50,6648.498727,0.0
-50.0,50,6648.993712,0.0
-50.0,50,6649.506685,0.0
-50.0,50,6649.995056,0.0
-50.0,50,6650.498743,0.0
-50.0,50,6651.011257,0.0
-50.0,50,6651.544496,0.0
-50.0,50,6652.030541,0.0
-50.0,50,6652.516443,0.0
-50.0,50,6653.028471,0.0
-50.0,50,6653.546522,0.0
-50.0,50,6654.047462,0.0
-50.0,50,6654.548202,0.0
-50.0,50,6655.030504,0.0
-50.0,50,6655.565686,0.0
-50.0,50,6656.069271,0.0
-50.0,50,6656.573355,0.0
-50.0,50,6657.073633,0.0
-50.0,50,6657.601722,0.0
-50.0,50,6658.100561,0.0
-50.0,50,6658.601892,0.0
-50.0,50,6659.100111,0.0
-50.0,50,6659.630714,0.0
-50.0,50,6660.140723,0.0
-50.0,50,6660.633591,0.0
-50.0,50,6661.130725,0.0
-50.0,50,6661.654908,0.0
-50.0,50,6662.153147,0.0
-50.0,50,6662.653665,0.0
0.0,50,6663.14514,1.0
-50.0,50,6663.65879,0.0
-50.0,50,6664.15587,0.0
-50.0,50,6664.656712,0.0
-50.0,50,6665.149065,0.0
-50.0,50,6665.67296,0.0
-50.0,50,6666.162737,0.0
-50.0,50,6666.654673,0.0
-50.0,50,6667.147665,0.0
-50.0,50,6667.679668,0.0
-50.0,50,6668.183851,0.0
-50.0,50,6668.661252,0.0
-50.0,50,6669.165845,0.0
-50.0,50,6669.697526,0.0
-50.0,50,6670.19466,0.0
-50.0,50,6670.69392,0.0
-50.0,50,6671.191169,0.0
-50.0,50,6671.711909,0.0
-50.0,50,6672.216509,0.0
-50.0,50,6672.716223,0.0
-50.0,50,6673.218125,0.0
-50.0,50,6673.745839,0.0
-50.0,50,6674.239636,0.0
-50.0,50,6674.739189,0.0
0.0,50,6675.234591,1.0
-50.0,50,6675.758757,0.0
-50.0,50,6676.253913,0.0
-50.0,50,6676.734257,0.0
-50.0,50,6677.224823,0.0
-50.0,50,6677.755738,0.0
-50.0,50,6678.268303,0.0
-50.0,50,6678.760106,0.0
0.0,50,6679.256261,1.0
-50.0,50,6679.765916,0.0
-50.0,50,6680.275808,0.0
-50.0,50,6680.770598,0.0
-50.0,50,6681.27164,0.0
-50.0,50,6681.802763,0.0
-50.0,50,6682.286818,0.0
-50.0,50,6682.781544,0.0
-50.0,50,6683.296214,0.0
-50.0,50,6683.82977,0.0
-50.0,50,6684.319765,0.0
-50.0,50,6684.808668,0.0
-50.0,50,6685.299754,0.0
-50.0,50,6685.831728,0.0
-50.0,50,6686.324857,0.0
-50.0,50,6686.816003,0.0
-50.0,50,6687.304049,0.0
-50.0,50,6687.816267,0.0
-50.0,50,6688.309188,0.0
-38.0,50,6688.810035,0.0
-50.0,50,6689.305371,0.0
-50.0,50,6689.837276,0.0
-50.0,50,6690.321174,0.0
-50.0,50,6690.815021,0.0
-50.0,50,6691.307333,0.0
-50.0,50,6691.839307,0.0
-50.0,50,6692.333708,0.0
0.0,50,6692.810013,1.0
-50.0,50,6693.304481,0.0
-50.0,50,6693.844289,0.0
-50.0,50,6694.336929,0.0
-50.0,50,6694.834921,0.0
-50.0,50,6695.321929,0.0
-50.0,50,6695.854323,0.0
-50.0,50,6696.357618,0.0
-50.0,50,6696.856498,0.0
-50.0,50,6697.351542,0.0
-50.0,50,6697.880792,0.0
-50.0,50,6698.351999,0.0
-50.0,50,6698.839757,0.0
-50.0,50,6699.331349,0.0
0.0,50,6699.876012,1.0
-50.0,50,6700.376867,0.0
-50.0,50,6700.854956,0.0
-50.0,50,6701.349025,0.0
-50.0,50,6701.873463,0.0
-50.0,50,6702.372808,0.0
-50.0,50,6702.867953,0.0
-50.0,50,6703.334298,0.0
-50.0,50,6703.860008,0.0
-50.0,50,6704.349757,0.0
-50.0,50,6704.842569,0.0
-50.0,50,6705.341553,0.0
-50.0,50,6705.842075,0.0
-50.0,50,6706.335416,0.0
-50.0,50,6706.8383,0.0
-50.0,50,6707.337585,0.0
-50.0,50,6707.85508,0.0
-50.0,50,6708.335879,0.0
-50.0,50,6708.821677,0.0
-50.0,50,6709.315795,0.0
-50.0,50,6709.825513,0.0
-50.0,50,6710.323838,0.0
-50.0,50,6710.815142,0.0
-50.0,50,6711.313136,0.0
-50.0,50,6714.080446,0.0
-50.0,50,6714.576032,0.0
-50.0,50,6715.05294,0.0
-50.0,50,6715.546215,0.0
-50.0,50,6716.059689,0.0
-50.0,50,6716.556173,0.0
-50.0,50,6717.049314,0.0
-50.0,50,6717.531475,0.0
-50.0,50,6718.060625,0.0
-50.0,50,6718.553525,0.0
0.0,50,6719.051708,1.0
-50.0,50,6719.550844,0.0
-50.0,50,6720.051921,0.0
-50.0,50,6720.548414,0.0
-50.0,50,6721.072558,0.0
-50.0,50,6721.572577,0.0
-50.0,50,6722.090722,0.0
-50.0,50,6722.57341,0.0
-50.0,50,6723.06206,0.0
-50.0,50,6723.568457,0.0
-50.0,50,6724.095334,0.0
-50.0,50,6724.596445,0.0
-50.0,50,6725.083322,0.0
-50.0,50,6725.569788,0.0
-50.0,50,6726.112659,0.0
-50.0,50,6726.612686,0.0
-50.0,50,6727.107237,0.0
-50.0,50,6727.604267,0.0
-50.0,50,6728.100961,0.0
-50.0,50,6728.604219,0.0
-50.0,50,6729.100421,0.0
-50.0,50,6729.592068,0.0
-50.0,50,6730.110528,0.0
-50.0,50,6730.591757,0.0
-50.0,50,6731.081192,0.0
-50.0,50,6731.58314,0.0
-50.0,50,6732.101416,0.0
-50.0,50,6732.598368,0.0
-50.0,50,6733.089552,0.0
-50.0,50,6733.575498,0.0
-50.0,50,6734.086091,0.0
-50.0,50,6734.588518,0.0
-50.0,50,6735.091421,0.0
-50.0,50,6735.580567,0.0
-50.0,50,6736.095442,0.0
-50.0,50,6736.59242,0.0
-50.0,50,6737.093585,0.0
-50.0,50,6737.587138,0.0
-50.0,50,6738.099447,0.0
-50.0,50,6738.593726,0.0
-50.0,50,6739.096821,0.0
0.0,50,6739.612622,1.0
-50.0,50,6740.137585,0.0
-50.0,50,6740.650671,0.0
-50.0,50,6741.146434,0.0
-50.0,50,6741.644462,0.0
-50.0,50,6742.190826,0.0
-50.0,50,6742.702862,0.0
-50.0,50,6743.221729,0.0
-50.0,50,6743.729484,0.0
-50.0,50,6744.25012,0.0
-50.0,50,6744.744246,0.0
-50.0,50,6745.246082,0.0
-50.0,50,6745.754676,0.0
-50.0,50,6746.308573,0.0
-50.0,50,6746.825419,0.0
-50.0,50,6747.322138,0.0
-50.0,50,6747.833845,0.0
-50.0,50,6748.376706,0.0
0.0,50,6748.89867,1.0
-50.0,50,6749.411481,0.0
-50.0,50,6749.908648,0.0
-50.0,50,6750.408281,0.0
-50.0,50,6750.919945,0.0
-50.0,50,6751.431048,0.0
-50.0,50,6751.935017,0.0
-50.0,50,6752.459328,0.0
-50.0,50,6752.977719,0.0
-50.0,50,6753.466177,0.0
-50.0,50,6753.974468,0.0
-50.0,50,6754.484676,0.0
-50.0,50,6754.99211,0.0
0.0,50,6755.499974,1.0
-50.0,50,6755.97852,0.0
-50.0,50,6756.48676,0.0
-50.0,50,6756.983922,0.0
-50.0,50,6757.491834,0.0
-50.0,50,6757.999318,0.0
-50.0,50,6758.520154,0.0
-50.0,50,6759.002214,0.0
-50.0,50,6759.508946,0.0
-50.0,50,6760.02559,0.0
-50.0,50,6760.547999,0.0
-50.0,50,6761.051242,0.0
-50.0,50,6761.551413,0.0
-50.0,50,6762.047875,0.0
-50.0,50,6762.575164,0.0
-50.0,50,6763.098968,0.0
-50.0,50,6763.605696,0.0
-50.0,50,6764.092884,0.0
-50.0,50,6764.589168,0.0
-50.0,50,6765.090541,0.0
-50.0,50,6765.595341,0.0
-50.0,50,6766.101372,0.0
-50.0,50,6766.626854,0.0
-50.0,50,6767.108878,0.0
-50.0,50,6767.604958,0.0
-50.0,50,6768.100508,0.0
-50.0,50,6768.610608,0.0
-50.0,50,6769.104071,0.0
-50.0,50,6769.581562,0.0
-50.0,50,6770.078062,0.0
-50.0,50,6770.589742,0.0
-50.0,50,6771.079897,0.0
-50.0,50,6771.5745,0.0
-50.0,50,6772.05775,0.0
-50.0,50,6772.572973,0.0
-50.0,50,6773.071797,0.0
-50.0,50,6773.572781,0.0
-50.0,50,6774.066703,0.0
-50.0,50,6774.562589,0.0
-50.0,50,6775.046707,0.0
-50.0,50,6775.547104,0.0
-50.0,50,6776.046916,0.0
0.0,50,6776.561969,1.0
-50.0,50,6777.054195,0.0
-50.0,50,6777.536761,0.0
-50.0,50,6778.027037,0.0
-50.0,50,6778.546971,0.0
-50.0,50,6779.043086,0.0
-50.0,50,6779.523496,0.0
-50.0,50,6780.007677,0.0
-50.0,50,6780.521852,0.0
-50.0,50,6781.018305,0.0
0.0,50,6781.515881,1.0
-50.0,50,6781.994797,0.0
-50.0,50,6782.496026,0.0
-50.0,50,6782.988508,0.0
-50.0,50,6783.478403,0.0
-50.0,50,6783.969827,0.0
0.0,50,6784.47332,1.0
-50.0,50,6784.965404,0.0
-50.0,50,6785.458056,0.0
-50.0,50,6785.956785,0.0
-50.0,50,6786.462405,0.0
-50.0,50,6786.94049,0.0
-50.0,50,6787.42608,0.0
-50.0,50,6787.914286,0.0
-50.0,50,6788.422975,0.0
-50.0,50,6788.918718,0.0
-50.0,50,6789.394334,0.0
-50.0,50,6789.886171,0.0
-50.0,50,6790.390334,0.0
-50.0,50,6790.887169,0.0
-50.0,50,6791.385178,0.0
-50.0,50,6791.85499,0.0
-50.0,50,6792.363933,0.0
-50.0,50,6792.852393,0.0
-50.0,50,6793.341156,0.0
-50.0,50,6793.8393,0.0
-50.0,50,6794.328896,0.0
-50.0,50,6794.819824,0.0
-50.0,50,6795.30948,0.0
-50.0,50,6795.802839,0.0
-50.0,50,6796.305707,0.0
-50.0,50,6796.783428,0.0
-50.0,50,6797.280907,0.0
-50.0,50,6797.793194,0.0
-50.0,50,6798.325174,0.0
-50.0,50,6798.829175,0.0
-50.0,50,6799.304658,0.0
-50.0,50,6799.79334,0.0
-50.0,50,6800.303334,0.0
-50.0,50,6800.797686,0.0
-50.0,50,6801.29682,0.0
-50.0,50,6801.782153,0.0
-50.0,50,6802.289891,0.0
-50.0,50,6802.781992,0.0
-50.0,50,6803.277017,0.0
-50.0,50,6803.789586,0.0
-50.0,50,6804.308564,0.0
-50.0,50,6804.795635,0.0
-50.0,50,6805.297098,0.0
-50.0,50,6805.790688,0.0
-50.0,50,6806.315005,0.0
-50.0,50,6806.806677,0.0
-50.0,50,6807.292153,0.0
-50.0,50,6807.791024,0.0
-50.0,50,6808.295417,0.0
-50.0,50,6808.786935,0.0
-50.0,50,6809.271227,0.0
-50.0,50,6809.759413,0.0
-50.0,50,6810.260298,0.0
-50.0,50,6810.7597,0.0
-50.0,50,6811.25343,0.0
-50.0,50,6811.742955,0.0
-50.0,50,6812.247953,0.0
-50.0,50,6812.743464,0.0
-50.0,50,6813.241105,0.0
-50.0,50,6813.73515,0.0
-50.0,50,6816.517242,0.0
-50.0,50,6817.014068,0.0
-50.0,50,6817.503531,0.0
0.0,50,6818.002381,1.0
-50.0,50,6818.498192,0.0
-50.0,50,6818.979271,0.0
-50.0,50,6819.476328,0.0
-50.0,50,6819.963398,0.0
-50.0,50,6820.494739,0.0
-50.0,50,6820.978259,0.0
-50.0,50,6821.475671,0.0
0.0,50,6821.973838,1.0
-50.0,50,6822.476392,0.0
-50.0,50,6822.968151,0.0
-50.0,50,6823.440313,0.0
-50.0,50,6823.942577,0.0
-50.0,50,6824.446077,0.0
-50.0,50,6824.93829,0.0
-50.0,50,6825.439474,0.0
-50.0,50,6825.911349,0.0
-50.0,50,6826.422922,0.0
-50.0,50,6826.922683,0.0
-50.0,50,6827.422647,0.0
-50.0,50,6827.923188,0.0
-50.0,50,6828.421468,0.0
-50.0,50,6828.923122,0.0
-50.0,50,6829.42435,0.0
-50.0,50,6829.921071,0.0
-50.0,50,6830.426138,0.0
-50.0,50,6830.908947,0.0
0.0,50,6831.406984,1.0
-50.0,50,6831.912083,0.0
-50.0,50,6832.429888,0.0
-50.0,50,6832.945391,0.0
-50.0,50,6833.438279,0.0
-50.0,50,6833.931448,0.0
-50.0,50,6834.446824,0.0
-50.0,50,6834.940161,0.0
-50.0,50,6835.435835,0.0
-50.0,50,6835.92845,0.0
-50.0,50,6836.426378,0.0
-50.0,50,6836.936559,0.0
-50.0,50,6837.43891,0.0
-50.0,50,6837.941445,0.0
-50.0,50,6838.462298,0.0
-50.0,50,6838.952389,0.0
0.0,50,6839.454867,1.0
-50.0,50,6839.95349,0.0
-50.0,50,6840.474623,0.0
-50.0,50,6840.971903,0.0
-50.0,50,6841.455594,0.0
-50.0,50,6841.948457,0.0
-50.0,50,6842.459212,0.0
-50.0,50,6842.961557,0.0
-50.0,50,6843.466394,0.0
-50.0,50,6843.954918,0.0
-50.0,50,6844.462962,0.0
-50.0,50,6844.963916,0.0
-50.0,50,6845.458202,0.0
-50.0,50,6845.954641,0.0
-50.0,50,6846.463912,0.0
-50.0,50,6846.955669,0.0
-50.0,50,6847.450376,0.0
-50.0,50,6847.948548,0.0
-50.0,50,6848.468099,0.0
-50.0,50,6848.955858,0.0
-50.0,50,6849.437894,0.0
-50.0,50,6849.938585,0.0
-50.0,50,6850.448543,0.0
-50.0,50,6850.945896,0.0
-50.0,50,6851.450616,0.0
-50.0,50,6851.932774,0.0
-50.0,50,6852.454,0.0
-50.0,50,6852.952212,0.0
-50.0,50,6853.443487,0.0
-50.0,50,6853.954825,0.0
-50.0,50,6854.456198,0.0
-50.0,50,6854.949211,0.0
-50.0,50,6855.459521,0.0
-50.0,50,6855.976018,0.0
-50.0,50,6856.494236,0.0
-50.0,50,6856.983887,0.0
-50.0,50,6857.472702,0.0
-50.0,50,6857.968311,0.0
-50.0,50,6858.47882,0.0
-50.0,50,6858.993542,0.0
-50.0,50,6859.498264,0.0
-50.0,50,6859.987239,0.0
-50.0,50,6860.506133,0.0
-50.0,50,6861.011834,0.0
-50.0,50,6861.512352,0.0
-50.0,50,6862.014108,0.0
-50.0,50,6862.535458,0.0
-50.0,50,6863.046321,0.0
0.0,50,6863.559736,1.0
-50.0,50,6864.066913,0.0
-50.0,50,6864.578555,0.0
-50.0,50,6865.077702,0.0
-50.0,50,6865.557495,0.0
-50.0,50,6866.050602,0.0
-50.0,50,6866.564361,0.0
0.0,50,6867.07333,1.0
-50.0,50,6867.576666,0.0
-50.0,50,6868.076457,0.0
-50.0,50,6868.583255,0.0
0.0,50,6869.09709,1.0
-50.0,50,6869.590278,0.0
-50.0,50,6870.088275,0.0
-50.0,50,6870.586261,0.0
-50.0,50,6871.077036,0.0
-50.0,50,6871.575772,0.0
-50.0,50,6872.071299,0.0
-50.0,50,6872.58256,0.0
-50.0,50,6873.084167,0.0
-50.0,50,6873.573057,0.0
-50.0,50,6874.064641,0.0
-50.0,50,6874.587197,0.0
-50.0,50,6875.087904,0.0
-50.0,50,6875.581876,0.0
-50.0,50,6876.068322,0.0
-50.0,50,6876.582546,0.0
-50.0,50,6877.078747,0.0
-50.0,50,6877.582946,0.0
-50.0,50,6878.078145,0.0
-50.0,50,6878.58014,0.0
-50.0,50,6879.07369,0.0
-50.0,50,6879.5745,0.0
-50.0,50,6880.089461,0.0
-50.0,50,6880.601285,0.0
-50.0,50,6881.09763,0.0
-50.0,50,6881.589469,0.0
-50.0,50,6882.101085,0.0
0.0,50,6882.633205,1.0
-50.0,50,6883.138846,0.0
0.0,50,6883.639321,1.0
-50.0,50,6884.124696,0.0
-50.0,50,6884.651332,0.0
-50.0,50,6885.147064,0.0
-50.0,50,6885.640529,0.0
0.0,50,6886.140765,1.0
-50.0,50,6886.6531,0.0
-50.0,50,6887.157944,0.0
-50.0,50,6887.662127,0.0
-50.0,50,6888.16155,0.0
-50.0,50,6888.690521,0.0
-50.0,50,6889.213432,0.0
-50.0,50,6889.696122,0.0
-50.0,50,6890.200845,0.0
-50.0,50,6890.73687,0.0
-50.0,50,6891.238213,0.0
-50.0,50,6891.742865,0.0
-50.0,50,6892.239739,0.0
-50.0,50,6892.756058,0.0
-50.0,50,6893.270946,0.0
-50.0,50,6893.778137,0.0
-50.0,50,6894.285475,0.0
-50.0,50,6894.805606,0.0
-50.0,50,6895.293365,0.0
-50.0,50,6895.799539,0.0
-50.0,50,6896.313978,0.0
-50.0,50,6896.828828,0.0
-50.0,50,6897.343157,0.0
-50.0,50,6897.854902,0.0
-50.0,50,6898.347109,0.0
-50.0,50,6898.883647,0.0
-50.0,50,6899.400553,0.0
-50.0,50,6899.906431,0.0
-50.0,50,6900.407384,0.0
0.0,50,6900.914425,1.0
-50.0,50,6901.412481,0.0
-50.0,50,6901.925241,0.0
0.0,50,6902.42941,1.0
-50.0,50,6902.955965,0.0
-50.0,50,6903.466474,0.0
-50.0,50,6903.966341,0.0
-50.0,50,6904.477091,0.0
-50.0,50,6904.991806,0.0
-50.0,50,6905.491595,0.0
-50.0,50,6905.984059,0.0
-50.0,50,6906.481192,0.0
-50.0,50,6906.990202,0.0
-50.0,50,6907.484019,0.0
0.0,50,6907.993267,1.0
-50.0,50,6908.487451,0.0
-50.0,50,6908.989539,0.0
-50.0,50,6909.482432,0.0
0.0,50,6909.976251,1.0
0.0,50,6910.467168,1.0
-50.0,50,6910.974224,0.0
-50.0,50,6911.454004,0.0
-50.0,50,6911.934967,0.0
0.0,50,6912.431756,1.0
-50.0,50,6912.9325,0.0
-50.0,50,6913.437019,0.0
-50.0,50,6913.915925,0.0
-50.0,50,6914.404089,0.0
-50.0,50,6914.915742,0.0
-50.0,50,6915.407153,0.0
-50.0,50,6915.907881,0.0
-50.0,50,6916.38834,0.0
-50.0,50,6919.193221,0.0
-50.0,50,6919.684135,0.0
-50.0,50,6920.178177,0.0
-50.0,50,6920.65514,0.0
-50.0,50,6921.156259,0.0
-50.0,50,6921.643833,0.0
-50.0,50,6922.137228,0.0
-50.0,50,6922.619915,0.0
-50.0,50,6923.136186,0.0
-50.0,50,6923.651703,0.0
-50.0,50,6924.163435,0.0
-50.0,50,6924.675464,0.0
-50.0,50,6925.197268,0.0
-50.0,50,6925.705796,0.0
-50.0,50,6926.20846,0.0
-50.0,50,6926.71584,0.0
-50.0,50,6927.237336,0.0
-50.0,50,6927.740042,0.0
-50.0,50,6928.251305,0.0
-50.0,50,6928.739242,0.0
-50.0,50,6929.263288,0.0
-50.0,50,6929.781785,0.0
-50.0,50,6930.313861,0.0
0.0,50,6930.828949,1.0
0.0,50,6931.368913,1.0
-50.0,50,6931.877679,0.0
-50.0,50,6932.377838,0.0
-50.0,50,6932.885032,0.0
-50.0,50,6933.400984,0.0
-50.0,50,6933.912579,0.0
-50.0,50,6934.425772,0.0
-50.0,50,6934.937625,0.0
-50.0,50,6935.456122,0.0
-50.0,50,6935.977658,0.0
-50.0,50,6936.492401,0.0
-50.0,50,6937.003461,0.0
-50.0,50,6937.533006,0.0
-50.0,50,6938.026434,0.0
-50.0,50,6938.533505,0.0
-50.0,50,6939.04141,0.0
-50.0,50,6939.551947,0.0
-50.0,50,6940.063243,0.0
0.0,50,6940.553156,1.0
-50.0,50,6941.045916,0.0
-50.0,50,6941.565295,0.0
-50.0,50,6942.069108,0.0
-50.0,50,6942.565433,0.0
-50.0,50,6943.053002,0.0
-50.0,50,6943.543415,0.0
-50.0,50,6944.042768,0.0
-50.0,50,6944.546382,0.0
-50.0,50,6945.045713,0.0
-50.0,50,6945.555242,0.0
-50.0,50,6946.025307,0.0
-50.0,50,6946.514743,0.0
-50.0,50,6947.008036,0.0
-50.0,50,6947.515482,0.0
-50.0,50,6948.003346,0.0
-50.0,50,6948.494164,0.0
-50.0,50,6948.994401,0.0
-50.0,50,6949.499705,0.0
-50.0,50,6949.995554,0.0
-50.0,50,6950.492341,0.0
-50.0,50,6950.977031,0.0
-50.0,50,6951.492111,0.0
-50.0,50,6951.9919,0.0
-50.0,50,6952.487276,0.0
-50.0,50,6952.994115,0.0
-50.0,50,6953.500236,0.0
-50.0,50,6954.00085,0.0
-50.0,50,6954.545629,0.0
-50.0,50,6955.033404,0.0
-50.0,50,6955.535759,0.0
-50.0,50,6956.032809,0.0
0.0,50,6956.572747,1.0
-50.0,50,6957.103014,0.0
-50.0,50,6957.636214,0.0
-50.0,50,6958.133278,0.0
-50.0,50,6958.640618,0.0
-50.0,50,6959.122316,0.0
-50.0,50,6959.631175,0.0
-50.0,50,6960.113878,0.0
-50.0,50,6960.603231,0.0
-50.0,50,6961.093894,0.0
0.0,50,6961.622291,1.0
-50.0,50,6962.106818,0.0
-50.0,50,6962.600697,0.0
-50.0,50,6963.084363,0.0
-50.0,50,6963.582749,0.0
-50.0,50,6964.067707,0.0
-50.0,50,6964.559856,0.0
-50.0,50,6965.03666,0.0
-50.0,50,6965.532154,0.0
0.0,50,6966.033868,1.0
-50.0,50,6966.535325,0.0
-50.0,50,6967.028556,0.0
-50.0,50,6967.546742,0.0
-50.0,50,6968.048154,0.0
-50.0,50,6968.565071,0.0
-50.0,50,6969.07444,0.0
-50.0,50,6969.596122,0.0
-50.0,50,6970.107536,0.0
-50.0,50,6970.599922,0.0
-50.0,50,6971.101603,0.0
-50.0,50,6971.627515,0.0
-50.0,50,6972.148503,0.0
-50.0,50,6972.658467,0.0
-50.0,50,6973.17517,0.0
0.0,50,6973.701361,1.0
-50.0,50,6974.199052,0.0
-50.0,50,6974.71273,0.0
-50.0,50,6975.231717,0.0
-50.0,50,6975.760609,0.0
-50.0,50,6976.279139,0.0
-50.0,50,6976.790117,0.0
-50.0,50,6977.29962,0.0
-50.0,50,6977.86332,0.0
-46.0,50,6978.375042,0.0
-50.0,50,6978.88211,0.0
-50.0,50,6979.397414,0.0
-50.0,50,6979.947189,0.0
-50.0,50,6980.445352,0.0
-50.0,50,6980.957596,0.0
0.0,50,6981.503318,1.0
-50.0,50,6982.063514,0.0
-50.0,50,6982.582983,0.0
-50.0,50,6983.098784,0.0
0.0,50,6983.579188,1.0
-50.0,50,6984.122746,0.0
-50.0,50,6984.62626,0.0
-50.0,50,6985.128584,0.0
0.0,50,6985.64129,1.0
0.0,50,6986.185054,1.0
0.0,50,6986.672655,1.0
-50.0,50,6987.176792,0.0
-50.0,50,6987.696874,0.0
-50.0,50,6988.233012,0.0
-50.0,50,6988.731863,0.0
-50.0,50,6989.223614,0.0
-50.0,50,6989.710525,0.0
-50.0,50,6990.244168,0.0
-50.0,50,6990.744668,0.0
-50.0,50,6991.239929,0.0
-50.0,50,6991.726221,0.0
-50.0,50,6992.228812,0.0
-50.0,50,6992.724015,0.0
-50.0,50,6993.221217,0.0
0.0,50,6993.729932,1.0
-50.0,50,6994.264017,0.0
-50.0,50,6994.742922,0.0
-50.0,50,6995.236333,0.0
-50.0,50,6995.747074,0.0
-50.0,50,6996.291619,0.0
-50.0,50,6996.796151,0.0
-50.0,50,6997.288407,0.0
-50.0,50,6997.774691,0.0
-50.0,50,6998.316468,0.0
-50.0,50,6998.818029,0.0
-50.0,50,6999.319129,0.0
0.0,50,6999.819922,1.0
-50.0,50,7000.335454,0.0
-50.0,50,7000.830169,0.0
-50.0,50,7001.337878,0.0
-50.0,50,7001.831881,0.0
-50.0,50,7002.359917,0.0
-50.0,50,7002.859977,0.0
-50.0,50,7003.345795,0.0
-50.0,50,7003.837284,0.0
-50.0,50,7004.380304,0.0
-50.0,50,7004.885581,0.0
-50.0,50,7005.383635,0.0
-50.0,50,7005.873158,0.0
-50.0,50,7006.401032,0.0
-50.0,50,7006.898565,0.0
-50.0,50,7007.405541,0.0
-50.0,50,7007.89926,0.0
-50.0,50,7008.426322,0.0
-50.0,50,7008.909734,0.0
0.0,50,7009.398392,1.0
-50.0,50,7009.890456,0.0
-50.0,50,7010.428579,0.0
-50.0,50,7010.92841,0.0
-50.0,50,7011.41594,0.0
-50.0,50,7011.917071,0.0
-50.0,50,7012.469568,0.0
-50.0,50,7012.988338,0.0
-50.0,50,7013.508429,0.0
-50.0,50,7014.009168,0.0
-50.0,50,7014.541955,0.0
-50.0,50,7015.064281,0.0
-50.0,50,7015.583375,0.0
-50.0,50,7016.096416,0.0
-50.0,50,7016.640539,0.0
0.0,50,7017.165215,1.0
-50.0,50,7017.662065,0.0
-50.0,50,7018.165226,0.0
-50.0,50,7018.712627,0.0
-50.0,50,7019.224072,0.0
-50.0,50,7019.738021,0.0
-50.0,50,7020.243309,0.0
-50.0,50,7023.167122,0.0
-50.0,50,7023.670768,0.0
-50.0,50,7024.186048,0.0
-50.0,50,7024.687331,0.0
-50.0,50,7025.231235,0.0
-50.0,50,7025.73932,0.0
-50.0,50,7026.24421,0.0
-50.0,50,7026.751426,0.0
-50.0,50,7027.298421,0.0
-50.0,50,7027.810261,0.0
0.0,50,7028.329484,1.0
-50.0,50,7028.82922,0.0
-50.0,50,7029.354172,0.0
-50.0,50,7029.868452,0.0
-50.0,50,7030.372541,0.0
-50.0,50,7030.885685,0.0
-50.0,50,7031.430785,0.0
-50.0,50,7031.930617,0.0
-50.0,50,7032.429007,0.0
0.0,50,7032.93461,1.0
-50.0,50,7033.477317,0.0
-50.0,50,7033.989394,0.0
-50.0,50,7034.497322,0.0
-50.0,50,7034.98625,0.0
-50.0,50,7035.516381,0.0
0.0,50,7036.022257,1.0
-50.0,50,7036.53821,0.0
-50.0,50,7037.036901,0.0
-50.0,50,7037.587009,0.0
-50.0,50,7038.083077,0.0
-50.0,50,7038.581434,0.0
-50.0,50,7039.09208,0.0
-50.0,50,7039.639216,0.0
-50.0,50,7040.14829,0.0
-50.0,50,7040.648288,0.0
-50.0,50,7041.142817,0.0
-50.0,50,7041.669253,0.0
-50.0,50,7042.170324,0.0
-50.0,50,7042.678571,0.0
-50.0,50,7043.192668,0.0
-50.0,50,7043.729805,0.0
-50.0,50,7044.231609,0.0
-50.0,50,7044.758071,0.0
-50.0,50,7045.278383,0.0
0.0,50,7045.815884,1.0
-50.0,50,7046.336655,0.0
-50.0,50,7046.856528,0.0
-50.0,50,7047.352683,0.0
-50.0,50,7047.884115,0.0
-50.0,50,7048.389933,0.0
-50.0,50,7048.880968,0.0
0.0,50,7049.400347,1.0
-50.0,50,7049.932904,0.0
-50.0,50,7050.415856,0.0
-50.0,50,7050.917838,0.0
-50.0,50,7051.425063,0.0
-50.0,50,7051.964948,0.0
-50.0,50,7052.477499,0.0
-50.0,50,7052.966801,0.0
-50.0,50,7053.457359,0.0
-50.0,50,7053.985663,0.0
-50.0,50,7054.492441,0.0
-50.0,50,7054.994386,0.0
-50.0,50,7055.485374,0.0
-50.0,50,7055.998142,0.0
-50.0,50,7056.499738,0.0
0.0,50,7057.005911,1.0
-50.0,50,7057.50851,0.0
-50.0,50,7058.036584,0.0
-50.0,50,7058.51126,0.0
-50.0,50,7059.018448,0.0
-50.0,50,7059.528308,0.0
-50.0,50,7060.071665,0.0
-50.0,50,7060.577317,0.0
-50.0,50,7061.087933,0.0
0.0,50,7061.574061,1.0
-50.0,50,7062.090846,0.0
-50.0,50,7062.594186,0.0
-50.0,50,7063.084613,0.0
-50.0,50,7063.593401,0.0
-50.0,50,7064.109761,0.0
-50.0,50,7064.607706,0.0
-50.0,50,7065.106731,0.0
-50.0,50,7065.601591,0.0
-50.0,50,7066.136235,0.0
-50.0,50,7066.626379,0.0
-50.0,50,7067.114067,0.0
-50.0,50,7067.61597,0.0
-50.0,50,7068.136505,0.0
-50.0,50,7068.647273,0.0
-50.0,50,7069.142622,0.0
-50.0,50,7069.618461,0.0
-50.0,50,7070.139656,0.0
-50.0,50,7070.64159,0.0
-50.0,50,7071.148055,0.0
-50.0,50,7071.647208,0.0
-50.0,50,7072.162156,0.0
-50.0,50,7072.650932,0.0
-50.0,50,7073.161112,0.0
-50.0,50,7073.663334,0.0
0.0,50,7074.187658,1.0
-50.0,50,7074.668765,0.0
-50.0,50,7075.147892,0.0
-50.0,50,7075.640678,0.0
-50.0,50,7076.162116,0.0
-50.0,50,7076.652417,0.0
-50.0,50,7077.131847,0.0
-50.0,50,7077.614037,0.0
-50.0,50,7078.140304,0.0
-50.0,50,7078.643275,0.0
-50.0,50,7079.129022,0.0
-50.0,50,7079.603522,0.0
-50.0,50,7080.119011,0.0
-50.0,50,7080.602417,0.0
-50.0,50,7081.084925,0.0
-50.0,50,7081.570666,0.0
-50.0,50,7082.065593,0.0
0.0,50,7082.553951,1.0
-50.0,50,7083.03848,0.0
-50.0,50,7083.522964,0.0
-50.0,50,7084.029672,0.0
0.0,50,7084.506258,1.0
0.0,50,7085.000177,1.0
-50.0,50,7085.488732,0.0
-50.0,50,7086.006341,0.0
-50.0,50,7086.490696,0.0
-50.0,50,7086.96652,0.0
-50.0,50,7087.452617,0.0
-50.0,50,7087.980769,0.0
-50.0,50,7088.474868,0.0
-50.0,50,7088.969332,0.0
-50.0,50,7089.436862,0.0
-50.0,50,7089.953159,0.0
-50.0,50,7090.437166,0.0
-50.0,50,7090.928137,0.0
-50.0,50,7091.415258,0.0
-50.0,50,7091.913497,0.0
-50.0,50,7092.409715,0.0
-50.0,50,7092.899947,0.0
-50.0,50,7093.394673,0.0
-50.0,50,7093.897053,0.0
-50.0,50,7094.368207,0.0
-50.0,50,7094.8565,0.0
-50.0,50,7095.352405,0.0
-50.0,50,7095.858742,0.0
-50.0,50,7096.333045,0.0
-50.0,50,7096.806068,0.0
-50.0,50,7097.291722,0.0
-50.0,50,7097.809198,0.0
-50.0,50,7098.304427,0.0
0.0,50,7098.788836,1.0
-50.0,50,7099.277388,0.0
-50.0,50,7099.785189,0.0
-50.0,50,7100.279465,0.0
-50.0,50,7100.767251,0.0
-50.0,50,7101.240804,0.0
-50.0,50,7101.753522,0.0
-50.0,50,7102.243666,0.0
-50.0,50,7102.73984,0.0
-50.0,50,7103.252322,0.0
-50.0,50,7103.760252,0.0
-50.0,50,7104.248249,0.0
-50.0,50,7104.754792,0.0
-50.0,50,7105.259996,0.0
-50.0,50,7105.776225,0.0
-50.0,50,7106.266968,0.0
-50.0,50,7106.756008,0.0
-50.0,50,7107.251898,0.0
-50.0,50,7107.76505,0.0
-50.0,50,7108.264838,0.0
-50.0,50,7108.763118,0.0
-50.0,50,7109.241724,0.0
-50.0,50,7109.776252,0.0
-50.0,50,7110.278911,0.0
-50.0,50,7110.783853,0.0
-50.0,50,7111.27887,0.0
-50.0,50,7111.80514,0.0
-50.0,50,7112.299564,0.0
-50.0,50,7112.80136,0.0
-50.0,50,7113.296143,0.0
-50.0,50,7113.817427,0.0
-50.0,50,7114.302553,0.0
-50.0,50,7114.786229,0.0
0.0,50,7115.295185,1.0
-50.0,50,7115.824009,0.0
-50.0,50,7116.329668,0.0
-50.0,50,7116.82494,0.0
-50.0,50,7117.301816,0.0
-50.0,50,7117.81173,0.0
-50.0,50,7118.306348,0.0
-50.0,50,7118.806606,0.0
-50.0,50,7119.30294,0.0
-50.0,50,7119.81326,0.0
-50.0,50,7120.303813,0.0
-50.0,50,7120.81134,0.0
-50.0,50,7121.305086,0.0
0.0,50,7121.813988,1.0
-50.0,50,7122.302349,0.0
-50.0,50,7122.792077,0.0
-50.0,50,7123.286785,0.0
-50.0,50,7126.025466,0.0
-50.0,50,7126.520838,0.0
-50.0,50,7127.023148,0.0
0.0,50,7127.5222,1.0
-50.0,50,7128.030856,0.0
-50.0,50,7128.515084,0.0
-50.0,50,7129.001912,0.0
-50.0,50,7129.502634,0.0
-50.0,50,7130.031645,0.0
0.0,50,7130.534032,1.0
0.0,50,7131.024882,1.0
-50.0,50,7131.502984,0.0
-50.0,50,7132.024452,0.0
-50.0,50,7132.529083,0.0
-50.0,50,7133.042117,0.0
-50.0,50,7133.543352,0.0
-50.0,50,7134.039226,0.0
-50.0,50,7134.540152,0.0
0.0,50,7135.053483,1.0
-50.0,50,7135.55742,0.0
-50.0,50,7136.073728,0.0
-50.0,50,7136.572697,0.0
-50.0,50,7137.066487,0.0
0.0,50,7137.566085,1.0
-50.0,50,7138.088509,0.0
-50.0,50,7138.589531,0.0
-50.0,50,7139.088749,0.0
-50.0,50,7139.578087,0.0
-50.0,50,7140.091563,0.0
-50.0,50,7140.594435,0.0
-50.0,50,7141.093565,0.0
-50.0,50,7141.600515,0.0
-50.0,50,7142.091612,0.0
-50.0,50,7142.586125,0.0
-50.0,50,7143.081033,0.0
-50.0,50,7143.578824,0.0
-50.0,50,7144.086299,0.0
-50.0,50,7144.571307,0.0
-50.0,50,7145.067353,0.0
-50.0,50,7145.565711,0.0
-50.0,50,7146.082132,0.0
-50.0,50,7146.587028,0.0
-50.0,50,7147.078537,0.0
-50.0,50,7147.577441,0.0
0.0,50,7148.099475,1.0
-50.0,50,7148.598756,0.0
-50.0,50,7149.100575,0.0
-50.0,50,7149.597753,0.0
-50.0,50,7150.097401,0.0
-50.0,50,7150.601485,0.0
-50.0,50,7151.101976,0.0
-50.0,50,7151.594271,0.0
0.0,50,7152.116712,1.0
-50.0,50,7152.595359,0.0
-50.0,50,7153.090712,0.0
-50.0,50,7153.599641,0.0
-50.0,50,7154.11045,0.0
-50.0,50,7154.612239,0.0
-50.0,50,7155.100946,0.0
-50.0,50,7155.598236,0.0
-50.0,50,7156.129833,0.0
-50.0,50,7156.628308,0.0
-50.0,50,7157.132404,0.0
-50.0,50,7157.625662,0.0
-50.0,50,7158.131132,0.0
-50.0,50,7158.634681,0.0
-50.0,50,7159.13542,0.0
-50.0,50,7159.642934,0.0
-50.0,50,7160.172625,0.0
0.0,50,7160.672881,1.0
-50.0,50,7161.173018,0.0
-50.0,50,7161.679986,0.0
-50.0,50,7162.209104,0.0
-50.0,50,7162.713876,0.0
-50.0,50,7163.229943,0.0
-50.0,50,7163.723321,0.0
-50.0,50,7164.240724,0.0
-50.0,50,7164.756435,0.0
-50.0,50,7165.261009,0.0
-50.0,50,7165.764975,0.0
-50.0,50,7166.274083,0.0
-50.0,50,7166.774746,0.0
-50.0,50,7167.28254,0.0
-50.0,50,7167.790737,0.0
-50.0,50,7168.318267,0.0
-50.0,50,7168.826064,0.0
-50.0,50,7169.322067,0.0
-50.0,50,7169.831796,0.0
-50.0,50,7170.363827,0.0
-50.0,50,7170.879655,0.0
-50.0,50,7171.396424,0.0
-50.0,50,7171.901923,0.0
-50.0,50,7172.418801,0.0
-50.0,50,7172.921649,0.0
-50.0,50,7173.432181,0.0
-50.0,50,7173.937744,0.0
-50.0,50,7174.467622,0.0
-50.0,50,7174.983895,0.0
-50.0,50,7175.481004,0.0
-50.0,50,7175.99086,0.0
-50.0,50,7176.516118,0.0
-50.0,50,7177.031639,0.0
-50.0,50,7177.543028,0.0
-50.0,50,7178.040295,0.0
-50.0,50,7178.566876,0.0
-50.0,50,7179.071625,0.0
-50.0,50,7179.575438,0.0
-50.0,50,7180.081893,0.0
-50.0,50,7180.606805,0.0
-50.0,50,7181.103181,0.0
-50.0,50,7181.607355,0.0
-50.0,50,7182.109705,0.0
0.0,50,7182.63723,1.0
-50.0,50,7183.144642,0.0
-50.0,50,7183.654544,0.0
-50.0,50,7184.150991,0.0
0.0,50,7184.6905,1.0
-50.0,50,7185.206998,0.0
-50.0,50,7185.717807,0.0
-50.0,50,7186.225792,0.0
-50.0,50,7186.745224,0.0
-50.0,50,7187.240872,0.0
-50.0,50,7187.745771,0.0
-50.0,50,7188.249632,0.0
-50.0,50,7188.773192,0.0
-50.0,50,7189.275256,0.0
-50.0,50,7189.759862,0.0
-50.0,50,7190.261481,0.0
-50.0,50,7190.784797,0.0
-50.0,50,7191.300523,0.0
-50.0,50,7191.807262,0.0
-50.0,50,7192.300653,0.0
-50.0,50,7192.822931,0.0
-50.0,50,7193.327866,0.0
-50.0,50,7193.820713,0.0
-50.0,50,7194.319239,0.0
-50.0,50,7194.839223,0.0
-50.0,50,7195.319686,0.0
-50.0,50,7195.823,0.0
-50.0,50,7196.321746,0.0
-50.0,50,7196.836629,0.0
-50.0,50,7197.339002,0.0
-50.0,50,7197.823944,0.0
-50.0,50,7198.328522,0.0
-50.0,50,7198.852902,0.0
-50.0,50,7199.349459,0.0
0.0,50,7199.841605,1.0
-50.0,50,7200.324723,0.0
-50.0,50,7200.827788,0.0
-50.0,50,7201.334061,0.0
-50.0,50,7201.840176,0.0
-50.0,50,7202.335947,0.0
-50.0,50,7202.853488,0.0
-50.0,50,7203.341664,0.0
-50.0,50,7203.834157,0.0
-50.0,50,7204.326535,0.0
0.0,50,7204.855363,1.0
-50.0,50,7205.349254,0.0
-50.0,50,7205.834841,0.0
-50.0,50,7206.341949,0.0
-50.0,50,7206.861038,0.0
-50.0,50,7207.355784,0.0
-50.0,50,7207.854179,0.0
-50.0,50,7208.331506,0.0
-50.0,50,7208.845164,0.0
-50.0,50,7209.353916,0.0
-50.0,50,7209.862554,0.0
-50.0,50,7210.361579,0.0
-50.0,50,7210.888032,0.0
-50.0,50,7211.388204,0.0
-50.0,50,7211.893652,0.0
-50.0,50,7212.405875,0.0
-50.0,50,7212.922847,0.0
-50.0,50,7213.435877,0.0
-50.0,50,7213.922517,0.0
-50.0,50,7214.420742,0.0
0.0,50,7214.947873,1.0
-50.0,50,7215.447831,0.0
-50.0,50,7215.953493,0.0
-50.0,50,7216.453669,0.0
-50.0,50,7216.962438,0.0
-50.0,50,7217.47827,0.0
-50.0,50,7217.97943,0.0
-50.0,50,7218.482449,0.0
-50.0,50,7219.002377,0.0
-50.0,50,7219.489805,0.0
-50.0,50,7220.002999,0.0
-50.0,50,7220.511462,0.0
-50.0,50,7221.032453,0.0
-50.0,50,7221.534935,0.0
-50.0,50,7222.027063,0.0
-50.0,50,7222.529241,0.0
-50.0,50,7223.055058,0.0
-50.0,50,7223.557249,0.0
-50.0,50,7224.07266,0.0
-50.0,50,7224.586268,0.0
-50.0,50,7225.145991,0.0
-50.0,50,7225.63664,0.0
-50.0,50,7226.145992,0.0
-50.0,50,7226.652054,0.0
-50.0,50,7229.492646,0.0
-50.0,50,7229.991935,0.0
-50.0,50,7230.506405,0.0
-38.0,50,7231.014399,0.0
-50.0,50,7231.535055,0.0
0.0,50,7232.04547,1.0
-50.0,50,7232.532778,0.0
-50.0,50,7233.039281,0.0
-50.0,50,7233.559941,0.0
-50.0,50,7234.069271,0.0
-50.0,50,7234.577736,0.0
-50.0,50,7235.08256,0.0
-50.0,50,7235.584359,0.0
-50.0,50,7236.096636,0.0
-50.0,50,7236.596,0.0
-50.0,50,7237.101117,0.0
-50.0,50,7237.633545,0.0
-50.0,50,7238.132181,0.0
-50.0,50,7238.648318,0.0
-50.0,50,7239.161239,0.0
-50.0,50,7239.683009,0.0
-50.0,50,7240.189346,0.0
-50.0,50,7240.701223,0.0
-50.0,50,7241.203978,0.0
-50.0,50,7241.71959,0.0
-50.0,50,7242.225416,0.0
-50.0,50,7242.729662,0.0
-50.0,50,7243.233182,0.0
-50.0,50,7243.767527,0.0
-50.0,50,7244.264534,0.0
-50.0,50,7244.777319,0.0
-50.0,50,7245.292989,0.0
-50.0,50,7245.815176,0.0
-50.0,50,7246.324884,0.0
-50.0,50,7246.839329,0.0
-50.0,50,7247.338131,0.0
-50.0,50,7247.86309,0.0
-50.0,50,7248.381255,0.0
-50.0,50,7248.886849,0.0
-50.0,50,7249.39232,0.0
-50.0,50,7249.90682,0.0
-50.0,50,7250.407761,0.0
-50.0,50,7250.909776,0.0
0.0,50,7251.417681,1.0
-50.0,50,7251.944498,0.0
-50.0,50,7252.456383,0.0
-50.0,50,7252.963354,0.0
-50.0,50,7253.462415,0.0
-50.0,50,7253.984197,0.0
-50.0,50,7254.492364,0.0
-50.0,50,7255.008415,0.0
-50.0,50,7255.518836,0.0
0.0,50,7256.042153,1.0
-50.0,50,7256.545456,0.0
0.0,50,7257.042068,1.0
-50.0,50,7257.543666,0.0
-50.0,50,7258.054472,0.0
-50.0,50,7258.56311,0.0
-50.0,50,7259.061681,0.0
-50.0,50,7259.562359,0.0
-50.0,50,7260.092326,0.0
-50.0,50,7260.599634,0.0
-50.0,50,7261.101835,0.0
-50.0,50,7261.596951,0.0
-50.0,50,7262.128621,0.0
-50.0,50,7262.626802,0.0
-50.0,50,7263.135338,0.0
-50.0,50,7263.642219,0.0
-50.0,50,7264.170013,0.0
-50.0,50,7264.665163,0.0
-50.0,50,7265.173766,0.0
-50.0,50,7265.687446,0.0
-50.0,50,7266.212673,0.0
-50.0,50,7266.730081,0.0
-50.0,50,7267.221789,0.0
-50.0,50,7267.715401,0.0
-50.0,50,7268.240941,0.0
-50.0,50,7268.749725,0.0
-50.0,50,7269.262342,0.0
-50.0,50,7269.785054,0.0
0.0,50,7270.298034,1.0
-50.0,50,7270.794877,0.0
-50.0,50,7271.315763,0.0
-50.0,50,7271.830647,0.0
-50.0,50,7272.341659,0.0
-50.0,50,7272.835954,0.0
-50.0,50,7273.323548,0.0
-50.0,50,7273.822826,0.0
-50.0,50,7274.342429,0.0
-50.0,50,7274.844917,0.0
-50.0,50,7275.338617,0.0
-50.0,50,7275.827896,0.0
-50.0,50,7276.334666,0.0
-50.0,50,7276.828584,0.0
-50.0,50,7277.3181,0.0
-50.0,50,7277.80866,0.0
-50.0,50,7278.299629,0.0
-50.0,50,7278.799714,0.0
-50.0,50,7279.304175,0.0
-50.0,50,7279.809915,0.0
-50.0,50,7280.339246,0.0
-50.0,50,7280.822529,0.0
-50.0,50,7281.307365,0.0
-50.0,50,7281.798137,0.0
-50.0,50,7282.323494,0.0
-50.0,50,7282.818796,0.0
-50.0,50,7283.316102,0.0
-50.0,50,7283.808773,0.0
-50.0,50,7284.317979,0.0
-50.0,50,7284.815598,0.0
-50.0,50,7285.313612,0.0
-50.0,50,7285.804291,0.0
-50.0,50,7286.318309,0.0
-50.0,50,7286.814999,0.0
-50.0,50,7287.3076,0.0
-50.0,50,7287.806594,0.0
-50.0,50,7288.319229,0.0
-50.0,50,7288.815164,0.0
-50.0,50,7289.325974,0.0
-50.0,50,7289.817395,0.0
-50.0,50,7290.341269,0.0
-50.0,50,7290.836965,0.0
0.0,50,7291.322577,1.0
-50.0,50,7291.824803,0.0
-50.0,50,7292.344971,0.0
0.0,50,7292.846348,1.0
-50.0,50,7293.344492,0.0
-50.0,50,7293.833451,0.0
-50.0,50,7294.360134,0.0
0.0,50,7294.883021,1.0
-50.0,50,7295.394667,0.0
-50.0,50,7295.894408,0.0
-50.0,50,7296.417585,0.0
-50.0,50,7296.904537,0.0
-50.0,50,7297.404165,0.0
-50.0,50,7297.908816,0.0
0.0,50,7298.43872,1.0
-50.0,50,7298.938461,0.0
-50.0,50,7299.432646,0.0
-50.0,50,7299.926033,0.0
-50.0,50,7300.448175,0.0
-50.0,50,7300.956355,0.0
-50.0,50,7301.463078,0.0
-50.0,50,7301.966373,0.0
-50.0,50,7302.475664,0.0
-50.0,50,7302.97719,0.0
-50.0,50,7303.481725,0.0
-50.0,50,7303.986603,0.0
-50.0,50,7304.509773,0.0
-50.0,50,7305.007688,0.0
0.0,50,7305.520179,1.0
-50.0,50,7306.038298,0.0
-50.0,50,7306.561399,0.0
-50.0,50,7307.066172,0.0
-50.0,50,7307.56763,0.0
-50.0,50,7308.068,0.0
-50.0,50,7308.584666,0.0
-50.0,50,7309.084152,0.0
-50.0,50,7309.590068,0.0
-50.0,50,7310.09124,0.0
-50.0,50,7310.626612,0.0
-50.0,50,7311.119494,0.0
-50.0,50,7311.626698,0.0
-50.0,50,7312.140739,0.0
-50.0,50,7312.658573,0.0
-50.0,50,7313.162758,0.0
-50.0,50,7313.649575,0.0
-50.0,50,7314.136339,0.0
-50.0,50,7314.648768,0.0
-50.0,50,7315.144206,0.0
0.0,50,7315.656178,1.0
-50.0,50,7316.145407,0.0
-50.0,50,7316.66196,0.0
-50.0,50,7317.162327,0.0
-50.0,50,7317.653683,0.0
-50.0,50,7318.145871,0.0
-50.0,50,7318.668604,0.0
-50.0,50,7319.161883,0.0
-50.0,50,7319.65807,0.0
-50.0,50,7320.169129,0.0
-50.0,50,7320.693954,0.0
-50.0,50,7321.186375,0.0
-50.0,50,7321.669683,0.0
-50.0,50,7322.169204,0.0
-50.0,50,7322.681045,0.0
-50.0,50,7323.177187,0.0
-50.0,50,7323.679275,0.0
-50.0,50,7324.168495,0.0
-50.0,50,7324.675066,0.0
0.0,50,7325.172065,1.0
-50.0,50,7325.679657,0.0
-50.0,50,7326.183986,0.0
-50.0,50,7326.688736,0.0
-50.0,50,7327.176163,0.0
-50.0,50,7327.669474,0.0
-50.0,50,7328.171613,0.0
-50.0,50,7328.697204,0.0
-50.0,50,7329.196976,0.0
-50.0,50,7329.686633,0.0
-50.0,50,7330.187427,0.0
-50.0,50,7332.983806,0.0
-50.0,50,7333.468336,0.0
0.0,50,7333.966023,1.0
-50.0,50,7334.470717,0.0
-50.0,50,7334.985042,0.0
-50.0,50,7335.477828,0.0
-50.0,50,7335.959906,0.0
-50.0,50,7336.447056,0.0
0.0,50,7336.960668,1.0
-50.0,50,7337.460467,0.0
-50.0,50,7337.960001,0.0
0.0,50,7338.450883,1.0
-50.0,50,7338.967086,0.0
-50.0,50,7339.471134,0.0
-50.0,50,7339.970497,0.0
-50.0,50,7340.48115,0.0
-50.0,50,7341.002127,0.0
-50.0,50,7341.490969,0.0
-50.0,50,7341.988224,0.0
-50.0,50,7342.503265,0.0
0.0,50,7343.035477,1.0
-50.0,50,7343.543243,0.0
-50.0,50,7344.051902,0.0
-50.0,50,7344.552347,0.0
-50.0,50,7345.090178,0.0
-50.0,50,7345.604216,0.0
-50.0,50,7346.115744,0.0
-50.0,50,7346.631413,0.0
-50.0,50,7347.155001,0.0
-50.0,50,7347.655855,0.0
-50.0,50,7348.169493,0.0
-50.0,50,7348.684669,0.0
-50.0,50,7349.222538,0.0
0.0,50,7349.735851,1.0
-50.0,50,7350.235914,0.0
-50.0,50,7350.73332,0.0
-50.0,50,7351.26162,0.0
-50.0,50,7351.777564,0.0
-50.0,50,7352.284327,0.0
-50.0,50,7352.786335,0.0
-50.0,50,7353.308225,0.0
-50.0,50,7353.825087,0.0
-50.0,50,7354.342697,0.0
-50.0,50,7354.858938,0.0
-50.0,50,7355.389624,0.0
-50.0,50,7355.9002,0.0
-50.0,50,7356.405928,0.0
-50.0,50,7356.903475,0.0
-50.0,50,7357.425395,0.0
-50.0,50,7357.931597,0.0
-50.0,50,7358.434379,0.0
-50.0,50,7358.940331,0.0
-50.0,50,7359.457995,0.0
-50.0,50,7359.962641,0.0
-50.0,50,7360.47839,0.0
-50.0,50,7360.982594,0.0
-50.0,50,7361.508527,0.0
-50.0,50,7362.00597,0.0
-50.0,50,7362.512308,0.0
-50.0,50,7363.023945,0.0
-50.0,50,7363.547712,0.0
-50.0,50,7364.052725,0.0
-50.0,50,7364.569055,0.0
-50.0,50,7365.076159,0.0
-50.0,50,7365.589468,0.0
-50.0,50,7366.103721,0.0
-50.0,50,7366.607014,0.0
-50.0,50,7367.104924,0.0
-50.0,50,7367.626359,0.0
-50.0,50,7368.118887,0.0
-50.0,50,7368.625341,0.0
-50.0,50,7369.132205,0.0
-50.0,50,7369.651946,0.0
-50.0,50,7370.154153,0.0
-50.0,50,7370.648865,0.0
-50.0,50,7371.144445,0.0
-50.0,50,7371.661696,0.0
-50.0,50,7372.165381,0.0
-50.0,50,7372.671227,0.0
-50.0,50,7373.185628,0.0
-50.0,50,7373.679566,0.0
-50.0,50,7374.170153,0.0
-50.0,50,7374.657515,0.0
-50.0,50,7375.148512,0.0
-50.0,50,7375.656547,0.0
-50.0,50,7376.133424,0.0
-50.0,50,7376.635412,0.0
-50.0,50,7377.135659,0.0
-50.0,50,7377.657801,0.0
-50.0,50,7378.150705,0.0
-50.0,50,7378.6334,0.0
-50.0,50,7379.138479,0.0
-50.0,50,7379.65384,0.0
-50.0,50,7380.159091,0.0
-50.0,50,7380.652541,0.0
-50.0,50,7381.138343,0.0
-50.0,50,7381.643604,0.0
-50.0,50,7382.132471,0.0
-50.0,50,7382.628448,0.0
-50.0,50,7383.131029,0.0
-50.0,50,7383.628196,0.0
-50.0,50,7384.124693,0.0
0.0,50,7384.617899,1.0
0.0,50,7385.119357,1.0
-50.0,50,7385.6275,0.0
-50.0,50,7386.110785,0.0
-50.0,50,7386.607946,0.0
0.0,50,7387.104704,1.0
-50.0,50,7387.615554,0.0
-50.0,50,7388.111811,0.0
-50.0,50,7388.605339,0.0
-50.0,50,7389.090007,0.0
-50.0,50,7389.613841,0.0
-50.0,50,7390.114335,0.0
-50.0,50,7390.608264,0.0
-50.0,50,7391.10766,0.0
-50.0,50,7391.604129,0.0
-50.0,50,7392.109967,0.0
-50.0,50,7392.615912,0.0
-50.0,50,7393.11359,0.0
0.0,50,7393.629716,1.0
-50.0,50,7394.111682,0.0
0.0,50,7394.625478,1.0
-50.0,50,7395.122116,0.0
-50.0,50,7395.630962,0.0
-50.0,50,7396.133902,0.0
-50.0,50,7396.616216,0.0
-50.0,50,7397.104501,0.0
-50.0,50,7397.624691,0.0
-50.0,50,7398.126077,0.0
-50.0,50,7398.625036,0.0
-50.0,50,7399.119489,0.0
-50.0,50,7399.614544,0.0
0.0,50,7400.116356,1.0
-50.0,50,7400.62578,0.0
-50.0,50,7401.126366,0.0
-50.0,50,7401.639271,0.0
-50.0,50,7402.13028,0.0
-50.0,50,7402.626359,0.0
-50.0,50,7403.125668,0.0
-50.0,50,7403.655279,0.0
-50.0,50,7404.147462,0.0
0.0,50,7404.631725,1.0
-50.0,50,7405.122615,0.0
0.0,50,7405.659263,1.0
-50.0,50,7406.161119,0.0
-50.0,50,7406.65362,0.0
-50.0,50,7407.154005,0.0
-50.0,50,7407.655006,0.0
-50.0,50,7408.155835,0.0
-50.0,50,7408.655702,0.0
-50.0,50,7409.146735,0.0
-50.0,50,7409.650001,0.0
-50.0,50,7410.143466,0.0
-50.0,50,7410.648836,0.0
-50.0,50,7411.142978,0.0
-50.0,50,7411.657574,0.0
-50.0,50,7412.165215,0.0
-50.0,50,7412.650842,0.0
-50.0,50,7413.141993,0.0
-50.0,50,7413.661662,0.0
-50.0,50,7414.154702,0.0
-50.0,50,7414.646597,0.0
-50.0,50,7415.131466,0.0
-50.0,50,7415.652227,0.0
-50.0,50,7416.157758,0.0
0.0,50,7416.666124,1.0
-50.0,50,7417.17253,0.0
-50.0,50,7417.682057,0.0
-50.0,50,7418.182133,0.0
-50.0,50,7418.67996,0.0
-50.0,50,7419.179254,0.0
-50.0,50,7419.692123,0.0
-50.0,50,7420.185184,0.0
-50.0,50,7420.673369,0.0
-50.0,50,7421.166776,0.0
-50.0,50,7421.681844,0.0
-50.0,50,7422.188433,0.0
-50.0,50,7422.691747,0.0
-50.0,50,7423.169495,0.0
-50.0,50,7423.688222,0.0
-50.0,50,7424.191905,0.0
-50.0,50,7424.696052,0.0
0.0,50,7425.199849,1.0
-50.0,50,7425.698683,0.0
-50.0,50,7426.194412,0.0
-50.0,50,7426.705525,0.0
-50.0,50,7427.208238,0.0
-50.0,50,7427.715731,0.0
-50.0,50,7428.201145,0.0
-50.0,50,7428.70148,0.0
0.0,50,7429.19608,1.0
-50.0,50,7429.714248,0.0
-50.0,50,7430.206028,0.0
-50.0,50,7430.70068,0.0
-50.0,50,7431.201777,0.0
-50.0,50,7431.722997,0.0
-50.0,50,7432.219157,0.0
-50.0,50,7432.729356,0.0
-50.0,50,7433.236122,0.0
-50.0,50,7436.047426,0.0
0.0,50,7436.549177,1.0
0.0,50,7437.05215,1.0
0.0,50,7437.555235,1.0
-50.0,50,7438.066642,0.0
-50.0,50,7438.556009,0.0
-50.0,50,7439.058242,0.0
-50.0,50,7439.552109,0.0
-50.0,50,7440.074912,0.0
-50.0,50,7440.568426,0.0
-50.0,50,7441.057655,0.0
-50.0,50,7441.553988,0.0
-50.0,50,7442.065816,0.0
-50.0,50,7442.570507,0.0
-50.0,50,7443.060408,0.0
-50.0,50,7443.546942,0.0
-50.0,50,7444.057594,0.0
-50.0,50,7444.55094,0.0
-50.0,50,7445.045233,0.0
-50.0,50,7445.54229,0.0
-50.0,50,7446.064782,0.0
-50.0,50,7446.568377,0.0
-50.0,50,7447.082461,0.0
-50.0,50,7447.593314,0.0
-50.0,50,7448.121746,0.0
-50.0,50,7448.616261,0.0
-50.0,50,7449.117667,0.0
-50.0,50,7449.63046,0.0
-50.0,50,7450.162583,0.0
-50.0,50,7450.670172,0.0
-50.0,50,7451.175103,0.0
-50.0,50,7451.673161,0.0
-50.0,50,7452.206617,0.0
-50.0,50,7452.715151,0.0
-50.0,50,7453.232526,0.0
-50.0,50,7453.743347,0.0
-50.0,50,7454.283806,0.0
-50.0,50,7454.779935,0.0
-50.0,50,7455.291586,0.0
-50.0,50,7455.820721,0.0
-50.0,50,7456.354362,0.0
-50.0,50,7456.866454,0.0
-50.0,50,7457.381362,0.0
-50.0,50,7457.883015,0.0
-50.0,50,7458.405202,0.0
-50.0,50,7458.915488,0.0
-50.0,50,7459.420052,0.0
-50.0,50,7459.934468,0.0
-50.0,50,7460.459991,0.0
-50.0,50,7460.957524,0.0
-50.0,50,7461.480025,0.0
0.0,50,7461.992797,1.0
-50.0,50,7462.517281,0.0
-50.0,50,7463.024665,0.0
-50.0,50,7463.533797,0.0
-50.0,50,7464.03688,0.0
-50.0,50,7464.566518,0.0
-50.0,50,7465.07953,0.0
-50.0,50,7465.595134,0.0
-50.0,50,7466.107577,0.0
-50.0,50,7466.638689,0.0
0.0,50,7467.14146,1.0
-50.0,50,7467.654631,0.0
0.0,50,7468.164571,1.0
-50.0,50,7468.681048,0.0
-50.0,50,7469.197616,0.0
-50.0,50,7469.688446,0.0
0.0,50,7470.198894,1.0
-50.0,50,7470.71448,0.0
-50.0,50,7471.206814,0.0
-50.0,50,7471.694144,0.0
-50.0,50,7472.175457,0.0
-50.0,50,7472.679725,0.0
-50.0,50,7473.171253,0.0
-50.0,50,7473.657337,0.0
0.0,50,7474.157134,1.0
-50.0,50,7474.665046,0.0
-50.0,50,7475.142538,0.0
-50.0,50,7475.628468,0.0
-50.0,50,7476.117518,0.0
-50.0,50,7476.621184,0.0
-50.0,50,7477.093099,0.0
-50.0,50,7477.604148,0.0
-50.0,50,7478.097919,0.0
-50.0,50,7478.608465,0.0
-50.0,50,7479.105758,0.0
-50.0,50,7479.578259,0.0
-50.0,50,7480.066664,0.0
-50.0,50,7480.574848,0.0
-50.0,50,7481.060668,0.0
-50.0,50,7481.551936,0.0
-50.0,50,7482.030167,0.0
-50.0,50,7482.541517,0.0
-50.0,50,7483.031015,0.0
0.0,50,7483.524692,1.0
-50.0,50,7484.010848,0.0
0.0,50,7484.495644,1.0
-50.0,50,7484.985141,0.0
-50.0,50,7485.475566,0.0
-50.0,50,7485.966674,0.0
-50.0,50,7486.468446,0.0
-50.0,50,7486.954077,0.0
-50.0,50,7487.446965,0.0
-50.0,50,7487.948843,0.0
-50.0,50,7488.453753,0.0
-50.0,50,7488.943934,0.0
-50.0,50,7489.416508,0.0
-50.0,50,7489.911515,0.0
-50.0,50,7490.419864,0.0
-50.0,50,7490.909741,0.0
0.0,50,7491.405422,1.0
-50.0,50,7491.886809,0.0
-50.0,50,7492.41207,0.0
-50.0,50,7492.913435,0.0
-50.0,50,7493.419869,0.0
-50.0,50,7493.927088,0.0
-50.0,50,7494.439631,0.0
-50.0,50,7494.946266,0.0
-50.0,50,7495.454641,0.0
-50.0,50,7495.961868,0.0
-50.0,50,7496.488669,0.0
-50.0,50,7496.987082,0.0
-50.0,50,7497.479142,0.0
-50.0,50,7497.996902,0.0
-50.0,50,7498.513575,0.0
-50.0,50,7499.013577,0.0
-50.0,50,7499.522229,0.0
-50.0,50,7500.024502,0.0
-50.0,50,7500.552051,0.0
-50.0,50,7501.066447,0.0
-50.0,50,7501.582101,0.0
-50.0,50,7502.093578,0.0
-50.0,50,7502.612857,0.0
-50.0,50,7503.108178,0.0
-50.0,50,7503.609418,0.0
-50.0,50,7504.11071,0.0
-50.0,50,7504.644037,0.0
-50.0,50,7505.148052,0.0
-50.0,50,7505.656157,0.0
-50.0,50,7506.147887,0.0
-50.0,50,7506.664423,0.0
-50.0,50,7507.175123,0.0
-50.0,50,7507.685232,0.0
-50.0,50,7508.1996,0.0
-50.0,50,7508.722522,0.0
-50.0,50,7509.221377,0.0
-50.0,50,7509.740427,0.0
-50.0,50,7510.24155,0.0
-50.0,50,7510.767262,0.0
-50.0,50,7511.274393,0.0
-50.0,50,7511.761796,0.0
-50.0,50,7512.268302,0.0
-50.0,50,7512.779826,0.0
-50.0,50,7513.269895,0.0
-50.0,50,7513.756589,0.0
-50.0,50,7514.228218,0.0
-50.0,50,7514.738414,0.0
-50.0,50,7515.241861,0.0
-50.0,50,7515.75187,0.0
-50.0,50,7516.253121,0.0
-50.0,50,7516.76307,0.0
-50.0,50,7517.268033,0.0
-50.0,50,7517.77536,0.0
-50.0,50,7518.284729,0.0
-50.0,50,7518.832273,0.0
-50.0,50,7519.359538,0.0
-50.0,50,7519.85721,0.0
-50.0,50,7520.373565,0.0
-50.0,50,7520.919883,0.0
-50.0,50,7521.431283,0.0
-50.0,50,7521.935872,0.0
-50.0,50,7522.438942,0.0
-50.0,50,7522.994649,0.0
-50.0,50,7523.492912,0.0
-50.0,50,7524.009444,0.0
-50.0,50,7524.520161,0.0
-50.0,50,7525.04295,0.0
-50.0,50,7525.552549,0.0
-50.0,50,7526.060766,0.0
-50.0,50,7526.559036,0.0
-50.0,50,7527.083857,0.0
-50.0,50,7527.592997,0.0
-50.0,50,7528.101973,0.0
-50.0,50,7528.620455,0.0
-50.0,50,7529.135956,0.0
-50.0,50,7529.647045,0.0
-50.0,50,7530.165539,0.0
-50.0,50,7530.700448,0.0
-50.0,50,7531.222934,0.0
-50.0,50,7531.73757,0.0
-50.0,50,7532.237325,0.0
-50.0,50,7532.746194,0.0
-50.0,50,7533.283589,0.0
-50.0,50,7533.792325,0.0
-50.0,50,7534.320542,0.0
-50.0,50,7534.825763,0.0
-50.0,50,7535.345561,0.0
-50.0,50,7535.844501,0.0
-50.0,50,7536.353114,0.0
-50.0,50,7536.859175,0.0
-50.0,50,7539.746042,0.0
-50.0,50,7540.24659,0.0
-50.0,50,7540.757355,0.0
-50.0,50,7541.27231,0.0
-50.0,50,7541.80335,0.0
-50.0,50,7542.313156,0.0
0.0,50,7542.804438,1.0
-50.0,50,7543.303605,0.0
-50.0,50,7543.840191,0.0
-50.0,50,7544.345317,0.0
-50.0,50,7544.864269,0.0
-50.0,50,7545.374128,0.0
-50.0,50,7545.905954,0.0
-50.0,50,7546.396982,0.0
-50.0,50,7546.907782,0.0
-50.0,50,7547.407327,0.0
-50.0,50,7547.933951,0.0
-50.0,50,7548.435505,0.0
-50.0,50,7548.931038,0.0
-50.0,50,7549.432143,0.0
-50.0,50,7549.970557,0.0
-50.0,50,7550.475519,0.0
-50.0,50,7550.988145,0.0
-50.0,50,7551.491725,0.0
-50.0,50,7552.008863,0.0
-50.0,50,7552.53168,0.0
-50.0,50,7553.052561,0.0
-50.0,50,7553.542467,0.0
-50.0,50,7554.063361,0.0
-50.0,50,7554.551088,0.0
-50.0,50,7555.030699,0.0
-50.0,50,7555.517997,0.0
-50.0,50,7556.033267,0.0
-50.0,50,7556.518452,0.0
-50.0,50,7557.012836,0.0
-50.0,50,7557.495364,0.0
-50.0,50,7558.005316,0.0
-50.0,50,7558.491685,0.0
-50.0,50,7558.993465,0.0
0.0,50,7559.481948,1.0
0.0,50,7559.999813,1.0
-50.0,50,7560.494739,0.0
-50.0,50,7560.979506,0.0
-50.0,50,7561.475926,0.0
-50.0,50,7561.995186,0.0
-50.0,50,7562.47032,0.0
-50.0,50,7562.960483,0.0
-50.0,50,7563.450262,0.0
-50.0,50,7563.960289,0.0
-50.0,50,7564.452068,0.0
-50.0,50,7564.929571,0.0
-50.0,50,7565.416317,0.0
-50.0,50,7565.927713,0.0
-50.0,50,7566.424299,0.0
-50.0,50,7566.904327,0.0
-42.0,50,7567.386686,0.0
-50.0,50,7567.903692,0.0
-50.0,50,7568.395096,0.0
-50.0,50,7568.888293,0.0
-50.0,50,7569.366193,0.0
0.0,50,7569.880957,1.0
-50.0,50,7570.380494,0.0
-50.0,50,7570.876598,0.0
-50.0,50,7571.38091,0.0
-50.0,50,7571.900039,0.0
-50.0,50,7572.386645,0.0
-50.0,50,7572.8845,0.0
-50.0,50,7573.398739,0.0
-50.0,50,7573.937785,0.0
0.0,50,7574.445254,1.0
-50.0,50,7574.940215,0.0
-50.0,50,7575.439753,0.0
-50.0,50,7575.965734,0.0
-50.0,50,7576.467017,0.0
-50.0,50,7576.966996,0.0
-50.0,50,7577.463941,0.0
-50.0,50,7577.978218,0.0
-50.0,50,7578.484116,0.0
-50.0,50,7578.983556,0.0
-50.0,50,7579.496109,0.0
-50.0,50,7580.022711,0.0
-50.0,50,7580.518158,0.0
-50.0,50,7581.026011,0.0
-50.0,50,7581.538692,0.0
-50.0,50,7582.065583,0.0
-50.0,50,7582.572936,0.0
-50.0,50,7583.083313,0.0
0.0,50,7583.583741,1.0
-50.0,50,7584.10684,0.0
-50.0,50,7584.617894,0.0
-50.0,50,7585.125588,0.0
-50.0,50,7585.637698,0.0
-50.0,50,7586.168883,0.0
-50.0,50,7586.674652,0.0
-34.0,50,7587.188906,0.0
-50.0,50,7587.684103,0.0
-50.0,50,7588.196032,0.0
-50.0,50,7588.688615,0.0
-50.0,50,7589.161616,0.0
-50.0,50,7589.657946,0.0
-50.0,50,7590.176689,0.0
-50.0,50,7590.665675,0.0
-50.0,50,7591.151672,0.0
-50.0,50,7591.620599,0.0
-50.0,50,7592.135074,0.0
-50.0,50,7592.628631,0.0
0.0,50,7593.124823,1.0
-50.0,50,7593.626743,0.0
-50.0,50,7594.116666,0.0
-50.0,50,7594.615189,0.0
-50.0,50,7595.112345,0.0
-50.0,50,7595.612988,0.0
-50.0,50,7596.127336,0.0
-50.0,50,7596.601989,0.0
-50.0,50,7597.098698,0.0
-50.0,50,7597.595857,0.0
-50.0,50,7598.111115,0.0
-50.0,50,7598.604519,0.0
-50.0,50,7599.076985,0.0
-50.0,50,7599.569733,0.0
-50.0,50,7600.081235,0.0
-50.0,50,7600.570079,0.0
-50.0,50,7601.059748,0.0
0.0,50,7601.533126,1.0
-50.0,50,7602.063203,0.0
-50.0,50,7602.553656,0.0
-50.0,50,7603.044582,0.0
-50.0,50,7603.545949,0.0
0.0,50,7604.071917,1.0
-50.0,50,7604.56423,0.0
-50.0,50,7605.066127,0.0
-50.0,50,7605.55925,0.0
-50.0,50,7606.076499,0.0
-50.0,50,7606.558599,0.0
-50.0,50,7607.059264,0.0
-50.0,50,7607.548912,0.0
-50.0,50,7608.056231,0.0
-50.0,50,7608.543795,0.0
-50.0,50,7609.034467,0.0
-50.0,50,7609.519202,0.0
-50.0,50,7610.032416,0.0
-50.0,50,7610.521924,0.0
-50.0,50,7611.02463,0.0
-50.0,50,7611.506315,0.0
-50.0,50,7612.009575,0.0
-50.0,50,7612.507244,0.0
-50.0,50,7613.016691,0.0
-50.0,50,7613.525903,0.0
-50.0,50,7614.06319,0.0
-50.0,50,7614.559476,0.0
-50.0,50,7615.066871,0.0
-50.0,50,7615.586257,0.0
-50.0,50,7616.121943,0.0
-50.0,50,7616.626946,0.0
-50.0,50,7617.143358,0.0
-50.0,50,7617.6428,0.0
-50.0,50,7618.175985,0.0
-50.0,50,7618.689417,0.0
0.0,50,7619.200332,1.0
-50.0,50,7619.708005,0.0
-50.0,50,7620.245183,0.0
-50.0,50,7620.735731,0.0
-50.0,50,7621.247322,0.0
-50.0,50,7621.752663,0.0
-50.0,50,7622.291883,0.0
-50.0,50,7622.802847,0.0
-50.0,50,7623.311523,0.0
-50.0,50,7623.816099,0.0
-50.0,50,7624.348257,0.0
-50.0,50,7624.868118,0.0
-50.0,50,7625.377954,0.0
-50.0,50,7625.891288,0.0
-50.0,50,7626.431854,0.0
-50.0,50,7626.920754,0.0
-50.0,50,7627.423546,0.0
-50.0,50,7627.937282,0.0
0.0,50,7628.473351,1.0
-50.0,50,7628.980947,0.0
-50.0,50,7629.478503,0.0
-50.0,50,7629.98803,0.0
-50.0,50,7630.534632,0.0
0.0,50,7631.049358,1.0
-50.0,50,7631.554983,0.0
-50.0,50,7632.069043,0.0
0.0,50,7632.603381,1.0
-50.0,50,7633.099905,0.0
-50.0,50,7633.610733,0.0
-50.0,50,7634.117278,0.0
-50.0,50,7634.650601,0.0
-50.0,50,7635.168309,0.0
0.0,50,7635.673903,1.0
-50.0,50,7636.169281,0.0
-50.0,50,7636.700363,0.0
0.0,50,7637.197786,1.0
-50.0,50,7637.715473,0.0
-50.0,50,7638.226439,0.0
0.0,50,7638.73892,1.0
-50.0,50,7639.234596,0.0
-50.0,50,7639.742473,0.0
-50.0,50,7640.244714,0.0
-50.0,50,7643.164631,0.0
-50.0,50,7643.646999,0.0
-50.0,50,7644.146272,0.0
-50.0,50,7644.638424,0.0
-50.0,50,7645.147914,0.0
-50.0,50,7645.641811,0.0
-50.0,50,7646.112746,0.0
-50.0,50,7646.59998,0.0
-50.0,50,7647.114544,0.0
-50.0,50,7647.607933,0.0
-50.0,50,7648.097453,0.0
-50.0,50,7648.581448,0.0
0.0,50,7649.09968,1.0
0.0,50,7649.60968,1.0
-50.0,50,7650.105617,0.0
-50.0,50,7650.600026,0.0
-50.0,50,7651.099409,0.0
-50.0,50,7651.58816,0.0
-50.0,50,7652.078444,0.0
-50.0,50,7652.572428,0.0
-50.0,50,7653.085747,0.0
-50.0,50,7653.559972,0.0
-50.0,50,7654.061941,0.0
0.0,50,7654.555654,1.0
-50.0,50,7655.082241,0.0
-50.0,50,7655.570285,0.0
-50.0,50,7656.046388,0.0
-50.0,50,7656.534456,0.0
-50.0,50,7657.057601,0.0
-50.0,50,7657.548439,0.0
-50.0,50,7658.048861,0.0
-50.0,50,7658.523007,0.0
-50.0,50,7659.028737,0.0
0.0,50,7659.518552,1.0
-50.0,50,7660.010819,0.0
-50.0,50,7660.506202,0.0
-50.0,50,7661.022915,0.0
-50.0,50,7661.507945,0.0
-50.0,50,7662.006929,0.0
-50.0,50,7662.505199,0.0
-50.0,50,7663.044213,0.0
-50.0,50,7663.554593,0.0
-50.0,50,7664.032708,0.0
-50.0,50,7664.525834,0.0
0.0,50,7665.065827,1.0
-50.0,50,7665.554988,0.0
-50.0,50,7666.038061,0.0
-50.0,50,7666.519724,0.0
-50.0,50,7667.042422,0.0
-50.0,50,7667.54045,0.0
-50.0,50,7668.038016,0.0
-50.0,50,7668.542354,0.0
-50.0,50,7669.04552,0.0
-50.0,50,7669.539442,0.0
-50.0,50,7670.032084,0.0
0.0,50,7670.538245,1.0
-50.0,50,7671.059485,0.0
-50.0,50,7671.531198,0.0
-50.0,50,7672.024881,0.0
-50.0,50,7672.520512,0.0
-50.0,50,7673.058075,0.0
0.0,50,7673.574761,1.0
-50.0,50,7674.069476,0.0
-50.0,50,7674.571461,0.0
-50.0,50,7675.113456,0.0
-50.0,50,7675.611134,0.0
-50.0,50,7676.12276,0.0
-50.0,50,7676.633038,0.0
-50.0,50,7677.150445,0.0
-50.0,50,7677.649271,0.0
-50.0,50,7678.161765,0.0
-50.0,50,7678.665582,0.0
-50.0,50,7679.199479,0.0
-50.0,50,7679.70455,0.0
-50.0,50,7680.190362,0.0
-50.0,50,7680.702795,0.0
-50.0,50,7681.238551,0.0
-50.0,50,7681.73943,0.0
0.0,50,7682.25818,1.0
-50.0,50,7682.750279,0.0
-50.0,50,7683.285223,0.0
-50.0,50,7683.802425,0.0
-50.0,50,7684.312656,0.0
-50.0,50,7684.825562,0.0
-50.0,50,7685.377202,0.0
-50.0,50,7685.87517,0.0
-50.0,50,7686.369962,0.0
-50.0,50,7686.881448,0.0
-50.0,50,7687.427586,0.0
-50.0,50,7687.939779,0.0
-50.0,50,7688.444724,0.0
-50.0,50,7688.938368,0.0
-50.0,50,7689.472292,0.0
-50.0,50,7689.988909,0.0
-50.0,50,7690.504643,0.0
-50.0,50,7691.012742,0.0
-50.0,50,7691.528492,0.0
0.0,50,7692.034876,1.0
-50.0,50,7692.537805,0.0
0.0,50,7693.049587,1.0
0.0,50,7693.583369,1.0
-50.0,50,7694.086521,0.0
-50.0,50,7694.584833,0.0
-50.0,50,7695.072335,0.0
-50.0,50,7695.587078,0.0
-50.0,50,7696.088798,0.0
-50.0,50,7696.599534,0.0
-50.0,50,7697.107307,0.0
-50.0,50,7697.617328,0.0
-50.0,50,7698.117233,0.0
-50.0,50,7698.628661,0.0
-50.0,50,7699.138332,0.0
-50.0,50,7699.65038,0.0
-50.0,50,7700.166409,0.0
-50.0,50,7700.655459,0.0
-50.0,50,7701.152325,0.0
-50.0,50,7701.667063,0.0
-50.0,50,7702.183531,0.0
-50.0,50,7702.683362,0.0
-50.0,50,7703.198021,0.0
-50.0,50,7703.700217,0.0
-50.0,50,7704.211427,0.0
-50.0,50,7704.71094,0.0
-50.0,50,7705.214851,0.0
-50.0,50,7705.736214,0.0
-50.0,50,7706.222847,0.0
-50.0,50,7706.725479,0.0
0.0,50,7707.240355,1.0
-50.0,50,7707.741766,0.0
-50.0,50,7708.232734,0.0
-50.0,50,7708.708595,0.0
-50.0,50,7709.20951,0.0
-50.0,50,7709.725564,0.0
-50.0,50,7710.231541,0.0
-50.0,50,7710.719924,0.0
-50.0,50,7711.193305,0.0
0.0,50,7711.694924,1.0
-50.0,50,7712.193054,0.0
-50.0,50,7712.698976,0.0
-50.0,50,7713.187869,0.0
-50.0,50,7713.67556,0.0
0.0,50,7714.17121,1.0
-50.0,50,7714.670064,0.0
-50.0,50,7715.171213,0.0
-50.0,50,7715.682797,0.0
0.0,50,7716.157873,1.0
-50.0,50,7716.642573,0.0
0.0,50,7717.136182,1.0
-50.0,50,7717.63669,0.0
-50.0,50,7718.125007,0.0
-50.0,50,7718.625536,0.0
-50.0,50,7719.127163,0.0
-50.0,50,7719.628666,0.0
-50.0,50,7720.117474,0.0
-50.0,50,7720.617731,0.0
-50.0,50,7721.122953,0.0
0.0,50,7721.636634,1.0
-50.0,50,7722.143425,0.0
0.0,50,7722.661126,1.0
-50.0,50,7723.168614,0.0
-50.0,50,7723.699296,0.0
-50.0,50,7724.190288,0.0
-50.0,50,7724.703558,0.0
-50.0,50,7725.21354,0.0
-50.0,50,7725.733469,0.0
-50.0,50,7726.241859,0.0
-50.0,50,7726.736792,0.0
-50.0,50,7727.235125,0.0
-50.0,50,7727.754604,0.0
0.0,50,7728.262079,1.0
-50.0,50,7728.770685,0.0
-50.0,50,7729.286593,0.0
-50.0,50,7729.822274,0.0
-50.0,50,7730.327055,0.0
-50.0,50,7730.84128,0.0
-50.0,50,7731.349222,0.0
-50.0,50,7731.879083,0.0
-50.0,50,7732.394968,0.0
0.0,50,7732.915119,1.0
-50.0,50,7733.420196,0.0
-50.0,50,7733.956967,0.0
-50.0,50,7734.475251,0.0
-50.0,50,7734.991991,0.0
-50.0,50,7735.503975,0.0
-50.0,50,7736.019111,0.0
-50.0,50,7736.519937,0.0
0.0,50,7737.026068,1.0
-50.0,50,7737.543429,0.0
-50.0,50,7738.069972,0.0
-50.0,50,7738.583231,0.0
-50.0,50,7739.089462,0.0
-50.0,50,7739.596174,0.0
-50.0,50,7740.121564,0.0
-50.0,50,7740.634981,0.0
-50.0,50,7741.151903,0.0
-50.0,50,7741.662578,0.0
-50.0,50,7742.168306,0.0
-50.0,50,7742.677084,0.0
-50.0,50,7743.198959,0.0
-50.0,50,7743.711965,0.0
-50.0,50,7746.525993,0.0
-50.0,50,7747.028274,0.0
-50.0,50,7747.542081,0.0
-50.0,50,7748.054061,0.0
-50.0,50,7748.579402,0.0
-50.0,50,7749.093358,0.0
-50.0,50,7749.601292,0.0
-50.0,50,7750.106164,0.0
-50.0,50,7750.631402,0.0
-50.0,50,7751.137321,0.0
-50.0,50,7751.651387,0.0
-50.0,50,7752.168658,0.0
-50.0,50,7752.68717,0.0
-50.0,50,7753.192866,0.0
-50.0,50,7753.708503,0.0
0.0,50,7754.232376,1.0
-50.0,50,7754.770651,0.0
-50.0,50,7755.289573,0.0
-50.0,50,7755.790876,0.0
-50.0,50,7756.297341,0.0
-50.0,50,7756.818335,0.0
0.0,50,7757.317882,1.0
-50.0,50,7757.809784,0.0
-50.0,50,7758.304144,0.0
0.0,50,7758.813783,1.0
-50.0,50,7759.313076,0.0
-50.0,50,7759.809639,0.0
-50.0,50,7760.312206,0.0
-50.0,50,7760.824058,0.0
-50.0,50,7761.298312,0.0
-50.0,50,7761.80214,0.0
-50.0,50,7762.301941,0.0
-50.0,50,7762.821956,0.0
-50.0,50,7763.336014,0.0
-50.0,50,7763.810806,0.0
-50.0,50,7764.304234,0.0
-50.0,50,7764.815626,0.0
-50.0,50,7765.309264,0.0
-47.0,50,7765.814757,0.0
-50.0,50,7766.289929,0.0
0.0,50,7766.807503,1.0
-50.0,50,7767.30827,0.0
-50.0,50,7767.807623,0.0
-50.0,50,7768.310105,0.0
0.0,50,7768.814564,1.0
-50.0,50,7769.308427,0.0
-50.0,50,7769.806495,0.0
-50.0,50,7770.309876,0.0
-50.0,50,7770.828564,0.0
-50.0,50,7771.329576,0.0
-50.0,50,7771.820796,0.0
-50.0,50,7772.32645,0.0
-50.0,50,7772.867422,0.0
-50.0,50,7773.366025,0.0
-50.0,50,7773.868187,0.0
-50.0,50,7774.352133,0.0
-50.0,50,7774.875519,0.0
-50.0,50,7775.379875,0.0
-50.0,50,7775.881242,0.0
-50.0,50,7776.383053,0.0
-50.0,50,7776.894685,0.0
-50.0,50,7777.394924,0.0
-50.0,50,7777.900727,0.0
-50.0,50,7778.400009,0.0
-50.0,50,7778.915946,0.0
-50.0,50,7779.415407,0.0
-50.0,50,7779.900357,0.0
-50.0,50,7780.403486,0.0
-50.0,50,7780.925754,0.0
-50.0,50,7781.427837,0.0
0.0,50,7781.945695,1.0
-50.0,50,7782.445264,0.0
0.0,50,7782.968102,1.0
-50.0,50,7783.474988,0.0
-50.0,50,7783.976459,0.0
-50.0,50,7784.485422,0.0
-50.0,50,7785.022333,0.0
-50.0,50,7785.50907,0.0
-50.0,50,7786.012243,0.0
-50.0,50,7786.527803,0.0
-50.0,50,7787.062891,0.0
-50.0,50,7787.56862,0.0
-50.0,50,7788.053282,0.0
-50.0,50,7788.560537,0.0
-50.0,50,7789.094849,0.0
0.0,50,7789.604666,1.0
0.0,50,7790.106057,1.0
-50.0,50,7790.619414,0.0
0.0,50,7791.142999,1.0
-50.0,50,7791.636709,0.0
-50.0,50,7792.149615,0.0
-50.0,50,7792.652965,0.0
-50.0,50,7793.183567,0.0
-50.0,50,7793.690465,0.0
0.0,50,7794.183135,1.0
-50.0,50,7794.698376,0.0
-50.0,50,7795.227123,0.0
-50.0,50,7795.728626,0.0
-50.0,50,7796.23206,0.0
-50.0,50,7796.727809,0.0
-50.0,50,7797.230651,0.0
-50.0,50,7797.730559,0.0
-50.0,50,7798.229487,0.0
-50.0,50,7798.725596,0.0
-50.0,50,7799.229005,0.0
-50.0,50,7799.722508,0.0
-50.0,50,7800.218331,0.0
-50.0,50,7800.716386,0.0
-50.0,50,7801.231569,0.0
-50.0,50,7801.721752,0.0
0.0,50,7802.202788,1.0
-50.0,50,7802.701641,0.0
-50.0,50,7803.236201,0.0
-50.0,50,7803.730295,0.0
-50.0,50,7804.223735,0.0
-50.0,50,7804.700053,0.0
-50.0,50,7805.214834,0.0
-50.0,50,7805.710902,0.0
0.0,50,7806.220649,1.0
-50.0,50,7806.727329,0.0
-50.0,50,7807.227126,0.0
-50.0,50,7807.72456,0.0
-50.0,50,7808.230111,0.0
0.0,50,7808.734019,1.0
-50.0,50,7809.262984,0.0
-50.0,50,7809.746006,0.0
-50.0,50,7810.235618,0.0
-50.0,50,7810.728388,0.0
-50.0,50,7811.245885,0.0
-50.0,50,7811.743662,0.0
-50.0,50,7812.235183,0.0
-50.0,50,7812.720542,0.0
0.0,50,7813.224024,1.0
-50.0,50,7813.72802,0.0
-50.0,50,7814.229781,0.0
-50.0,50,7814.71503,0.0
-50.0,50,7815.216682,0.0
-50.0,50,7815.718461,0.0
-50.0,50,7816.209417,0.0
-50.0,50,7816.707693,0.0
-50.0,50,7817.226569,0.0
0.0,50,7817.71316,1.0
-50.0,50,7818.216941,0.0
-50.0,50,7818.713891,0.0
-50.0,50,7819.237456,0.0
-50.0,50,7819.744436,0.0
-50.0,50,7820.230459,0.0
-50.0,50,7820.722274,0.0
-50.0,50,7821.229645,0.0
-50.0,50,7821.727338,0.0
-50.0,50,7822.216882,0.0
-50.0,50,7822.697135,0.0
-50.0,50,7823.211071,0.0
-50.0,50,7823.710572,0.0
-50.0,50,7824.202778,0.0
-50.0,50,7824.697234,0.0
-50.0,50,7825.195448,0.0
-50.0,50,7825.685164,0.0
-50.0,50,7826.184927,0.0
-50.0,50,7826.680378,0.0
-50.0,50,7827.197627,0.0
-50.0,50,7827.69295,0.0
-50.0,50,7828.191077,0.0
-50.0,50,7828.692894,0.0
-50.0,50,7829.220117,0.0
-50.0,50,7829.746026,0.0
-50.0,50,7830.25264,0.0
-50.0,50,7830.737445,0.0
-50.0,50,7831.264436,0.0
0.0,50,7831.780718,1.0
-50.0,50,7832.283808,0.0
0.0,50,7832.789004,1.0
-50.0,50,7833.301543,0.0
-50.0,50,7833.806198,0.0
-50.0,50,7834.308436,0.0
-50.0,50,7834.810829,0.0
-50.0,50,7835.329492,0.0
-50.0,50,7835.83987,0.0
-50.0,50,7836.322757,0.0
-50.0,50,7836.824127,0.0
-50.0,50,7837.339082,0.0
-50.0,50,7837.834905,0.0
-50.0,50,7838.330935,0.0
-50.0,50,7838.816657,0.0
-50.0,50,7839.325644,0.0
-50.0,50,7839.829445,0.0
-50.0,50,7840.325232,0.0
-50.0,50,7840.820984,0.0
-50.0,50,7841.333847,0.0
-50.0,50,7841.819017,0.0
-50.0,50,7842.313917,0.0
-50.0,50,7842.809331,0.0
-50.0,50,7843.320958,0.0
-50.0,50,7843.823078,0.0
-50.0,50,7844.311321,0.0
-50.0,50,7844.805973,0.0
0.0,50,7845.329076,1.0
-50.0,50,7845.824303,0.0
-50.0,50,7846.317374,0.0
-50.0,50,7846.803354,0.0
-50.0,50,7849.648613,0.0
-50.0,50,7850.152252,0.0
-50.0,50,7850.648603,0.0
-50.0,50,7851.139218,0.0
-50.0,50,7851.671358,0.0
-50.0,50,7852.175052,0.0
0.0,50,7852.704678,1.0
-50.0,50,7853.220027,0.0
-50.0,50,7853.739273,0.0
-50.0,50,7854.237294,0.0
0.0,50,7854.7522,1.0
-50.0,50,7855.266395,0.0
-50.0,50,7855.797901,0.0
-50.0,50,7856.31719,0.0
-50.0,50,7856.822343,0.0
-50.0,50,7857.333618,0.0
-50.0,50,7857.86091,0.0
-50.0,50,7858.36797,0.0
-50.0,50,7858.876002,0.0
-50.0,50,7859.38914,0.0
-50.0,50,7859.921269,0.0
-50.0,50,7860.43525,0.0
-50.0,50,7860.960809,0.0
-50.0,50,7861.472976,0.0
-50.0,50,7861.996587,0.0
-50.0,50,7862.512413,0.0
-50.0,50,7863.015437,0.0
-50.0,50,7863.524791,0.0
-50.0,50,7864.048581,0.0
-50.0,50,7864.554021,0.0
-50.0,50,7865.061722,0.0
-50.0,50,7865.579346,0.0
-50.0,50,7866.100629,0.0
-50.0,50,7866.606666,0.0
-50.0,50,7867.124296,0.0
-50.0,50,7867.644195,0.0
-50.0,50,7868.174172,0.0
-50.0,50,7868.679341,0.0
-50.0,50,7869.183243,0.0
-50.0,50,7869.685312,0.0
-50.0,50,7870.210676,0.0
-50.0,50,7870.73138,0.0
-50.0,50,7871.242393,0.0
-50.0,50,7871.748489,0.0
-50.0,50,7872.262295,0.0
-50.0,50,7872.7532,0.0
-50.0,50,7873.25225,0.0
-50.0,50,7873.750185,0.0
-50.0,50,7874.265246,0.0
-50.0,50,7874.745672,0.0
-50.0,50,7875.238743,0.0
-50.0,50,7875.750762,0.0
-50.0,50,7876.270457,0.0
-50.0,50,7876.766102,0.0
-50.0,50,7877.255296,0.0
-50.0,50,7877.74099,0.0
-50.0,50,7878.256128,0.0
-50.0,50,7878.760844,0.0
0.0,50,7879.26346,1.0
-50.0,50,7879.751254,0.0
-50.0,50,7880.253056,0.0
-50.0,50,7880.753574,0.0
-50.0,50,7881.247645,0.0
-50.0,50,7881.752368,0.0
-50.0,50,7882.279149,0.0
-50.0,50,7882.770602,0.0
0.0,50,7883.281679,1.0
-50.0,50,7883.780608,0.0
0.0,50,7884.307833,1.0
-50.0,50,7884.809582,0.0
-50.0,50,7885.297788,0.0
-50.0,50,7885.787401,0.0
-50.0,50,7886.300385,0.0
-50.0,50,7886.796283,0.0
-50.0,50,7887.304754,0.0
0.0,50,7887.795498,1.0
-50.0,50,7888.292864,0.0
-50.0,50,7888.787728,0.0
-50.0,50,7889.283783,0.0
-50.0,50,7889.779734,0.0
0.0,50,7890.309964,1.0
-50.0,50,7890.799562,0.0
-50.0,50,7891.296291,0.0
-50.0,50,7891.793509,0.0
-50.0,50,7892.325045,0.0
-50.0,50,7892.826791,0.0
-50.0,50,7893.311413,0.0
-50.0,50,7893.81767,0.0
-50.0,50,7894.332211,0.0
-50.0,50,7894.82742,0.0
-50.0,50,7895.327933,0.0
-50.0,50,7895.816682,0.0
-50.0,50,7896.332108,0.0
-50.0,50,7896.842038,0.0
-50.0,50,7897.348687,0.0
-50.0,50,7897.851364,0.0
-50.0,50,7898.378752,0.0
-50.0,50,7898.858495,0.0
-50.0,50,7899.352194,0.0
-50.0,50,7899.8483,0.0
-50.0,50,7900.377414,0.0
-50.0,50,7900.888002,0.0
-50.0,50,7901.372607,0.0
0.0,50,7901.864915,1.0
-50.0,50,7902.373438,0.0
0.0,50,7902.882594,1.0
-50.0,50,7903.379577,0.0
-50.0,50,7903.867603,0.0
-50.0,50,7904.384886,0.0
-50.0,50,7904.902894,0.0
0.0,50,7905.417402,1.0
-50.0,50,7905.911861,0.0
-50.0,50,7906.433893,0.0
-50.0,50,7906.915526,0.0
-50.0,50,7907.409997,0.0
-50.0,50,7907.909773,0.0
0.0,50,7908.432182,1.0
-50.0,50,7908.946968,0.0
-50.0,50,7909.451508,0.0
0.0,50,7909.95329,1.0
-50.0,50,7910.477715,0.0
0.0,50,7910.98319,1.0
-50.0,50,7911.490243,0.0
-50.0,50,7912.006081,0.0
-50.0,50,7912.515557,0.0
-50.0,50,7913.007582,0.0
0.0,50,7913.506666,1.0
-50.0,50,7914.003577,0.0
-50.0,50,7914.522211,0.0
-50.0,50,7915.00769,0.0
-50.0,50,7915.493366,0.0
-50.0,50,7915.986614,0.0
-50.0,50,7916.499569,0.0
-50.0,50,7916.996064,0.0
-50.0,50,7917.488626,0.0
-50.0,50,7917.978639,0.0
-50.0,50,7918.493717,0.0
-50.0,50,7918.989359,0.0
-50.0,50,7919.485723,0.0
-50.0,50,7919.971475,0.0
-50.0,50,7920.473064,0.0
-50.0,50,7920.969072,0.0
-50.0,50,7921.468789,0.0
-50.0,50,7921.971381,0.0
-50.0,50,7922.483295,0.0
-50.0,50,7922.966903,0.0
-50.0,50,7923.462297,0.0
-50.0,50,7923.959244,0.0
-50.0,50,7924.469662,0.0
-50.0,50,7924.960166,0.0
-50.0,50,7925.451563,0.0
0.0,50,7925.953245,1.0
-50.0,50,7926.488126,0.0
-50.0,50,7927.001598,0.0
-50.0,50,7927.513992,0.0
-50.0,50,7927.998325,0.0
-50.0,50,7928.504217,0.0
-50.0,50,7928.999863,0.0
-50.0,50,7929.504618,0.0
-50.0,50,7929.997678,0.0
-50.0,50,7930.527667,0.0
-50.0,50,7931.019832,0.0
-50.0,50,7931.513368,0.0
-50.0,50,7932.010425,0.0
-50.0,50,7932.539987,0.0
-50.0,50,7933.029698,0.0
-50.0,50,7933.517988,0.0
-50.0,50,7934.018072,0.0
-50.0,50,7934.538159,0.0
-50.0,50,7935.03328,0.0
-50.0,50,7935.52958,0.0
-50.0,50,7936.006926,0.0
0.0,50,7936.522319,1.0
-50.0,50,7937.015124,0.0
-50.0,50,7937.513771,0.0
-50.0,50,7938.012133,0.0
-50.0,50,7938.549291,0.0
-50.0,50,7939.034274,0.0
-50.0,50,7939.529935,0.0
-50.0,50,7940.027628,0.0
-50.0,50,7940.542939,0.0
-50.0,50,7941.030051,0.0
-50.0,50,7941.52439,0.0
-50.0,50,7942.019608,0.0
-50.0,50,7942.535901,0.0
-50.0,50,7943.043087,0.0
-50.0,50,7943.531912,0.0
-50.0,50,7944.032087,0.0
-50.0,50,7944.547254,0.0
-50.0,50,7945.04436,0.0
-50.0,50,7945.541655,0.0
-50.0,50,7946.041533,0.0
-50.0,50,7946.54275,0.0
-50.0,50,7947.042163,0.0
-50.0,50,7947.535397,0.0
-50.0,50,7948.039273,0.0
-50.0,50,7948.556076,0.0
-50.0,50,7949.058772,0.0
-50.0,50,7949.548431,0.0
-50.0,50,7950.049878,0.0
-50.0,50,7952.770958,0.0
-50.0,50,7953.270191,0.0
-50.0,50,7953.766351,0.0
-50.0,50,7954.260914,0.0
-50.0,50,7954.775164,0.0
-50.0,50,7955.261404,0.0
-50.0,50,7955.752218,0.0
0.0,50,7956.253549,1.0
-50.0,50,7956.765801,0.0
-50.0,50,7957.279642,0.0
-50.0,50,7957.780387,0.0
-50.0,50,7958.265507,0.0
0.0,50,7958.79142,1.0
-50.0,50,7959.287004,0.0
-50.0,50,7959.786932,0.0
-50.0,50,7960.283864,0.0
-50.0,50,7960.804783,0.0
-50.0,50,7961.310411,0.0
-50.0,50,7961.807122,0.0
-50.0,50,7962.303021,0.0
0.0,50,7962.822509,1.0
-50.0,50,7963.310712,0.0
-50.0,50,7963.801893,0.0
-50.0,50,7964.30906,0.0
0.0,50,7964.832465,1.0
-50.0,50,7965.331859,0.0
-50.0,50,7965.8453,0.0
-50.0,50,7966.336261,0.0
-50.0,50,7966.857265,0.0
-50.0,50,7967.361686,0.0
-50.0,50,7967.855522,0.0
-50.0,50,7968.356349,0.0
-50.0,50,7968.867865,0.0
-50.0,50,7969.374151,0.0
-50.0,50,7969.8834,0.0
-50.0,50,7970.412275,0.0
0.0,50,7970.941367,1.0
-50.0,50,7971.451655,0.0
-50.0,50,7971.93705,0.0
0.0,50,7972.439342,1.0
0.0,50,7972.964216,1.0
-50.0,50,7973.461718,0.0
-50.0,50,7973.969459,0.0
-50.0,50,7974.455833,0.0
-50.0,50,7974.96602,0.0
-50.0,50,7975.469912,0.0
-50.0,50,7975.963951,0.0
-50.0,50,7976.459088,0.0
-50.0,50,7976.959314,0.0
-50.0,50,7977.446722,0.0
-50.0,50,7977.948421,0.0
-50.0,50,7978.442693,0.0
-50.0,50,7978.958246,0.0
-50.0,50,7979.46971,0.0
-50.0,50,7979.956631,0.0
-50.0,50,7980.455583,0.0
0.0,50,7980.985126,1.0
-50.0,50,7981.483548,0.0
-50.0,50,7981.987275,0.0
-50.0,50,7982.468345,0.0
-50.0,50,7982.981153,0.0
-50.0,50,7983.496853,0.0
-50.0,50,7983.988994,0.0
-50.0,50,7984.489696,0.0
-50.0,50,7984.997083,0.0
-50.0,50,7985.485751,0.0
-50.0,50,7985.976057,0.0
-50.0,50,7986.468266,0.0
-50.0,50,7986.973551,0.0
-50.0,50,7987.455582,0.0
0.0,50,7987.956552,1.0
-50.0,50,7988.461846,0.0
-50.0,50,7988.96541,0.0
-50.0,50,7989.476385,0.0
-50.0,50,7989.960815,0.0
-50.0,50,7990.446793,0.0
0.0,50,7990.976121,1.0
-50.0,50,7991.485523,0.0
-50.0,50,7991.97932,0.0
-50.0,50,7992.471043,0.0
0.0,50,7992.967392,1.0
-50.0,50,7993.46065,0.0
-50.0,50,7993.957463,0.0
-50.0,50,7994.449487,0.0
-50.0,50,7994.960465,0.0
-50.0,50,7995.446063,0.0
-50.0,50,7995.946566,0.0
-50.0,50,7996.454609,0.0
-50.0,50,7996.96261,0.0
-50.0,50,7997.452191,0.0
-50.0,50,7997.926499,0.0
-50.0,50,7998.43353,0.0
-50.0,50,7998.95155,0.0
-50.0,50,7999.445633,0.0
-50.0,50,7999.938551,0.0
-50.0,50,8000.41627,0.0
-50.0,50,8000.925457,0.0
-50.0,50,8001.416266,0.0
-50.0,50,8001.910719,0.0
-50.0,50,8002.409362,0.0
-50.0,50,8002.928633,0.0
-50.0,50,8003.416513,0.0
-50.0,50,8003.908678,0.0
-50.0,50,8004.411155,0.0
-50.0,50,8004.933145,0.0
-50.0,50,8005.413667,0.0
-50.0,50,8005.898504,0.0
-50.0,50,8006.389398,0.0
-50.0,50,8006.895419,0.0
-50.0,50,8007.388688,0.0
-50.0,50,8007.860025,0.0
-50.0,50,8008.346681,0.0
-50.0,50,8008.860305,0.0
-50.0,50,8009.355667,0.0
0.0,50,8009.839657,1.0
0.0,50,8010.317595,1.0
-50.0,50,8010.826507,0.0
-50.0,50,8011.3155,0.0
-50.0,50,8011.810551,0.0
-50.0,50,8012.313806,0.0
-50.0,50,8012.807459,0.0
-50.0,50,8013.296263,0.0
-50.0,50,8013.793417,0.0
-50.0,50,8014.287513,0.0
-50.0,50,8014.794951,0.0
-50.0,50,8015.270561,0.0
0.0,50,8015.774815,1.0
-50.0,50,8016.278047,0.0
-50.0,50,8016.795503,0.0
-50.0,50,8017.286672,0.0
0.0,50,8017.775298,1.0
-50.0,50,8018.273733,0.0
-50.0,50,8018.786874,0.0
-50.0,50,8019.284743,0.0
-50.0,50,8019.774846,0.0
-50.0,50,8020.266066,0.0
-50.0,50,8020.78782,0.0
-50.0,50,8021.302747,0.0
-50.0,50,8021.805999,0.0
-50.0,50,8022.309726,0.0
-50.0,50,8022.831751,0.0
-50.0,50,8023.302807,0.0
-50.0,50,8023.797101,0.0
-50.0,50,8024.282836,0.0
-50.0,50,8024.786675,0.0
-50.0,50,8025.262504,0.0
-50.0,50,8025.744856,0.0
-50.0,50,8026.232577,0.0
-50.0,50,8026.733905,0.0
-50.0,50,8027.220773,0.0
-50.0,50,8027.696717,0.0
-50.0,50,8028.184516,0.0
-50.0,50,8028.699361,0.0
-50.0,50,8029.193045,0.0
-50.0,50,8029.68558,0.0
-50.0,50,8030.164672,0.0
-50.0,50,8030.668232,0.0
-50.0,50,8031.162209,0.0
0.0,50,8031.672365,1.0
-50.0,50,8032.189046,0.0
-50.0,50,8032.688381,0.0
-50.0,50,8033.172422,0.0
-50.0,50,8033.667386,0.0
-50.0,50,8034.16876,0.0
-50.0,50,8034.682348,0.0
-50.0,50,8035.168192,0.0
-50.0,50,8035.650258,0.0
-50.0,50,8036.142123,0.0
-50.0,50,8036.646247,0.0
-50.0,50,8037.136643,0.0
-50.0,50,8037.619503,0.0
-50.0,50,8038.108281,0.0
-50.0,50,8038.623749,0.0
-50.0,50,8039.114076,0.0
-50.0,50,8039.605431,0.0
-50.0,50,8040.089382,0.0
-50.0,50,8040.598457,0.0
-50.0,50,8041.087125,0.0
-50.0,50,8041.577119,0.0
-50.0,50,8042.069025,0.0
-50.0,50,8042.569147,0.0
-50.0,50,8043.056967,0.0
-50.0,50,8043.549125,0.0
-50.0,50,8044.040593,0.0
-50.0,50,8044.572978,0.0
-50.0,50,8045.059267,0.0
-50.0,50,8045.549895,0.0
-50.0,50,8046.042687,0.0
-50.0,50,8046.549179,0.0
-50.0,50,8047.046863,0.0
-50.0,50,8047.538471,0.0
-50.0,50,8048.021957,0.0
-50.0,50,8048.531838,0.0
-50.0,50,8049.024818,0.0
0.0,50,8049.534423,1.0
0.0,50,8050.036296,1.0
-50.0,50,8050.532937,0.0
-50.0,50,8051.022527,0.0
-50.0,50,8051.522367,0.0
-50.0,50,8052.03277,0.0
-50.0,50,8054.788855,0.0
-50.0,50,8055.282145,0.0
-50.0,50,8055.777016,0.0
-50.0,50,8056.277146,0.0
-50.0,50,8056.777367,0.0
-50.0,50,8057.269824,0.0
-50.0,50,8057.761438,0.0
-50.0,50,8058.252037,0.0
-50.0,50,8058.76526,0.0
0.0,50,8059.25693,1.0
-50.0,50,8059.748456,0.0
-50.0,50,8060.240259,0.0
-50.0,50,8060.749886,0.0
0.0,50,8061.243767,1.0
-50.0,50,8061.729359,0.0
-50.0,50,8062.220462,0.0
-50.0,50,8062.733563,0.0
-50.0,50,8063.226961,0.0
0.0,50,8063.721752,1.0
-50.0,50,8064.197592,0.0
-50.0,50,8064.702977,0.0
-50.0,50,8065.197,0.0
-50.0,50,8065.692102,0.0
-50.0,50,8066.185211,0.0
-50.0,50,8066.675789,0.0
-50.0,50,8067.181897,0.0
-50.0,50,8067.681494,0.0
-50.0,50,8068.181967,0.0
-50.0,50,8068.699577,0.0
0.0,50,8069.196915,1.0
-50.0,50,8069.705987,0.0
-50.0,50,8070.211611,0.0
-50.0,50,8070.724956,0.0
-50.0,50,8071.218299,0.0
-50.0,50,8071.709065,0.0
-50.0,50,8072.204185,0.0
-50.0,50,8072.726454,0.0
-50.0,50,8073.225151,0.0
-50.0,50,8073.721139,0.0
-50.0,50,8074.216691,0.0
-50.0,50,8074.713737,0.0
-50.0,50,8075.215684,0.0
-50.0,50,8075.714905,0.0
0.0,50,8076.215277,1.0
-50.0,50,8076.733457,0.0
-50.0,50,8077.213836,0.0
-50.0,50,8077.707829,0.0
-50.0,50,8078.209914,0.0
-50.0,50,8078.729534,0.0
-50.0,50,8079.229983,0.0
-50.0,50,8079.723748,0.0
-50.0,50,8080.222039,0.0
-50.0,50,8080.746367,0.0
-50.0,50,8081.253021,0.0
-50.0,50,8081.7662,0.0
0.0,50,8082.276871,1.0
-50.0,50,8082.783117,0.0
-50.0,50,8083.283724,0.0
-50.0,50,8083.783467,0.0
-50.0,50,8084.28648,0.0
-50.0,50,8084.80698,0.0
-50.0,50,8085.314256,0.0
-50.0,50,8085.814505,0.0
-50.0,50,8086.324403,0.0
-50.0,50,8086.857431,0.0
0.0,50,8087.380033,1.0
-50.0,50,8087.890322,0.0
-50.0,50,8088.382865,0.0
-50.0,50,8088.901698,0.0
0.0,50,8089.417262,1.0
-50.0,50,8089.919428,0.0
-50.0,50,8090.431616,0.0
-50.0,50,8090.955156,0.0
-50.0,50,8091.449273,0.0
-50.0,50,8091.965418,0.0
-50.0,50,8092.488526,0.0
-50.0,50,8093.021489,0.0
-50.0,50,8093.524585,0.0
-50.0,50,8094.023252,0.0
-50.0,50,8094.512342,0.0
-50.0,50,8095.02986,0.0
-50.0,50,8095.536559,0.0
-50.0,50,8096.041205,0.0
-50.0,50,8096.551421,0.0
-50.0,50,8097.076861,0.0
-50.0,50,8097.587276,0.0
-50.0,50,8098.09633,0.0
-50.0,50,8098.610693,0.0
-50.0,50,8099.137595,0.0
-50.0,50,8099.6516,0.0
-50.0,50,8100.14932,0.0
-50.0,50,8100.660605,0.0
-50.0,50,8101.184237,0.0
-50.0,50,8101.696012,0.0
-50.0,50,8102.202931,0.0
-50.0,50,8102.710079,0.0
-50.0,50,8103.220943,0.0
-50.0,50,8103.721946,0.0
-50.0,50,8104.225591,0.0
-50.0,50,8104.729481,0.0
-50.0,50,8105.246516,0.0
-50.0,50,8105.743807,0.0
0.0,50,8106.254387,1.0
-50.0,50,8106.757995,0.0
-50.0,50,8107.279539,0.0
-50.0,50,8107.786304,0.0
-50.0,50,8108.283758,0.0
-50.0,50,8108.782817,0.0
-50.0,50,8109.302242,0.0
0.0,50,8109.808798,1.0
-50.0,50,8110.314264,0.0
-50.0,50,8110.82466,0.0
-50.0,50,8111.339577,0.0
-50.0,50,8111.841835,0.0
-50.0,50,8112.346546,0.0
-50.0,50,8112.850496,0.0
-50.0,50,8113.380798,0.0
-50.0,50,8113.893905,0.0
-50.0,50,8114.388504,0.0
-50.0,50,8114.898562,0.0
-50.0,50,8115.421817,0.0
-50.0,50,8115.939083,0.0
-50.0,50,8116.452085,0.0
-50.0,50,8116.966037,0.0
-50.0,50,8117.472532,0.0
-50.0,50,8117.976636,0.0
-50.0,50,8118.480376,0.0
-50.0,50,8119.000221,0.0
-50.0,50,8119.52044,0.0
-50.0,50,8120.015048,0.0
-50.0,50,8120.506022,0.0
-50.0,50,8121.018925,0.0
-50.0,50,8121.555336,0.0
-50.0,50,8122.067904,0.0
-50.0,50,8122.575011,0.0
-50.0,50,8123.070507,0.0
-50.0,50,8123.577909,0.0
-50.0,50,8124.0672,0.0
-50.0,50,8124.565526,0.0
-50.0,50,8125.066345,0.0
-50.0,50,8125.562454,0.0
-50.0,50,8126.049824,0.0
-50.0,50,8126.544668,0.0
-50.0,50,8127.042884,0.0
-50.0,50,8127.545066,0.0
-50.0,50,8128.016175,0.0
-50.0,50,8128.502361,0.0
-50.0,50,8128.991729,0.0
0.0,50,8129.501826,1.0
0.0,50,8129.997725,1.0
-50.0,50,8130.477253,0.0
-50.0,50,8130.964925,0.0
-50.0,50,8131.478255,0.0
0.0,50,8131.979191,1.0
-50.0,50,8132.46873,0.0
-50.0,50,8132.940178,0.0
-50.0,50,8133.457519,0.0
-50.0,50,8133.950725,0.0
-50.0,50,8134.452977,0.0
-50.0,50,8134.941079,0.0
-50.0,50,8135.442682,0.0
-50.0,50,8135.936826,0.0
-50.0,50,8136.43399,0.0
-50.0,50,8136.923489,0.0
-50.0,50,8137.437911,0.0
-50.0,50,8137.912334,0.0
-50.0,50,8138.40615,0.0
-50.0,50,8138.914243,0.0
-50.0,50,8139.437983,0.0
-50.0,50,8139.932029,0.0
-50.0,50,8140.411947,0.0
-50.0,50,8140.89887,0.0
-50.0,50,8141.400874,0.0
-50.0,50,8141.887908,0.0
-50.0,50,8142.376082,0.0
-50.0,50,8142.848997,0.0
-50.0,50,8143.364642,0.0
-50.0,50,8143.852472,0.0
-50.0,50,8144.340834,0.0
-50.0,50,8144.835169,0.0
-50.0,50,8145.350398,0.0
0.0,50,8145.83898,1.0
-50.0,50,8146.324714,0.0
-50.0,50,8146.810925,0.0
-50.0,50,8147.341763,0.0
0.0,50,8147.838217,1.0
-50.0,50,8148.329212,0.0
-50.0,50,8148.819993,0.0
-50.0,50,8149.350014,0.0
-50.0,50,8149.840165,0.0
-50.0,50,8150.322974,0.0
-50.0,50,8150.814776,0.0
-50.0,50,8151.347244,0.0
-50.0,50,8151.852038,0.0
-50.0,50,8152.354207,0.0
-50.0,50,8152.848523,0.0
-50.0,50,8153.365815,0.0
-50.0,50,8153.862242,0.0
-50.0,50,8154.360379,0.0
0.0,50,8154.865644,1.0
-50.0,50,8157.748066,0.0
-50.0,50,8158.23834,0.0
-50.0,50,8158.736403,0.0
-50.0,50,8159.23138,0.0
-50.0,50,8159.751838,0.0
-50.0,50,8160.233208,0.0
-50.0,50,8160.714855,0.0
-50.0,50,8161.209901,0.0
-50.0,50,8161.735487,0.0
-50.0,50,8162.224073,0.0
-50.0,50,8162.713013,0.0
-50.0,50,8163.200044,0.0
-50.0,50,8163.74115,0.0
-50.0,50,8164.234347,0.0
-50.0,50,8164.74194,0.0
-50.0,50,8165.226441,0.0
-50.0,50,8165.768018,0.0
-50.0,50,8166.243013,0.0
-50.0,50,8166.716798,0.0
-50.0,50,8167.215317,0.0
-50.0,50,8167.762017,0.0
-50.0,50,8168.255407,0.0
-50.0,50,8168.744086,0.0
-50.0,50,8169.220439,0.0
-50.0,50,8169.742521,0.0
-50.0,50,8170.218844,0.0
0.0,50,8170.71172,1.0
-50.0,50,8171.21038,0.0
-50.0,50,8171.725374,0.0
-50.0,50,8172.192968,0.0
-50.0,50,8172.670868,0.0
-50.0,50,8173.152496,0.0
-50.0,50,8173.64561,0.0
-50.0,50,8174.11846,0.0
-50.0,50,8174.592491,0.0
-50.0,50,8175.066519,0.0
0.0,50,8175.560684,1.0
-50.0,50,8176.042684,0.0
-50.0,50,8176.529535,0.0
-50.0,50,8177.004354,0.0
0.0,50,8177.493593,1.0
-50.0,50,8177.969078,0.0
-50.0,50,8178.461199,0.0
-50.0,50,8178.958949,0.0
-50.0,50,8179.475115,0.0
-50.0,50,8179.98138,0.0
-50.0,50,8180.452232,0.0
-50.0,50,8180.946669,0.0
-50.0,50,8181.448935,0.0
-50.0,50,8181.941959,0.0
-50.0,50,8182.435159,0.0
-50.0,50,8182.921292,0.0
-50.0,50,8183.433941,0.0
-50.0,50,8183.926706,0.0
-50.0,50,8184.421591,0.0
-50.0,50,8184.916108,0.0
-50.0,50,8185.406359,0.0
-50.0,50,8185.910516,0.0
-50.0,50,8186.408485,0.0
-50.0,50,8186.902758,0.0
-50.0,50,8187.432608,0.0
-50.0,50,8187.912444,0.0
-50.0,50,8188.401502,0.0
-50.0,50,8188.89276,0.0
-50.0,50,8189.40611,0.0
-50.0,50,8189.900665,0.0
-50.0,50,8190.372053,0.0
-50.0,50,8190.8758,0.0
-50.0,50,8191.384119,0.0
-50.0,50,8191.871653,0.0
0.0,50,8192.385254,1.0
-50.0,50,8192.866262,0.0
-50.0,50,8193.382424,0.0
-50.0,50,8193.875267,0.0
-50.0,50,8194.366692,0.0
-50.0,50,8194.856643,0.0
-50.0,50,8195.343922,0.0
-50.0,50,8195.825228,0.0
-50.0,50,8196.323871,0.0
-50.0,50,8196.81331,0.0
-50.0,50,8197.314418,0.0
-50.0,50,8197.782658,0.0
-50.0,50,8198.26544,0.0
-50.0,50,8198.750387,0.0
0.0,50,8199.269476,1.0
-50.0,50,8199.759529,0.0
-50.0,50,8200.237359,0.0
0.0,50,8200.73962,1.0
-50.0,50,8201.251139,0.0
-50.0,50,8201.738838,0.0
-50.0,50,8202.222478,0.0
-50.0,50,8202.694256,0.0
-50.0,50,8203.190318,0.0
-50.0,50,8203.680871,0.0
-50.0,50,8204.177366,0.0
-50.0,50,8204.661424,0.0
0.0,50,8205.17798,1.0
-50.0,50,8205.682806,0.0
-50.0,50,8206.173982,0.0
-50.0,50,8206.666099,0.0
-50.0,50,8207.172969,0.0
-50.0,50,8207.656153,0.0
-50.0,50,8208.147141,0.0
-50.0,50,8208.658332,0.0
-50.0,50,8209.189003,0.0
-50.0,50,8209.705406,0.0
-50.0,50,8210.174817,0.0
-50.0,50,8210.666569,0.0
-50.0,50,8211.193027,0.0
-50.0,50,8211.684518,0.0
-50.0,50,8212.180146,0.0
-50.0,50,8212.658025,0.0
-50.0,50,8213.179181,0.0
0.0,50,8213.671282,1.0
-50.0,50,8214.161465,0.0
-50.0,50,8214.657181,0.0
-50.0,50,8215.153942,0.0
-50.0,50,8215.642352,0.0
-50.0,50,8216.134806,0.0
-50.0,50,8216.630296,0.0
-50.0,50,8217.138433,0.0
-50.0,50,8217.612082,0.0
-50.0,50,8218.109683,0.0
-50.0,50,8218.603515,0.0
-50.0,50,8219.116899,0.0
-50.0,50,8219.609867,0.0
-50.0,50,8220.08809,0.0
-50.0,50,8220.579689,0.0
-50.0,50,8221.08783,0.0
0.0,50,8221.6047,1.0
0.0,50,8222.120228,1.0
-50.0,50,8222.603292,0.0
-50.0,50,8223.141448,0.0
-50.0,50,8223.633992,0.0
-50.0,50,8224.126379,0.0
-50.0,50,8224.61976,0.0
-50.0,50,8225.132507,0.0
-50.0,50,8225.61483,0.0
-50.0,50,8226.112157,0.0
-50.0,50,8226.607651,0.0
-50.0,50,8227.120985,0.0
-50.0,50,8227.625136,0.0
-50.0,50,8228.102664,0.0
-50.0,50,8228.600999,0.0
-50.0,50,8229.124286,0.0
-50.0,50,8229.62874,0.0
-50.0,50,8230.129108,0.0
-50.0,50,8230.609488,0.0
-50.0,50,8231.127816,0.0
-50.0,50,8231.627823,0.0
-50.0,50,8232.131791,0.0
-50.0,50,8232.640088,0.0
-50.0,50,8233.143122,0.0
-50.0,50,8233.640963,0.0
-50.0,50,8234.142198,0.0
-50.0,50,8234.64825,0.0
-50.0,50,8235.154626,0.0
-50.0,50,8235.63118,0.0
-50.0,50,8236.113177,0.0
-50.0,50,8236.627435,0.0
-50.0,50,8237.179864,0.0
-50.0,50,8237.665861,0.0
-50.0,50,8238.144412,0.0
-50.0,50,8238.615034,0.0
-50.0,50,8239.124775,0.0
0.0,50,8239.635389,1.0
-50.0,50,8240.122713,0.0
-50.0,50,8240.599823,0.0
-50.0,50,8241.098514,0.0
-50.0,50,8241.610185,0.0
-50.0,50,8242.095841,0.0
-50.0,50,8242.607147,0.0
-50.0,50,8243.126726,0.0
-50.0,50,8243.625284,0.0
-50.0,50,8244.138014,0.0
-50.0,50,8244.643731,0.0
-50.0,50,8245.175943,0.0
-50.0,50,8245.689755,0.0
0.0,50,8246.194373,1.0
-50.0,50,8246.694569,0.0
-50.0,50,8247.212316,0.0
-50.0,50,8247.690648,0.0
-50.0,50,8248.183196,0.0
-50.0,50,8248.650837,0.0
-50.0,50,8249.155513,0.0
-50.0,50,8249.654332,0.0
-50.0,50,8250.139235,0.0
0.0,50,8250.64186,1.0
-50.0,50,8251.12128,0.0
-50.0,50,8251.600479,0.0
-50.0,50,8252.087862,0.0
-50.0,50,8252.579835,0.0
-50.0,50,8253.079892,0.0
-50.0,50,8253.5696,0.0
-50.0,50,8254.059425,0.0
-50.0,50,8254.564351,0.0
-50.0,50,8255.074861,0.0
0.0,50,8255.564399,1.0
-50.0,50,8256.034868,0.0
-50.0,50,8256.531626,0.0
-50.0,50,8259.341217,0.0
-50.0,50,8259.823532,0.0
-50.0,50,8260.301739,0.0
-50.0,50,8260.7892,0.0
-50.0,50,8261.292989,0.0
-50.0,50,8261.783367,0.0
-50.0,50,8262.262511,0.0
-50.0,50,8262.748836,0.0
-50.0,50,8263.248052,0.0
-50.0,50,8263.741008,0.0
-50.0,50,8264.225817,0.0
-50.0,50,8264.69744,0.0
-50.0,50,8265.196233,0.0
-50.0,50,8265.683365,0.0
-50.0,50,8266.164775,0.0
-50.0,50,8266.648947,0.0
-50.0,50,8267.134451,0.0
-50.0,50,8267.614237,0.0
-50.0,50,8268.097044,0.0
-50.0,50,8268.583251,0.0
-50.0,50,8269.062495,0.0
-50.0,50,8269.540069,0.0
-50.0,50,8270.029037,0.0
-50.0,50,8270.529205,0.0
-50.0,50,8271.040429,0.0
-50.0,50,8271.510151,0.0
-50.0,50,8271.997538,0.0
0.0,50,8272.482421,1.0
0.0,50,8272.993376,1.0
0.0,50,8273.476425,1.0
-50.0,50,8273.960834,0.0
-50.0,50,8274.45471,0.0
0.0,50,8274.973193,1.0
-50.0,50,8275.457966,0.0
-50.0,50,8275.945873,0.0
-50.0,50,8276.430009,0.0
-50.0,50,8276.933023,0.0
-50.0,50,8277.422809,0.0
-50.0,50,8277.912961,0.0
-50.0,50,8278.394814,0.0
-50.0,50,8278.904924,0.0
-50.0,50,8279.398171,0.0
-50.0,50,8279.886795,0.0
0.0,50,8280.38241,1.0
-50.0,50,8280.87965,0.0
-50.0,50,8281.367801,0.0
-50.0,50,8281.859543,0.0
-50.0,50,8282.353132,0.0
-50.0,50,8282.862026,0.0
-50.0,50,8283.345803,0.0
0.0,50,8283.854469,1.0
-50.0,50,8284.360791,0.0
-50.0,50,8284.87679,0.0
-50.0,50,8285.381707,0.0
-50.0,50,8285.865816,0.0
-50.0,50,8286.365258,0.0
-50.0,50,8286.876565,0.0
-50.0,50,8287.374642,0.0
-50.0,50,8287.865199,0.0
0.0,50,8288.352663,1.0
-50.0,50,8288.84607,0.0
-50.0,50,8289.343398,0.0
0.0,50,8289.847739,1.0
-50.0,50,8290.339603,0.0
-50.0,50,8290.848301,0.0
-50.0,50,8291.325365,0.0
-50.0,50,8291.817147,0.0
-42.0,50,8292.319884,0.0
-50.0,50,8292.824397,0.0
-50.0,50,8293.326295,0.0
-50.0,50,8293.808985,0.0
0.0,50,8294.307732,1.0
-50.0,50,8294.826415,0.0
-50.0,50,8295.322603,0.0
-50.0,50,8295.813277,0.0
-50.0,50,8296.286331,0.0
-50.0,50,8296.81524,0.0
-50.0,50,8297.301883,0.0
-50.0,50,8297.80515,0.0
-50.0,50,8298.298872,0.0
-50.0,50,8298.796622,0.0
-50.0,50,8299.280417,0.0
-50.0,50,8299.766626,0.0
-50.0,50,8300.270447,0.0
-50.0,50,8300.783708,0.0
-50.0,50,8301.260579,0.0
-50.0,50,8301.76908,0.0
-50.0,50,8302.264604,0.0
-50.0,50,8302.794402,0.0
-50.0,50,8303.309368,0.0
-50.0,50,8303.800826,0.0
-50.0,50,8304.302381,0.0
0.0,50,8304.824783,1.0
-50.0,50,8305.327383,0.0
-50.0,50,8305.828884,0.0
-50.0,50,8306.334879,0.0
-50.0,50,8306.847485,0.0
-50.0,50,8307.36151,0.0
-50.0,50,8307.869437,0.0
-50.0,50,8308.372002,0.0
-50.0,50,8308.895589,0.0
-50.0,50,8309.393393,0.0
-50.0,50,8309.886434,0.0
-50.0,50,8310.396285,0.0
-50.0,50,8310.917035,0.0
-50.0,50,8311.417791,0.0
-50.0,50,8311.914196,0.0
-50.0,50,8312.408505,0.0
-50.0,50,8312.941494,0.0
-50.0,50,8313.44915,0.0
-50.0,50,8313.956186,0.0
-50.0,50,8314.47652,0.0
-50.0,50,8314.990671,0.0
-50.0,50,8315.482159,0.0
-50.0,50,8315.997764,0.0
-50.0,50,8316.499145,0.0
-50.0,50,8317.028458,0.0
-50.0,50,8317.548581,0.0
-50.0,50,8318.040019,0.0
-50.0,50,8318.542538,0.0
-50.0,50,8319.05697,0.0
-50.0,50,8319.566164,0.0
-50.0,50,8320.076082,0.0
-50.0,50,8320.582245,0.0
-50.0,50,8321.089751,0.0
-50.0,50,8321.59809,0.0
-50.0,50,8322.106765,0.0
-50.0,50,8322.605012,0.0
-50.0,50,8323.128903,0.0
-50.0,50,8323.620512,0.0
-50.0,50,8324.113456,0.0
-50.0,50,8324.619195,0.0
-50.0,50,8325.135494,0.0
-50.0,50,8325.619655,0.0
-50.0,50,8326.096815,0.0
-50.0,50,8326.573484,0.0
0.0,50,8327.100456,1.0
-50.0,50,8327.583249,0.0
-50.0,50,8328.066996,0.0
-50.0,50,8328.539899,0.0
-50.0,50,8329.040972,0.0
-50.0,50,8329.532971,0.0
-50.0,50,8330.038044,0.0
-50.0,50,8330.527469,0.0
-50.0,50,8331.035667,0.0
-50.0,50,8331.515851,0.0
0.0,50,8332.008245,1.0
-50.0,50,8332.498972,0.0
-50.0,50,8333.010345,0.0
-50.0,50,8333.483596,0.0
-50.0,50,8333.994102,0.0
-50.0,50,8334.481078,0.0
-50.0,50,8334.988906,0.0
-50.0,50,8335.478774,0.0
-50.0,50,8335.948901,0.0
-50.0,50,8336.440069,0.0
-50.0,50,8336.943449,0.0
-50.0,50,8337.440293,0.0
-50.0,50,8337.938845,0.0
-50.0,50,8338.409653,0.0
-50.0,50,8338.915633,0.0
-50.0,50,8339.403872,0.0
-50.0,50,8339.890066,0.0
-50.0,50,8340.369999,0.0
0.0,50,8340.871406,1.0
-50.0,50,8341.361216,0.0
-50.0,50,8341.852822,0.0
0.0,50,8342.365585,1.0
0.0,50,8342.886852,1.0
-50.0,50,8343.359802,0.0
-50.0,50,8343.865834,0.0
-50.0,50,8344.358062,0.0
-50.0,50,8344.864346,0.0
-50.0,50,8345.369059,0.0
-50.0,50,8345.840828,0.0
-50.0,50,8346.326772,0.0
-50.0,50,8346.83211,0.0
-50.0,50,8347.323624,0.0
-50.0,50,8347.816366,0.0
-50.0,50,8348.289238,0.0
-50.0,50,8348.800431,0.0
-50.0,50,8349.303561,0.0
-50.0,50,8349.792942,0.0
-50.0,50,8350.269191,0.0
-50.0,50,8350.767326,0.0
-50.0,50,8351.256636,0.0
-50.0,50,8351.742689,0.0
-50.0,50,8352.230983,0.0
-46.0,50,8352.740026,0.0
-50.0,50,8353.231125,0.0
-50.0,50,8353.719776,0.0
-50.0,50,8354.207583,0.0
-50.0,50,8354.721288,0.0
-50.0,50,8355.212353,0.0
-50.0,50,8355.709738,0.0
-50.0,50,8356.233907,0.0
-50.0,50,8356.763053,0.0
-50.0,50,8357.269085,0.0
0.0,50,8357.777686,1.0
-50.0,50,8358.258932,0.0
-50.0,50,8361.22121,0.0
-50.0,50,8361.73542,0.0
-50.0,50,8362.228745,0.0
-50.0,50,8362.723223,0.0
-50.0,50,8363.227563,0.0
-50.0,50,8363.72799,0.0
-50.0,50,8364.231851,0.0
-50.0,50,8364.736929,0.0
-50.0,50,8365.278916,0.0
-50.0,50,8365.774306,0.0
-50.0,50,8366.274219,0.0
-50.0,50,8366.789298,0.0
-50.0,50,8367.306486,0.0
-50.0,50,8367.793215,0.0
-50.0,50,8368.279269,0.0
0.0,50,8368.76505,1.0
0.0,50,8369.268801,1.0
-50.0,50,8369.747775,0.0
-50.0,50,8370.226618,0.0
-50.0,50,8370.695601,0.0
-50.0,50,8371.185352,0.0
-50.0,50,8371.666289,0.0
-50.0,50,8372.151256,0.0
-50.0,50,8372.639996,0.0
-50.0,50,8373.124192,0.0
-50.0,50,8373.613148,0.0
-50.0,50,8374.105421,0.0
0.0,50,8374.585692,1.0
-50.0,50,8375.07849,0.0
-50.0,50,8375.547987,0.0
-50.0,50,8376.030356,0.0
-50.0,50,8376.520959,0.0
-50.0,50,8377.017462,0.0
-50.0,50,8377.490263,0.0
-50.0,50,8377.965907,0.0
-50.0,50,8378.449289,0.0
-50.0,50,8378.968459,0.0
-50.0,50,8379.447064,0.0
-50.0,50,8379.920533,0.0
-50.0,50,8380.400013,0.0
-50.0,50,8380.908785,0.0
-50.0,50,8381.390901,0.0
-50.0,50,8381.862981,0.0
-50.0,50,8382.335944,0.0
-50.0,50,8382.830477,0.0
-50.0,50,8383.30638,0.0
-50.0,50,8383.796806,0.0
0.0,50,8384.267594,1.0
-50.0,50,8384.770545,0.0
-50.0,50,8385.264051,0.0
-50.0,50,8385.74738,0.0
-50.0,50,8386.22342,0.0
0.0,50,8386.717425,1.0
-50.0,50,8387.200227,0.0
-50.0,50,8387.679225,0.0
-50.0,50,8388.167623,0.0
-50.0,50,8388.661773,0.0
-50.0,50,8389.141667,0.0
-50.0,50,8389.627609,0.0
-50.0,50,8390.114683,0.0
-50.0,50,8390.629756,0.0
-50.0,50,8391.105376,0.0
-50.0,50,8391.589079,0.0
-50.0,50,8392.078356,0.0
-50.0,50,8392.586248,0.0
-50.0,50,8393.090228,0.0
-50.0,50,8393.580238,0.0
-50.0,50,8394.076454,0.0
-50.0,50,8394.575208,0.0
-50.0,50,8395.071628,0.0
-50.0,50,8395.563504,0.0
-50.0,50,8396.032045,0.0
-50.0,50,8396.54467,0.0
-50.0,50,8397.044837,0.0
-50.0,50,8397.536397,0.0
-50.0,50,8398.02931,0.0
-50.0,50,8398.514413,0.0
-50.0,50,8399.013199,0.0
-50.0,50,8399.508522,0.0
-50.0,50,8400.000118,0.0
0.0,50,8400.528585,1.0
-50.0,50,8401.003585,0.0
-50.0,50,8401.494882,0.0
-50.0,50,8401.986075,0.0
-50.0,50,8402.490318,0.0
-50.0,50,8402.975867,0.0
-50.0,50,8403.452423,0.0
0.0,50,8403.965028,1.0
-50.0,50,8404.471006,0.0
-50.0,50,8404.954664,0.0
-50.0,50,8405.438641,0.0
-50.0,50,8405.919411,0.0
-50.0,50,8406.423105,0.0
-50.0,50,8406.912323,0.0
-50.0,50,8407.402418,0.0
-50.0,50,8407.88599,0.0
-50.0,50,8408.402277,0.0
-50.0,50,8408.893267,0.0
-50.0,50,8409.381547,0.0
-50.0,50,8409.873632,0.0
-50.0,50,8410.381611,0.0
-50.0,50,8410.861588,0.0
-50.0,50,8411.366585,0.0
-50.0,50,8411.859544,0.0
-50.0,50,8412.382004,0.0
-50.0,50,8412.8765,0.0
-50.0,50,8413.367473,0.0
-50.0,50,8413.856156,0.0
-50.0,50,8414.366587,0.0
-50.0,50,8414.85601,0.0
-50.0,50,8415.334783,0.0
-50.0,50,8415.815892,0.0
-50.0,50,8416.317926,0.0
-50.0,50,8416.805513,0.0
-50.0,50,8417.297992,0.0
-50.0,50,8417.776693,0.0
-50.0,50,8418.295035,0.0
-50.0,50,8418.78219,0.0
-50.0,50,8419.273137,0.0
-50.0,50,8419.773084,0.0
-50.0,50,8420.268707,0.0
-50.0,50,8420.745281,0.0
-50.0,50,8421.234265,0.0
-50.0,50,8421.72059,0.0
-50.0,50,8422.233742,0.0
-50.0,50,8422.711681,0.0
-50.0,50,8423.220536,0.0
-50.0,50,8423.729317,0.0
-50.0,50,8424.255149,0.0
0.0,50,8424.765751,1.0
-50.0,50,8425.267567,0.0
-50.0,50,8425.765785,0.0
-50.0,50,8426.289695,0.0
-50.0,50,8426.795843,0.0
-50.0,50,8427.297653,0.0
-50.0,50,8427.79965,0.0
-50.0,50,8428.309028,0.0
-50.0,50,8428.808851,0.0
-50.0,50,8429.323942,0.0
-50.0,50,8429.829338,0.0
-50.0,50,8430.3588,0.0
-50.0,50,8430.869847,0.0
-50.0,50,8431.362911,0.0
-50.0,50,8431.879841,0.0
-50.0,50,8432.407481,0.0
-50.0,50,8432.917989,0.0
-50.0,50,8433.421882,0.0
-50.0,50,8433.918821,0.0
-50.0,50,8434.422586,0.0
-50.0,50,8434.938918,0.0
-50.0,50,8435.442735,0.0
-50.0,50,8435.956738,0.0
-50.0,50,8436.475697,0.0
-50.0,50,8436.967685,0.0
-50.0,50,8437.462729,0.0
-50.0,50,8437.969806,0.0
-50.0,50,8438.490676,0.0
-50.0,50,8438.994265,0.0
-50.0,50,8439.495538,0.0
-50.0,50,8439.989869,0.0
-50.0,50,8440.527001,0.0
0.0,50,8441.052217,1.0
-50.0,50,8441.561436,0.0
-50.0,50,8442.067727,0.0
-50.0,50,8442.622566,0.0
-50.0,50,8443.121141,0.0
-50.0,50,8443.634995,0.0
-50.0,50,8444.150025,0.0
-50.0,50,8444.699383,0.0
-50.0,50,8445.203125,0.0
-50.0,50,8445.71405,0.0
-50.0,50,8446.200861,0.0
-50.0,50,8446.709565,0.0
-50.0,50,8447.195772,0.0
-50.0,50,8447.683328,0.0
-50.0,50,8448.179729,0.0
-50.0,50,8448.663476,0.0
-50.0,50,8449.157928,0.0
0.0,50,8449.655786,1.0
-50.0,50,8450.158955,0.0
-50.0,50,8450.655178,0.0
-50.0,50,8451.140907,0.0
-50.0,50,8451.629541,0.0
-50.0,50,8452.12663,0.0
-50.0,50,8452.633813,0.0
-50.0,50,8453.126955,0.0
-50.0,50,8453.613628,0.0
-50.0,50,8454.116023,0.0
-50.0,50,8454.649781,0.0
-50.0,50,8455.173127,0.0
-50.0,50,8455.684143,0.0
-50.0,50,8456.193223,0.0
-50.0,50,8456.707227,0.0
-50.0,50,8457.212029,0.0
-50.0,50,8457.721974,0.0
-50.0,50,8458.238177,0.0
-50.0,50,8458.758836,0.0
-50.0,50,8459.247707,0.0
-50.0,50,8459.748185,0.0
-50.0,50,8460.255204,0.0
-50.0,50,8463.084405,0.0
-50.0,50,8463.572677,0.0
-50.0,50,8464.072943,0.0
-50.0,50,8464.580069,0.0
-50.0,50,8465.138666,0.0
-50.0,50,8465.641429,0.0
-50.0,50,8466.138412,0.0
-50.0,50,8466.646754,0.0
-50.0,50,8467.16385,0.0
-50.0,50,8467.67223,0.0
-50.0,50,8468.185143,0.0
-50.0,50,8468.699576,0.0
-47.0,50,8469.224088,0.0
-50.0,50,8469.727337,0.0
0.0,50,8470.234339,1.0
-50.0,50,8470.739031,0.0
-50.0,50,8471.298061,0.0
-50.0,50,8471.799051,0.0
-50.0,50,8472.29615,0.0
-50.0,50,8472.79478,0.0
-50.0,50,8473.337267,0.0
-50.0,50,8473.852666,0.0
-50.0,50,8474.354947,0.0
-50.0,50,8474.858303,0.0
-50.0,50,8475.392715,0.0
0.0,50,8475.891718,1.0
-50.0,50,8476.396145,0.0
-50.0,50,8476.898149,0.0
-50.0,50,8477.430795,0.0
-29.0,50,8477.938625,0.0
-50.0,50,8478.427119,0.0
-50.0,50,8478.934893,0.0
-50.0,50,8479.479375,0.0
-50.0,50,8479.968421,0.0
-50.0,50,8480.454508,0.0
-50.0,50,8480.944434,0.0
-50.0,50,8481.473993,0.0
-50.0,50,8481.971188,0.0
-50.0,50,8482.480214,0.0
-50.0,50,8482.982841,0.0
-50.0,50,8483.533194,0.0
0.0,50,8484.047814,1.0
-50.0,50,8484.544237,0.0
-50.0,50,8485.047155,0.0
-50.0,50,8485.575985,0.0
-50.0,50,8486.078474,0.0
-50.0,50,8486.601823,0.0
-50.0,50,8487.086774,0.0
-50.0,50,8487.63185,0.0
-50.0,50,8488.134234,0.0
-50.0,50,8488.624286,0.0
-50.0,50,8489.117731,0.0
-50.0,50,8489.640296,0.0
-50.0,50,8490.122365,0.0
-50.0,50,8490.612249,0.0
0.0,50,8491.110921,1.0
-50.0,50,8491.642442,0.0
-50.0,50,8492.14382,0.0
-50.0,50,8492.622512,0.0
-50.0,50,8493.11358,0.0
-50.0,50,8493.65443,0.0
-50.0,50,8494.155638,0.0
-50.0,50,8494.641613,0.0
-50.0,50,8495.122116,0.0
-50.0,50,8495.637064,0.0
-50.0,50,8496.124578,0.0
-50.0,50,8496.612598,0.0
0.0,50,8497.105707,1.0
-50.0,50,8497.612679,0.0
-50.0,50,8498.107465,0.0
-50.0,50,8498.598686,0.0
-50.0,50,8499.098568,0.0
-50.0,50,8499.632302,0.0
-50.0,50,8500.101743,0.0
-50.0,50,8500.604973,0.0
-50.0,50,8501.090986,0.0
-50.0,50,8501.613337,0.0
-50.0,50,8502.100032,0.0
-50.0,50,8502.575326,0.0
-50.0,50,8503.064465,0.0
-50.0,50,8503.586788,0.0
-50.0,50,8504.084868,0.0
-50.0,50,8504.577945,0.0
-50.0,50,8505.055353,0.0
-50.0,50,8505.579347,0.0
-50.0,50,8506.070085,0.0
-50.0,50,8506.56642,0.0
-50.0,50,8507.06554,0.0
-50.0,50,8507.577078,0.0
-50.0,50,8508.062172,0.0
-50.0,50,8508.551903,0.0
-50.0,50,8509.036284,0.0
-50.0,50,8509.543252,0.0
-50.0,50,8510.011358,0.0
-50.0,50,8510.500544,0.0
-50.0,50,8510.985863,0.0
-50.0,50,8511.486591,0.0
0.0,50,8511.98475,1.0
-50.0,50,8512.462285,0.0
-50.0,50,8512.949247,0.0
-50.0,50,8513.4563,0.0
-50.0,50,8513.959694,0.0
-50.0,50,8514.44349,0.0
-50.0,50,8514.924293,0.0
-50.0,50,8515.455365,0.0
-50.0,50,8515.96385,0.0
-50.0,50,8516.463385,0.0
-50.0,50,8516.967503,0.0
-50.0,50,8517.467847,0.0
-50.0,50,8517.972987,0.0
-50.0,50,8518.465811,0.0
-50.0,50,8518.957827,0.0
-50.0,50,8519.484395,0.0
-50.0,50,8519.970739,0.0
-50.0,50,8520.461737,0.0
0.0,50,8520.952114,1.0
0.0,50,8521.465427,1.0
-50.0,50,8521.960676,0.0
-50.0,50,8522.453655,0.0
-50.0,50,8522.939507,0.0
-50.0,50,8523.466435,0.0
-50.0,50,8523.970522,0.0
-50.0,50,8524.477042,0.0
-50.0,50,8524.972533,0.0
0.0,50,8525.480693,1.0
-50.0,50,8525.977868,0.0
-50.0,50,8526.48643,0.0
-50.0,50,8526.992568,0.0
-50.0,50,8527.509611,0.0
-50.0,50,8527.985711,0.0
0.0,50,8528.492465,1.0
-50.0,50,8528.984085,0.0
-50.0,50,8529.500019,0.0
-50.0,50,8529.991668,0.0
-50.0,50,8530.476391,0.0
-50.0,50,8530.967989,0.0
-50.0,50,8531.478229,0.0
-50.0,50,8531.964478,0.0
-50.0,50,8532.461204,0.0
-50.0,50,8532.943742,0.0
-50.0,50,8533.46358,0.0
-50.0,50,8533.966531,0.0
0.0,50,8534.467967,1.0
-50.0,50,8534.959229,0.0
-50.0,50,8535.458705,0.0
-50.0,50,8535.940593,0.0
-50.0,50,8536.427697,0.0
-50.0,50,8536.938121,0.0
-50.0,50,8537.448576,0.0
-50.0,50,8537.929965,0.0
-50.0,50,8538.426781,0.0
-50.0,50,8538.914596,0.0
-50.0,50,8539.410014,0.0
-50.0,50,8539.901914,0.0
-50.0,50,8540.37943,0.0
-50.0,50,8540.86639,0.0
-50.0,50,8541.384599,0.0
-50.0,50,8541.866934,0.0
-50.0,50,8542.353317,0.0
-50.0,50,8542.838304,0.0
-50.0,50,8543.337429,0.0
-50.0,50,8543.824071,0.0
-50.0,50,8544.334886,0.0
-50.0,50,8544.836527,0.0
-50.0,50,8545.3529,0.0
-50.0,50,8545.849193,0.0
-50.0,50,8546.349153,0.0
-50.0,50,8546.849898,0.0
-50.0,50,8547.388187,0.0
-50.0,50,8547.881716,0.0
-50.0,50,8548.372725,0.0
-50.0,50,8548.875905,0.0
-50.0,50,8549.395272,0.0
-50.0,50,8549.905423,0.0
-50.0,50,8550.405589,0.0
-50.0,50,8550.887869,0.0
0.0,50,8551.417448,1.0
-50.0,50,8551.927015,0.0
-50.0,50,8552.436054,0.0
-50.0,50,8552.934553,0.0
-50.0,50,8553.446239,0.0
0.0,50,8553.959639,1.0
-50.0,50,8554.459378,0.0
-50.0,50,8554.954446,0.0
-50.0,50,8555.45912,0.0
-50.0,50,8555.935023,0.0
-50.0,50,8556.41168,0.0
-50.0,50,8556.913342,0.0
-50.0,50,8557.417844,0.0
-50.0,50,8557.913192,0.0
-50.0,50,8558.390424,0.0
-50.0,50,8558.874281,0.0
-50.0,50,8559.377689,0.0
-50.0,50,8559.87894,0.0
-50.0,50,8560.360674,0.0
-50.0,50,8560.828413,0.0
-50.0,50,8561.352089,0.0
-50.0,50,8561.848955,0.0
-50.0,50,8562.343926,0.0
-50.0,50,8562.835169,0.0
-50.0,50,8565.60991,0.0
-50.0,50,8566.100995,0.0
-50.0,50,8566.588577,0.0
-50.0,50,8567.064079,0.0
-50.0,50,8567.563517,0.0
-50.0,50,8568.049707,0.0
-50.0,50,8568.530729,0.0
-50.0,50,8569.017218,0.0
-50.0,50,8569.513739,0.0
-50.0,50,8569.997746,0.0
-50.0,50,8570.47896,0.0
-50.0,50,8570.969752,0.0
-50.0,50,8571.468125,0.0
-50.0,50,8571.934932,0.0
-50.0,50,8572.4182,0.0
-50.0,50,8572.905376,0.0
0.0,50,8573.408353,1.0
-50.0,50,8573.911538,0.0
-50.0,50,8574.405208,0.0
-50.0,50,8574.890011,0.0
-50.0,50,8575.385652,0.0
-50.0,50,8575.869802,0.0
-50.0,50,8576.3696,0.0
-50.0,50,8576.845145,0.0
-50.0,50,8577.343385,0.0
-50.0,50,8577.83858,0.0
-50.0,50,8578.324969,0.0
-50.0,50,8578.794817,0.0
-50.0,50,8579.300552,0.0
-50.0,50,8579.787558,0.0
-50.0,50,8580.279469,0.0
-50.0,50,8580.768431,0.0
-50.0,50,8581.249975,0.0
-50.0,50,8581.738883,0.0
0.0,50,8582.2338,1.0
-50.0,50,8582.726258,0.0
-50.0,50,8583.227624,0.0
-50.0,50,8583.727248,0.0
-50.0,50,8584.215374,0.0
0.0,50,8584.724172,1.0
-50.0,50,8585.224089,0.0
-50.0,50,8585.741007,0.0
-50.0,50,8586.21012,0.0
-50.0,50,8586.707405,0.0
-50.0,50,8587.215863,0.0
-50.0,50,8587.707371,0.0
-50.0,50,8588.196473,0.0
-50.0,50,8588.672698,0.0
-50.0,50,8589.189573,0.0
-50.0,50,8589.677868,0.0
-50.0,50,8590.16342,0.0
0.0,50,8590.656071,1.0
-50.0,50,8591.143548,0.0
-50.0,50,8591.634189,0.0
-50.0,50,8592.124888,0.0
0.0,50,8592.614537,1.0
-50.0,50,8593.112071,0.0
-50.0,50,8593.592111,0.0
0.0,50,8594.087222,1.0
-50.0,50,8594.588129,0.0
-50.0,50,8595.117321,0.0
-50.0,50,8595.614567,0.0
-50.0,50,8596.092201,0.0
-50.0,50,8596.591609,0.0
-50.0,50,8597.097143,0.0
-50.0,50,8597.583082,0.0
-50.0,50,8598.063067,0.0
-50.0,50,8598.552517,0.0
-50.0,50,8599.061306,0.0
-50.0,50,8599.555031,0.0
-50.0,50,8600.049384,0.0
-50.0,50,8600.541778,0.0
-50.0,50,8601.048794,0.0
-50.0,50,8601.542103,0.0
-50.0,50,8602.034365,0.0
-50.0,50,8602.523482,0.0
-50.0,50,8603.033039,0.0
-50.0,50,8603.506122,0.0
-50.0,50,8604.009197,0.0
-50.0,50,8604.51016,0.0
-50.0,50,8605.029729,0.0
-50.0,50,8605.53483,0.0
-50.0,50,8606.023285,0.0
-50.0,50,8606.531129,0.0
-50.0,50,8607.070645,0.0
-50.0,50,8607.566923,0.0
0.0,50,8608.065893,1.0
-50.0,50,8608.561877,0.0
-50.0,50,8609.096068,0.0
-50.0,50,8609.601801,0.0
-50.0,50,8610.099705,0.0
-50.0,50,8610.598339,0.0
-50.0,50,8611.119787,0.0
-50.0,50,8611.615505,0.0
-50.0,50,8612.118169,0.0
-50.0,50,8612.649019,0.0
-50.0,50,8613.169777,0.0
-50.0,50,8613.653424,0.0
0.0,50,8614.176735,1.0
-50.0,50,8614.663297,0.0
-50.0,50,8615.184148,0.0
-50.0,50,8615.686152,0.0
-50.0,50,8616.187739,0.0
-50.0,50,8616.694353,0.0
-50.0,50,8617.207214,0.0
-50.0,50,8617.700597,0.0
-50.0,50,8618.200302,0.0
-50.0,50,8618.70234,0.0
-50.0,50,8619.21935,0.0
-50.0,50,8619.711699,0.0
-50.0,50,8620.206354,0.0
-50.0,50,8620.707411,0.0
-50.0,50,8621.233313,0.0
-50.0,50,8621.736311,0.0
-50.0,50,8622.241436,0.0
-50.0,50,8622.728502,0.0
-50.0,50,8623.248478,0.0
-50.0,50,8623.754391,0.0
-50.0,50,8624.266538,0.0
-50.0,50,8624.778753,0.0
-50.0,50,8625.299268,0.0
-50.0,50,8625.793513,0.0
-50.0,50,8626.304576,0.0
-50.0,50,8626.828748,0.0
-50.0,50,8627.363284,0.0
-50.0,50,8627.864642,0.0
-50.0,50,8628.377381,0.0
-50.0,50,8628.875563,0.0
-50.0,50,8629.396559,0.0
-50.0,50,8629.903461,0.0
-50.0,50,8630.410765,0.0
-50.0,50,8630.917962,0.0
-50.0,50,8631.428055,0.0
-50.0,50,8631.926823,0.0
-50.0,50,8632.431386,0.0
-50.0,50,8632.938327,0.0
-50.0,50,8633.48309,0.0
0.0,50,8633.98626,1.0
-50.0,50,8634.480601,0.0
0.0,50,8634.989402,1.0
-50.0,50,8635.527719,0.0
-50.0,50,8636.040972,0.0
-50.0,50,8636.554689,0.0
-50.0,50,8637.049008,0.0
-50.0,50,8637.563466,0.0
-50.0,50,8638.073334,0.0
-50.0,50,8638.574583,0.0
-50.0,50,8639.077116,0.0
-50.0,50,8639.603397,0.0
-50.0,50,8640.098264,0.0
-50.0,50,8640.609865,0.0
-50.0,50,8641.11203,0.0
-50.0,50,8641.633857,0.0
-50.0,50,8642.135862,0.0
-50.0,50,8642.630818,0.0
-50.0,50,8643.125555,0.0
-50.0,50,8643.641839,0.0
-50.0,50,8644.145159,0.0
-50.0,50,8644.660928,0.0
-50.0,50,8645.162793,0.0
0.0,50,8645.665385,1.0
-50.0,50,8646.155459,0.0
-50.0,50,8646.659784,0.0
-50.0,50,8647.15132,0.0
-50.0,50,8647.670537,0.0
-50.0,50,8648.148831,0.0
-50.0,50,8648.639591,0.0
-50.0,50,8649.130055,0.0
0.0,50,8649.636456,1.0
-50.0,50,8650.135714,0.0
-50.0,50,8650.637893,0.0
-50.0,50,8651.121998,0.0
-50.0,50,8651.645871,0.0
-50.0,50,8652.147927,0.0
-50.0,50,8652.638782,0.0
-50.0,50,8653.121097,0.0
-50.0,50,8653.630528,0.0
-50.0,50,8654.14334,0.0
-50.0,50,8654.636168,0.0
0.0,50,8655.134061,1.0
-50.0,50,8655.631013,0.0
-50.0,50,8656.116934,0.0
-50.0,50,8656.609035,0.0
-50.0,50,8657.119312,0.0
-50.0,50,8657.623552,0.0
-50.0,50,8658.101582,0.0
-50.0,50,8658.592664,0.0
-50.0,50,8659.096554,0.0
-50.0,50,8659.603865,0.0
-50.0,50,8660.096361,0.0
-50.0,50,8660.579963,0.0
-50.0,50,8661.072081,0.0
0.0,50,8661.592885,1.0
-50.0,50,8662.099026,0.0
-50.0,50,8662.596004,0.0
-50.0,50,8663.101173,0.0
-50.0,50,8663.600344,0.0
-50.0,50,8664.096247,0.0
-50.0,50,8664.582751,0.0
-50.0,50,8665.070876,0.0
-50.0,50,8667.893019,0.0
-50.0,50,8668.406692,0.0
-50.0,50,8668.892851,0.0
-50.0,50,8669.384088,0.0
-50.0,50,8669.89296,0.0
-50.0,50,8670.363043,0.0
-50.0,50,8670.864926,0.0
-50.0,50,8671.359249,0.0
-50.0,50,8671.863283,0.0
-50.0,50,8672.35217,0.0
-50.0,50,8672.823627,0.0
-50.0,50,8673.310861,0.0
-50.0,50,8673.815089,0.0
-50.0,50,8674.297315,0.0
-50.0,50,8674.759781,0.0
-50.0,50,8675.262213,0.0
0.0,50,8675.754285,1.0
-50.0,50,8676.259185,0.0
-50.0,50,8676.747836,0.0
-50.0,50,8677.215145,0.0
-50.0,50,8677.724004,0.0
-50.0,50,8678.22212,0.0
-50.0,50,8678.70389,0.0
-50.0,50,8679.177811,0.0
-50.0,50,8679.664858,0.0
-50.0,50,8680.17174,0.0
-50.0,50,8680.66696,0.0
-50.0,50,8681.168901,0.0
-50.0,50,8681.654294,0.0
-50.0,50,8682.144427,0.0
-50.0,50,8682.626855,0.0
-50.0,50,8683.118036,0.0
-50.0,50,8683.618089,0.0
-50.0,50,8684.097887,0.0
-50.0,50,8684.577062,0.0
-50.0,50,8685.070925,0.0
-50.0,50,8685.57398,0.0
-50.0,50,8686.061872,0.0
-50.0,50,8686.52533,0.0
-50.0,50,8687.011954,0.0
-50.0,50,8687.523217,0.0
-50.0,50,8688.007242,0.0
-50.0,50,8688.490589,0.0
-50.0,50,8688.980053,0.0
-50.0,50,8689.483155,0.0
0.0,50,8689.973183,1.0
0.0,50,8690.468168,1.0
0.0,50,8690.954282,1.0
-50.0,50,8691.452713,0.0
-50.0,50,8691.94225,0.0
0.0,50,8692.458818,1.0
-50.0,50,8692.975563,0.0
-50.0,50,8693.496288,0.0
-50.0,50,8693.994566,0.0
-50.0,50,8694.486006,0.0
0.0,50,8694.990241,1.0
-50.0,50,8695.506597,0.0
-50.0,50,8696.007515,0.0
-50.0,50,8696.513014,0.0
-50.0,50,8697.01601,0.0
-50.0,50,8697.535525,0.0
-50.0,50,8698.053072,0.0
-50.0,50,8698.557061,0.0
-50.0,50,8699.073389,0.0
-50.0,50,8699.584051,0.0
-50.0,50,8700.081102,0.0
-50.0,50,8700.584037,0.0
-50.0,50,8701.084533,0.0
-50.0,50,8701.600342,0.0
-50.0,50,8702.090849,0.0
-50.0,50,8702.582196,0.0
-50.0,50,8703.082202,0.0
-50.0,50,8703.590111,0.0
-50.0,50,8704.095795,0.0
-50.0,50,8704.58848,0.0
-50.0,50,8705.078057,0.0
-50.0,50,8705.605728,0.0
-50.0,50,8706.10482,0.0
-50.0,50,8706.619567,0.0
-50.0,50,8707.112661,0.0
-50.0,50,8707.61352,0.0
-50.0,50,8708.109813,0.0
0.0,50,8708.618417,1.0
-50.0,50,8709.126695,0.0
-50.0,50,8709.640931,0.0
-50.0,50,8710.155818,0.0
-50.0,50,8710.642407,0.0
-50.0,50,8711.151103,0.0
-50.0,50,8711.661849,0.0
0.0,50,8712.165418,1.0
-50.0,50,8712.659646,0.0
-50.0,50,8713.15276,0.0
-50.0,50,8713.670542,0.0
-50.0,50,8714.168737,0.0
-50.0,50,8714.665985,0.0
-50.0,50,8715.168367,0.0
-50.0,50,8715.662078,0.0
-50.0,50,8716.168359,0.0
-50.0,50,8716.667253,0.0
-50.0,50,8717.159418,0.0
-50.0,50,8717.683128,0.0
-50.0,50,8718.16499,0.0
-50.0,50,8718.661911,0.0
-50.0,50,8719.173559,0.0
0.0,50,8719.691299,1.0
-50.0,50,8720.193373,0.0
-50.0,50,8720.699219,0.0
-50.0,50,8721.191625,0.0
-50.0,50,8721.705273,0.0
-50.0,50,8722.199245,0.0
-50.0,50,8722.691429,0.0
-50.0,50,8723.176909,0.0
-50.0,50,8723.673074,0.0
-50.0,50,8724.164546,0.0
-50.0,50,8724.676326,0.0
-50.0,50,8725.169551,0.0
-50.0,50,8725.675066,0.0
-50.0,50,8726.15966,0.0
-50.0,50,8726.657848,0.0
-50.0,50,8727.151949,0.0
-50.0,50,8727.675442,0.0
-50.0,50,8728.170759,0.0
-50.0,50,8728.663025,0.0
-50.0,50,8729.170874,0.0
-50.0,50,8729.686911,0.0
-50.0,50,8730.196237,0.0
0.0,50,8730.720134,1.0
-50.0,50,8731.213555,0.0
-50.0,50,8731.719593,0.0
-50.0,50,8732.234381,0.0
-50.0,50,8732.739622,0.0
-50.0,50,8733.232333,0.0
-50.0,50,8733.736693,0.0
-50.0,50,8734.206783,0.0
-50.0,50,8734.698789,0.0
-50.0,50,8735.185609,0.0
-50.0,50,8735.689419,0.0
-50.0,50,8736.170857,0.0
-50.0,50,8736.650107,0.0
-50.0,50,8737.138636,0.0
0.0,50,8737.646802,1.0
-50.0,50,8738.134468,0.0
-50.0,50,8738.609021,0.0
-50.0,50,8739.088845,0.0
-50.0,50,8739.599658,0.0
-50.0,50,8740.096663,0.0
-50.0,50,8740.588325,0.0
-50.0,50,8741.055708,0.0
-50.0,50,8741.563955,0.0
-50.0,50,8742.052607,0.0
-50.0,50,8742.540956,0.0
-50.0,50,8743.025304,0.0
-50.0,50,8743.509514,0.0
-50.0,50,8744.001714,0.0
0.0,50,8744.491915,1.0
-50.0,50,8744.977611,0.0
-50.0,50,8745.472793,0.0
-50.0,50,8745.951021,0.0
-50.0,50,8746.441982,0.0
-50.0,50,8746.93247,0.0
-50.0,50,8747.440549,0.0
-50.0,50,8747.923188,0.0
-50.0,50,8748.406518,0.0
-50.0,50,8748.90043,0.0
0.0,50,8749.4147,1.0
-50.0,50,8749.918679,0.0
-50.0,50,8750.400796,0.0
-50.0,50,8750.901415,0.0
-50.0,50,8751.419703,0.0
0.0,50,8751.931384,1.0
-50.0,50,8752.435077,0.0
-50.0,50,8752.945358,0.0
-50.0,50,8753.439741,0.0
-50.0,50,8753.950682,0.0
-50.0,50,8754.442446,0.0
-45.0,50,8754.944459,0.0
-50.0,50,8755.459935,0.0
-50.0,50,8755.937466,0.0
-50.0,50,8756.429863,0.0
-50.0,50,8756.924887,0.0
-50.0,50,8757.429727,0.0
-50.0,50,8757.916429,0.0
0.0,50,8758.393659,1.0
-50.0,50,8758.881575,0.0
-50.0,50,8759.382608,0.0
-50.0,50,8759.873834,0.0
-50.0,50,8760.364135,0.0
-50.0,50,8760.838789,0.0
-50.0,50,8761.342423,0.0
-50.0,50,8761.83092,0.0
-50.0,50,8762.335935,0.0
-50.0,50,8762.822465,0.0
-50.0,50,8763.320724,0.0
-50.0,50,8763.816927,0.0
-50.0,50,8764.309,0.0
-50.0,50,8764.812617,0.0
-50.0,50,8765.317927,0.0
-50.0,50,8765.794907,0.0
-50.0,50,8766.289742,0.0
-50.0,50,8766.783239,0.0
-50.0,50,8769.538602,0.0
-50.0,50,8770.032557,0.0
-50.0,50,8770.519916,0.0
-50.0,50,8771.022263,0.0
-50.0,50,8771.540224,0.0
-50.0,50,8772.012573,0.0
-50.0,50,8772.506636,0.0
-50.0,50,8773.006838,0.0
0.0,50,8773.522049,1.0
-50.0,50,8774.016268,0.0
-50.0,50,8774.492011,0.0
-50.0,50,8774.996684,0.0
-50.0,50,8775.508058,0.0
-50.0,50,8776.00203,0.0
-50.0,50,8776.495729,0.0
-50.0,50,8776.98862,0.0
-50.0,50,8777.517274,0.0
-50.0,50,8778.01491,0.0
-50.0,50,8778.508188,0.0
-50.0,50,8779.008315,0.0
-50.0,50,8779.507425,0.0
-50.0,50,8779.994369,0.0
-50.0,50,8780.489789,0.0
-50.0,50,8780.980258,0.0
-50.0,50,8781.491871,0.0
-50.0,50,8781.969416,0.0
-50.0,50,8782.4637,0.0
-50.0,50,8782.955257,0.0
-50.0,50,8783.464257,0.0
-50.0,50,8783.968065,0.0
-50.0,50,8784.446506,0.0
-50.0,50,8784.94469,0.0
-50.0,50,8785.457856,0.0
-50.0,50,8785.963591,0.0
-50.0,50,8786.472864,0.0
-50.0,50,8786.958668,0.0
-50.0,50,8787.471707,0.0
-50.0,50,8787.974493,0.0
-50.0,50,8788.478148,0.0
-50.0,50,8788.9933,0.0
-50.0,50,8789.514395,0.0
0.0,50,8790.024811,1.0
-50.0,50,8790.526858,0.0
-50.0,50,8791.031544,0.0
-50.0,50,8791.558234,0.0
-50.0,50,8792.07074,0.0
-50.0,50,8792.56786,0.0
-50.0,50,8793.061359,0.0
-50.0,50,8793.581124,0.0
0.0,50,8794.089231,1.0
0.0,50,8794.597147,1.0
-50.0,50,8795.108077,0.0
-50.0,50,8795.619401,0.0
-50.0,50,8796.127222,0.0
-50.0,50,8796.630174,0.0
-50.0,50,8797.141434,0.0
-50.0,50,8797.67233,0.0
-50.0,50,8798.188395,0.0
-50.0,50,8798.675901,0.0
-50.0,50,8799.179251,0.0
0.0,50,8799.706227,1.0
0.0,50,8800.220171,1.0
-50.0,50,8800.732458,0.0
-50.0,50,8801.227563,0.0
-50.0,50,8801.744193,0.0
-50.0,50,8802.249402,0.0
-50.0,50,8802.76554,0.0
-50.0,50,8803.268133,0.0
-50.0,50,8803.78922,0.0
-50.0,50,8804.280226,0.0
-50.0,50,8804.789564,0.0
-50.0,50,8805.303415,0.0
-50.0,50,8805.844825,0.0
-50.0,50,8806.356374,0.0
-50.0,50,8806.864573,0.0
0.0,50,8807.380249,1.0
-50.0,50,8807.89128,0.0
-50.0,50,8808.406406,0.0
-50.0,50,8808.917096,0.0
-50.0,50,8809.4288,0.0
-50.0,50,8809.949552,0.0
-50.0,50,8810.447473,0.0
-50.0,50,8810.954395,0.0
-50.0,50,8811.464137,0.0
-50.0,50,8811.992486,0.0
-50.0,50,8812.496418,0.0
-50.0,50,8812.997899,0.0
-50.0,50,8813.504024,0.0
-50.0,50,8814.035978,0.0
-50.0,50,8814.548705,0.0
-50.0,50,8815.06156,0.0
-50.0,50,8815.56332,0.0
0.0,50,8816.090864,1.0
-50.0,50,8816.597035,0.0
-50.0,50,8817.11059,0.0
0.0,50,8817.623685,1.0
-50.0,50,8818.177678,0.0
-50.0,50,8818.689544,0.0
-50.0,50,8819.213138,0.0
0.0,50,8819.715823,1.0
-50.0,50,8820.264513,0.0
0.0,50,8820.780703,1.0
-50.0,50,8821.294796,0.0
-50.0,50,8821.805712,0.0
-50.0,50,8822.353086,0.0
-50.0,50,8822.843263,0.0
-50.0,50,8823.375913,0.0
-50.0,50,8823.885358,0.0
-50.0,50,8824.433622,0.0
-50.0,50,8824.941377,0.0
-50.0,50,8825.452574,0.0
-50.0,50,8825.956608,0.0
-50.0,50,8826.502553,0.0
-50.0,50,8827.012553,0.0
-50.0,50,8827.525476,0.0
-50.0,50,8828.039599,0.0
-50.0,50,8828.608323,0.0
-50.0,50,8829.110139,0.0
-50.0,50,8829.603644,0.0
-50.0,50,8830.113328,0.0
-50.0,50,8830.661006,0.0
-50.0,50,8831.167647,0.0
-50.0,50,8831.675965,0.0
-50.0,50,8832.182371,0.0
-50.0,50,8832.710912,0.0
-50.0,50,8833.231574,0.0
-50.0,50,8833.751178,0.0
-50.0,50,8834.25799,0.0
-50.0,50,8834.77589,0.0
-50.0,50,8835.270251,0.0
-50.0,50,8835.781278,0.0
-50.0,50,8836.295382,0.0
-50.0,50,8836.823919,0.0
-50.0,50,8837.326626,0.0
-50.0,50,8837.829566,0.0
-50.0,50,8838.316255,0.0
-50.0,50,8838.828979,0.0
-50.0,50,8839.344009,0.0
-50.0,50,8839.852392,0.0
-50.0,50,8840.363504,0.0
-50.0,50,8840.901192,0.0
-50.0,50,8841.387473,0.0
-50.0,50,8841.890049,0.0
-50.0,50,8842.407264,0.0
-50.0,50,8842.92462,0.0
-50.0,50,8843.428602,0.0
-50.0,50,8843.925509,0.0
-50.0,50,8844.426926,0.0
-50.0,50,8844.954956,0.0
-50.0,50,8845.453325,0.0
-50.0,50,8845.952647,0.0
-50.0,50,8846.477868,0.0
-50.0,50,8846.977284,0.0
-50.0,50,8847.469464,0.0
-50.0,50,8847.956485,0.0
-50.0,50,8848.458984,0.0
-50.0,50,8848.966431,0.0
-50.0,50,8849.458546,0.0
-50.0,50,8849.964565,0.0
-50.0,50,8850.452039,0.0
-50.0,50,8850.953678,0.0
-50.0,50,8851.442678,0.0
-50.0,50,8851.91144,0.0
-50.0,50,8852.397678,0.0
-50.0,50,8852.916961,0.0
-50.0,50,8853.401472,0.0
-50.0,50,8853.895163,0.0
-50.0,50,8854.370863,0.0
-50.0,50,8854.875201,0.0
-50.0,50,8855.360995,0.0
-50.0,50,8855.852193,0.0
-50.0,50,8856.32855,0.0
-50.0,50,8856.827434,0.0
-50.0,50,8857.314742,0.0
-50.0,50,8857.81394,0.0
-50.0,50,8858.305499,0.0
-50.0,50,8858.804775,0.0
-50.0,50,8859.288681,0.0
-50.0,50,8859.790992,0.0
-50.0,50,8860.286775,0.0
-50.0,50,8860.802249,0.0
0.0,50,8861.28581,1.0
-50.0,50,8861.783428,0.0
-50.0,50,8862.279513,0.0
-50.0,50,8862.779949,0.0
-50.0,50,8863.267046,0.0
-50.0,50,8863.746328,0.0
-50.0,50,8864.226854,0.0
-50.0,50,8864.730879,0.0
-50.0,50,8865.21745,0.0
-50.0,50,8865.703053,0.0
-50.0,50,8866.177031,0.0
-50.0,50,8866.676804,0.0
-50.0,50,8867.166843,0.0
-50.0,50,8867.658799,0.0
-50.0,50,8868.148773,0.0
-50.0,50,8868.636861,0.0
-50.0,50,8869.131977,0.0
-50.0,50,8869.620375,0.0
-50.0,50,8870.11274,0.0
-50.0,50,8872.953934,0.0
-50.0,50,8873.448766,0.0
-50.0,50,8873.955035,0.0
-50.0,50,8874.458847,0.0
-50.0,50,8874.967338,0.0
-50.0,50,8875.466351,0.0
-50.0,50,8875.966814,0.0
-50.0,50,8876.460825,0.0
0.0,50,8877.009574,1.0
-50.0,50,8877.503824,0.0
-50.0,50,8877.994932,0.0
-50.0,50,8878.494133,0.0
-50.0,50,8879.001114,0.0
-50.0,50,8879.493999,0.0
-50.0,50,8880.005529,0.0
-50.0,50,8880.497166,0.0
-50.0,50,8881.011408,0.0
-50.0,50,8881.502406,0.0
-50.0,50,8882.001268,0.0
-50.0,50,8882.492589,0.0
-50.0,50,8882.994427,0.0
-50.0,50,8883.47738,0.0
-50.0,50,8883.973765,0.0
-50.0,50,8884.475818,0.0
-50.0,50,8884.97623,0.0
-50.0,50,8885.465738,0.0
-50.0,50,8885.95523,0.0
-50.0,50,8886.455318,0.0
-50.0,50,8886.974054,0.0
-50.0,50,8887.471008,0.0
-50.0,50,8887.961341,0.0
-50.0,50,8888.441088,0.0
-50.0,50,8888.962357,0.0
-50.0,50,8889.464527,0.0
-50.0,50,8889.970207,0.0
-50.0,50,8890.478445,0.0
-50.0,50,8890.974049,0.0
-50.0,50,8891.458428,0.0
-50.0,50,8891.946674,0.0
-50.0,50,8892.432957,0.0
-50.0,50,8892.941612,0.0
-50.0,50,8893.409194,0.0
-50.0,50,8893.900497,0.0
-50.0,50,8894.388727,0.0
-50.0,50,8894.897707,0.0
-50.0,50,8895.379188,0.0
-50.0,50,8895.857673,0.0
-50.0,50,8896.348306,0.0
-50.0,50,8896.855091,0.0
-50.0,50,8897.348388,0.0
-50.0,50,8897.836442,0.0
-50.0,50,8898.322243,0.0
-50.0,50,8898.832403,0.0
-50.0,50,8899.342572,0.0
-50.0,50,8899.842214,0.0
-50.0,50,8900.337578,0.0
-50.0,50,8900.840415,0.0
0.0,50,8901.346072,1.0
-50.0,50,8901.838134,0.0
0.0,50,8902.336369,1.0
-50.0,50,8902.85572,0.0
0.0,50,8903.347373,1.0
-50.0,50,8903.852051,0.0
-50.0,50,8904.354017,0.0
-50.0,50,8904.866427,0.0
-50.0,50,8905.36117,0.0
-50.0,50,8905.853608,0.0
-50.0,50,8906.362686,0.0
-50.0,50,8906.872024,0.0
-50.0,50,8907.378178,0.0
0.0,50,8907.870541,1.0
-50.0,50,8908.359462,0.0
-50.0,50,8908.863806,0.0
-50.0,50,8909.358389,0.0
-50.0,50,8909.842617,0.0
-50.0,50,8910.335026,0.0
-50.0,50,8910.84936,0.0
-50.0,50,8911.334574,0.0
-50.0,50,8911.825579,0.0
-50.0,50,8912.320865,0.0
-50.0,50,8912.841212,0.0
-50.0,50,8913.337723,0.0
-50.0,50,8913.827604,0.0
-50.0,50,8914.334919,0.0
-50.0,50,8914.854395,0.0
-50.0,50,8915.358968,0.0
-50.0,50,8915.840169,0.0
-50.0,50,8916.326518,0.0
-50.0,50,8916.833979,0.0
0.0,50,8917.330323,1.0
-50.0,50,8917.816605,0.0
-50.0,50,8918.297922,0.0
-50.0,50,8918.798202,0.0
-50.0,50,8919.286174,0.0
-50.0,50,8919.774267,0.0
-50.0,50,8920.266367,0.0
-50.0,50,8920.7771,0.0
-50.0,50,8921.253304,0.0
-50.0,50,8921.762455,0.0
0.0,50,8922.257725,1.0
0.0,50,8922.76736,1.0
0.0,50,8923.260132,1.0
-50.0,50,8923.740223,0.0
-50.0,50,8924.24256,0.0
-50.0,50,8924.761302,0.0
-50.0,50,8925.251568,0.0
-50.0,50,8925.740509,0.0
-50.0,50,8926.218321,0.0
0.0,50,8926.736259,1.0
-50.0,50,8927.232731,0.0
-50.0,50,8927.726869,0.0
-50.0,50,8928.21913,0.0
-50.0,50,8928.725142,0.0
-50.0,50,8929.221342,0.0
-50.0,50,8929.708479,0.0
0.0,50,8930.198577,1.0
-50.0,50,8930.710949,0.0
-50.0,50,8931.184469,0.0
-50.0,50,8931.678483,0.0
-50.0,50,8932.188048,0.0
-50.0,50,8932.728559,0.0
-50.0,50,8933.213565,0.0
-50.0,50,8933.691704,0.0
-50.0,50,8934.198937,0.0
-50.0,50,8934.706949,0.0
-50.0,50,8935.201823,0.0
-50.0,50,8935.697425,0.0
0.0,50,8936.179773,1.0
-50.0,50,8936.694474,0.0
-50.0,50,8937.186795,0.0
0.0,50,8937.688975,1.0
0.0,50,8938.194479,1.0
-50.0,50,8938.686299,0.0
-50.0,50,8939.179734,0.0
-50.0,50,8939.673203,0.0
-50.0,50,8940.164936,0.0
-50.0,50,8940.669241,0.0
-50.0,50,8941.144765,0.0
-50.0,50,8941.635944,0.0
-50.0,50,8942.131906,0.0
-50.0,50,8942.637617,0.0
-50.0,50,8943.130738,0.0
-50.0,50,8943.60731,0.0
-50.0,50,8944.100245,0.0
0.0,50,8944.617405,1.0
0.0,50,8945.12485,1.0
-50.0,50,8945.620563,0.0
-50.0,50,8946.097523,0.0
-50.0,50,8946.610372,0.0
-50.0,50,8947.102199,0.0
-50.0,50,8947.596409,0.0
-50.0,50,8948.09706,0.0
-50.0,50,8948.586611,0.0
-50.0,50,8949.085024,0.0
0.0,50,8949.589863,1.0
-50.0,50,8950.099699,0.0
-50.0,50,8950.6078,0.0
-50.0,50,8951.085602,0.0
-50.0,50,8951.578449,0.0
-50.0,50,8952.073934,0.0
0.0,50,8952.581681,1.0
-50.0,50,8953.082366,0.0
-50.0,50,8953.560267,0.0
-50.0,50,8954.057708,0.0
-50.0,50,8954.56838,0.0
-50.0,50,8955.074363,0.0
-50.0,50,8955.575835,0.0
-50.0,50,8956.046839,0.0
-50.0,50,8956.566176,0.0
-50.0,50,8957.07033,0.0
0.0,50,8957.563502,1.0
-50.0,50,8958.069394,0.0
-50.0,50,8958.577033,0.0
-50.0,50,8959.060097,0.0
-50.0,50,8959.555548,0.0
-50.0,50,8960.05247,0.0
-50.0,50,8960.572178,0.0
-50.0,50,8961.046672,0.0
-50.0,50,8961.531734,0.0
-50.0,50,8962.016974,0.0
-50.0,50,8962.517879,0.0
-50.0,50,8963.001858,0.0
-50.0,50,8963.469932,0.0
-50.0,50,8963.975852,0.0
-50.0,50,8964.49968,0.0
-50.0,50,8964.995897,0.0
-50.0,50,8965.492745,0.0
-50.0,50,8965.990019,0.0
-50.0,50,8966.499685,0.0
-50.0,50,8967.002154,0.0
-50.0,50,8967.499197,0.0
-50.0,50,8967.99784,0.0
-50.0,50,8968.509504,0.0
-50.0,50,8969.01225,0.0
-50.0,50,8969.514707,0.0
-50.0,50,8970.014813,0.0
-50.0,50,8970.531372,0.0
-50.0,50,8971.042666,0.0
-50.0,50,8971.526536,0.0
-50.0,50,8972.027677,0.0
0.0,50,8974.8069,1.0
-50.0,50,8975.304353,0.0
0.0,50,8975.808009,1.0
-50.0,50,8976.312402,0.0
-50.0,50,8976.838221,0.0
-50.0,50,8977.343295,0.0
0.0,50,8977.858376,1.0
-50.0,50,8978.342543,0.0
-50.0,50,8978.857968,0.0
-50.0,50,8979.36906,0.0
-50.0,50,8979.869313,0.0
-50.0,50,8980.393716,0.0
-50.0,50,8980.927843,0.0
-50.0,50,8981.410305,0.0
-50.0,50,8981.920879,0.0
-50.0,50,8982.419076,0.0
-50.0,50,8982.933887,0.0
-50.0,50,8983.435014,0.0
-50.0,50,8983.934402,0.0
-50.0,50,8984.429122,0.0
-50.0,50,8984.945445,0.0
-50.0,50,8985.444645,0.0
-50.0,50,8985.950659,0.0
-50.0,50,8986.442746,0.0
-50.0,50,8986.969041,0.0
-50.0,50,8987.47433,0.0
-50.0,50,8987.976861,0.0
-50.0,50,8988.482156,0.0
-50.0,50,8989.026844,0.0
-50.0,50,8989.51846,0.0
-50.0,50,8990.010077,0.0
-50.0,50,8990.52078,0.0
-50.0,50,8991.035753,0.0
-50.0,50,8991.544027,0.0
-50.0,50,8992.050247,0.0
-50.0,50,8992.535033,0.0
-50.0,50,8993.067785,0.0
-50.0,50,8993.568857,0.0
-50.0,50,8994.077177,0.0
-50.0,50,8994.580513,0.0
-50.0,50,8995.104635,0.0
-50.0,50,8995.601615,0.0
-50.0,50,8996.096052,0.0
-50.0,50,8996.596914,0.0
-50.0,50,8997.123539,0.0
-50.0,50,8997.636119,0.0
-50.0,50,8998.120131,0.0
-50.0,50,8998.622928,0.0
-50.0,50,8999.147038,0.0
-50.0,50,8999.658208,0.0
-50.0,50,9000.162107,0.0
-50.0,50,9000.647746,0.0
-50.0,50,9001.184097,0.0
-50.0,50,9001.699236,0.0
-50.0,50,9002.216012,0.0
-50.0,50,9002.716172,0.0
-50.0,50,9003.231978,0.0
-50.0,50,9003.714401,0.0
-50.0,50,9004.212876,0.0
-50.0,50,9004.718985,0.0
-50.0,50,9005.234033,0.0
-50.0,50,9005.73453,0.0
-50.0,50,9006.221833,0.0
-50.0,50,9006.719158,0.0
-50.0,50,9007.243396,0.0
-50.0,50,9007.753412,0.0
-50.0,50,9008.257186,0.0
-50.0,50,9008.750696,0.0
-50.0,50,9009.261442,0.0
-50.0,50,9009.76936,0.0
-50.0,50,9010.284255,0.0
-50.0,50,9010.794956,0.0
0.0,50,9011.321979,1.0
-50.0,50,9011.807477,0.0
-50.0,50,9012.305607,0.0
-50.0,50,9012.809102,0.0
-50.0,50,9013.33437,0.0
-50.0,50,9013.841647,0.0
-50.0,50,9014.335357,0.0
-50.0,50,9014.827353,0.0
-50.0,50,9015.343029,0.0
-50.0,50,9015.857312,0.0
-50.0,50,9016.368885,0.0
-50.0,50,9016.87009,0.0
-50.0,50,9017.369953,0.0
-50.0,50,9017.867384,0.0
-50.0,50,9018.371317,0.0
-50.0,50,9018.866575,0.0
-50.0,50,9019.393331,0.0
-50.0,50,9019.881292,0.0
0.0,50,9020.379676,1.0
-50.0,50,9020.880255,0.0
-50.0,50,9021.395641,0.0
-50.0,50,9021.913645,0.0
-50.0,50,9022.420386,0.0
-50.0,50,9022.922538,0.0
-50.0,50,9023.450488,0.0
-50.0,50,9023.97476,0.0
-50.0,50,9024.488391,0.0
-50.0,50,9024.995232,0.0
-50.0,50,9025.509703,0.0
-50.0,50,9026.000223,0.0
-50.0,50,9026.512598,0.0
-50.0,50,9027.025616,0.0
-50.0,50,9027.532612,0.0
-50.0,50,9028.020405,0.0
0.0,50,9028.498345,1.0
-50.0,50,9028.999193,0.0
-50.0,50,9029.501283,0.0
-50.0,50,9029.991592,0.0
-50.0,50,9030.496714,0.0
-50.0,50,9030.963324,0.0
-50.0,50,9031.468161,0.0
-50.0,50,9031.963237,0.0
-50.0,50,9032.449474,0.0
-50.0,50,9032.930161,0.0
-50.0,50,9033.42005,0.0
-50.0,50,9033.916328,0.0
-50.0,50,9034.408888,0.0
-50.0,50,9034.904181,0.0
-50.0,50,9035.39765,0.0
-50.0,50,9035.872701,0.0
-50.0,50,9036.357803,0.0
-50.0,50,9036.852239,0.0
-50.0,50,9037.365633,0.0
-50.0,50,9037.840842,0.0
-50.0,50,9038.328569,0.0
-50.0,50,9038.812674,0.0
-50.0,50,9039.318068,0.0
-50.0,50,9039.8075,0.0
-50.0,50,9040.286315,0.0
-50.0,50,9040.774672,0.0
-50.0,50,9041.299006,0.0
-50.0,50,9041.792862,0.0
-50.0,50,9042.286492,0.0
-50.0,50,9042.763551,0.0
0.0,50,9043.268849,1.0
-50.0,50,9043.754767,0.0
-50.0,50,9044.245306,0.0
-50.0,50,9044.740629,0.0
-50.0,50,9045.228496,0.0
-50.0,50,9045.724695,0.0
-50.0,50,9046.215688,0.0
-50.0,50,9046.71162,0.0
-50.0,50,9047.214725,0.0
-50.0,50,9047.6867,0.0
-50.0,50,9048.176821,0.0
-50.0,50,9048.673779,0.0
-50.0,50,9049.181568,0.0
-50.0,50,9049.672813,0.0
-50.0,50,9050.149473,0.0
0.0,50,9050.642365,1.0
-50.0,50,9051.148717,0.0
-50.0,50,9051.634959,0.0
-50.0,50,9052.113517,0.0
-50.0,50,9052.598628,0.0
-50.0,50,9053.111744,0.0
-50.0,50,9053.601492,0.0
-50.0,50,9054.103932,0.0
-50.0,50,9054.597247,0.0
-50.0,50,9055.102398,0.0
-50.0,50,9055.594392,0.0
-50.0,50,9056.089327,0.0
-50.0,50,9056.580525,0.0
-50.0,50,9057.090826,0.0
-50.0,50,9057.580008,0.0
-50.0,50,9058.082972,0.0
-50.0,50,9058.579549,0.0
-50.0,50,9059.097729,0.0
-50.0,50,9059.590607,0.0
-50.0,50,9060.078938,0.0
-50.0,50,9060.582128,0.0
0.0,50,9061.090319,1.0
-50.0,50,9061.600026,0.0
-50.0,50,9062.094237,0.0
-50.0,50,9062.580111,0.0
-50.0,50,9063.107043,0.0
-50.0,50,9063.621223,0.0
-50.0,50,9064.139988,0.0
-50.0,50,9064.651891,0.0
-50.0,50,9065.165341,0.0
-50.0,50,9065.651948,0.0
0.0,50,9066.154898,1.0
-50.0,50,9066.657214,0.0
-50.0,50,9067.172825,0.0
0.0,50,9067.678228,1.0
-50.0,50,9068.1548,0.0
-50.0,50,9068.652738,0.0
-50.0,50,9069.159472,0.0
-50.0,50,9069.658245,0.0
-50.0,50,9070.15252,0.0
-50.0,50,9070.628464,0.0
-50.0,50,9071.140182,0.0
-50.0,50,9071.632832,0.0
-50.0,50,9072.130415,0.0
-50.0,50,9072.625785,0.0
-50.0,50,9073.156864,0.0
-50.0,50,9073.65249,0.0
-50.0,50,9074.15626,0.0
-50.0,50,9074.658689,0.0
-50.0,50,9077.473162,0.0
-50.0,50,9077.963883,0.0
-50.0,50,9078.453828,0.0
-50.0,50,9078.948861,0.0
-50.0,50,9079.453432,0.0
-50.0,50,9079.928895,0.0
0.0,50,9080.436289,1.0
-50.0,50,9080.930232,0.0
-50.0,50,9081.441965,0.0
0.0,50,9081.955875,1.0
-50.0,50,9082.432027,0.0
-50.0,50,9082.922932,0.0
-50.0,50,9083.433837,0.0
-50.0,50,9083.931658,0.0
0.0,50,9084.43197,1.0
-50.0,50,9084.907733,0.0
-50.0,50,9085.416221,0.0
-50.0,50,9085.908589,0.0
-50.0,50,9086.401739,0.0
-50.0,50,9086.892695,0.0
-50.0,50,9087.389305,0.0
-50.0,50,9087.878169,0.0
-50.0,50,9088.367954,0.0
-50.0,50,9088.858701,0.0
-50.0,50,9089.362356,0.0
-50.0,50,9089.845954,0.0
-50.0,50,9090.33285,0.0
0.0,50,9090.83713,1.0
-50.0,50,9091.35187,0.0
-50.0,50,9091.856878,0.0
0.0,50,9092.346279,1.0
-50.0,50,9092.848081,0.0
-50.0,50,9093.359763,0.0
-50.0,50,9093.854899,0.0
-50.0,50,9094.358117,0.0
-50.0,50,9094.84966,0.0
-50.0,50,9095.356016,0.0
-50.0,50,9095.850306,0.0
-50.0,50,9096.341958,0.0
-50.0,50,9096.831418,0.0
-50.0,50,9097.333581,0.0
-50.0,50,9097.827254,0.0
-50.0,50,9098.318946,0.0
-50.0,50,9098.825337,0.0
-50.0,50,9099.333461,0.0
-50.0,50,9099.821612,0.0
-50.0,50,9100.306966,0.0
-50.0,50,9100.802839,0.0
-50.0,50,9101.31016,0.0
-50.0,50,9101.804476,0.0
-50.0,50,9102.288644,0.0
-50.0,50,9102.776339,0.0
-50.0,50,9103.297002,0.0
-50.0,50,9103.787074,0.0
-50.0,50,9104.284832,0.0
-50.0,50,9104.78479,0.0
-50.0,50,9105.291253,0.0
-50.0,50,9105.784853,0.0
-50.0,50,9106.277914,0.0
-50.0,50,9106.78549,0.0
-50.0,50,9107.304409,0.0
-50.0,50,9107.79296,0.0
-50.0,50,9108.289059,0.0
-50.0,50,9108.782141,0.0
-50.0,50,9109.29127,0.0
-50.0,50,9109.777265,0.0
-50.0,50,9110.255982,0.0
0.0,50,9110.750035,1.0
-50.0,50,9111.266239,0.0
-50.0,50,9111.757947,0.0
-50.0,50,9112.245806,0.0
-50.0,50,9112.742049,0.0
-50.0,50,9113.260997,0.0
-50.0,50,9113.75514,0.0
-50.0,50,9114.250507,0.0
0.0,50,9114.744316,1.0
-50.0,50,9115.230807,0.0
-50.0,50,9115.718294,0.0
0.0,50,9116.209317,1.0
-50.0,50,9116.696779,0.0
0.0,50,9117.205743,1.0
-50.0,50,9117.680189,0.0
-50.0,50,9118.168718,0.0
-50.0,50,9118.667115,0.0
-50.0,50,9119.176274,0.0
-50.0,50,9119.670359,0.0
-50.0,50,9120.151322,0.0
-50.0,50,9120.636431,0.0
-50.0,50,9121.136227,0.0
-50.0,50,9121.621865,0.0
-50.0,50,9122.091959,0.0
-50.0,50,9122.579232,0.0
-50.0,50,9123.08534,0.0
-50.0,50,9123.569963,0.0
0.0,50,9124.064626,1.0
-50.0,50,9124.542705,0.0
-50.0,50,9125.05672,0.0
-50.0,50,9125.543533,0.0
-50.0,50,9126.028479,0.0
-50.0,50,9126.514364,0.0
-50.0,50,9126.999343,0.0
-50.0,50,9127.484694,0.0
-50.0,50,9127.974693,0.0
0.0,50,9128.476626,1.0
-50.0,50,9128.990716,0.0
-50.0,50,9129.475387,0.0
-50.0,50,9129.973878,0.0
-50.0,50,9130.472714,0.0
-50.0,50,9130.985751,0.0
-50.0,50,9131.486467,0.0
-50.0,50,9131.969503,0.0
-50.0,50,9132.462388,0.0
-50.0,50,9132.981251,0.0
-50.0,50,9133.474279,0.0
-50.0,50,9133.980226,0.0
-50.0,50,9134.465651,0.0
-50.0,50,9134.984815,0.0
0.0,50,9135.481916,1.0
-50.0,50,9135.975087,0.0
-50.0,50,9136.473122,0.0
-50.0,50,9136.97324,0.0
-50.0,50,9137.476247,0.0
-50.0,50,9137.965725,0.0
-50.0,50,9138.45981,0.0
-50.0,50,9138.970443,0.0
-50.0,50,9139.451071,0.0
-50.0,50,9139.940304,0.0
-50.0,50,9140.434283,0.0
-50.0,50,9140.944718,0.0
-50.0,50,9141.435539,0.0
-50.0,50,9141.912614,0.0
-50.0,50,9142.40783,0.0
-50.0,50,9142.9175,0.0
-50.0,50,9143.417353,0.0
-50.0,50,9143.909084,0.0
-50.0,50,9144.38712,0.0
-50.0,50,9144.893346,0.0
-50.0,50,9145.394382,0.0
-50.0,50,9145.885612,0.0
-50.0,50,9146.378735,0.0
-50.0,50,9146.869351,0.0
-50.0,50,9147.362576,0.0
0.0,50,9147.866782,1.0
-50.0,50,9148.364611,0.0
-50.0,50,9148.8935,0.0
-50.0,50,9149.375291,0.0
-50.0,50,9149.861478,0.0
-50.0,50,9150.361687,0.0
-50.0,50,9150.88059,0.0
-50.0,50,9151.378504,0.0
-50.0,50,9151.865433,0.0
-50.0,50,9152.346758,0.0
-50.0,50,9152.87333,0.0
-50.0,50,9153.364877,0.0
-50.0,50,9153.85696,0.0
-50.0,50,9154.33872,0.0
-50.0,50,9154.844038,0.0
-50.0,50,9155.331419,0.0
-50.0,50,9155.824439,0.0
-50.0,50,9156.312524,0.0
-50.0,50,9156.808245,0.0
-50.0,50,9157.291471,0.0
-50.0,50,9157.779283,0.0
-50.0,50,9158.271002,0.0
-50.0,50,9158.775267,0.0
-50.0,50,9159.248088,0.0
-50.0,50,9159.744021,0.0
-50.0,50,9160.235322,0.0
-50.0,50,9160.755576,0.0
-50.0,50,9161.252065,0.0
-50.0,50,9161.723796,0.0
-50.0,50,9162.213554,0.0
-50.0,50,9162.727592,0.0
-50.0,50,9163.222132,0.0
-50.0,50,9163.716392,0.0
-50.0,50,9164.19943,0.0
-50.0,50,9164.719715,0.0
0.0,50,9165.232479,1.0
-50.0,50,9165.747755,0.0
-50.0,50,9166.252619,0.0
0.0,50,9166.775712,1.0
-50.0,50,9167.285205,0.0
-50.0,50,9167.789285,0.0
-50.0,50,9168.309872,0.0
-50.0,50,9168.842737,0.0
-50.0,50,9169.345636,0.0
-50.0,50,9169.839252,0.0
-50.0,50,9170.341835,0.0
0.0,50,9170.862016,1.0
-50.0,50,9171.36689,0.0
-50.0,50,9171.88091,0.0
-50.0,50,9172.384526,0.0
-50.0,50,9172.890886,0.0
-50.0,50,9173.402302,0.0
-50.0,50,9173.910486,0.0
-50.0,50,9174.423344,0.0
-50.0,50,9174.96691,0.0
-50.0,50,9175.471557,0.0
-50.0,50,9175.96935,0.0
-50.0,50,9176.472785,0.0
0.0,50,9179.286183,1.0
-50.0,50,9179.790339,0.0
-50.0,50,9180.278849,0.0
-50.0,50,9180.789418,0.0
-50.0,50,9181.324564,0.0
0.0,50,9181.829676,1.0
-50.0,50,9182.330845,0.0
-50.0,50,9182.822294,0.0
-50.0,50,9183.347643,0.0
-50.0,50,9183.861966,0.0
-50.0,50,9184.370886,0.0
-50.0,50,9184.88962,0.0
-50.0,50,9185.45535,0.0
-50.0,50,9185.948571,0.0
-50.0,50,9186.444354,0.0
0.0,50,9186.951387,1.0
-50.0,50,9187.498639,0.0
-50.0,50,9187.998905,0.0
-50.0,50,9188.508248,0.0
-50.0,50,9188.998073,0.0
-50.0,50,9189.540851,0.0
-50.0,50,9190.045988,0.0
-50.0,50,9190.550068,0.0
-50.0,50,9191.056334,0.0
-50.0,50,9191.597289,0.0
-50.0,50,9192.085838,0.0
-50.0,50,9192.587656,0.0
-50.0,50,9193.088843,0.0
-50.0,50,9193.651245,0.0
-50.0,50,9194.15286,0.0
-50.0,50,9194.660259,0.0
-50.0,50,9195.147019,0.0
-50.0,50,9195.697296,0.0
-50.0,50,9196.201772,0.0
-50.0,50,9196.706728,0.0
0.0,50,9197.222488,1.0
0.0,50,9197.766974,1.0
-50.0,50,9198.253219,0.0
0.0,50,9198.753263,1.0
-50.0,50,9199.257833,0.0
-50.0,50,9199.801392,0.0
-50.0,50,9200.318046,0.0
-50.0,50,9200.827074,0.0
-50.0,50,9201.321409,0.0
-50.0,50,9201.855939,0.0
-50.0,50,9202.357992,0.0
-50.0,50,9202.868146,0.0
0.0,50,9203.372818,1.0
-50.0,50,9203.918346,0.0
-50.0,50,9204.408731,0.0
-50.0,50,9204.912534,0.0
-50.0,50,9205.414042,0.0
-50.0,50,9205.959569,0.0
-50.0,50,9206.474074,0.0
-50.0,50,9206.982631,0.0
-50.0,50,9207.473902,0.0
-50.0,50,9208.015767,0.0
-50.0,50,9208.52414,0.0
-50.0,50,9209.030695,0.0
-50.0,50,9209.540146,0.0
0.0,50,9210.076535,1.0
-50.0,50,9210.569554,0.0
-50.0,50,9211.07051,0.0
-50.0,50,9211.56882,0.0
-50.0,50,9212.124066,0.0
-50.0,50,9212.629133,0.0
-50.0,50,9213.12148,0.0
-50.0,50,9213.62103,0.0
-50.0,50,9214.163522,0.0
-50.0,50,9214.670246,0.0
-50.0,50,9215.17447,0.0
-50.0,50,9215.684001,0.0
-50.0,50,9216.202662,0.0
-50.0,50,9216.708986,0.0
-50.0,50,9217.216034,0.0
-50.0,50,9217.718182,0.0
-50.0,50,9218.260443,0.0
-50.0,50,9218.75761,0.0
-50.0,50,9219.263739,0.0
-50.0,50,9219.76793,0.0
-50.0,50,9220.282031,0.0
-50.0,50,9220.792711,0.0
-50.0,50,9221.302959,0.0
-50.0,50,9221.794481,0.0
-50.0,50,9222.335329,0.0
-50.0,50,9222.842628,0.0
-50.0,50,9223.356496,0.0
-50.0,50,9223.858335,0.0
-50.0,50,9224.390181,0.0
-50.0,50,9224.880928,0.0
-50.0,50,9225.382865,0.0
-50.0,50,9225.884005,0.0
-50.0,50,9226.416615,0.0
-50.0,50,9226.922908,0.0
-50.0,50,9227.41906,0.0
-50.0,50,9227.913151,0.0
-50.0,50,9228.449194,0.0
-50.0,50,9228.964321,0.0
-50.0,50,9229.471627,0.0
-50.0,50,9229.972376,0.0
-50.0,50,9230.48489,0.0
-50.0,50,9230.979425,0.0
-50.0,50,9231.485331,0.0
-50.0,50,9231.995589,0.0
-50.0,50,9232.52453,0.0
-50.0,50,9233.027129,0.0
-50.0,50,9233.526629,0.0
-50.0,50,9234.032417,0.0
0.0,50,9234.56222,1.0
-50.0,50,9235.067319,0.0
-50.0,50,9235.574346,0.0
0.0,50,9236.077259,1.0
-50.0,50,9236.596866,0.0
-50.0,50,9237.102221,0.0
0.0,50,9237.622675,1.0
-50.0,50,9238.127569,0.0
-50.0,50,9238.654462,0.0
-50.0,50,9239.143543,0.0
-50.0,50,9239.644644,0.0
-50.0,50,9240.145972,0.0
-50.0,50,9240.660289,0.0
-50.0,50,9241.163471,0.0
-50.0,50,9241.657797,0.0
-50.0,50,9242.154551,0.0
-50.0,50,9242.677513,0.0
-50.0,50,9243.180526,0.0
-50.0,50,9243.683385,0.0
-50.0,50,9244.185905,0.0
-50.0,50,9244.694544,0.0
-50.0,50,9245.197666,0.0
-50.0,50,9245.711709,0.0
-50.0,50,9246.231658,0.0
0.0,50,9246.770223,1.0
-50.0,50,9247.274315,0.0
-50.0,50,9247.761303,0.0
-50.0,50,9248.271636,0.0
-50.0,50,9248.801542,0.0
-50.0,50,9249.305674,0.0
-50.0,50,9249.810351,0.0
-50.0,50,9250.30398,0.0
-50.0,50,9250.827745,0.0
-50.0,50,9251.326303,0.0
-50.0,50,9251.831381,0.0
-50.0,50,9252.330631,0.0
-50.0,50,9252.855509,0.0
-50.0,50,9253.346356,0.0
-50.0,50,9253.855568,0.0
-50.0,50,9254.35628,0.0
-50.0,50,9254.871904,0.0
-50.0,50,9255.367854,0.0
-50.0,50,9255.860118,0.0
-50.0,50,9256.352363,0.0
-50.0,50,9256.897324,0.0
-50.0,50,9257.409233,0.0
-50.0,50,9257.907513,0.0
-50.0,50,9258.394705,0.0
-50.0,50,9258.900485,0.0
-50.0,50,9259.392436,0.0
-50.0,50,9259.890789,0.0
-50.0,50,9260.394646,0.0
-50.0,50,9260.898915,0.0
-50.0,50,9261.368718,0.0
-50.0,50,9261.856997,0.0
-50.0,50,9262.345631,0.0
-50.0,50,9262.856145,0.0
-50.0,50,9263.341678,0.0
-50.0,50,9263.821919,0.0
-50.0,50,9264.322498,0.0
-50.0,50,9264.825924,0.0
-50.0,50,9265.31124,0.0
-50.0,50,9265.787772,0.0
-50.0,50,9266.267624,0.0
-50.0,50,9266.772043,0.0
-50.0,50,9267.276289,0.0
-50.0,50,9267.774967,0.0
-50.0,50,9268.261697,0.0
-50.0,50,9268.787276,0.0
-50.0,50,9269.281819,0.0
0.0,50,9269.788153,1.0
-50.0,50,9270.297947,0.0
-50.0,50,9270.800238,0.0
0.0,50,9271.291788,1.0
-50.0,50,9271.792606,0.0
-50.0,50,9272.297939,0.0
-50.0,50,9272.807755,0.0
-50.0,50,9273.307574,0.0
-50.0,50,9273.791595,0.0
-50.0,50,9274.289627,0.0
0.0,50,9274.804952,1.0
-50.0,50,9275.300186,0.0
-50.0,50,9275.796128,0.0
-50.0,50,9276.273193,0.0
-50.0,50,9276.780475,0.0
-50.0,50,9277.280042,0.0
-50.0,50,9277.782305,0.0
-50.0,50,9278.289021,0.0
-50.0,50,9278.783504,0.0
-50.0,50,9279.27186,0.0
-50.0,50,9279.775393,0.0
-50.0,50,9280.281403,0.0
-50.0,50,9283.011761,0.0
-50.0,50,9283.501749,0.0
-50.0,50,9283.990446,0.0
-50.0,50,9284.481076,0.0
-50.0,50,9284.973196,0.0
-50.0,50,9285.459696,0.0
-50.0,50,9285.960032,0.0
-50.0,50,9286.459463,0.0
-50.0,50,9286.967226,0.0
-40.0,50,9287.440386,0.0
-50.0,50,9287.928673,0.0
-50.0,50,9288.413315,0.0
-50.0,50,9288.930366,0.0
-50.0,50,9289.418225,0.0
-50.0,50,9289.887226,0.0
-50.0,50,9290.371039,0.0
-50.0,50,9290.871215,0.0
-50.0,50,9291.357189,0.0
-50.0,50,9291.834934,0.0
-50.0,50,9292.325925,0.0
-50.0,50,9292.822482,0.0
-50.0,50,9293.321209,0.0
-50.0,50,9293.808777,0.0
-50.0,50,9294.29581,0.0
-50.0,50,9294.805745,0.0
-50.0,50,9295.298078,0.0
-50.0,50,9295.789032,0.0
-50.0,50,9296.280933,0.0
-50.0,50,9296.780062,0.0
-50.0,50,9297.273015,0.0
0.0,50,9297.763575,1.0
-50.0,50,9298.257316,0.0
-50.0,50,9298.771811,0.0
-50.0,50,9299.251064,0.0
-50.0,50,9299.739454,0.0
-50.0,50,9300.233171,0.0
-50.0,50,9300.741905,0.0
-50.0,50,9301.243329,0.0
-50.0,50,9301.741941,0.0
-50.0,50,9302.234835,0.0
-50.0,50,9302.757079,0.0
-50.0,50,9303.261972,0.0
-50.0,50,9303.763687,0.0
-50.0,50,9304.28066,0.0
-50.0,50,9304.777537,0.0
-50.0,50,9305.283899,0.0
-50.0,50,9305.794142,0.0
-50.0,50,9306.311885,0.0
-50.0,50,9306.831448,0.0
-50.0,50,9307.32825,0.0
0.0,50,9307.825353,1.0
-50.0,50,9308.339148,0.0
-50.0,50,9308.860356,0.0
-50.0,50,9309.368058,0.0
-50.0,50,9309.877689,0.0
-50.0,50,9310.37752,0.0
-50.0,50,9310.89497,0.0
-50.0,50,9311.396198,0.0
-50.0,50,9311.896467,0.0
-50.0,50,9312.413447,0.0
-50.0,50,9312.954602,0.0
-50.0,50,9313.441817,0.0
-50.0,50,9313.953961,0.0
-50.0,50,9314.458941,0.0
-50.0,50,9314.973846,0.0
-50.0,50,9315.482144,0.0
-50.0,50,9315.976469,0.0
-50.0,50,9316.48786,0.0
-50.0,50,9317.015098,0.0
-50.0,50,9317.531417,0.0
-50.0,50,9318.032906,0.0
-50.0,50,9318.544181,0.0
-50.0,50,9319.061103,0.0
0.0,50,9319.558119,1.0
-50.0,50,9320.063058,0.0
-50.0,50,9320.565837,0.0
-50.0,50,9321.08522,0.0
-50.0,50,9321.583364,0.0
-50.0,50,9322.075557,0.0
-50.0,50,9322.580855,0.0
-50.0,50,9323.102322,0.0
-50.0,50,9323.610078,0.0
-50.0,50,9324.120302,0.0
-50.0,50,9324.613181,0.0
-50.0,50,9325.126435,0.0
-50.0,50,9325.630462,0.0
-50.0,50,9326.133689,0.0
-50.0,50,9326.644028,0.0
-50.0,50,9327.158334,0.0
-50.0,50,9327.649309,0.0
-50.0,50,9328.14863,0.0
0.0,50,9328.658794,1.0
-50.0,50,9329.175299,0.0
-50.0,50,9329.686212,0.0
-50.0,50,9330.171433,0.0
-50.0,50,9330.673928,0.0
-50.0,50,9331.18608,0.0
-50.0,50,9331.694712,0.0
-50.0,50,9332.197199,0.0
-50.0,50,9332.693019,0.0
-50.0,50,9333.203737,0.0
-50.0,50,9333.711067,0.0
-50.0,50,9334.215198,0.0
-50.0,50,9334.718359,0.0
-50.0,50,9335.245898,0.0
-50.0,50,9335.728945,0.0
-50.0,50,9336.228454,0.0
-50.0,50,9336.737607,0.0
0.0,50,9337.26384,1.0
-50.0,50,9337.778738,0.0
-50.0,50,9338.270184,0.0
-50.0,50,9338.766632,0.0
-50.0,50,9339.282494,0.0
0.0,50,9339.790198,1.0
-50.0,50,9340.28623,0.0
-50.0,50,9340.777534,0.0
0.0,50,9341.273916,1.0
-50.0,50,9341.772573,0.0
-50.0,50,9342.273195,0.0
-50.0,50,9342.775501,0.0
-50.0,50,9343.302832,0.0
-50.0,50,9343.786666,0.0
-50.0,50,9344.297298,0.0
-50.0,50,9344.79583,0.0
-50.0,50,9345.317756,0.0
-50.0,50,9345.824556,0.0
-50.0,50,9346.318218,0.0
-50.0,50,9346.820425,0.0
-50.0,50,9347.333314,0.0
-50.0,50,9347.847853,0.0
-50.0,50,9348.354573,0.0
-50.0,50,9348.858416,0.0
-50.0,50,9349.357689,0.0
-50.0,50,9349.859591,0.0
-50.0,50,9350.362446,0.0
-50.0,50,9350.868358,0.0
-50.0,50,9351.383651,0.0
-50.0,50,9351.891055,0.0
-50.0,50,9352.392728,0.0
-50.0,50,9352.897498,0.0
-50.0,50,9353.420156,0.0
-50.0,50,9353.931786,0.0
0.0,50,9354.446579,1.0
0.0,50,9354.944002,1.0
-50.0,50,9355.464089,0.0
-50.0,50,9355.968323,0.0
-50.0,50,9356.480867,0.0
-50.0,50,9356.98835,0.0
-50.0,50,9357.510977,0.0
-50.0,50,9358.010503,0.0
-50.0,50,9358.514484,0.0
-50.0,50,9359.014255,0.0
-50.0,50,9359.531716,0.0
-50.0,50,9360.035784,0.0
-50.0,50,9360.540533,0.0
-50.0,50,9361.048654,0.0
-50.0,50,9361.571365,0.0
-50.0,50,9362.079862,0.0
-50.0,50,9362.597706,0.0
0.0,50,9363.101032,1.0
0.0,50,9363.6042,1.0
-50.0,50,9364.109065,0.0
-50.0,50,9364.623971,0.0
-50.0,50,9365.134735,0.0
-50.0,50,9365.653398,0.0
-50.0,50,9366.166194,0.0
-50.0,50,9366.65867,0.0
-50.0,50,9367.163454,0.0
-50.0,50,9367.679842,0.0
-50.0,50,9368.182698,0.0
-50.0,50,9368.689547,0.0
0.0,50,9369.183723,1.0
-50.0,50,9369.706991,0.0
-50.0,50,9370.222002,0.0
-50.0,50,9370.723791,0.0
-50.0,50,9371.227335,0.0
-50.0,50,9371.73781,0.0
-50.0,50,9372.231583,0.0
0.0,50,9372.750604,1.0
-50.0,50,9373.265875,0.0
-50.0,50,9373.787707,0.0
-50.0,50,9374.300259,0.0
-50.0,50,9374.791679,0.0
0.0,50,9375.297023,1.0
-50.0,50,9375.819984,0.0
-50.0,50,9376.336973,0.0
-50.0,50,9376.853745,0.0
-50.0,50,9377.369587,0.0
-50.0,50,9377.873014,0.0
-50.0,50,9378.426673,0.0
-50.0,50,9378.922243,0.0
-50.0,50,9379.409647,0.0
-50.0,50,9379.935286,0.0
-50.0,50,9380.477087,0.0
-50.0,50,9380.994308,0.0
-50.0,50,9381.500299,0.0
-50.0,50,9382.006773,0.0
-50.0,50,9382.493349,0.0
-50.0,50,9382.984042,0.0
-50.0,50,9383.47452,0.0
0.0,50,9386.196022,1.0
-50.0,50,9386.673935,0.0
-50.0,50,9387.148302,0.0
-50.0,50,9387.621655,0.0
-50.0,50,9388.110265,0.0
-50.0,50,9388.583052,0.0
-50.0,50,9389.055633,0.0
0.0,50,9389.526008,1.0
-50.0,50,9390.034034,0.0
-50.0,50,9390.518455,0.0
-50.0,50,9391.025847,0.0
-50.0,50,9391.533047,0.0
-50.0,50,9392.046558,0.0
-50.0,50,9392.548033,0.0
-50.0,50,9393.029891,0.0
-50.0,50,9393.527982,0.0
0.0,50,9394.034162,1.0
-50.0,50,9394.525967,0.0
-50.0,50,9395.020883,0.0
-50.0,50,9395.496693,0.0
-50.0,50,9396.012812,0.0
-50.0,50,9396.52074,0.0
-50.0,50,9397.027019,0.0
-50.0,50,9397.517766,0.0
-50.0,50,9398.010873,0.0
-50.0,50,9398.504219,0.0
-50.0,50,9399.00656,0.0
-50.0,50,9399.501777,0.0
-50.0,50,9400.009947,0.0
-50.0,50,9400.481378,0.0
-50.0,50,9400.980301,0.0
-50.0,50,9401.483043,0.0
-50.0,50,9401.999207,0.0
-50.0,50,9402.49352,0.0
-50.0,50,9402.972578,0.0
-50.0,50,9403.46449,0.0
-50.0,50,9403.971445,0.0
-50.0,50,9404.477351,0.0
-50.0,50,9404.96627,0.0
-50.0,50,9405.446099,0.0
-50.0,50,9405.949686,0.0
-50.0,50,9406.441635,0.0
-50.0,50,9406.934372,0.0
0.0,50,9407.433374,1.0
-50.0,50,9407.920184,0.0
-50.0,50,9408.418896,0.0
-50.0,50,9408.910569,0.0
-50.0,50,9409.405155,0.0
-50.0,50,9409.939077,0.0
-50.0,50,9410.409824,0.0
-50.0,50,9410.901677,0.0
-50.0,50,9411.38977,0.0
-50.0,50,9411.901334,0.0
-50.0,50,9412.404516,0.0
-50.0,50,9412.876507,0.0
-50.0,50,9413.380215,0.0
-50.0,50,9413.895042,0.0
-50.0,50,9414.384979,0.0
-50.0,50,9414.886772,0.0
-50.0,50,9415.373248,0.0
-50.0,50,9415.88251,0.0
0.0,50,9416.386364,1.0
-50.0,50,9416.896438,0.0
-50.0,50,9417.396704,0.0
-50.0,50,9417.895779,0.0
-50.0,50,9418.393001,0.0
-50.0,50,9418.89025,0.0
-50.0,50,9419.390068,0.0
-50.0,50,9419.905115,0.0
-50.0,50,9420.395237,0.0
-50.0,50,9420.892031,0.0
-50.0,50,9421.393183,0.0
-50.0,50,9421.907816,0.0
-50.0,50,9422.398132,0.0
0.0,50,9422.88398,1.0
-50.0,50,9423.367823,0.0
-50.0,50,9423.883896,0.0
-50.0,50,9424.374574,0.0
-50.0,50,9424.865665,0.0
-50.0,50,9425.352426,0.0
-50.0,50,9425.853989,0.0
-50.0,50,9426.349798,0.0
-50.0,50,9426.846099,0.0
-50.0,50,9427.342529,0.0
-50.0,50,9427.839593,0.0
-50.0,50,9428.331739,0.0
-50.0,50,9428.828036,0.0
-50.0,50,9429.323089,0.0
-50.0,50,9429.826338,0.0
-50.0,50,9430.317766,0.0
-50.0,50,9430.810844,0.0
0.0,50,9431.320489,1.0
-50.0,50,9431.846235,0.0
0.0,50,9432.363462,1.0
-50.0,50,9432.857598,0.0
-50.0,50,9433.330605,0.0
-50.0,50,9433.842783,0.0
-50.0,50,9434.336138,0.0
-50.0,50,9434.826472,0.0
-50.0,50,9435.317909,0.0
0.0,50,9435.803941,1.0
0.0,50,9436.29147,1.0
-50.0,50,9436.77795,0.0
-50.0,50,9437.265252,0.0
0.0,50,9437.761306,1.0
-50.0,50,9438.24054,0.0
-50.0,50,9438.7281,0.0
-50.0,50,9439.221585,0.0
-50.0,50,9439.733156,0.0
0.0,50,9440.218743,1.0
-50.0,50,9440.703321,0.0
-50.0,50,9441.191711,0.0
-50.0,50,9441.70504,0.0
-50.0,50,9442.198335,0.0
-50.0,50,9442.673336,0.0
-50.0,50,9443.161889,0.0
0.0,50,9443.673008,1.0
-50.0,50,9444.175329,0.0
-50.0,50,9444.67936,0.0
-50.0,50,9445.171587,0.0
-50.0,50,9445.694594,0.0
-50.0,50,9446.212359,0.0
-50.0,50,9446.718647,0.0
-50.0,50,9447.21556,0.0
0.0,50,9447.721664,1.0
0.0,50,9448.195306,1.0
-50.0,50,9448.675321,0.0
-50.0,50,9449.162317,0.0
-50.0,50,9449.663624,0.0
-50.0,50,9450.141333,0.0
0.0,50,9450.621529,1.0
-50.0,50,9451.107571,0.0
-50.0,50,9451.61237,0.0
-50.0,50,9452.103716,0.0
-50.0,50,9452.582595,0.0
-50.0,50,9453.074309,0.0
-50.0,50,9453.5897,0.0
-50.0,50,9454.083349,0.0
-50.0,50,9454.57251,0.0
-50.0,50,9455.05471,0.0
-50.0,50,9455.554924,0.0
-50.0,50,9456.044209,0.0
-50.0,50,9456.536793,0.0
-50.0,50,9457.025851,0.0
-50.0,50,9457.522582,0.0
0.0,50,9458.030822,1.0
-50.0,50,9458.518833,0.0
-50.0,50,9459.012447,0.0
-50.0,50,9459.517366,0.0
-50.0,50,9460.000691,0.0
-50.0,50,9460.498108,0.0
-50.0,50,9460.997958,0.0
-50.0,50,9461.498622,0.0
-50.0,50,9461.992789,0.0
-50.0,50,9462.462912,0.0
-50.0,50,9462.956654,0.0
-50.0,50,9463.462519,0.0
-50.0,50,9463.960989,0.0
-50.0,50,9464.460992,0.0
-50.0,50,9464.947751,0.0
0.0,50,9465.462636,1.0
-50.0,50,9465.966508,0.0
0.0,50,9466.474016,1.0
-50.0,50,9466.982235,0.0
-50.0,50,9467.486037,0.0
0.0,50,9467.985988,1.0
-50.0,50,9468.481976,0.0
-50.0,50,9468.991634,0.0
-50.0,50,9469.514598,0.0
-50.0,50,9470.026698,0.0
-50.0,50,9470.516975,0.0
-50.0,50,9471.024675,0.0
-50.0,50,9471.541249,0.0
-50.0,50,9472.042495,0.0
-50.0,50,9472.550754,0.0
-50.0,50,9473.04843,0.0
-50.0,50,9473.557467,0.0
-50.0,50,9474.06569,0.0
-50.0,50,9474.564755,0.0
-50.0,50,9475.064797,0.0
-50.0,50,9475.568875,0.0
-50.0,50,9476.049895,0.0
-50.0,50,9476.542848,0.0
-50.0,50,9477.034463,0.0
-50.0,50,9477.54181,0.0
-50.0,50,9478.03209,0.0
-50.0,50,9478.517765,0.0
-50.0,50,9479.016263,0.0
-50.0,50,9479.522679,0.0
-50.0,50,9480.027568,0.0
-50.0,50,9480.520449,0.0
-50.0,50,9481.012315,0.0
-50.0,50,9481.546916,0.0
-50.0,50,9482.038066,0.0
-50.0,50,9482.542846,0.0
-50.0,50,9483.048161,0.0
-50.0,50,9483.543913,0.0
-50.0,50,9484.042654,0.0
-50.0,50,9484.544783,0.0
-50.0,50,9485.036913,0.0
0.0,50,9487.839077,1.0
-50.0,50,9488.334437,0.0
-50.0,50,9488.836315,0.0
-50.0,50,9489.347945,0.0
-50.0,50,9489.859172,0.0
-50.0,50,9490.337194,0.0
0.0,50,9490.844022,1.0
-50.0,50,9491.338815,0.0
0.0,50,9491.855968,1.0
0.0,50,9492.363984,1.0
-50.0,50,9492.845068,0.0
0.0,50,9493.336395,1.0
-50.0,50,9493.847533,0.0
-50.0,50,9494.351007,0.0
-50.0,50,9494.847752,0.0
-50.0,50,9495.328561,0.0
-50.0,50,9495.829998,0.0
-50.0,50,9496.324112,0.0
-50.0,50,9496.820755,0.0
-50.0,50,9497.312658,0.0
-50.0,50,9497.823246,0.0
-50.0,50,9498.305592,0.0
0.0,50,9498.814164,1.0
-50.0,50,9499.309118,0.0
0.0,50,9499.82502,1.0
-50.0,50,9500.307518,0.0
-50.0,50,9500.790805,0.0
0.0,50,9501.301688,1.0
-50.0,50,9501.817062,0.0
-50.0,50,9502.321032,0.0
-50.0,50,9502.807173,0.0
-50.0,50,9503.295193,0.0
-50.0,50,9503.811057,0.0
-50.0,50,9504.301017,0.0
0.0,50,9504.802425,1.0
-50.0,50,9505.285561,0.0
-50.0,50,9505.784333,0.0
-50.0,50,9506.27883,0.0
-50.0,50,9506.77533,0.0
-50.0,50,9507.271116,0.0
-50.0,50,9507.792653,0.0
-50.0,50,9508.288781,0.0
-50.0,50,9508.788509,0.0
-50.0,50,9509.284115,0.0
-50.0,50,9509.812122,0.0
0.0,50,9510.324584,1.0
-50.0,50,9510.817021,0.0
-50.0,50,9511.319172,0.0
-50.0,50,9511.841822,0.0
-50.0,50,9512.340435,0.0
-50.0,50,9512.835728,0.0
-50.0,50,9513.321045,0.0
-50.0,50,9513.82816,0.0
-50.0,50,9514.33714,0.0
-50.0,50,9514.846146,0.0
-50.0,50,9515.346429,0.0
0.0,50,9515.864058,1.0
-50.0,50,9516.339434,0.0
-50.0,50,9516.840101,0.0
-50.0,50,9517.349689,0.0
-50.0,50,9517.877066,0.0
-50.0,50,9518.376471,0.0
-50.0,50,9518.860441,0.0
-50.0,50,9519.362917,0.0
-50.0,50,9519.876103,0.0
-50.0,50,9520.36898,0.0
-50.0,50,9520.871553,0.0
-50.0,50,9521.356737,0.0
-50.0,50,9521.880415,0.0
-50.0,50,9522.391315,0.0
-50.0,50,9522.900069,0.0
-50.0,50,9523.40308,0.0
-50.0,50,9523.930029,0.0
-50.0,50,9524.411166,0.0
0.0,50,9524.91928,1.0
-50.0,50,9525.412933,0.0
-50.0,50,9525.926555,0.0
-50.0,50,9526.423156,0.0
-50.0,50,9526.901035,0.0
-50.0,50,9527.385456,0.0
-50.0,50,9527.907087,0.0
-50.0,50,9528.397378,0.0
-50.0,50,9528.899233,0.0
-50.0,50,9529.385791,0.0
-50.0,50,9529.896953,0.0
-50.0,50,9530.399178,0.0
-50.0,50,9530.901696,0.0
-50.0,50,9531.392874,0.0
-50.0,50,9531.900887,0.0
-50.0,50,9532.39447,0.0
0.0,50,9532.897981,1.0
-50.0,50,9533.398757,0.0
-50.0,50,9533.91601,0.0
-50.0,50,9534.403732,0.0
-50.0,50,9534.902942,0.0
-50.0,50,9535.39578,0.0
-50.0,50,9535.910228,0.0
-50.0,50,9536.405845,0.0
-50.0,50,9536.903579,0.0
-50.0,50,9537.389062,0.0
-50.0,50,9537.898081,0.0
-50.0,50,9538.39119,0.0
-50.0,50,9538.886616,0.0
-50.0,50,9539.375878,0.0
-50.0,50,9539.871129,0.0
-50.0,50,9540.373944,0.0
-50.0,50,9540.870644,0.0
-50.0,50,9541.362526,0.0
-50.0,50,9541.871553,0.0
-50.0,50,9542.348224,0.0
-50.0,50,9542.841043,0.0
0.0,50,9543.343411,1.0
-50.0,50,9543.849696,0.0
-50.0,50,9544.343411,0.0
-50.0,50,9544.82303,0.0
-50.0,50,9545.31652,0.0
-50.0,50,9545.823356,0.0
-50.0,50,9546.319775,0.0
-50.0,50,9546.804507,0.0
-50.0,50,9547.293069,0.0
-50.0,50,9547.808724,0.0
-50.0,50,9548.311524,0.0
-50.0,50,9548.810533,0.0
-50.0,50,9549.29559,0.0
-50.0,50,9549.799913,0.0
-50.0,50,9550.295222,0.0
-50.0,50,9550.796593,0.0
-50.0,50,9551.291213,0.0
-50.0,50,9551.795406,0.0
0.0,50,9552.284886,1.0
-50.0,50,9552.782451,0.0
-50.0,50,9553.270344,0.0
-50.0,50,9553.777233,0.0
-50.0,50,9554.275762,0.0
-50.0,50,9554.768684,0.0
-50.0,50,9555.269928,0.0
-50.0,50,9555.777081,0.0
-50.0,50,9556.270867,0.0
-50.0,50,9556.767463,0.0
-50.0,50,9557.246502,0.0
-50.0,50,9557.758415,0.0
-50.0,50,9558.249929,0.0
-50.0,50,9558.74589,0.0
-50.0,50,9559.242597,0.0
-50.0,50,9559.735214,0.0
-50.0,50,9560.243656,0.0
-50.0,50,9560.735732,0.0
-50.0,50,9561.238561,0.0
-50.0,50,9561.757865,0.0
-50.0,50,9562.232156,0.0
-50.0,50,9562.725781,0.0
-50.0,50,9563.222469,0.0
0.0,50,9563.741118,1.0
0.0,50,9564.252011,1.0
-50.0,50,9564.733466,0.0
-50.0,50,9565.22452,0.0
0.0,50,9565.737155,1.0
-50.0,50,9566.227707,0.0
-50.0,50,9566.718523,0.0
-50.0,50,9567.196588,0.0
-50.0,50,9567.710308,0.0
-50.0,50,9568.224645,0.0
-50.0,50,9568.735985,0.0
-50.0,50,9569.243805,0.0
-50.0,50,9569.760875,0.0
-50.0,50,9570.260242,0.0
-50.0,50,9570.764753,0.0
-50.0,50,9571.26554,0.0
-50.0,50,9571.790507,0.0
-50.0,50,9572.291414,0.0
-50.0,50,9572.780203,0.0
0.0,50,9573.289639,1.0
-50.0,50,9573.822811,0.0
-50.0,50,9574.323575,0.0
0.0,50,9574.836704,1.0
-50.0,50,9575.328203,0.0
-50.0,50,9575.830287,0.0
-50.0,50,9576.333798,0.0
-50.0,50,9576.846427,0.0
-50.0,50,9577.348295,0.0
-50.0,50,9577.868176,0.0
-50.0,50,9578.360762,0.0
-50.0,50,9578.870563,0.0
-50.0,50,9579.373359,0.0
-50.0,50,9579.891437,0.0
-50.0,50,9580.395435,0.0
-50.0,50,9580.888926,0.0
0.0,50,9581.397783,1.0
-50.0,50,9581.929691,0.0
-50.0,50,9582.429238,0.0
-50.0,50,9582.926344,0.0
-50.0,50,9583.43729,0.0
-50.0,50,9583.94475,0.0
0.0,50,9584.451485,1.0
-50.0,50,9584.952836,0.0
-50.0,50,9585.452776,0.0
-50.0,50,9585.968462,0.0
-50.0,50,9586.462506,0.0
-50.0,50,9586.956123,0.0
-50.0,50,9587.462777,0.0
-50.0,50,9590.225922,0.0
-50.0,50,9590.721934,0.0
-50.0,50,9591.224329,0.0
-50.0,50,9591.725641,0.0
-50.0,50,9592.24614,0.0
-50.0,50,9592.758066,0.0
-50.0,50,9593.251034,0.0
-50.0,50,9593.745747,0.0
-50.0,50,9594.26304,0.0
-50.0,50,9594.757784,0.0
-50.0,50,9595.253682,0.0
-50.0,50,9595.738257,0.0
0.0,50,9596.251542,1.0
0.0,50,9596.755037,1.0
-50.0,50,9597.24686,0.0
-50.0,50,9597.736568,0.0
-50.0,50,9598.235306,0.0
-50.0,50,9598.730427,0.0
-50.0,50,9599.220089,0.0
-2.0,50,9599.716716,1.0
0.0,50,9600.241337,1.0
-50.0,50,9600.736132,0.0
0.0,50,9601.22687,1.0
-50.0,50,9601.727075,0.0
-50.0,50,9602.243942,0.0
-50.0,50,9602.738831,0.0
-50.0,50,9603.232797,0.0
-50.0,50,9603.726252,0.0
-50.0,50,9604.23682,0.0
0.0,50,9604.740363,1.0
-50.0,50,9605.237529,0.0
-50.0,50,9605.728212,0.0
-50.0,50,9606.219646,0.0
-50.0,50,9606.712708,0.0
-50.0,50,9607.207203,0.0
-50.0,50,9607.70499,0.0
-50.0,50,9608.221042,0.0
-50.0,50,9608.7005,0.0
-50.0,50,9609.189197,0.0
-50.0,50,9609.693119,0.0
-50.0,50,9610.206759,0.0
0.0,50,9610.708138,1.0
-50.0,50,9611.188906,0.0
-50.0,50,9611.68221,0.0
-50.0,50,9612.199389,0.0
-50.0,50,9612.705028,0.0
-50.0,50,9613.216615,0.0
-50.0,50,9613.702509,0.0
-50.0,50,9614.238789,0.0
-50.0,50,9614.741201,0.0
-50.0,50,9615.241929,0.0
-50.0,50,9615.734314,0.0
-50.0,50,9616.281548,0.0
-50.0,50,9616.764413,0.0
-50.0,50,9617.265487,0.0
0.0,50,9617.77225,1.0
0.0,50,9618.320751,1.0
-50.0,50,9618.810757,0.0
-50.0,50,9619.315196,0.0
-50.0,50,9619.797586,0.0
-50.0,50,9620.315897,0.0
-50.0,50,9620.811181,0.0
-50.0,50,9621.326247,0.0
-50.0,50,9621.825228,0.0
-50.0,50,9622.341919,0.0
-50.0,50,9622.834288,0.0
-50.0,50,9623.335512,0.0
-50.0,50,9623.833101,0.0
0.0,50,9624.362575,1.0
-50.0,50,9624.844645,0.0
-50.0,50,9625.341396,0.0
-50.0,50,9625.83591,0.0
-50.0,50,9626.347987,0.0
-50.0,50,9626.838027,0.0
-50.0,50,9627.323663,0.0
-50.0,50,9627.8014,0.0
-50.0,50,9628.309963,0.0
-50.0,50,9628.796741,0.0
-50.0,50,9629.289351,0.0
-50.0,50,9629.762413,0.0
-50.0,50,9630.268804,0.0
-50.0,50,9630.76368,0.0
-50.0,50,9631.250548,0.0
0.0,50,9631.743433,1.0
-50.0,50,9632.228453,0.0
-50.0,50,9632.736679,0.0
-50.0,50,9633.225185,0.0
-50.0,50,9633.713054,0.0
-50.0,50,9634.235422,0.0
-50.0,50,9634.709322,0.0
-50.0,50,9635.19624,0.0
-50.0,50,9635.687563,0.0
-50.0,50,9636.186314,0.0
-50.0,50,9636.671454,0.0
-50.0,50,9637.158525,0.0
-50.0,50,9637.649561,0.0
-50.0,50,9638.150193,0.0
-50.0,50,9638.643256,0.0
-50.0,50,9639.121817,0.0
-50.0,50,9639.595291,0.0
-50.0,50,9640.095432,0.0
-50.0,50,9640.582047,0.0
-50.0,50,9641.074171,0.0
-50.0,50,9641.557888,0.0
-50.0,50,9642.054697,0.0
-50.0,50,9642.543898,0.0
-50.0,50,9643.036999,0.0
-50.0,50,9643.531719,0.0
-50.0,50,9644.026717,0.0
-50.0,50,9644.519422,0.0
-50.0,50,9645.018625,0.0
-50.0,50,9645.509101,0.0
-50.0,50,9646.019348,0.0
-50.0,50,9646.490925,0.0
-50.0,50,9646.981417,0.0
-50.0,50,9647.470311,0.0
-50.0,50,9647.988137,0.0
-50.0,50,9648.475389,0.0
-50.0,50,9648.947169,0.0
-50.0,50,9649.436518,0.0
-50.0,50,9649.957178,0.0
-50.0,50,9650.446887,0.0
-50.0,50,9650.938243,0.0
-50.0,50,9651.415874,0.0
-50.0,50,9651.919756,0.0
-50.0,50,9652.412415,0.0
-50.0,50,9652.90489,0.0
-50.0,50,9653.396786,0.0
-50.0,50,9653.893483,0.0
-50.0,50,9654.39109,0.0
-50.0,50,9654.879296,0.0
-50.0,50,9655.374806,0.0
-50.0,50,9655.884612,0.0
-50.0,50,9656.361365,0.0
-50.0,50,9656.862227,0.0
-50.0,50,9657.363981,0.0
-50.0,50,9657.885276,0.0
-50.0,50,9658.378482,0.0
-50.0,50,9658.860319,0.0
-50.0,50,9659.352534,0.0
-50.0,50,9659.88229,0.0
-50.0,50,9660.380831,0.0
-50.0,50,9660.883078,0.0
0.0,50,9661.378714,1.0
-50.0,50,9661.880648,0.0
-50.0,50,9662.373132,0.0
-50.0,50,9662.861417,0.0
-50.0,50,9663.353844,0.0
-50.0,50,9663.864386,0.0
-50.0,50,9664.358539,0.0
-50.0,50,9664.852566,0.0
-50.0,50,9665.341053,0.0
-50.0,50,9665.848408,0.0
-50.0,50,9666.324552,0.0
-50.0,50,9666.808842,0.0
-50.0,50,9667.295511,0.0
-50.0,50,9667.794398,0.0
-50.0,50,9668.281401,0.0
-50.0,50,9668.747501,0.0
0.0,50,9669.243629,1.0
-50.0,50,9669.759992,0.0
-50.0,50,9670.253742,0.0
0.0,50,9670.743475,1.0
-50.0,50,9671.219508,0.0
-50.0,50,9671.742243,0.0
-50.0,50,9672.243101,0.0
-50.0,50,9672.745716,0.0
-50.0,50,9673.237803,0.0
-50.0,50,9673.730943,0.0
-50.0,50,9674.229593,0.0
-50.0,50,9674.724471,0.0
-50.0,50,9675.217028,0.0
0.0,50,9675.724988,1.0
-50.0,50,9676.205301,0.0
-50.0,50,9676.707881,0.0
-50.0,50,9677.204051,0.0
-50.0,50,9677.712919,0.0
-50.0,50,9678.206018,0.0
-50.0,50,9678.684859,0.0
-50.0,50,9679.177497,0.0
-50.0,50,9679.694534,0.0
-50.0,50,9680.186149,0.0
-50.0,50,9680.679904,0.0
-50.0,50,9681.150973,0.0
-50.0,50,9681.663891,0.0
-50.0,50,9682.157705,0.0
-50.0,50,9682.652347,0.0
-50.0,50,9683.151589,0.0
-50.0,50,9683.653088,0.0
-50.0,50,9684.157907,0.0
-50.0,50,9684.649588,0.0
-50.0,50,9685.150392,0.0
-50.0,50,9685.660542,0.0
-50.0,50,9686.14092,0.0
-50.0,50,9686.632033,0.0
-50.0,50,9687.129626,0.0
-50.0,50,9687.64773,0.0
-50.0,50,9688.142869,0.0
-50.0,50,9688.617128,0.0
-50.0,50,9689.127498,0.0
-50.0,50,9691.929165,0.0
-50.0,50,9692.443784,0.0
-50.0,50,9692.931618,0.0
-50.0,50,9693.431563,0.0
-50.0,50,9693.94896,0.0
-50.0,50,9694.446601,0.0
-50.0,50,9694.94401,0.0
-50.0,50,9695.430075,0.0
-50.0,50,9695.944329,0.0
-50.0,50,9696.456347,0.0
-50.0,50,9696.957949,0.0
-50.0,50,9697.459876,0.0
-50.0,50,9697.972229,0.0
-50.0,50,9698.467071,0.0
-50.0,50,9698.967536,0.0
-50.0,50,9699.47082,0.0
-50.0,50,9699.989681,0.0
-50.0,50,9700.498264,0.0
-50.0,50,9700.987273,0.0
-50.0,50,9701.497415,0.0
-50.0,50,9702.021373,0.0
-50.0,50,9702.530609,0.0
-50.0,50,9703.029724,0.0
-50.0,50,9703.515868,0.0
-50.0,50,9704.030223,0.0
-50.0,50,9704.534832,0.0
0.0,50,9705.039228,1.0
-50.0,50,9705.527119,0.0
-50.0,50,9706.023017,0.0
-50.0,50,9706.507783,0.0
-50.0,50,9707.01026,0.0
-50.0,50,9707.500295,0.0
-50.0,50,9708.00614,0.0
-50.0,50,9708.477972,0.0
-50.0,50,9708.981101,0.0
-50.0,50,9709.467968,0.0
0.0,50,9709.988204,1.0
-50.0,50,9710.474558,0.0
-50.0,50,9710.96153,0.0
-50.0,50,9711.452031,0.0
-50.0,50,9711.97141,0.0
-50.0,50,9712.471656,0.0
-50.0,50,9712.970954,0.0
0.0,50,9713.469319,1.0
-50.0,50,9713.97492,0.0
-50.0,50,9714.460984,0.0
-50.0,50,9714.958931,0.0
-50.0,50,9715.450986,0.0
-50.0,50,9715.946091,0.0
-50.0,50,9716.431106,0.0
-50.0,50,9716.938413,0.0
-50.0,50,9717.449256,0.0
-10.0,50,9717.96999,0.0
-50.0,50,9718.471184,0.0
-50.0,50,9718.955443,0.0
-50.0,50,9719.45567,0.0
-50.0,50,9719.972239,0.0
-50.0,50,9720.475619,0.0
-50.0,50,9720.977454,0.0
-50.0,50,9721.484846,0.0
-50.0,50,9722.003927,0.0
-50.0,50,9722.503793,0.0
-50.0,50,9723.002231,0.0
-50.0,50,9723.502641,0.0
-50.0,50,9724.02704,0.0
-50.0,50,9724.509568,0.0
-50.0,50,9725.010208,0.0
-50.0,50,9725.517349,0.0
0.0,50,9726.034369,1.0
-50.0,50,9726.541277,0.0
-50.0,50,9727.028933,0.0
-50.0,50,9727.527338,0.0
-50.0,50,9728.054155,0.0
-50.0,50,9728.564915,0.0
-50.0,50,9729.072313,0.0
-50.0,50,9729.566911,0.0
0.0,50,9730.079136,1.0
-50.0,50,9730.58503,0.0
-50.0,50,9731.096684,0.0
-50.0,50,9731.599317,0.0
-50.0,50,9732.128628,0.0
-50.0,50,9732.618491,0.0
-50.0,50,9733.124845,0.0
-50.0,50,9733.633899,0.0
-50.0,50,9734.158875,0.0
-50.0,50,9734.660386,0.0
-50.0,50,9735.159807,0.0
-50.0,50,9735.651007,0.0
-50.0,50,9736.17198,0.0
-50.0,50,9736.671292,0.0
-50.0,50,9737.170195,0.0
-50.0,50,9737.671396,0.0
-50.0,50,9738.171395,0.0
-50.0,50,9738.673196,0.0
-50.0,50,9739.184847,0.0
-50.0,50,9739.687265,0.0
-50.0,50,9740.2043,0.0
-50.0,50,9740.697498,0.0
-50.0,50,9741.189484,0.0
-50.0,50,9741.69029,0.0
-50.0,50,9742.206009,0.0
-50.0,50,9742.706056,0.0
-50.0,50,9743.205643,0.0
0.0,50,9743.707283,1.0
-50.0,50,9744.232054,0.0
-50.0,50,9744.724073,0.0
-50.0,50,9745.217579,0.0
0.0,50,9745.718657,1.0
-50.0,50,9746.210534,0.0
-50.0,50,9746.704259,0.0
-50.0,50,9747.1993,0.0
-50.0,50,9747.709052,0.0
-50.0,50,9748.233795,0.0
-50.0,50,9748.72886,0.0
-50.0,50,9749.230136,0.0
-50.0,50,9749.734127,0.0
-50.0,50,9750.25482,0.0
-50.0,50,9750.763153,0.0
-50.0,50,9751.26869,0.0
-50.0,50,9751.751284,0.0
-50.0,50,9752.263515,0.0
-50.0,50,9752.753287,0.0
-50.0,50,9753.248429,0.0
-50.0,50,9753.734003,0.0
-50.0,50,9754.225792,0.0
-50.0,50,9754.712369,0.0
-50.0,50,9755.200586,0.0
-50.0,50,9755.68763,0.0
-50.0,50,9756.189735,0.0
0.0,50,9756.690193,1.0
0.0,50,9757.191679,1.0
-50.0,50,9757.686748,0.0
-50.0,50,9758.188178,0.0
-50.0,50,9758.666438,0.0
-50.0,50,9759.143201,0.0
-50.0,50,9759.639982,0.0
-50.0,50,9760.139532,0.0
-50.0,50,9760.635167,0.0
-50.0,50,9761.114887,0.0
-50.0,50,9761.619269,0.0
-50.0,50,9762.129424,0.0
-50.0,50,9762.629041,0.0
0.0,50,9763.137012,1.0
0.0,50,9763.639504,1.0
-50.0,50,9764.154585,0.0
-50.0,50,9764.660506,0.0
-50.0,50,9765.145384,0.0
-50.0,50,9765.647633,0.0
-50.0,50,9766.149014,0.0
0.0,50,9766.646336,1.0
0.0,50,9767.15728,1.0
-50.0,50,9767.659638,0.0
0.0,50,9768.174552,1.0
-50.0,50,9768.669194,0.0
-50.0,50,9769.143089,0.0
-50.0,50,9769.630021,0.0
-50.0,50,9770.146081,0.0
-50.0,50,9770.636487,0.0
-50.0,50,9771.135703,0.0
0.0,50,9771.620339,1.0
-50.0,50,9772.134077,0.0
-50.0,50,9772.629544,0.0
-50.0,50,9773.120358,0.0
-50.0,50,9773.62299,0.0
-50.0,50,9774.134114,0.0
-50.0,50,9774.632981,0.0
-50.0,50,9775.144933,0.0
-50.0,50,9775.646553,0.0
-50.0,50,9776.172706,0.0
-50.0,50,9776.669491,0.0
-50.0,50,9777.158003,0.0
-50.0,50,9777.660596,0.0
0.0,50,9778.177975,1.0
-50.0,50,9778.681013,0.0
-50.0,50,9779.196748,0.0
-50.0,50,9779.680083,0.0
-50.0,50,9780.199061,0.0
-50.0,50,9780.702736,0.0
-50.0,50,9781.204334,0.0
-50.0,50,9781.70576,0.0
-50.0,50,9782.228703,0.0
-50.0,50,9782.731936,0.0
-50.0,50,9783.233921,0.0
-50.0,50,9783.737134,0.0
-50.0,50,9784.283844,0.0
-50.0,50,9784.796932,0.0
-50.0,50,9785.297281,0.0
-50.0,50,9785.802985,0.0
-50.0,50,9786.335316,0.0
-50.0,50,9786.835377,0.0
-50.0,50,9787.336519,0.0
-50.0,50,9787.846378,0.0
-50.0,50,9788.346303,0.0
-50.0,50,9788.845605,0.0
-50.0,50,9789.3607,0.0
-50.0,50,9789.866388,0.0
-50.0,50,9790.383924,0.0
-50.0,50,9790.890317,0.0
-50.0,50,9791.386127,0.0
-50.0,50,9791.886337,0.0
-50.0,50,9794.703351,0.0
0.0,50,9795.205802,1.0
-50.0,50,9795.70481,0.0
-50.0,50,9796.215824,0.0
-50.0,50,9796.738297,0.0
-50.0,50,9797.248944,0.0
-50.0,50,9797.763128,0.0
-50.0,50,9798.246214,0.0
-50.0,50,9798.769552,0.0
-50.0,50,9799.270595,0.0
0.0,50,9799.784577,1.0
-50.0,50,9800.284399,0.0
-50.0,50,9800.797471,0.0
-50.0,50,9801.287886,0.0
-50.0,50,9801.798369,0.0
-50.0,50,9802.311159,0.0
-50.0,50,9802.830331,0.0
-50.0,50,9803.331679,0.0
-50.0,50,9803.814664,0.0
-50.0,50,9804.319961,0.0
-50.0,50,9804.831887,0.0
-50.0,50,9805.328792,0.0
-50.0,50,9805.831,0.0
-50.0,50,9806.319361,0.0
-50.0,50,9806.829028,0.0
-50.0,50,9807.323823,0.0
-50.0,50,9807.812151,0.0
-50.0,50,9808.30206,0.0
0.0,50,9808.809618,1.0
0.0,50,9809.300527,1.0
-50.0,50,9809.804493,0.0
-50.0,50,9810.301929,0.0
-50.0,50,9810.815311,0.0
-50.0,50,9811.291004,0.0
-50.0,50,9811.781941,0.0
-50.0,50,9812.2752,0.0
-50.0,50,9812.79109,0.0
-50.0,50,9813.283799,0.0
-50.0,50,9813.771004,0.0
-50.0,50,9814.260946,0.0
-50.0,50,9814.788535,0.0
-50.0,50,9815.286758,0.0
-50.0,50,9815.77868,0.0
-50.0,50,9816.255884,0.0
-50.0,50,9816.761757,0.0
-50.0,50,9817.25778,0.0
-50.0,50,9817.753969,0.0
-50.0,50,9818.24703,0.0
-50.0,50,9818.750991,0.0
-50.0,50,9819.249993,0.0
-50.0,50,9819.753227,0.0
-50.0,50,9820.257353,0.0
-50.0,50,9820.763062,0.0
-50.0,50,9821.244692,0.0
-50.0,50,9821.731958,0.0
-49.0,50,9822.232552,0.0
-50.0,50,9822.742137,0.0
-50.0,50,9823.235312,0.0
-50.0,50,9823.733007,0.0
-50.0,50,9824.223064,0.0
-50.0,50,9824.741086,0.0
-50.0,50,9825.236242,0.0
0.0,50,9825.744377,1.0
-50.0,50,9826.228506,0.0
-50.0,50,9826.723862,0.0
-50.0,50,9827.217802,0.0
-50.0,50,9827.706984,0.0
-50.0,50,9828.202098,0.0
0.0,50,9828.735058,1.0
-50.0,50,9829.220428,0.0
-50.0,50,9829.708565,0.0
-50.0,50,9830.195381,0.0
-50.0,50,9830.697223,0.0
-50.0,50,9831.172848,0.0
-50.0,50,9831.660248,0.0
-50.0,50,9832.1466,0.0
-50.0,50,9832.644417,0.0
0.0,50,9833.132651,1.0
-50.0,50,9833.614401,0.0
-50.0,50,9834.135948,0.0
-50.0,50,9834.654543,0.0
-50.0,50,9835.159109,0.0
-50.0,50,9835.659194,0.0
-50.0,50,9836.152905,0.0
-50.0,50,9836.655649,0.0
-50.0,50,9837.156078,0.0
0.0,50,9837.654456,1.0
-50.0,50,9838.155509,0.0
-50.0,50,9838.670639,0.0
-50.0,50,9839.152184,0.0
-50.0,50,9839.653596,0.0
-50.0,50,9840.154132,0.0
-50.0,50,9840.667579,0.0
-50.0,50,9841.172604,0.0
-50.0,50,9841.670795,0.0
-50.0,50,9842.17296,0.0
-50.0,50,9842.6823,0.0
-50.0,50,9843.185878,0.0
-50.0,50,9843.693332,0.0
0.0,50,9844.200553,1.0
-50.0,50,9844.698557,0.0
-50.0,50,9845.198112,0.0
-50.0,50,9845.695703,0.0
-50.0,50,9846.190747,0.0
-50.0,50,9846.695072,0.0
-50.0,50,9847.181388,0.0
-50.0,50,9847.668947,0.0
-50.0,50,9848.163174,0.0
-50.0,50,9848.672686,0.0
-50.0,50,9849.155273,0.0
-50.0,50,9849.649568,0.0
-50.0,50,9850.139415,0.0
-50.0,50,9850.654492,0.0
-50.0,50,9851.144752,0.0
-50.0,50,9851.628497,0.0
-50.0,50,9852.113444,0.0
-50.0,50,9852.618624,0.0
-50.0,50,9853.112032,0.0
-50.0,50,9853.607546,0.0
-50.0,50,9854.086967,0.0
-50.0,50,9854.590034,0.0
-50.0,50,9855.093694,0.0
-50.0,50,9855.598088,0.0
-50.0,50,9856.101321,0.0
-50.0,50,9856.6243,0.0
-50.0,50,9857.113518,0.0
-50.0,50,9857.616415,0.0
-50.0,50,9858.122656,0.0
-50.0,50,9858.646137,0.0
-50.0,50,9859.146331,0.0
-50.0,50,9859.640521,0.0
-50.0,50,9860.140377,0.0
0.0,50,9860.682167,1.0
-50.0,50,9861.187872,0.0
-50.0,50,9861.685164,0.0
-50.0,50,9862.175507,0.0
-50.0,50,9862.664541,0.0
-50.0,50,9863.156523,0.0
-50.0,50,9863.657715,0.0
-50.0,50,9864.163227,0.0
-50.0,50,9864.678366,0.0
-50.0,50,9865.149533,0.0
-50.0,50,9865.635038,0.0
-50.0,50,9866.123596,0.0
-50.0,50,9866.631601,0.0
-50.0,50,9867.12999,0.0
-50.0,50,9867.614651,0.0
-50.0,50,9868.115264,0.0
-50.0,50,9868.625497,0.0
-50.0,50,9869.124171,0.0
-50.0,50,9869.624546,0.0
-50.0,50,9870.099126,0.0
-50.0,50,9870.604721,0.0
-50.0,50,9871.100081,0.0
-50.0,50,9871.593787,0.0
-50.0,50,9872.076401,0.0
-50.0,50,9872.574345,0.0
-50.0,50,9873.071451,0.0
-50.0,50,9873.561557,0.0
-50.0,50,9874.05193,0.0
-50.0,50,9874.543732,0.0
-50.0,50,9875.024499,0.0
-50.0,50,9875.512849,0.0
-50.0,50,9876.004485,0.0
-50.0,50,9876.515923,0.0
-50.0,50,9876.999952,0.0
-50.0,50,9877.494348,0.0
-50.0,50,9877.992505,0.0
-50.0,50,9878.509547,0.0
-50.0,50,9879.001481,0.0
-50.0,50,9879.481846,0.0
-50.0,50,9879.97363,0.0
-50.0,50,9880.478803,0.0
-50.0,50,9880.982688,0.0
-50.0,50,9881.470299,0.0
-50.0,50,9881.950934,0.0
-50.0,50,9882.451389,0.0
-50.0,50,9882.940349,0.0
-50.0,50,9883.429964,0.0
0.0,50,9883.926019,1.0
-50.0,50,9884.431139,0.0
0.0,50,9884.930281,1.0
-50.0,50,9885.42382,0.0
-50.0,50,9885.922536,0.0
-50.0,50,9886.437892,0.0
-50.0,50,9886.924883,0.0
-50.0,50,9887.415287,0.0
-50.0,50,9887.92117,0.0
-50.0,50,9888.434255,0.0
-50.0,50,9888.94186,0.0
-50.0,50,9889.451384,0.0
-50.0,50,9889.943423,0.0
0.0,50,9890.468154,1.0
-50.0,50,9890.98106,0.0
-50.0,50,9891.486542,0.0
-50.0,50,9891.995684,0.0
0.0,50,9892.520082,1.0
-50.0,50,9893.013207,0.0
-50.0,50,9893.531853,0.0
0.0,50,9894.048692,1.0
-50.0,50,9896.880166,0.0
-50.0,50,9897.378774,0.0
-50.0,50,9897.886682,0.0
-50.0,50,9898.400892,0.0
-50.0,50,9898.915625,0.0
0.0,50,9899.429954,1.0
-50.0,50,9899.929975,0.0
-50.0,50,9900.428157,0.0
-50.0,50,9900.949773,0.0
-50.0,50,9901.449199,0.0
-50.0,50,9901.958878,0.0
-50.0,50,9902.453848,0.0
-50.0,50,9902.956513,0.0
-50.0,50,9903.464747,0.0
-50.0,50,9903.968776,0.0
-50.0,50,9904.468812,0.0
-50.0,50,9904.997888,0.0
-50.0,50,9905.484756,0.0
-50.0,50,9905.984617,0.0
-50.0,50,9906.498221,0.0
-50.0,50,9907.018146,0.0
-50.0,50,9907.517179,0.0
-50.0,50,9908.00999,0.0
-50.0,50,9908.509127,0.0
-50.0,50,9909.039855,0.0
-50.0,50,9909.536718,0.0
-50.0,50,9910.056208,0.0
-50.0,50,9910.560529,0.0
-50.0,50,9911.059972,0.0
-50.0,50,9911.562544,0.0
-50.0,50,9912.060185,0.0
-50.0,50,9912.564057,0.0
0.0,50,9913.099948,1.0
-50.0,50,9913.601559,0.0
-50.0,50,9914.098591,0.0
-50.0,50,9914.604706,0.0
-50.0,50,9915.12083,0.0
-50.0,50,9915.626399,0.0
-50.0,50,9916.129464,0.0
-50.0,50,9916.615375,0.0
-50.0,50,9917.125666,0.0
-50.0,50,9917.631582,0.0
-50.0,50,9918.133263,0.0
-50.0,50,9918.636417,0.0
-50.0,50,9919.144412,0.0
-50.0,50,9919.63948,0.0
-50.0,50,9920.149613,0.0
-50.0,50,9920.653238,0.0
-50.0,50,9921.1621,0.0
-50.0,50,9921.659305,0.0
-50.0,50,9922.140388,0.0
-50.0,50,9922.642027,0.0
-50.0,50,9923.153597,0.0
-50.0,50,9923.660525,0.0
0.0,50,9924.159463,1.0
-50.0,50,9924.64003,0.0
-50.0,50,9925.146871,0.0
-50.0,50,9925.642222,0.0
-50.0,50,9926.146004,0.0
-50.0,50,9926.642072,0.0
-50.0,50,9927.140214,0.0
-50.0,50,9927.63779,0.0
0.0,50,9928.145118,1.0
-50.0,50,9928.642716,0.0
-50.0,50,9929.160959,0.0
-50.0,50,9929.661789,0.0
-50.0,50,9930.16246,0.0
-50.0,50,9930.663535,0.0
-50.0,50,9931.183495,0.0
-50.0,50,9931.683451,0.0
-50.0,50,9932.187016,0.0
-50.0,50,9932.669441,0.0
-50.0,50,9933.187455,0.0
-50.0,50,9933.695546,0.0
-50.0,50,9934.19147,0.0
-50.0,50,9934.695623,0.0
-50.0,50,9935.191426,0.0
-50.0,50,9935.698643,0.0
-50.0,50,9936.199395,0.0
-50.0,50,9936.709399,0.0
-50.0,50,9937.22375,0.0
-50.0,50,9937.717296,0.0
-50.0,50,9938.208974,0.0
-50.0,50,9938.705234,0.0
-50.0,50,9939.216216,0.0
-50.0,50,9939.714098,0.0
-50.0,50,9940.209676,0.0
-50.0,50,9940.696972,0.0
-50.0,50,9941.203117,0.0
-50.0,50,9941.708577,0.0
-50.0,50,9942.202044,0.0
-50.0,50,9942.686585,0.0
-50.0,50,9943.184238,0.0
-44.0,50,9943.677344,0.0
-50.0,50,9944.184549,0.0
-50.0,50,9944.677976,0.0
-50.0,50,9945.16954,0.0
-50.0,50,9945.652994,0.0
0.0,50,9946.157898,1.0
-50.0,50,9946.647463,0.0
-50.0,50,9947.150065,0.0
0.0,50,9947.644974,1.0
-50.0,50,9948.124115,0.0
-50.0,50,9948.622482,0.0
-50.0,50,9949.128637,0.0
-50.0,50,9949.61909,0.0
-50.0,50,9950.10102,0.0
-50.0,50,9950.580297,0.0
-50.0,50,9951.084198,0.0
-50.0,50,9951.596634,0.0
-50.0,50,9952.110999,0.0
-50.0,50,9952.599136,0.0
0.0,50,9953.119891,1.0
-50.0,50,9953.608659,0.0
-50.0,50,9954.120974,0.0
-50.0,50,9954.631432,0.0
0.0,50,9955.161529,1.0
-50.0,50,9955.646293,0.0
-50.0,50,9956.153741,0.0
0.0,50,9956.652221,1.0
-50.0,50,9957.17741,0.0
-50.0,50,9957.693127,0.0
-50.0,50,9958.186474,0.0
-50.0,50,9958.689238,0.0
-50.0,50,9959.200298,0.0
-50.0,50,9959.714716,0.0
-50.0,50,9960.225278,0.0
0.0,50,9960.743955,1.0
-50.0,50,9961.252453,0.0
-50.0,50,9961.745104,0.0
-50.0,50,9962.246006,0.0
-50.0,50,9962.745619,0.0
-50.0,50,9963.261728,0.0
-50.0,50,9963.762544,0.0
-50.0,50,9964.253426,0.0
-50.0,50,9964.760314,0.0
-50.0,50,9965.275068,0.0
-50.0,50,9965.78096,0.0
-50.0,50,9966.28846,0.0
-50.0,50,9966.770902,0.0
-50.0,50,9967.280152,0.0
-50.0,50,9967.781129,0.0
-50.0,50,9968.284004,0.0
-50.0,50,9968.792502,0.0
-50.0,50,9969.303182,0.0
-50.0,50,9969.801833,0.0
-50.0,50,9970.31635,0.0
-50.0,50,9970.818134,0.0
-50.0,50,9971.33365,0.0
-50.0,50,9971.83518,0.0
-50.0,50,9972.316577,0.0
-50.0,50,9972.816613,0.0
-50.0,50,9973.332686,0.0
-50.0,50,9973.845361,0.0
-50.0,50,9974.349107,0.0
-50.0,50,9974.837409,0.0
-50.0,50,9975.345351,0.0
-50.0,50,9975.85948,0.0
-50.0,50,9976.360031,0.0
-50.0,50,9976.862862,0.0
-50.0,50,9977.398789,0.0
-50.0,50,9977.881972,0.0
-50.0,50,9978.382787,0.0
-50.0,50,9978.881637,0.0
-50.0,50,9979.398422,0.0
-50.0,50,9979.896141,0.0
-50.0,50,9980.378982,0.0
-50.0,50,9980.883535,0.0
-50.0,50,9981.400296,0.0
-50.0,50,9981.89937,0.0
-50.0,50,9982.407601,0.0
-50.0,50,9982.898903,0.0
-50.0,50,9983.419035,0.0
-50.0,50,9983.927753,0.0
-50.0,50,9984.42026,0.0
-50.0,50,9984.928571,0.0
-50.0,50,9985.435975,0.0
-50.0,50,9985.919023,0.0
0.0,50,9986.426746,1.0
-50.0,50,9986.920248,0.0
-50.0,50,9987.427302,0.0
-50.0,50,9987.927254,0.0
-50.0,50,9988.405554,0.0
-50.0,50,9988.908354,0.0
-50.0,50,9989.431171,0.0
-50.0,50,9989.938866,0.0
-50.0,50,9990.443159,0.0
-50.0,50,9990.935919,0.0
-50.0,50,9991.45005,0.0
-50.0,50,9991.95077,0.0
-50.0,50,9992.447789,0.0
-50.0,50,9992.954416,0.0
-50.0,50,9993.461995,0.0
-50.0,50,9993.953936,0.0
-50.0,50,9994.449725,0.0
-50.0,50,9994.947232,0.0
-50.0,50,9995.466334,0.0
-50.0,50,9995.962777,0.0
-50.0,50,9996.452275,0.0
-50.0,50,9996.957063,0.0
-50.0,50,9999.725828,0.0
-50.0,50,10000.20656,0.0
-50.0,50,10000.705468,0.0
-50.0,50,10001.203699,0.0
-50.0,50,10001.735192,0.0
-50.0,50,10002.245919,0.0
-50.0,50,10002.741333,0.0
-50.0,50,10003.245089,0.0
-50.0,50,10003.763147,0.0
-50.0,50,10004.274306,0.0
-50.0,50,10004.780273,0.0
-50.0,50,10005.270115,0.0
-50.0,50,10005.772168,0.0
-50.0,50,10006.27097,0.0
-50.0,50,10006.768897,0.0
-50.0,50,10007.266637,0.0
0.0,50,10007.802218,1.0
-50.0,50,10008.283886,0.0
-50.0,50,10008.790593,0.0
-50.0,50,10009.303736,0.0
-50.0,50,10009.824916,0.0
-50.0,50,10010.335028,0.0
-50.0,50,10010.831956,0.0
-50.0,50,10011.327621,0.0
-50.0,50,10011.85742,0.0
-50.0,50,10012.362717,0.0
-50.0,50,10012.87344,0.0
-50.0,50,10013.368083,0.0
-50.0,50,10013.875345,0.0
-50.0,50,10014.386064,0.0
-50.0,50,10014.884907,0.0
-50.0,50,10015.378008,0.0
-50.0,50,10015.892705,0.0
-50.0,50,10016.36657,0.0
-50.0,50,10016.879166,0.0
-50.0,50,10017.394257,0.0
-50.0,50,10017.91463,0.0
-50.0,50,10018.428295,0.0
0.0,50,10018.928571,1.0
-50.0,50,10019.413577,0.0
-50.0,50,10019.933018,0.0
-50.0,50,10020.432957,0.0
-50.0,50,10020.933346,0.0
0.0,50,10021.447911,1.0
-50.0,50,10021.963494,0.0
0.0,50,10022.463475,1.0
0.0,50,10022.964027,1.0
-50.0,50,10023.460398,0.0
-50.0,50,10023.976394,0.0
-50.0,50,10024.46944,0.0
-50.0,50,10024.960524,0.0
-50.0,50,10025.461302,0.0
-50.0,50,10025.976847,0.0
-50.0,50,10026.47769,0.0
-50.0,50,10026.976987,0.0
-50.0,50,10027.462979,0.0
-50.0,50,10028.002447,0.0
-50.0,50,10028.506073,0.0
-50.0,50,10029.012119,0.0
-50.0,50,10029.522046,0.0
-50.0,50,10030.032432,0.0
-50.0,50,10030.525089,0.0
-50.0,50,10031.022123,0.0
-50.0,50,10031.521562,0.0
-50.0,50,10032.039828,0.0
-50.0,50,10032.535953,0.0
-50.0,50,10033.033021,0.0
-50.0,50,10033.533903,0.0
-50.0,50,10034.058034,0.0
-50.0,50,10034.567366,0.0
-50.0,50,10035.075077,0.0
-50.0,50,10035.56616,0.0
-50.0,50,10036.096427,0.0
-50.0,50,10036.605027,0.0
-50.0,50,10037.117015,0.0
-50.0,50,10037.62199,0.0
-50.0,50,10038.136291,0.0
-50.0,50,10038.619089,0.0
-50.0,50,10039.112123,0.0
-50.0,50,10039.603475,0.0
-50.0,50,10040.113866,0.0
0.0,50,10040.603318,1.0
-50.0,50,10041.077218,0.0
-50.0,50,10041.572469,0.0
-50.0,50,10042.080045,0.0
-50.0,50,10042.57442,0.0
-50.0,50,10043.073416,0.0
-50.0,50,10043.550407,0.0
0.0,50,10044.084717,1.0
-50.0,50,10044.588081,0.0
-50.0,50,10045.108389,0.0
-50.0,50,10045.617983,0.0
-50.0,50,10046.132831,0.0
-50.0,50,10046.633309,0.0
-50.0,50,10047.140898,0.0
-50.0,50,10047.64771,0.0
-50.0,50,10048.169181,0.0
-50.0,50,10048.683328,0.0
-50.0,50,10049.170821,0.0
-50.0,50,10049.678255,0.0
-50.0,50,10050.209886,0.0
-50.0,50,10050.708076,0.0
-50.0,50,10051.203568,0.0
-50.0,50,10051.686388,0.0
-50.0,50,10052.191566,0.0
-50.0,50,10052.688441,0.0
-50.0,50,10053.176603,0.0
-50.0,50,10053.667488,0.0
-50.0,50,10054.157304,0.0
-50.0,50,10054.64023,0.0
-50.0,50,10055.134477,0.0
-50.0,50,10055.629126,0.0
-50.0,50,10056.157755,0.0
-50.0,50,10056.627319,0.0
-50.0,50,10057.105125,0.0
-50.0,50,10057.588097,0.0
-50.0,50,10058.087168,0.0
-50.0,50,10058.570088,0.0
-50.0,50,10059.03564,0.0
-50.0,50,10059.528327,0.0
-50.0,50,10060.032764,0.0
-50.0,50,10060.529007,0.0
0.0,50,10061.014965,1.0
-50.0,50,10061.4951,0.0
-50.0,50,10062.004688,0.0
-50.0,50,10062.50062,0.0
-50.0,50,10062.988773,0.0
-50.0,50,10063.461651,0.0
-50.0,50,10063.970003,0.0
-50.0,50,10064.458123,0.0
-50.0,50,10064.946877,0.0
-50.0,50,10065.436123,0.0
-50.0,50,10065.930456,0.0
-50.0,50,10066.412471,0.0
-50.0,50,10066.903422,0.0
-50.0,50,10067.392571,0.0
-50.0,50,10067.906683,0.0
-50.0,50,10068.381532,0.0
-50.0,50,10068.871901,0.0
-50.0,50,10069.363062,0.0
-50.0,50,10069.866244,0.0
-50.0,50,10070.353632,0.0
0.0,50,10070.834366,1.0
0.0,50,10071.340632,1.0
-50.0,50,10071.845168,0.0
-50.0,50,10072.344216,0.0
-50.0,50,10072.840237,0.0
-50.0,50,10073.317854,0.0
-50.0,50,10073.828427,0.0
-50.0,50,10074.325235,0.0
-50.0,50,10074.819329,0.0
0.0,50,10075.329495,1.0
-50.0,50,10075.841601,0.0
-50.0,50,10076.324769,0.0
-50.0,50,10076.811139,0.0
-50.0,50,10077.312993,0.0
-50.0,50,10077.815893,0.0
-50.0,50,10078.293026,0.0
-50.0,50,10078.783514,0.0
-50.0,50,10079.277792,0.0
-50.0,50,10079.795688,0.0
-50.0,50,10080.284811,0.0
-50.0,50,10080.770205,0.0
-50.0,50,10081.26756,0.0
-50.0,50,10081.770955,0.0
-50.0,50,10082.262498,0.0
-50.0,50,10082.750677,0.0
-50.0,50,10083.223793,0.0
-50.0,50,10083.741766,0.0
-50.0,50,10084.236585,0.0
-50.0,50,10084.725621,0.0
0.0,50,10085.244893,1.0
-50.0,50,10085.742008,0.0
-50.0,50,10086.240208,0.0
-50.0,50,10086.740694,0.0
-50.0,50,10087.242979,0.0
-50.0,50,10087.752071,0.0
-50.0,50,10088.229522,0.0
-50.0,50,10088.718649,0.0
-50.0,50,10089.214641,0.0
-50.0,50,10089.770149,0.0
0.0,50,10090.272428,1.0
-50.0,50,10090.760557,0.0
-50.0,50,10091.250548,0.0
-50.0,50,10091.762539,0.0
-50.0,50,10092.254366,0.0
-50.0,50,10092.745325,0.0
-50.0,50,10093.230676,0.0
-50.0,50,10093.72894,0.0
-50.0,50,10094.227706,0.0
-50.0,50,10094.727673,0.0
-50.0,50,10095.22794,0.0
-50.0,50,10095.736674,0.0
-50.0,50,10096.217005,0.0
-50.0,50,10096.713408,0.0
-50.0,50,10097.211442,0.0
-50.0,50,10097.720817,0.0
-50.0,50,10098.211762,0.0
-50.0,50,10098.697026,0.0
-50.0,50,10099.185684,0.0
-50.0,50,10101.966575,0.0
-50.0,50,10102.443448,0.0
-50.0,50,10102.93913,0.0
-50.0,50,10103.431192,0.0
-50.0,50,10103.945869,0.0
-50.0,50,10104.438652,0.0
-50.0,50,10104.913352,0.0
0.0,50,10105.404217,1.0
-50.0,50,10105.925512,0.0
-50.0,50,10106.420107,0.0
-50.0,50,10106.923827,0.0
-50.0,50,10107.397831,0.0
-50.0,50,10107.904681,0.0
-50.0,50,10108.405809,0.0
-50.0,50,10108.896133,0.0
-50.0,50,10109.386837,0.0
-50.0,50,10109.880033,0.0
-50.0,50,10110.37547,0.0
-50.0,50,10110.8664,0.0
-50.0,50,10111.366165,0.0
-50.0,50,10111.883065,0.0
-50.0,50,10112.360839,0.0
0.0,50,10112.85771,1.0
-50.0,50,10113.355932,0.0
-50.0,50,10113.863149,0.0
-50.0,50,10114.35886,0.0
-50.0,50,10114.840361,0.0
-50.0,50,10115.331896,0.0
-50.0,50,10115.841298,0.0
-50.0,50,10116.339751,0.0
-50.0,50,10116.841569,0.0
-50.0,50,10117.320265,0.0
-50.0,50,10117.831922,0.0
-50.0,50,10118.325342,0.0
-50.0,50,10118.823297,0.0
-50.0,50,10119.337213,0.0
-50.0,50,10119.838822,0.0
-50.0,50,10120.333786,0.0
-50.0,50,10120.835127,0.0
-50.0,50,10121.340785,0.0
-50.0,50,10121.858358,0.0
-50.0,50,10122.345026,0.0
-50.0,50,10122.842082,0.0
-50.0,50,10123.336894,0.0
-50.0,50,10123.849481,0.0
-50.0,50,10124.347793,0.0
-50.0,50,10124.841466,0.0
0.0,50,10125.337183,1.0
-50.0,50,10125.848963,0.0
-50.0,50,10126.351654,0.0
-50.0,50,10126.841063,0.0
-50.0,50,10127.322721,0.0
-50.0,50,10127.821767,0.0
-50.0,50,10128.313735,0.0
-50.0,50,10128.810583,0.0
-50.0,50,10129.304604,0.0
-50.0,50,10129.821413,0.0
0.0,50,10130.312295,1.0
-50.0,50,10130.816068,0.0
-50.0,50,10131.32002,0.0
-50.0,50,10131.828223,0.0
-50.0,50,10132.329492,0.0
-50.0,50,10132.807795,0.0
-50.0,50,10133.317384,0.0
-50.0,50,10133.834769,0.0
-50.0,50,10134.324375,0.0
-50.0,50,10134.813951,0.0
-50.0,50,10135.289917,0.0
-50.0,50,10135.817831,0.0
-50.0,50,10136.319354,0.0
-50.0,50,10136.81906,0.0
-50.0,50,10137.328563,0.0
-50.0,50,10137.829455,0.0
-50.0,50,10138.316056,0.0
-50.0,50,10138.810992,0.0
-50.0,50,10139.304401,0.0
0.0,50,10139.800542,1.0
-50.0,50,10140.284427,0.0
-50.0,50,10140.776026,0.0
-50.0,50,10141.270769,0.0
-50.0,50,10141.776971,0.0
-50.0,50,10142.269969,0.0
-50.0,50,10142.748001,0.0
-50.0,50,10143.24297,0.0
-50.0,50,10143.74416,0.0
-50.0,50,10144.23275,0.0
-50.0,50,10144.735565,0.0
-50.0,50,10145.220154,0.0
-50.0,50,10145.724391,0.0
-50.0,50,10146.226584,0.0
-50.0,50,10146.724702,0.0
-50.0,50,10147.220308,0.0
-50.0,50,10147.729223,0.0
-50.0,50,10148.225991,0.0
-50.0,50,10148.718461,0.0
-50.0,50,10149.224684,0.0
-50.0,50,10149.747005,0.0
-50.0,50,10150.238102,0.0
-50.0,50,10150.728974,0.0
-50.0,50,10151.233824,0.0
-50.0,50,10151.760337,0.0
-50.0,50,10152.26094,0.0
-50.0,50,10152.755751,0.0
-50.0,50,10153.234038,0.0
-50.0,50,10153.746753,0.0
-50.0,50,10154.239904,0.0
-50.0,50,10154.731442,0.0
-50.0,50,10155.211538,0.0
-50.0,50,10155.695122,0.0
-50.0,50,10156.181404,0.0
-50.0,50,10156.674546,0.0
-50.0,50,10157.164814,0.0
-50.0,50,10157.651634,0.0
0.0,50,10158.137963,1.0
-50.0,50,10158.631949,0.0
-50.0,50,10159.137219,0.0
-50.0,50,10159.637315,0.0
-50.0,50,10160.122105,0.0
-50.0,50,10160.61312,0.0
-50.0,50,10161.114805,0.0
-50.0,50,10161.623043,0.0
-50.0,50,10162.110685,0.0
-50.0,50,10162.584029,0.0
-50.0,50,10163.071872,0.0
-50.0,50,10163.590679,0.0
-50.0,50,10164.103139,0.0
-50.0,50,10164.611533,0.0
-50.0,50,10165.105567,0.0
-50.0,50,10165.626482,0.0
-50.0,50,10166.138471,0.0
-50.0,50,10166.650431,0.0
-50.0,50,10167.165249,0.0
-50.0,50,10167.693265,0.0
-50.0,50,10168.1864,0.0
-50.0,50,10168.684656,0.0
0.0,50,10169.197118,1.0
-50.0,50,10169.72412,0.0
-50.0,50,10170.229683,0.0
-50.0,50,10170.728179,0.0
-50.0,50,10171.216915,0.0
-50.0,50,10171.73737,0.0
-50.0,50,10172.240294,0.0
0.0,50,10172.757199,1.0
-50.0,50,10173.263529,0.0
-50.0,50,10173.784077,0.0
-50.0,50,10174.277038,0.0
-50.0,50,10174.779665,0.0
-50.0,50,10175.290232,0.0
-50.0,50,10175.822511,0.0
-50.0,50,10176.331431,0.0
-50.0,50,10176.823304,0.0
-50.0,50,10177.335031,0.0
-50.0,50,10177.854957,0.0
-50.0,50,10178.363881,0.0
-50.0,50,10178.888202,0.0
-50.0,50,10179.383651,0.0
-50.0,50,10179.913586,0.0
-50.0,50,10180.428612,0.0
-50.0,50,10180.954282,0.0
-50.0,50,10181.45715,0.0
-50.0,50,10181.989912,0.0
-50.0,50,10182.502888,0.0
-50.0,50,10182.988437,0.0
-50.0,50,10183.494338,0.0
0.0,50,10184.013376,1.0
-50.0,50,10184.526522,0.0
-50.0,50,10185.044975,0.0
-50.0,50,10185.552087,0.0
-50.0,50,10186.07272,0.0
-50.0,50,10186.585753,0.0
-50.0,50,10187.094305,0.0
-50.0,50,10187.603453,0.0
-50.0,50,10188.133308,0.0
-50.0,50,10188.62843,0.0
-50.0,50,10189.130769,0.0
-50.0,50,10189.647111,0.0
-47.0,50,10190.183058,0.0
-50.0,50,10190.691818,0.0
-50.0,50,10191.208117,0.0
-50.0,50,10191.706244,0.0
-50.0,50,10192.228266,0.0
-50.0,50,10192.735389,0.0
-50.0,50,10193.252672,0.0
-50.0,50,10193.757946,0.0
-50.0,50,10194.286359,0.0
-50.0,50,10194.775734,0.0
-50.0,50,10195.291695,0.0
-50.0,50,10195.802125,0.0
-50.0,50,10196.322442,0.0
-50.0,50,10196.836174,0.0
-50.0,50,10197.344911,0.0
-50.0,50,10197.85483,0.0
0.0,50,10198.396338,1.0
-50.0,50,10198.914803,0.0
-50.0,50,10199.435055,0.0
-50.0,50,10199.950951,0.0
-50.0,50,10200.472995,0.0
-50.0,50,10200.96745,0.0
-50.0,50,10201.479742,0.0
-50.0,50,10201.993257,0.0
-50.0,50,10204.922789,0.0
-50.0,50,10205.428128,0.0
-50.0,50,10205.925006,0.0
-50.0,50,10206.43369,0.0
-50.0,50,10206.956405,0.0
-50.0,50,10207.482157,0.0
-50.0,50,10207.996291,0.0
-50.0,50,10208.49704,0.0
-50.0,50,10209.025757,0.0
-50.0,50,10209.529723,0.0
-50.0,50,10210.030892,0.0
-50.0,50,10210.558173,0.0
-50.0,50,10211.088625,0.0
-50.0,50,10211.601774,0.0
0.0,50,10212.099766,1.0
-50.0,50,10212.609713,0.0
-50.0,50,10213.138089,0.0
-50.0,50,10213.645954,0.0
-50.0,50,10214.159433,0.0
-50.0,50,10214.655502,0.0
-50.0,50,10215.176179,0.0
-50.0,50,10215.682701,0.0
-50.0,50,10216.200164,0.0
-50.0,50,10216.712714,0.0
-50.0,50,10217.23504,0.0
-50.0,50,10217.729224,0.0
-50.0,50,10218.240132,0.0
-50.0,50,10218.752806,0.0
-50.0,50,10219.285196,0.0
-50.0,50,10219.789036,0.0
-50.0,50,10220.288888,0.0
-50.0,50,10220.796136,0.0
-50.0,50,10221.322122,0.0
-50.0,50,10221.833946,0.0
-50.0,50,10222.340322,0.0
-50.0,50,10222.846333,0.0
-50.0,50,10223.359585,0.0
-50.0,50,10223.873141,0.0
-50.0,50,10224.387897,0.0
-50.0,50,10224.905,0.0
-50.0,50,10225.433457,0.0
-50.0,50,10225.944145,0.0
-50.0,50,10226.452261,0.0
-50.0,50,10226.966303,0.0
-50.0,50,10227.479303,0.0
-50.0,50,10227.973045,0.0
-50.0,50,10228.475986,0.0
-50.0,50,10228.977874,0.0
-50.0,50,10229.478182,0.0
-50.0,50,10229.974,0.0
-50.0,50,10230.47385,0.0
-50.0,50,10230.97237,0.0
-50.0,50,10231.488386,0.0
-50.0,50,10231.967894,0.0
-50.0,50,10232.470438,0.0
-50.0,50,10232.962958,0.0
-50.0,50,10233.466614,0.0
-50.0,50,10233.97008,0.0
0.0,50,10234.448982,1.0
-50.0,50,10234.943432,0.0
-50.0,50,10235.447364,0.0
-50.0,50,10235.951636,0.0
-50.0,50,10236.447047,0.0
0.0,50,10236.917068,1.0
-50.0,50,10237.421066,0.0
-50.0,50,10237.922167,0.0
-50.0,50,10238.418841,0.0
-50.0,50,10238.910541,0.0
-50.0,50,10239.404264,0.0
-50.0,50,10239.896446,0.0
-50.0,50,10240.392284,0.0
-50.0,50,10240.895215,0.0
-50.0,50,10241.413521,0.0
-50.0,50,10241.891493,0.0
-50.0,50,10242.399473,0.0
0.0,50,10242.904284,1.0
-50.0,50,10243.420318,0.0
-50.0,50,10243.925562,0.0
-50.0,50,10244.423267,0.0
-50.0,50,10244.919545,0.0
-50.0,50,10245.44248,0.0
0.0,50,10245.96427,1.0
-50.0,50,10246.475993,0.0
-50.0,50,10247.000923,0.0
-50.0,50,10247.519223,0.0
-50.0,50,10248.023842,0.0
-50.0,50,10248.53095,0.0
-50.0,50,10249.044252,0.0
-50.0,50,10249.574017,0.0
-50.0,50,10250.083485,0.0
-50.0,50,10250.584603,0.0
-50.0,50,10251.101309,0.0
-50.0,50,10251.62332,0.0
-50.0,50,10252.138269,0.0
-50.0,50,10252.658465,0.0
-50.0,50,10253.185206,0.0
-50.0,50,10253.693804,0.0
-50.0,50,10254.21371,0.0
-50.0,50,10254.72921,0.0
-50.0,50,10255.236229,0.0
-50.0,50,10255.764168,0.0
-50.0,50,10256.244458,0.0
-50.0,50,10256.743521,0.0
-50.0,50,10257.238572,0.0
-50.0,50,10257.750701,0.0
-50.0,50,10258.256206,0.0
-50.0,50,10258.772276,0.0
-50.0,50,10259.247536,0.0
-50.0,50,10259.749526,0.0
-50.0,50,10260.254466,0.0
-50.0,50,10260.74542,0.0
-50.0,50,10261.256001,0.0
-50.0,50,10261.744997,0.0
-50.0,50,10262.234969,0.0
-50.0,50,10262.73668,0.0
-50.0,50,10263.248397,0.0
-50.0,50,10263.778507,0.0
-50.0,50,10264.284768,0.0
-50.0,50,10264.793432,0.0
0.0,50,10265.309875,1.0
-50.0,50,10265.843453,0.0
0.0,50,10266.359273,1.0
-50.0,50,10266.870207,0.0
-50.0,50,10267.378968,0.0
-50.0,50,10267.895547,0.0
-50.0,50,10268.40283,0.0
-50.0,50,10268.907253,0.0
-50.0,50,10269.420638,0.0
-50.0,50,10269.944778,0.0
-50.0,50,10270.441939,0.0
-50.0,50,10270.95348,0.0
-50.0,50,10271.475,0.0
-50.0,50,10271.998116,0.0
-50.0,50,10272.514244,0.0
-50.0,50,10273.022305,0.0
-50.0,50,10273.513968,0.0
-50.0,50,10274.034132,0.0
-50.0,50,10274.540309,0.0
-50.0,50,10275.057974,0.0
-50.0,50,10275.562216,0.0
-50.0,50,10276.077649,0.0
-50.0,50,10276.57535,0.0
-50.0,50,10277.111042,0.0
-50.0,50,10277.621518,0.0
-50.0,50,10278.149389,0.0
-50.0,50,10278.652501,0.0
0.0,50,10279.159184,1.0
-50.0,50,10279.667706,0.0
-50.0,50,10280.188718,0.0
-50.0,50,10280.69451,0.0
0.0,50,10281.211845,1.0
0.0,50,10281.734176,1.0
0.0,50,10282.25297,1.0
-50.0,50,10282.755216,0.0
-50.0,50,10283.26669,0.0
-50.0,50,10283.784324,0.0
-50.0,50,10284.306488,0.0
0.0,50,10284.82608,1.0
-50.0,50,10285.330932,0.0
-50.0,50,10285.837885,0.0
-50.0,50,10286.365462,0.0
-50.0,50,10286.891106,0.0
-50.0,50,10287.386959,0.0
-50.0,50,10287.881655,0.0
0.0,50,10288.398825,1.0
-50.0,50,10288.905583,0.0
-50.0,50,10289.409832,0.0
-50.0,50,10289.902798,0.0
-50.0,50,10290.407845,0.0
-50.0,50,10290.88548,0.0
-50.0,50,10291.377501,0.0
-50.0,50,10291.871525,0.0
-50.0,50,10292.385481,0.0
-50.0,50,10292.881667,0.0
0.0,50,10293.38979,1.0
-50.0,50,10293.879764,0.0
-50.0,50,10294.390019,0.0
0.0,50,10294.88724,1.0
-50.0,50,10295.383536,0.0
-50.0,50,10295.871062,0.0
-50.0,50,10296.39401,0.0
0.0,50,10296.890181,1.0
-50.0,50,10297.393595,0.0
-50.0,50,10297.90097,0.0
-50.0,50,10298.428011,0.0
-50.0,50,10298.919995,0.0
-50.0,50,10299.427694,0.0
0.0,50,10299.928889,1.0
-50.0,50,10300.447186,0.0
-50.0,50,10300.943473,0.0
-50.0,50,10301.425657,0.0
-50.0,50,10301.916355,0.0
-50.0,50,10302.438243,0.0
-50.0,50,10302.931062,0.0
-50.0,50,10303.424272,0.0
-50.0,50,10303.897563,0.0
-50.0,50,10304.399975,0.0
-50.0,50,10304.890099,0.0
-50.0,50,10305.383996,0.0
-50.0,50,10305.875383,0.0
