#{"t_start": 1786215274.0310934, "env_id": "FetchPush-v3"}
r,l,t,is_success
-50.0,50,5.431994,0.0
-50.0,50,5.52041,0.0
-50.0,50,5.607898,0.0
-50.0,50,5.696785,0.0
-50.0,50,5.792215,0.0
-50.0,50,5.879453,0.0
-50.0,50,5.966693,0.0
-50.0,50,6.057769,0.0
-50.0,50,6.152395,0.0
-50.0,50,6.239092,0.0
0.0,50,6.326634,1.0
-50.0,50,6.412751,0.0
-50.0,50,6.50449,0.0
-50.0,50,6.595325,0.0
-50.0,50,6.683659,0.0
-50.0,50,6.770393,0.0
-50.0,50,6.863136,0.0
-50.0,50,6.949754,0.0
-50.0,50,7.035653,0.0
-50.0,50,7.120791,0.0
-50.0,50,7.876064,0.0
-50.0,50,8.4157,0.0
-50.0,50,8.960012,0.0
-50.0,50,9.502303,0.0
-50.0,50,10.052067,0.0
-50.0,50,10.600152,0.0
-50.0,50,11.141056,0.0
-50.0,50,11.682906,0.0
-50.0,50,12.23988,0.0
-50.0,50,12.781685,0.0
-50.0,50,13.324334,0.0
-50.0,50,13.863421,0.0
-50.0,50,14.416961,0.0
-50.0,50,14.963246,0.0
-50.0,50,15.502285,0.0
-50.0,50,16.042007,0.0
-50.0,50,16.592945,0.0
-50.0,50,17.135928,0.0
-50.0,50,17.679,0.0
-50.0,50,18.222424,0.0
-50.0,50,18.771463,0.0
-50.0,50,19.312423,0.0
-50.0,50,19.853747,0.0
-50.0,50,20.399718,0.0
-50.0,50,20.949873,0.0
-50.0,50,21.491792,0.0
-50.0,50,22.035005,0.0
-50.0,50,22.579235,0.0
-50.0,50,23.136926,0.0
-50.0,50,23.679963,0.0
-50.0,50,24.220114,0.0
-50.0,50,24.760706,0.0
-50.0,50,25.315325,0.0
-50.0,50,25.860644,0.0
-50.0,50,26.401448,0.0
0.0,50,26.944582,1.0
-50.0,50,27.494667,0.0
-50.0,50,28.032463,0.0
-50.0,50,28.574931,0.0
-50.0,50,29.113697,0.0
-50.0,50,29.662743,0.0
-50.0,50,30.203075,0.0
-50.0,50,30.74356,0.0
-50.0,50,31.284647,0.0
-50.0,50,31.832738,0.0
-50.0,50,32.375654,0.0
-50.0,50,32.91651,0.0
-50.0,50,33.456214,0.0
-50.0,50,34.010089,0.0
-50.0,50,34.548469,0.0
-50.0,50,35.087905,0.0
-50.0,50,35.625976,0.0
-50.0,50,36.183667,0.0
-50.0,50,36.724324,0.0
-50.0,50,37.272724,0.0
0.0,50,37.811466,1.0
-50.0,50,38.368992,0.0
-50.0,50,38.908587,0.0
-50.0,50,39.452604,0.0
-50.0,50,39.990648,0.0
-50.0,50,40.533296,0.0
-50.0,50,41.068542,0.0
-50.0,50,41.607043,0.0
-50.0,50,42.144264,0.0
-50.0,50,42.695696,0.0
-50.0,50,43.230553,0.0
-50.0,50,43.776406,0.0
-50.0,50,44.316848,0.0
-50.0,50,44.858791,0.0
-50.0,50,45.395233,0.0
-50.0,50,45.930685,0.0
-50.0,50,46.464244,0.0
-50.0,50,47.00815,0.0
-50.0,50,47.548151,0.0
0.0,50,48.083369,1.0
-50.0,50,48.617973,0.0
-50.0,50,49.164176,0.0
-50.0,50,49.70148,0.0
-50.0,50,50.238443,0.0
-50.0,50,50.777808,0.0
-50.0,50,51.332276,0.0
-50.0,50,51.86361,0.0
-50.0,50,52.399161,0.0
-50.0,50,52.937933,0.0
-50.0,50,53.48835,0.0
-50.0,50,54.024057,0.0
-50.0,50,54.563184,0.0
-50.0,50,55.11083,0.0
-50.0,50,55.659568,0.0
-50.0,50,56.19726,0.0
-50.0,50,56.734414,0.0
-50.0,50,57.273125,0.0
-50.0,50,57.82053,0.0
-50.0,50,58.362787,0.0
-50.0,50,58.899631,0.0
-50.0,50,59.441721,0.0
-50.0,50,59.984222,0.0
-50.0,50,60.522391,0.0
-50.0,50,61.060505,0.0
-50.0,50,61.595647,0.0
-50.0,50,62.141011,0.0
-50.0,50,62.680544,0.0
-50.0,50,63.218398,0.0
-50.0,50,63.75545,0.0
-50.0,50,64.303287,0.0
-50.0,50,64.841373,0.0
-50.0,50,65.389584,0.0
-50.0,50,65.933728,0.0
-50.0,50,66.486607,0.0
-50.0,50,67.026003,0.0
-50.0,50,67.566659,0.0
-50.0,50,68.106362,0.0
-50.0,50,68.674181,0.0
-50.0,50,69.221143,0.0
-50.0,50,69.764677,0.0
-50.0,50,70.316234,0.0
-50.0,50,70.8836,0.0
-50.0,50,71.42434,0.0
-50.0,50,71.968645,0.0
-50.0,50,72.514655,0.0
-50.0,50,73.073678,0.0
-50.0,50,73.610485,0.0
-50.0,50,74.156936,0.0
-50.0,50,74.701782,0.0
-50.0,50,75.254691,0.0
-50.0,50,75.804813,0.0
-50.0,50,76.351754,0.0
-50.0,50,76.890678,0.0
-50.0,50,77.443189,0.0
-50.0,50,77.987805,0.0
-50.0,50,78.53503,0.0
-50.0,50,79.070078,0.0
0.0,50,79.630014,1.0
-50.0,50,80.165483,0.0
-48.0,50,80.698766,0.0
-50.0,50,81.234646,0.0
-50.0,50,81.775613,0.0
-50.0,50,82.314081,0.0
-50.0,50,82.853748,0.0
-50.0,50,83.394832,0.0
0.0,50,83.937941,1.0
-50.0,50,84.475575,0.0
-50.0,50,85.010964,0.0
-50.0,50,85.547875,0.0
-50.0,50,86.093314,0.0
-50.0,50,86.630978,0.0
-50.0,50,87.168696,0.0
-50.0,50,87.708107,0.0
-50.0,50,88.25097,0.0
-50.0,50,88.789634,0.0
-50.0,50,89.327435,0.0
-50.0,50,89.865594,0.0
-50.0,50,90.414436,0.0
-50.0,50,90.952897,0.0
-50.0,50,91.489588,0.0
-50.0,50,92.030796,0.0
-50.0,50,92.585618,0.0
-50.0,50,93.121711,0.0
-50.0,50,93.6585,0.0
-50.0,50,94.195461,0.0
-50.0,50,94.738374,0.0
0.0,50,95.273426,1.0
-50.0,50,95.807529,0.0
-50.0,50,96.343942,0.0
-50.0,50,96.887599,0.0
-50.0,50,97.423278,0.0
-50.0,50,97.959658,0.0
-50.0,50,98.494103,0.0
-50.0,50,99.037236,0.0
-50.0,50,99.573258,0.0
-50.0,50,100.109236,0.0
-50.0,50,100.643996,0.0
-50.0,50,101.196537,0.0
-50.0,50,101.745065,0.0
-50.0,50,102.288246,0.0
-50.0,50,102.833733,0.0
-50.0,50,103.390007,0.0
-50.0,50,103.944769,0.0
-50.0,50,104.501739,0.0
-50.0,50,105.05284,0.0
-50.0,50,108.089829,0.0
-50.0,50,108.647562,0.0
-50.0,50,109.205411,0.0
-50.0,50,109.753836,0.0
-50.0,50,110.308722,0.0
-50.0,50,110.854237,0.0
-50.0,50,111.399608,0.0
-50.0,50,111.9462,0.0
0.0,50,112.499431,1.0
-50.0,50,113.046683,0.0
-50.0,50,113.602792,0.0
-50.0,50,114.150644,0.0
-50.0,50,114.704525,0.0
-50.0,50,115.250308,0.0
-50.0,50,115.797014,0.0
-50.0,50,116.344299,0.0
0.0,50,116.898764,1.0
-50.0,50,117.442688,0.0
-50.0,50,117.98859,0.0
-50.0,50,118.536009,0.0
-50.0,50,119.089381,0.0
-50.0,50,119.63636,0.0
-50.0,50,120.183138,0.0
-50.0,50,120.729714,0.0
-50.0,50,121.28301,0.0
-50.0,50,121.83334,0.0
-50.0,50,122.367724,0.0
-50.0,50,122.906661,0.0
-50.0,50,123.448816,0.0
0.0,50,123.984993,1.0
-50.0,50,124.523668,0.0
-50.0,50,125.067186,0.0
-50.0,50,125.614983,0.0
-50.0,50,126.157134,0.0
-50.0,50,126.695246,0.0
-50.0,50,127.237788,0.0
-50.0,50,127.790917,0.0
-50.0,50,128.325098,0.0
0.0,50,128.861013,1.0
-50.0,50,129.395049,0.0
-50.0,50,129.946503,0.0
-50.0,50,130.491029,0.0
-50.0,50,131.030202,0.0
-50.0,50,131.565037,0.0
0.0,50,132.118339,1.0
-50.0,50,132.665078,0.0
-50.0,50,133.215468,0.0
-50.0,50,133.763493,0.0
-50.0,50,134.317503,0.0
-50.0,50,134.85504,0.0
-50.0,50,135.393854,0.0
-50.0,50,135.931857,0.0
-50.0,50,136.47893,0.0
-50.0,50,137.029486,0.0
-50.0,50,137.584095,0.0
-50.0,50,138.123564,0.0
-50.0,50,138.676059,0.0
-50.0,50,139.213637,0.0
-50.0,50,139.754624,0.0
-50.0,50,140.294163,0.0
-50.0,50,140.838583,0.0
-50.0,50,141.389017,0.0
-50.0,50,141.927194,0.0
-50.0,50,142.464237,0.0
-50.0,50,143.021375,0.0
-50.0,50,143.571383,0.0
-50.0,50,144.106884,0.0
-50.0,50,144.646897,0.0
-50.0,50,145.191168,0.0
-50.0,50,145.72806,0.0
-50.0,50,146.272625,0.0
-50.0,50,146.817228,0.0
-50.0,50,147.38159,0.0
-50.0,50,147.928896,0.0
-50.0,50,148.472078,0.0
-50.0,50,149.021222,0.0
-50.0,50,149.57955,0.0
-50.0,50,150.119661,0.0
-50.0,50,150.658348,0.0
-50.0,50,151.197169,0.0
-50.0,50,151.744879,0.0
-50.0,50,152.282243,0.0
0.0,50,152.819921,1.0
-50.0,50,153.357812,0.0
-50.0,50,153.905023,0.0
-50.0,50,154.442196,0.0
-50.0,50,154.980697,0.0
-50.0,50,155.521129,0.0
0.0,50,156.067804,1.0
-50.0,50,156.611132,0.0
0.0,50,157.160673,1.0
-50.0,50,157.702325,0.0
0.0,50,158.251984,1.0
-50.0,50,158.808486,0.0
-50.0,50,159.347188,0.0
0.0,50,159.88588,1.0
-50.0,50,160.43894,0.0
-50.0,50,160.97592,0.0
0.0,50,161.512653,1.0
-50.0,50,162.049948,0.0
-50.0,50,162.60443,0.0
0.0,50,163.141258,1.0
-50.0,50,163.692954,0.0
-50.0,50,164.242124,0.0
-50.0,50,164.798539,0.0
-50.0,50,165.347647,0.0
-50.0,50,165.899575,0.0
-50.0,50,166.447153,0.0
-50.0,50,167.002578,0.0
-50.0,50,167.553567,0.0
-50.0,50,168.092178,0.0
-50.0,50,168.637192,0.0
-50.0,50,169.182907,0.0
0.0,50,169.718122,1.0
-50.0,50,170.268275,0.0
-50.0,50,170.807365,0.0
-50.0,50,171.362907,0.0
0.0,50,171.899509,1.0
-42.0,50,172.443293,0.0
-50.0,50,172.993726,0.0
-50.0,50,173.551318,0.0
-50.0,50,174.097384,0.0
-50.0,50,174.637498,0.0
-50.0,50,175.184721,0.0
-50.0,50,175.742708,0.0
-50.0,50,176.291902,0.0
-50.0,50,176.833954,0.0
-50.0,50,177.383689,0.0
-50.0,50,177.93974,0.0
-50.0,50,178.488674,0.0
-50.0,50,179.038697,0.0
-50.0,50,179.582448,0.0
-50.0,50,180.13265,0.0
-50.0,50,180.674675,0.0
-50.0,50,181.217475,0.0
0.0,50,181.759631,1.0
-50.0,50,182.308475,0.0
-50.0,50,182.852947,0.0
-50.0,50,183.392318,0.0
-50.0,50,183.937601,0.0
-50.0,50,184.487973,0.0
-50.0,50,185.032866,0.0
-50.0,50,185.577284,0.0
-50.0,50,186.122673,0.0
-50.0,50,186.679742,0.0
-50.0,50,187.223758,0.0
-50.0,50,187.765564,0.0
-50.0,50,188.311784,0.0
-50.0,50,188.866618,0.0
-50.0,50,189.41477,0.0
-50.0,50,189.964803,0.0
-50.0,50,190.511645,0.0
-50.0,50,191.064794,0.0
0.0,50,191.614732,1.0
-50.0,50,192.160885,0.0
-50.0,50,192.704978,0.0
-50.0,50,193.253483,0.0
-50.0,50,193.798033,0.0
-50.0,50,194.342787,0.0
-50.0,50,194.89024,0.0
-50.0,50,195.440445,0.0
-50.0,50,195.979038,0.0
-50.0,50,196.523778,0.0
-50.0,50,197.067605,0.0
-50.0,50,197.623147,0.0
-50.0,50,198.170779,0.0
-50.0,50,198.71981,0.0
-50.0,50,199.269754,0.0
-50.0,50,199.834565,0.0
-50.0,50,200.391786,0.0
-50.0,50,200.948774,0.0
-50.0,50,201.501627,0.0
-50.0,50,202.06884,0.0
0.0,50,202.61713,1.0
-50.0,50,203.179925,0.0
-50.0,50,203.736584,0.0
-50.0,50,204.303837,0.0
-50.0,50,204.860549,0.0
-50.0,50,205.415446,0.0
-50.0,50,205.970475,0.0
-50.0,50,206.53419,0.0
-50.0,50,207.085274,0.0
-50.0,50,207.635092,0.0
-50.0,50,208.180208,0.0
-50.0,50,208.733971,0.0
-50.0,50,209.28091,0.0
-50.0,50,209.827676,0.0
-50.0,50,210.374723,0.0
0.0,50,210.92921,1.0
-50.0,50,211.475353,0.0
-50.0,50,212.019588,0.0
-50.0,50,212.567932,0.0
-50.0,50,213.124987,0.0
-50.0,50,213.67573,0.0
-47.0,50,214.224998,0.0
-50.0,50,214.77402,0.0
-50.0,50,215.331007,0.0
-50.0,50,215.875205,0.0
-50.0,50,216.415241,0.0
-50.0,50,216.952356,0.0
-50.0,50,219.917999,0.0
-50.0,50,220.466444,0.0
-50.0,50,221.01791,0.0
-50.0,50,221.565965,0.0
-50.0,50,222.124277,0.0
-50.0,50,222.674065,0.0
-50.0,50,223.216899,0.0
-50.0,50,223.763926,0.0
-50.0,50,224.321147,0.0
-50.0,50,224.868578,0.0
-50.0,50,225.415064,0.0
0.0,50,225.961743,1.0
-50.0,50,226.514337,0.0
-50.0,50,227.058317,0.0
-50.0,50,227.6069,0.0
-50.0,50,228.153373,0.0
-50.0,50,228.715012,0.0
-50.0,50,229.26206,0.0
-50.0,50,229.815511,0.0
-50.0,50,230.35508,0.0
-50.0,50,230.907108,0.0
-50.0,50,231.451171,0.0
-50.0,50,232.005439,0.0
-50.0,50,232.552132,0.0
-50.0,50,233.110109,0.0
-50.0,50,233.678593,0.0
-50.0,50,234.231591,0.0
-50.0,50,234.786776,0.0
0.0,50,235.346679,1.0
-50.0,50,235.894073,0.0
-50.0,50,236.446273,0.0
-50.0,50,236.993986,0.0
-50.0,50,237.549483,0.0
-50.0,50,238.099211,0.0
-50.0,50,238.650323,0.0
-50.0,50,239.200941,0.0
-50.0,50,239.760143,0.0
-50.0,50,240.311324,0.0
-50.0,50,240.869579,0.0
-50.0,50,241.418976,0.0
-50.0,50,241.972431,0.0
-50.0,50,242.534308,0.0
-50.0,50,243.077275,0.0
-50.0,50,243.626332,0.0
-50.0,50,244.186782,0.0
-50.0,50,244.740749,0.0
-50.0,50,245.292771,0.0
-50.0,50,245.841881,0.0
-50.0,50,246.404111,0.0
-50.0,50,246.959716,0.0
-50.0,50,247.506726,0.0
-50.0,50,248.060696,0.0
-50.0,50,248.61716,0.0
-50.0,50,249.166197,0.0
-50.0,50,249.715292,0.0
0.0,50,250.260669,1.0
-47.0,50,250.811034,0.0
-50.0,50,251.36096,0.0
-50.0,50,251.909328,0.0
-50.0,50,252.455361,0.0
-50.0,50,253.008204,0.0
-50.0,50,253.554226,0.0
-50.0,50,254.093551,0.0
-50.0,50,254.634486,0.0
-50.0,50,255.194103,0.0
-50.0,50,255.742558,0.0
-50.0,50,256.283482,0.0
-50.0,50,256.82893,0.0
-50.0,50,257.384185,0.0
-50.0,50,257.934463,0.0
-50.0,50,258.483189,0.0
-50.0,50,259.04254,0.0
-50.0,50,259.597332,0.0
-50.0,50,260.14071,0.0
-50.0,50,260.686911,0.0
-50.0,50,261.235192,0.0
-50.0,50,261.793363,0.0
-50.0,50,262.344194,0.0
-50.0,50,262.891516,0.0
-50.0,50,263.446877,0.0
-50.0,50,264.00752,0.0
-50.0,50,264.555414,0.0
-50.0,50,265.098142,0.0
-50.0,50,265.64768,0.0
-50.0,50,266.204461,0.0
-50.0,50,266.758684,0.0
-50.0,50,267.306746,0.0
-50.0,50,267.852901,0.0
-50.0,50,268.413517,0.0
-50.0,50,268.958174,0.0
-50.0,50,269.498164,0.0
-50.0,50,270.037438,0.0
-50.0,50,270.589119,0.0
-50.0,50,271.128122,0.0
-50.0,50,271.667217,0.0
-50.0,50,272.214165,0.0
-50.0,50,272.769349,0.0
-50.0,50,273.311392,0.0
-50.0,50,273.855338,0.0
-50.0,50,274.399925,0.0
-50.0,50,274.949692,0.0
-50.0,50,275.496431,0.0
-50.0,50,276.037239,0.0
-50.0,50,276.578788,0.0
-50.0,50,277.130879,0.0
-50.0,50,277.676664,0.0
0.0,50,278.225294,1.0
-50.0,50,278.773407,0.0
-50.0,50,279.323636,0.0
-50.0,50,279.868198,0.0
-50.0,50,280.421255,0.0
-50.0,50,280.967623,0.0
-50.0,50,281.516954,0.0
-50.0,50,282.05838,0.0
-50.0,50,282.601302,0.0
-50.0,50,283.142593,0.0
-50.0,50,283.698853,0.0
-50.0,50,284.239469,0.0
-50.0,50,284.785507,0.0
-50.0,50,285.330717,0.0
-50.0,50,285.881952,0.0
-50.0,50,286.438754,0.0
-50.0,50,286.983494,0.0
-50.0,50,287.532843,0.0
-50.0,50,288.083692,0.0
-50.0,50,288.628478,0.0
-50.0,50,289.171702,0.0
-50.0,50,289.721766,0.0
-50.0,50,290.275673,0.0
-50.0,50,290.815861,0.0
-50.0,50,291.358853,0.0
-50.0,50,291.903658,0.0
-50.0,50,292.459606,0.0
-50.0,50,293.012181,0.0
-50.0,50,293.567095,0.0
-50.0,50,294.12077,0.0
-46.0,50,294.680074,0.0
-50.0,50,295.232822,0.0
-50.0,50,295.782677,0.0
-50.0,50,296.333786,0.0
-50.0,50,296.893964,0.0
-50.0,50,297.4437,0.0
-50.0,50,297.994028,0.0
-50.0,50,298.538613,0.0
-50.0,50,299.092681,0.0
-50.0,50,299.640643,0.0
0.0,50,300.187901,1.0
-50.0,50,300.734708,0.0
-50.0,50,301.287576,0.0
-50.0,50,301.832129,0.0
-50.0,50,302.374836,0.0
-50.0,50,302.92284,0.0
-50.0,50,303.479772,0.0
-50.0,50,304.021693,0.0
-50.0,50,304.572083,0.0
-50.0,50,305.120795,0.0
-50.0,50,305.677761,0.0
-32.0,50,306.224853,1.0
-50.0,50,306.768621,0.0
-50.0,50,307.314829,0.0
-50.0,50,307.865827,0.0
-50.0,50,308.41057,0.0
-50.0,50,308.960711,0.0
-50.0,50,309.506891,0.0
-50.0,50,310.061522,0.0
-50.0,50,310.616964,0.0
-50.0,50,311.169291,0.0
-50.0,50,311.714436,0.0
-50.0,50,312.270166,0.0
-50.0,50,312.818142,0.0
-50.0,50,313.366727,0.0
-50.0,50,313.917697,0.0
-50.0,50,314.475626,0.0
-50.0,50,315.022721,0.0
-50.0,50,315.564206,0.0
-50.0,50,316.106116,0.0
-50.0,50,316.666927,0.0
-50.0,50,317.211886,0.0
-50.0,50,317.763001,0.0
-50.0,50,318.302232,0.0
-50.0,50,318.856024,0.0
-50.0,50,319.400869,0.0
-50.0,50,319.944694,0.0
-50.0,50,320.492697,0.0
-50.0,50,321.049926,0.0
-50.0,50,321.594207,0.0
-50.0,50,322.137124,0.0
-50.0,50,322.684179,0.0
-11.0,50,323.245917,0.0
-50.0,50,323.796189,0.0
-50.0,50,324.34573,0.0
-50.0,50,324.896987,0.0
-50.0,50,325.45615,0.0
-50.0,50,326.003063,0.0
-50.0,50,326.554202,0.0
-50.0,50,327.105081,0.0
-50.0,50,327.664299,0.0
-50.0,50,328.210394,0.0
-50.0,50,328.759162,0.0
-50.0,50,329.295723,0.0
-50.0,50,332.230213,0.0
-50.0,50,332.781371,0.0
-50.0,50,333.332468,0.0
-50.0,50,333.883148,0.0
-50.0,50,334.436081,0.0
-50.0,50,334.984514,0.0
-50.0,50,335.534052,0.0
-50.0,50,336.08428,0.0
-50.0,50,336.64284,0.0
-50.0,50,337.193973,0.0
-50.0,50,337.744321,0.0
-50.0,50,338.293118,0.0
-50.0,50,338.855834,0.0
-46.0,50,339.404111,0.0
-50.0,50,339.955787,0.0
-46.0,50,340.504293,0.0
-50.0,50,341.061892,0.0
-50.0,50,341.61231,0.0
-50.0,50,342.157954,0.0
-50.0,50,342.706082,0.0
-50.0,50,343.25986,0.0
-50.0,50,343.810126,0.0
-50.0,50,344.359061,0.0
-50.0,50,344.903851,0.0
-42.0,50,345.474261,0.0
-50.0,50,346.015811,0.0
-50.0,50,346.562415,0.0
-50.0,50,347.109862,0.0
-50.0,50,347.669269,0.0
0.0,50,348.220251,1.0
-50.0,50,348.769404,0.0
-50.0,50,349.320257,0.0
-50.0,50,349.879253,0.0
-50.0,50,350.419101,0.0
-31.0,50,350.970173,0.0
-50.0,50,351.520413,0.0
-50.0,50,352.078481,0.0
-50.0,50,352.62934,0.0
-50.0,50,353.185436,0.0
-50.0,50,353.742828,0.0
-50.0,50,354.307678,0.0
-50.0,50,354.866285,0.0
-50.0,50,355.41903,0.0
-50.0,50,355.972273,0.0
-50.0,50,356.534363,0.0
-50.0,50,357.086934,0.0
-50.0,50,357.643788,0.0
-50.0,50,358.198309,0.0
-46.0,50,358.762625,0.0
-50.0,50,359.321449,0.0
-50.0,50,359.870839,0.0
-50.0,50,360.428185,0.0
-50.0,50,360.986743,0.0
-50.0,50,361.535945,0.0
-50.0,50,362.092632,0.0
-46.0,50,362.641735,0.0
-50.0,50,363.2008,0.0
-50.0,50,363.752646,0.0
-50.0,50,364.302911,0.0
-50.0,50,364.855995,0.0
-50.0,50,365.417634,0.0
-50.0,50,365.970868,0.0
-50.0,50,366.522748,0.0
0.0,50,367.074453,1.0
-50.0,50,367.637059,0.0
-50.0,50,368.192237,0.0
-50.0,50,368.744746,0.0
-50.0,50,369.300112,0.0
-50.0,50,369.865514,0.0
-50.0,50,370.419446,0.0
-50.0,50,370.968123,0.0
-50.0,50,371.518598,0.0
-50.0,50,372.082379,0.0
-50.0,50,372.638357,0.0
-50.0,50,373.192615,0.0
-50.0,50,373.744353,0.0
-50.0,50,374.301662,0.0
-50.0,50,374.853525,0.0
-50.0,50,375.408839,0.0
-50.0,50,375.963457,0.0
-50.0,50,376.530402,0.0
-50.0,50,377.083929,0.0
-50.0,50,377.64026,0.0
-50.0,50,378.196587,0.0
-34.0,50,378.7596,0.0
-50.0,50,379.304036,0.0
-50.0,50,379.851287,0.0
-50.0,50,380.40028,0.0
-50.0,50,380.958769,0.0
-37.0,50,381.508457,0.0
-50.0,50,382.058553,0.0
-50.0,50,382.608656,0.0
-50.0,50,383.172902,0.0
-50.0,50,383.724851,0.0
-50.0,50,384.271639,0.0
-50.0,50,384.819886,0.0
-50.0,50,385.380815,0.0
-50.0,50,385.92848,0.0
-50.0,50,386.479604,0.0
-50.0,50,387.044423,0.0
-50.0,50,387.614959,0.0
-50.0,50,388.166725,0.0
-50.0,50,388.720791,0.0
-50.0,50,389.275665,0.0
-50.0,50,389.83472,0.0
-50.0,50,390.40845,0.0
-50.0,50,390.973809,0.0
-50.0,50,391.540339,0.0
-48.0,50,392.125467,0.0
-50.0,50,392.68286,0.0
-50.0,50,393.247644,0.0
-50.0,50,393.814833,0.0
-50.0,50,394.386894,0.0
-50.0,50,394.953211,0.0
-50.0,50,395.500476,0.0
-50.0,50,396.045274,0.0
-50.0,50,396.602605,0.0
-50.0,50,397.152229,0.0
-50.0,50,397.702612,0.0
-50.0,50,398.250954,0.0
-50.0,50,398.805686,0.0
-50.0,50,399.351703,0.0
-50.0,50,399.900619,0.0
-50.0,50,400.446871,0.0
-50.0,50,401.001161,0.0
0.0,50,401.542781,1.0
-50.0,50,402.087402,0.0
-50.0,50,402.630383,0.0
-50.0,50,403.187761,0.0
-50.0,50,403.736938,0.0
-50.0,50,404.279804,0.0
-50.0,50,404.824506,0.0
0.0,50,405.381852,1.0
-50.0,50,405.931627,0.0
-50.0,50,406.472564,0.0
-50.0,50,407.016708,0.0
-50.0,50,407.567213,0.0
-50.0,50,408.108652,0.0
-50.0,50,408.649616,0.0
-50.0,50,409.192263,0.0
-50.0,50,409.745281,0.0
-50.0,50,410.291539,0.0
0.0,50,410.831688,1.0
-50.0,50,411.386433,0.0
-50.0,50,411.944103,0.0
-40.0,50,412.49728,0.0
0.0,50,413.053348,1.0
-50.0,50,413.610322,0.0
-50.0,50,414.168466,0.0
0.0,50,414.724895,1.0
-50.0,50,415.274955,0.0
-50.0,50,415.827108,0.0
-50.0,50,416.387127,0.0
-50.0,50,416.942231,0.0
-50.0,50,417.492963,0.0
-50.0,50,418.043767,0.0
-50.0,50,418.614898,0.0
-50.0,50,419.162543,0.0
-50.0,50,419.71066,0.0
0.0,50,420.258629,1.0
-50.0,50,420.819915,0.0
-50.0,50,421.365909,0.0
-50.0,50,421.909616,0.0
-50.0,50,422.452718,0.0
-50.0,50,423.013998,0.0
-50.0,50,423.551708,0.0
-50.0,50,424.097833,0.0
-50.0,50,424.644924,0.0
-50.0,50,425.202312,0.0
0.0,50,425.746779,1.0
-50.0,50,426.295997,0.0
-50.0,50,426.845774,0.0
-50.0,50,427.407892,0.0
-50.0,50,427.954158,0.0
-50.0,50,428.49339,0.0
-50.0,50,429.037955,0.0
-50.0,50,429.605865,0.0
-50.0,50,430.148313,0.0
-50.0,50,430.695912,0.0
-50.0,50,431.237889,0.0
-50.0,50,431.798582,0.0
-50.0,50,432.337696,0.0
0.0,50,432.884803,1.0
-50.0,50,433.425592,0.0
-50.0,50,433.990055,0.0
-50.0,50,434.528167,0.0
-50.0,50,435.066035,0.0
-50.0,50,435.608204,0.0
-50.0,50,436.16069,0.0
-50.0,50,436.697016,0.0
-50.0,50,437.236746,0.0
-50.0,50,437.775947,0.0
-50.0,50,438.327031,0.0
-50.0,50,438.864886,0.0
-50.0,50,439.410034,0.0
-50.0,50,439.950902,0.0
-50.0,50,440.505914,0.0
-50.0,50,441.056989,0.0
-50.0,50,441.600775,0.0
-50.0,50,442.149433,0.0
-50.0,50,444.934539,0.0
-50.0,50,445.481896,0.0
-50.0,50,446.029055,0.0
-50.0,50,446.576642,0.0
-50.0,50,447.125908,0.0
-50.0,50,447.6741,0.0
-50.0,50,448.212534,0.0
-50.0,50,448.747421,0.0
-50.0,50,449.293263,0.0
-50.0,50,449.835966,0.0
-50.0,50,450.374275,0.0
-50.0,50,450.914242,0.0
-50.0,50,451.460444,0.0
-50.0,50,452.00768,0.0
-50.0,50,452.548237,0.0
-50.0,50,453.093269,0.0
-50.0,50,453.646281,0.0
-50.0,50,454.19426,0.0
-50.0,50,454.733134,0.0
-50.0,50,455.269943,0.0
-50.0,50,455.816988,0.0
-50.0,50,456.356015,0.0
-50.0,50,456.89204,0.0
-50.0,50,457.436247,0.0
-50.0,50,457.982518,0.0
-50.0,50,458.518657,0.0
-50.0,50,459.058287,0.0
-50.0,50,459.605576,0.0
0.0,50,460.163401,1.0
-50.0,50,460.71125,0.0
-50.0,50,461.2588,0.0
-50.0,50,461.805834,0.0
-50.0,50,462.362459,0.0
-50.0,50,462.909471,0.0
-50.0,50,463.458156,0.0
-50.0,50,464.00609,0.0
-50.0,50,464.562458,0.0
-50.0,50,465.109588,0.0
-50.0,50,465.657478,0.0
-50.0,50,466.20391,0.0
-50.0,50,466.761446,0.0
-50.0,50,467.307968,0.0
-50.0,50,467.855962,0.0
-50.0,50,468.401197,0.0
-50.0,50,468.959112,0.0
-50.0,50,469.510056,0.0
-50.0,50,470.058098,0.0
-50.0,50,470.604225,0.0
-50.0,50,471.164232,0.0
-50.0,50,471.715155,0.0
-50.0,50,472.267698,0.0
-50.0,50,472.815411,0.0
-50.0,50,473.380483,0.0
-50.0,50,473.936867,0.0
-50.0,50,474.487236,0.0
-50.0,50,475.037217,0.0
-50.0,50,475.597416,0.0
-50.0,50,476.147337,0.0
-50.0,50,476.697263,0.0
-50.0,50,477.247315,0.0
-50.0,50,477.809283,0.0
-50.0,50,478.357211,0.0
-50.0,50,478.910473,0.0
-50.0,50,479.45926,0.0
-50.0,50,480.017189,0.0
-50.0,50,480.568487,0.0
-50.0,50,481.118389,0.0
-50.0,50,481.66828,0.0
-50.0,50,482.224436,0.0
-50.0,50,482.778425,0.0
0.0,50,483.325206,1.0
-50.0,50,483.872324,0.0
-50.0,50,484.430299,0.0
-50.0,50,484.980682,0.0
-50.0,50,485.530427,0.0
-50.0,50,486.079467,0.0
-50.0,50,486.644982,0.0
-50.0,50,487.198617,0.0
-50.0,50,487.75154,0.0
-50.0,50,488.305115,0.0
-50.0,50,488.872099,0.0
-50.0,50,489.422971,0.0
-50.0,50,489.972295,0.0
-50.0,50,490.519282,0.0
-50.0,50,491.079983,0.0
-50.0,50,491.63364,0.0
-48.0,50,492.184891,0.0
-50.0,50,492.73242,0.0
0.0,50,493.293293,1.0
0.0,50,493.845084,1.0
-50.0,50,494.395801,0.0
-50.0,50,494.946782,0.0
-50.0,50,495.520315,0.0
-50.0,50,496.071883,0.0
-50.0,50,496.623716,0.0
-50.0,50,497.171539,0.0
-50.0,50,497.730891,0.0
-50.0,50,498.281593,0.0
-50.0,50,498.830545,0.0
-50.0,50,499.380651,0.0
-50.0,50,499.936407,0.0
-50.0,50,500.487661,0.0
-50.0,50,501.039807,0.0
-50.0,50,501.58645,0.0
-50.0,50,502.143319,0.0
-50.0,50,502.688408,0.0
-50.0,50,503.2447,0.0
-50.0,50,503.798554,0.0
-50.0,50,504.357543,0.0
-50.0,50,504.908787,0.0
-50.0,50,505.4623,0.0
-50.0,50,506.012895,0.0
-50.0,50,506.571629,0.0
-50.0,50,507.125315,0.0
-50.0,50,507.69189,0.0
-50.0,50,508.248485,0.0
-50.0,50,508.811635,0.0
0.0,50,509.367146,1.0
-50.0,50,509.92852,0.0
-47.0,50,510.491936,0.0
-50.0,50,511.056109,0.0
-50.0,50,511.624666,0.0
-50.0,50,512.188546,0.0
-50.0,50,512.74007,0.0
-50.0,50,513.31152,0.0
-50.0,50,513.86201,0.0
-50.0,50,514.415013,0.0
-50.0,50,514.966226,0.0
-50.0,50,515.534225,0.0
-50.0,50,516.08613,0.0
-50.0,50,516.635768,0.0
-50.0,50,517.193622,0.0
-50.0,50,517.753381,0.0
-50.0,50,518.310622,0.0
-50.0,50,518.869657,0.0
-50.0,50,519.416512,0.0
0.0,50,519.9805,1.0
-46.0,50,520.524844,0.0
-50.0,50,521.079681,0.0
-50.0,50,521.639654,0.0
-50.0,50,522.240431,0.0
-50.0,50,522.795291,0.0
-50.0,50,523.362951,0.0
-50.0,50,523.912479,0.0
-50.0,50,524.480098,0.0
-50.0,50,525.041667,0.0
-50.0,50,525.594177,0.0
-50.0,50,526.147874,0.0
-50.0,50,526.71873,0.0
-50.0,50,527.275972,0.0
-50.0,50,527.844121,0.0
-50.0,50,528.403269,0.0
-50.0,50,528.974361,0.0
-50.0,50,529.53451,0.0
-50.0,50,530.094695,0.0
-50.0,50,530.650608,0.0
-50.0,50,531.221308,0.0
-50.0,50,531.782017,0.0
-50.0,50,532.336848,0.0
-50.0,50,532.886659,0.0
-50.0,50,533.458153,0.0
-50.0,50,534.010691,0.0
-50.0,50,534.562485,0.0
-50.0,50,535.113417,0.0
-50.0,50,535.682635,0.0
-50.0,50,536.237109,0.0
-50.0,50,536.788088,0.0
-43.0,50,537.342455,0.0
-50.0,50,537.908422,0.0
-50.0,50,538.459633,0.0
-41.0,50,539.020795,0.0
-50.0,50,539.583815,0.0
-50.0,50,540.152115,0.0
-50.0,50,540.707902,0.0
-50.0,50,541.261182,0.0
-50.0,50,541.81318,0.0
-50.0,50,542.388535,0.0
-50.0,50,542.947814,0.0
-50.0,50,543.511149,0.0
-50.0,50,544.066814,0.0
-36.0,50,544.637896,0.0
-26.0,50,545.202009,0.0
-50.0,50,545.761055,0.0
-50.0,50,546.311246,0.0
-50.0,50,546.874991,0.0
-50.0,50,547.437327,0.0
-50.0,50,547.999873,0.0
-50.0,50,548.562309,0.0
-50.0,50,549.12326,0.0
-45.0,50,549.677604,0.0
-50.0,50,550.236887,0.0
-50.0,50,550.799104,0.0
-50.0,50,551.367076,0.0
-50.0,50,551.924034,0.0
-50.0,50,552.481448,0.0
-46.0,50,553.026151,0.0
0.0,50,553.580959,1.0
-50.0,50,554.135872,0.0
-50.0,50,554.689032,0.0
-50.0,50,555.240041,0.0
-50.0,50,558.175355,0.0
-50.0,50,558.727779,0.0
-23.0,50,559.289126,0.0
-50.0,50,559.8452,0.0
-50.0,50,560.402668,0.0
-50.0,50,560.95244,0.0
-50.0,50,561.501076,0.0
-50.0,50,562.050429,0.0
-50.0,50,562.621838,0.0
-50.0,50,563.187404,0.0
-50.0,50,563.738641,0.0
-50.0,50,564.297727,0.0
-50.0,50,564.855625,0.0
-50.0,50,565.41901,0.0
-50.0,50,565.969314,0.0
-50.0,50,566.530659,0.0
-50.0,50,567.093647,0.0
-50.0,50,567.642247,0.0
-50.0,50,568.190219,0.0
-50.0,50,568.740239,0.0
-50.0,50,569.300742,0.0
-50.0,50,569.85809,0.0
-50.0,50,570.411706,0.0
-50.0,50,570.960949,0.0
-50.0,50,571.530467,0.0
-50.0,50,572.081006,0.0
-50.0,50,572.64117,0.0
-4.0,50,573.200201,1.0
-50.0,50,573.756904,0.0
-50.0,50,574.316643,0.0
-50.0,50,574.876915,0.0
-50.0,50,575.425483,0.0
-50.0,50,575.993708,0.0
-50.0,50,576.545082,0.0
-50.0,50,577.103439,0.0
-50.0,50,577.663068,0.0
-50.0,50,578.242611,0.0
-50.0,50,578.802019,0.0
-50.0,50,579.34938,0.0
-50.0,50,579.908045,0.0
-50.0,50,580.475634,0.0
-44.0,50,581.031101,0.0
-50.0,50,581.59014,0.0
-50.0,50,582.140033,0.0
-50.0,50,582.705781,0.0
-50.0,50,583.265109,0.0
-50.0,50,583.824331,0.0
-50.0,50,584.385047,0.0
-50.0,50,584.951546,0.0
-50.0,50,585.510022,0.0
-50.0,50,586.058866,0.0
-50.0,50,586.61235,0.0
-50.0,50,587.171062,0.0
-50.0,50,587.722158,0.0
0.0,50,588.271233,1.0
-45.0,50,588.829095,0.0
-50.0,50,589.385558,0.0
-50.0,50,589.943231,0.0
-50.0,50,590.498241,0.0
-50.0,50,591.057216,0.0
-50.0,50,591.621245,0.0
-50.0,50,592.183557,0.0
-50.0,50,592.740694,0.0
-50.0,50,593.306264,0.0
-50.0,50,593.867533,0.0
0.0,50,594.425643,1.0
-50.0,50,594.98528,0.0
-50.0,50,595.534134,0.0
-50.0,50,596.104616,0.0
-50.0,50,596.667277,0.0
-50.0,50,597.225064,0.0
-50.0,50,597.785283,0.0
-50.0,50,598.35183,0.0
-24.0,50,598.913745,0.0
-50.0,50,599.470532,0.0
-50.0,50,600.022337,0.0
-50.0,50,600.590465,0.0
-50.0,50,601.14995,0.0
-50.0,50,601.700103,0.0
-50.0,50,602.254395,0.0
-50.0,50,602.822066,0.0
-50.0,50,603.384287,0.0
-50.0,50,603.94678,0.0
-50.0,50,604.497029,0.0
-50.0,50,605.068739,0.0
-50.0,50,605.628085,0.0
-50.0,50,606.187442,0.0
-50.0,50,606.74808,0.0
-50.0,50,607.314197,0.0
-50.0,50,607.876205,0.0
-50.0,50,608.427912,0.0
-50.0,50,608.985294,0.0
-50.0,50,609.554875,0.0
-50.0,50,610.111739,0.0
-12.0,50,610.663703,1.0
-50.0,50,611.225823,0.0
-45.0,50,611.789382,0.0
-50.0,50,612.347319,0.0
-50.0,50,612.906838,0.0
-50.0,50,613.465186,0.0
0.0,50,614.025443,1.0
-50.0,50,614.574666,0.0
-50.0,50,615.132957,0.0
-50.0,50,615.696038,0.0
-50.0,50,616.257908,0.0
-50.0,50,616.818935,0.0
-50.0,50,617.370213,0.0
-50.0,50,617.933705,0.0
-50.0,50,618.49183,0.0
-50.0,50,619.050936,0.0
-50.0,50,619.605437,0.0
-50.0,50,620.15353,0.0
-50.0,50,620.706921,0.0
-50.0,50,621.268792,0.0
-50.0,50,621.816442,0.0
-45.0,50,622.366869,0.0
-50.0,50,622.925708,0.0
-50.0,50,623.479214,0.0
-41.0,50,624.037399,0.0
-50.0,50,624.593028,0.0
-50.0,50,625.149259,0.0
-50.0,50,625.707588,0.0
-50.0,50,626.26283,0.0
-50.0,50,626.823008,0.0
-50.0,50,627.383835,0.0
-50.0,50,627.936005,0.0
-50.0,50,628.490754,0.0
-50.0,50,629.04176,0.0
-50.0,50,629.599113,0.0
-50.0,50,630.150988,0.0
-50.0,50,630.703599,0.0
-50.0,50,631.258933,0.0
-50.0,50,631.823038,0.0
-50.0,50,632.369785,0.0
-50.0,50,632.925333,0.0
-50.0,50,633.474777,0.0
-50.0,50,634.039092,0.0
-50.0,50,634.597662,0.0
-50.0,50,635.149846,0.0
-50.0,50,635.698008,0.0
-50.0,50,636.253929,0.0
-50.0,50,636.807048,0.0
-50.0,50,637.356737,0.0
-50.0,50,637.91162,0.0
-50.0,50,638.47595,0.0
-50.0,50,639.02838,0.0
-50.0,50,639.582534,0.0
-50.0,50,640.13724,0.0
-50.0,50,640.700173,0.0
-50.0,50,641.250822,0.0
-50.0,50,641.802275,0.0
-50.0,50,642.348892,0.0
-50.0,50,642.914723,0.0
-50.0,50,643.472639,0.0
-50.0,50,644.024129,0.0
-50.0,50,644.576818,0.0
-46.0,50,645.139165,0.0
-50.0,50,645.696362,0.0
-50.0,50,646.249536,0.0
-50.0,50,646.797987,0.0
-50.0,50,647.360304,0.0
-43.0,50,647.912463,0.0
-50.0,50,648.463439,0.0
-50.0,50,649.017128,0.0
-50.0,50,649.575979,0.0
-50.0,50,650.137247,0.0
-50.0,50,650.698652,0.0
-50.0,50,651.256456,0.0
-50.0,50,651.812061,0.0
-50.0,50,652.369962,0.0
-50.0,50,652.926127,0.0
-50.0,50,653.488249,0.0
-45.0,50,654.053546,0.0
-50.0,50,654.599553,0.0
-50.0,50,655.147884,0.0
-50.0,50,655.696152,0.0
-50.0,50,656.255726,0.0
-50.0,50,656.813457,0.0
-50.0,50,657.369594,0.0
-50.0,50,657.928565,0.0
-50.0,50,658.494934,0.0
-50.0,50,659.044883,0.0
-50.0,50,659.60111,0.0
-50.0,50,660.158782,0.0
-50.0,50,660.722096,0.0
-50.0,50,661.281059,0.0
-50.0,50,661.841898,0.0
-50.0,50,662.398153,0.0
-50.0,50,662.971198,0.0
-50.0,50,663.530957,0.0
-50.0,50,664.090515,0.0
-50.0,50,664.644348,0.0
-50.0,50,665.203399,0.0
-50.0,50,665.744081,0.0
-50.0,50,666.284978,0.0
-50.0,50,666.840272,0.0
-50.0,50,667.405431,0.0
-47.0,50,667.967559,0.0
-50.0,50,668.515329,0.0
-50.0,50,669.063552,0.0
-50.0,50,672.054392,0.0
-50.0,50,672.611158,0.0
-50.0,50,673.162766,0.0
-50.0,50,673.720206,0.0
-50.0,50,674.286545,0.0
-50.0,50,674.844464,0.0
0.0,50,675.390689,1.0
-50.0,50,675.945867,0.0
-50.0,50,676.505538,0.0
-50.0,50,677.063553,0.0
-50.0,50,677.617935,0.0
-50.0,50,678.175313,0.0
-50.0,50,678.74212,0.0
-50.0,50,679.293269,0.0
-50.0,50,679.845271,0.0
0.0,50,680.398843,1.0
-50.0,50,680.959766,0.0
-50.0,50,681.518613,0.0
-50.0,50,682.075549,0.0
-50.0,50,682.627882,0.0
-50.0,50,683.196862,0.0
-50.0,50,683.753807,0.0
-50.0,50,684.303375,0.0
-50.0,50,684.855613,0.0
-50.0,50,685.430858,0.0
-50.0,50,685.986874,0.0
-50.0,50,686.544015,0.0
-50.0,50,687.102492,0.0
-50.0,50,687.672112,0.0
0.0,50,688.220462,1.0
-50.0,50,688.779073,0.0
-50.0,50,689.338909,0.0
-50.0,50,689.911102,0.0
-46.0,50,690.471232,0.0
-50.0,50,691.033041,0.0
-50.0,50,691.59461,0.0
-50.0,50,692.164799,0.0
-50.0,50,692.723875,0.0
-50.0,50,693.288677,0.0
-50.0,50,693.850443,0.0
-50.0,50,694.420166,0.0
0.0,50,694.982116,1.0
-50.0,50,695.543825,0.0
0.0,50,696.105712,1.0
-50.0,50,696.676107,0.0
-50.0,50,697.238261,0.0
-50.0,50,697.798141,0.0
-50.0,50,698.354794,0.0
-50.0,50,698.924999,0.0
-50.0,50,699.478669,0.0
-50.0,50,700.027285,0.0
-50.0,50,700.58308,0.0
-50.0,50,701.144011,0.0
-50.0,50,701.697412,0.0
-50.0,50,702.255048,0.0
-50.0,50,702.812176,0.0
-50.0,50,703.373322,0.0
-23.0,50,703.93146,0.0
-50.0,50,704.478126,0.0
-50.0,50,705.023128,0.0
-45.0,50,705.59273,0.0
-50.0,50,706.145246,0.0
-50.0,50,706.704828,0.0
-50.0,50,707.263273,0.0
-50.0,50,707.816915,0.0
0.0,50,708.362662,1.0
-44.0,50,708.922081,0.0
-50.0,50,709.479355,0.0
-50.0,50,710.044864,0.0
-50.0,50,710.598634,0.0
-50.0,50,711.154786,0.0
-50.0,50,711.709789,0.0
-50.0,50,712.279033,0.0
-50.0,50,712.840937,0.0
-50.0,50,713.39674,0.0
-50.0,50,713.95949,0.0
-50.0,50,714.523198,0.0
-50.0,50,715.089183,0.0
-50.0,50,715.651154,0.0
-50.0,50,716.214408,0.0
-50.0,50,716.777964,0.0
-50.0,50,717.327589,0.0
-50.0,50,717.888696,0.0
-50.0,50,718.45226,0.0
-50.0,50,719.01321,0.0
-50.0,50,719.577646,0.0
-50.0,50,720.138304,0.0
-50.0,50,720.688722,0.0
-50.0,50,721.259847,0.0
-50.0,50,721.824974,0.0
-50.0,50,722.388825,0.0
-50.0,50,722.938704,0.0
-50.0,50,723.501664,0.0
-50.0,50,724.063492,0.0
-50.0,50,724.624554,0.0
-50.0,50,725.174018,0.0
-50.0,50,725.748013,0.0
-50.0,50,726.297419,0.0
-50.0,50,726.84794,0.0
-50.0,50,727.397472,0.0
-50.0,50,727.968268,0.0
-50.0,50,728.528615,0.0
-50.0,50,729.092063,0.0
-50.0,50,729.641995,0.0
-50.0,50,730.215601,0.0
0.0,50,730.767403,1.0
-50.0,50,731.327035,0.0
-50.0,50,731.88659,0.0
-50.0,50,732.446632,0.0
-50.0,50,732.997249,0.0
-50.0,50,733.557016,0.0
-50.0,50,734.107842,0.0
-50.0,50,734.680861,0.0
-50.0,50,735.242567,0.0
-50.0,50,735.794133,0.0
-50.0,50,736.344604,0.0
-50.0,50,736.915826,0.0
-50.0,50,737.469896,0.0
-50.0,50,738.029625,0.0
-50.0,50,738.590606,0.0
-50.0,50,739.159842,0.0
-50.0,50,739.725577,0.0
-50.0,50,740.287204,0.0
-50.0,50,740.838207,0.0
-50.0,50,741.410977,0.0
-50.0,50,741.974722,0.0
-41.0,50,742.537668,0.0
0.0,50,743.091258,1.0
-50.0,50,743.671723,0.0
-50.0,50,744.221491,0.0
-45.0,50,744.77125,0.0
-50.0,50,745.316738,0.0
-50.0,50,745.872172,0.0
-50.0,50,746.42574,0.0
-46.0,50,746.976618,0.0
-50.0,50,747.528143,0.0
-50.0,50,748.087559,0.0
-45.0,50,748.645006,0.0
-50.0,50,749.201724,0.0
-50.0,50,749.751119,0.0
-50.0,50,750.307964,0.0
-50.0,50,750.865169,0.0
-50.0,50,751.417856,0.0
-50.0,50,751.977339,0.0
-50.0,50,752.545247,0.0
-50.0,50,753.093831,0.0
-50.0,50,753.656576,0.0
-50.0,50,754.216583,0.0
-50.0,50,754.78067,0.0
-50.0,50,755.341602,0.0
-50.0,50,755.897886,0.0
-50.0,50,756.45692,0.0
-50.0,50,757.013741,0.0
-50.0,50,757.574511,0.0
-50.0,50,758.134874,0.0
-50.0,50,758.683877,0.0
-50.0,50,759.245206,0.0
-50.0,50,759.800586,0.0
-50.0,50,760.361733,0.0
-50.0,50,760.924147,0.0
-50.0,50,761.492239,0.0
-50.0,50,762.052674,0.0
-50.0,50,762.601111,0.0
-50.0,50,763.161279,0.0
-50.0,50,763.721761,0.0
-50.0,50,764.281544,0.0
-50.0,50,764.843163,0.0
-50.0,50,765.398476,0.0
-50.0,50,765.955312,0.0
-50.0,50,766.518169,0.0
-50.0,50,767.074914,0.0
-50.0,50,767.626383,0.0
-50.0,50,768.197881,0.0
-50.0,50,768.757946,0.0
-50.0,50,769.308357,0.0
-50.0,50,769.858126,0.0
-50.0,50,770.426021,0.0
-50.0,50,770.975363,0.0
-50.0,50,771.536547,0.0
-50.0,50,772.096081,0.0
-50.0,50,772.651684,0.0
-50.0,50,773.210518,0.0
-50.0,50,773.760594,0.0
-50.0,50,774.319802,0.0
-50.0,50,774.888705,0.0
-50.0,50,775.453173,0.0
-50.0,50,776.015468,0.0
-50.0,50,776.572751,0.0
-50.0,50,777.13459,0.0
-50.0,50,777.690852,0.0
-50.0,50,778.248811,0.0
-50.0,50,778.807481,0.0
-50.0,50,779.379127,0.0
-50.0,50,779.936693,0.0
-50.0,50,780.499005,0.0
-50.0,50,781.047183,0.0
-50.0,50,781.604065,0.0
-50.0,50,782.16698,0.0
-50.0,50,782.726524,0.0
-50.0,50,783.290161,0.0
0.0,50,786.271296,1.0
-50.0,50,786.831965,0.0
-50.0,50,787.394804,0.0
-50.0,50,787.954118,0.0
-50.0,50,788.513509,0.0
-50.0,50,789.074729,0.0
-50.0,50,789.640007,0.0
-50.0,50,790.201032,0.0
-50.0,50,790.764673,0.0
-50.0,50,791.328005,0.0
-50.0,50,791.889519,0.0
-50.0,50,792.450584,0.0
-50.0,50,793.019864,0.0
-50.0,50,793.576637,0.0
-50.0,50,794.130941,0.0
-50.0,50,794.688969,0.0
-50.0,50,795.259858,0.0
-41.0,50,795.823169,0.0
-50.0,50,796.385935,0.0
-50.0,50,796.946869,0.0
-50.0,50,797.516098,0.0
-50.0,50,798.078381,0.0
-50.0,50,798.640077,0.0
-50.0,50,799.201541,0.0
-50.0,50,799.763512,0.0
-50.0,50,800.323461,0.0
0.0,50,800.875733,1.0
-50.0,50,801.439191,0.0
-50.0,50,802.009676,0.0
-50.0,50,802.568902,0.0
-50.0,50,803.128766,0.0
0.0,50,803.681818,1.0
-50.0,50,804.256392,0.0
-50.0,50,804.80741,0.0
-50.0,50,805.369757,0.0
-50.0,50,805.930462,0.0
0.0,50,806.49458,1.0
-50.0,50,807.053402,0.0
-50.0,50,807.613872,0.0
-50.0,50,808.170164,0.0
-50.0,50,808.746724,0.0
0.0,50,809.296506,1.0
-50.0,50,809.854629,0.0
-50.0,50,810.410758,0.0
-50.0,50,810.971439,0.0
-50.0,50,811.531075,0.0
-50.0,50,812.090153,0.0
-50.0,50,812.640249,0.0
-50.0,50,813.205439,0.0
-50.0,50,813.76051,0.0
-50.0,50,814.323662,0.0
-50.0,50,814.878902,0.0
-50.0,50,815.448138,0.0
-50.0,50,816.006006,0.0
-48.0,50,816.562194,0.0
0.0,50,817.113061,1.0
-50.0,50,817.697704,0.0
-50.0,50,818.255373,0.0
-46.0,50,818.80965,0.0
-50.0,50,819.37188,0.0
-45.0,50,819.927477,0.0
-50.0,50,820.470395,0.0
-50.0,50,821.024118,0.0
-23.0,50,821.568941,0.0
-50.0,50,822.130123,0.0
-50.0,50,822.680795,0.0
-50.0,50,823.224442,0.0
-46.0,50,823.774597,0.0
-45.0,50,824.331887,0.0
-50.0,50,824.884902,0.0
-50.0,50,825.429085,0.0
-50.0,50,825.981298,0.0
-50.0,50,826.54201,0.0
-50.0,50,827.093132,0.0
-50.0,50,827.646046,0.0
-46.0,50,828.198142,0.0
-50.0,50,828.758048,0.0
-50.0,50,829.309197,0.0
-50.0,50,829.853777,0.0
-50.0,50,830.397961,0.0
-50.0,50,830.950804,0.0
-50.0,50,831.518193,0.0
-50.0,50,832.077775,0.0
-50.0,50,832.637861,0.0
-50.0,50,833.221601,0.0
-50.0,50,833.790093,0.0
-50.0,50,834.353559,0.0
-50.0,50,834.913955,0.0
-50.0,50,835.494064,0.0
-50.0,50,836.05678,0.0
-50.0,50,836.620794,0.0
-50.0,50,837.1844,0.0
-50.0,50,837.756376,0.0
-50.0,50,838.307624,0.0
-50.0,50,838.869746,0.0
-50.0,50,839.436279,0.0
-50.0,50,840.013202,0.0
-50.0,50,840.58007,0.0
-50.0,50,841.1432,0.0
-50.0,50,841.709565,0.0
-4.0,50,842.270545,1.0
-50.0,50,842.836123,0.0
-50.0,50,843.401739,0.0
-50.0,50,843.966997,0.0
-50.0,50,844.53709,0.0
-50.0,50,845.099357,0.0
-50.0,50,845.655504,0.0
-50.0,50,846.218232,0.0
-50.0,50,846.778785,0.0
-50.0,50,847.329992,0.0
-50.0,50,847.883335,0.0
-50.0,50,848.439183,0.0
-50.0,50,849.014239,0.0
-50.0,50,849.573479,0.0
-50.0,50,850.133434,0.0
-50.0,50,850.685873,0.0
-42.0,50,851.249351,0.0
-50.0,50,851.81363,0.0
-50.0,50,852.374159,0.0
-50.0,50,852.933126,0.0
-50.0,50,853.502248,0.0
-50.0,50,854.0555,0.0
-50.0,50,854.613075,0.0
-50.0,50,855.173027,0.0
-50.0,50,855.740816,0.0
-50.0,50,856.30525,0.0
-50.0,50,856.86419,0.0
-50.0,50,857.425047,0.0
-50.0,50,857.98526,0.0
-50.0,50,858.548391,0.0
-50.0,50,859.109171,0.0
0.0,50,859.659985,1.0
-50.0,50,860.22727,0.0
-50.0,50,860.781965,0.0
-50.0,50,861.348682,0.0
-50.0,50,861.915119,0.0
-50.0,50,862.491638,0.0
-50.0,50,863.063934,0.0
-50.0,50,863.639263,0.0
-50.0,50,864.22715,0.0
-50.0,50,864.788666,0.0
-50.0,50,865.337215,0.0
-21.0,50,865.890492,0.0
-50.0,50,866.442318,0.0
-50.0,50,867.009218,0.0
-50.0,50,867.569573,0.0
-50.0,50,868.128468,0.0
-50.0,50,868.680364,0.0
-50.0,50,869.247146,0.0
-50.0,50,869.798132,0.0
-50.0,50,870.361288,0.0
-50.0,50,870.918291,0.0
-50.0,50,871.483252,0.0
-50.0,50,872.0351,0.0
-50.0,50,872.589871,0.0
-50.0,50,873.151785,0.0
-50.0,50,873.710139,0.0
-50.0,50,874.26785,0.0
-50.0,50,874.81811,0.0
-50.0,50,875.374162,0.0
-47.0,50,875.941138,0.0
-50.0,50,876.497888,0.0
-50.0,50,877.054121,0.0
-50.0,50,877.615769,0.0
-50.0,50,878.184418,0.0
-50.0,50,878.741745,0.0
-50.0,50,879.302777,0.0
-50.0,50,879.857731,0.0
-50.0,50,880.417328,0.0
-50.0,50,880.974746,0.0
-50.0,50,881.538828,0.0
-50.0,50,882.097168,0.0
-50.0,50,882.663815,0.0
-50.0,50,883.215169,0.0
-47.0,50,883.7696,0.0
-50.0,50,884.321562,0.0
-45.0,50,884.89239,0.0
-50.0,50,885.458521,0.0
-50.0,50,886.013281,0.0
-50.0,50,886.56414,0.0
-50.0,50,887.129861,0.0
-50.0,50,887.688645,0.0
-50.0,50,888.242707,0.0
-50.0,50,888.795851,0.0
-50.0,50,889.354354,0.0
-50.0,50,889.907907,0.0
-50.0,50,890.45833,0.0
-50.0,50,891.01926,0.0
-50.0,50,891.594021,0.0
-48.0,50,892.157513,0.0
-50.0,50,892.722141,0.0
-50.0,50,893.300868,0.0
-50.0,50,893.881675,0.0
-50.0,50,894.448769,0.0
-50.0,50,895.011256,0.0
-50.0,50,895.564515,0.0
-50.0,50,896.124465,0.0
-50.0,50,896.675776,0.0
-43.0,50,897.222118,0.0
-50.0,50,897.766107,0.0
-50.0,50,900.748812,0.0
-50.0,50,901.29981,0.0
-50.0,50,901.853672,0.0
-50.0,50,902.404727,0.0
-50.0,50,902.968773,0.0
-50.0,50,903.523867,0.0
-50.0,50,904.075821,0.0
-50.0,50,904.626571,0.0
-50.0,50,905.189013,0.0
-50.0,50,905.749398,0.0
-50.0,50,906.31197,0.0
-50.0,50,906.874318,0.0
-50.0,50,907.448425,0.0
-50.0,50,908.00783,0.0
-50.0,50,908.571876,0.0
-50.0,50,909.132197,0.0
-50.0,50,909.701945,0.0
-50.0,50,910.266965,0.0
-50.0,50,910.828838,0.0
-50.0,50,911.395725,0.0
-50.0,50,911.968394,0.0
-50.0,50,912.535046,0.0
-50.0,50,913.097481,0.0
-50.0,50,913.658504,0.0
-50.0,50,914.238447,0.0
-50.0,50,914.804375,0.0
-50.0,50,915.370052,0.0
-50.0,50,915.931057,0.0
-44.0,50,916.502038,0.0
-50.0,50,917.064939,0.0
-50.0,50,917.627112,0.0
-50.0,50,918.17971,0.0
-50.0,50,918.752827,0.0
-50.0,50,919.315502,0.0
-50.0,50,919.881996,0.0
-50.0,50,920.446327,0.0
-50.0,50,921.019545,0.0
-50.0,50,921.572703,0.0
-50.0,50,922.13482,0.0
-50.0,50,922.701708,0.0
-50.0,50,923.282849,0.0
-50.0,50,923.847973,0.0
-50.0,50,924.413886,0.0
-44.0,50,924.983772,0.0
-50.0,50,925.555518,0.0
-50.0,50,926.119199,0.0
-50.0,50,926.682534,0.0
-50.0,50,927.245547,0.0
-50.0,50,927.817027,0.0
-47.0,50,928.37511,0.0
0.0,50,928.928539,1.0
0.0,50,929.481299,1.0
-50.0,50,930.048892,0.0
-50.0,50,930.610942,0.0
-50.0,50,931.169663,0.0
0.0,50,931.726632,1.0
-50.0,50,932.302376,0.0
-31.0,50,932.853166,0.0
-45.0,50,933.410192,0.0
-50.0,50,933.973444,0.0
-50.0,50,934.539681,0.0
-50.0,50,935.095549,0.0
-50.0,50,935.66122,0.0
-50.0,50,936.213418,0.0
-50.0,50,936.805306,0.0
-50.0,50,937.37021,0.0
-50.0,50,937.924536,0.0
-50.0,50,938.48248,0.0
-50.0,50,939.06149,0.0
-50.0,50,939.622562,0.0
-20.0,50,940.179742,0.0
-50.0,50,940.745068,0.0
-50.0,50,941.317883,0.0
-50.0,50,941.878233,0.0
-50.0,50,942.44388,0.0
-50.0,50,942.99906,0.0
-50.0,50,943.568474,0.0
-50.0,50,944.120646,0.0
-50.0,50,944.681815,0.0
-50.0,50,945.246275,0.0
-50.0,50,945.823514,0.0
-50.0,50,946.38368,0.0
-50.0,50,946.936405,0.0
-50.0,50,947.499262,0.0
-50.0,50,948.078953,0.0
-50.0,50,948.638669,0.0
-50.0,50,949.204983,0.0
-50.0,50,949.773389,0.0
-50.0,50,950.351083,0.0
-50.0,50,950.90612,0.0
-50.0,50,951.470154,0.0
-50.0,50,952.035213,0.0
-50.0,50,952.612331,0.0
-50.0,50,953.186018,0.0
-50.0,50,953.745434,0.0
-50.0,50,954.298987,0.0
-50.0,50,954.85578,0.0
-50.0,50,955.410158,0.0
-50.0,50,955.964793,0.0
-50.0,50,956.518211,0.0
-50.0,50,957.083976,0.0
-50.0,50,957.632409,0.0
-50.0,50,958.183547,0.0
-50.0,50,958.734243,0.0
-50.0,50,959.303572,0.0
-50.0,50,959.853405,0.0
-50.0,50,960.40469,0.0
-50.0,50,960.954387,0.0
-50.0,50,961.523128,0.0
-50.0,50,962.074376,0.0
-50.0,50,962.622503,0.0
-50.0,50,963.172164,0.0
-50.0,50,963.73846,0.0
-43.0,50,964.286043,0.0
-50.0,50,964.839691,0.0
-50.0,50,965.399247,0.0
-50.0,50,965.972392,0.0
-45.0,50,966.532466,0.0
-50.0,50,967.09327,0.0
-50.0,50,967.651438,0.0
-50.0,50,968.220026,0.0
-46.0,50,968.78231,0.0
-50.0,50,969.344111,0.0
-50.0,50,969.902231,0.0
-50.0,50,970.469515,0.0
-50.0,50,971.02823,0.0
-50.0,50,971.587278,0.0
-50.0,50,972.146103,0.0
-50.0,50,972.717748,0.0
-50.0,50,973.273291,0.0
-50.0,50,973.833759,0.0
-49.0,50,974.390908,0.0
-43.0,50,974.958704,0.0
-50.0,50,975.512247,0.0
-50.0,50,976.072948,0.0
-50.0,50,976.62418,0.0
-50.0,50,977.195431,0.0
-47.0,50,977.751689,0.0
-50.0,50,978.307221,0.0
-50.0,50,978.868892,0.0
-50.0,50,979.436705,0.0
-50.0,50,979.992336,0.0
-50.0,50,980.543287,0.0
-50.0,50,981.103479,0.0
-47.0,50,981.669155,0.0
-50.0,50,982.232972,0.0
-50.0,50,982.794065,0.0
-50.0,50,983.362995,0.0
-50.0,50,983.934918,0.0
-50.0,50,984.497375,0.0
-50.0,50,985.061666,0.0
-50.0,50,985.626851,0.0
-27.0,50,986.190723,0.0
-50.0,50,986.746262,0.0
-32.0,50,987.314253,0.0
-50.0,50,987.876613,0.0
-50.0,50,988.448253,0.0
-50.0,50,989.01102,0.0
-50.0,50,989.576066,0.0
-50.0,50,990.128789,0.0
-50.0,50,990.694914,0.0
-50.0,50,991.255754,0.0
-50.0,50,991.819736,0.0
-50.0,50,992.376112,0.0
-50.0,50,992.937969,0.0
-50.0,50,993.499279,0.0
-50.0,50,994.061961,0.0
-50.0,50,994.622098,0.0
-50.0,50,995.196743,0.0
-50.0,50,995.753596,0.0
-50.0,50,996.315987,0.0
-50.0,50,996.874665,0.0
-50.0,50,997.436109,0.0
-50.0,50,997.992744,0.0
-40.0,50,998.550947,0.0
-50.0,50,999.107693,0.0
-50.0,50,999.675971,0.0
-50.0,50,1000.232547,0.0
-50.0,50,1000.785956,0.0
-50.0,50,1001.338522,0.0
-50.0,50,1001.901776,0.0
-50.0,50,1002.457497,0.0
-50.0,50,1003.013398,0.0
-50.0,50,1003.572989,0.0
-50.0,50,1004.134424,0.0
-44.0,50,1004.696057,0.0
-50.0,50,1005.258835,0.0
-50.0,50,1005.822663,0.0
-50.0,50,1006.38269,0.0
-50.0,50,1006.940426,0.0
-50.0,50,1007.493373,0.0
-50.0,50,1008.047924,0.0
-50.0,50,1008.610591,0.0
-50.0,50,1009.165632,0.0
-50.0,50,1009.729782,0.0
-50.0,50,1010.282403,0.0
-50.0,50,1010.850755,0.0
-50.0,50,1011.410287,0.0
-43.0,50,1011.974957,0.0
-50.0,50,1012.544214,0.0
-50.0,50,1015.496316,0.0
-50.0,50,1016.053775,0.0
-50.0,50,1016.599825,0.0
-50.0,50,1017.15267,0.0
-50.0,50,1017.712058,0.0
-50.0,50,1018.262778,0.0
-50.0,50,1018.814095,0.0
-33.0,50,1019.367498,0.0
-50.0,50,1019.92914,0.0
-50.0,50,1020.479706,0.0
-50.0,50,1021.030003,0.0
-50.0,50,1021.585426,0.0
-50.0,50,1022.144968,0.0
-50.0,50,1022.695818,0.0
-50.0,50,1023.247731,0.0
-50.0,50,1023.803041,0.0
-50.0,50,1024.362882,0.0
-50.0,50,1024.912524,0.0
-50.0,50,1025.461268,0.0
-50.0,50,1026.011662,0.0
-50.0,50,1026.570897,0.0
-50.0,50,1027.123706,0.0
-50.0,50,1027.678257,0.0
-50.0,50,1028.236223,0.0
-50.0,50,1028.79576,0.0
-50.0,50,1029.349413,0.0
-50.0,50,1029.90558,0.0
-50.0,50,1030.458737,0.0
-47.0,50,1031.019218,0.0
-50.0,50,1031.569714,0.0
-40.0,50,1032.121119,0.0
-50.0,50,1032.673304,0.0
-50.0,50,1033.240051,0.0
-50.0,50,1033.792803,0.0
-34.0,50,1034.343712,0.0
-50.0,50,1034.903056,0.0
-50.0,50,1035.462498,0.0
-50.0,50,1036.018047,0.0
-41.0,50,1036.569675,0.0
-50.0,50,1037.119634,0.0
-50.0,50,1037.680166,0.0
-50.0,50,1038.229832,0.0
-50.0,50,1038.779764,0.0
-50.0,50,1039.327447,0.0
-50.0,50,1039.904833,0.0
-50.0,50,1040.465936,0.0
-50.0,50,1041.031249,0.0
-4.0,50,1041.595854,1.0
-50.0,50,1042.166565,0.0
-50.0,50,1042.739828,0.0
-50.0,50,1043.31278,0.0
-50.0,50,1043.885188,0.0
-50.0,50,1044.458994,0.0
-50.0,50,1045.021349,0.0
-50.0,50,1045.58921,0.0
-50.0,50,1046.152957,0.0
-50.0,50,1046.718796,0.0
-50.0,50,1047.286701,0.0
-50.0,50,1047.854714,0.0
-50.0,50,1048.407589,0.0
-50.0,50,1048.984511,0.0
-50.0,50,1049.549038,0.0
-50.0,50,1050.113571,0.0
-50.0,50,1050.677852,0.0
-50.0,50,1051.253826,0.0
-50.0,50,1051.818714,0.0
-50.0,50,1052.372969,0.0
-50.0,50,1052.937725,0.0
-50.0,50,1053.515001,0.0
-47.0,50,1054.077358,0.0
-47.0,50,1054.639488,0.0
-46.0,50,1055.202139,0.0
-45.0,50,1055.775208,0.0
-50.0,50,1056.33064,0.0
-50.0,50,1056.898508,0.0
-50.0,50,1057.453012,0.0
-45.0,50,1058.018764,0.0
-50.0,50,1058.584646,0.0
-50.0,50,1059.151944,0.0
-46.0,50,1059.71415,0.0
-50.0,50,1060.292854,0.0
-50.0,50,1060.852329,0.0
-43.0,50,1061.419879,0.0
-50.0,50,1061.975295,0.0
-50.0,50,1062.53838,0.0
-50.0,50,1063.094608,0.0
-50.0,50,1063.646901,0.0
-42.0,50,1064.205177,0.0
-50.0,50,1064.780882,0.0
-37.0,50,1065.343719,0.0
-50.0,50,1065.911763,0.0
-50.0,50,1066.474761,0.0
-50.0,50,1067.047065,0.0
-50.0,50,1067.613673,0.0
-50.0,50,1068.170452,0.0
-50.0,50,1068.734451,0.0
-50.0,50,1069.306159,0.0
-50.0,50,1069.869564,0.0
-50.0,50,1070.427542,0.0
-50.0,50,1070.987056,0.0
-50.0,50,1071.556729,0.0
-50.0,50,1072.112768,0.0
-50.0,50,1072.664144,0.0
-50.0,50,1073.222079,0.0
-50.0,50,1073.788488,0.0
-50.0,50,1074.343001,0.0
-50.0,50,1074.893239,0.0
-50.0,50,1075.442256,0.0
-50.0,50,1076.00727,0.0
-50.0,50,1076.55712,0.0
-50.0,50,1077.117198,0.0
-39.0,50,1077.672878,0.0
-50.0,50,1078.245917,0.0
-50.0,50,1078.807037,0.0
-50.0,50,1079.368914,0.0
-50.0,50,1079.928571,0.0
-50.0,50,1080.490826,0.0
-50.0,50,1081.044219,0.0
-50.0,50,1081.607846,0.0
-50.0,50,1082.170652,0.0
-50.0,50,1082.740268,0.0
-50.0,50,1083.296825,0.0
-50.0,50,1083.847216,0.0
-8.0,50,1084.406191,1.0
-48.0,50,1084.971222,0.0
-50.0,50,1085.525507,0.0
-50.0,50,1086.085392,0.0
-1.0,50,1086.643289,1.0
-50.0,50,1087.203166,0.0
-47.0,50,1087.757265,0.0
-50.0,50,1088.316845,0.0
-50.0,50,1088.87363,0.0
-50.0,50,1089.440065,0.0
-38.0,50,1089.995611,0.0
-50.0,50,1090.554502,0.0
-41.0,50,1091.120329,0.0
-50.0,50,1091.688864,0.0
-50.0,50,1092.243665,0.0
-50.0,50,1092.799976,0.0
-50.0,50,1093.364576,0.0
-50.0,50,1093.936311,0.0
-50.0,50,1094.488245,0.0
-24.0,50,1095.050891,1.0
-50.0,50,1095.609081,0.0
-50.0,50,1096.18646,0.0
-50.0,50,1096.751692,0.0
-50.0,50,1097.317505,0.0
-50.0,50,1097.879098,0.0
-50.0,50,1098.453156,0.0
-50.0,50,1099.017298,0.0
-50.0,50,1099.575971,0.0
-50.0,50,1100.146968,0.0
-50.0,50,1100.742734,0.0
-50.0,50,1101.300268,0.0
-50.0,50,1101.870749,0.0
-50.0,50,1102.441959,0.0
-50.0,50,1103.010806,0.0
-50.0,50,1103.576354,0.0
-40.0,50,1104.141371,0.0
-50.0,50,1104.709563,0.0
-39.0,50,1105.288933,0.0
-50.0,50,1105.85285,0.0
-50.0,50,1106.41853,0.0
-50.0,50,1106.98008,0.0
-7.0,50,1107.542813,1.0
-47.0,50,1108.102527,0.0
-50.0,50,1108.665034,0.0
-50.0,50,1109.229051,0.0
-50.0,50,1109.80183,0.0
-50.0,50,1110.362881,0.0
-50.0,50,1110.920496,0.0
-46.0,50,1111.48519,0.0
-50.0,50,1112.049039,0.0
-50.0,50,1112.604652,0.0
-50.0,50,1113.158515,0.0
-50.0,50,1113.715887,0.0
-50.0,50,1114.274757,0.0
-48.0,50,1114.829496,0.0
-50.0,50,1115.39088,0.0
-44.0,50,1115.944412,0.0
-42.0,50,1116.509984,0.0
-47.0,50,1117.075895,0.0
0.0,50,1117.629726,1.0
-48.0,50,1118.191032,0.0
-50.0,50,1118.755784,0.0
-50.0,50,1119.319045,0.0
-50.0,50,1119.878584,0.0
-50.0,50,1120.43469,0.0
-50.0,50,1121.008847,0.0
-50.0,50,1121.573859,0.0
-48.0,50,1122.124575,0.0
-50.0,50,1122.687527,0.0
-50.0,50,1123.257572,0.0
-50.0,50,1123.819328,0.0
-20.0,50,1124.373707,1.0
-50.0,50,1124.935025,0.0
-50.0,50,1125.493427,0.0
-50.0,50,1126.054285,0.0
-50.0,50,1126.606499,0.0
-50.0,50,1127.161589,0.0
-50.0,50,1130.160453,0.0
-50.0,50,1130.70856,0.0
-50.0,50,1131.259877,0.0
-50.0,50,1131.809757,0.0
-43.0,50,1132.374773,0.0
-50.0,50,1132.92943,0.0
-50.0,50,1133.494642,0.0
-50.0,50,1134.050845,0.0
-50.0,50,1134.610076,0.0
-50.0,50,1135.157492,0.0
-50.0,50,1135.71128,0.0
-49.0,50,1136.258465,0.0
-50.0,50,1136.811048,0.0
-50.0,50,1137.361161,0.0
-50.0,50,1137.915812,0.0
-50.0,50,1138.46079,0.0
-50.0,50,1139.029224,0.0
-50.0,50,1139.580639,0.0
-50.0,50,1140.131765,0.0
-50.0,50,1140.682278,0.0
-50.0,50,1141.242548,0.0
-50.0,50,1141.793649,0.0
-50.0,50,1142.340994,0.0
-21.0,50,1142.896229,0.0
-50.0,50,1143.459494,0.0
-50.0,50,1144.01065,0.0
-50.0,50,1144.56516,0.0
-50.0,50,1145.118352,0.0
-50.0,50,1145.68265,0.0
-50.0,50,1146.238279,0.0
-50.0,50,1146.790293,0.0
-50.0,50,1147.342066,0.0
-50.0,50,1147.896677,0.0
-50.0,50,1148.449135,0.0
-50.0,50,1148.989288,0.0
-50.0,50,1149.5401,0.0
-48.0,50,1150.095855,0.0
-50.0,50,1150.637601,0.0
-50.0,50,1151.18278,0.0
-50.0,50,1151.731698,0.0
-50.0,50,1152.293072,0.0
-50.0,50,1152.843659,0.0
-50.0,50,1153.391565,0.0
-50.0,50,1153.937314,0.0
-50.0,50,1154.487715,0.0
-50.0,50,1155.036757,0.0
-50.0,50,1155.589695,0.0
-50.0,50,1156.14679,0.0
-48.0,50,1156.708486,0.0
-50.0,50,1157.259565,0.0
-50.0,50,1157.814819,0.0
-50.0,50,1158.360639,0.0
-18.0,50,1158.922423,1.0
-50.0,50,1159.466944,0.0
-50.0,50,1160.01179,0.0
-50.0,50,1160.559758,0.0
-50.0,50,1161.113033,0.0
-50.0,50,1161.664167,0.0
-50.0,50,1162.212165,0.0
-50.0,50,1162.754426,0.0
-44.0,50,1163.317893,0.0
-50.0,50,1163.870986,0.0
-50.0,50,1164.420226,0.0
-50.0,50,1164.960438,0.0
-50.0,50,1165.514897,0.0
-50.0,50,1166.06674,0.0
-50.0,50,1166.61399,0.0
-50.0,50,1167.164963,0.0
-44.0,50,1167.725804,0.0
-50.0,50,1168.282737,0.0
-43.0,50,1168.833323,0.0
-50.0,50,1169.380425,0.0
-50.0,50,1169.93855,0.0
-50.0,50,1170.492546,0.0
-50.0,50,1171.044587,0.0
-50.0,50,1171.594048,0.0
-50.0,50,1172.152788,0.0
-50.0,50,1172.694788,0.0
-50.0,50,1173.244049,0.0
-50.0,50,1173.803336,0.0
-50.0,50,1174.365351,0.0
-50.0,50,1174.913157,0.0
-50.0,50,1175.474118,0.0
-50.0,50,1176.026169,0.0
-50.0,50,1176.59509,0.0
-50.0,50,1177.14585,0.0
-44.0,50,1177.704556,0.0
-50.0,50,1178.260237,0.0
-39.0,50,1178.827248,0.0
-50.0,50,1179.384843,0.0
-50.0,50,1179.943135,0.0
-50.0,50,1180.494309,0.0
-50.0,50,1181.055505,0.0
-50.0,50,1181.620515,0.0
-50.0,50,1182.17293,0.0
-41.0,50,1182.733556,0.0
-50.0,50,1183.296161,0.0
-50.0,50,1183.84864,0.0
-50.0,50,1184.404435,0.0
-50.0,50,1184.959953,0.0
-50.0,50,1185.534637,0.0
-50.0,50,1186.095743,0.0
-5.0,50,1186.647987,0.0
-50.0,50,1187.204501,0.0
-50.0,50,1187.771096,0.0
0.0,50,1188.322549,1.0
-50.0,50,1188.877123,0.0
-50.0,50,1189.435933,0.0
-50.0,50,1190.015993,0.0
-50.0,50,1190.564197,0.0
-50.0,50,1191.113676,0.0
-50.0,50,1191.665815,0.0
-50.0,50,1192.219285,0.0
-50.0,50,1192.767238,0.0
-50.0,50,1193.323851,0.0
-50.0,50,1193.880789,0.0
-29.0,50,1194.437636,1.0
-50.0,50,1194.987446,0.0
-50.0,50,1195.540125,0.0
-50.0,50,1196.090225,0.0
-50.0,50,1196.648469,0.0
-30.0,50,1197.197308,0.0
-50.0,50,1197.751145,0.0
-50.0,50,1198.300585,0.0
-48.0,50,1198.85698,0.0
-50.0,50,1199.406611,0.0
-50.0,50,1199.958155,0.0
-50.0,50,1200.503506,0.0
-50.0,50,1201.063545,0.0
-50.0,50,1201.618285,0.0
-50.0,50,1202.168259,0.0
-50.0,50,1202.721767,0.0
-50.0,50,1203.282272,0.0
-50.0,50,1203.823959,0.0
-39.0,50,1204.378971,1.0
-50.0,50,1204.932167,0.0
-50.0,50,1205.490096,0.0
-50.0,50,1206.04277,0.0
-50.0,50,1206.589896,0.0
-50.0,50,1207.141984,0.0
-50.0,50,1207.703675,0.0
-46.0,50,1208.255713,0.0
-50.0,50,1208.80576,0.0
-50.0,50,1209.355691,0.0
-50.0,50,1209.909979,0.0
-50.0,50,1210.455931,0.0
-50.0,50,1211.004372,0.0
-50.0,50,1211.55569,0.0
-50.0,50,1212.11314,0.0
-38.0,50,1212.665151,0.0
-50.0,50,1213.2199,0.0
-50.0,50,1213.77143,0.0
-50.0,50,1214.329272,0.0
-50.0,50,1214.874431,0.0
-45.0,50,1215.425742,0.0
-50.0,50,1215.982728,0.0
-50.0,50,1216.548137,0.0
-9.0,50,1217.100682,1.0
-50.0,50,1217.652765,0.0
-50.0,50,1218.203297,0.0
-50.0,50,1218.76709,0.0
-50.0,50,1219.324225,0.0
-50.0,50,1219.875739,0.0
-50.0,50,1220.427978,0.0
-44.0,50,1220.990928,0.0
-37.0,50,1221.543855,0.0
-50.0,50,1222.091413,0.0
-50.0,50,1222.642771,0.0
-48.0,50,1223.206052,0.0
-50.0,50,1223.745744,0.0
-50.0,50,1224.293016,0.0
-50.0,50,1224.833216,0.0
-50.0,50,1225.389778,0.0
-50.0,50,1225.937109,0.0
-50.0,50,1226.486318,0.0
-50.0,50,1227.036406,0.0
-50.0,50,1227.601552,0.0
-50.0,50,1228.150782,0.0
-50.0,50,1228.708442,0.0
-50.0,50,1229.261204,0.0
-40.0,50,1229.824112,0.0
-50.0,50,1230.378556,0.0
-50.0,50,1230.930292,0.0
-50.0,50,1231.484775,0.0
-50.0,50,1232.047976,0.0
-50.0,50,1232.6005,0.0
-47.0,50,1233.152597,0.0
-50.0,50,1233.704483,0.0
-50.0,50,1234.261846,0.0
-50.0,50,1234.807199,0.0
-43.0,50,1235.354459,0.0
-50.0,50,1235.90168,0.0
-50.0,50,1236.458981,0.0
-25.0,50,1237.009707,1.0
-13.0,50,1237.559811,1.0
-50.0,50,1238.109617,0.0
-50.0,50,1238.668927,0.0
-50.0,50,1239.224777,0.0
-50.0,50,1239.774823,0.0
-50.0,50,1240.325647,0.0
-50.0,50,1243.308531,0.0
-50.0,50,1243.863643,0.0
-50.0,50,1244.409615,0.0
-50.0,50,1244.961522,0.0
-39.0,50,1245.523015,0.0
-50.0,50,1246.073503,0.0
-34.0,50,1246.621995,0.0
-50.0,50,1247.173262,0.0
-50.0,50,1247.73187,0.0
-50.0,50,1248.277105,0.0
-50.0,50,1248.828717,0.0
-50.0,50,1249.37967,0.0
-50.0,50,1249.933358,0.0
-50.0,50,1250.477553,0.0
-50.0,50,1251.027741,0.0
-50.0,50,1251.574512,0.0
-50.0,50,1252.130583,0.0
-50.0,50,1252.671602,0.0
-50.0,50,1253.222768,0.0
-38.0,50,1253.771808,0.0
-50.0,50,1254.32464,0.0
-50.0,50,1254.876722,0.0
-50.0,50,1255.425393,0.0
-50.0,50,1255.974802,0.0
-50.0,50,1256.534997,0.0
-50.0,50,1257.084926,0.0
-50.0,50,1257.633107,0.0
-50.0,50,1258.185202,0.0
-48.0,50,1258.742015,0.0
-50.0,50,1259.287889,0.0
-36.0,50,1259.836353,0.0
-50.0,50,1260.387197,0.0
-50.0,50,1260.944932,0.0
-50.0,50,1261.493435,0.0
-50.0,50,1262.043839,0.0
-50.0,50,1262.597922,0.0
-50.0,50,1263.157958,0.0
-11.0,50,1263.709975,1.0
-50.0,50,1264.255674,0.0
-50.0,50,1264.79533,0.0
-48.0,50,1265.352524,1.0
-50.0,50,1265.902833,0.0
-48.0,50,1266.452504,0.0
-50.0,50,1267.003623,0.0
-32.0,50,1267.5602,1.0
-30.0,50,1268.102422,0.0
-50.0,50,1268.649429,0.0
-17.0,50,1269.194158,1.0
-50.0,50,1269.756037,0.0
-27.0,50,1270.306496,0.0
-50.0,50,1270.850085,0.0
-15.0,50,1271.394003,1.0
-50.0,50,1271.950334,0.0
-50.0,50,1272.496113,0.0
-44.0,50,1273.043552,0.0
-50.0,50,1273.589349,0.0
-50.0,50,1274.147328,0.0
-50.0,50,1274.697431,0.0
-50.0,50,1275.247547,0.0
-44.0,50,1275.795494,0.0
-48.0,50,1276.356133,0.0
-50.0,50,1276.906995,0.0
-7.0,50,1277.46089,1.0
-7.0,50,1278.02856,1.0
-1.0,50,1278.61232,1.0
-50.0,50,1279.166562,0.0
-50.0,50,1279.720771,0.0
-36.0,50,1280.284181,0.0
-50.0,50,1280.851269,0.0
-50.0,50,1281.411459,0.0
-50.0,50,1281.970697,0.0
-46.0,50,1282.532391,0.0
-50.0,50,1283.098229,0.0
-50.0,50,1283.655677,0.0
-50.0,50,1284.210984,0.0
-50.0,50,1284.76639,0.0
-50.0,50,1285.334905,0.0
-50.0,50,1285.893754,0.0
-50.0,50,1286.456443,0.0
-50.0,50,1287.013735,0.0
-50.0,50,1287.581738,0.0
-50.0,50,1288.130285,0.0
-15.0,50,1288.685165,0.0
-50.0,50,1289.236563,0.0
-50.0,50,1289.800806,0.0
-42.0,50,1290.359817,0.0
-45.0,50,1290.92029,0.0
-50.0,50,1291.475118,0.0
-50.0,50,1292.051115,0.0
-50.0,50,1292.601943,0.0
-50.0,50,1293.164498,0.0
-48.0,50,1293.716927,0.0
-50.0,50,1294.280269,0.0
-50.0,50,1294.835794,0.0
-10.0,50,1295.39368,1.0
-50.0,50,1295.948439,0.0
-50.0,50,1296.506149,0.0
-50.0,50,1297.050698,0.0
-50.0,50,1297.597497,0.0
-50.0,50,1298.143174,0.0
-50.0,50,1298.690553,0.0
-48.0,50,1299.236245,0.0
-42.0,50,1299.779929,0.0
-50.0,50,1300.328842,0.0
-50.0,50,1300.885134,0.0
-50.0,50,1301.437061,0.0
-7.0,50,1301.986555,1.0
-50.0,50,1302.539978,0.0
-50.0,50,1303.10308,0.0
-50.0,50,1303.659941,0.0
-43.0,50,1304.212568,0.0
-50.0,50,1304.771513,0.0
-37.0,50,1305.33297,0.0
-31.0,50,1305.888182,0.0
-50.0,50,1306.439907,0.0
-33.0,50,1306.991482,1.0
-50.0,50,1307.554368,0.0
-50.0,50,1308.109416,0.0
-50.0,50,1308.6661,0.0
-50.0,50,1309.223518,0.0
-50.0,50,1309.788842,0.0
-13.0,50,1310.351809,1.0
-50.0,50,1310.899738,0.0
-50.0,50,1311.45029,0.0
-50.0,50,1312.012587,0.0
-49.0,50,1312.566689,0.0
0.0,50,1313.123715,1.0
-50.0,50,1313.687916,0.0
-50.0,50,1314.250637,0.0
-50.0,50,1314.810162,0.0
-50.0,50,1315.364262,0.0
-50.0,50,1315.915202,0.0
-43.0,50,1316.480973,0.0
-50.0,50,1317.037642,0.0
-50.0,50,1317.58925,0.0
-50.0,50,1318.144976,0.0
-50.0,50,1318.708579,0.0
-50.0,50,1319.264106,0.0
-50.0,50,1319.820087,0.0
-50.0,50,1320.371796,0.0
-50.0,50,1320.933618,0.0
-50.0,50,1321.487106,0.0
-48.0,50,1322.039719,0.0
-50.0,50,1322.597094,0.0
-50.0,50,1323.155913,0.0
-46.0,50,1323.717259,0.0
-46.0,50,1324.271755,0.0
-50.0,50,1324.82611,0.0
-50.0,50,1325.387055,0.0
-50.0,50,1325.945172,0.0
-50.0,50,1326.496965,0.0
-50.0,50,1327.052535,0.0
-50.0,50,1327.610333,0.0
-38.0,50,1328.171943,1.0
-50.0,50,1328.726897,0.0
-50.0,50,1329.277389,0.0
-20.0,50,1329.848094,1.0
-50.0,50,1330.402691,0.0
-50.0,50,1330.956949,0.0
-50.0,50,1331.50983,0.0
-50.0,50,1332.073195,0.0
-11.0,50,1332.627149,1.0
-50.0,50,1333.185017,0.0
-49.0,50,1333.739311,0.0
-29.0,50,1334.304422,1.0
-50.0,50,1334.860061,0.0
-50.0,50,1335.407604,0.0
-50.0,50,1335.954334,0.0
-50.0,50,1336.505129,0.0
-50.0,50,1337.055411,0.0
-50.0,50,1337.605634,0.0
-50.0,50,1338.159493,0.0
-50.0,50,1338.720209,0.0
-50.0,50,1339.275883,0.0
-50.0,50,1339.831175,0.0
-50.0,50,1340.386575,0.0
-50.0,50,1340.951141,0.0
-50.0,50,1341.505107,0.0
-50.0,50,1342.063853,0.0
-50.0,50,1342.618059,0.0
-22.0,50,1343.188678,1.0
-50.0,50,1343.747085,0.0
-50.0,50,1344.302134,0.0
-50.0,50,1344.8573,0.0
-45.0,50,1345.427548,0.0
-50.0,50,1345.979733,0.0
-50.0,50,1346.534252,0.0
-50.0,50,1347.086617,0.0
-50.0,50,1347.649966,0.0
-50.0,50,1348.203912,0.0
-50.0,50,1348.757916,0.0
-50.0,50,1349.313,0.0
-50.0,50,1349.872987,0.0
-50.0,50,1350.426453,0.0
-50.0,50,1350.98459,0.0
-50.0,50,1351.536368,0.0
-50.0,50,1352.095738,0.0
-50.0,50,1352.644423,0.0
-50.0,50,1353.195051,0.0
-26.0,50,1353.745739,0.0
-50.0,50,1356.677712,0.0
-49.0,50,1357.23193,0.0
-50.0,50,1357.783546,0.0
-46.0,50,1358.339786,0.0
-41.0,50,1358.898543,1.0
-43.0,50,1359.455996,0.0
-50.0,50,1360.014943,0.0
-50.0,50,1360.568287,0.0
-50.0,50,1361.13312,0.0
-50.0,50,1361.683938,0.0
-50.0,50,1362.24532,0.0
-18.0,50,1362.800314,0.0
-49.0,50,1363.359809,0.0
-50.0,50,1363.915008,0.0
-40.0,50,1364.475114,0.0
-50.0,50,1365.028743,0.0
-50.0,50,1365.600692,0.0
-16.0,50,1366.159084,1.0
-50.0,50,1366.705155,0.0
-48.0,50,1367.261374,0.0
-50.0,50,1367.824388,0.0
-50.0,50,1368.37434,0.0
-38.0,50,1368.92676,1.0
-50.0,50,1369.48556,0.0
-50.0,50,1370.049626,0.0
-50.0,50,1370.610419,0.0
-50.0,50,1371.170947,0.0
-50.0,50,1371.717611,0.0
-50.0,50,1372.275321,0.0
-50.0,50,1372.827203,0.0
-50.0,50,1373.392841,0.0
-50.0,50,1373.950268,0.0
-50.0,50,1374.510304,0.0
-11.0,50,1375.059991,1.0
-50.0,50,1375.616958,0.0
-43.0,50,1376.172768,0.0
0.0,50,1376.731582,1.0
-50.0,50,1377.28577,0.0
-50.0,50,1377.836453,0.0
0.0,50,1378.3886,1.0
-50.0,50,1378.947865,0.0
-50.0,50,1379.503253,0.0
-48.0,50,1380.063294,0.0
-17.0,50,1380.623973,1.0
-49.0,50,1381.190843,0.0
-50.0,50,1381.739608,0.0
-50.0,50,1382.300475,0.0
-50.0,50,1382.857346,0.0
-50.0,50,1383.421448,0.0
-50.0,50,1383.970877,0.0
-50.0,50,1384.522525,0.0
-48.0,50,1385.071098,0.0
-50.0,50,1385.633046,0.0
-50.0,50,1386.185247,0.0
-48.0,50,1386.736177,0.0
-46.0,50,1387.285694,0.0
-50.0,50,1387.84497,0.0
-50.0,50,1388.396194,0.0
-50.0,50,1388.947312,0.0
-50.0,50,1389.497214,0.0
-50.0,50,1390.053837,0.0
-50.0,50,1390.597098,0.0
-50.0,50,1391.145398,0.0
-50.0,50,1391.700276,0.0
0.0,50,1392.259656,1.0
-50.0,50,1392.809132,0.0
-50.0,50,1393.361724,0.0
-50.0,50,1393.912825,0.0
-33.0,50,1394.472545,0.0
-17.0,50,1395.020305,1.0
-50.0,50,1395.563847,0.0
-50.0,50,1396.116456,0.0
-50.0,50,1396.672789,0.0
-49.0,50,1397.224515,0.0
-50.0,50,1397.776123,0.0
-50.0,50,1398.320279,0.0
-50.0,50,1398.877963,0.0
-50.0,50,1399.423414,0.0
-50.0,50,1399.982924,0.0
-48.0,50,1400.53922,0.0
-47.0,50,1401.107281,0.0
0.0,50,1401.659089,1.0
-4.0,50,1402.215232,1.0
-50.0,50,1402.776443,0.0
-50.0,50,1403.348825,0.0
-50.0,50,1403.90655,0.0
-10.0,50,1404.467696,1.0
-50.0,50,1405.019814,0.0
-50.0,50,1405.588866,0.0
-50.0,50,1406.144845,0.0
-50.0,50,1406.700566,0.0
-44.0,50,1407.261971,0.0
-50.0,50,1407.832539,0.0
-50.0,50,1408.382444,0.0
-50.0,50,1408.938764,0.0
0.0,50,1409.490841,1.0
-50.0,50,1410.054837,0.0
-50.0,50,1410.607629,0.0
-50.0,50,1411.159009,0.0
-50.0,50,1411.716222,0.0
-26.0,50,1412.285394,0.0
-50.0,50,1412.835861,0.0
-50.0,50,1413.383544,0.0
-50.0,50,1413.933588,0.0
-50.0,50,1414.493527,0.0
-45.0,50,1415.049135,0.0
-50.0,50,1415.604683,0.0
-34.0,50,1416.165541,0.0
-21.0,50,1416.72743,1.0
-32.0,50,1417.284546,0.0
-50.0,50,1417.848018,0.0
-50.0,50,1418.404329,0.0
-44.0,50,1418.970482,0.0
-50.0,50,1419.519584,0.0
-50.0,50,1420.075575,0.0
-47.0,50,1420.632674,0.0
-50.0,50,1421.199267,0.0
-50.0,50,1421.754515,0.0
-50.0,50,1422.305592,0.0
-13.0,50,1422.858218,1.0
-50.0,50,1423.42677,0.0
-50.0,50,1423.982632,0.0
-50.0,50,1424.532509,0.0
-50.0,50,1425.09088,0.0
-50.0,50,1425.65888,0.0
-50.0,50,1426.213463,0.0
-12.0,50,1426.76364,1.0
-50.0,50,1427.325999,0.0
-50.0,50,1427.89392,0.0
-38.0,50,1428.453022,1.0
-50.0,50,1429.005439,0.0
-4.0,50,1429.564579,1.0
-39.0,50,1430.132526,0.0
-50.0,50,1430.684997,0.0
-50.0,50,1431.238591,0.0
-10.0,50,1431.793478,1.0
-50.0,50,1432.354372,0.0
-8.0,50,1432.90948,1.0
-48.0,50,1433.469737,0.0
-50.0,50,1434.034294,0.0
-50.0,50,1434.593905,0.0
-50.0,50,1435.149168,0.0
-50.0,50,1435.703089,0.0
-4.0,50,1436.253735,1.0
0.0,50,1436.816315,1.0
-50.0,50,1437.375515,0.0
-50.0,50,1437.927188,0.0
-50.0,50,1438.479429,0.0
-50.0,50,1439.045174,0.0
-50.0,50,1439.600478,0.0
-50.0,50,1440.153887,0.0
-50.0,50,1440.702727,0.0
-50.0,50,1441.266404,0.0
-50.0,50,1441.821818,0.0
-50.0,50,1442.37285,0.0
-50.0,50,1442.932131,0.0
-9.0,50,1443.495481,1.0
-50.0,50,1444.0484,0.0
-50.0,50,1444.598443,0.0
-50.0,50,1445.154753,0.0
-50.0,50,1445.726017,0.0
-50.0,50,1446.27533,0.0
-50.0,50,1446.831486,0.0
-50.0,50,1447.386732,0.0
-11.0,50,1447.945508,1.0
-50.0,50,1448.50849,0.0
-50.0,50,1449.062405,0.0
-50.0,50,1449.614323,0.0
-50.0,50,1450.180022,0.0
-50.0,50,1450.739338,0.0
-44.0,50,1451.292219,1.0
0.0,50,1451.847359,1.0
-50.0,50,1452.412417,0.0
-50.0,50,1452.961901,0.0
-23.0,50,1453.516731,0.0
-50.0,50,1454.068988,0.0
-50.0,50,1454.631565,0.0
-50.0,50,1455.192792,0.0
-50.0,50,1455.755597,0.0
-9.0,50,1456.310135,1.0
-50.0,50,1456.873844,0.0
-28.0,50,1457.427743,1.0
-50.0,50,1457.9776,0.0
-50.0,50,1458.526671,0.0
-50.0,50,1459.085117,0.0
-47.0,50,1459.644445,1.0
-50.0,50,1460.200475,0.0
-8.0,50,1460.757475,0.0
-50.0,50,1461.325958,0.0
-50.0,50,1461.887026,0.0
-50.0,50,1462.44637,0.0
-50.0,50,1463.008072,0.0
-50.0,50,1463.586812,0.0
-11.0,50,1464.150815,0.0
-50.0,50,1464.706594,0.0
-15.0,50,1465.262156,1.0
-50.0,50,1465.841112,0.0
-50.0,50,1466.397074,0.0
-50.0,50,1466.950497,0.0
0.0,50,1467.500657,1.0
-50.0,50,1470.373228,0.0
-10.0,50,1470.916795,1.0
-50.0,50,1471.469045,0.0
-45.0,50,1472.017182,0.0
-50.0,50,1472.582093,0.0
-50.0,50,1473.128879,0.0
-50.0,50,1473.680142,0.0
-50.0,50,1474.229949,0.0
-50.0,50,1474.780202,0.0
-50.0,50,1475.331052,0.0
-50.0,50,1475.879411,0.0
-50.0,50,1476.43234,0.0
-50.0,50,1476.99143,0.0
-50.0,50,1477.540897,0.0
-50.0,50,1478.090134,0.0
-50.0,50,1478.648654,0.0
-36.0,50,1479.210291,1.0
-50.0,50,1479.762611,0.0
-50.0,50,1480.307991,0.0
-50.0,50,1480.854403,0.0
-50.0,50,1481.409374,0.0
-46.0,50,1481.960497,0.0
-16.0,50,1482.504865,1.0
-50.0,50,1483.052428,0.0
-18.0,50,1483.610299,0.0
-50.0,50,1484.156994,0.0
-49.0,50,1484.703152,0.0
-50.0,50,1485.253023,0.0
-50.0,50,1485.81006,0.0
-50.0,50,1486.356171,0.0
-50.0,50,1486.903108,0.0
-50.0,50,1487.450189,0.0
-13.0,50,1488.012652,1.0
-50.0,50,1488.556255,0.0
-50.0,50,1489.107581,0.0
-50.0,50,1489.655629,0.0
-50.0,50,1490.216853,0.0
-50.0,50,1490.767679,0.0
-50.0,50,1491.321652,0.0
-50.0,50,1491.87907,0.0
-50.0,50,1492.44017,0.0
-50.0,50,1492.996211,0.0
-48.0,50,1493.552797,0.0
-50.0,50,1494.10771,0.0
-50.0,50,1494.666265,0.0
-12.0,50,1495.21763,1.0
-32.0,50,1495.770552,1.0
-49.0,50,1496.321875,1.0
-50.0,50,1496.879103,0.0
-50.0,50,1497.430753,0.0
0.0,50,1497.985661,1.0
-27.0,50,1498.54458,0.0
0.0,50,1499.10897,1.0
-50.0,50,1499.665782,0.0
-50.0,50,1500.217656,0.0
-15.0,50,1500.775275,1.0
-9.0,50,1501.346406,1.0
-50.0,50,1501.903463,0.0
-50.0,50,1502.464896,0.0
-50.0,50,1503.02026,0.0
-50.0,50,1503.602531,0.0
-50.0,50,1504.166131,0.0
-50.0,50,1504.716661,0.0
-50.0,50,1505.272502,0.0
-20.0,50,1505.840549,1.0
-50.0,50,1506.401078,0.0
-50.0,50,1506.962272,0.0
-50.0,50,1507.516638,0.0
-50.0,50,1508.07461,0.0
-50.0,50,1508.629831,0.0
-50.0,50,1509.187348,0.0
-50.0,50,1509.742625,0.0
-50.0,50,1510.309621,0.0
-50.0,50,1510.862011,0.0
-50.0,50,1511.41303,0.0
-50.0,50,1511.964747,0.0
-50.0,50,1512.530364,0.0
-50.0,50,1513.086483,0.0
-50.0,50,1513.6482,0.0
-50.0,50,1514.206602,0.0
-50.0,50,1514.778453,0.0
-49.0,50,1515.329293,0.0
-47.0,50,1515.88241,0.0
-48.0,50,1516.442825,0.0
-50.0,50,1517.01111,0.0
-50.0,50,1517.565675,0.0
-50.0,50,1518.119539,0.0
-9.0,50,1518.674243,1.0
-50.0,50,1519.241329,0.0
-50.0,50,1519.799719,0.0
-50.0,50,1520.356123,0.0
-9.0,50,1520.913978,0.0
-9.0,50,1521.488459,1.0
-50.0,50,1522.042711,0.0
-50.0,50,1522.599891,0.0
-50.0,50,1523.160042,0.0
-50.0,50,1523.734785,0.0
-2.0,50,1524.298612,1.0
0.0,50,1524.859921,1.0
-50.0,50,1525.410588,0.0
-50.0,50,1525.985048,0.0
-50.0,50,1526.544493,0.0
-50.0,50,1527.097239,0.0
-50.0,50,1527.649796,0.0
-50.0,50,1528.20537,0.0
-50.0,50,1528.75457,0.0
-50.0,50,1529.304554,0.0
-45.0,50,1529.85676,0.0
-50.0,50,1530.422029,0.0
-50.0,50,1530.965128,0.0
-50.0,50,1531.517339,0.0
-50.0,50,1532.065441,0.0
-50.0,50,1532.625005,0.0
-13.0,50,1533.173416,1.0
-50.0,50,1533.728218,0.0
-50.0,50,1534.27919,0.0
-50.0,50,1534.837529,0.0
-50.0,50,1535.391326,0.0
-50.0,50,1535.941664,0.0
-50.0,50,1536.491538,0.0
-50.0,50,1537.052804,0.0
-50.0,50,1537.598437,0.0
-50.0,50,1538.148428,0.0
0.0,50,1538.701121,1.0
-48.0,50,1539.264058,0.0
-50.0,50,1539.812742,0.0
-50.0,50,1540.362932,0.0
-15.0,50,1540.915941,1.0
-50.0,50,1541.477716,0.0
-50.0,50,1542.027623,0.0
-50.0,50,1542.577801,0.0
-50.0,50,1543.131799,0.0
-50.0,50,1543.693483,0.0
-50.0,50,1544.240578,0.0
-50.0,50,1544.788853,0.0
-50.0,50,1545.342873,0.0
-50.0,50,1545.90518,0.0
-50.0,50,1546.455805,0.0
0.0,50,1547.004972,1.0
-50.0,50,1547.55361,0.0
-50.0,50,1548.111186,0.0
-50.0,50,1548.655469,0.0
-30.0,50,1549.204088,1.0
-50.0,50,1549.759822,0.0
-50.0,50,1550.321109,0.0
-50.0,50,1550.872349,0.0
-49.0,50,1551.43118,0.0
-48.0,50,1551.988118,0.0
-50.0,50,1552.54762,0.0
-50.0,50,1553.099701,0.0
-50.0,50,1553.654788,0.0
-50.0,50,1554.206297,0.0
-48.0,50,1554.764701,0.0
-48.0,50,1555.315882,0.0
-50.0,50,1555.864038,0.0
-50.0,50,1556.415152,0.0
-50.0,50,1556.974743,0.0
-50.0,50,1557.526268,0.0
-20.0,50,1558.084674,1.0
-50.0,50,1558.639048,0.0
-50.0,50,1559.20133,0.0
-50.0,50,1559.753999,0.0
-50.0,50,1560.297969,0.0
-22.0,50,1560.847104,1.0
-10.0,50,1561.402554,0.0
-50.0,50,1561.946892,0.0
-17.0,50,1562.503284,1.0
-50.0,50,1563.055725,0.0
-6.0,50,1563.628508,1.0
-7.0,50,1564.181382,1.0
-50.0,50,1564.733885,0.0
-46.0,50,1565.294517,0.0
-50.0,50,1565.854534,0.0
-29.0,50,1566.410261,0.0
-50.0,50,1566.967421,0.0
-50.0,50,1567.517842,0.0
-50.0,50,1568.077366,0.0
-50.0,50,1568.628447,0.0
-50.0,50,1569.180118,0.0
-50.0,50,1569.727505,0.0
-48.0,50,1570.285362,0.0
-50.0,50,1570.830842,0.0
-50.0,50,1571.369256,0.0
-50.0,50,1571.908921,0.0
-50.0,50,1572.466376,0.0
-50.0,50,1573.016036,0.0
-50.0,50,1573.56982,0.0
-40.0,50,1574.114614,0.0
-13.0,50,1574.675215,1.0
-50.0,50,1575.226239,0.0
-50.0,50,1575.776616,0.0
-42.0,50,1576.324115,0.0
-50.0,50,1576.880996,0.0
-50.0,50,1577.430699,0.0
-50.0,50,1577.98115,0.0
-48.0,50,1578.530255,0.0
-50.0,50,1579.078899,0.0
-24.0,50,1579.627119,1.0
-50.0,50,1580.176202,0.0
-12.0,50,1580.725059,1.0
-50.0,50,1583.646286,0.0
-50.0,50,1584.188741,0.0
-50.0,50,1584.7322,0.0
-50.0,50,1585.284169,0.0
-50.0,50,1585.856229,0.0
-50.0,50,1586.404146,0.0
-50.0,50,1586.973488,0.0
-20.0,50,1587.528621,1.0
-9.0,50,1588.097138,1.0
-50.0,50,1588.654768,0.0
-50.0,50,1589.209877,0.0
-7.0,50,1589.766867,1.0
-50.0,50,1590.326669,0.0
-50.0,50,1590.881514,0.0
-46.0,50,1591.434124,0.0
-50.0,50,1591.987707,0.0
-10.0,50,1592.5554,1.0
-50.0,50,1593.102801,0.0
-42.0,50,1593.656251,0.0
-50.0,50,1594.204037,0.0
-50.0,50,1594.769222,0.0
-50.0,50,1595.322587,0.0
-45.0,50,1595.875632,0.0
-50.0,50,1596.426686,0.0
-50.0,50,1596.985016,0.0
-50.0,50,1597.538358,0.0
-24.0,50,1598.094074,0.0
-50.0,50,1598.642547,0.0
-50.0,50,1599.207278,0.0
-47.0,50,1599.764643,0.0
-50.0,50,1600.319565,0.0
-50.0,50,1600.874409,0.0
-50.0,50,1601.438624,0.0
-29.0,50,1601.990713,1.0
-50.0,50,1602.541084,0.0
0.0,50,1603.095786,1.0
-50.0,50,1603.761174,0.0
-50.0,50,1604.311289,0.0
-50.0,50,1604.860128,0.0
-50.0,50,1605.411511,0.0
-14.0,50,1605.979932,1.0
-50.0,50,1606.539584,0.0
0.0,50,1607.09137,1.0
-15.0,50,1607.644785,1.0
-10.0,50,1608.219263,1.0
0.0,50,1608.771478,1.0
-50.0,50,1609.325161,0.0
-50.0,50,1609.878627,0.0
-50.0,50,1610.450292,0.0
-50.0,50,1611.007079,0.0
-19.0,50,1611.566636,1.0
-50.0,50,1612.121409,0.0
-47.0,50,1612.694133,0.0
0.0,50,1613.273732,1.0
-43.0,50,1613.826213,1.0
-50.0,50,1614.382531,0.0
-20.0,50,1614.950553,1.0
-50.0,50,1615.501398,0.0
-48.0,50,1616.055602,0.0
-50.0,50,1616.603446,0.0
-46.0,50,1617.166708,0.0
-48.0,50,1617.721439,0.0
-50.0,50,1618.27762,0.0
0.0,50,1618.827059,1.0
-50.0,50,1619.386704,0.0
-50.0,50,1619.934795,0.0
-50.0,50,1620.483231,0.0
-50.0,50,1621.044587,0.0
-49.0,50,1621.606318,0.0
-50.0,50,1622.157756,0.0
-50.0,50,1622.708417,0.0
-41.0,50,1623.258538,1.0
-50.0,50,1623.815866,0.0
-50.0,50,1624.367522,0.0
-10.0,50,1624.918615,1.0
-12.0,50,1625.469883,1.0
-50.0,50,1626.03537,0.0
-50.0,50,1626.59178,0.0
-50.0,50,1627.141382,0.0
-50.0,50,1627.693886,0.0
-50.0,50,1628.256878,0.0
-50.0,50,1628.80747,0.0
-14.0,50,1629.359694,1.0
-17.0,50,1629.910649,1.0
-50.0,50,1630.47121,0.0
-50.0,50,1631.021986,0.0
-50.0,50,1631.573643,0.0
-44.0,50,1632.125198,0.0
-50.0,50,1632.685431,0.0
-50.0,50,1633.235657,0.0
-10.0,50,1633.78599,1.0
-27.0,50,1634.341083,1.0
-15.0,50,1634.900744,1.0
-48.0,50,1635.453002,0.0
-50.0,50,1636.002579,0.0
-50.0,50,1636.552291,0.0
-50.0,50,1637.113419,0.0
-50.0,50,1637.663502,0.0
-50.0,50,1638.212408,0.0
0.0,50,1638.765575,1.0
-14.0,50,1639.328656,1.0
-50.0,50,1639.886748,0.0
-50.0,50,1640.443327,0.0
-8.0,50,1641.002464,1.0
-50.0,50,1641.564309,0.0
-12.0,50,1642.122072,1.0
-50.0,50,1642.680866,0.0
-50.0,50,1643.247828,0.0
-48.0,50,1643.819742,0.0
-50.0,50,1644.372294,0.0
-50.0,50,1644.930101,0.0
-50.0,50,1645.488551,0.0
-50.0,50,1646.059912,0.0
-50.0,50,1646.623977,0.0
-15.0,50,1647.180114,1.0
0.0,50,1647.733594,1.0
-50.0,50,1648.293672,0.0
-50.0,50,1648.843755,0.0
-50.0,50,1649.393479,0.0
0.0,50,1649.949029,1.0
-50.0,50,1650.504672,0.0
-50.0,50,1651.052138,0.0
-50.0,50,1651.602033,0.0
-50.0,50,1652.143253,0.0
-50.0,50,1652.702514,0.0
0.0,50,1653.249708,1.0
-50.0,50,1653.8013,0.0
-50.0,50,1654.342719,0.0
-47.0,50,1654.900893,0.0
-48.0,50,1655.448072,0.0
-50.0,50,1655.996458,0.0
-50.0,50,1656.540371,0.0
-11.0,50,1657.094518,1.0
-50.0,50,1657.646308,0.0
-13.0,50,1658.196305,1.0
-50.0,50,1658.746579,0.0
-50.0,50,1659.304883,0.0
-50.0,50,1659.855459,0.0
-50.0,50,1660.406269,0.0
-50.0,50,1660.953933,0.0
-9.0,50,1661.50784,1.0
-50.0,50,1662.056674,0.0
-50.0,50,1662.605696,0.0
-50.0,50,1663.152451,0.0
-50.0,50,1663.713938,0.0
-50.0,50,1664.263031,0.0
-50.0,50,1664.808782,0.0
-50.0,50,1665.35533,0.0
-23.0,50,1665.914901,1.0
-50.0,50,1666.45688,0.0
-50.0,50,1667.005913,0.0
-50.0,50,1667.549621,0.0
-13.0,50,1668.109018,1.0
-50.0,50,1668.650509,0.0
0.0,50,1669.203611,1.0
-50.0,50,1669.744813,0.0
-50.0,50,1670.304096,0.0
-50.0,50,1670.855019,0.0
-50.0,50,1671.407102,0.0
-50.0,50,1671.958884,0.0
-37.0,50,1672.515057,1.0
-50.0,50,1673.057204,0.0
-50.0,50,1673.605515,0.0
-50.0,50,1674.149933,0.0
-50.0,50,1674.703547,0.0
-50.0,50,1675.254326,0.0
-50.0,50,1675.802908,0.0
-50.0,50,1676.351626,0.0
-50.0,50,1676.908043,0.0
-13.0,50,1677.455153,1.0
-12.0,50,1678.001243,1.0
-10.0,50,1678.549557,1.0
-50.0,50,1679.110064,0.0
-48.0,50,1679.654986,0.0
-47.0,50,1680.205033,0.0
-11.0,50,1680.761241,1.0
-50.0,50,1681.313179,0.0
-50.0,50,1681.859644,0.0
0.0,50,1682.405485,1.0
-50.0,50,1682.954611,0.0
-50.0,50,1683.521412,0.0
-50.0,50,1684.066369,0.0
0.0,50,1684.618998,1.0
-50.0,50,1685.173611,0.0
-50.0,50,1685.732109,0.0
-50.0,50,1686.281706,0.0
0.0,50,1686.829678,1.0
-50.0,50,1687.377908,0.0
-9.0,50,1687.939602,1.0
-50.0,50,1688.487556,0.0
-50.0,50,1689.034081,0.0
-50.0,50,1689.582083,0.0
-14.0,50,1690.13731,1.0
-50.0,50,1690.687661,0.0
-50.0,50,1691.228771,0.0
-47.0,50,1691.772028,0.0
-11.0,50,1692.332859,1.0
-50.0,50,1692.886631,0.0
-48.0,50,1693.433201,0.0
-50.0,50,1693.983158,0.0
0.0,50,1696.886632,1.0
-50.0,50,1697.42746,0.0
-50.0,50,1697.974204,0.0
-21.0,50,1698.521274,1.0
-50.0,50,1699.079607,0.0
-19.0,50,1699.62527,1.0
-50.0,50,1700.174372,0.0
-15.0,50,1700.72141,1.0
-50.0,50,1701.276221,0.0
-10.0,50,1701.825373,1.0
-50.0,50,1702.364987,0.0
-50.0,50,1702.915945,0.0
-50.0,50,1703.482314,0.0
-50.0,50,1704.046654,0.0
-48.0,50,1704.588423,0.0
-47.0,50,1705.135122,0.0
-50.0,50,1705.68832,0.0
-50.0,50,1706.238667,0.0
-8.0,50,1706.789609,1.0
-15.0,50,1707.335138,1.0
-50.0,50,1707.891181,0.0
-50.0,50,1708.435486,0.0
-50.0,50,1708.9856,0.0
-50.0,50,1709.535262,0.0
-50.0,50,1710.089993,0.0
-47.0,50,1710.63393,0.0
-50.0,50,1711.175259,0.0
0.0,50,1711.727839,1.0
-50.0,50,1712.278448,0.0
-19.0,50,1712.832819,1.0
-4.0,50,1713.381422,1.0
-50.0,50,1713.931753,0.0
-50.0,50,1714.492585,0.0
-11.0,50,1715.043456,1.0
-50.0,50,1715.594648,0.0
-50.0,50,1716.145432,0.0
-24.0,50,1716.708254,1.0
-50.0,50,1717.254171,0.0
-10.0,50,1717.799371,1.0
-50.0,50,1718.348427,0.0
-50.0,50,1718.911209,0.0
-50.0,50,1719.462404,0.0
-50.0,50,1720.010124,0.0
-50.0,50,1720.558137,0.0
-50.0,50,1721.112215,0.0
-50.0,50,1721.653682,0.0
-50.0,50,1722.20414,0.0
-44.0,50,1722.745733,0.0
-50.0,50,1723.307396,0.0
-50.0,50,1723.857306,0.0
-50.0,50,1724.408069,0.0
-50.0,50,1724.951789,0.0
-50.0,50,1725.510335,0.0
-8.0,50,1726.061681,1.0
-6.0,50,1726.60713,1.0
-47.0,50,1727.153261,0.0
-50.0,50,1727.718268,0.0
-50.0,50,1728.269712,0.0
-50.0,50,1728.820407,0.0
0.0,50,1729.366333,1.0
-13.0,50,1729.921976,1.0
0.0,50,1730.471829,1.0
-50.0,50,1731.019533,0.0
0.0,50,1731.570086,1.0
-50.0,50,1732.130196,0.0
-50.0,50,1732.682597,0.0
-48.0,50,1733.237832,0.0
-50.0,50,1733.787464,0.0
-50.0,50,1734.349059,0.0
-50.0,50,1734.893957,0.0
-13.0,50,1735.444466,1.0
-50.0,50,1735.993933,0.0
-50.0,50,1736.548309,0.0
-14.0,50,1737.099783,1.0
-50.0,50,1737.647591,0.0
-20.0,50,1738.194879,1.0
-50.0,50,1738.754481,0.0
-50.0,50,1739.303641,0.0
0.0,50,1739.8548,1.0
-50.0,50,1740.405625,0.0
-8.0,50,1740.967077,1.0
-50.0,50,1741.517895,0.0
-50.0,50,1742.066706,0.0
-50.0,50,1742.621776,0.0
-50.0,50,1743.180754,0.0
-7.0,50,1743.731643,1.0
0.0,50,1744.277356,1.0
-36.0,50,1744.826486,1.0
-7.0,50,1745.387753,1.0
-50.0,50,1745.938617,0.0
-10.0,50,1746.488551,1.0
-50.0,50,1747.03531,0.0
-3.0,50,1747.594435,1.0
-50.0,50,1748.145571,0.0
-50.0,50,1748.694559,0.0
-33.0,50,1749.246036,1.0
-50.0,50,1749.808582,0.0
-50.0,50,1750.360881,0.0
-50.0,50,1750.909546,0.0
-22.0,50,1751.461574,1.0
-50.0,50,1752.030645,0.0
-9.0,50,1752.594208,1.0
-50.0,50,1753.153174,0.0
-50.0,50,1753.716422,0.0
-50.0,50,1754.286863,0.0
-50.0,50,1754.843695,0.0
-50.0,50,1755.408264,0.0
-50.0,50,1755.96947,0.0
-50.0,50,1756.540809,0.0
-50.0,50,1757.093701,0.0
-50.0,50,1757.648372,0.0
-46.0,50,1758.201915,1.0
-50.0,50,1758.773867,0.0
-50.0,50,1759.3328,0.0
-50.0,50,1759.894152,0.0
-50.0,50,1760.44767,0.0
-50.0,50,1761.011964,0.0
-50.0,50,1761.560552,0.0
0.0,50,1762.112216,1.0
-50.0,50,1762.652754,0.0
-50.0,50,1763.217619,0.0
-39.0,50,1763.766979,0.0
-49.0,50,1764.313984,0.0
-12.0,50,1764.861823,1.0
-50.0,50,1765.418948,0.0
-50.0,50,1765.966888,0.0
-50.0,50,1766.516782,0.0
-12.0,50,1767.066025,1.0
-47.0,50,1767.6269,1.0
-50.0,50,1768.171129,0.0
-43.0,50,1768.711461,0.0
-50.0,50,1769.252861,0.0
-16.0,50,1769.800369,1.0
-50.0,50,1770.351677,0.0
0.0,50,1770.902581,1.0
0.0,50,1771.452484,1.0
-50.0,50,1772.014773,0.0
-29.0,50,1772.563591,1.0
-50.0,50,1773.113783,0.0
-13.0,50,1773.66522,1.0
-42.0,50,1774.226816,1.0
-12.0,50,1774.780515,1.0
-50.0,50,1775.334376,0.0
-50.0,50,1775.886441,0.0
-7.0,50,1776.443857,1.0
-50.0,50,1776.990961,0.0
-50.0,50,1777.540781,0.0
-15.0,50,1778.093182,1.0
-11.0,50,1778.655011,1.0
-10.0,50,1779.208757,1.0
-2.0,50,1779.758941,1.0
-37.0,50,1780.31098,0.0
-32.0,50,1780.869216,1.0
-50.0,50,1781.42092,0.0
-50.0,50,1781.969606,0.0
-19.0,50,1782.525213,1.0
-29.0,50,1783.088487,1.0
-50.0,50,1783.63885,0.0
-50.0,50,1784.187375,0.0
-8.0,50,1784.737519,1.0
0.0,50,1785.295978,1.0
-50.0,50,1785.838841,0.0
-48.0,50,1786.3826,0.0
-16.0,50,1786.928946,1.0
-8.0,50,1787.490925,1.0
-50.0,50,1788.042229,0.0
-29.0,50,1788.59362,1.0
-50.0,50,1789.144996,0.0
-10.0,50,1789.708928,1.0
-50.0,50,1790.258762,0.0
-15.0,50,1790.810002,1.0
-50.0,50,1791.364947,0.0
-24.0,50,1791.932375,1.0
-15.0,50,1792.49327,1.0
-50.0,50,1793.045595,0.0
-10.0,50,1793.616831,1.0
-50.0,50,1794.189408,0.0
-50.0,50,1794.753775,0.0
-50.0,50,1795.309551,0.0
-50.0,50,1795.860714,0.0
0.0,50,1796.434226,1.0
-50.0,50,1796.997782,0.0
-50.0,50,1797.559373,0.0
0.0,50,1798.113723,1.0
-50.0,50,1798.675653,0.0
0.0,50,1799.233761,1.0
-50.0,50,1799.786594,0.0
-50.0,50,1800.344125,0.0
-35.0,50,1800.908489,0.0
-40.0,50,1801.467561,0.0
-17.0,50,1802.022012,1.0
-18.0,50,1802.580447,1.0
-48.0,50,1803.151862,0.0
-50.0,50,1803.712004,0.0
-4.0,50,1804.266041,1.0
-50.0,50,1804.817919,0.0
-50.0,50,1805.384147,0.0
-17.0,50,1805.949932,1.0
-50.0,50,1806.502018,0.0
-50.0,50,1807.069014,0.0
-11.0,50,1810.04551,1.0
-19.0,50,1810.600664,1.0
-10.0,50,1811.159889,1.0
-20.0,50,1811.719626,1.0
-22.0,50,1812.293351,1.0
-50.0,50,1812.851908,0.0
-50.0,50,1813.411709,0.0
-50.0,50,1813.972292,0.0
-50.0,50,1814.544594,0.0
-50.0,50,1815.098189,0.0
-50.0,50,1815.656032,0.0
-48.0,50,1816.210052,0.0
-50.0,50,1816.776242,0.0
-50.0,50,1817.336544,0.0
-50.0,50,1817.89657,0.0
-14.0,50,1818.460484,1.0
0.0,50,1819.033479,1.0
-50.0,50,1819.587359,0.0
-50.0,50,1820.138299,0.0
-50.0,50,1820.68623,0.0
0.0,50,1821.252422,1.0
-50.0,50,1821.804256,0.0
-18.0,50,1822.35453,1.0
-50.0,50,1822.905635,0.0
-49.0,50,1823.470622,1.0
-50.0,50,1824.021249,0.0
-43.0,50,1824.576733,0.0
-49.0,50,1825.130663,0.0
-9.0,50,1825.692274,1.0
-11.0,50,1826.243612,1.0
-33.0,50,1826.79901,0.0
-50.0,50,1827.36195,0.0
-50.0,50,1827.934612,0.0
-50.0,50,1828.4927,0.0
-50.0,50,1829.056717,0.0
-42.0,50,1829.616367,0.0
-26.0,50,1830.184394,1.0
-50.0,50,1830.742721,0.0
-50.0,50,1831.30056,0.0
-19.0,50,1831.858959,1.0
-50.0,50,1832.427085,0.0
-50.0,50,1832.989485,0.0
-11.0,50,1833.54827,1.0
-50.0,50,1834.107529,0.0
-26.0,50,1834.676791,0.0
-50.0,50,1835.232593,0.0
-49.0,50,1835.78641,0.0
-48.0,50,1836.340904,0.0
-9.0,50,1836.912366,1.0
-50.0,50,1837.468539,0.0
0.0,50,1838.030248,1.0
-50.0,50,1838.583255,0.0
-17.0,50,1839.155078,1.0
-50.0,50,1839.709708,0.0
-33.0,50,1840.267689,1.0
0.0,50,1840.823909,1.0
-50.0,50,1841.405523,0.0
-11.0,50,1841.972877,1.0
-42.0,50,1842.534203,1.0
-15.0,50,1843.095986,1.0
0.0,50,1843.668505,1.0
-50.0,50,1844.228831,0.0
-50.0,50,1844.788528,0.0
-50.0,50,1845.344968,0.0
-50.0,50,1845.911987,0.0
-39.0,50,1846.462991,1.0
-13.0,50,1847.017156,1.0
-50.0,50,1847.568949,0.0
-14.0,50,1848.132498,1.0
-50.0,50,1848.682614,0.0
-50.0,50,1849.232441,0.0
-43.0,50,1849.783511,0.0
-14.0,50,1850.351237,1.0
-50.0,50,1850.902525,0.0
-50.0,50,1851.454028,0.0
-7.0,50,1852.009838,1.0
-48.0,50,1852.577004,0.0
-50.0,50,1853.134435,0.0
-50.0,50,1853.68659,0.0
-50.0,50,1854.240857,0.0
-50.0,50,1854.812142,0.0
-50.0,50,1855.36645,0.0
-14.0,50,1855.915599,1.0
-50.0,50,1856.466141,0.0
-50.0,50,1857.027131,0.0
-50.0,50,1857.577736,0.0
-50.0,50,1858.131306,0.0
-2.0,50,1858.682604,1.0
-50.0,50,1859.241372,0.0
-50.0,50,1859.797833,0.0
-23.0,50,1860.348687,1.0
-32.0,50,1860.901535,1.0
-50.0,50,1861.460529,0.0
-10.0,50,1862.012719,1.0
-48.0,50,1862.566438,1.0
-46.0,50,1863.115532,0.0
-50.0,50,1863.678812,0.0
-50.0,50,1864.231597,0.0
0.0,50,1864.779501,1.0
-50.0,50,1865.333178,0.0
-50.0,50,1865.90602,0.0
-50.0,50,1866.463524,0.0
-50.0,50,1867.025358,0.0
-50.0,50,1867.582003,0.0
-50.0,50,1868.152633,0.0
-50.0,50,1868.714411,0.0
-50.0,50,1869.278208,0.0
-50.0,50,1869.838204,0.0
-50.0,50,1870.401309,0.0
-50.0,50,1870.96471,0.0
-16.0,50,1871.528307,1.0
-23.0,50,1872.088361,1.0
-12.0,50,1872.660172,1.0
-11.0,50,1873.223573,1.0
-50.0,50,1873.779959,0.0
-50.0,50,1874.336693,0.0
0.0,50,1874.901318,1.0
-39.0,50,1875.459614,0.0
-16.0,50,1876.021409,1.0
-49.0,50,1876.575283,0.0
-41.0,50,1877.147705,1.0
-19.0,50,1877.706896,1.0
-50.0,50,1878.267822,0.0
-17.0,50,1878.82998,1.0
-50.0,50,1879.395729,0.0
-12.0,50,1879.951723,1.0
-33.0,50,1880.503848,1.0
-19.0,50,1881.054734,1.0
-13.0,50,1881.620438,1.0
-50.0,50,1882.174861,0.0
-49.0,50,1882.728036,0.0
-23.0,50,1883.288994,1.0
-17.0,50,1883.8549,0.0
-41.0,50,1884.406843,0.0
0.0,50,1884.959742,1.0
-12.0,50,1885.511863,1.0
-48.0,50,1886.074359,0.0
-50.0,50,1886.62483,0.0
-50.0,50,1887.18444,0.0
-50.0,50,1887.7404,0.0
-44.0,50,1888.307429,1.0
-50.0,50,1888.868616,0.0
-41.0,50,1889.425087,0.0
-44.0,50,1889.978054,0.0
-48.0,50,1890.543054,0.0
-27.0,50,1891.103812,1.0
-18.0,50,1891.655819,1.0
-13.0,50,1892.215293,1.0
-24.0,50,1892.782647,1.0
-28.0,50,1893.337952,0.0
-28.0,50,1893.89337,0.0
-47.0,50,1894.452744,0.0
-50.0,50,1895.020539,0.0
-50.0,50,1895.570539,0.0
-50.0,50,1896.121944,0.0
-50.0,50,1896.681481,0.0
-50.0,50,1897.241091,0.0
-50.0,50,1897.786656,0.0
-50.0,50,1898.332429,0.0
-50.0,50,1898.876614,0.0
-50.0,50,1899.43158,0.0
-44.0,50,1899.979883,0.0
-50.0,50,1900.52948,0.0
-50.0,50,1901.084615,0.0
-50.0,50,1901.64933,0.0
-50.0,50,1902.197081,0.0
-5.0,50,1902.744244,1.0
-50.0,50,1903.298679,0.0
-12.0,50,1903.858828,1.0
-12.0,50,1904.411529,1.0
-19.0,50,1904.958412,1.0
-50.0,50,1905.507126,0.0
-50.0,50,1906.066111,0.0
-50.0,50,1906.620759,0.0
-50.0,50,1907.167149,0.0
-12.0,50,1907.716227,1.0
-50.0,50,1908.273156,0.0
-50.0,50,1908.82276,0.0
-50.0,50,1909.366887,0.0
-14.0,50,1909.925428,1.0
-50.0,50,1910.494332,0.0
-6.0,50,1911.05212,1.0
-50.0,50,1911.606812,0.0
0.0,50,1912.149289,1.0
-50.0,50,1912.710942,0.0
-50.0,50,1913.265519,0.0
-50.0,50,1913.817421,0.0
-41.0,50,1914.367206,1.0
-50.0,50,1914.927503,0.0
-13.0,50,1915.47462,1.0
-50.0,50,1916.019699,0.0
-50.0,50,1916.56215,0.0
-2.0,50,1917.123179,1.0
-49.0,50,1917.666297,0.0
-50.0,50,1918.211521,0.0
-50.0,50,1918.758352,0.0
-50.0,50,1919.310606,0.0
-20.0,50,1919.852426,1.0
-50.0,50,1920.40151,0.0
-50.0,50,1920.949988,0.0
-50.0,50,1923.920153,0.0
-50.0,50,1924.467226,0.0
-50.0,50,1925.010071,0.0
-11.0,50,1925.560717,1.0
-50.0,50,1926.122035,0.0
-13.0,50,1926.668035,1.0
-50.0,50,1927.217401,0.0
-50.0,50,1927.765072,0.0
-50.0,50,1928.323251,0.0
-11.0,50,1928.878082,1.0
-33.0,50,1929.437965,0.0
-50.0,50,1929.997118,0.0
0.0,50,1930.566881,1.0
-50.0,50,1931.123741,0.0
-33.0,50,1931.675894,1.0
-9.0,50,1932.233276,1.0
-50.0,50,1932.797634,0.0
-50.0,50,1933.357949,0.0
-27.0,50,1933.913805,1.0
-50.0,50,1934.469314,0.0
-31.0,50,1935.036611,1.0
0.0,50,1935.595327,1.0
-8.0,50,1936.153219,1.0
-48.0,50,1936.708082,1.0
-8.0,50,1937.274985,1.0
-50.0,50,1937.826296,0.0
-31.0,50,1938.383379,0.0
-15.0,50,1938.939354,1.0
-50.0,50,1939.504368,0.0
-50.0,50,1940.051565,0.0
0.0,50,1940.602467,1.0
-36.0,50,1941.149168,1.0
-25.0,50,1941.703334,0.0
-23.0,50,1942.251442,0.0
-42.0,50,1942.797677,1.0
-50.0,50,1943.356564,0.0
-50.0,50,1943.911182,0.0
-19.0,50,1944.456163,1.0
-15.0,50,1945.00658,1.0
-50.0,50,1945.556178,0.0
0.0,50,1946.119679,1.0
-23.0,50,1946.668338,1.0
-50.0,50,1947.222798,0.0
-50.0,50,1947.777608,0.0
-12.0,50,1948.347739,1.0
-50.0,50,1948.903898,0.0
-50.0,50,1949.456565,0.0
-50.0,50,1950.014724,0.0
-50.0,50,1950.578132,0.0
-50.0,50,1951.128571,0.0
-50.0,50,1951.683831,0.0
-17.0,50,1952.236914,1.0
-34.0,50,1952.796873,0.0
-50.0,50,1953.345618,0.0
0.0,50,1953.900186,1.0
-50.0,50,1954.45369,0.0
-36.0,50,1955.015708,0.0
0.0,50,1955.579146,1.0
-49.0,50,1956.127595,0.0
-50.0,50,1956.681975,0.0
-21.0,50,1957.242797,1.0
-50.0,50,1957.791699,0.0
-40.0,50,1958.344889,1.0
-46.0,50,1958.895972,0.0
-34.0,50,1959.457738,1.0
-50.0,50,1960.007965,0.0
-50.0,50,1960.557802,0.0
-15.0,50,1961.109649,1.0
-50.0,50,1961.674576,0.0
-36.0,50,1962.227977,1.0
-17.0,50,1962.775597,1.0
-50.0,50,1963.326353,0.0
-50.0,50,1963.886694,0.0
-50.0,50,1964.437946,0.0
-13.0,50,1964.993137,1.0
-50.0,50,1965.54107,0.0
-50.0,50,1966.106335,0.0
-50.0,50,1966.66024,0.0
-24.0,50,1967.207518,1.0
-45.0,50,1967.764043,1.0
-24.0,50,1968.324658,1.0
-24.0,50,1968.879236,1.0
-50.0,50,1969.427212,0.0
-31.0,50,1969.980123,0.0
-50.0,50,1970.543545,0.0
-50.0,50,1971.099301,0.0
-50.0,50,1971.648742,0.0
-44.0,50,1972.198067,0.0
-12.0,50,1972.75733,1.0
-50.0,50,1973.31881,0.0
-5.0,50,1973.872914,1.0
-25.0,50,1974.420875,1.0
0.0,50,1974.976497,1.0
-49.0,50,1975.528549,0.0
-50.0,50,1976.072875,0.0
-50.0,50,1976.622793,0.0
-49.0,50,1977.175102,0.0
-50.0,50,1977.720173,0.0
-50.0,50,1978.266805,0.0
-48.0,50,1978.806773,0.0
-50.0,50,1979.364259,0.0
-50.0,50,1979.911831,0.0
-12.0,50,1980.461827,1.0
-50.0,50,1981.020371,0.0
-50.0,50,1981.584747,0.0
-12.0,50,1982.141818,1.0
-32.0,50,1982.695215,1.0
-50.0,50,1983.256792,0.0
-50.0,50,1983.824555,0.0
-20.0,50,1984.38424,1.0
-50.0,50,1984.935205,0.0
-38.0,50,1985.496153,1.0
-16.0,50,1986.059472,1.0
-20.0,50,1986.616198,1.0
0.0,50,1987.178987,1.0
-50.0,50,1987.735516,0.0
-50.0,50,1988.297006,0.0
-14.0,50,1988.854508,1.0
-10.0,50,1989.408334,1.0
-13.0,50,1989.968597,1.0
0.0,50,1990.5477,1.0
-50.0,50,1991.104263,0.0
-22.0,50,1991.658792,1.0
-50.0,50,1992.211778,0.0
-47.0,50,1992.782222,0.0
-13.0,50,1993.340055,1.0
-50.0,50,1993.89319,0.0
-2.0,50,1994.449645,1.0
-20.0,50,1995.017885,1.0
-37.0,50,1995.577417,0.0
-50.0,50,1996.134592,0.0
-50.0,50,1996.693551,0.0
-50.0,50,1997.262835,0.0
-15.0,50,1997.823891,1.0
-33.0,50,1998.377043,0.0
-50.0,50,1998.930432,0.0
-25.0,50,1999.492027,1.0
-50.0,50,2000.039994,0.0
-48.0,50,2000.590318,0.0
-9.0,50,2001.139066,1.0
-16.0,50,2001.696111,1.0
-10.0,50,2002.247358,1.0
-50.0,50,2002.792196,0.0
-9.0,50,2003.34516,1.0
-50.0,50,2003.90297,0.0
0.0,50,2004.451607,1.0
-9.0,50,2005.010497,1.0
-47.0,50,2005.565271,0.0
-50.0,50,2006.126062,0.0
-8.0,50,2006.683637,1.0
-48.0,50,2007.24338,0.0
-50.0,50,2007.794063,0.0
-11.0,50,2008.352888,1.0
-5.0,50,2008.904117,1.0
-46.0,50,2009.457555,0.0
0.0,50,2010.009596,1.0
-50.0,50,2010.569535,0.0
-41.0,50,2011.119367,1.0
-50.0,50,2011.663144,0.0
-50.0,50,2012.208077,0.0
-50.0,50,2012.762984,0.0
-13.0,50,2013.307097,1.0
-18.0,50,2013.854435,1.0
-50.0,50,2014.403121,0.0
-50.0,50,2014.960067,0.0
-50.0,50,2015.509665,0.0
-50.0,50,2016.059948,0.0
-28.0,50,2016.613313,1.0
-11.0,50,2017.176284,1.0
-50.0,50,2017.727172,0.0
-50.0,50,2018.280747,0.0
-32.0,50,2018.835712,1.0
-50.0,50,2019.395274,0.0
-50.0,50,2019.947428,0.0
-10.0,50,2020.500871,1.0
-50.0,50,2021.054652,0.0
-10.0,50,2021.615138,1.0
-50.0,50,2022.168212,0.0
0.0,50,2022.722186,1.0
-50.0,50,2023.27581,0.0
-19.0,50,2023.836118,1.0
0.0,50,2024.390464,1.0
-14.0,50,2024.943782,1.0
-13.0,50,2025.495748,1.0
-50.0,50,2026.060939,0.0
-7.0,50,2026.61532,1.0
-18.0,50,2027.167769,1.0
-50.0,50,2027.716239,0.0
-46.0,50,2028.279775,0.0
-33.0,50,2028.834721,1.0
0.0,50,2029.387702,1.0
-47.0,50,2029.939903,0.0
-48.0,50,2030.500993,0.0
-14.0,50,2031.064103,1.0
-25.0,50,2031.613223,1.0
-50.0,50,2032.163419,0.0
-50.0,50,2032.72271,0.0
-12.0,50,2033.28367,1.0
-14.0,50,2033.839269,1.0
-24.0,50,2034.395288,1.0
0.0,50,2037.357713,1.0
-50.0,50,2037.910856,0.0
-25.0,50,2038.461176,1.0
-13.0,50,2039.018809,1.0
-45.0,50,2039.579293,0.0
0.0,50,2040.133614,1.0
-7.0,50,2040.68671,1.0
-50.0,50,2041.237395,0.0
-41.0,50,2041.800447,0.0
-50.0,50,2042.351403,0.0
-8.0,50,2042.906959,1.0
-19.0,50,2043.459764,1.0
-20.0,50,2044.026796,1.0
-50.0,50,2044.583362,0.0
-31.0,50,2045.135242,0.0
-50.0,50,2045.689036,0.0
-8.0,50,2046.254004,1.0
-11.0,50,2046.809002,1.0
-24.0,50,2047.360833,1.0
-10.0,50,2047.917732,1.0
-34.0,50,2048.479897,1.0
-11.0,50,2049.038298,1.0
-46.0,50,2049.594095,0.0
-4.0,50,2050.149703,1.0
-3.0,50,2050.71544,1.0
-11.0,50,2051.274462,1.0
-50.0,50,2051.828781,0.0
-12.0,50,2052.380788,1.0
-10.0,50,2052.946412,1.0
-47.0,50,2053.49988,1.0
-50.0,50,2054.05213,0.0
-50.0,50,2054.606883,0.0
-50.0,50,2055.169644,0.0
-50.0,50,2055.72296,0.0
0.0,50,2056.274614,1.0
-25.0,50,2056.825486,1.0
-50.0,50,2057.386542,0.0
-26.0,50,2057.941989,1.0
-15.0,50,2058.495069,1.0
-50.0,50,2059.0466,0.0
-45.0,50,2059.608401,1.0
-50.0,50,2060.157506,0.0
-46.0,50,2060.706905,0.0
-12.0,50,2061.26191,1.0
-50.0,50,2061.827518,0.0
-50.0,50,2062.37957,0.0
-19.0,50,2062.934726,1.0
-23.0,50,2063.490837,1.0
-50.0,50,2064.055907,0.0
-49.0,50,2064.60908,0.0
-50.0,50,2065.159741,0.0
-50.0,50,2065.713606,0.0
-20.0,50,2066.313899,1.0
-50.0,50,2066.865309,0.0
-50.0,50,2067.41678,0.0
-50.0,50,2067.969663,0.0
-28.0,50,2068.53567,1.0
-14.0,50,2069.08997,1.0
-16.0,50,2069.641819,1.0
-50.0,50,2070.197214,0.0
-8.0,50,2070.758743,1.0
-50.0,50,2071.310495,0.0
-50.0,50,2071.862439,0.0
-19.0,50,2072.422868,1.0
-50.0,50,2072.997049,0.0
-50.0,50,2073.551328,0.0
0.0,50,2074.113113,1.0
0.0,50,2074.674534,1.0
-15.0,50,2075.245659,1.0
-50.0,50,2075.802993,0.0
-17.0,50,2076.364167,1.0
-50.0,50,2076.926497,0.0
0.0,50,2077.501254,1.0
-37.0,50,2078.063469,1.0
-50.0,50,2078.622412,0.0
-50.0,50,2079.184309,0.0
-14.0,50,2079.755897,1.0
-18.0,50,2080.315471,1.0
-50.0,50,2080.871624,0.0
-50.0,50,2081.424574,0.0
-48.0,50,2081.995621,0.0
0.0,50,2082.551657,1.0
-22.0,50,2083.114032,1.0
-49.0,50,2083.675299,0.0
-50.0,50,2084.246549,0.0
-50.0,50,2084.808469,0.0
-10.0,50,2085.372093,1.0
-17.0,50,2085.93499,1.0
-50.0,50,2086.50053,0.0
-19.0,50,2087.062005,1.0
-18.0,50,2087.622048,1.0
-42.0,50,2088.175902,0.0
-50.0,50,2088.745551,0.0
-50.0,50,2089.305815,0.0
-50.0,50,2089.854634,0.0
-50.0,50,2090.405812,0.0
-50.0,50,2090.972168,0.0
0.0,50,2091.527962,1.0
-39.0,50,2092.089926,1.0
-11.0,50,2092.651079,1.0
-15.0,50,2093.223533,1.0
-50.0,50,2093.782384,0.0
-48.0,50,2094.343319,1.0
-48.0,50,2094.908288,0.0
-50.0,50,2095.476572,0.0
-21.0,50,2096.038681,1.0
-50.0,50,2096.60813,0.0
-47.0,50,2097.167606,0.0
-17.0,50,2097.735928,1.0
0.0,50,2098.296316,1.0
0.0,50,2098.862655,1.0
-37.0,50,2099.425675,1.0
-23.0,50,2099.996005,1.0
-9.0,50,2100.559422,1.0
-11.0,50,2101.119386,1.0
-16.0,50,2101.679961,1.0
-21.0,50,2102.250095,1.0
-7.0,50,2102.809268,1.0
-19.0,50,2103.372302,1.0
-12.0,50,2103.938077,1.0
-16.0,50,2104.509862,1.0
-50.0,50,2105.069168,0.0
-14.0,50,2105.629892,1.0
0.0,50,2106.194398,1.0
-50.0,50,2106.759368,0.0
-50.0,50,2107.314766,0.0
-9.0,50,2107.875715,1.0
-50.0,50,2108.432008,0.0
-50.0,50,2108.999203,0.0
-45.0,50,2109.561611,0.0
-50.0,50,2110.116709,0.0
-50.0,50,2110.67452,0.0
-50.0,50,2111.241373,0.0
-50.0,50,2111.807643,0.0
-14.0,50,2112.371124,1.0
-21.0,50,2112.932724,1.0
-50.0,50,2113.501709,0.0
-41.0,50,2114.059639,1.0
-48.0,50,2114.619231,0.0
-50.0,50,2115.184439,0.0
-50.0,50,2115.759441,0.0
-50.0,50,2116.322776,0.0
-28.0,50,2116.885733,1.0
-50.0,50,2117.440129,0.0
-50.0,50,2118.056625,0.0
-14.0,50,2118.612879,1.0
-10.0,50,2119.176319,1.0
-48.0,50,2119.732555,0.0
0.0,50,2120.308851,1.0
-50.0,50,2120.864132,0.0
-50.0,50,2121.42607,0.0
-50.0,50,2121.987162,0.0
-12.0,50,2122.559137,1.0
-18.0,50,2123.12391,1.0
-35.0,50,2123.691486,0.0
0.0,50,2124.246519,1.0
-7.0,50,2124.813487,1.0
-50.0,50,2125.364422,0.0
-50.0,50,2125.918064,0.0
-50.0,50,2126.476377,0.0
-50.0,50,2127.050512,0.0
-50.0,50,2127.607613,0.0
-50.0,50,2128.171818,0.0
-8.0,50,2128.734178,1.0
-50.0,50,2129.302518,0.0
-50.0,50,2129.862302,0.0
-21.0,50,2130.419547,1.0
-50.0,50,2130.981125,0.0
-47.0,50,2131.548841,0.0
-50.0,50,2132.109396,0.0
-46.0,50,2132.672698,0.0
0.0,50,2133.237567,1.0
-50.0,50,2133.802798,0.0
-50.0,50,2134.362024,0.0
-50.0,50,2134.920018,0.0
-48.0,50,2135.481683,0.0
-45.0,50,2136.047243,1.0
-11.0,50,2136.607973,1.0
-49.0,50,2137.165033,0.0
-50.0,50,2137.717301,0.0
-19.0,50,2138.295656,1.0
-18.0,50,2138.855579,1.0
-50.0,50,2139.410837,0.0
-50.0,50,2139.967427,0.0
-10.0,50,2140.542218,1.0
-8.0,50,2141.097081,1.0
-15.0,50,2141.649024,1.0
-19.0,50,2142.208867,1.0
-13.0,50,2142.780016,1.0
-44.0,50,2143.340977,0.0
-14.0,50,2143.898362,1.0
-50.0,50,2144.453576,0.0
-32.0,50,2145.016444,0.0
-47.0,50,2145.570622,0.0
-15.0,50,2146.124293,1.0
-33.0,50,2146.678356,1.0
-50.0,50,2147.241412,0.0
-26.0,50,2147.798973,1.0
-26.0,50,2148.353898,1.0
-50.0,50,2148.912965,0.0
-50.0,50,2151.835144,0.0
-14.0,50,2152.394664,1.0
-43.0,50,2152.958827,0.0
-30.0,50,2153.524513,1.0
-17.0,50,2154.096715,1.0
-50.0,50,2154.653127,0.0
-50.0,50,2155.213225,0.0
-50.0,50,2155.773839,0.0
-12.0,50,2156.338638,1.0
-50.0,50,2156.899687,0.0
-18.0,50,2157.460252,1.0
-22.0,50,2158.02071,1.0
-16.0,50,2158.588167,1.0
-16.0,50,2159.148199,1.0
-11.0,50,2159.714584,1.0
-50.0,50,2160.274354,0.0
-46.0,50,2160.844916,0.0
-50.0,50,2161.406967,0.0
-4.0,50,2161.961848,1.0
-14.0,50,2162.518233,1.0
-25.0,50,2163.086635,1.0
-43.0,50,2163.65029,1.0
-50.0,50,2164.203675,0.0
-8.0,50,2164.76153,1.0
-46.0,50,2165.32745,0.0
-49.0,50,2165.888299,0.0
0.0,50,2166.442581,1.0
-49.0,50,2167.001216,0.0
-46.0,50,2167.571948,0.0
-31.0,50,2168.13291,1.0
-49.0,50,2168.686655,0.0
-50.0,50,2169.248329,0.0
-50.0,50,2169.811509,0.0
-50.0,50,2170.372313,0.0
-11.0,50,2170.93831,1.0
-50.0,50,2171.500967,0.0
-13.0,50,2172.070233,1.0
-50.0,50,2172.628848,0.0
-19.0,50,2173.186459,1.0
0.0,50,2173.740435,1.0
-10.0,50,2174.305604,1.0
-9.0,50,2174.864924,1.0
0.0,50,2175.416551,1.0
-39.0,50,2175.971932,1.0
-11.0,50,2176.543105,1.0
-17.0,50,2177.100723,1.0
-50.0,50,2177.654861,0.0
-9.0,50,2178.209976,1.0
-50.0,50,2178.778991,0.0
-17.0,50,2179.339825,1.0
-46.0,50,2179.90331,0.0
-50.0,50,2180.46011,0.0
-15.0,50,2181.035894,1.0
-45.0,50,2181.592406,1.0
-50.0,50,2182.1489,0.0
-50.0,50,2182.700855,0.0
-10.0,50,2183.26603,1.0
-50.0,50,2183.823228,0.0
-3.0,50,2184.374149,1.0
-50.0,50,2184.927775,0.0
-47.0,50,2185.488962,0.0
-50.0,50,2186.048422,0.0
-50.0,50,2186.5987,0.0
-50.0,50,2187.154109,0.0
-31.0,50,2187.725246,1.0
-10.0,50,2188.286857,1.0
-10.0,50,2188.850963,1.0
0.0,50,2189.403373,1.0
-48.0,50,2189.967195,0.0
-50.0,50,2190.527744,0.0
-9.0,50,2191.082025,1.0
-8.0,50,2191.6366,1.0
-50.0,50,2192.205961,0.0
-13.0,50,2192.763608,1.0
-48.0,50,2193.322054,0.0
-50.0,50,2193.87844,0.0
-50.0,50,2194.45066,0.0
-14.0,50,2195.00526,1.0
0.0,50,2195.558938,1.0
-17.0,50,2196.112483,1.0
-8.0,50,2196.667621,1.0
-50.0,50,2197.217078,0.0
-50.0,50,2197.763945,0.0
-45.0,50,2198.31281,0.0
-50.0,50,2198.86723,0.0
-50.0,50,2199.414999,0.0
-12.0,50,2199.962865,1.0
-13.0,50,2200.511835,1.0
-48.0,50,2201.06867,0.0
0.0,50,2201.611286,1.0
-14.0,50,2202.151332,1.0
-35.0,50,2202.700904,1.0
-13.0,50,2203.259632,1.0
-50.0,50,2203.814049,0.0
-50.0,50,2204.364806,0.0
-50.0,50,2204.917162,0.0
-43.0,50,2205.489303,0.0
-50.0,50,2206.043682,0.0
-14.0,50,2206.59486,1.0
-10.0,50,2207.147047,1.0
-50.0,50,2207.709248,0.0
0.0,50,2208.253567,1.0
-50.0,50,2208.806659,0.0
-16.0,50,2209.356157,1.0
-36.0,50,2209.920507,0.0
-41.0,50,2210.472275,1.0
-16.0,50,2211.027986,1.0
-39.0,50,2211.585208,0.0
-9.0,50,2212.152245,1.0
-50.0,50,2212.710309,0.0
-50.0,50,2213.279727,0.0
-50.0,50,2213.847755,0.0
-50.0,50,2214.413002,0.0
-49.0,50,2214.962929,0.0
-21.0,50,2215.520463,1.0
-50.0,50,2216.072222,0.0
-15.0,50,2216.633005,1.0
-50.0,50,2217.183285,0.0
-50.0,50,2217.74143,0.0
-9.0,50,2218.292024,1.0
-14.0,50,2218.851969,1.0
-27.0,50,2219.40315,1.0
0.0,50,2219.950381,1.0
-2.0,50,2220.502231,1.0
-50.0,50,2221.061231,0.0
-10.0,50,2221.609817,1.0
-7.0,50,2222.157088,1.0
-13.0,50,2222.699913,1.0
-42.0,50,2223.25713,1.0
-43.0,50,2223.803595,1.0
-50.0,50,2224.354392,0.0
-30.0,50,2224.899354,1.0
-50.0,50,2225.458079,0.0
-46.0,50,2226.000975,0.0
-50.0,50,2226.547677,0.0
-10.0,50,2227.095139,1.0
-18.0,50,2227.653527,1.0
-25.0,50,2228.203484,1.0
-50.0,50,2228.751309,0.0
-26.0,50,2229.299361,1.0
-8.0,50,2229.857383,1.0
-50.0,50,2230.406432,0.0
-6.0,50,2230.952537,1.0
-50.0,50,2231.502506,0.0
-14.0,50,2232.058538,1.0
0.0,50,2232.606696,1.0
-19.0,50,2233.158562,1.0
-46.0,50,2233.711123,0.0
-49.0,50,2234.281251,0.0
-9.0,50,2234.83115,1.0
-50.0,50,2235.381978,0.0
-50.0,50,2235.932659,0.0
-29.0,50,2236.486459,1.0
-17.0,50,2237.02719,1.0
-39.0,50,2237.576356,0.0
-47.0,50,2238.121351,0.0
-14.0,50,2238.68109,1.0
-50.0,50,2239.232194,0.0
-14.0,50,2239.784595,1.0
-26.0,50,2240.336693,1.0
-11.0,50,2240.895097,1.0
-36.0,50,2241.44778,1.0
-15.0,50,2241.993238,1.0
0.0,50,2242.537183,1.0
-50.0,50,2243.097192,0.0
-49.0,50,2243.65092,0.0
-50.0,50,2244.201951,0.0
-50.0,50,2244.750378,0.0
-50.0,50,2245.315866,0.0
-10.0,50,2245.86863,1.0
-22.0,50,2246.419607,1.0
-50.0,50,2246.973584,0.0
-22.0,50,2247.53356,1.0
-19.0,50,2248.079855,1.0
-22.0,50,2248.625802,1.0
-22.0,50,2249.171683,0.0
-14.0,50,2249.727334,1.0
-50.0,50,2250.276632,0.0
-50.0,50,2250.827332,0.0
-50.0,50,2251.376434,0.0
-50.0,50,2251.934191,0.0
-50.0,50,2252.484304,0.0
-19.0,50,2253.033322,1.0
-12.0,50,2253.579834,1.0
-34.0,50,2254.138058,1.0
0.0,50,2254.686154,1.0
-25.0,50,2255.235313,1.0
-49.0,50,2255.787229,0.0
-50.0,50,2256.346409,0.0
-50.0,50,2256.894392,0.0
-50.0,50,2257.443143,0.0
-50.0,50,2257.990734,0.0
-50.0,50,2258.546843,0.0
-49.0,50,2259.09959,0.0
-10.0,50,2259.648328,1.0
-16.0,50,2260.194582,1.0
-50.0,50,2260.752722,0.0
-9.0,50,2261.30349,1.0
-48.0,50,2261.850911,0.0
-29.0,50,2262.401434,0.0
-23.0,50,2265.283165,1.0
-10.0,50,2265.836786,1.0
0.0,50,2266.37891,1.0
-16.0,50,2266.926413,1.0
-50.0,50,2267.48294,0.0
-16.0,50,2268.028509,1.0
-48.0,50,2268.57671,0.0
-13.0,50,2269.131067,1.0
-12.0,50,2269.68742,1.0
-29.0,50,2270.233882,1.0
-50.0,50,2270.779736,0.0
0.0,50,2271.331299,1.0
-22.0,50,2271.890362,1.0
-50.0,50,2272.4415,0.0
-14.0,50,2272.995235,1.0
-12.0,50,2273.559261,1.0
-20.0,50,2274.121915,1.0
-50.0,50,2274.670745,0.0
-50.0,50,2275.220387,0.0
-8.0,50,2275.769941,1.0
-45.0,50,2276.335018,0.0
-43.0,50,2276.887335,1.0
-9.0,50,2277.439598,1.0
-12.0,50,2277.989302,1.0
-16.0,50,2278.551045,1.0
0.0,50,2279.102841,1.0
-30.0,50,2279.65798,1.0
-40.0,50,2280.208688,0.0
-13.0,50,2280.77313,1.0
-9.0,50,2281.324126,1.0
-50.0,50,2281.874701,0.0
-15.0,50,2282.425697,1.0
-18.0,50,2282.989739,1.0
-9.0,50,2283.540755,1.0
-46.0,50,2284.089722,0.0
-48.0,50,2284.640475,0.0
0.0,50,2285.203069,1.0
-50.0,50,2285.753602,0.0
-17.0,50,2286.31004,1.0
-18.0,50,2286.860808,1.0
-48.0,50,2287.419502,0.0
-50.0,50,2287.971824,0.0
-50.0,50,2288.52675,0.0
-50.0,50,2289.076745,0.0
-50.0,50,2289.641788,0.0
-50.0,50,2290.192791,0.0
-34.0,50,2290.747879,1.0
-50.0,50,2291.295685,0.0
0.0,50,2291.855778,1.0
-24.0,50,2292.408668,1.0
-50.0,50,2292.960351,0.0
-15.0,50,2293.519366,1.0
-8.0,50,2294.09873,1.0
-50.0,50,2294.651965,0.0
-50.0,50,2295.203069,0.0
-10.0,50,2295.755945,1.0
-25.0,50,2296.31583,1.0
-23.0,50,2296.869838,0.0
-50.0,50,2297.425309,0.0
-16.0,50,2297.976385,1.0
-50.0,50,2298.541877,0.0
-50.0,50,2299.094013,0.0
-50.0,50,2299.64636,0.0
-21.0,50,2300.199156,0.0
-45.0,50,2300.771154,0.0
-50.0,50,2301.321126,0.0
-40.0,50,2301.871322,0.0
-50.0,50,2302.427564,0.0
-40.0,50,2302.999722,1.0
-32.0,50,2303.555193,0.0
-33.0,50,2304.108808,0.0
-14.0,50,2304.658401,1.0
-29.0,50,2305.223506,1.0
-47.0,50,2305.779784,0.0
-29.0,50,2306.331139,1.0
-10.0,50,2306.884323,1.0
-50.0,50,2307.444998,0.0
-50.0,50,2307.98866,0.0
-17.0,50,2308.53359,1.0
-11.0,50,2309.085552,1.0
-38.0,50,2309.649156,1.0
0.0,50,2310.197523,1.0
-50.0,50,2310.737623,0.0
-49.0,50,2311.287957,0.0
-50.0,50,2311.891949,0.0
-12.0,50,2312.441314,1.0
-9.0,50,2312.991015,1.0
-50.0,50,2313.532193,0.0
-34.0,50,2314.085839,1.0
-18.0,50,2314.632106,1.0
-16.0,50,2315.182131,1.0
-20.0,50,2315.727863,1.0
-50.0,50,2316.292587,0.0
-9.0,50,2316.841923,1.0
-23.0,50,2317.384998,1.0
-25.0,50,2317.931873,1.0
-5.0,50,2318.49305,1.0
-5.0,50,2319.041252,1.0
-37.0,50,2319.591038,1.0
-37.0,50,2320.140251,0.0
-11.0,50,2320.711095,1.0
-12.0,50,2321.260155,1.0
-27.0,50,2321.809192,0.0
-50.0,50,2322.363108,0.0
-19.0,50,2322.931579,1.0
-9.0,50,2323.488088,1.0
-12.0,50,2324.039393,1.0
-33.0,50,2324.590278,1.0
-12.0,50,2325.161513,1.0
-50.0,50,2325.728938,0.0
-10.0,50,2326.283227,1.0
-8.0,50,2326.840812,1.0
-20.0,50,2327.424292,1.0
-45.0,50,2327.97555,0.0
-12.0,50,2328.525314,1.0
-22.0,50,2329.075173,1.0
-50.0,50,2329.645488,0.0
-17.0,50,2330.197231,1.0
-14.0,50,2330.750223,1.0
0.0,50,2331.304684,1.0
-8.0,50,2331.87732,1.0
-50.0,50,2332.434483,0.0
-50.0,50,2332.986016,0.0
-11.0,50,2333.551868,1.0
-13.0,50,2334.118191,0.0
-12.0,50,2334.669655,1.0
-50.0,50,2335.222232,0.0
-50.0,50,2335.779848,0.0
-24.0,50,2336.34368,1.0
-12.0,50,2336.897091,1.0
-50.0,50,2337.4502,0.0
-13.0,50,2338.005575,1.0
0.0,50,2338.57269,1.0
-8.0,50,2339.130756,1.0
-21.0,50,2339.686539,1.0
-10.0,50,2340.242234,1.0
-50.0,50,2340.806521,0.0
-13.0,50,2341.359066,1.0
-8.0,50,2341.917621,1.0
-8.0,50,2342.478729,1.0
-50.0,50,2343.041193,0.0
-10.0,50,2343.593614,1.0
0.0,50,2344.145607,1.0
-19.0,50,2344.698298,1.0
-37.0,50,2345.259293,0.0
-50.0,50,2345.808233,0.0
-15.0,50,2346.360761,1.0
-48.0,50,2346.911303,0.0
-50.0,50,2347.477645,0.0
-50.0,50,2348.039919,0.0
-31.0,50,2348.587086,1.0
0.0,50,2349.132782,1.0
-13.0,50,2349.688509,1.0
-48.0,50,2350.233431,0.0
-20.0,50,2350.785988,1.0
-48.0,50,2351.337457,0.0
-30.0,50,2351.901956,1.0
-48.0,50,2352.454262,0.0
-50.0,50,2353.025285,0.0
-50.0,50,2353.576386,0.0
-7.0,50,2354.137579,1.0
0.0,50,2354.692044,1.0
-47.0,50,2355.241354,0.0
-50.0,50,2355.794888,0.0
-8.0,50,2356.357573,1.0
-50.0,50,2356.909043,0.0
-44.0,50,2357.461338,0.0
-15.0,50,2358.016133,1.0
-12.0,50,2358.577326,1.0
-49.0,50,2359.128088,0.0
-10.0,50,2359.68824,1.0
-34.0,50,2360.248959,0.0
-18.0,50,2360.829767,1.0
0.0,50,2361.39303,1.0
-14.0,50,2361.952657,1.0
-31.0,50,2362.512822,1.0
-45.0,50,2363.092212,0.0
-32.0,50,2363.659638,1.0
-46.0,50,2364.21729,1.0
-16.0,50,2364.777856,1.0
-13.0,50,2365.346419,1.0
-6.0,50,2365.907908,1.0
-28.0,50,2366.4635,1.0
-15.0,50,2367.028998,1.0
-50.0,50,2367.595351,0.0
-44.0,50,2368.15922,0.0
-42.0,50,2368.719385,1.0
0.0,50,2369.285965,1.0
-50.0,50,2369.866256,0.0
-48.0,50,2370.423891,0.0
-8.0,50,2370.985559,1.0
-28.0,50,2371.548131,1.0
-8.0,50,2372.11777,0.0
-21.0,50,2372.660784,1.0
-9.0,50,2373.209997,1.0
-50.0,50,2373.7566,0.0
-10.0,50,2374.320579,1.0
-15.0,50,2374.872036,1.0
-10.0,50,2375.422628,1.0
0.0,50,2375.973099,1.0
-45.0,50,2378.879894,0.0
-19.0,50,2379.432089,1.0
-46.0,50,2379.980654,0.0
-8.0,50,2380.526687,1.0
-50.0,50,2381.091552,0.0
-50.0,50,2381.637597,0.0
-50.0,50,2382.187043,0.0
-49.0,50,2382.729989,0.0
-15.0,50,2383.292762,1.0
-21.0,50,2383.842254,1.0
-40.0,50,2384.392733,0.0
-50.0,50,2384.942531,0.0
-21.0,50,2385.499484,1.0
-15.0,50,2386.051106,1.0
-32.0,50,2386.595905,0.0
-42.0,50,2387.143063,0.0
-50.0,50,2387.70312,0.0
-28.0,50,2388.253822,1.0
-42.0,50,2388.801893,0.0
0.0,50,2389.353382,1.0
-6.0,50,2389.913618,1.0
0.0,50,2390.464832,1.0
-15.0,50,2391.02241,1.0
-50.0,50,2391.563579,0.0
-8.0,50,2392.120507,1.0
-50.0,50,2392.667921,0.0
-16.0,50,2393.22693,1.0
-15.0,50,2393.778164,1.0
-19.0,50,2394.340097,1.0
-50.0,50,2394.887014,0.0
-48.0,50,2395.436884,0.0
-50.0,50,2395.991472,0.0
-7.0,50,2396.551991,1.0
-22.0,50,2397.09752,1.0
-6.0,50,2397.648834,1.0
-6.0,50,2398.199812,1.0
-19.0,50,2398.761908,1.0
-11.0,50,2399.309812,1.0
-50.0,50,2399.86435,0.0
-10.0,50,2400.413212,1.0
-50.0,50,2400.9824,0.0
-6.0,50,2401.538063,1.0
0.0,50,2402.091508,1.0
-24.0,50,2402.648278,1.0
-15.0,50,2403.21682,1.0
-16.0,50,2403.774661,1.0
-50.0,50,2404.324932,0.0
-9.0,50,2404.885175,1.0
-50.0,50,2405.442766,0.0
-44.0,50,2405.997298,0.0
-10.0,50,2406.548685,1.0
0.0,50,2407.105351,1.0
-30.0,50,2407.671674,1.0
-11.0,50,2408.224288,1.0
-7.0,50,2408.787524,1.0
-6.0,50,2409.348704,1.0
-11.0,50,2409.917815,1.0
-12.0,50,2410.47776,1.0
-6.0,50,2411.039876,1.0
-50.0,50,2411.589642,0.0
-9.0,50,2412.154613,1.0
-4.0,50,2412.707503,1.0
-15.0,50,2413.262129,1.0
-8.0,50,2413.819371,1.0
-12.0,50,2414.385009,1.0
-13.0,50,2414.942628,1.0
-50.0,50,2415.504804,0.0
-10.0,50,2416.057977,1.0
-13.0,50,2416.626825,1.0
-49.0,50,2417.180009,0.0
-2.0,50,2417.735527,1.0
-36.0,50,2418.285493,1.0
-7.0,50,2418.855213,1.0
-7.0,50,2419.415619,1.0
0.0,50,2419.966239,1.0
-22.0,50,2420.518487,1.0
-50.0,50,2421.085316,0.0
-49.0,50,2421.635078,0.0
-22.0,50,2422.185202,1.0
-17.0,50,2422.733127,1.0
-39.0,50,2423.298265,1.0
-10.0,50,2423.853608,1.0
-13.0,50,2424.421693,1.0
-13.0,50,2424.978535,1.0
-12.0,50,2425.550241,1.0
-5.0,50,2426.11341,1.0
-12.0,50,2426.673494,1.0
-13.0,50,2427.241445,1.0
-20.0,50,2427.814861,1.0
-21.0,50,2428.378382,1.0
-22.0,50,2428.943671,1.0
-12.0,50,2429.506962,1.0
-15.0,50,2430.080843,1.0
-7.0,50,2430.64565,1.0
-46.0,50,2431.20336,0.0
-50.0,50,2431.759279,0.0
-48.0,50,2432.329683,0.0
-26.0,50,2432.892482,1.0
-31.0,50,2433.454237,0.0
-8.0,50,2434.014057,1.0
-13.0,50,2434.596117,1.0
-50.0,50,2435.15352,0.0
-50.0,50,2435.710798,0.0
-39.0,50,2436.27728,1.0
-6.0,50,2436.871189,1.0
-50.0,50,2437.42728,0.0
-8.0,50,2437.983775,1.0
-50.0,50,2438.542404,0.0
-37.0,50,2439.107212,0.0
-14.0,50,2439.670774,1.0
-50.0,50,2440.233087,0.0
-3.0,50,2440.79602,1.0
-14.0,50,2441.363256,1.0
-11.0,50,2441.921254,1.0
-39.0,50,2442.482936,0.0
-44.0,50,2443.044519,0.0
-29.0,50,2443.616405,0.0
-10.0,50,2444.183501,1.0
-14.0,50,2444.748363,1.0
-11.0,50,2445.313984,1.0
-30.0,50,2445.885078,1.0
-20.0,50,2446.449505,1.0
-46.0,50,2447.011416,0.0
-10.0,50,2447.566724,1.0
-50.0,50,2448.131697,0.0
-13.0,50,2448.692473,1.0
-9.0,50,2449.246073,1.0
-15.0,50,2449.809199,1.0
-10.0,50,2450.37609,1.0
-13.0,50,2450.939937,1.0
-13.0,50,2451.49042,1.0
-16.0,50,2452.041335,1.0
-49.0,50,2452.602593,0.0
-14.0,50,2453.157734,1.0
-16.0,50,2453.709639,1.0
-13.0,50,2454.25945,1.0
-13.0,50,2454.817321,1.0
-28.0,50,2455.366539,1.0
-29.0,50,2455.912877,1.0
-17.0,50,2456.459356,1.0
-50.0,50,2457.019304,0.0
-12.0,50,2457.568061,1.0
-23.0,50,2458.121389,1.0
-11.0,50,2458.665165,1.0
0.0,50,2459.225678,1.0
-30.0,50,2459.773509,1.0
-11.0,50,2460.324558,1.0
-50.0,50,2460.861143,0.0
-13.0,50,2461.41316,1.0
-50.0,50,2461.950222,0.0
-50.0,50,2462.48439,0.0
-8.0,50,2463.03281,1.0
0.0,50,2463.593796,1.0
-4.0,50,2464.143444,1.0
-34.0,50,2464.689377,0.0
-11.0,50,2465.235848,1.0
-28.0,50,2465.795809,1.0
-26.0,50,2466.344528,1.0
-50.0,50,2466.890451,0.0
-13.0,50,2467.438296,1.0
-10.0,50,2467.9954,1.0
-15.0,50,2468.545851,1.0
-21.0,50,2469.096592,1.0
-31.0,50,2469.641931,0.0
-18.0,50,2470.202842,1.0
-9.0,50,2470.753649,1.0
-50.0,50,2471.303437,0.0
-42.0,50,2471.854811,1.0
0.0,50,2472.408782,1.0
-10.0,50,2472.961722,1.0
-14.0,50,2473.513726,1.0
-12.0,50,2474.067306,1.0
-50.0,50,2474.627956,0.0
-12.0,50,2475.189657,1.0
-50.0,50,2475.756289,0.0
-50.0,50,2476.312523,0.0
-18.0,50,2476.871956,1.0
-50.0,50,2477.425967,0.0
-42.0,50,2477.978263,0.0
-24.0,50,2478.53728,1.0
-11.0,50,2479.105048,1.0
-10.0,50,2479.661785,1.0
-34.0,50,2480.215739,1.0
-13.0,50,2480.772137,1.0
-50.0,50,2481.335671,0.0
-39.0,50,2481.887329,1.0
0.0,50,2482.445724,1.0
-50.0,50,2483.004632,0.0
-15.0,50,2483.576098,1.0
-45.0,50,2484.128187,0.0
-50.0,50,2484.68636,0.0
-33.0,50,2485.237507,0.0
-6.0,50,2485.801425,1.0
-13.0,50,2486.358294,1.0
-50.0,50,2486.91854,0.0
-48.0,50,2487.470763,0.0
-9.0,50,2488.035582,1.0
0.0,50,2488.594827,1.0
-50.0,50,2489.145762,0.0
-50.0,50,2489.704642,0.0
-10.0,50,2492.627597,1.0
-18.0,50,2493.183697,1.0
-20.0,50,2493.738038,1.0
-22.0,50,2494.2928,1.0
-8.0,50,2494.856047,1.0
-6.0,50,2495.409862,1.0
-50.0,50,2495.961628,0.0
-9.0,50,2496.51947,1.0
-6.0,50,2497.090661,1.0
-50.0,50,2497.640647,0.0
-9.0,50,2498.200157,1.0
0.0,50,2498.76156,1.0
-12.0,50,2499.324761,1.0
-50.0,50,2499.880662,0.0
-31.0,50,2500.434224,0.0
-10.0,50,2500.99,1.0
-7.0,50,2501.556126,1.0
-25.0,50,2502.109808,1.0
-12.0,50,2502.664549,1.0
-8.0,50,2503.218259,1.0
0.0,50,2503.781749,1.0
-16.0,50,2504.33596,1.0
-16.0,50,2504.895066,1.0
-12.0,50,2505.452952,1.0
0.0,50,2506.015336,1.0
-23.0,50,2506.572244,1.0
-6.0,50,2507.126129,1.0
-19.0,50,2507.683967,1.0
-12.0,50,2508.251206,1.0
0.0,50,2508.81025,1.0
0.0,50,2509.368911,1.0
-18.0,50,2509.918325,1.0
-12.0,50,2510.475926,1.0
0.0,50,2511.027951,1.0
-17.0,50,2511.574903,1.0
-32.0,50,2512.124683,1.0
-47.0,50,2512.686633,1.0
-28.0,50,2513.245713,0.0
-29.0,50,2513.797887,1.0
-17.0,50,2514.350301,1.0
-20.0,50,2514.908989,1.0
-48.0,50,2515.454732,0.0
-11.0,50,2516.004771,1.0
-46.0,50,2516.55783,0.0
-19.0,50,2517.122464,1.0
-16.0,50,2517.675913,1.0
-16.0,50,2518.223797,1.0
0.0,50,2518.774287,1.0
-36.0,50,2519.331195,0.0
-16.0,50,2519.881734,1.0
-32.0,50,2520.425291,1.0
-50.0,50,2520.973686,0.0
-23.0,50,2521.532212,1.0
-17.0,50,2522.076446,0.0
-9.0,50,2522.627363,1.0
-12.0,50,2523.176085,1.0
-50.0,50,2523.728856,0.0
-33.0,50,2524.2803,1.0
-32.0,50,2524.827808,1.0
-50.0,50,2525.369889,0.0
-18.0,50,2525.92504,1.0
-13.0,50,2526.478353,1.0
-47.0,50,2527.030239,0.0
-9.0,50,2527.579761,1.0
0.0,50,2528.138217,1.0
-46.0,50,2528.682979,0.0
-15.0,50,2529.23555,1.0
-50.0,50,2529.789525,0.0
-13.0,50,2530.350383,1.0
-12.0,50,2530.899981,1.0
-13.0,50,2531.450348,1.0
0.0,50,2531.997318,1.0
-6.0,50,2532.559363,1.0
-18.0,50,2533.1092,1.0
-11.0,50,2533.661455,1.0
-13.0,50,2534.211822,1.0
-21.0,50,2534.768119,0.0
0.0,50,2535.316258,1.0
-30.0,50,2535.867447,1.0
-50.0,50,2536.409105,0.0
-20.0,50,2537.002008,1.0
-17.0,50,2537.552352,1.0
-50.0,50,2538.097066,0.0
-11.0,50,2538.647371,1.0
-8.0,50,2539.208469,1.0
-8.0,50,2539.761658,1.0
-11.0,50,2540.312866,1.0
-46.0,50,2540.858964,0.0
-37.0,50,2541.417312,0.0
-50.0,50,2541.964279,0.0
-33.0,50,2542.513436,1.0
-33.0,50,2543.064635,1.0
-28.0,50,2543.6292,1.0
-42.0,50,2544.179308,1.0
-39.0,50,2544.724036,0.0
-7.0,50,2545.276424,1.0
-12.0,50,2545.837583,1.0
-50.0,50,2546.384417,0.0
-8.0,50,2546.933983,1.0
-9.0,50,2547.488986,1.0
-45.0,50,2548.054463,0.0
-17.0,50,2548.612427,1.0
-7.0,50,2549.170294,1.0
-9.0,50,2549.724662,1.0
-13.0,50,2550.291698,1.0
-50.0,50,2550.841269,0.0
-9.0,50,2551.39712,1.0
-50.0,50,2551.956333,0.0
-10.0,50,2552.529489,1.0
-6.0,50,2553.082549,1.0
-13.0,50,2553.638726,1.0
-7.0,50,2554.19184,1.0
-17.0,50,2554.768117,1.0
-27.0,50,2555.319561,1.0
0.0,50,2555.877663,1.0
-3.0,50,2556.4341,1.0
-13.0,50,2556.997426,1.0
-40.0,50,2557.551224,0.0
-13.0,50,2558.106077,1.0
-24.0,50,2558.659964,1.0
-10.0,50,2559.222431,1.0
-19.0,50,2559.771665,1.0
-16.0,50,2560.329293,1.0
-15.0,50,2560.886979,1.0
-9.0,50,2561.457323,1.0
-17.0,50,2562.008591,1.0
-13.0,50,2562.56023,1.0
-37.0,50,2563.114641,0.0
0.0,50,2563.682065,1.0
0.0,50,2564.234673,1.0
-28.0,50,2564.787982,1.0
-13.0,50,2565.340324,1.0
-22.0,50,2565.900402,1.0
-11.0,50,2566.453507,1.0
-10.0,50,2567.010337,1.0
-7.0,50,2567.564459,1.0
-8.0,50,2568.140695,1.0
-50.0,50,2568.693782,0.0
-13.0,50,2569.246544,1.0
0.0,50,2569.803824,1.0
-47.0,50,2570.373353,0.0
-14.0,50,2570.929938,1.0
-50.0,50,2571.479443,0.0
-13.0,50,2572.033904,1.0
-9.0,50,2572.602472,1.0
-50.0,50,2573.152483,0.0
-14.0,50,2573.701687,1.0
-12.0,50,2574.248765,1.0
-7.0,50,2574.80586,1.0
-50.0,50,2575.358743,0.0
-6.0,50,2575.911802,1.0
-20.0,50,2576.468064,1.0
-18.0,50,2577.029614,1.0
-24.0,50,2577.582957,1.0
-18.0,50,2578.137063,1.0
-40.0,50,2578.692711,1.0
0.0,50,2579.260818,1.0
-45.0,50,2579.815891,0.0
-20.0,50,2580.37199,1.0
-14.0,50,2580.924858,0.0
-41.0,50,2581.500094,0.0
-6.0,50,2582.067826,1.0
-7.0,50,2582.628449,1.0
-16.0,50,2583.18581,1.0
-36.0,50,2583.751762,1.0
-50.0,50,2584.307249,0.0
-15.0,50,2584.868878,1.0
-11.0,50,2585.428094,1.0
-40.0,50,2585.997185,0.0
-15.0,50,2586.562173,1.0
-11.0,50,2587.122782,1.0
-18.0,50,2587.686716,1.0
-41.0,50,2588.253763,0.0
-21.0,50,2588.81464,1.0
-50.0,50,2589.37144,0.0
-14.0,50,2589.932945,1.0
-17.0,50,2590.50629,1.0
-34.0,50,2591.065411,1.0
0.0,50,2591.622861,1.0
-9.0,50,2592.18235,1.0
-5.0,50,2592.753141,1.0
0.0,50,2593.321295,1.0
-1.0,50,2593.889066,1.0
-15.0,50,2594.444131,1.0
-45.0,50,2595.016961,1.0
-15.0,50,2595.574057,1.0
-46.0,50,2596.13017,0.0
-10.0,50,2596.685302,1.0
-10.0,50,2597.263898,1.0
-11.0,50,2597.82059,1.0
-49.0,50,2598.373809,0.0
-27.0,50,2598.931026,1.0
-3.0,50,2599.499903,1.0
-50.0,50,2600.052694,0.0
-20.0,50,2600.615979,1.0
-35.0,50,2601.169131,0.0
-19.0,50,2601.735425,1.0
-20.0,50,2602.28933,1.0
-47.0,50,2602.847771,0.0
-15.0,50,2603.403283,1.0
-37.0,50,2606.352188,1.0
-14.0,50,2606.909899,1.0
-46.0,50,2607.45866,0.0
-24.0,50,2608.010324,1.0
-48.0,50,2608.566732,0.0
-48.0,50,2609.116406,0.0
-26.0,50,2609.668027,1.0
-50.0,50,2610.215832,0.0
-10.0,50,2610.778008,1.0
-39.0,50,2611.330737,0.0
-47.0,50,2611.887226,0.0
-40.0,50,2612.448676,0.0
-50.0,50,2613.014843,0.0
-11.0,50,2613.572414,1.0
-50.0,50,2614.127182,0.0
-24.0,50,2614.684772,1.0
-49.0,50,2615.254867,0.0
-37.0,50,2615.81178,1.0
-18.0,50,2616.374645,1.0
-42.0,50,2616.93676,1.0
-9.0,50,2617.506964,1.0
-11.0,50,2618.070891,1.0
-50.0,50,2618.625707,0.0
-18.0,50,2619.190139,1.0
-20.0,50,2619.764166,1.0
0.0,50,2620.332108,1.0
-12.0,50,2620.894854,1.0
-11.0,50,2621.448143,1.0
-48.0,50,2622.009115,0.0
-19.0,50,2622.560444,1.0
-9.0,50,2623.113261,1.0
-7.0,50,2623.672171,1.0
-12.0,50,2624.239699,1.0
-6.0,50,2624.795097,1.0
-8.0,50,2625.346018,1.0
-10.0,50,2625.904394,1.0
-12.0,50,2626.471255,1.0
-15.0,50,2627.030573,1.0
-11.0,50,2627.590532,1.0
-12.0,50,2628.147603,1.0
-6.0,50,2628.715654,1.0
-28.0,50,2629.27467,1.0
-11.0,50,2629.834992,1.0
-22.0,50,2630.385142,1.0
-7.0,50,2630.956107,1.0
0.0,50,2631.52169,1.0
-50.0,50,2632.069961,0.0
-14.0,50,2632.624498,1.0
-8.0,50,2633.19173,1.0
-5.0,50,2633.746371,1.0
-25.0,50,2634.298511,1.0
-25.0,50,2634.847594,1.0
-15.0,50,2635.413005,1.0
-8.0,50,2635.966027,1.0
-17.0,50,2636.515016,1.0
-50.0,50,2637.065628,0.0
-13.0,50,2637.627329,1.0
-22.0,50,2638.180418,1.0
-2.0,50,2638.743955,1.0
-50.0,50,2639.306708,0.0
-50.0,50,2639.873699,0.0
-22.0,50,2640.432224,1.0
-24.0,50,2640.996298,1.0
0.0,50,2641.561212,1.0
-34.0,50,2642.123558,0.0
-14.0,50,2642.67101,1.0
-12.0,50,2643.222415,1.0
-7.0,50,2643.77159,1.0
-11.0,50,2644.32829,1.0
-12.0,50,2644.878744,1.0
-50.0,50,2645.432612,0.0
-26.0,50,2645.981844,1.0
-25.0,50,2646.54052,1.0
-12.0,50,2647.091207,1.0
-13.0,50,2647.643324,1.0
-50.0,50,2648.193143,0.0
-34.0,50,2648.755507,0.0
-19.0,50,2649.314927,1.0
0.0,50,2649.873839,1.0
-11.0,50,2650.431814,1.0
-13.0,50,2650.999353,1.0
0.0,50,2651.559498,1.0
-3.0,50,2652.11993,1.0
-23.0,50,2652.674971,1.0
-8.0,50,2653.243748,1.0
-18.0,50,2653.801683,1.0
-14.0,50,2654.358712,1.0
-36.0,50,2654.912638,0.0
-11.0,50,2655.472216,1.0
-20.0,50,2656.027418,1.0
0.0,50,2656.583927,1.0
-36.0,50,2657.140544,1.0
-13.0,50,2657.724555,1.0
-33.0,50,2658.27798,1.0
-50.0,50,2658.828286,0.0
-48.0,50,2659.385794,0.0
-36.0,50,2659.950284,1.0
-50.0,50,2660.502005,0.0
-50.0,50,2661.054299,0.0
-24.0,50,2661.612884,1.0
-30.0,50,2662.179409,0.0
-28.0,50,2662.73541,1.0
-22.0,50,2663.299189,0.0
-49.0,50,2663.854852,0.0
-26.0,50,2664.416569,0.0
-49.0,50,2664.96755,0.0
-7.0,50,2665.526475,1.0
-33.0,50,2666.078664,1.0
-18.0,50,2666.650367,1.0
-50.0,50,2667.207362,0.0
-9.0,50,2667.758568,1.0
-35.0,50,2668.321883,1.0
-41.0,50,2668.884423,0.0
-13.0,50,2669.440893,1.0
-21.0,50,2669.996067,1.0
-46.0,50,2670.550808,1.0
-14.0,50,2671.119043,1.0
-50.0,50,2671.676473,0.0
-13.0,50,2672.235079,1.0
-13.0,50,2672.800004,1.0
-13.0,50,2673.367943,1.0
-11.0,50,2673.918722,1.0
-12.0,50,2674.478334,1.0
-18.0,50,2675.035555,1.0
-10.0,50,2675.611584,1.0
-11.0,50,2676.159848,1.0
-25.0,50,2676.720627,1.0
-13.0,50,2677.278881,1.0
-39.0,50,2677.847941,0.0
-6.0,50,2678.405732,1.0
0.0,50,2678.957949,1.0
-50.0,50,2679.510789,0.0
-46.0,50,2680.073037,0.0
-8.0,50,2680.632707,1.0
-14.0,50,2681.192838,1.0
-20.0,50,2681.747628,1.0
-50.0,50,2682.31886,0.0
-50.0,50,2682.87263,0.0
-46.0,50,2683.426779,0.0
-40.0,50,2683.977246,1.0
-50.0,50,2684.564993,0.0
-14.0,50,2685.116575,1.0
-12.0,50,2685.662243,1.0
-47.0,50,2686.209067,0.0
-15.0,50,2686.765157,1.0
-41.0,50,2687.311589,1.0
-23.0,50,2687.866916,1.0
-17.0,50,2688.422405,1.0
-21.0,50,2688.991035,1.0
-11.0,50,2689.547648,1.0
-17.0,50,2690.101906,1.0
-40.0,50,2690.656149,1.0
-10.0,50,2691.223614,1.0
-6.0,50,2691.7864,1.0
0.0,50,2692.347673,1.0
-12.0,50,2692.912522,1.0
-18.0,50,2693.491595,1.0
-44.0,50,2694.050966,1.0
-45.0,50,2694.60358,0.0
-39.0,50,2695.162796,1.0
-12.0,50,2695.731004,1.0
-50.0,50,2696.288174,0.0
-29.0,50,2696.84086,1.0
-17.0,50,2697.3952,1.0
-49.0,50,2697.957016,1.0
-10.0,50,2698.5077,1.0
-2.0,50,2699.067238,1.0
-10.0,50,2699.624101,1.0
-8.0,50,2700.189297,1.0
-14.0,50,2700.743198,1.0
-23.0,50,2701.301015,1.0
-48.0,50,2701.851601,0.0
-9.0,50,2702.416025,1.0
-50.0,50,2702.968557,0.0
-21.0,50,2703.526008,1.0
-20.0,50,2704.084507,1.0
0.0,50,2704.652315,1.0
-8.0,50,2705.202606,1.0
-8.0,50,2705.762257,1.0
-13.0,50,2706.31411,1.0
-10.0,50,2706.874996,1.0
-47.0,50,2707.435491,0.0
-50.0,50,2707.985768,0.0
-10.0,50,2708.546516,1.0
-46.0,50,2709.111245,0.0
-25.0,50,2709.672459,1.0
-14.0,50,2710.235484,1.0
-14.0,50,2710.7945,1.0
-23.0,50,2711.360348,1.0
-13.0,50,2711.916313,1.0
-50.0,50,2712.470435,0.0
-47.0,50,2713.026205,1.0
-31.0,50,2713.59421,1.0
-8.0,50,2714.150828,1.0
-50.0,50,2714.703952,0.0
-25.0,50,2715.260043,1.0
-12.0,50,2715.822195,1.0
-47.0,50,2716.378865,0.0
-47.0,50,2716.933516,1.0
-50.0,50,2717.500499,0.0
-8.0,50,2720.446066,1.0
-7.0,50,2721.004159,1.0
-50.0,50,2721.553842,0.0
-21.0,50,2722.109295,1.0
0.0,50,2722.674198,1.0
-50.0,50,2723.230062,0.0
-16.0,50,2723.788275,1.0
0.0,50,2724.343481,1.0
-50.0,50,2724.908207,0.0
-45.0,50,2725.466715,0.0
-19.0,50,2726.022415,1.0
-6.0,50,2726.581534,1.0
-50.0,50,2727.146532,0.0
-18.0,50,2727.704866,1.0
-12.0,50,2728.26471,1.0
-50.0,50,2728.81824,0.0
-14.0,50,2729.387105,1.0
-10.0,50,2729.943939,1.0
-50.0,50,2730.502988,0.0
-50.0,50,2731.052227,0.0
-16.0,50,2731.620667,1.0
-7.0,50,2732.183048,1.0
-50.0,50,2732.731302,0.0
-22.0,50,2733.288294,1.0
-50.0,50,2733.859597,0.0
-27.0,50,2734.413647,1.0
0.0,50,2734.966491,1.0
-18.0,50,2735.528903,1.0
-7.0,50,2736.094452,1.0
-15.0,50,2736.649408,1.0
-13.0,50,2737.203088,1.0
-50.0,50,2737.759529,0.0
-8.0,50,2738.325837,1.0
-50.0,50,2738.879444,0.0
-7.0,50,2739.439336,1.0
-48.0,50,2739.997414,0.0
-10.0,50,2740.564028,1.0
-13.0,50,2741.116945,1.0
-42.0,50,2741.67793,0.0
-50.0,50,2742.237436,0.0
-29.0,50,2742.804041,1.0
-14.0,50,2743.361173,1.0
-17.0,50,2743.918837,1.0
-10.0,50,2744.47986,1.0
-5.0,50,2745.050857,1.0
-50.0,50,2745.601433,0.0
-15.0,50,2746.162709,1.0
-34.0,50,2746.733759,0.0
-10.0,50,2747.302292,1.0
-36.0,50,2747.861292,1.0
-13.0,50,2748.420429,1.0
-10.0,50,2748.976602,1.0
0.0,50,2749.547508,1.0
-17.0,50,2750.103818,1.0
-40.0,50,2750.657505,1.0
-50.0,50,2751.214736,0.0
-25.0,50,2751.776584,1.0
-6.0,50,2752.336524,1.0
-12.0,50,2752.89695,1.0
-11.0,50,2753.45657,1.0
-48.0,50,2754.037969,0.0
0.0,50,2754.593335,1.0
-50.0,50,2755.143703,0.0
-7.0,50,2755.70624,1.0
-6.0,50,2756.275068,1.0
-32.0,50,2756.827085,0.0
-12.0,50,2757.38992,1.0
-16.0,50,2757.94766,1.0
-50.0,50,2758.514006,0.0
-18.0,50,2759.069496,1.0
-15.0,50,2759.62552,1.0
-32.0,50,2760.182481,0.0
-10.0,50,2760.748664,1.0
-9.0,50,2761.311085,1.0
-12.0,50,2761.868127,1.0
-8.0,50,2762.428358,1.0
-14.0,50,2762.995797,1.0
-44.0,50,2763.550456,0.0
-19.0,50,2764.112772,1.0
-21.0,50,2764.667964,1.0
-18.0,50,2765.239066,1.0
-18.0,50,2765.799359,1.0
-42.0,50,2766.354481,1.0
-50.0,50,2766.912216,0.0
-11.0,50,2767.479251,1.0
0.0,50,2768.038969,1.0
-49.0,50,2768.586923,0.0
-50.0,50,2769.147581,0.0
-20.0,50,2769.714179,1.0
-48.0,50,2770.265541,0.0
-5.0,50,2770.820886,1.0
-18.0,50,2771.375787,1.0
-48.0,50,2771.938071,0.0
-8.0,50,2772.498146,1.0
-35.0,50,2773.054601,0.0
-50.0,50,2773.607694,0.0
-5.0,50,2774.168332,1.0
-9.0,50,2774.722799,1.0
0.0,50,2775.281619,1.0
-8.0,50,2775.841162,1.0
-50.0,50,2776.401872,0.0
-18.0,50,2776.961293,1.0
-50.0,50,2777.518246,0.0
-15.0,50,2778.075852,1.0
-18.0,50,2778.639664,1.0
-15.0,50,2779.19699,1.0
-14.0,50,2779.755579,1.0
-50.0,50,2780.306545,0.0
-50.0,50,2780.868237,0.0
-11.0,50,2781.423765,1.0
-29.0,50,2781.98123,1.0
-12.0,50,2782.539587,1.0
-11.0,50,2783.111181,1.0
-8.0,50,2783.679669,1.0
-34.0,50,2784.23392,1.0
-12.0,50,2784.783381,1.0
-9.0,50,2785.351813,1.0
-14.0,50,2785.90638,1.0
-6.0,50,2786.469877,1.0
-50.0,50,2787.021588,0.0
-50.0,50,2787.597771,0.0
-13.0,50,2788.154852,1.0
-23.0,50,2788.710035,1.0
-38.0,50,2789.262538,0.0
-41.0,50,2789.825693,0.0
-27.0,50,2790.384886,1.0
-45.0,50,2790.939826,0.0
-36.0,50,2791.496507,1.0
-12.0,50,2792.062493,1.0
-13.0,50,2792.618273,1.0
-17.0,50,2793.17894,1.0
-13.0,50,2793.735815,1.0
-19.0,50,2794.30166,1.0
-19.0,50,2794.853667,1.0
-50.0,50,2795.408911,0.0
-13.0,50,2795.961481,1.0
-8.0,50,2796.534703,1.0
-50.0,50,2797.085491,0.0
-48.0,50,2797.630629,0.0
-4.0,50,2798.184963,1.0
-50.0,50,2798.741306,0.0
-13.0,50,2799.290308,1.0
-13.0,50,2799.846286,1.0
0.0,50,2800.400131,1.0
-10.0,50,2800.971458,1.0
-21.0,50,2801.52831,1.0
-46.0,50,2802.087845,0.0
-11.0,50,2802.645636,1.0
-9.0,50,2803.213006,1.0
-50.0,50,2803.762724,0.0
-8.0,50,2804.3238,1.0
-49.0,50,2804.876979,0.0
-6.0,50,2805.445471,1.0
-8.0,50,2806.003285,1.0
-11.0,50,2806.55931,1.0
-15.0,50,2807.118662,1.0
-30.0,50,2807.684966,0.0
-48.0,50,2808.23935,0.0
0.0,50,2808.800179,1.0
-7.0,50,2809.35807,1.0
-25.0,50,2809.92803,1.0
-15.0,50,2810.490382,1.0
-2.0,50,2811.050357,1.0
-48.0,50,2811.604436,0.0
-14.0,50,2812.169196,1.0
-14.0,50,2812.725227,1.0
0.0,50,2813.297414,1.0
-50.0,50,2813.850041,0.0
-30.0,50,2814.413356,1.0
-19.0,50,2814.970314,1.0
-47.0,50,2815.525394,0.0
-44.0,50,2816.07728,0.0
-50.0,50,2816.644252,0.0
-9.0,50,2817.202842,1.0
-13.0,50,2817.759817,1.0
-24.0,50,2818.316097,1.0
-8.0,50,2818.879264,1.0
-6.0,50,2819.441066,1.0
-49.0,50,2819.995353,0.0
0.0,50,2820.550319,1.0
-13.0,50,2821.119529,1.0
-30.0,50,2821.67324,1.0
-1.0,50,2822.228921,0.0
-50.0,50,2822.78102,0.0
-12.0,50,2823.350189,1.0
-14.0,50,2823.904373,1.0
-7.0,50,2824.466167,1.0
-10.0,50,2825.022146,1.0
0.0,50,2825.591386,1.0
-12.0,50,2826.150274,1.0
-16.0,50,2826.70436,1.0
-34.0,50,2827.259148,0.0
-9.0,50,2827.821274,1.0
-8.0,50,2828.375417,1.0
-11.0,50,2828.933264,0.0
-12.0,50,2829.494116,1.0
-13.0,50,2830.091964,1.0
0.0,50,2830.651507,1.0
-7.0,50,2831.214189,1.0
-11.0,50,2831.77489,1.0
-23.0,50,2834.778946,1.0
-6.0,50,2835.339347,1.0
-15.0,50,2835.899715,1.0
-20.0,50,2836.462024,1.0
-16.0,50,2837.032201,1.0
-6.0,50,2837.593884,1.0
-15.0,50,2838.155413,1.0
-50.0,50,2838.711432,0.0
-9.0,50,2839.284493,1.0
-24.0,50,2839.836639,1.0
-19.0,50,2840.399051,1.0
-11.0,50,2840.962305,1.0
-10.0,50,2841.531294,1.0
-50.0,50,2842.082163,0.0
-11.0,50,2842.650228,1.0
-12.0,50,2843.216712,1.0
-11.0,50,2843.782102,1.0
-47.0,50,2844.339392,0.0
-23.0,50,2844.895525,1.0
-11.0,50,2845.454374,1.0
-8.0,50,2846.029687,1.0
-47.0,50,2846.584398,0.0
-34.0,50,2847.143048,1.0
-14.0,50,2847.704506,1.0
-10.0,50,2848.287493,1.0
-49.0,50,2848.84417,0.0
-10.0,50,2849.398624,1.0
-21.0,50,2849.951838,1.0
-3.0,50,2850.52088,1.0
-29.0,50,2851.07485,1.0
-10.0,50,2851.628451,1.0
-8.0,50,2852.182536,1.0
-13.0,50,2852.746809,1.0
-7.0,50,2853.299933,1.0
-26.0,50,2853.850377,1.0
-8.0,50,2854.405722,1.0
-50.0,50,2854.965295,0.0
-10.0,50,2855.517148,1.0
-8.0,50,2856.071217,1.0
-23.0,50,2856.623837,1.0
-10.0,50,2857.187268,1.0
-13.0,50,2857.745921,1.0
-50.0,50,2858.298604,0.0
-17.0,50,2858.854752,1.0
-11.0,50,2859.418953,1.0
-19.0,50,2859.974474,1.0
-8.0,50,2860.532685,1.0
-16.0,50,2861.087869,1.0
-38.0,50,2861.655698,1.0
-6.0,50,2862.211887,1.0
-12.0,50,2862.764303,1.0
-11.0,50,2863.315293,1.0
-10.0,50,2863.888449,1.0
0.0,50,2864.443768,1.0
-10.0,50,2864.993564,1.0
-50.0,50,2865.545971,0.0
-17.0,50,2866.114914,1.0
-15.0,50,2866.668392,1.0
-15.0,50,2867.218915,1.0
-50.0,50,2867.768127,0.0
-6.0,50,2868.338932,1.0
-16.0,50,2868.89081,1.0
-20.0,50,2869.445415,1.0
-7.0,50,2870.004925,1.0
-21.0,50,2870.577927,1.0
-15.0,50,2871.135879,1.0
-16.0,50,2871.695112,1.0
-12.0,50,2872.246766,1.0
-18.0,50,2872.816268,1.0
-46.0,50,2873.374709,0.0
-9.0,50,2873.932666,1.0
-12.0,50,2874.487925,1.0
-7.0,50,2875.058722,1.0
-17.0,50,2875.60827,1.0
-21.0,50,2876.163873,1.0
-50.0,50,2876.715891,0.0
-9.0,50,2877.282072,1.0
-9.0,50,2877.834949,1.0
-50.0,50,2878.388845,0.0
-14.0,50,2878.939129,1.0
-12.0,50,2879.499002,1.0
-17.0,50,2880.054864,1.0
-8.0,50,2880.607492,1.0
-19.0,50,2881.158375,1.0
-11.0,50,2881.732708,1.0
-10.0,50,2882.289447,1.0
-17.0,50,2882.842858,1.0
-20.0,50,2883.392585,1.0
-11.0,50,2883.957998,1.0
-19.0,50,2884.517898,1.0
-6.0,50,2885.074837,1.0
-13.0,50,2885.629052,1.0
-35.0,50,2886.19112,1.0
-21.0,50,2886.743839,1.0
0.0,50,2887.297175,1.0
0.0,50,2887.850959,1.0
0.0,50,2888.408533,1.0
-14.0,50,2888.965703,1.0
-31.0,50,2889.517528,1.0
-7.0,50,2890.072019,1.0
-50.0,50,2890.639393,0.0
-15.0,50,2891.193309,1.0
-13.0,50,2891.747622,1.0
-10.0,50,2892.305994,1.0
-14.0,50,2892.870555,1.0
-17.0,50,2893.422616,0.0
-6.0,50,2893.981088,1.0
-50.0,50,2894.530375,0.0
-2.0,50,2895.089862,1.0
-13.0,50,2895.646067,1.0
-31.0,50,2896.200586,1.0
-50.0,50,2896.750657,0.0
-8.0,50,2897.310767,1.0
-4.0,50,2897.864814,1.0
-46.0,50,2898.418685,1.0
-13.0,50,2898.973098,1.0
-7.0,50,2899.535974,1.0
-16.0,50,2900.088894,1.0
-18.0,50,2900.637632,1.0
-13.0,50,2901.193524,1.0
-28.0,50,2901.803467,1.0
-2.0,50,2902.358949,1.0
-12.0,50,2902.917041,1.0
-16.0,50,2903.479692,1.0
-10.0,50,2904.045171,1.0
-24.0,50,2904.603358,1.0
-16.0,50,2905.158879,1.0
-50.0,50,2905.718388,0.0
-5.0,50,2906.284078,1.0
-8.0,50,2906.845308,1.0
-50.0,50,2907.403823,0.0
-14.0,50,2907.960837,1.0
-19.0,50,2908.531012,1.0
-28.0,50,2909.090227,1.0
-7.0,50,2909.640798,1.0
0.0,50,2910.193967,1.0
-12.0,50,2910.747199,1.0
-17.0,50,2911.295868,1.0
-5.0,50,2911.847255,1.0
-26.0,50,2912.396529,1.0
-42.0,50,2912.960739,1.0
-12.0,50,2913.517508,1.0
-15.0,50,2914.076287,1.0
-10.0,50,2914.629926,1.0
-15.0,50,2915.196629,1.0
-11.0,50,2915.752562,1.0
-22.0,50,2916.307312,1.0
-13.0,50,2916.857846,1.0
0.0,50,2917.429006,1.0
-29.0,50,2917.981059,1.0
-11.0,50,2918.542196,1.0
-9.0,50,2919.100893,1.0
-18.0,50,2919.664903,1.0
0.0,50,2920.223077,1.0
-16.0,50,2920.778384,1.0
-22.0,50,2921.337301,1.0
0.0,50,2921.90993,1.0
-11.0,50,2922.465414,1.0
-50.0,50,2923.019808,0.0
-14.0,50,2923.572334,1.0
0.0,50,2924.14827,1.0
-9.0,50,2924.704377,1.0
-9.0,50,2925.263423,1.0
0.0,50,2925.820316,1.0
-13.0,50,2926.384404,1.0
-33.0,50,2926.94214,1.0
-9.0,50,2927.492988,1.0
-10.0,50,2928.050779,1.0
-50.0,50,2928.615322,0.0
-13.0,50,2929.170499,1.0
-9.0,50,2929.724438,1.0
-16.0,50,2930.281282,1.0
-23.0,50,2930.846291,1.0
0.0,50,2931.408046,1.0
0.0,50,2931.964201,1.0
0.0,50,2932.525311,1.0
-16.0,50,2933.104399,1.0
-9.0,50,2933.671147,1.0
-49.0,50,2934.225138,0.0
-14.0,50,2934.779853,1.0
-14.0,50,2935.343734,1.0
-39.0,50,2935.896466,0.0
-49.0,50,2936.450082,0.0
-13.0,50,2937.000965,1.0
-6.0,50,2937.56811,1.0
-6.0,50,2938.121536,1.0
-12.0,50,2938.674548,1.0
-16.0,50,2939.22283,1.0
-50.0,50,2939.783921,0.0
-13.0,50,2940.331475,1.0
-50.0,50,2940.881788,0.0
0.0,50,2941.435222,1.0
-8.0,50,2941.994243,1.0
-9.0,50,2942.538942,1.0
-12.0,50,2943.084484,1.0
-15.0,50,2943.634514,1.0
-15.0,50,2944.195487,1.0
-8.0,50,2944.74671,1.0
-11.0,50,2945.295074,1.0
-7.0,50,2945.845003,1.0
-31.0,50,2948.717542,1.0
-7.0,50,2949.269172,1.0
-5.0,50,2949.81631,1.0
-17.0,50,2950.365899,1.0
0.0,50,2950.923168,1.0
-9.0,50,2951.472077,1.0
-50.0,50,2952.022934,0.0
-11.0,50,2952.576969,1.0
-18.0,50,2953.138101,1.0
-13.0,50,2953.685163,1.0
-26.0,50,2954.239419,1.0
-35.0,50,2954.788124,1.0
-7.0,50,2955.347136,1.0
-16.0,50,2955.897142,1.0
-29.0,50,2956.447829,1.0
-50.0,50,2956.996331,0.0
-9.0,50,2957.554896,1.0
0.0,50,2958.103258,1.0
0.0,50,2958.653951,1.0
-50.0,50,2959.201142,0.0
-8.0,50,2959.775375,1.0
-13.0,50,2960.329327,1.0
-5.0,50,2960.879201,1.0
-19.0,50,2961.429125,1.0
-15.0,50,2961.98521,1.0
-25.0,50,2962.540436,1.0
-11.0,50,2963.101556,1.0
-8.0,50,2963.653973,1.0
-37.0,50,2964.2112,0.0
-14.0,50,2964.763389,1.0
-17.0,50,2965.313038,1.0
-11.0,50,2965.864392,1.0
-14.0,50,2966.423066,1.0
-9.0,50,2966.974149,1.0
-13.0,50,2967.524555,1.0
-12.0,50,2968.080809,1.0
-7.0,50,2968.6466,1.0
-12.0,50,2969.198431,1.0
-12.0,50,2969.749038,1.0
-9.0,50,2970.299659,1.0
0.0,50,2970.861886,1.0
-13.0,50,2971.416729,1.0
-37.0,50,2971.963186,1.0
-50.0,50,2972.519855,0.0
-40.0,50,2973.081429,0.0
-50.0,50,2973.63037,0.0
-20.0,50,2974.180372,1.0
0.0,50,2974.732465,1.0
-50.0,50,2975.291883,0.0
-50.0,50,2975.83989,0.0
-48.0,50,2976.390469,1.0
-13.0,50,2976.941277,1.0
-8.0,50,2977.503811,1.0
-11.0,50,2978.050124,1.0
-21.0,50,2978.600505,1.0
-13.0,50,2979.151283,1.0
-18.0,50,2979.720672,1.0
-21.0,50,2980.275605,1.0
-20.0,50,2980.82901,1.0
-13.0,50,2981.385602,1.0
-49.0,50,2981.946402,0.0
-13.0,50,2982.504427,1.0
-22.0,50,2983.058132,1.0
-13.0,50,2983.614533,1.0
-15.0,50,2984.179323,1.0
-40.0,50,2984.735977,0.0
-17.0,50,2985.290696,1.0
-18.0,50,2985.842862,1.0
-14.0,50,2986.409394,1.0
-15.0,50,2986.96662,1.0
-15.0,50,2987.519408,1.0
-8.0,50,2988.071515,1.0
-8.0,50,2988.637431,1.0
-14.0,50,2989.195592,1.0
-7.0,50,2989.754245,1.0
-11.0,50,2990.313749,1.0
-12.0,50,2990.88696,1.0
-11.0,50,2991.449005,1.0
-22.0,50,2992.007144,1.0
0.0,50,2992.560545,1.0
-15.0,50,2993.132529,1.0
-15.0,50,2993.697261,1.0
-19.0,50,2994.253622,1.0
-20.0,50,2994.814879,1.0
-14.0,50,2995.388912,1.0
-13.0,50,2995.947189,1.0
-10.0,50,2996.503216,1.0
-14.0,50,2997.066077,1.0
-40.0,50,2997.636942,0.0
-10.0,50,2998.186642,1.0
-13.0,50,2998.742566,1.0
-12.0,50,2999.296774,1.0
-21.0,50,2999.864475,1.0
-17.0,50,3000.419553,1.0
-11.0,50,3000.970695,1.0
-11.0,50,3001.533067,1.0
-12.0,50,3002.101941,1.0
-4.0,50,3002.655864,1.0
-3.0,50,3003.208597,1.0
-11.0,50,3003.765738,1.0
-9.0,50,3004.333879,1.0
-9.0,50,3004.890094,1.0
-11.0,50,3005.441693,1.0
-9.0,50,3005.994333,1.0
-7.0,50,3006.562003,1.0
0.0,50,3007.119299,1.0
-7.0,50,3007.675444,1.0
-11.0,50,3008.226519,1.0
-16.0,50,3008.797433,1.0
-37.0,50,3009.353571,0.0
-18.0,50,3009.907616,1.0
-25.0,50,3010.464971,1.0
-16.0,50,3011.04688,1.0
-5.0,50,3011.610298,1.0
-50.0,50,3012.166716,0.0
-8.0,50,3012.71806,1.0
-27.0,50,3013.289844,1.0
-7.0,50,3013.846051,1.0
-18.0,50,3014.40369,1.0
-27.0,50,3014.957312,1.0
-21.0,50,3015.530048,1.0
-11.0,50,3016.085472,1.0
-9.0,50,3016.642251,1.0
-8.0,50,3017.196797,1.0
-50.0,50,3017.799068,0.0
-6.0,50,3018.352625,1.0
-11.0,50,3018.907608,1.0
-50.0,50,3019.46411,0.0
-1.0,50,3020.034213,1.0
-11.0,50,3020.592347,1.0
-50.0,50,3021.141883,0.0
-8.0,50,3021.693265,1.0
-13.0,50,3022.284024,1.0
-16.0,50,3022.836588,1.0
-5.0,50,3023.392482,1.0
-14.0,50,3023.939996,1.0
-6.0,50,3024.498134,1.0
-14.0,50,3025.045399,1.0
-6.0,50,3025.59197,1.0
-36.0,50,3026.14381,1.0
-50.0,50,3026.710139,0.0
-20.0,50,3027.269006,1.0
-12.0,50,3027.82208,1.0
-26.0,50,3028.371986,1.0
-49.0,50,3028.935458,0.0
-27.0,50,3029.488214,0.0
-10.0,50,3030.041947,1.0
-15.0,50,3030.598958,1.0
-10.0,50,3031.165938,1.0
-8.0,50,3031.721373,1.0
-18.0,50,3032.274535,1.0
-12.0,50,3032.834372,1.0
-12.0,50,3033.401461,1.0
-20.0,50,3033.955163,1.0
-15.0,50,3034.507661,1.0
-22.0,50,3035.058406,1.0
-11.0,50,3035.623774,1.0
0.0,50,3036.173249,1.0
-13.0,50,3036.729615,1.0
-24.0,50,3037.279993,1.0
-10.0,50,3037.847706,1.0
-26.0,50,3038.400961,1.0
-12.0,50,3038.950407,1.0
-10.0,50,3039.503796,1.0
-18.0,50,3040.06343,1.0
-15.0,50,3040.615124,1.0
-19.0,50,3041.165194,1.0
-21.0,50,3041.714313,1.0
-50.0,50,3042.2743,0.0
-5.0,50,3042.824023,1.0
-16.0,50,3043.371216,1.0
-14.0,50,3043.922877,1.0
-50.0,50,3044.485461,0.0
-11.0,50,3045.030113,1.0
-50.0,50,3045.582152,0.0
-41.0,50,3046.130478,1.0
-16.0,50,3046.691137,1.0
-11.0,50,3047.238951,1.0
-37.0,50,3047.785922,0.0
-20.0,50,3048.334491,1.0
-50.0,50,3048.897331,0.0
-43.0,50,3049.448968,1.0
-13.0,50,3050.005578,1.0
-10.0,50,3050.565382,1.0
-48.0,50,3051.134471,0.0
-19.0,50,3051.683681,1.0
-7.0,50,3052.228026,1.0
-36.0,50,3052.779127,1.0
-7.0,50,3053.340975,1.0
-5.0,50,3053.892164,1.0
-12.0,50,3054.439126,1.0
-17.0,50,3054.984486,1.0
-10.0,50,3055.56013,1.0
-12.0,50,3056.1105,1.0
-13.0,50,3056.661065,0.0
-11.0,50,3057.207899,1.0
-23.0,50,3057.766854,1.0
0.0,50,3058.310041,1.0
-17.0,50,3058.857249,1.0
-48.0,50,3059.408493,0.0
-12.0,50,3062.219991,1.0
-29.0,50,3062.766162,1.0
-46.0,50,3063.314194,0.0
-11.0,50,3063.859425,1.0
-43.0,50,3064.421377,0.0
0.0,50,3064.969272,1.0
-13.0,50,3065.518079,1.0
-28.0,50,3066.069491,1.0
-47.0,50,3066.626988,0.0
-48.0,50,3067.178493,0.0
-11.0,50,3067.728295,1.0
-8.0,50,3068.274374,1.0
-11.0,50,3068.839254,1.0
-2.0,50,3069.389054,1.0
-12.0,50,3069.941415,1.0
-8.0,50,3070.491657,1.0
-3.0,50,3071.066474,1.0
-6.0,50,3071.616128,1.0
-8.0,50,3072.178109,1.0
-12.0,50,3072.72835,1.0
-49.0,50,3073.28933,0.0
-50.0,50,3073.838214,0.0
-21.0,50,3074.387422,1.0
-9.0,50,3074.936291,1.0
-17.0,50,3075.499683,1.0
-9.0,50,3076.050593,1.0
-47.0,50,3076.60136,0.0
0.0,50,3077.152698,1.0
-12.0,50,3077.710258,1.0
-19.0,50,3078.259725,1.0
0.0,50,3078.805181,1.0
-13.0,50,3079.356514,1.0
-18.0,50,3079.920915,1.0
-43.0,50,3080.473279,1.0
-14.0,50,3081.024066,1.0
-12.0,50,3081.578006,1.0
-49.0,50,3082.141504,0.0
-16.0,50,3082.691935,1.0
-16.0,50,3083.249473,1.0
-50.0,50,3083.801608,0.0
-50.0,50,3084.363174,0.0
-15.0,50,3084.915879,1.0
0.0,50,3085.473709,1.0
0.0,50,3086.031191,1.0
-50.0,50,3086.598916,0.0
-17.0,50,3087.152788,1.0
-8.0,50,3087.708605,1.0
-26.0,50,3088.264126,1.0
-15.0,50,3088.830286,1.0
-23.0,50,3089.384243,1.0
-50.0,50,3089.938336,0.0
-10.0,50,3090.499531,1.0
-10.0,50,3091.065097,1.0
-17.0,50,3091.620551,1.0
-42.0,50,3092.18025,0.0
-16.0,50,3092.738206,1.0
-12.0,50,3093.309962,1.0
-11.0,50,3093.86631,1.0
-15.0,50,3094.41823,1.0
-14.0,50,3094.966815,1.0
-10.0,50,3095.535815,1.0
-11.0,50,3096.093612,1.0
-20.0,50,3096.647695,1.0
-14.0,50,3097.200655,1.0
-10.0,50,3097.76728,1.0
-11.0,50,3098.319496,1.0
-11.0,50,3098.875035,1.0
-11.0,50,3099.433666,1.0
-8.0,50,3100.003749,1.0
-14.0,50,3100.559079,1.0
-44.0,50,3101.112585,1.0
-50.0,50,3101.672631,0.0
-12.0,50,3102.239157,1.0
-9.0,50,3102.797758,1.0
-50.0,50,3103.35382,0.0
-6.0,50,3103.909127,1.0
-13.0,50,3104.469059,1.0
-22.0,50,3105.026571,1.0
-23.0,50,3105.582917,1.0
-9.0,50,3106.137816,1.0
0.0,50,3106.696167,1.0
-13.0,50,3107.246753,1.0
-9.0,50,3107.800097,1.0
-25.0,50,3108.357598,1.0
-17.0,50,3108.922398,1.0
-4.0,50,3109.475461,0.0
0.0,50,3110.037216,1.0
-10.0,50,3110.592142,1.0
-10.0,50,3111.156657,1.0
-10.0,50,3111.71997,1.0
0.0,50,3112.27107,1.0
0.0,50,3112.827498,1.0
-50.0,50,3113.402944,0.0
-11.0,50,3113.963563,1.0
-30.0,50,3114.52384,1.0
0.0,50,3115.082972,1.0
-13.0,50,3115.642352,1.0
-3.0,50,3116.201237,1.0
-10.0,50,3116.753772,1.0
-24.0,50,3117.305784,1.0
-10.0,50,3117.872101,1.0
-11.0,50,3118.425801,1.0
-17.0,50,3118.982778,1.0
-6.0,50,3119.537165,1.0
-12.0,50,3120.098443,1.0
-28.0,50,3120.652355,1.0
-50.0,50,3121.210729,0.0
-12.0,50,3121.769806,1.0
-13.0,50,3122.334187,1.0
-6.0,50,3122.891306,1.0
-7.0,50,3123.449923,1.0
-50.0,50,3124.003614,0.0
-38.0,50,3124.574771,0.0
-10.0,50,3125.126228,1.0
-9.0,50,3125.679104,1.0
-15.0,50,3126.23132,1.0
0.0,50,3126.792839,1.0
-47.0,50,3127.344511,0.0
-12.0,50,3127.905273,1.0
-11.0,50,3128.460732,1.0
-9.0,50,3129.026179,1.0
-13.0,50,3129.586792,1.0
-10.0,50,3130.151515,1.0
-15.0,50,3130.709558,1.0
-50.0,50,3131.284011,0.0
-29.0,50,3131.842749,1.0
-12.0,50,3132.402802,1.0
-18.0,50,3132.960324,1.0
-7.0,50,3133.535359,1.0
-9.0,50,3134.095404,1.0
-9.0,50,3134.653017,1.0
-16.0,50,3135.213236,1.0
-12.0,50,3135.789358,1.0
-10.0,50,3136.335244,1.0
-15.0,50,3136.885364,1.0
0.0,50,3137.432504,1.0
-10.0,50,3138.002133,1.0
-6.0,50,3138.561817,1.0
-12.0,50,3139.118782,1.0
-17.0,50,3139.67902,1.0
-4.0,50,3140.246885,1.0
-14.0,50,3140.805753,0.0
-19.0,50,3141.362902,1.0
-8.0,50,3141.912814,1.0
-31.0,50,3142.474311,1.0
-13.0,50,3143.026006,1.0
-10.0,50,3143.581999,1.0
-11.0,50,3144.132326,1.0
-28.0,50,3144.710319,1.0
-30.0,50,3145.271631,1.0
-12.0,50,3145.833002,1.0
-11.0,50,3146.396024,1.0
-32.0,50,3146.961127,1.0
-20.0,50,3147.511463,1.0
-50.0,50,3148.065638,0.0
-6.0,50,3148.623548,1.0
-11.0,50,3149.187352,1.0
-14.0,50,3149.740467,1.0
-10.0,50,3150.300185,1.0
-11.0,50,3150.857437,1.0
-21.0,50,3151.422471,1.0
-5.0,50,3151.986659,1.0
-43.0,50,3152.546812,0.0
-5.0,50,3153.099416,1.0
0.0,50,3153.662388,1.0
-7.0,50,3154.213612,1.0
-50.0,50,3154.765994,0.0
-28.0,50,3155.322067,1.0
-15.0,50,3155.887548,1.0
-9.0,50,3156.447117,1.0
-13.0,50,3156.998309,1.0
-27.0,50,3157.5565,1.0
-10.0,50,3158.120079,1.0
-13.0,50,3158.672287,1.0
-48.0,50,3159.223183,0.0
-22.0,50,3159.780096,0.0
-6.0,50,3160.348465,1.0
-28.0,50,3160.902277,1.0
-9.0,50,3161.454014,1.0
-20.0,50,3162.005392,0.0
-10.0,50,3162.576038,1.0
0.0,50,3163.130769,1.0
-12.0,50,3163.690294,1.0
-50.0,50,3164.24575,0.0
-10.0,50,3164.815168,1.0
-45.0,50,3165.368592,0.0
-16.0,50,3165.924281,1.0
-5.0,50,3166.481209,1.0
0.0,50,3167.043316,1.0
-10.0,50,3167.598299,1.0
-15.0,50,3168.150804,1.0
-8.0,50,3168.727955,1.0
-11.0,50,3169.294122,1.0
-8.0,50,3169.849011,1.0
0.0,50,3170.40416,1.0
-7.0,50,3170.957893,1.0
-47.0,50,3171.520196,0.0
-1.0,50,3172.072196,1.0
-18.0,50,3172.625545,1.0
-9.0,50,3173.1845,1.0
-11.0,50,3176.149178,1.0
-46.0,50,3176.708997,0.0
-9.0,50,3177.264257,1.0
0.0,50,3177.815016,1.0
-7.0,50,3178.380585,1.0
-7.0,50,3178.941177,1.0
-23.0,50,3179.498243,1.0
0.0,50,3180.051743,1.0
-13.0,50,3180.61867,1.0
-10.0,50,3181.170939,1.0
-27.0,50,3181.731726,1.0
-26.0,50,3182.286883,1.0
-25.0,50,3182.853645,1.0
-50.0,50,3183.40776,0.0
-50.0,50,3183.966882,0.0
-14.0,50,3184.530809,1.0
-6.0,50,3185.101836,1.0
-10.0,50,3185.659267,1.0
-50.0,50,3186.213523,0.0
-11.0,50,3186.768386,1.0
-34.0,50,3187.338098,1.0
-20.0,50,3187.896064,1.0
-50.0,50,3188.462506,0.0
-41.0,50,3189.018617,0.0
-12.0,50,3189.591348,1.0
-8.0,50,3190.151133,1.0
-7.0,50,3190.705686,1.0
-11.0,50,3191.261913,1.0
-17.0,50,3191.834434,1.0
-25.0,50,3192.391209,1.0
-50.0,50,3192.948729,0.0
-16.0,50,3193.503715,0.0
-31.0,50,3194.08742,1.0
-18.0,50,3194.646546,1.0
-4.0,50,3195.205903,1.0
-29.0,50,3195.769792,0.0
-11.0,50,3196.348575,1.0
-23.0,50,3196.905363,1.0
-18.0,50,3197.463627,1.0
0.0,50,3198.021743,1.0
-5.0,50,3198.598445,1.0
0.0,50,3199.16141,1.0
-48.0,50,3199.715576,0.0
-10.0,50,3200.275652,1.0
0.0,50,3200.849481,1.0
0.0,50,3201.406873,1.0
-10.0,50,3201.959914,0.0
-4.0,50,3202.517418,1.0
-14.0,50,3203.092444,1.0
-46.0,50,3203.651799,0.0
-15.0,50,3204.211197,1.0
-19.0,50,3204.768601,1.0
-13.0,50,3205.334275,1.0
-17.0,50,3205.889056,1.0
-27.0,50,3206.443403,1.0
-50.0,50,3207.000065,0.0
-9.0,50,3207.560638,1.0
-19.0,50,3208.112683,1.0
0.0,50,3208.663779,1.0
-12.0,50,3209.219662,1.0
-16.0,50,3209.783819,1.0
-10.0,50,3210.339735,1.0
-13.0,50,3210.890677,1.0
0.0,50,3211.446612,1.0
-14.0,50,3212.008799,1.0
-13.0,50,3212.562217,1.0
-13.0,50,3213.113964,1.0
-13.0,50,3213.668131,1.0
-22.0,50,3214.22989,1.0
-50.0,50,3214.787893,0.0
-16.0,50,3215.342725,1.0
-12.0,50,3215.894946,1.0
-21.0,50,3216.460883,1.0
-13.0,50,3217.013937,1.0
-13.0,50,3217.565743,1.0
-6.0,50,3218.121666,1.0
-11.0,50,3218.691171,1.0
-50.0,50,3219.242152,0.0
-10.0,50,3219.800229,1.0
-11.0,50,3220.355717,1.0
-1.0,50,3220.922042,1.0
-21.0,50,3221.480268,1.0
-16.0,50,3222.039044,1.0
-12.0,50,3222.596682,1.0
-13.0,50,3223.165278,1.0
-10.0,50,3223.719765,1.0
-9.0,50,3224.280348,1.0
-18.0,50,3224.840388,1.0
0.0,50,3225.401045,1.0
-12.0,50,3225.952806,1.0
-10.0,50,3226.509213,1.0
-17.0,50,3227.06338,1.0
-50.0,50,3227.631514,0.0
-17.0,50,3228.189258,1.0
-16.0,50,3228.744069,1.0
-3.0,50,3229.303728,1.0
-12.0,50,3229.871776,1.0
-6.0,50,3230.435129,1.0
-15.0,50,3230.996293,1.0
-7.0,50,3231.555844,1.0
-28.0,50,3232.129516,1.0
-21.0,50,3232.689055,1.0
-50.0,50,3233.250662,0.0
0.0,50,3233.809653,1.0
-48.0,50,3234.373212,0.0
0.0,50,3234.927648,1.0
-9.0,50,3235.487994,1.0
-50.0,50,3236.047285,0.0
-50.0,50,3236.613153,0.0
-50.0,50,3237.168753,0.0
-12.0,50,3237.723023,1.0
-6.0,50,3238.280353,1.0
-11.0,50,3238.847215,1.0
-15.0,50,3239.4087,1.0
-6.0,50,3239.965462,1.0
-7.0,50,3240.524045,1.0
-47.0,50,3241.098752,1.0
-10.0,50,3241.653303,1.0
-19.0,50,3242.205914,1.0
-15.0,50,3242.759115,1.0
-22.0,50,3243.327539,1.0
0.0,50,3243.879806,1.0
-14.0,50,3244.439809,1.0
-50.0,50,3244.995361,0.0
-13.0,50,3245.564774,1.0
-11.0,50,3246.118775,1.0
-30.0,50,3246.673705,1.0
-8.0,50,3247.231971,1.0
-14.0,50,3247.801886,1.0
-13.0,50,3248.355139,1.0
-10.0,50,3248.899983,1.0
-4.0,50,3249.445703,1.0
-17.0,50,3250.002605,1.0
-7.0,50,3250.559871,1.0
-7.0,50,3251.13954,1.0
-14.0,50,3251.703012,1.0
-36.0,50,3252.2737,1.0
-35.0,50,3252.831336,1.0
-15.0,50,3253.38898,1.0
-11.0,50,3253.948824,1.0
-23.0,50,3254.513937,1.0
-28.0,50,3255.07263,1.0
-10.0,50,3255.632575,1.0
-11.0,50,3256.188504,1.0
-33.0,50,3256.754679,1.0
-10.0,50,3257.305327,1.0
-18.0,50,3257.860821,1.0
-11.0,50,3258.413921,1.0
-7.0,50,3258.980429,1.0
-17.0,50,3259.543074,1.0
-13.0,50,3260.099436,1.0
-50.0,50,3260.657095,0.0
-33.0,50,3261.225382,0.0
-11.0,50,3261.780048,1.0
-34.0,50,3262.34007,0.0
-46.0,50,3262.900408,0.0
-12.0,50,3263.473427,1.0
-14.0,50,3264.028717,1.0
-15.0,50,3264.585863,1.0
-5.0,50,3265.138724,1.0
-46.0,50,3265.704007,0.0
-8.0,50,3266.261817,1.0
0.0,50,3266.81946,1.0
-6.0,50,3267.368954,1.0
-11.0,50,3267.928001,1.0
-50.0,50,3268.479829,0.0
-15.0,50,3269.032694,1.0
-29.0,50,3269.584225,1.0
-11.0,50,3270.152043,1.0
0.0,50,3270.705402,1.0
-17.0,50,3271.257518,1.0
-15.0,50,3271.813875,1.0
-14.0,50,3272.37543,1.0
-10.0,50,3272.92889,1.0
-11.0,50,3273.479185,1.0
-5.0,50,3274.030673,1.0
-12.0,50,3274.593434,1.0
0.0,50,3275.147462,1.0
-38.0,50,3275.701372,1.0
-47.0,50,3276.257539,1.0
-44.0,50,3276.820768,0.0
-14.0,50,3277.374722,1.0
-12.0,50,3277.926228,1.0
-15.0,50,3278.489132,1.0
-7.0,50,3279.061906,1.0
-50.0,50,3279.61865,0.0
-11.0,50,3280.177915,1.0
-3.0,50,3280.736456,1.0
0.0,50,3281.315671,1.0
-19.0,50,3281.875755,1.0
-12.0,50,3282.434949,1.0
-10.0,50,3282.996739,1.0
-50.0,50,3283.562713,0.0
-12.0,50,3284.122571,1.0
-7.0,50,3284.67665,1.0
-9.0,50,3285.230462,1.0
-10.0,50,3285.802969,1.0
-12.0,50,3286.358586,1.0
-19.0,50,3286.918701,1.0
-8.0,50,3287.486134,1.0
-13.0,50,3290.39678,1.0
-12.0,50,3290.951676,1.0
-50.0,50,3291.510869,0.0
-12.0,50,3292.073924,1.0
-8.0,50,3292.639364,1.0
0.0,50,3293.199928,1.0
-20.0,50,3293.760819,1.0
0.0,50,3294.322953,1.0
0.0,50,3294.890795,1.0
-7.0,50,3295.451424,1.0
-11.0,50,3296.009651,1.0
-10.0,50,3296.567379,1.0
-14.0,50,3297.138144,1.0
-31.0,50,3297.692545,1.0
-50.0,50,3298.246782,0.0
-14.0,50,3298.809952,1.0
-10.0,50,3299.373696,1.0
-8.0,50,3299.928588,1.0
-9.0,50,3300.487003,1.0
-21.0,50,3301.046645,1.0
-12.0,50,3301.617219,1.0
-18.0,50,3302.179501,1.0
-11.0,50,3302.733633,1.0
0.0,50,3303.295878,1.0
-39.0,50,3303.864731,1.0
-9.0,50,3304.423075,1.0
-50.0,50,3304.975492,0.0
-15.0,50,3305.535975,1.0
-7.0,50,3306.102675,1.0
-6.0,50,3306.662888,1.0
-24.0,50,3307.217662,1.0
-8.0,50,3307.780856,1.0
-11.0,50,3308.35401,1.0
-8.0,50,3308.928028,1.0
-13.0,50,3309.503162,1.0
0.0,50,3310.083277,1.0
-9.0,50,3310.657446,1.0
0.0,50,3311.230188,1.0
-5.0,50,3311.807351,1.0
-7.0,50,3312.388219,1.0
-16.0,50,3312.972936,1.0
-15.0,50,3313.553367,1.0
-12.0,50,3314.126549,1.0
-18.0,50,3314.698662,1.0
0.0,50,3315.285656,1.0
-6.0,50,3315.85998,1.0
-8.0,50,3316.437924,1.0
-38.0,50,3317.020528,1.0
-18.0,50,3317.595212,1.0
-8.0,50,3318.17153,1.0
-30.0,50,3318.736793,1.0
-8.0,50,3319.314957,1.0
-8.0,50,3319.889325,1.0
-11.0,50,3320.44284,1.0
-7.0,50,3321.002728,1.0
-14.0,50,3321.564101,1.0
-46.0,50,3322.124578,0.0
-20.0,50,3322.675945,1.0
-10.0,50,3323.244329,1.0
-10.0,50,3323.808214,1.0
-11.0,50,3324.384696,1.0
-50.0,50,3324.944115,0.0
-8.0,50,3325.507376,1.0
-8.0,50,3326.070999,1.0
-10.0,50,3326.63682,1.0
-18.0,50,3327.196455,1.0
-12.0,50,3327.758563,1.0
-19.0,50,3328.322186,1.0
-10.0,50,3328.915888,1.0
-15.0,50,3329.479686,1.0
-19.0,50,3330.041426,1.0
-10.0,50,3330.606966,1.0
-40.0,50,3331.177451,1.0
-27.0,50,3331.74008,1.0
-22.0,50,3332.299963,1.0
-8.0,50,3332.854389,1.0
0.0,50,3333.43307,1.0
-31.0,50,3333.993008,1.0
-8.0,50,3334.553374,1.0
-15.0,50,3335.116796,1.0
-14.0,50,3335.688541,1.0
-50.0,50,3336.245228,0.0
-50.0,50,3336.801258,0.0
-14.0,50,3337.365666,1.0
-8.0,50,3337.939123,1.0
-14.0,50,3338.497788,1.0
-7.0,50,3339.05912,1.0
-14.0,50,3339.628928,1.0
-11.0,50,3340.204005,1.0
-11.0,50,3340.767839,1.0
-4.0,50,3341.323934,1.0
-41.0,50,3341.879896,1.0
-9.0,50,3342.452615,1.0
-18.0,50,3343.020373,1.0
-16.0,50,3343.579483,1.0
-37.0,50,3344.138318,1.0
-10.0,50,3344.715455,1.0
-11.0,50,3345.280691,1.0
-17.0,50,3345.841169,1.0
-11.0,50,3346.39901,1.0
-9.0,50,3346.97041,1.0
-25.0,50,3347.530653,1.0
-37.0,50,3348.091487,1.0
-10.0,50,3348.649267,1.0
-15.0,50,3349.223804,1.0
-44.0,50,3349.786207,0.0
-25.0,50,3350.344181,1.0
-12.0,50,3350.907937,1.0
-14.0,50,3351.480361,1.0
0.0,50,3352.041504,1.0
-6.0,50,3352.597406,1.0
-14.0,50,3353.160239,1.0
-11.0,50,3353.744122,1.0
0.0,50,3354.297873,1.0
-9.0,50,3354.858674,1.0
-11.0,50,3355.418194,1.0
-9.0,50,3355.98616,1.0
-15.0,50,3356.549052,1.0
-11.0,50,3357.10477,1.0
-9.0,50,3357.659507,1.0
-12.0,50,3358.228173,1.0
-14.0,50,3358.78508,1.0
-6.0,50,3359.337228,1.0
-28.0,50,3359.897015,1.0
-7.0,50,3360.46661,1.0
-50.0,50,3361.019242,0.0
-11.0,50,3361.565571,1.0
-6.0,50,3362.112324,1.0
-11.0,50,3362.657319,1.0
0.0,50,3363.199166,1.0
-11.0,50,3363.753458,1.0
-5.0,50,3364.309488,1.0
-50.0,50,3364.87322,0.0
-13.0,50,3365.433047,1.0
-50.0,50,3365.99549,0.0
-9.0,50,3366.552419,1.0
-19.0,50,3367.116063,1.0
-9.0,50,3367.672484,1.0
-16.0,50,3368.231475,1.0
-50.0,50,3368.782135,0.0
-9.0,50,3369.362025,1.0
-28.0,50,3369.914984,1.0
-25.0,50,3370.47244,1.0
-11.0,50,3371.030797,1.0
-8.0,50,3371.600627,1.0
-10.0,50,3372.155996,1.0
-14.0,50,3372.716282,1.0
-12.0,50,3373.268656,1.0
-8.0,50,3373.837837,1.0
-15.0,50,3374.395621,1.0
-10.0,50,3374.955662,1.0
-13.0,50,3375.50629,1.0
-11.0,50,3376.073179,1.0
-19.0,50,3376.631934,1.0
-9.0,50,3377.194875,1.0
-11.0,50,3377.750111,1.0
-50.0,50,3378.311267,0.0
-17.0,50,3378.863353,1.0
-10.0,50,3379.426981,1.0
-8.0,50,3379.98258,1.0
-13.0,50,3380.56599,1.0
-45.0,50,3381.120013,0.0
-10.0,50,3381.673572,1.0
-14.0,50,3382.230847,1.0
-13.0,50,3382.795082,1.0
-6.0,50,3383.357616,1.0
-13.0,50,3383.913142,1.0
-14.0,50,3384.476843,1.0
-13.0,50,3385.048799,1.0
-14.0,50,3385.602276,1.0
-18.0,50,3386.163604,1.0
-18.0,50,3386.72229,1.0
-13.0,50,3387.293401,1.0
0.0,50,3387.851246,1.0
-11.0,50,3388.404681,1.0
-9.0,50,3388.957507,1.0
-10.0,50,3389.519524,1.0
-13.0,50,3390.079518,1.0
-11.0,50,3390.635261,1.0
-4.0,50,3391.19897,1.0
-25.0,50,3391.773703,1.0
-14.0,50,3392.33139,1.0
0.0,50,3392.892386,1.0
-14.0,50,3393.460746,1.0
-24.0,50,3394.02781,1.0
-5.0,50,3394.592511,1.0
-11.0,50,3395.146676,1.0
-8.0,50,3395.709392,1.0
-7.0,50,3396.283894,1.0
-19.0,50,3396.849704,1.0
-15.0,50,3397.410203,1.0
-27.0,50,3397.962389,1.0
-25.0,50,3398.53279,1.0
-12.0,50,3399.086068,1.0
-6.0,50,3399.639815,1.0
0.0,50,3400.206026,1.0
-6.0,50,3400.780212,1.0
-11.0,50,3401.339009,1.0
-19.0,50,3401.89723,1.0
-14.0,50,3402.460464,1.0
-12.0,50,3405.367857,1.0
-50.0,50,3405.924881,0.0
-14.0,50,3406.477293,1.0
-8.0,50,3407.044034,1.0
-39.0,50,3407.605901,1.0
-47.0,50,3408.166281,0.0
-6.0,50,3408.727914,1.0
-7.0,50,3409.286139,1.0
-12.0,50,3409.846476,1.0
-6.0,50,3410.40504,1.0
-23.0,50,3410.968026,0.0
-6.0,50,3411.527389,1.0
-10.0,50,3412.088614,1.0
-47.0,50,3412.639444,0.0
-6.0,50,3413.218201,1.0
-50.0,50,3413.776915,0.0
-19.0,50,3414.346484,1.0
-20.0,50,3414.89741,1.0
-8.0,50,3415.456541,1.0
-8.0,50,3416.015284,1.0
-21.0,50,3416.57866,1.0
-13.0,50,3417.142622,1.0
-7.0,50,3417.696431,1.0
-12.0,50,3418.252906,1.0
-20.0,50,3418.81855,1.0
-16.0,50,3419.372479,1.0
-11.0,50,3419.926193,1.0
-28.0,50,3420.482117,0.0
-14.0,50,3421.049417,1.0
-12.0,50,3421.602564,1.0
-14.0,50,3422.155194,1.0
-8.0,50,3422.718168,1.0
-8.0,50,3423.279563,1.0
-27.0,50,3423.840586,1.0
-9.0,50,3424.412523,1.0
-12.0,50,3424.970944,1.0
-43.0,50,3425.545036,0.0
-8.0,50,3426.112826,1.0
-9.0,50,3426.677169,1.0
-25.0,50,3427.236812,1.0
-10.0,50,3427.81951,1.0
-10.0,50,3428.38318,1.0
-19.0,50,3428.948963,1.0
-19.0,50,3429.514851,1.0
-12.0,50,3430.086024,1.0
-45.0,50,3430.652158,1.0
-13.0,50,3431.213756,1.0
-7.0,50,3431.763674,1.0
-10.0,50,3432.321727,1.0
-16.0,50,3432.871648,1.0
-50.0,50,3433.416973,0.0
-17.0,50,3433.965835,1.0
-9.0,50,3434.522371,1.0
-13.0,50,3435.079255,1.0
-50.0,50,3435.638522,0.0
-8.0,50,3436.195249,1.0
-12.0,50,3436.763554,1.0
-40.0,50,3437.329186,0.0
-15.0,50,3437.894838,1.0
-11.0,50,3438.457785,1.0
-6.0,50,3439.027519,1.0
-14.0,50,3439.585448,1.0
-46.0,50,3440.145748,0.0
-43.0,50,3440.707296,1.0
-12.0,50,3441.271156,1.0
-21.0,50,3441.833111,1.0
-12.0,50,3442.390419,1.0
-15.0,50,3442.949838,1.0
-26.0,50,3443.52361,1.0
-13.0,50,3444.087257,1.0
-13.0,50,3444.649686,1.0
-8.0,50,3445.212067,1.0
-15.0,50,3445.773504,1.0
-16.0,50,3446.336387,1.0
-5.0,50,3446.89391,1.0
-12.0,50,3447.450339,1.0
-10.0,50,3448.018553,1.0
-11.0,50,3448.576365,1.0
-18.0,50,3449.131984,1.0
-8.0,50,3449.685231,1.0
-6.0,50,3450.254025,1.0
-13.0,50,3450.807074,1.0
-10.0,50,3451.360996,1.0
-50.0,50,3451.915972,0.0
-3.0,50,3452.484014,1.0
-16.0,50,3453.039603,1.0
-34.0,50,3453.595404,1.0
-10.0,50,3454.153294,1.0
-19.0,50,3454.719057,1.0
-9.0,50,3455.27027,1.0
-14.0,50,3455.827731,1.0
-50.0,50,3456.384176,0.0
-5.0,50,3456.95444,1.0
-15.0,50,3457.510036,1.0
0.0,50,3458.062896,1.0
-2.0,50,3458.618066,1.0
-40.0,50,3459.179317,1.0
-8.0,50,3459.733316,1.0
-18.0,50,3460.28915,1.0
-20.0,50,3460.844412,1.0
-34.0,50,3461.41063,0.0
-50.0,50,3461.970871,0.0
-10.0,50,3462.523101,1.0
-21.0,50,3463.075579,1.0
-9.0,50,3463.636207,1.0
-4.0,50,3464.192427,1.0
-10.0,50,3464.749459,1.0
-9.0,50,3465.305517,1.0
-6.0,50,3465.877439,1.0
-34.0,50,3466.432268,1.0
-10.0,50,3466.984044,1.0
-11.0,50,3467.5394,1.0
-8.0,50,3468.099925,1.0
-12.0,50,3468.653335,1.0
-15.0,50,3469.209505,1.0
0.0,50,3469.770304,1.0
-19.0,50,3470.333006,1.0
-16.0,50,3470.888592,1.0
-6.0,50,3471.440155,1.0
-13.0,50,3471.994319,1.0
-7.0,50,3472.568349,1.0
-12.0,50,3473.126957,1.0
-48.0,50,3473.685701,0.0
-50.0,50,3474.243313,0.0
-11.0,50,3474.78555,1.0
0.0,50,3475.330058,1.0
-16.0,50,3475.871411,1.0
-50.0,50,3476.421232,0.0
-19.0,50,3476.976954,1.0
-4.0,50,3477.531697,1.0
-11.0,50,3478.081374,1.0
-4.0,50,3478.628151,1.0
-13.0,50,3479.184081,1.0
-5.0,50,3479.733201,1.0
-10.0,50,3480.281181,1.0
-9.0,50,3480.845738,1.0
-7.0,50,3481.415586,1.0
-14.0,50,3481.974913,1.0
-18.0,50,3482.541453,1.0
-14.0,50,3483.097707,1.0
-11.0,50,3483.662551,1.0
-21.0,50,3484.21434,1.0
-11.0,50,3484.77818,1.0
-18.0,50,3485.336376,0.0
-31.0,50,3485.902124,1.0
-7.0,50,3486.459662,1.0
0.0,50,3487.025414,1.0
-20.0,50,3487.585778,1.0
-8.0,50,3488.15767,1.0
-31.0,50,3488.712993,1.0
-24.0,50,3489.2649,1.0
-16.0,50,3489.825994,1.0
-9.0,50,3490.39501,1.0
-27.0,50,3490.952681,1.0
-8.0,50,3491.505277,1.0
0.0,50,3492.063435,1.0
-24.0,50,3492.627933,0.0
0.0,50,3493.188364,1.0
-11.0,50,3493.742865,1.0
-13.0,50,3494.305794,1.0
-8.0,50,3494.880243,1.0
-30.0,50,3495.436469,0.0
-3.0,50,3495.994748,1.0
-5.0,50,3496.55664,1.0
-9.0,50,3497.121944,1.0
0.0,50,3497.677094,1.0
-8.0,50,3498.232889,1.0
-36.0,50,3498.79411,1.0
-8.0,50,3499.368627,1.0
-48.0,50,3499.925054,0.0
-10.0,50,3500.477768,1.0
-23.0,50,3501.034497,1.0
-9.0,50,3501.601319,1.0
-11.0,50,3502.156152,1.0
-14.0,50,3502.718825,1.0
-34.0,50,3503.283024,1.0
-40.0,50,3503.852715,1.0
-10.0,50,3504.41658,1.0
-7.0,50,3504.978692,1.0
-11.0,50,3505.53998,1.0
-4.0,50,3506.112679,1.0
-50.0,50,3506.677181,0.0
-50.0,50,3507.231568,0.0
-9.0,50,3507.79091,1.0
-9.0,50,3508.361176,1.0
0.0,50,3508.920087,1.0
-40.0,50,3509.476239,1.0
-17.0,50,3510.036928,1.0
-16.0,50,3510.604291,1.0
-19.0,50,3511.164874,1.0
0.0,50,3511.729985,1.0
-21.0,50,3512.286723,1.0
0.0,50,3512.858034,1.0
-9.0,50,3513.421665,1.0
-13.0,50,3513.983134,1.0
-19.0,50,3514.544359,1.0
-11.0,50,3515.111234,1.0
-23.0,50,3515.669042,1.0
-11.0,50,3516.233271,1.0
-50.0,50,3516.792033,0.0
-14.0,50,3519.715168,1.0
-6.0,50,3520.273279,1.0
-13.0,50,3520.834227,1.0
-49.0,50,3521.390361,0.0
-18.0,50,3521.958027,1.0
-50.0,50,3522.519862,0.0
-6.0,50,3523.076186,1.0
-17.0,50,3523.636966,1.0
-15.0,50,3524.208249,1.0
-15.0,50,3524.760315,1.0
-50.0,50,3525.325095,0.0
-12.0,50,3525.886458,1.0
0.0,50,3526.454275,1.0
-41.0,50,3527.012006,1.0
-8.0,50,3527.573848,1.0
-14.0,50,3528.135257,1.0
-7.0,50,3528.704661,1.0
-50.0,50,3529.264451,0.0
-7.0,50,3529.819669,1.0
-6.0,50,3530.378017,1.0
-50.0,50,3530.949681,0.0
-14.0,50,3531.509838,1.0
-8.0,50,3532.066639,1.0
-11.0,50,3532.629001,1.0
-12.0,50,3533.203998,1.0
-28.0,50,3533.762628,1.0
-8.0,50,3534.32757,1.0
-50.0,50,3534.883585,0.0
-13.0,50,3535.485231,1.0
-10.0,50,3536.044265,1.0
-15.0,50,3536.607731,1.0
-9.0,50,3537.175257,1.0
-13.0,50,3537.747432,1.0
-15.0,50,3538.305819,1.0
-12.0,50,3538.866745,1.0
-10.0,50,3539.429491,1.0
-12.0,50,3539.998272,1.0
-11.0,50,3540.554997,1.0
0.0,50,3541.114241,1.0
-48.0,50,3541.672625,0.0
0.0,50,3542.243514,1.0
-20.0,50,3542.803271,1.0
-7.0,50,3543.366503,1.0
-9.0,50,3543.934112,1.0
-15.0,50,3544.512821,1.0
-50.0,50,3545.083425,0.0
-5.0,50,3545.652908,1.0
-8.0,50,3546.213333,1.0
-50.0,50,3546.783753,0.0
-8.0,50,3547.345828,1.0
-7.0,50,3547.907288,1.0
-11.0,50,3548.475809,1.0
-19.0,50,3549.051497,1.0
-9.0,50,3549.614087,1.0
-13.0,50,3550.174664,0.0
-10.0,50,3550.729069,1.0
-6.0,50,3551.297257,1.0
-50.0,50,3551.849957,0.0
-20.0,50,3552.412086,1.0
-18.0,50,3552.972619,1.0
-9.0,50,3553.541831,1.0
-49.0,50,3554.101431,0.0
-9.0,50,3554.678009,1.0
-15.0,50,3555.245566,1.0
-12.0,50,3555.82229,1.0
-20.0,50,3556.387407,1.0
-48.0,50,3556.96249,0.0
-15.0,50,3557.523561,1.0
-9.0,50,3558.091666,1.0
-13.0,50,3558.647084,1.0
-8.0,50,3559.210006,1.0
-6.0,50,3559.775457,1.0
-9.0,50,3560.342106,1.0
-16.0,50,3560.89541,1.0
-28.0,50,3561.456154,1.0
-16.0,50,3562.017496,1.0
-3.0,50,3562.588872,1.0
-50.0,50,3563.153452,0.0
-50.0,50,3563.715471,0.0
-12.0,50,3564.273695,1.0
-9.0,50,3564.847958,1.0
-22.0,50,3565.402234,1.0
-49.0,50,3565.953629,0.0
-18.0,50,3566.506903,1.0
-12.0,50,3567.079407,1.0
-5.0,50,3567.639998,1.0
-12.0,50,3568.207482,1.0
-25.0,50,3568.7673,1.0
0.0,50,3569.348779,1.0
-41.0,50,3569.908043,0.0
-18.0,50,3570.474092,1.0
-6.0,50,3571.038417,1.0
-16.0,50,3571.610247,1.0
-50.0,50,3572.173719,0.0
-39.0,50,3572.738433,0.0
-8.0,50,3573.303907,1.0
0.0,50,3573.881136,1.0
-8.0,50,3574.44802,1.0
-9.0,50,3575.020415,1.0
-10.0,50,3575.58601,1.0
-4.0,50,3576.155337,1.0
-11.0,50,3576.72225,1.0
-25.0,50,3577.284564,1.0
-7.0,50,3577.855574,1.0
-45.0,50,3578.432719,0.0
0.0,50,3579.000657,1.0
-49.0,50,3579.559983,0.0
-14.0,50,3580.121401,1.0
-12.0,50,3580.700269,1.0
-12.0,50,3581.269242,1.0
-7.0,50,3581.837298,1.0
-12.0,50,3582.406533,1.0
-33.0,50,3582.987026,1.0
-17.0,50,3583.553622,1.0
-13.0,50,3584.126357,1.0
-10.0,50,3584.695021,1.0
-15.0,50,3585.262014,1.0
-23.0,50,3585.814978,1.0
-8.0,50,3586.368448,1.0
-46.0,50,3586.928627,1.0
-50.0,50,3587.507583,0.0
-8.0,50,3588.079045,1.0
-15.0,50,3588.653813,1.0
-8.0,50,3589.218679,1.0
-16.0,50,3589.796457,1.0
-27.0,50,3590.356538,1.0
-16.0,50,3590.925198,1.0
-9.0,50,3591.492927,1.0
-28.0,50,3592.067575,1.0
-50.0,50,3592.633399,0.0
-10.0,50,3593.209709,1.0
0.0,50,3593.77188,1.0
-7.0,50,3594.346762,1.0
0.0,50,3594.898174,1.0
0.0,50,3595.456607,1.0
-17.0,50,3596.011464,1.0
-50.0,50,3596.578448,0.0
-17.0,50,3597.135225,1.0
-25.0,50,3597.690536,1.0
-11.0,50,3598.244505,1.0
-13.0,50,3598.806537,1.0
-14.0,50,3599.36159,1.0
-7.0,50,3599.915378,1.0
-28.0,50,3600.469186,1.0
-50.0,50,3601.043548,0.0
-11.0,50,3601.601839,1.0
-19.0,50,3602.15825,1.0
-47.0,50,3602.71031,0.0
0.0,50,3603.281229,1.0
-6.0,50,3603.840789,1.0
-9.0,50,3604.395657,1.0
-7.0,50,3604.94931,1.0
0.0,50,3605.543843,1.0
-11.0,50,3606.094643,1.0
-24.0,50,3606.656766,1.0
-11.0,50,3607.225381,1.0
-11.0,50,3607.79627,1.0
-8.0,50,3608.35794,1.0
-11.0,50,3608.923141,1.0
-20.0,50,3609.483798,1.0
-14.0,50,3610.055049,1.0
-2.0,50,3610.623786,1.0
-15.0,50,3611.186492,1.0
-7.0,50,3611.752456,1.0
-8.0,50,3612.328697,1.0
-13.0,50,3612.891059,1.0
-6.0,50,3613.458502,1.0
-4.0,50,3614.026702,1.0
-50.0,50,3614.598936,0.0
-19.0,50,3615.161047,1.0
-5.0,50,3615.733256,1.0
-12.0,50,3616.295406,1.0
-4.0,50,3616.871881,1.0
-50.0,50,3617.433432,0.0
-37.0,50,3617.997392,1.0
-13.0,50,3618.562697,1.0
-27.0,50,3619.131557,1.0
-13.0,50,3619.693808,1.0
-11.0,50,3620.255739,1.0
-8.0,50,3620.817897,1.0
-7.0,50,3621.391117,1.0
-7.0,50,3621.946705,1.0
-36.0,50,3622.504644,1.0
-5.0,50,3623.063178,1.0
0.0,50,3623.635838,1.0
-7.0,50,3624.1917,1.0
-24.0,50,3624.745533,1.0
-24.0,50,3625.305783,1.0
-18.0,50,3625.871498,1.0
-18.0,50,3626.429738,1.0
-50.0,50,3626.996539,0.0
-37.0,50,3627.555301,0.0
-8.0,50,3628.123526,1.0
-24.0,50,3628.687169,1.0
-13.0,50,3629.255135,1.0
-14.0,50,3629.816767,1.0
0.0,50,3630.38672,1.0
-10.0,50,3630.95118,1.0
-9.0,50,3631.516797,1.0
-14.0,50,3632.085963,1.0
-11.0,50,3634.963288,1.0
-10.0,50,3635.522271,1.0
-27.0,50,3636.090145,1.0
-15.0,50,3636.656688,1.0
-7.0,50,3637.232468,1.0
0.0,50,3637.798821,1.0
-48.0,50,3638.35991,0.0
-10.0,50,3638.919747,1.0
-7.0,50,3639.495113,1.0
-50.0,50,3640.059954,0.0
-11.0,50,3640.623111,1.0
-12.0,50,3641.181726,1.0
-13.0,50,3641.756391,1.0
-6.0,50,3642.322721,1.0
-15.0,50,3642.891562,1.0
-16.0,50,3643.452353,1.0
-29.0,50,3644.040861,0.0
-14.0,50,3644.605528,1.0
-6.0,50,3645.169396,1.0
-15.0,50,3645.732552,1.0
0.0,50,3646.304792,1.0
-11.0,50,3646.871526,1.0
-50.0,50,3647.432725,0.0
-45.0,50,3647.997886,0.0
-12.0,50,3648.567615,1.0
-17.0,50,3649.131556,1.0
-18.0,50,3649.687912,1.0
-12.0,50,3650.24022,1.0
-39.0,50,3650.806022,1.0
-22.0,50,3651.360989,1.0
-15.0,50,3651.912851,1.0
-18.0,50,3652.468497,1.0
-10.0,50,3653.035035,1.0
-21.0,50,3653.599714,1.0
-6.0,50,3654.158313,1.0
0.0,50,3654.714778,1.0
-11.0,50,3655.279814,1.0
-11.0,50,3655.845339,1.0
-14.0,50,3656.41681,1.0
-30.0,50,3656.986396,1.0
-5.0,50,3657.572129,1.0
-8.0,50,3658.14486,1.0
-12.0,50,3658.719648,1.0
-11.0,50,3659.286695,1.0
-13.0,50,3659.867309,1.0
-11.0,50,3660.443605,1.0
-18.0,50,3661.018129,1.0
-13.0,50,3661.590205,1.0
-14.0,50,3662.175113,1.0
-19.0,50,3662.746048,1.0
-16.0,50,3663.312119,1.0
-34.0,50,3663.879013,1.0
-9.0,50,3664.463295,1.0
-50.0,50,3665.031234,0.0
-9.0,50,3665.601939,1.0
-50.0,50,3666.169295,0.0
0.0,50,3666.746077,1.0
-22.0,50,3667.316247,1.0
-6.0,50,3667.889745,1.0
-28.0,50,3668.459026,1.0
-8.0,50,3669.039495,1.0
-6.0,50,3669.60692,1.0
-50.0,50,3670.17461,0.0
-13.0,50,3670.746617,1.0
-9.0,50,3671.330838,1.0
-26.0,50,3671.902516,1.0
-11.0,50,3672.470907,1.0
-8.0,50,3673.042981,1.0
-6.0,50,3673.625588,1.0
-7.0,50,3674.194988,1.0
-45.0,50,3674.760518,0.0
-48.0,50,3675.331172,0.0
-11.0,50,3675.907743,1.0
-8.0,50,3676.480729,1.0
-25.0,50,3677.053475,1.0
-13.0,50,3677.624325,1.0
-13.0,50,3678.206326,1.0
-16.0,50,3678.78466,1.0
-18.0,50,3679.352902,1.0
-8.0,50,3679.920904,1.0
-11.0,50,3680.500526,1.0
-12.0,50,3681.068441,1.0
-14.0,50,3681.637052,1.0
-13.0,50,3682.200364,1.0
-18.0,50,3682.783689,1.0
-12.0,50,3683.36119,1.0
-49.0,50,3683.928667,0.0
-19.0,50,3684.497427,0.0
-34.0,50,3685.070617,1.0
-50.0,50,3685.631057,0.0
-11.0,50,3686.197511,1.0
0.0,50,3686.762832,1.0
-50.0,50,3687.328391,0.0
-6.0,50,3687.885554,1.0
-11.0,50,3688.437177,1.0
-14.0,50,3688.992522,1.0
0.0,50,3689.568419,1.0
-9.0,50,3690.118874,1.0
-23.0,50,3690.67259,1.0
-8.0,50,3691.227379,1.0
-4.0,50,3691.803962,1.0
-31.0,50,3692.355277,1.0
-14.0,50,3692.908444,1.0
-33.0,50,3693.466602,0.0
-11.0,50,3694.038603,1.0
0.0,50,3694.59854,1.0
-17.0,50,3695.156861,1.0
-10.0,50,3695.710236,1.0
-12.0,50,3696.281427,1.0
-50.0,50,3696.826316,0.0
-11.0,50,3697.372761,1.0
-13.0,50,3697.922382,1.0
-27.0,50,3698.490721,1.0
0.0,50,3699.047558,1.0
-49.0,50,3699.608924,0.0
-13.0,50,3700.16864,1.0
-10.0,50,3700.743514,1.0
-30.0,50,3701.298573,1.0
-9.0,50,3701.861381,1.0
-14.0,50,3702.418737,1.0
-6.0,50,3702.99063,1.0
-8.0,50,3703.551709,1.0
-18.0,50,3704.109375,1.0
-9.0,50,3704.666475,1.0
-27.0,50,3705.229262,1.0
-30.0,50,3705.78614,1.0
0.0,50,3706.345683,1.0
-9.0,50,3706.904399,1.0
-20.0,50,3707.473621,1.0
-15.0,50,3708.032365,1.0
-7.0,50,3708.590325,1.0
-44.0,50,3709.14658,1.0
-31.0,50,3709.717719,0.0
-40.0,50,3710.268921,1.0
-6.0,50,3710.828598,1.0
-10.0,50,3711.392896,1.0
-16.0,50,3711.967554,1.0
-14.0,50,3712.523762,1.0
-24.0,50,3713.08251,1.0
-13.0,50,3713.652139,1.0
-50.0,50,3714.222305,0.0
-10.0,50,3714.777788,1.0
-8.0,50,3715.333807,1.0
-9.0,50,3715.889798,1.0
-14.0,50,3716.460923,1.0
-15.0,50,3717.01779,1.0
-9.0,50,3717.572585,1.0
-25.0,50,3718.130176,1.0
-8.0,50,3718.703103,1.0
-13.0,50,3719.26262,1.0
-9.0,50,3719.822483,1.0
-16.0,50,3720.381083,1.0
-9.0,50,3720.947081,1.0
-11.0,50,3721.505145,1.0
-2.0,50,3722.060985,1.0
-49.0,50,3722.615751,1.0
-12.0,50,3723.187933,1.0
-14.0,50,3723.743955,1.0
-6.0,50,3724.29654,1.0
-14.0,50,3724.851168,1.0
-15.0,50,3725.419444,1.0
-15.0,50,3725.977221,1.0
0.0,50,3726.535153,1.0
-16.0,50,3727.092623,1.0
-13.0,50,3727.659561,1.0
-9.0,50,3728.217867,1.0
-19.0,50,3728.776978,1.0
-8.0,50,3729.333488,1.0
-13.0,50,3729.907077,1.0
-10.0,50,3730.466739,0.0
-6.0,50,3731.023938,1.0
-7.0,50,3731.578783,1.0
-12.0,50,3732.153865,1.0
0.0,50,3732.715764,1.0
-13.0,50,3733.273302,1.0
-21.0,50,3733.830791,1.0
-40.0,50,3734.393367,1.0
-12.0,50,3734.949774,1.0
-13.0,50,3735.508659,1.0
-8.0,50,3736.066383,1.0
-6.0,50,3736.634142,1.0
-12.0,50,3737.194089,1.0
-15.0,50,3737.753097,1.0
-14.0,50,3738.311911,1.0
-45.0,50,3738.890687,0.0
-32.0,50,3739.44477,0.0
-6.0,50,3740.006088,1.0
-7.0,50,3740.56035,1.0
-10.0,50,3741.140952,1.0
-50.0,50,3741.695592,0.0
-16.0,50,3742.253018,1.0
-50.0,50,3742.808939,0.0
-10.0,50,3743.390991,1.0
-11.0,50,3743.953844,1.0
-9.0,50,3744.50982,1.0
-12.0,50,3745.069336,1.0
-4.0,50,3745.636008,1.0
-14.0,50,3746.192289,1.0
0.0,50,3746.748911,1.0
-11.0,50,3747.308726,1.0
-3.0,50,3750.208007,1.0
-7.0,50,3750.760071,1.0
-12.0,50,3751.31226,1.0
-8.0,50,3751.867758,1.0
-23.0,50,3752.436374,1.0
-9.0,50,3752.995437,1.0
-8.0,50,3753.555305,1.0
-10.0,50,3754.114262,1.0
-13.0,50,3754.685292,1.0
-18.0,50,3755.243198,1.0
-11.0,50,3755.801254,1.0
-6.0,50,3756.37359,1.0
-32.0,50,3756.937165,1.0
-18.0,50,3757.498025,1.0
-14.0,50,3758.054776,1.0
-3.0,50,3758.608985,1.0
-5.0,50,3759.17566,1.0
-19.0,50,3759.734936,1.0
-14.0,50,3760.290417,1.0
-9.0,50,3760.848279,1.0
-14.0,50,3761.414301,1.0
-5.0,50,3761.975026,1.0
-45.0,50,3762.525302,1.0
-21.0,50,3763.080382,1.0
-13.0,50,3763.674875,1.0
-8.0,50,3764.236336,1.0
-16.0,50,3764.791587,1.0
-4.0,50,3765.344358,1.0
-32.0,50,3765.917249,1.0
-11.0,50,3766.477274,1.0
-16.0,50,3767.040905,1.0
-13.0,50,3767.599825,1.0
-50.0,50,3768.169215,0.0
-7.0,50,3768.724744,1.0
-4.0,50,3769.279174,1.0
-10.0,50,3769.842649,1.0
-10.0,50,3770.431038,1.0
-12.0,50,3770.982772,1.0
-47.0,50,3771.552069,0.0
-11.0,50,3772.111212,1.0
-17.0,50,3772.677414,1.0
-9.0,50,3773.235483,1.0
-50.0,50,3773.792334,0.0
-29.0,50,3774.351762,1.0
-8.0,50,3774.959234,1.0
0.0,50,3775.515621,1.0
-16.0,50,3776.070499,1.0
-14.0,50,3776.626852,1.0
-9.0,50,3777.214045,1.0
-19.0,50,3777.772435,1.0
-6.0,50,3778.334259,1.0
-19.0,50,3778.894586,1.0
-12.0,50,3779.460947,1.0
-17.0,50,3780.016384,1.0
-22.0,50,3780.572256,1.0
-25.0,50,3781.131373,1.0
-18.0,50,3781.702728,1.0
-12.0,50,3782.259467,1.0
-8.0,50,3782.816548,1.0
-26.0,50,3783.375012,1.0
-12.0,50,3783.940016,1.0
-16.0,50,3784.494267,1.0
0.0,50,3785.053056,1.0
-9.0,50,3785.615564,1.0
-16.0,50,3786.184972,1.0
-9.0,50,3786.744675,1.0
-50.0,50,3787.307031,0.0
-50.0,50,3787.86525,0.0
-8.0,50,3788.436075,1.0
-9.0,50,3789.002853,1.0
-45.0,50,3789.559654,0.0
-17.0,50,3790.117695,1.0
-7.0,50,3790.692643,1.0
-11.0,50,3791.255128,1.0
-9.0,50,3791.821633,1.0
-10.0,50,3792.388403,1.0
-19.0,50,3792.959697,1.0
-7.0,50,3793.523866,1.0
-18.0,50,3794.082533,1.0
-9.0,50,3794.639386,1.0
-7.0,50,3795.211868,1.0
-5.0,50,3795.778372,1.0
0.0,50,3796.343505,1.0
-15.0,50,3796.901281,1.0
-12.0,50,3797.462273,1.0
-10.0,50,3798.015446,1.0
-29.0,50,3798.570693,1.0
-12.0,50,3799.123704,1.0
-50.0,50,3799.694471,0.0
-28.0,50,3800.254008,1.0
-24.0,50,3800.816929,1.0
-12.0,50,3801.379898,1.0
0.0,50,3801.94908,1.0
-6.0,50,3802.510712,1.0
-7.0,50,3803.072634,1.0
-17.0,50,3803.641423,1.0
-15.0,50,3804.217921,1.0
0.0,50,3804.784683,1.0
-7.0,50,3805.339324,1.0
-12.0,50,3805.902187,1.0
-50.0,50,3806.470543,0.0
-50.0,50,3807.033541,0.0
-50.0,50,3807.588745,0.0
0.0,50,3808.140545,1.0
-17.0,50,3808.741301,1.0
-17.0,50,3809.289417,1.0
-18.0,50,3809.838535,1.0
-25.0,50,3810.381956,1.0
-11.0,50,3810.969856,1.0
-12.0,50,3811.536052,1.0
-22.0,50,3812.096941,1.0
-24.0,50,3812.657884,1.0
-10.0,50,3813.227515,1.0
-19.0,50,3813.7906,1.0
-21.0,50,3814.349491,1.0
-10.0,50,3814.912376,1.0
-10.0,50,3815.481261,1.0
-15.0,50,3816.042628,1.0
-10.0,50,3816.602098,1.0
-8.0,50,3817.163738,1.0
-14.0,50,3817.736533,1.0
-46.0,50,3818.297579,0.0
-14.0,50,3818.858674,1.0
-50.0,50,3819.413918,0.0
-13.0,50,3819.987841,1.0
-8.0,50,3820.552189,1.0
-7.0,50,3821.110731,1.0
-24.0,50,3821.669376,1.0
-7.0,50,3822.240372,1.0
-11.0,50,3822.796278,1.0
-10.0,50,3823.359606,1.0
-12.0,50,3823.923671,1.0
-10.0,50,3824.491119,1.0
-13.0,50,3825.047111,1.0
-7.0,50,3825.6091,1.0
-20.0,50,3826.169257,1.0
-11.0,50,3826.743542,1.0
-10.0,50,3827.302666,1.0
0.0,50,3827.861084,1.0
-13.0,50,3828.426652,1.0
-21.0,50,3828.994021,1.0
-6.0,50,3829.548613,1.0
-13.0,50,3830.105248,1.0
-32.0,50,3830.664629,1.0
-50.0,50,3831.229519,0.0
-6.0,50,3831.790553,1.0
-22.0,50,3832.345913,1.0
-20.0,50,3832.899657,1.0
-15.0,50,3833.478837,1.0
-6.0,50,3834.034803,1.0
-11.0,50,3834.591716,1.0
-11.0,50,3835.151246,1.0
-14.0,50,3835.721743,1.0
-10.0,50,3836.281976,1.0
-13.0,50,3836.840059,1.0
-14.0,50,3837.393551,1.0
-31.0,50,3837.959921,1.0
-14.0,50,3838.518736,1.0
-17.0,50,3839.074416,1.0
-8.0,50,3839.629002,1.0
-4.0,50,3840.197709,1.0
-50.0,50,3840.749821,0.0
-50.0,50,3841.303664,0.0
-7.0,50,3841.866984,1.0
-50.0,50,3842.432569,0.0
-13.0,50,3842.990902,1.0
-12.0,50,3843.546614,1.0
-12.0,50,3844.104023,1.0
-5.0,50,3844.670855,1.0
-10.0,50,3845.227361,1.0
-6.0,50,3845.787787,1.0
-15.0,50,3846.345002,1.0
-13.0,50,3846.910969,1.0
-9.0,50,3847.467825,1.0
-39.0,50,3848.026408,1.0
-9.0,50,3848.578807,1.0
-4.0,50,3849.141736,1.0
-9.0,50,3849.703939,1.0
-21.0,50,3850.264645,1.0
0.0,50,3850.8272,1.0
-50.0,50,3851.3953,0.0
-28.0,50,3851.951004,1.0
-2.0,50,3852.506093,1.0
-15.0,50,3853.067662,1.0
-14.0,50,3853.634908,1.0
-30.0,50,3854.193985,1.0
-25.0,50,3854.74767,1.0
-15.0,50,3855.303813,1.0
-47.0,50,3855.867963,0.0
-14.0,50,3856.423923,1.0
-9.0,50,3856.979752,1.0
-6.0,50,3857.534785,1.0
0.0,50,3858.102308,1.0
-50.0,50,3858.656485,0.0
-49.0,50,3859.213106,0.0
-8.0,50,3859.77497,1.0
-5.0,50,3860.343156,1.0
-6.0,50,3860.893885,1.0
-13.0,50,3861.450108,1.0
-14.0,50,3862.003974,1.0
0.0,50,3864.924211,1.0
-11.0,50,3865.482036,1.0
-25.0,50,3866.037175,1.0
-9.0,50,3866.592781,1.0
-15.0,50,3867.165421,1.0
-14.0,50,3867.720807,1.0
-30.0,50,3868.27998,0.0
-10.0,50,3868.837472,1.0
-14.0,50,3869.414834,1.0
-10.0,50,3869.966957,1.0
-6.0,50,3870.520102,1.0
0.0,50,3871.081051,1.0
-28.0,50,3871.649442,1.0
-3.0,50,3872.218485,1.0
-10.0,50,3872.786853,1.0
-17.0,50,3873.34189,1.0
-6.0,50,3873.915927,1.0
-6.0,50,3874.469922,1.0
-15.0,50,3875.023247,1.0
-17.0,50,3875.576355,1.0
-9.0,50,3876.147892,1.0
-9.0,50,3876.700201,1.0
-12.0,50,3877.25423,1.0
-30.0,50,3877.808843,1.0
-50.0,50,3878.371211,0.0
-12.0,50,3878.926275,1.0
0.0,50,3879.485682,1.0
-10.0,50,3880.044991,1.0
-14.0,50,3880.611603,1.0
-18.0,50,3881.16487,1.0
-8.0,50,3881.719221,1.0
-13.0,50,3882.274995,1.0
-16.0,50,3882.84009,1.0
-45.0,50,3883.396016,1.0
-11.0,50,3883.953057,1.0
-14.0,50,3884.513191,1.0
-50.0,50,3885.078193,0.0
-6.0,50,3885.632223,1.0
-19.0,50,3886.185523,1.0
-12.0,50,3886.739534,1.0
-8.0,50,3887.303542,1.0
0.0,50,3887.856122,1.0
-4.0,50,3888.413708,1.0
-18.0,50,3888.973285,1.0
-7.0,50,3889.537275,1.0
-13.0,50,3890.095789,1.0
-12.0,50,3890.650307,1.0
-13.0,50,3891.206585,1.0
-15.0,50,3891.773304,1.0
-3.0,50,3892.341357,1.0
-7.0,50,3892.91176,1.0
-10.0,50,3893.487597,1.0
-9.0,50,3894.053878,1.0
-13.0,50,3894.617566,1.0
-10.0,50,3895.170242,1.0
-34.0,50,3895.724426,1.0
-8.0,50,3896.289127,1.0
-50.0,50,3896.840153,0.0
-7.0,50,3897.396283,1.0
-10.0,50,3897.948211,1.0
-6.0,50,3898.514159,1.0
-11.0,50,3899.073788,1.0
-26.0,50,3899.631892,1.0
-15.0,50,3900.185315,1.0
-10.0,50,3900.751949,1.0
-6.0,50,3901.309715,1.0
-12.0,50,3901.866665,1.0
-50.0,50,3902.423302,0.0
0.0,50,3903.000833,1.0
-50.0,50,3903.553384,0.0
-15.0,50,3904.11314,1.0
-14.0,50,3904.664327,1.0
-25.0,50,3905.239129,1.0
0.0,50,3905.799806,1.0
-13.0,50,3906.359594,1.0
-13.0,50,3906.914211,1.0
-15.0,50,3907.48231,1.0
-10.0,50,3908.038393,1.0
-13.0,50,3908.594599,1.0
-14.0,50,3909.150843,1.0
-13.0,50,3909.714537,1.0
-14.0,50,3910.270416,1.0
-4.0,50,3910.822194,1.0
-50.0,50,3911.376725,0.0
-7.0,50,3911.94067,1.0
-36.0,50,3912.49774,0.0
-9.0,50,3913.054057,1.0
-9.0,50,3913.606117,1.0
-12.0,50,3914.179436,1.0
-7.0,50,3914.736863,1.0
-7.0,50,3915.289811,1.0
-50.0,50,3915.841325,0.0
-12.0,50,3916.402496,1.0
-12.0,50,3916.95449,1.0
-50.0,50,3917.515559,0.0
-12.0,50,3918.072354,1.0
-17.0,50,3918.637559,1.0
-10.0,50,3919.188393,1.0
-9.0,50,3919.75156,1.0
-7.0,50,3920.314678,1.0
-11.0,50,3920.874382,1.0
-15.0,50,3921.422539,1.0
-12.0,50,3921.96094,1.0
-5.0,50,3922.502033,1.0
-18.0,50,3923.070255,1.0
-9.0,50,3923.641283,1.0
-11.0,50,3924.196043,1.0
-17.0,50,3924.755462,1.0
-9.0,50,3925.325009,1.0
-10.0,50,3925.888469,1.0
-6.0,50,3926.446051,1.0
-47.0,50,3927.006159,0.0
-16.0,50,3927.573575,1.0
-9.0,50,3928.130067,1.0
-8.0,50,3928.691534,1.0
-4.0,50,3929.248138,1.0
-19.0,50,3929.818121,1.0
-13.0,50,3930.377151,1.0
-6.0,50,3930.940339,1.0
-15.0,50,3931.498608,1.0
-12.0,50,3932.068986,1.0
-16.0,50,3932.628878,1.0
-5.0,50,3933.189632,1.0
-35.0,50,3933.752271,1.0
-32.0,50,3934.320228,1.0
-9.0,50,3934.880642,1.0
-10.0,50,3935.442678,1.0
-10.0,50,3936.004224,1.0
-7.0,50,3936.578918,1.0
-14.0,50,3937.134991,1.0
-7.0,50,3937.694259,1.0
-50.0,50,3938.248707,0.0
-9.0,50,3938.822604,1.0
-6.0,50,3939.378837,1.0
-9.0,50,3939.942799,1.0
-11.0,50,3940.501339,1.0
-12.0,50,3941.077596,1.0
-15.0,50,3941.633085,1.0
-12.0,50,3942.19674,1.0
-24.0,50,3942.751278,1.0
-12.0,50,3943.320653,1.0
-18.0,50,3943.879008,1.0
-9.0,50,3944.440362,1.0
-9.0,50,3945.005375,1.0
-50.0,50,3945.576777,0.0
-8.0,50,3946.134888,1.0
-17.0,50,3946.691808,1.0
-12.0,50,3947.248796,1.0
-14.0,50,3947.815037,1.0
-50.0,50,3948.369761,0.0
-11.0,50,3948.92878,1.0
-50.0,50,3949.48394,0.0
-47.0,50,3950.048069,1.0
-12.0,50,3950.601368,1.0
-40.0,50,3951.157658,1.0
-12.0,50,3951.715252,1.0
-12.0,50,3952.283411,1.0
-7.0,50,3952.834886,1.0
-9.0,50,3953.392982,1.0
-11.0,50,3953.953635,1.0
-15.0,50,3954.518785,1.0
-14.0,50,3955.071894,1.0
-12.0,50,3955.624797,1.0
-48.0,50,3956.175946,0.0
-9.0,50,3956.743056,1.0
-10.0,50,3957.29572,1.0
-35.0,50,3957.855214,1.0
-50.0,50,3958.409122,0.0
-9.0,50,3958.977873,1.0
-10.0,50,3959.530089,1.0
-47.0,50,3960.085043,0.0
-7.0,50,3960.642615,1.0
-15.0,50,3961.20487,1.0
-12.0,50,3961.762074,1.0
-14.0,50,3962.315656,1.0
-17.0,50,3962.87237,1.0
-9.0,50,3963.440946,1.0
-7.0,50,3963.996769,1.0
-17.0,50,3964.554321,1.0
-11.0,50,3965.11224,1.0
-43.0,50,3965.678297,0.0
-16.0,50,3966.235855,1.0
-18.0,50,3966.791257,1.0
-17.0,50,3967.346545,1.0
-14.0,50,3967.913071,1.0
-14.0,50,3968.467269,1.0
-14.0,50,3969.020312,1.0
-3.0,50,3969.576103,1.0
-23.0,50,3970.143789,1.0
0.0,50,3970.708511,1.0
-12.0,50,3971.265073,1.0
-17.0,50,3971.818415,1.0
-13.0,50,3972.380872,1.0
-20.0,50,3972.93832,1.0
-4.0,50,3973.497978,1.0
-16.0,50,3974.055895,1.0
-50.0,50,3974.621622,0.0
-14.0,50,3975.175767,1.0
-11.0,50,3975.732482,1.0
-11.0,50,3976.290549,1.0
-12.0,50,3979.226454,1.0
0.0,50,3979.78423,1.0
-8.0,50,3980.340183,1.0
-11.0,50,3980.898135,1.0
-7.0,50,3981.459963,1.0
-16.0,50,3982.014593,1.0
-4.0,50,3982.57153,1.0
-32.0,50,3983.131135,1.0
-10.0,50,3983.701383,1.0
-50.0,50,3984.251057,0.0
-15.0,50,3984.803066,1.0
-12.0,50,3985.355091,1.0
-29.0,50,3985.921349,1.0
-12.0,50,3986.478181,1.0
-8.0,50,3987.04287,1.0
-10.0,50,3987.593317,1.0
-7.0,50,3988.16036,1.0
-49.0,50,3988.713576,0.0
-18.0,50,3989.270349,1.0
-8.0,50,3989.828158,1.0
-8.0,50,3990.395241,1.0
-21.0,50,3990.953055,1.0
-13.0,50,3991.512063,1.0
-14.0,50,3992.063119,1.0
-13.0,50,3992.629124,1.0
-11.0,50,3993.186554,1.0
-13.0,50,3993.7402,1.0
-12.0,50,3994.304433,1.0
-19.0,50,3994.87439,1.0
-12.0,50,3995.428307,1.0
-30.0,50,3995.985482,1.0
-2.0,50,3996.544272,1.0
-8.0,50,3997.11357,1.0
-21.0,50,3997.670121,1.0
-11.0,50,3998.226194,1.0
-10.0,50,3998.788277,1.0
-48.0,50,3999.375076,0.0
-13.0,50,3999.943533,1.0
-14.0,50,4000.513745,1.0
-45.0,50,4001.080675,0.0
-10.0,50,4001.656416,1.0
-24.0,50,4002.223639,1.0
-12.0,50,4002.790203,1.0
-16.0,50,4003.358021,1.0
-10.0,50,4003.957319,1.0
-36.0,50,4004.523668,1.0
-4.0,50,4005.097912,1.0
-5.0,50,4005.662834,1.0
-12.0,50,4006.260148,1.0
-16.0,50,4006.824904,1.0
-17.0,50,4007.396055,1.0
-11.0,50,4007.967658,1.0
-10.0,50,4008.564814,1.0
-6.0,50,4009.137899,1.0
-8.0,50,4009.709372,1.0
-13.0,50,4010.279503,1.0
-13.0,50,4010.871785,1.0
-10.0,50,4011.442245,1.0
-10.0,50,4012.011533,1.0
-14.0,50,4012.583013,1.0
-10.0,50,4013.169178,1.0
-11.0,50,4013.739587,1.0
-11.0,50,4014.308189,1.0
-9.0,50,4014.876772,1.0
-5.0,50,4015.464349,1.0
-25.0,50,4016.027857,1.0
-12.0,50,4016.597717,1.0
-14.0,50,4017.16696,1.0
-24.0,50,4017.754025,1.0
-13.0,50,4018.325074,1.0
-24.0,50,4018.891095,1.0
-10.0,50,4019.460669,1.0
-12.0,50,4020.046302,1.0
-9.0,50,4020.614325,1.0
0.0,50,4021.18339,1.0
-8.0,50,4021.755703,1.0
-12.0,50,4022.339152,1.0
-7.0,50,4022.916519,1.0
-13.0,50,4023.489296,1.0
0.0,50,4024.058536,1.0
-50.0,50,4024.652373,0.0
-12.0,50,4025.232936,1.0
-8.0,50,4025.816674,1.0
-33.0,50,4026.391566,1.0
-9.0,50,4026.978937,1.0
-14.0,50,4027.549475,1.0
-10.0,50,4028.126078,1.0
-5.0,50,4028.693785,1.0
0.0,50,4029.283626,1.0
-19.0,50,4029.852091,1.0
0.0,50,4030.42237,1.0
-6.0,50,4030.987804,1.0
-6.0,50,4031.576095,1.0
-10.0,50,4032.152192,1.0
-13.0,50,4032.723283,1.0
-16.0,50,4033.291138,1.0
-13.0,50,4033.859316,1.0
-13.0,50,4034.40977,1.0
-8.0,50,4034.963082,1.0
-8.0,50,4035.516241,1.0
-13.0,50,4036.090788,1.0
-15.0,50,4036.660764,1.0
-10.0,50,4037.228683,1.0
-9.0,50,4037.802566,1.0
-41.0,50,4038.389361,1.0
-9.0,50,4038.952205,1.0
-7.0,50,4039.512777,1.0
-9.0,50,4040.066783,1.0
-12.0,50,4040.631061,1.0
-41.0,50,4041.19178,0.0
-14.0,50,4041.748758,1.0
-8.0,50,4042.305755,1.0
-16.0,50,4042.870539,1.0
-11.0,50,4043.430795,1.0
-22.0,50,4043.986596,1.0
-15.0,50,4044.540516,1.0
-6.0,50,4045.100002,1.0
-6.0,50,4045.66465,1.0
-17.0,50,4046.222657,1.0
-13.0,50,4046.781523,1.0
-44.0,50,4047.348674,1.0
-42.0,50,4047.902544,0.0
-16.0,50,4048.455408,1.0
-14.0,50,4049.008662,1.0
-8.0,50,4049.571826,1.0
-41.0,50,4050.124844,0.0
-9.0,50,4050.682234,1.0
-47.0,50,4051.235709,0.0
-11.0,50,4051.80214,1.0
-16.0,50,4052.361935,1.0
-16.0,50,4052.913545,1.0
-7.0,50,4053.469815,1.0
-12.0,50,4054.034589,1.0
-10.0,50,4054.585674,1.0
-47.0,50,4055.136722,0.0
-7.0,50,4055.695649,1.0
-46.0,50,4056.258501,0.0
-41.0,50,4056.811537,1.0
-12.0,50,4057.368631,1.0
-10.0,50,4057.926337,1.0
-22.0,50,4058.490491,1.0
-12.0,50,4059.044894,1.0
-10.0,50,4059.598832,1.0
-16.0,50,4060.15299,1.0
-6.0,50,4060.719749,1.0
-7.0,50,4061.275181,1.0
-44.0,50,4061.828029,0.0
-11.0,50,4062.381914,1.0
-19.0,50,4062.950233,1.0
-11.0,50,4063.506059,1.0
-10.0,50,4064.064096,1.0
-50.0,50,4064.620058,0.0
-11.0,50,4065.188554,1.0
-7.0,50,4065.741609,1.0
-18.0,50,4066.303707,1.0
-15.0,50,4066.858374,1.0
-8.0,50,4067.42887,1.0
-13.0,50,4067.98512,1.0
-12.0,50,4068.54266,1.0
-22.0,50,4069.096089,1.0
-8.0,50,4069.660227,1.0
-12.0,50,4070.212958,1.0
-12.0,50,4070.768721,1.0
-11.0,50,4071.324238,1.0
-47.0,50,4071.889247,0.0
-15.0,50,4072.444936,1.0
-7.0,50,4072.99748,1.0
-10.0,50,4073.567248,1.0
-9.0,50,4074.135279,1.0
-14.0,50,4074.688632,1.0
-21.0,50,4075.244534,1.0
-13.0,50,4075.802045,1.0
-7.0,50,4076.364736,1.0
-9.0,50,4076.922145,1.0
-11.0,50,4077.473065,1.0
-7.0,50,4078.024796,1.0
-6.0,50,4078.590932,1.0
-12.0,50,4079.144215,1.0
-6.0,50,4079.697852,1.0
-12.0,50,4080.250413,1.0
-16.0,50,4080.811176,1.0
0.0,50,4081.367693,1.0
-9.0,50,4081.920082,1.0
0.0,50,4082.469111,1.0
-7.0,50,4083.039295,1.0
-14.0,50,4083.595185,1.0
-15.0,50,4084.146705,1.0
-36.0,50,4084.700062,0.0
-21.0,50,4085.262064,1.0
-12.0,50,4085.813936,1.0
-50.0,50,4086.365146,0.0
-11.0,50,4086.925061,1.0
-49.0,50,4087.497026,0.0
-9.0,50,4088.055226,1.0
-12.0,50,4088.606252,1.0
-49.0,50,4089.158128,1.0
-7.0,50,4089.726804,1.0
-6.0,50,4090.285956,1.0
-7.0,50,4090.8441,1.0
0.0,50,4091.397916,1.0
-16.0,50,4094.230416,1.0
-14.0,50,4094.783182,1.0
-14.0,50,4095.339258,1.0
-7.0,50,4095.894038,1.0
-40.0,50,4096.459466,1.0
-8.0,50,4097.013414,1.0
0.0,50,4097.574039,1.0
-13.0,50,4098.130241,1.0
-15.0,50,4098.695816,1.0
-38.0,50,4099.249187,0.0
-13.0,50,4099.805021,1.0
-9.0,50,4100.361289,1.0
-7.0,50,4100.922955,1.0
-15.0,50,4101.476933,1.0
-10.0,50,4102.034588,1.0
-6.0,50,4102.587168,1.0
-13.0,50,4103.159991,1.0
-15.0,50,4103.719424,1.0
-12.0,50,4104.296666,1.0
-11.0,50,4104.851674,1.0
-26.0,50,4105.416971,1.0
-13.0,50,4105.972078,1.0
-12.0,50,4106.523323,1.0
-13.0,50,4107.079638,1.0
-15.0,50,4107.644364,1.0
-10.0,50,4108.198673,1.0
-14.0,50,4108.749103,1.0
-15.0,50,4109.297293,1.0
-14.0,50,4109.857431,1.0
-36.0,50,4110.409189,0.0
-3.0,50,4110.959182,1.0
-7.0,50,4111.512291,1.0
-7.0,50,4112.074471,1.0
-7.0,50,4112.633597,1.0
-11.0,50,4113.189586,1.0
-12.0,50,4113.750576,1.0
-6.0,50,4114.313036,1.0
-8.0,50,4114.864264,1.0
-9.0,50,4115.419394,1.0
-8.0,50,4115.970499,1.0
-16.0,50,4116.567529,1.0
-12.0,50,4117.118134,1.0
-8.0,50,4117.672123,1.0
-12.0,50,4118.226467,1.0
-9.0,50,4118.792381,1.0
-13.0,50,4119.344123,1.0
-13.0,50,4119.901577,1.0
-9.0,50,4120.457398,1.0
-12.0,50,4121.0295,1.0
-20.0,50,4121.586627,1.0
-49.0,50,4122.138593,0.0
-11.0,50,4122.694414,1.0
-16.0,50,4123.287311,1.0
-11.0,50,4123.843781,1.0
0.0,50,4124.401646,1.0
-7.0,50,4124.958772,1.0
-8.0,50,4125.524721,1.0
-20.0,50,4126.075459,1.0
-13.0,50,4126.631456,1.0
-5.0,50,4127.185436,1.0
-14.0,50,4127.747277,1.0
-21.0,50,4128.300799,1.0
-19.0,50,4128.855399,1.0
-11.0,50,4129.409728,1.0
-16.0,50,4130.000263,1.0
-20.0,50,4130.554483,1.0
-14.0,50,4131.108647,1.0
-19.0,50,4131.664475,1.0
-8.0,50,4132.224449,1.0
-25.0,50,4132.782627,1.0
-17.0,50,4133.346878,1.0
-11.0,50,4133.904051,1.0
-5.0,50,4134.472445,1.0
-13.0,50,4135.025597,1.0
-13.0,50,4135.583299,1.0
-17.0,50,4136.137892,1.0
-12.0,50,4136.714875,1.0
-11.0,50,4137.270789,1.0
-16.0,50,4137.823433,1.0
-9.0,50,4138.379933,1.0
-50.0,50,4138.944926,0.0
-23.0,50,4139.498651,1.0
-17.0,50,4140.050678,1.0
-25.0,50,4140.604398,1.0
-48.0,50,4141.165018,0.0
-13.0,50,4141.71981,1.0
-12.0,50,4142.270438,1.0
0.0,50,4142.83012,1.0
-5.0,50,4143.392656,1.0
-12.0,50,4143.951434,1.0
-10.0,50,4144.505162,1.0
-7.0,50,4145.064881,1.0
-18.0,50,4145.630172,1.0
-10.0,50,4146.189928,1.0
-15.0,50,4146.732427,1.0
-13.0,50,4147.273724,1.0
-10.0,50,4147.821892,1.0
-5.0,50,4148.359448,1.0
-31.0,50,4148.911637,1.0
0.0,50,4149.467029,1.0
-50.0,50,4150.02858,0.0
-18.0,50,4150.585872,1.0
-15.0,50,4151.139692,1.0
-8.0,50,4151.690545,1.0
-11.0,50,4152.256565,1.0
-26.0,50,4152.808868,1.0
-13.0,50,4153.362507,1.0
-10.0,50,4153.919756,1.0
-10.0,50,4154.486759,1.0
-8.0,50,4155.042926,1.0
-5.0,50,4155.59942,1.0
0.0,50,4156.151531,1.0
-1.0,50,4156.719896,1.0
-11.0,50,4157.28149,1.0
-11.0,50,4157.840312,1.0
-14.0,50,4158.395725,1.0
-10.0,50,4158.961516,1.0
-13.0,50,4159.520619,1.0
0.0,50,4160.073702,1.0
-13.0,50,4160.624404,1.0
-8.0,50,4161.191115,1.0
-6.0,50,4161.752791,1.0
-14.0,50,4162.311147,1.0
-17.0,50,4162.865632,1.0
-9.0,50,4163.439224,1.0
-10.0,50,4163.998658,1.0
-24.0,50,4164.555895,1.0
-14.0,50,4165.107673,1.0
0.0,50,4165.675255,1.0
-17.0,50,4166.24123,1.0
-12.0,50,4166.815468,1.0
-6.0,50,4167.379534,1.0
-13.0,50,4167.963784,1.0
0.0,50,4168.53594,1.0
-9.0,50,4169.105232,1.0
-27.0,50,4169.669946,1.0
-8.0,50,4170.246177,1.0
-8.0,50,4170.812183,1.0
0.0,50,4171.377221,1.0
-50.0,50,4171.949843,0.0
-17.0,50,4172.528762,1.0
-9.0,50,4173.095262,1.0
-21.0,50,4173.664075,1.0
-9.0,50,4174.232232,1.0
0.0,50,4174.810051,1.0
-14.0,50,4175.377443,1.0
-50.0,50,4175.948705,0.0
-12.0,50,4176.515414,1.0
-24.0,50,4177.098571,1.0
-13.0,50,4177.666361,1.0
-8.0,50,4178.236956,1.0
-8.0,50,4178.80526,1.0
-11.0,50,4179.383135,1.0
-11.0,50,4179.947062,1.0
-15.0,50,4180.513264,1.0
-17.0,50,4181.083135,1.0
-12.0,50,4181.663015,1.0
-47.0,50,4182.239952,0.0
-11.0,50,4182.803654,1.0
0.0,50,4183.369042,1.0
-9.0,50,4183.948023,1.0
-15.0,50,4184.513993,1.0
-22.0,50,4185.084297,1.0
-13.0,50,4185.651843,1.0
-9.0,50,4186.233048,1.0
0.0,50,4186.800352,1.0
-11.0,50,4187.360486,1.0
-13.0,50,4187.93227,1.0
-2.0,50,4188.515336,1.0
0.0,50,4189.087948,1.0
-11.0,50,4189.66147,1.0
-12.0,50,4190.229913,1.0
-13.0,50,4190.805502,1.0
-6.0,50,4191.375215,1.0
0.0,50,4191.941622,1.0
-30.0,50,4192.501575,0.0
-17.0,50,4193.082652,1.0
-33.0,50,4193.656297,1.0
-8.0,50,4194.219951,1.0
-15.0,50,4194.782664,1.0
-11.0,50,4195.358195,1.0
-11.0,50,4195.922029,1.0
-19.0,50,4196.476483,1.0
0.0,50,4197.034005,1.0
-19.0,50,4197.602543,1.0
-7.0,50,4198.158506,1.0
-5.0,50,4198.715946,1.0
-7.0,50,4199.279564,1.0
-11.0,50,4199.849002,1.0
-8.0,50,4200.407398,1.0
0.0,50,4200.965066,1.0
-14.0,50,4201.519928,1.0
-14.0,50,4202.097767,1.0
-6.0,50,4202.658791,1.0
-7.0,50,4203.217202,1.0
-9.0,50,4203.779834,1.0
-13.0,50,4204.346198,1.0
-4.0,50,4204.910359,1.0
-11.0,50,4205.466526,1.0
-9.0,50,4206.024279,1.0
-17.0,50,4208.860202,1.0
-37.0,50,4209.412072,1.0
-45.0,50,4209.962915,0.0
-7.0,50,4210.52227,1.0
-8.0,50,4211.092395,1.0
0.0,50,4211.655469,1.0
-8.0,50,4212.218077,1.0
-7.0,50,4212.786482,1.0
-5.0,50,4213.350455,1.0
-5.0,50,4213.908595,1.0
-9.0,50,4214.468516,1.0
-7.0,50,4215.024374,1.0
-11.0,50,4215.593622,1.0
-13.0,50,4216.152891,1.0
-12.0,50,4216.708424,1.0
-7.0,50,4217.261429,1.0
-12.0,50,4217.825226,1.0
-11.0,50,4218.386616,1.0
-8.0,50,4218.944575,1.0
-20.0,50,4219.500294,1.0
-50.0,50,4220.062118,0.0
-24.0,50,4220.616439,1.0
-5.0,50,4221.182498,1.0
-10.0,50,4221.741183,1.0
-8.0,50,4222.309478,1.0
-10.0,50,4222.875924,1.0
-10.0,50,4223.458942,1.0
-50.0,50,4224.03729,0.0
-13.0,50,4224.608089,1.0
-20.0,50,4225.172774,1.0
-7.0,50,4225.740275,1.0
-35.0,50,4226.307943,1.0
-20.0,50,4226.891807,1.0
-10.0,50,4227.459264,1.0
-11.0,50,4228.032079,1.0
0.0,50,4228.60861,1.0
-7.0,50,4229.186869,1.0
-10.0,50,4229.756428,1.0
-12.0,50,4230.321009,1.0
-11.0,50,4230.884481,1.0
-9.0,50,4231.455774,1.0
-11.0,50,4232.019499,1.0
-8.0,50,4232.603195,1.0
-8.0,50,4233.17997,1.0
-13.0,50,4233.79152,1.0
-8.0,50,4234.358809,1.0
-26.0,50,4234.926263,1.0
-14.0,50,4235.493646,1.0
-9.0,50,4236.074804,1.0
-6.0,50,4236.639496,1.0
-9.0,50,4237.205487,1.0
-12.0,50,4237.776323,1.0
-15.0,50,4238.358892,1.0
-20.0,50,4238.92446,1.0
-10.0,50,4239.496874,1.0
-50.0,50,4240.066718,0.0
-12.0,50,4240.650965,1.0
-24.0,50,4241.222595,1.0
0.0,50,4241.793602,1.0
-11.0,50,4242.366557,1.0
-50.0,50,4242.942851,0.0
0.0,50,4243.521751,1.0
-13.0,50,4244.094595,1.0
-7.0,50,4244.66331,1.0
-13.0,50,4245.243913,1.0
-11.0,50,4245.809199,1.0
-36.0,50,4246.382505,1.0
-9.0,50,4246.953746,1.0
-27.0,50,4247.530936,1.0
-16.0,50,4248.099771,1.0
0.0,50,4248.657721,1.0
-50.0,50,4249.23213,0.0
-5.0,50,4249.805748,1.0
-24.0,50,4250.363661,0.0
-37.0,50,4250.925034,1.0
-23.0,50,4251.484242,1.0
-19.0,50,4252.05284,1.0
-6.0,50,4252.613088,1.0
-8.0,50,4253.183034,1.0
-42.0,50,4253.744691,1.0
-9.0,50,4254.318512,1.0
-19.0,50,4254.880422,1.0
-24.0,50,4255.432961,1.0
-13.0,50,4255.995783,1.0
-16.0,50,4256.569216,1.0
-7.0,50,4257.13806,1.0
-30.0,50,4257.700281,1.0
-8.0,50,4258.25028,1.0
-13.0,50,4258.803257,1.0
-8.0,50,4259.351409,1.0
-10.0,50,4259.894773,1.0
-49.0,50,4260.450792,1.0
-3.0,50,4261.017037,1.0
-17.0,50,4261.576554,1.0
-6.0,50,4262.139037,1.0
-8.0,50,4262.700172,1.0
-10.0,50,4263.275839,1.0
-9.0,50,4263.838555,1.0
-12.0,50,4264.395204,1.0
-7.0,50,4264.953254,1.0
-8.0,50,4265.521717,1.0
-5.0,50,4266.086026,1.0
-17.0,50,4266.653292,1.0
-6.0,50,4267.215976,1.0
-15.0,50,4267.791157,1.0
-16.0,50,4268.355729,1.0
-10.0,50,4268.92059,1.0
-14.0,50,4269.483749,1.0
-12.0,50,4270.056239,1.0
-5.0,50,4270.611668,1.0
-8.0,50,4271.167583,1.0
-9.0,50,4271.727486,1.0
-9.0,50,4272.294633,1.0
-7.0,50,4272.856298,1.0
-9.0,50,4273.415067,1.0
-12.0,50,4273.981958,1.0
-50.0,50,4274.550639,0.0
-13.0,50,4275.11235,1.0
-17.0,50,4275.670089,1.0
-9.0,50,4276.224834,1.0
-35.0,50,4276.795934,1.0
-9.0,50,4277.356195,1.0
-7.0,50,4277.917922,1.0
-20.0,50,4278.477147,1.0
-12.0,50,4279.049531,1.0
-8.0,50,4279.614421,1.0
-10.0,50,4280.170197,1.0
0.0,50,4280.732361,1.0
-15.0,50,4281.307932,1.0
-7.0,50,4281.875996,1.0
-23.0,50,4282.434793,1.0
-10.0,50,4282.998031,1.0
-44.0,50,4283.574013,0.0
-7.0,50,4284.130921,1.0
-12.0,50,4284.689368,1.0
0.0,50,4285.253961,1.0
-16.0,50,4285.829283,1.0
-11.0,50,4286.389038,1.0
-6.0,50,4286.953228,1.0
-16.0,50,4287.505848,1.0
0.0,50,4288.073127,1.0
-50.0,50,4288.626435,0.0
-4.0,50,4289.185561,1.0
-44.0,50,4289.739036,0.0
-17.0,50,4290.297908,1.0
-8.0,50,4290.858298,1.0
-20.0,50,4291.410011,1.0
-24.0,50,4291.965975,1.0
-11.0,50,4292.537226,1.0
-7.0,50,4293.091018,1.0
0.0,50,4293.650581,1.0
-15.0,50,4294.201884,1.0
-10.0,50,4294.761163,1.0
-10.0,50,4295.309919,1.0
-48.0,50,4295.86521,0.0
-34.0,50,4296.417229,1.0
-3.0,50,4296.985825,1.0
0.0,50,4297.543559,1.0
-3.0,50,4298.094116,1.0
-27.0,50,4298.648148,1.0
-22.0,50,4299.215001,1.0
-4.0,50,4299.775522,1.0
-47.0,50,4300.328895,0.0
-9.0,50,4300.884319,1.0
-12.0,50,4301.454101,1.0
-49.0,50,4302.009325,0.0
-19.0,50,4302.566151,1.0
0.0,50,4303.11505,1.0
-11.0,50,4303.687339,1.0
-50.0,50,4304.243102,0.0
-4.0,50,4304.801423,1.0
-19.0,50,4305.358205,1.0
0.0,50,4305.93118,1.0
0.0,50,4306.487072,1.0
-5.0,50,4307.042243,1.0
-11.0,50,4307.593008,1.0
-11.0,50,4308.165475,1.0
-7.0,50,4308.721795,1.0
-6.0,50,4309.278606,1.0
-13.0,50,4309.832538,1.0
-32.0,50,4310.400859,1.0
-12.0,50,4310.950407,1.0
0.0,50,4311.508243,1.0
-8.0,50,4312.068186,1.0
-39.0,50,4312.633054,0.0
-7.0,50,4313.193391,1.0
-4.0,50,4313.755446,1.0
-10.0,50,4314.311844,1.0
-25.0,50,4314.87651,0.0
-5.0,50,4315.42748,1.0
-8.0,50,4315.986515,1.0
-13.0,50,4316.538109,1.0
-50.0,50,4317.105512,0.0
-11.0,50,4317.658765,1.0
-5.0,50,4318.214192,1.0
-19.0,50,4318.767944,1.0
-11.0,50,4319.333449,1.0
-10.0,50,4319.890214,1.0
-11.0,50,4320.444144,1.0
-14.0,50,4320.995675,1.0
-10.0,50,4323.851077,1.0
-5.0,50,4324.415772,1.0
-22.0,50,4324.978499,1.0
0.0,50,4325.543303,1.0
-13.0,50,4326.120095,1.0
-9.0,50,4326.680665,1.0
-23.0,50,4327.246898,1.0
-12.0,50,4327.812566,1.0
-12.0,50,4328.389611,1.0
-10.0,50,4328.955992,1.0
-20.0,50,4329.522989,1.0
-8.0,50,4330.083706,1.0
-14.0,50,4330.659704,1.0
-6.0,50,4331.217602,1.0
-17.0,50,4331.782097,1.0
-19.0,50,4332.348432,1.0
-15.0,50,4332.933525,1.0
-11.0,50,4333.490572,1.0
-11.0,50,4334.059134,1.0
-24.0,50,4334.621488,1.0
-8.0,50,4335.193805,1.0
-6.0,50,4335.751388,1.0
-19.0,50,4336.30654,1.0
-11.0,50,4336.867605,1.0
-20.0,50,4337.43676,1.0
-41.0,50,4337.993409,1.0
-49.0,50,4338.546371,0.0
-5.0,50,4339.105624,1.0
-9.0,50,4339.69167,1.0
-12.0,50,4340.247276,1.0
-7.0,50,4340.803659,1.0
-14.0,50,4341.36094,1.0
-11.0,50,4341.939913,1.0
-10.0,50,4342.494589,1.0
-13.0,50,4343.059738,1.0
0.0,50,4343.630784,1.0
-7.0,50,4344.205056,1.0
-14.0,50,4344.773698,1.0
-9.0,50,4345.335739,1.0
0.0,50,4345.897378,1.0
-9.0,50,4346.468789,1.0
-5.0,50,4347.040962,1.0
-11.0,50,4347.60118,1.0
-11.0,50,4348.170403,1.0
-7.0,50,4348.751135,1.0
-13.0,50,4349.320706,1.0
0.0,50,4349.890316,1.0
-13.0,50,4350.464309,1.0
-25.0,50,4351.050675,1.0
-12.0,50,4351.616089,1.0
0.0,50,4352.189913,1.0
-27.0,50,4352.760058,1.0
-11.0,50,4353.347579,1.0
-7.0,50,4353.91888,1.0
-9.0,50,4354.491116,1.0
-10.0,50,4355.064898,1.0
-10.0,50,4355.643576,1.0
-11.0,50,4356.213406,1.0
-8.0,50,4356.783313,1.0
-9.0,50,4357.356973,1.0
-28.0,50,4357.939979,1.0
-50.0,50,4358.506766,0.0
-14.0,50,4359.074397,1.0
-19.0,50,4359.644265,1.0
-19.0,50,4360.232654,1.0
-7.0,50,4360.806932,1.0
-11.0,50,4361.381974,1.0
-13.0,50,4361.957787,1.0
-8.0,50,4362.543725,1.0
-8.0,50,4363.116314,1.0
-11.0,50,4363.686573,1.0
-11.0,50,4364.257501,1.0
-32.0,50,4364.843002,0.0
-16.0,50,4365.416148,1.0
-6.0,50,4365.984008,1.0
-16.0,50,4366.554381,1.0
-12.0,50,4367.138951,1.0
-26.0,50,4367.70816,1.0
-6.0,50,4368.280935,1.0
-3.0,50,4368.855095,1.0
-12.0,50,4369.444258,1.0
-7.0,50,4370.005948,1.0
-16.0,50,4370.561026,1.0
-13.0,50,4371.118142,1.0
-6.0,50,4371.680083,1.0
-13.0,50,4372.241708,1.0
-4.0,50,4372.816507,1.0
-26.0,50,4373.391326,1.0
-9.0,50,4373.979817,1.0
-47.0,50,4374.545636,0.0
-17.0,50,4375.117027,1.0
-14.0,50,4375.691244,1.0
-16.0,50,4376.276749,1.0
0.0,50,4376.851434,1.0
-16.0,50,4377.41696,1.0
-17.0,50,4377.988037,1.0
-14.0,50,4378.563835,1.0
-12.0,50,4379.134465,1.0
-12.0,50,4379.704238,1.0
-10.0,50,4380.276045,1.0
-9.0,50,4380.855603,1.0
-50.0,50,4381.424715,0.0
-10.0,50,4381.995577,1.0
-27.0,50,4382.562928,1.0
-12.0,50,4383.144337,1.0
-21.0,50,4383.716835,1.0
0.0,50,4384.290447,1.0
-12.0,50,4384.861365,1.0
-21.0,50,4385.439481,1.0
0.0,50,4386.013031,1.0
-27.0,50,4386.580075,1.0
-8.0,50,4387.149564,1.0
-7.0,50,4387.730885,1.0
-7.0,50,4388.307637,1.0
-8.0,50,4388.87655,1.0
-14.0,50,4389.450073,1.0
-18.0,50,4390.030486,1.0
-12.0,50,4390.595612,1.0
-9.0,50,4391.165415,1.0
-20.0,50,4391.737536,1.0
-8.0,50,4392.316194,1.0
-41.0,50,4392.883176,1.0
-14.0,50,4393.456066,1.0
-21.0,50,4394.032046,1.0
-6.0,50,4394.612931,1.0
-5.0,50,4395.182901,1.0
-6.0,50,4395.755662,1.0
-16.0,50,4396.33177,1.0
-11.0,50,4396.897091,1.0
-11.0,50,4397.452132,1.0
-7.0,50,4398.006207,1.0
-6.0,50,4398.562274,1.0
-15.0,50,4399.127473,1.0
-9.0,50,4399.684245,1.0
-11.0,50,4400.242985,1.0
0.0,50,4400.795188,1.0
-14.0,50,4401.360018,0.0
-4.0,50,4401.926168,1.0
-8.0,50,4402.499571,1.0
-8.0,50,4403.070265,1.0
-19.0,50,4403.663981,1.0
-13.0,50,4404.231739,1.0
-10.0,50,4404.806076,1.0
-11.0,50,4405.375544,1.0
-12.0,50,4405.957593,1.0
-28.0,50,4406.531814,1.0
-16.0,50,4407.107152,1.0
-14.0,50,4407.680822,1.0
-11.0,50,4408.266021,1.0
-13.0,50,4408.841434,1.0
0.0,50,4409.418232,1.0
-14.0,50,4409.984566,1.0
-12.0,50,4410.558433,1.0
-10.0,50,4411.128276,1.0
-11.0,50,4411.698471,1.0
-15.0,50,4412.265588,1.0
-10.0,50,4412.842697,1.0
-10.0,50,4413.416719,1.0
-38.0,50,4413.979448,1.0
-5.0,50,4414.547698,1.0
-29.0,50,4415.126811,1.0
0.0,50,4415.703829,1.0
-11.0,50,4416.277502,1.0
-5.0,50,4416.850405,1.0
-10.0,50,4417.424759,1.0
-11.0,50,4417.990048,1.0
-14.0,50,4418.561465,1.0
-18.0,50,4419.127776,1.0
-17.0,50,4419.708154,1.0
-8.0,50,4420.278964,1.0
-5.0,50,4420.839085,1.0
-6.0,50,4421.410597,1.0
-10.0,50,4421.986176,1.0
-7.0,50,4422.552984,1.0
-20.0,50,4423.118222,1.0
-12.0,50,4423.682793,1.0
-11.0,50,4424.24526,1.0
0.0,50,4424.804612,1.0
-13.0,50,4425.357393,1.0
-12.0,50,4425.909808,1.0
-12.0,50,4426.468322,1.0
-5.0,50,4427.031708,1.0
-12.0,50,4427.593361,1.0
-11.0,50,4428.155897,1.0
-12.0,50,4428.720108,1.0
-5.0,50,4429.282818,1.0
-15.0,50,4429.84442,1.0
-39.0,50,4430.40108,0.0
-7.0,50,4430.969618,1.0
-16.0,50,4431.528259,1.0
-13.0,50,4432.081675,1.0
-12.0,50,4432.639802,1.0
-13.0,50,4433.210827,1.0
-12.0,50,4433.773748,1.0
-50.0,50,4434.327276,0.0
-11.0,50,4434.879696,1.0
-17.0,50,4435.447488,1.0
-18.0,50,4436.002466,1.0
-11.0,50,4436.557182,1.0
-11.0,50,4437.111487,1.0
-19.0,50,4439.955272,1.0
0.0,50,4440.508822,1.0
-47.0,50,4441.06216,0.0
-8.0,50,4441.6183,1.0
-8.0,50,4442.189616,1.0
-27.0,50,4442.74677,1.0
-21.0,50,4443.306291,1.0
-11.0,50,4443.864378,1.0
-11.0,50,4444.428308,1.0
-7.0,50,4444.984315,1.0
-7.0,50,4445.541635,1.0
-14.0,50,4446.100079,1.0
-13.0,50,4446.670418,1.0
-14.0,50,4447.228487,1.0
-2.0,50,4447.783325,1.0
-9.0,50,4448.339869,1.0
-16.0,50,4448.906476,1.0
-11.0,50,4449.464719,1.0
-10.0,50,4450.028793,1.0
0.0,50,4450.591638,1.0
-8.0,50,4451.159061,1.0
-17.0,50,4451.717072,1.0
-11.0,50,4452.278939,1.0
-12.0,50,4452.836355,1.0
-20.0,50,4453.412579,1.0
-16.0,50,4453.975351,1.0
-45.0,50,4454.536739,1.0
-9.0,50,4455.097373,1.0
-13.0,50,4455.665461,1.0
-8.0,50,4456.223822,1.0
-9.0,50,4456.789417,1.0
-11.0,50,4457.353594,1.0
-35.0,50,4457.926411,1.0
-12.0,50,4458.485051,1.0
-10.0,50,4459.043849,1.0
-7.0,50,4459.607063,1.0
-14.0,50,4460.176493,1.0
-9.0,50,4460.740584,1.0
-49.0,50,4461.299622,0.0
-8.0,50,4461.861789,1.0
-12.0,50,4462.433414,1.0
0.0,50,4462.993076,1.0
-17.0,50,4463.556863,1.0
-8.0,50,4464.120816,1.0
-11.0,50,4464.689531,1.0
-7.0,50,4465.244611,1.0
-11.0,50,4465.801816,1.0
-9.0,50,4466.352676,1.0
-10.0,50,4466.929267,1.0
-13.0,50,4467.48549,1.0
-9.0,50,4468.047758,1.0
-11.0,50,4468.605632,1.0
-14.0,50,4469.178873,1.0
-5.0,50,4469.733815,1.0
-11.0,50,4470.293157,1.0
-11.0,50,4470.853601,1.0
-8.0,50,4471.422193,1.0
-19.0,50,4471.977438,1.0
-11.0,50,4472.533729,1.0
-12.0,50,4473.092083,1.0
-11.0,50,4473.667993,1.0
-12.0,50,4474.242026,1.0
-11.0,50,4474.81085,1.0
-14.0,50,4475.385696,1.0
-5.0,50,4475.969727,1.0
-8.0,50,4476.546242,1.0
-33.0,50,4477.113212,1.0
-9.0,50,4477.682847,1.0
-16.0,50,4478.26729,1.0
-14.0,50,4478.834871,1.0
-13.0,50,4479.399076,1.0
-14.0,50,4479.966004,1.0
-21.0,50,4480.549149,1.0
-18.0,50,4481.118279,1.0
-9.0,50,4481.692063,1.0
0.0,50,4482.244852,1.0
-18.0,50,4482.807623,1.0
0.0,50,4483.362906,1.0
-8.0,50,4483.918032,1.0
-12.0,50,4484.48555,1.0
-37.0,50,4485.064662,1.0
-16.0,50,4485.637783,1.0
0.0,50,4486.209761,1.0
0.0,50,4486.78457,1.0
-13.0,50,4487.366095,1.0
-19.0,50,4487.938684,1.0
-6.0,50,4488.513948,1.0
-23.0,50,4489.093059,1.0
-11.0,50,4489.678949,1.0
-48.0,50,4490.248728,0.0
0.0,50,4490.813757,1.0
-9.0,50,4491.391237,1.0
-7.0,50,4491.975763,1.0
-12.0,50,4492.544625,1.0
-20.0,50,4493.123396,1.0
-6.0,50,4493.701286,1.0
-8.0,50,4494.282963,1.0
-8.0,50,4494.854481,1.0
-10.0,50,4495.428614,1.0
-6.0,50,4495.999904,1.0
0.0,50,4496.586722,1.0
-7.0,50,4497.159784,1.0
-6.0,50,4497.735896,1.0
-8.0,50,4498.310048,1.0
-13.0,50,4498.885994,1.0
-12.0,50,4499.443001,1.0
-11.0,50,4500.002045,1.0
-4.0,50,4500.558991,1.0
0.0,50,4501.129262,1.0
-8.0,50,4501.687917,1.0
-8.0,50,4502.244921,1.0
-10.0,50,4502.805051,1.0
-14.0,50,4503.373879,1.0
-13.0,50,4503.930285,1.0
-28.0,50,4504.496427,1.0
-11.0,50,4505.048883,1.0
-16.0,50,4505.614171,1.0
-23.0,50,4506.170842,1.0
-10.0,50,4506.726002,1.0
-33.0,50,4507.282202,1.0
-11.0,50,4507.845925,1.0
-17.0,50,4508.401052,1.0
-11.0,50,4508.960878,1.0
-14.0,50,4509.521391,1.0
-12.0,50,4510.108232,1.0
-10.0,50,4510.66633,1.0
-8.0,50,4511.229276,1.0
-16.0,50,4511.785938,1.0
-9.0,50,4512.360952,1.0
-4.0,50,4512.918477,1.0
-9.0,50,4513.476305,1.0
-11.0,50,4514.035013,1.0
-7.0,50,4514.606433,1.0
-18.0,50,4515.16457,1.0
-6.0,50,4515.727899,1.0
-10.0,50,4516.290572,1.0
-12.0,50,4516.865988,1.0
-9.0,50,4517.427234,1.0
-5.0,50,4517.994528,1.0
-13.0,50,4518.559674,1.0
-12.0,50,4519.130577,1.0
-5.0,50,4519.695373,1.0
-8.0,50,4520.256615,1.0
-6.0,50,4520.817474,1.0
-16.0,50,4521.39157,1.0
-12.0,50,4521.949764,1.0
-16.0,50,4522.518558,0.0
-10.0,50,4523.092161,1.0
-9.0,50,4523.688762,1.0
-13.0,50,4524.257221,1.0
-15.0,50,4524.824382,1.0
-9.0,50,4525.397745,1.0
-2.0,50,4525.988286,1.0
-9.0,50,4526.567655,1.0
-7.0,50,4527.139652,1.0
-12.0,50,4527.716101,1.0
-8.0,50,4528.300397,1.0
-8.0,50,4528.877777,1.0
-8.0,50,4529.454068,1.0
-13.0,50,4530.022063,1.0
-20.0,50,4530.603121,1.0
-5.0,50,4531.171658,1.0
-9.0,50,4531.742898,1.0
-5.0,50,4532.316846,1.0
-20.0,50,4532.895607,1.0
-16.0,50,4533.471291,1.0
-12.0,50,4534.053466,1.0
-12.0,50,4534.628501,1.0
-10.0,50,4535.214515,1.0
-6.0,50,4535.793449,1.0
-9.0,50,4536.36809,1.0
-23.0,50,4536.943282,1.0
-6.0,50,4537.53136,1.0
0.0,50,4538.109975,1.0
-50.0,50,4538.67963,0.0
-11.0,50,4539.249976,1.0
-12.0,50,4539.833439,1.0
-7.0,50,4540.411432,1.0
-16.0,50,4540.982608,1.0
-14.0,50,4541.557134,1.0
-8.0,50,4542.13459,1.0
-31.0,50,4542.710144,1.0
-10.0,50,4543.284055,1.0
-15.0,50,4543.858812,1.0
-13.0,50,4544.446961,1.0
-25.0,50,4545.015538,1.0
-12.0,50,4545.572548,1.0
-6.0,50,4546.143564,1.0
-19.0,50,4546.735647,1.0
-12.0,50,4547.309557,1.0
-5.0,50,4547.889955,1.0
-9.0,50,4548.459717,1.0
-12.0,50,4549.049191,1.0
-6.0,50,4549.627726,1.0
-17.0,50,4550.200852,1.0
-19.0,50,4550.775762,1.0
-26.0,50,4551.36279,1.0
-10.0,50,4551.929992,1.0
0.0,50,4552.505163,1.0
-7.0,50,4553.085412,1.0
-10.0,50,4556.006792,1.0
-8.0,50,4556.58434,1.0
-38.0,50,4557.157456,1.0
-11.0,50,4557.733589,1.0
-20.0,50,4558.315505,1.0
-50.0,50,4558.886431,0.0
-13.0,50,4559.45463,1.0
-11.0,50,4560.031456,1.0
-12.0,50,4560.612166,1.0
-13.0,50,4561.187993,1.0
-50.0,50,4561.761495,0.0
-23.0,50,4562.336131,1.0
-6.0,50,4562.91606,1.0
0.0,50,4563.487639,1.0
-9.0,50,4564.055759,1.0
-7.0,50,4564.624769,1.0
-9.0,50,4565.211771,1.0
-11.0,50,4565.787496,1.0
-10.0,50,4566.361615,1.0
-8.0,50,4566.935573,1.0
-7.0,50,4567.520917,1.0
-12.0,50,4568.092642,1.0
-13.0,50,4568.671906,1.0
-17.0,50,4569.247823,1.0
-7.0,50,4569.82817,1.0
-6.0,50,4570.394351,1.0
-24.0,50,4570.964306,1.0
-10.0,50,4571.532958,1.0
-10.0,50,4572.112424,1.0
-7.0,50,4572.682016,1.0
0.0,50,4573.256704,1.0
-22.0,50,4573.828517,1.0
-5.0,50,4574.470825,1.0
-10.0,50,4575.03209,1.0
-50.0,50,4575.58885,0.0
-6.0,50,4576.143174,1.0
-2.0,50,4576.730396,1.0
-13.0,50,4577.289054,1.0
-17.0,50,4577.841712,1.0
-9.0,50,4578.402217,1.0
-14.0,50,4578.973911,1.0
-22.0,50,4579.531663,1.0
-7.0,50,4580.093428,1.0
-6.0,50,4580.65483,1.0
-12.0,50,4581.232004,1.0
-13.0,50,4581.801629,1.0
-32.0,50,4582.363316,0.0
0.0,50,4582.929657,1.0
-6.0,50,4583.510175,1.0
-24.0,50,4584.075924,1.0
-11.0,50,4584.643163,1.0
-6.0,50,4585.209279,1.0
-3.0,50,4585.785478,1.0
-9.0,50,4586.352907,1.0
-12.0,50,4586.922063,1.0
0.0,50,4587.485688,1.0
-9.0,50,4588.098296,1.0
-43.0,50,4588.66152,1.0
-13.0,50,4589.22563,1.0
-12.0,50,4589.795035,1.0
0.0,50,4590.37832,1.0
-8.0,50,4590.946492,1.0
-19.0,50,4591.508066,1.0
-17.0,50,4592.073867,1.0
-11.0,50,4592.655785,1.0
-15.0,50,4593.219242,1.0
-7.0,50,4593.787904,1.0
-13.0,50,4594.351374,1.0
-9.0,50,4594.914479,1.0
0.0,50,4595.462098,1.0
-8.0,50,4596.011261,1.0
-8.0,50,4596.561574,1.0
-12.0,50,4597.128787,1.0
0.0,50,4597.68478,1.0
-9.0,50,4598.253552,1.0
-3.0,50,4598.824252,1.0
-12.0,50,4599.40865,1.0
-16.0,50,4599.974686,1.0
-9.0,50,4600.537328,1.0
-2.0,50,4601.103892,1.0
-10.0,50,4601.677916,1.0
-16.0,50,4602.237264,1.0
-5.0,50,4602.801377,1.0
-12.0,50,4603.363957,1.0
-9.0,50,4603.94167,1.0
-2.0,50,4604.503503,1.0
-8.0,50,4605.071643,1.0
-12.0,50,4605.635082,1.0
-12.0,50,4606.213136,1.0
-11.0,50,4606.774292,1.0
-34.0,50,4607.339445,1.0
-5.0,50,4607.905931,1.0
-10.0,50,4608.484611,1.0
-13.0,50,4609.051491,1.0
-18.0,50,4609.612648,1.0
-10.0,50,4610.178102,1.0
-9.0,50,4610.761261,1.0
-10.0,50,4611.330332,1.0
-7.0,50,4611.896849,1.0
-48.0,50,4612.46046,0.0
-12.0,50,4613.039194,1.0
-46.0,50,4613.606192,0.0
-5.0,50,4614.168453,1.0
-10.0,50,4614.733305,1.0
-21.0,50,4615.309784,0.0
-9.0,50,4615.870946,1.0
-24.0,50,4616.435579,1.0
0.0,50,4616.995975,1.0
-10.0,50,4617.573807,1.0
-16.0,50,4618.138854,1.0
-11.0,50,4618.709049,1.0
-10.0,50,4619.279773,1.0
-11.0,50,4619.853873,1.0
-12.0,50,4620.41735,1.0
-6.0,50,4620.986832,1.0
-11.0,50,4621.551647,1.0
-11.0,50,4622.1261,1.0
-14.0,50,4622.686351,1.0
-5.0,50,4623.250493,1.0
-18.0,50,4623.811016,1.0
-15.0,50,4624.390166,1.0
-14.0,50,4624.960378,1.0
-19.0,50,4625.527205,1.0
-10.0,50,4626.098461,1.0
-12.0,50,4626.683189,1.0
-32.0,50,4627.252219,1.0
-8.0,50,4627.825633,1.0
-10.0,50,4628.400431,1.0
-13.0,50,4628.97868,1.0
-15.0,50,4629.54811,1.0
-9.0,50,4630.12374,1.0
0.0,50,4630.68923,1.0
-11.0,50,4631.271821,1.0
-8.0,50,4631.845412,1.0
-8.0,50,4632.42029,1.0
-11.0,50,4632.991775,1.0
-1.0,50,4633.572978,1.0
-7.0,50,4634.143301,1.0
-10.0,50,4634.71839,1.0
-8.0,50,4635.295398,1.0
-8.0,50,4635.884549,1.0
-50.0,50,4636.458571,0.0
-12.0,50,4637.02875,1.0
0.0,50,4637.601188,1.0
-11.0,50,4638.187712,1.0
-9.0,50,4638.76025,1.0
-7.0,50,4639.333712,1.0
-47.0,50,4639.90031,0.0
-8.0,50,4640.480434,1.0
-5.0,50,4641.052643,1.0
-9.0,50,4641.612331,1.0
-10.0,50,4642.176567,1.0
-6.0,50,4642.752461,1.0
-10.0,50,4643.323945,1.0
-8.0,50,4643.887317,1.0
-13.0,50,4644.453903,1.0
-11.0,50,4645.023269,1.0
-12.0,50,4645.580533,1.0
-12.0,50,4646.149332,1.0
-11.0,50,4646.716273,1.0
-22.0,50,4647.292619,1.0
-12.0,50,4647.850917,1.0
-14.0,50,4648.414036,1.0
-7.0,50,4648.973651,1.0
-35.0,50,4649.549402,1.0
-7.0,50,4650.107368,1.0
-5.0,50,4650.665244,1.0
-9.0,50,4651.228126,1.0
-8.0,50,4651.794706,1.0
-14.0,50,4652.351325,1.0
-11.0,50,4652.907619,1.0
-11.0,50,4653.467917,1.0
-9.0,50,4654.039133,1.0
-11.0,50,4654.604424,1.0
-8.0,50,4655.168789,1.0
-50.0,50,4655.728244,0.0
-16.0,50,4656.302926,1.0
-19.0,50,4656.866154,1.0
-16.0,50,4657.429693,1.0
-12.0,50,4657.992849,1.0
-11.0,50,4658.563279,1.0
-12.0,50,4659.130727,1.0
-17.0,50,4659.689673,1.0
-24.0,50,4660.248424,1.0
-7.0,50,4660.82165,1.0
-9.0,50,4661.384835,1.0
-11.0,50,4661.950772,1.0
-11.0,50,4662.515073,1.0
-11.0,50,4663.088882,1.0
-10.0,50,4663.655273,1.0
-20.0,50,4664.218058,1.0
-11.0,50,4664.781858,1.0
-6.0,50,4665.360784,1.0
-7.0,50,4665.919412,1.0
-4.0,50,4666.483781,1.0
-4.0,50,4667.044287,1.0
-8.0,50,4667.6235,1.0
-28.0,50,4668.183492,1.0
-8.0,50,4668.745067,1.0
-9.0,50,4669.313466,1.0
-12.0,50,4672.173516,1.0
-5.0,50,4672.736986,1.0
-13.0,50,4673.311977,1.0
-6.0,50,4673.871407,1.0
-11.0,50,4674.447698,1.0
-17.0,50,4675.008131,1.0
-13.0,50,4675.568692,1.0
-8.0,50,4676.132818,1.0
-10.0,50,4676.703071,1.0
-9.0,50,4677.259871,1.0
-10.0,50,4677.826914,1.0
-16.0,50,4678.394018,1.0
0.0,50,4678.986099,1.0
-8.0,50,4679.54673,1.0
-34.0,50,4680.109548,1.0
-15.0,50,4680.667325,1.0
-14.0,50,4681.235797,1.0
-10.0,50,4681.796758,1.0
-8.0,50,4682.358316,1.0
-13.0,50,4682.918799,1.0
-25.0,50,4683.48964,1.0
0.0,50,4684.05491,1.0
-8.0,50,4684.614763,1.0
-24.0,50,4685.176096,1.0
-24.0,50,4685.745607,1.0
-43.0,50,4686.304715,0.0
-16.0,50,4686.87258,1.0
-21.0,50,4687.435077,1.0
-11.0,50,4688.012194,1.0
-46.0,50,4688.572838,0.0
-16.0,50,4689.130716,1.0
-12.0,50,4689.691604,1.0
-7.0,50,4690.262876,1.0
-10.0,50,4690.821611,1.0
-9.0,50,4691.379062,1.0
-27.0,50,4691.935659,1.0
-47.0,50,4692.50162,0.0
0.0,50,4693.061108,1.0
-22.0,50,4693.621864,0.0
-7.0,50,4694.184127,1.0
-9.0,50,4694.754861,1.0
-6.0,50,4695.326215,1.0
-14.0,50,4695.890296,1.0
-7.0,50,4696.450447,1.0
-14.0,50,4697.028853,1.0
-9.0,50,4697.591385,1.0
-9.0,50,4698.156156,1.0
-13.0,50,4698.719163,1.0
-10.0,50,4699.307593,1.0
-16.0,50,4699.864843,1.0
-21.0,50,4700.427225,1.0
-7.0,50,4700.987523,1.0
-9.0,50,4701.563086,1.0
-11.0,50,4702.125648,1.0
-38.0,50,4702.689052,1.0
-14.0,50,4703.254533,1.0
-13.0,50,4703.827579,1.0
0.0,50,4704.390209,1.0
-25.0,50,4704.949955,1.0
-11.0,50,4705.518194,1.0
-11.0,50,4706.095563,1.0
-9.0,50,4706.661191,1.0
-34.0,50,4707.224066,1.0
-11.0,50,4707.77399,1.0
-10.0,50,4708.32859,1.0
-9.0,50,4708.879067,1.0
-21.0,50,4709.428159,1.0
-30.0,50,4709.984731,1.0
-6.0,50,4710.555921,1.0
-11.0,50,4711.116058,1.0
-22.0,50,4711.671061,1.0
-16.0,50,4712.233144,1.0
-14.0,50,4712.809107,1.0
0.0,50,4713.375034,1.0
-8.0,50,4713.939096,1.0
-12.0,50,4714.502187,1.0
-3.0,50,4715.081611,1.0
-15.0,50,4715.642929,1.0
-12.0,50,4716.205792,1.0
-8.0,50,4716.766618,1.0
-9.0,50,4717.339792,1.0
0.0,50,4717.906876,1.0
-8.0,50,4718.465044,1.0
-8.0,50,4719.027506,1.0
-35.0,50,4719.602577,1.0
-14.0,50,4720.165267,1.0
-11.0,50,4720.734892,1.0
-10.0,50,4721.297612,1.0
-10.0,50,4721.872246,1.0
-11.0,50,4722.431309,1.0
-8.0,50,4722.996878,1.0
-12.0,50,4723.555519,1.0
-11.0,50,4724.131157,1.0
-12.0,50,4724.697247,1.0
-11.0,50,4725.259606,1.0
-15.0,50,4725.820168,1.0
-7.0,50,4726.393816,1.0
0.0,50,4726.957405,1.0
-9.0,50,4727.513598,1.0
-19.0,50,4728.070379,1.0
-10.0,50,4728.642254,1.0
-27.0,50,4729.199206,1.0
-15.0,50,4729.759123,1.0
-8.0,50,4730.324137,1.0
0.0,50,4730.903528,1.0
-8.0,50,4731.465742,1.0
-8.0,50,4732.031698,1.0
-8.0,50,4732.595604,1.0
-16.0,50,4733.174441,1.0
-28.0,50,4733.735467,0.0
-17.0,50,4734.295865,1.0
-11.0,50,4734.858279,1.0
-8.0,50,4735.433973,1.0
-11.0,50,4735.999005,1.0
-5.0,50,4736.559841,1.0
-12.0,50,4737.122713,1.0
-9.0,50,4737.699256,1.0
-9.0,50,4738.261974,1.0
-12.0,50,4738.827977,1.0
-13.0,50,4739.388469,1.0
-10.0,50,4739.963326,1.0
-8.0,50,4740.524819,1.0
-5.0,50,4741.091643,1.0
-5.0,50,4741.655444,1.0
-11.0,50,4742.233917,1.0
-17.0,50,4742.797146,1.0
-13.0,50,4743.356823,1.0
-15.0,50,4743.923157,1.0
0.0,50,4744.498783,1.0
-27.0,50,4745.058228,1.0
-13.0,50,4745.62879,1.0
-11.0,50,4746.194002,1.0
-7.0,50,4746.767213,1.0
-11.0,50,4747.332469,1.0
-9.0,50,4747.897889,1.0
-27.0,50,4748.459375,1.0
-20.0,50,4749.032902,1.0
-21.0,50,4749.595143,1.0
-13.0,50,4750.15779,1.0
-10.0,50,4750.729518,1.0
-9.0,50,4751.327781,1.0
-8.0,50,4751.893348,1.0
-24.0,50,4752.45711,1.0
-5.0,50,4753.026417,1.0
-28.0,50,4753.601425,1.0
-5.0,50,4754.170393,1.0
-8.0,50,4754.734614,1.0
-50.0,50,4755.29665,0.0
-7.0,50,4755.877721,1.0
-11.0,50,4756.44602,1.0
-13.0,50,4757.008489,1.0
-34.0,50,4757.570477,0.0
-13.0,50,4758.164093,1.0
-13.0,50,4758.731228,1.0
-10.0,50,4759.296425,1.0
-7.0,50,4759.856752,1.0
-9.0,50,4760.42759,1.0
-9.0,50,4760.992609,1.0
-12.0,50,4761.55082,1.0
-13.0,50,4762.107579,1.0
-14.0,50,4762.67884,1.0
-11.0,50,4763.245212,1.0
-6.0,50,4763.817474,1.0
-8.0,50,4764.37864,1.0
-11.0,50,4764.95592,0.0
-3.0,50,4765.516336,1.0
-9.0,50,4766.082888,1.0
-10.0,50,4766.642409,1.0
-11.0,50,4767.221574,1.0
-3.0,50,4767.774224,1.0
-28.0,50,4768.335337,1.0
-18.0,50,4768.897168,1.0
-7.0,50,4769.472797,1.0
-14.0,50,4770.037933,1.0
-15.0,50,4770.600359,1.0
0.0,50,4771.156867,1.0
-5.0,50,4771.759872,1.0
-10.0,50,4772.326657,1.0
-8.0,50,4772.891731,1.0
-5.0,50,4773.456826,1.0
-7.0,50,4774.02944,1.0
-31.0,50,4774.585235,1.0
-24.0,50,4775.148388,1.0
-20.0,50,4775.705691,1.0
-11.0,50,4776.276477,1.0
-12.0,50,4776.838959,1.0
-17.0,50,4777.402642,1.0
-14.0,50,4777.965294,1.0
-15.0,50,4778.536684,1.0
-12.0,50,4779.100318,1.0
-8.0,50,4779.663553,1.0
-17.0,50,4780.227559,1.0
-10.0,50,4780.80588,1.0
-12.0,50,4781.370125,1.0
-11.0,50,4781.931518,1.0
-15.0,50,4782.489623,1.0
-34.0,50,4783.057749,1.0
-14.0,50,4783.616619,1.0
-11.0,50,4784.175604,1.0
-7.0,50,4784.736831,1.0
-10.0,50,4787.640649,1.0
-10.0,50,4788.20489,1.0
-18.0,50,4788.765746,1.0
-14.0,50,4789.328634,1.0
-8.0,50,4789.898124,1.0
-11.0,50,4790.458621,1.0
-8.0,50,4791.018675,1.0
-9.0,50,4791.585443,1.0
-24.0,50,4792.155794,1.0
-5.0,50,4792.719489,1.0
-24.0,50,4793.289748,1.0
-10.0,50,4793.854556,1.0
-11.0,50,4794.428018,1.0
-12.0,50,4794.983563,1.0
-7.0,50,4795.543884,1.0
-7.0,50,4796.103936,1.0
-15.0,50,4796.676362,1.0
-50.0,50,4797.239595,0.0
-16.0,50,4797.79633,1.0
-7.0,50,4798.361058,1.0
-9.0,50,4798.930593,1.0
-9.0,50,4799.485819,1.0
-8.0,50,4800.044938,1.0
0.0,50,4800.60396,1.0
-13.0,50,4801.176237,1.0
-9.0,50,4801.735826,1.0
0.0,50,4802.294729,1.0
-13.0,50,4802.852636,1.0
-10.0,50,4803.417943,1.0
-16.0,50,4803.976867,1.0
-26.0,50,4804.533317,1.0
-9.0,50,4805.097839,1.0
-7.0,50,4805.664617,1.0
-10.0,50,4806.223854,1.0
-21.0,50,4806.786461,1.0
-16.0,50,4807.346696,1.0
-43.0,50,4807.914476,1.0
-7.0,50,4808.475904,1.0
-13.0,50,4809.037557,1.0
-48.0,50,4809.592558,0.0
-12.0,50,4810.157755,1.0
-8.0,50,4810.716329,1.0
-22.0,50,4811.269789,1.0
-14.0,50,4811.825001,1.0
-14.0,50,4812.396616,1.0
-12.0,50,4812.954756,1.0
-31.0,50,4813.510544,0.0
0.0,50,4814.064352,1.0
-31.0,50,4814.634751,1.0
-10.0,50,4815.19823,1.0
-7.0,50,4815.7568,1.0
-6.0,50,4816.313883,1.0
-18.0,50,4816.884517,1.0
-8.0,50,4817.440005,1.0
-28.0,50,4817.993952,1.0
-9.0,50,4818.548871,1.0
-11.0,50,4819.114002,1.0
-6.0,50,4819.673198,1.0
-12.0,50,4820.220923,1.0
-5.0,50,4820.767882,1.0
-10.0,50,4821.321362,1.0
-14.0,50,4821.866796,1.0
-14.0,50,4822.419877,1.0
-8.0,50,4822.976724,1.0
-7.0,50,4823.554144,1.0
-14.0,50,4824.112771,1.0
-11.0,50,4824.667155,1.0
-6.0,50,4825.223653,1.0
-8.0,50,4825.796203,1.0
-16.0,50,4826.357801,1.0
0.0,50,4826.914683,1.0
-41.0,50,4827.472974,1.0
-9.0,50,4828.042991,1.0
-10.0,50,4828.595558,1.0
-3.0,50,4829.162825,1.0
-5.0,50,4829.730334,1.0
-11.0,50,4830.299775,1.0
-6.0,50,4830.858282,1.0
-6.0,50,4831.414892,1.0
-13.0,50,4831.973006,1.0
-10.0,50,4832.53998,1.0
-13.0,50,4833.104953,1.0
-11.0,50,4833.662245,1.0
-12.0,50,4834.2303,1.0
-5.0,50,4834.799736,1.0
-11.0,50,4835.352223,1.0
-15.0,50,4835.913795,1.0
-41.0,50,4836.470711,1.0
-50.0,50,4837.04393,0.0
-18.0,50,4837.600251,1.0
-13.0,50,4838.16206,1.0
-21.0,50,4838.722108,1.0
-8.0,50,4839.288249,1.0
-24.0,50,4839.848211,1.0
-10.0,50,4840.4053,1.0
-10.0,50,4840.967209,1.0
-10.0,50,4841.536936,1.0
-22.0,50,4842.097808,1.0
0.0,50,4842.658156,1.0
-10.0,50,4843.213121,1.0
-11.0,50,4843.775806,1.0
-23.0,50,4844.332955,0.0
-10.0,50,4844.894756,1.0
-8.0,50,4845.454485,1.0
-7.0,50,4846.027391,1.0
-10.0,50,4846.589302,1.0
-31.0,50,4847.149764,1.0
-9.0,50,4847.711151,1.0
-7.0,50,4848.278181,1.0
-14.0,50,4848.834958,1.0
-31.0,50,4849.393152,1.0
0.0,50,4849.950875,1.0
-12.0,50,4850.524234,1.0
-30.0,50,4851.083059,1.0
-10.0,50,4851.640926,1.0
-12.0,50,4852.199484,1.0
-12.0,50,4852.766146,1.0
-11.0,50,4853.327929,1.0
-9.0,50,4853.884464,1.0
-6.0,50,4854.447272,1.0
-15.0,50,4855.039415,1.0
-19.0,50,4855.595686,1.0
-9.0,50,4856.161711,1.0
-13.0,50,4856.719045,1.0
-8.0,50,4857.286147,1.0
-13.0,50,4857.847081,1.0
-12.0,50,4858.407435,1.0
-21.0,50,4858.966133,1.0
-14.0,50,4859.539596,1.0
-12.0,50,4860.10006,0.0
-6.0,50,4860.664335,1.0
-7.0,50,4861.228556,1.0
-8.0,50,4861.804288,1.0
-9.0,50,4862.356267,1.0
-10.0,50,4862.916563,1.0
-35.0,50,4863.472423,1.0
-10.0,50,4864.043441,1.0
-10.0,50,4864.603651,1.0
-10.0,50,4865.162274,1.0
-12.0,50,4865.723217,1.0
-13.0,50,4866.294279,1.0
-8.0,50,4866.851208,1.0
-12.0,50,4867.414829,0.0
-16.0,50,4867.973788,1.0
-8.0,50,4868.544268,1.0
-11.0,50,4869.100378,1.0
-15.0,50,4869.660607,1.0
-9.0,50,4870.221749,1.0
-8.0,50,4870.799315,1.0
-8.0,50,4871.354622,1.0
-4.0,50,4871.909494,1.0
-19.0,50,4872.47194,1.0
-11.0,50,4873.037426,1.0
-10.0,50,4873.597141,1.0
-12.0,50,4874.155039,1.0
-7.0,50,4874.713265,1.0
-8.0,50,4875.283445,1.0
-11.0,50,4875.843589,1.0
-10.0,50,4876.402681,1.0
0.0,50,4876.959162,1.0
0.0,50,4877.520309,1.0
-2.0,50,4878.080234,1.0
-16.0,50,4878.641176,1.0
-7.0,50,4879.195334,1.0
-3.0,50,4879.763924,1.0
-23.0,50,4880.329669,1.0
-12.0,50,4880.886457,1.0
-11.0,50,4881.446435,1.0
-12.0,50,4882.015253,1.0
-8.0,50,4882.574463,1.0
-14.0,50,4883.139088,1.0
-20.0,50,4883.704486,1.0
-9.0,50,4884.27546,1.0
-7.0,50,4884.832164,1.0
-11.0,50,4885.389585,1.0
-8.0,50,4885.942676,1.0
0.0,50,4886.515665,1.0
-8.0,50,4887.079809,1.0
-11.0,50,4887.636514,1.0
-13.0,50,4888.19048,1.0
-5.0,50,4888.792844,1.0
-11.0,50,4889.357307,1.0
-5.0,50,4889.915364,1.0
0.0,50,4890.472392,1.0
-9.0,50,4891.041774,1.0
-8.0,50,4891.605883,1.0
-10.0,50,4892.161671,1.0
-12.0,50,4892.718501,1.0
-9.0,50,4893.285505,1.0
-4.0,50,4893.846437,1.0
-7.0,50,4894.402336,1.0
-10.0,50,4894.966292,1.0
-11.0,50,4895.533401,1.0
-4.0,50,4896.100582,1.0
-32.0,50,4896.662606,1.0
-7.0,50,4897.228298,1.0
-10.0,50,4897.796374,1.0
-10.0,50,4898.355915,1.0
0.0,50,4898.908251,1.0
-12.0,50,4899.470804,1.0
-8.0,50,4902.385491,1.0
-10.0,50,4902.954945,1.0
-5.0,50,4903.531371,1.0
-12.0,50,4904.098742,1.0
-18.0,50,4904.679582,1.0
-11.0,50,4905.258255,1.0
-13.0,50,4905.829771,1.0
-12.0,50,4906.403625,1.0
-7.0,50,4906.981674,1.0
-11.0,50,4907.557993,1.0
-5.0,50,4908.137648,1.0
-10.0,50,4908.701241,1.0
-18.0,50,4909.282883,1.0
-19.0,50,4909.854916,1.0
-11.0,50,4910.421829,1.0
-10.0,50,4910.999127,1.0
-50.0,50,4911.587646,0.0
-8.0,50,4912.161375,1.0
-14.0,50,4912.72637,1.0
0.0,50,4913.313152,1.0
-10.0,50,4913.900799,1.0
-21.0,50,4914.47193,1.0
-7.0,50,4915.049639,1.0
-19.0,50,4915.624926,1.0
-12.0,50,4916.203831,1.0
-10.0,50,4916.775867,1.0
-8.0,50,4917.345789,1.0
-11.0,50,4917.914469,1.0
-18.0,50,4918.492946,1.0
-10.0,50,4919.063159,1.0
-7.0,50,4919.633098,1.0
-48.0,50,4920.210918,0.0
-9.0,50,4920.802288,1.0
-11.0,50,4921.37499,1.0
-8.0,50,4921.944492,1.0
-15.0,50,4922.514823,1.0
-10.0,50,4923.097586,1.0
-36.0,50,4923.671388,1.0
-7.0,50,4924.24123,1.0
-8.0,50,4924.818933,1.0
-7.0,50,4925.398038,1.0
-12.0,50,4925.954367,1.0
-8.0,50,4926.512614,1.0
-9.0,50,4927.06769,1.0
-7.0,50,4927.63428,1.0
-16.0,50,4928.189586,1.0
-9.0,50,4928.755696,1.0
-10.0,50,4929.321824,1.0
-9.0,50,4929.901946,1.0
-14.0,50,4930.469466,1.0
-7.0,50,4931.035852,1.0
-10.0,50,4931.599727,1.0
-50.0,50,4932.18046,0.0
-13.0,50,4932.734286,1.0
-9.0,50,4933.277508,1.0
-9.0,50,4933.826002,1.0
-12.0,50,4934.378097,1.0
-10.0,50,4934.93286,1.0
-19.0,50,4935.499243,1.0
-8.0,50,4936.060267,1.0
-7.0,50,4936.631735,1.0
-24.0,50,4937.193178,1.0
-4.0,50,4937.75565,1.0
-18.0,50,4938.319686,1.0
-18.0,50,4938.894305,1.0
-7.0,50,4939.457149,1.0
-14.0,50,4940.017399,1.0
-27.0,50,4940.579746,1.0
-14.0,50,4941.154037,1.0
-14.0,50,4941.717215,1.0
-30.0,50,4942.276893,1.0
-11.0,50,4942.838561,1.0
0.0,50,4943.41005,1.0
-7.0,50,4943.975478,1.0
-8.0,50,4944.526793,1.0
-10.0,50,4945.092876,1.0
-7.0,50,4945.692747,1.0
-9.0,50,4946.250212,1.0
0.0,50,4946.807774,1.0
-12.0,50,4947.371568,1.0
-11.0,50,4947.944931,1.0
-14.0,50,4948.507415,1.0
-12.0,50,4949.071707,1.0
-9.0,50,4949.638062,1.0
-14.0,50,4950.216469,1.0
-28.0,50,4950.782597,1.0
-12.0,50,4951.343889,1.0
-8.0,50,4951.906414,1.0
-5.0,50,4952.485203,1.0
-6.0,50,4953.056753,1.0
-7.0,50,4953.624949,1.0
-13.0,50,4954.189415,1.0
-12.0,50,4954.764899,1.0
-18.0,50,4955.32705,1.0
-9.0,50,4955.892909,1.0
-11.0,50,4956.459118,1.0
0.0,50,4957.037073,1.0
-11.0,50,4957.601709,1.0
-27.0,50,4958.164825,1.0
-9.0,50,4958.732787,1.0
-10.0,50,4959.313041,1.0
-8.0,50,4959.880908,1.0
-12.0,50,4960.447288,1.0
-3.0,50,4961.018373,1.0
-9.0,50,4961.596021,1.0
-8.0,50,4962.1649,1.0
-8.0,50,4962.732773,1.0
0.0,50,4963.304708,1.0
0.0,50,4963.879517,1.0
-13.0,50,4964.450219,1.0
-12.0,50,4965.017285,1.0
-13.0,50,4965.575071,1.0
-4.0,50,4966.152375,1.0
-8.0,50,4966.712401,1.0
-10.0,50,4967.276808,1.0
-24.0,50,4967.839252,1.0
-3.0,50,4968.406758,1.0
-10.0,50,4968.970144,1.0
-21.0,50,4969.534833,1.0
-8.0,50,4970.099733,1.0
-13.0,50,4970.683656,1.0
-17.0,50,4971.248106,1.0
-8.0,50,4971.81784,1.0
-13.0,50,4972.386894,1.0
-10.0,50,4972.965538,1.0
-8.0,50,4973.531811,1.0
-24.0,50,4974.094432,1.0
0.0,50,4974.664582,1.0
-13.0,50,4975.235233,1.0
-7.0,50,4975.798823,1.0
-50.0,50,4976.357035,0.0
-8.0,50,4976.924503,1.0
-37.0,50,4977.495612,0.0
-11.0,50,4978.057418,1.0
-9.0,50,4978.612675,1.0
-39.0,50,4979.175615,1.0
-5.0,50,4979.752876,1.0
-13.0,50,4980.317225,1.0
-17.0,50,4980.875061,1.0
-14.0,50,4981.435219,1.0
-14.0,50,4982.009309,1.0
-9.0,50,4982.574613,1.0
-12.0,50,4983.127352,1.0
-5.0,50,4983.691782,1.0
-9.0,50,4984.25968,1.0
-14.0,50,4984.821481,1.0
-19.0,50,4985.385379,1.0
0.0,50,4985.945592,1.0
0.0,50,4986.511203,1.0
-3.0,50,4987.071592,1.0
-27.0,50,4987.63122,1.0
0.0,50,4988.19273,1.0
-7.0,50,4988.768371,1.0
-10.0,50,4989.333956,1.0
-9.0,50,4989.897322,1.0
-9.0,50,4990.457784,1.0
0.0,50,4991.034244,1.0
-7.0,50,4991.598948,1.0
-7.0,50,4992.162529,1.0
-2.0,50,4992.722679,1.0
-37.0,50,4993.294269,1.0
-8.0,50,4993.86075,1.0
-3.0,50,4994.423103,1.0
-50.0,50,4994.982755,0.0
-9.0,50,4995.550483,1.0
-15.0,50,4996.117597,1.0
0.0,50,4996.679618,1.0
-6.0,50,4997.242852,1.0
-14.0,50,4997.820617,1.0
-10.0,50,4998.38723,1.0
-5.0,50,4998.954575,1.0
-11.0,50,4999.512789,1.0
0.0,50,5000.081102,1.0
-8.0,50,5000.647786,1.0
-11.0,50,5001.209536,1.0
-8.0,50,5001.772404,1.0
-5.0,50,5002.348307,1.0
-12.0,50,5002.918968,1.0
-17.0,50,5003.491554,1.0
-11.0,50,5004.056372,1.0
-5.0,50,5004.632887,1.0
-21.0,50,5005.192695,1.0
-20.0,50,5005.757519,1.0
-9.0,50,5006.316478,1.0
-15.0,50,5006.893012,1.0
-24.0,50,5007.455084,1.0
-11.0,50,5008.017612,1.0
-10.0,50,5008.576369,1.0
-8.0,50,5009.151775,1.0
-7.0,50,5009.716464,1.0
-9.0,50,5010.285003,1.0
-10.0,50,5010.846486,1.0
-5.0,50,5011.415728,1.0
-7.0,50,5011.979877,1.0
-12.0,50,5012.538644,1.0
-22.0,50,5013.099023,1.0
-10.0,50,5013.679823,1.0
-9.0,50,5014.244514,1.0
-15.0,50,5014.801014,1.0
-10.0,50,5015.360451,1.0
-8.0,50,5018.248513,1.0
-15.0,50,5018.807997,1.0
-9.0,50,5019.363736,1.0
-12.0,50,5019.924444,1.0
-34.0,50,5020.48982,1.0
-7.0,50,5021.047471,1.0
-12.0,50,5021.609456,1.0
-11.0,50,5022.1718,1.0
-13.0,50,5022.749825,1.0
-14.0,50,5023.310463,1.0
-8.0,50,5023.872969,1.0
-9.0,50,5024.433377,1.0
-11.0,50,5025.016993,1.0
-9.0,50,5025.580885,1.0
0.0,50,5026.135323,1.0
-20.0,50,5026.689848,1.0
-3.0,50,5027.26391,1.0
-5.0,50,5027.823747,1.0
-29.0,50,5028.381894,1.0
-10.0,50,5028.941505,1.0
-9.0,50,5029.524304,1.0
-11.0,50,5030.086558,1.0
-10.0,50,5030.649015,1.0
-11.0,50,5031.210929,1.0
-12.0,50,5031.804746,1.0
-10.0,50,5032.360677,1.0
-11.0,50,5032.924194,1.0
-9.0,50,5033.500137,1.0
0.0,50,5034.082822,1.0
-50.0,50,5034.649665,0.0
-9.0,50,5035.209271,1.0
-9.0,50,5035.770736,1.0
-11.0,50,5036.35296,1.0
-9.0,50,5036.916101,1.0
-13.0,50,5037.475161,1.0
-6.0,50,5038.037273,1.0
0.0,50,5038.61275,1.0
-7.0,50,5039.165993,1.0
-8.0,50,5039.725887,1.0
-13.0,50,5040.285746,1.0
-7.0,50,5040.8635,1.0
-14.0,50,5041.431061,1.0
-2.0,50,5041.9891,1.0
-14.0,50,5042.552081,1.0
-10.0,50,5043.13116,1.0
-18.0,50,5043.695881,1.0
-17.0,50,5044.256202,1.0
-10.0,50,5044.820965,1.0
-5.0,50,5045.402397,1.0
0.0,50,5045.968395,1.0
-12.0,50,5046.512495,1.0
-24.0,50,5047.059959,1.0
-13.0,50,5047.624055,1.0
-13.0,50,5048.171163,1.0
-17.0,50,5048.733215,1.0
-13.0,50,5049.299565,1.0
-11.0,50,5049.882414,1.0
-10.0,50,5050.448899,1.0
-14.0,50,5051.00891,1.0
-9.0,50,5051.577205,1.0
-12.0,50,5052.155869,1.0
-16.0,50,5052.718557,1.0
-45.0,50,5053.280272,0.0
-13.0,50,5053.835145,1.0
-9.0,50,5054.41207,1.0
-9.0,50,5054.975092,1.0
-22.0,50,5055.539051,1.0
-9.0,50,5056.111277,1.0
0.0,50,5056.701831,1.0
-42.0,50,5057.274461,0.0
0.0,50,5057.853086,1.0
-10.0,50,5058.428034,1.0
-11.0,50,5059.023857,1.0
-7.0,50,5059.597915,1.0
-8.0,50,5060.160167,1.0
-50.0,50,5060.716356,0.0
-7.0,50,5061.288054,1.0
-23.0,50,5061.845072,1.0
-15.0,50,5062.409371,1.0
-14.0,50,5062.973846,1.0
-21.0,50,5063.563317,1.0
-11.0,50,5064.130544,1.0
-9.0,50,5064.693102,1.0
-5.0,50,5065.254047,1.0
-10.0,50,5065.8354,1.0
-11.0,50,5066.399388,1.0
-19.0,50,5066.963564,1.0
-50.0,50,5067.527256,0.0
0.0,50,5068.099707,1.0
-4.0,50,5068.66445,1.0
-11.0,50,5069.227538,1.0
-19.0,50,5069.790994,1.0
-18.0,50,5070.356204,1.0
-10.0,50,5070.918985,1.0
-13.0,50,5071.48108,1.0
-10.0,50,5072.048264,1.0
-5.0,50,5072.620188,1.0
-8.0,50,5073.181081,1.0
-10.0,50,5073.736817,1.0
0.0,50,5074.29933,1.0
-13.0,50,5074.866117,1.0
-12.0,50,5075.430465,1.0
-8.0,50,5075.988444,1.0
-7.0,50,5076.546371,1.0
-18.0,50,5077.121533,1.0
-12.0,50,5077.685881,1.0
0.0,50,5078.252659,1.0
-11.0,50,5078.814307,1.0
-11.0,50,5079.390161,1.0
-13.0,50,5079.946167,1.0
-12.0,50,5080.50391,1.0
-14.0,50,5081.05913,1.0
-16.0,50,5081.631584,1.0
-11.0,50,5082.188878,1.0
-6.0,50,5082.749355,1.0
-13.0,50,5083.311551,1.0
-7.0,50,5083.875145,1.0
-14.0,50,5084.436662,1.0
-10.0,50,5084.997568,1.0
-12.0,50,5085.555538,1.0
-9.0,50,5086.134192,1.0
-17.0,50,5086.697042,1.0
-26.0,50,5087.257039,1.0
-13.0,50,5087.819766,1.0
-20.0,50,5088.388273,1.0
-7.0,50,5088.945404,1.0
-12.0,50,5089.512577,1.0
-9.0,50,5090.073731,1.0
-7.0,50,5090.661317,1.0
-32.0,50,5091.236951,1.0
-12.0,50,5091.811418,1.0
-15.0,50,5092.386453,1.0
-7.0,50,5092.971001,1.0
0.0,50,5093.548462,1.0
-14.0,50,5094.122888,1.0
-13.0,50,5094.69973,1.0
-19.0,50,5095.284467,1.0
-12.0,50,5095.856525,1.0
-9.0,50,5096.435076,1.0
-9.0,50,5097.011052,1.0
-9.0,50,5097.599637,1.0
-7.0,50,5098.173864,1.0
-14.0,50,5098.747978,1.0
-15.0,50,5099.32341,1.0
-7.0,50,5099.908906,1.0
-13.0,50,5100.484457,1.0
-10.0,50,5101.060994,1.0
-8.0,50,5101.632955,1.0
-12.0,50,5102.214369,1.0
-7.0,50,5102.793619,1.0
0.0,50,5103.367486,1.0
-28.0,50,5103.941529,1.0
-7.0,50,5104.527261,1.0
-5.0,50,5105.106722,1.0
-15.0,50,5105.680835,1.0
-6.0,50,5106.259603,1.0
-11.0,50,5106.838558,1.0
-31.0,50,5107.414315,1.0
-7.0,50,5107.991461,1.0
-24.0,50,5108.566375,1.0
-10.0,50,5109.150327,1.0
-5.0,50,5109.73074,1.0
-9.0,50,5110.299005,1.0
-7.0,50,5110.878133,1.0
-6.0,50,5111.46102,1.0
-14.0,50,5112.043007,1.0
-6.0,50,5112.612859,1.0
-22.0,50,5113.182916,1.0
-11.0,50,5113.78702,1.0
-13.0,50,5114.363183,1.0
-10.0,50,5114.937374,1.0
-13.0,50,5115.516367,1.0
-10.0,50,5116.102292,1.0
-12.0,50,5116.680469,1.0
-12.0,50,5117.256789,1.0
-8.0,50,5117.83404,1.0
-6.0,50,5118.425701,1.0
-12.0,50,5118.998229,1.0
-18.0,50,5119.573121,1.0
0.0,50,5120.138913,1.0
-9.0,50,5120.707571,1.0
-10.0,50,5121.267432,1.0
-10.0,50,5121.828578,1.0
-12.0,50,5122.393441,1.0
-14.0,50,5122.972152,1.0
-12.0,50,5123.542225,1.0
-17.0,50,5124.105897,1.0
-10.0,50,5124.661579,1.0
-12.0,50,5125.235907,1.0
0.0,50,5125.80301,1.0
-30.0,50,5126.365624,1.0
-11.0,50,5126.929493,1.0
-8.0,50,5127.501577,1.0
-17.0,50,5128.060965,1.0
-12.0,50,5128.621565,1.0
0.0,50,5129.185714,1.0
-16.0,50,5129.7612,1.0
0.0,50,5130.318953,1.0
-8.0,50,5130.880023,1.0
-13.0,50,5131.44323,1.0
-11.0,50,5134.336624,1.0
-7.0,50,5134.907316,1.0
-21.0,50,5135.476884,1.0
-6.0,50,5136.041081,1.0
-31.0,50,5136.61273,1.0
-10.0,50,5137.17125,1.0
-17.0,50,5137.730894,1.0
-12.0,50,5138.295299,1.0
-12.0,50,5138.866857,1.0
-10.0,50,5139.430802,1.0
-10.0,50,5139.995032,1.0
-12.0,50,5140.549818,1.0
-18.0,50,5141.121733,1.0
-17.0,50,5141.678607,1.0
-10.0,50,5142.23981,1.0
-8.0,50,5142.801895,1.0
-9.0,50,5143.372688,1.0
-5.0,50,5143.939044,1.0
-11.0,50,5144.497108,1.0
-7.0,50,5145.056795,1.0
-13.0,50,5145.625698,1.0
0.0,50,5146.185096,1.0
-11.0,50,5146.75122,1.0
-16.0,50,5147.309111,1.0
-11.0,50,5147.883652,1.0
-13.0,50,5148.446042,1.0
-11.0,50,5149.011962,1.0
-23.0,50,5149.57639,1.0
-9.0,50,5150.188457,1.0
-24.0,50,5150.755675,1.0
-9.0,50,5151.333069,1.0
-10.0,50,5151.907906,1.0
-5.0,50,5152.486874,1.0
-9.0,50,5153.064722,1.0
-14.0,50,5153.643531,1.0
-20.0,50,5154.217025,1.0
-9.0,50,5154.788895,1.0
-10.0,50,5155.352134,1.0
-4.0,50,5155.910991,1.0
0.0,50,5156.482195,1.0
-13.0,50,5157.068153,1.0
-9.0,50,5157.641012,1.0
-13.0,50,5158.205156,1.0
-9.0,50,5158.774461,1.0
-6.0,50,5159.348412,1.0
0.0,50,5159.901304,1.0
-8.0,50,5160.449717,1.0
-8.0,50,5161.001022,1.0
0.0,50,5161.567244,1.0
-10.0,50,5162.130769,1.0
-7.0,50,5162.699962,1.0
-8.0,50,5163.265903,1.0
0.0,50,5163.834994,1.0
-14.0,50,5164.403338,1.0
-16.0,50,5164.963538,1.0
-14.0,50,5165.533995,1.0
-8.0,50,5166.10251,1.0
-14.0,50,5166.665154,1.0
-7.0,50,5167.232391,1.0
-5.0,50,5167.799844,1.0
-16.0,50,5168.38143,1.0
-16.0,50,5168.949384,1.0
-16.0,50,5169.520056,1.0
-6.0,50,5170.089095,1.0
-24.0,50,5170.663683,1.0
-8.0,50,5171.230303,1.0
-14.0,50,5171.8021,1.0
-14.0,50,5172.372439,1.0
-12.0,50,5172.951226,1.0
-7.0,50,5173.514302,1.0
-16.0,50,5174.072167,1.0
-9.0,50,5174.632769,1.0
-11.0,50,5175.202374,1.0
-11.0,50,5175.767904,1.0
-7.0,50,5176.335847,1.0
-13.0,50,5176.900681,1.0
-12.0,50,5177.472874,1.0
-50.0,50,5178.046084,0.0
-8.0,50,5178.609149,1.0
-10.0,50,5179.176479,1.0
-14.0,50,5179.757585,1.0
-12.0,50,5180.324786,1.0
-13.0,50,5180.896402,1.0
-11.0,50,5181.465113,1.0
-11.0,50,5182.047524,1.0
0.0,50,5182.61938,1.0
-6.0,50,5183.199803,1.0
-8.0,50,5183.777077,1.0
-3.0,50,5184.356912,1.0
-11.0,50,5184.923656,1.0
-7.0,50,5185.49579,1.0
-14.0,50,5186.068622,1.0
-8.0,50,5186.6495,1.0
-12.0,50,5187.216455,1.0
-5.0,50,5187.779266,1.0
-9.0,50,5188.338402,1.0
-12.0,50,5188.946488,1.0
-11.0,50,5189.513355,1.0
-14.0,50,5190.070632,1.0
-28.0,50,5190.630158,1.0
-5.0,50,5191.208699,1.0
-12.0,50,5191.772776,1.0
-20.0,50,5192.332467,1.0
-12.0,50,5192.89121,1.0
-8.0,50,5193.47333,1.0
-17.0,50,5194.03033,1.0
-12.0,50,5194.586279,1.0
-10.0,50,5195.152403,1.0
-5.0,50,5195.731416,1.0
-21.0,50,5196.294679,1.0
0.0,50,5196.863739,1.0
-11.0,50,5197.425239,1.0
0.0,50,5198.008436,1.0
-13.0,50,5198.564353,1.0
0.0,50,5199.118687,1.0
-12.0,50,5199.681673,1.0
-11.0,50,5200.261684,1.0
0.0,50,5200.821431,1.0
-11.0,50,5201.38263,1.0
-9.0,50,5201.941516,1.0
-10.0,50,5202.511364,1.0
-9.0,50,5203.074732,1.0
0.0,50,5203.636846,1.0
-15.0,50,5204.20015,1.0
-4.0,50,5204.766178,1.0
-4.0,50,5205.321437,1.0
-21.0,50,5205.875285,1.0
-7.0,50,5206.436264,1.0
-10.0,50,5207.006618,1.0
-11.0,50,5207.56943,1.0
-8.0,50,5208.129425,1.0
-9.0,50,5208.688672,1.0
-15.0,50,5209.266406,1.0
-9.0,50,5209.82776,1.0
-12.0,50,5210.388242,1.0
-16.0,50,5210.949481,1.0
-10.0,50,5211.521522,1.0
-13.0,50,5212.073477,1.0
-12.0,50,5212.640903,1.0
0.0,50,5213.218156,1.0
0.0,50,5213.799733,1.0
-11.0,50,5214.363313,1.0
-10.0,50,5214.921833,1.0
-6.0,50,5215.480831,1.0
-7.0,50,5216.05884,1.0
-7.0,50,5216.620503,1.0
-12.0,50,5217.181733,1.0
-36.0,50,5217.739031,1.0
-13.0,50,5218.307773,1.0
-11.0,50,5218.863803,1.0
-7.0,50,5219.422562,1.0
-19.0,50,5219.980524,1.0
-11.0,50,5220.548718,1.0
-8.0,50,5221.111049,1.0
-15.0,50,5221.663368,1.0
-7.0,50,5222.226511,1.0
-9.0,50,5222.794336,1.0
-20.0,50,5223.353761,1.0
-11.0,50,5223.914976,1.0
-48.0,50,5224.477878,1.0
-10.0,50,5225.0432,1.0
-9.0,50,5225.602693,1.0
-10.0,50,5226.157681,1.0
-6.0,50,5226.716541,1.0
0.0,50,5227.284574,1.0
-8.0,50,5227.848686,1.0
-10.0,50,5228.403274,1.0
-50.0,50,5228.964633,0.0
-7.0,50,5229.537711,1.0
-14.0,50,5230.101876,1.0
-4.0,50,5230.666471,1.0
-14.0,50,5231.230659,1.0
-6.0,50,5231.807652,1.0
-33.0,50,5232.367154,1.0
-9.0,50,5232.928856,1.0
-50.0,50,5233.495167,0.0
-5.0,50,5234.065942,1.0
-25.0,50,5234.626693,1.0
-6.0,50,5235.187107,0.0
-8.0,50,5235.74459,1.0
0.0,50,5236.319607,1.0
-5.0,50,5236.882027,1.0
-6.0,50,5237.437858,1.0
-19.0,50,5238.001793,1.0
-15.0,50,5238.575019,1.0
-12.0,50,5239.12748,1.0
-11.0,50,5239.69187,1.0
-14.0,50,5240.258657,1.0
-9.0,50,5240.82952,1.0
0.0,50,5241.402894,1.0
-9.0,50,5241.970698,1.0
0.0,50,5242.542174,1.0
-10.0,50,5243.134317,1.0
-11.0,50,5243.720709,1.0
-50.0,50,5244.298679,0.0
0.0,50,5244.887223,1.0
-8.0,50,5245.480555,1.0
0.0,50,5246.06745,1.0
-11.0,50,5246.648323,1.0
-10.0,50,5247.239919,1.0
-12.0,50,5250.202435,1.0
-22.0,50,5250.783082,1.0
-4.0,50,5251.361677,1.0
-12.0,50,5251.941866,1.0
-12.0,50,5252.510855,1.0
0.0,50,5253.074195,1.0
-9.0,50,5253.634163,1.0
-12.0,50,5254.199123,1.0
-9.0,50,5254.767704,1.0
-12.0,50,5255.332043,1.0
-7.0,50,5255.883759,1.0
-22.0,50,5256.44227,1.0
-9.0,50,5257.014388,1.0
-13.0,50,5257.573971,1.0
-17.0,50,5258.137106,1.0
0.0,50,5258.695821,1.0
-6.0,50,5259.267111,1.0
-7.0,50,5259.826366,1.0
-47.0,50,5260.386572,0.0
-12.0,50,5260.948146,1.0
-10.0,50,5261.514232,1.0
0.0,50,5262.080861,1.0
-10.0,50,5262.640538,1.0
-16.0,50,5263.198781,1.0
-15.0,50,5263.769316,0.0
-7.0,50,5264.322906,1.0
-35.0,50,5264.883957,1.0
-6.0,50,5265.442069,1.0
-16.0,50,5266.014883,1.0
-14.0,50,5266.569176,1.0
-18.0,50,5267.126656,1.0
-14.0,50,5267.683814,1.0
-15.0,50,5268.255992,1.0
-20.0,50,5268.811555,1.0
-21.0,50,5269.371907,1.0
-5.0,50,5269.933266,1.0
-12.0,50,5270.505882,1.0
-10.0,50,5271.070032,1.0
-10.0,50,5271.630228,1.0
-4.0,50,5272.189265,1.0
-11.0,50,5272.771378,1.0
-12.0,50,5273.334937,1.0
-50.0,50,5273.899458,0.0
-20.0,50,5274.456046,1.0
0.0,50,5275.03103,1.0
-8.0,50,5275.609802,1.0
0.0,50,5276.180119,1.0
-9.0,50,5276.74883,1.0
-50.0,50,5277.319997,0.0
-13.0,50,5277.880805,1.0
-12.0,50,5278.440737,1.0
-3.0,50,5279.012375,1.0
-11.0,50,5279.581841,1.0
-17.0,50,5280.14871,1.0
-10.0,50,5280.712468,1.0
-6.0,50,5281.279179,1.0
-14.0,50,5281.874147,1.0
-10.0,50,5282.440401,1.0
-11.0,50,5283.000489,1.0
-10.0,50,5283.566957,1.0
-16.0,50,5284.144582,1.0
-7.0,50,5284.708258,1.0
-11.0,50,5285.273371,1.0
-12.0,50,5285.840258,1.0
-8.0,50,5286.415352,1.0
-10.0,50,5286.980103,1.0
-8.0,50,5287.544713,1.0
-8.0,50,5288.111239,1.0
-11.0,50,5288.694569,1.0
-16.0,50,5289.260841,1.0
-4.0,50,5289.822636,1.0
0.0,50,5290.383243,1.0
0.0,50,5290.965651,1.0
-18.0,50,5291.528631,1.0
-12.0,50,5292.095098,1.0
-12.0,50,5292.654338,1.0
-8.0,50,5293.229749,1.0
-14.0,50,5293.798073,1.0
-15.0,50,5294.365063,1.0
-19.0,50,5294.92453,1.0
-15.0,50,5295.4926,1.0
-14.0,50,5296.05914,1.0
-17.0,50,5296.619276,1.0
-10.0,50,5297.188927,1.0
-3.0,50,5297.762011,1.0
-9.0,50,5298.324315,1.0
-5.0,50,5298.887314,1.0
-47.0,50,5299.450412,0.0
-9.0,50,5300.027742,1.0
-4.0,50,5300.595028,1.0
0.0,50,5301.166636,1.0
-11.0,50,5301.740075,1.0
-16.0,50,5302.321706,1.0
-13.0,50,5302.888907,1.0
-14.0,50,5303.460523,1.0
-9.0,50,5304.020961,1.0
-49.0,50,5304.598438,0.0
-16.0,50,5305.160143,1.0
-14.0,50,5305.721852,1.0
-11.0,50,5306.277282,1.0
-13.0,50,5306.850401,1.0
-11.0,50,5307.408509,1.0
-6.0,50,5307.965678,1.0
-22.0,50,5308.524677,1.0
-15.0,50,5309.100278,1.0
-5.0,50,5309.666894,1.0
-11.0,50,5310.230872,1.0
-18.0,50,5310.786544,1.0
-14.0,50,5311.359558,1.0
-12.0,50,5311.921911,1.0
-12.0,50,5312.48321,1.0
-7.0,50,5313.045231,1.0
-11.0,50,5313.617617,1.0
-14.0,50,5314.170425,1.0
-9.0,50,5314.729359,1.0
-13.0,50,5315.289066,1.0
-12.0,50,5315.8625,1.0
-15.0,50,5316.420515,1.0
-14.0,50,5316.977703,1.0
-8.0,50,5317.542111,1.0
-14.0,50,5318.114072,1.0
0.0,50,5318.667435,1.0
-13.0,50,5319.222747,1.0
-7.0,50,5319.782735,1.0
-7.0,50,5320.356687,1.0
-10.0,50,5320.910592,1.0
-13.0,50,5321.470938,1.0
-10.0,50,5322.027441,1.0
-8.0,50,5322.595577,1.0
-12.0,50,5323.157899,1.0
-14.0,50,5323.717748,1.0
-15.0,50,5324.276797,1.0
-12.0,50,5324.855663,1.0
0.0,50,5325.42353,1.0
-6.0,50,5325.984997,1.0
-11.0,50,5326.543483,1.0
-7.0,50,5327.122241,1.0
-17.0,50,5327.6855,1.0
-16.0,50,5328.249591,1.0
-3.0,50,5328.812687,1.0
-24.0,50,5329.389528,1.0
-10.0,50,5329.949758,1.0
-8.0,50,5330.511756,1.0
-8.0,50,5331.076717,1.0
-16.0,50,5331.654018,1.0
-15.0,50,5332.222326,1.0
-10.0,50,5332.789041,1.0
-6.0,50,5333.362771,1.0
-16.0,50,5333.941166,1.0
-14.0,50,5334.50483,1.0
-9.0,50,5335.077474,1.0
-37.0,50,5335.643862,1.0
-50.0,50,5336.218259,0.0
-13.0,50,5336.786261,1.0
0.0,50,5337.347007,1.0
-12.0,50,5337.916934,1.0
-14.0,50,5338.496692,1.0
-12.0,50,5339.058875,1.0
-8.0,50,5339.617676,1.0
-7.0,50,5340.183388,1.0
0.0,50,5340.765813,1.0
-15.0,50,5341.329193,1.0
-24.0,50,5341.894714,1.0
-4.0,50,5342.459024,1.0
-14.0,50,5343.028792,1.0
-17.0,50,5343.593173,1.0
-8.0,50,5344.150207,1.0
-17.0,50,5344.710692,1.0
-10.0,50,5345.279323,1.0
-14.0,50,5345.844141,1.0
-11.0,50,5346.407207,1.0
-11.0,50,5346.967649,1.0
-7.0,50,5347.54388,1.0
-6.0,50,5348.10285,1.0
-7.0,50,5348.668149,1.0
-14.0,50,5349.235134,1.0
-11.0,50,5349.804134,1.0
-9.0,50,5350.357876,1.0
-8.0,50,5350.921691,1.0
-7.0,50,5351.489461,1.0
-10.0,50,5352.064035,1.0
-28.0,50,5352.621961,1.0
-9.0,50,5353.191946,1.0
-8.0,50,5353.75639,1.0
-6.0,50,5354.32424,1.0
-3.0,50,5354.889256,1.0
-13.0,50,5355.45427,1.0
-21.0,50,5356.024216,1.0
-49.0,50,5356.599012,0.0
-9.0,50,5357.16016,1.0
-7.0,50,5357.722267,1.0
-7.0,50,5358.278857,1.0
-20.0,50,5358.851239,1.0
-8.0,50,5359.414626,1.0
-9.0,50,5359.991018,1.0
-12.0,50,5360.570596,1.0
-12.0,50,5361.162294,1.0
-22.0,50,5361.736295,1.0
-10.0,50,5362.314902,1.0
-7.0,50,5362.894976,1.0
-12.0,50,5365.897945,1.0
-10.0,50,5366.472256,1.0
-9.0,50,5367.053606,1.0
-9.0,50,5367.623359,1.0
-6.0,50,5368.206377,1.0
-8.0,50,5368.787459,1.0
-26.0,50,5369.361851,1.0
-8.0,50,5369.938153,1.0
-4.0,50,5370.527472,1.0
-12.0,50,5371.101517,1.0
-11.0,50,5371.683162,1.0
-16.0,50,5372.265761,1.0
-7.0,50,5372.849714,1.0
-4.0,50,5373.423462,1.0
-10.0,50,5374.000068,1.0
0.0,50,5374.574269,1.0
-39.0,50,5375.1605,0.0
-8.0,50,5375.732098,1.0
0.0,50,5376.286988,1.0
-12.0,50,5376.843009,1.0
-5.0,50,5377.416474,1.0
-9.0,50,5377.974229,1.0
-13.0,50,5378.53488,1.0
-9.0,50,5379.095324,1.0
-10.0,50,5379.664467,1.0
-13.0,50,5380.230548,1.0
-18.0,50,5380.793828,1.0
-6.0,50,5381.356276,1.0
-15.0,50,5381.933432,1.0
-7.0,50,5382.499213,1.0
-8.0,50,5383.060423,1.0
-11.0,50,5383.621964,1.0
-11.0,50,5384.202048,1.0
-11.0,50,5384.770958,1.0
-7.0,50,5385.340789,1.0
-20.0,50,5385.89758,1.0
-15.0,50,5386.461257,1.0
-16.0,50,5387.01329,1.0
-10.0,50,5387.56009,1.0
-14.0,50,5388.11581,1.0
-12.0,50,5388.689983,1.0
-12.0,50,5389.25664,1.0
-12.0,50,5389.819508,1.0
-8.0,50,5390.386279,1.0
-23.0,50,5390.96331,1.0
-10.0,50,5391.527637,1.0
-8.0,50,5392.092835,1.0
-9.0,50,5392.658864,1.0
-16.0,50,5393.241748,1.0
-6.0,50,5393.814743,1.0
-22.0,50,5394.378713,1.0
-33.0,50,5394.945045,1.0
-11.0,50,5395.521433,1.0
-10.0,50,5396.085199,1.0
-7.0,50,5396.656672,1.0
-13.0,50,5397.220284,1.0
-12.0,50,5397.800754,1.0
-7.0,50,5398.371887,1.0
-3.0,50,5398.94386,1.0
-46.0,50,5399.506278,0.0
-50.0,50,5400.080994,0.0
-28.0,50,5400.653338,1.0
-12.0,50,5401.219544,1.0
-8.0,50,5401.786899,1.0
-9.0,50,5402.36949,1.0
-29.0,50,5402.939192,1.0
-13.0,50,5403.5074,1.0
-10.0,50,5404.085152,1.0
-6.0,50,5404.668776,1.0
-12.0,50,5405.235503,1.0
-10.0,50,5405.806205,1.0
-14.0,50,5406.374785,1.0
-18.0,50,5406.957351,1.0
-11.0,50,5407.528478,1.0
-13.0,50,5408.106808,1.0
-19.0,50,5408.686519,1.0
-16.0,50,5409.276534,1.0
-11.0,50,5409.848222,1.0
-9.0,50,5410.421917,1.0
-8.0,50,5410.993824,1.0
-7.0,50,5411.575731,1.0
-14.0,50,5412.151462,1.0
-18.0,50,5412.724159,1.0
-8.0,50,5413.303955,1.0
-18.0,50,5413.887165,1.0
-7.0,50,5414.46764,1.0
-9.0,50,5415.04459,1.0
-25.0,50,5415.61928,1.0
-8.0,50,5416.223287,1.0
-7.0,50,5416.797263,1.0
-9.0,50,5417.371937,1.0
-8.0,50,5417.953316,1.0
-14.0,50,5418.559534,1.0
-12.0,50,5419.134381,1.0
-12.0,50,5419.704699,1.0
-6.0,50,5420.280068,1.0
-11.0,50,5420.87585,1.0
-12.0,50,5421.447292,1.0
-11.0,50,5422.013611,1.0
-18.0,50,5422.573188,1.0
-24.0,50,5423.168656,1.0
-11.0,50,5423.736875,1.0
-13.0,50,5424.306602,1.0
-15.0,50,5424.871059,1.0
-14.0,50,5425.460527,1.0
-13.0,50,5426.022172,1.0
-8.0,50,5426.589104,1.0
-8.0,50,5427.150665,1.0
-9.0,50,5427.736316,1.0
0.0,50,5428.301296,1.0
-14.0,50,5428.864313,1.0
-11.0,50,5429.442779,1.0
-13.0,50,5430.031653,1.0
-10.0,50,5430.60701,1.0
0.0,50,5431.182636,1.0
-22.0,50,5431.760512,1.0
-44.0,50,5432.350738,0.0
-18.0,50,5432.917383,1.0
-13.0,50,5433.491874,1.0
-11.0,50,5434.073963,1.0
-7.0,50,5434.670137,1.0
-8.0,50,5435.249796,1.0
-10.0,50,5435.826997,1.0
-7.0,50,5436.406677,1.0
-9.0,50,5437.000458,1.0
-13.0,50,5437.575257,1.0
-31.0,50,5438.151876,1.0
-5.0,50,5438.729931,1.0
-12.0,50,5439.322438,1.0
-8.0,50,5439.894635,1.0
-16.0,50,5440.47616,1.0
-12.0,50,5441.048173,1.0
-3.0,50,5441.641482,1.0
-26.0,50,5442.213846,1.0
-9.0,50,5442.794437,1.0
-4.0,50,5443.375834,1.0
0.0,50,5443.983382,1.0
-8.0,50,5444.560769,1.0
-20.0,50,5445.134734,1.0
-4.0,50,5445.713516,1.0
-14.0,50,5446.311083,1.0
-13.0,50,5446.893627,1.0
-8.0,50,5447.473324,1.0
-13.0,50,5448.049701,1.0
-9.0,50,5448.63957,1.0
-10.0,50,5449.218713,1.0
-11.0,50,5449.792819,1.0
-23.0,50,5450.367524,1.0
-11.0,50,5450.970436,1.0
-19.0,50,5451.529843,1.0
-7.0,50,5452.087852,1.0
-12.0,50,5452.647295,1.0
-22.0,50,5453.231445,1.0
-6.0,50,5453.795687,1.0
-12.0,50,5454.353719,1.0
-13.0,50,5454.910578,1.0
-9.0,50,5455.48381,1.0
-13.0,50,5456.049038,1.0
-17.0,50,5456.610911,1.0
-12.0,50,5457.167808,1.0
-13.0,50,5457.748495,1.0
-13.0,50,5458.306595,1.0
-14.0,50,5458.864875,1.0
0.0,50,5459.41977,1.0
-9.0,50,5459.998306,1.0
-12.0,50,5460.552624,1.0
-32.0,50,5461.111209,1.0
-10.0,50,5461.6762,1.0
-17.0,50,5462.244968,1.0
0.0,50,5462.802926,1.0
-10.0,50,5463.359142,1.0
-12.0,50,5463.912911,1.0
-12.0,50,5464.491554,1.0
-16.0,50,5465.047245,1.0
-14.0,50,5465.604771,1.0
-13.0,50,5466.163972,1.0
-11.0,50,5466.732257,1.0
-14.0,50,5467.289024,1.0
-15.0,50,5467.850272,1.0
-21.0,50,5468.407282,1.0
-8.0,50,5468.984524,1.0
-9.0,50,5469.545568,1.0
-9.0,50,5470.110071,1.0
-15.0,50,5470.667182,1.0
-9.0,50,5471.240265,1.0
-8.0,50,5471.794869,1.0
-8.0,50,5472.354836,1.0
-11.0,50,5472.912104,1.0
-50.0,50,5473.485348,0.0
0.0,50,5474.040312,1.0
-23.0,50,5474.594792,1.0
-6.0,50,5475.154716,1.0
-12.0,50,5475.726054,1.0
-4.0,50,5476.281883,1.0
-12.0,50,5476.840171,1.0
-33.0,50,5477.397015,1.0
-12.0,50,5477.963907,1.0
-9.0,50,5478.517149,1.0
-14.0,50,5479.073702,1.0
-13.0,50,5479.637311,1.0
-8.0,50,5482.500941,1.0
-10.0,50,5483.059216,1.0
-8.0,50,5483.624181,1.0
-15.0,50,5484.185534,1.0
0.0,50,5484.749214,1.0
-5.0,50,5485.300914,1.0
-27.0,50,5485.858814,1.0
-8.0,50,5486.415692,1.0
-6.0,50,5486.982076,1.0
-13.0,50,5487.542562,1.0
-17.0,50,5488.105091,1.0
-15.0,50,5488.670018,1.0
-7.0,50,5489.239957,1.0
-11.0,50,5489.805766,1.0
-14.0,50,5490.373513,1.0
-6.0,50,5490.932963,1.0
-12.0,50,5491.503639,1.0
-7.0,50,5492.06753,1.0
-20.0,50,5492.636594,1.0
-12.0,50,5493.203105,1.0
-11.0,50,5493.781922,1.0
-11.0,50,5494.345398,1.0
0.0,50,5494.908497,1.0
-10.0,50,5495.472389,1.0
0.0,50,5496.045858,1.0
-11.0,50,5496.603528,1.0
-12.0,50,5497.173329,1.0
-19.0,50,5497.741226,1.0
-14.0,50,5498.310212,1.0
-6.0,50,5498.878626,1.0
-13.0,50,5499.425214,1.0
0.0,50,5499.970365,1.0
-26.0,50,5500.523855,1.0
-9.0,50,5501.074138,1.0
-10.0,50,5501.643859,1.0
-10.0,50,5502.204751,1.0
-12.0,50,5502.774212,1.0
-3.0,50,5503.332617,1.0
-14.0,50,5503.890397,1.0
-6.0,50,5504.451228,1.0
-15.0,50,5505.023784,1.0
-15.0,50,5505.580394,1.0
-8.0,50,5506.140326,1.0
-18.0,50,5506.700396,1.0
0.0,50,5507.273614,1.0
-15.0,50,5507.834754,1.0
-13.0,50,5508.391292,1.0
-23.0,50,5508.951578,1.0
-37.0,50,5509.529013,1.0
-21.0,50,5510.085437,1.0
-11.0,50,5510.64856,1.0
-6.0,50,5511.216262,1.0
-9.0,50,5511.785212,1.0
-9.0,50,5512.342396,1.0
-11.0,50,5512.905624,1.0
-14.0,50,5513.471565,1.0
-14.0,50,5514.048323,1.0
-9.0,50,5514.608244,1.0
-10.0,50,5515.168494,1.0
-10.0,50,5515.729469,1.0
-5.0,50,5516.304256,1.0
-13.0,50,5516.866597,1.0
-27.0,50,5517.425745,1.0
0.0,50,5517.982394,1.0
-8.0,50,5518.556422,1.0
-9.0,50,5519.116319,1.0
-14.0,50,5519.674642,1.0
-9.0,50,5520.234545,1.0
-10.0,50,5520.805186,1.0
-19.0,50,5521.362405,1.0
-17.0,50,5521.918201,1.0
0.0,50,5522.478446,1.0
-10.0,50,5523.052899,1.0
-10.0,50,5523.608305,1.0
-20.0,50,5524.166251,1.0
-9.0,50,5524.731624,1.0
-12.0,50,5525.30676,1.0
-24.0,50,5525.868835,0.0
0.0,50,5526.434732,1.0
-6.0,50,5526.99729,1.0
-6.0,50,5527.569712,1.0
-2.0,50,5528.133758,1.0
-16.0,50,5528.694801,1.0
-13.0,50,5529.255162,1.0
-9.0,50,5529.816534,1.0
-8.0,50,5530.372235,1.0
-47.0,50,5530.931179,0.0
-11.0,50,5531.491786,1.0
-11.0,50,5532.063899,1.0
-13.0,50,5532.637856,1.0
-5.0,50,5533.211551,1.0
-13.0,50,5533.787926,1.0
-30.0,50,5534.371984,1.0
0.0,50,5534.947622,1.0
-4.0,50,5535.529778,1.0
-12.0,50,5536.106252,1.0
-12.0,50,5536.694686,1.0
-8.0,50,5537.269885,1.0
-8.0,50,5537.848094,1.0
-6.0,50,5538.422462,1.0
-13.0,50,5539.006721,1.0
-14.0,50,5539.58563,1.0
0.0,50,5540.162371,1.0
-12.0,50,5540.740443,1.0
-7.0,50,5541.332529,1.0
-10.0,50,5541.903141,1.0
-12.0,50,5542.483463,1.0
-9.0,50,5543.058486,1.0
-9.0,50,5543.656281,1.0
-12.0,50,5544.23216,1.0
-11.0,50,5544.811056,1.0
-23.0,50,5545.382424,1.0
-13.0,50,5545.968915,1.0
-13.0,50,5546.545883,1.0
-13.0,50,5547.12242,1.0
-11.0,50,5547.694997,1.0
0.0,50,5548.280497,1.0
-27.0,50,5548.8515,1.0
-16.0,50,5549.426108,1.0
-20.0,50,5550.004719,1.0
-11.0,50,5550.589566,1.0
0.0,50,5551.16708,1.0
-19.0,50,5551.738718,1.0
-8.0,50,5552.306108,1.0
-8.0,50,5552.886521,1.0
0.0,50,5553.456646,1.0
-19.0,50,5554.029354,1.0
-47.0,50,5554.600735,0.0
-6.0,50,5555.180805,1.0
-10.0,50,5555.757034,1.0
-13.0,50,5556.328843,1.0
-11.0,50,5556.899586,1.0
-12.0,50,5557.475304,1.0
-41.0,50,5558.054238,1.0
-9.0,50,5558.632127,1.0
-4.0,50,5559.211482,1.0
-4.0,50,5559.791556,1.0
-10.0,50,5560.374917,1.0
-5.0,50,5560.947622,1.0
-17.0,50,5561.517793,1.0
-14.0,50,5562.099827,1.0
-6.0,50,5562.673575,1.0
-7.0,50,5563.249774,1.0
0.0,50,5563.819844,1.0
-18.0,50,5564.404761,1.0
-9.0,50,5564.982349,1.0
-10.0,50,5565.559615,1.0
-24.0,50,5566.129534,1.0
-11.0,50,5566.714801,1.0
-10.0,50,5567.286281,1.0
-2.0,50,5567.855987,1.0
-10.0,50,5568.429969,1.0
-11.0,50,5569.015785,1.0
0.0,50,5569.586523,1.0
-3.0,50,5570.165575,1.0
-7.0,50,5570.740391,1.0
-5.0,50,5571.319039,1.0
-19.0,50,5571.891937,1.0
-16.0,50,5572.469185,1.0
-6.0,50,5573.050014,1.0
-12.0,50,5573.637188,1.0
-13.0,50,5574.207444,1.0
-13.0,50,5574.784396,1.0
-9.0,50,5575.357822,1.0
-13.0,50,5575.935773,1.0
-9.0,50,5576.505541,1.0
-13.0,50,5577.076755,1.0
-12.0,50,5577.649236,1.0
-13.0,50,5578.237394,1.0
-6.0,50,5578.810103,1.0
-9.0,50,5579.38049,1.0
-11.0,50,5579.95784,1.0
-48.0,50,5580.55071,0.0
-11.0,50,5581.122879,1.0
-14.0,50,5581.700038,1.0
-8.0,50,5582.27092,1.0
-17.0,50,5582.851836,1.0
-8.0,50,5583.421126,1.0
-11.0,50,5583.994156,1.0
-10.0,50,5584.570776,1.0
-23.0,50,5585.149013,0.0
-7.0,50,5585.720545,1.0
0.0,50,5586.300297,1.0
-17.0,50,5586.878073,1.0
-50.0,50,5587.462155,0.0
-10.0,50,5588.030934,1.0
-17.0,50,5588.604096,1.0
-12.0,50,5589.182755,1.0
-7.0,50,5589.77183,1.0
-16.0,50,5590.346226,1.0
-19.0,50,5590.916587,1.0
-10.0,50,5591.49433,1.0
-9.0,50,5592.075073,1.0
-9.0,50,5592.646064,1.0
-10.0,50,5593.226514,1.0
-5.0,50,5593.80197,1.0
-7.0,50,5594.385288,1.0
-8.0,50,5594.958332,1.0
-11.0,50,5595.533184,1.0
-8.0,50,5596.107621,1.0
-9.0,50,5599.047441,1.0
0.0,50,5599.62755,1.0
-13.0,50,5600.204971,1.0
-13.0,50,5600.776556,1.0
-11.0,50,5601.36022,1.0
-12.0,50,5601.932037,1.0
-13.0,50,5602.512142,1.0
-7.0,50,5603.091984,1.0
-9.0,50,5603.682719,1.0
-6.0,50,5604.264025,1.0
-17.0,50,5604.837554,1.0
-15.0,50,5605.414251,1.0
-6.0,50,5605.999951,1.0
-7.0,50,5606.572576,1.0
-6.0,50,5607.1472,1.0
-13.0,50,5607.722245,1.0
-9.0,50,5608.304555,1.0
-9.0,50,5608.880088,1.0
-23.0,50,5609.451054,1.0
-16.0,50,5610.018568,1.0
-9.0,50,5610.597322,1.0
-10.0,50,5611.166033,1.0
-11.0,50,5611.732115,1.0
-8.0,50,5612.292267,1.0
-12.0,50,5612.855229,1.0
-11.0,50,5613.408527,1.0
-11.0,50,5613.974246,1.0
-4.0,50,5614.545647,1.0
-11.0,50,5615.125523,1.0
-16.0,50,5615.697915,1.0
-5.0,50,5616.277133,1.0
-13.0,50,5616.852428,1.0
-5.0,50,5617.441518,1.0
-14.0,50,5618.018987,1.0
-9.0,50,5618.5946,1.0
-6.0,50,5619.172144,1.0
-9.0,50,5619.747886,1.0
-21.0,50,5620.323409,1.0
-9.0,50,5620.888542,1.0
-9.0,50,5621.464967,1.0
-34.0,50,5622.05446,1.0
-7.0,50,5622.631522,1.0
-10.0,50,5623.200434,1.0
-3.0,50,5623.781213,1.0
-8.0,50,5624.361524,1.0
-6.0,50,5624.937333,1.0
-11.0,50,5625.512291,1.0
-8.0,50,5626.086045,1.0
-6.0,50,5626.668369,1.0
-25.0,50,5627.234683,1.0
-6.0,50,5627.79556,1.0
-12.0,50,5628.353322,1.0
-11.0,50,5628.928276,1.0
-50.0,50,5629.494358,0.0
-8.0,50,5630.057868,1.0
-6.0,50,5630.613562,1.0
-13.0,50,5631.183778,1.0
-18.0,50,5631.74832,1.0
-3.0,50,5632.320947,1.0
-10.0,50,5632.889693,1.0
-18.0,50,5633.473418,1.0
-5.0,50,5634.044602,1.0
-7.0,50,5634.609933,1.0
-22.0,50,5635.176071,1.0
-12.0,50,5635.750657,1.0
-7.0,50,5636.310851,1.0
-3.0,50,5636.882288,1.0
-49.0,50,5637.443069,0.0
-11.0,50,5638.022277,1.0
-5.0,50,5638.58928,1.0
-4.0,50,5639.158076,1.0
-6.0,50,5639.727731,1.0
-6.0,50,5640.301885,1.0
-7.0,50,5640.869215,1.0
-6.0,50,5641.438655,1.0
-15.0,50,5642.003299,1.0
-11.0,50,5642.578197,1.0
0.0,50,5643.147999,1.0
-13.0,50,5643.715906,1.0
0.0,50,5644.286164,1.0
-3.0,50,5644.859748,1.0
-14.0,50,5645.423645,1.0
-13.0,50,5645.991001,1.0
-9.0,50,5646.558605,1.0
-10.0,50,5647.13979,1.0
0.0,50,5647.706825,1.0
0.0,50,5648.271602,1.0
-7.0,50,5648.83347,1.0
-13.0,50,5649.410792,1.0
-8.0,50,5649.975108,1.0
-7.0,50,5650.544812,1.0
-45.0,50,5651.102752,0.0
-5.0,50,5651.674916,1.0
-12.0,50,5652.233375,1.0
-9.0,50,5652.794518,1.0
-14.0,50,5653.355805,1.0
-8.0,50,5653.93225,1.0
-19.0,50,5654.490708,1.0
-20.0,50,5655.049798,1.0
-13.0,50,5655.613783,1.0
-9.0,50,5656.186018,1.0
-19.0,50,5656.748567,1.0
-8.0,50,5657.307809,1.0
-11.0,50,5657.873556,1.0
-3.0,50,5658.467754,1.0
-50.0,50,5659.02869,0.0
-9.0,50,5659.5989,1.0
-7.0,50,5660.16379,1.0
-10.0,50,5660.734654,1.0
-50.0,50,5661.30687,0.0
-12.0,50,5661.871773,1.0
-3.0,50,5662.428478,1.0
-8.0,50,5663.000483,1.0
-16.0,50,5663.575674,1.0
-9.0,50,5664.141107,1.0
-10.0,50,5664.703579,1.0
-13.0,50,5665.281734,1.0
-10.0,50,5665.847184,1.0
-21.0,50,5666.414035,1.0
-8.0,50,5666.985908,1.0
-10.0,50,5667.563951,1.0
-11.0,50,5668.122631,1.0
-46.0,50,5668.682422,1.0
-12.0,50,5669.244801,1.0
-17.0,50,5669.826365,1.0
0.0,50,5670.396493,1.0
-16.0,50,5670.954769,1.0
-12.0,50,5671.510924,1.0
-14.0,50,5672.089823,1.0
-13.0,50,5672.656861,1.0
-8.0,50,5673.217655,1.0
-9.0,50,5673.774957,1.0
-9.0,50,5674.34225,1.0
-11.0,50,5674.903759,1.0
-16.0,50,5675.468154,1.0
-13.0,50,5676.027922,1.0
-9.0,50,5676.599099,1.0
-10.0,50,5677.159599,1.0
-11.0,50,5677.728881,1.0
-13.0,50,5678.299905,1.0
-26.0,50,5678.875016,1.0
-12.0,50,5679.441792,1.0
-6.0,50,5680.011726,1.0
-16.0,50,5680.580006,1.0
-10.0,50,5681.145891,1.0
-12.0,50,5681.711244,1.0
-10.0,50,5682.269581,1.0
-10.0,50,5682.836154,1.0
-7.0,50,5683.412549,1.0
-23.0,50,5683.976627,1.0
-7.0,50,5684.533944,1.0
-10.0,50,5685.105088,1.0
-9.0,50,5685.672473,1.0
-9.0,50,5686.233802,0.0
-3.0,50,5686.803781,1.0
-10.0,50,5687.369283,1.0
-11.0,50,5687.948078,1.0
-14.0,50,5688.515298,1.0
-12.0,50,5689.076135,1.0
-8.0,50,5689.644123,1.0
-7.0,50,5690.226182,1.0
-20.0,50,5690.790784,1.0
-48.0,50,5691.348926,0.0
-10.0,50,5691.918481,1.0
-5.0,50,5692.489817,1.0
-11.0,50,5693.05723,1.0
-22.0,50,5693.627235,1.0
-10.0,50,5694.184824,1.0
-10.0,50,5694.75896,1.0
-9.0,50,5695.324955,1.0
-14.0,50,5695.882132,1.0
-10.0,50,5696.443501,1.0
-13.0,50,5697.016986,1.0
-9.0,50,5697.586225,1.0
0.0,50,5698.149593,1.0
-12.0,50,5698.71121,1.0
-10.0,50,5699.2903,1.0
0.0,50,5699.847332,1.0
-7.0,50,5700.413162,1.0
-10.0,50,5700.979392,1.0
-11.0,50,5701.559863,1.0
0.0,50,5702.129518,1.0
-6.0,50,5702.692302,1.0
-10.0,50,5703.261033,1.0
-12.0,50,5703.836121,1.0
-7.0,50,5704.397291,1.0
-12.0,50,5704.961357,1.0
-12.0,50,5705.524163,1.0
-13.0,50,5706.100257,1.0
-12.0,50,5706.668615,1.0
-7.0,50,5707.228982,1.0
-5.0,50,5707.79822,1.0
-14.0,50,5708.382067,1.0
-9.0,50,5708.950738,1.0
-9.0,50,5709.520205,1.0
-12.0,50,5710.0842,1.0
-9.0,50,5710.661407,1.0
-12.0,50,5711.223178,1.0
-13.0,50,5711.788892,1.0
-10.0,50,5712.349739,1.0
-9.0,50,5715.19844,1.0
-9.0,50,5715.763917,1.0
-22.0,50,5716.326159,1.0
-9.0,50,5716.883311,1.0
-16.0,50,5717.461174,1.0
-5.0,50,5718.027969,1.0
-18.0,50,5718.590979,1.0
-6.0,50,5719.157402,1.0
-21.0,50,5719.735823,1.0
-24.0,50,5720.295316,1.0
-9.0,50,5720.850955,1.0
-6.0,50,5721.418394,1.0
-6.0,50,5721.987805,1.0
-11.0,50,5722.547464,1.0
-18.0,50,5723.119516,1.0
-11.0,50,5723.693057,1.0
-11.0,50,5724.276175,1.0
-33.0,50,5724.846123,1.0
-48.0,50,5725.396705,1.0
0.0,50,5725.948918,1.0
0.0,50,5726.523157,1.0
-11.0,50,5727.076393,1.0
0.0,50,5727.639461,1.0
-12.0,50,5728.212525,1.0
0.0,50,5728.791992,1.0
0.0,50,5729.358729,1.0
0.0,50,5729.921001,1.0
-31.0,50,5730.489461,1.0
-7.0,50,5731.062355,1.0
-11.0,50,5731.628199,1.0
-13.0,50,5732.188904,1.0
-19.0,50,5732.757271,1.0
-8.0,50,5733.337498,1.0
-10.0,50,5733.902961,1.0
-7.0,50,5734.466965,1.0
-14.0,50,5735.028534,1.0
-6.0,50,5735.607502,1.0
-7.0,50,5736.171024,1.0
-14.0,50,5736.737158,1.0
-32.0,50,5737.30376,1.0
0.0,50,5737.877803,1.0
-7.0,50,5738.443671,1.0
-6.0,50,5739.008725,1.0
-13.0,50,5739.571445,0.0
-15.0,50,5740.149523,1.0
-9.0,50,5740.723032,1.0
-5.0,50,5741.286855,1.0
-15.0,50,5741.85726,1.0
-13.0,50,5742.433899,1.0
-10.0,50,5743.001363,1.0
-11.0,50,5743.572496,1.0
-9.0,50,5744.13867,1.0
0.0,50,5744.747326,1.0
-10.0,50,5745.310031,1.0
-8.0,50,5745.878766,1.0
-34.0,50,5746.448838,0.0
0.0,50,5747.029493,1.0
-7.0,50,5747.600233,1.0
-12.0,50,5748.165998,1.0
-12.0,50,5748.735587,1.0
-41.0,50,5749.313811,1.0
-8.0,50,5749.877177,1.0
-8.0,50,5750.440031,1.0
-11.0,50,5751.011337,1.0
-13.0,50,5751.593504,1.0
-9.0,50,5752.162634,1.0
-9.0,50,5752.73193,1.0
-5.0,50,5753.304057,1.0
-11.0,50,5753.889546,1.0
-13.0,50,5754.454262,1.0
-12.0,50,5755.031317,1.0
-15.0,50,5755.603881,1.0
-9.0,50,5756.184892,1.0
-23.0,50,5756.754263,1.0
-24.0,50,5757.321349,1.0
-13.0,50,5757.88815,1.0
-30.0,50,5758.468518,1.0
-8.0,50,5759.030383,1.0
-10.0,50,5759.600624,1.0
-41.0,50,5760.169208,0.0
-10.0,50,5760.751391,1.0
0.0,50,5761.327113,1.0
-10.0,50,5761.891826,1.0
-8.0,50,5762.463663,1.0
-12.0,50,5763.043858,1.0
-12.0,50,5763.612384,1.0
-14.0,50,5764.176992,0.0
-5.0,50,5764.745409,1.0
-8.0,50,5765.32736,1.0
-21.0,50,5765.892986,1.0
-11.0,50,5766.458887,1.0
-10.0,50,5767.023022,1.0
-9.0,50,5767.598008,1.0
-8.0,50,5768.157527,1.0
-10.0,50,5768.727166,1.0
-11.0,50,5769.303838,1.0
-12.0,50,5769.885145,1.0
-9.0,50,5770.459951,1.0
0.0,50,5771.030042,1.0
0.0,50,5771.597782,1.0
-5.0,50,5772.182183,1.0
-7.0,50,5772.749233,1.0
-11.0,50,5773.312971,1.0
-7.0,50,5773.887207,1.0
-9.0,50,5774.468651,1.0
-10.0,50,5775.038627,1.0
-18.0,50,5775.608882,1.0
-9.0,50,5776.178406,1.0
-8.0,50,5776.754977,1.0
-11.0,50,5777.323839,1.0
-10.0,50,5777.902508,1.0
-9.0,50,5778.478332,1.0
-8.0,50,5779.064947,1.0
-12.0,50,5779.635856,1.0
-45.0,50,5780.209846,0.0
-8.0,50,5780.782216,1.0
-11.0,50,5781.369184,1.0
-7.0,50,5781.946072,1.0
0.0,50,5782.51924,1.0
-12.0,50,5783.098916,1.0
0.0,50,5783.696135,1.0
-9.0,50,5784.265729,1.0
-9.0,50,5784.843111,1.0
-16.0,50,5785.41555,1.0
-8.0,50,5785.999501,1.0
-1.0,50,5786.581788,1.0
-11.0,50,5787.165532,1.0
-17.0,50,5787.736989,1.0
0.0,50,5788.327232,1.0
-10.0,50,5788.907058,1.0
-26.0,50,5789.484954,1.0
-9.0,50,5790.060162,1.0
-17.0,50,5790.650895,1.0
-17.0,50,5791.230073,1.0
-8.0,50,5791.806788,1.0
-3.0,50,5792.385415,1.0
-8.0,50,5792.977738,1.0
-6.0,50,5793.557064,1.0
-19.0,50,5794.137984,1.0
-5.0,50,5794.709224,1.0
-45.0,50,5795.294925,0.0
-6.0,50,5795.866502,1.0
-14.0,50,5796.448992,1.0
-12.0,50,5797.021816,1.0
-12.0,50,5797.611864,1.0
-14.0,50,5798.193795,1.0
-18.0,50,5798.7733,1.0
-3.0,50,5799.356314,1.0
-10.0,50,5799.940807,1.0
-15.0,50,5800.517666,1.0
-3.0,50,5801.09531,1.0
-18.0,50,5801.676446,1.0
-14.0,50,5802.282613,1.0
-9.0,50,5802.862184,1.0
-12.0,50,5803.439835,1.0
-13.0,50,5804.020233,1.0
-30.0,50,5804.608439,1.0
-17.0,50,5805.185159,1.0
-5.0,50,5805.767293,1.0
-5.0,50,5806.350766,1.0
-10.0,50,5806.93894,1.0
-12.0,50,5807.509854,1.0
-9.0,50,5808.091353,1.0
-24.0,50,5808.669928,1.0
-10.0,50,5809.262711,1.0
0.0,50,5809.845752,1.0
-8.0,50,5810.423455,1.0
-12.0,50,5811.00403,1.0
-9.0,50,5811.59079,1.0
-9.0,50,5812.16905,1.0
-15.0,50,5812.748943,1.0
-8.0,50,5813.332093,1.0
-14.0,50,5813.925694,1.0
0.0,50,5814.503125,1.0
-12.0,50,5815.079051,1.0
-50.0,50,5815.652633,0.0
-10.0,50,5816.245596,1.0
0.0,50,5816.824339,1.0
-9.0,50,5817.397709,1.0
-9.0,50,5817.979289,1.0
-17.0,50,5818.567853,1.0
-6.0,50,5819.138213,1.0
-11.0,50,5819.719881,1.0
-9.0,50,5820.289984,1.0
-6.0,50,5820.870271,1.0
-10.0,50,5821.44263,1.0
-12.0,50,5822.023438,1.0
-7.0,50,5822.594989,1.0
-9.0,50,5823.175563,1.0
-13.0,50,5823.749035,1.0
-50.0,50,5824.323058,0.0
0.0,50,5824.898729,1.0
-16.0,50,5825.484491,1.0
-15.0,50,5826.062805,1.0
-11.0,50,5826.638473,1.0
-11.0,50,5827.20844,1.0
-50.0,50,5827.79431,0.0
-11.0,50,5828.366147,1.0
-4.0,50,5828.94803,1.0
-13.0,50,5829.528123,1.0
0.0,50,5832.468405,1.0
-9.0,50,5833.038646,1.0
-13.0,50,5833.611731,1.0
-12.0,50,5834.182579,1.0
-15.0,50,5834.76591,1.0
-9.0,50,5835.342586,1.0
-11.0,50,5835.912729,1.0
-6.0,50,5836.492909,1.0
-15.0,50,5837.078353,1.0
-10.0,50,5837.655666,1.0
-13.0,50,5838.23019,1.0
-9.0,50,5838.80226,1.0
-13.0,50,5839.370299,1.0
-4.0,50,5839.930546,1.0
-21.0,50,5840.487181,0.0
-9.0,50,5841.044767,1.0
0.0,50,5841.626239,1.0
-7.0,50,5842.197227,1.0
-7.0,50,5842.774168,1.0
-11.0,50,5843.359541,1.0
-10.0,50,5843.949325,1.0
-11.0,50,5844.518614,1.0
-4.0,50,5845.09057,1.0
0.0,50,5845.664429,1.0
-4.0,50,5846.253487,1.0
-10.0,50,5846.826582,1.0
-10.0,50,5847.39701,1.0
-13.0,50,5847.966782,1.0
-9.0,50,5848.549896,1.0
-49.0,50,5849.120926,0.0
-17.0,50,5849.694072,1.0
-11.0,50,5850.272041,1.0
-11.0,50,5850.853587,1.0
-7.0,50,5851.422549,1.0
-8.0,50,5852.000068,1.0
-13.0,50,5852.575208,1.0
-15.0,50,5853.138181,1.0
-11.0,50,5853.693233,1.0
-13.0,50,5854.249696,1.0
-12.0,50,5854.805284,1.0
-13.0,50,5855.373573,1.0
-6.0,50,5855.938309,1.0
-10.0,50,5856.497988,1.0
0.0,50,5857.055878,1.0
-8.0,50,5857.626631,1.0
-13.0,50,5858.184683,1.0
-11.0,50,5858.750628,1.0
-6.0,50,5859.308502,1.0
-5.0,50,5859.878518,1.0
-10.0,50,5860.44275,1.0
-12.0,50,5861.002417,1.0
-8.0,50,5861.563275,1.0
-8.0,50,5862.141144,1.0
-8.0,50,5862.703426,1.0
-7.0,50,5863.266431,1.0
-9.0,50,5863.83058,1.0
-12.0,50,5864.405544,1.0
-16.0,50,5864.965684,1.0
-7.0,50,5865.529371,1.0
-10.0,50,5866.091945,1.0
-8.0,50,5866.667495,1.0
-17.0,50,5867.235543,1.0
-12.0,50,5867.795788,1.0
-13.0,50,5868.359134,1.0
-13.0,50,5868.935971,1.0
-7.0,50,5869.508857,1.0
-11.0,50,5870.075146,1.0
-11.0,50,5870.638147,1.0
-3.0,50,5871.205722,1.0
-17.0,50,5871.768773,1.0
-6.0,50,5872.33386,1.0
-19.0,50,5872.889614,1.0
-11.0,50,5873.468968,1.0
0.0,50,5874.034475,1.0
-29.0,50,5874.597044,1.0
-5.0,50,5875.161037,1.0
-9.0,50,5875.750232,1.0
-22.0,50,5876.325564,1.0
-4.0,50,5876.896669,1.0
-6.0,50,5877.470821,1.0
-10.0,50,5878.059899,1.0
-14.0,50,5878.631025,1.0
-10.0,50,5879.205809,1.0
-7.0,50,5879.78252,1.0
0.0,50,5880.365217,1.0
-7.0,50,5880.941381,1.0
-8.0,50,5881.511475,1.0
-8.0,50,5882.084975,1.0
-14.0,50,5882.667243,1.0
-17.0,50,5883.242306,1.0
-8.0,50,5883.821506,1.0
-9.0,50,5884.398238,1.0
-6.0,50,5884.985697,1.0
-15.0,50,5885.563944,1.0
-7.0,50,5886.137376,1.0
-9.0,50,5886.716163,1.0
-9.0,50,5887.301884,1.0
-15.0,50,5887.883199,1.0
-7.0,50,5888.464407,1.0
-6.0,50,5889.041917,1.0
0.0,50,5889.62379,1.0
-14.0,50,5890.202782,1.0
-17.0,50,5890.77546,1.0
-12.0,50,5891.351964,1.0
-14.0,50,5891.944006,1.0
-24.0,50,5892.519424,1.0
0.0,50,5893.093013,1.0
0.0,50,5893.67405,1.0
-15.0,50,5894.261064,1.0
-13.0,50,5894.841515,1.0
-26.0,50,5895.416308,1.0
-10.0,50,5895.996441,1.0
-10.0,50,5896.586198,1.0
-23.0,50,5897.166697,1.0
-15.0,50,5897.73745,1.0
-6.0,50,5898.312495,1.0
-12.0,50,5898.901124,1.0
-9.0,50,5899.478611,1.0
-24.0,50,5900.053937,1.0
-7.0,50,5900.637285,1.0
-9.0,50,5901.22865,1.0
-13.0,50,5901.805534,1.0
-7.0,50,5902.377714,1.0
-10.0,50,5902.960234,1.0
-6.0,50,5903.573852,1.0
0.0,50,5904.150045,1.0
-21.0,50,5904.727297,1.0
-11.0,50,5905.303887,1.0
-12.0,50,5905.897968,1.0
-9.0,50,5906.481896,1.0
-12.0,50,5907.064759,1.0
0.0,50,5907.64707,1.0
-7.0,50,5908.237669,1.0
0.0,50,5908.811152,1.0
-7.0,50,5909.382772,1.0
-21.0,50,5909.957556,1.0
-7.0,50,5910.549491,1.0
-16.0,50,5911.128121,1.0
-18.0,50,5911.70537,1.0
-11.0,50,5912.275977,1.0
-6.0,50,5912.872914,1.0
0.0,50,5913.450192,1.0
-14.0,50,5914.024353,1.0
0.0,50,5914.606542,1.0
-14.0,50,5915.199811,1.0
-14.0,50,5915.772916,1.0
-9.0,50,5916.347756,1.0
-10.0,50,5916.926607,1.0
-13.0,50,5917.50926,1.0
-12.0,50,5918.084379,1.0
0.0,50,5918.666643,1.0
-7.0,50,5919.237793,1.0
0.0,50,5919.826448,1.0
-14.0,50,5920.404142,1.0
-16.0,50,5920.981913,1.0
-19.0,50,5921.558362,1.0
-5.0,50,5922.149324,1.0
-10.0,50,5922.72967,1.0
-15.0,50,5923.31131,1.0
-3.0,50,5923.892589,1.0
-10.0,50,5924.476378,1.0
-10.0,50,5925.057151,1.0
-12.0,50,5925.62941,1.0
0.0,50,5926.203469,1.0
-15.0,50,5926.818588,1.0
-6.0,50,5927.391528,1.0
-9.0,50,5927.963372,1.0
-8.0,50,5928.520335,1.0
-10.0,50,5929.08935,1.0
-20.0,50,5929.647275,1.0
-7.0,50,5930.202338,1.0
-5.0,50,5930.76465,1.0
0.0,50,5931.337452,1.0
0.0,50,5931.899124,1.0
-11.0,50,5932.460701,1.0
-7.0,50,5933.018452,1.0
-6.0,50,5933.591913,1.0
-11.0,50,5934.15422,1.0
-14.0,50,5934.711361,1.0
-9.0,50,5935.266664,1.0
-9.0,50,5935.838062,1.0
-14.0,50,5936.399802,1.0
-9.0,50,5936.965377,1.0
-7.0,50,5937.517179,1.0
-12.0,50,5938.088707,1.0
-8.0,50,5938.645529,1.0
0.0,50,5939.20831,1.0
-9.0,50,5939.771588,1.0
-5.0,50,5940.336057,1.0
-4.0,50,5940.899856,1.0
-10.0,50,5941.459693,1.0
-11.0,50,5942.022731,1.0
-15.0,50,5942.590525,1.0
-9.0,50,5943.148493,1.0
-19.0,50,5943.710651,1.0
-14.0,50,5944.272527,1.0
-15.0,50,5944.859026,1.0
-10.0,50,5945.412329,1.0
-9.0,50,5945.967683,1.0
-12.0,50,5946.528339,1.0
-12.0,50,5949.390783,1.0
-11.0,50,5949.948761,1.0
-6.0,50,5950.507869,1.0
-13.0,50,5951.070385,1.0
-9.0,50,5951.644734,1.0
-43.0,50,5952.201395,0.0
-6.0,50,5952.750728,1.0
-10.0,50,5953.301249,1.0
-50.0,50,5953.868754,0.0
-10.0,50,5954.427964,1.0
-9.0,50,5955.006011,1.0
-9.0,50,5955.581722,1.0
-14.0,50,5956.168823,1.0
-13.0,50,5956.742064,1.0
-11.0,50,5957.315558,1.0
-12.0,50,5957.893638,1.0
-15.0,50,5958.479529,1.0
-12.0,50,5959.044728,1.0
-8.0,50,5959.618403,1.0
0.0,50,5960.193958,1.0
-19.0,50,5960.769859,1.0
-42.0,50,5961.326852,1.0
-7.0,50,5961.883079,1.0
-6.0,50,5962.442414,1.0
-8.0,50,5963.017876,1.0
-12.0,50,5963.58509,1.0
-9.0,50,5964.140642,1.0
-12.0,50,5964.706749,1.0
-3.0,50,5965.279023,1.0
-6.0,50,5965.845382,1.0
-7.0,50,5966.408109,1.0
-14.0,50,5966.970036,1.0
-12.0,50,5967.540742,1.0
-7.0,50,5968.099552,1.0
-15.0,50,5968.657517,1.0
-50.0,50,5969.217656,0.0
-11.0,50,5969.791679,1.0
-7.0,50,5970.357533,1.0
-17.0,50,5970.91362,1.0
-16.0,50,5971.466474,1.0
-4.0,50,5972.040613,1.0
-14.0,50,5972.599509,1.0
-7.0,50,5973.155937,1.0
0.0,50,5973.710014,1.0
0.0,50,5974.283043,1.0
0.0,50,5974.837731,1.0
-9.0,50,5975.393953,1.0
-9.0,50,5975.955705,1.0
-13.0,50,5976.525445,1.0
-6.0,50,5977.08914,1.0
-25.0,50,5977.649573,1.0
-15.0,50,5978.214894,1.0
-14.0,50,5978.789716,1.0
-7.0,50,5979.353117,1.0
-8.0,50,5979.912542,1.0
-10.0,50,5980.472549,1.0
-8.0,50,5981.047022,1.0
-13.0,50,5981.60769,1.0
-6.0,50,5982.162678,1.0
-14.0,50,5982.726045,1.0
-8.0,50,5983.29463,1.0
-8.0,50,5983.853403,1.0
-9.0,50,5984.418011,1.0
-8.0,50,5984.970518,1.0
-16.0,50,5985.539636,1.0
-29.0,50,5986.094722,1.0
0.0,50,5986.652934,1.0
0.0,50,5987.219074,1.0
-7.0,50,5987.785624,1.0
-11.0,50,5988.353803,1.0
-35.0,50,5988.917919,0.0
-19.0,50,5989.475847,1.0
-9.0,50,5990.049942,1.0
-19.0,50,5990.608893,1.0
-10.0,50,5991.177052,1.0
-10.0,50,5991.736835,1.0
-9.0,50,5992.307884,1.0
-4.0,50,5992.873081,1.0
-7.0,50,5993.44683,1.0
-16.0,50,5994.017196,1.0
-11.0,50,5994.589055,1.0
-7.0,50,5995.151111,1.0
0.0,50,5995.710587,1.0
-11.0,50,5996.270956,1.0
-15.0,50,5996.842567,1.0
-7.0,50,5997.410076,1.0
-10.0,50,5997.972903,1.0
-13.0,50,5998.533716,1.0
-13.0,50,5999.101732,1.0
-4.0,50,5999.666773,1.0
-11.0,50,6000.228281,1.0
-6.0,50,6000.796366,1.0
-23.0,50,6001.362871,0.0
-24.0,50,6001.919182,1.0
-13.0,50,6002.476023,1.0
-10.0,50,6003.029007,1.0
-9.0,50,6003.59807,1.0
-9.0,50,6004.155795,1.0
-10.0,50,6004.723083,1.0
-10.0,50,6005.284502,1.0
-11.0,50,6005.854613,1.0
-11.0,50,6006.418461,1.0
-10.0,50,6006.971789,1.0
-9.0,50,6007.525994,1.0
-21.0,50,6008.096942,1.0
-12.0,50,6008.66016,1.0
0.0,50,6009.223242,1.0
-9.0,50,6009.787325,1.0
-10.0,50,6010.361191,1.0
-8.0,50,6010.925207,1.0
-18.0,50,6011.48451,1.0
-11.0,50,6012.05189,1.0
0.0,50,6012.623136,1.0
-14.0,50,6013.182944,1.0
-22.0,50,6013.746439,1.0
-10.0,50,6014.306647,1.0
-5.0,50,6014.874111,1.0
-14.0,50,6015.439265,1.0
0.0,50,6016.000389,1.0
-7.0,50,6016.561317,1.0
-11.0,50,6017.131205,1.0
-7.0,50,6017.691978,1.0
-15.0,50,6018.248291,1.0
-13.0,50,6018.806703,1.0
-18.0,50,6019.380246,1.0
-7.0,50,6019.944115,1.0
-13.0,50,6020.500183,1.0
-10.0,50,6021.058533,1.0
-10.0,50,6021.633321,1.0
-5.0,50,6022.198436,1.0
-9.0,50,6022.764232,1.0
-5.0,50,6023.33018,1.0
-8.0,50,6023.899807,1.0
-13.0,50,6024.457292,1.0
-1.0,50,6025.021515,1.0
-14.0,50,6025.584005,1.0
-27.0,50,6026.153697,1.0
-11.0,50,6026.707897,1.0
-12.0,50,6027.271919,1.0
-11.0,50,6027.832199,1.0
-14.0,50,6028.400494,1.0
-14.0,50,6028.955326,1.0
-16.0,50,6029.516082,1.0
-5.0,50,6030.075023,1.0
-7.0,50,6030.647074,1.0
-11.0,50,6031.199904,1.0
-8.0,50,6031.76248,1.0
-19.0,50,6032.315995,1.0
-8.0,50,6032.885338,1.0
0.0,50,6033.439483,1.0
-10.0,50,6034.000209,1.0
-46.0,50,6034.561698,0.0
-20.0,50,6035.130469,1.0
-48.0,50,6035.690173,0.0
-10.0,50,6036.247824,1.0
-7.0,50,6036.802216,1.0
-16.0,50,6037.367274,1.0
-21.0,50,6037.923295,1.0
-26.0,50,6038.481047,1.0
-11.0,50,6039.043729,1.0
-27.0,50,6039.613194,1.0
-6.0,50,6040.167059,1.0
-13.0,50,6040.729793,1.0
-11.0,50,6041.292429,1.0
-11.0,50,6041.865695,1.0
-9.0,50,6042.432391,1.0
-28.0,50,6042.991588,1.0
-8.0,50,6043.555307,1.0
-9.0,50,6044.129697,1.0
-45.0,50,6044.690421,1.0
-19.0,50,6045.251617,1.0
-46.0,50,6045.804198,0.0
-7.0,50,6046.395483,1.0
-5.0,50,6046.951358,1.0
-9.0,50,6047.506348,1.0
-12.0,50,6048.068762,1.0
-10.0,50,6048.643566,1.0
-10.0,50,6049.205011,1.0
-18.0,50,6049.761077,1.0
-4.0,50,6050.318609,1.0
-10.0,50,6050.891578,1.0
-16.0,50,6051.457605,1.0
-50.0,50,6052.017909,0.0
-10.0,50,6052.580839,1.0
-12.0,50,6053.161448,1.0
-13.0,50,6053.729085,1.0
-14.0,50,6054.292447,1.0
-9.0,50,6054.856782,1.0
-15.0,50,6055.430336,1.0
-5.0,50,6055.987602,1.0
-14.0,50,6056.553603,1.0
-8.0,50,6057.115786,1.0
-9.0,50,6057.688459,1.0
-14.0,50,6058.250306,1.0
-9.0,50,6058.808452,1.0
-11.0,50,6059.370438,1.0
-9.0,50,6059.938498,1.0
-12.0,50,6060.505322,1.0
-12.0,50,6061.063649,1.0
-10.0,50,6061.624249,1.0
0.0,50,6064.453401,1.0
-11.0,50,6065.013298,1.0
-10.0,50,6065.572453,1.0
-14.0,50,6066.119133,1.0
-10.0,50,6066.675058,1.0
-11.0,50,6067.225475,1.0
-14.0,50,6067.781759,1.0
-9.0,50,6068.338385,1.0
-37.0,50,6068.910656,0.0
-11.0,50,6069.468658,1.0
-6.0,50,6070.035107,1.0
-9.0,50,6070.589058,1.0
-4.0,50,6071.166074,1.0
-11.0,50,6071.722707,1.0
-8.0,50,6072.282734,1.0
-18.0,50,6072.846848,1.0
-18.0,50,6073.421883,1.0
-6.0,50,6073.982681,1.0
-36.0,50,6074.543628,1.0
-7.0,50,6075.101111,1.0
-11.0,50,6075.673815,1.0
-23.0,50,6076.233631,1.0
-13.0,50,6076.799036,1.0
-47.0,50,6077.362615,1.0
-9.0,50,6077.939748,1.0
-13.0,50,6078.501739,1.0
-13.0,50,6079.059965,1.0
-17.0,50,6079.628285,1.0
-13.0,50,6080.211433,1.0
-13.0,50,6080.782339,1.0
-10.0,50,6081.351631,1.0
0.0,50,6081.926001,1.0
-11.0,50,6082.509107,1.0
-9.0,50,6083.078511,1.0
-9.0,50,6083.649718,1.0
-12.0,50,6084.22139,1.0
-14.0,50,6084.802221,1.0
-18.0,50,6085.372266,1.0
-12.0,50,6085.934097,1.0
-12.0,50,6086.496975,1.0
-6.0,50,6087.07499,1.0
-9.0,50,6087.645487,1.0
-16.0,50,6088.209362,1.0
-14.0,50,6088.770405,1.0
-10.0,50,6089.344613,1.0
-10.0,50,6089.905708,1.0
-10.0,50,6090.467918,1.0
-4.0,50,6091.029279,1.0
-9.0,50,6091.598199,1.0
-13.0,50,6092.167211,1.0
-14.0,50,6092.72858,1.0
-12.0,50,6093.297153,1.0
-11.0,50,6093.8694,1.0
-9.0,50,6094.432065,1.0
-9.0,50,6095.000542,1.0
-16.0,50,6095.563383,1.0
-12.0,50,6096.13743,1.0
-10.0,50,6096.703059,1.0
-15.0,50,6097.270082,1.0
-7.0,50,6097.83039,1.0
-18.0,50,6098.406824,1.0
-10.0,50,6098.972719,1.0
-13.0,50,6099.538554,1.0
-6.0,50,6100.098196,1.0
-14.0,50,6100.673232,1.0
-8.0,50,6101.241702,1.0
-7.0,50,6101.804861,1.0
-10.0,50,6102.376193,1.0
-10.0,50,6102.957374,1.0
-17.0,50,6103.518418,1.0
-6.0,50,6104.079284,1.0
-7.0,50,6104.638763,1.0
-8.0,50,6105.212937,1.0
0.0,50,6105.77623,1.0
-6.0,50,6106.33834,1.0
-10.0,50,6106.905935,1.0
-9.0,50,6107.481425,1.0
-12.0,50,6108.04441,1.0
-6.0,50,6108.60799,1.0
-8.0,50,6109.174302,1.0
-13.0,50,6109.751296,1.0
-5.0,50,6110.326273,1.0
-50.0,50,6110.900037,0.0
-12.0,50,6111.46854,1.0
-12.0,50,6112.040481,1.0
0.0,50,6112.614869,1.0
-6.0,50,6113.188038,1.0
-6.0,50,6113.763905,1.0
-12.0,50,6114.340135,1.0
-7.0,50,6114.902052,1.0
-8.0,50,6115.467619,1.0
-19.0,50,6116.032405,1.0
-10.0,50,6116.603628,1.0
-17.0,50,6117.16958,1.0
-9.0,50,6117.734504,1.0
-10.0,50,6118.298675,1.0
-13.0,50,6118.879435,1.0
-50.0,50,6119.444367,0.0
-3.0,50,6120.014976,1.0
-9.0,50,6120.576536,1.0
-7.0,50,6121.153899,1.0
-8.0,50,6121.724474,1.0
-7.0,50,6122.283637,1.0
-10.0,50,6122.845052,1.0
-4.0,50,6123.425113,1.0
-12.0,50,6123.986614,1.0
-6.0,50,6124.545367,1.0
-11.0,50,6125.104177,1.0
-11.0,50,6125.669101,1.0
-10.0,50,6126.225397,1.0
-9.0,50,6126.784903,1.0
-14.0,50,6127.3421,1.0
-7.0,50,6127.908036,1.0
-9.0,50,6128.463319,1.0
-49.0,50,6129.027319,0.0
-20.0,50,6129.590436,1.0
-8.0,50,6130.154211,1.0
-9.0,50,6130.710028,1.0
-11.0,50,6131.266167,1.0
-15.0,50,6131.831942,1.0
-8.0,50,6132.399634,1.0
-16.0,50,6132.954139,1.0
-10.0,50,6133.511031,0.0
-10.0,50,6134.066833,1.0
0.0,50,6134.634184,1.0
-11.0,50,6135.191081,1.0
-15.0,50,6135.748257,1.0
-8.0,50,6136.309572,1.0
-9.0,50,6136.875449,1.0
-11.0,50,6137.429248,1.0
-7.0,50,6137.99362,1.0
-11.0,50,6138.553959,1.0
-11.0,50,6139.121164,1.0
-13.0,50,6139.678648,1.0
-4.0,50,6140.234996,1.0
-50.0,50,6140.792475,0.0
-6.0,50,6141.356436,1.0
-8.0,50,6141.915269,1.0
-12.0,50,6142.475051,1.0
-3.0,50,6143.039202,1.0
0.0,50,6143.640396,1.0
-15.0,50,6144.200207,1.0
-13.0,50,6144.761355,1.0
-6.0,50,6145.320042,1.0
0.0,50,6145.885288,1.0
-36.0,50,6146.446322,1.0
-3.0,50,6147.008299,1.0
-4.0,50,6147.5654,1.0
-12.0,50,6148.140626,1.0
-5.0,50,6148.699496,1.0
-5.0,50,6149.262729,1.0
-15.0,50,6149.825971,1.0
-12.0,50,6150.400923,1.0
-14.0,50,6150.972931,1.0
-22.0,50,6151.53871,1.0
0.0,50,6152.102693,1.0
-6.0,50,6152.675955,1.0
-22.0,50,6153.245476,1.0
-5.0,50,6153.814599,1.0
-9.0,50,6154.377958,1.0
-23.0,50,6154.953794,1.0
-26.0,50,6155.524666,1.0
-11.0,50,6156.09745,1.0
-5.0,50,6156.666518,1.0
-11.0,50,6157.241036,1.0
-36.0,50,6157.808805,1.0
-17.0,50,6158.381309,1.0
-2.0,50,6158.944752,1.0
-10.0,50,6159.519365,1.0
-13.0,50,6160.087595,1.0
-8.0,50,6160.657079,1.0
-8.0,50,6161.226293,1.0
-5.0,50,6161.799574,1.0
0.0,50,6162.363165,1.0
-13.0,50,6162.931758,1.0
-7.0,50,6163.502484,1.0
-9.0,50,6164.086117,1.0
-18.0,50,6164.653688,1.0
-8.0,50,6165.219059,1.0
-10.0,50,6165.784747,1.0
-9.0,50,6166.363048,1.0
-10.0,50,6166.926296,1.0
-8.0,50,6167.489242,1.0
-12.0,50,6168.054533,1.0
-20.0,50,6168.63194,1.0
-17.0,50,6169.197566,0.0
-8.0,50,6169.759965,1.0
0.0,50,6170.32551,1.0
-11.0,50,6170.909362,1.0
-5.0,50,6171.471275,1.0
-10.0,50,6172.037255,1.0
-13.0,50,6172.601495,1.0
-17.0,50,6173.183317,1.0
-7.0,50,6173.759671,1.0
-19.0,50,6174.332357,1.0
-8.0,50,6174.899188,1.0
0.0,50,6175.472671,1.0
-8.0,50,6176.049162,1.0
-9.0,50,6176.618696,1.0
-11.0,50,6177.184392,1.0
-12.0,50,6179.980517,1.0
0.0,50,6180.537828,1.0
-8.0,50,6181.114394,1.0
0.0,50,6181.686977,1.0
0.0,50,6182.275022,1.0
-41.0,50,6182.846687,1.0
-10.0,50,6183.425737,1.0
-8.0,50,6183.98945,1.0
-9.0,50,6184.577826,1.0
-12.0,50,6185.148152,1.0
-16.0,50,6185.72315,1.0
0.0,50,6186.303642,1.0
-10.0,50,6186.897937,1.0
-12.0,50,6187.459148,1.0
-9.0,50,6188.03036,1.0
-15.0,50,6188.597409,1.0
-9.0,50,6189.170507,1.0
-15.0,50,6189.735556,1.0
-16.0,50,6190.299711,1.0
-7.0,50,6190.861356,1.0
-13.0,50,6191.438058,1.0
-7.0,50,6191.999432,1.0
-10.0,50,6192.560878,1.0
-21.0,50,6193.125547,1.0
-9.0,50,6193.697525,1.0
-8.0,50,6194.258965,1.0
-13.0,50,6194.818166,1.0
-10.0,50,6195.380821,1.0
-3.0,50,6195.961157,1.0
-7.0,50,6196.533688,1.0
-10.0,50,6197.110736,1.0
-9.0,50,6197.679963,1.0
-6.0,50,6198.263559,1.0
-8.0,50,6198.831664,1.0
-10.0,50,6199.408952,1.0
-8.0,50,6199.980881,1.0
-3.0,50,6200.56438,1.0
-15.0,50,6201.137083,1.0
-8.0,50,6201.711787,1.0
-13.0,50,6202.284424,1.0
-8.0,50,6202.870844,1.0
-13.0,50,6203.458836,1.0
-11.0,50,6204.037553,1.0
-20.0,50,6204.616142,1.0
-8.0,50,6205.198743,1.0
-10.0,50,6205.776031,1.0
-10.0,50,6206.352023,1.0
-16.0,50,6206.930327,1.0
-14.0,50,6207.518845,1.0
-10.0,50,6208.093611,1.0
-9.0,50,6208.669146,1.0
-47.0,50,6209.244664,0.0
-6.0,50,6209.824939,1.0
-10.0,50,6210.401832,1.0
-12.0,50,6210.976763,1.0
-15.0,50,6211.555368,1.0
-7.0,50,6212.144919,1.0
-11.0,50,6212.719784,1.0
-33.0,50,6213.299179,1.0
-12.0,50,6213.874261,1.0
-27.0,50,6214.460332,1.0
-13.0,50,6215.040641,1.0
-13.0,50,6215.619462,1.0
-10.0,50,6216.198152,1.0
-10.0,50,6216.788586,1.0
-28.0,50,6217.366883,1.0
-9.0,50,6217.940533,1.0
-7.0,50,6218.518227,1.0
-10.0,50,6219.101351,1.0
-20.0,50,6219.681002,1.0
-21.0,50,6220.259386,1.0
-14.0,50,6220.835494,1.0
-14.0,50,6221.426254,1.0
-10.0,50,6221.998856,1.0
-11.0,50,6222.570384,1.0
-16.0,50,6223.146637,1.0
-14.0,50,6223.730337,1.0
-9.0,50,6224.305752,1.0
-7.0,50,6224.877732,1.0
-8.0,50,6225.455229,1.0
-12.0,50,6226.041001,1.0
-9.0,50,6226.622335,1.0
-17.0,50,6227.195628,1.0
-6.0,50,6227.767396,1.0
-9.0,50,6228.363659,1.0
-10.0,50,6228.933966,1.0
-8.0,50,6229.497039,1.0
-12.0,50,6230.05494,1.0
-11.0,50,6230.621282,1.0
-9.0,50,6231.178966,1.0
-9.0,50,6231.745131,1.0
-12.0,50,6232.313202,1.0
0.0,50,6232.878062,1.0
-6.0,50,6233.447311,1.0
-8.0,50,6234.003134,1.0
-11.0,50,6234.567863,1.0
0.0,50,6235.142477,1.0
-7.0,50,6235.705426,1.0
-6.0,50,6236.271205,1.0
-11.0,50,6236.829857,1.0
0.0,50,6237.406201,1.0
-9.0,50,6237.963189,1.0
-9.0,50,6238.531488,1.0
-5.0,50,6239.100091,1.0
-10.0,50,6239.675065,1.0
-28.0,50,6240.23627,1.0
-9.0,50,6240.791446,1.0
-12.0,50,6241.357009,1.0
-1.0,50,6241.933078,1.0
-13.0,50,6242.491817,1.0
-14.0,50,6243.04942,1.0
-39.0,50,6243.611436,1.0
-8.0,50,6244.179419,1.0
-17.0,50,6244.739331,1.0
-10.0,50,6245.30468,1.0
-6.0,50,6245.86815,1.0
-14.0,50,6246.433334,1.0
-10.0,50,6246.998537,1.0
-11.0,50,6247.562462,1.0
-9.0,50,6248.122216,1.0
-11.0,50,6248.692338,1.0
-9.0,50,6249.259767,1.0
-12.0,50,6249.815279,1.0
-7.0,50,6250.373219,1.0
-10.0,50,6250.939435,1.0
0.0,50,6251.49666,1.0
-5.0,50,6252.060119,1.0
-12.0,50,6252.61523,1.0
-10.0,50,6253.182074,1.0
-13.0,50,6253.739421,1.0
-4.0,50,6254.294928,1.0
0.0,50,6254.853095,1.0
-50.0,50,6255.443947,0.0
-9.0,50,6256.007418,1.0
0.0,50,6256.575388,1.0
-20.0,50,6257.138324,1.0
-10.0,50,6257.711183,1.0
-17.0,50,6258.270592,1.0
-8.0,50,6258.826369,1.0
-9.0,50,6259.390617,1.0
-12.0,50,6259.960117,1.0
-9.0,50,6260.527278,1.0
-11.0,50,6261.087519,1.0
-46.0,50,6261.655322,0.0
-24.0,50,6262.22946,1.0
-10.0,50,6262.791562,1.0
-20.0,50,6263.358605,1.0
-10.0,50,6263.925236,1.0
-7.0,50,6264.49245,1.0
-7.0,50,6265.046467,1.0
-6.0,50,6265.609529,1.0
-20.0,50,6266.165389,1.0
-15.0,50,6266.741848,1.0
-49.0,50,6267.297632,1.0
-9.0,50,6267.852579,1.0
-9.0,50,6268.403984,1.0
-6.0,50,6268.963302,1.0
-12.0,50,6269.515301,1.0
-7.0,50,6270.066328,1.0
-11.0,50,6270.618284,1.0
-15.0,50,6271.182507,1.0
-16.0,50,6271.732319,1.0
-7.0,50,6272.285394,1.0
-12.0,50,6272.836329,1.0
-6.0,50,6273.396355,1.0
0.0,50,6273.950504,1.0
-7.0,50,6274.501407,1.0
-42.0,50,6275.055773,0.0
-11.0,50,6275.619116,1.0
0.0,50,6276.171737,1.0
-8.0,50,6276.722464,1.0
-4.0,50,6277.277774,1.0
-19.0,50,6277.840527,1.0
-28.0,50,6278.39141,1.0
-13.0,50,6278.939565,1.0
-10.0,50,6279.489501,1.0
-9.0,50,6280.051825,1.0
-12.0,50,6280.599188,1.0
-8.0,50,6281.149554,1.0
-8.0,50,6281.703882,1.0
-8.0,50,6282.263856,1.0
0.0,50,6282.8082,1.0
-10.0,50,6283.357614,1.0
-20.0,50,6283.909438,1.0
-21.0,50,6284.467448,1.0
-8.0,50,6285.019778,1.0
-7.0,50,6285.567543,1.0
-6.0,50,6286.115414,1.0
-9.0,50,6286.679857,1.0
0.0,50,6287.229577,1.0
-11.0,50,6287.77868,1.0
-10.0,50,6288.329301,1.0
-7.0,50,6288.886284,1.0
-6.0,50,6289.437678,1.0
-8.0,50,6289.98723,1.0
-10.0,50,6290.537376,1.0
-35.0,50,6291.098154,1.0
-6.0,50,6291.640976,1.0
-7.0,50,6292.179302,1.0
-5.0,50,6292.719458,1.0
-22.0,50,6295.49563,1.0
-11.0,50,6296.043392,1.0
-11.0,50,6296.597659,1.0
-2.0,50,6297.14543,1.0
-6.0,50,6297.702618,1.0
-11.0,50,6298.251725,1.0
-20.0,50,6298.79942,1.0
-7.0,50,6299.348627,1.0
-10.0,50,6299.912494,1.0
-4.0,50,6300.466925,1.0
-7.0,50,6301.016534,1.0
-15.0,50,6301.566693,1.0
-24.0,50,6302.129032,1.0
-14.0,50,6302.678783,1.0
0.0,50,6303.232938,1.0
-16.0,50,6303.781687,1.0
-14.0,50,6304.339574,1.0
-9.0,50,6304.891675,1.0
-8.0,50,6305.442857,1.0
-10.0,50,6305.998942,1.0
-9.0,50,6306.559984,1.0
-5.0,50,6307.114413,1.0
-14.0,50,6307.664766,1.0
-8.0,50,6308.214498,1.0
-10.0,50,6308.775651,1.0
-9.0,50,6309.325653,1.0
-10.0,50,6309.875744,1.0
-12.0,50,6310.426934,1.0
-12.0,50,6310.981702,1.0
-12.0,50,6311.531308,1.0
0.0,50,6312.078928,1.0
-8.0,50,6312.630903,1.0
-11.0,50,6313.191993,1.0
-13.0,50,6313.743635,1.0
-10.0,50,6314.291201,1.0
-4.0,50,6314.842837,1.0
-11.0,50,6315.404694,1.0
-15.0,50,6315.957779,1.0
-9.0,50,6316.511039,1.0
-13.0,50,6317.05863,1.0
-15.0,50,6317.615434,1.0
-10.0,50,6318.158826,1.0
-12.0,50,6318.706737,1.0
-9.0,50,6319.253582,1.0
-12.0,50,6319.818305,1.0
-11.0,50,6320.370563,1.0
-9.0,50,6320.91873,1.0
-13.0,50,6321.467564,1.0
-9.0,50,6322.026742,1.0
-8.0,50,6322.581052,1.0
-11.0,50,6323.13578,1.0
-9.0,50,6323.688808,1.0
-9.0,50,6324.261139,1.0
-12.0,50,6324.811894,1.0
-13.0,50,6325.365189,1.0
-12.0,50,6325.913759,1.0
-13.0,50,6326.476922,1.0
-12.0,50,6327.035294,1.0
-5.0,50,6327.582312,1.0
0.0,50,6328.130139,1.0
-5.0,50,6328.693046,1.0
-19.0,50,6329.241629,1.0
-14.0,50,6329.79162,1.0
-15.0,50,6330.343884,1.0
-11.0,50,6330.902693,1.0
-29.0,50,6331.451858,1.0
0.0,50,6332.001846,1.0
-9.0,50,6332.555804,1.0
-8.0,50,6333.119419,1.0
-7.0,50,6333.66903,1.0
-16.0,50,6334.220181,1.0
-21.0,50,6334.77106,1.0
-9.0,50,6335.338999,1.0
-13.0,50,6335.888032,1.0
-10.0,50,6336.432957,1.0
-22.0,50,6336.982943,1.0
-16.0,50,6337.55988,1.0
-8.0,50,6338.108876,1.0
-10.0,50,6338.660197,1.0
-8.0,50,6339.210881,1.0
-15.0,50,6339.783668,1.0
-12.0,50,6340.333486,1.0
-28.0,50,6340.890008,1.0
-12.0,50,6341.444106,1.0
-2.0,50,6342.018066,1.0
-6.0,50,6342.567071,1.0
-12.0,50,6343.114237,1.0
-7.0,50,6343.660222,1.0
-6.0,50,6344.221275,1.0
-12.0,50,6344.769871,1.0
-6.0,50,6345.321862,1.0
-13.0,50,6345.871066,1.0
-13.0,50,6346.441337,1.0
-8.0,50,6346.984664,1.0
-10.0,50,6347.539759,1.0
0.0,50,6348.090023,1.0
-14.0,50,6348.649036,1.0
-14.0,50,6349.198295,1.0
-15.0,50,6349.752601,1.0
-12.0,50,6350.304934,1.0
-11.0,50,6350.88319,1.0
-9.0,50,6351.436166,1.0
-11.0,50,6351.989199,1.0
-19.0,50,6352.542824,1.0
-8.0,50,6353.11783,1.0
-18.0,50,6353.677211,1.0
-12.0,50,6354.234805,1.0
-8.0,50,6354.788109,1.0
0.0,50,6355.353235,1.0
-25.0,50,6355.906007,1.0
-9.0,50,6356.457171,1.0
-11.0,50,6357.008299,1.0
-17.0,50,6357.580918,1.0
-19.0,50,6358.133733,1.0
-11.0,50,6358.683502,1.0
-12.0,50,6359.23299,1.0
-12.0,50,6359.805558,1.0
0.0,50,6360.354111,1.0
-6.0,50,6360.902842,1.0
-8.0,50,6361.466942,1.0
-13.0,50,6362.033457,1.0
-12.0,50,6362.594271,1.0
-8.0,50,6363.148241,1.0
-9.0,50,6363.705625,1.0
-11.0,50,6364.270922,1.0
-10.0,50,6364.830122,1.0
-11.0,50,6365.382659,1.0
-9.0,50,6365.935836,1.0
-8.0,50,6366.505841,1.0
-11.0,50,6367.063304,1.0
-9.0,50,6367.624111,1.0
-12.0,50,6368.181473,1.0
-15.0,50,6368.75324,1.0
-7.0,50,6369.311982,1.0
0.0,50,6369.862125,1.0
-14.0,50,6370.412625,1.0
-10.0,50,6370.973755,1.0
0.0,50,6371.523807,1.0
-6.0,50,6372.078841,1.0
0.0,50,6372.630988,1.0
-19.0,50,6373.198361,0.0
-8.0,50,6373.749424,1.0
-21.0,50,6374.301268,1.0
0.0,50,6374.861073,1.0
-14.0,50,6375.426248,1.0
-8.0,50,6375.979992,1.0
-15.0,50,6376.537798,1.0
-8.0,50,6377.09191,1.0
-10.0,50,6377.658127,1.0
-7.0,50,6378.216352,1.0
-15.0,50,6378.775754,1.0
-20.0,50,6379.334807,1.0
-12.0,50,6379.902427,1.0
-3.0,50,6380.462581,1.0
-11.0,50,6381.021258,1.0
-10.0,50,6381.574544,1.0
-5.0,50,6382.150544,1.0
-7.0,50,6382.699903,1.0
-12.0,50,6383.25987,1.0
-6.0,50,6383.816097,1.0
-24.0,50,6384.384054,1.0
-9.0,50,6384.936598,1.0
-13.0,50,6385.492703,1.0
0.0,50,6386.051878,1.0
-2.0,50,6386.626566,1.0
-11.0,50,6387.186767,1.0
-50.0,50,6387.74204,0.0
0.0,50,6388.296059,1.0
-12.0,50,6388.86091,1.0
-10.0,50,6389.410373,1.0
-11.0,50,6389.96191,1.0
-8.0,50,6390.513512,1.0
-12.0,50,6391.080584,1.0
-10.0,50,6391.632476,1.0
0.0,50,6392.181653,1.0
-22.0,50,6392.732476,1.0
-8.0,50,6393.302565,1.0
-26.0,50,6393.859004,1.0
-11.0,50,6394.409083,1.0
-18.0,50,6394.96368,1.0
-31.0,50,6395.535634,1.0
-13.0,50,6396.087825,1.0
0.0,50,6396.637691,1.0
-8.0,50,6397.189634,1.0
0.0,50,6397.753657,1.0
-10.0,50,6398.304752,1.0
-11.0,50,6398.85366,1.0
-12.0,50,6399.405274,1.0
0.0,50,6399.968538,1.0
-17.0,50,6400.526267,1.0
0.0,50,6401.077796,1.0
-14.0,50,6401.626659,1.0
-11.0,50,6402.18949,1.0
-9.0,50,6402.742704,1.0
-9.0,50,6403.294651,1.0
-14.0,50,6403.847901,1.0
-11.0,50,6404.409623,1.0
0.0,50,6404.960892,1.0
-10.0,50,6405.510804,1.0
-11.0,50,6406.056883,1.0
-8.0,50,6408.968606,1.0
-6.0,50,6409.521677,1.0
-7.0,50,6410.073756,1.0
-14.0,50,6410.625878,1.0
-13.0,50,6411.191094,1.0
-6.0,50,6411.739615,1.0
-12.0,50,6412.28962,1.0
-12.0,50,6412.845348,1.0
-7.0,50,6413.412799,1.0
-9.0,50,6413.964396,1.0
-7.0,50,6414.513937,1.0
-14.0,50,6415.069005,1.0
-16.0,50,6415.631775,1.0
-9.0,50,6416.180449,1.0
-7.0,50,6416.735242,1.0
-13.0,50,6417.285687,1.0
-3.0,50,6417.848894,1.0
-11.0,50,6418.39675,1.0
-11.0,50,6418.946876,1.0
-7.0,50,6419.495515,1.0
-6.0,50,6420.063861,1.0
0.0,50,6420.616511,1.0
-12.0,50,6421.164758,1.0
0.0,50,6421.717922,1.0
-25.0,50,6422.284995,1.0
-13.0,50,6422.84006,1.0
-7.0,50,6423.393003,1.0
-4.0,50,6423.948118,1.0
-9.0,50,6424.515073,1.0
-23.0,50,6425.065908,1.0
-9.0,50,6425.618802,1.0
-10.0,50,6426.171941,1.0
-11.0,50,6426.733785,1.0
-8.0,50,6427.281935,1.0
-15.0,50,6427.83078,1.0
-13.0,50,6428.379619,1.0
0.0,50,6428.93604,1.0
-5.0,50,6429.49223,1.0
-20.0,50,6430.050906,1.0
-5.0,50,6430.601956,1.0
-9.0,50,6431.16823,1.0
-9.0,50,6431.7239,1.0
-13.0,50,6432.272821,1.0
-10.0,50,6432.830072,1.0
-10.0,50,6433.386741,1.0
-14.0,50,6433.935013,1.0
-10.0,50,6434.483655,1.0
-20.0,50,6435.03644,1.0
-29.0,50,6435.596452,1.0
-9.0,50,6436.149994,1.0
0.0,50,6436.699988,1.0
-11.0,50,6437.253352,1.0
-10.0,50,6437.812954,1.0
-12.0,50,6438.364316,1.0
-8.0,50,6438.913915,1.0
-9.0,50,6439.464946,1.0
-7.0,50,6440.0241,1.0
-5.0,50,6440.569933,1.0
-10.0,50,6441.126463,1.0
-6.0,50,6441.674698,1.0
0.0,50,6442.242164,1.0
-9.0,50,6442.799141,1.0
-11.0,50,6443.357427,1.0
-12.0,50,6443.918027,1.0
-14.0,50,6444.48948,1.0
-23.0,50,6445.044489,1.0
-7.0,50,6445.59887,1.0
-13.0,50,6446.161103,1.0
-8.0,50,6446.732411,1.0
-13.0,50,6447.293022,1.0
-13.0,50,6447.858662,1.0
-16.0,50,6448.424206,1.0
-13.0,50,6448.998365,1.0
-14.0,50,6449.571963,1.0
-9.0,50,6450.140705,1.0
-10.0,50,6450.710224,1.0
0.0,50,6451.281623,1.0
-8.0,50,6451.847816,1.0
-16.0,50,6452.413683,1.0
-8.0,50,6452.975968,1.0
-9.0,50,6453.551636,1.0
-27.0,50,6454.11535,1.0
-8.0,50,6454.690195,1.0
-6.0,50,6455.246993,1.0
-11.0,50,6455.81816,1.0
-10.0,50,6456.393361,1.0
-9.0,50,6456.960501,1.0
-6.0,50,6457.5221,1.0
-15.0,50,6458.090256,1.0
-17.0,50,6458.667733,1.0
-8.0,50,6459.2246,1.0
-20.0,50,6459.780073,1.0
-9.0,50,6460.354879,1.0
-22.0,50,6460.907578,1.0
-13.0,50,6461.459596,1.0
-39.0,50,6462.014422,0.0
0.0,50,6462.577193,1.0
0.0,50,6463.129232,1.0
0.0,50,6463.683455,1.0
-10.0,50,6464.236516,1.0
-9.0,50,6464.812842,1.0
-6.0,50,6465.379291,1.0
-8.0,50,6465.943664,1.0
-8.0,50,6466.508504,1.0
-16.0,50,6467.084991,1.0
-12.0,50,6467.666329,1.0
-15.0,50,6468.235296,1.0
-14.0,50,6468.803948,1.0
-18.0,50,6469.374305,1.0
-50.0,50,6469.933422,0.0
-7.0,50,6470.481145,1.0
-13.0,50,6471.029543,1.0
-31.0,50,6471.592315,1.0
-12.0,50,6472.144162,1.0
-5.0,50,6472.704318,1.0
-10.0,50,6473.25929,1.0
0.0,50,6473.820315,1.0
-22.0,50,6474.371326,1.0
-19.0,50,6474.927807,1.0
0.0,50,6475.479399,1.0
0.0,50,6476.039581,1.0
-15.0,50,6476.596043,1.0
-11.0,50,6477.147321,1.0
-8.0,50,6477.698591,1.0
-14.0,50,6478.26393,1.0
-14.0,50,6478.815418,1.0
-6.0,50,6479.367455,1.0
-8.0,50,6479.917319,1.0
-8.0,50,6480.481217,1.0
-8.0,50,6481.036218,1.0
-20.0,50,6481.589338,1.0
-7.0,50,6482.138332,1.0
-11.0,50,6482.700469,1.0
-9.0,50,6483.252997,1.0
-15.0,50,6483.807616,1.0
-11.0,50,6484.357378,1.0
-5.0,50,6484.920721,1.0
-19.0,50,6485.472713,1.0
-12.0,50,6486.023517,1.0
-20.0,50,6486.577507,1.0
-10.0,50,6487.13659,1.0
-3.0,50,6487.685389,1.0
-14.0,50,6488.235258,1.0
-7.0,50,6488.787507,1.0
0.0,50,6489.349566,1.0
-9.0,50,6489.903386,1.0
-15.0,50,6490.457575,1.0
-8.0,50,6491.005404,1.0
-13.0,50,6491.565689,1.0
-6.0,50,6492.122905,1.0
-7.0,50,6492.679686,1.0
-13.0,50,6493.234844,1.0
0.0,50,6493.796463,1.0
-8.0,50,6494.349945,1.0
-11.0,50,6494.902616,1.0
-8.0,50,6495.453923,1.0
-12.0,50,6496.017305,1.0
-7.0,50,6496.567927,1.0
-8.0,50,6497.118941,1.0
-23.0,50,6497.672836,1.0
-8.0,50,6498.23695,1.0
0.0,50,6498.797034,1.0
-9.0,50,6499.347172,1.0
-14.0,50,6499.895619,1.0
-9.0,50,6500.460408,1.0
-12.0,50,6501.016849,1.0
-7.0,50,6501.571373,1.0
-19.0,50,6502.124339,0.0
-10.0,50,6502.688414,1.0
-17.0,50,6503.244736,1.0
-8.0,50,6503.800582,1.0
-5.0,50,6504.354171,1.0
-2.0,50,6504.924634,1.0
-15.0,50,6505.478517,1.0
-11.0,50,6506.031156,1.0
-6.0,50,6506.580694,1.0
-5.0,50,6507.151119,1.0
-7.0,50,6507.719332,1.0
-7.0,50,6508.284467,1.0
-5.0,50,6508.850405,1.0
-18.0,50,6509.426746,1.0
-17.0,50,6509.989131,1.0
-11.0,50,6510.553161,1.0
-7.0,50,6511.12196,1.0
-13.0,50,6511.696688,1.0
-16.0,50,6512.259791,1.0
-8.0,50,6512.814609,1.0
-13.0,50,6513.370764,1.0
-18.0,50,6513.928716,1.0
-6.0,50,6514.483116,1.0
-6.0,50,6515.034658,1.0
-7.0,50,6515.585048,1.0
-14.0,50,6516.149861,1.0
-10.0,50,6516.70322,1.0
-8.0,50,6517.254606,1.0
-7.0,50,6517.80575,1.0
0.0,50,6518.363044,1.0
-16.0,50,6518.908644,1.0
-6.0,50,6519.447974,1.0
-9.0,50,6519.992992,1.0
-9.0,50,6522.961799,1.0
-8.0,50,6523.51497,1.0
-49.0,50,6524.066461,0.0
-9.0,50,6524.618409,1.0
-14.0,50,6525.177781,1.0
-5.0,50,6525.724696,1.0
-11.0,50,6526.273682,1.0
-9.0,50,6526.826994,1.0
-15.0,50,6527.385102,1.0
-10.0,50,6527.939623,1.0
-1.0,50,6528.484729,1.0
-9.0,50,6529.035923,1.0
-8.0,50,6529.596722,1.0
-12.0,50,6530.145944,1.0
-7.0,50,6530.703867,1.0
-10.0,50,6531.255141,1.0
-12.0,50,6531.824167,1.0
-28.0,50,6532.38627,1.0
-7.0,50,6532.939235,1.0
-9.0,50,6533.495875,1.0
-11.0,50,6534.059108,1.0
-12.0,50,6534.615962,1.0
-15.0,50,6535.16987,1.0
-6.0,50,6535.719851,1.0
-12.0,50,6536.283872,1.0
-9.0,50,6536.83485,1.0
-7.0,50,6537.38917,1.0
-13.0,50,6537.942897,1.0
-14.0,50,6538.506218,1.0
-16.0,50,6539.059932,1.0
-7.0,50,6539.61075,1.0
-12.0,50,6540.169298,1.0
-8.0,50,6540.733658,1.0
-7.0,50,6541.288895,1.0
-8.0,50,6541.843184,1.0
0.0,50,6542.391778,1.0
-6.0,50,6542.956562,1.0
-12.0,50,6543.506956,1.0
-6.0,50,6544.057861,1.0
0.0,50,6544.609126,1.0
-22.0,50,6545.172247,1.0
-10.0,50,6545.720003,1.0
-11.0,50,6546.274392,1.0
-5.0,50,6546.823144,1.0
-10.0,50,6547.383715,1.0
-11.0,50,6547.935181,1.0
-8.0,50,6548.490004,1.0
-12.0,50,6549.041943,1.0
-5.0,50,6549.622451,1.0
-15.0,50,6550.179356,1.0
-8.0,50,6550.732275,1.0
-11.0,50,6551.281875,1.0
-30.0,50,6551.843208,1.0
-9.0,50,6552.401163,1.0
-26.0,50,6552.958528,1.0
-5.0,50,6553.508965,1.0
-13.0,50,6554.068995,1.0
-8.0,50,6554.617989,1.0
-16.0,50,6555.172703,1.0
-6.0,50,6555.724779,1.0
-12.0,50,6556.286143,1.0
-12.0,50,6556.84265,1.0
-4.0,50,6557.391956,1.0
-11.0,50,6557.943924,1.0
-14.0,50,6558.508017,1.0
-10.0,50,6559.06037,1.0
-14.0,50,6559.616046,1.0
-15.0,50,6560.171701,1.0
-37.0,50,6560.736392,1.0
-10.0,50,6561.287922,1.0
-33.0,50,6561.8384,1.0
-26.0,50,6562.392071,1.0
-10.0,50,6562.9572,1.0
-10.0,50,6563.515848,1.0
-12.0,50,6564.065113,1.0
-25.0,50,6564.617059,1.0
-13.0,50,6565.183216,1.0
-12.0,50,6565.737047,1.0
-7.0,50,6566.288388,1.0
-10.0,50,6566.848759,1.0
-12.0,50,6567.409426,1.0
-13.0,50,6567.964296,1.0
-12.0,50,6568.518381,1.0
-10.0,50,6569.066002,1.0
-12.0,50,6569.633436,1.0
-9.0,50,6570.186631,1.0
0.0,50,6570.744684,1.0
-11.0,50,6571.295959,1.0
-11.0,50,6571.864971,1.0
-13.0,50,6572.414266,1.0
-16.0,50,6572.971205,1.0
-6.0,50,6573.526465,1.0
-10.0,50,6574.088209,1.0
-14.0,50,6574.642135,1.0
-21.0,50,6575.196109,1.0
-11.0,50,6575.744924,1.0
-15.0,50,6576.304469,1.0
-13.0,50,6576.861199,1.0
-9.0,50,6577.41872,1.0
-16.0,50,6577.9747,1.0
-8.0,50,6578.535242,1.0
-12.0,50,6579.085367,1.0
-11.0,50,6579.633295,1.0
-11.0,50,6580.184577,1.0
-11.0,50,6580.748616,1.0
-8.0,50,6581.299054,1.0
-18.0,50,6581.850845,1.0
-10.0,50,6582.407544,1.0
-13.0,50,6582.971258,1.0
-5.0,50,6583.5212,1.0
-10.0,50,6584.069898,1.0
0.0,50,6584.619314,1.0
-18.0,50,6585.189367,1.0
-12.0,50,6585.74036,1.0
-5.0,50,6586.291954,1.0
-6.0,50,6586.843364,1.0
-16.0,50,6587.41833,1.0
-50.0,50,6587.971603,0.0
-3.0,50,6588.519722,1.0
-10.0,50,6589.07538,1.0
-18.0,50,6589.64617,1.0
-7.0,50,6590.215636,1.0
-15.0,50,6590.778818,1.0
-8.0,50,6591.337386,1.0
-4.0,50,6591.903706,1.0
-2.0,50,6592.453364,1.0
-7.0,50,6593.00994,1.0
-10.0,50,6593.566875,1.0
-11.0,50,6594.143409,1.0
-12.0,50,6594.702145,1.0
-15.0,50,6595.260735,1.0
-19.0,50,6595.820135,1.0
-11.0,50,6596.39113,1.0
-14.0,50,6596.951126,1.0
0.0,50,6597.506868,1.0
-6.0,50,6598.062667,1.0
-8.0,50,6598.630938,1.0
-8.0,50,6599.183753,1.0
-50.0,50,6599.743077,0.0
-13.0,50,6600.30021,1.0
-10.0,50,6600.871693,1.0
-4.0,50,6601.434719,1.0
-9.0,50,6601.994842,1.0
-8.0,50,6602.545247,1.0
-20.0,50,6603.119687,1.0
-12.0,50,6603.678615,1.0
-12.0,50,6604.237319,1.0
-9.0,50,6604.794066,1.0
-8.0,50,6605.367866,1.0
-7.0,50,6605.923032,1.0
-12.0,50,6606.473696,1.0
-9.0,50,6607.02656,1.0
-8.0,50,6607.60374,1.0
-16.0,50,6608.157789,1.0
-8.0,50,6608.707023,1.0
-7.0,50,6609.258533,1.0
-13.0,50,6609.826829,1.0
-16.0,50,6610.376635,1.0
-12.0,50,6610.928947,1.0
-10.0,50,6611.479612,1.0
-26.0,50,6612.046387,1.0
-10.0,50,6612.60353,1.0
-15.0,50,6613.160144,1.0
-8.0,50,6613.712763,1.0
-10.0,50,6614.293202,1.0
-9.0,50,6614.855629,1.0
-14.0,50,6615.406582,1.0
-15.0,50,6615.959274,1.0
-9.0,50,6616.530302,1.0
-7.0,50,6617.083635,1.0
-18.0,50,6617.640747,1.0
-5.0,50,6618.19696,1.0
-13.0,50,6618.763575,1.0
-8.0,50,6619.31581,1.0
-6.0,50,6619.864717,1.0
-10.0,50,6620.423291,1.0
-5.0,50,6620.998046,1.0
-10.0,50,6621.552899,1.0
-7.0,50,6622.1017,1.0
0.0,50,6622.65494,1.0
-12.0,50,6623.229642,1.0
-8.0,50,6623.788332,1.0
-11.0,50,6624.340638,1.0
-14.0,50,6624.901801,1.0
-11.0,50,6625.477823,1.0
-11.0,50,6626.032162,1.0
-11.0,50,6626.592078,1.0
-6.0,50,6627.154281,1.0
-25.0,50,6627.721472,1.0
-3.0,50,6628.275082,1.0
-8.0,50,6628.827654,1.0
-11.0,50,6629.386866,1.0
-26.0,50,6629.964026,1.0
-13.0,50,6630.522256,1.0
-12.0,50,6631.07734,1.0
-9.0,50,6631.63174,1.0
-14.0,50,6632.202884,1.0
-9.0,50,6632.749858,1.0
-19.0,50,6633.295173,0.0
-14.0,50,6633.840057,1.0
-11.0,50,6636.738931,1.0
-33.0,50,6637.291888,1.0
-12.0,50,6637.844879,1.0
-18.0,50,6638.398077,1.0
-9.0,50,6638.957928,1.0
-10.0,50,6639.509212,1.0
-12.0,50,6640.064072,1.0
-7.0,50,6640.61587,1.0
-4.0,50,6641.181848,1.0
-12.0,50,6641.736479,1.0
-13.0,50,6642.288042,1.0
-7.0,50,6642.840097,1.0
0.0,50,6643.404557,1.0
-6.0,50,6643.964166,1.0
-15.0,50,6644.519037,1.0
-13.0,50,6645.076051,1.0
-10.0,50,6645.639357,1.0
-18.0,50,6646.195623,1.0
-7.0,50,6646.750518,1.0
-10.0,50,6647.30821,1.0
0.0,50,6647.868025,1.0
-10.0,50,6648.418453,1.0
-7.0,50,6648.967152,1.0
-11.0,50,6649.521945,1.0
-11.0,50,6650.080427,1.0
-7.0,50,6650.633417,1.0
0.0,50,6651.183163,1.0
-13.0,50,6651.73146,1.0
0.0,50,6652.290996,1.0
0.0,50,6652.841337,1.0
-8.0,50,6653.407494,1.0
-3.0,50,6653.967124,1.0
-10.0,50,6654.525583,1.0
-11.0,50,6655.083017,1.0
-17.0,50,6655.637372,1.0
-11.0,50,6656.188245,1.0
-8.0,50,6656.752377,1.0
-6.0,50,6657.303405,1.0
-9.0,50,6657.855031,1.0
-6.0,50,6658.405957,1.0
-10.0,50,6659.007118,1.0
-25.0,50,6659.563897,1.0
-17.0,50,6660.113799,1.0
-7.0,50,6660.665292,1.0
0.0,50,6661.227255,1.0
-14.0,50,6661.782652,1.0
0.0,50,6662.336313,1.0
-8.0,50,6662.891365,1.0
-11.0,50,6663.456207,1.0
-13.0,50,6664.009398,1.0
-28.0,50,6664.564869,1.0
-12.0,50,6665.115618,1.0
-13.0,50,6665.694939,1.0
-7.0,50,6666.244064,1.0
-8.0,50,6666.799762,1.0
0.0,50,6667.348086,1.0
-21.0,50,6667.909832,1.0
-7.0,50,6668.460305,1.0
-15.0,50,6669.014232,1.0
-9.0,50,6669.564045,1.0
-10.0,50,6670.131395,1.0
-9.0,50,6670.686373,1.0
-19.0,50,6671.239595,1.0
-10.0,50,6671.794549,1.0
-10.0,50,6672.357745,1.0
-20.0,50,6672.911176,1.0
-20.0,50,6673.466907,1.0
-14.0,50,6674.021159,1.0
-11.0,50,6674.584163,1.0
-6.0,50,6675.138485,1.0
-11.0,50,6675.694956,1.0
-6.0,50,6676.247364,1.0
-15.0,50,6676.830259,1.0
0.0,50,6677.382431,1.0
-8.0,50,6677.93122,1.0
-4.0,50,6678.489306,1.0
-33.0,50,6679.050251,1.0
-12.0,50,6679.600058,1.0
-18.0,50,6680.153985,1.0
-14.0,50,6680.707681,1.0
0.0,50,6681.271172,1.0
-11.0,50,6681.824381,1.0
-12.0,50,6682.381857,1.0
-15.0,50,6682.93554,1.0
-12.0,50,6683.503029,1.0
-48.0,50,6684.054221,0.0
-15.0,50,6684.607195,1.0
-21.0,50,6685.162265,0.0
-10.0,50,6685.729685,1.0
0.0,50,6686.2929,1.0
-9.0,50,6686.849825,1.0
-23.0,50,6687.406274,1.0
0.0,50,6687.970404,1.0
-8.0,50,6688.520321,1.0
-10.0,50,6689.070168,1.0
-32.0,50,6689.626835,1.0
-5.0,50,6690.190338,1.0
-8.0,50,6690.74185,1.0
-12.0,50,6691.293223,1.0
-16.0,50,6691.84755,1.0
-14.0,50,6692.410585,1.0
-7.0,50,6692.958896,1.0
-12.0,50,6693.508363,1.0
-10.0,50,6694.059402,1.0
-12.0,50,6694.626651,1.0
-18.0,50,6695.178412,1.0
-6.0,50,6695.732599,1.0
-11.0,50,6696.286768,1.0
-13.0,50,6696.851817,1.0
-13.0,50,6697.402103,1.0
-7.0,50,6697.957275,1.0
-12.0,50,6698.514431,1.0
-46.0,50,6699.077008,0.0
-11.0,50,6699.630828,1.0
-11.0,50,6700.181443,1.0
-11.0,50,6700.735215,1.0
-2.0,50,6701.307558,1.0
-7.0,50,6701.864697,1.0
0.0,50,6702.420155,1.0
-5.0,50,6702.97631,1.0
-12.0,50,6703.541826,1.0
-11.0,50,6704.101299,1.0
-13.0,50,6704.65891,1.0
-12.0,50,6705.218232,1.0
-11.0,50,6705.788043,1.0
-11.0,50,6706.355912,1.0
-8.0,50,6706.920836,1.0
0.0,50,6707.481421,1.0
-9.0,50,6708.053715,1.0
-10.0,50,6708.61796,1.0
-8.0,50,6709.181546,1.0
-6.0,50,6709.738913,1.0
-9.0,50,6710.3185,1.0
-15.0,50,6710.881047,1.0
-10.0,50,6711.445589,1.0
-11.0,50,6712.008528,1.0
-7.0,50,6712.574433,1.0
-13.0,50,6713.136969,1.0
-5.0,50,6713.690609,1.0
-24.0,50,6714.24566,1.0
-10.0,50,6714.812928,1.0
-9.0,50,6715.366029,1.0
-50.0,50,6715.919589,0.0
-14.0,50,6716.471076,1.0
-8.0,50,6717.031515,1.0
-11.0,50,6717.587564,1.0
-6.0,50,6718.144798,1.0
-17.0,50,6718.697718,1.0
-11.0,50,6719.264054,1.0
-7.0,50,6719.817837,1.0
0.0,50,6720.371936,1.0
-11.0,50,6720.92463,1.0
0.0,50,6721.48398,1.0
-12.0,50,6722.032454,1.0
-6.0,50,6722.585615,1.0
-50.0,50,6723.140234,0.0
-17.0,50,6723.700589,1.0
-16.0,50,6724.247555,1.0
-14.0,50,6724.801194,1.0
-4.0,50,6725.352624,1.0
-8.0,50,6725.913665,1.0
-15.0,50,6726.468354,1.0
-5.0,50,6727.02636,1.0
-7.0,50,6727.580373,1.0
-19.0,50,6728.147083,1.0
-13.0,50,6728.699943,1.0
-25.0,50,6729.263003,1.0
-31.0,50,6729.819839,0.0
-7.0,50,6730.388422,1.0
-11.0,50,6730.946815,1.0
-6.0,50,6731.503297,1.0
-11.0,50,6732.058952,1.0
-11.0,50,6732.63134,1.0
-9.0,50,6733.188338,1.0
-3.0,50,6733.741566,1.0
-8.0,50,6734.29707,1.0
0.0,50,6734.857538,1.0
-38.0,50,6735.414603,0.0
-7.0,50,6735.965372,1.0
-7.0,50,6736.516389,1.0
-4.0,50,6737.081365,1.0
0.0,50,6737.639308,1.0
-8.0,50,6738.190014,1.0
-9.0,50,6738.739772,1.0
-10.0,50,6739.300646,1.0
-2.0,50,6739.856122,1.0
-13.0,50,6740.414057,1.0
-18.0,50,6740.973235,1.0
-13.0,50,6741.541153,1.0
-17.0,50,6742.098868,1.0
0.0,50,6742.664128,1.0
-10.0,50,6743.225901,1.0
-38.0,50,6743.797639,0.0
-13.0,50,6744.354244,1.0
-19.0,50,6744.913211,1.0
-16.0,50,6745.472405,1.0
-5.0,50,6746.041687,1.0
-15.0,50,6746.593969,1.0
-50.0,50,6747.146991,0.0
-5.0,50,6747.699791,1.0
-11.0,50,6750.616395,1.0
-8.0,50,6751.17522,1.0
-12.0,50,6751.733374,1.0
-8.0,50,6752.289122,1.0
-15.0,50,6752.866503,1.0
-10.0,50,6753.427004,1.0
-15.0,50,6753.984812,1.0
-9.0,50,6754.54665,1.0
-5.0,50,6755.122822,1.0
0.0,50,6755.682043,1.0
-12.0,50,6756.247374,1.0
-14.0,50,6756.804032,1.0
-50.0,50,6757.374866,0.0
-16.0,50,6757.934896,1.0
-8.0,50,6758.493057,1.0
-9.0,50,6759.051511,1.0
-7.0,50,6759.619339,1.0
-13.0,50,6760.178312,1.0
-9.0,50,6760.747339,1.0
-12.0,50,6761.307116,1.0
0.0,50,6761.881098,1.0
-11.0,50,6762.447209,1.0
-8.0,50,6763.011776,1.0
-9.0,50,6763.569847,1.0
-11.0,50,6764.140888,1.0
-6.0,50,6764.706698,1.0
0.0,50,6765.262173,1.0
-14.0,50,6765.818405,1.0
-11.0,50,6766.392708,1.0
-6.0,50,6766.959404,1.0
-12.0,50,6767.525335,1.0
-5.0,50,6768.0943,1.0
-10.0,50,6768.662372,1.0
0.0,50,6769.218044,1.0
-13.0,50,6769.78081,1.0
-10.0,50,6770.345561,1.0
-4.0,50,6770.920281,1.0
0.0,50,6771.479485,1.0
-19.0,50,6772.043531,1.0
0.0,50,6772.609672,1.0
-9.0,50,6773.191425,1.0
-35.0,50,6773.752402,1.0
0.0,50,6774.309528,1.0
-6.0,50,6774.872792,1.0
-25.0,50,6775.43957,1.0
-12.0,50,6776.000364,1.0
-14.0,50,6776.560868,1.0
-16.0,50,6777.12589,1.0
-19.0,50,6777.70076,1.0
-8.0,50,6778.260427,1.0
-4.0,50,6778.824618,1.0
-9.0,50,6779.386272,1.0
-9.0,50,6779.956588,1.0
-5.0,50,6780.522127,1.0
-13.0,50,6781.088526,1.0
-14.0,50,6781.646941,1.0
-11.0,50,6782.217436,1.0
-11.0,50,6782.776302,1.0
-8.0,50,6783.340439,1.0
-6.0,50,6783.899865,1.0
-6.0,50,6784.468556,1.0
-8.0,50,6785.029619,1.0
-7.0,50,6785.596382,1.0
-13.0,50,6786.159285,1.0
-7.0,50,6786.731621,1.0
-15.0,50,6787.29169,1.0
-11.0,50,6787.850607,1.0
-11.0,50,6788.409636,1.0
-11.0,50,6788.977352,1.0
-8.0,50,6789.543626,1.0
-12.0,50,6790.109591,1.0
-29.0,50,6790.669416,1.0
-14.0,50,6791.256458,1.0
-10.0,50,6791.81432,1.0
-17.0,50,6792.371506,1.0
-10.0,50,6792.935467,1.0
-10.0,50,6793.503585,1.0
-11.0,50,6794.064913,1.0
-9.0,50,6794.623363,1.0
-10.0,50,6795.182973,1.0
-14.0,50,6795.750709,1.0
-14.0,50,6796.317856,1.0
-26.0,50,6796.884682,1.0
-8.0,50,6797.444566,1.0
-9.0,50,6798.018573,1.0
-8.0,50,6798.581919,1.0
-42.0,50,6799.138886,0.0
-12.0,50,6799.708839,1.0
0.0,50,6800.284652,1.0
-12.0,50,6800.849881,1.0
-13.0,50,6801.415987,1.0
-11.0,50,6801.977552,1.0
-16.0,50,6802.546958,1.0
-7.0,50,6803.117216,1.0
-14.0,50,6803.686765,1.0
-14.0,50,6804.254008,1.0
0.0,50,6804.820906,1.0
-23.0,50,6805.382107,1.0
-5.0,50,6805.942371,1.0
-13.0,50,6806.494594,1.0
-21.0,50,6807.068928,1.0
-9.0,50,6807.622403,1.0
-5.0,50,6808.177184,1.0
0.0,50,6808.737075,1.0
-1.0,50,6809.303581,1.0
-13.0,50,6809.861737,1.0
-6.0,50,6810.420977,1.0
-21.0,50,6810.975569,1.0
-13.0,50,6811.543499,1.0
-7.0,50,6812.101759,1.0
-9.0,50,6812.659951,1.0
-9.0,50,6813.213103,1.0
-12.0,50,6813.776963,1.0
-13.0,50,6814.33397,1.0
-9.0,50,6814.885485,1.0
0.0,50,6815.443777,1.0
-10.0,50,6816.014261,1.0
-11.0,50,6816.572207,1.0
-9.0,50,6817.129032,1.0
-13.0,50,6817.685907,1.0
-9.0,50,6818.254527,1.0
-5.0,50,6818.807213,1.0
-5.0,50,6819.365691,1.0
-13.0,50,6819.924497,1.0
-8.0,50,6820.489691,1.0
-5.0,50,6821.044938,1.0
-17.0,50,6821.604257,1.0
-11.0,50,6822.159547,1.0
-13.0,50,6822.742435,1.0
-11.0,50,6823.29622,1.0
-14.0,50,6823.856805,1.0
0.0,50,6824.410989,1.0
-12.0,50,6824.978682,1.0
-15.0,50,6825.540303,1.0
-10.0,50,6826.0992,1.0
-8.0,50,6826.659483,1.0
-36.0,50,6827.232258,1.0
-8.0,50,6827.79386,1.0
0.0,50,6828.348075,1.0
-11.0,50,6828.902515,1.0
-9.0,50,6829.472457,1.0
-8.0,50,6830.035016,1.0
-15.0,50,6830.592641,1.0
-10.0,50,6831.150966,1.0
-11.0,50,6831.724995,1.0
-11.0,50,6832.285304,1.0
-25.0,50,6832.849841,1.0
-13.0,50,6833.416506,1.0
-7.0,50,6833.989705,1.0
-18.0,50,6834.552829,1.0
-8.0,50,6835.109513,1.0
-13.0,50,6835.670366,1.0
-26.0,50,6836.235475,1.0
-9.0,50,6836.793557,1.0
-7.0,50,6837.351892,1.0
-6.0,50,6837.912921,1.0
-10.0,50,6838.484303,1.0
-11.0,50,6839.040295,1.0
-5.0,50,6839.595692,1.0
0.0,50,6840.154706,1.0
-10.0,50,6840.719835,1.0
-12.0,50,6841.278256,1.0
-12.0,50,6841.839949,1.0
-11.0,50,6842.405611,1.0
-9.0,50,6842.977338,1.0
-10.0,50,6843.53129,1.0
-8.0,50,6844.092179,1.0
-9.0,50,6844.650982,1.0
-5.0,50,6845.218566,1.0
-18.0,50,6845.781248,1.0
0.0,50,6846.343063,1.0
-5.0,50,6846.899143,1.0
-11.0,50,6847.47156,1.0
-9.0,50,6848.031851,1.0
-11.0,50,6848.590575,1.0
-38.0,50,6849.14708,0.0
-10.0,50,6849.72109,1.0
-8.0,50,6850.275431,1.0
-10.0,50,6850.831107,1.0
-8.0,50,6851.38409,1.0
-7.0,50,6851.952895,1.0
-9.0,50,6852.510103,1.0
-12.0,50,6853.072027,1.0
0.0,50,6853.634262,1.0
-12.0,50,6854.210937,1.0
-12.0,50,6854.773494,1.0
-18.0,50,6855.337361,1.0
-6.0,50,6855.907528,1.0
-10.0,50,6856.482934,1.0
-14.0,50,6857.047271,1.0
-9.0,50,6857.613229,1.0
0.0,50,6858.172302,1.0
-12.0,50,6858.749251,1.0
-11.0,50,6859.308068,1.0
-16.0,50,6859.8605,1.0
-15.0,50,6860.410803,1.0
-14.0,50,6860.977987,1.0
-5.0,50,6861.536258,1.0
-6.0,50,6862.098297,1.0
-12.0,50,6862.661897,1.0
0.0,50,6865.569617,1.0
-5.0,50,6866.135091,1.0
-11.0,50,6866.704265,1.0
-13.0,50,6867.269149,1.0
-6.0,50,6867.827929,1.0
-6.0,50,6868.378965,1.0
-12.0,50,6868.929963,1.0
-10.0,50,6869.478364,1.0
0.0,50,6870.040941,1.0
-18.0,50,6870.5952,1.0
-6.0,50,6871.145942,1.0
-11.0,50,6871.70456,1.0
-11.0,50,6872.272475,1.0
-5.0,50,6872.829167,1.0
-9.0,50,6873.383985,1.0
-7.0,50,6873.941451,1.0
-7.0,50,6874.510929,1.0
-6.0,50,6875.061671,1.0
-8.0,50,6875.615292,1.0
-8.0,50,6876.17208,1.0
-14.0,50,6876.73458,1.0
-9.0,50,6877.291364,1.0
-13.0,50,6877.852109,1.0
-8.0,50,6878.410254,1.0
-11.0,50,6878.97688,1.0
-7.0,50,6879.534567,1.0
-11.0,50,6880.094422,1.0
-8.0,50,6880.651579,1.0
-9.0,50,6881.219482,1.0
-10.0,50,6881.774489,1.0
-9.0,50,6882.329885,1.0
-9.0,50,6882.886443,1.0
0.0,50,6883.454149,1.0
-10.0,50,6884.007681,1.0
-8.0,50,6884.566616,1.0
-4.0,50,6885.12007,1.0
-8.0,50,6885.684424,1.0
-15.0,50,6886.238398,1.0
-13.0,50,6886.792366,1.0
-14.0,50,6887.348244,1.0
-7.0,50,6887.923542,1.0
-2.0,50,6888.482327,1.0
-15.0,50,6889.033473,1.0
-13.0,50,6889.584249,1.0
-16.0,50,6890.166727,1.0
0.0,50,6890.734533,1.0
-7.0,50,6891.297429,1.0
-10.0,50,6891.857815,1.0
-10.0,50,6892.435945,1.0
-11.0,50,6893.004655,1.0
-12.0,50,6893.579352,1.0
-7.0,50,6894.153228,1.0
-9.0,50,6894.724334,1.0
-7.0,50,6895.287747,1.0
-8.0,50,6895.848783,1.0
-12.0,50,6896.413709,1.0
-8.0,50,6896.986588,1.0
-3.0,50,6897.552657,1.0
-3.0,50,6898.119463,1.0
-6.0,50,6898.683215,1.0
-36.0,50,6899.257296,1.0
-3.0,50,6899.816877,1.0
-6.0,50,6900.381335,1.0
-11.0,50,6900.945923,1.0
-13.0,50,6901.518212,1.0
-7.0,50,6902.089191,1.0
-13.0,50,6902.651558,1.0
-8.0,50,6903.216576,1.0
0.0,50,6903.789371,1.0
-9.0,50,6904.355998,1.0
-8.0,50,6904.919537,1.0
-10.0,50,6905.490724,1.0
-8.0,50,6906.076216,1.0
-8.0,50,6906.641038,1.0
-7.0,50,6907.204355,1.0
-8.0,50,6907.764066,1.0
-9.0,50,6908.363583,1.0
-14.0,50,6908.930271,1.0
-10.0,50,6909.500661,1.0
-15.0,50,6910.071466,1.0
-3.0,50,6910.646591,1.0
-12.0,50,6911.216575,1.0
-9.0,50,6911.785666,1.0
0.0,50,6912.352337,1.0
-12.0,50,6912.925817,1.0
-14.0,50,6913.494079,1.0
-8.0,50,6914.064589,1.0
0.0,50,6914.63079,1.0
-15.0,50,6915.201864,1.0
-13.0,50,6915.77152,1.0
-14.0,50,6916.335222,1.0
-25.0,50,6916.907598,1.0
-8.0,50,6917.479348,1.0
-11.0,50,6918.041774,1.0
-19.0,50,6918.608948,1.0
-13.0,50,6919.177524,1.0
-8.0,50,6919.75195,1.0
-8.0,50,6920.324279,1.0
-14.0,50,6920.893261,1.0
-9.0,50,6921.459795,1.0
-16.0,50,6922.041743,1.0
-10.0,50,6922.60688,1.0
-8.0,50,6923.183631,1.0
-10.0,50,6923.758761,1.0
0.0,50,6924.341993,1.0
-9.0,50,6924.904498,1.0
-13.0,50,6925.470909,1.0
-8.0,50,6926.039431,1.0
-6.0,50,6926.622261,1.0
-12.0,50,6927.194323,1.0
-8.0,50,6927.767824,1.0
-22.0,50,6928.336456,1.0
-9.0,50,6928.913318,1.0
-10.0,50,6929.483765,1.0
-20.0,50,6930.053503,1.0
-11.0,50,6930.622871,1.0
0.0,50,6931.204265,1.0
-9.0,50,6931.763775,1.0
-8.0,50,6932.31285,1.0
-7.0,50,6932.861463,1.0
-13.0,50,6933.429162,1.0
-12.0,50,6933.978569,1.0
-11.0,50,6934.527625,1.0
-11.0,50,6935.076491,1.0
-8.0,50,6935.641905,1.0
-8.0,50,6936.193928,1.0
-10.0,50,6936.751083,1.0
-8.0,50,6937.307291,1.0
-10.0,50,6937.873893,1.0
-17.0,50,6938.427863,1.0
0.0,50,6938.982301,1.0
-9.0,50,6939.537739,1.0
-21.0,50,6940.102306,1.0
-11.0,50,6940.654976,1.0
-10.0,50,6941.209399,1.0
-8.0,50,6941.76376,1.0
-25.0,50,6942.323677,1.0
-9.0,50,6942.876915,1.0
-18.0,50,6943.429896,1.0
-5.0,50,6943.984957,1.0
-11.0,50,6944.547912,1.0
-15.0,50,6945.099615,1.0
-13.0,50,6945.65063,1.0
-9.0,50,6946.20019,1.0
-10.0,50,6946.760772,1.0
-6.0,50,6947.316778,1.0
-6.0,50,6947.873153,1.0
-13.0,50,6948.427206,1.0
-8.0,50,6948.987191,1.0
-9.0,50,6949.54063,1.0
-7.0,50,6950.095238,1.0
-6.0,50,6950.652695,1.0
-8.0,50,6951.221511,1.0
-13.0,50,6951.780906,1.0
-10.0,50,6952.342859,1.0
-50.0,50,6952.903054,0.0
-10.0,50,6953.483997,1.0
-18.0,50,6954.047395,1.0
-14.0,50,6954.606298,1.0
0.0,50,6955.168462,1.0
-5.0,50,6955.737483,1.0
-6.0,50,6956.297296,1.0
-15.0,50,6956.861189,1.0
-19.0,50,6957.42842,1.0
-15.0,50,6958.006906,1.0
-10.0,50,6958.569043,1.0
-9.0,50,6959.12485,1.0
-4.0,50,6959.686144,1.0
-11.0,50,6960.262003,1.0
-10.0,50,6960.819939,1.0
0.0,50,6961.380333,1.0
-16.0,50,6961.938219,1.0
-8.0,50,6962.507615,1.0
-10.0,50,6963.070464,1.0
-15.0,50,6963.636595,1.0
-11.0,50,6964.202258,1.0
0.0,50,6964.777685,1.0
0.0,50,6965.340114,1.0
-9.0,50,6965.904085,1.0
-19.0,50,6966.469171,1.0
-14.0,50,6967.04446,1.0
-6.0,50,6967.612588,1.0
-16.0,50,6968.177327,1.0
-15.0,50,6968.743355,1.0
-4.0,50,6969.317579,1.0
-13.0,50,6969.882491,1.0
-24.0,50,6970.447726,1.0
-22.0,50,6971.010656,1.0
-9.0,50,6971.583584,1.0
0.0,50,6972.148545,1.0
-4.0,50,6972.713091,1.0
-8.0,50,6973.263053,1.0
-6.0,50,6973.840084,1.0
-10.0,50,6974.397674,1.0
-11.0,50,6974.951296,1.0
-49.0,50,6975.516632,0.0
0.0,50,6976.098364,1.0
-7.0,50,6976.662506,1.0
-17.0,50,6977.220352,1.0
-9.0,50,6977.784765,1.0
-7.0,50,6980.735478,1.0
-8.0,50,6981.292338,1.0
-10.0,50,6981.850606,1.0
-19.0,50,6982.404319,1.0
-6.0,50,6982.976285,1.0
-7.0,50,6983.533126,1.0
-21.0,50,6984.089451,1.0
-11.0,50,6984.644287,1.0
-15.0,50,6985.210924,1.0
-17.0,50,6985.759348,1.0
-10.0,50,6986.317413,1.0
-12.0,50,6986.875823,1.0
-16.0,50,6987.449297,1.0
-9.0,50,6988.003509,1.0
-13.0,50,6988.556753,1.0
-1.0,50,6989.117597,1.0
-9.0,50,6989.686882,1.0
-11.0,50,6990.247699,1.0
-25.0,50,6990.79987,1.0
-11.0,50,6991.357759,1.0
0.0,50,6991.932869,1.0
-3.0,50,6992.49566,1.0
-11.0,50,6993.051252,1.0
0.0,50,6993.609303,1.0
-12.0,50,6994.180986,1.0
-17.0,50,6994.741427,1.0
-18.0,50,6995.296461,1.0
-6.0,50,6995.855279,1.0
-13.0,50,6996.420371,1.0
-12.0,50,6996.981405,1.0
-8.0,50,6997.539455,1.0
-14.0,50,6998.095489,1.0
-9.0,50,6998.661264,1.0
-5.0,50,6999.219193,1.0
-9.0,50,6999.775198,1.0
-8.0,50,7000.331956,1.0
-8.0,50,7000.902182,1.0
-15.0,50,7001.458808,1.0
-8.0,50,7002.014807,1.0
-14.0,50,7002.572949,1.0
-10.0,50,7003.144552,1.0
-13.0,50,7003.706432,1.0
-4.0,50,7004.264416,1.0
-12.0,50,7004.821986,1.0
-14.0,50,7005.391699,1.0
0.0,50,7005.944983,1.0
-8.0,50,7006.505678,1.0
-5.0,50,7007.069006,1.0
-9.0,50,7007.637939,1.0
0.0,50,7008.201665,1.0
-17.0,50,7008.76411,1.0
-12.0,50,7009.325761,1.0
-13.0,50,7009.90734,1.0
-5.0,50,7010.473622,1.0
-15.0,50,7011.04032,1.0
-9.0,50,7011.604834,1.0
-12.0,50,7012.18005,1.0
-15.0,50,7012.750126,1.0
-7.0,50,7013.318452,1.0
0.0,50,7013.892043,1.0
-14.0,50,7014.473892,1.0
0.0,50,7015.043466,1.0
-9.0,50,7015.612288,1.0
-11.0,50,7016.175056,1.0
-9.0,50,7016.751247,1.0
-11.0,50,7017.324579,1.0
-12.0,50,7017.891743,1.0
-9.0,50,7018.458534,1.0
-10.0,50,7019.036099,1.0
-17.0,50,7019.598645,1.0
-13.0,50,7020.16957,1.0
-9.0,50,7020.735933,1.0
-7.0,50,7021.313101,1.0
-13.0,50,7021.877352,1.0
-12.0,50,7022.444687,1.0
-7.0,50,7023.016373,1.0
-12.0,50,7023.591562,1.0
-25.0,50,7024.162332,1.0
-10.0,50,7024.728197,1.0
0.0,50,7025.289551,1.0
-9.0,50,7025.869322,1.0
-10.0,50,7026.433034,1.0
-7.0,50,7026.996736,1.0
-8.0,50,7027.565259,1.0
0.0,50,7028.138865,1.0
-10.0,50,7028.701796,1.0
-10.0,50,7029.271132,1.0
-46.0,50,7029.8386,0.0
-8.0,50,7030.418629,1.0
-50.0,50,7030.978749,0.0
-7.0,50,7031.545589,1.0
-8.0,50,7032.099708,1.0
-7.0,50,7032.673486,1.0
-15.0,50,7033.228652,1.0
-13.0,50,7033.77869,1.0
-10.0,50,7034.326376,1.0
-17.0,50,7034.884291,1.0
-13.0,50,7035.434705,1.0
-12.0,50,7035.987935,1.0
-11.0,50,7036.539823,1.0
-12.0,50,7037.099486,1.0
-12.0,50,7037.648018,1.0
-11.0,50,7038.198585,1.0
-11.0,50,7038.749777,1.0
-12.0,50,7039.312783,1.0
-8.0,50,7039.877196,1.0
-9.0,50,7040.43591,1.0
-17.0,50,7040.996648,1.0
-8.0,50,7041.566117,1.0
-17.0,50,7042.130865,1.0
-5.0,50,7042.683709,1.0
-12.0,50,7043.252191,1.0
-6.0,50,7043.826383,1.0
-7.0,50,7044.38364,1.0
-8.0,50,7044.937881,1.0
-16.0,50,7045.49697,1.0
0.0,50,7046.0591,1.0
-8.0,50,7046.628104,1.0
-10.0,50,7047.187035,1.0
-10.0,50,7047.739526,1.0
-5.0,50,7048.309548,1.0
-13.0,50,7048.870267,1.0
0.0,50,7049.429133,1.0
-9.0,50,7049.994603,1.0
-9.0,50,7050.567386,1.0
-12.0,50,7051.134718,1.0
-12.0,50,7051.694955,1.0
-13.0,50,7052.254136,1.0
0.0,50,7052.826514,1.0
-15.0,50,7053.390478,1.0
0.0,50,7053.942157,1.0
-10.0,50,7054.496378,1.0
-14.0,50,7055.061067,1.0
-17.0,50,7055.621153,1.0
-9.0,50,7056.182815,1.0
-10.0,50,7056.737605,1.0
-7.0,50,7057.310182,1.0
-11.0,50,7057.873243,1.0
-16.0,50,7058.430818,1.0
-11.0,50,7058.991621,1.0
-20.0,50,7059.564572,1.0
-12.0,50,7060.121095,1.0
-8.0,50,7060.686564,1.0
-12.0,50,7061.24262,1.0
0.0,50,7061.813914,1.0
-10.0,50,7062.367649,1.0
-7.0,50,7062.920842,1.0
-5.0,50,7063.480595,1.0
-8.0,50,7064.043702,1.0
-16.0,50,7064.606101,1.0
-4.0,50,7065.165331,1.0
-9.0,50,7065.724517,1.0
-12.0,50,7066.296197,1.0
-9.0,50,7066.857634,1.0
-12.0,50,7067.421906,1.0
-5.0,50,7067.980009,1.0
-19.0,50,7068.549372,1.0
-7.0,50,7069.10828,1.0
-7.0,50,7069.671575,1.0
-11.0,50,7070.227536,1.0
-6.0,50,7070.796551,1.0
-9.0,50,7071.36084,1.0
-13.0,50,7071.917125,1.0
-8.0,50,7072.473042,1.0
0.0,50,7073.048019,1.0
0.0,50,7073.616128,1.0
-10.0,50,7074.175987,1.0
-9.0,50,7074.729953,1.0
-8.0,50,7075.291903,1.0
0.0,50,7075.850804,1.0
-9.0,50,7076.414097,1.0
-15.0,50,7076.970073,1.0
-12.0,50,7077.539492,1.0
-4.0,50,7078.099282,1.0
-7.0,50,7078.654144,1.0
-16.0,50,7079.215031,1.0
-1.0,50,7079.787254,1.0
-11.0,50,7080.349359,1.0
-16.0,50,7080.90623,1.0
-3.0,50,7081.472454,1.0
-11.0,50,7082.038047,1.0
-50.0,50,7082.594373,0.0
-13.0,50,7083.153458,1.0
-9.0,50,7083.713936,1.0
-9.0,50,7084.285329,1.0
-4.0,50,7084.851601,1.0
-5.0,50,7085.409431,1.0
-50.0,50,7085.96932,0.0
-12.0,50,7086.539296,1.0
-8.0,50,7087.096665,1.0
-8.0,50,7087.654562,1.0
-11.0,50,7088.21513,1.0
-9.0,50,7088.779546,1.0
-6.0,50,7089.338331,1.0
-13.0,50,7089.909381,1.0
-13.0,50,7090.476383,1.0
-14.0,50,7091.051212,1.0
-10.0,50,7091.618337,1.0
-10.0,50,7092.1821,1.0
-3.0,50,7092.748087,1.0
-10.0,50,7095.632575,1.0
-12.0,50,7096.196054,1.0
-9.0,50,7096.7586,1.0
-7.0,50,7097.322936,1.0
-12.0,50,7097.896858,1.0
-9.0,50,7098.463738,1.0
-13.0,50,7099.025485,1.0
-25.0,50,7099.595371,1.0
-8.0,50,7100.170048,1.0
-8.0,50,7100.73761,1.0
-11.0,50,7101.300925,1.0
-18.0,50,7101.866509,1.0
-11.0,50,7102.445291,1.0
-9.0,50,7103.011685,1.0
-15.0,50,7103.586747,1.0
-5.0,50,7104.152361,1.0
-12.0,50,7104.728275,1.0
-11.0,50,7105.294276,1.0
-9.0,50,7105.859734,1.0
-11.0,50,7106.430151,1.0
-18.0,50,7107.006329,1.0
-13.0,50,7107.562295,1.0
-5.0,50,7108.113328,1.0
0.0,50,7108.664222,1.0
-12.0,50,7109.229666,1.0
-12.0,50,7109.781804,1.0
-16.0,50,7110.332364,1.0
-11.0,50,7110.882432,1.0
-10.0,50,7111.448563,1.0
-12.0,50,7112.00022,1.0
-14.0,50,7112.552483,1.0
-12.0,50,7113.105616,1.0
-12.0,50,7113.66623,1.0
-11.0,50,7114.221352,1.0
-11.0,50,7114.772496,1.0
-9.0,50,7115.3245,1.0
-10.0,50,7115.882064,1.0
-45.0,50,7116.434016,1.0
-10.0,50,7116.98219,1.0
-13.0,50,7117.53414,1.0
-9.0,50,7118.091264,1.0
-17.0,50,7118.645404,1.0
0.0,50,7119.197385,1.0
-16.0,50,7119.754623,1.0
-7.0,50,7120.327419,1.0
-16.0,50,7120.876559,1.0
-16.0,50,7121.427399,1.0
-17.0,50,7121.979728,1.0
-7.0,50,7122.539713,1.0
-15.0,50,7123.09216,1.0
-9.0,50,7123.641467,1.0
-7.0,50,7124.196511,1.0
-9.0,50,7124.757372,1.0
-19.0,50,7125.309451,1.0
-6.0,50,7125.860619,1.0
0.0,50,7126.409954,1.0
-16.0,50,7126.969528,1.0
-4.0,50,7127.51951,1.0
-9.0,50,7128.071456,1.0
-23.0,50,7128.622808,1.0
-7.0,50,7129.190568,1.0
-4.0,50,7129.750818,1.0
0.0,50,7130.308911,1.0
-11.0,50,7130.86267,1.0
-10.0,50,7131.434018,1.0
-13.0,50,7131.995072,1.0
-7.0,50,7132.551528,1.0
-18.0,50,7133.109678,1.0
-8.0,50,7133.67889,1.0
-11.0,50,7134.23215,1.0
-14.0,50,7134.786448,1.0
-14.0,50,7135.341304,1.0
-18.0,50,7135.908767,1.0
-12.0,50,7136.463645,1.0
-12.0,50,7137.01471,1.0
-13.0,50,7137.572786,1.0
-17.0,50,7138.141007,1.0
-12.0,50,7138.696557,1.0
-8.0,50,7139.251849,1.0
-10.0,50,7139.808096,1.0
-10.0,50,7140.372358,1.0
-7.0,50,7140.931777,1.0
-10.0,50,7141.493234,1.0
-27.0,50,7142.047457,1.0
-6.0,50,7142.618824,1.0
-13.0,50,7143.176004,1.0
-21.0,50,7143.738883,1.0
-10.0,50,7144.293252,1.0
-16.0,50,7144.863762,1.0
-13.0,50,7145.413457,1.0
-6.0,50,7145.970145,1.0
-5.0,50,7146.526804,1.0
-13.0,50,7147.115193,1.0
-20.0,50,7147.678521,1.0
-6.0,50,7148.240204,1.0
-11.0,50,7148.79474,1.0
-10.0,50,7149.362666,1.0
-10.0,50,7149.916941,1.0
-11.0,50,7150.471962,1.0
0.0,50,7151.033322,1.0
-12.0,50,7151.606728,1.0
-10.0,50,7152.161712,1.0
-7.0,50,7152.720613,1.0
-4.0,50,7153.286288,1.0
-7.0,50,7153.871553,1.0
-9.0,50,7154.423882,1.0
-11.0,50,7154.980266,1.0
-7.0,50,7155.533849,1.0
-7.0,50,7156.099246,1.0
-10.0,50,7156.658555,1.0
-7.0,50,7157.218642,1.0
-7.0,50,7157.77813,1.0
-12.0,50,7158.350529,1.0
-15.0,50,7158.914416,1.0
-10.0,50,7159.480992,1.0
-11.0,50,7160.034623,1.0
-35.0,50,7160.618851,1.0
0.0,50,7161.173736,1.0
-6.0,50,7161.726153,1.0
-9.0,50,7162.283143,1.0
-6.0,50,7162.853431,1.0
-11.0,50,7163.411831,1.0
-14.0,50,7163.968566,1.0
-9.0,50,7164.519876,1.0
-22.0,50,7165.083039,1.0
-2.0,50,7165.6317,1.0
-44.0,50,7166.183797,0.0
-16.0,50,7166.744475,1.0
-12.0,50,7167.317695,1.0
-3.0,50,7167.880031,1.0
-13.0,50,7168.441221,1.0
-9.0,50,7169.000745,1.0
-8.0,50,7169.57346,1.0
-17.0,50,7170.133301,1.0
-45.0,50,7170.688759,0.0
-8.0,50,7171.243014,1.0
-10.0,50,7171.817613,1.0
-8.0,50,7172.380316,1.0
-9.0,50,7172.938997,1.0
-11.0,50,7173.494943,1.0
-27.0,50,7174.066864,1.0
-8.0,50,7174.623695,1.0
-16.0,50,7175.181712,1.0
-9.0,50,7175.738753,1.0
-11.0,50,7176.310141,1.0
-11.0,50,7176.864854,1.0
-17.0,50,7177.429247,1.0
-4.0,50,7177.990455,1.0
-34.0,50,7178.556796,1.0
-15.0,50,7179.118788,1.0
-50.0,50,7179.675203,0.0
-9.0,50,7180.237019,1.0
-10.0,50,7180.802474,1.0
-8.0,50,7181.355263,1.0
0.0,50,7181.920827,1.0
-14.0,50,7182.484251,1.0
-15.0,50,7183.054127,1.0
-13.0,50,7183.605254,1.0
-10.0,50,7184.142272,1.0
-11.0,50,7184.672143,1.0
-5.0,50,7185.204161,1.0
-10.0,50,7185.95249,1.0
-5.0,50,7187.179276,1.0
-12.0,50,7188.391047,1.0
-9.0,50,7189.605868,1.0
0.0,50,7190.839742,1.0
-9.0,50,7192.18692,1.0
-13.0,50,7193.395796,1.0
-10.0,50,7194.630754,1.0
-11.0,50,7195.825465,1.0
-6.0,50,7197.016272,1.0
-7.0,50,7198.219612,1.0
-9.0,50,7199.423301,1.0
-10.0,50,7200.621316,1.0
-8.0,50,7201.809588,1.0
-6.0,50,7203.016543,1.0
-12.0,50,7204.242445,1.0
-13.0,50,7205.476316,1.0
-10.0,50,7206.710168,1.0
-24.0,50,7207.912612,1.0
-6.0,50,7209.117667,1.0
-6.0,50,7210.308444,1.0
-6.0,50,7211.495185,1.0
-12.0,50,7212.69658,1.0
-11.0,50,7213.897375,1.0
-8.0,50,7215.104363,1.0
-9.0,50,7216.300941,1.0
-10.0,50,7217.496152,1.0
-8.0,50,7218.707151,1.0
-15.0,50,7219.906592,1.0
-11.0,50,7221.111371,1.0
-19.0,50,7222.306798,1.0
-8.0,50,7223.516903,1.0
0.0,50,7224.73196,1.0
-9.0,50,7225.919708,1.0
0.0,50,7227.126374,1.0
-10.0,50,7228.346725,1.0
-10.0,50,7229.539767,1.0
-7.0,50,7230.734271,1.0
-3.0,50,7231.939099,1.0
0.0,50,7238.62412,1.0
-7.0,50,7239.817439,1.0
-13.0,50,7241.016871,1.0
-7.0,50,7242.221444,1.0
-13.0,50,7243.419518,1.0
-10.0,50,7244.611636,1.0
-9.0,50,7245.794863,1.0
-11.0,50,7246.982101,1.0
-11.0,50,7248.203013,1.0
-5.0,50,7249.402687,1.0
-17.0,50,7250.592919,1.0
-14.0,50,7251.813859,1.0
-11.0,50,7253.031475,1.0
-11.0,50,7254.232733,1.0
-12.0,50,7255.420881,1.0
-7.0,50,7256.607204,1.0
-15.0,50,7257.811033,1.0
-7.0,50,7259.002069,1.0
-10.0,50,7260.187185,1.0
-12.0,50,7261.389496,1.0
-13.0,50,7262.599779,1.0
-12.0,50,7263.787985,1.0
-9.0,50,7264.978967,1.0
-4.0,50,7266.175951,1.0
0.0,50,7267.383621,1.0
-6.0,50,7268.57407,1.0
-27.0,50,7269.775514,1.0
0.0,50,7270.970747,1.0
-8.0,50,7272.165907,1.0
-9.0,50,7273.360515,1.0
-9.0,50,7274.546382,1.0
-16.0,50,7275.745605,1.0
0.0,50,7276.963679,1.0
-15.0,50,7278.154928,1.0
-7.0,50,7279.343235,1.0
-9.0,50,7280.545769,1.0
-11.0,50,7281.743179,1.0
-8.0,50,7282.932289,1.0
0.0,50,7284.13333,1.0
-22.0,50,7285.33787,1.0
-2.0,50,7286.545644,1.0
-7.0,50,7287.744066,1.0
-25.0,50,7288.936591,1.0
-8.0,50,7290.12044,1.0
-14.0,50,7291.326226,1.0
-10.0,50,7292.523473,1.0
-12.0,50,7293.710912,1.0
-8.0,50,7294.896129,1.0
-37.0,50,7296.134976,0.0
-19.0,50,7297.345439,1.0
-7.0,50,7298.56352,1.0
-7.0,50,7299.778564,1.0
-6.0,50,7301.016891,1.0
-5.0,50,7302.224209,1.0
-6.0,50,7303.453547,1.0
-10.0,50,7304.673406,1.0
-26.0,50,7305.907478,1.0
-10.0,50,7307.118016,1.0
-7.0,50,7308.324294,1.0
-9.0,50,7309.516945,1.0
-12.0,50,7310.726176,1.0
-10.0,50,7311.924672,1.0
-18.0,50,7313.122493,1.0
-10.0,50,7314.328093,1.0
-10.0,50,7315.543463,1.0
-11.0,50,7316.73083,1.0
0.0,50,7317.919695,1.0
-13.0,50,7319.109749,1.0
-13.0,50,7320.317267,1.0
-8.0,50,7321.51365,1.0
-10.0,50,7322.706403,1.0
-11.0,50,7323.893511,1.0
-10.0,50,7325.098958,1.0
-8.0,50,7326.302896,1.0
-13.0,50,7327.485829,1.0
-17.0,50,7328.677398,1.0
-17.0,50,7329.889523,1.0
-10.0,50,7331.075665,1.0
-3.0,50,7332.260668,1.0
-8.0,50,7333.467994,1.0
-18.0,50,7334.683779,1.0
-9.0,50,7335.891406,1.0
-10.0,50,7337.113023,1.0
-29.0,50,7338.34384,1.0
0.0,50,7339.566175,1.0
-5.0,50,7340.779637,1.0
-8.0,50,7341.990904,1.0
-9.0,50,7343.205982,1.0
-17.0,50,7344.446909,1.0
-17.0,50,7345.658777,1.0
-8.0,50,7346.873949,1.0
-9.0,50,7348.079605,1.0
0.0,50,7349.320826,1.0
-8.0,50,7350.547034,1.0
-11.0,50,7351.756533,1.0
-15.0,50,7352.948563,1.0
-8.0,50,7354.147615,1.0
-10.0,50,7355.350482,1.0
-10.0,50,7356.54212,1.0
-6.0,50,7357.730404,1.0
-6.0,50,7358.941306,1.0
-8.0,50,7360.137985,1.0
-16.0,50,7361.333943,1.0
0.0,50,7362.530947,1.0
-12.0,50,7363.736269,1.0
-12.0,50,7364.921731,1.0
-6.0,50,7366.111591,1.0
-7.0,50,7367.298421,1.0
-11.0,50,7368.498719,1.0
-10.0,50,7369.701743,1.0
-8.0,50,7370.904565,1.0
-7.0,50,7372.105312,1.0
0.0,50,7373.317774,1.0
-19.0,50,7374.522673,1.0
-9.0,50,7375.23828,1.0
-11.0,50,7375.800678,1.0
-14.0,50,7376.366951,1.0
-9.0,50,7376.921515,1.0
-9.0,50,7377.477189,1.0
-8.0,50,7378.033266,1.0
-21.0,50,7378.606109,1.0
-9.0,50,7379.166374,1.0
-12.0,50,7379.731921,1.0
-12.0,50,7380.298439,1.0
-8.0,50,7380.863138,1.0
-10.0,50,7381.426092,1.0
-7.0,50,7381.983044,1.0
-12.0,50,7382.55013,1.0
-7.0,50,7383.117524,1.0
-10.0,50,7383.676395,1.0
-10.0,50,7384.245526,1.0
-7.0,50,7384.802278,1.0
-12.0,50,7385.375877,1.0
-13.0,50,7385.93276,1.0
-10.0,50,7386.48735,1.0
-15.0,50,7387.042825,1.0
-15.0,50,7387.618244,1.0
-7.0,50,7388.180683,1.0
-11.0,50,7388.738327,1.0
-19.0,50,7389.298616,1.0
-11.0,50,7389.873043,1.0
0.0,50,7390.43936,1.0
-6.0,50,7390.997798,1.0
-19.0,50,7391.555995,1.0
-9.0,50,7392.128327,1.0
0.0,50,7392.687125,1.0
-9.0,50,7393.24771,1.0
-7.0,50,7393.809092,1.0
-6.0,50,7394.38183,1.0
-14.0,50,7394.937291,1.0
0.0,50,7395.496464,1.0
-7.0,50,7396.05641,1.0
-14.0,50,7396.621336,1.0
-9.0,50,7397.174293,1.0
-16.0,50,7397.726871,1.0
-13.0,50,7398.280247,1.0
0.0,50,7398.853254,1.0
-15.0,50,7399.409338,1.0
-15.0,50,7399.96216,1.0
-11.0,50,7400.519184,1.0
-12.0,50,7401.084037,1.0
-13.0,50,7401.638242,1.0
-4.0,50,7402.189997,1.0
-11.0,50,7402.749561,1.0
-10.0,50,7403.313287,1.0
-15.0,50,7403.870162,1.0
-10.0,50,7404.427574,1.0
-8.0,50,7404.98674,1.0
-16.0,50,7405.557675,1.0
-12.0,50,7406.116339,1.0
-11.0,50,7406.675276,1.0
-5.0,50,7407.240486,1.0
-12.0,50,7407.807235,1.0
-14.0,50,7408.368218,1.0
-10.0,50,7408.933212,1.0
-10.0,50,7409.498796,1.0
-14.0,50,7410.069281,1.0
-11.0,50,7410.628086,1.0
-15.0,50,7411.192327,1.0
-12.0,50,7411.750139,1.0
-10.0,50,7412.313879,1.0
0.0,50,7412.870698,1.0
-7.0,50,7413.428543,1.0
-24.0,50,7413.985755,1.0
-18.0,50,7414.557267,1.0
-13.0,50,7415.1083,1.0
-15.0,50,7415.659315,1.0
-8.0,50,7416.211035,1.0
-7.0,50,7416.76664,1.0
-18.0,50,7417.330248,1.0
-16.0,50,7417.887973,1.0
-6.0,50,7418.448442,1.0
0.0,50,7419.019284,1.0
-27.0,50,7419.5772,1.0
-5.0,50,7420.134565,1.0
-10.0,50,7420.696931,1.0
-10.0,50,7421.266565,1.0
-9.0,50,7421.826561,1.0
-12.0,50,7422.389249,1.0
-15.0,50,7422.948165,1.0
-7.0,50,7425.785055,1.0
-12.0,50,7426.341716,1.0
-14.0,50,7426.898773,1.0
-5.0,50,7427.454229,1.0
-8.0,50,7428.023303,1.0
-22.0,50,7428.587012,1.0
-7.0,50,7429.148065,1.0
0.0,50,7429.705352,1.0
-17.0,50,7430.2685,1.0
-19.0,50,7430.821496,1.0
-11.0,50,7431.377379,1.0
-11.0,50,7431.934812,1.0
-13.0,50,7432.49839,1.0
-14.0,50,7433.064599,1.0
-11.0,50,7433.633717,1.0
-9.0,50,7434.195412,1.0
-10.0,50,7434.767299,1.0
-23.0,50,7435.332452,1.0
-27.0,50,7435.894669,1.0
-9.0,50,7436.451692,1.0
-9.0,50,7437.022235,1.0
-11.0,50,7437.581403,1.0
-7.0,50,7438.137314,1.0
-6.0,50,7438.70374,1.0
-10.0,50,7439.287635,1.0
-9.0,50,7439.849461,1.0
-10.0,50,7440.403418,1.0
-8.0,50,7440.957757,1.0
-18.0,50,7441.522821,1.0
-6.0,50,7442.08157,1.0
-25.0,50,7442.640751,1.0
-10.0,50,7443.194449,1.0
-32.0,50,7443.764043,1.0
-11.0,50,7444.321655,1.0
-13.0,50,7444.878306,1.0
-7.0,50,7445.4359,1.0
-12.0,50,7446.005997,1.0
-6.0,50,7446.570723,1.0
-7.0,50,7447.129732,1.0
-12.0,50,7447.689794,1.0
-14.0,50,7448.262005,1.0
-13.0,50,7448.820577,1.0
-12.0,50,7449.3816,1.0
-16.0,50,7449.943963,1.0
-14.0,50,7450.514471,1.0
-13.0,50,7451.072758,1.0
-9.0,50,7451.638133,1.0
0.0,50,7452.192708,1.0
-10.0,50,7452.765753,1.0
-11.0,50,7453.320431,1.0
-13.0,50,7453.880731,1.0
-11.0,50,7454.438821,1.0
-7.0,50,7455.004793,1.0
-9.0,50,7455.567596,1.0
-6.0,50,7456.124659,1.0
-17.0,50,7456.688897,1.0
-15.0,50,7457.255663,1.0
-2.0,50,7457.809353,1.0
-10.0,50,7458.359901,1.0
-6.0,50,7458.919529,1.0
-10.0,50,7459.493896,1.0
-6.0,50,7460.059068,1.0
-9.0,50,7460.615942,1.0
-2.0,50,7461.180044,1.0
-7.0,50,7461.751695,1.0
-15.0,50,7462.313609,1.0
-15.0,50,7462.873703,1.0
-7.0,50,7463.445636,1.0
-5.0,50,7464.024643,1.0
-22.0,50,7464.585977,1.0
-5.0,50,7465.152254,1.0
-18.0,50,7465.713589,1.0
-9.0,50,7466.285689,1.0
-6.0,50,7466.848975,1.0
-18.0,50,7467.415993,1.0
-2.0,50,7467.979508,1.0
-5.0,50,7468.549918,1.0
-17.0,50,7469.112861,1.0
-50.0,50,7469.675242,0.0
-8.0,50,7470.237255,1.0
-18.0,50,7470.809072,1.0
-7.0,50,7471.365433,1.0
-21.0,50,7471.922023,1.0
-8.0,50,7472.475651,1.0
-7.0,50,7473.037775,1.0
-8.0,50,7473.593814,1.0
-11.0,50,7474.149788,1.0
-15.0,50,7474.704563,1.0
-7.0,50,7475.266729,1.0
-6.0,50,7475.823572,1.0
-6.0,50,7476.377914,1.0
-11.0,50,7476.932083,1.0
-9.0,50,7477.49464,1.0
0.0,50,7478.049517,1.0
-8.0,50,7478.610807,1.0
-8.0,50,7479.168756,1.0
-10.0,50,7479.734417,1.0
-4.0,50,7480.293174,1.0
-7.0,50,7480.844865,1.0
-12.0,50,7481.40084,1.0
-13.0,50,7481.967736,1.0
-13.0,50,7482.526556,1.0
-7.0,50,7483.083034,1.0
-7.0,50,7483.637106,1.0
-5.0,50,7484.205991,1.0
-5.0,50,7484.765927,1.0
-10.0,50,7485.318839,1.0
-15.0,50,7485.870951,1.0
-10.0,50,7486.433249,1.0
-11.0,50,7486.992836,1.0
-13.0,50,7487.550551,1.0
-9.0,50,7488.111473,1.0
-7.0,50,7488.675819,1.0
-21.0,50,7489.234253,1.0
-8.0,50,7489.792452,1.0
-10.0,50,7490.346251,1.0
-8.0,50,7490.916108,1.0
-18.0,50,7491.47407,1.0
-9.0,50,7492.030191,1.0
-8.0,50,7492.583218,1.0
-20.0,50,7493.158191,1.0
-9.0,50,7493.720253,1.0
-8.0,50,7494.278266,1.0
-13.0,50,7494.84086,1.0
-9.0,50,7495.423147,1.0
-10.0,50,7495.986542,1.0
-14.0,50,7496.547024,1.0
-8.0,50,7497.099042,1.0
-22.0,50,7497.664897,1.0
-7.0,50,7498.214608,1.0
-15.0,50,7498.76944,1.0
-11.0,50,7499.318786,1.0
-10.0,50,7499.885126,1.0
-14.0,50,7500.452188,1.0
-7.0,50,7501.017545,1.0
-7.0,50,7501.578751,1.0
-14.0,50,7502.157702,1.0
0.0,50,7502.72055,1.0
-10.0,50,7503.2838,1.0
-9.0,50,7503.850912,1.0
-17.0,50,7504.423147,1.0
-9.0,50,7504.988539,1.0
-6.0,50,7505.547214,1.0
-25.0,50,7506.106028,1.0
-7.0,50,7506.674381,1.0
-12.0,50,7507.231856,1.0
-9.0,50,7507.79436,1.0
-9.0,50,7508.359352,1.0
0.0,50,7508.92929,1.0
0.0,50,7509.490907,1.0
-13.0,50,7510.051453,1.0
-8.0,50,7510.608265,1.0
-13.0,50,7511.171146,1.0
-18.0,50,7511.726333,1.0
-4.0,50,7512.28544,1.0
-13.0,50,7512.841029,1.0
0.0,50,7513.404206,1.0
0.0,50,7513.958201,1.0
-8.0,50,7514.512562,1.0
-24.0,50,7515.065318,1.0
-8.0,50,7515.628031,1.0
-20.0,50,7516.181541,1.0
-8.0,50,7516.73903,1.0
-6.0,50,7517.294575,1.0
-9.0,50,7517.860305,1.0
0.0,50,7518.42347,1.0
-9.0,50,7518.981945,1.0
-9.0,50,7519.539855,1.0
-18.0,50,7520.102497,1.0
-11.0,50,7520.656266,1.0
-15.0,50,7521.215655,1.0
-15.0,50,7521.767798,1.0
-9.0,50,7522.336497,1.0
-7.0,50,7522.89519,1.0
-10.0,50,7523.461567,1.0
-18.0,50,7524.022032,1.0
0.0,50,7524.592223,1.0
-7.0,50,7525.146245,1.0
-11.0,50,7525.701424,1.0
-9.0,50,7526.257674,1.0
-10.0,50,7526.823846,1.0
-15.0,50,7527.376283,1.0
-11.0,50,7527.926513,1.0
-26.0,50,7528.476889,1.0
-10.0,50,7529.052611,1.0
-10.0,50,7529.609865,1.0
-11.0,50,7530.165561,1.0
-6.0,50,7530.722519,1.0
-8.0,50,7531.397615,1.0
0.0,50,7531.952465,1.0
-13.0,50,7532.510092,1.0
-10.0,50,7533.069538,1.0
-11.0,50,7533.64335,1.0
-15.0,50,7534.198431,1.0
-12.0,50,7534.756413,1.0
-5.0,50,7535.314903,1.0
-9.0,50,7535.884772,1.0
-5.0,50,7536.445883,1.0
-10.0,50,7537.003954,1.0
-10.0,50,7537.560025,1.0
-4.0,50,7540.346908,1.0
-11.0,50,7540.900818,1.0
-9.0,50,7541.456686,1.0
-11.0,50,7542.01999,1.0
-19.0,50,7542.590496,1.0
-11.0,50,7543.14752,1.0
-14.0,50,7543.702152,1.0
-13.0,50,7544.25567,1.0
-11.0,50,7544.828473,1.0
-11.0,50,7545.38436,1.0
-9.0,50,7545.940983,1.0
-11.0,50,7546.504382,1.0
0.0,50,7547.079618,1.0
-10.0,50,7547.634701,1.0
-11.0,50,7548.193685,1.0
0.0,50,7548.752253,1.0
-6.0,50,7549.323227,1.0
-25.0,50,7549.878453,1.0
-10.0,50,7550.432925,1.0
-7.0,50,7550.992484,1.0
-13.0,50,7551.556929,1.0
0.0,50,7552.109385,1.0
-11.0,50,7552.661649,1.0
-10.0,50,7553.223571,1.0
-17.0,50,7553.798255,1.0
-10.0,50,7554.353224,1.0
-8.0,50,7554.909616,1.0
-2.0,50,7555.468726,1.0
-15.0,50,7556.034436,1.0
-12.0,50,7556.588671,1.0
-9.0,50,7557.151235,1.0
-8.0,50,7557.703906,1.0
-12.0,50,7558.27203,1.0
-10.0,50,7558.83017,1.0
-14.0,50,7559.392058,1.0
-9.0,50,7559.944103,1.0
0.0,50,7560.51289,1.0
-9.0,50,7561.066564,1.0
-5.0,50,7561.618643,1.0
-9.0,50,7562.171597,1.0
0.0,50,7562.736663,1.0
-22.0,50,7563.293574,1.0
-7.0,50,7563.854173,1.0
-6.0,50,7564.407741,1.0
-10.0,50,7564.972641,1.0
-10.0,50,7565.528839,1.0
-6.0,50,7566.081024,1.0
-8.0,50,7566.634653,1.0
-9.0,50,7567.19869,1.0
-10.0,50,7567.751636,1.0
-13.0,50,7568.306756,1.0
-13.0,50,7568.861215,1.0
-13.0,50,7569.425963,1.0
-12.0,50,7569.979482,1.0
-13.0,50,7570.540051,1.0
-11.0,50,7571.095024,1.0
-12.0,50,7571.663013,1.0
0.0,50,7572.223759,1.0
-15.0,50,7572.775453,1.0
0.0,50,7573.331786,1.0
-6.0,50,7573.898992,1.0
-7.0,50,7574.460973,1.0
-19.0,50,7575.017005,1.0
-16.0,50,7575.571647,1.0
-10.0,50,7576.135005,1.0
-13.0,50,7576.688737,1.0
0.0,50,7577.24402,1.0
-15.0,50,7577.796834,1.0
-10.0,50,7578.365096,1.0
-7.0,50,7578.925758,1.0
-29.0,50,7579.477667,1.0
-10.0,50,7580.030503,1.0
-12.0,50,7580.59698,1.0
-14.0,50,7581.148846,1.0
-9.0,50,7581.70094,1.0
0.0,50,7582.260288,1.0
-16.0,50,7582.827826,1.0
-18.0,50,7583.394023,1.0
-11.0,50,7583.954559,1.0
-11.0,50,7584.504883,1.0
-9.0,50,7585.067639,1.0
-11.0,50,7585.623726,1.0
-10.0,50,7586.1796,1.0
-12.0,50,7586.734168,1.0
-17.0,50,7587.305859,0.0
-12.0,50,7587.864746,1.0
-17.0,50,7588.42243,1.0
-8.0,50,7588.982506,1.0
-10.0,50,7589.552915,1.0
-11.0,50,7590.110059,1.0
-13.0,50,7590.671533,1.0
-12.0,50,7591.230656,1.0
-14.0,50,7591.801508,1.0
-14.0,50,7592.364151,1.0
-9.0,50,7592.924773,1.0
-11.0,50,7593.482122,1.0
-7.0,50,7594.052027,1.0
-8.0,50,7594.612138,1.0
-12.0,50,7595.170647,1.0
-9.0,50,7595.736338,1.0
0.0,50,7596.31347,1.0
-7.0,50,7596.876092,1.0
-8.0,50,7597.434874,1.0
-5.0,50,7597.999745,1.0
-28.0,50,7598.579131,1.0
-8.0,50,7599.143118,1.0
-13.0,50,7599.702079,1.0
-9.0,50,7600.267237,1.0
-10.0,50,7600.838942,1.0
-6.0,50,7601.396336,1.0
-15.0,50,7601.953702,1.0
-7.0,50,7602.516469,1.0
-4.0,50,7603.094389,1.0
-20.0,50,7603.654181,1.0
-11.0,50,7604.214741,1.0
-8.0,50,7604.77376,1.0
-10.0,50,7605.341758,1.0
-15.0,50,7605.906141,1.0
-13.0,50,7606.464503,1.0
-10.0,50,7607.026803,1.0
-10.0,50,7607.601795,1.0
-7.0,50,7608.166741,1.0
0.0,50,7608.732087,1.0
0.0,50,7609.291745,1.0
-10.0,50,7609.871071,1.0
-7.0,50,7610.437016,1.0
-9.0,50,7610.998922,1.0
0.0,50,7611.563001,1.0
0.0,50,7612.139083,1.0
-9.0,50,7612.700769,1.0
-8.0,50,7613.277536,1.0
-6.0,50,7613.848549,1.0
0.0,50,7614.42747,1.0
0.0,50,7614.990829,1.0
-10.0,50,7615.556986,1.0
-15.0,50,7616.116198,1.0
-9.0,50,7616.689018,1.0
-9.0,50,7617.257731,1.0
-6.0,50,7617.823113,1.0
-2.0,50,7618.396755,1.0
-23.0,50,7618.97947,1.0
-5.0,50,7619.539613,1.0
-18.0,50,7620.101851,1.0
-10.0,50,7620.66118,1.0
-10.0,50,7621.245368,1.0
-8.0,50,7621.802455,1.0
-11.0,50,7622.358524,1.0
-13.0,50,7622.913319,1.0
-26.0,50,7623.486353,1.0
-13.0,50,7624.042253,1.0
-11.0,50,7624.598533,1.0
-9.0,50,7625.164567,1.0
-7.0,50,7625.734277,1.0
-8.0,50,7626.29112,1.0
-16.0,50,7626.856137,1.0
-13.0,50,7627.415861,1.0
0.0,50,7627.989297,1.0
-10.0,50,7628.548481,1.0
-11.0,50,7629.117364,1.0
-13.0,50,7629.678891,1.0
-50.0,50,7630.249245,0.0
-13.0,50,7630.807534,1.0
-6.0,50,7631.369824,1.0
-13.0,50,7631.93233,1.0
-11.0,50,7632.497365,1.0
-9.0,50,7633.053585,1.0
-15.0,50,7633.614757,1.0
-13.0,50,7634.172082,1.0
-34.0,50,7634.746147,1.0
-6.0,50,7635.308537,1.0
-6.0,50,7635.874706,1.0
-14.0,50,7636.441723,1.0
-8.0,50,7637.017567,1.0
-9.0,50,7637.584349,1.0
-8.0,50,7638.152418,1.0
-10.0,50,7638.701188,1.0
-7.0,50,7639.262988,1.0
-8.0,50,7639.814477,1.0
-3.0,50,7640.370139,1.0
-9.0,50,7640.929501,1.0
0.0,50,7641.506708,1.0
-8.0,50,7642.06969,1.0
-14.0,50,7642.626733,1.0
-6.0,50,7643.20107,1.0
-14.0,50,7643.782602,1.0
-48.0,50,7644.348527,0.0
-11.0,50,7644.917254,1.0
-10.0,50,7645.485451,1.0
-11.0,50,7646.060413,1.0
-15.0,50,7646.630116,1.0
-11.0,50,7647.191022,1.0
-11.0,50,7647.751991,1.0
-29.0,50,7648.32385,1.0
-12.0,50,7648.889437,1.0
-9.0,50,7649.456715,1.0
-9.0,50,7650.029117,1.0
-16.0,50,7650.601131,1.0
-7.0,50,7651.166568,1.0
-12.0,50,7651.728529,1.0
-9.0,50,7652.290851,1.0
-17.0,50,7655.179163,1.0
-19.0,50,7655.739866,1.0
-7.0,50,7656.307881,1.0
-6.0,50,7656.875441,1.0
-8.0,50,7657.454976,1.0
0.0,50,7658.018636,1.0
-11.0,50,7658.581999,1.0
-12.0,50,7659.142098,1.0
-9.0,50,7659.71372,1.0
-23.0,50,7660.283541,1.0
-4.0,50,7660.851734,1.0
-18.0,50,7661.411716,1.0
-12.0,50,7661.983641,1.0
-8.0,50,7662.54434,1.0
-4.0,50,7663.110685,1.0
-20.0,50,7663.672698,1.0
-8.0,50,7664.253155,1.0
-21.0,50,7664.819684,1.0
0.0,50,7665.3888,1.0
-5.0,50,7665.947716,1.0
-6.0,50,7666.520957,1.0
-15.0,50,7667.087141,1.0
-9.0,50,7667.648701,1.0
-3.0,50,7668.219403,1.0
-12.0,50,7668.793027,1.0
0.0,50,7669.353327,1.0
-9.0,50,7669.913079,1.0
-12.0,50,7670.476611,1.0
-5.0,50,7671.04799,1.0
-15.0,50,7671.609595,1.0
-16.0,50,7672.170706,1.0
-10.0,50,7672.726982,1.0
-3.0,50,7673.310845,1.0
-12.0,50,7673.873643,1.0
-8.0,50,7674.446308,1.0
-17.0,50,7675.021539,1.0
-13.0,50,7675.607164,1.0
-20.0,50,7676.180334,1.0
-16.0,50,7676.753712,1.0
-11.0,50,7677.325926,1.0
-13.0,50,7677.913814,1.0
-5.0,50,7678.487435,1.0
-10.0,50,7679.059478,1.0
-10.0,50,7679.628762,1.0
-7.0,50,7680.215669,1.0
-3.0,50,7680.791327,1.0
-9.0,50,7681.362103,1.0
0.0,50,7681.934067,1.0
0.0,50,7682.512681,1.0
-11.0,50,7683.080482,1.0
-7.0,50,7683.639764,1.0
-9.0,50,7684.203086,1.0
-9.0,50,7684.780381,1.0
-10.0,50,7685.347336,1.0
-19.0,50,7685.920217,1.0
-10.0,50,7686.488713,1.0
-6.0,50,7687.0675,1.0
-19.0,50,7687.633418,1.0
-16.0,50,7688.204438,1.0
-11.0,50,7688.77294,1.0
-6.0,50,7689.351959,1.0
-50.0,50,7689.914763,0.0
0.0,50,7690.478219,1.0
-18.0,50,7691.041847,1.0
-11.0,50,7691.614105,1.0
-12.0,50,7692.177171,1.0
-14.0,50,7692.744038,1.0
-17.0,50,7693.31014,1.0
-7.0,50,7693.883394,1.0
-8.0,50,7694.443865,1.0
-8.0,50,7695.013085,1.0
0.0,50,7695.577869,1.0
-9.0,50,7696.151003,1.0
-23.0,50,7696.71838,1.0
-10.0,50,7697.286032,1.0
-5.0,50,7697.850975,1.0
-13.0,50,7698.409944,1.0
-14.0,50,7698.961128,1.0
-12.0,50,7699.518112,1.0
-12.0,50,7700.067034,1.0
-6.0,50,7700.633443,1.0
-9.0,50,7701.188987,1.0
-7.0,50,7701.737632,1.0
-11.0,50,7702.281528,1.0
-8.0,50,7702.84078,1.0
-8.0,50,7703.397556,1.0
-8.0,50,7703.952582,1.0
-12.0,50,7704.50066,1.0
-16.0,50,7705.059558,1.0
-5.0,50,7705.613811,1.0
-7.0,50,7706.160899,1.0
-8.0,50,7706.715381,1.0
-12.0,50,7707.288067,1.0
-8.0,50,7707.844695,1.0
-9.0,50,7708.395998,1.0
-10.0,50,7708.945947,1.0
-9.0,50,7709.510171,1.0
-4.0,50,7710.062942,1.0
-13.0,50,7710.614876,1.0
-5.0,50,7711.167948,1.0
-11.0,50,7711.730976,1.0
-8.0,50,7712.281849,1.0
-11.0,50,7712.83129,1.0
-18.0,50,7713.375911,1.0
-11.0,50,7713.934848,1.0
-11.0,50,7714.486401,1.0
-17.0,50,7715.03833,1.0
-8.0,50,7715.587085,1.0
-9.0,50,7716.149161,1.0
-12.0,50,7716.697193,1.0
-13.0,50,7717.241946,1.0
-12.0,50,7717.793308,1.0
-6.0,50,7718.35376,1.0
-9.0,50,7718.908339,1.0
-16.0,50,7719.46136,1.0
-10.0,50,7720.011083,1.0
-4.0,50,7720.569516,1.0
-7.0,50,7721.121222,1.0
-18.0,50,7721.670927,1.0
-11.0,50,7722.220017,1.0
-14.0,50,7722.781005,1.0
-11.0,50,7723.329065,1.0
-10.0,50,7723.883737,1.0
-13.0,50,7724.434472,1.0
-15.0,50,7724.997372,1.0
-11.0,50,7725.552184,1.0
-8.0,50,7726.108281,1.0
-15.0,50,7726.66408,1.0
-7.0,50,7727.231478,1.0
-4.0,50,7727.785159,1.0
-25.0,50,7728.345623,1.0
-9.0,50,7728.905631,1.0
-12.0,50,7729.469479,1.0
0.0,50,7730.020592,1.0
-9.0,50,7730.573683,1.0
-11.0,50,7731.127239,1.0
-10.0,50,7731.696665,1.0
-10.0,50,7732.259565,1.0
-5.0,50,7732.815325,1.0
-6.0,50,7733.377684,1.0
0.0,50,7733.947969,1.0
-16.0,50,7734.50538,1.0
-10.0,50,7735.065218,1.0
-10.0,50,7735.623505,1.0
-11.0,50,7736.192582,1.0
-4.0,50,7736.749717,1.0
-11.0,50,7737.30913,1.0
-21.0,50,7737.866549,1.0
-12.0,50,7738.428164,1.0
-15.0,50,7738.984437,1.0
-11.0,50,7739.544006,1.0
-8.0,50,7740.092441,1.0
-15.0,50,7740.66639,1.0
-15.0,50,7741.234867,1.0
-18.0,50,7741.795054,1.0
-6.0,50,7742.368678,1.0
-13.0,50,7742.938257,1.0
-9.0,50,7743.496695,1.0
-15.0,50,7744.055396,1.0
-12.0,50,7744.614161,1.0
-8.0,50,7745.189737,1.0
-10.0,50,7745.762892,1.0
-9.0,50,7746.325172,1.0
-9.0,50,7746.889496,1.0
-7.0,50,7747.464941,1.0
-10.0,50,7748.03184,1.0
-9.0,50,7748.600891,1.0
-16.0,50,7749.162152,1.0
0.0,50,7749.728483,1.0
-14.0,50,7750.288406,1.0
0.0,50,7750.845983,1.0
-8.0,50,7751.401224,1.0
-8.0,50,7751.973204,1.0
-8.0,50,7752.536656,1.0
-5.0,50,7753.105091,1.0
-20.0,50,7753.669532,1.0
-48.0,50,7754.241493,0.0
-9.0,50,7754.801313,1.0
-6.0,50,7755.361089,1.0
-6.0,50,7755.919664,1.0
-3.0,50,7756.493391,1.0
-8.0,50,7757.061686,1.0
-50.0,50,7757.631569,0.0
-13.0,50,7758.198412,1.0
-10.0,50,7758.786229,1.0
-12.0,50,7759.351039,1.0
-10.0,50,7759.909938,1.0
-9.0,50,7760.466712,1.0
-10.0,50,7761.039137,1.0
-11.0,50,7761.601783,1.0
-13.0,50,7762.166009,1.0
-13.0,50,7762.728732,1.0
-10.0,50,7763.323179,1.0
-4.0,50,7763.892827,1.0
-6.0,50,7764.462358,1.0
-5.0,50,7765.018802,1.0
-9.0,50,7765.594771,1.0
-7.0,50,7766.158098,1.0
-17.0,50,7766.724054,1.0
-14.0,50,7767.28475,1.0
-16.0,50,7770.137542,1.0
-8.0,50,7770.692568,1.0
-13.0,50,7771.249508,1.0
-12.0,50,7771.800465,1.0
-7.0,50,7772.36679,1.0
-8.0,50,7772.925387,1.0
-10.0,50,7773.480678,1.0
-7.0,50,7774.037032,1.0
-50.0,50,7774.603948,0.0
-10.0,50,7775.157678,1.0
-10.0,50,7775.71678,1.0
-6.0,50,7776.276946,1.0
-8.0,50,7776.842238,1.0
-11.0,50,7777.39989,1.0
-11.0,50,7777.961735,1.0
-5.0,50,7778.514534,1.0
-9.0,50,7779.079968,1.0
-9.0,50,7779.642058,1.0
-9.0,50,7780.203617,1.0
-11.0,50,7780.756597,1.0
0.0,50,7781.320473,1.0
-11.0,50,7781.87991,1.0
-6.0,50,7782.434547,1.0
-7.0,50,7782.991699,1.0
-11.0,50,7783.556809,1.0
-7.0,50,7784.116205,1.0
-9.0,50,7784.674755,1.0
0.0,50,7785.230012,1.0
-7.0,50,7785.792686,1.0
-7.0,50,7786.350127,1.0
-5.0,50,7786.903882,1.0
-9.0,50,7787.462056,1.0
-9.0,50,7788.031848,1.0
-12.0,50,7788.586734,1.0
0.0,50,7789.137827,1.0
-10.0,50,7789.701646,1.0
-10.0,50,7790.27399,1.0
-15.0,50,7790.831864,1.0
-8.0,50,7791.3914,1.0
-7.0,50,7791.946847,1.0
-11.0,50,7792.515564,1.0
-6.0,50,7793.084847,1.0
-15.0,50,7793.647541,1.0
-17.0,50,7794.215935,1.0
-10.0,50,7794.784429,1.0
-22.0,50,7795.338583,1.0
-13.0,50,7795.894387,1.0
-7.0,50,7796.457659,1.0
-26.0,50,7797.02946,1.0
-8.0,50,7797.589441,1.0
-14.0,50,7798.150594,1.0
-9.0,50,7798.706328,1.0
-6.0,50,7799.406782,1.0
-12.0,50,7799.967128,1.0
-14.0,50,7800.525386,1.0
-48.0,50,7801.080584,0.0
-11.0,50,7801.657143,1.0
-15.0,50,7802.216578,1.0
-8.0,50,7802.77473,1.0
-32.0,50,7803.340948,1.0
-14.0,50,7803.915441,1.0
-8.0,50,7804.476732,1.0
-8.0,50,7805.037322,1.0
-8.0,50,7805.592307,1.0
0.0,50,7806.161237,1.0
-11.0,50,7806.717105,1.0
-8.0,50,7807.275282,1.0
-7.0,50,7807.835734,1.0
-16.0,50,7808.416371,1.0
-13.0,50,7808.980584,1.0
0.0,50,7809.538868,1.0
-6.0,50,7810.096036,1.0
-9.0,50,7810.674259,1.0
-12.0,50,7811.236596,1.0
-7.0,50,7811.792936,1.0
-7.0,50,7812.348984,1.0
-8.0,50,7812.929682,1.0
-13.0,50,7813.48425,1.0
-20.0,50,7814.042472,1.0
-8.0,50,7814.604069,1.0
-9.0,50,7815.179209,1.0
-11.0,50,7815.732267,1.0
-9.0,50,7816.294406,1.0
-15.0,50,7816.852696,1.0
-50.0,50,7817.433784,0.0
-13.0,50,7817.9892,1.0
-11.0,50,7818.541979,1.0
-17.0,50,7819.101886,1.0
-5.0,50,7819.683466,1.0
-11.0,50,7820.242271,1.0
-18.0,50,7820.79685,1.0
-50.0,50,7821.358211,0.0
-13.0,50,7821.941427,1.0
-12.0,50,7822.497421,1.0
0.0,50,7823.055019,1.0
-11.0,50,7823.619375,1.0
-10.0,50,7824.194599,1.0
-9.0,50,7824.756646,1.0
-9.0,50,7825.315592,1.0
-9.0,50,7825.872983,1.0
-14.0,50,7826.45186,1.0
-13.0,50,7827.01003,1.0
-5.0,50,7827.571764,1.0
-19.0,50,7828.129006,1.0
-14.0,50,7828.709012,1.0
-8.0,50,7829.267927,1.0
-5.0,50,7829.824074,1.0
-5.0,50,7830.386802,1.0
-14.0,50,7830.979123,1.0
0.0,50,7831.534759,1.0
-11.0,50,7832.089007,1.0
-16.0,50,7832.644988,1.0
-11.0,50,7833.227534,1.0
-12.0,50,7833.782295,1.0
-23.0,50,7834.343513,1.0
-8.0,50,7834.899379,1.0
-13.0,50,7835.481679,1.0
0.0,50,7836.034578,1.0
0.0,50,7836.588837,1.0
-8.0,50,7837.145509,1.0
-8.0,50,7837.716108,1.0
-17.0,50,7838.269627,1.0
-8.0,50,7838.827601,1.0
-11.0,50,7839.393199,1.0
-7.0,50,7839.976396,1.0
0.0,50,7840.534959,1.0
-31.0,50,7841.101378,1.0
-10.0,50,7841.659888,1.0
-6.0,50,7842.245175,1.0
-13.0,50,7842.80816,1.0
-10.0,50,7843.370893,1.0
-10.0,50,7843.928425,1.0
-8.0,50,7844.50448,1.0
-13.0,50,7845.067991,1.0
-8.0,50,7845.627095,1.0
-14.0,50,7846.18509,1.0
-11.0,50,7846.761842,1.0
-19.0,50,7847.322152,1.0
-22.0,50,7847.882544,1.0
-5.0,50,7848.441808,1.0
-12.0,50,7849.022526,1.0
-11.0,50,7849.580949,1.0
-13.0,50,7850.13692,1.0
-5.0,50,7850.695307,1.0
-14.0,50,7851.27325,1.0
-9.0,50,7851.833316,1.0
-11.0,50,7852.3956,1.0
-8.0,50,7852.952777,1.0
-12.0,50,7853.539141,1.0
-6.0,50,7854.106102,1.0
-11.0,50,7854.671895,1.0
0.0,50,7855.23495,1.0
-10.0,50,7855.819121,1.0
-11.0,50,7856.385082,1.0
-11.0,50,7856.949777,1.0
-11.0,50,7857.517557,1.0
-10.0,50,7858.093917,1.0
-8.0,50,7858.664299,1.0
-13.0,50,7859.22787,1.0
-15.0,50,7859.798755,1.0
-10.0,50,7860.378137,1.0
-10.0,50,7860.943216,1.0
-16.0,50,7861.510269,1.0
-9.0,50,7862.075634,1.0
-15.0,50,7862.662405,1.0
-12.0,50,7863.232068,1.0
-10.0,50,7863.797646,1.0
-12.0,50,7864.355527,1.0
-15.0,50,7864.931555,1.0
-21.0,50,7865.497009,1.0
-15.0,50,7866.059013,1.0
-7.0,50,7866.622562,1.0
-7.0,50,7867.198104,1.0
-8.0,50,7867.762607,1.0
-8.0,50,7868.328202,1.0
-4.0,50,7868.894412,1.0
-14.0,50,7869.47359,1.0
-18.0,50,7870.032498,1.0
-16.0,50,7870.599569,1.0
-7.0,50,7871.166685,1.0
-8.0,50,7871.747062,1.0
-13.0,50,7872.310652,1.0
-15.0,50,7872.875536,1.0
-5.0,50,7873.43668,1.0
0.0,50,7874.009673,1.0
-8.0,50,7874.574868,1.0
-6.0,50,7875.137194,1.0
-8.0,50,7875.70624,1.0
-8.0,50,7876.284145,1.0
-4.0,50,7876.854167,1.0
-7.0,50,7877.430425,1.0
-5.0,50,7877.993836,1.0
-12.0,50,7878.570065,1.0
-13.0,50,7879.136368,1.0
-11.0,50,7879.694663,1.0
-11.0,50,7880.249511,1.0
-12.0,50,7880.813684,1.0
-17.0,50,7881.368597,1.0
-13.0,50,7881.925402,1.0
-4.0,50,7882.482517,1.0
-10.0,50,7885.374039,1.0
-9.0,50,7885.926675,1.0
-10.0,50,7886.482788,1.0
-10.0,50,7887.042869,1.0
-2.0,50,7887.615681,1.0
-11.0,50,7888.174981,1.0
-14.0,50,7888.740053,1.0
-11.0,50,7889.295741,1.0
-50.0,50,7889.862753,0.0
-7.0,50,7890.421963,1.0
-6.0,50,7890.983134,1.0
-8.0,50,7891.54275,1.0
-10.0,50,7892.112703,1.0
-9.0,50,7892.673067,1.0
-2.0,50,7893.241328,1.0
0.0,50,7893.80387,1.0
-11.0,50,7894.384061,1.0
-14.0,50,7894.949155,1.0
-10.0,50,7895.516847,1.0
-5.0,50,7896.079367,1.0
-30.0,50,7896.657471,1.0
-9.0,50,7897.229888,1.0
-21.0,50,7897.799703,1.0
-15.0,50,7898.364636,1.0
-13.0,50,7898.944835,1.0
0.0,50,7899.503771,1.0
-10.0,50,7900.06887,1.0
-26.0,50,7900.633864,1.0
-13.0,50,7901.216036,1.0
-9.0,50,7901.77096,1.0
-14.0,50,7902.321697,1.0
-8.0,50,7902.874066,1.0
0.0,50,7903.438493,1.0
-11.0,50,7903.983757,1.0
-14.0,50,7904.533801,1.0
-22.0,50,7905.083208,1.0
-9.0,50,7905.659023,0.0
-15.0,50,7906.214653,1.0
-5.0,50,7906.77142,1.0
-6.0,50,7907.326891,1.0
-9.0,50,7907.910753,1.0
-18.0,50,7908.471171,1.0
-18.0,50,7909.028247,1.0
-16.0,50,7909.590485,1.0
-11.0,50,7910.166033,1.0
-17.0,50,7910.725322,1.0
-7.0,50,7911.283778,1.0
-8.0,50,7911.838237,1.0
-12.0,50,7912.420429,1.0
-14.0,50,7912.979352,1.0
-15.0,50,7913.541642,1.0
-13.0,50,7914.099473,1.0
-11.0,50,7914.666772,1.0
-10.0,50,7915.2223,1.0
-27.0,50,7915.772376,1.0
-6.0,50,7916.320662,1.0
-13.0,50,7916.891948,1.0
-15.0,50,7917.447372,1.0
-10.0,50,7918.001883,1.0
-7.0,50,7918.558039,1.0
-11.0,50,7919.128948,1.0
-10.0,50,7919.687276,1.0
-12.0,50,7920.242483,1.0
-8.0,50,7920.790932,1.0
-13.0,50,7921.363962,1.0
-9.0,50,7921.914028,1.0
-6.0,50,7922.468575,1.0
-9.0,50,7923.02239,1.0
-14.0,50,7923.595015,1.0
0.0,50,7924.146183,1.0
-16.0,50,7924.704044,1.0
-9.0,50,7925.255975,1.0
-8.0,50,7925.822017,1.0
-13.0,50,7926.37628,1.0
-9.0,50,7926.925833,1.0
-8.0,50,7927.472656,1.0
0.0,50,7928.04692,1.0
-12.0,50,7928.599104,1.0
-7.0,50,7929.152228,1.0
-16.0,50,7929.711388,1.0
-11.0,50,7930.286596,1.0
-10.0,50,7930.838954,1.0
-6.0,50,7931.396456,1.0
-9.0,50,7931.9542,1.0
-11.0,50,7932.523615,1.0
-8.0,50,7933.077114,1.0
-14.0,50,7933.63379,1.0
-13.0,50,7934.189155,1.0
-9.0,50,7934.760522,1.0
-12.0,50,7935.312835,1.0
-8.0,50,7935.863819,1.0
0.0,50,7936.409529,1.0
0.0,50,7936.984755,1.0
-14.0,50,7937.544147,1.0
-6.0,50,7938.097248,1.0
-8.0,50,7938.653178,1.0
-25.0,50,7939.223591,1.0
-5.0,50,7939.780221,1.0
-4.0,50,7940.339319,1.0
-16.0,50,7940.893552,1.0
-15.0,50,7941.457012,1.0
-9.0,50,7942.008159,1.0
-11.0,50,7942.56092,1.0
-15.0,50,7943.110183,1.0
-50.0,50,7943.687212,0.0
-11.0,50,7944.243956,1.0
-7.0,50,7944.794293,1.0
-11.0,50,7945.343065,1.0
-7.0,50,7945.908153,1.0
-19.0,50,7946.460153,1.0
-10.0,50,7947.016084,1.0
0.0,50,7947.574875,1.0
0.0,50,7948.137142,1.0
-5.0,50,7948.684381,1.0
-9.0,50,7949.235162,1.0
-21.0,50,7949.786196,1.0
-8.0,50,7950.346128,1.0
-11.0,50,7950.901213,1.0
-8.0,50,7951.455445,1.0
-10.0,50,7952.006246,1.0
-13.0,50,7952.570307,1.0
-10.0,50,7953.122361,1.0
-11.0,50,7953.674922,1.0
0.0,50,7954.227136,1.0
-19.0,50,7954.792288,1.0
-11.0,50,7955.350857,1.0
-11.0,50,7955.907089,1.0
-7.0,50,7956.464728,1.0
-14.0,50,7957.030767,1.0
-6.0,50,7957.581626,1.0
-13.0,50,7958.136079,1.0
-9.0,50,7958.688099,1.0
0.0,50,7959.255964,1.0
-12.0,50,7959.812223,1.0
-6.0,50,7960.36833,1.0
-10.0,50,7960.924469,1.0
-9.0,50,7961.494647,1.0
-9.0,50,7962.055653,1.0
-9.0,50,7962.608234,1.0
-12.0,50,7963.161784,1.0
-24.0,50,7963.736821,1.0
-8.0,50,7964.301364,1.0
-7.0,50,7964.858469,1.0
-13.0,50,7965.418813,1.0
-10.0,50,7965.983743,1.0
-9.0,50,7966.541465,1.0
-39.0,50,7967.097885,1.0
0.0,50,7967.657441,1.0
-11.0,50,7968.224707,1.0
-12.0,50,7968.778567,1.0
-35.0,50,7969.330606,1.0
-6.0,50,7969.884845,1.0
-16.0,50,7970.444539,1.0
-19.0,50,7970.997523,1.0
-15.0,50,7971.545416,0.0
-8.0,50,7972.098775,1.0
-8.0,50,7972.667694,1.0
-21.0,50,7973.220255,1.0
-18.0,50,7973.771631,1.0
-6.0,50,7974.324047,1.0
-7.0,50,7974.892167,1.0
-6.0,50,7975.4403,1.0
-8.0,50,7975.989714,1.0
-4.0,50,7976.54079,1.0
-10.0,50,7977.10111,1.0
-10.0,50,7977.651124,1.0
-6.0,50,7978.197826,1.0
-15.0,50,7978.750525,1.0
-9.0,50,7979.317043,1.0
-13.0,50,7979.869815,1.0
-12.0,50,7980.420392,1.0
-8.0,50,7980.970518,1.0
-5.0,50,7981.538898,1.0
-15.0,50,7982.094504,1.0
-9.0,50,7982.648803,1.0
-6.0,50,7983.208209,1.0
-12.0,50,7983.759692,1.0
-11.0,50,7984.284868,1.0
0.0,50,7984.810455,1.0
-18.0,50,7985.330512,1.0
-14.0,50,7986.409784,1.0
-3.0,50,7987.621029,1.0
0.0,50,7988.829934,1.0
-12.0,50,7990.040175,1.0
-15.0,50,7991.35411,1.0
-8.0,50,7992.609385,1.0
-10.0,50,7993.810366,1.0
-7.0,50,7995.005032,1.0
-11.0,50,7996.211107,1.0
-11.0,50,7997.410252,1.0
-9.0,50,7998.614763,1.0
-12.0,50,7999.817474,1.0
-10.0,50,8001.032736,1.0
-9.0,50,8002.266026,1.0
-9.0,50,8003.480902,1.0
0.0,50,8004.707614,1.0
-13.0,50,8005.946668,1.0
-8.0,50,8007.14296,1.0
-8.0,50,8008.334547,1.0
-5.0,50,8009.544031,1.0
-13.0,50,8016.199267,1.0
-12.0,50,8017.394549,1.0
-11.0,50,8018.590077,1.0
-12.0,50,8019.780875,1.0
-21.0,50,8021.004023,1.0
-9.0,50,8022.214174,1.0
-10.0,50,8023.42321,1.0
-11.0,50,8024.617096,1.0
-8.0,50,8025.844629,1.0
-10.0,50,8027.041934,1.0
-11.0,50,8028.252476,1.0
-10.0,50,8029.470739,1.0
0.0,50,8030.706727,1.0
-9.0,50,8031.915848,1.0
-8.0,50,8033.10597,1.0
-6.0,50,8034.317616,1.0
-10.0,50,8035.540401,1.0
-16.0,50,8036.730621,1.0
-12.0,50,8037.924558,1.0
-15.0,50,8039.122815,1.0
-6.0,50,8040.334051,1.0
-11.0,50,8041.530005,1.0
0.0,50,8042.728441,1.0
-9.0,50,8043.923743,1.0
-10.0,50,8045.143139,1.0
-12.0,50,8046.348526,1.0
-25.0,50,8047.546997,1.0
-7.0,50,8048.739249,1.0
-9.0,50,8049.95248,1.0
-9.0,50,8051.163924,1.0
-3.0,50,8052.366641,1.0
-8.0,50,8053.561541,1.0
-11.0,50,8054.766909,1.0
-10.0,50,8055.971962,1.0
0.0,50,8057.177452,1.0
-8.0,50,8058.375729,1.0
-22.0,50,8059.585964,1.0
-7.0,50,8060.788242,1.0
-6.0,50,8061.982533,1.0
-7.0,50,8063.196409,1.0
-8.0,50,8064.418704,1.0
-13.0,50,8065.631942,1.0
-8.0,50,8066.830612,1.0
-10.0,50,8068.029671,1.0
-10.0,50,8069.257008,1.0
-10.0,50,8070.457633,1.0
-9.0,50,8071.653232,1.0
-6.0,50,8072.852889,1.0
-8.0,50,8074.065145,1.0
-16.0,50,8075.268122,1.0
-6.0,50,8076.464183,1.0
-10.0,50,8077.665068,1.0
-12.0,50,8078.880211,1.0
-11.0,50,8080.074454,1.0
-16.0,50,8081.279827,1.0
-6.0,50,8082.483666,1.0
-25.0,50,8083.697899,1.0
-11.0,50,8084.905218,1.0
-3.0,50,8086.115835,1.0
-3.0,50,8087.310534,1.0
-8.0,50,8088.524239,1.0
-4.0,50,8089.721019,1.0
-9.0,50,8090.913699,1.0
-9.0,50,8092.138322,1.0
-10.0,50,8093.364335,1.0
-12.0,50,8094.606744,1.0
-15.0,50,8095.843135,1.0
-12.0,50,8097.056412,1.0
-12.0,50,8098.286391,1.0
-10.0,50,8099.51319,1.0
-15.0,50,8100.718476,1.0
-27.0,50,8101.919727,1.0
-5.0,50,8103.127506,1.0
-16.0,50,8104.328644,1.0
0.0,50,8105.521289,1.0
-11.0,50,8106.733787,1.0
-11.0,50,8107.954582,1.0
-10.0,50,8109.148207,1.0
-18.0,50,8110.343459,0.0
-9.0,50,8111.53741,1.0
-11.0,50,8112.755906,1.0
-10.0,50,8113.951764,1.0
-12.0,50,8115.148775,1.0
-9.0,50,8116.361322,1.0
-16.0,50,8117.602683,1.0
-9.0,50,8118.801,1.0
0.0,50,8119.994471,1.0
-12.0,50,8121.201393,1.0
-7.0,50,8122.416526,1.0
-15.0,50,8123.608706,1.0
-12.0,50,8124.818035,1.0
-9.0,50,8126.000255,1.0
-7.0,50,8127.207777,1.0
-12.0,50,8128.397086,1.0
0.0,50,8129.584804,1.0
-21.0,50,8130.790653,1.0
-27.0,50,8131.998329,1.0
-3.0,50,8133.195102,1.0
-12.0,50,8134.38117,1.0
-11.0,50,8135.580969,1.0
-21.0,50,8136.791314,1.0
-10.0,50,8137.980502,1.0
-6.0,50,8139.164149,1.0
-9.0,50,8140.356917,1.0
-9.0,50,8141.558186,1.0
-12.0,50,8142.766875,1.0
-13.0,50,8143.958628,1.0
-13.0,50,8145.148851,1.0
-8.0,50,8146.356179,1.0
-5.0,50,8147.571629,1.0
-6.0,50,8148.797141,1.0
-4.0,50,8150.032027,1.0
-6.0,50,8151.261811,1.0
-18.0,50,8152.481181,1.0
-9.0,50,8153.711508,1.0
0.0,50,8154.951494,1.0
-8.0,50,8156.195514,1.0
-9.0,50,8157.412084,1.0
-6.0,50,8158.62599,1.0
-14.0,50,8159.845948,1.0
-10.0,50,8161.08219,1.0
-11.0,50,8162.289328,1.0
-4.0,50,8163.48389,1.0
-10.0,50,8164.686842,1.0
-11.0,50,8165.89274,1.0
-9.0,50,8167.094784,1.0
0.0,50,8168.29003,1.0
-7.0,50,8169.483532,1.0
-9.0,50,8170.688917,1.0
-11.0,50,8171.892091,1.0
-23.0,50,8173.093148,1.0
-18.0,50,8174.297108,1.0
-7.0,50,8175.507714,1.0
-10.0,50,8176.705065,1.0
-15.0,50,8177.912361,1.0
-11.0,50,8179.120222,1.0
-29.0,50,8180.341331,1.0
-7.0,50,8181.555843,1.0
-19.0,50,8182.761596,1.0
-47.0,50,8183.956853,0.0
-11.0,50,8185.181774,1.0
-12.0,50,8186.381519,1.0
-11.0,50,8187.580997,1.0
0.0,50,8188.776632,1.0
-6.0,50,8189.987281,1.0
-9.0,50,8191.188077,1.0
-8.0,50,8192.384938,1.0
-8.0,50,8193.597362,1.0
-13.0,50,8194.807705,1.0
-8.0,50,8196.006279,1.0
-4.0,50,8197.202248,1.0
-16.0,50,8198.411702,1.0
-18.0,50,8199.626133,1.0
-13.0,50,8200.82977,1.0
-15.0,50,8202.033099,1.0
-9.0,50,8203.235152,1.0
-13.0,50,8204.446306,1.0
-8.0,50,8205.636807,1.0
-12.0,50,8206.830062,1.0
-10.0,50,8208.021031,1.0
0.0,50,8209.225893,1.0
-17.0,50,8210.427243,1.0
-6.0,50,8211.633612,1.0
-10.0,50,8212.832987,1.0
-8.0,50,8214.044147,1.0
-5.0,50,8215.270832,1.0
-11.0,50,8216.487932,1.0
-12.0,50,8217.679639,1.0
-9.0,50,8218.906775,1.0
-12.0,50,8220.114462,1.0
-9.0,50,8221.309867,1.0
-18.0,50,8222.508619,1.0
-15.0,50,8223.708072,1.0
-11.0,50,8224.897189,1.0
-10.0,50,8226.088551,1.0
-7.0,50,8227.283648,1.0
-5.0,50,8228.484367,1.0
-28.0,50,8229.68487,1.0
-8.0,50,8230.883607,1.0
-8.0,50,8232.075234,1.0
0.0,50,8233.278017,1.0
-13.0,50,8234.475055,1.0
-15.0,50,8235.677163,1.0
0.0,50,8236.880885,1.0
-11.0,50,8238.094766,1.0
-7.0,50,8239.276566,1.0
-6.0,50,8240.462947,1.0
-14.0,50,8241.656446,1.0
-8.0,50,8242.86868,1.0
0.0,50,8244.056111,1.0
-9.0,50,8245.25846,1.0
-9.0,50,8246.448326,1.0
-6.0,50,8247.651561,1.0
-18.0,50,8248.846265,1.0
-18.0,50,8250.038146,1.0
-7.0,50,8251.22395,1.0
-10.0,50,8252.450547,1.0
-6.0,50,8253.642045,1.0
-10.0,50,8254.831496,1.0
-10.0,50,8256.030263,1.0
-7.0,50,8262.605224,1.0
-9.0,50,8263.810652,1.0
-13.0,50,8264.994116,1.0
-11.0,50,8266.184514,1.0
-13.0,50,8267.394083,1.0
-7.0,50,8268.582938,1.0
-7.0,50,8269.790118,1.0
-14.0,50,8270.989072,1.0
-11.0,50,8272.205307,1.0
-11.0,50,8273.415499,1.0
-10.0,50,8274.6145,1.0
-8.0,50,8275.8053,1.0
-8.0,50,8277.006749,1.0
-16.0,50,8278.199033,1.0
-11.0,50,8279.387485,1.0
-5.0,50,8280.582641,1.0
-9.0,50,8281.794912,1.0
-12.0,50,8282.987956,1.0
-4.0,50,8284.184558,1.0
-7.0,50,8285.381245,1.0
-9.0,50,8286.584597,1.0
-5.0,50,8287.775701,1.0
-4.0,50,8288.969735,1.0
-5.0,50,8290.163939,1.0
-22.0,50,8291.36199,1.0
-12.0,50,8292.547573,1.0
-15.0,50,8293.739502,1.0
0.0,50,8294.955217,1.0
-9.0,50,8296.204251,1.0
-8.0,50,8297.416037,1.0
-10.0,50,8298.643721,1.0
-16.0,50,8299.861248,1.0
-13.0,50,8301.060684,1.0
-7.0,50,8302.259262,1.0
-9.0,50,8303.45842,1.0
-11.0,50,8304.682979,1.0
-12.0,50,8305.894039,1.0
-8.0,50,8307.087793,1.0
-2.0,50,8308.305944,1.0
-10.0,50,8309.524702,1.0
-5.0,50,8310.754307,1.0
-5.0,50,8311.964514,1.0
-7.0,50,8313.15459,1.0
-13.0,50,8314.351894,1.0
-8.0,50,8315.570121,1.0
-12.0,50,8316.769526,1.0
-12.0,50,8317.964621,1.0
-5.0,50,8319.154546,1.0
-5.0,50,8320.373889,1.0
-16.0,50,8321.57566,1.0
-6.0,50,8322.767628,1.0
-10.0,50,8323.961471,1.0
-23.0,50,8325.172245,1.0
-10.0,50,8326.369402,1.0
-9.0,50,8327.570043,1.0
-24.0,50,8328.770916,1.0
-6.0,50,8329.980232,1.0
-11.0,50,8331.178726,1.0
-9.0,50,8332.383132,1.0
-28.0,50,8333.579737,1.0
-13.0,50,8334.794042,1.0
-10.0,50,8335.985132,1.0
-40.0,50,8337.179038,0.0
-9.0,50,8338.382483,1.0
-16.0,50,8339.605061,1.0
-8.0,50,8340.808176,1.0
-16.0,50,8342.020847,1.0
-13.0,50,8343.218855,1.0
-4.0,50,8344.426451,1.0
-3.0,50,8345.631148,1.0
-6.0,50,8346.831075,1.0
-8.0,50,8348.022545,1.0
-32.0,50,8349.234864,1.0
-12.0,50,8350.437581,1.0
-11.0,50,8351.644771,1.0
0.0,50,8352.844823,1.0
-16.0,50,8354.056318,1.0
-24.0,50,8355.251669,1.0
-13.0,50,8356.450481,1.0
-10.0,50,8357.641899,1.0
-8.0,50,8358.853409,1.0
-9.0,50,8360.051547,1.0
-11.0,50,8361.244334,1.0
-10.0,50,8362.434837,1.0
-10.0,50,8363.651644,1.0
-7.0,50,8364.866703,1.0
-12.0,50,8366.063806,1.0
-10.0,50,8367.266954,1.0
-10.0,50,8368.488723,1.0
-12.0,50,8369.684747,1.0
-8.0,50,8370.891728,1.0
-9.0,50,8372.085441,1.0
-9.0,50,8373.301432,1.0
0.0,50,8374.498003,1.0
0.0,50,8375.719198,1.0
-12.0,50,8376.918945,1.0
-16.0,50,8378.125084,1.0
-14.0,50,8379.310052,1.0
-11.0,50,8380.50659,1.0
-12.0,50,8381.696404,1.0
-14.0,50,8382.907617,1.0
-4.0,50,8384.102002,1.0
-10.0,50,8385.30123,1.0
-9.0,50,8386.492807,1.0
-7.0,50,8387.70116,1.0
-10.0,50,8388.900272,1.0
0.0,50,8390.095855,1.0
-13.0,50,8391.294915,1.0
-11.0,50,8392.508319,1.0
-17.0,50,8393.7061,1.0
-5.0,50,8394.917224,1.0
0.0,50,8396.122269,1.0
-11.0,50,8397.336199,1.0
-7.0,50,8398.539239,1.0
-7.0,50,8399.755548,1.0
-12.0,50,8400.955542,1.0
-8.0,50,8402.165566,1.0
-6.0,50,8403.371076,1.0
-11.0,50,8404.565571,1.0
-6.0,50,8405.764213,1.0
-7.0,50,8406.971023,1.0
-14.0,50,8408.172253,1.0
-11.0,50,8409.36856,1.0
-19.0,50,8410.568062,1.0
-14.0,50,8411.77653,1.0
0.0,50,8412.969823,1.0
-6.0,50,8414.165891,1.0
-12.0,50,8415.363101,1.0
-16.0,50,8416.573021,1.0
-8.0,50,8417.778921,1.0
-10.0,50,8418.991585,1.0
-10.0,50,8420.202123,1.0
-11.0,50,8421.417113,1.0
-7.0,50,8422.606382,1.0
-8.0,50,8423.800594,1.0
-10.0,50,8425.015183,1.0
-10.0,50,8426.224557,1.0
-8.0,50,8427.42063,1.0
-11.0,50,8428.614574,1.0
-10.0,50,8429.811945,1.0
-11.0,50,8431.020292,1.0
-10.0,50,8432.214943,1.0
-5.0,50,8433.410066,1.0
-16.0,50,8434.608204,1.0
0.0,50,8435.832068,1.0
-8.0,50,8437.028975,1.0
-6.0,50,8438.229326,1.0
-13.0,50,8439.440882,1.0
-7.0,50,8440.652861,1.0
-8.0,50,8441.859289,1.0
-8.0,50,8443.053225,1.0
-15.0,50,8444.249888,1.0
-7.0,50,8445.466563,1.0
-8.0,50,8446.660912,1.0
-50.0,50,8447.859611,0.0
-10.0,50,8449.055223,1.0
-8.0,50,8450.281008,1.0
-14.0,50,8451.470284,1.0
-6.0,50,8452.671386,1.0
-12.0,50,8453.86878,1.0
-8.0,50,8455.12798,1.0
-10.0,50,8456.35464,1.0
-6.0,50,8457.575061,1.0
-17.0,50,8458.787961,1.0
-9.0,50,8460.012375,1.0
-13.0,50,8461.223339,1.0
-6.0,50,8462.44228,1.0
-9.0,50,8463.640032,1.0
-10.0,50,8464.856896,1.0
-26.0,50,8466.061822,1.0
-10.0,50,8467.258369,1.0
-8.0,50,8468.45036,1.0
-10.0,50,8469.676361,1.0
-3.0,50,8470.897126,1.0
-14.0,50,8472.110743,1.0
-6.0,50,8473.305201,1.0
-7.0,50,8474.534003,1.0
-9.0,50,8475.731568,1.0
-6.0,50,8476.92397,1.0
-11.0,50,8478.125284,1.0
-13.0,50,8479.35696,1.0
-8.0,50,8480.580438,1.0
-16.0,50,8481.8055,1.0
-4.0,50,8483.022635,1.0
-9.0,50,8484.275665,1.0
-14.0,50,8485.493703,1.0
-11.0,50,8486.727239,1.0
-8.0,50,8487.958426,1.0
-14.0,50,8489.189182,1.0
-11.0,50,8490.421197,1.0
-5.0,50,8491.638406,1.0
-10.0,50,8492.848985,1.0
-13.0,50,8494.08425,1.0
-3.0,50,8495.286337,1.0
-12.0,50,8496.485955,1.0
0.0,50,8497.7022,1.0
-27.0,50,8498.918442,1.0
0.0,50,8500.130108,1.0
-10.0,50,8501.325874,1.0
-11.0,50,8502.522864,1.0
-11.0,50,8509.138374,1.0
-11.0,50,8510.327878,1.0
-7.0,50,8511.540918,1.0
-30.0,50,8512.75563,1.0
-19.0,50,8513.994725,1.0
-11.0,50,8515.215765,1.0
-12.0,50,8516.441488,1.0
0.0,50,8517.663076,1.0
-10.0,50,8518.906356,1.0
-8.0,50,8520.140869,1.0
-5.0,50,8521.359209,1.0
-5.0,50,8522.555908,1.0
-11.0,50,8523.764074,1.0
-8.0,50,8524.968201,1.0
-13.0,50,8526.172266,1.0
-11.0,50,8527.391578,1.0
-13.0,50,8528.636767,1.0
0.0,50,8529.850802,1.0
-10.0,50,8531.062973,1.0
-35.0,50,8532.28819,1.0
-7.0,50,8533.51202,1.0
-8.0,50,8534.70616,1.0
0.0,50,8535.897368,1.0
-7.0,50,8537.085318,1.0
-7.0,50,8538.313445,1.0
-21.0,50,8539.519105,0.0
-12.0,50,8540.707528,1.0
-5.0,50,8541.902931,1.0
-11.0,50,8543.105068,1.0
-5.0,50,8544.297428,1.0
-31.0,50,8545.503067,1.0
-6.0,50,8546.71806,1.0
-12.0,50,8547.957904,1.0
-8.0,50,8549.176943,1.0
-10.0,50,8550.407318,1.0
-7.0,50,8551.624445,1.0
0.0,50,8552.877476,1.0
-7.0,50,8554.10793,1.0
-11.0,50,8555.324433,1.0
-13.0,50,8556.558536,1.0
-5.0,50,8557.792385,1.0
-8.0,50,8559.011421,1.0
-7.0,50,8560.244275,1.0
-6.0,50,8561.460829,1.0
0.0,50,8562.694691,1.0
-12.0,50,8563.919045,1.0
-12.0,50,8565.146471,1.0
-10.0,50,8566.363449,1.0
-6.0,50,8567.597973,1.0
-5.0,50,8568.816674,1.0
-10.0,50,8570.018062,1.0
-10.0,50,8571.21021,1.0
-7.0,50,8572.40879,1.0
-36.0,50,8573.609723,1.0
-7.0,50,8574.810328,1.0
-13.0,50,8576.010337,1.0
-9.0,50,8577.210527,1.0
-7.0,50,8578.402555,1.0
-25.0,50,8579.606247,1.0
-9.0,50,8580.800741,1.0
-14.0,50,8581.999151,1.0
0.0,50,8583.19364,1.0
-5.0,50,8584.389743,1.0
-24.0,50,8585.583854,1.0
-7.0,50,8586.798712,1.0
-10.0,50,8588.00803,1.0
0.0,50,8589.198444,1.0
-12.0,50,8590.390058,1.0
0.0,50,8591.584706,1.0
-11.0,50,8592.771924,1.0
-6.0,50,8593.962855,1.0
-12.0,50,8595.152477,1.0
-11.0,50,8596.358906,1.0
-9.0,50,8597.550078,1.0
-9.0,50,8598.746593,1.0
-7.0,50,8599.941019,1.0
-5.0,50,8601.154644,1.0
-9.0,50,8602.381398,1.0
-8.0,50,8603.610715,1.0
-10.0,50,8604.833204,1.0
-6.0,50,8606.07641,1.0
0.0,50,8607.283666,1.0
-9.0,50,8608.505445,1.0
-10.0,50,8609.715243,1.0
-13.0,50,8610.952839,1.0
-12.0,50,8612.166717,1.0
-10.0,50,8613.380384,1.0
-7.0,50,8614.602077,1.0
-8.0,50,8615.827953,1.0
-24.0,50,8617.028873,1.0
-6.0,50,8618.22599,1.0
-12.0,50,8619.419265,1.0
-12.0,50,8620.629789,1.0
-7.0,50,8621.814491,1.0
-9.0,50,8623.000739,1.0
-12.0,50,8624.20367,1.0
0.0,50,8625.420568,1.0
-31.0,50,8626.617009,1.0
-9.0,50,8627.814253,1.0
-13.0,50,8629.007737,1.0
-12.0,50,8630.231089,1.0
-10.0,50,8631.432255,1.0
-10.0,50,8632.632633,1.0
-11.0,50,8633.84344,1.0
-17.0,50,8635.066219,1.0
-11.0,50,8636.261235,1.0
-11.0,50,8637.455601,1.0
-12.0,50,8638.655028,1.0
-11.0,50,8639.880665,1.0
0.0,50,8641.096001,1.0
0.0,50,8642.309719,1.0
-50.0,50,8643.514557,0.0
-4.0,50,8644.721055,1.0
-7.0,50,8645.937048,1.0
-9.0,50,8647.13444,1.0
-7.0,50,8648.339663,1.0
-12.0,50,8649.557243,1.0
-7.0,50,8650.764126,1.0
-13.0,50,8651.973906,1.0
-15.0,50,8653.173613,1.0
-10.0,50,8654.383502,1.0
-18.0,50,8655.580469,1.0
-11.0,50,8656.798583,1.0
-10.0,50,8657.997082,1.0
-14.0,50,8659.227422,1.0
-6.0,50,8660.426179,1.0
-7.0,50,8661.634701,1.0
-35.0,50,8662.837115,1.0
-11.0,50,8664.076042,1.0
-10.0,50,8665.281289,1.0
-15.0,50,8666.487273,1.0
-4.0,50,8667.690116,1.0
-18.0,50,8668.900995,1.0
-10.0,50,8670.106902,1.0
-11.0,50,8671.311598,1.0
-3.0,50,8672.507188,0.0
-9.0,50,8673.720412,1.0
-7.0,50,8674.913493,1.0
-22.0,50,8676.130197,1.0
-8.0,50,8677.324847,1.0
-9.0,50,8678.541622,1.0
-9.0,50,8679.73522,1.0
-14.0,50,8680.931471,1.0
-9.0,50,8682.126223,1.0
-11.0,50,8683.341428,1.0
-17.0,50,8684.535515,1.0
-13.0,50,8685.736583,1.0
-10.0,50,8686.941906,1.0
-6.0,50,8688.172168,1.0
-11.0,50,8689.373838,1.0
-12.0,50,8690.580116,1.0
-8.0,50,8691.795844,1.0
-7.0,50,8693.003509,1.0
-13.0,50,8694.191552,1.0
-14.0,50,8695.389821,1.0
-19.0,50,8696.600022,1.0
-12.0,50,8697.819573,1.0
-12.0,50,8699.048958,1.0
-14.0,50,8700.271923,1.0
-3.0,50,8701.498082,1.0
-25.0,50,8702.760623,1.0
-7.0,50,8703.99393,1.0
-6.0,50,8705.217272,1.0
-2.0,50,8706.456118,1.0
-11.0,50,8707.710573,1.0
-8.0,50,8708.943428,1.0
-8.0,50,8710.171736,1.0
-13.0,50,8711.400269,1.0
-7.0,50,8712.625838,1.0
-7.0,50,8713.845069,1.0
-3.0,50,8715.05288,1.0
-10.0,50,8716.268863,1.0
-9.0,50,8717.484796,1.0
-10.0,50,8718.692239,1.0
-14.0,50,8719.919555,1.0
-7.0,50,8721.130739,1.0
-10.0,50,8722.347998,1.0
-16.0,50,8723.552603,1.0
-6.0,50,8724.768325,1.0
0.0,50,8725.969776,1.0
-10.0,50,8727.198204,1.0
-14.0,50,8728.410494,1.0
-15.0,50,8729.606719,1.0
-7.0,50,8730.8124,1.0
-10.0,50,8732.029495,1.0
-4.0,50,8733.242455,1.0
-8.0,50,8734.440117,1.0
-10.0,50,8735.652411,1.0
-7.0,50,8736.884444,1.0
-13.0,50,8738.092033,1.0
-10.0,50,8739.296324,1.0
0.0,50,8740.505435,1.0
-9.0,50,8741.724273,1.0
-9.0,50,8742.932108,1.0
-7.0,50,8744.128272,1.0
0.0,50,8745.328294,1.0
-19.0,50,8746.534696,1.0
-25.0,50,8747.751724,1.0
-8.0,50,8748.959024,1.0
-6.0,50,8750.153411,1.0
-10.0,50,8756.614467,1.0
-10.0,50,8757.811561,1.0
-6.0,50,8759.008429,1.0
-9.0,50,8760.208066,1.0
-16.0,50,8761.432302,1.0
-12.0,50,8762.641203,1.0
-19.0,50,8763.845068,1.0
-15.0,50,8765.043717,1.0
0.0,50,8766.274627,1.0
-19.0,50,8767.503849,1.0
-12.0,50,8768.698953,1.0
-8.0,50,8769.890579,1.0
-20.0,50,8771.102751,1.0
-9.0,50,8772.29541,1.0
-8.0,50,8773.487353,1.0
-8.0,50,8774.677709,1.0
-10.0,50,8775.891483,1.0
-6.0,50,8777.08566,1.0
-20.0,50,8778.2866,1.0
-7.0,50,8779.487097,1.0
-12.0,50,8780.702938,1.0
-5.0,50,8781.920951,1.0
-3.0,50,8783.150138,1.0
-50.0,50,8784.371702,0.0
-10.0,50,8785.604393,1.0
-17.0,50,8786.827907,1.0
-26.0,50,8788.054747,1.0
-11.0,50,8789.295559,1.0
-6.0,50,8790.51793,1.0
-8.0,50,8791.737271,1.0
0.0,50,8792.923689,1.0
0.0,50,8794.12989,1.0
-9.0,50,8795.336501,1.0
-13.0,50,8796.537784,1.0
-11.0,50,8797.723671,1.0
-5.0,50,8798.923038,1.0
0.0,50,8800.1463,1.0
-10.0,50,8801.359251,1.0
0.0,50,8802.570926,1.0
-14.0,50,8803.784465,1.0
-6.0,50,8805.009761,1.0
-10.0,50,8806.224603,1.0
-11.0,50,8807.442884,1.0
-7.0,50,8808.671424,1.0
-9.0,50,8809.902703,1.0
-3.0,50,8811.116359,1.0
-20.0,50,8812.321193,1.0
-8.0,50,8813.523769,1.0
-9.0,50,8814.740434,1.0
-6.0,50,8815.934546,1.0
-10.0,50,8817.128248,1.0
-11.0,50,8818.325091,1.0
-13.0,50,8819.531265,1.0
-9.0,50,8820.722985,1.0
-10.0,50,8821.907998,1.0
-8.0,50,8823.095083,1.0
-7.0,50,8824.298078,1.0
-12.0,50,8825.489259,1.0
-9.0,50,8826.673926,1.0
-8.0,50,8827.870366,1.0
-12.0,50,8829.081712,1.0
-5.0,50,8830.272884,1.0
-12.0,50,8831.460985,1.0
-5.0,50,8832.654153,1.0
-12.0,50,8833.851965,1.0
-11.0,50,8835.051776,1.0
-14.0,50,8836.251925,1.0
0.0,50,8837.446985,1.0
-12.0,50,8838.660336,1.0
-13.0,50,8839.850361,1.0
0.0,50,8841.038689,1.0
-14.0,50,8842.233717,1.0
-16.0,50,8843.434391,1.0
0.0,50,8844.635297,1.0
-11.0,50,8845.823601,1.0
-15.0,50,8847.019614,1.0
-12.0,50,8848.250362,1.0
-13.0,50,8849.470189,1.0
-11.0,50,8850.663121,1.0
-10.0,50,8851.849173,1.0
-14.0,50,8853.055249,1.0
-8.0,50,8854.243416,1.0
-16.0,50,8855.434154,1.0
-13.0,50,8856.627644,1.0
-8.0,50,8857.851889,1.0
0.0,50,8859.0737,1.0
-7.0,50,8860.306142,1.0
-7.0,50,8861.525384,1.0
-14.0,50,8862.776109,1.0
-13.0,50,8864.000267,1.0
-9.0,50,8865.235656,1.0
-15.0,50,8866.447516,1.0
-9.0,50,8867.675712,1.0
-4.0,50,8868.912641,1.0
-4.0,50,8870.130214,1.0
-2.0,50,8871.360865,1.0
-11.0,50,8872.580662,1.0
-9.0,50,8873.768291,1.0
-8.0,50,8874.982812,1.0
-8.0,50,8876.178026,1.0
-6.0,50,8877.37613,1.0
0.0,50,8878.5708,1.0
-8.0,50,8879.754577,1.0
-5.0,50,8880.954117,1.0
-9.0,50,8882.149976,1.0
-10.0,50,8883.346588,1.0
-16.0,50,8884.554192,1.0
-8.0,50,8885.74445,1.0
-4.0,50,8886.955768,1.0
-18.0,50,8888.151696,1.0
-11.0,50,8889.396895,1.0
-11.0,50,8890.605827,1.0
-9.0,50,8891.826862,1.0
-9.0,50,8893.028153,1.0
-10.0,50,8894.25176,1.0
-6.0,50,8895.472334,1.0
-11.0,50,8896.747952,1.0
0.0,50,8897.976647,1.0
-8.0,50,8899.213789,1.0
-10.0,50,8900.438583,1.0
-9.0,50,8901.675414,1.0
-7.0,50,8902.907977,1.0
-9.0,50,8904.122264,1.0
-18.0,50,8905.351535,1.0
-6.0,50,8906.563582,1.0
-14.0,50,8907.787419,1.0
-12.0,50,8909.007513,1.0
0.0,50,8910.233708,1.0
-4.0,50,8911.497055,1.0
-15.0,50,8912.71602,1.0
-6.0,50,8913.909795,1.0
-8.0,50,8915.104422,1.0
-9.0,50,8916.313491,1.0
-16.0,50,8917.518745,1.0
-8.0,50,8918.714042,1.0
-19.0,50,8919.924883,1.0
-18.0,50,8921.143903,1.0
-7.0,50,8922.33969,1.0
-7.0,50,8923.531539,1.0
-15.0,50,8924.736202,1.0
-11.0,50,8925.952032,1.0
-21.0,50,8927.148853,1.0
-33.0,50,8928.345892,1.0
-24.0,50,8929.546075,0.0
-16.0,50,8930.762985,1.0
-10.0,50,8931.960433,1.0
-14.0,50,8933.15491,1.0
-14.0,50,8934.366564,1.0
-8.0,50,8935.586608,1.0
-11.0,50,8936.78567,1.0
-7.0,50,8937.975644,1.0
-7.0,50,8939.165946,1.0
-7.0,50,8940.371113,1.0
-24.0,50,8941.571107,1.0
-10.0,50,8942.778442,1.0
-5.0,50,8943.995839,1.0
0.0,50,8945.203856,1.0
-10.0,50,8946.392191,1.0
-9.0,50,8947.581358,1.0
-8.0,50,8948.775641,1.0
-9.0,50,8950.000507,1.0
-9.0,50,8951.198589,1.0
-12.0,50,8952.392337,1.0
-11.0,50,8953.589012,1.0
-8.0,50,8954.805458,1.0
-8.0,50,8956.002357,1.0
-11.0,50,8957.197888,1.0
-14.0,50,8958.404999,1.0
-9.0,50,8959.616811,1.0
-10.0,50,8960.812494,1.0
-9.0,50,8962.006054,1.0
-13.0,50,8963.196405,1.0
-8.0,50,8964.412576,1.0
-7.0,50,8965.604677,1.0
-13.0,50,8966.807092,1.0
-15.0,50,8968.022538,1.0
0.0,50,8969.252875,1.0
-9.0,50,8970.466703,1.0
-31.0,50,8971.687953,1.0
-6.0,50,8972.902691,1.0
-8.0,50,8974.135104,1.0
-10.0,50,8975.354449,1.0
-10.0,50,8976.574329,1.0
-12.0,50,8977.78892,1.0
-19.0,50,8979.034307,1.0
-7.0,50,8980.245314,1.0
-8.0,50,8981.471966,1.0
-14.0,50,8982.688296,1.0
-10.0,50,8983.92365,1.0
-9.0,50,8985.140626,1.0
-9.0,50,8986.356529,1.0
-10.0,50,8987.572854,1.0
-14.0,50,8988.799818,1.0
0.0,50,8989.998093,1.0
-24.0,50,8991.19399,1.0
-10.0,50,8992.386723,1.0
-14.0,50,8993.592582,1.0
-8.0,50,8994.797258,1.0
-14.0,50,8995.989074,1.0
-12.0,50,8997.198014,1.0
-9.0,50,9003.81852,1.0
-9.0,50,9005.036568,1.0
-13.0,50,9006.262106,1.0
0.0,50,9007.481934,1.0
-16.0,50,9008.727305,1.0
-10.0,50,9009.946952,1.0
0.0,50,9011.176524,1.0
0.0,50,9012.407494,1.0
0.0,50,9013.640236,1.0
-7.0,50,9014.866452,1.0
-4.0,50,9016.100055,1.0
-8.0,50,9017.326298,1.0
-16.0,50,9018.573445,1.0
-8.0,50,9019.797229,1.0
0.0,50,9021.018838,1.0
-9.0,50,9022.239317,1.0
-8.0,50,9023.472584,1.0
-12.0,50,9024.708955,1.0
-24.0,50,9025.933907,1.0
-7.0,50,9027.148047,1.0
-10.0,50,9028.352539,1.0
0.0,50,9029.551302,1.0
-11.0,50,9030.749148,1.0
-8.0,50,9031.951035,1.0
-15.0,50,9033.163577,1.0
-10.0,50,9034.368263,1.0
-2.0,50,9035.561004,1.0
-12.0,50,9036.755855,1.0
-12.0,50,9037.964744,1.0
-14.0,50,9039.164084,1.0
-10.0,50,9040.351258,1.0
-12.0,50,9041.547304,1.0
-6.0,50,9042.757158,1.0
-19.0,50,9043.945115,1.0
-13.0,50,9045.152501,1.0
-14.0,50,9046.343551,1.0
-14.0,50,9047.552058,1.0
-7.0,50,9048.750677,1.0
-14.0,50,9049.94906,1.0
0.0,50,9051.15345,1.0
-5.0,50,9052.359782,1.0
-15.0,50,9053.55612,1.0
-6.0,50,9054.784573,1.0
-7.0,50,9055.977005,1.0
-15.0,50,9057.180703,1.0
-14.0,50,9058.390272,1.0
-11.0,50,9059.590964,1.0
-10.0,50,9060.798215,1.0
-5.0,50,9062.012875,1.0
-5.0,50,9063.212475,1.0
-15.0,50,9064.403766,1.0
-9.0,50,9065.597623,1.0
-15.0,50,9066.833591,1.0
-11.0,50,9068.041745,1.0
-13.0,50,9069.233096,1.0
-18.0,50,9070.433218,1.0
-7.0,50,9071.647504,1.0
-11.0,50,9072.859006,1.0
-13.0,50,9074.067052,1.0
-12.0,50,9075.254746,1.0
-15.0,50,9076.468041,1.0
-12.0,50,9077.675907,1.0
-9.0,50,9078.878244,1.0
-10.0,50,9080.075791,1.0
-8.0,50,9081.297123,1.0
-11.0,50,9082.495528,1.0
-7.0,50,9083.700417,1.0
-8.0,50,9084.91787,1.0
-10.0,50,9086.134564,1.0
-7.0,50,9087.319887,1.0
-14.0,50,9088.513252,1.0
-10.0,50,9089.713406,1.0
-8.0,50,9090.906783,1.0
-12.0,50,9092.109601,1.0
-18.0,50,9093.329659,1.0
0.0,50,9094.55807,1.0
-13.0,50,9095.794409,1.0
-16.0,50,9097.024032,1.0
-17.0,50,9098.232722,1.0
-14.0,50,9099.462806,1.0
-15.0,50,9100.694391,1.0
-14.0,50,9101.905781,1.0
-9.0,50,9103.110504,1.0
-9.0,50,9104.333951,1.0
-12.0,50,9105.571332,1.0
-19.0,50,9106.798743,1.0
-7.0,50,9108.017052,1.0
-11.0,50,9109.226085,1.0
-19.0,50,9110.445304,1.0
-4.0,50,9111.665072,1.0
0.0,50,9112.875447,1.0
-8.0,50,9114.085549,1.0
-25.0,50,9115.328062,1.0
-9.0,50,9116.520971,1.0
-8.0,50,9117.707928,1.0
-5.0,50,9118.909022,1.0
-14.0,50,9120.120971,1.0
-19.0,50,9121.325148,1.0
0.0,50,9122.512952,1.0
-10.0,50,9123.708789,1.0
-15.0,50,9124.9321,1.0
-10.0,50,9126.13137,1.0
-10.0,50,9127.322867,1.0
-6.0,50,9128.515273,1.0
-10.0,50,9129.719211,1.0
-8.0,50,9130.907239,1.0
-14.0,50,9132.107003,1.0
-9.0,50,9133.29594,1.0
-11.0,50,9134.514385,1.0
-15.0,50,9135.723287,1.0
-8.0,50,9136.923066,1.0
-6.0,50,9138.120429,1.0
-6.0,50,9139.324051,1.0
0.0,50,9140.511362,1.0
-11.0,50,9141.713955,1.0
-10.0,50,9142.92828,1.0
-7.0,50,9144.149756,1.0
-16.0,50,9145.360174,1.0
-18.0,50,9146.560439,1.0
-6.0,50,9147.753833,1.0
-17.0,50,9148.984734,1.0
-10.0,50,9150.193259,1.0
-11.0,50,9151.387547,1.0
-12.0,50,9152.581711,1.0
-8.0,50,9153.79493,1.0
-8.0,50,9154.996272,1.0
-7.0,50,9156.183467,1.0
-8.0,50,9157.379552,1.0
-7.0,50,9158.584907,1.0
-3.0,50,9159.771601,1.0
-10.0,50,9160.973115,1.0
-9.0,50,9162.166697,1.0
-9.0,50,9163.376643,1.0
-10.0,50,9164.570405,1.0
0.0,50,9165.768138,1.0
-8.0,50,9166.975234,1.0
-6.0,50,9168.184825,1.0
-6.0,50,9169.374794,1.0
-7.0,50,9170.570122,1.0
-9.0,50,9171.764241,1.0
-13.0,50,9172.970717,1.0
-12.0,50,9174.173565,1.0
-9.0,50,9175.40304,1.0
-7.0,50,9176.623152,1.0
-14.0,50,9177.868212,1.0
-10.0,50,9179.073731,1.0
-9.0,50,9180.267107,1.0
-7.0,50,9181.460848,1.0
-8.0,50,9182.658303,1.0
-6.0,50,9183.845662,1.0
-8.0,50,9185.036137,1.0
-12.0,50,9186.233824,1.0
-7.0,50,9187.439919,1.0
-11.0,50,9188.639771,1.0
-11.0,50,9189.831515,1.0
-12.0,50,9191.039372,1.0
-6.0,50,9192.264515,1.0
-5.0,50,9193.45804,1.0
-7.0,50,9194.648392,1.0
-8.0,50,9195.83797,1.0
-7.0,50,9197.04075,1.0
-7.0,50,9198.232877,1.0
-9.0,50,9199.426371,1.0
-6.0,50,9200.620458,1.0
-6.0,50,9201.826607,1.0
-10.0,50,9203.013651,1.0
0.0,50,9204.198101,1.0
-8.0,50,9205.403954,1.0
-17.0,50,9206.619636,1.0
-9.0,50,9207.831262,1.0
-15.0,50,9209.027474,1.0
-13.0,50,9210.230365,1.0
-13.0,50,9211.448793,1.0
-10.0,50,9212.655689,1.0
-7.0,50,9213.840884,1.0
-9.0,50,9215.03225,1.0
-9.0,50,9216.237696,1.0
-9.0,50,9217.437295,1.0
-8.0,50,9218.635118,1.0
-8.0,50,9219.823884,1.0
-7.0,50,9221.027266,1.0
-12.0,50,9222.221743,1.0
0.0,50,9223.431238,1.0
-5.0,50,9224.63693,1.0
-8.0,50,9225.849943,1.0
-10.0,50,9227.042248,1.0
-9.0,50,9228.236086,1.0
-6.0,50,9229.435511,1.0
-3.0,50,9230.651086,1.0
-50.0,50,9231.843546,0.0
-4.0,50,9233.049236,1.0
-9.0,50,9234.260752,1.0
-8.0,50,9235.46732,1.0
-9.0,50,9236.677728,1.0
0.0,50,9237.880599,1.0
-13.0,50,9239.089484,1.0
-10.0,50,9240.288525,1.0
-7.0,50,9241.49827,1.0
-14.0,50,9242.692768,1.0
0.0,50,9243.895841,1.0
-5.0,50,9250.426695,1.0
-9.0,50,9251.625514,1.0
-11.0,50,9252.82225,1.0
-6.0,50,9254.023878,1.0
-8.0,50,9255.22409,1.0
-11.0,50,9256.412933,1.0
-7.0,50,9257.606475,1.0
-22.0,50,9258.811105,1.0
-13.0,50,9260.024097,1.0
-30.0,50,9261.236127,1.0
0.0,50,9262.454361,1.0
-11.0,50,9263.646437,1.0
-10.0,50,9264.873202,1.0
-6.0,50,9266.066712,1.0
-24.0,50,9267.272044,1.0
-9.0,50,9268.471208,1.0
-13.0,50,9269.683363,1.0
-11.0,50,9270.872119,1.0
-10.0,50,9272.064488,1.0
-6.0,50,9273.265201,1.0
-50.0,50,9274.477012,0.0
-10.0,50,9275.67983,1.0
-10.0,50,9276.877744,1.0
-8.0,50,9278.077245,1.0
-9.0,50,9279.304051,1.0
-5.0,50,9280.509715,1.0
-8.0,50,9281.723721,1.0
-9.0,50,9282.92492,1.0
-12.0,50,9284.133735,1.0
-9.0,50,9285.32073,1.0
-8.0,50,9286.513587,1.0
-6.0,50,9287.714597,1.0
0.0,50,9288.930008,1.0
-10.0,50,9290.140007,1.0
-11.0,50,9291.340648,1.0
-17.0,50,9292.536027,1.0
-14.0,50,9293.743073,1.0
-10.0,50,9294.966898,1.0
-13.0,50,9296.156321,1.0
-5.0,50,9297.359335,1.0
-11.0,50,9298.577937,1.0
-11.0,50,9299.768898,1.0
-6.0,50,9300.964478,1.0
-11.0,50,9302.149485,1.0
-9.0,50,9303.364726,1.0
-13.0,50,9304.568131,1.0
-10.0,50,9305.768845,1.0
-16.0,50,9306.977744,1.0
-7.0,50,9308.193367,1.0
-10.0,50,9309.387336,1.0
-8.0,50,9310.599963,1.0
-18.0,50,9311.806302,1.0
-9.0,50,9313.032741,1.0
-9.0,50,9314.235358,1.0
-8.0,50,9315.435254,1.0
-7.0,50,9316.633816,1.0
-4.0,50,9317.850061,1.0
-14.0,50,9319.049238,1.0
-8.0,50,9320.242683,1.0
-12.0,50,9321.447225,1.0
-6.0,50,9322.667216,1.0
-6.0,50,9323.852647,1.0
-10.0,50,9325.083229,1.0
-9.0,50,9326.292748,1.0
-10.0,50,9327.51147,1.0
-13.0,50,9328.709748,1.0
-9.0,50,9329.900542,1.0
-10.0,50,9331.106012,1.0
-13.0,50,9332.311415,1.0
-17.0,50,9333.503678,1.0
-8.0,50,9334.705741,1.0
-7.0,50,9335.895354,1.0
-12.0,50,9337.109902,1.0
-13.0,50,9338.31213,1.0
-10.0,50,9339.507206,1.0
-7.0,50,9340.699916,1.0
-11.0,50,9341.915414,1.0
-9.0,50,9343.104179,1.0
-7.0,50,9344.299719,1.0
-7.0,50,9345.498024,1.0
-11.0,50,9346.728187,1.0
-11.0,50,9347.932577,1.0
-16.0,50,9349.134275,1.0
-13.0,50,9350.326846,1.0
-5.0,50,9351.540001,1.0
-5.0,50,9352.731921,1.0
-9.0,50,9353.931656,1.0
-10.0,50,9355.15014,1.0
-9.0,50,9356.354292,1.0
-7.0,50,9357.554444,1.0
-9.0,50,9358.742872,1.0
-14.0,50,9359.932549,1.0
-10.0,50,9361.153293,1.0
-9.0,50,9362.361639,1.0
-10.0,50,9363.558619,1.0
-11.0,50,9364.762797,1.0
0.0,50,9365.974099,1.0
-11.0,50,9367.1675,1.0
-12.0,50,9368.382089,1.0
-12.0,50,9369.573835,1.0
-5.0,50,9370.781648,1.0
-10.0,50,9371.976582,1.0
-11.0,50,9373.164251,1.0
-15.0,50,9374.351376,1.0
-6.0,50,9375.569951,1.0
-15.0,50,9376.774311,1.0
-11.0,50,9377.966746,1.0
-14.0,50,9379.174646,1.0
-8.0,50,9380.402159,1.0
-17.0,50,9381.608656,1.0
-12.0,50,9382.821149,1.0
-10.0,50,9384.026497,1.0
-14.0,50,9385.249372,1.0
-13.0,50,9386.45475,1.0
-15.0,50,9387.647751,1.0
-11.0,50,9388.854671,1.0
-12.0,50,9390.060087,1.0
-9.0,50,9391.264802,1.0
0.0,50,9392.472399,1.0
-13.0,50,9393.685356,1.0
-11.0,50,9394.912069,1.0
0.0,50,9396.116451,1.0
-6.0,50,9397.313716,1.0
-13.0,50,9398.522971,1.0
-13.0,50,9399.72185,1.0
-16.0,50,9400.916556,1.0
-11.0,50,9402.110473,1.0
-12.0,50,9403.307622,1.0
-10.0,50,9404.515799,1.0
-16.0,50,9405.722051,1.0
-10.0,50,9406.912576,1.0
-32.0,50,9408.111901,1.0
-5.0,50,9409.32502,1.0
-8.0,50,9410.521633,1.0
-6.0,50,9411.734984,1.0
-18.0,50,9412.955733,1.0
-6.0,50,9414.209471,1.0
-6.0,50,9415.456011,1.0
-8.0,50,9416.676314,1.0
-14.0,50,9417.903501,1.0
-11.0,50,9419.137472,1.0
-16.0,50,9420.355059,1.0
-26.0,50,9421.571255,1.0
-10.0,50,9422.785563,1.0
0.0,50,9424.042863,1.0
-16.0,50,9425.267852,1.0
-8.0,50,9426.496305,1.0
-5.0,50,9427.710094,1.0
-12.0,50,9428.93969,1.0
-11.0,50,9430.156067,1.0
-11.0,50,9431.35067,1.0
-16.0,50,9432.55839,1.0
-14.0,50,9433.801855,1.0
-11.0,50,9435.038701,1.0
-13.0,50,9436.256328,1.0
-10.0,50,9437.491301,1.0
-8.0,50,9438.732945,1.0
0.0,50,9439.953014,1.0
-13.0,50,9441.16856,1.0
0.0,50,9442.36861,1.0
-12.0,50,9443.579634,1.0
-8.0,50,9444.789228,1.0
-6.0,50,9445.990007,1.0
-13.0,50,9447.195628,1.0
-10.0,50,9448.414026,1.0
-7.0,50,9449.617822,1.0
-13.0,50,9450.828382,1.0
-8.0,50,9452.017765,1.0
-5.0,50,9453.221001,1.0
-12.0,50,9454.424728,1.0
0.0,50,9455.624262,1.0
-14.0,50,9456.824101,1.0
-11.0,50,9458.056629,1.0
-7.0,50,9459.247637,1.0
-13.0,50,9460.453735,1.0
-9.0,50,9461.644165,1.0
-6.0,50,9462.870735,1.0
-10.0,50,9464.062886,1.0
-5.0,50,9465.258361,1.0
-20.0,50,9466.452456,1.0
-5.0,50,9467.680688,1.0
-8.0,50,9468.871814,1.0
-9.0,50,9470.081838,1.0
-12.0,50,9471.28134,1.0
-12.0,50,9472.497198,1.0
-9.0,50,9473.706752,1.0
-16.0,50,9474.911979,1.0
-11.0,50,9476.105482,1.0
-9.0,50,9477.317644,1.0
-7.0,50,9478.515175,1.0
-23.0,50,9479.717491,1.0
-13.0,50,9480.919101,1.0
-7.0,50,9482.129135,1.0
0.0,50,9483.328974,1.0
-12.0,50,9484.52648,1.0
-10.0,50,9485.72902,1.0
-9.0,50,9486.947309,1.0
-6.0,50,9488.14282,1.0
-9.0,50,9489.346197,1.0
-9.0,50,9490.555105,1.0
-6.0,50,9497.016178,1.0
-9.0,50,9498.231064,1.0
-13.0,50,9499.469054,1.0
0.0,50,9500.688751,1.0
-10.0,50,9501.911438,1.0
-13.0,50,9503.097266,1.0
-11.0,50,9504.297404,1.0
-10.0,50,9505.503416,1.0
-17.0,50,9506.719941,1.0
-8.0,50,9507.937933,1.0
-14.0,50,9509.154699,1.0
-8.0,50,9510.383933,1.0
-13.0,50,9511.620883,1.0
-8.0,50,9512.849749,1.0
-12.0,50,9514.07136,1.0
-7.0,50,9515.285846,1.0
-8.0,50,9516.511357,1.0
-10.0,50,9517.719396,1.0
-11.0,50,9518.915778,1.0
-8.0,50,9520.122757,1.0
-9.0,50,9521.340048,1.0
-8.0,50,9522.532202,1.0
-14.0,50,9523.726113,1.0
-7.0,50,9524.914527,1.0
-9.0,50,9526.131377,1.0
-7.0,50,9527.323585,1.0
-13.0,50,9528.520304,1.0
-11.0,50,9529.721892,1.0
-14.0,50,9530.932682,1.0
-8.0,50,9532.121665,1.0
0.0,50,9533.318751,1.0
-7.0,50,9534.522076,1.0
-14.0,50,9535.759053,1.0
-9.0,50,9536.971193,1.0
-10.0,50,9538.179032,1.0
-7.0,50,9539.375657,1.0
-11.0,50,9540.585655,1.0
-6.0,50,9541.776107,1.0
-6.0,50,9542.963431,1.0
-8.0,50,9544.147583,1.0
-15.0,50,9545.37126,1.0
-10.0,50,9546.561354,1.0
-5.0,50,9547.747956,1.0
-27.0,50,9548.945179,1.0
-7.0,50,9550.16025,1.0
-11.0,50,9551.356849,1.0
-14.0,50,9552.559721,1.0
-17.0,50,9553.765732,1.0
-12.0,50,9554.989028,1.0
-10.0,50,9556.188523,1.0
-10.0,50,9557.380782,1.0
-16.0,50,9558.584542,1.0
0.0,50,9559.826,1.0
-8.0,50,9561.043095,1.0
-10.0,50,9562.246657,1.0
-7.0,50,9563.444102,1.0
-9.0,50,9564.673107,1.0
-7.0,50,9565.898409,1.0
-19.0,50,9567.133176,1.0
-14.0,50,9568.329743,1.0
-6.0,50,9569.547886,1.0
-8.0,50,9570.741692,1.0
-16.0,50,9571.971941,1.0
-47.0,50,9573.185255,0.0
-15.0,50,9574.418219,1.0
0.0,50,9575.637957,1.0
-12.0,50,9576.857188,1.0
0.0,50,9578.078695,1.0
-10.0,50,9579.336165,1.0
-5.0,50,9580.56189,1.0
-25.0,50,9581.774065,1.0
-10.0,50,9582.995132,1.0
-2.0,50,9584.230789,1.0
-11.0,50,9585.451919,1.0
-8.0,50,9586.664151,1.0
-12.0,50,9587.860896,1.0
0.0,50,9589.084036,1.0
-7.0,50,9590.288473,1.0
-11.0,50,9591.49478,1.0
-15.0,50,9592.724758,1.0
-7.0,50,9593.949025,1.0
-15.0,50,9595.168278,1.0
-12.0,50,9596.367721,1.0
-26.0,50,9597.569252,1.0
-14.0,50,9598.781451,1.0
-19.0,50,9599.988373,1.0
-3.0,50,9601.195611,1.0
-13.0,50,9602.402653,1.0
-6.0,50,9603.612845,1.0
-11.0,50,9604.81979,1.0
-9.0,50,9606.030678,1.0
-16.0,50,9607.238845,1.0
-8.0,50,9608.46207,1.0
-4.0,50,9609.670628,1.0
-13.0,50,9610.875927,1.0
-7.0,50,9612.084642,1.0
-37.0,50,9613.316809,1.0
-6.0,50,9614.529432,1.0
-14.0,50,9615.746004,1.0
-10.0,50,9616.963134,1.0
-10.0,50,9618.172651,1.0
0.0,50,9619.360629,1.0
-7.0,50,9620.56908,1.0
-7.0,50,9621.771027,1.0
-9.0,50,9622.973441,1.0
-10.0,50,9624.182479,1.0
-7.0,50,9625.395209,1.0
-13.0,50,9626.59464,1.0
-10.0,50,9627.81283,1.0
-28.0,50,9629.008037,1.0
-12.0,50,9630.214973,1.0
-21.0,50,9631.408935,1.0
-12.0,50,9632.620049,1.0
-3.0,50,9633.81361,1.0
-17.0,50,9635.007977,1.0
-7.0,50,9636.212575,1.0
-19.0,50,9637.450272,1.0
-11.0,50,9638.661733,1.0
-4.0,50,9639.897796,1.0
-8.0,50,9641.121541,1.0
-19.0,50,9642.359642,1.0
-14.0,50,9643.593865,1.0
-13.0,50,9644.817324,1.0
-13.0,50,9646.035112,1.0
-12.0,50,9647.271073,1.0
-12.0,50,9648.490693,1.0
-6.0,50,9649.718304,1.0
0.0,50,9650.937849,1.0
-13.0,50,9652.182379,1.0
-12.0,50,9653.396566,1.0
-10.0,50,9654.629526,1.0
-5.0,50,9655.851478,1.0
-5.0,50,9657.086066,1.0
-19.0,50,9658.290113,1.0
-11.0,50,9659.499951,1.0
-7.0,50,9660.712195,1.0
-7.0,50,9661.941319,1.0
-10.0,50,9663.13998,1.0
-7.0,50,9664.328399,1.0
-10.0,50,9665.521153,1.0
-3.0,50,9666.750365,1.0
-4.0,50,9667.990451,1.0
-13.0,50,9669.208008,1.0
-6.0,50,9670.433557,1.0
-5.0,50,9671.660472,1.0
-7.0,50,9672.88968,1.0
-3.0,50,9674.099502,1.0
0.0,50,9675.317684,1.0
-14.0,50,9676.545698,1.0
-12.0,50,9677.756494,1.0
-5.0,50,9678.965359,1.0
-9.0,50,9680.168908,1.0
-4.0,50,9681.413653,1.0
-10.0,50,9682.639638,1.0
-10.0,50,9683.828286,1.0
-17.0,50,9685.046953,1.0
-14.0,50,9686.251088,1.0
-9.0,50,9687.445814,1.0
-9.0,50,9688.637007,1.0
-9.0,50,9689.825114,1.0
-10.0,50,9691.030765,1.0
-8.0,50,9692.225901,1.0
-5.0,50,9693.443015,1.0
-7.0,50,9694.634608,1.0
-8.0,50,9695.852585,1.0
-12.0,50,9697.057736,1.0
-6.0,50,9698.258292,1.0
-8.0,50,9699.457644,1.0
-15.0,50,9700.664777,1.0
-10.0,50,9701.854386,1.0
-10.0,50,9703.046088,1.0
-18.0,50,9704.232981,1.0
0.0,50,9705.451011,1.0
-25.0,50,9706.64843,1.0
-8.0,50,9707.848409,1.0
-14.0,50,9709.049086,1.0
-17.0,50,9710.259484,1.0
-11.0,50,9711.456561,1.0
-12.0,50,9712.656739,1.0
-10.0,50,9713.869228,1.0
-8.0,50,9715.08976,1.0
-11.0,50,9716.283991,1.0
-11.0,50,9717.478409,1.0
-14.0,50,9718.669825,1.0
-6.0,50,9719.881729,1.0
-12.0,50,9721.089986,1.0
-15.0,50,9722.291918,1.0
-10.0,50,9723.501833,1.0
-25.0,50,9724.720147,1.0
-11.0,50,9725.932189,1.0
-11.0,50,9727.167181,1.0
-14.0,50,9728.384948,1.0
-9.0,50,9729.621639,1.0
0.0,50,9730.826829,1.0
-11.0,50,9732.042171,1.0
-14.0,50,9733.262561,1.0
-6.0,50,9734.515234,1.0
-2.0,50,9735.739798,1.0
-8.0,50,9736.949673,1.0
-15.0,50,9738.173908,1.0
-9.0,50,9744.739336,1.0
-6.0,50,9745.969524,1.0
0.0,50,9747.186049,1.0
-7.0,50,9748.394901,1.0
-10.0,50,9749.633998,1.0
-12.0,50,9750.850983,1.0
-14.0,50,9752.075895,1.0
-8.0,50,9753.29106,1.0
-12.0,50,9754.519295,1.0
-9.0,50,9755.73107,1.0
-6.0,50,9756.959217,1.0
-7.0,50,9758.192993,1.0
-8.0,50,9759.426879,1.0
-14.0,50,9760.64826,1.0
-10.0,50,9761.866602,1.0
-11.0,50,9763.09607,1.0
-15.0,50,9764.317004,1.0
-13.0,50,9765.534621,1.0
-6.0,50,9766.769038,1.0
-19.0,50,9767.998227,1.0
0.0,50,9769.224587,1.0
0.0,50,9770.447886,1.0
-5.0,50,9771.686496,1.0
-13.0,50,9772.903036,1.0
-6.0,50,9774.13141,1.0
-11.0,50,9775.367378,1.0
-5.0,50,9776.583121,1.0
-14.0,50,9777.79666,1.0
-17.0,50,9779.034724,1.0
0.0,50,9780.260323,1.0
-14.0,50,9781.481173,1.0
-18.0,50,9782.705158,1.0
-8.0,50,9783.954155,1.0
-9.0,50,9785.185567,1.0
-9.0,50,9786.409196,1.0
-12.0,50,9787.627944,1.0
-6.0,50,9788.858278,1.0
-15.0,50,9790.085198,1.0
-10.0,50,9791.301966,1.0
-10.0,50,9792.522702,1.0
0.0,50,9793.759956,1.0
-5.0,50,9794.986197,1.0
-15.0,50,9796.211965,1.0
-5.0,50,9797.455283,1.0
-6.0,50,9798.682655,1.0
-11.0,50,9799.899272,1.0
0.0,50,9801.136155,1.0
-10.0,50,9802.359995,1.0
-8.0,50,9803.591698,1.0
-13.0,50,9804.839139,1.0
-21.0,50,9806.067023,1.0
-7.0,50,9807.293555,1.0
-14.0,50,9808.531762,1.0
-10.0,50,9809.730874,1.0
-12.0,50,9810.943734,1.0
-10.0,50,9812.144628,1.0
-11.0,50,9813.356369,1.0
-8.0,50,9814.567261,1.0
-11.0,50,9815.783925,1.0
0.0,50,9816.976077,1.0
0.0,50,9818.191704,1.0
-13.0,50,9819.395412,1.0
-12.0,50,9820.603874,1.0
-12.0,50,9821.811971,1.0
-8.0,50,9823.035826,1.0
-9.0,50,9824.246622,1.0
-13.0,50,9825.449113,1.0
-10.0,50,9826.647516,1.0
-15.0,50,9827.875654,1.0
-15.0,50,9829.104716,1.0
-11.0,50,9830.331203,1.0
0.0,50,9831.541394,1.0
-13.0,50,9832.778407,1.0
-10.0,50,9834.022561,1.0
-10.0,50,9835.259981,1.0
0.0,50,9836.510052,1.0
-12.0,50,9837.755281,1.0
-18.0,50,9838.985321,1.0
0.0,50,9840.231581,1.0
-50.0,50,9841.460605,0.0
-9.0,50,9842.697407,1.0
-6.0,50,9843.936183,1.0
-26.0,50,9845.154796,1.0
-6.0,50,9846.388445,1.0
-16.0,50,9847.606222,1.0
-9.0,50,9848.801649,1.0
-12.0,50,9850.017134,1.0
-6.0,50,9851.213685,1.0
-7.0,50,9852.420042,1.0
0.0,50,9853.610619,1.0
-18.0,50,9854.811037,1.0
-12.0,50,9856.007028,1.0
-14.0,50,9857.235106,1.0
-13.0,50,9858.459512,1.0
-15.0,50,9859.668898,1.0
-14.0,50,9860.873929,1.0
-23.0,50,9862.107698,1.0
-19.0,50,9863.32912,1.0
-8.0,50,9864.553596,1.0
-27.0,50,9865.790424,1.0
-13.0,50,9867.006581,1.0
-13.0,50,9868.217411,1.0
-6.0,50,9869.43881,1.0
-5.0,50,9870.650409,1.0
-10.0,50,9871.882217,1.0
-11.0,50,9873.095626,1.0
-8.0,50,9874.326257,1.0
-18.0,50,9875.546219,1.0
-11.0,50,9876.768837,1.0
-10.0,50,9877.993365,1.0
-15.0,50,9879.218497,1.0
0.0,50,9880.43428,1.0
-18.0,50,9881.657483,1.0
-22.0,50,9882.857858,1.0
-13.0,50,9884.059493,1.0
-13.0,50,9885.26245,1.0
-8.0,50,9886.474006,1.0
-8.0,50,9887.679322,1.0
-12.0,50,9888.882627,1.0
-12.0,50,9890.080503,1.0
-10.0,50,9891.308846,1.0
-8.0,50,9892.513492,1.0
-11.0,50,9893.711568,1.0
-8.0,50,9894.927618,1.0
-12.0,50,9896.143196,1.0
-13.0,50,9897.351602,1.0
-14.0,50,9898.554506,1.0
-11.0,50,9899.761378,1.0
-6.0,50,9900.976192,1.0
-6.0,50,9902.173732,1.0
-8.0,50,9903.385453,1.0
-20.0,50,9904.590912,1.0
-12.0,50,9905.804251,1.0
-15.0,50,9907.008537,1.0
-5.0,50,9908.223367,1.0
-24.0,50,9909.423355,1.0
-10.0,50,9910.638012,1.0
-10.0,50,9911.854281,1.0
-10.0,50,9913.056226,1.0
-7.0,50,9914.257788,1.0
-12.0,50,9915.46754,1.0
-11.0,50,9916.670095,1.0
-12.0,50,9917.873545,1.0
-14.0,50,9919.067078,1.0
-12.0,50,9920.287699,1.0
-12.0,50,9921.504869,1.0
-9.0,50,9922.706487,1.0
-8.0,50,9923.911289,1.0
-12.0,50,9925.146172,1.0
-12.0,50,9926.354063,1.0
-10.0,50,9927.559299,1.0
-5.0,50,9928.77705,1.0
-12.0,50,9929.995992,1.0
-11.0,50,9931.192167,1.0
-15.0,50,9932.392372,1.0
-13.0,50,9933.584456,1.0
-8.0,50,9934.785122,1.0
-6.0,50,9935.992511,1.0
-17.0,50,9937.194924,1.0
-11.0,50,9938.391245,1.0
-11.0,50,9939.606912,1.0
-10.0,50,9940.815535,1.0
-10.0,50,9942.00762,1.0
-8.0,50,9943.209419,1.0
-8.0,50,9944.433145,1.0
-7.0,50,9945.62437,1.0
-12.0,50,9946.832837,1.0
-8.0,50,9948.033314,1.0
-10.0,50,9949.246728,1.0
-12.0,50,9950.449045,1.0
-13.0,50,9951.646629,1.0
0.0,50,9952.844676,1.0
-12.0,50,9954.065508,1.0
-6.0,50,9955.283102,1.0
-11.0,50,9956.628837,1.0
-10.0,50,9957.859622,1.0
-13.0,50,9959.073948,1.0
-8.0,50,9960.263496,1.0
-11.0,50,9961.469052,1.0
-8.0,50,9962.668119,1.0
-12.0,50,9963.874262,1.0
-5.0,50,9965.075075,1.0
-12.0,50,9966.282578,1.0
-8.0,50,9967.479532,1.0
-10.0,50,9968.700193,1.0
-7.0,50,9969.898563,1.0
-11.0,50,9971.099423,1.0
-14.0,50,9972.300496,1.0
-13.0,50,9973.515725,1.0
-5.0,50,9974.71806,1.0
-14.0,50,9975.921105,1.0
-14.0,50,9977.127552,1.0
-21.0,50,9978.344287,1.0
-8.0,50,9979.55987,1.0
-9.0,50,9980.765557,1.0
-8.0,50,9981.976315,1.0
-7.0,50,9983.202092,1.0
-13.0,50,9984.417669,1.0
-7.0,50,9985.634319,1.0
0.0,50,9986.8562,1.0
-25.0,50,9993.516582,1.0
-11.0,50,9994.701593,1.0
-13.0,50,9995.896673,1.0
-13.0,50,9997.100481,1.0
-7.0,50,9998.300535,1.0
-13.0,50,9999.496943,1.0
-13.0,50,10000.69734,1.0
-15.0,50,10001.894715,1.0
-35.0,50,10003.107695,1.0
-12.0,50,10004.301958,1.0
-6.0,50,10005.520339,1.0
-7.0,50,10006.730491,1.0
-12.0,50,10007.954987,1.0
0.0,50,10009.147872,1.0
0.0,50,10010.349554,1.0
-7.0,50,10011.564275,1.0
-16.0,50,10012.779829,1.0
-30.0,50,10013.973492,1.0
0.0,50,10015.186618,1.0
-5.0,50,10016.400651,1.0
-11.0,50,10017.609886,1.0
-13.0,50,10018.805126,1.0
-10.0,50,10020.000721,1.0
-12.0,50,10021.209444,1.0
-17.0,50,10022.429365,1.0
-6.0,50,10023.622377,1.0
-11.0,50,10024.826759,1.0
-14.0,50,10026.027428,1.0
-20.0,50,10027.234187,1.0
-12.0,50,10028.427042,1.0
-8.0,50,10029.611974,1.0
-8.0,50,10030.804062,1.0
-6.0,50,10032.010481,1.0
-8.0,50,10033.212616,1.0
-19.0,50,10034.414068,1.0
-10.0,50,10035.609378,1.0
-11.0,50,10036.833202,1.0
-19.0,50,10038.034669,1.0
-21.0,50,10039.230143,1.0
-18.0,50,10040.44029,1.0
-10.0,50,10041.668361,1.0
-7.0,50,10042.889125,1.0
-8.0,50,10044.100441,1.0
-6.0,50,10045.337483,1.0
-3.0,50,10046.56925,1.0
-9.0,50,10047.799116,1.0
-11.0,50,10049.023592,1.0
-13.0,50,10050.244153,1.0
-9.0,50,10051.456617,1.0
-2.0,50,10052.655026,1.0
-4.0,50,10053.845566,1.0
-14.0,50,10055.061011,1.0
-10.0,50,10056.268941,1.0
-11.0,50,10057.452862,1.0
-10.0,50,10058.655035,1.0
-5.0,50,10059.843074,1.0
-12.0,50,10061.048112,1.0
-11.0,50,10062.240585,1.0
-12.0,50,10063.444828,1.0
-10.0,50,10064.646933,1.0
-4.0,50,10065.859216,1.0
-8.0,50,10067.056281,1.0
-16.0,50,10068.258449,1.0
-5.0,50,10069.46165,1.0
-4.0,50,10070.671833,1.0
-17.0,50,10071.868885,1.0
-4.0,50,10073.069525,1.0
-9.0,50,10074.288248,1.0
-5.0,50,10075.509372,1.0
-15.0,50,10076.710462,1.0
-8.0,50,10077.91211,1.0
-5.0,50,10079.118123,1.0
-9.0,50,10080.318748,1.0
-19.0,50,10081.531537,1.0
-11.0,50,10082.753291,1.0
-11.0,50,10083.96872,1.0
0.0,50,10085.198751,1.0
-7.0,50,10086.438076,1.0
-10.0,50,10087.65692,1.0
-9.0,50,10088.878859,1.0
-9.0,50,10090.106079,1.0
-8.0,50,10091.33263,1.0
-13.0,50,10092.548815,1.0
-6.0,50,10093.778149,1.0
-9.0,50,10095.01101,1.0
-9.0,50,10096.240722,1.0
-28.0,50,10097.458359,1.0
-12.0,50,10098.688628,1.0
-50.0,50,10099.916301,0.0
-14.0,50,10101.121145,1.0
-11.0,50,10102.323419,1.0
-6.0,50,10103.545135,1.0
-8.0,50,10104.784251,1.0
-11.0,50,10106.002179,1.0
-4.0,50,10107.217915,1.0
-9.0,50,10108.44079,1.0
-4.0,50,10109.677365,1.0
-5.0,50,10110.911907,1.0
-15.0,50,10112.141193,1.0
-13.0,50,10113.384646,1.0
-17.0,50,10114.606317,1.0
-6.0,50,10115.791373,1.0
-9.0,50,10116.986113,1.0
-4.0,50,10118.228286,1.0
-12.0,50,10119.434252,1.0
-6.0,50,10120.638064,1.0
-20.0,50,10121.854683,1.0
-8.0,50,10123.065736,1.0
-8.0,50,10124.270202,1.0
-7.0,50,10125.464682,1.0
-8.0,50,10126.667115,1.0
-11.0,50,10127.857048,1.0
-6.0,50,10129.081047,1.0
-7.0,50,10130.285877,1.0
-14.0,50,10131.501078,1.0
-8.0,50,10132.698697,1.0
-11.0,50,10133.918741,1.0
-8.0,50,10135.159623,1.0
-10.0,50,10136.364278,1.0
0.0,50,10137.564957,1.0
-6.0,50,10138.782067,1.0
-12.0,50,10139.99417,1.0
-9.0,50,10141.208507,1.0
-10.0,50,10142.434968,1.0
-4.0,50,10143.672978,1.0
-8.0,50,10144.893862,1.0
-9.0,50,10146.10702,1.0
-10.0,50,10147.328672,1.0
-12.0,50,10148.540999,1.0
-11.0,50,10149.730741,1.0
-11.0,50,10150.915782,1.0
-9.0,50,10152.096864,1.0
-8.0,50,10153.298696,1.0
-9.0,50,10154.491132,1.0
-10.0,50,10155.696847,1.0
-10.0,50,10156.895245,1.0
-11.0,50,10158.104914,1.0
-12.0,50,10159.308226,1.0
-9.0,50,10160.505723,1.0
-14.0,50,10161.711533,1.0
-9.0,50,10162.90933,1.0
-13.0,50,10164.107783,1.0
-7.0,50,10165.304591,1.0
-5.0,50,10166.492651,1.0
-10.0,50,10167.702199,1.0
-13.0,50,10168.902925,1.0
-13.0,50,10170.103252,1.0
0.0,50,10171.285747,1.0
0.0,50,10172.499435,1.0
-12.0,50,10173.702618,1.0
0.0,50,10174.902597,1.0
-9.0,50,10176.104731,1.0
-20.0,50,10177.317649,1.0
-14.0,50,10178.5162,1.0
-6.0,50,10179.717893,1.0
-6.0,50,10180.90629,1.0
-9.0,50,10182.105222,1.0
-11.0,50,10183.296502,1.0
-11.0,50,10184.496304,1.0
-5.0,50,10185.696191,1.0
-6.0,50,10186.917751,1.0
-10.0,50,10188.120574,1.0
-10.0,50,10189.32291,1.0
-8.0,50,10190.527376,1.0
-8.0,50,10191.748603,1.0
-10.0,50,10192.939013,1.0
-9.0,50,10194.135828,1.0
-9.0,50,10195.33757,1.0
-10.0,50,10196.543492,1.0
-8.0,50,10197.750102,1.0
-13.0,50,10198.959849,1.0
-17.0,50,10200.147733,1.0
-8.0,50,10201.351208,1.0
-10.0,50,10202.535733,1.0
-22.0,50,10203.73018,1.0
-4.0,50,10204.931359,1.0
-12.0,50,10206.146795,1.0
-8.0,50,10207.346051,1.0
-8.0,50,10208.54287,1.0
0.0,50,10209.758861,1.0
0.0,50,10210.978258,1.0
-13.0,50,10212.18293,1.0
-7.0,50,10213.378357,1.0
-8.0,50,10214.564389,1.0
-23.0,50,10215.779832,1.0
-15.0,50,10216.983085,1.0
-9.0,50,10218.184703,1.0
-9.0,50,10219.379486,1.0
-8.0,50,10220.607248,1.0
-17.0,50,10221.797111,1.0
-25.0,50,10222.98899,1.0
-9.0,50,10224.191632,1.0
0.0,50,10225.419819,1.0
-18.0,50,10226.620194,1.0
-10.0,50,10227.845052,1.0
-18.0,50,10229.081768,1.0
0.0,50,10230.330588,1.0
-13.0,50,10231.553581,1.0
-9.0,50,10232.768253,1.0
-12.0,50,10233.995334,1.0
-5.0,50,10240.628506,1.0
-9.0,50,10241.848607,1.0
-8.0,50,10243.090827,1.0
-9.0,50,10244.305061,1.0
-10.0,50,10245.531134,1.0
0.0,50,10246.774647,1.0
-17.0,50,10247.993509,1.0
-11.0,50,10249.207402,1.0
-9.0,50,10250.461203,1.0
-15.0,50,10251.696062,1.0
-10.0,50,10252.916992,1.0
-7.0,50,10254.166471,1.0
-14.0,50,10255.40562,1.0
-6.0,50,10256.630526,1.0
-10.0,50,10257.859785,1.0
-9.0,50,10259.098904,1.0
-14.0,50,10260.342559,1.0
-16.0,50,10261.555479,1.0
-13.0,50,10262.776117,1.0
-3.0,50,10264.008132,1.0
-15.0,50,10265.245505,1.0
-13.0,50,10266.47795,1.0
-15.0,50,10267.700104,1.0
-50.0,50,10268.914191,0.0
-24.0,50,10270.151493,1.0
-9.0,50,10271.369906,1.0
0.0,50,10272.578699,1.0
-11.0,50,10273.799778,1.0
-15.0,50,10275.044616,1.0
-6.0,50,10276.28774,1.0
-6.0,50,10277.521446,1.0
-6.0,50,10278.758547,1.0
-12.0,50,10279.997592,1.0
-13.0,50,10281.205337,1.0
-14.0,50,10282.420711,1.0
-10.0,50,10283.647017,1.0
-9.0,50,10284.911202,1.0
-7.0,50,10286.120918,1.0
-9.0,50,10287.329516,1.0
-9.0,50,10288.545775,1.0
-17.0,50,10289.779124,1.0
-28.0,50,10291.003682,1.0
-7.0,50,10292.22883,1.0
-7.0,50,10293.451799,1.0
0.0,50,10294.707374,1.0
-8.0,50,10295.924803,1.0
-10.0,50,10297.140917,1.0
-4.0,50,10298.367165,1.0
-7.0,50,10299.6085,1.0
0.0,50,10300.819802,1.0
-7.0,50,10302.008183,1.0
-9.0,50,10303.211296,1.0
-10.0,50,10304.405266,1.0
-9.0,50,10305.608111,1.0
-36.0,50,10306.797513,0.0
0.0,50,10308.00542,1.0
-19.0,50,10309.224493,1.0
-6.0,50,10310.418683,1.0
-9.0,50,10311.624763,1.0
-14.0,50,10312.824003,1.0
-9.0,50,10314.027574,1.0
0.0,50,10315.258766,1.0
-15.0,50,10316.461939,1.0
-8.0,50,10317.648395,1.0
-13.0,50,10318.854671,1.0
-18.0,50,10320.060466,1.0
-8.0,50,10321.268125,1.0
-9.0,50,10322.466197,1.0
-8.0,50,10323.688656,1.0
-19.0,50,10324.887433,1.0
-13.0,50,10326.088461,1.0
-18.0,50,10327.302,1.0
-9.0,50,10328.507445,1.0
-10.0,50,10329.69965,1.0
-14.0,50,10330.89468,1.0
-13.0,50,10332.092471,1.0
-7.0,50,10333.299795,1.0
0.0,50,10334.495433,1.0
-9.0,50,10335.685182,1.0
-9.0,50,10336.874706,1.0
-5.0,50,10338.086128,1.0
-9.0,50,10339.288413,1.0
-23.0,50,10340.498409,1.0
-29.0,50,10341.698198,1.0
-14.0,50,10342.90066,1.0
-14.0,50,10344.118938,1.0
0.0,50,10345.344155,1.0
-16.0,50,10346.548225,1.0
-16.0,50,10347.768613,1.0
-9.0,50,10348.949211,1.0
-14.0,50,10350.132598,1.0
-11.0,50,10351.33894,1.0
-7.0,50,10352.543699,1.0
-21.0,50,10353.737026,1.0
-11.0,50,10354.931828,1.0
-11.0,50,10356.123417,1.0
-15.0,50,10357.317799,1.0
-16.0,50,10358.517854,1.0
-11.0,50,10359.703228,1.0
-24.0,50,10360.906484,1.0
-12.0,50,10362.127548,1.0
-9.0,50,10363.323184,1.0
-9.0,50,10364.51386,1.0
-13.0,50,10365.712144,1.0
-13.0,50,10366.925477,1.0
-15.0,50,10368.111859,1.0
0.0,50,10369.291587,1.0
-12.0,50,10370.483075,1.0
-9.0,50,10371.69702,1.0
-15.0,50,10372.885576,1.0
-13.0,50,10374.073707,1.0
-16.0,50,10375.281706,1.0
-10.0,50,10376.484516,1.0
-9.0,50,10377.672621,1.0
-6.0,50,10378.855423,1.0
-5.0,50,10380.059477,1.0
0.0,50,10381.280511,1.0
-7.0,50,10382.469931,1.0
-7.0,50,10383.666562,1.0
-7.0,50,10384.853614,1.0
-12.0,50,10386.050966,1.0
-7.0,50,10387.246142,1.0
-8.0,50,10388.451818,1.0
-10.0,50,10389.650244,1.0
-13.0,50,10390.85751,1.0
-18.0,50,10392.051779,1.0
-13.0,50,10393.248205,1.0
-8.0,50,10394.453836,1.0
-9.0,50,10395.660108,1.0
-10.0,50,10396.850685,1.0
-7.0,50,10398.032255,1.0
-9.0,50,10399.230573,1.0
-6.0,50,10400.452658,1.0
-13.0,50,10401.646843,1.0
-20.0,50,10402.8502,1.0
0.0,50,10404.059867,1.0
-22.0,50,10405.275826,1.0
-6.0,50,10406.46683,1.0
-7.0,50,10407.678626,1.0
-9.0,50,10408.900213,1.0
-5.0,50,10410.11543,1.0
-9.0,50,10411.33176,1.0
0.0,50,10412.55017,1.0
-10.0,50,10413.756401,1.0
-5.0,50,10414.979071,1.0
-14.0,50,10416.207546,1.0
0.0,50,10417.410891,1.0
-19.0,50,10418.616373,1.0
-11.0,50,10419.851179,1.0
-5.0,50,10421.058834,1.0
-7.0,50,10422.277291,1.0
-10.0,50,10423.493229,1.0
-18.0,50,10424.709315,1.0
-7.0,50,10425.927539,1.0
-12.0,50,10427.134649,1.0
-14.0,50,10428.349387,1.0
-10.0,50,10429.575734,1.0
-11.0,50,10430.767218,1.0
0.0,50,10431.975435,1.0
-13.0,50,10433.162545,1.0
-19.0,50,10434.397741,1.0
-14.0,50,10435.623867,1.0
-7.0,50,10436.84731,1.0
-4.0,50,10438.077038,1.0
0.0,50,10439.317082,1.0
-13.0,50,10440.528264,1.0
-12.0,50,10441.744865,1.0
-11.0,50,10442.962551,1.0
-9.0,50,10444.193319,1.0
-14.0,50,10445.413219,1.0
0.0,50,10446.650567,1.0
-14.0,50,10447.863987,1.0
0.0,50,10449.079774,1.0
-7.0,50,10450.29011,1.0
-12.0,50,10451.508355,0.0
-15.0,50,10452.721143,1.0
-13.0,50,10453.955251,1.0
-33.0,50,10455.17021,1.0
-34.0,50,10456.390137,1.0
-9.0,50,10457.61085,1.0
-11.0,50,10458.842864,1.0
-9.0,50,10460.050838,1.0
-19.0,50,10461.255373,1.0
-14.0,50,10462.437856,1.0
-18.0,50,10463.654391,1.0
-14.0,50,10464.87922,1.0
-23.0,50,10466.078523,1.0
-9.0,50,10467.289821,1.0
-23.0,50,10468.48951,1.0
-10.0,50,10469.686193,1.0
-9.0,50,10470.877992,1.0
-7.0,50,10472.079635,1.0
-9.0,50,10473.289505,1.0
-11.0,50,10474.477845,1.0
-17.0,50,10475.684688,1.0
-8.0,50,10476.896206,1.0
-9.0,50,10478.116142,1.0
-10.0,50,10479.318035,1.0
-8.0,50,10480.517854,1.0
-12.0,50,10481.721225,1.0
-12.0,50,10488.393043,1.0
-12.0,50,10489.623431,1.0
-5.0,50,10490.842124,1.0
-10.0,50,10492.062878,1.0
-11.0,50,10493.292174,1.0
-12.0,50,10494.531477,1.0
0.0,50,10495.765224,1.0
-9.0,50,10496.986717,1.0
-12.0,50,10498.225867,1.0
-12.0,50,10499.447181,1.0
-12.0,50,10500.660873,1.0
-7.0,50,10501.890727,1.0
-7.0,50,10503.120934,1.0
-12.0,50,10504.338015,1.0
-7.0,50,10505.551609,1.0
-19.0,50,10506.767176,1.0
-14.0,50,10508.006054,1.0
-6.0,50,10509.23466,1.0
-10.0,50,10510.469578,1.0
-15.0,50,10511.701418,1.0
-9.0,50,10512.95173,1.0
-6.0,50,10514.185405,1.0
-5.0,50,10515.413038,1.0
-8.0,50,10516.648144,1.0
-20.0,50,10517.888727,1.0
-7.0,50,10519.115991,1.0
-27.0,50,10520.34114,1.0
0.0,50,10521.574018,1.0
-15.0,50,10522.818706,1.0
-12.0,50,10524.04924,1.0
-22.0,50,10525.297494,1.0
-10.0,50,10526.511858,1.0
-11.0,50,10527.7696,1.0
0.0,50,10529.003261,1.0
-15.0,50,10530.221076,1.0
-13.0,50,10531.452915,1.0
-12.0,50,10532.697316,1.0
-9.0,50,10533.926433,1.0
-17.0,50,10535.154709,1.0
0.0,50,10536.371023,1.0
-13.0,50,10537.605564,1.0
-12.0,50,10538.830666,1.0
-13.0,50,10540.05709,1.0
-13.0,50,10541.278425,1.0
-12.0,50,10542.52272,1.0
-10.0,50,10543.759001,1.0
-13.0,50,10544.980161,1.0
-14.0,50,10546.197264,1.0
-9.0,50,10547.4416,1.0
-7.0,50,10548.673187,1.0
-12.0,50,10549.889015,1.0
-14.0,50,10551.122942,1.0
-17.0,50,10552.351862,1.0
-7.0,50,10553.572561,1.0
-11.0,50,10554.788151,1.0
-14.0,50,10555.975779,1.0
-4.0,50,10557.177665,1.0
-12.0,50,10558.37096,1.0
-13.0,50,10559.568958,1.0
-11.0,50,10560.756867,1.0
0.0,50,10561.97502,1.0
-9.0,50,10563.178414,1.0
-16.0,50,10564.373365,1.0
-9.0,50,10565.562549,1.0
-16.0,50,10566.769012,1.0
-10.0,50,10567.972509,1.0
-9.0,50,10569.171473,1.0
-9.0,50,10570.359843,1.0
-9.0,50,10571.565195,1.0
-8.0,50,10572.759248,1.0
-12.0,50,10573.961009,1.0
-8.0,50,10575.161575,1.0
-12.0,50,10576.359106,1.0
-8.0,50,10577.549717,1.0
-12.0,50,10578.761251,1.0
-6.0,50,10579.95954,1.0
-23.0,50,10581.174498,1.0
-5.0,50,10582.37782,1.0
-50.0,50,10583.592903,0.0
0.0,50,10584.808568,1.0
-10.0,50,10586.008672,1.0
-50.0,50,10587.192902,0.0
-4.0,50,10588.393924,1.0
-10.0,50,10589.600518,1.0
-7.0,50,10590.805084,1.0
-15.0,50,10592.008648,1.0
-10.0,50,10593.189982,1.0
-9.0,50,10594.396778,1.0
-11.0,50,10595.637418,1.0
-11.0,50,10596.855244,1.0
0.0,50,10598.079383,1.0
-10.0,50,10599.302144,1.0
0.0,50,10600.537524,1.0
0.0,50,10601.768305,1.0
-9.0,50,10602.995521,1.0
-13.0,50,10604.218304,1.0
-11.0,50,10605.462041,1.0
-19.0,50,10606.674424,1.0
0.0,50,10607.888397,1.0
-8.0,50,10609.111779,1.0
-9.0,50,10610.33646,1.0
-10.0,50,10611.555468,1.0
-13.0,50,10612.781097,1.0
-6.0,50,10614.023109,1.0
-12.0,50,10615.263896,1.0
-48.0,50,10616.484667,0.0
-8.0,50,10617.697926,1.0
-18.0,50,10618.921162,1.0
-13.0,50,10620.152781,1.0
-7.0,50,10621.366628,1.0
-15.0,50,10622.585078,1.0
-6.0,50,10623.796851,1.0
-14.0,50,10625.031093,1.0
-9.0,50,10626.24514,1.0
0.0,50,10627.461265,1.0
-7.0,50,10628.679155,1.0
-5.0,50,10629.91568,1.0
-7.0,50,10631.128572,1.0
-8.0,50,10632.345405,1.0
-11.0,50,10633.576005,1.0
-11.0,50,10634.779387,1.0
-9.0,50,10635.962085,1.0
-7.0,50,10637.145057,1.0
-19.0,50,10638.337758,1.0
-9.0,50,10639.553655,1.0
-8.0,50,10640.780378,1.0
-20.0,50,10642.008401,1.0
-9.0,50,10643.234238,1.0
-3.0,50,10644.484091,1.0
0.0,50,10645.702657,1.0
-17.0,50,10646.914416,1.0
-12.0,50,10648.121039,1.0
-5.0,50,10649.353606,1.0
-13.0,50,10650.565824,1.0
-8.0,50,10651.778724,1.0
-6.0,50,10652.993921,1.0
-12.0,50,10654.249077,1.0
-8.0,50,10655.468709,1.0
-20.0,50,10656.698372,1.0
-14.0,50,10657.932981,1.0
-12.0,50,10659.164426,1.0
-11.0,50,10660.39195,1.0
0.0,50,10661.611686,1.0
-11.0,50,10662.836137,1.0
-10.0,50,10664.069257,1.0
-7.0,50,10665.282495,1.0
-7.0,50,10666.500831,1.0
-8.0,50,10667.730651,1.0
-10.0,50,10668.97697,1.0
-14.0,50,10670.196239,1.0
-11.0,50,10671.413535,1.0
-3.0,50,10672.648974,1.0
0.0,50,10673.880871,1.0
-6.0,50,10675.133965,1.0
-20.0,50,10676.3597,1.0
-21.0,50,10677.583257,1.0
-11.0,50,10678.80903,1.0
-15.0,50,10680.034984,1.0
-5.0,50,10681.259459,1.0
-20.0,50,10682.488886,1.0
-7.0,50,10683.731486,1.0
-8.0,50,10684.946663,1.0
-14.0,50,10686.172633,1.0
-9.0,50,10687.405647,1.0
-10.0,50,10688.658685,1.0
-9.0,50,10689.885949,1.0
-20.0,50,10691.107179,1.0
-12.0,50,10692.342808,1.0
-10.0,50,10693.572127,1.0
-3.0,50,10694.792461,1.0
-14.0,50,10696.016623,1.0
-13.0,50,10697.236872,1.0
-6.0,50,10698.468959,1.0
-7.0,50,10699.689249,1.0
-16.0,50,10700.921422,1.0
-15.0,50,10702.147123,1.0
-13.0,50,10703.386578,1.0
-14.0,50,10704.632077,1.0
-11.0,50,10705.84786,1.0
-7.0,50,10707.069127,1.0
-6.0,50,10708.310751,1.0
-12.0,50,10709.531285,1.0
-10.0,50,10710.749901,1.0
-6.0,50,10711.965532,1.0
-6.0,50,10713.207955,1.0
-12.0,50,10714.437736,1.0
-10.0,50,10715.653361,1.0
-11.0,50,10716.877386,1.0
-14.0,50,10718.118548,1.0
-14.0,50,10719.33787,1.0
-12.0,50,10720.551926,1.0
-12.0,50,10721.778867,1.0
-7.0,50,10723.0113,1.0
-10.0,50,10724.232337,1.0
-9.0,50,10725.446424,1.0
-7.0,50,10726.66984,1.0
0.0,50,10727.898031,1.0
-10.0,50,10729.121381,1.0
-13.0,50,10730.348623,1.0
-8.0,50,10731.561871,1.0
0.0,50,10738.036269,1.0
-12.0,50,10739.259875,1.0
-6.0,50,10740.495446,1.0
-9.0,50,10741.721244,1.0
-27.0,50,10742.955257,1.0
-20.0,50,10744.188567,1.0
-14.0,50,10745.410265,1.0
0.0,50,10746.63242,1.0
-7.0,50,10747.875606,1.0
-14.0,50,10749.100032,1.0
-9.0,50,10750.313203,1.0
-10.0,50,10751.544446,1.0
-15.0,50,10752.778038,1.0
0.0,50,10753.99167,1.0
-11.0,50,10755.212324,1.0
-9.0,50,10756.424555,1.0
-23.0,50,10757.659637,1.0
-5.0,50,10758.881454,1.0
-11.0,50,10760.096173,1.0
0.0,50,10761.312326,1.0
-34.0,50,10762.547656,1.0
-10.0,50,10763.770901,1.0
-15.0,50,10765.02265,1.0
-11.0,50,10766.248538,1.0
-6.0,50,10767.48931,1.0
-13.0,50,10768.728438,1.0
-15.0,50,10769.943167,1.0
-11.0,50,10771.170598,1.0
-10.0,50,10772.412935,1.0
-11.0,50,10773.644808,1.0
-15.0,50,10774.868945,1.0
-7.0,50,10776.101161,1.0
-22.0,50,10777.341568,1.0
-7.0,50,10778.571149,1.0
0.0,50,10779.805655,1.0
-5.0,50,10781.037695,1.0
-8.0,50,10782.266663,1.0
-12.0,50,10783.48743,1.0
-8.0,50,10784.700699,1.0
-7.0,50,10785.914729,1.0
-13.0,50,10787.14142,1.0
-13.0,50,10788.360189,1.0
-6.0,50,10789.57346,1.0
-8.0,50,10790.78247,1.0
-22.0,50,10792.011757,1.0
-29.0,50,10793.234557,1.0
-13.0,50,10794.466691,1.0
-7.0,50,10795.66316,1.0
-4.0,50,10796.871257,1.0
-8.0,50,10798.073954,1.0
-12.0,50,10799.274297,1.0
-12.0,50,10800.469044,1.0
-10.0,50,10801.679443,1.0
-11.0,50,10802.879435,1.0
-10.0,50,10804.079034,1.0
-12.0,50,10805.283307,1.0
-7.0,50,10806.490223,1.0
-5.0,50,10807.678823,1.0
-10.0,50,10808.876609,1.0
-13.0,50,10810.078812,1.0
-7.0,50,10811.286043,1.0
-8.0,50,10812.483936,1.0
-10.0,50,10813.691538,1.0
-4.0,50,10814.903619,1.0
-10.0,50,10816.120956,1.0
-10.0,50,10817.314916,1.0
-16.0,50,10818.51565,1.0
-4.0,50,10819.734637,1.0
-9.0,50,10820.935169,1.0
0.0,50,10822.152217,1.0
-9.0,50,10823.369954,1.0
-9.0,50,10824.59917,1.0
-10.0,50,10825.8423,1.0
-9.0,50,10827.083677,1.0
-11.0,50,10828.315146,1.0
-7.0,50,10829.547904,1.0
-6.0,50,10830.779922,1.0
-23.0,50,10831.996741,1.0
-12.0,50,10833.225769,1.0
-10.0,50,10834.44646,1.0
-12.0,50,10835.698593,1.0
-14.0,50,10836.921993,1.0
-10.0,50,10838.148929,1.0
-9.0,50,10839.367934,1.0
-11.0,50,10840.608528,1.0
-13.0,50,10841.842426,1.0
-6.0,50,10843.061656,1.0
-16.0,50,10844.289855,1.0
-9.0,50,10845.553648,1.0
-13.0,50,10846.777426,1.0
-27.0,50,10848.010288,1.0
-10.0,50,10849.237882,1.0
-27.0,50,10850.449925,1.0
-7.0,50,10851.64279,1.0
-32.0,50,10852.833413,1.0
-12.0,50,10854.033142,1.0
-16.0,50,10855.25453,1.0
-7.0,50,10856.443578,1.0
0.0,50,10857.634706,1.0
-8.0,50,10858.829858,1.0
-7.0,50,10860.031285,1.0
-10.0,50,10861.221931,1.0
0.0,50,10862.414131,1.0
-13.0,50,10863.595691,1.0
0.0,50,10864.800542,1.0
-13.0,50,10866.031672,1.0
-10.0,50,10867.251753,1.0
-13.0,50,10868.472795,1.0
-20.0,50,10869.723823,1.0
-20.0,50,10870.954854,1.0
-5.0,50,10872.174956,1.0
-15.0,50,10873.40607,1.0
-11.0,50,10874.640385,1.0
-7.0,50,10875.873745,1.0
-6.0,50,10877.088869,1.0
0.0,50,10878.31319,1.0
-8.0,50,10879.546938,1.0
-10.0,50,10880.767389,1.0
-11.0,50,10881.994407,1.0
-9.0,50,10883.213317,1.0
-15.0,50,10884.462322,1.0
-11.0,50,10885.68217,1.0
-9.0,50,10886.908119,1.0
-9.0,50,10888.138923,1.0
-11.0,50,10889.373351,1.0
-12.0,50,10890.601728,1.0
-10.0,50,10891.817838,1.0
-13.0,50,10893.038584,1.0
-8.0,50,10894.271561,1.0
0.0,50,10895.489398,1.0
-15.0,50,10896.708027,1.0
-11.0,50,10897.918865,1.0
-11.0,50,10899.165199,1.0
-12.0,50,10900.393891,1.0
-7.0,50,10901.624255,1.0
-8.0,50,10902.842992,1.0
-14.0,50,10904.078505,1.0
-17.0,50,10905.281982,1.0
-5.0,50,10906.46854,1.0
-9.0,50,10907.651958,1.0
-7.0,50,10908.856238,1.0
-8.0,50,10910.046695,1.0
-14.0,50,10911.237773,1.0
-38.0,50,10912.438699,0.0
-10.0,50,10913.650442,1.0
-2.0,50,10914.855669,1.0
-5.0,50,10916.05097,1.0
-11.0,50,10917.243309,1.0
-11.0,50,10918.444739,1.0
-3.0,50,10919.629509,1.0
-16.0,50,10920.819971,1.0
-13.0,50,10922.009027,1.0
-46.0,50,10923.213906,0.0
-10.0,50,10924.401049,1.0
-10.0,50,10925.610143,1.0
-11.0,50,10926.799331,1.0
-11.0,50,10928.002594,1.0
-9.0,50,10929.196553,1.0
-10.0,50,10930.397769,1.0
-11.0,50,10931.589517,1.0
-10.0,50,10932.787063,1.0
-11.0,50,10933.981211,1.0
-13.0,50,10935.168032,1.0
-24.0,50,10936.358293,1.0
-7.0,50,10937.559241,1.0
-26.0,50,10938.755672,1.0
-10.0,50,10939.950665,1.0
-11.0,50,10941.149452,1.0
0.0,50,10942.353274,1.0
-10.0,50,10943.542026,1.0
-12.0,50,10944.748135,1.0
-6.0,50,10945.935246,1.0
-16.0,50,10947.15471,1.0
-6.0,50,10948.343487,1.0
-12.0,50,10949.548881,1.0
-8.0,50,10950.740856,1.0
-11.0,50,10951.942335,1.0
0.0,50,10953.139318,1.0
-2.0,50,10954.329424,1.0
-9.0,50,10955.531658,1.0
-17.0,50,10956.738929,1.0
-12.0,50,10957.935078,1.0
-10.0,50,10959.128333,1.0
-10.0,50,10960.325243,1.0
-8.0,50,10961.524298,1.0
-9.0,50,10962.70858,1.0
-10.0,50,10963.89596,1.0
-12.0,50,10965.085898,1.0
0.0,50,10966.299321,1.0
-14.0,50,10967.492898,1.0
-6.0,50,10968.690423,1.0
-6.0,50,10969.887036,1.0
0.0,50,10971.097508,1.0
-7.0,50,10972.2862,1.0
-15.0,50,10973.492932,1.0
-8.0,50,10974.698887,1.0
0.0,50,10975.897095,1.0
0.0,50,10977.100483,1.0
-10.0,50,10978.296266,1.0
-9.0,50,10979.481317,1.0
-13.0,50,10985.865927,1.0
-12.0,50,10987.061605,1.0
-15.0,50,10988.253855,1.0
0.0,50,10989.447725,1.0
-16.0,50,10990.647398,1.0
0.0,50,10991.853292,1.0
-13.0,50,10993.039261,1.0
-4.0,50,10994.237687,1.0
-16.0,50,10995.45206,1.0
-11.0,50,10996.651474,1.0
-7.0,50,10997.856812,1.0
-9.0,50,10999.050526,1.0
-12.0,50,11000.259647,1.0
-11.0,50,11001.470256,1.0
-12.0,50,11002.658092,1.0
-6.0,50,11003.857622,1.0
-9.0,50,11005.085753,1.0
-7.0,50,11006.284236,1.0
-6.0,50,11007.487531,1.0
-7.0,50,11008.68723,1.0
0.0,50,11009.890703,1.0
-7.0,50,11011.101986,1.0
-20.0,50,11012.294917,1.0
-11.0,50,11013.499041,1.0
-12.0,50,11014.706148,1.0
-11.0,50,11015.897482,1.0
-7.0,50,11017.088438,1.0
0.0,50,11018.273979,1.0
-10.0,50,11019.471955,1.0
-8.0,50,11020.661701,1.0
-6.0,50,11021.867211,1.0
-10.0,50,11023.060177,1.0
-26.0,50,11024.265232,0.0
-8.0,50,11025.460811,1.0
-11.0,50,11026.648707,1.0
-6.0,50,11027.838969,1.0
-18.0,50,11029.042598,1.0
-10.0,50,11030.235125,1.0
0.0,50,11031.421582,1.0
-19.0,50,11032.608546,1.0
-12.0,50,11033.812027,1.0
-10.0,50,11035.013899,1.0
0.0,50,11036.203187,1.0
-8.0,50,11037.392437,1.0
-11.0,50,11038.596835,1.0
-10.0,50,11039.785756,1.0
0.0,50,11040.967471,1.0
-17.0,50,11042.153811,1.0
0.0,50,11043.367579,1.0
-7.0,50,11044.556827,1.0
-30.0,50,11045.745608,1.0
-5.0,50,11046.937087,1.0
-9.0,50,11048.140784,1.0
-8.0,50,11049.330773,1.0
0.0,50,11050.525017,1.0
-9.0,50,11051.717255,1.0
-13.0,50,11052.941197,1.0
-6.0,50,11054.125059,1.0
-7.0,50,11055.312497,1.0
-36.0,50,11056.506695,0.0
-7.0,50,11057.71197,1.0
-5.0,50,11058.902083,1.0
-14.0,50,11060.095116,1.0
-4.0,50,11061.287243,1.0
-7.0,50,11062.490382,1.0
-13.0,50,11063.681515,1.0
-6.0,50,11064.899131,1.0
-10.0,50,11066.086858,1.0
-12.0,50,11067.29054,1.0
0.0,50,11068.476646,1.0
-19.0,50,11069.674875,1.0
-7.0,50,11070.866454,1.0
-20.0,50,11072.088575,1.0
-12.0,50,11073.274735,1.0
-8.0,50,11074.461895,1.0
-16.0,50,11075.652853,1.0
-6.0,50,11076.852986,1.0
-13.0,50,11078.040752,1.0
-11.0,50,11079.23023,1.0
-10.0,50,11080.4157,1.0
-8.0,50,11081.617131,1.0
-11.0,50,11082.803694,1.0
-7.0,50,11083.987006,1.0
-24.0,50,11085.182068,1.0
0.0,50,11086.378544,1.0
-10.0,50,11087.571994,1.0
-3.0,50,11088.765111,1.0
0.0,50,11089.967527,1.0
-13.0,50,11091.188561,1.0
-8.0,50,11092.376674,1.0
-15.0,50,11093.561996,1.0
-3.0,50,11094.764436,1.0
-8.0,50,11095.970159,1.0
-9.0,50,11097.15818,1.0
-6.0,50,11098.349572,1.0
-11.0,50,11099.530977,1.0
-5.0,50,11100.733943,1.0
-11.0,50,11101.923471,1.0
0.0,50,11103.123495,1.0
-11.0,50,11104.326623,1.0
0.0,50,11105.529673,1.0
-10.0,50,11106.714239,1.0
-5.0,50,11107.901706,1.0
-18.0,50,11109.092404,1.0
-19.0,50,11110.299896,1.0
-7.0,50,11111.48673,1.0
-11.0,50,11112.67268,1.0
-11.0,50,11113.869377,1.0
-11.0,50,11115.070542,1.0
-5.0,50,11116.255113,1.0
-7.0,50,11117.444359,1.0
-7.0,50,11118.626388,1.0
-8.0,50,11119.822635,1.0
-12.0,50,11121.020008,1.0
-12.0,50,11122.205974,1.0
-7.0,50,11123.395726,1.0
-8.0,50,11124.609404,1.0
-11.0,50,11125.80403,1.0
0.0,50,11127.007177,1.0
-10.0,50,11128.18886,1.0
-7.0,50,11129.391517,1.0
-4.0,50,11130.57325,1.0
-10.0,50,11131.764331,1.0
-24.0,50,11132.952528,1.0
-4.0,50,11134.154774,1.0
-10.0,50,11135.343878,1.0
-8.0,50,11136.537075,1.0
-11.0,50,11137.718513,1.0
-4.0,50,11138.921958,1.0
-11.0,50,11140.133703,1.0
-9.0,50,11141.323162,1.0
-50.0,50,11142.52279,0.0
0.0,50,11143.742847,1.0
-8.0,50,11144.930783,1.0
-12.0,50,11146.11643,1.0
-11.0,50,11147.302762,1.0
-9.0,50,11148.515814,1.0
-4.0,50,11149.714872,1.0
-9.0,50,11150.909508,1.0
-24.0,50,11152.108093,1.0
-11.0,50,11153.319601,1.0
-8.0,50,11154.526206,1.0
-15.0,50,11155.720882,1.0
-13.0,50,11156.916854,1.0
-12.0,50,11158.128446,1.0
-16.0,50,11159.316383,1.0
0.0,50,11160.49944,1.0
-7.0,50,11161.686834,1.0
-9.0,50,11162.889158,1.0
-5.0,50,11164.09621,1.0
-8.0,50,11165.283251,1.0
-14.0,50,11166.467396,1.0
-8.0,50,11167.732425,1.0
-13.0,50,11168.922618,1.0
-9.0,50,11170.114522,1.0
-11.0,50,11171.296645,1.0
0.0,50,11172.502135,1.0
-5.0,50,11173.696819,1.0
-18.0,50,11174.885387,1.0
-11.0,50,11176.075129,1.0
-16.0,50,11177.282574,1.0
-10.0,50,11178.471264,1.0
-48.0,50,11179.667404,0.0
-9.0,50,11180.85739,1.0
-11.0,50,11182.064689,1.0
-8.0,50,11183.265099,1.0
0.0,50,11184.486375,1.0
-9.0,50,11185.681163,1.0
-11.0,50,11186.935894,1.0
-5.0,50,11188.125439,1.0
-10.0,50,11189.331573,1.0
-8.0,50,11190.548097,1.0
-14.0,50,11191.787561,1.0
-9.0,50,11193.005636,1.0
-10.0,50,11194.233776,1.0
-11.0,50,11195.45377,1.0
-9.0,50,11196.685165,1.0
-8.0,50,11197.901183,1.0
-7.0,50,11199.122323,1.0
-9.0,50,11200.339157,1.0
-8.0,50,11201.572712,1.0
-41.0,50,11202.790899,0.0
-8.0,50,11204.013509,1.0
-16.0,50,11205.231229,1.0
-10.0,50,11206.473534,1.0
-13.0,50,11207.698496,1.0
-7.0,50,11208.909731,1.0
-3.0,50,11210.128665,1.0
-10.0,50,11211.367515,1.0
-10.0,50,11212.584279,1.0
-15.0,50,11213.77536,1.0
-16.0,50,11214.993495,1.0
-7.0,50,11216.209698,1.0
-7.0,50,11217.407421,1.0
-9.0,50,11218.617954,1.0
-11.0,50,11219.813176,1.0
-11.0,50,11221.02687,1.0
-7.0,50,11222.216725,1.0
-8.0,50,11223.407875,1.0
-4.0,50,11224.611912,1.0
-5.0,50,11231.047897,1.0
-6.0,50,11232.240838,1.0
-10.0,50,11233.442576,1.0
-8.0,50,11234.662875,1.0
-14.0,50,11235.897816,1.0
-9.0,50,11237.120877,1.0
0.0,50,11238.335375,1.0
-12.0,50,11239.561471,1.0
-11.0,50,11240.801208,1.0
-15.0,50,11242.014147,1.0
-18.0,50,11243.231586,1.0
0.0,50,11244.459155,1.0
-9.0,50,11245.662063,1.0
-50.0,50,11246.869957,0.0
-11.0,50,11248.074098,1.0
-30.0,50,11249.273846,1.0
-10.0,50,11250.497081,1.0
-14.0,50,11251.701134,1.0
-14.0,50,11252.90712,1.0
-8.0,50,11254.105097,1.0
-36.0,50,11255.318976,1.0
-12.0,50,11256.508816,1.0
-11.0,50,11257.704854,1.0
-9.0,50,11258.902842,1.0
-18.0,50,11260.113987,1.0
-10.0,50,11261.304079,1.0
-8.0,50,11262.492103,1.0
-9.0,50,11263.686929,1.0
-2.0,50,11264.893404,1.0
-27.0,50,11266.096517,0.0
-8.0,50,11267.303493,1.0
-15.0,50,11268.500852,1.0
-11.0,50,11269.737947,1.0
-6.0,50,11270.933062,1.0
-23.0,50,11272.157526,1.0
-10.0,50,11273.389109,1.0
-6.0,50,11274.649183,1.0
-12.0,50,11275.86603,1.0
-11.0,50,11277.088397,1.0
-10.0,50,11278.300033,1.0
-7.0,50,11279.532767,1.0
-4.0,50,11280.757463,1.0
-16.0,50,11281.952488,1.0
0.0,50,11283.137925,1.0
-7.0,50,11284.35085,1.0
-11.0,50,11285.545598,1.0
0.0,50,11286.733383,1.0
-15.0,50,11287.92095,1.0
-13.0,50,11289.134431,0.0
0.0,50,11290.321903,1.0
0.0,50,11291.510035,1.0
0.0,50,11292.695322,1.0
-11.0,50,11293.897395,1.0
-13.0,50,11295.080513,1.0
-8.0,50,11296.266173,1.0
-5.0,50,11297.452105,1.0
-8.0,50,11298.64787,1.0
-5.0,50,11299.835822,1.0
-14.0,50,11301.023938,1.0
-10.0,50,11302.240405,1.0
-8.0,50,11303.476473,1.0
-8.0,50,11304.707134,1.0
-12.0,50,11305.924385,1.0
-7.0,50,11307.145968,1.0
-4.0,50,11308.36844,1.0
-8.0,50,11309.579861,1.0
-12.0,50,11310.797215,1.0
-6.0,50,11312.017139,1.0
-13.0,50,11313.244294,1.0
-12.0,50,11314.473113,1.0
-12.0,50,11315.693714,1.0
-9.0,50,11316.907387,1.0
-8.0,50,11318.131378,1.0
-8.0,50,11319.341062,1.0
-14.0,50,11320.550281,1.0
-29.0,50,11321.765009,1.0
-11.0,50,11322.995031,1.0
-12.0,50,11324.210833,1.0
-9.0,50,11325.439617,1.0
-10.0,50,11326.650592,1.0
-11.0,50,11327.880989,1.0
-8.0,50,11329.102607,1.0
-9.0,50,11330.313175,1.0
-15.0,50,11331.531909,1.0
-6.0,50,11332.772575,1.0
-16.0,50,11333.97826,1.0
-7.0,50,11335.213891,1.0
-19.0,50,11336.429128,1.0
-8.0,50,11337.650169,1.0
-7.0,50,11338.866753,1.0
0.0,50,11340.08789,1.0
-7.0,50,11341.29988,1.0
-8.0,50,11342.534616,1.0
0.0,50,11343.753965,1.0
-13.0,50,11344.956742,1.0
-14.0,50,11346.16209,1.0
-9.0,50,11347.373388,1.0
0.0,50,11348.586651,1.0
-7.0,50,11349.788519,1.0
-9.0,50,11351.00533,1.0
-11.0,50,11352.229848,1.0
-7.0,50,11353.428512,1.0
-20.0,50,11354.634915,1.0
-7.0,50,11355.842155,1.0
-50.0,50,11357.056674,0.0
-7.0,50,11358.256477,1.0
-15.0,50,11359.454154,1.0
0.0,50,11360.667334,1.0
-11.0,50,11361.880335,1.0
0.0,50,11363.077305,1.0
-7.0,50,11364.293259,1.0
-8.0,50,11365.492877,1.0
-9.0,50,11366.702113,1.0
-7.0,50,11367.901331,1.0
-7.0,50,11369.109182,1.0
-6.0,50,11370.30963,1.0
-13.0,50,11371.525379,1.0
-8.0,50,11372.721851,1.0
-15.0,50,11373.922532,1.0
-9.0,50,11375.113614,1.0
-7.0,50,11376.370918,1.0
-11.0,50,11377.563298,1.0
-4.0,50,11378.760109,1.0
-50.0,50,11379.951883,0.0
-11.0,50,11381.18268,1.0
-24.0,50,11382.379655,1.0
-9.0,50,11383.580599,1.0
-5.0,50,11384.772215,1.0
-13.0,50,11385.99114,1.0
-15.0,50,11387.189597,1.0
-11.0,50,11388.387778,1.0
-8.0,50,11389.596172,1.0
-14.0,50,11390.819882,1.0
-18.0,50,11392.006086,1.0
-10.0,50,11393.200537,1.0
-7.0,50,11394.424704,1.0
-10.0,50,11395.639177,1.0
-50.0,50,11396.842119,0.0
-13.0,50,11398.041272,1.0
-8.0,50,11399.245796,1.0
-13.0,50,11400.462352,1.0
-1.0,50,11401.661774,1.0
-4.0,50,11402.857519,1.0
0.0,50,11404.057179,1.0
-12.0,50,11405.278168,1.0
0.0,50,11406.489458,1.0
-9.0,50,11407.690586,1.0
-7.0,50,11408.895785,1.0
-16.0,50,11410.113436,1.0
-12.0,50,11411.314134,1.0
-10.0,50,11412.51878,1.0
-11.0,50,11413.723364,1.0
-13.0,50,11414.929617,1.0
-17.0,50,11416.129251,1.0
-9.0,50,11417.324141,1.0
-10.0,50,11418.521355,1.0
-14.0,50,11419.733149,1.0
-12.0,50,11420.92414,1.0
-8.0,50,11422.146248,1.0
-7.0,50,11423.365481,1.0
-6.0,50,11424.60655,1.0
-10.0,50,11425.812415,1.0
-6.0,50,11427.036532,1.0
-5.0,50,11428.258143,1.0
-19.0,50,11429.479872,1.0
-9.0,50,11430.704194,1.0
-17.0,50,11431.9255,1.0
-19.0,50,11433.136975,1.0
-9.0,50,11434.376251,1.0
-13.0,50,11435.602111,1.0
-11.0,50,11436.828602,1.0
-18.0,50,11438.04216,1.0
-5.0,50,11439.281456,1.0
-7.0,50,11440.510107,1.0
-11.0,50,11441.72666,1.0
-7.0,50,11442.952992,1.0
-8.0,50,11444.186309,1.0
-9.0,50,11445.399209,1.0
-12.0,50,11446.613801,1.0
-10.0,50,11447.829043,1.0
-11.0,50,11449.045633,1.0
-15.0,50,11450.253521,1.0
-11.0,50,11451.475206,1.0
-11.0,50,11452.697792,1.0
-9.0,50,11453.928488,1.0
0.0,50,11455.174881,1.0
-19.0,50,11456.39058,1.0
0.0,50,11457.607582,1.0
-10.0,50,11458.836276,1.0
-7.0,50,11460.032304,1.0
-5.0,50,11461.232545,1.0
-5.0,50,11462.424281,1.0
-10.0,50,11463.645829,1.0
-10.0,50,11464.83785,1.0
-18.0,50,11466.028861,1.0
-12.0,50,11467.22825,1.0
-7.0,50,11468.448438,1.0
-6.0,50,11469.653256,1.0
-9.0,50,11470.87738,1.0
-11.0,50,11472.091775,1.0
-10.0,50,11478.716669,1.0
-12.0,50,11479.939139,1.0
0.0,50,11481.167624,1.0
-11.0,50,11482.396472,1.0
-7.0,50,11483.63669,1.0
0.0,50,11484.867781,1.0
-5.0,50,11486.077339,1.0
-9.0,50,11487.304682,1.0
-5.0,50,11488.527669,1.0
-9.0,50,11489.735991,1.0
-5.0,50,11490.936029,1.0
-13.0,50,11492.141743,1.0
-11.0,50,11493.348535,1.0
-9.0,50,11494.552677,1.0
-17.0,50,11495.752337,1.0
-9.0,50,11496.951722,1.0
-14.0,50,11498.168693,1.0
-11.0,50,11499.364579,1.0
-4.0,50,11500.587587,1.0
-8.0,50,11501.79334,1.0
-28.0,50,11503.002675,1.0
0.0,50,11504.212188,1.0
0.0,50,11505.410002,1.0
-16.0,50,11506.605947,1.0
-6.0,50,11507.827766,1.0
-6.0,50,11509.028709,1.0
-8.0,50,11510.227235,1.0
-7.0,50,11511.446239,1.0
-17.0,50,11512.685393,1.0
-9.0,50,11513.904977,1.0
-8.0,50,11515.132631,1.0
-35.0,50,11516.349818,1.0
-12.0,50,11517.587203,1.0
-7.0,50,11518.809786,1.0
-9.0,50,11520.029308,1.0
-9.0,50,11521.244784,1.0
-15.0,50,11522.4839,1.0
-7.0,50,11523.69779,1.0
-6.0,50,11524.919946,1.0
-11.0,50,11526.152443,1.0
-11.0,50,11527.404662,1.0
-6.0,50,11528.621704,1.0
-15.0,50,11529.851057,1.0
-8.0,50,11531.066788,1.0
-26.0,50,11532.296147,1.0
-7.0,50,11533.516394,1.0
-8.0,50,11534.7493,1.0
0.0,50,11535.996184,1.0
-13.0,50,11537.234108,1.0
-7.0,50,11538.474792,1.0
-14.0,50,11539.705554,1.0
-10.0,50,11540.930338,1.0
-7.0,50,11542.152811,1.0
-8.0,50,11543.354007,1.0
-8.0,50,11544.561008,1.0
-42.0,50,11545.764695,1.0
0.0,50,11546.984013,1.0
-11.0,50,11548.187887,1.0
-11.0,50,11549.397864,1.0
-9.0,50,11550.598212,1.0
-6.0,50,11551.827148,1.0
0.0,50,11553.032695,1.0
-9.0,50,11554.244743,1.0
-12.0,50,11555.439737,1.0
-13.0,50,11556.662114,1.0
-6.0,50,11557.869881,1.0
-12.0,50,11559.075128,1.0
-20.0,50,11560.271544,1.0
-10.0,50,11561.476949,1.0
-8.0,50,11562.681157,1.0
-6.0,50,11563.889126,1.0
-11.0,50,11565.091834,1.0
-12.0,50,11566.312254,1.0
-7.0,50,11567.526605,1.0
-5.0,50,11568.743164,1.0
-8.0,50,11569.938239,1.0
-9.0,50,11571.157412,1.0
-9.0,50,11572.350569,1.0
-15.0,50,11573.547548,1.0
-8.0,50,11574.77243,1.0
-11.0,50,11575.99358,1.0
-5.0,50,11577.18847,1.0
-15.0,50,11578.38589,1.0
-7.0,50,11579.592925,1.0
-12.0,50,11580.807483,1.0
-12.0,50,11582.007631,1.0
-2.0,50,11583.210059,1.0
-7.0,50,11584.417774,1.0
-8.0,50,11585.631582,1.0
-13.0,50,11586.834547,1.0
-5.0,50,11588.027366,1.0
-8.0,50,11589.223248,1.0
-14.0,50,11590.434713,1.0
-8.0,50,11591.648134,1.0
-6.0,50,11592.845581,1.0
-14.0,50,11594.041682,1.0
-8.0,50,11595.248216,1.0
-5.0,50,11596.457976,1.0
-10.0,50,11597.659256,1.0
-12.0,50,11598.85786,1.0
-7.0,50,11600.07448,1.0
-11.0,50,11601.28357,1.0
0.0,50,11602.471727,1.0
-14.0,50,11603.672463,1.0
-11.0,50,11604.906601,1.0
-7.0,50,11606.110811,1.0
-16.0,50,11607.315026,1.0
-8.0,50,11608.514227,1.0
-8.0,50,11609.745823,1.0
0.0,50,11610.93696,1.0
0.0,50,11612.140931,1.0
0.0,50,11613.33877,1.0
-5.0,50,11614.552197,1.0
-8.0,50,11615.753841,1.0
-11.0,50,11616.952991,1.0
-9.0,50,11618.154101,1.0
-10.0,50,11619.367254,1.0
0.0,50,11620.563139,1.0
-11.0,50,11621.756996,1.0
-7.0,50,11622.955639,1.0
-6.0,50,11624.162329,1.0
0.0,50,11625.361843,1.0
-10.0,50,11626.553773,1.0
-12.0,50,11627.763119,1.0
-9.0,50,11628.975369,1.0
-9.0,50,11630.180239,1.0
-8.0,50,11631.381212,1.0
0.0,50,11632.578107,1.0
-9.0,50,11633.786541,1.0
-9.0,50,11635.001309,1.0
-8.0,50,11636.196199,1.0
-13.0,50,11637.391328,1.0
-11.0,50,11638.601854,1.0
0.0,50,11639.792793,1.0
-14.0,50,11640.99027,1.0
-9.0,50,11642.192978,1.0
-8.0,50,11643.406147,1.0
-6.0,50,11644.604048,1.0
-8.0,50,11645.80418,1.0
-5.0,50,11647.000414,1.0
-10.0,50,11648.198684,1.0
-16.0,50,11649.400387,1.0
-13.0,50,11650.591888,1.0
-7.0,50,11651.797046,1.0
-12.0,50,11653.004739,1.0
-9.0,50,11654.206359,1.0
-4.0,50,11655.409602,1.0
0.0,50,11656.611659,1.0
0.0,50,11657.823884,1.0
-11.0,50,11659.015634,1.0
-11.0,50,11660.220477,1.0
-5.0,50,11661.43301,1.0
-9.0,50,11662.653623,1.0
-6.0,50,11663.848174,1.0
-10.0,50,11665.067407,1.0
-9.0,50,11666.271068,1.0
-6.0,50,11667.497934,1.0
-8.0,50,11668.71568,1.0
-8.0,50,11669.918704,1.0
-10.0,50,11671.12705,1.0
-4.0,50,11672.337988,1.0
-12.0,50,11673.538426,1.0
-7.0,50,11674.740842,1.0
-9.0,50,11675.941399,1.0
-8.0,50,11677.157736,1.0
-7.0,50,11678.354698,1.0
-8.0,50,11679.557581,1.0
-8.0,50,11680.755481,1.0
-26.0,50,11681.96889,1.0
-6.0,50,11683.168131,1.0
-7.0,50,11684.3722,1.0
-11.0,50,11685.576359,1.0
-5.0,50,11686.795615,1.0
-11.0,50,11687.994251,1.0
-6.0,50,11689.193219,1.0
-13.0,50,11690.395684,1.0
0.0,50,11691.625051,1.0
-6.0,50,11692.821241,1.0
-7.0,50,11694.035854,1.0
-10.0,50,11695.244223,1.0
-6.0,50,11696.445338,1.0
-7.0,50,11697.640332,1.0
-17.0,50,11698.833135,1.0
-12.0,50,11700.032361,1.0
-14.0,50,11701.241471,1.0
-10.0,50,11702.44459,1.0
-13.0,50,11703.630186,1.0
-10.0,50,11704.83079,1.0
-5.0,50,11706.056315,1.0
-10.0,50,11707.254817,1.0
-10.0,50,11708.457211,1.0
-15.0,50,11709.654074,1.0
-5.0,50,11710.872479,1.0
-9.0,50,11712.070279,1.0
-12.0,50,11713.260218,1.0
-11.0,50,11714.461833,1.0
-14.0,50,11715.66839,1.0
-8.0,50,11716.875703,1.0
-6.0,50,11718.068449,1.0
-19.0,50,11719.269117,1.0
-7.0,50,11725.827664,1.0
-7.0,50,11727.043044,1.0
-5.0,50,11728.237016,1.0
-13.0,50,11729.436414,1.0
-17.0,50,11730.661426,1.0
-7.0,50,11731.864405,1.0
-16.0,50,11733.068941,1.0
-10.0,50,11734.272297,1.0
-10.0,50,11735.495951,1.0
0.0,50,11736.698594,1.0
-10.0,50,11737.902986,1.0
-13.0,50,11739.107129,1.0
-9.0,50,11740.322376,1.0
-8.0,50,11741.526116,1.0
-9.0,50,11742.735183,1.0
-11.0,50,11743.940639,1.0
-9.0,50,11745.170016,1.0
-11.0,50,11746.38977,1.0
0.0,50,11747.595113,1.0
-9.0,50,11748.800268,1.0
-11.0,50,11750.011079,1.0
-11.0,50,11751.212496,1.0
-5.0,50,11752.407717,1.0
-17.0,50,11753.60354,1.0
-30.0,50,11754.844376,1.0
-5.0,50,11756.049079,1.0
-12.0,50,11757.263653,1.0
-5.0,50,11758.46958,1.0
-8.0,50,11759.685906,1.0
-9.0,50,11760.884352,1.0
-8.0,50,11762.09015,1.0
-15.0,50,11763.289144,1.0
-10.0,50,11764.517559,1.0
-13.0,50,11765.727184,1.0
0.0,50,11766.924174,1.0
-10.0,50,11768.132458,1.0
-8.0,50,11769.347191,1.0
-5.0,50,11770.551354,1.0
-9.0,50,11771.763483,1.0
-8.0,50,11772.960968,1.0
-12.0,50,11774.164116,1.0
-9.0,50,11775.364554,1.0
-8.0,50,11776.565696,1.0
-16.0,50,11777.766726,1.0
-22.0,50,11778.978845,1.0
-16.0,50,11780.172711,1.0
-11.0,50,11781.369648,1.0
-12.0,50,11782.573805,1.0
-13.0,50,11783.794633,1.0
-8.0,50,11784.999584,1.0
-19.0,50,11786.207497,1.0
-7.0,50,11787.406562,1.0
-5.0,50,11788.614483,1.0
0.0,50,11789.811102,1.0
-10.0,50,11791.007701,1.0
-14.0,50,11792.211449,1.0
-6.0,50,11793.429101,1.0
-6.0,50,11794.61927,1.0
-8.0,50,11795.817359,1.0
-14.0,50,11797.005139,1.0
-7.0,50,11798.203502,1.0
-11.0,50,11799.398008,1.0
-12.0,50,11800.596011,1.0
-8.0,50,11801.795599,1.0
-13.0,50,11803.003294,1.0
-17.0,50,11804.201889,1.0
0.0,50,11805.395224,1.0
-10.0,50,11806.593583,1.0
-15.0,50,11807.801142,1.0
-9.0,50,11809.006773,1.0
-8.0,50,11810.21131,1.0
-6.0,50,11811.409267,1.0
-10.0,50,11812.616336,1.0
-10.0,50,11813.814995,1.0
-7.0,50,11815.022906,1.0
-13.0,50,11816.226233,1.0
0.0,50,11817.442041,1.0
0.0,50,11818.646526,1.0
-9.0,50,11819.875136,1.0
-9.0,50,11821.09087,1.0
-8.0,50,11822.329444,1.0
-5.0,50,11823.558302,1.0
-6.0,50,11824.786316,1.0
-11.0,50,11826.01203,1.0
-11.0,50,11827.250314,1.0
-7.0,50,11828.476891,1.0
-10.0,50,11829.702009,1.0
-11.0,50,11830.928398,1.0
-23.0,50,11832.156008,1.0
-7.0,50,11833.379685,1.0
-8.0,50,11834.601382,1.0
-17.0,50,11835.820229,1.0
-24.0,50,11837.056859,1.0
0.0,50,11838.281405,1.0
0.0,50,11839.492324,1.0
-13.0,50,11840.683205,1.0
-8.0,50,11841.889459,1.0
-7.0,50,11843.075322,1.0
-5.0,50,11844.305831,1.0
-25.0,50,11845.529264,1.0
-8.0,50,11846.769853,1.0
-6.0,50,11847.961666,1.0
-16.0,50,11849.160935,1.0
-10.0,50,11850.354573,1.0
-7.0,50,11851.57767,1.0
-10.0,50,11852.772286,1.0
0.0,50,11853.980541,1.0
-15.0,50,11855.178997,1.0
-5.0,50,11856.392063,1.0
-21.0,50,11857.59284,1.0
-8.0,50,11858.78998,1.0
-6.0,50,11859.995317,1.0
-14.0,50,11861.206273,1.0
-16.0,50,11862.415726,1.0
-11.0,50,11863.614154,1.0
-35.0,50,11864.82127,1.0
-8.0,50,11866.031784,1.0
-13.0,50,11867.234746,1.0
-8.0,50,11868.447468,1.0
-12.0,50,11869.661989,1.0
-7.0,50,11870.892524,1.0
-11.0,50,11872.117301,1.0
-8.0,50,11873.338791,1.0
-10.0,50,11874.574544,1.0
-9.0,50,11875.830338,1.0
-49.0,50,11877.041306,0.0
-8.0,50,11878.260442,1.0
0.0,50,11879.477555,1.0
-21.0,50,11880.717477,1.0
-14.0,50,11881.942156,1.0
-8.0,50,11883.162122,1.0
-6.0,50,11884.378289,1.0
-9.0,50,11885.604154,1.0
-8.0,50,11886.824845,1.0
-10.0,50,11888.041136,1.0
-22.0,50,11889.261506,1.0
-12.0,50,11890.490442,1.0
-10.0,50,11891.706691,1.0
-9.0,50,11892.929422,1.0
-24.0,50,11894.150809,1.0
-10.0,50,11895.380533,1.0
-8.0,50,11896.596669,1.0
-14.0,50,11897.814527,1.0
-9.0,50,11899.044619,1.0
-4.0,50,11900.274245,1.0
-12.0,50,11901.492426,1.0
-8.0,50,11902.709843,1.0
-7.0,50,11903.92833,1.0
-13.0,50,11905.180326,1.0
-11.0,50,11906.40382,1.0
-13.0,50,11907.624724,1.0
-7.0,50,11908.839504,1.0
-10.0,50,11910.071692,1.0
-7.0,50,11911.289657,1.0
-13.0,50,11912.504684,1.0
-8.0,50,11913.719227,1.0
-12.0,50,11914.946507,1.0
-6.0,50,11916.167727,1.0
-7.0,50,11917.389618,1.0
-14.0,50,11918.604538,1.0
-14.0,50,11919.841882,1.0
-8.0,50,11921.058254,1.0
-7.0,50,11922.273418,1.0
-10.0,50,11923.490572,1.0
-9.0,50,11924.733452,1.0
-10.0,50,11925.945141,1.0
-9.0,50,11927.166308,1.0
-17.0,50,11928.383899,1.0
-12.0,50,11929.613073,1.0
-27.0,50,11930.841624,1.0
-12.0,50,11932.064186,1.0
-6.0,50,11933.291447,1.0
-9.0,50,11934.537112,1.0
-11.0,50,11935.76422,1.0
-19.0,50,11936.981793,1.0
-10.0,50,11938.218366,1.0
-22.0,50,11939.448276,1.0
-10.0,50,11940.669164,1.0
-7.0,50,11941.89504,1.0
-5.0,50,11943.131616,1.0
0.0,50,11944.373456,1.0
-13.0,50,11945.593988,1.0
-9.0,50,11946.820472,1.0
-8.0,50,11948.058587,1.0
-11.0,50,11949.296946,1.0
-10.0,50,11950.527857,1.0
-12.0,50,11951.755389,1.0
-12.0,50,11952.971573,1.0
-18.0,50,11954.212615,1.0
-11.0,50,11955.428658,1.0
-11.0,50,11956.646977,1.0
-9.0,50,11957.876845,1.0
-11.0,50,11959.112364,1.0
-10.0,50,11960.329372,1.0
-5.0,50,11961.557145,1.0
-6.0,50,11962.783991,1.0
-12.0,50,11964.013803,1.0
-9.0,50,11965.248804,1.0
-18.0,50,11966.477387,1.0
-11.0,50,11967.692769,1.0
-8.0,50,11974.212213,1.0
0.0,50,11975.436985,1.0
-12.0,50,11976.658497,1.0
-8.0,50,11977.879469,1.0
-9.0,50,11979.103135,1.0
-8.0,50,11980.325046,1.0
-8.0,50,11981.542477,1.0
-8.0,50,11982.766765,1.0
-8.0,50,11984.003049,1.0
-19.0,50,11985.231424,1.0
-12.0,50,11986.454982,1.0
-11.0,50,11987.675163,1.0
-12.0,50,11988.906822,1.0
-24.0,50,11990.132901,1.0
-10.0,50,11991.367746,1.0
-14.0,50,11992.585015,1.0
-12.0,50,11993.813182,1.0
-5.0,50,11995.032768,1.0
-9.0,50,11996.228923,1.0
-3.0,50,11997.437474,1.0
-10.0,50,11998.660007,1.0
-14.0,50,11999.854062,1.0
-6.0,50,12001.062089,1.0
-18.0,50,12002.267578,1.0
-12.0,50,12003.478972,1.0
-47.0,50,12004.690884,0.0
-8.0,50,12005.884266,1.0
-10.0,50,12007.081983,1.0
-11.0,50,12008.285451,1.0
-12.0,50,12009.476514,1.0
-8.0,50,12010.676113,1.0
-8.0,50,12011.886708,1.0
-10.0,50,12013.096699,1.0
-6.0,50,12014.334025,1.0
-16.0,50,12015.547812,1.0
-8.0,50,12016.765854,1.0
-10.0,50,12018.000557,1.0
-8.0,50,12019.21717,1.0
-11.0,50,12020.434402,1.0
-6.0,50,12021.654957,1.0
-11.0,50,12022.883174,1.0
-7.0,50,12024.101185,1.0
0.0,50,12025.33973,1.0
-9.0,50,12026.559562,1.0
-20.0,50,12027.793512,1.0
-6.0,50,12029.010754,1.0
-7.0,50,12030.222825,1.0
-11.0,50,12031.439008,1.0
-16.0,50,12032.676171,1.0
-8.0,50,12033.892426,1.0
-12.0,50,12035.106839,1.0
-9.0,50,12036.336518,1.0
-9.0,50,12037.559484,1.0
-10.0,50,12038.782774,1.0
-5.0,50,12040.005053,1.0
-9.0,50,12041.224044,1.0
-8.0,50,12042.448089,1.0
-9.0,50,12043.668446,1.0
-5.0,50,12044.880735,1.0
-15.0,50,12046.099451,1.0
-9.0,50,12047.331587,1.0
-47.0,50,12048.558053,0.0
-12.0,50,12049.778395,1.0
-11.0,50,12051.002483,1.0
-20.0,50,12052.204876,1.0
-13.0,50,12053.398932,1.0
-5.0,50,12054.606187,1.0
-14.0,50,12055.802985,1.0
-7.0,50,12057.006757,1.0
-6.0,50,12058.226244,1.0
-10.0,50,12059.437096,1.0
-8.0,50,12060.652531,1.0
-8.0,50,12061.87922,1.0
-11.0,50,12063.100115,1.0
-12.0,50,12064.312699,1.0
-13.0,50,12065.525916,1.0
-13.0,50,12066.753064,1.0
-14.0,50,12067.964644,1.0
-11.0,50,12069.180901,1.0
-11.0,50,12070.394867,1.0
0.0,50,12071.620701,1.0
-18.0,50,12072.842197,1.0
-5.0,50,12074.055025,1.0
-12.0,50,12075.268549,1.0
-7.0,50,12076.497241,1.0
-3.0,50,12077.713186,1.0
-8.0,50,12078.926552,1.0
-7.0,50,12080.144559,1.0
-9.0,50,12081.376527,1.0
-10.0,50,12082.589583,1.0
-6.0,50,12083.80484,1.0
-12.0,50,12085.052716,1.0
-8.0,50,12086.2822,1.0
-8.0,50,12087.520358,1.0
-13.0,50,12088.739853,1.0
-9.0,50,12089.958434,1.0
-16.0,50,12091.189505,1.0
-15.0,50,12092.41082,1.0
-10.0,50,12093.626383,1.0
-24.0,50,12094.849174,1.0
-14.0,50,12096.074996,1.0
-14.0,50,12097.287986,1.0
-10.0,50,12098.50718,1.0
0.0,50,12099.726185,1.0
-8.0,50,12100.951878,1.0
-13.0,50,12102.166085,1.0
-6.0,50,12103.377826,1.0
-12.0,50,12104.599531,1.0
0.0,50,12105.825979,1.0
-8.0,50,12107.048779,1.0
-7.0,50,12108.264548,1.0
-8.0,50,12109.481758,1.0
-12.0,50,12110.696619,1.0
-20.0,50,12111.897245,1.0
-19.0,50,12113.099623,1.0
-20.0,50,12114.331756,1.0
-11.0,50,12115.563589,1.0
-15.0,50,12116.785694,1.0
-10.0,50,12118.009636,1.0
-7.0,50,12119.233284,1.0
-19.0,50,12120.462902,1.0
-9.0,50,12121.679133,1.0
-13.0,50,12122.900674,1.0
-6.0,50,12124.116451,1.0
-12.0,50,12125.345478,1.0
-10.0,50,12126.567731,1.0
-12.0,50,12127.78168,1.0
-8.0,50,12129.011028,1.0
-13.0,50,12130.242078,1.0
-12.0,50,12131.458176,1.0
-16.0,50,12132.681504,1.0
-3.0,50,12133.899065,1.0
-7.0,50,12135.131479,1.0
-9.0,50,12136.345854,1.0
-10.0,50,12137.575293,1.0
-15.0,50,12138.796924,1.0
-11.0,50,12140.029,1.0
-5.0,50,12141.242031,1.0
-11.0,50,12142.44093,1.0
-11.0,50,12143.63786,1.0
-7.0,50,12144.868642,1.0
-12.0,50,12146.074211,1.0
-13.0,50,12147.291645,1.0
0.0,50,12148.506542,1.0
-6.0,50,12149.734995,1.0
-8.0,50,12150.958244,1.0
-9.0,50,12152.171768,1.0
-3.0,50,12153.391594,1.0
-10.0,50,12154.609099,1.0
0.0,50,12155.810919,1.0
-9.0,50,12157.01288,1.0
-4.0,50,12158.2084,1.0
-13.0,50,12159.417324,1.0
-13.0,50,12160.613326,1.0
-33.0,50,12161.81619,1.0
-10.0,50,12163.011819,1.0
-8.0,50,12164.241606,1.0
-18.0,50,12165.438788,1.0
-10.0,50,12166.651429,1.0
-3.0,50,12167.849396,1.0
-5.0,50,12169.068159,1.0
-7.0,50,12170.270187,1.0
-19.0,50,12171.475142,1.0
-9.0,50,12172.670031,1.0
-7.0,50,12173.883475,1.0
-10.0,50,12175.097496,1.0
-10.0,50,12176.290571,1.0
-16.0,50,12177.500484,1.0
-9.0,50,12178.714599,1.0
-8.0,50,12179.91361,1.0
-8.0,50,12181.111354,1.0
-10.0,50,12182.307156,1.0
-13.0,50,12183.518781,1.0
-9.0,50,12184.719194,1.0
-5.0,50,12185.928757,1.0
-9.0,50,12187.129159,1.0
-9.0,50,12188.347423,1.0
-12.0,50,12189.551222,1.0
-12.0,50,12190.751787,1.0
-3.0,50,12191.95193,1.0
0.0,50,12193.163578,1.0
-10.0,50,12194.366287,1.0
-13.0,50,12195.574904,1.0
-10.0,50,12196.772075,1.0
0.0,50,12197.992763,1.0
-10.0,50,12199.222685,1.0
-7.0,50,12200.442217,1.0
-8.0,50,12201.665231,1.0
-11.0,50,12202.897721,1.0
-13.0,50,12204.124457,1.0
-12.0,50,12205.372483,1.0
-7.0,50,12206.589883,1.0
0.0,50,12207.829433,1.0
-10.0,50,12209.051906,1.0
-6.0,50,12210.271427,1.0
-24.0,50,12211.504116,1.0
-8.0,50,12212.73647,1.0
-9.0,50,12213.955602,1.0
-7.0,50,12215.182673,1.0
-14.0,50,12216.402939,1.0
-9.0,50,12223.063167,1.0
-13.0,50,12224.285143,1.0
-10.0,50,12225.523298,1.0
-6.0,50,12226.762769,1.0
-26.0,50,12227.994651,1.0
-7.0,50,12229.224665,1.0
0.0,50,12230.439214,1.0
-11.0,50,12231.671017,1.0
-5.0,50,12232.90398,1.0
-7.0,50,12234.133909,1.0
-9.0,50,12235.336536,1.0
-12.0,50,12236.528919,1.0
-8.0,50,12237.769842,1.0
-11.0,50,12239.006444,1.0
-10.0,50,12240.248359,1.0
-10.0,50,12241.46663,1.0
-9.0,50,12242.718377,1.0
-9.0,50,12243.938294,1.0
-8.0,50,12245.160832,1.0
-9.0,50,12246.382114,1.0
-10.0,50,12247.614183,1.0
-9.0,50,12248.8316,1.0
-12.0,50,12250.075645,1.0
-14.0,50,12251.292667,1.0
-8.0,50,12252.521555,1.0
-10.0,50,12253.738754,1.0
-8.0,50,12254.960442,1.0
-11.0,50,12256.183326,1.0
-10.0,50,12257.415168,1.0
-11.0,50,12258.640532,1.0
-12.0,50,12259.867547,1.0
-13.0,50,12261.08534,1.0
0.0,50,12262.314072,1.0
-8.0,50,12263.535749,1.0
-10.0,50,12264.781391,1.0
-10.0,50,12266.0074,1.0
-8.0,50,12267.254527,1.0
-13.0,50,12268.451584,1.0
-9.0,50,12269.650778,1.0
-10.0,50,12270.852111,1.0
-11.0,50,12272.063358,1.0
-10.0,50,12273.284128,1.0
-14.0,50,12274.484895,1.0
-11.0,50,12275.69493,1.0
-9.0,50,12276.90239,1.0
-12.0,50,12278.11138,1.0
-12.0,50,12279.318317,1.0
-10.0,50,12280.518539,1.0
-7.0,50,12281.732666,1.0
-14.0,50,12282.943391,1.0
-11.0,50,12284.147774,1.0
-15.0,50,12285.345197,1.0
-9.0,50,12286.573941,1.0
-17.0,50,12287.783542,1.0
-9.0,50,12289.001916,1.0
-8.0,50,12290.223061,1.0
-6.0,50,12291.441736,1.0
-11.0,50,12292.652934,1.0
0.0,50,12293.871792,1.0
-8.0,50,12295.086044,1.0
-6.0,50,12296.303124,1.0
0.0,50,12297.520534,1.0
-3.0,50,12298.739196,1.0
-12.0,50,12299.941397,1.0
-13.0,50,12301.18009,1.0
-28.0,50,12302.378964,1.0
0.0,50,12303.593283,1.0
-10.0,50,12304.788059,1.0
-14.0,50,12306.010378,1.0
-14.0,50,12307.218412,1.0
-8.0,50,12308.416833,1.0
-14.0,50,12309.618488,1.0
-7.0,50,12310.86925,1.0
-7.0,50,12312.088576,1.0
-9.0,50,12313.305875,1.0
-8.0,50,12314.531336,1.0
-3.0,50,12315.759001,1.0
-4.0,50,12316.97961,1.0
-7.0,50,12318.199003,1.0
-8.0,50,12319.419337,1.0
-14.0,50,12320.667365,1.0
-11.0,50,12321.897461,1.0
-9.0,50,12323.112353,1.0
-5.0,50,12324.340307,1.0
-4.0,50,12325.57127,1.0
-10.0,50,12326.802691,1.0
-11.0,50,12328.030919,1.0
-7.0,50,12329.24492,1.0
-13.0,50,12330.489418,1.0
-13.0,50,12331.71512,1.0
-7.0,50,12332.932312,1.0
-10.0,50,12334.161257,1.0
-8.0,50,12335.407643,1.0
-8.0,50,12336.626718,1.0
-10.0,50,12337.868257,1.0
-8.0,50,12339.082793,1.0
-12.0,50,12340.314467,1.0
-9.0,50,12341.538159,1.0
-11.0,50,12342.758955,1.0
-12.0,50,12343.982203,1.0
-14.0,50,12345.225583,1.0
-34.0,50,12346.443894,1.0
-5.0,50,12347.67514,1.0
0.0,50,12348.892834,1.0
0.0,50,12350.124526,1.0
-14.0,50,12351.344563,1.0
-9.0,50,12352.574975,1.0
-14.0,50,12353.795098,1.0
-12.0,50,12355.056058,1.0
-8.0,50,12356.277597,1.0
-10.0,50,12357.507403,1.0
-8.0,50,12358.736602,1.0
-6.0,50,12359.983731,1.0
-12.0,50,12361.209301,1.0
-1.0,50,12362.429747,1.0
-8.0,50,12363.666799,1.0
-9.0,50,12364.908985,1.0
-17.0,50,12366.139513,1.0
-10.0,50,12367.355814,1.0
-9.0,50,12368.568849,1.0
-8.0,50,12369.801664,1.0
-33.0,50,12371.021068,1.0
-10.0,50,12372.236336,1.0
-13.0,50,12373.46589,1.0
-14.0,50,12374.7044,1.0
-8.0,50,12375.939865,1.0
-8.0,50,12377.16454,1.0
-15.0,50,12378.386922,1.0
-12.0,50,12379.630327,1.0
-9.0,50,12380.849035,1.0
-15.0,50,12382.080451,1.0
-43.0,50,12383.311646,1.0
0.0,50,12384.566381,1.0
-13.0,50,12385.78576,1.0
-18.0,50,12387.009465,1.0
-33.0,50,12388.225721,1.0
-19.0,50,12389.465202,1.0
-18.0,50,12390.686505,1.0
-7.0,50,12391.908538,1.0
-9.0,50,12393.130234,1.0
-8.0,50,12394.373916,1.0
-15.0,50,12395.596762,1.0
-7.0,50,12396.821115,1.0
-12.0,50,12398.045944,1.0
-11.0,50,12399.293616,1.0
-14.0,50,12400.518892,1.0
-12.0,50,12401.736703,1.0
-15.0,50,12402.964535,1.0
-6.0,50,12404.194822,1.0
-3.0,50,12405.434589,1.0
-10.0,50,12406.655898,1.0
-6.0,50,12407.879719,1.0
-9.0,50,12409.110838,1.0
-2.0,50,12410.342493,1.0
-8.0,50,12411.567106,1.0
-7.0,50,12412.792066,1.0
0.0,50,12414.035134,1.0
-7.0,50,12415.263564,1.0
-9.0,50,12416.488586,1.0
-48.0,50,12417.715871,0.0
-7.0,50,12418.947449,1.0
-8.0,50,12420.184138,1.0
-25.0,50,12421.412983,1.0
-5.0,50,12422.634753,1.0
0.0,50,12423.860244,1.0
-15.0,50,12425.08579,1.0
-6.0,50,12426.303505,1.0
-5.0,50,12427.523431,1.0
-9.0,50,12428.759296,1.0
-5.0,50,12429.975128,1.0
-15.0,50,12431.216094,1.0
-4.0,50,12432.432663,1.0
-22.0,50,12433.66766,1.0
-8.0,50,12434.882024,1.0
-11.0,50,12436.105248,1.0
-21.0,50,12437.324375,1.0
-8.0,50,12438.552081,1.0
-15.0,50,12439.790843,1.0
-9.0,50,12441.013048,1.0
-13.0,50,12442.234862,1.0
-11.0,50,12443.480029,1.0
-7.0,50,12444.707738,1.0
-10.0,50,12445.921017,1.0
-11.0,50,12447.139886,1.0
-11.0,50,12448.37088,1.0
-15.0,50,12449.59745,1.0
-5.0,50,12450.817229,1.0
-14.0,50,12452.038613,1.0
-16.0,50,12453.277544,1.0
0.0,50,12454.502794,1.0
-7.0,50,12455.717453,1.0
-7.0,50,12456.9349,1.0
0.0,50,12458.165834,1.0
-9.0,50,12459.392327,1.0
0.0,50,12460.614275,1.0
-11.0,50,12461.832794,1.0
-14.0,50,12463.062789,1.0
-10.0,50,12464.280271,1.0
-11.0,50,12465.50482,1.0
-9.0,50,12466.725316,1.0
-3.0,50,12473.235316,1.0
-19.0,50,12474.463778,1.0
-11.0,50,12475.664615,1.0
-4.0,50,12476.856468,1.0
-5.0,50,12478.072853,1.0
-5.0,50,12479.267906,1.0
-5.0,50,12480.467813,1.0
-10.0,50,12481.671064,1.0
-8.0,50,12482.879466,1.0
-7.0,50,12484.083399,1.0
-7.0,50,12485.289011,1.0
-11.0,50,12486.48187,1.0
-8.0,50,12487.684043,1.0
-5.0,50,12488.882767,1.0
-12.0,50,12490.081086,1.0
-3.0,50,12491.287708,1.0
-7.0,50,12492.499849,1.0
0.0,50,12493.68936,1.0
-5.0,50,12494.885537,1.0
-7.0,50,12496.079234,1.0
-12.0,50,12497.290568,1.0
-10.0,50,12498.49438,1.0
-18.0,50,12499.699022,1.0
-6.0,50,12500.888305,1.0
-11.0,50,12502.107011,1.0
-11.0,50,12503.311615,1.0
-22.0,50,12504.537098,1.0
-6.0,50,12505.739213,1.0
-11.0,50,12506.974601,1.0
-10.0,50,12508.172279,1.0
-18.0,50,12509.395258,1.0
-9.0,50,12510.623581,1.0
-13.0,50,12511.864482,1.0
-8.0,50,12513.081798,1.0
-11.0,50,12514.299317,1.0
-13.0,50,12515.517126,1.0
-6.0,50,12516.749521,1.0
-9.0,50,12517.970665,1.0
-8.0,50,12519.191673,1.0
-10.0,50,12520.408824,1.0
-6.0,50,12521.643753,1.0
-17.0,50,12522.872605,1.0
-11.0,50,12524.094292,1.0
-10.0,50,12525.315973,1.0
-7.0,50,12526.550864,1.0
-9.0,50,12527.769905,1.0
0.0,50,12528.985323,1.0
-10.0,50,12530.205613,1.0
-9.0,50,12531.438296,1.0
-8.0,50,12532.662524,1.0
-6.0,50,12533.89741,1.0
-18.0,50,12535.122305,1.0
0.0,50,12536.356598,1.0
-18.0,50,12537.586735,1.0
-7.0,50,12538.814024,1.0
-13.0,50,12540.027499,1.0
-6.0,50,12541.232172,1.0
-14.0,50,12542.436233,1.0
-8.0,50,12543.632067,1.0
0.0,50,12544.841939,1.0
-12.0,50,12546.059605,1.0
-19.0,50,12547.260907,1.0
-48.0,50,12548.468354,0.0
-50.0,50,12549.672435,0.0
-10.0,50,12550.891797,1.0
0.0,50,12552.089967,1.0
-9.0,50,12553.290373,1.0
-14.0,50,12554.491212,1.0
-45.0,50,12555.707164,0.0
-10.0,50,12556.894525,1.0
-6.0,50,12558.105,1.0
-8.0,50,12559.303074,1.0
-20.0,50,12560.519047,1.0
-15.0,50,12561.736839,1.0
-7.0,50,12562.953816,1.0
-22.0,50,12564.178858,1.0
-10.0,50,12565.4309,1.0
-11.0,50,12566.677046,1.0
-15.0,50,12567.906672,1.0
-7.0,50,12569.121893,1.0
-14.0,50,12570.338859,1.0
-8.0,50,12571.525883,1.0
-14.0,50,12572.727377,1.0
-10.0,50,12573.924505,1.0
-17.0,50,12575.148813,1.0
-14.0,50,12576.341097,1.0
-8.0,50,12577.534102,1.0
-10.0,50,12578.728645,1.0
0.0,50,12579.942817,1.0
-8.0,50,12581.131837,1.0
-10.0,50,12582.327976,1.0
-19.0,50,12583.531237,1.0
-14.0,50,12584.757999,1.0
-18.0,50,12585.949634,1.0
-11.0,50,12587.140418,1.0
-8.0,50,12588.347163,1.0
-4.0,50,12589.552892,1.0
-2.0,50,12590.765183,1.0
-11.0,50,12591.98406,1.0
-15.0,50,12593.203223,1.0
-9.0,50,12594.447711,1.0
-12.0,50,12595.668402,1.0
-2.0,50,12596.89063,1.0
-5.0,50,12598.105967,1.0
-13.0,50,12599.34239,1.0
-13.0,50,12600.567502,1.0
-10.0,50,12601.788602,1.0
-6.0,50,12603.005031,1.0
-8.0,50,12604.233016,1.0
-17.0,50,12605.452419,0.0
-7.0,50,12606.675876,1.0
-12.0,50,12607.904158,1.0
-10.0,50,12609.138506,1.0
-11.0,50,12610.357021,1.0
-6.0,50,12611.596509,1.0
-18.0,50,12612.823558,1.0
-8.0,50,12614.070567,1.0
-12.0,50,12615.299999,1.0
-5.0,50,12616.521162,1.0
-9.0,50,12617.745783,1.0
-13.0,50,12618.996242,1.0
-15.0,50,12620.217436,1.0
-39.0,50,12621.442651,1.0
-3.0,50,12622.67677,1.0
-12.0,50,12623.915468,1.0
-3.0,50,12625.145079,1.0
-11.0,50,12626.363183,1.0
0.0,50,12627.57675,1.0
-11.0,50,12628.813873,1.0
-10.0,50,12630.018901,1.0
-12.0,50,12631.213954,1.0
-16.0,50,12632.410218,0.0
-10.0,50,12633.631962,1.0
-15.0,50,12634.828075,1.0
-14.0,50,12636.038315,1.0
0.0,50,12637.24039,1.0
-16.0,50,12638.461521,1.0
-15.0,50,12639.67815,1.0
-12.0,50,12640.878267,1.0
-13.0,50,12642.094116,1.0
-9.0,50,12643.310297,1.0
-3.0,50,12644.520317,1.0
-16.0,50,12645.727534,1.0
-14.0,50,12646.923809,1.0
-7.0,50,12648.137404,1.0
-15.0,50,12649.346405,1.0
-8.0,50,12650.543392,1.0
-8.0,50,12651.749405,1.0
-21.0,50,12652.970945,1.0
-8.0,50,12654.172247,1.0
-16.0,50,12655.381926,1.0
-11.0,50,12656.575358,1.0
-5.0,50,12657.804434,1.0
-12.0,50,12659.0094,1.0
-6.0,50,12660.216548,1.0
-8.0,50,12661.43038,1.0
-9.0,50,12662.651613,1.0
-5.0,50,12663.85118,1.0
-9.0,50,12665.062529,1.0
0.0,50,12666.255215,1.0
-10.0,50,12667.464418,1.0
-18.0,50,12668.666069,1.0
-9.0,50,12669.860182,1.0
-15.0,50,12671.058674,1.0
-4.0,50,12672.266712,1.0
-9.0,50,12673.470617,1.0
-8.0,50,12674.666926,1.0
0.0,50,12675.862999,1.0
-9.0,50,12677.079504,1.0
-8.0,50,12678.282875,1.0
-10.0,50,12679.482749,1.0
-14.0,50,12680.714601,1.0
-8.0,50,12681.951423,1.0
-8.0,50,12683.172373,1.0
-16.0,50,12684.40654,1.0
-4.0,50,12685.639359,1.0
-8.0,50,12686.890537,1.0
-16.0,50,12688.087846,1.0
-10.0,50,12689.286977,1.0
-26.0,50,12690.480632,1.0
-9.0,50,12691.697891,1.0
-13.0,50,12692.90554,1.0
-16.0,50,12694.107141,1.0
-6.0,50,12695.304583,1.0
0.0,50,12696.514252,1.0
0.0,50,12697.706269,1.0
-12.0,50,12698.904102,1.0
-5.0,50,12700.099245,1.0
-5.0,50,12701.324368,1.0
-10.0,50,12702.523608,1.0
-12.0,50,12703.720971,1.0
-9.0,50,12704.926774,1.0
-15.0,50,12706.140891,1.0
-11.0,50,12707.337272,1.0
-15.0,50,12708.543861,1.0
-14.0,50,12709.740592,1.0
-10.0,50,12710.957049,1.0
-9.0,50,12712.186331,1.0
-6.0,50,12713.42588,1.0
-9.0,50,12714.661886,1.0
-7.0,50,12721.07357,1.0
-9.0,50,12722.294526,1.0
-7.0,50,12723.511301,1.0
-10.0,50,12724.726382,1.0
-18.0,50,12725.971136,1.0
-10.0,50,12727.190186,1.0
-9.0,50,12728.40609,1.0
-6.0,50,12729.621211,1.0
-6.0,50,12730.85014,1.0
-6.0,50,12732.08055,1.0
-31.0,50,12733.303698,1.0
-8.0,50,12734.540895,1.0
-7.0,50,12735.763505,1.0
-17.0,50,12736.996403,1.0
-12.0,50,12738.222417,1.0
-5.0,50,12739.456967,1.0
-5.0,50,12740.665888,1.0
-7.0,50,12741.884435,1.0
-14.0,50,12743.107853,1.0
-13.0,50,12744.34405,1.0
-6.0,50,12745.602475,1.0
-9.0,50,12746.827261,1.0
-15.0,50,12748.050507,1.0
-9.0,50,12749.28323,1.0
-9.0,50,12750.515363,1.0
-9.0,50,12751.727447,1.0
-9.0,50,12752.926956,1.0
-31.0,50,12754.130747,1.0
-12.0,50,12755.339366,1.0
-12.0,50,12756.538466,1.0
-8.0,50,12757.742141,1.0
-13.0,50,12758.941473,1.0
-7.0,50,12760.15748,1.0
-7.0,50,12761.357877,1.0
-7.0,50,12762.559023,1.0
-12.0,50,12763.762592,1.0
-5.0,50,12764.969007,1.0
-12.0,50,12766.179275,1.0
-13.0,50,12767.382482,1.0
-10.0,50,12768.580292,1.0
-36.0,50,12769.80432,1.0
-11.0,50,12771.00395,1.0
-8.0,50,12772.224382,1.0
-23.0,50,12773.451506,1.0
-6.0,50,12774.695851,1.0
-16.0,50,12775.920552,1.0
-12.0,50,12777.15703,1.0
-13.0,50,12778.383292,1.0
-9.0,50,12779.622424,1.0
-9.0,50,12780.839979,1.0
0.0,50,12782.061591,1.0
-11.0,50,12783.2928,1.0
-15.0,50,12784.538817,1.0
-21.0,50,12785.756515,1.0
-12.0,50,12786.996507,1.0
-9.0,50,12788.224949,1.0
-8.0,50,12789.463276,1.0
-20.0,50,12790.681789,1.0
-9.0,50,12791.902422,1.0
0.0,50,12793.123942,1.0
0.0,50,12794.361399,1.0
-11.0,50,12795.582327,1.0
-11.0,50,12796.805983,1.0
-7.0,50,12798.030674,1.0
-12.0,50,12799.261647,1.0
-21.0,50,12800.488277,1.0
-8.0,50,12801.709815,1.0
-7.0,50,12802.934957,1.0
-7.0,50,12804.164419,1.0
-6.0,50,12805.400772,1.0
-16.0,50,12806.644758,1.0
-8.0,50,12807.850872,1.0
-11.0,50,12809.0713,1.0
-8.0,50,12810.279902,1.0
-10.0,50,12811.475296,1.0
-16.0,50,12812.681903,1.0
-13.0,50,12813.888827,1.0
-11.0,50,12815.090798,1.0
-15.0,50,12816.298721,1.0
-37.0,50,12817.489491,1.0
-6.0,50,12818.697374,1.0
-11.0,50,12819.894704,1.0
-9.0,50,12821.09019,1.0
-12.0,50,12822.283353,1.0
-19.0,50,12823.494795,1.0
-13.0,50,12824.686232,1.0
-10.0,50,12825.888783,1.0
-10.0,50,12827.07977,1.0
-8.0,50,12828.285753,1.0
-15.0,50,12829.495438,1.0
-6.0,50,12830.69328,1.0
-5.0,50,12831.88341,1.0
-7.0,50,12833.106892,1.0
0.0,50,12834.331052,1.0
-5.0,50,12835.528396,1.0
-9.0,50,12836.73489,1.0
-12.0,50,12837.958102,1.0
-15.0,50,12839.154769,1.0
-17.0,50,12840.356169,1.0
-6.0,50,12841.550995,1.0
-31.0,50,12842.757174,1.0
-6.0,50,12843.951274,1.0
-9.0,50,12845.149153,1.0
-10.0,50,12846.346555,1.0
-11.0,50,12847.552063,1.0
-8.0,50,12848.739214,1.0
-8.0,50,12849.93421,1.0
-15.0,50,12851.130095,1.0
-17.0,50,12852.337714,1.0
-8.0,50,12853.537289,1.0
-8.0,50,12854.735684,1.0
-13.0,50,12855.928204,1.0
-13.0,50,12857.145594,1.0
-5.0,50,12858.352571,1.0
-7.0,50,12859.549593,1.0
-7.0,50,12860.745572,1.0
-7.0,50,12861.944262,1.0
0.0,50,12863.139456,1.0
-8.0,50,12864.362285,1.0
0.0,50,12865.592402,1.0
-15.0,50,12866.843787,1.0
-27.0,50,12868.070944,1.0
-7.0,50,12869.305389,1.0
-8.0,50,12870.514846,1.0
-11.0,50,12871.726822,1.0
-4.0,50,12872.942387,1.0
-8.0,50,12874.148205,1.0
-12.0,50,12875.351537,1.0
-12.0,50,12876.575887,1.0
-13.0,50,12877.784763,1.0
-8.0,50,12878.978686,1.0
-8.0,50,12880.18577,1.0
-9.0,50,12881.404045,1.0
-14.0,50,12882.606433,1.0
-7.0,50,12883.818758,1.0
-12.0,50,12885.014913,1.0
-9.0,50,12886.233783,1.0
-6.0,50,12887.432674,1.0
-14.0,50,12888.635836,1.0
-7.0,50,12889.846599,1.0
-12.0,50,12891.061522,1.0
-13.0,50,12892.293591,1.0
-8.0,50,12893.518831,1.0
-6.0,50,12894.758752,1.0
-7.0,50,12896.006295,1.0
-9.0,50,12897.230821,1.0
-9.0,50,12898.456515,1.0
-23.0,50,12899.646748,1.0
-15.0,50,12900.858827,1.0
-7.0,50,12902.052973,1.0
-23.0,50,12903.252226,1.0
-8.0,50,12904.452483,1.0
-10.0,50,12905.665174,1.0
-13.0,50,12906.874885,1.0
-6.0,50,12908.083995,1.0
-6.0,50,12909.277542,1.0
-10.0,50,12910.498139,1.0
-12.0,50,12911.703881,1.0
-5.0,50,12912.900544,1.0
-10.0,50,12914.108984,1.0
-5.0,50,12915.323249,1.0
-7.0,50,12916.518491,1.0
0.0,50,12917.729759,1.0
-4.0,50,12918.928297,1.0
-4.0,50,12920.142363,1.0
-15.0,50,12921.359818,1.0
-10.0,50,12922.561505,1.0
-8.0,50,12923.766487,1.0
-7.0,50,12924.989409,1.0
-10.0,50,12926.191094,1.0
-13.0,50,12927.414431,1.0
-15.0,50,12928.613145,1.0
-13.0,50,12929.823449,1.0
-33.0,50,12931.017482,1.0
0.0,50,12932.234806,1.0
-8.0,50,12933.440768,1.0
-7.0,50,12934.658675,1.0
-9.0,50,12935.869325,1.0
-4.0,50,12937.079599,1.0
-12.0,50,12938.289068,1.0
-6.0,50,12939.517911,1.0
-9.0,50,12940.724565,1.0
0.0,50,12941.92114,1.0
-9.0,50,12943.14372,1.0
-9.0,50,12944.358464,1.0
-11.0,50,12945.564566,1.0
-12.0,50,12946.769881,1.0
-10.0,50,12947.973571,1.0
-11.0,50,12949.193698,1.0
-6.0,50,12950.395757,1.0
-10.0,50,12951.595182,1.0
0.0,50,12952.789482,1.0
-8.0,50,12954.00432,1.0
-11.0,50,12955.215315,1.0
-15.0,50,12956.427042,1.0
0.0,50,12957.623423,1.0
-13.0,50,12958.841182,1.0
-7.0,50,12960.053225,1.0
0.0,50,12961.266896,1.0
-19.0,50,12962.469637,1.0
-15.0,50,12969.005889,1.0
-12.0,50,12970.213162,1.0
-6.0,50,12971.434672,1.0
-10.0,50,12972.63998,1.0
-10.0,50,12973.873879,1.0
-7.0,50,12975.080738,1.0
-7.0,50,12976.290193,1.0
-16.0,50,12977.491527,1.0
-12.0,50,12978.716994,1.0
-9.0,50,12979.92325,1.0
-14.0,50,12981.121108,1.0
-6.0,50,12982.341321,1.0
0.0,50,12983.574092,1.0
-7.0,50,12984.79455,1.0
-11.0,50,12986.003402,1.0
-9.0,50,12987.225999,1.0
-5.0,50,12988.475227,1.0
-10.0,50,12989.700433,1.0
-11.0,50,12990.922515,1.0
-19.0,50,12992.147696,1.0
-8.0,50,12993.389699,1.0
-9.0,50,12994.632982,1.0
-4.0,50,12995.848439,1.0
-13.0,50,12997.082648,1.0
-13.0,50,12998.336982,1.0
-8.0,50,12999.571588,1.0
-6.0,50,13000.812009,1.0
-6.0,50,13002.036875,1.0
-13.0,50,13003.277207,1.0
-11.0,50,13004.493721,1.0
-16.0,50,13005.736054,1.0
-11.0,50,13006.964403,1.0
-19.0,50,13008.194021,1.0
-8.0,50,13009.407279,1.0
-12.0,50,13010.635364,1.0
-12.0,50,13011.855207,1.0
-13.0,50,13013.100226,1.0
-19.0,50,13014.348917,1.0
-11.0,50,13015.588901,1.0
-12.0,50,13016.823444,1.0
-8.0,50,13018.050303,1.0
-10.0,50,13019.276119,1.0
-28.0,50,13020.510006,1.0
-8.0,50,13021.728474,1.0
0.0,50,13022.966525,1.0
-8.0,50,13024.185311,1.0
-8.0,50,13025.405059,1.0
-7.0,50,13026.623407,1.0
-4.0,50,13027.862653,1.0
-11.0,50,13029.083312,1.0
-6.0,50,13030.305387,1.0
-5.0,50,13031.54426,1.0
-13.0,50,13032.776966,1.0
-9.0,50,13034.003711,1.0
-7.0,50,13035.231666,1.0
-10.0,50,13036.460652,1.0
-6.0,50,13037.690737,1.0
-41.0,50,13038.907158,0.0
-13.0,50,13040.136701,1.0
-4.0,50,13041.352024,1.0
-6.0,50,13042.58133,1.0
-12.0,50,13043.797857,1.0
-11.0,50,13045.045289,1.0
-8.0,50,13046.26294,1.0
-5.0,50,13047.498153,1.0
-18.0,50,13048.715432,1.0
-6.0,50,13049.92799,1.0
-22.0,50,13051.14852,1.0
-6.0,50,13052.375758,1.0
-6.0,50,13053.596,1.0
0.0,50,13054.830466,1.0
-27.0,50,13056.061766,1.0
-7.0,50,13057.292744,1.0
-13.0,50,13058.516194,1.0
-3.0,50,13059.741723,1.0
-50.0,50,13060.963763,0.0
-7.0,50,13062.208507,1.0
-9.0,50,13063.424989,1.0
-9.0,50,13064.642679,1.0
-9.0,50,13065.859693,1.0
-6.0,50,13067.086827,1.0
-6.0,50,13068.303687,1.0
-12.0,50,13069.529426,1.0
-14.0,50,13070.754266,1.0
-12.0,50,13071.973735,1.0
-10.0,50,13073.197509,1.0
-9.0,50,13074.44005,1.0
-8.0,50,13075.665778,1.0
-18.0,50,13076.895488,1.0
-5.0,50,13078.127175,1.0
-7.0,50,13079.342506,1.0
-7.0,50,13080.553064,1.0
-12.0,50,13081.7813,1.0
-7.0,50,13082.971021,1.0
-10.0,50,13084.177528,1.0
-14.0,50,13085.380475,1.0
-6.0,50,13086.602656,1.0
-10.0,50,13087.799327,1.0
-42.0,50,13088.98856,0.0
-5.0,50,13090.187778,1.0
-7.0,50,13091.400704,1.0
-7.0,50,13092.607252,1.0
-11.0,50,13093.801767,1.0
-12.0,50,13095.021394,1.0
0.0,50,13096.254442,1.0
-6.0,50,13097.46307,1.0
-17.0,50,13098.68029,1.0
-7.0,50,13099.888502,1.0
-10.0,50,13101.099495,1.0
-11.0,50,13102.304725,1.0
-10.0,50,13103.51822,1.0
-9.0,50,13104.764997,1.0
0.0,50,13105.9964,1.0
-27.0,50,13107.225497,1.0
-5.0,50,13108.429706,1.0
-7.0,50,13109.643368,1.0
-16.0,50,13110.863364,1.0
-9.0,50,13112.073133,1.0
-10.0,50,13113.278116,1.0
-8.0,50,13114.487081,1.0
-7.0,50,13115.69712,1.0
-18.0,50,13116.904998,1.0
0.0,50,13118.103227,1.0
-9.0,50,13119.314384,1.0
0.0,50,13120.524219,1.0
-14.0,50,13121.724948,1.0
-9.0,50,13122.92226,1.0
-13.0,50,13124.12927,1.0
-8.0,50,13125.347298,1.0
-13.0,50,13126.549624,1.0
-13.0,50,13127.750528,1.0
0.0,50,13128.968247,1.0
-9.0,50,13130.194102,1.0
-15.0,50,13131.399874,1.0
-14.0,50,13132.601377,1.0
-8.0,50,13133.799292,1.0
-8.0,50,13135.042084,1.0
0.0,50,13136.251493,1.0
-12.0,50,13137.4556,1.0
-5.0,50,13138.662679,1.0
-11.0,50,13139.877984,1.0
-2.0,50,13141.08812,1.0
-10.0,50,13142.286099,1.0
-5.0,50,13143.499712,1.0
-13.0,50,13144.719828,1.0
-7.0,50,13145.918882,1.0
-13.0,50,13147.124848,1.0
-12.0,50,13148.325901,1.0
-7.0,50,13149.54285,1.0
-8.0,50,13150.742758,1.0
-8.0,50,13151.945709,1.0
-8.0,50,13153.147927,1.0
-8.0,50,13154.360906,1.0
-8.0,50,13155.55902,1.0
-7.0,50,13156.759602,1.0
-11.0,50,13157.966806,1.0
-11.0,50,13159.195536,1.0
-17.0,50,13160.396048,1.0
-9.0,50,13161.602107,1.0
0.0,50,13162.81438,1.0
-11.0,50,13164.030584,1.0
-10.0,50,13165.250121,1.0
-6.0,50,13166.46036,1.0
0.0,50,13167.685066,1.0
-11.0,50,13168.89994,1.0
-5.0,50,13170.109865,1.0
-10.0,50,13171.322128,1.0
-5.0,50,13172.518913,1.0
-11.0,50,13173.732368,1.0
-16.0,50,13174.94383,1.0
-13.0,50,13176.158239,1.0
-7.0,50,13177.354184,1.0
-16.0,50,13178.566821,1.0
-5.0,50,13179.772913,1.0
-13.0,50,13180.969234,1.0
-9.0,50,13182.176561,1.0
-7.0,50,13183.385163,1.0
-13.0,50,13184.580975,1.0
-13.0,50,13185.778192,1.0
-10.0,50,13186.980099,1.0
-11.0,50,13188.204807,1.0
-13.0,50,13189.404656,1.0
0.0,50,13190.616703,1.0
-6.0,50,13191.819953,1.0
-10.0,50,13193.029387,1.0
-9.0,50,13194.235793,1.0
-8.0,50,13195.449849,1.0
-14.0,50,13196.644212,1.0
-5.0,50,13197.851924,1.0
-13.0,50,13199.064836,1.0
0.0,50,13200.261079,1.0
-9.0,50,13201.460407,1.0
-6.0,50,13202.681202,1.0
-13.0,50,13203.878459,1.0
-26.0,50,13205.082322,1.0
-12.0,50,13206.283572,1.0
0.0,50,13207.500054,1.0
-16.0,50,13208.699475,1.0
-7.0,50,13209.896682,1.0
-5.0,50,13211.099541,1.0
-6.0,50,13217.514155,1.0
-8.0,50,13218.709057,1.0
-9.0,50,13219.905549,1.0
-8.0,50,13221.103353,1.0
-9.0,50,13222.319367,1.0
-12.0,50,13223.521938,1.0
-7.0,50,13224.734193,1.0
-10.0,50,13225.935683,1.0
-13.0,50,13227.188379,1.0
-8.0,50,13228.387301,1.0
-31.0,50,13229.589476,1.0
-22.0,50,13230.785366,1.0
-13.0,50,13231.998127,1.0
-11.0,50,13233.191368,1.0
-11.0,50,13234.391309,1.0
-10.0,50,13235.601539,1.0
-9.0,50,13236.807144,1.0
-8.0,50,13238.005791,1.0
0.0,50,13239.205992,1.0
-19.0,50,13240.412165,1.0
-8.0,50,13241.617797,1.0
-12.0,50,13242.819046,1.0
-10.0,50,13244.023249,1.0
-15.0,50,13245.226571,1.0
-8.0,50,13246.436591,1.0
-9.0,50,13247.638995,1.0
-13.0,50,13248.829514,1.0
-9.0,50,13250.035629,1.0
-6.0,50,13251.265998,1.0
-9.0,50,13252.475505,1.0
-6.0,50,13253.673151,1.0
-9.0,50,13254.879416,1.0
-17.0,50,13256.095123,1.0
-12.0,50,13257.297274,1.0
-12.0,50,13258.502269,1.0
-10.0,50,13259.7068,1.0
-12.0,50,13260.923491,1.0
-5.0,50,13262.129808,1.0
-10.0,50,13263.328464,1.0
-5.0,50,13264.522002,1.0
-9.0,50,13265.735394,1.0
-8.0,50,13266.936896,1.0
-6.0,50,13268.130297,1.0
-9.0,50,13269.340242,1.0
-19.0,50,13270.553576,1.0
-11.0,50,13271.752411,1.0
-10.0,50,13272.950751,1.0
-16.0,50,13274.146944,1.0
-5.0,50,13275.3608,1.0
-7.0,50,13276.580195,1.0
-9.0,50,13277.78092,1.0
-7.0,50,13278.985569,1.0
-10.0,50,13280.197067,1.0
0.0,50,13281.392565,1.0
-10.0,50,13282.589254,1.0
-9.0,50,13283.781725,1.0
-9.0,50,13285.020589,1.0
-10.0,50,13286.226057,1.0
-12.0,50,13287.434854,1.0
-14.0,50,13288.636881,1.0
-21.0,50,13289.845892,1.0
-9.0,50,13291.047682,1.0
-5.0,50,13292.242944,1.0
-7.0,50,13293.451945,1.0
-9.0,50,13294.660968,1.0
-12.0,50,13295.871518,1.0
-11.0,50,13297.073394,1.0
0.0,50,13298.284172,1.0
-7.0,50,13299.513312,1.0
-7.0,50,13300.71481,1.0
-14.0,50,13301.916848,1.0
-15.0,50,13303.125051,1.0
-13.0,50,13304.343361,1.0
-8.0,50,13305.544986,1.0
0.0,50,13306.741137,1.0
-8.0,50,13307.944558,1.0
-23.0,50,13309.159362,1.0
-24.0,50,13310.366121,1.0
0.0,50,13311.578421,1.0
-24.0,50,13312.782969,1.0
-7.0,50,13313.997774,1.0
-11.0,50,13315.211241,1.0
-13.0,50,13316.418757,1.0
-5.0,50,13317.622817,1.0
-5.0,50,13318.839967,1.0
-8.0,50,13320.040972,1.0
-9.0,50,13321.248473,1.0
-5.0,50,13322.442222,1.0
-16.0,50,13323.65743,1.0
-12.0,50,13324.860503,1.0
-13.0,50,13326.06076,1.0
-10.0,50,13327.262518,1.0
-3.0,50,13328.46955,1.0
-12.0,50,13329.672836,1.0
-10.0,50,13330.877652,1.0
-6.0,50,13332.08233,1.0
-8.0,50,13333.299252,1.0
-4.0,50,13334.516237,1.0
-16.0,50,13335.71822,1.0
-12.0,50,13336.914793,1.0
-16.0,50,13338.135278,1.0
-12.0,50,13339.335104,1.0
-10.0,50,13340.559911,1.0
-11.0,50,13341.770562,1.0
-12.0,50,13342.990967,1.0
-13.0,50,13344.215499,1.0
-17.0,50,13345.449691,1.0
-8.0,50,13346.680431,1.0
-13.0,50,13347.893735,1.0
-10.0,50,13349.08703,1.0
-7.0,50,13350.286498,1.0
-7.0,50,13351.485755,1.0
-13.0,50,13352.69763,1.0
-13.0,50,13353.890449,1.0
-19.0,50,13355.080657,1.0
-13.0,50,13356.273702,1.0
-8.0,50,13357.481124,1.0
-6.0,50,13358.686575,1.0
-8.0,50,13359.903171,1.0
-9.0,50,13361.098696,1.0
-10.0,50,13362.30842,1.0
-13.0,50,13363.52144,1.0
-9.0,50,13364.715932,1.0
-11.0,50,13365.908818,1.0
-10.0,50,13367.128475,1.0
-9.0,50,13368.32264,1.0
-6.0,50,13369.523593,1.0
-6.0,50,13370.725079,1.0
-6.0,50,13371.940025,1.0
-9.0,50,13373.142773,1.0
-12.0,50,13374.357333,1.0
-15.0,50,13375.553308,1.0
-28.0,50,13376.76805,1.0
0.0,50,13377.965496,1.0
-9.0,50,13379.158087,1.0
-14.0,50,13380.359076,1.0
-10.0,50,13381.575128,1.0
-5.0,50,13382.780199,1.0
-14.0,50,13383.982709,1.0
-10.0,50,13385.173251,1.0
-13.0,50,13386.396074,1.0
-6.0,50,13387.588812,1.0
-6.0,50,13388.778236,1.0
0.0,50,13389.98382,1.0
-5.0,50,13391.191191,1.0
-5.0,50,13392.387426,1.0
-13.0,50,13393.587444,1.0
-10.0,50,13394.785032,1.0
-13.0,50,13396.00004,1.0
-1.0,50,13397.204563,1.0
-11.0,50,13398.394022,1.0
-6.0,50,13399.596836,1.0
-17.0,50,13400.81095,1.0
-7.0,50,13402.00667,1.0
-10.0,50,13403.204195,1.0
-23.0,50,13404.416053,1.0
-12.0,50,13405.631433,1.0
-10.0,50,13406.83946,1.0
-12.0,50,13408.032676,1.0
-13.0,50,13409.236073,1.0
-10.0,50,13410.443912,1.0
-10.0,50,13411.641113,1.0
-13.0,50,13412.842705,1.0
-9.0,50,13414.054554,1.0
-3.0,50,13415.280727,1.0
-9.0,50,13416.513561,1.0
-6.0,50,13417.734478,1.0
-15.0,50,13418.94685,1.0
-8.0,50,13420.181253,1.0
-8.0,50,13421.400612,1.0
-10.0,50,13422.616877,1.0
-16.0,50,13423.832328,1.0
-12.0,50,13425.062513,1.0
-10.0,50,13426.293865,1.0
-12.0,50,13427.514142,1.0
-8.0,50,13428.730053,1.0
-14.0,50,13429.956931,1.0
-23.0,50,13431.161322,1.0
-6.0,50,13432.377188,1.0
-9.0,50,13433.600729,1.0
-10.0,50,13434.855177,1.0
0.0,50,13436.068814,1.0
-10.0,50,13437.291293,1.0
-17.0,50,13438.49707,1.0
-6.0,50,13439.711243,1.0
-12.0,50,13440.911015,1.0
-7.0,50,13442.105042,1.0
-4.0,50,13443.302317,1.0
-9.0,50,13444.509597,1.0
-9.0,50,13445.708909,1.0
-8.0,50,13446.898747,1.0
-15.0,50,13448.097101,1.0
-16.0,50,13449.31283,1.0
-9.0,50,13450.510428,1.0
-16.0,50,13451.708585,1.0
-7.0,50,13452.901388,1.0
-9.0,50,13454.112276,1.0
-6.0,50,13455.305711,1.0
-8.0,50,13456.5026,1.0
-13.0,50,13457.700753,1.0
-11.0,50,13464.188159,1.0
-12.0,50,13465.416109,1.0
-7.0,50,13466.622106,1.0
-12.0,50,13467.840833,1.0
-8.0,50,13469.058591,1.0
-11.0,50,13470.260211,1.0
-10.0,50,13471.45879,1.0
-10.0,50,13472.670864,1.0
0.0,50,13473.879151,1.0
-8.0,50,13475.078683,1.0
-6.0,50,13476.279405,1.0
-7.0,50,13477.47896,1.0
-11.0,50,13478.690852,1.0
-10.0,50,13479.884364,1.0
-10.0,50,13481.101509,1.0
-8.0,50,13482.325663,1.0
-7.0,50,13483.564759,1.0
-15.0,50,13484.782779,1.0
-11.0,50,13486.012006,1.0
-16.0,50,13487.233396,1.0
-5.0,50,13488.471653,1.0
-10.0,50,13489.704377,1.0
-15.0,50,13490.910429,1.0
-9.0,50,13492.119835,1.0
-13.0,50,13493.337647,1.0
-6.0,50,13494.552979,1.0
0.0,50,13495.747258,1.0
0.0,50,13496.945513,1.0
-13.0,50,13498.165032,1.0
-10.0,50,13499.377244,1.0
-15.0,50,13500.574091,1.0
-7.0,50,13501.774489,1.0
0.0,50,13502.993092,1.0
-9.0,50,13504.193655,1.0
-14.0,50,13505.394098,1.0
-12.0,50,13506.606034,1.0
-12.0,50,13507.821278,1.0
-15.0,50,13509.025193,1.0
-3.0,50,13510.235732,1.0
-6.0,50,13511.447026,1.0
-10.0,50,13512.659761,1.0
-4.0,50,13513.867984,1.0
-13.0,50,13515.060634,1.0
-11.0,50,13516.269138,1.0
-4.0,50,13517.476812,1.0
-15.0,50,13518.691518,1.0
-15.0,50,13519.895643,1.0
-6.0,50,13521.1122,1.0
0.0,50,13522.341788,1.0
-12.0,50,13523.574082,1.0
-16.0,50,13524.818753,1.0
-4.0,50,13526.048289,1.0
-6.0,50,13527.289907,1.0
-8.0,50,13528.489276,1.0
-11.0,50,13529.68839,1.0
-13.0,50,13530.893655,1.0
-8.0,50,13532.110623,1.0
-7.0,50,13533.313042,1.0
-7.0,50,13534.516961,1.0
-7.0,50,13535.717451,1.0
0.0,50,13536.941085,1.0
-7.0,50,13538.160143,1.0
-49.0,50,13539.359353,0.0
-16.0,50,13540.563454,1.0
-7.0,50,13541.773591,1.0
-10.0,50,13542.986136,1.0
-16.0,50,13544.183564,1.0
0.0,50,13545.378422,1.0
-12.0,50,13546.610389,1.0
-17.0,50,13547.814893,1.0
-6.0,50,13549.008759,1.0
-8.0,50,13550.225677,1.0
-10.0,50,13551.432886,1.0
-16.0,50,13552.633635,1.0
-12.0,50,13553.846165,1.0
-11.0,50,13555.079404,1.0
-9.0,50,13556.292141,1.0
0.0,50,13557.49712,1.0
-9.0,50,13558.701078,1.0
-4.0,50,13559.90341,1.0
-14.0,50,13561.121582,1.0
-10.0,50,13562.324914,1.0
-8.0,50,13563.527799,1.0
-15.0,50,13564.729357,1.0
-12.0,50,13565.943227,1.0
-9.0,50,13567.151352,1.0
0.0,50,13568.357826,1.0
-5.0,50,13569.558331,1.0
-5.0,50,13570.784013,1.0
-9.0,50,13571.998578,1.0
-13.0,50,13573.20556,1.0
-11.0,50,13574.407639,1.0
-11.0,50,13575.621395,1.0
-10.0,50,13576.818192,1.0
-8.0,50,13578.023602,1.0
-7.0,50,13579.228184,1.0
-11.0,50,13580.441485,1.0
-8.0,50,13581.646145,1.0
-18.0,50,13582.848324,1.0
-5.0,50,13584.062597,1.0
-12.0,50,13585.28893,1.0
-9.0,50,13586.487572,1.0
-9.0,50,13587.709314,1.0
-6.0,50,13588.913152,1.0
-9.0,50,13590.123982,1.0
-5.0,50,13591.339163,1.0
-11.0,50,13592.547673,1.0
-7.0,50,13593.759295,1.0
-13.0,50,13594.984881,1.0
-14.0,50,13596.19042,1.0
-11.0,50,13597.405603,1.0
-7.0,50,13598.624538,1.0
-15.0,50,13599.855639,1.0
-13.0,50,13601.056966,1.0
-50.0,50,13602.269281,0.0
-1.0,50,13603.482495,1.0
-20.0,50,13604.704464,1.0
-8.0,50,13605.929653,1.0
-10.0,50,13607.148052,1.0
-5.0,50,13608.357925,1.0
-11.0,50,13609.573532,1.0
-7.0,50,13610.779429,1.0
-42.0,50,13611.98712,1.0
-29.0,50,13613.199081,1.0
-7.0,50,13614.42607,1.0
-11.0,50,13615.654285,1.0
-14.0,50,13616.860784,1.0
-10.0,50,13618.066162,1.0
-6.0,50,13619.277482,1.0
-13.0,50,13620.494038,1.0
-19.0,50,13621.696629,1.0
-12.0,50,13622.905422,1.0
-5.0,50,13624.122032,1.0
-9.0,50,13625.322971,1.0
-19.0,50,13626.527851,1.0
-11.0,50,13627.746272,1.0
-4.0,50,13628.981027,1.0
-10.0,50,13630.196548,1.0
-8.0,50,13631.411574,1.0
-12.0,50,13632.617853,1.0
-3.0,50,13633.846803,1.0
-16.0,50,13635.046433,1.0
-12.0,50,13636.266246,1.0
-20.0,50,13637.477997,1.0
-6.0,50,13638.710291,1.0
-23.0,50,13639.916929,1.0
-10.0,50,13641.132381,1.0
-10.0,50,13642.343148,1.0
-16.0,50,13643.56667,1.0
-8.0,50,13644.785119,1.0
-13.0,50,13646.00826,1.0
-17.0,50,13647.229085,1.0
-6.0,50,13648.446903,1.0
-11.0,50,13649.664106,1.0
-8.0,50,13650.872457,1.0
-7.0,50,13652.08415,1.0
-10.0,50,13653.327713,1.0
-11.0,50,13654.522505,1.0
-11.0,50,13655.734226,1.0
-5.0,50,13656.935534,1.0
-11.0,50,13658.171698,1.0
-15.0,50,13659.371856,1.0
0.0,50,13660.586542,1.0
-2.0,50,13661.785521,1.0
-5.0,50,13663.021837,1.0
-12.0,50,13664.230182,1.0
-6.0,50,13665.429753,1.0
-13.0,50,13666.62772,1.0
-9.0,50,13667.838945,1.0
-4.0,50,13669.051249,1.0
-14.0,50,13670.271661,1.0
-18.0,50,13671.494966,1.0
-10.0,50,13672.726924,1.0
-9.0,50,13673.946373,1.0
-16.0,50,13675.189078,1.0
-9.0,50,13676.423213,1.0
-12.0,50,13677.659635,1.0
-14.0,50,13678.891989,1.0
-11.0,50,13680.109487,1.0
-2.0,50,13681.327951,1.0
-10.0,50,13682.565485,1.0
-8.0,50,13683.791476,1.0
-8.0,50,13685.011786,1.0
-10.0,50,13686.233014,1.0
-10.0,50,13687.469979,1.0
-5.0,50,13688.692873,1.0
0.0,50,13689.922539,1.0
-14.0,50,13691.153085,1.0
-7.0,50,13692.394218,1.0
-10.0,50,13693.622215,1.0
-10.0,50,13694.854891,1.0
-9.0,50,13696.069834,1.0
-22.0,50,13697.314009,1.0
-20.0,50,13698.543087,1.0
-9.0,50,13699.759303,1.0
-9.0,50,13700.989292,1.0
-8.0,50,13702.209862,1.0
-17.0,50,13703.413864,1.0
-3.0,50,13704.630213,1.0
-5.0,50,13705.830845,1.0
-12.0,50,13712.456297,1.0
0.0,50,13713.667857,1.0
-12.0,50,13714.866856,1.0
-28.0,50,13716.064974,1.0
-11.0,50,13717.284428,1.0
-12.0,50,13718.492118,1.0
-16.0,50,13719.701547,1.0
-8.0,50,13720.91078,1.0
-7.0,50,13722.118941,1.0
-10.0,50,13723.336231,1.0
-10.0,50,13724.54589,1.0
-6.0,50,13725.748593,1.0
-6.0,50,13726.953529,1.0
-8.0,50,13728.158227,1.0
-12.0,50,13729.359277,1.0
-11.0,50,13730.56422,1.0
-5.0,50,13731.785808,1.0
-16.0,50,13733.010976,1.0
-11.0,50,13734.245763,1.0
-10.0,50,13735.46861,1.0
-8.0,50,13736.727696,1.0
-8.0,50,13737.938704,1.0
-6.0,50,13739.171467,1.0
-8.0,50,13740.403253,1.0
-16.0,50,13741.652772,1.0
-11.0,50,13742.87497,1.0
-9.0,50,13744.109832,1.0
-8.0,50,13745.348884,1.0
-17.0,50,13746.580561,1.0
-9.0,50,13747.803464,1.0
-10.0,50,13749.031532,1.0
-11.0,50,13750.25042,1.0
-12.0,50,13751.495189,1.0
-5.0,50,13752.718499,1.0
-22.0,50,13753.944188,1.0
-9.0,50,13755.172809,1.0
-8.0,50,13756.410791,1.0
-8.0,50,13757.638225,1.0
-7.0,50,13758.864618,1.0
-10.0,50,13760.08304,1.0
-18.0,50,13761.312129,1.0
-9.0,50,13762.536351,1.0
-8.0,50,13763.764311,1.0
0.0,50,13765.011288,1.0
0.0,50,13766.247498,1.0
-17.0,50,13767.48647,1.0
-12.0,50,13768.719472,1.0
-11.0,50,13769.934934,1.0
-11.0,50,13771.162294,1.0
-11.0,50,13772.384047,1.0
-10.0,50,13773.611315,1.0
-9.0,50,13774.83863,1.0
-12.0,50,13776.087251,1.0
-12.0,50,13777.300061,1.0
-8.0,50,13778.51567,1.0
-6.0,50,13779.742859,1.0
-6.0,50,13780.983799,1.0
-11.0,50,13782.213237,1.0
-13.0,50,13783.442425,1.0
-15.0,50,13784.661746,1.0
-6.0,50,13785.891602,1.0
-13.0,50,13787.118795,1.0
-9.0,50,13788.341884,1.0
-8.0,50,13789.561006,1.0
-10.0,50,13790.800237,1.0
-5.0,50,13792.023121,1.0
-10.0,50,13793.256588,1.0
-12.0,50,13794.491448,1.0
-5.0,50,13795.732246,1.0
-10.0,50,13796.966685,1.0
-11.0,50,13798.199751,1.0
-8.0,50,13799.414858,1.0
-7.0,50,13800.648492,1.0
-12.0,50,13801.865811,1.0
-12.0,50,13803.081523,1.0
0.0,50,13804.304255,1.0
-10.0,50,13805.555114,1.0
-11.0,50,13806.767376,1.0
-8.0,50,13807.987357,1.0
-9.0,50,13809.190412,1.0
-9.0,50,13810.421593,1.0
0.0,50,13811.63776,1.0
-9.0,50,13812.83296,1.0
-7.0,50,13814.051484,1.0
0.0,50,13815.274078,1.0
0.0,50,13816.48519,1.0
-10.0,50,13817.691935,1.0
-12.0,50,13818.901963,1.0
-6.0,50,13820.135579,1.0
-9.0,50,13821.370686,1.0
-11.0,50,13822.592555,1.0
-6.0,50,13823.83093,1.0
-19.0,50,13825.08747,1.0
-14.0,50,13826.313192,1.0
-11.0,50,13827.522105,1.0
-9.0,50,13828.71951,1.0
-6.0,50,13829.943681,1.0
-15.0,50,13831.138974,1.0
-9.0,50,13832.345543,1.0
-5.0,50,13833.551663,1.0
-10.0,50,13834.773488,1.0
-2.0,50,13835.968306,1.0
-15.0,50,13837.179185,1.0
-26.0,50,13838.381453,1.0
-7.0,50,13839.590558,1.0
-13.0,50,13840.790232,1.0
-6.0,50,13841.998649,1.0
-9.0,50,13843.189222,1.0
0.0,50,13844.396981,1.0
-11.0,50,13845.58985,1.0
-16.0,50,13846.785835,1.0
-11.0,50,13847.991369,1.0
-8.0,50,13849.198861,1.0
-9.0,50,13850.410165,1.0
-21.0,50,13851.609885,1.0
-10.0,50,13852.803172,1.0
-12.0,50,13854.006397,1.0
-10.0,50,13855.224251,1.0
-10.0,50,13856.420051,1.0
-14.0,50,13857.621637,1.0
-9.0,50,13858.860632,1.0
-11.0,50,13860.069449,1.0
-12.0,50,13861.266844,1.0
-9.0,50,13862.472657,1.0
-12.0,50,13863.689052,1.0
-5.0,50,13864.896103,1.0
-6.0,50,13866.103655,1.0
-12.0,50,13867.30413,1.0
-16.0,50,13868.52229,1.0
-10.0,50,13869.719253,1.0
-12.0,50,13870.930908,1.0
-15.0,50,13872.128997,1.0
-13.0,50,13873.341627,1.0
-14.0,50,13874.548616,1.0
-13.0,50,13875.754047,1.0
-6.0,50,13876.954628,1.0
-6.0,50,13878.163531,1.0
-17.0,50,13879.355474,1.0
-10.0,50,13880.575531,1.0
-5.0,50,13881.800406,1.0
-7.0,50,13883.040727,1.0
0.0,50,13884.293555,1.0
-12.0,50,13885.519094,1.0
0.0,50,13886.742856,1.0
-16.0,50,13887.976752,1.0
-9.0,50,13889.174707,1.0
-14.0,50,13890.387644,1.0
-12.0,50,13891.593724,1.0
-11.0,50,13892.810702,1.0
-5.0,50,13894.006314,1.0
-6.0,50,13895.208037,1.0
-7.0,50,13896.429136,1.0
-12.0,50,13897.655755,1.0
-14.0,50,13898.860502,1.0
-10.0,50,13900.056774,1.0
-30.0,50,13901.268585,1.0
-8.0,50,13902.492842,1.0
-9.0,50,13903.704264,1.0
-12.0,50,13904.901964,1.0
-8.0,50,13906.098517,1.0
-9.0,50,13907.305956,1.0
-13.0,50,13908.509823,1.0
-12.0,50,13909.729892,1.0
-11.0,50,13910.967965,1.0
-23.0,50,13912.213824,1.0
-6.0,50,13913.441488,1.0
-9.0,50,13914.67385,1.0
-10.0,50,13915.889863,1.0
-13.0,50,13917.136777,1.0
-8.0,50,13918.354077,1.0
-7.0,50,13919.571015,1.0
-6.0,50,13920.801401,1.0
-10.0,50,13922.045698,1.0
-7.0,50,13923.270366,1.0
-18.0,50,13924.484467,1.0
-17.0,50,13925.709659,1.0
0.0,50,13926.954671,1.0
-11.0,50,13928.180004,1.0
-10.0,50,13929.406065,1.0
-12.0,50,13930.63397,1.0
-9.0,50,13931.8782,1.0
-14.0,50,13933.103716,1.0
-8.0,50,13934.330766,1.0
-7.0,50,13935.56265,1.0
-9.0,50,13936.821059,1.0
0.0,50,13938.060099,1.0
-8.0,50,13939.277169,1.0
0.0,50,13940.493916,1.0
-50.0,50,13941.726623,0.0
-6.0,50,13942.920887,1.0
-12.0,50,13944.130635,1.0
-18.0,50,13945.341937,1.0
-12.0,50,13946.567297,1.0
-8.0,50,13947.784966,1.0
-11.0,50,13948.987889,1.0
-9.0,50,13950.204522,1.0
-12.0,50,13951.426938,1.0
-7.0,50,13952.644801,1.0
-12.0,50,13953.861444,1.0
-11.0,50,13955.05954,1.0
-9.0,50,13961.621105,1.0
-8.0,50,13962.830765,1.0
-7.0,50,13964.023263,1.0
-7.0,50,13965.219875,1.0
-9.0,50,13966.442022,1.0
-14.0,50,13967.654983,1.0
-11.0,50,13968.86879,1.0
-7.0,50,13970.079399,1.0
-9.0,50,13971.315215,1.0
-11.0,50,13972.53512,1.0
-11.0,50,13973.755503,1.0
-11.0,50,13974.99823,1.0
0.0,50,13976.238235,1.0
-10.0,50,13977.476406,1.0
-8.0,50,13978.698405,1.0
-13.0,50,13979.932431,1.0
-6.0,50,13981.176398,1.0
-29.0,50,13982.39524,1.0
-13.0,50,13983.617175,1.0
0.0,50,13984.839305,1.0
-11.0,50,13986.071147,1.0
-13.0,50,13987.300516,1.0
-11.0,50,13988.536655,1.0
-13.0,50,13989.772689,1.0
-8.0,50,13991.00572,1.0
-12.0,50,13992.227089,1.0
-31.0,50,13993.448731,1.0
-15.0,50,13994.694009,1.0
-6.0,50,13995.931226,1.0
-7.0,50,13997.148588,1.0
-9.0,50,13998.368829,1.0
-16.0,50,13999.590823,1.0
-13.0,50,14000.832823,1.0
-13.0,50,14002.057303,1.0
-10.0,50,14003.281456,1.0
-10.0,50,14004.514256,1.0
-11.0,50,14005.746703,1.0
-11.0,50,14006.974946,1.0
-11.0,50,14008.172519,1.0
-11.0,50,14009.379314,1.0
-7.0,50,14010.601938,1.0
-9.0,50,14011.799583,1.0
-7.0,50,14013.007234,1.0
-12.0,50,14014.210798,1.0
-6.0,50,14015.430691,1.0
-16.0,50,14016.637305,1.0
0.0,50,14017.83447,1.0
0.0,50,14019.031137,1.0
-7.0,50,14020.245622,1.0
-11.0,50,14021.44581,1.0
-15.0,50,14022.652725,1.0
-9.0,50,14023.848858,1.0
-3.0,50,14025.056259,1.0
-8.0,50,14026.25457,1.0
0.0,50,14027.472324,1.0
-12.0,50,14028.675111,1.0
-10.0,50,14029.898731,1.0
-14.0,50,14031.107708,1.0
-9.0,50,14032.326642,1.0
-8.0,50,14033.524452,1.0
-6.0,50,14034.764202,1.0
-8.0,50,14035.99587,1.0
-8.0,50,14037.218587,1.0
-12.0,50,14038.456085,1.0
-11.0,50,14039.687584,1.0
-9.0,50,14040.920163,1.0
-10.0,50,14042.143548,1.0
-10.0,50,14043.376653,1.0
-9.0,50,14044.612745,1.0
-7.0,50,14045.852506,1.0
0.0,50,14047.077523,1.0
-5.0,50,14048.316528,1.0
-10.0,50,14049.564632,1.0
-21.0,50,14050.785642,1.0
-7.0,50,14052.021423,1.0
-4.0,50,14053.240226,1.0
-13.0,50,14054.471703,1.0
-6.0,50,14055.713381,1.0
0.0,50,14056.945001,1.0
-8.0,50,14058.1801,1.0
-11.0,50,14059.415617,1.0
-8.0,50,14060.63794,1.0
-9.0,50,14061.860159,1.0
-9.0,50,14063.082276,1.0
-9.0,50,14064.306572,1.0
-14.0,50,14065.508476,1.0
-5.0,50,14066.715107,1.0
-14.0,50,14067.926876,1.0
-7.0,50,14069.145057,1.0
-9.0,50,14070.360318,1.0
-16.0,50,14071.575443,1.0
-5.0,50,14072.782694,1.0
-10.0,50,14074.016836,1.0
-9.0,50,14075.237639,1.0
-15.0,50,14076.466592,1.0
-12.0,50,14077.68468,1.0
-7.0,50,14078.921645,1.0
-14.0,50,14080.138226,1.0
-9.0,50,14081.353111,1.0
-11.0,50,14082.580455,1.0
-6.0,50,14083.825444,1.0
-8.0,50,14085.041763,1.0
-6.0,50,14086.261892,1.0
-14.0,50,14087.476866,1.0
-7.0,50,14088.716641,1.0
-8.0,50,14089.940121,1.0
-11.0,50,14091.171116,1.0
-7.0,50,14092.371697,1.0
-14.0,50,14093.572241,1.0
-4.0,50,14094.799289,1.0
-7.0,50,14096.010036,1.0
-14.0,50,14097.23049,1.0
0.0,50,14098.46657,1.0
-11.0,50,14099.681676,1.0
-9.0,50,14100.89271,1.0
-12.0,50,14102.113065,1.0
-14.0,50,14103.346502,1.0
-10.0,50,14104.573506,1.0
-5.0,50,14105.799396,1.0
-10.0,50,14107.019218,1.0
-9.0,50,14108.24708,1.0
-9.0,50,14109.463852,1.0
-6.0,50,14110.680041,1.0
-15.0,50,14111.890543,1.0
-7.0,50,14113.109581,1.0
-11.0,50,14114.306851,1.0
-9.0,50,14115.503802,1.0
-7.0,50,14116.704518,1.0
-8.0,50,14117.919961,1.0
-14.0,50,14119.12629,1.0
-10.0,50,14120.326406,1.0
-10.0,50,14121.519183,1.0
-12.0,50,14122.739129,1.0
-9.0,50,14123.94823,1.0
-9.0,50,14125.15533,1.0
-12.0,50,14126.360966,1.0
-9.0,50,14127.573809,1.0
-27.0,50,14128.771324,1.0
-14.0,50,14129.969857,1.0
-10.0,50,14131.164477,1.0
-13.0,50,14132.372391,1.0
-7.0,50,14133.559611,1.0
-7.0,50,14134.751003,1.0
-6.0,50,14135.951666,1.0
-3.0,50,14137.158494,1.0
-9.0,50,14138.348544,1.0
-10.0,50,14139.562304,1.0
-6.0,50,14140.755827,1.0
-7.0,50,14141.970301,1.0
0.0,50,14143.163423,1.0
-11.0,50,14144.360643,1.0
-7.0,50,14145.558147,1.0
-7.0,50,14146.764159,1.0
-10.0,50,14147.955465,1.0
-9.0,50,14149.158269,1.0
-9.0,50,14150.362646,1.0
-7.0,50,14151.572707,1.0
-7.0,50,14152.763904,1.0
-9.0,50,14153.954568,1.0
-7.0,50,14155.185608,1.0
-11.0,50,14156.38941,1.0
-5.0,50,14157.57831,1.0
-13.0,50,14158.770388,1.0
-10.0,50,14159.967176,1.0
-7.0,50,14161.184501,1.0
0.0,50,14162.385703,1.0
-9.0,50,14163.573863,1.0
-12.0,50,14164.768169,1.0
-5.0,50,14165.97642,1.0
-7.0,50,14167.166084,1.0
-15.0,50,14168.354723,1.0
-8.0,50,14169.565955,1.0
-10.0,50,14170.77767,1.0
-8.0,50,14171.970751,1.0
-9.0,50,14173.164451,1.0
-6.0,50,14174.352477,1.0
0.0,50,14175.562171,1.0
-11.0,50,14176.754867,1.0
-15.0,50,14177.958913,1.0
-11.0,50,14179.164803,1.0
-10.0,50,14180.374167,1.0
-10.0,50,14181.576123,1.0
-7.0,50,14182.77729,1.0
0.0,50,14183.981633,1.0
-10.0,50,14185.201097,1.0
-13.0,50,14186.428657,1.0
-9.0,50,14187.655105,1.0
-10.0,50,14188.866509,1.0
-8.0,50,14190.113616,1.0
-11.0,50,14191.336923,1.0
-13.0,50,14192.558658,1.0
-7.0,50,14193.787578,1.0
-7.0,50,14195.030671,1.0
-11.0,50,14196.260978,1.0
-5.0,50,14197.477744,1.0
-5.0,50,14198.696575,1.0
-10.0,50,14199.935961,1.0
-13.0,50,14201.150033,1.0
-11.0,50,14202.365811,1.0
-10.0,50,14203.580243,1.0
-7.0,50,14210.031326,1.0
-8.0,50,14211.261645,1.0
-11.0,50,14212.480786,1.0
-11.0,50,14213.69647,1.0
-10.0,50,14214.932,1.0
-9.0,50,14216.138097,1.0
0.0,50,14217.364594,1.0
-9.0,50,14218.578776,1.0
-5.0,50,14219.813914,1.0
-10.0,50,14221.041484,1.0
-6.0,50,14222.272986,1.0
-15.0,50,14223.496463,1.0
-8.0,50,14224.724168,1.0
-11.0,50,14225.943207,1.0
-4.0,50,14227.178033,1.0
-6.0,50,14228.404562,1.0
-14.0,50,14229.641002,1.0
-11.0,50,14230.855762,1.0
-17.0,50,14232.080025,1.0
-7.0,50,14233.315749,1.0
-4.0,50,14234.551035,1.0
-10.0,50,14235.757552,1.0
-5.0,50,14236.952817,1.0
-10.0,50,14238.156469,1.0
-6.0,50,14239.366686,1.0
-10.0,50,14240.578786,1.0
-8.0,50,14241.777737,1.0
0.0,50,14242.974987,1.0
-8.0,50,14244.184539,1.0
-21.0,50,14245.400673,1.0
0.0,50,14246.590289,1.0
-10.0,50,14247.793976,1.0
-13.0,50,14249.007781,1.0
-6.0,50,14250.214006,1.0
-7.0,50,14251.411704,1.0
-12.0,50,14252.603791,1.0
-5.0,50,14253.812551,1.0
-11.0,50,14255.019553,1.0
-13.0,50,14256.220883,1.0
-6.0,50,14257.414358,1.0
-13.0,50,14258.617301,1.0
-4.0,50,14259.815704,1.0
-8.0,50,14261.009306,1.0
-5.0,50,14262.1969,1.0
-15.0,50,14263.40736,1.0
-12.0,50,14264.604184,1.0
-13.0,50,14265.806098,1.0
-12.0,50,14267.000728,1.0
-14.0,50,14268.212204,1.0
-8.0,50,14269.415547,1.0
-16.0,50,14270.609476,1.0
-10.0,50,14271.809917,1.0
-12.0,50,14273.035225,1.0
-12.0,50,14274.241727,1.0
-11.0,50,14275.446403,1.0
-10.0,50,14276.654455,1.0
-8.0,50,14277.860794,1.0
-8.0,50,14279.060565,1.0
-8.0,50,14280.257269,1.0
-7.0,50,14281.461854,1.0
-10.0,50,14282.671374,1.0
-7.0,50,14283.865336,1.0
-13.0,50,14285.061616,1.0
-11.0,50,14286.260902,1.0
0.0,50,14287.468825,1.0
-12.0,50,14288.674187,1.0
-6.0,50,14289.873525,1.0
-11.0,50,14291.074616,1.0
0.0,50,14292.285173,1.0
-50.0,50,14293.484056,0.0
-6.0,50,14294.686188,1.0
-11.0,50,14295.883898,1.0
-5.0,50,14297.106092,1.0
-4.0,50,14298.302926,1.0
-10.0,50,14299.505035,1.0
-5.0,50,14300.708339,1.0
-5.0,50,14301.92582,1.0
-10.0,50,14303.129798,1.0
-8.0,50,14304.346648,1.0
-13.0,50,14305.554972,1.0
-2.0,50,14306.769869,1.0
-10.0,50,14307.973127,1.0
-11.0,50,14309.170399,1.0
-12.0,50,14310.373057,1.0
-22.0,50,14311.593316,1.0
-7.0,50,14312.793024,1.0
-10.0,50,14313.998439,1.0
-8.0,50,14315.198685,1.0
-12.0,50,14316.408535,1.0
-9.0,50,14317.6141,1.0
-13.0,50,14318.823386,1.0
-5.0,50,14320.018555,1.0
-7.0,50,14321.230591,1.0
-7.0,50,14322.432129,1.0
-9.0,50,14323.644074,1.0
-4.0,50,14324.871051,1.0
-5.0,50,14326.12529,1.0
-6.0,50,14327.354613,1.0
-14.0,50,14328.577272,1.0
-7.0,50,14329.794751,1.0
-11.0,50,14331.028926,1.0
-8.0,50,14332.250968,1.0
-11.0,50,14333.488024,1.0
-10.0,50,14334.720941,1.0
-13.0,50,14335.957864,1.0
-10.0,50,14337.183239,1.0
-14.0,50,14338.409056,1.0
-9.0,50,14339.625781,1.0
-6.0,50,14340.862112,1.0
-11.0,50,14342.095425,1.0
-10.0,50,14343.317908,1.0
-6.0,50,14344.544735,1.0
-6.0,50,14345.775047,1.0
-16.0,50,14347.011908,1.0
-8.0,50,14348.24052,1.0
-7.0,50,14349.472667,1.0
-8.0,50,14350.722016,1.0
-5.0,50,14351.957715,1.0
-9.0,50,14353.172434,1.0
-9.0,50,14354.387499,1.0
0.0,50,14355.61547,1.0
-13.0,50,14356.84269,1.0
-11.0,50,14358.065395,1.0
-9.0,50,14359.299163,1.0
-9.0,50,14360.540359,1.0
-7.0,50,14361.776103,1.0
-10.0,50,14363.010221,1.0
-6.0,50,14364.254827,1.0
-11.0,50,14365.484717,1.0
-8.0,50,14366.712056,1.0
-24.0,50,14367.931769,1.0
-11.0,50,14369.166212,1.0
-7.0,50,14370.398699,1.0
0.0,50,14371.639601,1.0
-9.0,50,14372.857155,1.0
-7.0,50,14374.079497,1.0
-5.0,50,14375.314553,1.0
-31.0,50,14376.543077,1.0
-5.0,50,14377.768955,1.0
-10.0,50,14378.99517,1.0
-7.0,50,14380.236592,1.0
-22.0,50,14381.46687,1.0
-7.0,50,14382.696589,1.0
-13.0,50,14383.931896,1.0
-12.0,50,14385.171449,1.0
0.0,50,14386.394879,1.0
-7.0,50,14387.602384,1.0
-28.0,50,14388.817401,1.0
-8.0,50,14390.035949,1.0
-17.0,50,14391.241303,1.0
-14.0,50,14392.441498,1.0
0.0,50,14393.657253,1.0
0.0,50,14394.89407,1.0
-13.0,50,14396.106851,1.0
-12.0,50,14397.315589,1.0
-12.0,50,14398.544906,1.0
-14.0,50,14399.794559,1.0
-7.0,50,14401.030087,1.0
-5.0,50,14402.254305,1.0
-8.0,50,14403.480752,1.0
-11.0,50,14404.722009,1.0
-28.0,50,14405.94669,1.0
-13.0,50,14407.169417,1.0
-6.0,50,14408.390515,1.0
-11.0,50,14409.623734,1.0
-12.0,50,14410.853267,1.0
-9.0,50,14412.086309,1.0
-8.0,50,14413.310706,1.0
-10.0,50,14414.542781,1.0
-14.0,50,14415.764737,1.0
-9.0,50,14416.981182,1.0
-8.0,50,14418.211166,1.0
-13.0,50,14419.467486,1.0
-10.0,50,14420.687795,1.0
-12.0,50,14421.92433,1.0
-12.0,50,14423.146242,1.0
-14.0,50,14424.392195,1.0
-12.0,50,14425.627038,1.0
-11.0,50,14426.87306,1.0
-13.0,50,14428.101617,1.0
-10.0,50,14429.34475,1.0
-12.0,50,14430.557575,1.0
-5.0,50,14431.748384,1.0
-11.0,50,14432.94394,1.0
-7.0,50,14434.162061,1.0
0.0,50,14435.355826,1.0
-10.0,50,14436.549937,1.0
-7.0,50,14437.757911,1.0
-25.0,50,14438.963482,1.0
-12.0,50,14440.15268,1.0
-9.0,50,14441.350865,1.0
-10.0,50,14442.555362,1.0
-8.0,50,14443.759558,1.0
-5.0,50,14444.955177,1.0
-13.0,50,14446.14858,1.0
-7.0,50,14447.343049,1.0
-12.0,50,14448.564333,1.0
-9.0,50,14449.764252,1.0
-9.0,50,14450.986014,1.0
-6.0,50,14452.179602,1.0
-8.0,50,14458.569784,1.0
-8.0,50,14459.763726,1.0
-9.0,50,14460.960335,1.0
-7.0,50,14462.148957,1.0
-8.0,50,14463.355601,1.0
-21.0,50,14464.552976,1.0
-10.0,50,14465.75238,1.0
0.0,50,14466.94684,1.0
-9.0,50,14468.156245,1.0
-9.0,50,14469.346261,1.0
-10.0,50,14470.538762,1.0
-6.0,50,14471.727987,1.0
-10.0,50,14472.931846,1.0
-12.0,50,14474.123157,1.0
-8.0,50,14475.310315,1.0
-10.0,50,14476.50914,1.0
-10.0,50,14477.706054,1.0
-14.0,50,14478.898055,1.0
-9.0,50,14480.088308,1.0
-11.0,50,14481.292481,1.0
-11.0,50,14482.518307,1.0
-8.0,50,14483.721757,1.0
-10.0,50,14484.927827,1.0
-13.0,50,14486.117695,1.0
-9.0,50,14487.338309,1.0
-8.0,50,14488.556731,1.0
-9.0,50,14489.771897,1.0
-8.0,50,14490.982165,1.0
-6.0,50,14492.198753,1.0
-9.0,50,14493.416537,1.0
0.0,50,14494.628068,1.0
-9.0,50,14495.849787,1.0
-7.0,50,14497.086561,1.0
-9.0,50,14498.293722,1.0
-10.0,50,14499.529068,1.0
-9.0,50,14500.762207,1.0
-33.0,50,14502.002495,1.0
-37.0,50,14503.213694,1.0
-11.0,50,14504.434561,1.0
-12.0,50,14505.659495,1.0
-30.0,50,14506.890288,1.0
-7.0,50,14508.110859,1.0
-9.0,50,14509.343424,1.0
-7.0,50,14510.565739,1.0
-8.0,50,14511.810644,1.0
-10.0,50,14513.033551,1.0
-9.0,50,14514.274424,1.0
-25.0,50,14515.48468,1.0
-7.0,50,14516.683623,1.0
-18.0,50,14517.894671,1.0
-9.0,50,14519.088178,1.0
-12.0,50,14520.28742,0.0
-10.0,50,14521.507157,1.0
-23.0,50,14522.704336,1.0
-5.0,50,14523.907236,1.0
-11.0,50,14525.103674,1.0
-20.0,50,14526.323694,1.0
-2.0,50,14527.530538,1.0
-11.0,50,14528.719506,1.0
-10.0,50,14529.91715,1.0
-5.0,50,14531.138451,1.0
-12.0,50,14532.323949,1.0
-9.0,50,14533.531923,1.0
-12.0,50,14534.730593,1.0
-16.0,50,14535.934153,1.0
-9.0,50,14537.137209,1.0
-13.0,50,14538.354744,1.0
-13.0,50,14539.563002,1.0
-7.0,50,14540.7805,1.0
-14.0,50,14541.979353,1.0
-2.0,50,14543.183095,1.0
-14.0,50,14544.394164,1.0
-6.0,50,14545.609686,1.0
-11.0,50,14546.815234,1.0
-13.0,50,14548.018511,1.0
-3.0,50,14549.220858,1.0
-10.0,50,14550.430302,1.0
-9.0,50,14551.621556,1.0
-11.0,50,14552.818297,1.0
-12.0,50,14554.005477,1.0
-16.0,50,14555.227914,1.0
-5.0,50,14556.436035,1.0
-8.0,50,14557.634289,1.0
-7.0,50,14558.83086,1.0
-22.0,50,14560.034334,1.0
-11.0,50,14561.233184,1.0
-12.0,50,14562.428773,1.0
-10.0,50,14563.628366,1.0
-2.0,50,14564.841751,1.0
-5.0,50,14566.050746,1.0
-8.0,50,14567.242155,1.0
-4.0,50,14568.433788,1.0
-9.0,50,14569.64942,1.0
-8.0,50,14570.865071,1.0
-10.0,50,14572.069301,1.0
-8.0,50,14573.26601,1.0
-7.0,50,14574.491086,1.0
-7.0,50,14575.685679,1.0
-9.0,50,14576.881608,1.0
-15.0,50,14578.084909,1.0
-26.0,50,14579.298327,1.0
-6.0,50,14580.499787,1.0
-11.0,50,14581.696881,1.0
0.0,50,14582.89829,1.0
-3.0,50,14584.11204,1.0
-11.0,50,14585.310745,1.0
-12.0,50,14586.505437,1.0
-7.0,50,14587.700031,1.0
-13.0,50,14588.91681,1.0
-10.0,50,14590.119301,1.0
-8.0,50,14591.332068,1.0
-27.0,50,14592.539434,1.0
-12.0,50,14593.749497,1.0
-11.0,50,14594.954442,1.0
-10.0,50,14596.164723,1.0
-6.0,50,14597.364332,1.0
-3.0,50,14598.568105,1.0
-9.0,50,14599.776422,1.0
-7.0,50,14600.996235,1.0
-12.0,50,14602.22663,1.0
-9.0,50,14603.457947,1.0
-17.0,50,14604.692696,1.0
-3.0,50,14605.908422,1.0
-7.0,50,14607.13245,1.0
0.0,50,14608.36616,1.0
-21.0,50,14609.580191,1.0
0.0,50,14610.801355,1.0
-12.0,50,14612.009709,1.0
-6.0,50,14613.242026,1.0
-5.0,50,14614.469311,1.0
-16.0,50,14615.685384,1.0
-13.0,50,14616.877955,1.0
-9.0,50,14618.081107,1.0
-7.0,50,14619.278352,1.0
-13.0,50,14620.476864,1.0
-9.0,50,14621.680222,1.0
-10.0,50,14622.897449,1.0
-11.0,50,14624.088636,1.0
-35.0,50,14625.28522,1.0
-13.0,50,14626.484185,1.0
-11.0,50,14627.688905,1.0
-7.0,50,14628.883658,1.0
-12.0,50,14630.092006,1.0
-5.0,50,14631.309296,1.0
-12.0,50,14632.534853,1.0
-5.0,50,14633.743687,1.0
-9.0,50,14634.974228,1.0
-15.0,50,14636.1776,1.0
0.0,50,14637.395834,1.0
-12.0,50,14638.603002,1.0
-11.0,50,14639.80507,1.0
-14.0,50,14640.996933,1.0
-18.0,50,14642.211831,1.0
-19.0,50,14643.405142,1.0
-13.0,50,14644.602983,1.0
-6.0,50,14645.81947,1.0
-14.0,50,14647.03589,1.0
0.0,50,14648.227069,1.0
-13.0,50,14649.435439,1.0
0.0,50,14650.637049,1.0
-8.0,50,14651.85759,1.0
-12.0,50,14653.059085,1.0
-7.0,50,14654.2609,1.0
-9.0,50,14655.453406,1.0
-11.0,50,14656.670118,1.0
-8.0,50,14657.875762,1.0
-3.0,50,14659.092098,1.0
-34.0,50,14660.29644,1.0
-8.0,50,14661.51473,1.0
-6.0,50,14662.704957,1.0
-37.0,50,14663.908462,1.0
-6.0,50,14665.121904,1.0
0.0,50,14666.328882,1.0
-10.0,50,14667.548236,1.0
-15.0,50,14668.735983,1.0
-9.0,50,14669.936049,1.0
-32.0,50,14671.147654,1.0
-8.0,50,14672.354875,1.0
-6.0,50,14673.552388,1.0
-18.0,50,14674.75351,1.0
-11.0,50,14675.960926,1.0
-10.0,50,14677.165138,1.0
-17.0,50,14678.367681,1.0
-7.0,50,14679.598895,1.0
-4.0,50,14680.852921,1.0
-8.0,50,14682.076504,1.0
-9.0,50,14683.295119,1.0
-15.0,50,14684.529443,1.0
-11.0,50,14685.776279,1.0
0.0,50,14687.005756,1.0
-20.0,50,14688.232586,1.0
-14.0,50,14689.470064,1.0
-9.0,50,14690.72708,1.0
-9.0,50,14691.966061,1.0
-10.0,50,14693.19933,1.0
-7.0,50,14694.440663,1.0
-14.0,50,14695.69477,1.0
-9.0,50,14696.931584,1.0
-11.0,50,14698.157931,1.0
-19.0,50,14699.387103,1.0
-15.0,50,14705.87997,1.0
-13.0,50,14707.109082,1.0
-10.0,50,14708.326296,1.0
0.0,50,14709.564268,1.0
-6.0,50,14710.818111,1.0
-12.0,50,14712.040591,1.0
-9.0,50,14713.263746,1.0
-6.0,50,14714.483294,1.0
-7.0,50,14715.723385,1.0
-13.0,50,14716.952616,1.0
-14.0,50,14718.171835,1.0
-9.0,50,14719.395077,1.0
-11.0,50,14720.641017,1.0
-6.0,50,14721.866895,1.0
-7.0,50,14723.087017,1.0
-12.0,50,14724.324,1.0
-8.0,50,14725.57889,1.0
-15.0,50,14726.815526,1.0
0.0,50,14728.054212,1.0
-24.0,50,14729.274589,1.0
-12.0,50,14730.511074,1.0
-14.0,50,14731.745799,1.0
-6.0,50,14732.976835,1.0
-10.0,50,14734.204369,1.0
0.0,50,14735.454977,1.0
-10.0,50,14736.683353,1.0
-6.0,50,14737.918526,1.0
-5.0,50,14739.163224,1.0
-8.0,50,14740.402712,1.0
-13.0,50,14741.625683,1.0
-12.0,50,14742.860353,1.0
-15.0,50,14744.091935,1.0
-5.0,50,14745.310905,1.0
-12.0,50,14746.502941,1.0
-8.0,50,14747.693892,1.0
-12.0,50,14748.897666,1.0
-12.0,50,14750.104489,1.0
-33.0,50,14751.301911,1.0
-14.0,50,14752.50878,1.0
-9.0,50,14753.701359,1.0
-6.0,50,14754.934559,1.0
-12.0,50,14756.130833,1.0
-11.0,50,14757.330157,1.0
-21.0,50,14758.526034,1.0
-6.0,50,14759.734876,1.0
-8.0,50,14760.926699,1.0
-6.0,50,14762.131873,1.0
-12.0,50,14763.3474,1.0
-8.0,50,14764.557516,1.0
-10.0,50,14765.757036,1.0
-9.0,50,14766.976103,1.0
-11.0,50,14768.181843,1.0
-14.0,50,14769.405623,1.0
-13.0,50,14770.615745,1.0
-7.0,50,14771.81359,1.0
-9.0,50,14773.01798,1.0
-11.0,50,14774.257211,1.0
-21.0,50,14775.452005,0.0
-7.0,50,14776.649571,1.0
-13.0,50,14777.858021,1.0
-12.0,50,14779.086004,1.0
-6.0,50,14780.290003,1.0
-7.0,50,14781.488626,1.0
-11.0,50,14782.700722,1.0
-13.0,50,14783.912266,1.0
-5.0,50,14785.126987,1.0
-9.0,50,14786.322178,1.0
-14.0,50,14787.55391,1.0
-15.0,50,14788.785888,1.0
-9.0,50,14790.025335,1.0
-7.0,50,14791.250691,1.0
-10.0,50,14792.479621,1.0
-11.0,50,14793.720693,1.0
-7.0,50,14794.953387,1.0
-12.0,50,14796.173441,1.0
-10.0,50,14797.404416,1.0
-7.0,50,14798.662585,1.0
-11.0,50,14799.896572,1.0
0.0,50,14801.1304,1.0
-11.0,50,14802.36317,1.0
-8.0,50,14803.611357,1.0
-9.0,50,14804.863003,1.0
0.0,50,14806.092335,1.0
-23.0,50,14807.315916,1.0
-4.0,50,14808.5571,1.0
-15.0,50,14809.782996,1.0
0.0,50,14811.002143,1.0
-11.0,50,14812.201809,1.0
-6.0,50,14813.426964,1.0
-10.0,50,14814.642934,1.0
-10.0,50,14815.856418,1.0
-13.0,50,14817.049204,1.0
-8.0,50,14818.267608,1.0
-10.0,50,14819.480763,1.0
-12.0,50,14820.683813,1.0
-13.0,50,14821.87848,1.0
-11.0,50,14823.110761,1.0
-6.0,50,14824.351437,1.0
-13.0,50,14825.57945,1.0
-9.0,50,14826.813219,1.0
-11.0,50,14828.048788,1.0
-8.0,50,14829.287872,1.0
-9.0,50,14830.523154,1.0
-14.0,50,14831.76049,1.0
-7.0,50,14833.003128,1.0
-7.0,50,14834.23402,1.0
-11.0,50,14835.459183,1.0
-8.0,50,14836.678288,1.0
-12.0,50,14837.927093,1.0
-4.0,50,14839.150522,1.0
0.0,50,14840.378778,1.0
-9.0,50,14841.595514,1.0
-20.0,50,14842.826359,1.0
-10.0,50,14844.044046,1.0
-6.0,50,14845.285216,1.0
-4.0,50,14846.525067,1.0
-12.0,50,14847.766413,1.0
-6.0,50,14849.001624,1.0
-8.0,50,14850.212616,1.0
-11.0,50,14851.40911,1.0
-3.0,50,14852.63493,1.0
-20.0,50,14853.851731,1.0
-13.0,50,14855.063132,1.0
-9.0,50,14856.261583,1.0
-11.0,50,14857.488911,1.0
-13.0,50,14858.67926,1.0
-8.0,50,14859.882731,1.0
-12.0,50,14861.07604,1.0
-4.0,50,14862.291544,1.0
-8.0,50,14863.496732,1.0
0.0,50,14864.69686,1.0
-5.0,50,14865.907993,1.0
-10.0,50,14867.130404,1.0
-11.0,50,14868.318932,1.0
-15.0,50,14869.541538,1.0
-12.0,50,14870.760899,1.0
-10.0,50,14871.974748,1.0
-13.0,50,14873.164473,1.0
-10.0,50,14874.38282,1.0
-11.0,50,14875.587899,1.0
-10.0,50,14876.797626,1.0
-9.0,50,14878.001297,1.0
-6.0,50,14879.193111,1.0
-8.0,50,14880.384281,1.0
-15.0,50,14881.602741,1.0
-5.0,50,14882.792505,1.0
-9.0,50,14883.991777,1.0
-9.0,50,14885.189365,1.0
-11.0,50,14886.401142,1.0
-13.0,50,14887.611462,1.0
-12.0,50,14888.805571,1.0
-9.0,50,14890.020688,1.0
-10.0,50,14891.23984,1.0
-4.0,50,14892.445158,1.0
-6.0,50,14893.653264,1.0
-6.0,50,14894.847993,1.0
-8.0,50,14896.055818,1.0
-9.0,50,14897.263664,1.0
-5.0,50,14898.45985,1.0
-12.0,50,14899.674299,1.0
-13.0,50,14900.906805,1.0
-6.0,50,14902.115757,1.0
-8.0,50,14903.328149,1.0
-20.0,50,14904.542688,1.0
-6.0,50,14905.764058,1.0
-6.0,50,14906.974451,1.0
-16.0,50,14908.172848,1.0
-13.0,50,14909.386515,1.0
-4.0,50,14910.616494,1.0
-11.0,50,14911.818974,1.0
-6.0,50,14913.018562,1.0
-11.0,50,14914.213937,1.0
-9.0,50,14915.432206,1.0
-10.0,50,14916.646281,1.0
-6.0,50,14917.845983,1.0
-13.0,50,14919.053064,1.0
-21.0,50,14920.29183,1.0
-11.0,50,14921.485926,1.0
-13.0,50,14922.68484,1.0
-12.0,50,14923.892846,1.0
0.0,50,14925.120195,1.0
-8.0,50,14926.326243,1.0
-23.0,50,14927.536477,1.0
-10.0,50,14928.735591,1.0
-9.0,50,14929.948184,1.0
-43.0,50,14931.15173,1.0
-50.0,50,14932.345621,0.0
-16.0,50,14933.547432,1.0
-15.0,50,14934.78037,1.0
0.0,50,14935.990848,1.0
-11.0,50,14937.180971,1.0
-5.0,50,14938.385731,1.0
-11.0,50,14939.623368,1.0
-14.0,50,14940.842802,1.0
-25.0,50,14942.045558,1.0
-6.0,50,14943.250039,1.0
-13.0,50,14944.475362,1.0
-14.0,50,14945.692032,1.0
-27.0,50,14947.039727,1.0
-12.0,50,14948.32485,1.0
-8.0,50,14954.910972,1.0
-13.0,50,14956.110966,1.0
-15.0,50,14957.319351,1.0
-7.0,50,14958.534231,1.0
-15.0,50,14959.764249,1.0
-8.0,50,14960.988996,1.0
-10.0,50,14962.215912,1.0
-11.0,50,14963.421285,1.0
-9.0,50,14964.662653,1.0
-18.0,50,14965.891655,1.0
-10.0,50,14967.141535,1.0
-13.0,50,14968.341176,1.0
-8.0,50,14969.577201,1.0
-11.0,50,14970.781532,1.0
-10.0,50,14971.990217,1.0
-10.0,50,14973.197106,1.0
-11.0,50,14974.42654,1.0
-9.0,50,14975.638635,1.0
-11.0,50,14976.844268,1.0
-12.0,50,14978.054292,1.0
-10.0,50,14979.278214,1.0
-7.0,50,14980.485292,1.0
-7.0,50,14981.705649,1.0
-12.0,50,14982.923958,1.0
-12.0,50,14984.15314,1.0
-8.0,50,14985.374335,1.0
-10.0,50,14986.574744,1.0
-9.0,50,14987.789824,1.0
-21.0,50,14989.006207,1.0
-14.0,50,14990.222366,1.0
-13.0,50,14991.439481,1.0
-10.0,50,14992.662207,1.0
-7.0,50,14993.916362,1.0
-12.0,50,14995.173529,1.0
-17.0,50,14996.418583,1.0
-6.0,50,14997.657235,1.0
-10.0,50,14998.903239,1.0
-5.0,50,15000.115818,1.0
-11.0,50,15001.334081,1.0
-29.0,50,15002.545645,1.0
-10.0,50,15003.778608,1.0
-8.0,50,15005.004142,1.0
0.0,50,15006.210583,1.0
-9.0,50,15007.428982,1.0
0.0,50,15008.657427,1.0
-17.0,50,15009.88126,1.0
-8.0,50,15011.082298,1.0
-8.0,50,15012.303403,1.0
-7.0,50,15013.534785,1.0
-9.0,50,15014.752354,1.0
-7.0,50,15015.965663,1.0
-8.0,50,15017.165234,1.0
-4.0,50,15018.390014,1.0
-14.0,50,15019.6069,1.0
-11.0,50,15020.812549,1.0
-12.0,50,15022.056537,1.0
-7.0,50,15023.307314,1.0
-12.0,50,15024.544111,1.0
-12.0,50,15025.778771,1.0
-10.0,50,15027.004629,1.0
-14.0,50,15028.235933,1.0
-15.0,50,15029.451596,1.0
-11.0,50,15030.658727,1.0
-10.0,50,15031.882356,1.0
-9.0,50,15033.124975,1.0
-9.0,50,15034.340466,1.0
-10.0,50,15035.556175,1.0
-11.0,50,15036.753709,1.0
-10.0,50,15037.971101,1.0
-15.0,50,15039.1852,1.0
-9.0,50,15040.409779,1.0
-7.0,50,15041.638526,1.0
-10.0,50,15042.863058,1.0
-5.0,50,15044.091895,1.0
0.0,50,15045.335839,1.0
0.0,50,15046.545507,1.0
-11.0,50,15047.779327,1.0
-6.0,50,15048.991595,1.0
-12.0,50,15050.201999,1.0
-8.0,50,15051.422692,1.0
-9.0,50,15052.653255,1.0
-50.0,50,15053.860964,0.0
0.0,50,15055.114931,1.0
-8.0,50,15056.339859,1.0
-10.0,50,15057.584965,1.0
-13.0,50,15058.786621,1.0
-8.0,50,15059.995292,1.0
-11.0,50,15061.202512,1.0
0.0,50,15062.436733,1.0
-11.0,50,15063.648429,1.0
-8.0,50,15064.869836,1.0
0.0,50,15066.099236,1.0
-8.0,50,15067.329546,1.0
-6.0,50,15068.552011,1.0
-10.0,50,15069.777977,1.0
-8.0,50,15071.023933,1.0
-17.0,50,15072.267257,1.0
-8.0,50,15073.504692,1.0
-12.0,50,15074.731338,1.0
-9.0,50,15075.968746,1.0
-10.0,50,15077.210051,1.0
-6.0,50,15078.437792,1.0
-7.0,50,15079.675598,1.0
-6.0,50,15080.917867,1.0
-12.0,50,15082.170564,1.0
-27.0,50,15083.409063,1.0
-11.0,50,15084.648603,1.0
-10.0,50,15085.878228,1.0
-18.0,50,15087.134317,1.0
-11.0,50,15088.373677,1.0
-6.0,50,15089.593986,1.0
-7.0,50,15090.823088,1.0
-11.0,50,15092.051997,1.0
-4.0,50,15093.272744,1.0
-16.0,50,15094.489947,1.0
-7.0,50,15095.707018,1.0
-7.0,50,15096.93561,1.0
-10.0,50,15098.151395,1.0
-11.0,50,15099.356503,1.0
0.0,50,15100.555625,1.0
-13.0,50,15101.781392,1.0
-9.0,50,15102.996435,1.0
-9.0,50,15104.203166,1.0
0.0,50,15105.399947,1.0
-14.0,50,15106.611681,1.0
-8.0,50,15107.825893,1.0
-31.0,50,15109.038682,1.0
-7.0,50,15110.29861,1.0
-8.0,50,15111.537888,1.0
-7.0,50,15112.759044,1.0
-10.0,50,15113.975965,1.0
-5.0,50,15115.222622,1.0
-3.0,50,15116.468902,1.0
-7.0,50,15117.684534,1.0
-45.0,50,15118.891404,1.0
-6.0,50,15120.124875,1.0
-10.0,50,15121.357723,1.0
-11.0,50,15122.56062,1.0
-8.0,50,15123.77042,1.0
-13.0,50,15124.991031,1.0
-10.0,50,15126.207404,1.0
-25.0,50,15127.408211,1.0
-10.0,50,15128.614635,1.0
-12.0,50,15129.833466,1.0
-11.0,50,15131.070434,1.0
-11.0,50,15132.30157,1.0
-12.0,50,15133.520185,1.0
-4.0,50,15134.743099,1.0
0.0,50,15135.984775,1.0
-10.0,50,15137.191522,1.0
0.0,50,15138.389613,1.0
-9.0,50,15139.605874,1.0
-8.0,50,15140.832166,1.0
-9.0,50,15142.04718,1.0
-7.0,50,15143.264036,1.0
-10.0,50,15144.49831,1.0
-4.0,50,15145.731788,1.0
-12.0,50,15146.938383,1.0
-8.0,50,15148.153425,1.0
-8.0,50,15149.369462,1.0
-20.0,50,15150.592654,1.0
-7.0,50,15151.807409,1.0
-5.0,50,15153.051747,1.0
-9.0,50,15154.258201,1.0
-10.0,50,15155.476835,1.0
-10.0,50,15156.692897,1.0
-14.0,50,15157.896584,1.0
-11.0,50,15159.112049,1.0
-8.0,50,15160.330704,1.0
-12.0,50,15161.549853,1.0
-13.0,50,15162.769914,1.0
-8.0,50,15163.980689,1.0
-20.0,50,15165.193231,1.0
-14.0,50,15166.413441,1.0
-15.0,50,15167.624581,1.0
0.0,50,15168.842271,1.0
-11.0,50,15170.075449,1.0
-4.0,50,15171.281676,1.0
-10.0,50,15172.501089,1.0
-12.0,50,15173.710732,1.0
-11.0,50,15174.953376,1.0
-10.0,50,15176.15394,1.0
0.0,50,15177.35139,1.0
-13.0,50,15178.566838,1.0
-15.0,50,15179.795809,1.0
0.0,50,15180.999782,1.0
-13.0,50,15182.215547,1.0
0.0,50,15183.433132,1.0
-8.0,50,15184.669071,1.0
-7.0,50,15185.891798,1.0
-12.0,50,15187.093632,1.0
-11.0,50,15188.298759,1.0
-10.0,50,15189.530393,1.0
0.0,50,15190.757439,1.0
-10.0,50,15191.966689,1.0
-11.0,50,15193.169376,1.0
-8.0,50,15194.405214,1.0
-8.0,50,15195.606601,1.0
-5.0,50,15196.831295,1.0
-14.0,50,15198.05091,1.0
0.0,50,15204.623702,1.0
-7.0,50,15205.840456,1.0
-9.0,50,15207.064883,1.0
-10.0,50,15208.28252,1.0
-11.0,50,15209.50694,1.0
-7.0,50,15210.705597,1.0
-20.0,50,15211.911024,1.0
-6.0,50,15213.140974,1.0
-13.0,50,15214.360432,1.0
-6.0,50,15215.561417,1.0
-11.0,50,15216.777406,1.0
-5.0,50,15217.989816,1.0
-13.0,50,15219.203176,1.0
-8.0,50,15220.404503,1.0
-12.0,50,15221.620126,1.0
-8.0,50,15222.841543,1.0
-12.0,50,15224.054402,1.0
-10.0,50,15225.255943,1.0
-6.0,50,15226.453073,1.0
-7.0,50,15227.653755,1.0
-8.0,50,15228.861426,1.0
-9.0,50,15230.080848,1.0
-14.0,50,15231.303707,1.0
-8.0,50,15232.537535,1.0
-11.0,50,15233.779972,1.0
-11.0,50,15235.022824,1.0
-10.0,50,15236.251439,1.0
-11.0,50,15237.494238,1.0
-10.0,50,15238.727614,1.0
-10.0,50,15239.922551,1.0
-12.0,50,15241.139605,1.0
-11.0,50,15242.340739,1.0
-12.0,50,15243.562151,1.0
-8.0,50,15244.778671,1.0
-9.0,50,15246.001365,1.0
-9.0,50,15247.201952,1.0
-9.0,50,15248.431407,1.0
-10.0,50,15249.656483,1.0
-7.0,50,15250.858791,1.0
-12.0,50,15252.064199,1.0
-8.0,50,15253.278467,1.0
-7.0,50,15254.484127,1.0
-7.0,50,15255.707505,1.0
-15.0,50,15256.921842,1.0
0.0,50,15258.137553,1.0
-17.0,50,15259.357738,1.0
-15.0,50,15260.596204,1.0
-5.0,50,15261.823181,1.0
-9.0,50,15263.074554,1.0
-7.0,50,15264.331228,1.0
-7.0,50,15265.554307,1.0
-11.0,50,15266.823711,1.0
-10.0,50,15268.081241,1.0
-13.0,50,15269.291149,1.0
-8.0,50,15270.50678,1.0
-14.0,50,15271.713072,1.0
-5.0,50,15272.945815,1.0
-23.0,50,15274.145472,1.0
-13.0,50,15275.359259,1.0
-8.0,50,15276.57851,1.0
-6.0,50,15277.833673,1.0
-8.0,50,15279.064765,1.0
-9.0,50,15280.287811,1.0
-11.0,50,15281.520389,1.0
-8.0,50,15282.768032,1.0
-11.0,50,15283.998213,1.0
-12.0,50,15285.21736,1.0
-7.0,50,15286.458465,1.0
-9.0,50,15287.713955,1.0
-10.0,50,15288.952212,1.0
-10.0,50,15290.19376,1.0
-6.0,50,15291.431993,1.0
-11.0,50,15292.690552,1.0
-13.0,50,15293.949842,1.0
-14.0,50,15295.22615,1.0
-9.0,50,15296.495306,1.0
-8.0,50,15297.757276,1.0
-15.0,50,15299.018039,1.0
-8.0,50,15300.290323,1.0
-19.0,50,15301.551157,1.0
-6.0,50,15302.83739,1.0
-10.0,50,15304.08429,1.0
0.0,50,15305.313613,1.0
-13.0,50,15306.550767,1.0
0.0,50,15307.797313,1.0
-6.0,50,15309.03536,1.0
-11.0,50,15310.275992,1.0
-6.0,50,15311.504755,1.0
-8.0,50,15312.754199,1.0
0.0,50,15313.997992,1.0
-10.0,50,15315.226151,1.0
-12.0,50,15316.468829,1.0
-9.0,50,15317.726739,1.0
-11.0,50,15318.954554,1.0
-9.0,50,15320.186834,1.0
-10.0,50,15321.434197,1.0
-11.0,50,15322.695412,1.0
0.0,50,15323.928746,1.0
-10.0,50,15325.177892,1.0
0.0,50,15326.397228,1.0
-4.0,50,15327.681574,1.0
-9.0,50,15328.948851,1.0
-11.0,50,15330.209616,1.0
-8.0,50,15331.47602,1.0
-11.0,50,15332.7331,1.0
-10.0,50,15333.970618,1.0
-11.0,50,15335.193284,1.0
-9.0,50,15336.414653,1.0
-7.0,50,15337.679249,1.0
-7.0,50,15338.904661,1.0
-9.0,50,15340.133473,1.0
-9.0,50,15341.362488,1.0
0.0,50,15342.616735,1.0
-9.0,50,15343.848572,1.0
-12.0,50,15345.106231,1.0
-11.0,50,15346.358495,1.0
-13.0,50,15347.649668,1.0
-9.0,50,15348.898371,1.0
0.0,50,15350.158591,1.0
-8.0,50,15351.41837,1.0
-11.0,50,15352.71558,1.0
-5.0,50,15353.997598,1.0
-8.0,50,15355.260637,1.0
-4.0,50,15356.463128,1.0
-5.0,50,15357.698525,1.0
-9.0,50,15358.899311,1.0
-24.0,50,15360.106303,1.0
-5.0,50,15361.316237,1.0
0.0,50,15362.537361,1.0
-21.0,50,15363.752533,1.0
-9.0,50,15364.964709,1.0
-16.0,50,15366.187021,1.0
-22.0,50,15367.412917,1.0
-10.0,50,15368.615878,1.0
-7.0,50,15369.841113,1.0
-7.0,50,15371.054246,1.0
-8.0,50,15372.298174,1.0
-48.0,50,15373.496784,0.0
0.0,50,15374.702978,1.0
-9.0,50,15375.914714,1.0
-11.0,50,15377.158204,1.0
-8.0,50,15378.36877,1.0
-9.0,50,15379.586354,1.0
-29.0,50,15380.812773,1.0
-16.0,50,15382.053478,1.0
-13.0,50,15383.27554,1.0
-9.0,50,15384.501953,1.0
-17.0,50,15385.722093,1.0
-5.0,50,15386.962988,1.0
-6.0,50,15388.165028,1.0
0.0,50,15389.389172,1.0
-6.0,50,15390.598259,1.0
-12.0,50,15391.825101,1.0
-11.0,50,15393.039283,1.0
-4.0,50,15394.258721,1.0
-10.0,50,15395.47345,1.0
-8.0,50,15396.720218,1.0
-8.0,50,15397.934129,1.0
-9.0,50,15399.136335,1.0
-6.0,50,15400.351989,1.0
-6.0,50,15401.615655,1.0
-11.0,50,15402.825156,1.0
-4.0,50,15404.037262,1.0
-11.0,50,15405.242556,1.0
-9.0,50,15406.483684,1.0
-12.0,50,15407.687231,1.0
0.0,50,15408.904425,1.0
0.0,50,15410.11781,1.0
-10.0,50,15411.35573,1.0
-12.0,50,15412.576069,1.0
-15.0,50,15413.793943,1.0
-9.0,50,15415.029353,1.0
-34.0,50,15416.26458,1.0
-5.0,50,15417.47487,1.0
0.0,50,15418.711168,1.0
-13.0,50,15419.92723,1.0
-9.0,50,15421.160866,1.0
-10.0,50,15422.379621,1.0
-8.0,50,15423.596339,1.0
-16.0,50,15424.81844,1.0
-16.0,50,15426.064792,1.0
-14.0,50,15427.288845,1.0
-13.0,50,15428.503705,1.0
-3.0,50,15429.728991,1.0
0.0,50,15430.980503,1.0
-6.0,50,15432.192038,1.0
-5.0,50,15433.410031,1.0
-9.0,50,15434.651673,1.0
-11.0,50,15435.906483,1.0
-6.0,50,15437.158706,1.0
0.0,50,15438.382187,1.0
-9.0,50,15439.625174,1.0
-11.0,50,15440.893126,1.0
-40.0,50,15442.126333,1.0
0.0,50,15443.360927,1.0
-10.0,50,15444.594476,1.0
-50.0,50,15445.837705,0.0
-12.0,50,15447.058979,1.0
-7.0,50,15448.270731,1.0
-7.0,50,15449.478067,1.0
-17.0,50,15456.168939,1.0
-7.0,50,15457.374276,1.0
-13.0,50,15458.579636,1.0
-12.0,50,15459.801642,1.0
-16.0,50,15461.03817,1.0
-11.0,50,15462.252116,1.0
-11.0,50,15463.468621,1.0
0.0,50,15464.672524,1.0
-13.0,50,15465.918016,1.0
-8.0,50,15467.123194,1.0
-9.0,50,15468.345027,1.0
-9.0,50,15469.568296,1.0
0.0,50,15470.841081,1.0
-14.0,50,15472.071315,1.0
-12.0,50,15473.314973,1.0
-10.0,50,15474.566621,1.0
-13.0,50,15475.8315,1.0
-8.0,50,15477.060717,1.0
-6.0,50,15478.308693,1.0
-7.0,50,15479.536541,1.0
-9.0,50,15480.802281,1.0
-10.0,50,15482.043177,1.0
-15.0,50,15483.286372,1.0
-15.0,50,15484.512547,1.0
-9.0,50,15485.776532,1.0
-8.0,50,15487.014483,1.0
-10.0,50,15488.246663,1.0
-11.0,50,15489.481626,1.0
-10.0,50,15490.743458,1.0
-6.0,50,15491.968542,1.0
-11.0,50,15493.199942,1.0
-13.0,50,15494.440974,1.0
-5.0,50,15495.699601,1.0
-14.0,50,15496.921176,1.0
0.0,50,15498.162805,1.0
-12.0,50,15499.405701,1.0
-11.0,50,15500.666919,1.0
-12.0,50,15501.900398,1.0
-9.0,50,15503.138947,1.0
-12.0,50,15504.388247,1.0
-9.0,50,15505.640024,1.0
-13.0,50,15506.867523,1.0
-12.0,50,15508.089339,1.0
-9.0,50,15509.33271,1.0
-13.0,50,15510.59353,1.0
-10.0,50,15511.832162,1.0
-15.0,50,15513.056151,1.0
-8.0,50,15514.273315,1.0
-12.0,50,15515.507385,1.0
-4.0,50,15516.725125,1.0
-19.0,50,15517.944128,1.0
-22.0,50,15519.163551,1.0
-10.0,50,15520.40556,1.0
-14.0,50,15521.627369,1.0
-10.0,50,15522.835661,1.0
-12.0,50,15524.040734,1.0
-8.0,50,15525.266556,1.0
-13.0,50,15526.473534,1.0
-8.0,50,15527.694421,1.0
0.0,50,15528.917633,1.0
-8.0,50,15530.160612,1.0
-13.0,50,15531.376121,1.0
-13.0,50,15532.584033,1.0
-9.0,50,15533.804068,1.0
-5.0,50,15535.042629,1.0
-18.0,50,15536.255455,1.0
-11.0,50,15537.463168,1.0
-9.0,50,15538.681474,1.0
-12.0,50,15539.910388,1.0
-9.0,50,15541.114459,1.0
-8.0,50,15542.328857,1.0
-13.0,50,15543.542003,1.0
-36.0,50,15544.770934,1.0
-4.0,50,15545.982308,1.0
-12.0,50,15547.198617,1.0
-7.0,50,15548.40355,1.0
-17.0,50,15549.638917,1.0
-7.0,50,15550.838824,1.0
-11.0,50,15552.05512,1.0
-9.0,50,15553.267034,1.0
-8.0,50,15554.514814,1.0
-10.0,50,15555.715602,1.0
-13.0,50,15556.936895,1.0
-23.0,50,15558.160839,1.0
-12.0,50,15559.391001,1.0
-5.0,50,15560.605483,1.0
-5.0,50,15561.831109,1.0
-13.0,50,15563.04044,1.0
-5.0,50,15564.285807,1.0
-10.0,50,15565.505014,1.0
-11.0,50,15566.7062,1.0
-12.0,50,15567.943961,1.0
-7.0,50,15569.222953,1.0
-12.0,50,15570.465022,1.0
-11.0,50,15571.694041,1.0
-6.0,50,15572.927074,1.0
-25.0,50,15574.181638,1.0
-9.0,50,15575.40654,1.0
-11.0,50,15576.643961,1.0
-15.0,50,15577.865812,1.0
-6.0,50,15579.110518,1.0
-9.0,50,15580.330723,1.0
-8.0,50,15581.562301,1.0
-13.0,50,15582.792197,1.0
-9.0,50,15584.0416,1.0
-9.0,50,15585.269255,1.0
-15.0,50,15586.50133,0.0
-18.0,50,15587.733747,1.0
-48.0,50,15588.989227,0.0
-8.0,50,15590.238164,1.0
-10.0,50,15591.4751,1.0
-9.0,50,15592.711855,1.0
-7.0,50,15593.994822,1.0
-8.0,50,15595.267653,1.0
-7.0,50,15596.52916,1.0
-9.0,50,15597.790689,1.0
-14.0,50,15599.082608,1.0
-8.0,50,15600.338695,1.0
-8.0,50,15601.593815,1.0
-5.0,50,15602.852635,1.0
-9.0,50,15604.129192,1.0
-6.0,50,15605.358789,1.0
-5.0,50,15606.595324,1.0
-11.0,50,15607.823679,1.0
-7.0,50,15609.082638,1.0
0.0,50,15610.30863,1.0
0.0,50,15611.538327,1.0
-11.0,50,15612.767223,1.0
-50.0,50,15614.034505,0.0
-12.0,50,15615.263211,1.0
-9.0,50,15616.495236,1.0
-12.0,50,15617.726906,1.0
-11.0,50,15619.005171,1.0
-6.0,50,15620.224488,1.0
-7.0,50,15621.438296,1.0
-10.0,50,15622.65544,1.0
-11.0,50,15623.882092,1.0
-11.0,50,15625.116074,1.0
-11.0,50,15626.319649,1.0
-7.0,50,15627.530738,1.0
-6.0,50,15628.747118,1.0
-9.0,50,15629.958439,1.0
-5.0,50,15631.170356,1.0
0.0,50,15632.385024,1.0
-9.0,50,15633.621597,1.0
-8.0,50,15634.840721,1.0
-4.0,50,15636.049237,1.0
-4.0,50,15637.259232,1.0
-13.0,50,15638.478357,1.0
-6.0,50,15639.68962,1.0
-11.0,50,15640.892722,1.0
-9.0,50,15642.118153,1.0
-9.0,50,15643.345268,1.0
-24.0,50,15644.559936,1.0
-11.0,50,15645.770417,1.0
-11.0,50,15646.981032,1.0
-6.0,50,15648.215977,1.0
-11.0,50,15649.436031,1.0
-5.0,50,15650.637992,1.0
-9.0,50,15651.849157,1.0
-11.0,50,15653.078467,1.0
-9.0,50,15654.303797,1.0
-10.0,50,15655.522652,1.0
-9.0,50,15656.726751,1.0
0.0,50,15657.968591,1.0
-14.0,50,15659.193671,1.0
-11.0,50,15660.402329,1.0
-10.0,50,15661.607961,1.0
-16.0,50,15662.842764,1.0
-8.0,50,15664.053652,1.0
0.0,50,15665.247442,1.0
-8.0,50,15666.446733,1.0
-9.0,50,15667.685007,1.0
-7.0,50,15668.89489,1.0
-12.0,50,15670.100646,1.0
0.0,50,15671.302789,1.0
-7.0,50,15672.518967,1.0
-23.0,50,15673.730059,1.0
-8.0,50,15674.932108,1.0
-13.0,50,15676.14608,1.0
-9.0,50,15677.372027,1.0
-10.0,50,15678.586929,1.0
0.0,50,15679.804785,1.0
-26.0,50,15681.024603,1.0
-5.0,50,15682.258588,1.0
-9.0,50,15683.473293,1.0
-11.0,50,15684.691179,1.0
-16.0,50,15685.89773,1.0
-6.0,50,15687.130336,1.0
-8.0,50,15688.355294,1.0
-7.0,50,15689.586964,1.0
-9.0,50,15690.806592,1.0
0.0,50,15692.028194,1.0
-16.0,50,15693.236447,1.0
-8.0,50,15694.452815,1.0
-11.0,50,15695.666782,1.0
-12.0,50,15696.888701,1.0
-11.0,50,15698.110625,1.0
-7.0,50,15699.337924,1.0
-12.0,50,15700.548923,1.0
