#{"t_start": 1786197927.0707812, "env_id": "FetchPush-v3"}
r,l,t,is_success
-50.0,50,7.093658,0.0
-50.0,50,7.178539,0.0
-50.0,50,7.266633,0.0
-50.0,50,7.354155,0.0
-50.0,50,7.46151,0.0
-34.0,50,7.550566,0.0
-50.0,50,7.635689,0.0
-50.0,50,7.719462,0.0
-50.0,50,7.81552,0.0
-50.0,50,7.899541,0.0
-50.0,50,7.98539,0.0
-50.0,50,8.077934,0.0
-50.0,50,8.173099,0.0
-50.0,50,8.259771,0.0
-50.0,50,8.348387,0.0
-50.0,50,8.432593,0.0
-50.0,50,8.527739,0.0
-50.0,50,8.61552,0.0
-50.0,50,8.702374,0.0
0.0,50,8.787477,1.0
-50.0,50,9.535892,0.0
-50.0,50,10.013239,0.0
-50.0,50,10.488777,0.0
-50.0,50,10.957578,0.0
-50.0,50,11.450993,0.0
-50.0,50,11.922206,0.0
-50.0,50,12.392069,0.0
-50.0,50,12.863277,0.0
-50.0,50,13.35263,0.0
-50.0,50,13.971082,0.0
-50.0,50,14.440743,0.0
-50.0,50,14.912736,0.0
-50.0,50,15.402832,0.0
-42.0,50,15.876044,0.0
-50.0,50,16.347598,0.0
-50.0,50,16.828415,0.0
-50.0,50,17.329133,0.0
-50.0,50,17.810982,0.0
-1.0,50,18.288604,1.0
-50.0,50,18.762017,0.0
-50.0,50,19.250794,0.0
-50.0,50,19.761456,0.0
-50.0,50,20.250611,0.0
-50.0,50,20.726653,0.0
-50.0,50,21.231809,0.0
-50.0,50,21.716414,0.0
-50.0,50,22.195943,0.0
-50.0,50,22.678036,0.0
-50.0,50,23.182356,0.0
-50.0,50,23.665575,0.0
-50.0,50,24.149227,0.0
-50.0,50,24.629786,0.0
-50.0,50,25.13668,0.0
-50.0,50,25.620829,0.0
-50.0,50,26.101866,0.0
0.0,50,26.580283,1.0
-50.0,50,27.096382,0.0
-50.0,50,27.575783,0.0
-50.0,50,28.059389,0.0
-50.0,50,28.540173,0.0
-50.0,50,29.044805,0.0
-50.0,50,29.52964,0.0
-50.0,50,30.013971,0.0
-50.0,50,30.495262,0.0
-50.0,50,31.005782,0.0
-50.0,50,31.485114,0.0
-50.0,50,31.968453,0.0
-50.0,50,32.448851,0.0
-50.0,50,32.952334,0.0
-50.0,50,33.435888,0.0
-50.0,50,33.919938,0.0
-50.0,50,34.401248,0.0
-50.0,50,34.904672,0.0
-50.0,50,35.402206,0.0
-50.0,50,35.887149,0.0
-50.0,50,36.364661,0.0
-50.0,50,36.878996,0.0
-50.0,50,37.363172,0.0
0.0,50,37.841812,1.0
-50.0,50,38.320978,0.0
-50.0,50,38.82398,0.0
-42.0,50,39.312938,0.0
-50.0,50,39.794829,0.0
-50.0,50,40.28225,0.0
-50.0,50,40.779802,0.0
-50.0,50,41.258029,0.0
-50.0,50,41.746827,0.0
-50.0,50,42.233175,0.0
-50.0,50,42.743343,0.0
-50.0,50,43.221707,0.0
-50.0,50,43.709825,0.0
-50.0,50,44.187741,0.0
-50.0,50,44.713538,0.0
-50.0,50,45.195334,0.0
-50.0,50,45.675954,0.0
-50.0,50,46.157196,0.0
-50.0,50,46.649751,0.0
-50.0,50,47.131159,0.0
-50.0,50,47.612576,0.0
-50.0,50,48.096062,0.0
-50.0,50,48.589313,0.0
-44.0,50,49.077934,0.0
-50.0,50,49.561427,0.0
-50.0,50,50.04785,0.0
-50.0,50,50.541389,0.0
-50.0,50,51.021638,0.0
0.0,50,51.502001,1.0
-50.0,50,51.985079,0.0
-50.0,50,52.481598,0.0
-50.0,50,52.963687,0.0
-48.0,50,53.446357,0.0
-50.0,50,53.926728,0.0
-50.0,50,54.421126,0.0
-50.0,50,54.904503,0.0
-50.0,50,55.385969,0.0
-50.0,50,55.869511,0.0
-50.0,50,56.35946,0.0
-50.0,50,56.844131,0.0
-50.0,50,57.326092,0.0
-50.0,50,57.80418,0.0
0.0,50,58.29239,1.0
-50.0,50,58.776295,0.0
-50.0,50,59.267241,0.0
-50.0,50,59.75105,0.0
-50.0,50,60.246424,0.0
-50.0,50,60.727937,0.0
-48.0,50,61.205991,0.0
-50.0,50,61.684783,0.0
-50.0,50,62.176716,0.0
-50.0,50,62.654907,0.0
-50.0,50,63.141026,0.0
-28.0,50,63.627004,1.0
-50.0,50,64.120083,0.0
-49.0,50,64.608963,0.0
-48.0,50,65.120944,0.0
-50.0,50,65.599713,0.0
-50.0,50,66.094836,0.0
0.0,50,66.572693,1.0
-50.0,50,67.052478,0.0
-50.0,50,67.548679,0.0
-50.0,50,68.042994,0.0
-50.0,50,68.520229,0.0
-50.0,50,69.00668,0.0
-50.0,50,69.49455,0.0
-46.0,50,70.000807,0.0
-50.0,50,70.490359,0.0
-50.0,50,70.986496,0.0
-50.0,50,71.471628,0.0
-50.0,50,71.975359,0.0
-50.0,50,72.457089,0.0
-47.0,50,72.947119,0.0
0.0,50,73.425741,1.0
-50.0,50,73.924741,0.0
-46.0,50,74.407013,0.0
-50.0,50,74.89869,0.0
-50.0,50,75.377311,0.0
-50.0,50,75.866037,0.0
-50.0,50,76.350567,0.0
-50.0,50,76.823447,0.0
-50.0,50,77.304815,0.0
-50.0,50,77.842476,0.0
-50.0,50,78.319666,0.0
-50.0,50,78.800476,0.0
-50.0,50,79.283773,0.0
-50.0,50,79.794703,0.0
-50.0,50,80.283346,0.0
-50.0,50,80.767281,0.0
-50.0,50,81.250564,0.0
-50.0,50,81.749579,0.0
-50.0,50,82.238167,0.0
-50.0,50,82.715384,0.0
-50.0,50,83.207033,0.0
-50.0,50,83.712662,0.0
-50.0,50,84.190786,0.0
-50.0,50,84.667997,0.0
-50.0,50,85.158217,0.0
-50.0,50,85.668298,0.0
-50.0,50,86.149321,0.0
-50.0,50,86.625167,0.0
-50.0,50,87.116494,0.0
-50.0,50,87.618595,0.0
-50.0,50,88.102447,0.0
-50.0,50,88.593043,0.0
-50.0,50,89.078992,0.0
-50.0,50,89.571511,0.0
-50.0,50,90.048995,0.0
-50.0,50,90.531959,0.0
-50.0,50,91.019527,0.0
-50.0,50,91.528793,0.0
-50.0,50,92.007187,0.0
-50.0,50,92.483519,0.0
-50.0,50,92.95946,0.0
-50.0,50,93.466603,0.0
-50.0,50,93.944578,0.0
-50.0,50,94.429421,0.0
-50.0,50,94.918069,0.0
-50.0,50,95.419248,0.0
-50.0,50,95.910396,0.0
-50.0,50,96.404248,0.0
-23.0,50,96.888667,1.0
0.0,50,99.767467,1.0
-50.0,50,100.2435,0.0
-50.0,50,100.724931,0.0
-50.0,50,101.20653,0.0
-50.0,50,101.72023,0.0
-50.0,50,102.199228,0.0
-50.0,50,102.678484,0.0
-50.0,50,103.167291,0.0
-50.0,50,103.678947,0.0
-50.0,50,104.168497,0.0
-50.0,50,104.6551,0.0
-50.0,50,105.132191,0.0
-50.0,50,105.630517,0.0
-50.0,50,106.115165,0.0
-46.0,50,106.595166,0.0
-50.0,50,107.081715,0.0
0.0,50,107.588747,1.0
-50.0,50,108.067247,0.0
-50.0,50,108.546775,0.0
-50.0,50,109.035607,0.0
-50.0,50,109.534689,0.0
-50.0,50,110.029377,0.0
-50.0,50,110.509883,0.0
-50.0,50,110.987938,0.0
-50.0,50,111.499088,0.0
-50.0,50,111.980556,0.0
0.0,50,112.459056,1.0
-50.0,50,112.941292,0.0
-50.0,50,113.436739,0.0
0.0,50,113.925413,1.0
-50.0,50,114.409987,0.0
-50.0,50,114.89508,0.0
-50.0,50,115.406804,0.0
-50.0,50,115.889656,0.0
0.0,50,116.37451,1.0
-50.0,50,116.864475,0.0
0.0,50,117.374518,1.0
-50.0,50,117.858558,0.0
-50.0,50,118.354208,0.0
-50.0,50,118.839157,0.0
-50.0,50,119.342798,0.0
-50.0,50,119.827249,0.0
-50.0,50,120.313582,0.0
-35.0,50,120.804387,0.0
-50.0,50,121.307227,0.0
-50.0,50,121.788838,0.0
-50.0,50,122.272305,0.0
0.0,50,122.755902,1.0
-50.0,50,123.261959,0.0
-50.0,50,123.739328,0.0
-50.0,50,124.233848,0.0
-50.0,50,124.725991,0.0
-50.0,50,125.249543,0.0
-50.0,50,125.742898,0.0
-50.0,50,126.236694,0.0
-50.0,50,126.729897,0.0
-50.0,50,127.23984,0.0
-50.0,50,127.737057,0.0
-50.0,50,128.234894,0.0
-50.0,50,128.730432,0.0
-50.0,50,129.228742,0.0
-50.0,50,129.730351,0.0
-50.0,50,130.221196,0.0
-50.0,50,130.713549,0.0
-50.0,50,131.219506,0.0
-50.0,50,131.702003,0.0
-50.0,50,132.18768,0.0
-50.0,50,132.676159,0.0
-50.0,50,133.181016,0.0
-50.0,50,133.665995,0.0
-50.0,50,134.150766,0.0
0.0,50,134.643505,1.0
-50.0,50,135.157835,0.0
-50.0,50,135.641344,0.0
-50.0,50,136.132558,0.0
-50.0,50,136.615763,0.0
-50.0,50,137.125895,0.0
-50.0,50,137.610811,0.0
-50.0,50,138.09367,0.0
-50.0,50,138.584195,0.0
-50.0,50,139.116534,0.0
-50.0,50,139.604885,0.0
-50.0,50,140.105891,0.0
-50.0,50,140.600974,0.0
-50.0,50,141.109799,0.0
-50.0,50,141.598533,0.0
-50.0,50,142.079272,0.0
-50.0,50,142.592709,0.0
-50.0,50,143.101988,0.0
-50.0,50,143.580679,0.0
-50.0,50,144.062679,0.0
-50.0,50,144.551193,0.0
-50.0,50,145.057902,0.0
0.0,50,145.554969,1.0
-50.0,50,146.032532,0.0
-50.0,50,146.513019,0.0
-50.0,50,147.010765,0.0
-50.0,50,147.487681,0.0
-50.0,50,147.961177,0.0
-50.0,50,148.436347,0.0
-50.0,50,148.959502,0.0
-50.0,50,149.431597,0.0
-50.0,50,149.913298,0.0
-50.0,50,150.402929,0.0
-50.0,50,150.902132,0.0
-50.0,50,151.379342,0.0
-50.0,50,151.871003,0.0
-50.0,50,152.353303,0.0
-50.0,50,152.850698,0.0
-50.0,50,153.326847,0.0
-50.0,50,153.808467,0.0
-50.0,50,154.291862,0.0
0.0,50,154.782117,1.0
-50.0,50,155.267215,0.0
-50.0,50,155.745361,0.0
0.0,50,156.230906,1.0
-50.0,50,156.730724,0.0
-50.0,50,157.218611,0.0
-50.0,50,157.704452,0.0
0.0,50,158.18432,1.0
-50.0,50,158.686591,0.0
0.0,50,159.166135,1.0
-50.0,50,159.641775,0.0
-50.0,50,160.127278,0.0
-50.0,50,160.634372,0.0
-50.0,50,161.110421,0.0
-50.0,50,161.600565,0.0
-50.0,50,162.076169,0.0
-50.0,50,162.565656,0.0
-50.0,50,163.05663,0.0
-50.0,50,163.540777,0.0
-50.0,50,164.015605,0.0
-50.0,50,164.524285,0.0
-50.0,50,165.003156,0.0
-50.0,50,165.489978,0.0
-50.0,50,165.967535,0.0
-50.0,50,166.478655,0.0
-50.0,50,166.953524,0.0
-50.0,50,167.432003,0.0
-50.0,50,167.9205,0.0
-50.0,50,168.416038,0.0
-50.0,50,168.899868,0.0
-50.0,50,169.379179,0.0
-50.0,50,169.861993,0.0
-50.0,50,170.358374,0.0
0.0,50,170.834202,1.0
-50.0,50,171.319637,0.0
0.0,50,171.795565,1.0
-50.0,50,172.283752,0.0
-50.0,50,172.761439,0.0
-50.0,50,173.248045,0.0
-50.0,50,173.727402,0.0
-50.0,50,174.23452,0.0
-50.0,50,174.711117,0.0
-50.0,50,175.185497,0.0
-50.0,50,175.66181,0.0
-50.0,50,176.16178,0.0
-50.0,50,176.646931,0.0
-50.0,50,177.123839,0.0
0.0,50,177.614529,1.0
-50.0,50,178.123666,0.0
-50.0,50,178.606924,0.0
-50.0,50,179.086369,0.0
-50.0,50,179.563641,0.0
-50.0,50,180.067543,0.0
-50.0,50,180.543923,0.0
-50.0,50,181.039029,0.0
-50.0,50,181.513078,0.0
-50.0,50,182.011055,0.0
-50.0,50,182.491414,0.0
-50.0,50,182.976881,0.0
-50.0,50,183.462351,0.0
-50.0,50,183.961548,0.0
-50.0,50,184.439351,0.0
-50.0,50,184.931989,0.0
-50.0,50,185.428351,0.0
-50.0,50,185.927332,0.0
-50.0,50,186.414929,0.0
-50.0,50,186.890314,0.0
-50.0,50,187.372773,0.0
-50.0,50,187.86351,0.0
-50.0,50,188.348163,0.0
-50.0,50,188.829516,0.0
-50.0,50,189.315803,0.0
-50.0,50,189.818702,0.0
0.0,50,190.29868,1.0
-50.0,50,190.774923,0.0
-50.0,50,191.249507,0.0
-50.0,50,191.75069,0.0
-50.0,50,192.227844,0.0
-50.0,50,192.707729,0.0
-50.0,50,193.191513,0.0
-50.0,50,193.683634,0.0
-50.0,50,194.167144,0.0
-50.0,50,194.63837,0.0
-50.0,50,195.121212,0.0
-50.0,50,195.62832,0.0
-50.0,50,196.099743,0.0
-50.0,50,196.572456,0.0
-50.0,50,197.045669,0.0
-50.0,50,199.759851,0.0
-50.0,50,200.249155,0.0
-50.0,50,200.720901,0.0
-50.0,50,201.200008,0.0
-50.0,50,201.702071,0.0
-50.0,50,202.190771,0.0
-50.0,50,202.669292,0.0
-50.0,50,203.149015,0.0
-50.0,50,203.644256,0.0
-50.0,50,204.14188,0.0
-50.0,50,204.649243,0.0
-50.0,50,205.145872,0.0
-50.0,50,205.651468,0.0
-50.0,50,206.146046,0.0
-50.0,50,206.636437,0.0
-50.0,50,207.138697,0.0
-50.0,50,207.658213,0.0
-50.0,50,208.1526,0.0
-50.0,50,208.637716,0.0
0.0,50,209.12569,1.0
-50.0,50,209.621536,0.0
-50.0,50,210.105151,0.0
-50.0,50,210.587363,0.0
-50.0,50,211.068225,0.0
-50.0,50,211.574262,0.0
-50.0,50,212.05678,0.0
0.0,50,212.539706,1.0
-50.0,50,213.021803,0.0
-50.0,50,213.512595,0.0
-50.0,50,213.994706,0.0
-50.0,50,214.474895,0.0
-50.0,50,214.958058,0.0
-50.0,50,215.46434,0.0
-50.0,50,215.939379,0.0
-50.0,50,216.422175,0.0
-50.0,50,216.89765,0.0
-50.0,50,217.393873,0.0
-50.0,50,217.872984,0.0
-50.0,50,218.350311,0.0
-50.0,50,218.830702,0.0
-50.0,50,219.319986,0.0
-50.0,50,219.799891,0.0
-50.0,50,220.302875,0.0
-50.0,50,220.790763,0.0
-50.0,50,221.286364,0.0
-50.0,50,221.765187,0.0
-50.0,50,222.250999,0.0
-50.0,50,222.730865,0.0
-50.0,50,223.231688,0.0
-50.0,50,223.708503,0.0
-50.0,50,224.217684,0.0
-50.0,50,224.693947,0.0
-50.0,50,225.19205,0.0
0.0,50,225.681757,1.0
-50.0,50,226.15752,0.0
-50.0,50,226.64584,0.0
-50.0,50,227.157721,0.0
-50.0,50,227.631568,0.0
-50.0,50,228.103977,0.0
-50.0,50,228.590309,0.0
-50.0,50,229.09503,0.0
-50.0,50,229.578339,0.0
-50.0,50,230.055121,0.0
-50.0,50,230.541733,0.0
-50.0,50,231.030436,0.0
-50.0,50,231.515811,0.0
-50.0,50,231.994245,0.0
-50.0,50,232.478142,0.0
0.0,50,232.976704,1.0
-50.0,50,233.469481,0.0
-50.0,50,233.954513,0.0
-50.0,50,234.437742,0.0
-50.0,50,234.93158,0.0
-50.0,50,235.411058,0.0
-50.0,50,235.898156,0.0
-50.0,50,236.382017,0.0
-50.0,50,236.884343,0.0
-18.0,50,237.363096,0.0
-50.0,50,237.845695,0.0
-50.0,50,238.324294,0.0
-50.0,50,238.81357,0.0
-50.0,50,239.294344,0.0
-50.0,50,239.781261,0.0
-50.0,50,240.263978,0.0
-50.0,50,240.766699,0.0
-50.0,50,241.255071,0.0
-50.0,50,241.733987,0.0
-50.0,50,242.219693,0.0
-50.0,50,242.711578,0.0
-47.0,50,243.200195,0.0
-50.0,50,243.682615,0.0
-50.0,50,244.172911,0.0
0.0,50,244.665723,1.0
-50.0,50,245.165945,0.0
-50.0,50,245.666907,0.0
-50.0,50,246.153713,0.0
-50.0,50,246.64363,0.0
0.0,50,247.121671,1.0
-50.0,50,247.598791,0.0
-50.0,50,248.086129,0.0
-50.0,50,248.584086,0.0
-50.0,50,249.063159,0.0
-50.0,50,249.540449,0.0
-50.0,50,250.023089,0.0
-50.0,50,250.512223,0.0
-50.0,50,250.989481,0.0
-50.0,50,251.478576,0.0
-50.0,50,251.964695,0.0
-50.0,50,252.455753,0.0
-50.0,50,252.932147,0.0
-50.0,50,253.409609,0.0
-50.0,50,253.887958,0.0
-50.0,50,254.389086,0.0
-50.0,50,254.867573,0.0
-50.0,50,255.351614,0.0
-50.0,50,255.831305,0.0
-50.0,50,256.331178,0.0
-50.0,50,256.808384,0.0
-50.0,50,257.29163,0.0
-50.0,50,257.770646,0.0
-50.0,50,258.269673,0.0
-50.0,50,258.748174,0.0
-50.0,50,259.233591,0.0
-50.0,50,259.71046,0.0
0.0,50,260.195734,1.0
-50.0,50,260.673104,0.0
-28.0,50,261.146859,1.0
-50.0,50,261.637118,0.0
-50.0,50,262.127259,0.0
-50.0,50,262.604736,0.0
-50.0,50,263.087697,0.0
-50.0,50,263.583265,0.0
-50.0,50,264.076103,0.0
-50.0,50,264.55096,0.0
-50.0,50,265.037792,0.0
-50.0,50,265.519854,0.0
-50.0,50,266.014136,0.0
-50.0,50,266.489674,0.0
-50.0,50,266.983104,0.0
-50.0,50,267.463654,0.0
-50.0,50,267.964588,0.0
-50.0,50,268.459379,0.0
-50.0,50,268.947428,0.0
-50.0,50,269.437546,0.0
-50.0,50,269.936643,0.0
-50.0,50,270.421661,0.0
-50.0,50,270.910859,0.0
-50.0,50,271.408184,0.0
-47.0,50,271.903946,0.0
-50.0,50,272.388507,0.0
-50.0,50,272.878679,0.0
-50.0,50,273.361798,0.0
-50.0,50,273.858099,0.0
0.0,50,274.349833,1.0
-50.0,50,274.844267,0.0
-50.0,50,275.329516,0.0
-50.0,50,275.832264,0.0
-50.0,50,276.317822,0.0
-50.0,50,276.803043,0.0
-50.0,50,277.288606,0.0
-50.0,50,277.79198,0.0
-50.0,50,278.274073,0.0
-50.0,50,278.755218,0.0
-50.0,50,279.233681,0.0
-50.0,50,279.732019,0.0
-50.0,50,280.223723,0.0
-50.0,50,280.720289,0.0
-50.0,50,281.198591,0.0
-50.0,50,281.686797,0.0
-50.0,50,282.172922,0.0
-50.0,50,282.658774,0.0
-50.0,50,283.142591,0.0
-50.0,50,283.64686,0.0
-50.0,50,284.129887,0.0
-50.0,50,284.619256,0.0
-50.0,50,285.109033,0.0
-50.0,50,285.617304,0.0
-50.0,50,286.096182,0.0
-50.0,50,286.573979,0.0
-50.0,50,287.066374,0.0
-50.0,50,287.564561,0.0
-50.0,50,288.042208,0.0
-50.0,50,288.52393,0.0
-50.0,50,289.013483,0.0
0.0,50,289.505968,1.0
-50.0,50,289.986851,0.0
0.0,50,290.464628,1.0
-50.0,50,290.943504,0.0
-50.0,50,291.431965,0.0
-50.0,50,291.916021,0.0
-50.0,50,292.402218,0.0
-50.0,50,292.881707,0.0
-50.0,50,293.369634,0.0
-50.0,50,293.844431,0.0
-50.0,50,294.319025,0.0
-50.0,50,294.805431,0.0
-50.0,50,295.301638,0.0
-50.0,50,295.789957,0.0
-50.0,50,296.266522,0.0
-50.0,50,296.742042,0.0
-50.0,50,299.510839,0.0
-50.0,50,299.990526,0.0
-50.0,50,300.468508,0.0
-50.0,50,300.94694,0.0
-50.0,50,301.438261,0.0
-50.0,50,301.912989,0.0
-50.0,50,302.389015,0.0
-50.0,50,302.863489,0.0
-50.0,50,303.362878,0.0
-50.0,50,303.847256,0.0
-50.0,50,304.328759,0.0
-50.0,50,304.813243,0.0
-50.0,50,305.314463,0.0
-50.0,50,305.800676,0.0
-50.0,50,306.280578,0.0
-50.0,50,306.759559,0.0
-50.0,50,307.252103,0.0
-50.0,50,307.728541,0.0
-50.0,50,308.214755,0.0
-50.0,50,308.700643,0.0
-50.0,50,309.188556,0.0
-50.0,50,309.676685,0.0
0.0,50,310.1649,1.0
-50.0,50,310.642905,0.0
-50.0,50,311.146896,0.0
-50.0,50,311.636137,0.0
0.0,50,312.126546,1.0
-50.0,50,312.612464,0.0
-50.0,50,313.116697,0.0
-50.0,50,313.599728,0.0
-50.0,50,314.085604,0.0
-50.0,50,314.571502,0.0
-50.0,50,315.083472,0.0
-50.0,50,315.575547,0.0
-50.0,50,316.063423,0.0
-50.0,50,316.560607,0.0
-40.0,50,317.075841,0.0
-50.0,50,317.559654,0.0
-50.0,50,318.044033,0.0
-50.0,50,318.532675,0.0
0.0,50,319.045458,1.0
-50.0,50,319.527263,0.0
-50.0,50,320.009038,0.0
-50.0,50,320.492336,0.0
-50.0,50,321.014457,0.0
-50.0,50,321.496873,0.0
-50.0,50,321.982493,0.0
-50.0,50,322.468371,0.0
-50.0,50,322.975976,0.0
-50.0,50,323.459469,0.0
-50.0,50,323.94288,0.0
-50.0,50,324.426917,0.0
-50.0,50,324.941795,0.0
-50.0,50,325.418024,0.0
-50.0,50,325.895996,0.0
-50.0,50,326.374988,0.0
-50.0,50,326.890552,0.0
-50.0,50,327.37359,0.0
-50.0,50,327.851679,0.0
-50.0,50,328.325953,0.0
-50.0,50,328.845078,0.0
-50.0,50,329.321595,0.0
-50.0,50,329.800128,0.0
-50.0,50,330.276596,0.0
-50.0,50,330.783437,0.0
-50.0,50,331.261869,0.0
-50.0,50,331.744173,0.0
-50.0,50,332.220377,0.0
0.0,50,332.724561,1.0
-50.0,50,333.209648,0.0
-50.0,50,333.692636,0.0
-50.0,50,334.177473,0.0
0.0,50,334.695887,1.0
-50.0,50,335.181993,0.0
-50.0,50,335.665784,0.0
-50.0,50,336.147202,0.0
-28.0,50,336.653888,1.0
-50.0,50,337.139119,0.0
-50.0,50,337.614876,0.0
-50.0,50,338.095544,0.0
-50.0,50,338.611614,0.0
-50.0,50,339.090488,0.0
-50.0,50,339.570668,0.0
-50.0,50,340.053178,0.0
-50.0,50,340.571657,0.0
-50.0,50,341.056645,0.0
0.0,50,341.542716,1.0
-50.0,50,342.030297,0.0
-50.0,50,342.549737,0.0
0.0,50,343.030732,1.0
-50.0,50,343.515099,0.0
-50.0,50,344.002501,0.0
-50.0,50,344.522628,0.0
-50.0,50,345.007056,0.0
-50.0,50,345.493657,0.0
-50.0,50,345.969577,0.0
-50.0,50,346.480487,0.0
-50.0,50,346.965011,0.0
-50.0,50,347.450249,0.0
-50.0,50,347.935513,0.0
-50.0,50,348.44751,0.0
-50.0,50,348.929371,0.0
-50.0,50,349.470974,0.0
-50.0,50,349.975893,0.0
-50.0,50,350.483097,0.0
-50.0,50,350.969568,0.0
-50.0,50,351.454035,0.0
-50.0,50,351.942775,0.0
-50.0,50,352.455557,0.0
-50.0,50,352.944112,0.0
-50.0,50,353.43279,0.0
-50.0,50,353.913458,0.0
-50.0,50,354.42089,0.0
-1.0,50,354.90473,1.0
0.0,50,355.383387,1.0
-50.0,50,355.87061,0.0
-50.0,50,356.388193,0.0
-50.0,50,356.881227,0.0
-50.0,50,357.370284,0.0
-50.0,50,357.861063,0.0
-50.0,50,358.375985,0.0
-50.0,50,358.862725,0.0
-50.0,50,359.35147,0.0
-50.0,50,359.845473,0.0
-50.0,50,360.393276,0.0
-50.0,50,360.87904,0.0
-50.0,50,361.367962,0.0
-50.0,50,361.855705,0.0
-50.0,50,362.367968,0.0
-50.0,50,362.853305,0.0
-50.0,50,363.341244,0.0
-50.0,50,363.820017,0.0
-50.0,50,364.323915,0.0
-50.0,50,364.806154,0.0
-50.0,50,365.295053,0.0
-50.0,50,365.785554,0.0
-50.0,50,366.298695,0.0
-50.0,50,366.783517,0.0
-50.0,50,367.265082,0.0
-50.0,50,367.751709,0.0
-50.0,50,368.254818,0.0
-39.0,50,368.741887,0.0
-50.0,50,369.23128,0.0
-50.0,50,369.709904,0.0
-50.0,50,370.222633,0.0
-50.0,50,370.69879,0.0
-24.0,50,371.186563,0.0
-50.0,50,371.674863,0.0
-50.0,50,372.199766,0.0
0.0,50,372.685521,1.0
-50.0,50,373.177655,0.0
-50.0,50,373.663417,0.0
-50.0,50,374.164987,0.0
-50.0,50,374.649745,0.0
-50.0,50,375.132084,0.0
-50.0,50,375.605922,0.0
-50.0,50,376.110665,0.0
-50.0,50,376.598774,0.0
-50.0,50,377.089094,0.0
-50.0,50,377.578433,0.0
-50.0,50,378.077361,0.0
-50.0,50,378.567665,0.0
-50.0,50,379.059924,0.0
-50.0,50,379.53795,0.0
-50.0,50,380.038372,0.0
-50.0,50,380.525513,0.0
-50.0,50,381.014795,0.0
-50.0,50,381.50376,0.0
-50.0,50,382.012717,0.0
-50.0,50,382.491071,0.0
-50.0,50,382.976819,0.0
-50.0,50,383.469935,0.0
-50.0,50,383.970503,0.0
0.0,50,384.455643,1.0
-50.0,50,384.94339,0.0
-50.0,50,385.42664,0.0
-50.0,50,385.925101,0.0
-50.0,50,386.409734,0.0
-50.0,50,386.894797,0.0
-50.0,50,387.377999,0.0
-50.0,50,387.86982,0.0
-50.0,50,388.353214,0.0
-50.0,50,388.837807,0.0
-50.0,50,389.326152,0.0
-50.0,50,389.838399,0.0
-50.0,50,390.32165,0.0
-50.0,50,390.805578,0.0
-50.0,50,391.288941,0.0
-50.0,50,391.802919,0.0
-50.0,50,392.290707,0.0
-50.0,50,392.777837,0.0
-50.0,50,393.251303,0.0
-50.0,50,393.771518,0.0
-50.0,50,394.253688,0.0
-50.0,50,394.734569,0.0
-50.0,50,395.228529,0.0
-50.0,50,395.739898,0.0
-50.0,50,396.216533,0.0
-50.0,50,396.691679,0.0
-50.0,50,397.166431,0.0
-50.0,50,399.948494,0.0
-50.0,50,400.434799,0.0
-50.0,50,400.925321,0.0
-50.0,50,401.406903,0.0
-50.0,50,401.914479,0.0
-50.0,50,402.391716,0.0
-50.0,50,402.878577,0.0
-50.0,50,403.36659,0.0
-50.0,50,403.877733,0.0
-50.0,50,404.362967,0.0
-50.0,50,404.84759,0.0
-50.0,50,405.333322,0.0
-50.0,50,405.850625,0.0
-50.0,50,406.341647,0.0
-50.0,50,406.826739,0.0
-50.0,50,407.310525,0.0
-50.0,50,407.816874,0.0
-50.0,50,408.30163,0.0
-50.0,50,408.779542,0.0
-50.0,50,409.266592,0.0
-50.0,50,409.781939,0.0
-50.0,50,410.274046,0.0
-50.0,50,410.768481,0.0
-50.0,50,411.253952,0.0
-50.0,50,411.750042,0.0
-50.0,50,412.229753,0.0
-50.0,50,412.708269,0.0
-50.0,50,413.193896,0.0
0.0,50,413.71141,1.0
-50.0,50,414.192102,0.0
-50.0,50,414.679706,0.0
-50.0,50,415.160396,0.0
-50.0,50,415.677586,0.0
-50.0,50,416.166755,0.0
-50.0,50,416.658527,0.0
-50.0,50,417.14702,0.0
-50.0,50,417.662692,0.0
-50.0,50,418.147308,0.0
-50.0,50,418.642722,0.0
-50.0,50,419.124829,0.0
-50.0,50,419.644329,0.0
-50.0,50,420.130598,0.0
-50.0,50,420.614482,0.0
-50.0,50,421.094703,0.0
-50.0,50,421.620281,0.0
-50.0,50,422.111843,0.0
-50.0,50,422.593723,0.0
-50.0,50,423.079487,0.0
-50.0,50,423.617521,0.0
-50.0,50,424.105832,0.0
-50.0,50,424.585891,0.0
-50.0,50,425.084462,0.0
-50.0,50,425.600473,0.0
-50.0,50,426.079517,0.0
-50.0,50,426.560657,0.0
-50.0,50,427.053925,0.0
-50.0,50,427.581964,0.0
-50.0,50,428.06968,0.0
-50.0,50,428.551274,0.0
-50.0,50,429.043808,0.0
-50.0,50,429.552941,0.0
-50.0,50,430.039925,0.0
-50.0,50,430.530232,0.0
-50.0,50,431.013874,0.0
-50.0,50,431.524506,0.0
-50.0,50,432.011178,0.0
-50.0,50,432.503426,0.0
-50.0,50,432.987311,0.0
-50.0,50,433.497863,0.0
-50.0,50,433.981844,0.0
-50.0,50,434.470074,0.0
-50.0,50,434.948707,0.0
-50.0,50,435.461828,0.0
-50.0,50,435.950231,0.0
-50.0,50,436.435708,0.0
-50.0,50,436.923575,0.0
-50.0,50,437.439459,0.0
-50.0,50,437.932919,0.0
0.0,50,438.413802,1.0
-50.0,50,438.892399,0.0
-50.0,50,439.398917,0.0
0.0,50,439.88585,1.0
-50.0,50,440.365351,0.0
-50.0,50,440.854843,0.0
-50.0,50,441.371027,0.0
-50.0,50,441.851403,0.0
-50.0,50,442.344458,0.0
-50.0,50,442.842708,0.0
-50.0,50,443.358013,0.0
-50.0,50,443.840725,0.0
-50.0,50,444.336649,0.0
-50.0,50,444.826674,0.0
-50.0,50,445.339146,0.0
-50.0,50,445.824633,0.0
-50.0,50,446.305527,0.0
-50.0,50,446.793108,0.0
-50.0,50,447.315269,0.0
-50.0,50,447.802625,0.0
-50.0,50,448.285372,0.0
-50.0,50,448.772545,0.0
-50.0,50,449.274919,0.0
-50.0,50,449.755072,0.0
-50.0,50,450.236044,0.0
-50.0,50,450.722438,0.0
0.0,50,451.227683,1.0
-50.0,50,451.707819,0.0
-50.0,50,452.191873,0.0
-50.0,50,452.674524,0.0
-50.0,50,453.179768,0.0
-50.0,50,453.661801,0.0
-50.0,50,454.136471,0.0
-50.0,50,454.613651,0.0
-50.0,50,455.121448,0.0
-50.0,50,455.610065,0.0
-50.0,50,456.093017,0.0
-50.0,50,456.566595,0.0
-50.0,50,457.07152,0.0
-50.0,50,457.555038,0.0
0.0,50,458.031415,1.0
-50.0,50,458.506487,0.0
-50.0,50,459.006767,0.0
-50.0,50,459.484644,0.0
-50.0,50,459.962137,0.0
-50.0,50,460.445595,0.0
-50.0,50,460.937126,0.0
-50.0,50,461.422165,0.0
-50.0,50,461.900382,0.0
-50.0,50,462.379758,0.0
-50.0,50,462.876648,0.0
-50.0,50,463.353842,0.0
-50.0,50,463.829991,0.0
-50.0,50,464.30297,0.0
-50.0,50,464.800493,0.0
-50.0,50,465.280751,0.0
-50.0,50,465.768795,0.0
-50.0,50,466.27328,0.0
-47.0,50,466.790384,1.0
-50.0,50,467.283544,0.0
-50.0,50,467.778367,0.0
-50.0,50,468.273696,0.0
-50.0,50,468.818446,0.0
-50.0,50,469.314908,0.0
-50.0,50,469.807819,0.0
-50.0,50,470.300145,0.0
-50.0,50,470.80703,0.0
-50.0,50,471.286494,0.0
-50.0,50,471.773566,0.0
-50.0,50,472.256881,0.0
-50.0,50,472.774121,0.0
-50.0,50,473.26323,0.0
-50.0,50,473.753288,0.0
-50.0,50,474.249527,0.0
-50.0,50,474.78539,0.0
0.0,50,475.289721,1.0
-50.0,50,475.793934,0.0
-50.0,50,476.288858,0.0
-50.0,50,476.791519,0.0
-50.0,50,477.279727,0.0
-50.0,50,477.767564,0.0
-50.0,50,478.25238,0.0
-50.0,50,478.754884,0.0
-50.0,50,479.242519,0.0
-50.0,50,479.728393,0.0
-50.0,50,480.226722,0.0
-50.0,50,480.73273,0.0
-50.0,50,481.226686,0.0
-50.0,50,481.720123,0.0
-50.0,50,482.199469,0.0
-50.0,50,482.716949,0.0
-50.0,50,483.205589,0.0
-50.0,50,483.691291,0.0
-50.0,50,484.181615,0.0
-50.0,50,484.693898,0.0
-50.0,50,485.18572,0.0
-50.0,50,485.670659,0.0
-50.0,50,486.15711,0.0
-50.0,50,486.65024,0.0
-50.0,50,487.138611,0.0
-50.0,50,487.623435,0.0
-50.0,50,488.114534,0.0
-50.0,50,488.604061,0.0
-50.0,50,489.083599,0.0
-50.0,50,489.563681,0.0
-50.0,50,490.051483,0.0
-50.0,50,490.55069,0.0
-50.0,50,491.042484,0.0
-50.0,50,491.546995,0.0
-50.0,50,492.030092,0.0
0.0,50,492.540024,1.0
-50.0,50,493.027606,0.0
-50.0,50,493.511877,0.0
-50.0,50,493.997173,0.0
-50.0,50,494.49798,0.0
-50.0,50,494.978733,0.0
-50.0,50,495.461593,0.0
-50.0,50,495.944226,0.0
-50.0,50,496.442481,0.0
-50.0,50,496.932884,0.0
-50.0,50,497.422598,0.0
-50.0,50,497.917031,0.0
-50.0,50,500.751962,0.0
-50.0,50,501.236473,0.0
-50.0,50,501.719535,0.0
-50.0,50,502.206552,0.0
-50.0,50,502.711756,0.0
-50.0,50,503.188403,0.0
-50.0,50,503.672451,0.0
-50.0,50,504.162178,0.0
-50.0,50,504.659793,0.0
-50.0,50,505.141961,0.0
-50.0,50,505.628677,0.0
-50.0,50,506.114555,0.0
-50.0,50,506.61566,0.0
0.0,50,507.10627,1.0
-50.0,50,507.597799,0.0
-50.0,50,508.088971,0.0
-50.0,50,508.592747,0.0
-50.0,50,509.081653,0.0
-50.0,50,509.564,0.0
-50.0,50,510.047654,0.0
-50.0,50,510.552637,0.0
-50.0,50,511.037563,0.0
-50.0,50,511.520742,0.0
-50.0,50,512.006504,0.0
-50.0,50,512.500942,0.0
-50.0,50,512.979886,0.0
-50.0,50,513.479645,0.0
-50.0,50,513.95652,0.0
-50.0,50,514.456697,0.0
-50.0,50,514.953045,0.0
-50.0,50,515.452693,0.0
-50.0,50,515.939089,0.0
-50.0,50,516.442897,0.0
0.0,50,516.933396,1.0
-50.0,50,517.411927,0.0
-50.0,50,517.909714,0.0
-50.0,50,518.422122,0.0
-50.0,50,518.91257,0.0
-50.0,50,519.40278,0.0
-50.0,50,519.885678,0.0
0.0,50,520.361687,1.0
-50.0,50,520.824696,0.0
-50.0,50,521.279598,0.0
-50.0,50,521.735237,0.0
-50.0,50,522.710603,0.0
-50.0,50,523.782448,0.0
-50.0,50,524.856761,0.0
-50.0,50,525.928781,0.0
-50.0,50,527.027169,0.0
-50.0,50,528.104218,0.0
-50.0,50,529.225272,0.0
-50.0,50,530.31557,0.0
-50.0,50,531.443689,0.0
-50.0,50,532.539869,0.0
-50.0,50,533.639412,0.0
-50.0,50,534.705397,0.0
0.0,50,535.776014,1.0
-50.0,50,536.797538,0.0
-50.0,50,537.275713,0.0
-50.0,50,537.768071,0.0
-50.0,50,538.259791,0.0
-50.0,50,538.742287,0.0
-50.0,50,539.228568,0.0
-50.0,50,539.702637,0.0
-50.0,50,540.220837,0.0
-50.0,50,540.717503,0.0
-50.0,50,541.203601,0.0
-50.0,50,541.696764,0.0
-50.0,50,542.201604,0.0
-50.0,50,542.682328,0.0
-50.0,50,543.180652,0.0
-50.0,50,543.665282,0.0
0.0,50,544.167802,1.0
-50.0,50,544.652499,0.0
-50.0,50,545.155174,0.0
-50.0,50,545.644963,0.0
-50.0,50,546.145821,0.0
-50.0,50,546.638869,0.0
-50.0,50,547.123753,0.0
-50.0,50,547.609493,0.0
0.0,50,548.12311,1.0
-50.0,50,548.617975,0.0
-50.0,50,549.107527,0.0
-50.0,50,549.598422,0.0
-50.0,50,550.098891,0.0
-50.0,50,550.592173,0.0
-50.0,50,551.086929,0.0
-50.0,50,551.570074,0.0
-50.0,50,552.068043,0.0
-50.0,50,552.565041,0.0
-50.0,50,553.062013,0.0
-50.0,50,553.551971,0.0
-50.0,50,554.060856,0.0
-50.0,50,554.566919,0.0
-50.0,50,555.072651,0.0
-50.0,50,555.581039,0.0
-50.0,50,556.085158,0.0
-50.0,50,556.577076,0.0
-50.0,50,557.076514,0.0
-50.0,50,557.572935,0.0
0.0,50,558.095378,1.0
-50.0,50,558.585371,0.0
-50.0,50,559.077484,0.0
-50.0,50,559.566605,0.0
-50.0,50,560.074984,0.0
-50.0,50,560.570853,0.0
-50.0,50,561.057373,0.0
-50.0,50,561.544986,0.0
-50.0,50,562.050735,0.0
-50.0,50,562.549192,0.0
-50.0,50,563.026835,0.0
-50.0,50,563.520588,0.0
-50.0,50,564.010944,0.0
-50.0,50,564.497703,0.0
-50.0,50,564.982677,0.0
0.0,50,565.458784,1.0
-50.0,50,565.963976,0.0
-50.0,50,566.450347,0.0
-50.0,50,566.934504,0.0
-50.0,50,567.421799,0.0
-50.0,50,567.914736,0.0
-50.0,50,568.410948,0.0
-50.0,50,568.887278,0.0
-50.0,50,569.372789,0.0
-50.0,50,569.876725,0.0
-50.0,50,570.365643,0.0
-50.0,50,570.846897,0.0
-50.0,50,571.32838,0.0
-50.0,50,571.824896,0.0
-50.0,50,572.316446,0.0
-50.0,50,572.807532,0.0
-50.0,50,573.290121,0.0
-50.0,50,573.792557,0.0
-50.0,50,574.271766,0.0
-50.0,50,574.762842,0.0
-50.0,50,575.246356,0.0
-50.0,50,575.736648,0.0
-50.0,50,576.213887,0.0
-50.0,50,576.702109,0.0
0.0,50,577.188334,1.0
-50.0,50,577.687576,0.0
-50.0,50,578.1728,0.0
-50.0,50,578.661098,0.0
-50.0,50,579.144286,0.0
-50.0,50,579.647819,0.0
-50.0,50,580.134467,0.0
-50.0,50,580.621489,0.0
-50.0,50,581.101302,0.0
-50.0,50,581.591563,0.0
-50.0,50,582.073821,0.0
-50.0,50,582.560502,0.0
0.0,50,583.037843,1.0
-50.0,50,583.534644,0.0
-50.0,50,584.021614,0.0
0.0,50,584.510242,1.0
-50.0,50,584.997836,0.0
-50.0,50,585.500798,0.0
-50.0,50,585.980817,0.0
0.0,50,586.459443,1.0
-50.0,50,586.943227,0.0
-50.0,50,587.44813,0.0
-50.0,50,587.93053,0.0
-50.0,50,588.42054,0.0
-50.0,50,588.904653,0.0
-50.0,50,589.414682,0.0
-50.0,50,589.901322,0.0
-50.0,50,590.382897,0.0
-50.0,50,590.88047,0.0
0.0,50,591.390677,1.0
-50.0,50,591.876572,0.0
-50.0,50,592.355737,0.0
-50.0,50,592.840356,0.0
-50.0,50,593.342419,0.0
-50.0,50,593.822302,0.0
-50.0,50,594.301323,0.0
-50.0,50,594.787149,0.0
-50.0,50,595.281199,0.0
-50.0,50,595.759873,0.0
-50.0,50,596.24544,0.0
-50.0,50,596.726655,0.0
-50.0,50,597.220575,0.0
-50.0,50,597.703423,0.0
-50.0,50,598.190876,0.0
-50.0,50,598.677537,0.0
-50.0,50,599.171896,0.0
-50.0,50,599.656107,0.0
-50.0,50,600.136606,0.0
-50.0,50,600.626528,0.0
-50.0,50,601.127384,0.0
-50.0,50,601.608049,0.0
-50.0,50,602.093173,0.0
-50.0,50,602.570109,0.0
-50.0,50,603.065469,0.0
-50.0,50,603.541811,0.0
0.0,50,604.029529,1.0
-50.0,50,604.514701,0.0
-50.0,50,605.007055,0.0
-50.0,50,605.499518,0.0
0.0,50,605.994773,1.0
-50.0,50,606.475374,0.0
-50.0,50,609.237689,0.0
-50.0,50,609.722317,0.0
-50.0,50,610.228148,0.0
-50.0,50,610.752081,0.0
-50.0,50,611.271451,0.0
-50.0,50,611.760892,0.0
-50.0,50,612.275803,0.0
-50.0,50,612.764956,0.0
-50.0,50,613.257258,0.0
-50.0,50,613.746465,0.0
0.0,50,614.243824,1.0
-50.0,50,614.742188,0.0
-50.0,50,615.247623,0.0
-50.0,50,615.725349,0.0
-50.0,50,616.203157,0.0
-50.0,50,616.680477,0.0
-50.0,50,617.178781,0.0
-50.0,50,617.674475,0.0
-50.0,50,618.162716,0.0
-50.0,50,618.641287,0.0
-50.0,50,619.142383,0.0
-50.0,50,619.630039,0.0
-50.0,50,620.12053,0.0
-50.0,50,620.602377,0.0
0.0,50,621.092695,1.0
-50.0,50,621.583142,0.0
-50.0,50,622.075544,0.0
-50.0,50,622.553932,0.0
-50.0,50,623.046794,0.0
-50.0,50,623.531831,0.0
-50.0,50,624.018278,0.0
-50.0,50,624.511847,0.0
-50.0,50,625.012764,0.0
-50.0,50,625.491068,0.0
-50.0,50,625.980521,0.0
-50.0,50,626.460069,0.0
-50.0,50,626.959556,0.0
0.0,50,627.438069,1.0
-50.0,50,627.915708,0.0
-50.0,50,628.40005,0.0
-50.0,50,628.894137,0.0
-50.0,50,629.37875,0.0
-50.0,50,629.862089,0.0
-50.0,50,630.342786,0.0
0.0,50,630.836455,1.0
-50.0,50,631.316313,0.0
0.0,50,631.80614,1.0
-50.0,50,632.287877,0.0
-50.0,50,632.782604,0.0
-50.0,50,633.260253,0.0
-50.0,50,633.739852,0.0
-50.0,50,634.217432,0.0
-50.0,50,634.710856,0.0
-50.0,50,635.201541,0.0
-50.0,50,635.680245,0.0
-50.0,50,636.165666,0.0
-50.0,50,636.656521,0.0
-50.0,50,637.134701,0.0
-50.0,50,637.610842,0.0
-50.0,50,638.083635,0.0
-50.0,50,638.587139,0.0
0.0,50,639.077609,1.0
-50.0,50,639.556642,0.0
-50.0,50,640.044614,0.0
-50.0,50,640.534647,0.0
-50.0,50,641.005751,0.0
-50.0,50,641.490729,0.0
-50.0,50,641.972003,0.0
-50.0,50,642.461509,0.0
-50.0,50,642.93345,0.0
0.0,50,643.406384,1.0
-50.0,50,643.879559,0.0
-50.0,50,644.367573,0.0
-50.0,50,644.839485,0.0
-50.0,50,645.319322,0.0
-50.0,50,645.796527,0.0
-50.0,50,646.283463,0.0
-50.0,50,646.76384,0.0
-50.0,50,647.245464,0.0
-50.0,50,647.723265,0.0
-50.0,50,648.216976,0.0
-50.0,50,648.706053,0.0
-50.0,50,649.191059,0.0
-50.0,50,649.683232,0.0
-50.0,50,650.192381,0.0
-50.0,50,650.68146,0.0
-50.0,50,651.171391,0.0
-50.0,50,651.660119,0.0
-50.0,50,652.161356,0.0
-50.0,50,652.648807,0.0
-50.0,50,653.135745,0.0
0.0,50,653.621973,1.0
-50.0,50,654.125736,0.0
-50.0,50,654.615747,0.0
-50.0,50,655.099779,0.0
-50.0,50,655.592332,0.0
-50.0,50,656.087926,0.0
-50.0,50,656.57776,0.0
-50.0,50,657.066632,0.0
-50.0,50,657.560124,0.0
-50.0,50,658.064901,0.0
-50.0,50,658.555932,0.0
-50.0,50,659.042813,0.0
-50.0,50,659.531547,0.0
-50.0,50,660.024764,0.0
-50.0,50,660.506284,0.0
-50.0,50,660.991234,0.0
-50.0,50,661.475272,0.0
-50.0,50,661.975053,0.0
-50.0,50,662.457532,0.0
-50.0,50,662.942396,0.0
-50.0,50,663.427573,0.0
-50.0,50,663.92767,0.0
-50.0,50,664.410264,0.0
-50.0,50,664.906482,0.0
-50.0,50,665.410141,0.0
-50.0,50,665.917856,0.0
-50.0,50,666.403502,0.0
-50.0,50,666.889532,0.0
-50.0,50,667.371653,0.0
-50.0,50,667.865297,0.0
-50.0,50,668.35666,0.0
0.0,50,668.855567,1.0
-50.0,50,669.335381,0.0
-50.0,50,669.825709,0.0
0.0,50,670.308448,1.0
-50.0,50,670.802673,0.0
-50.0,50,671.28771,0.0
-50.0,50,671.782784,0.0
-50.0,50,672.265215,0.0
-50.0,50,672.746337,0.0
-50.0,50,673.232804,0.0
-50.0,50,673.726937,0.0
-50.0,50,674.214339,0.0
-50.0,50,674.691878,0.0
-50.0,50,675.184224,0.0
-50.0,50,675.684399,0.0
-50.0,50,676.175568,0.0
-50.0,50,676.667171,0.0
-50.0,50,677.14645,0.0
-50.0,50,677.640739,0.0
-50.0,50,678.13959,0.0
-50.0,50,678.627652,0.0
-50.0,50,679.111536,0.0
-50.0,50,679.615731,0.0
-50.0,50,680.098136,0.0
-50.0,50,680.579248,0.0
-50.0,50,681.072677,0.0
-50.0,50,681.581456,0.0
-50.0,50,682.075434,0.0
-50.0,50,682.57035,0.0
-50.0,50,683.059016,0.0
0.0,50,683.580964,1.0
-50.0,50,684.065332,0.0
-50.0,50,684.549922,0.0
-50.0,50,685.036841,0.0
-50.0,50,685.541148,0.0
-50.0,50,686.039797,0.0
-50.0,50,686.531813,0.0
-50.0,50,687.025317,0.0
-50.0,50,687.534991,0.0
-50.0,50,688.02927,0.0
-50.0,50,688.526685,0.0
-50.0,50,689.014788,0.0
-50.0,50,689.511658,0.0
-50.0,50,690.001868,0.0
-50.0,50,690.484726,0.0
-50.0,50,690.96625,0.0
-50.0,50,691.476374,0.0
-50.0,50,691.965702,0.0
-50.0,50,692.453302,0.0
-50.0,50,692.942378,0.0
0.0,50,693.441198,1.0
-50.0,50,693.924722,0.0
-50.0,50,694.421801,0.0
-50.0,50,694.909408,0.0
-50.0,50,695.422321,0.0
-50.0,50,695.9146,0.0
-50.0,50,696.399405,0.0
-50.0,50,696.87653,0.0
-50.0,50,697.376595,0.0
-50.0,50,697.864634,0.0
-50.0,50,698.34571,0.0
-50.0,50,698.835007,0.0
-50.0,50,699.395572,0.0
-50.0,50,699.880439,0.0
-50.0,50,700.366498,0.0
0.0,50,700.863561,1.0
-50.0,50,701.365706,0.0
-50.0,50,701.86058,0.0
-50.0,50,702.340439,0.0
-50.0,50,702.826447,0.0
-50.0,50,703.334335,0.0
-50.0,50,703.81555,0.0
-50.0,50,704.297576,0.0
-50.0,50,704.775905,0.0
-50.0,50,705.276355,0.0
-50.0,50,705.762548,0.0
-50.0,50,706.244984,0.0
0.0,50,706.735651,1.0
-50.0,50,709.566581,0.0
0.0,50,710.090019,1.0
-50.0,50,710.5764,0.0
-50.0,50,711.062405,0.0
-50.0,50,711.563159,0.0
0.0,50,712.052711,1.0
-50.0,50,712.561348,0.0
-50.0,50,713.052418,0.0
-50.0,50,713.560525,0.0
-50.0,50,714.051492,0.0
-50.0,50,714.53416,0.0
0.0,50,715.017705,1.0
-50.0,50,715.522528,0.0
-50.0,50,716.002813,0.0
-50.0,50,716.489163,0.0
-50.0,50,716.982303,0.0
-50.0,50,717.487499,0.0
-50.0,50,717.962189,0.0
-50.0,50,718.441065,0.0
-50.0,50,718.921062,0.0
-50.0,50,719.417953,0.0
-50.0,50,719.897962,0.0
0.0,50,720.385359,1.0
-50.0,50,720.85988,0.0
-50.0,50,721.360353,0.0
-50.0,50,721.841506,0.0
-50.0,50,722.320431,0.0
-50.0,50,722.804991,0.0
-50.0,50,723.299282,0.0
-50.0,50,723.785932,0.0
-50.0,50,724.266757,0.0
0.0,50,724.750434,1.0
0.0,50,725.253873,1.0
-50.0,50,725.729411,0.0
-50.0,50,726.210575,0.0
-50.0,50,726.688862,0.0
-50.0,50,727.185962,0.0
-50.0,50,727.662653,0.0
-50.0,50,728.146574,0.0
-50.0,50,728.624784,0.0
-50.0,50,729.121372,0.0
-50.0,50,729.596038,0.0
-50.0,50,730.081007,0.0
-50.0,50,730.5574,0.0
-50.0,50,731.05637,0.0
-50.0,50,731.538425,0.0
-50.0,50,732.017167,0.0
-50.0,50,732.495902,0.0
-50.0,50,732.994265,0.0
-50.0,50,733.475532,0.0
-50.0,50,733.964665,0.0
-50.0,50,734.447407,0.0
-50.0,50,734.938751,0.0
-50.0,50,735.427545,0.0
-50.0,50,735.90791,0.0
0.0,50,736.404777,1.0
-50.0,50,736.909664,0.0
-50.0,50,737.389219,0.0
-50.0,50,737.866839,0.0
-50.0,50,738.345224,0.0
-50.0,50,738.835378,0.0
-50.0,50,739.320356,0.0
-50.0,50,739.796315,0.0
-50.0,50,740.279791,0.0
0.0,50,740.771377,1.0
-50.0,50,741.263684,0.0
-50.0,50,741.745168,0.0
-50.0,50,742.223631,0.0
-50.0,50,742.717885,0.0
-50.0,50,743.206657,0.0
-50.0,50,743.683042,0.0
-50.0,50,744.165771,0.0
-50.0,50,744.670983,0.0
-50.0,50,745.155126,0.0
-50.0,50,745.633518,0.0
-50.0,50,746.115041,0.0
-50.0,50,746.619115,0.0
-50.0,50,747.099412,0.0
-50.0,50,747.579316,0.0
-50.0,50,748.069279,0.0
-50.0,50,748.565807,0.0
-50.0,50,749.044143,0.0
-50.0,50,749.520838,0.0
-50.0,50,750.001888,0.0
-50.0,50,750.49272,0.0
-50.0,50,750.979545,0.0
0.0,50,751.466959,1.0
-50.0,50,751.955912,0.0
-50.0,50,752.451676,0.0
-50.0,50,752.933914,0.0
-50.0,50,753.417762,0.0
-50.0,50,753.893086,0.0
-50.0,50,754.386912,0.0
-50.0,50,754.86305,0.0
-50.0,50,755.361045,0.0
-50.0,50,755.847287,0.0
-50.0,50,756.34973,0.0
-50.0,50,756.832986,0.0
-50.0,50,757.317511,0.0
-50.0,50,757.79546,0.0
-50.0,50,758.289346,0.0
-50.0,50,758.773657,0.0
-50.0,50,759.267225,0.0
-50.0,50,759.750293,0.0
0.0,50,760.245774,1.0
-50.0,50,760.730761,0.0
-50.0,50,761.219255,0.0
-50.0,50,761.699492,0.0
-50.0,50,762.202185,0.0
-50.0,50,762.693263,0.0
-50.0,50,763.172801,0.0
-50.0,50,763.649708,0.0
-50.0,50,764.141849,0.0
-50.0,50,764.620447,0.0
-50.0,50,765.10238,0.0
-50.0,50,765.586266,0.0
0.0,50,766.082681,1.0
-50.0,50,766.564395,0.0
-50.0,50,767.058311,0.0
0.0,50,767.546258,1.0
-50.0,50,768.053778,0.0
-50.0,50,768.541337,0.0
-50.0,50,769.028219,0.0
-50.0,50,769.513438,0.0
-50.0,50,770.01045,0.0
-50.0,50,770.495585,0.0
0.0,50,770.990629,1.0
-50.0,50,771.479329,0.0
-50.0,50,771.977812,0.0
-50.0,50,772.472773,0.0
-50.0,50,772.968732,0.0
-50.0,50,773.455721,0.0
-50.0,50,773.965361,0.0
-50.0,50,774.456777,0.0
-50.0,50,774.949573,0.0
-50.0,50,775.443145,0.0
-50.0,50,775.963916,0.0
-50.0,50,776.456209,0.0
-50.0,50,776.950846,0.0
-50.0,50,777.444506,0.0
-50.0,50,777.947249,0.0
-50.0,50,778.434282,0.0
0.0,50,778.918599,1.0
-50.0,50,779.409801,0.0
-50.0,50,779.913493,0.0
-50.0,50,780.399231,0.0
-50.0,50,780.887202,0.0
-50.0,50,781.377782,0.0
-50.0,50,781.874514,0.0
-50.0,50,782.358817,0.0
-50.0,50,782.843764,0.0
-50.0,50,783.331491,0.0
-50.0,50,783.838543,0.0
-50.0,50,784.316366,0.0
-50.0,50,784.799702,0.0
-50.0,50,785.29531,0.0
-50.0,50,785.794209,0.0
-50.0,50,786.268658,0.0
-50.0,50,786.749228,0.0
-50.0,50,787.233441,0.0
-50.0,50,787.732,0.0
-50.0,50,788.222206,0.0
-50.0,50,788.705885,0.0
-50.0,50,789.191275,0.0
-50.0,50,789.682215,0.0
-50.0,50,790.17251,0.0
-50.0,50,790.64838,0.0
0.0,50,791.135293,1.0
0.0,50,791.635173,1.0
-50.0,50,792.113641,0.0
-50.0,50,792.595979,0.0
-50.0,50,793.072459,0.0
-50.0,50,793.593933,0.0
-50.0,50,794.069777,0.0
-50.0,50,794.542155,0.0
-50.0,50,795.022359,0.0
-50.0,50,795.535207,0.0
-50.0,50,796.021174,0.0
-50.0,50,796.506152,0.0
-50.0,50,796.987938,0.0
-50.0,50,797.503975,0.0
-50.0,50,797.988563,0.0
-50.0,50,798.471534,0.0
-50.0,50,798.946737,0.0
-50.0,50,799.453058,0.0
-50.0,50,799.931877,0.0
-50.0,50,800.414895,0.0
-50.0,50,800.892087,0.0
-50.0,50,801.409916,0.0
-50.0,50,801.890807,0.0
-50.0,50,802.373518,0.0
-50.0,50,802.864409,0.0
-50.0,50,803.371258,0.0
-50.0,50,803.855654,0.0
-50.0,50,804.351152,0.0
-50.0,50,804.843552,0.0
-50.0,50,805.365604,0.0
-50.0,50,805.845211,0.0
-50.0,50,806.337829,0.0
-50.0,50,806.82668,0.0
-50.0,50,809.692073,0.0
-50.0,50,810.210321,0.0
-50.0,50,810.705856,0.0
-50.0,50,811.196275,0.0
-50.0,50,811.713171,0.0
-50.0,50,812.191768,0.0
-50.0,50,812.672305,0.0
-50.0,50,813.161993,0.0
-50.0,50,813.678283,0.0
0.0,50,814.163803,1.0
-50.0,50,814.640717,0.0
-50.0,50,815.138954,0.0
-50.0,50,815.657913,0.0
-50.0,50,816.162588,0.0
-50.0,50,816.661422,0.0
0.0,50,817.159709,1.0
-50.0,50,817.674877,0.0
-50.0,50,818.168818,0.0
-50.0,50,818.664293,0.0
0.0,50,819.15811,1.0
-50.0,50,819.688985,0.0
-50.0,50,820.188751,0.0
-50.0,50,820.679586,0.0
-50.0,50,821.179517,0.0
-50.0,50,821.693187,0.0
-50.0,50,822.183904,0.0
-50.0,50,822.681603,0.0
-50.0,50,823.169385,0.0
-50.0,50,823.671556,0.0
-50.0,50,824.159576,0.0
-50.0,50,824.643073,0.0
-50.0,50,825.135338,0.0
-50.0,50,825.659398,0.0
-50.0,50,826.14947,0.0
-50.0,50,826.641044,0.0
-50.0,50,827.133225,0.0
-50.0,50,827.654061,0.0
-50.0,50,828.143806,0.0
-50.0,50,828.627872,0.0
-50.0,50,829.108902,0.0
-50.0,50,829.629237,0.0
-50.0,50,830.120504,0.0
-50.0,50,830.614048,0.0
-50.0,50,831.105453,0.0
-50.0,50,831.653648,0.0
-50.0,50,832.143296,0.0
-50.0,50,832.621855,0.0
-50.0,50,833.114606,0.0
-50.0,50,833.634594,0.0
-50.0,50,834.122819,0.0
-50.0,50,834.610367,0.0
-50.0,50,835.1022,0.0
-50.0,50,835.60916,0.0
-50.0,50,836.093153,0.0
-50.0,50,836.577205,0.0
-50.0,50,837.07337,0.0
-50.0,50,837.596578,0.0
-50.0,50,838.08606,0.0
-50.0,50,838.577291,0.0
-50.0,50,839.074548,0.0
-50.0,50,839.581902,0.0
0.0,50,840.074314,1.0
-50.0,50,840.560398,0.0
-50.0,50,841.049765,0.0
-50.0,50,841.571321,0.0
-50.0,50,842.06394,0.0
-50.0,50,842.557647,0.0
-50.0,50,843.043518,0.0
-50.0,50,843.563285,0.0
-50.0,50,844.047322,0.0
0.0,50,844.537469,1.0
-50.0,50,845.029764,0.0
-50.0,50,845.557796,0.0
-50.0,50,846.03624,0.0
-50.0,50,846.532435,0.0
-50.0,50,847.015454,0.0
-50.0,50,847.52938,0.0
-50.0,50,848.014233,0.0
-50.0,50,848.495743,0.0
-50.0,50,848.985542,0.0
0.0,50,849.495095,1.0
-50.0,50,849.978753,0.0
-50.0,50,850.460744,0.0
-50.0,50,850.955564,0.0
-50.0,50,851.473649,0.0
-50.0,50,851.96501,0.0
-50.0,50,852.448285,0.0
-50.0,50,852.935294,0.0
-50.0,50,853.455624,0.0
-50.0,50,853.946508,0.0
-50.0,50,854.433383,0.0
-50.0,50,854.916879,0.0
-50.0,50,855.428772,0.0
-50.0,50,855.911257,0.0
-50.0,50,856.393595,0.0
-50.0,50,856.883165,0.0
-50.0,50,857.384935,0.0
-50.0,50,857.874295,0.0
-50.0,50,858.357842,0.0
-50.0,50,858.84231,0.0
-50.0,50,859.349361,0.0
-50.0,50,859.832557,0.0
-50.0,50,860.320462,0.0
-50.0,50,860.797775,0.0
-50.0,50,861.313908,0.0
-50.0,50,861.797366,0.0
-50.0,50,862.287209,0.0
-50.0,50,862.774443,0.0
-50.0,50,863.283157,0.0
-50.0,50,863.769958,0.0
-50.0,50,864.257848,0.0
-50.0,50,864.747259,0.0
-50.0,50,865.258525,0.0
-50.0,50,865.751562,0.0
-50.0,50,866.241262,0.0
-50.0,50,866.734437,0.0
-50.0,50,867.227513,0.0
-50.0,50,867.709641,0.0
-50.0,50,868.198444,0.0
-50.0,50,868.691485,0.0
-50.0,50,869.197693,0.0
0.0,50,869.686298,1.0
-50.0,50,870.164377,0.0
-50.0,50,870.643193,0.0
-50.0,50,871.145463,0.0
-50.0,50,871.622649,0.0
-50.0,50,872.111237,0.0
-50.0,50,872.599421,0.0
0.0,50,873.112499,1.0
-50.0,50,873.594039,0.0
-50.0,50,874.076539,0.0
-50.0,50,874.566587,0.0
-50.0,50,875.079593,0.0
-50.0,50,875.561596,0.0
-50.0,50,876.050262,0.0
-50.0,50,876.540125,0.0
-50.0,50,877.049331,0.0
-50.0,50,877.538383,0.0
-50.0,50,878.016824,0.0
-50.0,50,878.496109,0.0
-50.0,50,878.992508,0.0
-50.0,50,879.476546,0.0
-50.0,50,879.967067,0.0
-50.0,50,880.454741,0.0
0.0,50,880.958839,1.0
-50.0,50,881.449189,0.0
-50.0,50,881.940405,0.0
-50.0,50,882.422728,0.0
-50.0,50,882.931218,0.0
-50.0,50,883.415756,0.0
-50.0,50,883.900889,0.0
0.0,50,884.388544,1.0
-50.0,50,884.898168,0.0
-50.0,50,885.383696,0.0
-50.0,50,885.862311,0.0
-50.0,50,886.341145,0.0
-50.0,50,886.859201,0.0
-50.0,50,887.346492,0.0
0.0,50,887.843484,1.0
-50.0,50,888.329449,0.0
-50.0,50,888.863912,0.0
-50.0,50,889.355332,0.0
-50.0,50,889.832789,0.0
-50.0,50,890.316376,0.0
-50.0,50,890.821148,0.0
-50.0,50,891.30328,0.0
0.0,50,891.803151,1.0
-50.0,50,892.286388,0.0
-50.0,50,892.79645,0.0
-50.0,50,893.28733,0.0
-50.0,50,893.771556,0.0
-50.0,50,894.25572,0.0
-50.0,50,894.763626,0.0
-50.0,50,895.249343,0.0
-50.0,50,895.744595,0.0
-50.0,50,896.246264,0.0
-50.0,50,896.767995,0.0
-50.0,50,897.269845,0.0
-50.0,50,897.766899,0.0
-50.0,50,898.266108,0.0
-50.0,50,898.789231,0.0
-50.0,50,899.283242,0.0
-50.0,50,899.787095,0.0
-50.0,50,900.287008,0.0
-50.0,50,900.794257,0.0
-50.0,50,901.281143,0.0
-50.0,50,901.76249,0.0
-50.0,50,902.24745,0.0
-50.0,50,902.74038,0.0
-50.0,50,903.220293,0.0
-50.0,50,903.697969,0.0
-50.0,50,904.181326,0.0
-50.0,50,904.678214,0.0
-50.0,50,905.166164,0.0
-50.0,50,905.646134,0.0
-50.0,50,906.131329,0.0
-50.0,50,906.637673,0.0
-50.0,50,907.125355,0.0
-50.0,50,907.610643,0.0
-50.0,50,908.098807,0.0
-50.0,50,910.880753,0.0
-50.0,50,911.367243,0.0
-50.0,50,911.849515,0.0
-50.0,50,912.336748,0.0
-50.0,50,912.84227,0.0
-50.0,50,913.334237,0.0
-50.0,50,913.824657,0.0
-50.0,50,914.31881,0.0
-50.0,50,914.831837,0.0
-50.0,50,915.3251,0.0
-50.0,50,915.816563,0.0
-50.0,50,916.30771,0.0
-50.0,50,916.814005,0.0
-50.0,50,917.311888,0.0
-50.0,50,917.802695,0.0
-50.0,50,918.287189,0.0
-50.0,50,918.783435,0.0
-50.0,50,919.273949,0.0
-50.0,50,919.755991,0.0
-50.0,50,920.245433,0.0
-50.0,50,920.747257,0.0
-50.0,50,921.238633,0.0
-50.0,50,921.723875,0.0
-50.0,50,922.20709,0.0
-50.0,50,922.72091,0.0
-50.0,50,923.209568,0.0
-50.0,50,923.696006,0.0
-50.0,50,924.174964,0.0
-50.0,50,924.663454,0.0
-50.0,50,925.14168,0.0
-50.0,50,925.620443,0.0
-50.0,50,926.106283,0.0
-50.0,50,926.603483,0.0
-50.0,50,927.082373,0.0
-50.0,50,927.560228,0.0
-50.0,50,928.04546,0.0
-50.0,50,928.533855,0.0
-50.0,50,929.018841,0.0
-50.0,50,929.494365,0.0
-50.0,50,929.969811,0.0
-50.0,50,930.463597,0.0
-50.0,50,930.945112,0.0
-50.0,50,931.423507,0.0
-50.0,50,931.914316,0.0
-50.0,50,932.4132,0.0
-50.0,50,932.893853,0.0
-50.0,50,933.372691,0.0
-50.0,50,933.854612,0.0
-50.0,50,934.351434,0.0
-50.0,50,934.827611,0.0
-50.0,50,935.316711,0.0
-50.0,50,935.807137,0.0
-50.0,50,936.313241,0.0
-50.0,50,936.789537,0.0
-50.0,50,937.26552,0.0
-50.0,50,937.743864,0.0
-50.0,50,938.241108,0.0
-50.0,50,938.724316,0.0
-50.0,50,939.208488,0.0
-50.0,50,939.689705,0.0
-50.0,50,940.1859,0.0
-50.0,50,940.668713,0.0
-50.0,50,941.152135,0.0
-50.0,50,941.629013,0.0
-50.0,50,942.120949,0.0
-50.0,50,942.606886,0.0
-50.0,50,943.095995,0.0
-50.0,50,943.570372,0.0
-50.0,50,944.061086,0.0
-50.0,50,944.541718,0.0
-50.0,50,945.028869,0.0
-50.0,50,945.507915,0.0
-50.0,50,946.003649,0.0
-50.0,50,946.478612,0.0
-50.0,50,946.95561,0.0
-50.0,50,947.444267,0.0
-50.0,50,947.944871,0.0
-50.0,50,948.421416,0.0
-50.0,50,948.901109,0.0
-50.0,50,949.384394,0.0
-50.0,50,949.876513,0.0
0.0,50,950.352713,1.0
-50.0,50,950.827766,0.0
-50.0,50,951.310717,0.0
-50.0,50,951.809268,0.0
-50.0,50,952.296765,0.0
0.0,50,952.772665,1.0
-50.0,50,953.252028,0.0
-50.0,50,953.741981,0.0
-50.0,50,954.226503,0.0
-50.0,50,954.712736,0.0
-50.0,50,955.189782,0.0
-50.0,50,955.687607,0.0
-50.0,50,956.164232,0.0
-50.0,50,956.64102,0.0
-50.0,50,957.117427,0.0
-50.0,50,957.606888,0.0
-50.0,50,958.08534,0.0
-50.0,50,958.572697,0.0
-50.0,50,959.046762,0.0
-50.0,50,959.531816,0.0
-50.0,50,960.012337,0.0
-50.0,50,960.488508,0.0
-50.0,50,960.965064,0.0
-50.0,50,961.457263,0.0
-50.0,50,961.935156,0.0
-50.0,50,962.415898,0.0
-50.0,50,962.896791,0.0
-50.0,50,963.421422,0.0
-50.0,50,963.90106,0.0
-50.0,50,964.381019,0.0
-50.0,50,964.859462,0.0
-50.0,50,965.357543,0.0
-50.0,50,965.835676,0.0
-50.0,50,966.311194,0.0
0.0,50,966.786908,1.0
-50.0,50,967.275128,0.0
0.0,50,967.758264,1.0
-50.0,50,968.237,0.0
-50.0,50,968.718116,0.0
-50.0,50,969.21206,0.0
-50.0,50,969.702852,0.0
-50.0,50,970.185076,0.0
-50.0,50,970.665571,0.0
0.0,50,971.163963,1.0
-50.0,50,971.648867,0.0
-50.0,50,972.135334,0.0
-50.0,50,972.623798,0.0
-50.0,50,973.125337,0.0
-50.0,50,973.610157,0.0
-50.0,50,974.090226,0.0
-50.0,50,974.572035,0.0
-50.0,50,975.062152,0.0
-50.0,50,975.539417,0.0
0.0,50,976.015526,1.0
-50.0,50,976.500647,0.0
-50.0,50,977.004441,0.0
-50.0,50,977.479585,0.0
-50.0,50,977.968405,0.0
-50.0,50,978.447625,0.0
-50.0,50,978.949826,0.0
-50.0,50,979.441456,0.0
-50.0,50,979.930471,0.0
-50.0,50,980.412211,0.0
-50.0,50,980.916866,0.0
-50.0,50,981.407879,0.0
-50.0,50,981.89232,0.0
-50.0,50,982.381924,0.0
-50.0,50,982.876878,0.0
-50.0,50,983.357244,0.0
-50.0,50,983.836202,0.0
-50.0,50,984.321751,0.0
-50.0,50,984.812611,0.0
-50.0,50,985.290366,0.0
-50.0,50,985.778801,0.0
-50.0,50,986.262408,0.0
-50.0,50,986.765057,0.0
-50.0,50,987.252816,0.0
0.0,50,987.738319,1.0
-50.0,50,988.23202,0.0
-50.0,50,988.724407,0.0
-50.0,50,989.214517,0.0
-50.0,50,989.692261,0.0
-50.0,50,990.173995,0.0
-50.0,50,990.665114,0.0
-50.0,50,991.1465,0.0
-50.0,50,991.644223,0.0
-50.0,50,992.140122,0.0
-50.0,50,992.64149,0.0
-50.0,50,993.123498,0.0
-50.0,50,993.611489,0.0
-50.0,50,994.092676,0.0
-50.0,50,994.595861,0.0
-50.0,50,995.089253,0.0
-50.0,50,995.571682,0.0
-50.0,50,996.055088,0.0
-50.0,50,996.561308,0.0
-50.0,50,997.039428,0.0
-50.0,50,997.52838,0.0
-50.0,50,998.010438,0.0
-50.0,50,998.51428,0.0
-50.0,50,998.999987,0.0
-50.0,50,999.49217,0.0
-50.0,50,999.982386,0.0
-50.0,50,1000.493251,0.0
-50.0,50,1000.978383,0.0
0.0,50,1001.467927,1.0
-50.0,50,1001.947994,0.0
-50.0,50,1002.44539,0.0
-50.0,50,1002.94657,0.0
-50.0,50,1003.438571,0.0
-50.0,50,1003.917138,0.0
-50.0,50,1004.414263,0.0
-50.0,50,1004.895546,0.0
-50.0,50,1005.386419,0.0
-50.0,50,1005.874716,0.0
-50.0,50,1006.377459,0.0
-50.0,50,1006.878214,0.0
-50.0,50,1007.36079,0.0
-50.0,50,1007.857847,0.0
-50.0,50,1010.625833,0.0
-50.0,50,1011.110138,0.0
-50.0,50,1011.593272,0.0
-50.0,50,1012.080454,0.0
-50.0,50,1012.572701,0.0
-50.0,50,1013.071836,0.0
-50.0,50,1013.558167,0.0
-50.0,50,1014.04964,0.0
-50.0,50,1014.548286,0.0
-50.0,50,1015.028218,0.0
-50.0,50,1015.514165,0.0
-50.0,50,1015.997271,0.0
-50.0,50,1016.495858,0.0
-50.0,50,1016.977786,0.0
-50.0,50,1017.474568,0.0
-50.0,50,1017.959506,0.0
-50.0,50,1018.458863,0.0
-50.0,50,1018.93889,0.0
-50.0,50,1019.43257,0.0
-50.0,50,1019.912747,0.0
-50.0,50,1020.404108,0.0
-50.0,50,1020.897184,0.0
-50.0,50,1021.371197,0.0
-50.0,50,1021.860654,0.0
-50.0,50,1022.356526,0.0
-50.0,50,1022.836116,0.0
-50.0,50,1023.32758,0.0
-50.0,50,1023.807187,0.0
-50.0,50,1024.30835,0.0
-50.0,50,1024.789237,0.0
-50.0,50,1025.293715,0.0
-50.0,50,1025.77981,0.0
-50.0,50,1026.270268,0.0
-50.0,50,1026.748172,0.0
-50.0,50,1027.229177,0.0
-50.0,50,1027.708136,0.0
-50.0,50,1028.208441,0.0
-50.0,50,1028.688419,0.0
-50.0,50,1029.163508,0.0
-50.0,50,1029.617242,0.0
-50.0,50,1030.089149,0.0
-50.0,50,1030.548944,0.0
-50.0,50,1031.009461,0.0
-50.0,50,1031.903242,0.0
-50.0,50,1033.001654,0.0
-50.0,50,1034.074044,0.0
-50.0,50,1035.138216,0.0
-50.0,50,1036.21891,0.0
-50.0,50,1037.422376,0.0
-50.0,50,1038.557914,0.0
-50.0,50,1039.644545,0.0
-50.0,50,1040.728476,0.0
-50.0,50,1041.844541,0.0
-50.0,50,1042.955848,0.0
-50.0,50,1044.06315,0.0
-50.0,50,1045.151125,0.0
0.0,50,1046.249431,1.0
-50.0,50,1047.301089,0.0
-50.0,50,1048.359228,0.0
-50.0,50,1049.409532,0.0
-50.0,50,1050.493545,0.0
0.0,50,1051.562697,1.0
-50.0,50,1052.623797,0.0
-50.0,50,1053.677982,0.0
-50.0,50,1054.742947,0.0
-50.0,50,1055.813809,0.0
0.0,50,1056.896969,1.0
-50.0,50,1057.964348,0.0
-50.0,50,1059.04121,0.0
-50.0,50,1060.093139,0.0
-50.0,50,1061.162067,0.0
-50.0,50,1062.221852,0.0
-50.0,50,1063.315369,0.0
-50.0,50,1064.396567,0.0
-50.0,50,1065.47074,0.0
0.0,50,1066.528308,1.0
-50.0,50,1067.667202,0.0
-50.0,50,1068.786962,0.0
-50.0,50,1069.898957,0.0
-50.0,50,1071.001585,0.0
-50.0,50,1072.114019,0.0
-50.0,50,1073.190947,0.0
-50.0,50,1074.286967,0.0
-50.0,50,1075.369664,0.0
-50.0,50,1076.470611,0.0
-50.0,50,1077.553421,0.0
-50.0,50,1078.644557,0.0
-50.0,50,1079.751233,0.0
-50.0,50,1080.852348,0.0
-50.0,50,1081.947644,0.0
0.0,50,1083.033462,1.0
-50.0,50,1084.108181,0.0
-50.0,50,1085.241432,0.0
-50.0,50,1086.334342,0.0
-50.0,50,1087.389447,0.0
-50.0,50,1088.449149,0.0
0.0,50,1089.543811,1.0
-50.0,50,1090.603925,0.0
-50.0,50,1091.680555,0.0
-50.0,50,1092.756876,0.0
0.0,50,1093.866289,1.0
-50.0,50,1094.934098,0.0
-50.0,50,1096.000115,0.0
-50.0,50,1097.078629,0.0
-50.0,50,1098.161038,0.0
-50.0,50,1099.225593,0.0
-50.0,50,1100.283197,0.0
-50.0,50,1101.380693,0.0
-50.0,50,1102.476459,0.0
-50.0,50,1103.551117,0.0
-50.0,50,1104.626355,0.0
-50.0,50,1105.688189,0.0
-50.0,50,1106.760147,0.0
-50.0,50,1107.82526,0.0
-50.0,50,1108.888015,0.0
-50.0,50,1109.962925,0.0
-50.0,50,1111.034838,0.0
-50.0,50,1112.098596,0.0
-50.0,50,1113.158244,0.0
-50.0,50,1114.22372,0.0
-50.0,50,1115.349122,0.0
-50.0,50,1116.444991,0.0
-50.0,50,1117.569535,0.0
-50.0,50,1118.683368,0.0
-50.0,50,1119.786753,0.0
-50.0,50,1120.860052,0.0
-50.0,50,1121.949317,0.0
-50.0,50,1123.042211,0.0
-50.0,50,1124.157153,0.0
-50.0,50,1125.248652,0.0
-50.0,50,1126.316091,0.0
-50.0,50,1127.405117,0.0
-50.0,50,1128.49314,0.0
-50.0,50,1129.560721,0.0
-50.0,50,1130.616045,0.0
-50.0,50,1131.691039,0.0
-50.0,50,1132.805191,0.0
-50.0,50,1133.861489,0.0
-50.0,50,1134.941556,0.0
-50.0,50,1136.014394,0.0
-50.0,50,1137.107723,0.0
-50.0,50,1138.167799,0.0
-50.0,50,1139.23278,0.0
-50.0,50,1140.301931,0.0
-50.0,50,1141.378901,0.0
-50.0,50,1142.438794,0.0
-50.0,50,1143.540295,0.0
-50.0,50,1144.601908,0.0
-50.0,50,1145.713011,0.0
-50.0,50,1146.821774,0.0
-50.0,50,1147.912242,0.0
0.0,50,1148.996874,1.0
-50.0,50,1150.065634,0.0
-50.0,50,1151.122988,0.0
-50.0,50,1152.070141,0.0
-50.0,50,1152.552568,0.0
-50.0,50,1153.05436,0.0
0.0,50,1153.535552,1.0
-50.0,50,1154.020379,0.0
-50.0,50,1154.507881,0.0
-50.0,50,1155.021456,0.0
-50.0,50,1155.51531,0.0
-50.0,50,1155.996448,0.0
0.0,50,1156.479898,1.0
-50.0,50,1156.971385,0.0
-50.0,50,1157.461278,0.0
-50.0,50,1157.945179,0.0
-50.0,50,1158.427997,0.0
0.0,50,1158.934458,1.0
-50.0,50,1159.427357,0.0
-50.0,50,1159.904914,0.0
-50.0,50,1160.382053,0.0
-50.0,50,1160.879242,0.0
-50.0,50,1161.36297,0.0
-50.0,50,1161.843142,0.0
-50.0,50,1162.331156,0.0
-50.0,50,1162.848512,0.0
-50.0,50,1163.336063,0.0
0.0,50,1163.827358,1.0
-50.0,50,1164.305545,0.0
-50.0,50,1164.806439,0.0
-50.0,50,1165.281731,0.0
-50.0,50,1165.764002,0.0
-50.0,50,1166.238979,0.0
-50.0,50,1166.734354,0.0
-50.0,50,1167.217758,0.0
-50.0,50,1167.699753,0.0
-50.0,50,1168.181481,0.0
-50.0,50,1168.686472,0.0
-50.0,50,1169.168709,0.0
-50.0,50,1169.650694,0.0
-50.0,50,1170.123336,0.0
-50.0,50,1170.616117,0.0
-50.0,50,1171.101793,0.0
-50.0,50,1171.575977,0.0
-50.0,50,1172.054521,0.0
-50.0,50,1172.554926,0.0
-50.0,50,1173.040377,0.0
0.0,50,1173.529974,1.0
-50.0,50,1174.013224,0.0
-50.0,50,1176.762724,0.0
-50.0,50,1177.249978,0.0
-50.0,50,1177.740159,0.0
-50.0,50,1178.230139,0.0
-50.0,50,1178.735018,0.0
-50.0,50,1179.220293,0.0
-50.0,50,1179.709825,0.0
-50.0,50,1180.200004,0.0
-50.0,50,1180.697256,0.0
-50.0,50,1181.181439,0.0
0.0,50,1181.669499,1.0
-50.0,50,1182.160193,0.0
0.0,50,1182.657459,1.0
-50.0,50,1183.144752,0.0
-50.0,50,1183.634076,0.0
-50.0,50,1184.124225,0.0
-50.0,50,1184.625228,0.0
-50.0,50,1185.106605,0.0
-50.0,50,1185.59731,0.0
-50.0,50,1186.086093,0.0
-50.0,50,1186.585391,0.0
-50.0,50,1187.077403,0.0
-50.0,50,1187.567477,0.0
-50.0,50,1188.047964,0.0
-50.0,50,1188.549185,0.0
-50.0,50,1189.037956,0.0
-50.0,50,1189.521204,0.0
-50.0,50,1190.00089,0.0
-50.0,50,1190.502803,0.0
-50.0,50,1190.993152,0.0
-50.0,50,1191.468596,0.0
-50.0,50,1191.949662,0.0
0.0,50,1192.457469,1.0
-50.0,50,1192.941022,0.0
-50.0,50,1193.428069,0.0
-50.0,50,1193.90622,0.0
-50.0,50,1194.404648,0.0
0.0,50,1194.886705,1.0
-50.0,50,1195.370929,0.0
-50.0,50,1195.8539,0.0
-50.0,50,1196.341046,0.0
-50.0,50,1196.815473,0.0
-50.0,50,1197.29733,0.0
-50.0,50,1197.783288,0.0
-50.0,50,1198.275087,0.0
-50.0,50,1198.752523,0.0
-50.0,50,1199.228354,0.0
-50.0,50,1199.706182,0.0
-50.0,50,1200.226263,0.0
-50.0,50,1200.720701,0.0
-50.0,50,1201.21839,0.0
-50.0,50,1201.710111,0.0
-50.0,50,1202.21067,0.0
-50.0,50,1202.694735,0.0
-50.0,50,1203.184201,0.0
0.0,50,1203.680195,1.0
-50.0,50,1204.174829,0.0
-50.0,50,1204.658305,0.0
-50.0,50,1205.14597,0.0
-50.0,50,1205.626107,0.0
-50.0,50,1206.117958,0.0
-50.0,50,1206.605982,0.0
-50.0,50,1207.083468,0.0
-50.0,50,1207.569469,0.0
-50.0,50,1208.061649,0.0
-50.0,50,1208.542348,0.0
-50.0,50,1209.030329,0.0
-50.0,50,1209.508022,0.0
-50.0,50,1210.000916,0.0
-50.0,50,1210.495196,0.0
-50.0,50,1210.973544,0.0
-50.0,50,1211.451018,0.0
-50.0,50,1211.974342,0.0
-50.0,50,1212.464997,0.0
-50.0,50,1212.966656,0.0
-50.0,50,1213.459251,0.0
-50.0,50,1213.969092,0.0
-50.0,50,1214.44752,0.0
-50.0,50,1214.933909,0.0
-50.0,50,1215.413779,0.0
-50.0,50,1215.910118,0.0
-50.0,50,1216.393757,0.0
-50.0,50,1216.875402,0.0
-50.0,50,1217.35526,0.0
-50.0,50,1217.853296,0.0
-50.0,50,1218.334717,0.0
-50.0,50,1218.818105,0.0
-50.0,50,1219.304374,0.0
-50.0,50,1219.797847,0.0
-50.0,50,1220.279734,0.0
0.0,50,1220.759096,1.0
-50.0,50,1221.246811,0.0
-50.0,50,1221.752315,0.0
-50.0,50,1222.234076,0.0
-50.0,50,1222.71748,0.0
-50.0,50,1223.211125,0.0
-50.0,50,1223.706664,0.0
-50.0,50,1224.194443,0.0
-50.0,50,1224.67852,0.0
-50.0,50,1225.163447,0.0
-50.0,50,1225.661276,0.0
-50.0,50,1226.150558,0.0
-50.0,50,1226.639652,0.0
-50.0,50,1227.131716,0.0
-50.0,50,1227.628766,0.0
-50.0,50,1228.117248,0.0
-50.0,50,1228.594578,0.0
-50.0,50,1229.073448,0.0
-50.0,50,1229.569396,0.0
-50.0,50,1230.057207,0.0
-50.0,50,1230.541414,0.0
-50.0,50,1231.019518,0.0
-50.0,50,1231.515457,0.0
-50.0,50,1231.999351,0.0
-50.0,50,1232.477211,0.0
-50.0,50,1232.962228,0.0
-50.0,50,1233.454078,0.0
-50.0,50,1233.934675,0.0
-50.0,50,1234.410864,0.0
-50.0,50,1234.893457,0.0
-50.0,50,1235.391314,0.0
-50.0,50,1235.86888,0.0
-50.0,50,1236.345211,0.0
-50.0,50,1236.827702,0.0
-50.0,50,1237.318746,0.0
-50.0,50,1237.796596,0.0
-50.0,50,1238.275291,0.0
-50.0,50,1238.757489,0.0
-50.0,50,1239.251413,0.0
-50.0,50,1239.738158,0.0
-50.0,50,1240.216898,0.0
-50.0,50,1240.694417,0.0
-50.0,50,1241.188914,0.0
-50.0,50,1241.665471,0.0
-50.0,50,1242.150337,0.0
-50.0,50,1242.634621,0.0
-50.0,50,1243.135228,0.0
-50.0,50,1243.615023,0.0
-50.0,50,1244.096623,0.0
-50.0,50,1244.560324,0.0
-50.0,50,1245.034628,0.0
0.0,50,1245.499176,1.0
-50.0,50,1245.957558,0.0
-50.0,50,1246.914913,0.0
-50.0,50,1248.01447,0.0
-50.0,50,1249.084123,0.0
0.0,50,1250.157725,1.0
-50.0,50,1251.213455,0.0
-50.0,50,1252.302396,0.0
-50.0,50,1253.375722,0.0
-50.0,50,1254.451847,0.0
-50.0,50,1255.515797,0.0
0.0,50,1256.608942,1.0
-50.0,50,1257.665368,0.0
-50.0,50,1258.727277,0.0
-50.0,50,1259.795537,0.0
-50.0,50,1260.877218,0.0
-50.0,50,1261.9319,0.0
-50.0,50,1263.012574,0.0
-50.0,50,1264.079351,0.0
-50.0,50,1265.18877,0.0
-50.0,50,1266.251637,0.0
0.0,50,1267.3486,1.0
-50.0,50,1268.453734,0.0
0.0,50,1269.565386,1.0
-50.0,50,1270.640657,0.0
-50.0,50,1271.699054,0.0
-50.0,50,1272.75803,0.0
-50.0,50,1273.848909,0.0
-50.0,50,1274.931319,0.0
0.0,50,1276.017972,1.0
-50.0,50,1277.074491,0.0
-50.0,50,1278.178001,0.0
-50.0,50,1279.232357,0.0
-50.0,50,1280.31924,0.0
-50.0,50,1281.373237,0.0
-50.0,50,1282.45591,0.0
0.0,50,1283.545536,1.0
-50.0,50,1284.626351,0.0
-50.0,50,1285.693073,0.0
-50.0,50,1286.794563,0.0
-50.0,50,1287.872292,0.0
-50.0,50,1288.954698,0.0
-50.0,50,1290.025714,0.0
-50.0,50,1291.14916,0.0
-50.0,50,1292.234117,0.0
-50.0,50,1293.361827,0.0
-50.0,50,1294.433749,0.0
-50.0,50,1295.526825,0.0
-50.0,50,1296.578987,0.0
-50.0,50,1297.643193,0.0
-50.0,50,1298.717862,0.0
-50.0,50,1299.809242,0.0
-50.0,50,1300.876541,0.0
-50.0,50,1301.954324,0.0
-50.0,50,1303.00333,0.0
-50.0,50,1303.715061,0.0
-50.0,50,1304.192474,0.0
-50.0,50,1304.674021,0.0
-50.0,50,1305.159089,0.0
-50.0,50,1307.950731,0.0
-50.0,50,1308.441252,0.0
-50.0,50,1308.938647,0.0
-50.0,50,1309.435323,0.0
-50.0,50,1309.938259,0.0
-50.0,50,1310.438721,0.0
0.0,50,1310.936856,1.0
-50.0,50,1311.446229,0.0
-50.0,50,1311.954818,0.0
-50.0,50,1312.434209,0.0
-50.0,50,1312.926731,0.0
-50.0,50,1313.415645,0.0
-50.0,50,1313.914729,0.0
-50.0,50,1314.397197,0.0
-50.0,50,1314.883394,0.0
-50.0,50,1315.368761,0.0
-50.0,50,1315.871614,0.0
-50.0,50,1316.36149,0.0
0.0,50,1316.844514,1.0
-50.0,50,1317.332681,0.0
-50.0,50,1317.822639,0.0
-50.0,50,1318.306155,0.0
-50.0,50,1318.797535,0.0
-50.0,50,1319.27459,0.0
-50.0,50,1319.76616,0.0
-50.0,50,1320.244948,0.0
-50.0,50,1320.715703,0.0
-50.0,50,1321.187113,0.0
-50.0,50,1321.670382,0.0
-50.0,50,1322.140119,0.0
-50.0,50,1322.608084,0.0
-50.0,50,1323.090681,0.0
-50.0,50,1323.59815,0.0
-50.0,50,1324.081221,0.0
0.0,50,1324.562034,1.0
-50.0,50,1325.043041,0.0
-50.0,50,1325.54174,0.0
-50.0,50,1326.025343,0.0
-50.0,50,1326.503073,0.0
-50.0,50,1326.981504,0.0
-50.0,50,1327.48134,0.0
-50.0,50,1327.958732,0.0
-50.0,50,1328.440129,0.0
-50.0,50,1328.9155,0.0
-50.0,50,1329.412851,0.0
-50.0,50,1329.887355,0.0
-50.0,50,1330.368622,0.0
0.0,50,1330.857787,1.0
-50.0,50,1331.351853,0.0
-50.0,50,1331.83749,0.0
-50.0,50,1332.314133,0.0
-50.0,50,1332.790709,0.0
0.0,50,1333.290628,1.0
-50.0,50,1333.777564,0.0
0.0,50,1334.259349,1.0
-50.0,50,1334.740064,0.0
-50.0,50,1335.240073,0.0
-50.0,50,1335.736973,0.0
-50.0,50,1336.21514,0.0
-50.0,50,1336.693309,0.0
-50.0,50,1337.183081,0.0
-50.0,50,1337.666335,0.0
-50.0,50,1338.138733,0.0
-50.0,50,1338.617457,0.0
-50.0,50,1339.120804,0.0
-50.0,50,1339.61073,0.0
0.0,50,1340.105561,1.0
-50.0,50,1340.592967,0.0
-50.0,50,1341.091455,0.0
-50.0,50,1341.572558,0.0
-50.0,50,1342.045866,0.0
-50.0,50,1342.526109,0.0
-50.0,50,1343.012906,0.0
-50.0,50,1343.482974,0.0
-50.0,50,1343.965288,0.0
-50.0,50,1344.436991,0.0
-50.0,50,1344.938888,0.0
-50.0,50,1345.42852,0.0
-50.0,50,1345.913363,0.0
-50.0,50,1346.393089,0.0
-50.0,50,1346.888199,0.0
-50.0,50,1347.372505,0.0
-50.0,50,1347.852585,0.0
-50.0,50,1348.340075,0.0
-50.0,50,1348.826732,0.0
-50.0,50,1349.308101,0.0
-50.0,50,1349.791159,0.0
-50.0,50,1350.274155,0.0
-50.0,50,1350.768583,0.0
-50.0,50,1351.258138,0.0
-50.0,50,1351.740677,0.0
-50.0,50,1352.232828,0.0
-50.0,50,1352.725164,0.0
0.0,50,1353.219954,1.0
-50.0,50,1353.701179,0.0
0.0,50,1354.189501,1.0
-50.0,50,1354.690172,0.0
-50.0,50,1355.18885,0.0
-50.0,50,1355.675171,0.0
-50.0,50,1356.151992,0.0
0.0,50,1356.649943,1.0
-50.0,50,1357.137657,0.0
-50.0,50,1357.626029,0.0
-50.0,50,1358.112547,0.0
-50.0,50,1358.618053,0.0
-50.0,50,1359.095867,0.0
-50.0,50,1359.58416,0.0
-50.0,50,1360.062963,0.0
-50.0,50,1360.559141,0.0
-50.0,50,1361.045197,0.0
-50.0,50,1361.535209,0.0
-50.0,50,1362.023354,0.0
-50.0,50,1362.52777,0.0
-50.0,50,1363.019119,0.0
-50.0,50,1363.507059,0.0
-50.0,50,1363.996879,0.0
-50.0,50,1364.504122,0.0
-50.0,50,1364.989942,0.0
-50.0,50,1365.480765,0.0
-50.0,50,1365.973459,0.0
-50.0,50,1366.478364,0.0
-50.0,50,1366.969233,0.0
-50.0,50,1367.456263,0.0
-50.0,50,1367.939185,0.0
-50.0,50,1368.443171,0.0
-50.0,50,1368.931891,0.0
-50.0,50,1369.412153,0.0
-50.0,50,1369.89786,0.0
-50.0,50,1370.395514,0.0
-50.0,50,1370.882217,0.0
-50.0,50,1371.36457,0.0
-50.0,50,1371.852717,0.0
-50.0,50,1372.357388,0.0
-50.0,50,1372.844928,0.0
-50.0,50,1373.328007,0.0
-50.0,50,1373.813547,0.0
-50.0,50,1374.311014,0.0
-50.0,50,1374.800424,0.0
-50.0,50,1375.284505,0.0
-50.0,50,1375.766849,0.0
-50.0,50,1376.263343,0.0
-50.0,50,1376.744899,0.0
-50.0,50,1377.232556,0.0
-50.0,50,1377.718349,0.0
-50.0,50,1378.214397,0.0
-50.0,50,1378.702371,0.0
-50.0,50,1379.189137,0.0
-50.0,50,1379.674113,0.0
-50.0,50,1380.175239,0.0
-50.0,50,1380.666905,0.0
-50.0,50,1381.157573,0.0
-50.0,50,1381.641833,0.0
-50.0,50,1382.1382,0.0
-50.0,50,1382.620444,0.0
0.0,50,1383.104576,1.0
-50.0,50,1383.582905,0.0
-50.0,50,1384.083003,0.0
-50.0,50,1384.570054,0.0
-50.0,50,1385.076744,0.0
-50.0,50,1385.560373,0.0
-50.0,50,1386.058894,0.0
-50.0,50,1386.551028,0.0
0.0,50,1387.048889,1.0
-50.0,50,1387.540597,0.0
-50.0,50,1388.054052,0.0
-50.0,50,1388.54236,0.0
0.0,50,1389.02596,1.0
-50.0,50,1389.508002,0.0
-50.0,50,1390.007658,0.0
0.0,50,1390.492266,1.0
-50.0,50,1390.961736,0.0
-50.0,50,1391.42349,0.0
-50.0,50,1391.895108,0.0
-50.0,50,1392.351719,0.0
-50.0,50,1393.063591,0.0
-50.0,50,1394.125147,0.0
-50.0,50,1395.272533,0.0
-50.0,50,1396.37301,0.0
-50.0,50,1397.489631,0.0
-50.0,50,1398.572137,0.0
-50.0,50,1399.677261,0.0
-50.0,50,1400.756796,0.0
-50.0,50,1401.856838,0.0
-50.0,50,1402.941514,0.0
-50.0,50,1404.049084,0.0
-50.0,50,1405.146313,0.0
-50.0,50,1406.221893,0.0
-50.0,50,1407.302124,0.0
-50.0,50,1408.393266,0.0
-50.0,50,1409.469985,0.0
-50.0,50,1410.575369,0.0
-50.0,50,1411.669921,0.0
-50.0,50,1412.795305,0.0
-50.0,50,1413.849275,0.0
-50.0,50,1414.9054,0.0
-50.0,50,1415.99606,0.0
-50.0,50,1417.074778,0.0
-50.0,50,1418.130674,0.0
-50.0,50,1419.19982,0.0
-50.0,50,1420.314076,0.0
-50.0,50,1426.80515,0.0
-50.0,50,1427.862676,0.0
-50.0,50,1428.914183,0.0
-50.0,50,1429.977463,0.0
-50.0,50,1431.05773,0.0
-50.0,50,1432.118117,0.0
-50.0,50,1433.190201,0.0
-50.0,50,1434.26251,0.0
-50.0,50,1435.339088,0.0
-50.0,50,1436.415318,0.0
-50.0,50,1437.471571,0.0
-50.0,50,1438.54153,0.0
-50.0,50,1439.622185,0.0
0.0,50,1440.696919,1.0
-50.0,50,1441.78832,0.0
-50.0,50,1442.859751,0.0
-50.0,50,1443.938335,0.0
0.0,50,1445.033038,1.0
-50.0,50,1446.154807,0.0
-50.0,50,1447.211325,0.0
-50.0,50,1448.30425,0.0
0.0,50,1449.361524,1.0
0.0,50,1450.438074,1.0
-50.0,50,1451.509485,0.0
-50.0,50,1452.598025,0.0
-50.0,50,1453.652061,0.0
-50.0,50,1454.706096,0.0
-50.0,50,1455.803962,0.0
-50.0,50,1456.892352,0.0
-50.0,50,1457.964271,0.0
-50.0,50,1459.048639,0.0
-50.0,50,1460.133636,0.0
-50.0,50,1461.255484,0.0
-50.0,50,1462.308702,0.0
-50.0,50,1463.365804,0.0
-50.0,50,1464.426185,0.0
-50.0,50,1465.503261,0.0
-50.0,50,1466.572349,0.0
-50.0,50,1467.624702,0.0
-50.0,50,1468.683173,0.0
-50.0,50,1469.784228,0.0
-50.0,50,1470.872427,0.0
-50.0,50,1471.777664,0.0
-50.0,50,1472.250912,0.0
-50.0,50,1472.745641,0.0
-50.0,50,1473.224465,0.0
-50.0,50,1473.698869,0.0
-50.0,50,1474.172512,0.0
0.0,50,1474.673872,1.0
-50.0,50,1475.156866,0.0
-50.0,50,1475.638755,0.0
-50.0,50,1476.115001,0.0
-50.0,50,1476.63191,0.0
-50.0,50,1477.106066,0.0
-50.0,50,1477.585215,0.0
-50.0,50,1478.060643,0.0
-50.0,50,1478.567993,0.0
-50.0,50,1479.099654,0.0
-50.0,50,1479.58705,0.0
-50.0,50,1480.065514,0.0
-50.0,50,1480.58909,0.0
-50.0,50,1481.074317,0.0
-50.0,50,1481.563586,0.0
-50.0,50,1482.041114,0.0
-50.0,50,1482.531782,0.0
0.0,50,1483.01045,1.0
-50.0,50,1483.490977,0.0
-50.0,50,1483.969452,0.0
-50.0,50,1484.480393,0.0
-50.0,50,1484.955944,0.0
-50.0,50,1485.432346,0.0
-50.0,50,1485.911699,0.0
-50.0,50,1486.441103,0.0
-50.0,50,1486.916868,0.0
-50.0,50,1487.392155,0.0
-50.0,50,1487.86705,0.0
-50.0,50,1488.381507,0.0
-50.0,50,1488.866752,0.0
-50.0,50,1489.353111,0.0
-50.0,50,1489.879941,0.0
-50.0,50,1490.393139,0.0
-50.0,50,1490.87905,0.0
-50.0,50,1491.359737,0.0
-50.0,50,1491.837305,0.0
-50.0,50,1492.359507,0.0
-50.0,50,1492.841259,0.0
-50.0,50,1493.340524,0.0
-50.0,50,1493.823831,0.0
-50.0,50,1494.349872,0.0
-50.0,50,1494.847405,0.0
-50.0,50,1495.331203,0.0
-50.0,50,1495.817176,0.0
0.0,50,1496.337009,1.0
-50.0,50,1496.820473,0.0
-50.0,50,1497.303844,0.0
-50.0,50,1497.788359,0.0
-50.0,50,1498.3125,0.0
-50.0,50,1498.813129,0.0
-50.0,50,1499.304564,0.0
-50.0,50,1499.795949,0.0
0.0,50,1500.327682,1.0
-50.0,50,1500.812399,0.0
-50.0,50,1501.300505,0.0
-50.0,50,1501.791815,0.0
-50.0,50,1502.323008,0.0
-50.0,50,1502.811193,0.0
-50.0,50,1503.302056,0.0
-50.0,50,1503.791116,0.0
-50.0,50,1504.313906,0.0
-50.0,50,1504.804176,0.0
-50.0,50,1505.304981,0.0
-50.0,50,1505.798243,0.0
-50.0,50,1506.327235,0.0
-50.0,50,1506.816217,0.0
-50.0,50,1507.310336,0.0
-50.0,50,1507.804002,0.0
-50.0,50,1508.328775,0.0
-50.0,50,1508.809963,0.0
-50.0,50,1509.289917,0.0
-50.0,50,1509.780201,0.0
-50.0,50,1510.302623,0.0
-50.0,50,1510.785906,0.0
-50.0,50,1511.279077,0.0
-50.0,50,1511.772035,0.0
-50.0,50,1512.29589,0.0
-50.0,50,1512.785322,0.0
-50.0,50,1513.273046,0.0
-50.0,50,1513.763021,0.0
-50.0,50,1514.287995,0.0
-50.0,50,1514.780059,0.0
-50.0,50,1515.257817,0.0
-50.0,50,1515.744341,0.0
-50.0,50,1516.269996,0.0
-50.0,50,1516.764394,0.0
-50.0,50,1517.258947,0.0
-50.0,50,1517.751079,0.0
-50.0,50,1518.286625,0.0
-50.0,50,1518.77713,0.0
-50.0,50,1519.265253,0.0
-50.0,50,1519.745898,0.0
-50.0,50,1520.258858,0.0
-50.0,50,1520.751079,0.0
-50.0,50,1521.231387,0.0
-50.0,50,1521.740005,0.0
-50.0,50,1522.276114,0.0
-50.0,50,1522.766371,0.0
-50.0,50,1523.259637,0.0
-50.0,50,1523.753969,0.0
-50.0,50,1524.288254,0.0
-50.0,50,1524.76887,0.0
-50.0,50,1525.24629,0.0
-50.0,50,1525.726079,0.0
-50.0,50,1526.238228,0.0
-50.0,50,1526.726952,0.0
-50.0,50,1527.213597,0.0
-50.0,50,1527.708577,0.0
-50.0,50,1528.235382,0.0
-50.0,50,1528.716474,0.0
-50.0,50,1529.213392,0.0
-50.0,50,1529.70323,0.0
-50.0,50,1530.221147,0.0
-50.0,50,1530.710175,0.0
-50.0,50,1531.189018,0.0
-50.0,50,1531.666122,0.0
-50.0,50,1532.182737,0.0
-50.0,50,1532.667125,0.0
-50.0,50,1533.154169,0.0
-50.0,50,1533.633427,0.0
-50.0,50,1534.155115,0.0
0.0,50,1534.630776,1.0
-50.0,50,1535.112035,0.0
-50.0,50,1535.599561,0.0
-50.0,50,1536.113987,0.0
-50.0,50,1536.593025,0.0
-50.0,50,1537.078503,0.0
-50.0,50,1537.555419,0.0
-50.0,50,1538.075519,0.0
-50.0,50,1538.547957,0.0
-50.0,50,1539.033151,0.0
-50.0,50,1539.518462,0.0
-50.0,50,1540.025048,0.0
-50.0,50,1540.506834,0.0
-50.0,50,1540.984335,0.0
-50.0,50,1541.468209,0.0
-50.0,50,1541.984365,0.0
-50.0,50,1542.47347,0.0
-50.0,50,1542.958585,0.0
-50.0,50,1543.445121,0.0
-50.0,50,1543.97759,0.0
-50.0,50,1544.458247,0.0
-50.0,50,1544.948528,0.0
-50.0,50,1545.436585,0.0
-50.0,50,1545.945702,0.0
0.0,50,1546.43203,1.0
-50.0,50,1546.906596,0.0
-50.0,50,1547.389011,0.0
-50.0,50,1547.902123,0.0
-50.0,50,1548.390481,0.0
-50.0,50,1548.866669,0.0
-50.0,50,1549.348657,0.0
-50.0,50,1552.17721,0.0
-50.0,50,1552.656887,0.0
-50.0,50,1553.14634,0.0
-50.0,50,1553.634963,0.0
-50.0,50,1554.154974,0.0
-50.0,50,1554.640521,0.0
-50.0,50,1555.123553,0.0
-50.0,50,1555.614261,0.0
-50.0,50,1556.145426,0.0
-50.0,50,1556.628403,0.0
-50.0,50,1557.121877,0.0
-50.0,50,1557.60712,0.0
-50.0,50,1558.132935,0.0
0.0,50,1558.612833,1.0
-50.0,50,1559.105093,0.0
-50.0,50,1559.590125,0.0
-50.0,50,1560.108116,0.0
-50.0,50,1560.585774,0.0
-50.0,50,1561.075207,0.0
-50.0,50,1561.556199,0.0
-50.0,50,1562.080449,0.0
-50.0,50,1562.563345,0.0
-50.0,50,1563.055025,0.0
-50.0,50,1563.538969,0.0
-50.0,50,1564.062459,0.0
-50.0,50,1564.545354,0.0
-50.0,50,1565.035964,0.0
-50.0,50,1565.527335,0.0
-50.0,50,1566.043553,0.0
0.0,50,1566.529275,1.0
-50.0,50,1567.013825,0.0
-50.0,50,1567.491874,0.0
-50.0,50,1568.013949,0.0
-50.0,50,1568.504239,0.0
-50.0,50,1568.987254,0.0
-50.0,50,1569.467762,0.0
-50.0,50,1570.00616,0.0
-50.0,50,1570.481052,0.0
-50.0,50,1570.968211,0.0
-50.0,50,1571.457136,0.0
-50.0,50,1571.981827,0.0
-50.0,50,1572.456755,0.0
-50.0,50,1572.943819,0.0
-50.0,50,1573.427879,0.0
-50.0,50,1573.943003,0.0
-50.0,50,1574.426388,0.0
-50.0,50,1574.910776,0.0
0.0,50,1575.395921,1.0
-50.0,50,1575.917392,0.0
-50.0,50,1576.394389,0.0
-50.0,50,1576.879094,0.0
0.0,50,1577.369692,1.0
-50.0,50,1577.890476,0.0
-50.0,50,1578.381551,0.0
-50.0,50,1578.865065,0.0
-50.0,50,1579.350213,0.0
-50.0,50,1579.870892,0.0
-50.0,50,1580.363179,0.0
-50.0,50,1580.852946,0.0
-50.0,50,1581.345986,0.0
-50.0,50,1581.86749,0.0
-50.0,50,1582.358329,0.0
-50.0,50,1582.844723,0.0
-50.0,50,1583.325261,0.0
-50.0,50,1583.8479,0.0
-50.0,50,1584.331762,0.0
-50.0,50,1584.815355,0.0
-50.0,50,1585.310783,0.0
-50.0,50,1585.829754,0.0
-50.0,50,1586.307258,0.0
-50.0,50,1586.78555,0.0
-50.0,50,1587.280195,0.0
-50.0,50,1587.791699,0.0
-50.0,50,1588.276083,0.0
0.0,50,1588.760567,1.0
-50.0,50,1589.238797,0.0
-50.0,50,1589.751651,0.0
-50.0,50,1590.240194,0.0
0.0,50,1590.729804,1.0
0.0,50,1591.211523,1.0
-50.0,50,1591.731178,0.0
-50.0,50,1592.20744,0.0
-50.0,50,1592.68993,0.0
-50.0,50,1593.171868,0.0
0.0,50,1593.688257,1.0
-50.0,50,1594.161412,0.0
-50.0,50,1594.644823,0.0
-50.0,50,1595.12779,0.0
-50.0,50,1595.636661,0.0
-50.0,50,1596.112078,0.0
-50.0,50,1596.588825,0.0
-50.0,50,1597.067082,0.0
0.0,50,1597.579952,1.0
-50.0,50,1598.066436,0.0
-50.0,50,1598.560015,0.0
-50.0,50,1599.039858,0.0
0.0,50,1599.569384,1.0
-50.0,50,1600.049748,0.0
0.0,50,1600.538684,1.0
-50.0,50,1601.035491,0.0
-50.0,50,1601.555318,0.0
-50.0,50,1602.05238,0.0
-50.0,50,1602.536714,0.0
-50.0,50,1603.022319,0.0
-50.0,50,1603.541433,0.0
-50.0,50,1604.017701,0.0
-50.0,50,1604.492749,0.0
-50.0,50,1604.978958,0.0
-50.0,50,1605.495608,0.0
-50.0,50,1605.97387,0.0
-50.0,50,1606.457442,0.0
-50.0,50,1606.946847,0.0
-50.0,50,1607.468205,0.0
-50.0,50,1607.956631,0.0
-50.0,50,1608.452256,0.0
-50.0,50,1608.945975,0.0
-50.0,50,1609.478044,0.0
-50.0,50,1609.967041,0.0
-50.0,50,1610.461052,0.0
-50.0,50,1610.954071,0.0
-50.0,50,1611.476928,0.0
-50.0,50,1611.954792,0.0
-50.0,50,1612.44698,0.0
-50.0,50,1612.939017,0.0
-50.0,50,1613.464253,0.0
-50.0,50,1613.950886,0.0
-50.0,50,1614.443049,0.0
-50.0,50,1614.94207,0.0
-50.0,50,1615.473352,0.0
-50.0,50,1615.964363,0.0
-50.0,50,1616.454551,0.0
-50.0,50,1616.943196,0.0
-50.0,50,1617.449214,0.0
-50.0,50,1617.93182,0.0
-50.0,50,1618.417057,0.0
-50.0,50,1618.895661,0.0
-50.0,50,1619.404995,0.0
-50.0,50,1619.887069,0.0
-50.0,50,1620.371868,0.0
-50.0,50,1620.846968,0.0
-50.0,50,1621.358492,0.0
-50.0,50,1621.839954,0.0
-50.0,50,1622.329569,0.0
0.0,50,1622.813874,1.0
-50.0,50,1623.324835,0.0
-50.0,50,1623.814431,0.0
-50.0,50,1624.296292,0.0
-50.0,50,1624.790556,0.0
-50.0,50,1625.324711,0.0
-50.0,50,1625.815324,0.0
-50.0,50,1626.292856,0.0
-50.0,50,1626.782629,0.0
-50.0,50,1627.299972,0.0
-50.0,50,1627.779586,0.0
-50.0,50,1628.269603,0.0
-50.0,50,1628.758996,0.0
-50.0,50,1629.272355,0.0
-50.0,50,1629.752296,0.0
-50.0,50,1630.233892,0.0
-50.0,50,1630.713717,0.0
-50.0,50,1631.22225,0.0
-50.0,50,1631.711782,0.0
-50.0,50,1632.199626,0.0
-50.0,50,1632.678476,0.0
-50.0,50,1633.207484,0.0
-50.0,50,1633.68505,0.0
-50.0,50,1634.177881,0.0
-50.0,50,1634.657524,0.0
-50.0,50,1635.174821,0.0
-50.0,50,1635.657677,0.0
-50.0,50,1636.145289,0.0
-50.0,50,1636.634857,0.0
-50.0,50,1637.147577,0.0
-50.0,50,1637.633642,0.0
-50.0,50,1638.121821,0.0
-50.0,50,1638.618229,0.0
-50.0,50,1639.132949,0.0
-50.0,50,1639.611144,0.0
-50.0,50,1640.090667,0.0
-50.0,50,1640.565802,0.0
-50.0,50,1641.087974,0.0
0.0,50,1641.576405,1.0
-50.0,50,1642.061905,0.0
-50.0,50,1642.538816,0.0
-50.0,50,1643.050676,0.0
0.0,50,1643.532482,1.0
-50.0,50,1644.014763,0.0
-50.0,50,1644.509082,0.0
-50.0,50,1645.028641,0.0
-50.0,50,1645.511996,0.0
-50.0,50,1645.993362,0.0
0.0,50,1646.482712,1.0
-50.0,50,1647.01337,0.0
-50.0,50,1647.491406,0.0
-50.0,50,1647.96983,0.0
-50.0,50,1648.46086,0.0
-50.0,50,1648.987148,0.0
-50.0,50,1649.47205,0.0
-50.0,50,1649.966413,0.0
0.0,50,1650.457269,1.0
0.0,50,1653.243014,1.0
-50.0,50,1653.733881,0.0
-50.0,50,1654.214863,0.0
-50.0,50,1654.695588,0.0
-50.0,50,1655.211119,0.0
-50.0,50,1655.705885,0.0
-50.0,50,1656.18195,0.0
-50.0,50,1656.660798,0.0
-50.0,50,1657.176039,0.0
-50.0,50,1657.653799,0.0
-50.0,50,1658.131898,0.0
-50.0,50,1658.614882,0.0
-50.0,50,1659.110095,0.0
-50.0,50,1659.586159,0.0
-50.0,50,1660.073171,0.0
-50.0,50,1660.565947,0.0
-50.0,50,1661.068942,0.0
-50.0,50,1661.549897,0.0
-50.0,50,1662.033526,0.0
-50.0,50,1662.513675,0.0
-50.0,50,1663.016392,0.0
-50.0,50,1663.498072,0.0
-50.0,50,1663.983799,0.0
-50.0,50,1664.459788,0.0
-50.0,50,1664.956332,0.0
-50.0,50,1665.444953,0.0
-50.0,50,1665.923704,0.0
-50.0,50,1666.39719,0.0
-50.0,50,1666.912063,0.0
-50.0,50,1667.392105,0.0
-50.0,50,1667.877078,0.0
-50.0,50,1668.363445,0.0
-50.0,50,1668.868763,0.0
-50.0,50,1669.350122,0.0
-50.0,50,1669.829874,0.0
-50.0,50,1670.315834,0.0
-50.0,50,1670.830012,0.0
-50.0,50,1671.305092,0.0
-50.0,50,1671.791683,0.0
-50.0,50,1672.283115,0.0
-50.0,50,1672.783062,0.0
-50.0,50,1673.26835,0.0
-50.0,50,1673.750832,0.0
-50.0,50,1674.228697,0.0
-50.0,50,1674.737047,0.0
0.0,50,1675.225347,1.0
-50.0,50,1675.708805,0.0
0.0,50,1676.194707,1.0
-50.0,50,1676.707041,0.0
-50.0,50,1677.196856,0.0
-50.0,50,1677.69617,0.0
-50.0,50,1678.186953,0.0
-50.0,50,1678.707687,0.0
-50.0,50,1679.192831,0.0
0.0,50,1679.68136,1.0
-50.0,50,1680.167411,0.0
-50.0,50,1680.687136,0.0
-50.0,50,1681.184047,0.0
-50.0,50,1681.664062,0.0
-50.0,50,1682.147244,0.0
-50.0,50,1682.652801,0.0
-50.0,50,1683.128629,0.0
-50.0,50,1683.6159,0.0
-50.0,50,1684.097948,0.0
-50.0,50,1684.600774,0.0
-50.0,50,1685.093795,0.0
-50.0,50,1685.578423,0.0
-50.0,50,1686.064329,0.0
-50.0,50,1686.584325,0.0
-50.0,50,1687.070986,0.0
-50.0,50,1687.54932,0.0
-50.0,50,1688.028714,0.0
-50.0,50,1688.55129,0.0
-50.0,50,1689.025795,0.0
-50.0,50,1689.517172,0.0
-50.0,50,1689.997288,0.0
0.0,50,1690.506784,1.0
-50.0,50,1690.987756,0.0
-50.0,50,1691.462194,0.0
-50.0,50,1691.944542,0.0
-50.0,50,1692.442833,0.0
-50.0,50,1692.933887,0.0
-50.0,50,1693.417113,0.0
-50.0,50,1693.892778,0.0
-50.0,50,1694.397071,0.0
-50.0,50,1694.880064,0.0
-50.0,50,1695.365837,0.0
-50.0,50,1695.853719,0.0
-50.0,50,1696.356375,0.0
-50.0,50,1696.842917,0.0
-50.0,50,1697.329307,0.0
-50.0,50,1697.811549,0.0
0.0,50,1698.317413,1.0
-50.0,50,1698.795597,0.0
-50.0,50,1699.273007,0.0
-50.0,50,1699.762604,0.0
-50.0,50,1700.263034,0.0
-50.0,50,1700.749911,0.0
-50.0,50,1701.233821,0.0
-50.0,50,1701.706691,0.0
-50.0,50,1702.20474,0.0
-50.0,50,1702.698186,0.0
-50.0,50,1703.18789,0.0
-50.0,50,1703.669631,0.0
-50.0,50,1704.177516,0.0
-50.0,50,1704.664542,0.0
-50.0,50,1705.142749,0.0
-50.0,50,1705.625701,0.0
-50.0,50,1706.13508,0.0
-50.0,50,1706.623283,0.0
-50.0,50,1707.109848,0.0
0.0,50,1707.598386,1.0
-50.0,50,1708.108148,0.0
-50.0,50,1708.594338,0.0
-50.0,50,1709.084002,0.0
-50.0,50,1709.572306,0.0
-50.0,50,1710.066267,0.0
-50.0,50,1710.54493,0.0
0.0,50,1711.040205,1.0
0.0,50,1711.521851,1.0
-50.0,50,1712.030626,0.0
-50.0,50,1712.51603,0.0
-50.0,50,1712.994445,0.0
0.0,50,1713.482804,1.0
-50.0,50,1713.984127,0.0
0.0,50,1714.472892,1.0
-50.0,50,1714.959188,0.0
-50.0,50,1715.459192,0.0
-50.0,50,1715.962711,0.0
-50.0,50,1716.450649,0.0
-50.0,50,1716.932152,0.0
-50.0,50,1717.421513,0.0
-50.0,50,1717.920671,0.0
-50.0,50,1718.400148,0.0
-50.0,50,1718.891703,0.0
-50.0,50,1719.370683,0.0
-50.0,50,1719.869126,0.0
-50.0,50,1720.358,0.0
-50.0,50,1720.850206,0.0
0.0,50,1721.332211,1.0
0.0,50,1721.836726,1.0
-50.0,50,1722.330844,0.0
-50.0,50,1722.821128,0.0
0.0,50,1723.306511,1.0
-50.0,50,1723.81124,0.0
-50.0,50,1724.302482,0.0
-50.0,50,1724.793643,0.0
-50.0,50,1725.283781,0.0
-50.0,50,1725.792311,0.0
-50.0,50,1726.274291,0.0
-50.0,50,1726.752606,0.0
-50.0,50,1727.241168,0.0
-50.0,50,1727.749084,0.0
-50.0,50,1728.2428,0.0
-50.0,50,1728.72876,0.0
-50.0,50,1729.218128,0.0
-50.0,50,1729.717093,0.0
-50.0,50,1730.205553,0.0
-50.0,50,1730.694834,0.0
-50.0,50,1731.180237,0.0
0.0,50,1731.694435,1.0
-50.0,50,1732.183959,0.0
-50.0,50,1732.669767,0.0
-50.0,50,1733.152089,0.0
0.0,50,1733.675161,1.0
-50.0,50,1734.169698,0.0
-50.0,50,1734.671362,0.0
-50.0,50,1735.162972,0.0
-50.0,50,1735.661827,0.0
-50.0,50,1736.15219,0.0
-50.0,50,1736.645794,0.0
-50.0,50,1737.141185,0.0
-50.0,50,1737.658602,0.0
-50.0,50,1738.148072,0.0
-50.0,50,1738.64278,0.0
-50.0,50,1739.130478,0.0
-50.0,50,1739.634638,0.0
-50.0,50,1740.125703,0.0
-50.0,50,1740.608463,0.0
-50.0,50,1741.096139,0.0
-50.0,50,1741.599236,0.0
-50.0,50,1742.089173,0.0
-50.0,50,1742.576505,0.0
-50.0,50,1743.066742,0.0
-50.0,50,1743.563471,0.0
-50.0,50,1744.04307,0.0
-50.0,50,1744.538224,0.0
-50.0,50,1745.020319,0.0
0.0,50,1745.523946,1.0
-50.0,50,1745.994936,0.0
-50.0,50,1746.479033,0.0
-50.0,50,1746.962401,0.0
-50.0,50,1747.455352,0.0
-50.0,50,1747.93796,0.0
-50.0,50,1748.42474,0.0
-50.0,50,1748.905065,0.0
-50.0,50,1749.402179,0.0
-50.0,50,1749.888598,0.0
-50.0,50,1750.368351,0.0
-50.0,50,1750.84456,0.0
-50.0,50,1753.636121,0.0
0.0,50,1754.129529,1.0
-50.0,50,1754.610874,0.0
-50.0,50,1755.094065,0.0
-50.0,50,1755.58789,0.0
-50.0,50,1756.08023,0.0
-50.0,50,1756.558289,0.0
-50.0,50,1757.041049,0.0
-50.0,50,1757.545171,0.0
-50.0,50,1758.034731,0.0
0.0,50,1758.521636,1.0
-50.0,50,1759.007585,0.0
-50.0,50,1759.517839,0.0
-50.0,50,1760.00586,0.0
-50.0,50,1760.492683,0.0
-50.0,50,1760.974864,0.0
-50.0,50,1761.481023,0.0
-50.0,50,1761.969177,0.0
-50.0,50,1762.444484,0.0
-50.0,50,1762.918343,0.0
-50.0,50,1763.423178,0.0
-50.0,50,1763.905912,0.0
-50.0,50,1764.391821,0.0
-50.0,50,1764.873575,0.0
-50.0,50,1765.371224,0.0
-50.0,50,1765.854086,0.0
-50.0,50,1766.338392,0.0
-50.0,50,1766.820098,0.0
-50.0,50,1767.315486,0.0
-50.0,50,1767.801861,0.0
-50.0,50,1768.278895,0.0
-50.0,50,1768.756996,0.0
-50.0,50,1769.251299,0.0
-50.0,50,1769.7363,0.0
-50.0,50,1770.211774,0.0
-50.0,50,1770.700178,0.0
-50.0,50,1771.191497,0.0
-50.0,50,1771.675169,0.0
-50.0,50,1772.154647,0.0
-50.0,50,1772.629579,0.0
-50.0,50,1773.128313,0.0
-50.0,50,1773.611692,0.0
-50.0,50,1774.0956,0.0
-50.0,50,1774.579277,0.0
0.0,50,1775.090535,1.0
-50.0,50,1775.572402,0.0
0.0,50,1776.060931,1.0
-50.0,50,1776.542797,0.0
-50.0,50,1777.042682,0.0
-50.0,50,1777.529276,0.0
-50.0,50,1778.014394,0.0
-50.0,50,1778.500069,0.0
-50.0,50,1778.999442,0.0
0.0,50,1779.47795,1.0
-50.0,50,1779.963802,0.0
-50.0,50,1780.454091,0.0
-50.0,50,1780.952854,0.0
-50.0,50,1781.436645,0.0
-50.0,50,1781.912199,0.0
-50.0,50,1782.399907,0.0
-50.0,50,1782.900789,0.0
-50.0,50,1783.384008,0.0
-18.0,50,1783.86875,0.0
-50.0,50,1784.344742,0.0
-50.0,50,1784.841738,0.0
-50.0,50,1785.325895,0.0
-50.0,50,1785.807312,0.0
-50.0,50,1786.291107,0.0
-50.0,50,1786.806351,0.0
-50.0,50,1787.293203,0.0
-50.0,50,1787.768994,0.0
-50.0,50,1788.24786,0.0
-50.0,50,1788.748679,0.0
-50.0,50,1789.23002,0.0
-50.0,50,1789.709718,0.0
-50.0,50,1790.192226,0.0
-50.0,50,1790.6905,0.0
-50.0,50,1791.176345,0.0
-50.0,50,1791.656615,0.0
-50.0,50,1792.138782,0.0
-50.0,50,1792.637994,0.0
-50.0,50,1793.13041,0.0
-50.0,50,1793.616836,0.0
-50.0,50,1794.105027,0.0
-50.0,50,1794.594562,0.0
-50.0,50,1795.080371,0.0
-50.0,50,1795.566667,0.0
-50.0,50,1796.052324,0.0
-50.0,50,1796.546276,0.0
-50.0,50,1797.036749,0.0
0.0,50,1797.528921,1.0
-50.0,50,1798.015775,0.0
-50.0,50,1798.519286,0.0
-50.0,50,1799.001493,0.0
-50.0,50,1799.489733,0.0
-50.0,50,1799.975651,0.0
-50.0,50,1800.474758,0.0
0.0,50,1800.956341,1.0
-50.0,50,1801.439878,0.0
-50.0,50,1801.916839,0.0
-50.0,50,1802.427822,0.0
-50.0,50,1802.908152,0.0
-50.0,50,1803.387577,0.0
-50.0,50,1803.862241,0.0
-50.0,50,1804.351253,0.0
-50.0,50,1804.83585,0.0
-50.0,50,1805.350819,0.0
-50.0,50,1805.839602,0.0
-50.0,50,1806.344514,0.0
-50.0,50,1806.83098,0.0
-50.0,50,1807.315706,0.0
-50.0,50,1807.804949,0.0
-50.0,50,1808.310852,0.0
-50.0,50,1808.798877,0.0
-50.0,50,1809.283703,0.0
-50.0,50,1809.772299,0.0
-50.0,50,1810.26955,0.0
-50.0,50,1810.751498,0.0
-50.0,50,1811.231733,0.0
-50.0,50,1811.710716,0.0
-50.0,50,1812.222282,0.0
-50.0,50,1812.710367,0.0
0.0,50,1813.193765,1.0
-50.0,50,1813.681802,0.0
-50.0,50,1814.195293,0.0
0.0,50,1814.68911,1.0
-50.0,50,1815.178873,0.0
-50.0,50,1815.656704,0.0
0.0,50,1816.158702,1.0
-50.0,50,1816.643357,0.0
-50.0,50,1817.132951,0.0
-50.0,50,1817.613325,0.0
-50.0,50,1818.112168,0.0
-50.0,50,1818.6066,0.0
-50.0,50,1819.093977,0.0
0.0,50,1819.58814,1.0
-50.0,50,1820.078735,0.0
0.0,50,1820.568837,1.0
-50.0,50,1821.057256,0.0
-50.0,50,1821.584527,0.0
-50.0,50,1822.095183,0.0
-50.0,50,1822.588104,0.0
-50.0,50,1823.07597,0.0
-50.0,50,1823.566857,0.0
-50.0,50,1824.086896,0.0
0.0,50,1824.579895,1.0
0.0,50,1825.077181,1.0
-50.0,50,1825.560775,0.0
-50.0,50,1826.06316,0.0
-50.0,50,1826.544614,0.0
-50.0,50,1827.030516,0.0
-50.0,50,1827.515395,0.0
-50.0,50,1828.022121,0.0
-50.0,50,1828.522186,0.0
-50.0,50,1829.018107,0.0
-50.0,50,1829.505566,0.0
-50.0,50,1830.011002,0.0
-50.0,50,1830.500242,0.0
-50.0,50,1830.987517,0.0
-50.0,50,1831.480973,0.0
-50.0,50,1832.028811,0.0
-50.0,50,1832.525272,0.0
-50.0,50,1833.017202,0.0
-50.0,50,1833.509288,0.0
-50.0,50,1834.015157,0.0
-50.0,50,1834.515874,0.0
0.0,50,1835.011224,1.0
-50.0,50,1835.509851,0.0
-50.0,50,1836.01616,0.0
-50.0,50,1836.505754,0.0
-50.0,50,1836.992898,0.0
-50.0,50,1837.483055,0.0
-50.0,50,1838.064575,0.0
-50.0,50,1838.554683,0.0
-50.0,50,1839.040514,0.0
-50.0,50,1839.528031,0.0
-50.0,50,1840.038622,0.0
-50.0,50,1840.53556,0.0
-50.0,50,1841.030364,0.0
-50.0,50,1841.526456,0.0
-50.0,50,1842.032446,0.0
-50.0,50,1842.51273,0.0
-50.0,50,1843.008767,0.0
-50.0,50,1843.494756,0.0
-50.0,50,1844.009857,0.0
-50.0,50,1844.507311,0.0
0.0,50,1845.006538,1.0
-50.0,50,1845.501933,0.0
-50.0,50,1846.01924,0.0
-50.0,50,1846.512363,0.0
-50.0,50,1847.001599,0.0
-50.0,50,1847.488708,0.0
-50.0,50,1848.000087,0.0
-50.0,50,1848.494503,0.0
-50.0,50,1848.99406,0.0
-50.0,50,1849.490724,0.0
0.0,50,1849.992311,1.0
-50.0,50,1850.472435,0.0
-50.0,50,1850.961035,0.0
-50.0,50,1851.451626,0.0
-50.0,50,1854.367898,0.0
-50.0,50,1854.860851,0.0
-50.0,50,1855.342186,0.0
-50.0,50,1855.836447,0.0
-50.0,50,1856.34297,0.0
-50.0,50,1856.827286,0.0
-50.0,50,1857.312197,0.0
-50.0,50,1857.799692,0.0
0.0,50,1858.29897,1.0
0.0,50,1858.783635,1.0
-50.0,50,1859.272949,0.0
-50.0,50,1859.76131,0.0
-50.0,50,1860.261697,0.0
-50.0,50,1860.746805,0.0
-50.0,50,1861.240397,0.0
-50.0,50,1861.737764,0.0
-50.0,50,1862.249642,0.0
-50.0,50,1862.735203,0.0
-50.0,50,1863.233713,0.0
-50.0,50,1863.714592,0.0
-50.0,50,1864.213143,0.0
-50.0,50,1864.706348,0.0
-50.0,50,1865.199975,0.0
-50.0,50,1865.681292,0.0
-50.0,50,1866.202849,0.0
-50.0,50,1866.691489,0.0
-50.0,50,1867.177126,0.0
-50.0,50,1867.667018,0.0
-50.0,50,1868.166193,0.0
-50.0,50,1868.649873,0.0
-50.0,50,1869.141954,0.0
-50.0,50,1869.627572,0.0
-50.0,50,1870.126331,0.0
-50.0,50,1870.614647,0.0
-50.0,50,1871.096119,0.0
-50.0,50,1871.579208,0.0
0.0,50,1872.074879,1.0
-50.0,50,1872.562927,0.0
-50.0,50,1873.048326,0.0
-50.0,50,1873.537831,0.0
-50.0,50,1874.037329,0.0
-50.0,50,1874.522944,0.0
-50.0,50,1875.006719,0.0
-50.0,50,1875.491841,0.0
-50.0,50,1875.997992,0.0
-50.0,50,1876.485563,0.0
-50.0,50,1876.964488,0.0
-50.0,50,1877.449557,0.0
-50.0,50,1877.956409,0.0
-50.0,50,1878.437676,0.0
-50.0,50,1878.92571,0.0
-50.0,50,1879.414845,0.0
-50.0,50,1879.90714,0.0
-50.0,50,1880.390661,0.0
-50.0,50,1880.87183,0.0
-50.0,50,1881.354308,0.0
-50.0,50,1881.866023,0.0
-50.0,50,1882.361668,0.0
-50.0,50,1882.852236,0.0
-50.0,50,1883.333601,0.0
-50.0,50,1883.832435,0.0
-50.0,50,1884.323604,0.0
-50.0,50,1884.804944,0.0
-50.0,50,1885.286995,0.0
-50.0,50,1885.784695,0.0
0.0,50,1886.278915,1.0
-50.0,50,1886.766659,0.0
-50.0,50,1887.253876,0.0
-50.0,50,1887.756769,0.0
-50.0,50,1888.245697,0.0
-50.0,50,1888.733176,0.0
-50.0,50,1889.215442,0.0
-50.0,50,1889.756217,0.0
-50.0,50,1890.246571,0.0
-50.0,50,1890.737911,0.0
-50.0,50,1891.22428,0.0
-50.0,50,1891.72748,0.0
-50.0,50,1892.219664,0.0
0.0,50,1892.712191,1.0
-50.0,50,1893.205587,0.0
-50.0,50,1893.704205,0.0
-50.0,50,1894.193721,0.0
-50.0,50,1894.677051,0.0
-50.0,50,1895.172027,0.0
-50.0,50,1895.671623,0.0
-50.0,50,1896.160992,0.0
-50.0,50,1896.654376,0.0
-50.0,50,1897.141317,0.0
-50.0,50,1897.671076,0.0
-50.0,50,1898.161302,0.0
-50.0,50,1898.647234,0.0
-50.0,50,1899.138849,0.0
-50.0,50,1899.661195,0.0
-50.0,50,1900.139972,0.0
-50.0,50,1900.628859,0.0
-50.0,50,1901.118253,0.0
-50.0,50,1901.647593,0.0
-50.0,50,1902.137427,0.0
-50.0,50,1902.628852,0.0
-50.0,50,1903.118411,0.0
-50.0,50,1903.641589,0.0
0.0,50,1904.130647,1.0
-50.0,50,1904.619558,0.0
-50.0,50,1905.110128,0.0
-50.0,50,1905.631374,0.0
-50.0,50,1906.115628,0.0
-50.0,50,1906.611473,0.0
-50.0,50,1907.098392,0.0
-50.0,50,1907.629102,0.0
-50.0,50,1908.119899,0.0
-50.0,50,1908.602824,0.0
-50.0,50,1909.087232,0.0
-50.0,50,1909.615604,0.0
-50.0,50,1910.114591,0.0
-50.0,50,1910.603421,0.0
-50.0,50,1911.086548,0.0
-50.0,50,1911.609658,0.0
-50.0,50,1912.09659,0.0
-50.0,50,1912.578846,0.0
-50.0,50,1913.067691,0.0
-50.0,50,1913.58747,0.0
-50.0,50,1914.066716,0.0
-50.0,50,1914.556049,0.0
-50.0,50,1915.046333,0.0
-50.0,50,1915.574597,0.0
-50.0,50,1916.05971,0.0
-50.0,50,1916.550499,0.0
-50.0,50,1917.035886,0.0
-50.0,50,1917.555754,0.0
-50.0,50,1918.044238,0.0
-50.0,50,1918.531289,0.0
-50.0,50,1919.027974,0.0
-50.0,50,1919.546867,0.0
-50.0,50,1920.035109,0.0
-50.0,50,1920.526009,0.0
-50.0,50,1921.009179,0.0
-50.0,50,1921.530094,0.0
-50.0,50,1922.020293,0.0
-50.0,50,1922.509937,0.0
-50.0,50,1922.998631,0.0
-50.0,50,1923.516793,0.0
-50.0,50,1924.006992,0.0
-50.0,50,1924.495926,0.0
-50.0,50,1924.988696,0.0
-50.0,50,1925.523858,0.0
-50.0,50,1926.01341,0.0
-50.0,50,1926.501688,0.0
-50.0,50,1926.991621,0.0
-50.0,50,1927.498518,0.0
0.0,50,1927.9863,1.0
-50.0,50,1928.474049,0.0
-50.0,50,1928.953312,0.0
-50.0,50,1929.46332,0.0
0.0,50,1929.954762,1.0
-50.0,50,1930.444033,0.0
-50.0,50,1930.933865,0.0
-50.0,50,1931.444632,0.0
-50.0,50,1931.934813,0.0
-50.0,50,1932.425368,0.0
-50.0,50,1932.909719,0.0
0.0,50,1933.440887,1.0
-50.0,50,1933.934203,0.0
-50.0,50,1934.43057,0.0
-50.0,50,1934.926446,0.0
-50.0,50,1935.429603,0.0
-50.0,50,1935.906195,0.0
-50.0,50,1936.392274,0.0
-50.0,50,1936.873931,0.0
-50.0,50,1937.374395,0.0
-50.0,50,1937.865822,0.0
-50.0,50,1938.361636,0.0
-50.0,50,1938.85522,0.0
-50.0,50,1939.374971,0.0
-50.0,50,1939.876803,0.0
-50.0,50,1940.375945,0.0
-50.0,50,1940.872936,0.0
-50.0,50,1941.385224,0.0
-50.0,50,1941.87781,0.0
-50.0,50,1942.376733,0.0
-50.0,50,1942.86306,0.0
-50.0,50,1943.370069,0.0
-50.0,50,1943.86307,0.0
-50.0,50,1944.356311,0.0
-50.0,50,1944.846828,0.0
-50.0,50,1945.350151,0.0
0.0,50,1945.841478,1.0
-50.0,50,1946.33156,0.0
-50.0,50,1946.82923,0.0
-50.0,50,1947.338837,0.0
-50.0,50,1947.846864,0.0
-50.0,50,1948.335313,0.0
-50.0,50,1948.825669,0.0
-50.0,50,1949.338274,0.0
-50.0,50,1949.837812,0.0
-50.0,50,1950.322244,0.0
0.0,50,1950.801882,1.0
-50.0,50,1951.32231,0.0
-50.0,50,1951.81108,0.0
-50.0,50,1952.310388,0.0
-50.0,50,1952.803534,0.0
-50.0,50,1955.650893,0.0
-50.0,50,1956.139692,0.0
-50.0,50,1956.628829,0.0
-50.0,50,1957.117713,0.0
-50.0,50,1957.618883,0.0
-50.0,50,1958.101288,0.0
-50.0,50,1958.589733,0.0
-50.0,50,1959.093577,0.0
-50.0,50,1959.600971,0.0
-50.0,50,1960.079531,0.0
-50.0,50,1960.563859,0.0
-50.0,50,1961.042543,0.0
-50.0,50,1961.538119,0.0
-50.0,50,1962.029989,0.0
-50.0,50,1962.517514,0.0
-50.0,50,1963.008809,0.0
-50.0,50,1963.508773,0.0
-50.0,50,1963.996852,0.0
-50.0,50,1964.484927,0.0
-50.0,50,1964.966728,0.0
-50.0,50,1965.476003,0.0
-50.0,50,1965.967781,0.0
-50.0,50,1966.452359,0.0
-50.0,50,1966.937548,0.0
0.0,50,1967.442141,1.0
-50.0,50,1967.938363,0.0
-50.0,50,1968.436812,0.0
-50.0,50,1968.924962,0.0
-50.0,50,1969.431681,0.0
-50.0,50,1969.92668,0.0
-50.0,50,1970.412923,0.0
-50.0,50,1970.905231,0.0
-50.0,50,1971.420661,0.0
-50.0,50,1971.913815,0.0
-50.0,50,1972.395255,0.0
-50.0,50,1972.879417,0.0
-50.0,50,1973.383972,0.0
-50.0,50,1973.870713,0.0
-50.0,50,1974.358805,0.0
-50.0,50,1974.846911,0.0
-50.0,50,1975.345093,0.0
-50.0,50,1975.838304,0.0
-50.0,50,1976.324564,0.0
-50.0,50,1976.810727,0.0
-50.0,50,1977.324902,0.0
-50.0,50,1977.811463,0.0
-50.0,50,1978.302391,0.0
-50.0,50,1978.795765,0.0
0.0,50,1979.305874,1.0
-50.0,50,1979.807722,0.0
-50.0,50,1980.303672,0.0
-50.0,50,1980.800997,0.0
-50.0,50,1981.306121,0.0
-50.0,50,1981.785871,0.0
-50.0,50,1982.276567,0.0
-50.0,50,1982.767563,0.0
-50.0,50,1983.284934,0.0
-50.0,50,1983.769497,0.0
-50.0,50,1984.262542,0.0
-50.0,50,1984.751647,0.0
-50.0,50,1985.28127,0.0
-50.0,50,1985.778398,0.0
-50.0,50,1986.270707,0.0
-50.0,50,1986.750655,0.0
-50.0,50,1987.251477,0.0
-50.0,50,1987.741384,0.0
-50.0,50,1988.227103,0.0
-50.0,50,1988.704531,0.0
-50.0,50,1989.209801,0.0
-50.0,50,1989.695668,0.0
-50.0,50,1990.190928,0.0
-50.0,50,1990.684798,0.0
-50.0,50,1991.193535,0.0
-50.0,50,1991.687744,0.0
-50.0,50,1992.182769,0.0
-50.0,50,1992.676652,0.0
-50.0,50,1993.190709,0.0
-50.0,50,1993.680952,0.0
-50.0,50,1994.163662,0.0
-50.0,50,1994.65784,0.0
-50.0,50,1995.167386,0.0
-50.0,50,1995.64816,0.0
-50.0,50,1996.128012,0.0
-50.0,50,1996.617493,0.0
0.0,50,1997.116751,1.0
-50.0,50,1997.599521,0.0
-50.0,50,1998.087662,0.0
-50.0,50,1998.566496,0.0
-50.0,50,1999.073776,0.0
-50.0,50,1999.559153,0.0
-50.0,50,2000.052978,0.0
-50.0,50,2000.53841,0.0
-50.0,50,2001.035667,0.0
0.0,50,2001.521881,1.0
-50.0,50,2002.006356,0.0
-50.0,50,2002.490213,0.0
-50.0,50,2002.998631,0.0
-50.0,50,2003.488807,0.0
-50.0,50,2003.972698,0.0
0.0,50,2004.458199,1.0
-50.0,50,2004.966734,0.0
-50.0,50,2005.462387,0.0
-50.0,50,2005.946436,0.0
-50.0,50,2006.42871,0.0
-50.0,50,2006.944793,0.0
-50.0,50,2007.425685,0.0
-50.0,50,2007.919395,0.0
-50.0,50,2008.402044,0.0
-50.0,50,2008.91587,0.0
-50.0,50,2009.406699,0.0
-50.0,50,2009.900791,0.0
-50.0,50,2010.395184,0.0
-50.0,50,2010.896351,0.0
-50.0,50,2011.377071,0.0
-50.0,50,2011.862832,0.0
-50.0,50,2012.368399,0.0
-50.0,50,2012.881312,0.0
-50.0,50,2013.374959,0.0
-50.0,50,2013.866947,0.0
-50.0,50,2014.362552,0.0
-50.0,50,2014.870876,0.0
-50.0,50,2015.358364,0.0
-50.0,50,2015.853101,0.0
-50.0,50,2016.336373,0.0
-50.0,50,2016.837633,0.0
-50.0,50,2017.327956,0.0
-50.0,50,2017.807132,0.0
-50.0,50,2018.290946,0.0
-50.0,50,2018.803708,0.0
-50.0,50,2019.297946,0.0
-50.0,50,2019.793223,0.0
-50.0,50,2020.288277,0.0
-50.0,50,2020.801766,0.0
-50.0,50,2021.295561,0.0
-50.0,50,2021.792139,0.0
-50.0,50,2022.278274,0.0
-50.0,50,2022.785626,0.0
0.0,50,2023.278217,1.0
0.0,50,2023.789212,1.0
-50.0,50,2024.276545,0.0
-50.0,50,2024.782611,0.0
-50.0,50,2025.278666,0.0
-50.0,50,2025.773226,0.0
-50.0,50,2026.255609,0.0
-50.0,50,2026.754964,0.0
-50.0,50,2027.235839,0.0
0.0,50,2027.722494,1.0
-50.0,50,2028.1974,0.0
-50.0,50,2028.682485,0.0
-50.0,50,2029.168676,0.0
-50.0,50,2029.64239,0.0
-50.0,50,2030.119987,0.0
-50.0,50,2030.615482,0.0
0.0,50,2031.094123,1.0
0.0,50,2031.577955,1.0
-50.0,50,2032.064677,0.0
-50.0,50,2032.549898,0.0
-50.0,50,2033.023177,0.0
-50.0,50,2033.496078,0.0
-50.0,50,2033.96898,0.0
-50.0,50,2034.463793,0.0
-50.0,50,2034.942011,0.0
-50.0,50,2035.414762,0.0
-50.0,50,2035.896783,0.0
-50.0,50,2036.39538,0.0
-50.0,50,2036.870895,0.0
-50.0,50,2037.353869,0.0
-50.0,50,2037.837923,0.0
-50.0,50,2038.323996,0.0
-50.0,50,2038.808932,0.0
-50.0,50,2039.28189,0.0
-50.0,50,2039.760751,0.0
-50.0,50,2040.253081,0.0
-50.0,50,2040.739856,0.0
-50.0,50,2041.218276,0.0
-50.0,50,2041.690987,0.0
-50.0,50,2042.195647,0.0
0.0,50,2042.667737,1.0
-50.0,50,2043.141444,0.0
-50.0,50,2043.621599,0.0
-50.0,50,2044.116544,0.0
-50.0,50,2044.597872,0.0
-50.0,50,2045.081608,0.0
-50.0,50,2045.5697,0.0
-50.0,50,2046.067593,0.0
-50.0,50,2046.548803,0.0
-50.0,50,2047.02245,0.0
-50.0,50,2047.508837,0.0
-50.0,50,2047.993947,0.0
0.0,50,2048.475931,1.0
-50.0,50,2048.956652,0.0
-50.0,50,2049.432569,0.0
-50.0,50,2049.918754,0.0
-50.0,50,2050.392648,0.0
-50.0,50,2050.865591,0.0
-50.0,50,2051.338972,0.0
-50.0,50,2051.826943,0.0
-50.0,50,2052.30584,0.0
-50.0,50,2052.791678,0.0
-50.0,50,2053.267519,0.0
-50.0,50,2056.014805,0.0
-50.0,50,2056.496592,0.0
-50.0,50,2056.978548,0.0
0.0,50,2057.471996,1.0
-50.0,50,2057.967836,0.0
-50.0,50,2058.4447,0.0
-50.0,50,2058.918508,0.0
-50.0,50,2059.405219,0.0
-50.0,50,2059.895714,0.0
-50.0,50,2060.36957,0.0
-50.0,50,2060.854908,0.0
-50.0,50,2061.336104,0.0
-50.0,50,2061.835971,0.0
-50.0,50,2062.316531,0.0
-50.0,50,2062.791726,0.0
-50.0,50,2063.275598,0.0
-50.0,50,2063.786783,0.0
-50.0,50,2064.272511,0.0
-50.0,50,2064.753996,0.0
-50.0,50,2065.234522,0.0
-50.0,50,2065.71789,0.0
-50.0,50,2066.190401,0.0
-50.0,50,2066.664545,0.0
-50.0,50,2067.147195,0.0
-50.0,50,2067.645471,0.0
0.0,50,2068.124664,1.0
-50.0,50,2068.613541,0.0
0.0,50,2069.101852,1.0
0.0,50,2069.595128,1.0
-50.0,50,2070.083735,0.0
-50.0,50,2070.557769,0.0
-50.0,50,2071.042876,0.0
-50.0,50,2071.539888,0.0
0.0,50,2072.020292,1.0
-50.0,50,2072.492747,0.0
-50.0,50,2072.968917,0.0
-50.0,50,2073.475112,0.0
-50.0,50,2073.957595,0.0
-50.0,50,2074.435048,0.0
-50.0,50,2074.923851,0.0
-50.0,50,2075.422302,0.0
-50.0,50,2075.900695,0.0
-50.0,50,2076.379779,0.0
-50.0,50,2076.868899,0.0
-50.0,50,2077.367567,0.0
-50.0,50,2077.850848,0.0
-50.0,50,2078.336017,0.0
-50.0,50,2078.824982,0.0
-50.0,50,2079.319133,0.0
-50.0,50,2079.80915,0.0
-50.0,50,2080.288393,0.0
-50.0,50,2080.778024,0.0
-50.0,50,2081.277227,0.0
-50.0,50,2081.756233,0.0
-50.0,50,2082.237873,0.0
-50.0,50,2082.718057,0.0
-50.0,50,2083.222873,0.0
-50.0,50,2083.710497,0.0
-50.0,50,2084.19164,0.0
-50.0,50,2084.676782,0.0
-50.0,50,2085.171399,0.0
-50.0,50,2085.65102,0.0
-50.0,50,2086.130088,0.0
-50.0,50,2086.604784,0.0
-50.0,50,2087.097465,0.0
-50.0,50,2087.582833,0.0
-50.0,50,2088.057504,0.0
-50.0,50,2088.530902,0.0
-50.0,50,2089.027992,0.0
-50.0,50,2089.510587,0.0
-50.0,50,2089.984257,0.0
-50.0,50,2090.465756,0.0
-50.0,50,2090.965651,0.0
-50.0,50,2091.45816,0.0
0.0,50,2091.948987,1.0
-50.0,50,2092.428894,0.0
-50.0,50,2092.937992,0.0
-50.0,50,2093.44113,0.0
-50.0,50,2093.931712,0.0
-50.0,50,2094.427896,0.0
-50.0,50,2094.929914,0.0
-50.0,50,2095.412907,0.0
-50.0,50,2095.905309,0.0
-50.0,50,2096.397606,0.0
-50.0,50,2096.89317,0.0
-50.0,50,2097.367443,0.0
-50.0,50,2097.840676,0.0
-50.0,50,2098.325661,0.0
-50.0,50,2098.824773,0.0
0.0,50,2099.314753,1.0
-50.0,50,2099.803645,0.0
-50.0,50,2100.286549,0.0
-50.0,50,2100.791981,0.0
-50.0,50,2101.276304,0.0
-50.0,50,2101.761142,0.0
-50.0,50,2102.241906,0.0
-50.0,50,2102.743109,0.0
-50.0,50,2103.230829,0.0
-50.0,50,2103.708621,0.0
-50.0,50,2104.19548,0.0
-50.0,50,2104.692151,0.0
-50.0,50,2105.177657,0.0
-50.0,50,2105.669663,0.0
-50.0,50,2106.152587,0.0
-50.0,50,2106.649627,0.0
-50.0,50,2107.134565,0.0
-50.0,50,2107.620741,0.0
-50.0,50,2108.10105,0.0
-50.0,50,2108.598721,0.0
-50.0,50,2109.077976,0.0
-50.0,50,2109.565892,0.0
-50.0,50,2110.04094,0.0
-50.0,50,2110.530707,0.0
-50.0,50,2111.011016,0.0
-50.0,50,2111.486927,0.0
-50.0,50,2111.95875,0.0
-50.0,50,2112.460647,0.0
-50.0,50,2112.9433,0.0
-50.0,50,2113.417345,0.0
-50.0,50,2113.890587,0.0
-50.0,50,2114.386594,0.0
-50.0,50,2114.863827,0.0
-50.0,50,2115.338061,0.0
-50.0,50,2115.820932,0.0
-50.0,50,2116.315647,0.0
-50.0,50,2116.790853,0.0
-50.0,50,2117.272763,0.0
0.0,50,2117.759713,1.0
-50.0,50,2118.258582,0.0
-50.0,50,2118.74437,0.0
-50.0,50,2119.238921,0.0
-50.0,50,2119.72665,0.0
-50.0,50,2120.223599,0.0
-50.0,50,2120.709637,0.0
-50.0,50,2121.193909,0.0
-50.0,50,2121.672321,0.0
-50.0,50,2122.172697,0.0
-50.0,50,2122.657297,0.0
-50.0,50,2123.122377,0.0
-50.0,50,2123.58657,0.0
-50.0,50,2124.071591,0.0
-50.0,50,2124.537543,0.0
-50.0,50,2125.070467,0.0
-50.0,50,2126.202369,0.0
-50.0,50,2127.301368,0.0
-50.0,50,2128.374196,0.0
-50.0,50,2129.449174,0.0
-50.0,50,2130.518892,0.0
-50.0,50,2131.637154,0.0
-50.0,50,2132.766254,0.0
-50.0,50,2133.852978,0.0
-50.0,50,2134.922596,0.0
-50.0,50,2136.061198,0.0
-50.0,50,2137.147516,0.0
-50.0,50,2138.221697,0.0
-50.0,50,2139.302125,0.0
0.0,50,2140.378648,1.0
-50.0,50,2141.439481,0.0
-50.0,50,2142.519758,0.0
-50.0,50,2143.592005,0.0
-50.0,50,2144.658188,0.0
-50.0,50,2145.714025,0.0
-50.0,50,2146.805684,0.0
-50.0,50,2147.939536,0.0
-50.0,50,2149.027372,0.0
-50.0,50,2149.549991,0.0
-50.0,50,2150.042341,0.0
-50.0,50,2150.527837,0.0
-50.0,50,2151.027548,0.0
0.0,50,2151.504989,1.0
-50.0,50,2151.981782,0.0
-50.0,50,2152.459514,0.0
-50.0,50,2152.961325,0.0
-50.0,50,2153.442703,0.0
0.0,50,2153.916977,1.0
-50.0,50,2154.395401,0.0
0.0,50,2154.887007,1.0
0.0,50,2155.368535,1.0
-50.0,50,2155.851507,0.0
-50.0,50,2156.333841,0.0
-50.0,50,2156.835546,0.0
0.0,50,2157.313934,1.0
-50.0,50,2157.792384,0.0
-50.0,50,2158.282087,0.0
-50.0,50,2158.7795,0.0
-50.0,50,2159.270569,0.0
-50.0,50,2159.76376,0.0
-50.0,50,2160.247685,0.0
-50.0,50,2160.759645,0.0
-50.0,50,2161.24105,0.0
-50.0,50,2161.730842,0.0
-50.0,50,2162.212475,0.0
-50.0,50,2162.715905,0.0
-50.0,50,2163.193506,0.0
-50.0,50,2163.669997,0.0
-50.0,50,2164.147906,0.0
-50.0,50,2164.634498,0.0
-50.0,50,2165.124231,0.0
-50.0,50,2165.60638,0.0
-50.0,50,2166.081829,0.0
-50.0,50,2168.887741,0.0
-50.0,50,2169.376497,0.0
-50.0,50,2169.855848,0.0
-50.0,50,2170.35205,0.0
-50.0,50,2170.85602,0.0
-50.0,50,2171.345217,0.0
-50.0,50,2171.840033,0.0
-50.0,50,2172.337394,0.0
-50.0,50,2172.846056,0.0
-50.0,50,2173.374545,0.0
-50.0,50,2173.85388,0.0
-50.0,50,2174.330116,0.0
-50.0,50,2174.831337,0.0
-50.0,50,2175.314939,0.0
-50.0,50,2175.800368,0.0
0.0,50,2176.283575,1.0
-50.0,50,2176.793776,0.0
-50.0,50,2177.27598,0.0
-50.0,50,2177.762113,0.0
-50.0,50,2178.2514,0.0
-50.0,50,2178.747965,0.0
-50.0,50,2179.233869,0.0
-50.0,50,2179.708499,0.0
0.0,50,2180.203605,1.0
-50.0,50,2180.708679,0.0
-50.0,50,2181.203202,0.0
-50.0,50,2181.692304,0.0
-50.0,50,2182.177701,0.0
-50.0,50,2182.672094,0.0
-50.0,50,2183.1586,0.0
-50.0,50,2183.670714,0.0
0.0,50,2184.177506,1.0
-50.0,50,2184.683232,0.0
-50.0,50,2185.168392,0.0
-50.0,50,2185.655866,0.0
-50.0,50,2186.145868,0.0
-50.0,50,2186.64076,0.0
0.0,50,2187.127172,1.0
-50.0,50,2187.615499,0.0
-50.0,50,2188.103291,0.0
-50.0,50,2188.610245,0.0
-50.0,50,2189.093833,0.0
0.0,50,2189.594111,1.0
-50.0,50,2190.084116,0.0
-50.0,50,2190.578648,0.0
-50.0,50,2191.074557,0.0
-50.0,50,2191.556442,0.0
-50.0,50,2192.052395,0.0
-50.0,50,2192.554118,0.0
-50.0,50,2193.035107,0.0
-50.0,50,2193.524269,0.0
0.0,50,2194.006255,1.0
-50.0,50,2194.525672,0.0
-50.0,50,2195.007079,0.0
-50.0,50,2195.492899,0.0
0.0,50,2195.970509,1.0
-50.0,50,2196.478467,0.0
0.0,50,2196.967829,1.0
-50.0,50,2197.465234,0.0
-50.0,50,2197.942778,0.0
-50.0,50,2198.444934,0.0
-50.0,50,2198.931385,0.0
-50.0,50,2199.419998,0.0
-50.0,50,2199.90063,0.0
-50.0,50,2200.414712,0.0
-50.0,50,2200.89886,0.0
-50.0,50,2201.389943,0.0
-50.0,50,2201.888755,0.0
-50.0,50,2202.401991,0.0
-50.0,50,2202.883923,0.0
-50.0,50,2203.380172,0.0
-50.0,50,2203.883066,0.0
-50.0,50,2204.408375,0.0
-50.0,50,2204.902586,0.0
-50.0,50,2205.394111,0.0
-50.0,50,2205.887818,0.0
-50.0,50,2206.389597,0.0
-50.0,50,2206.868684,0.0
-50.0,50,2207.348442,0.0
-50.0,50,2207.832078,0.0
-50.0,50,2208.336448,0.0
-50.0,50,2208.809346,0.0
-50.0,50,2209.287875,0.0
-50.0,50,2209.781129,0.0
0.0,50,2210.271034,1.0
-50.0,50,2210.751896,0.0
-50.0,50,2211.23564,0.0
-50.0,50,2211.728885,0.0
-50.0,50,2212.232886,0.0
-50.0,50,2212.709877,0.0
-50.0,50,2213.197987,0.0
-50.0,50,2213.679933,0.0
-50.0,50,2214.168865,0.0
-50.0,50,2214.644551,0.0
-50.0,50,2215.11858,0.0
-50.0,50,2215.592268,0.0
-50.0,50,2216.078488,0.0
-50.0,50,2216.557824,0.0
-50.0,50,2217.036046,0.0
-50.0,50,2217.508927,0.0
-50.0,50,2217.994465,0.0
-50.0,50,2218.475543,0.0
-50.0,50,2218.995067,0.0
-50.0,50,2219.484611,0.0
-50.0,50,2220.019486,0.0
-50.0,50,2220.508574,0.0
-50.0,50,2221.005517,0.0
-50.0,50,2221.508722,0.0
-50.0,50,2221.99941,0.0
-50.0,50,2222.478806,0.0
-50.0,50,2222.962281,0.0
-50.0,50,2223.445192,0.0
-50.0,50,2223.951922,0.0
-50.0,50,2224.427954,0.0
-50.0,50,2224.920681,0.0
-50.0,50,2225.406796,0.0
-50.0,50,2225.917541,0.0
-50.0,50,2226.390945,0.0
-50.0,50,2226.864994,0.0
-50.0,50,2227.346802,0.0
-50.0,50,2227.851342,0.0
-50.0,50,2228.326668,0.0
-50.0,50,2228.811865,0.0
-50.0,50,2229.288219,0.0
-50.0,50,2229.791663,0.0
-50.0,50,2230.280361,0.0
-50.0,50,2230.759281,0.0
-50.0,50,2231.243935,0.0
-50.0,50,2231.758754,0.0
-50.0,50,2232.230672,0.0
-50.0,50,2232.711121,0.0
-50.0,50,2233.202901,0.0
-50.0,50,2233.699057,0.0
-50.0,50,2234.181826,0.0
-50.0,50,2234.666747,0.0
-50.0,50,2235.152474,0.0
-50.0,50,2235.650114,0.0
-50.0,50,2236.142915,0.0
-50.0,50,2236.630756,0.0
-50.0,50,2237.113091,0.0
-50.0,50,2237.603646,0.0
-50.0,50,2238.09041,0.0
-50.0,50,2238.569919,0.0
-50.0,50,2239.051683,0.0
-50.0,50,2239.546365,0.0
-50.0,50,2240.033018,0.0
-50.0,50,2240.520802,0.0
-50.0,50,2240.997748,0.0
0.0,50,2241.504877,1.0
-50.0,50,2241.984287,0.0
-50.0,50,2242.474779,0.0
-50.0,50,2242.956939,0.0
-50.0,50,2243.449885,0.0
-50.0,50,2243.922261,0.0
-50.0,50,2244.392914,0.0
0.0,50,2244.868844,1.0
-50.0,50,2245.368814,0.0
-50.0,50,2245.849875,0.0
-50.0,50,2246.333824,0.0
-50.0,50,2246.810234,0.0
-50.0,50,2247.314118,0.0
-50.0,50,2247.799608,0.0
-50.0,50,2248.290103,0.0
-50.0,50,2248.777956,0.0
-50.0,50,2249.280993,0.0
-50.0,50,2249.766924,0.0
-50.0,50,2250.258183,0.0
-50.0,50,2250.73523,0.0
-50.0,50,2251.246734,0.0
-50.0,50,2251.733948,0.0
-50.0,50,2252.224355,0.0
-50.0,50,2252.710622,0.0
0.0,50,2253.21939,1.0
-50.0,50,2253.698025,0.0
-50.0,50,2254.181577,0.0
-50.0,50,2254.666908,0.0
-50.0,50,2255.173287,0.0
-50.0,50,2255.652477,0.0
-50.0,50,2256.147654,0.0
-50.0,50,2256.643261,0.0
0.0,50,2257.144327,1.0
0.0,50,2257.626926,1.0
-50.0,50,2258.116166,0.0
-50.0,50,2258.607094,0.0
-50.0,50,2259.113323,0.0
-50.0,50,2259.590345,0.0
-50.0,50,2260.071311,0.0
-50.0,50,2260.55385,0.0
-50.0,50,2261.055614,0.0
-50.0,50,2261.536402,0.0
-50.0,50,2262.018391,0.0
-50.0,50,2262.494907,0.0
-50.0,50,2262.996488,0.0
-50.0,50,2263.473038,0.0
-50.0,50,2263.956576,0.0
-50.0,50,2264.442087,0.0
-50.0,50,2264.945404,0.0
-50.0,50,2265.429784,0.0
-50.0,50,2265.910482,0.0
0.0,50,2266.385832,1.0
-50.0,50,2269.13728,0.0
-50.0,50,2269.62184,0.0
-50.0,50,2270.103199,0.0
-50.0,50,2270.5869,0.0
-50.0,50,2271.089044,0.0
-50.0,50,2271.57399,0.0
-50.0,50,2272.04882,0.0
-50.0,50,2272.535872,0.0
-50.0,50,2273.036311,0.0
-50.0,50,2273.513634,0.0
-50.0,50,2274.005355,0.0
-50.0,50,2274.492171,0.0
-50.0,50,2274.9824,0.0
-50.0,50,2275.473859,0.0
-50.0,50,2275.962037,0.0
-50.0,50,2276.440333,0.0
-50.0,50,2276.944603,0.0
-50.0,50,2277.440334,0.0
-50.0,50,2277.92288,0.0
-50.0,50,2278.402681,0.0
-50.0,50,2278.899474,0.0
-50.0,50,2279.385879,0.0
-50.0,50,2279.878153,0.0
-50.0,50,2280.374254,0.0
-50.0,50,2280.878622,0.0
-50.0,50,2281.365416,0.0
-50.0,50,2281.88974,0.0
-50.0,50,2282.426302,0.0
-50.0,50,2282.963287,0.0
-50.0,50,2283.493008,0.0
-50.0,50,2283.991707,0.0
-50.0,50,2284.493742,0.0
-50.0,50,2285.004754,0.0
-50.0,50,2285.483989,0.0
0.0,50,2285.959546,1.0
-50.0,50,2286.456096,0.0
-50.0,50,2286.952034,0.0
-50.0,50,2287.428688,0.0
-50.0,50,2287.911511,0.0
-50.0,50,2288.395544,0.0
-50.0,50,2288.893895,0.0
-50.0,50,2289.40065,0.0
0.0,50,2289.90025,1.0
0.0,50,2290.383162,1.0
-50.0,50,2290.89524,0.0
-50.0,50,2291.397335,0.0
-50.0,50,2291.887537,0.0
-50.0,50,2292.371995,0.0
-50.0,50,2292.885377,0.0
-50.0,50,2293.379679,0.0
-50.0,50,2293.868657,0.0
-50.0,50,2294.369674,0.0
-50.0,50,2294.892489,0.0
-50.0,50,2295.397033,0.0
-50.0,50,2295.878674,0.0
-50.0,50,2296.353825,0.0
-50.0,50,2296.859986,0.0
-50.0,50,2297.347498,0.0
-50.0,50,2297.836178,0.0
-50.0,50,2298.311374,0.0
0.0,50,2298.808275,1.0
-50.0,50,2299.287487,0.0
-50.0,50,2299.771375,0.0
-50.0,50,2300.255965,0.0
-50.0,50,2300.763368,0.0
-50.0,50,2301.247208,0.0
-50.0,50,2301.721949,0.0
-50.0,50,2302.194799,0.0
-50.0,50,2302.681287,0.0
-50.0,50,2303.158283,0.0
-50.0,50,2303.642821,0.0
-50.0,50,2304.121953,0.0
-50.0,50,2304.633631,0.0
-50.0,50,2305.126181,0.0
0.0,50,2305.615378,1.0
-50.0,50,2306.094718,0.0
-50.0,50,2306.604185,0.0
0.0,50,2307.087715,1.0
-50.0,50,2307.572068,0.0
-50.0,50,2308.059613,0.0
-50.0,50,2308.566176,0.0
-50.0,50,2309.056902,0.0
-50.0,50,2309.536771,0.0
-50.0,50,2310.025092,0.0
-50.0,50,2310.556843,0.0
-50.0,50,2311.035843,0.0
-50.0,50,2311.527801,0.0
0.0,50,2312.02248,1.0
-50.0,50,2312.529423,0.0
-50.0,50,2313.028025,0.0
-50.0,50,2313.513436,0.0
-50.0,50,2314.005837,0.0
-50.0,50,2314.513754,0.0
-50.0,50,2314.995083,0.0
-50.0,50,2315.48727,0.0
-50.0,50,2315.965766,0.0
-50.0,50,2316.460304,0.0
-50.0,50,2316.940011,0.0
-50.0,50,2317.432069,0.0
-50.0,50,2317.912053,0.0
-50.0,50,2318.418969,0.0
-50.0,50,2318.916533,0.0
-50.0,50,2319.396918,0.0
-50.0,50,2319.876351,0.0
-50.0,50,2320.377132,0.0
-50.0,50,2320.875278,0.0
-50.0,50,2321.354438,0.0
-50.0,50,2321.85623,0.0
-50.0,50,2322.371894,0.0
-50.0,50,2322.850242,0.0
-50.0,50,2323.340203,0.0
-50.0,50,2323.82605,0.0
-50.0,50,2324.337854,0.0
-50.0,50,2324.81511,0.0
-50.0,50,2325.294835,0.0
-50.0,50,2325.784486,0.0
-50.0,50,2326.282008,0.0
-50.0,50,2326.764498,0.0
0.0,50,2327.256487,1.0
-50.0,50,2327.735976,0.0
-50.0,50,2328.233412,0.0
-50.0,50,2328.714983,0.0
-50.0,50,2329.203314,0.0
-50.0,50,2329.685574,0.0
-50.0,50,2330.184137,0.0
-50.0,50,2330.66243,0.0
-50.0,50,2331.143385,0.0
-50.0,50,2331.621041,0.0
-50.0,50,2332.12088,0.0
-50.0,50,2332.600736,0.0
-50.0,50,2333.080133,0.0
-50.0,50,2333.577602,0.0
-50.0,50,2334.090232,0.0
-50.0,50,2334.579011,0.0
-50.0,50,2335.058098,0.0
-50.0,50,2335.554845,0.0
-50.0,50,2336.055176,0.0
-50.0,50,2336.532424,0.0
0.0,50,2337.02922,1.0
-50.0,50,2337.509148,0.0
-50.0,50,2338.003259,0.0
-50.0,50,2338.492118,0.0
-50.0,50,2338.978674,0.0
-50.0,50,2339.460613,0.0
-50.0,50,2339.975951,0.0
-50.0,50,2340.457041,0.0
-50.0,50,2340.948714,0.0
-50.0,50,2341.439181,0.0
0.0,50,2341.946422,1.0
-50.0,50,2342.445546,0.0
-50.0,50,2342.925493,0.0
0.0,50,2343.41732,1.0
-50.0,50,2343.921154,0.0
-50.0,50,2344.402144,0.0
-50.0,50,2344.902342,0.0
-50.0,50,2345.397536,0.0
-50.0,50,2345.895676,0.0
-50.0,50,2346.375427,0.0
0.0,50,2346.855183,1.0
-50.0,50,2347.348943,0.0
0.0,50,2347.865868,1.0
-50.0,50,2348.344175,0.0
-50.0,50,2348.826582,0.0
0.0,50,2349.322824,1.0
-50.0,50,2349.828603,0.0
-50.0,50,2350.321811,0.0
-50.0,50,2350.813893,0.0
-50.0,50,2351.301736,0.0
-50.0,50,2351.797335,0.0
-50.0,50,2352.279541,0.0
-50.0,50,2352.766241,0.0
-50.0,50,2353.243632,0.0
-50.0,50,2353.737709,0.0
-50.0,50,2354.224254,0.0
-50.0,50,2354.712219,0.0
-50.0,50,2355.19368,0.0
-50.0,50,2355.68973,0.0
-50.0,50,2356.184777,0.0
-50.0,50,2356.678214,0.0
-50.0,50,2357.169085,0.0
-50.0,50,2357.666039,0.0
-50.0,50,2358.152089,0.0
-50.0,50,2358.632483,0.0
-50.0,50,2359.116512,0.0
-50.0,50,2359.626954,0.0
-50.0,50,2360.107788,0.0
-50.0,50,2360.588116,0.0
-50.0,50,2361.067337,0.0
-50.0,50,2361.591233,0.0
0.0,50,2362.069235,1.0
-50.0,50,2362.548925,0.0
-50.0,50,2363.040709,0.0
-50.0,50,2363.551742,0.0
-50.0,50,2364.043989,0.0
-50.0,50,2364.53048,0.0
-50.0,50,2365.009311,0.0
-50.0,50,2365.505215,0.0
-50.0,50,2365.999471,0.0
-50.0,50,2366.479193,0.0
-50.0,50,2366.958436,0.0
-50.0,50,2369.715015,0.0
-50.0,50,2370.208544,0.0
-50.0,50,2370.700414,0.0
-50.0,50,2371.177518,0.0
-50.0,50,2371.677805,0.0
-50.0,50,2372.171814,0.0
-50.0,50,2372.66736,0.0
-50.0,50,2373.153547,0.0
-50.0,50,2373.675836,0.0
0.0,50,2374.162751,1.0
-50.0,50,2374.640647,0.0
-50.0,50,2375.1276,0.0
-50.0,50,2375.626771,0.0
0.0,50,2376.112916,1.0
-50.0,50,2376.592139,0.0
-50.0,50,2377.061544,0.0
0.0,50,2377.547713,1.0
-50.0,50,2378.046299,0.0
-50.0,50,2378.529682,0.0
-50.0,50,2379.011949,0.0
0.0,50,2379.49581,1.0
-50.0,50,2379.977992,0.0
-50.0,50,2380.452888,0.0
-50.0,50,2380.938879,0.0
-50.0,50,2381.441147,0.0
-50.0,50,2381.93319,0.0
0.0,50,2382.434726,1.0
-50.0,50,2382.927289,0.0
-50.0,50,2383.427209,0.0
-50.0,50,2383.915702,0.0
-50.0,50,2384.394114,0.0
-50.0,50,2384.886646,0.0
-50.0,50,2385.397609,0.0
-50.0,50,2385.887202,0.0
-50.0,50,2386.373133,0.0
-50.0,50,2386.855947,0.0
-50.0,50,2387.356455,0.0
-50.0,50,2387.839227,0.0
-50.0,50,2388.321363,0.0
0.0,50,2388.817894,1.0
-50.0,50,2389.32051,0.0
-50.0,50,2389.811462,0.0
-50.0,50,2390.290713,0.0
-50.0,50,2390.779696,0.0
-50.0,50,2391.277518,0.0
-50.0,50,2391.766311,0.0
-50.0,50,2392.256839,0.0
-50.0,50,2392.749392,0.0
-50.0,50,2393.253186,0.0
-50.0,50,2393.730668,0.0
-50.0,50,2394.220995,0.0
-50.0,50,2394.711921,0.0
-50.0,50,2395.222225,0.0
-50.0,50,2395.698361,0.0
-50.0,50,2396.179333,0.0
-50.0,50,2396.648911,0.0
-50.0,50,2397.151982,0.0
-50.0,50,2397.634278,0.0
-50.0,50,2398.117422,0.0
-50.0,50,2398.597536,0.0
-50.0,50,2399.092878,0.0
-50.0,50,2399.577676,0.0
0.0,50,2400.057122,1.0
-50.0,50,2400.540405,0.0
-50.0,50,2401.034865,0.0
-50.0,50,2401.507163,0.0
0.0,50,2401.991461,1.0
-50.0,50,2402.469884,0.0
-50.0,50,2402.957477,0.0
-50.0,50,2403.437002,0.0
-50.0,50,2403.909867,0.0
-50.0,50,2404.384693,0.0
-50.0,50,2404.880657,0.0
-50.0,50,2405.363344,0.0
-50.0,50,2405.844114,0.0
-50.0,50,2406.334334,0.0
-50.0,50,2406.828596,0.0
-50.0,50,2407.30272,0.0
-50.0,50,2407.785104,0.0
-50.0,50,2408.271368,0.0
-50.0,50,2408.765905,0.0
-50.0,50,2409.25375,0.0
-50.0,50,2409.737699,0.0
-50.0,50,2410.224298,0.0
-50.0,50,2410.720014,0.0
-50.0,50,2411.207796,0.0
-50.0,50,2411.692069,0.0
-50.0,50,2412.166052,0.0
-50.0,50,2412.663613,0.0
0.0,50,2413.144322,1.0
-50.0,50,2413.632094,0.0
-50.0,50,2414.115725,0.0
-50.0,50,2414.614799,0.0
-50.0,50,2415.088999,0.0
-50.0,50,2415.563636,0.0
-50.0,50,2416.044318,0.0
-50.0,50,2416.544137,0.0
-50.0,50,2417.031426,0.0
-50.0,50,2417.516614,0.0
-50.0,50,2418.00804,0.0
-50.0,50,2418.514679,0.0
-50.0,50,2418.989848,0.0
-50.0,50,2419.466286,0.0
-50.0,50,2419.9443,0.0
-50.0,50,2420.436267,0.0
-50.0,50,2420.914476,0.0
-50.0,50,2421.397848,0.0
-50.0,50,2421.876238,0.0
-50.0,50,2422.373418,0.0
-50.0,50,2422.847581,0.0
-50.0,50,2423.324743,0.0
-50.0,50,2423.794781,0.0
-50.0,50,2424.284683,0.0
-50.0,50,2424.757365,0.0
-50.0,50,2425.233376,0.0
-50.0,50,2425.711384,0.0
-50.0,50,2426.20532,0.0
-50.0,50,2426.67848,0.0
-50.0,50,2427.154181,0.0
-50.0,50,2427.635417,0.0
-50.0,50,2428.122655,0.0
-50.0,50,2428.599417,0.0
-50.0,50,2429.081566,0.0
-50.0,50,2429.559898,0.0
-50.0,50,2430.049195,0.0
-50.0,50,2430.522632,0.0
-50.0,50,2431.000684,0.0
-50.0,50,2431.47069,0.0
-50.0,50,2431.972745,0.0
-50.0,50,2432.450429,0.0
-50.0,50,2432.933688,0.0
0.0,50,2433.431694,1.0
-50.0,50,2433.935611,0.0
-50.0,50,2434.417723,0.0
-50.0,50,2434.902868,0.0
-50.0,50,2435.397989,0.0
-50.0,50,2435.901579,0.0
-50.0,50,2436.390138,0.0
-50.0,50,2436.872199,0.0
-50.0,50,2437.36453,0.0
-50.0,50,2437.868781,0.0
-50.0,50,2438.347435,0.0
-50.0,50,2438.830008,0.0
-50.0,50,2439.306125,0.0
-50.0,50,2439.801264,0.0
-50.0,50,2440.28912,0.0
-50.0,50,2440.775106,0.0
-50.0,50,2441.259124,0.0
-50.0,50,2441.756803,0.0
-50.0,50,2442.242454,0.0
-50.0,50,2442.729351,0.0
-50.0,50,2443.213558,0.0
-50.0,50,2443.715822,0.0
-50.0,50,2444.19138,0.0
-50.0,50,2444.674119,0.0
-50.0,50,2445.159673,0.0
-50.0,50,2445.664027,0.0
-50.0,50,2446.143562,0.0
-50.0,50,2446.630222,0.0
-50.0,50,2447.113205,0.0
-50.0,50,2447.616528,0.0
-50.0,50,2448.103847,0.0
-50.0,50,2448.586691,0.0
-50.0,50,2449.073053,0.0
-50.0,50,2449.568774,0.0
-50.0,50,2450.046478,0.0
-50.0,50,2450.523114,0.0
-50.0,50,2451.01014,0.0
-50.0,50,2451.510867,0.0
-50.0,50,2451.994301,0.0
-50.0,50,2452.47793,0.0
-50.0,50,2452.95994,0.0
-50.0,50,2453.466781,0.0
-50.0,50,2453.953394,0.0
-50.0,50,2454.434703,0.0
-50.0,50,2454.918345,0.0
-50.0,50,2455.420262,0.0
-50.0,50,2455.908814,0.0
-50.0,50,2456.395969,0.0
0.0,50,2456.875688,1.0
-50.0,50,2457.365089,0.0
-50.0,50,2457.84871,0.0
-50.0,50,2458.32846,0.0
-50.0,50,2458.810317,0.0
-50.0,50,2459.302145,0.0
-50.0,50,2459.793782,0.0
-50.0,50,2460.280656,0.0
0.0,50,2460.773751,1.0
-50.0,50,2461.277544,0.0
-50.0,50,2461.759689,0.0
-50.0,50,2462.237178,0.0
-50.0,50,2462.725718,0.0
0.0,50,2463.232183,1.0
-50.0,50,2463.716381,0.0
-50.0,50,2464.202675,0.0
-50.0,50,2464.689676,0.0
-50.0,50,2465.214178,0.0
-50.0,50,2465.697596,0.0
-50.0,50,2466.194375,0.0
-50.0,50,2466.678392,0.0
-50.0,50,2469.553509,0.0
-50.0,50,2470.043444,0.0
-50.0,50,2470.558225,0.0
-50.0,50,2471.046773,0.0
-50.0,50,2471.558431,0.0
-50.0,50,2472.04576,0.0
-50.0,50,2472.536354,0.0
-50.0,50,2473.023099,0.0
-50.0,50,2473.519678,0.0
-50.0,50,2474.006419,0.0
-50.0,50,2474.489943,0.0
-50.0,50,2474.98488,0.0
-50.0,50,2475.496749,0.0
-50.0,50,2475.98022,0.0
-50.0,50,2476.465421,0.0
-50.0,50,2476.951844,0.0
-50.0,50,2477.456245,0.0
-50.0,50,2477.942909,0.0
-50.0,50,2478.424023,0.0
-50.0,50,2478.913435,0.0
-50.0,50,2479.419133,0.0
-50.0,50,2479.91091,0.0
-50.0,50,2480.402301,0.0
-50.0,50,2480.893249,0.0
-50.0,50,2481.407028,0.0
0.0,50,2481.895581,1.0
-50.0,50,2482.38037,0.0
-50.0,50,2482.860552,0.0
-50.0,50,2483.3645,0.0
-50.0,50,2483.853783,0.0
-50.0,50,2484.341771,0.0
-50.0,50,2484.830629,0.0
-50.0,50,2485.332957,0.0
-50.0,50,2485.819962,0.0
-50.0,50,2486.304514,0.0
-50.0,50,2486.787439,0.0
-50.0,50,2487.292287,0.0
-50.0,50,2487.776549,0.0
-50.0,50,2488.265779,0.0
-50.0,50,2488.755049,0.0
-50.0,50,2489.254867,0.0
-50.0,50,2489.746418,0.0
-50.0,50,2490.23195,0.0
-50.0,50,2490.717985,0.0
-50.0,50,2491.223642,0.0
-50.0,50,2491.711067,0.0
-50.0,50,2492.194988,0.0
-50.0,50,2492.681732,0.0
-50.0,50,2493.175057,0.0
-50.0,50,2493.654438,0.0
-50.0,50,2494.133594,0.0
-50.0,50,2494.619555,0.0
-50.0,50,2495.127334,0.0
-50.0,50,2495.625565,0.0
-50.0,50,2496.103704,0.0
-50.0,50,2496.579273,0.0
-50.0,50,2497.085608,0.0
-50.0,50,2497.569901,0.0
-50.0,50,2498.056777,0.0
-50.0,50,2498.542708,0.0
-50.0,50,2499.032558,0.0
0.0,50,2499.514297,1.0
-50.0,50,2499.987891,0.0
-50.0,50,2500.472965,0.0
-50.0,50,2500.963207,0.0
-50.0,50,2501.439395,0.0
-50.0,50,2501.929008,0.0
-50.0,50,2502.400612,0.0
-50.0,50,2502.892774,0.0
-50.0,50,2503.379405,0.0
-50.0,50,2503.866674,0.0
-50.0,50,2504.351473,0.0
-50.0,50,2504.848526,0.0
-50.0,50,2505.324299,0.0
-50.0,50,2505.800246,0.0
-50.0,50,2506.28223,0.0
-50.0,50,2506.777732,0.0
-50.0,50,2507.252786,0.0
-50.0,50,2507.736256,0.0
-50.0,50,2508.224021,0.0
-50.0,50,2508.724272,0.0
-50.0,50,2509.215509,0.0
-50.0,50,2509.691954,0.0
-50.0,50,2510.1666,0.0
-50.0,50,2510.654657,0.0
-50.0,50,2511.127078,0.0
-50.0,50,2511.603374,0.0
-50.0,50,2512.079827,0.0
-50.0,50,2512.586447,0.0
-50.0,50,2513.074273,0.0
-50.0,50,2513.564615,0.0
-50.0,50,2514.089876,0.0
-50.0,50,2514.580398,0.0
-50.0,50,2515.07099,0.0
0.0,50,2515.558626,1.0
-50.0,50,2516.04007,0.0
-50.0,50,2516.535016,0.0
-50.0,50,2517.020928,0.0
-50.0,50,2517.506562,0.0
-50.0,50,2517.99407,0.0
-50.0,50,2518.479738,0.0
-50.0,50,2518.964566,0.0
-50.0,50,2519.449596,0.0
-50.0,50,2519.937787,0.0
-50.0,50,2520.442339,0.0
-50.0,50,2520.924577,0.0
-50.0,50,2521.407029,0.0
-50.0,50,2521.891367,0.0
-50.0,50,2522.395519,0.0
-50.0,50,2522.872608,0.0
-50.0,50,2523.349707,0.0
-50.0,50,2523.831808,0.0
-50.0,50,2524.373655,0.0
-50.0,50,2524.854883,0.0
-50.0,50,2525.348867,0.0
-50.0,50,2525.832366,0.0
-50.0,50,2526.330321,0.0
-50.0,50,2526.812452,0.0
0.0,50,2527.317857,1.0
0.0,50,2527.809474,1.0
-50.0,50,2528.298313,0.0
-50.0,50,2528.772918,0.0
-50.0,50,2529.262102,0.0
-50.0,50,2529.741568,0.0
-50.0,50,2530.246202,0.0
-50.0,50,2530.726411,0.0
-50.0,50,2531.201758,0.0
-50.0,50,2531.69018,0.0
-50.0,50,2532.188366,0.0
0.0,50,2532.68499,1.0
-50.0,50,2533.16153,0.0
-50.0,50,2533.643894,0.0
-50.0,50,2534.143629,0.0
-50.0,50,2534.6332,0.0
-50.0,50,2535.110314,0.0
-50.0,50,2535.599062,0.0
-50.0,50,2536.093182,0.0
-50.0,50,2536.575758,0.0
-50.0,50,2537.057272,0.0
-50.0,50,2537.535823,0.0
-50.0,50,2538.035728,0.0
-50.0,50,2538.522183,0.0
-50.0,50,2539.006922,0.0
-50.0,50,2539.494355,0.0
-50.0,50,2539.992614,0.0
-50.0,50,2540.469763,0.0
-50.0,50,2540.957889,0.0
-50.0,50,2541.446011,0.0
-50.0,50,2541.945293,0.0
-50.0,50,2542.427574,0.0
-50.0,50,2542.922321,0.0
-50.0,50,2543.406279,0.0
-50.0,50,2543.911585,0.0
-50.0,50,2544.400474,0.0
-50.0,50,2544.891364,0.0
-50.0,50,2545.382314,0.0
-50.0,50,2545.883672,0.0
-50.0,50,2546.363016,0.0
-50.0,50,2546.85043,0.0
-50.0,50,2547.338296,0.0
-50.0,50,2547.847792,0.0
-50.0,50,2548.331546,0.0
-50.0,50,2548.812177,0.0
-50.0,50,2549.302091,0.0
-50.0,50,2549.798808,0.0
-50.0,50,2550.280117,0.0
-50.0,50,2550.75876,0.0
-50.0,50,2551.249429,0.0
-50.0,50,2551.749128,0.0
0.0,50,2552.246992,1.0
-50.0,50,2552.740425,0.0
-50.0,50,2553.230837,0.0
0.0,50,2553.735346,1.0
-50.0,50,2554.215074,0.0
-50.0,50,2554.693638,0.0
-50.0,50,2555.1969,0.0
-50.0,50,2555.70743,0.0
-50.0,50,2556.189407,0.0
-50.0,50,2556.678916,0.0
0.0,50,2557.170851,1.0
-50.0,50,2557.677402,0.0
-50.0,50,2558.1562,0.0
-50.0,50,2558.641202,0.0
-50.0,50,2559.129551,0.0
-50.0,50,2559.634325,0.0
-50.0,50,2560.114861,0.0
-50.0,50,2560.603031,0.0
-50.0,50,2561.103824,0.0
-50.0,50,2561.608749,0.0
-50.0,50,2562.091316,0.0
-50.0,50,2562.582886,0.0
-50.0,50,2563.06489,0.0
-50.0,50,2563.576233,0.0
-50.0,50,2564.065368,0.0
-50.0,50,2564.555477,0.0
-50.0,50,2565.043398,0.0
-50.0,50,2565.564647,0.0
-50.0,50,2566.055665,0.0
-50.0,50,2566.544038,0.0
-50.0,50,2567.033294,0.0
0.0,50,2569.868937,1.0
0.0,50,2570.359928,1.0
-50.0,50,2570.838475,0.0
-50.0,50,2571.326557,0.0
-50.0,50,2571.828078,0.0
-50.0,50,2572.307869,0.0
-50.0,50,2572.800019,0.0
-50.0,50,2573.295041,0.0
-50.0,50,2573.812835,0.0
-50.0,50,2574.299283,0.0
-50.0,50,2574.780803,0.0
-50.0,50,2575.265586,0.0
-50.0,50,2575.768762,0.0
-50.0,50,2576.259524,0.0
-50.0,50,2576.748909,0.0
-50.0,50,2577.226897,0.0
-50.0,50,2577.72235,0.0
-50.0,50,2578.212901,0.0
-50.0,50,2578.70423,0.0
0.0,50,2579.186755,1.0
-50.0,50,2579.7054,0.0
-50.0,50,2580.19838,0.0
-50.0,50,2580.691461,0.0
-50.0,50,2581.173339,0.0
-50.0,50,2581.692201,0.0
-50.0,50,2582.199854,0.0
-50.0,50,2582.691394,0.0
-50.0,50,2583.179456,0.0
-50.0,50,2583.682207,0.0
-50.0,50,2584.160706,0.0
-50.0,50,2584.654789,0.0
-50.0,50,2585.155506,0.0
-50.0,50,2585.709657,0.0
-50.0,50,2586.193383,0.0
-50.0,50,2586.680413,0.0
-50.0,50,2587.163691,0.0
-50.0,50,2587.699244,0.0
-50.0,50,2588.18331,0.0
-50.0,50,2588.656821,0.0
-50.0,50,2589.145258,0.0
-50.0,50,2589.666842,0.0
-50.0,50,2590.14646,0.0
-50.0,50,2590.618395,0.0
0.0,50,2591.123875,1.0
-50.0,50,2591.640122,0.0
-50.0,50,2592.11822,0.0
-50.0,50,2592.597409,0.0
-50.0,50,2593.07505,0.0
0.0,50,2593.604673,1.0
-50.0,50,2594.089603,0.0
-50.0,50,2594.569535,0.0
-50.0,50,2595.04971,0.0
-50.0,50,2595.573531,0.0
-50.0,50,2596.056722,0.0
-50.0,50,2596.531638,0.0
0.0,50,2597.024154,1.0
-50.0,50,2597.580246,0.0
-50.0,50,2598.060353,0.0
-50.0,50,2598.533183,0.0
-50.0,50,2599.008514,0.0
-50.0,50,2599.528726,0.0
-50.0,50,2600.013697,0.0
0.0,50,2600.494052,1.0
-50.0,50,2600.984421,0.0
-50.0,50,2601.510004,0.0
-50.0,50,2601.992144,0.0
0.0,50,2602.467068,1.0
-50.0,50,2602.952115,0.0
-50.0,50,2603.460226,0.0
-50.0,50,2603.939453,0.0
-50.0,50,2604.427937,0.0
-50.0,50,2604.913719,0.0
-50.0,50,2605.437936,0.0
-50.0,50,2605.925493,0.0
-50.0,50,2606.412552,0.0
-50.0,50,2606.901367,0.0
-50.0,50,2607.413119,0.0
-50.0,50,2607.896795,0.0
-50.0,50,2608.380284,0.0
0.0,50,2608.861195,1.0
-50.0,50,2609.378018,0.0
0.0,50,2609.870273,1.0
-50.0,50,2610.351097,0.0
-50.0,50,2610.831391,0.0
-50.0,50,2611.340269,0.0
-50.0,50,2611.824977,0.0
-50.0,50,2612.30314,0.0
-50.0,50,2612.786495,0.0
-50.0,50,2613.291569,0.0
-50.0,50,2613.770597,0.0
-50.0,50,2614.24894,0.0
-50.0,50,2614.737376,0.0
-50.0,50,2615.269464,0.0
-50.0,50,2615.74596,0.0
-50.0,50,2616.221741,0.0
-50.0,50,2616.697489,0.0
-50.0,50,2617.214314,0.0
-50.0,50,2617.703508,0.0
0.0,50,2618.188383,1.0
-50.0,50,2618.662908,0.0
-50.0,50,2619.166382,0.0
-50.0,50,2619.653353,0.0
-50.0,50,2620.132742,0.0
0.0,50,2620.610231,1.0
-50.0,50,2621.14238,0.0
-50.0,50,2621.615361,0.0
-50.0,50,2622.105886,0.0
-50.0,50,2622.596653,0.0
-50.0,50,2623.115549,0.0
-50.0,50,2623.598903,0.0
-50.0,50,2624.079527,0.0
-50.0,50,2624.571551,0.0
-50.0,50,2625.090472,0.0
-50.0,50,2625.57028,0.0
-50.0,50,2626.05687,0.0
-50.0,50,2626.536629,0.0
-50.0,50,2627.066251,0.0
-50.0,50,2627.540433,0.0
-50.0,50,2628.032408,0.0
-50.0,50,2628.517022,0.0
-50.0,50,2629.026926,0.0
-50.0,50,2629.516438,0.0
-50.0,50,2630.004967,0.0
-50.0,50,2630.488928,0.0
-50.0,50,2631.00555,0.0
-50.0,50,2631.500337,0.0
-50.0,50,2631.992142,0.0
-50.0,50,2632.485915,0.0
-50.0,50,2633.017664,0.0
-50.0,50,2633.506241,0.0
-50.0,50,2633.990565,0.0
-50.0,50,2634.486445,0.0
-50.0,50,2635.00753,0.0
-50.0,50,2635.503881,0.0
-50.0,50,2636.000466,0.0
-50.0,50,2636.487794,0.0
-50.0,50,2637.003889,0.0
-50.0,50,2637.481164,0.0
-50.0,50,2637.960796,0.0
-50.0,50,2638.45951,0.0
-50.0,50,2638.970115,0.0
-50.0,50,2639.453288,0.0
-50.0,50,2639.942025,0.0
-50.0,50,2640.452268,0.0
-50.0,50,2640.988833,0.0
-50.0,50,2641.48432,0.0
-50.0,50,2641.958101,0.0
-50.0,50,2642.438321,0.0
-50.0,50,2642.963369,0.0
-50.0,50,2643.451244,0.0
-50.0,50,2643.92854,0.0
-50.0,50,2644.397705,0.0
-50.0,50,2644.926763,0.0
-50.0,50,2645.389301,0.0
-50.0,50,2645.862032,0.0
0.0,50,2646.711605,1.0
-50.0,50,2647.864063,0.0
-50.0,50,2648.931375,0.0
-50.0,50,2650.005669,0.0
-50.0,50,2651.09755,0.0
-50.0,50,2652.259542,0.0
-50.0,50,2653.377855,0.0
-50.0,50,2654.484028,0.0
-50.0,50,2655.552589,0.0
-50.0,50,2656.689232,0.0
-50.0,50,2657.777344,0.0
-50.0,50,2658.868502,0.0
-50.0,50,2659.950357,0.0
0.0,50,2661.057091,1.0
-50.0,50,2662.136679,0.0
-50.0,50,2663.26769,0.0
-50.0,50,2664.376093,0.0
-50.0,50,2665.509385,0.0
-50.0,50,2666.584916,0.0
-50.0,50,2667.683474,0.0
-50.0,50,2668.768882,0.0
-50.0,50,2669.299363,0.0
-50.0,50,2669.793895,0.0
-50.0,50,2670.283567,0.0
-50.0,50,2670.76424,0.0
-50.0,50,2671.280609,0.0
-50.0,50,2671.761748,0.0
-50.0,50,2672.247807,0.0
-50.0,50,2672.737467,0.0
-50.0,50,2673.256747,0.0
-50.0,50,2673.748205,0.0
-50.0,50,2674.226548,0.0
-50.0,50,2674.719388,0.0
-50.0,50,2675.249767,0.0
-50.0,50,2675.731699,0.0
-50.0,50,2676.210521,0.0
-50.0,50,2676.700467,0.0
-50.0,50,2677.219487,0.0
-50.0,50,2677.706537,0.0
-50.0,50,2678.195589,0.0
-50.0,50,2678.675967,0.0
-50.0,50,2679.198939,0.0
-50.0,50,2679.681575,0.0
-50.0,50,2680.165718,0.0
-50.0,50,2680.655267,0.0
-50.0,50,2683.440869,0.0
-50.0,50,2683.921353,0.0
-50.0,50,2684.417144,0.0
-50.0,50,2684.904749,0.0
-50.0,50,2685.422775,0.0
-50.0,50,2685.913392,0.0
-50.0,50,2686.405932,0.0
-50.0,50,2686.890826,0.0
-50.0,50,2687.41333,0.0
-50.0,50,2687.904629,0.0
-50.0,50,2688.395442,0.0
-50.0,50,2688.879004,0.0
-50.0,50,2689.401448,0.0
-50.0,50,2689.890795,0.0
-50.0,50,2690.379651,0.0
-50.0,50,2690.869261,0.0
0.0,50,2691.412163,1.0
-50.0,50,2691.896347,0.0
-50.0,50,2692.390811,0.0
-50.0,50,2692.882558,0.0
-50.0,50,2693.394954,0.0
-50.0,50,2693.887868,0.0
-50.0,50,2694.375112,0.0
-50.0,50,2694.860821,0.0
-50.0,50,2695.374316,0.0
-50.0,50,2695.860048,0.0
-50.0,50,2696.337107,0.0
-50.0,50,2696.827637,0.0
-50.0,50,2697.351981,0.0
-50.0,50,2697.829838,0.0
-50.0,50,2698.316225,0.0
-50.0,50,2698.792768,0.0
-50.0,50,2699.305196,0.0
-50.0,50,2699.795828,0.0
-50.0,50,2700.272502,0.0
-50.0,50,2700.762553,0.0
0.0,50,2701.271283,1.0
-50.0,50,2701.754383,0.0
-50.0,50,2702.230491,0.0
-50.0,50,2702.720102,0.0
-50.0,50,2703.224266,0.0
-50.0,50,2703.711879,0.0
-50.0,50,2704.198363,0.0
-50.0,50,2704.68641,0.0
-50.0,50,2705.212831,0.0
-50.0,50,2705.698583,0.0
-50.0,50,2706.17638,0.0
-50.0,50,2706.66123,0.0
-50.0,50,2707.185498,0.0
-50.0,50,2707.672829,0.0
-50.0,50,2708.149286,0.0
-50.0,50,2708.640134,0.0
-50.0,50,2709.163612,0.0
-50.0,50,2709.647046,0.0
-50.0,50,2710.135788,0.0
-50.0,50,2710.622538,0.0
0.0,50,2711.121379,1.0
-50.0,50,2711.607335,0.0
-50.0,50,2712.090736,0.0
-50.0,50,2712.575137,0.0
-50.0,50,2713.084739,0.0
-50.0,50,2713.571404,0.0
-50.0,50,2714.055464,0.0
-50.0,50,2714.543503,0.0
0.0,50,2715.05967,1.0
-50.0,50,2715.544442,0.0
-50.0,50,2716.027035,0.0
-50.0,50,2716.513584,0.0
-50.0,50,2717.03485,0.0
-50.0,50,2717.52718,0.0
-50.0,50,2718.01018,0.0
-50.0,50,2718.499557,0.0
-50.0,50,2719.011539,0.0
-50.0,50,2719.491015,0.0
-50.0,50,2719.979328,0.0
-50.0,50,2720.466869,0.0
-50.0,50,2721.003838,0.0
-50.0,50,2721.494787,0.0
-50.0,50,2721.991084,0.0
-50.0,50,2722.481682,0.0
-50.0,50,2722.992976,0.0
-50.0,50,2723.479332,0.0
-50.0,50,2723.966044,0.0
-50.0,50,2724.45569,0.0
-50.0,50,2724.970673,0.0
-50.0,50,2725.468957,0.0
-50.0,50,2725.967597,0.0
-50.0,50,2726.466934,0.0
-50.0,50,2726.97444,0.0
-50.0,50,2727.451961,0.0
-50.0,50,2727.934763,0.0
-50.0,50,2728.420201,0.0
-50.0,50,2728.95453,0.0
0.0,50,2729.442821,1.0
-50.0,50,2729.931032,0.0
-50.0,50,2730.417231,0.0
-50.0,50,2730.918613,0.0
-50.0,50,2731.39727,0.0
-50.0,50,2731.875418,0.0
-50.0,50,2732.354731,0.0
-50.0,50,2732.862114,0.0
-50.0,50,2733.339442,0.0
-50.0,50,2733.820774,0.0
-50.0,50,2734.300771,0.0
0.0,50,2734.805742,1.0
-50.0,50,2735.295498,0.0
-50.0,50,2735.787313,0.0
-50.0,50,2736.266536,0.0
-50.0,50,2736.762415,0.0
-50.0,50,2737.245333,0.0
-50.0,50,2737.734169,0.0
-50.0,50,2738.219306,0.0
0.0,50,2738.722085,1.0
-50.0,50,2739.220925,0.0
-50.0,50,2739.704057,0.0
-50.0,50,2740.188189,0.0
-50.0,50,2740.683301,0.0
-50.0,50,2741.172898,0.0
-50.0,50,2741.657379,0.0
-50.0,50,2742.140162,0.0
-50.0,50,2742.631593,0.0
-50.0,50,2743.115558,0.0
-50.0,50,2743.591047,0.0
0.0,50,2744.066911,1.0
-50.0,50,2744.559486,0.0
-50.0,50,2745.034974,0.0
-50.0,50,2745.515241,0.0
-50.0,50,2745.987969,0.0
-50.0,50,2746.489162,0.0
-50.0,50,2746.966698,0.0
-50.0,50,2747.441742,0.0
-50.0,50,2747.914232,0.0
-50.0,50,2748.411948,0.0
-50.0,50,2748.908243,0.0
-50.0,50,2749.399043,0.0
-50.0,50,2749.888973,0.0
-50.0,50,2750.399335,0.0
-50.0,50,2750.900547,0.0
-50.0,50,2751.394544,0.0
-50.0,50,2751.882693,0.0
-50.0,50,2752.387101,0.0
-50.0,50,2752.867589,0.0
-50.0,50,2753.35733,0.0
-50.0,50,2753.841338,0.0
-50.0,50,2754.427238,0.0
-50.0,50,2754.921879,0.0
-50.0,50,2755.405681,0.0
-50.0,50,2755.882977,0.0
-50.0,50,2756.394233,0.0
0.0,50,2756.871095,1.0
-50.0,50,2757.354151,0.0
-50.0,50,2757.835549,0.0
0.0,50,2758.350656,1.0
0.0,50,2758.825586,1.0
-50.0,50,2759.309661,0.0
-50.0,50,2759.799614,0.0
-50.0,50,2760.305856,0.0
-50.0,50,2760.78549,0.0
-50.0,50,2761.263909,0.0
-50.0,50,2761.738454,0.0
-50.0,50,2762.25444,0.0
-50.0,50,2762.732051,0.0
-50.0,50,2763.21727,0.0
-50.0,50,2763.70834,0.0
-50.0,50,2764.216949,0.0
-50.0,50,2764.689441,0.0
-50.0,50,2765.176488,0.0
-50.0,50,2765.678267,0.0
-50.0,50,2766.188785,0.0
-50.0,50,2766.661606,0.0
-50.0,50,2767.142786,0.0
-50.0,50,2767.623374,0.0
-50.0,50,2768.125711,0.0
-50.0,50,2768.597093,0.0
-50.0,50,2769.075418,0.0
-50.0,50,2769.566635,0.0
-50.0,50,2770.089555,0.0
0.0,50,2770.567209,1.0
-50.0,50,2771.046181,0.0
-50.0,50,2771.527066,0.0
-50.0,50,2772.024177,0.0
-50.0,50,2772.502656,0.0
-50.0,50,2772.975716,0.0
-50.0,50,2773.455068,0.0
0.0,50,2773.965725,1.0
-50.0,50,2774.448296,0.0
-50.0,50,2774.924024,0.0
-50.0,50,2775.40027,0.0
-50.0,50,2775.923926,0.0
-50.0,50,2776.39646,0.0
-50.0,50,2776.878306,0.0
-50.0,50,2777.365206,0.0
-50.0,50,2777.876047,0.0
-50.0,50,2778.355238,0.0
-50.0,50,2778.843369,0.0
-50.0,50,2779.323764,0.0
-50.0,50,2779.839164,0.0
-50.0,50,2780.319949,0.0
-50.0,50,2780.836226,0.0
0.0,50,2781.31387,1.0
-50.0,50,2784.103498,0.0
-50.0,50,2784.582663,0.0
-50.0,50,2785.063549,0.0
-50.0,50,2785.544633,0.0
-50.0,50,2786.046282,0.0
-50.0,50,2786.524131,0.0
-50.0,50,2787.002544,0.0
-50.0,50,2787.50148,0.0
-50.0,50,2788.007301,0.0
-50.0,50,2788.489412,0.0
-50.0,50,2788.966217,0.0
-50.0,50,2789.447087,0.0
-50.0,50,2789.962105,0.0
-50.0,50,2790.440978,0.0
-50.0,50,2790.919139,0.0
-50.0,50,2791.400614,0.0
-50.0,50,2791.910928,0.0
-50.0,50,2792.399958,0.0
-50.0,50,2792.87866,0.0
-50.0,50,2793.374519,0.0
-50.0,50,2793.88708,0.0
-50.0,50,2794.364976,0.0
0.0,50,2794.85072,1.0
-50.0,50,2795.345181,0.0
-50.0,50,2795.865143,0.0
-50.0,50,2796.348195,0.0
-50.0,50,2796.830559,0.0
-50.0,50,2797.315443,0.0
-50.0,50,2797.818046,0.0
0.0,50,2798.310404,1.0
-50.0,50,2798.798244,0.0
-50.0,50,2799.281612,0.0
-50.0,50,2799.784029,0.0
-50.0,50,2800.265319,0.0
-50.0,50,2800.751408,0.0
-50.0,50,2801.22702,0.0
-50.0,50,2801.738216,0.0
-50.0,50,2802.216095,0.0
-50.0,50,2802.697783,0.0
-50.0,50,2803.189936,0.0
-50.0,50,2803.70138,0.0
-50.0,50,2804.183099,0.0
-50.0,50,2804.659418,0.0
-50.0,50,2805.136503,0.0
-50.0,50,2805.637177,0.0
-50.0,50,2806.123554,0.0
-50.0,50,2806.603551,0.0
-50.0,50,2807.088156,0.0
-50.0,50,2807.600217,0.0
-50.0,50,2808.078608,0.0
-50.0,50,2808.553036,0.0
-50.0,50,2809.027061,0.0
-50.0,50,2809.530436,0.0
-50.0,50,2810.005047,0.0
-50.0,50,2810.48332,0.0
-50.0,50,2810.953961,0.0
-50.0,50,2811.464426,0.0
0.0,50,2811.954335,1.0
0.0,50,2812.441148,1.0
-50.0,50,2812.914271,0.0
0.0,50,2813.417045,1.0
-50.0,50,2813.902604,0.0
-50.0,50,2814.378959,0.0
-50.0,50,2814.85427,0.0
-50.0,50,2815.3654,0.0
-50.0,50,2815.851184,0.0
-50.0,50,2816.324249,0.0
-50.0,50,2816.806837,0.0
-50.0,50,2817.315163,0.0
-50.0,50,2817.794531,0.0
-50.0,50,2818.273022,0.0
-50.0,50,2818.750041,0.0
-50.0,50,2819.266266,0.0
-50.0,50,2819.752628,0.0
-50.0,50,2820.234509,0.0
-50.0,50,2820.715559,0.0
-50.0,50,2821.226789,0.0
-50.0,50,2821.705935,0.0
-50.0,50,2822.187052,0.0
-50.0,50,2822.667537,0.0
-50.0,50,2823.1789,0.0
-50.0,50,2823.669795,0.0
-50.0,50,2824.161714,0.0
-50.0,50,2824.653236,0.0
-50.0,50,2825.165761,0.0
-50.0,50,2825.647339,0.0
-50.0,50,2826.126782,0.0
-50.0,50,2826.613442,0.0
-50.0,50,2827.131981,0.0
-50.0,50,2827.612323,0.0
-50.0,50,2828.093375,0.0
0.0,50,2828.577717,1.0
-50.0,50,2829.088543,0.0
-50.0,50,2829.579045,0.0
-50.0,50,2830.062513,0.0
-50.0,50,2830.550385,0.0
-50.0,50,2831.073045,0.0
-50.0,50,2831.559677,0.0
-50.0,50,2832.039754,0.0
-50.0,50,2832.532686,0.0
0.0,50,2833.045652,1.0
0.0,50,2833.533922,1.0
-50.0,50,2834.015468,0.0
-50.0,50,2834.494428,0.0
-50.0,50,2835.010356,0.0
0.0,50,2835.499969,1.0
0.0,50,2835.981023,1.0
-50.0,50,2836.460022,0.0
-50.0,50,2836.969258,0.0
-50.0,50,2837.443577,0.0
-50.0,50,2837.91905,0.0
-50.0,50,2838.406129,0.0
-50.0,50,2838.911165,0.0
-50.0,50,2839.393797,0.0
-50.0,50,2839.874643,0.0
-50.0,50,2840.355417,0.0
0.0,50,2840.855377,1.0
-50.0,50,2841.352459,0.0
-50.0,50,2841.838045,0.0
0.0,50,2842.324131,1.0
0.0,50,2842.841425,1.0
-50.0,50,2843.327245,0.0
-50.0,50,2843.80542,0.0
-50.0,50,2844.28427,0.0
-50.0,50,2844.786145,0.0
-50.0,50,2845.263528,0.0
0.0,50,2845.741868,1.0
-50.0,50,2846.230475,0.0
-50.0,50,2846.750499,0.0
-50.0,50,2847.230038,0.0
-50.0,50,2847.713455,0.0
-50.0,50,2848.192202,0.0
-50.0,50,2848.69118,0.0
-50.0,50,2849.173221,0.0
-50.0,50,2849.667883,0.0
-50.0,50,2850.149568,0.0
-50.0,50,2850.669801,0.0
0.0,50,2851.159521,1.0
-50.0,50,2851.641256,0.0
-50.0,50,2852.123205,0.0
-50.0,50,2852.647076,0.0
-50.0,50,2853.130633,0.0
-50.0,50,2853.610821,0.0
-50.0,50,2854.102961,0.0
-50.0,50,2854.614108,0.0
-50.0,50,2855.120798,0.0
0.0,50,2855.608008,1.0
-50.0,50,2856.098925,0.0
-50.0,50,2856.609826,0.0
0.0,50,2857.099993,1.0
-50.0,50,2857.594214,0.0
-50.0,50,2858.079844,0.0
-50.0,50,2858.599697,0.0
-50.0,50,2859.078864,0.0
-50.0,50,2859.577196,0.0
-50.0,50,2860.059256,0.0
-50.0,50,2860.567951,0.0
0.0,50,2861.045132,1.0
-50.0,50,2861.528365,0.0
-50.0,50,2862.010315,0.0
-50.0,50,2862.520351,0.0
-50.0,50,2863.004392,0.0
-50.0,50,2863.484196,0.0
-50.0,50,2863.968036,0.0
-50.0,50,2864.47948,0.0
-50.0,50,2864.960248,0.0
-50.0,50,2865.457219,0.0
-50.0,50,2865.951025,0.0
-50.0,50,2866.493001,0.0
-50.0,50,2866.982786,0.0
-50.0,50,2867.461747,0.0
0.0,50,2867.950079,1.0
-50.0,50,2868.458363,0.0
-50.0,50,2868.937084,0.0
-50.0,50,2869.414415,0.0
-50.0,50,2869.894471,0.0
-50.0,50,2870.396683,0.0
-50.0,50,2870.887134,0.0
0.0,50,2871.375277,1.0
-50.0,50,2871.852575,0.0
-50.0,50,2872.356438,0.0
-50.0,50,2872.835966,0.0
-50.0,50,2873.315828,0.0
-50.0,50,2873.800818,0.0
-50.0,50,2874.316667,0.0
-50.0,50,2874.805321,0.0
-50.0,50,2875.292079,0.0
-50.0,50,2875.778726,0.0
-50.0,50,2876.295606,0.0
-50.0,50,2876.82443,0.0
-50.0,50,2877.307041,0.0
-50.0,50,2877.789547,0.0
-50.0,50,2878.29174,0.0
-50.0,50,2878.779002,0.0
-50.0,50,2879.256628,0.0
-50.0,50,2879.732725,0.0
-50.0,50,2880.244254,0.0
-50.0,50,2880.719957,0.0
0.0,50,2881.208038,1.0
-50.0,50,2881.692302,0.0
-50.0,50,2884.426107,0.0
-50.0,50,2884.904438,0.0
-50.0,50,2885.400271,0.0
-50.0,50,2885.892542,0.0
-50.0,50,2886.403793,0.0
-50.0,50,2886.900192,0.0
-50.0,50,2887.377855,0.0
-50.0,50,2887.856464,0.0
-50.0,50,2888.363327,0.0
-50.0,50,2888.847771,0.0
-50.0,50,2889.324825,0.0
-50.0,50,2889.807101,0.0
-50.0,50,2890.31033,0.0
-50.0,50,2890.783091,0.0
0.0,50,2891.274405,1.0
-50.0,50,2891.763444,0.0
0.0,50,2892.259881,1.0
-50.0,50,2892.738561,0.0
-50.0,50,2893.224088,0.0
-50.0,50,2893.698308,0.0
0.0,50,2894.190205,1.0
-50.0,50,2894.663159,0.0
-50.0,50,2895.136781,0.0
-50.0,50,2895.611066,0.0
-50.0,50,2896.10778,0.0
-50.0,50,2896.582467,0.0
-50.0,50,2897.056008,0.0
-50.0,50,2897.531589,0.0
-50.0,50,2898.028486,0.0
-50.0,50,2898.514369,0.0
-50.0,50,2898.994273,0.0
-50.0,50,2899.470411,0.0
-50.0,50,2899.980004,0.0
-50.0,50,2900.462463,0.0
-50.0,50,2900.935176,0.0
0.0,50,2901.405991,1.0
-50.0,50,2901.895756,0.0
-50.0,50,2902.36975,0.0
-50.0,50,2902.841877,0.0
0.0,50,2903.313289,1.0
-50.0,50,2903.804198,0.0
-50.0,50,2904.287905,0.0
-50.0,50,2904.759076,0.0
-50.0,50,2905.235246,0.0
-50.0,50,2905.730523,0.0
-50.0,50,2906.205342,0.0
-50.0,50,2906.67881,0.0
-50.0,50,2907.15885,0.0
-50.0,50,2907.659328,0.0
-50.0,50,2908.143327,0.0
-50.0,50,2908.617313,0.0
-50.0,50,2909.104777,0.0
-50.0,50,2909.612547,0.0
-50.0,50,2910.095085,0.0
-50.0,50,2910.581704,0.0
-50.0,50,2911.067362,0.0
-50.0,50,2911.553508,0.0
-50.0,50,2912.038147,0.0
0.0,50,2912.520183,1.0
-50.0,50,2913.002041,0.0
-50.0,50,2913.492985,0.0
-50.0,50,2913.970295,0.0
0.0,50,2914.448524,1.0
0.0,50,2914.921529,1.0
0.0,50,2915.414758,1.0
-50.0,50,2915.895001,0.0
-50.0,50,2916.373122,0.0
-50.0,50,2916.846153,0.0
-50.0,50,2917.327468,0.0
-50.0,50,2917.811148,0.0
-50.0,50,2918.293168,0.0
-50.0,50,2918.777129,0.0
-50.0,50,2919.267933,0.0
-50.0,50,2919.7543,0.0
-50.0,50,2920.237913,0.0
-50.0,50,2920.721781,0.0
-50.0,50,2921.221303,0.0
-50.0,50,2921.70502,0.0
-50.0,50,2922.187653,0.0
-50.0,50,2922.667433,0.0
-50.0,50,2923.156078,0.0
-50.0,50,2923.629803,0.0
-50.0,50,2924.102149,0.0
-50.0,50,2924.57601,0.0
-50.0,50,2925.06344,0.0
0.0,50,2925.549413,1.0
-50.0,50,2926.023258,0.0
-50.0,50,2926.50413,0.0
-50.0,50,2927.004014,0.0
-50.0,50,2927.478817,0.0
-50.0,50,2927.959495,0.0
-50.0,50,2928.437924,0.0
-50.0,50,2928.934895,0.0
0.0,50,2929.423682,1.0
-50.0,50,2929.898039,0.0
-50.0,50,2930.378224,0.0
-50.0,50,2930.872988,0.0
-50.0,50,2931.356228,0.0
-50.0,50,2931.834882,0.0
-50.0,50,2932.317955,0.0
-50.0,50,2932.815784,0.0
-50.0,50,2933.302259,0.0
-50.0,50,2933.789317,0.0
-50.0,50,2934.276085,0.0
-50.0,50,2934.780242,0.0
-50.0,50,2935.267205,0.0
-50.0,50,2935.753815,0.0
-50.0,50,2936.231538,0.0
-50.0,50,2936.724224,0.0
-50.0,50,2937.209968,0.0
-50.0,50,2937.689426,0.0
-50.0,50,2938.165964,0.0
-50.0,50,2938.653268,0.0
-50.0,50,2939.128099,0.0
-50.0,50,2939.603268,0.0
-50.0,50,2940.090522,0.0
-50.0,50,2940.590543,0.0
-50.0,50,2941.071952,0.0
-50.0,50,2941.547256,0.0
-50.0,50,2942.031644,0.0
-50.0,50,2942.548579,0.0
-50.0,50,2943.028587,0.0
-50.0,50,2943.50344,0.0
-50.0,50,2943.986878,0.0
-50.0,50,2944.477234,0.0
-50.0,50,2944.954772,0.0
-50.0,50,2945.453692,0.0
-50.0,50,2945.944467,0.0
-50.0,50,2946.447052,0.0
-50.0,50,2946.92651,0.0
-50.0,50,2947.41025,0.0
-50.0,50,2947.897704,0.0
-50.0,50,2948.38285,0.0
-50.0,50,2948.859712,0.0
-50.0,50,2949.346829,0.0
-50.0,50,2949.826555,0.0
-50.0,50,2950.33845,0.0
0.0,50,2950.820784,1.0
0.0,50,2951.306132,1.0
-50.0,50,2951.784597,0.0
-50.0,50,2952.295326,0.0
-50.0,50,2952.779902,0.0
0.0,50,2953.267073,1.0
-50.0,50,2953.755957,0.0
-50.0,50,2954.252295,0.0
-50.0,50,2954.729508,0.0
-50.0,50,2955.205014,0.0
-50.0,50,2955.692899,0.0
-50.0,50,2956.187369,0.0
-50.0,50,2956.662924,0.0
0.0,50,2957.157158,1.0
-50.0,50,2957.646026,0.0
-50.0,50,2958.144181,0.0
-50.0,50,2958.625966,0.0
-50.0,50,2959.103722,0.0
-50.0,50,2959.593233,0.0
-50.0,50,2960.084152,0.0
-50.0,50,2960.581589,0.0
-50.0,50,2961.058531,0.0
-50.0,50,2961.534716,0.0
-50.0,50,2962.03754,0.0
-50.0,50,2962.521371,0.0
-50.0,50,2963.010251,0.0
-50.0,50,2963.496623,0.0
-50.0,50,2963.991397,0.0
0.0,50,2964.466506,1.0
-50.0,50,2964.954147,0.0
-50.0,50,2965.441394,0.0
-50.0,50,2965.941098,0.0
-50.0,50,2966.429553,0.0
-50.0,50,2966.919964,0.0
-50.0,50,2967.395576,0.0
-50.0,50,2967.895989,0.0
-50.0,50,2968.375262,0.0
-50.0,50,2968.865453,0.0
-50.0,50,2969.357239,0.0
-50.0,50,2969.856948,0.0
0.0,50,2970.356982,1.0
-50.0,50,2970.838684,0.0
-50.0,50,2971.319717,0.0
-50.0,50,2971.831058,0.0
-50.0,50,2972.31391,0.0
-50.0,50,2972.797255,0.0
-50.0,50,2973.27879,0.0
0.0,50,2973.78201,1.0
-50.0,50,2974.278872,0.0
-50.0,50,2974.767625,0.0
-50.0,50,2975.264568,0.0
-50.0,50,2975.794039,0.0
-50.0,50,2976.27954,0.0
-50.0,50,2976.776145,0.0
-50.0,50,2977.271116,0.0
-50.0,50,2977.775248,0.0
0.0,50,2978.290057,1.0
-50.0,50,2978.777984,0.0
-50.0,50,2979.273377,0.0
-50.0,50,2979.775913,0.0
-50.0,50,2980.263639,0.0
-50.0,50,2980.747046,0.0
-50.0,50,2981.22786,0.0
-50.0,50,2984.066995,0.0
-50.0,50,2984.55134,0.0
-50.0,50,2985.041107,0.0
-50.0,50,2985.533246,0.0
-50.0,50,2986.034867,0.0
-50.0,50,2986.543124,0.0
-50.0,50,2987.033687,0.0
-50.0,50,2987.531568,0.0
-50.0,50,2988.048437,0.0
-50.0,50,2988.530037,0.0
-50.0,50,2989.016953,0.0
-50.0,50,2989.501813,0.0
-50.0,50,2990.001755,0.0
-50.0,50,2990.483087,0.0
-50.0,50,2990.96967,0.0
-50.0,50,2991.451187,0.0
-50.0,50,2991.948935,0.0
-50.0,50,2992.433224,0.0
-50.0,50,2992.91855,0.0
-50.0,50,2993.406353,0.0
-50.0,50,2993.906712,0.0
-50.0,50,2994.389355,0.0
-50.0,50,2994.867875,0.0
-50.0,50,2995.351479,0.0
-50.0,50,2995.840916,0.0
-50.0,50,2996.330381,0.0
-50.0,50,2996.847787,0.0
-50.0,50,2997.325604,0.0
0.0,50,2997.816345,1.0
-50.0,50,2998.318832,0.0
-50.0,50,2998.807328,0.0
-50.0,50,2999.294242,0.0
-50.0,50,2999.794445,0.0
-50.0,50,3000.279377,0.0
-50.0,50,3000.773954,0.0
-50.0,50,3001.256804,0.0
-50.0,50,3001.749615,0.0
-50.0,50,3002.234171,0.0
-50.0,50,3002.730955,0.0
-50.0,50,3003.246266,0.0
-50.0,50,3003.74498,0.0
-50.0,50,3004.226709,0.0
-50.0,50,3004.710662,0.0
-50.0,50,3005.200583,0.0
-50.0,50,3005.704329,0.0
-50.0,50,3006.188098,0.0
-50.0,50,3006.669201,0.0
-50.0,50,3007.153948,0.0
-50.0,50,3007.646862,0.0
-50.0,50,3008.125335,0.0
-50.0,50,3008.603569,0.0
-50.0,50,3009.083234,0.0
-50.0,50,3009.58288,0.0
-50.0,50,3010.056825,0.0
-50.0,50,3010.534345,0.0
-50.0,50,3011.02731,0.0
-50.0,50,3011.528157,0.0
-50.0,50,3012.011924,0.0
-50.0,50,3012.493954,0.0
-50.0,50,3012.977033,0.0
-50.0,50,3013.477603,0.0
-50.0,50,3013.965147,0.0
-50.0,50,3014.449868,0.0
-50.0,50,3014.931935,0.0
0.0,50,3015.424253,1.0
-50.0,50,3015.902874,0.0
-50.0,50,3016.391304,0.0
-50.0,50,3016.887223,0.0
-50.0,50,3017.394438,0.0
-50.0,50,3017.872876,0.0
-50.0,50,3018.354454,0.0
-50.0,50,3018.847567,0.0
-50.0,50,3019.33709,0.0
-50.0,50,3019.814915,0.0
-50.0,50,3020.304028,0.0
0.0,50,3020.792293,1.0
-50.0,50,3021.284763,0.0
-50.0,50,3021.7651,0.0
-50.0,50,3022.244906,0.0
-50.0,50,3022.737976,0.0
-50.0,50,3023.233847,0.0
0.0,50,3023.720274,1.0
-50.0,50,3024.207387,0.0
-50.0,50,3024.688935,0.0
-50.0,50,3025.179231,0.0
-50.0,50,3025.670204,0.0
-50.0,50,3026.148275,0.0
-50.0,50,3026.627504,0.0
-50.0,50,3027.118472,0.0
0.0,50,3027.618517,1.0
-50.0,50,3028.10908,0.0
-50.0,50,3028.588194,0.0
-50.0,50,3029.07738,0.0
0.0,50,3029.560798,1.0
-50.0,50,3030.043867,0.0
0.0,50,3030.521743,1.0
-50.0,50,3031.033029,0.0
-50.0,50,3031.524745,0.0
-50.0,50,3032.010735,0.0
-50.0,50,3032.503909,0.0
-50.0,50,3032.996513,0.0
-50.0,50,3033.488318,0.0
-50.0,50,3033.980731,0.0
-50.0,50,3034.459446,0.0
-50.0,50,3034.968161,0.0
-50.0,50,3035.459919,0.0
-50.0,50,3035.939325,0.0
-50.0,50,3036.416842,0.0
-50.0,50,3036.921875,0.0
-50.0,50,3037.415129,0.0
-50.0,50,3037.895769,0.0
-50.0,50,3038.377483,0.0
-50.0,50,3038.871936,0.0
-50.0,50,3039.350516,0.0
-50.0,50,3039.835286,0.0
-50.0,50,3040.31395,0.0
-50.0,50,3040.810905,0.0
-50.0,50,3041.304739,0.0
-50.0,50,3041.796231,0.0
-50.0,50,3042.282877,0.0
-50.0,50,3042.780903,0.0
-50.0,50,3043.264003,0.0
-50.0,50,3043.748962,0.0
0.0,50,3044.243187,1.0
-50.0,50,3044.743565,0.0
-50.0,50,3045.228988,0.0
-50.0,50,3045.716082,0.0
-50.0,50,3046.209053,0.0
-50.0,50,3046.701723,0.0
-50.0,50,3047.20799,0.0
-50.0,50,3047.700087,0.0
-50.0,50,3048.182521,0.0
-50.0,50,3048.68837,0.0
-50.0,50,3049.166853,0.0
-50.0,50,3049.646962,0.0
-50.0,50,3050.128341,0.0
-50.0,50,3050.626035,0.0
-50.0,50,3051.10546,0.0
-50.0,50,3051.582838,0.0
-50.0,50,3052.063847,0.0
-50.0,50,3052.568006,0.0
-50.0,50,3053.047333,0.0
-50.0,50,3053.529874,0.0
-50.0,50,3054.009917,0.0
-50.0,50,3054.514475,0.0
0.0,50,3054.995157,1.0
-50.0,50,3055.47684,0.0
-50.0,50,3055.957361,0.0
-50.0,50,3056.460831,0.0
-50.0,50,3056.945296,0.0
-50.0,50,3057.441963,0.0
-50.0,50,3057.939784,0.0
-50.0,50,3058.437477,0.0
-50.0,50,3058.929965,0.0
-50.0,50,3059.420226,0.0
-50.0,50,3059.899799,0.0
-50.0,50,3060.403664,0.0
-50.0,50,3060.895266,0.0
-50.0,50,3061.37392,0.0
-50.0,50,3061.866063,0.0
-50.0,50,3062.372322,0.0
-50.0,50,3062.881588,0.0
-50.0,50,3063.386103,0.0
-50.0,50,3063.877968,0.0
-50.0,50,3064.377985,0.0
-50.0,50,3064.865477,0.0
-50.0,50,3065.366189,0.0
0.0,50,3065.868162,1.0
-50.0,50,3066.378978,0.0
-50.0,50,3066.878177,0.0
-50.0,50,3067.374226,0.0
-50.0,50,3067.860214,0.0
-50.0,50,3068.365322,0.0
-50.0,50,3068.84573,0.0
-50.0,50,3069.323888,0.0
-50.0,50,3069.808951,0.0
-50.0,50,3070.326027,0.0
0.0,50,3070.803684,1.0
-50.0,50,3071.286215,0.0
-50.0,50,3071.775097,0.0
-50.0,50,3072.292988,0.0
0.0,50,3072.771224,1.0
-50.0,50,3073.260069,0.0
-50.0,50,3073.752912,0.0
-50.0,50,3074.256888,0.0
-50.0,50,3074.73704,0.0
-50.0,50,3075.215884,0.0
-50.0,50,3075.706083,0.0
-50.0,50,3076.200261,0.0
-50.0,50,3076.684825,0.0
-50.0,50,3077.178956,0.0
-50.0,50,3077.669209,0.0
-50.0,50,3078.157354,0.0
-50.0,50,3078.650303,0.0
-50.0,50,3079.14195,0.0
-50.0,50,3079.619916,0.0
-50.0,50,3080.111162,0.0
-50.0,50,3080.591404,0.0
-50.0,50,3081.072769,0.0
-50.0,50,3081.551244,0.0
-50.0,50,3084.314949,0.0
0.0,50,3084.790874,1.0
-50.0,50,3085.270834,0.0
-50.0,50,3085.763442,0.0
-50.0,50,3086.260931,0.0
-50.0,50,3086.737118,0.0
-50.0,50,3087.228371,0.0
0.0,50,3087.717657,1.0
-50.0,50,3088.220391,0.0
-50.0,50,3088.700674,0.0
-50.0,50,3089.176926,0.0
-50.0,50,3089.654737,0.0
-50.0,50,3090.145298,0.0
0.0,50,3090.626115,1.0
0.0,50,3091.120995,1.0
-50.0,50,3091.600065,0.0
-50.0,50,3092.0901,0.0
-50.0,50,3092.565736,0.0
-50.0,50,3093.044999,0.0
-50.0,50,3093.522268,0.0
-50.0,50,3094.045578,0.0
-50.0,50,3094.524754,0.0
-50.0,50,3095.013418,0.0
-50.0,50,3095.509381,0.0
-50.0,50,3096.001927,0.0
-50.0,50,3096.488301,0.0
-50.0,50,3096.972086,0.0
-50.0,50,3097.46622,0.0
-50.0,50,3097.961869,0.0
-50.0,50,3098.443506,0.0
-50.0,50,3098.924757,0.0
-50.0,50,3099.407741,0.0
-50.0,50,3099.912405,0.0
-50.0,50,3100.400723,0.0
-50.0,50,3100.889912,0.0
-50.0,50,3101.370899,0.0
-50.0,50,3101.86337,0.0
0.0,50,3102.348301,1.0
-50.0,50,3102.82454,0.0
-50.0,50,3103.304656,0.0
-50.0,50,3103.807448,0.0
-50.0,50,3104.28863,0.0
-50.0,50,3104.772959,0.0
-50.0,50,3105.248651,0.0
-50.0,50,3105.751641,0.0
-50.0,50,3106.230015,0.0
-50.0,50,3106.710394,0.0
-50.0,50,3107.199518,0.0
-50.0,50,3107.701583,0.0
-50.0,50,3108.192482,0.0
-50.0,50,3108.673075,0.0
-50.0,50,3109.14584,0.0
0.0,50,3109.636862,1.0
-50.0,50,3110.109074,0.0
-50.0,50,3110.582187,0.0
-50.0,50,3111.056414,0.0
-50.0,50,3111.553239,0.0
-50.0,50,3112.037874,0.0
-50.0,50,3112.526154,0.0
-50.0,50,3113.006914,0.0
-50.0,50,3113.49744,0.0
-50.0,50,3113.968133,0.0
-50.0,50,3114.444778,0.0
-50.0,50,3114.919698,0.0
0.0,50,3115.40237,1.0
-50.0,50,3115.874848,0.0
-50.0,50,3116.354486,0.0
-50.0,50,3116.827753,0.0
-50.0,50,3117.324965,0.0
-50.0,50,3117.795086,0.0
-50.0,50,3118.268051,0.0
-50.0,50,3118.750223,0.0
-50.0,50,3119.248466,0.0
-50.0,50,3119.72302,0.0
-50.0,50,3120.199417,0.0
-50.0,50,3120.670986,0.0
-50.0,50,3121.157088,0.0
-50.0,50,3121.635377,0.0
-50.0,50,3122.118217,0.0
-50.0,50,3122.595551,0.0
-50.0,50,3123.101219,0.0
-50.0,50,3123.586087,0.0
-50.0,50,3124.078757,0.0
-50.0,50,3124.554786,0.0
-50.0,50,3125.086178,0.0
0.0,50,3125.579242,1.0
-50.0,50,3126.06364,0.0
0.0,50,3126.541413,1.0
-50.0,50,3127.037675,0.0
-50.0,50,3127.528083,0.0
-50.0,50,3128.005707,0.0
-50.0,50,3128.496892,0.0
-50.0,50,3128.99602,0.0
-50.0,50,3129.472078,0.0
-50.0,50,3129.952934,0.0
-50.0,50,3130.449364,0.0
0.0,50,3130.949262,1.0
-50.0,50,3131.436678,0.0
-50.0,50,3131.922472,0.0
-50.0,50,3132.409727,0.0
-50.0,50,3132.911366,0.0
-50.0,50,3133.402868,0.0
0.0,50,3133.882881,1.0
-50.0,50,3134.365843,0.0
-50.0,50,3134.864825,0.0
0.0,50,3135.340337,1.0
-50.0,50,3135.825359,0.0
0.0,50,3136.305833,1.0
-50.0,50,3136.806511,0.0
-50.0,50,3137.302557,0.0
0.0,50,3137.787285,1.0
-50.0,50,3138.268003,0.0
-50.0,50,3138.765865,0.0
-50.0,50,3139.255196,0.0
-50.0,50,3139.74166,0.0
-50.0,50,3140.230151,0.0
-50.0,50,3140.741681,0.0
-50.0,50,3141.220265,0.0
-50.0,50,3141.707832,0.0
-50.0,50,3142.197806,0.0
-50.0,50,3142.690498,0.0
-50.0,50,3143.175699,0.0
-50.0,50,3143.651613,0.0
-50.0,50,3144.129217,0.0
-50.0,50,3144.624755,0.0
-50.0,50,3145.111612,0.0
-50.0,50,3145.594102,0.0
-50.0,50,3146.072149,0.0
-50.0,50,3146.565925,0.0
0.0,50,3147.044309,1.0
-50.0,50,3147.533057,0.0
-50.0,50,3148.021217,0.0
-50.0,50,3148.523848,0.0
0.0,50,3149.0041,1.0
-50.0,50,3149.48541,0.0
-50.0,50,3149.97281,0.0
-50.0,50,3150.497128,0.0
-50.0,50,3150.976326,0.0
-50.0,50,3151.452727,0.0
-50.0,50,3151.944251,0.0
-50.0,50,3152.444212,0.0
-50.0,50,3152.936026,0.0
-50.0,50,3153.427177,0.0
-50.0,50,3153.904229,0.0
-50.0,50,3154.40134,0.0
-50.0,50,3154.893636,0.0
-50.0,50,3155.390548,0.0
-50.0,50,3155.876298,0.0
-50.0,50,3156.369568,0.0
-50.0,50,3156.862092,0.0
-50.0,50,3157.351061,0.0
0.0,50,3157.846193,1.0
-50.0,50,3158.345439,0.0
-50.0,50,3158.823031,0.0
-50.0,50,3159.311834,0.0
-50.0,50,3159.807847,0.0
-50.0,50,3160.310869,0.0
0.0,50,3160.790747,1.0
-50.0,50,3161.281666,0.0
-50.0,50,3161.778057,0.0
-50.0,50,3162.280972,0.0
-50.0,50,3162.761986,0.0
-50.0,50,3163.260713,0.0
-50.0,50,3163.759306,0.0
-50.0,50,3164.266196,0.0
-50.0,50,3164.760279,0.0
-50.0,50,3165.255924,0.0
-50.0,50,3165.750096,0.0
-50.0,50,3166.240729,0.0
-50.0,50,3166.719266,0.0
-50.0,50,3167.214097,0.0
-50.0,50,3167.712811,0.0
-50.0,50,3168.206927,0.0
-50.0,50,3168.692191,0.0
-50.0,50,3169.186164,0.0
-50.0,50,3169.665485,0.0
-50.0,50,3170.212114,0.0
-50.0,50,3170.691712,0.0
-50.0,50,3171.164903,0.0
-50.0,50,3171.656401,0.0
-50.0,50,3172.167043,0.0
-50.0,50,3172.662712,0.0
-50.0,50,3173.152649,0.0
-50.0,50,3173.638019,0.0
-50.0,50,3174.153599,0.0
-50.0,50,3174.63591,0.0
-50.0,50,3175.127832,0.0
-50.0,50,3175.608182,0.0
0.0,50,3176.131668,1.0
-50.0,50,3176.624484,0.0
-50.0,50,3177.112279,0.0
-50.0,50,3177.608565,0.0
-50.0,50,3178.116795,0.0
-50.0,50,3178.596691,0.0
-50.0,50,3179.088408,0.0
-50.0,50,3179.567935,0.0
0.0,50,3180.082035,1.0
-50.0,50,3180.571563,0.0
-50.0,50,3181.062766,0.0
-50.0,50,3181.550267,0.0
-50.0,50,3184.36614,0.0
0.0,50,3184.842376,1.0
-50.0,50,3185.341749,0.0
-50.0,50,3185.834204,0.0
-50.0,50,3186.337232,0.0
-50.0,50,3186.826455,0.0
-50.0,50,3187.325487,0.0
-50.0,50,3187.80792,0.0
-50.0,50,3188.326147,0.0
-50.0,50,3188.812009,0.0
-50.0,50,3189.286901,0.0
-50.0,50,3189.766138,0.0
-50.0,50,3190.275406,0.0
-50.0,50,3190.757544,0.0
-50.0,50,3191.245425,0.0
-50.0,50,3191.738769,0.0
-50.0,50,3192.237459,0.0
-50.0,50,3192.717491,0.0
-50.0,50,3193.20525,0.0
-50.0,50,3193.69514,0.0
0.0,50,3194.191918,1.0
-50.0,50,3194.669746,0.0
-50.0,50,3195.156302,0.0
-50.0,50,3195.648635,0.0
-50.0,50,3196.144823,0.0
-50.0,50,3196.636333,0.0
-50.0,50,3197.117309,0.0
-50.0,50,3197.606699,0.0
-50.0,50,3198.111182,0.0
-50.0,50,3198.604899,0.0
-50.0,50,3199.095701,0.0
-50.0,50,3199.584074,0.0
0.0,50,3200.079308,1.0
-50.0,50,3200.571273,0.0
-50.0,50,3201.060229,0.0
-50.0,50,3201.547652,0.0
-50.0,50,3202.052514,0.0
-50.0,50,3202.54012,0.0
-50.0,50,3203.030074,0.0
-50.0,50,3203.516543,0.0
-50.0,50,3204.014606,0.0
-50.0,50,3204.506849,0.0
-50.0,50,3204.999883,0.0
-50.0,50,3205.479352,0.0
-50.0,50,3205.984553,0.0
-50.0,50,3206.477374,0.0
-50.0,50,3206.967345,0.0
-50.0,50,3207.507253,0.0
-50.0,50,3208.014888,0.0
-50.0,50,3208.505742,0.0
-50.0,50,3208.994238,0.0
-50.0,50,3209.490897,0.0
-50.0,50,3209.989389,0.0
-50.0,50,3210.467743,0.0
-50.0,50,3210.952187,0.0
-50.0,50,3211.441963,0.0
-50.0,50,3211.942894,0.0
0.0,50,3212.419519,1.0
-50.0,50,3212.906811,0.0
-50.0,50,3213.388392,0.0
-50.0,50,3213.886075,0.0
0.0,50,3214.359527,1.0
-50.0,50,3214.845043,0.0
-50.0,50,3215.326424,0.0
-50.0,50,3215.822853,0.0
-50.0,50,3216.301799,0.0
-50.0,50,3216.775821,0.0
-50.0,50,3217.259851,0.0
-50.0,50,3217.782703,0.0
-50.0,50,3218.281843,0.0
-50.0,50,3218.766669,0.0
-50.0,50,3219.243015,0.0
-50.0,50,3219.741883,0.0
-50.0,50,3220.217704,0.0
-50.0,50,3220.702127,0.0
-50.0,50,3221.189222,0.0
-50.0,50,3221.688858,0.0
-50.0,50,3222.168755,0.0
-50.0,50,3222.650979,0.0
-50.0,50,3223.12399,0.0
-50.0,50,3223.623269,0.0
-50.0,50,3224.111608,0.0
-50.0,50,3224.587636,0.0
-50.0,50,3225.073121,0.0
-50.0,50,3225.578492,0.0
-50.0,50,3226.066194,0.0
-50.0,50,3226.554672,0.0
-50.0,50,3227.042476,0.0
0.0,50,3227.544877,1.0
-50.0,50,3228.031651,0.0
-50.0,50,3228.506798,0.0
0.0,50,3228.985131,1.0
0.0,50,3229.483357,1.0
-50.0,50,3229.969719,0.0
-50.0,50,3230.458686,0.0
-50.0,50,3230.937996,0.0
-50.0,50,3231.437845,0.0
-50.0,50,3231.924399,0.0
0.0,50,3232.443156,1.0
-50.0,50,3232.924842,0.0
-50.0,50,3233.424933,0.0
-50.0,50,3233.913132,0.0
-50.0,50,3234.388604,0.0
-50.0,50,3234.869087,0.0
-50.0,50,3235.367606,0.0
-50.0,50,3235.843009,0.0
-50.0,50,3236.329856,0.0
-50.0,50,3236.817951,0.0
-50.0,50,3237.321049,0.0
-50.0,50,3237.795292,0.0
-50.0,50,3238.273118,0.0
-50.0,50,3238.7558,0.0
-50.0,50,3239.256347,0.0
-50.0,50,3239.738506,0.0
-50.0,50,3240.231942,0.0
-50.0,50,3240.722836,0.0
-50.0,50,3241.224406,0.0
-50.0,50,3241.705879,0.0
-50.0,50,3242.189729,0.0
-50.0,50,3242.669504,0.0
-50.0,50,3243.165575,0.0
-50.0,50,3243.657605,0.0
-50.0,50,3244.15206,0.0
-50.0,50,3244.642843,0.0
-50.0,50,3245.145834,0.0
-50.0,50,3245.628171,0.0
-50.0,50,3246.119402,0.0
-50.0,50,3246.610297,0.0
-50.0,50,3247.118913,0.0
-50.0,50,3247.610686,0.0
-50.0,50,3248.088421,0.0
-50.0,50,3248.577309,0.0
-50.0,50,3249.081321,0.0
-50.0,50,3249.577489,0.0
-50.0,50,3250.067348,0.0
-50.0,50,3250.548642,0.0
-50.0,50,3251.044353,0.0
-50.0,50,3251.537297,0.0
-50.0,50,3252.019614,0.0
-50.0,50,3252.504989,0.0
-50.0,50,3252.994759,0.0
-50.0,50,3253.482314,0.0
-50.0,50,3253.958242,0.0
-50.0,50,3254.436513,0.0
-50.0,50,3254.920701,0.0
-50.0,50,3255.404286,0.0
-50.0,50,3255.880349,0.0
-50.0,50,3256.370279,0.0
-50.0,50,3256.869447,0.0
-50.0,50,3257.351027,0.0
-50.0,50,3257.831251,0.0
-50.0,50,3258.322735,0.0
-50.0,50,3258.851173,0.0
-50.0,50,3259.332035,0.0
-50.0,50,3259.812724,0.0
-50.0,50,3260.291925,0.0
-50.0,50,3260.799106,0.0
-50.0,50,3261.288634,0.0
-50.0,50,3261.7755,0.0
-50.0,50,3262.263632,0.0
-50.0,50,3262.757546,0.0
-50.0,50,3263.232967,0.0
-50.0,50,3263.71217,0.0
-50.0,50,3264.194227,0.0
-50.0,50,3264.691596,0.0
-50.0,50,3265.171652,0.0
-50.0,50,3265.650868,0.0
-50.0,50,3266.132344,0.0
-50.0,50,3266.627783,0.0
-50.0,50,3267.104534,0.0
-50.0,50,3267.593307,0.0
-50.0,50,3268.089432,0.0
-50.0,50,3268.580626,0.0
-50.0,50,3269.059288,0.0
-50.0,50,3269.536492,0.0
0.0,50,3270.02479,1.0
0.0,50,3270.552245,1.0
-50.0,50,3271.039123,0.0
-50.0,50,3271.529623,0.0
-50.0,50,3272.006899,0.0
-50.0,50,3272.508159,0.0
0.0,50,3272.987185,1.0
-50.0,50,3273.464955,0.0
-50.0,50,3273.946717,0.0
-50.0,50,3274.444697,0.0
-50.0,50,3274.928918,0.0
-50.0,50,3275.424807,0.0
-50.0,50,3275.906674,0.0
-50.0,50,3276.410197,0.0
-50.0,50,3276.897188,0.0
-50.0,50,3277.389212,0.0
-50.0,50,3277.86972,0.0
-50.0,50,3278.368207,0.0
-50.0,50,3278.861121,0.0
0.0,50,3279.341996,1.0
-50.0,50,3279.823925,0.0
-50.0,50,3280.335673,0.0
-50.0,50,3280.829324,0.0
-50.0,50,3281.311722,0.0
-50.0,50,3281.79929,0.0
-50.0,50,3284.720126,0.0
0.0,50,3285.207231,1.0
-50.0,50,3285.698179,0.0
-50.0,50,3286.189509,0.0
-50.0,50,3286.707943,0.0
-50.0,50,3287.189752,0.0
-50.0,50,3287.673688,0.0
-50.0,50,3288.154678,0.0
-50.0,50,3288.671118,0.0
-50.0,50,3289.159263,0.0
0.0,50,3289.64028,1.0
-50.0,50,3290.121587,0.0
-50.0,50,3290.655701,0.0
-50.0,50,3291.137943,0.0
0.0,50,3291.620288,1.0
-50.0,50,3292.100694,0.0
-50.0,50,3292.613075,0.0
-50.0,50,3293.098291,0.0
-50.0,50,3293.578984,0.0
-50.0,50,3294.080458,0.0
-50.0,50,3294.608605,0.0
-50.0,50,3295.091758,0.0
-50.0,50,3295.574759,0.0
-50.0,50,3296.059313,0.0
-50.0,50,3296.596747,0.0
-50.0,50,3297.084781,0.0
-50.0,50,3297.577595,0.0
-50.0,50,3298.061903,0.0
-50.0,50,3298.584901,0.0
-50.0,50,3299.065296,0.0
-50.0,50,3299.53352,0.0
-50.0,50,3300.001325,0.0
-50.0,50,3300.513259,0.0
-50.0,50,3301.108269,0.0
-50.0,50,3302.210324,0.0
-50.0,50,3303.314925,0.0
-50.0,50,3304.433984,0.0
-50.0,50,3305.541631,0.0
-50.0,50,3306.644984,0.0
-50.0,50,3307.72067,0.0
-50.0,50,3308.845349,0.0
-50.0,50,3309.93454,0.0
-50.0,50,3311.012127,0.0
-50.0,50,3312.149885,0.0
-50.0,50,3313.360033,0.0
0.0,50,3314.456794,1.0
-50.0,50,3315.561082,0.0
-50.0,50,3316.661367,0.0
-50.0,50,3317.815281,0.0
-50.0,50,3318.829647,0.0
-50.0,50,3319.319506,0.0
-50.0,50,3319.803671,0.0
-50.0,50,3320.32565,0.0
-50.0,50,3320.810796,0.0
0.0,50,3321.297585,1.0
-50.0,50,3321.781895,0.0
-50.0,50,3322.302743,0.0
-50.0,50,3322.782332,0.0
-50.0,50,3323.267065,0.0
-50.0,50,3323.754405,0.0
-50.0,50,3324.281382,0.0
-50.0,50,3324.770345,0.0
-50.0,50,3325.247256,0.0
-50.0,50,3325.738205,0.0
-50.0,50,3326.256173,0.0
-50.0,50,3326.749808,0.0
-50.0,50,3327.232832,0.0
-50.0,50,3327.711273,0.0
-50.0,50,3328.230821,0.0
-50.0,50,3328.724567,0.0
-50.0,50,3329.209083,0.0
-50.0,50,3329.710799,0.0
-50.0,50,3330.24518,0.0
-50.0,50,3330.735818,0.0
-50.0,50,3331.22773,0.0
-50.0,50,3331.730111,0.0
-50.0,50,3332.266156,0.0
-50.0,50,3332.754305,0.0
-50.0,50,3333.252068,0.0
-50.0,50,3333.753988,0.0
-50.0,50,3334.297223,0.0
-50.0,50,3334.778775,0.0
-50.0,50,3335.283839,0.0
-50.0,50,3335.780023,0.0
-50.0,50,3336.300789,0.0
-50.0,50,3336.789833,0.0
-50.0,50,3337.278321,0.0
-50.0,50,3337.76358,0.0
-50.0,50,3338.282872,0.0
-50.0,50,3338.775946,0.0
-50.0,50,3339.269979,0.0
-50.0,50,3339.754537,0.0
0.0,50,3340.289091,1.0
-50.0,50,3340.785803,0.0
-50.0,50,3341.277991,0.0
-50.0,50,3341.765253,0.0
-50.0,50,3342.281644,0.0
-50.0,50,3342.778942,0.0
-50.0,50,3343.264711,0.0
-50.0,50,3343.752107,0.0
-50.0,50,3344.267879,0.0
-50.0,50,3344.773041,0.0
-50.0,50,3345.283906,0.0
-50.0,50,3345.784292,0.0
-50.0,50,3346.334553,0.0
-50.0,50,3346.837905,0.0
0.0,50,3347.338516,1.0
-50.0,50,3347.835032,0.0
-50.0,50,3348.352183,0.0
-50.0,50,3348.837421,0.0
-50.0,50,3349.314658,0.0
-50.0,50,3349.798959,0.0
-50.0,50,3350.324753,0.0
-50.0,50,3350.801987,0.0
-50.0,50,3351.284791,0.0
-50.0,50,3351.772153,0.0
-50.0,50,3352.300009,0.0
-50.0,50,3352.785221,0.0
-50.0,50,3353.260404,0.0
-50.0,50,3353.748067,0.0
-50.0,50,3354.277019,0.0
-50.0,50,3354.766325,0.0
-50.0,50,3355.252046,0.0
-50.0,50,3355.734557,0.0
-50.0,50,3356.263668,0.0
-50.0,50,3356.750013,0.0
-50.0,50,3357.225117,0.0
-50.0,50,3357.708953,0.0
-50.0,50,3358.226232,0.0
-50.0,50,3358.711936,0.0
-50.0,50,3359.198846,0.0
0.0,50,3359.682834,1.0
-50.0,50,3360.199777,0.0
-50.0,50,3360.67878,0.0
-50.0,50,3361.154646,0.0
-50.0,50,3361.632587,0.0
0.0,50,3362.154325,1.0
-50.0,50,3362.64227,0.0
-50.0,50,3363.119405,0.0
-50.0,50,3363.610703,0.0
-50.0,50,3364.136889,0.0
-50.0,50,3364.611835,0.0
-50.0,50,3365.102965,0.0
-50.0,50,3365.57992,0.0
-50.0,50,3366.105999,0.0
-50.0,50,3366.590404,0.0
-50.0,50,3367.078386,0.0
-50.0,50,3367.564835,0.0
-50.0,50,3368.087793,0.0
-50.0,50,3368.568117,0.0
-50.0,50,3369.051854,0.0
-50.0,50,3369.535911,0.0
-50.0,50,3370.04385,0.0
-50.0,50,3370.534935,0.0
-50.0,50,3371.013559,0.0
-50.0,50,3371.488625,0.0
-50.0,50,3372.03028,0.0
-50.0,50,3372.511718,0.0
-50.0,50,3372.999858,0.0
-50.0,50,3373.481359,0.0
-50.0,50,3373.988896,0.0
-50.0,50,3374.473412,0.0
-50.0,50,3374.961304,0.0
-50.0,50,3375.450106,0.0
-50.0,50,3375.986812,0.0
-50.0,50,3376.473705,0.0
-50.0,50,3376.962883,0.0
-50.0,50,3377.446239,0.0
-50.0,50,3377.968853,0.0
-50.0,50,3378.456908,0.0
-50.0,50,3378.943097,0.0
-50.0,50,3379.420316,0.0
-50.0,50,3379.945686,0.0
-50.0,50,3380.436867,0.0
-50.0,50,3380.913079,0.0
-50.0,50,3381.398936,0.0
-50.0,50,3381.915908,0.0
-50.0,50,3382.406831,0.0
-50.0,50,3382.884125,0.0
-50.0,50,3383.366025,0.0
-50.0,50,3383.876413,0.0
-50.0,50,3384.360689,0.0
-50.0,50,3384.846745,0.0
-50.0,50,3385.340256,0.0
-50.0,50,3385.84908,0.0
-50.0,50,3386.340744,0.0
-50.0,50,3386.828653,0.0
-50.0,50,3387.311255,0.0
0.0,50,3387.828425,1.0
-50.0,50,3388.32215,0.0
-50.0,50,3388.814947,0.0
-50.0,50,3389.304454,0.0
0.0,50,3389.818149,1.0
-50.0,50,3390.30918,0.0
-50.0,50,3390.794245,0.0
-50.0,50,3391.283413,0.0
-50.0,50,3391.806488,0.0
-50.0,50,3392.295524,0.0
-50.0,50,3392.78349,0.0
-50.0,50,3393.272568,0.0
-50.0,50,3396.091326,0.0
0.0,50,3396.56808,1.0
-50.0,50,3397.057524,0.0
-50.0,50,3397.544198,0.0
-50.0,50,3398.065655,0.0
-50.0,50,3398.554287,0.0
-50.0,50,3399.039393,0.0
-50.0,50,3399.525565,0.0
-50.0,50,3400.050058,0.0
-50.0,50,3400.535166,0.0
-50.0,50,3401.018987,0.0
-50.0,50,3401.508554,0.0
-50.0,50,3402.024998,0.0
0.0,50,3402.516958,1.0
-50.0,50,3403.005154,0.0
-50.0,50,3403.495196,0.0
-50.0,50,3404.005848,0.0
-50.0,50,3404.491934,0.0
-50.0,50,3404.982001,0.0
-50.0,50,3405.469908,0.0
-50.0,50,3405.9872,0.0
-50.0,50,3406.472404,0.0
-50.0,50,3406.958853,0.0
-50.0,50,3407.442769,0.0
-50.0,50,3407.945963,0.0
-50.0,50,3408.427802,0.0
-50.0,50,3408.911455,0.0
-50.0,50,3409.40075,0.0
-50.0,50,3409.938169,0.0
-50.0,50,3410.424419,0.0
-50.0,50,3410.90293,0.0
-50.0,50,3411.365483,0.0
-50.0,50,3411.857733,0.0
0.0,50,3412.313466,1.0
-50.0,50,3412.885228,0.0
-50.0,50,3414.03407,0.0
-50.0,50,3415.15869,0.0
0.0,50,3416.232086,1.0
0.0,50,3417.335648,1.0
-50.0,50,3418.423463,0.0
-50.0,50,3419.56534,0.0
-50.0,50,3420.66098,0.0
-50.0,50,3421.75455,0.0
-50.0,50,3422.837253,0.0
-50.0,50,3423.963721,0.0
-50.0,50,3425.102989,0.0
-50.0,50,3426.236736,0.0
-50.0,50,3427.354008,0.0
-50.0,50,3428.49991,0.0
-50.0,50,3429.597083,0.0
-50.0,50,3430.722126,0.0
-50.0,50,3431.827552,0.0
-50.0,50,3432.951642,0.0
-50.0,50,3434.05378,0.0
-50.0,50,3435.195725,0.0
-50.0,50,3436.283055,0.0
-50.0,50,3437.398587,0.0
-50.0,50,3438.493298,0.0
-50.0,50,3439.594655,0.0
-50.0,50,3440.688652,0.0
-50.0,50,3441.81839,0.0
-50.0,50,3442.910884,0.0
0.0,50,3443.980106,1.0
-50.0,50,3445.070514,0.0
-50.0,50,3446.205612,0.0
-50.0,50,3447.305745,0.0
-50.0,50,3448.401462,0.0
-50.0,50,3449.502041,0.0
0.0,50,3450.637248,1.0
0.0,50,3451.731766,1.0
-50.0,50,3452.816308,0.0
-50.0,50,3453.901973,0.0
-50.0,50,3455.03032,0.0
0.0,50,3456.134952,1.0
-50.0,50,3457.228705,0.0
0.0,50,3458.31522,1.0
-50.0,50,3459.439474,0.0
-50.0,50,3460.585541,0.0
-50.0,50,3461.657377,0.0
-50.0,50,3462.713699,0.0
-50.0,50,3463.83133,0.0
-50.0,50,3464.90939,0.0
-50.0,50,3465.978442,0.0
-50.0,50,3467.059128,0.0
-50.0,50,3468.184282,0.0
0.0,50,3469.253581,1.0
-50.0,50,3470.31972,0.0
-50.0,50,3471.376352,0.0
-50.0,50,3472.054773,0.0
-50.0,50,3472.549821,0.0
-50.0,50,3473.029504,0.0
-50.0,50,3473.507175,0.0
-50.0,50,3474.001643,0.0
-50.0,50,3474.486188,0.0
-50.0,50,3474.972718,0.0
-50.0,50,3475.448499,0.0
-50.0,50,3475.962511,0.0
-50.0,50,3476.443907,0.0
-50.0,50,3476.947668,0.0
-50.0,50,3477.416634,0.0
-50.0,50,3477.933602,0.0
-50.0,50,3478.40306,0.0
-50.0,50,3478.887314,0.0
-50.0,50,3479.367923,0.0
-50.0,50,3479.88168,0.0
-50.0,50,3480.365595,0.0
-50.0,50,3480.845741,0.0
-50.0,50,3481.332987,0.0
-50.0,50,3481.869514,0.0
-50.0,50,3482.351685,0.0
-50.0,50,3482.822881,0.0
-50.0,50,3483.313483,0.0
-50.0,50,3483.816108,0.0
-50.0,50,3484.285578,0.0
-50.0,50,3484.76019,0.0
-50.0,50,3485.253988,0.0
-50.0,50,3485.752569,0.0
-50.0,50,3486.228168,0.0
-50.0,50,3486.716574,0.0
-50.0,50,3487.205068,0.0
-50.0,50,3487.745237,0.0
-50.0,50,3488.222486,0.0
-50.0,50,3488.698651,0.0
-50.0,50,3489.180148,0.0
-50.0,50,3489.689849,0.0
-50.0,50,3490.166684,0.0
-50.0,50,3490.681484,0.0
-50.0,50,3491.17277,0.0
-50.0,50,3491.678475,0.0
-50.0,50,3492.186919,0.0
0.0,50,3492.679292,1.0
-50.0,50,3493.177915,0.0
-50.0,50,3493.673459,0.0
-50.0,50,3494.167828,0.0
-50.0,50,3494.643513,0.0
-50.0,50,3495.119599,0.0
0.0,50,3495.636894,1.0
-50.0,50,3496.125141,0.0
-50.0,50,3496.618347,0.0
-50.0,50,3497.109251,0.0
-50.0,50,3497.618828,0.0
-50.0,50,3498.098541,0.0
-50.0,50,3498.583502,0.0
-50.0,50,3499.058887,0.0
-50.0,50,3499.576934,0.0
-50.0,50,3500.062783,0.0
-50.0,50,3500.547214,0.0
-5.0,50,3501.035551,1.0
-50.0,50,3501.551625,0.0
-50.0,50,3502.032019,0.0
-50.0,50,3502.51404,0.0
-50.0,50,3502.992668,0.0
-50.0,50,3503.508741,0.0
0.0,50,3503.979782,1.0
-50.0,50,3504.461622,0.0
-50.0,50,3504.931272,0.0
-50.0,50,3505.427728,0.0
-50.0,50,3505.911323,0.0
-50.0,50,3506.384688,0.0
-50.0,50,3506.871648,0.0
-50.0,50,3507.374802,0.0
-50.0,50,3507.846346,0.0
-50.0,50,3508.320744,0.0
-50.0,50,3508.807921,0.0
-50.0,50,3509.303669,0.0
-50.0,50,3509.775944,0.0
-50.0,50,3510.247381,0.0
-50.0,50,3510.721538,0.0
-50.0,50,3511.219654,0.0
-50.0,50,3511.697644,0.0
-50.0,50,3512.173476,0.0
-50.0,50,3512.648151,0.0
-50.0,50,3513.141918,0.0
-50.0,50,3513.618648,0.0
-50.0,50,3514.092208,0.0
-50.0,50,3514.573916,0.0
-50.0,50,3515.088646,0.0
-50.0,50,3515.591697,0.0
-50.0,50,3516.071735,0.0
-50.0,50,3516.558779,0.0
-50.0,50,3517.074043,0.0
-50.0,50,3517.566723,0.0
-50.0,50,3518.042901,0.0
-50.0,50,3518.526719,0.0
0.0,50,3519.028776,1.0
-50.0,50,3519.511371,0.0
-50.0,50,3519.997522,0.0
-50.0,50,3520.4855,0.0
-50.0,50,3520.995237,0.0
-50.0,50,3521.480307,0.0
-50.0,50,3521.972775,0.0
0.0,50,3522.462207,1.0
-50.0,50,3523.005066,0.0
-50.0,50,3523.478343,0.0
-50.0,50,3523.954966,0.0
-50.0,50,3524.452305,0.0
-50.0,50,3524.959398,0.0
-50.0,50,3525.451009,0.0
-50.0,50,3525.926818,0.0
-50.0,50,3526.406805,0.0
-50.0,50,3529.266036,0.0
-50.0,50,3529.741692,0.0
-50.0,50,3530.219631,0.0
-50.0,50,3530.70584,0.0
-50.0,50,3531.211874,0.0
-50.0,50,3531.688,0.0
-50.0,50,3532.164248,0.0
-50.0,50,3532.641174,0.0
-50.0,50,3533.138305,0.0
-50.0,50,3533.617587,0.0
-50.0,50,3534.09144,0.0
-50.0,50,3534.570797,0.0
-50.0,50,3535.070743,0.0
-50.0,50,3535.550912,0.0
0.0,50,3536.031225,1.0
-50.0,50,3536.522231,0.0
-50.0,50,3537.039812,0.0
-50.0,50,3537.54789,0.0
0.0,50,3538.026825,1.0
-50.0,50,3538.507134,0.0
-50.0,50,3539.017016,0.0
-50.0,50,3539.497544,0.0
-50.0,50,3539.977592,0.0
-50.0,50,3540.469589,0.0
-50.0,50,3540.973631,0.0
-50.0,50,3541.453959,0.0
-50.0,50,3541.938465,0.0
-50.0,50,3542.427255,0.0
-50.0,50,3542.918897,0.0
-50.0,50,3543.410283,0.0
-50.0,50,3543.88775,0.0
-50.0,50,3544.367254,0.0
-50.0,50,3544.863379,0.0
-50.0,50,3545.36165,0.0
-50.0,50,3545.845683,0.0
-50.0,50,3546.333532,0.0
0.0,50,3546.829469,1.0
-50.0,50,3547.311244,0.0
-50.0,50,3547.790116,0.0
-50.0,50,3548.269907,0.0
-50.0,50,3548.76409,0.0
-50.0,50,3549.255834,0.0
-50.0,50,3549.737966,0.0
-50.0,50,3550.224009,0.0
-50.0,50,3550.719222,0.0
-50.0,50,3551.196496,0.0
-50.0,50,3551.684315,0.0
-50.0,50,3552.170648,0.0
-50.0,50,3552.673847,0.0
0.0,50,3553.17327,1.0
-50.0,50,3553.664137,0.0
0.0,50,3554.165016,1.0
-50.0,50,3554.669912,0.0
0.0,50,3555.147809,1.0
-50.0,50,3555.630645,0.0
-50.0,50,3556.121554,0.0
-50.0,50,3556.622113,0.0
-50.0,50,3557.123862,0.0
-50.0,50,3557.602531,0.0
-50.0,50,3558.103315,0.0
-50.0,50,3558.602699,0.0
-50.0,50,3559.091018,0.0
-50.0,50,3559.592093,0.0
-50.0,50,3560.072648,0.0
-50.0,50,3560.582757,0.0
-50.0,50,3561.060674,0.0
-50.0,50,3561.553708,0.0
-50.0,50,3562.033249,0.0
-50.0,50,3562.526017,0.0
0.0,50,3563.02529,1.0
-50.0,50,3563.502831,0.0
0.0,50,3563.992243,1.0
-50.0,50,3564.486105,0.0
-50.0,50,3564.96821,0.0
-50.0,50,3565.445885,0.0
-50.0,50,3565.937276,0.0
-50.0,50,3566.434026,0.0
-50.0,50,3566.913576,0.0
-50.0,50,3567.400128,0.0
-50.0,50,3567.881772,0.0
-50.0,50,3568.390095,0.0
-50.0,50,3568.868633,0.0
-50.0,50,3569.358768,0.0
-50.0,50,3569.84486,0.0
-50.0,50,3570.338421,0.0
-50.0,50,3570.820719,0.0
0.0,50,3571.30482,1.0
-50.0,50,3571.797454,0.0
-50.0,50,3572.298135,0.0
-50.0,50,3572.791254,0.0
0.0,50,3573.277345,1.0
-50.0,50,3573.760307,0.0
-50.0,50,3574.257414,0.0
-50.0,50,3574.739319,0.0
-50.0,50,3575.240847,0.0
-50.0,50,3575.726776,0.0
0.0,50,3576.234125,1.0
-50.0,50,3576.724715,0.0
-50.0,50,3577.211455,0.0
-50.0,50,3577.692282,0.0
-50.0,50,3578.198024,0.0
-50.0,50,3578.691635,0.0
-50.0,50,3579.182525,0.0
0.0,50,3579.672257,1.0
-50.0,50,3580.172594,0.0
0.0,50,3580.653017,1.0
-50.0,50,3581.134603,0.0
-50.0,50,3581.619241,0.0
-50.0,50,3582.125646,0.0
-50.0,50,3582.614573,0.0
0.0,50,3583.092157,1.0
-50.0,50,3583.573858,0.0
-50.0,50,3584.079865,0.0
-50.0,50,3584.571546,0.0
-50.0,50,3585.063715,0.0
-50.0,50,3585.608564,0.0
-50.0,50,3586.109971,0.0
-50.0,50,3586.598949,0.0
-50.0,50,3587.085557,0.0
-50.0,50,3587.563703,0.0
-50.0,50,3588.056639,0.0
-50.0,50,3588.542605,0.0
-50.0,50,3589.031776,0.0
-50.0,50,3589.522372,0.0
-50.0,50,3590.016983,0.0
-50.0,50,3590.49543,0.0
-50.0,50,3590.974445,0.0
-50.0,50,3591.467952,0.0
-50.0,50,3591.958701,0.0
-50.0,50,3592.443174,0.0
-50.0,50,3592.933929,0.0
-50.0,50,3593.425474,0.0
-50.0,50,3593.928825,0.0
-50.0,50,3594.412954,0.0
-50.0,50,3594.913397,0.0
-50.0,50,3595.405177,0.0
-50.0,50,3595.908723,0.0
0.0,50,3596.44244,1.0
0.0,50,3596.933718,1.0
-50.0,50,3597.428131,0.0
-50.0,50,3597.92265,0.0
-50.0,50,3598.409047,0.0
-50.0,50,3598.903583,0.0
-50.0,50,3599.384887,0.0
-50.0,50,3599.891809,0.0
0.0,50,3600.393553,1.0
-50.0,50,3600.886187,0.0
-50.0,50,3601.379515,0.0
-50.0,50,3601.872864,0.0
-50.0,50,3602.35829,0.0
-50.0,50,3602.84237,0.0
-50.0,50,3603.321273,0.0
-50.0,50,3603.816595,0.0
-50.0,50,3604.299411,0.0
0.0,50,3604.788372,1.0
-50.0,50,3605.286357,0.0
-50.0,50,3605.79936,0.0
-50.0,50,3606.289071,0.0
-50.0,50,3606.77966,0.0
-50.0,50,3607.263942,0.0
-50.0,50,3607.757512,0.0
-50.0,50,3608.238225,0.0
-50.0,50,3608.735567,0.0
-50.0,50,3609.21771,0.0
0.0,50,3609.708428,1.0
-50.0,50,3610.201178,0.0
-50.0,50,3610.693704,0.0
-50.0,50,3611.188622,0.0
-50.0,50,3611.692944,0.0
-50.0,50,3612.182817,0.0
-50.0,50,3612.666236,0.0
-50.0,50,3613.156312,0.0
-50.0,50,3613.66123,0.0
-50.0,50,3614.145894,0.0
-50.0,50,3614.633087,0.0
-50.0,50,3615.117218,0.0
-50.0,50,3615.613407,0.0
-50.0,50,3616.09332,0.0
-50.0,50,3616.574299,0.0
-50.0,50,3617.055885,0.0
-50.0,50,3617.558844,0.0
0.0,50,3618.059447,1.0
-50.0,50,3618.556884,0.0
-50.0,50,3619.039093,0.0
-50.0,50,3619.528496,0.0
-50.0,50,3620.006457,0.0
-50.0,50,3620.492751,0.0
0.0,50,3620.976471,1.0
-50.0,50,3621.468952,0.0
-50.0,50,3621.959716,0.0
-50.0,50,3622.456239,0.0
-50.0,50,3622.947771,0.0
-50.0,50,3623.483812,0.0
-50.0,50,3623.967654,0.0
-50.0,50,3624.461674,0.0
-50.0,50,3624.953741,0.0
-50.0,50,3625.44361,0.0
-50.0,50,3625.928071,0.0
-50.0,50,3626.419788,0.0
-50.0,50,3626.901122,0.0
-50.0,50,3629.763595,0.0
0.0,50,3630.269765,1.0
-50.0,50,3630.762538,0.0
-50.0,50,3631.24598,0.0
-50.0,50,3631.766221,0.0
-50.0,50,3632.244324,0.0
-50.0,50,3632.730241,0.0
-50.0,50,3633.209591,0.0
-50.0,50,3633.700948,0.0
-50.0,50,3634.183431,0.0
-50.0,50,3634.680954,0.0
-50.0,50,3635.1734,0.0
-50.0,50,3635.680308,0.0
0.0,50,3636.16131,1.0
-50.0,50,3636.65558,0.0
-50.0,50,3637.155932,0.0
-50.0,50,3637.64776,0.0
-50.0,50,3638.13358,0.0
-50.0,50,3638.613138,0.0
-50.0,50,3639.10896,0.0
-50.0,50,3639.604667,0.0
-50.0,50,3640.090013,0.0
-50.0,50,3640.579226,0.0
-50.0,50,3641.075686,0.0
-50.0,50,3641.56936,0.0
-50.0,50,3642.05866,0.0
-50.0,50,3642.551203,0.0
-50.0,50,3643.04163,0.0
-50.0,50,3643.536036,0.0
-50.0,50,3644.027773,0.0
-50.0,50,3644.517521,0.0
-50.0,50,3645.006562,0.0
-50.0,50,3645.50883,0.0
-50.0,50,3645.993892,0.0
-50.0,50,3646.483372,0.0
-50.0,50,3646.977353,0.0
-50.0,50,3647.482719,0.0
-50.0,50,3647.967478,0.0
-50.0,50,3648.448533,0.0
-50.0,50,3648.945748,0.0
-50.0,50,3649.458297,0.0
-50.0,50,3649.95249,0.0
-50.0,50,3650.431438,0.0
-50.0,50,3650.913376,0.0
-50.0,50,3651.42755,0.0
-50.0,50,3651.928937,0.0
-50.0,50,3652.421305,0.0
0.0,50,3652.918945,1.0
-50.0,50,3653.436613,0.0
-50.0,50,3653.919837,0.0
-50.0,50,3654.412383,0.0
-50.0,50,3654.892066,0.0
-50.0,50,3655.392162,0.0
-50.0,50,3655.898218,0.0
0.0,50,3656.389924,1.0
-50.0,50,3656.881135,0.0
-50.0,50,3657.391675,0.0
-50.0,50,3657.873096,0.0
-50.0,50,3658.365167,0.0
-50.0,50,3658.859264,0.0
-50.0,50,3659.353807,0.0
-50.0,50,3659.840658,0.0
-50.0,50,3660.327172,0.0
-50.0,50,3660.813602,0.0
-50.0,50,3661.332136,0.0
0.0,50,3661.823409,1.0
0.0,50,3662.308096,1.0
0.0,50,3662.788266,1.0
-50.0,50,3663.30443,0.0
-50.0,50,3663.783105,0.0
-50.0,50,3664.27099,0.0
0.0,50,3664.75402,1.0
-50.0,50,3665.257274,0.0
-50.0,50,3665.749621,0.0
-50.0,50,3666.231801,0.0
-50.0,50,3666.720491,0.0
-50.0,50,3667.218688,0.0
0.0,50,3667.712419,1.0
-50.0,50,3668.192111,0.0
-50.0,50,3668.682602,0.0
-50.0,50,3669.182415,0.0
-50.0,50,3669.672948,0.0
-50.0,50,3670.164837,0.0
-50.0,50,3670.672316,0.0
-50.0,50,3671.176964,0.0
-50.0,50,3671.662988,0.0
-50.0,50,3672.140872,0.0
-50.0,50,3672.621439,0.0
-50.0,50,3673.124893,0.0
-50.0,50,3673.609421,0.0
-50.0,50,3674.099991,0.0
-50.0,50,3674.592771,0.0
-50.0,50,3675.098652,0.0
-50.0,50,3675.587737,0.0
-50.0,50,3676.079002,0.0
-50.0,50,3676.565627,0.0
0.0,50,3677.09244,1.0
-50.0,50,3677.572608,0.0
-50.0,50,3678.057491,0.0
-50.0,50,3678.544806,0.0
-50.0,50,3679.043604,0.0
-50.0,50,3679.521927,0.0
-50.0,50,3680.003496,0.0
-50.0,50,3680.497657,0.0
-50.0,50,3681.003794,0.0
-50.0,50,3681.495681,0.0
-50.0,50,3681.972968,0.0
-50.0,50,3682.456667,0.0
-50.0,50,3682.96701,0.0
-50.0,50,3683.448981,0.0
-50.0,50,3683.935023,0.0
-50.0,50,3684.419916,0.0
-50.0,50,3684.917493,0.0
-50.0,50,3685.398962,0.0
-50.0,50,3685.881288,0.0
-50.0,50,3686.36328,0.0
-50.0,50,3686.860078,0.0
-50.0,50,3687.34814,0.0
-50.0,50,3687.841885,0.0
-50.0,50,3688.332144,0.0
-50.0,50,3688.834948,0.0
-50.0,50,3689.316157,0.0
-50.0,50,3689.805554,0.0
-50.0,50,3690.285291,0.0
-50.0,50,3690.792828,0.0
-50.0,50,3691.27406,0.0
-50.0,50,3691.754608,0.0
-50.0,50,3692.244549,0.0
-50.0,50,3692.734295,0.0
-50.0,50,3693.224184,0.0
-50.0,50,3693.713511,0.0
-50.0,50,3694.203646,0.0
-50.0,50,3694.746727,0.0
-50.0,50,3695.23954,0.0
-50.0,50,3695.729337,0.0
-50.0,50,3696.201381,0.0
-50.0,50,3696.700256,0.0
-50.0,50,3697.181767,0.0
-50.0,50,3697.657466,0.0
-50.0,50,3698.140644,0.0
0.0,50,3698.639939,1.0
-50.0,50,3699.126865,0.0
-50.0,50,3699.609983,0.0
0.0,50,3700.10396,1.0
-50.0,50,3700.606786,0.0
-50.0,50,3701.082676,0.0
-50.0,50,3701.565936,0.0
-50.0,50,3702.053671,0.0
-50.0,50,3702.542656,0.0
0.0,50,3703.021831,1.0
-50.0,50,3703.516702,0.0
0.0,50,3703.996961,1.0
-50.0,50,3704.501764,0.0
-50.0,50,3704.99882,0.0
0.0,50,3705.493104,1.0
-50.0,50,3705.984561,0.0
-50.0,50,3706.530886,0.0
-50.0,50,3707.032269,0.0
-50.0,50,3707.535606,0.0
-50.0,50,3708.017792,0.0
-50.0,50,3708.520839,0.0
-50.0,50,3709.031718,0.0
0.0,50,3709.514538,1.0
-50.0,50,3709.99818,0.0
-50.0,50,3710.496158,0.0
-50.0,50,3710.981505,0.0
-50.0,50,3711.470118,0.0
-50.0,50,3711.95579,0.0
-50.0,50,3712.461965,0.0
-50.0,50,3712.952409,0.0
-50.0,50,3713.445575,0.0
-50.0,50,3713.93866,0.0
-50.0,50,3714.460401,0.0
-50.0,50,3714.954462,0.0
-50.0,50,3715.445243,0.0
-50.0,50,3715.923236,0.0
-50.0,50,3716.433938,0.0
-50.0,50,3716.916045,0.0
-50.0,50,3717.4002,0.0
-50.0,50,3717.879863,0.0
-50.0,50,3718.381017,0.0
-50.0,50,3718.876722,0.0
-50.0,50,3719.371811,0.0
-50.0,50,3719.853561,0.0
-50.0,50,3720.357377,0.0
-50.0,50,3720.848758,0.0
-50.0,50,3721.33044,0.0
-50.0,50,3721.823383,0.0
-50.0,50,3722.314423,0.0
-50.0,50,3722.798603,0.0
-50.0,50,3723.282573,0.0
-50.0,50,3723.776203,0.0
-50.0,50,3724.285969,0.0
-50.0,50,3724.776869,0.0
-50.0,50,3725.267371,0.0
-50.0,50,3725.762795,0.0
-50.0,50,3726.264407,0.0
-50.0,50,3726.748241,0.0
-50.0,50,3727.240117,0.0
-50.0,50,3727.728641,0.0
-50.0,50,3730.507264,0.0
-50.0,50,3730.9974,0.0
-50.0,50,3731.496235,0.0
-50.0,50,3731.98429,0.0
-50.0,50,3732.492563,0.0
-50.0,50,3732.982306,0.0
-50.0,50,3733.468011,0.0
-50.0,50,3733.948195,0.0
-50.0,50,3734.467822,0.0
0.0,50,3734.961722,1.0
-50.0,50,3735.458546,0.0
-50.0,50,3735.955001,0.0
-50.0,50,3736.463621,0.0
-50.0,50,3736.946788,0.0
-50.0,50,3737.438479,0.0
-50.0,50,3737.926432,0.0
-50.0,50,3738.433893,0.0
0.0,50,3738.910661,1.0
-50.0,50,3739.391572,0.0
-50.0,50,3739.873804,0.0
-50.0,50,3740.3629,0.0
-50.0,50,3740.840952,0.0
0.0,50,3741.318973,1.0
0.0,50,3741.799405,1.0
-50.0,50,3742.303953,0.0
-50.0,50,3742.790372,0.0
-50.0,50,3743.284548,0.0
-50.0,50,3743.775776,0.0
-50.0,50,3744.291408,0.0
-50.0,50,3744.787981,0.0
-50.0,50,3745.286592,0.0
-50.0,50,3745.784947,0.0
-50.0,50,3746.284454,0.0
-50.0,50,3746.777529,0.0
-50.0,50,3747.25586,0.0
-50.0,50,3747.742607,0.0
-50.0,50,3748.245211,0.0
-50.0,50,3748.730772,0.0
-50.0,50,3749.229957,0.0
-50.0,50,3749.716486,0.0
-50.0,50,3750.21767,0.0
-50.0,50,3750.70031,0.0
0.0,50,3751.183151,1.0
-50.0,50,3751.663324,0.0
-50.0,50,3752.159814,0.0
-50.0,50,3752.642716,0.0
-50.0,50,3753.13464,0.0
-50.0,50,3753.627435,0.0
-50.0,50,3754.127689,0.0
-50.0,50,3754.611167,0.0
-50.0,50,3755.109658,0.0
-50.0,50,3755.599142,0.0
0.0,50,3756.105683,1.0
-50.0,50,3756.601017,0.0
-50.0,50,3757.085071,0.0
-50.0,50,3757.574107,0.0
-50.0,50,3758.084516,0.0
-50.0,50,3758.569704,0.0
-50.0,50,3759.06002,0.0
-50.0,50,3759.566339,0.0
-50.0,50,3760.079952,0.0
-50.0,50,3760.570215,0.0
-50.0,50,3761.061186,0.0
-50.0,50,3761.553973,0.0
-50.0,50,3762.057956,0.0
-50.0,50,3762.548429,0.0
-50.0,50,3763.031764,0.0
-50.0,50,3763.524009,0.0
-50.0,50,3764.030303,0.0
-50.0,50,3764.509298,0.0
-50.0,50,3764.992426,0.0
-50.0,50,3765.480528,0.0
-50.0,50,3765.981705,0.0
-50.0,50,3766.454383,0.0
-50.0,50,3766.932846,0.0
-50.0,50,3767.415719,0.0
-50.0,50,3767.915139,0.0
-50.0,50,3768.391932,0.0
-50.0,50,3768.878711,0.0
-50.0,50,3769.361549,0.0
-50.0,50,3769.855504,0.0
-50.0,50,3770.338688,0.0
-50.0,50,3770.825143,0.0
-50.0,50,3771.309931,0.0
-50.0,50,3771.797219,0.0
-50.0,50,3772.287822,0.0
0.0,50,3772.784691,1.0
-50.0,50,3773.27205,0.0
-50.0,50,3773.761782,0.0
0.0,50,3774.258286,1.0
-50.0,50,3774.735813,0.0
-50.0,50,3775.210377,0.0
-50.0,50,3775.708156,0.0
-50.0,50,3776.190071,0.0
-50.0,50,3776.668839,0.0
-50.0,50,3777.141311,0.0
-50.0,50,3777.625365,0.0
-50.0,50,3778.109104,0.0
-50.0,50,3778.601087,0.0
-50.0,50,3779.07483,0.0
-50.0,50,3779.561462,0.0
-50.0,50,3780.053293,0.0
-50.0,50,3780.541138,0.0
-50.0,50,3781.028637,0.0
-50.0,50,3781.541846,0.0
-50.0,50,3782.029119,0.0
-50.0,50,3782.521158,0.0
-50.0,50,3783.00857,0.0
-50.0,50,3783.507379,0.0
-50.0,50,3783.99143,0.0
-50.0,50,3784.488888,0.0
-50.0,50,3784.986846,0.0
-50.0,50,3785.507321,0.0
-50.0,50,3785.995487,0.0
-50.0,50,3786.478373,0.0
-50.0,50,3786.961557,0.0
-50.0,50,3787.48224,0.0
-50.0,50,3787.970939,0.0
-50.0,50,3788.473075,0.0
-50.0,50,3788.967834,0.0
-50.0,50,3789.461761,0.0
-50.0,50,3789.939939,0.0
-50.0,50,3790.414791,0.0
-50.0,50,3790.893442,0.0
-50.0,50,3791.386568,0.0
-50.0,50,3791.871446,0.0
-50.0,50,3792.345778,0.0
-50.0,50,3792.830602,0.0
-50.0,50,3793.31097,0.0
-50.0,50,3793.795548,0.0
-50.0,50,3794.301407,0.0
-50.0,50,3794.787736,0.0
-50.0,50,3795.272764,0.0
0.0,50,3795.758941,1.0
0.0,50,3796.255024,1.0
-50.0,50,3796.731903,0.0
-50.0,50,3797.226087,0.0
-50.0,50,3797.702296,0.0
-50.0,50,3798.179515,0.0
-50.0,50,3798.66183,0.0
-50.0,50,3799.151868,0.0
-50.0,50,3799.623541,0.0
-50.0,50,3800.112896,0.0
0.0,50,3800.582501,1.0
-50.0,50,3801.071944,0.0
-50.0,50,3801.554424,0.0
-50.0,50,3802.029444,0.0
-50.0,50,3802.503756,0.0
-50.0,50,3802.990775,0.0
-50.0,50,3803.470528,0.0
-50.0,50,3803.940564,0.0
-50.0,50,3804.422494,0.0
-50.0,50,3804.908136,0.0
-50.0,50,3805.38169,0.0
0.0,50,3805.858974,1.0
-50.0,50,3806.336823,0.0
-50.0,50,3806.834576,0.0
-50.0,50,3807.313716,0.0
-50.0,50,3807.782444,0.0
-50.0,50,3808.262072,0.0
-50.0,50,3808.759251,0.0
0.0,50,3809.251178,1.0
-50.0,50,3809.731488,0.0
-50.0,50,3810.215596,0.0
-50.0,50,3810.701832,0.0
-50.0,50,3811.179466,0.0
-50.0,50,3811.652172,0.0
-50.0,50,3812.124385,0.0
-50.0,50,3812.608973,0.0
-50.0,50,3813.094136,0.0
-50.0,50,3813.578629,0.0
-50.0,50,3814.04761,0.0
-50.0,50,3814.534407,0.0
-50.0,50,3815.009438,0.0
-50.0,50,3815.498544,0.0
-50.0,50,3815.980509,0.0
-50.0,50,3816.475635,0.0
-50.0,50,3816.952385,0.0
-50.0,50,3817.433471,0.0
-50.0,50,3817.911503,0.0
-50.0,50,3818.419411,0.0
-50.0,50,3818.908023,0.0
-50.0,50,3819.386363,0.0
0.0,50,3819.878258,1.0
-50.0,50,3820.372332,0.0
-50.0,50,3820.85098,0.0
-50.0,50,3821.335391,0.0
-50.0,50,3821.813354,0.0
-50.0,50,3822.302557,0.0
-50.0,50,3822.77572,0.0
-50.0,50,3823.248676,0.0
-50.0,50,3823.723584,0.0
-50.0,50,3824.222692,0.0
-50.0,50,3824.693666,0.0
-50.0,50,3825.165374,0.0
0.0,50,3825.649872,1.0
-50.0,50,3826.142777,0.0
-50.0,50,3826.617287,0.0
-50.0,50,3827.092588,0.0
-50.0,50,3827.570099,0.0
-50.0,50,3830.341941,0.0
-50.0,50,3830.815752,0.0
-50.0,50,3831.28612,0.0
-50.0,50,3831.760798,0.0
-50.0,50,3832.245823,0.0
-50.0,50,3832.716334,0.0
-50.0,50,3833.19441,0.0
-50.0,50,3833.66972,0.0
-50.0,50,3834.164767,0.0
0.0,50,3834.641363,1.0
-50.0,50,3835.119383,0.0
-50.0,50,3835.591896,0.0
-50.0,50,3836.087541,0.0
-50.0,50,3836.569679,0.0
-50.0,50,3837.052785,0.0
-50.0,50,3837.525296,0.0
-50.0,50,3838.012578,0.0
-50.0,50,3838.483511,0.0
-50.0,50,3838.95751,0.0
-50.0,50,3839.44243,0.0
-50.0,50,3839.938351,0.0
0.0,50,3840.416906,1.0
-50.0,50,3840.894249,0.0
-50.0,50,3841.372834,0.0
-50.0,50,3841.891513,0.0
-50.0,50,3842.383724,0.0
-50.0,50,3842.861718,0.0
-50.0,50,3843.340444,0.0
-50.0,50,3843.831455,0.0
-50.0,50,3844.312791,0.0
-50.0,50,3844.797629,0.0
-50.0,50,3845.281282,0.0
-50.0,50,3845.773483,0.0
-50.0,50,3846.247127,0.0
-50.0,50,3846.743334,0.0
-50.0,50,3847.212512,0.0
-50.0,50,3847.699315,0.0
-50.0,50,3848.180457,0.0
-50.0,50,3848.668396,0.0
-50.0,50,3849.142861,0.0
-50.0,50,3849.639643,0.0
-50.0,50,3850.116843,0.0
-50.0,50,3850.592807,0.0
0.0,50,3851.095017,1.0
0.0,50,3851.592651,1.0
-50.0,50,3852.065928,0.0
-50.0,50,3852.543527,0.0
-50.0,50,3853.018168,0.0
-50.0,50,3853.509837,0.0
-50.0,50,3853.991555,0.0
0.0,50,3854.480631,1.0
-50.0,50,3854.952288,0.0
-50.0,50,3855.454906,0.0
-50.0,50,3855.936116,0.0
-50.0,50,3856.421276,0.0
-50.0,50,3856.909403,0.0
-50.0,50,3857.409847,0.0
-50.0,50,3857.88707,0.0
-50.0,50,3858.36371,0.0
-50.0,50,3858.840269,0.0
-50.0,50,3859.324886,0.0
0.0,50,3859.794119,1.0
-50.0,50,3860.280372,0.0
-50.0,50,3860.758798,0.0
-50.0,50,3861.248919,0.0
-50.0,50,3861.734224,0.0
-50.0,50,3862.214185,0.0
-50.0,50,3862.701383,0.0
-50.0,50,3863.192683,0.0
-50.0,50,3863.678065,0.0
-50.0,50,3864.160846,0.0
-50.0,50,3864.643451,0.0
-50.0,50,3865.138759,0.0
-50.0,50,3865.62017,0.0
-50.0,50,3866.097817,0.0
-50.0,50,3866.590467,0.0
-50.0,50,3867.102528,0.0
-50.0,50,3867.579604,0.0
-50.0,50,3868.068775,0.0
-50.0,50,3868.560592,0.0
-50.0,50,3869.055306,0.0
-50.0,50,3869.545253,0.0
-50.0,50,3870.023706,0.0
-50.0,50,3870.506357,0.0
-50.0,50,3871.046393,0.0
-50.0,50,3871.531913,0.0
-50.0,50,3872.006276,0.0
-50.0,50,3872.479218,0.0
-50.0,50,3872.968776,0.0
-50.0,50,3873.442204,0.0
-50.0,50,3873.9166,0.0
-50.0,50,3874.410266,0.0
-50.0,50,3874.922247,0.0
-50.0,50,3875.405662,0.0
-50.0,50,3875.892363,0.0
-50.0,50,3876.379495,0.0
-50.0,50,3876.86341,0.0
-50.0,50,3877.33537,0.0
-50.0,50,3877.82047,0.0
-50.0,50,3878.306173,0.0
-50.0,50,3878.798679,0.0
-50.0,50,3879.27287,0.0
-50.0,50,3879.747213,0.0
-50.0,50,3880.224548,0.0
-50.0,50,3880.72313,0.0
-50.0,50,3881.20782,0.0
-50.0,50,3881.686882,0.0
0.0,50,3882.161638,1.0
-50.0,50,3882.65991,0.0
-50.0,50,3883.137848,0.0
-50.0,50,3883.634195,0.0
-50.0,50,3884.126465,0.0
-50.0,50,3884.621513,0.0
-50.0,50,3885.106785,0.0
-50.0,50,3885.588647,0.0
-50.0,50,3886.085429,0.0
-50.0,50,3886.604263,0.0
-50.0,50,3887.087492,0.0
-50.0,50,3887.572762,0.0
-50.0,50,3888.048604,0.0
-50.0,50,3888.565449,0.0
-50.0,50,3889.047262,0.0
-50.0,50,3889.524493,0.0
-50.0,50,3889.997416,0.0
-50.0,50,3890.499869,0.0
-50.0,50,3890.981862,0.0
-50.0,50,3891.465714,0.0
-50.0,50,3891.941828,0.0
-50.0,50,3892.468746,0.0
-50.0,50,3892.950128,0.0
-50.0,50,3893.439028,0.0
-50.0,50,3893.916252,0.0
-50.0,50,3894.437816,0.0
-50.0,50,3894.931173,0.0
-50.0,50,3895.41444,0.0
-50.0,50,3895.901312,0.0
-50.0,50,3896.421646,0.0
-50.0,50,3896.899768,0.0
-50.0,50,3897.384068,0.0
-50.0,50,3897.866229,0.0
-50.0,50,3898.375534,0.0
-50.0,50,3898.852487,0.0
-50.0,50,3899.33787,0.0
-50.0,50,3899.821359,0.0
-50.0,50,3900.329879,0.0
-50.0,50,3900.805801,0.0
-50.0,50,3901.282322,0.0
-50.0,50,3901.771411,0.0
-50.0,50,3902.287713,0.0
-50.0,50,3902.778481,0.0
-50.0,50,3903.255887,0.0
-50.0,50,3903.74242,0.0
-50.0,50,3904.264508,0.0
-50.0,50,3904.742344,0.0
-50.0,50,3905.242808,0.0
-50.0,50,3905.737783,0.0
-50.0,50,3906.25737,0.0
-50.0,50,3906.736904,0.0
-50.0,50,3907.216876,0.0
-50.0,50,3907.701113,0.0
-50.0,50,3908.212454,0.0
-50.0,50,3908.702196,0.0
-50.0,50,3909.189972,0.0
-50.0,50,3909.667595,0.0
-50.0,50,3910.174494,0.0
-50.0,50,3910.658666,0.0
-50.0,50,3911.138348,0.0
-50.0,50,3911.625854,0.0
-50.0,50,3912.14133,0.0
-50.0,50,3912.626556,0.0
-50.0,50,3913.113735,0.0
-50.0,50,3913.590016,0.0
-50.0,50,3914.106248,0.0
-50.0,50,3914.583544,0.0
-50.0,50,3915.059171,0.0
-50.0,50,3915.539266,0.0
-50.0,50,3916.055611,0.0
-50.0,50,3916.536366,0.0
-50.0,50,3917.022916,0.0
0.0,50,3917.508741,1.0
-50.0,50,3918.042761,0.0
0.0,50,3918.537049,1.0
-50.0,50,3919.025843,0.0
-50.0,50,3919.509209,0.0
-50.0,50,3920.034015,0.0
-50.0,50,3920.520349,0.0
-50.0,50,3921.003756,0.0
-50.0,50,3921.501597,0.0
-50.0,50,3922.027333,0.0
-50.0,50,3922.516473,0.0
-50.0,50,3923.012746,0.0
-50.0,50,3923.504684,0.0
-50.0,50,3924.027243,0.0
-50.0,50,3924.511908,0.0
-50.0,50,3925.006673,0.0
-50.0,50,3925.501518,0.0
-50.0,50,3926.016597,0.0
-50.0,50,3926.495379,0.0
-50.0,50,3926.982384,0.0
-50.0,50,3927.473607,0.0
-50.0,50,3930.371559,0.0
-50.0,50,3930.900353,0.0
-50.0,50,3931.380475,0.0
-50.0,50,3931.862399,0.0
-50.0,50,3932.373313,0.0
-50.0,50,3932.86405,0.0
-50.0,50,3933.347872,0.0
-50.0,50,3933.842176,0.0
-50.0,50,3934.347813,0.0
-50.0,50,3934.831406,0.0
-50.0,50,3935.326645,0.0
-50.0,50,3935.821817,0.0
-50.0,50,3936.342566,0.0
-50.0,50,3936.83373,0.0
-50.0,50,3937.326423,0.0
-50.0,50,3937.812657,0.0
-50.0,50,3938.330691,0.0
-50.0,50,3938.822634,0.0
-50.0,50,3939.305332,0.0
-50.0,50,3939.792814,0.0
-50.0,50,3940.301445,0.0
-50.0,50,3940.794681,0.0
-50.0,50,3941.319391,0.0
-50.0,50,3941.799176,0.0
-50.0,50,3942.310972,0.0
-50.0,50,3942.808001,0.0
-50.0,50,3943.300355,0.0
-50.0,50,3943.79477,0.0
-50.0,50,3944.298802,0.0
-50.0,50,3944.787416,0.0
-50.0,50,3945.271481,0.0
0.0,50,3945.754988,1.0
-50.0,50,3946.270539,0.0
-50.0,50,3946.749722,0.0
-50.0,50,3947.232235,0.0
-50.0,50,3947.723877,0.0
-50.0,50,3948.254596,0.0
-50.0,50,3948.749508,0.0
0.0,50,3949.240729,1.0
-50.0,50,3949.727854,0.0
-50.0,50,3950.237663,0.0
-50.0,50,3950.730361,0.0
-50.0,50,3951.221079,0.0
-50.0,50,3951.71564,0.0
-50.0,50,3952.226388,0.0
-50.0,50,3952.709168,0.0
-50.0,50,3953.202043,0.0
-50.0,50,3953.700389,0.0
-50.0,50,3954.211193,0.0
-50.0,50,3954.699608,0.0
-50.0,50,3955.182107,0.0
-50.0,50,3955.669592,0.0
-50.0,50,3956.186366,0.0
-50.0,50,3956.674945,0.0
-50.0,50,3957.172773,0.0
-50.0,50,3957.67336,0.0
-50.0,50,3958.197093,0.0
-50.0,50,3958.697531,0.0
-50.0,50,3959.184625,0.0
-50.0,50,3959.673568,0.0
0.0,50,3960.181869,1.0
-50.0,50,3960.663872,0.0
-50.0,50,3961.148054,0.0
-50.0,50,3961.636642,0.0
-50.0,50,3962.14122,0.0
-50.0,50,3962.630763,0.0
0.0,50,3963.120447,1.0
-50.0,50,3963.608458,0.0
-50.0,50,3964.124947,0.0
-50.0,50,3964.616227,0.0
-50.0,50,3965.110711,0.0
-50.0,50,3965.597684,0.0
-50.0,50,3966.111816,0.0
-50.0,50,3966.59277,0.0
-50.0,50,3967.080954,0.0
-50.0,50,3967.560132,0.0
-50.0,50,3968.076669,0.0
-50.0,50,3968.558198,0.0
-50.0,50,3969.044442,0.0
-50.0,50,3969.528093,0.0
-50.0,50,3970.034195,0.0
0.0,50,3970.519681,1.0
-50.0,50,3971.00849,0.0
-50.0,50,3971.503169,0.0
-50.0,50,3972.032137,0.0
-50.0,50,3972.521201,0.0
-50.0,50,3973.004054,0.0
-50.0,50,3973.497015,0.0
-50.0,50,3974.016602,0.0
-50.0,50,3974.507748,0.0
-50.0,50,3975.001492,0.0
0.0,50,3975.482388,1.0
-50.0,50,3975.999189,0.0
0.0,50,3976.495969,1.0
-50.0,50,3976.989735,0.0
-50.0,50,3977.487768,0.0
-50.0,50,3978.012786,0.0
-50.0,50,3978.494877,0.0
-50.0,50,3978.976904,0.0
-50.0,50,3979.463486,0.0
-50.0,50,3979.985785,0.0
-50.0,50,3980.47296,0.0
-50.0,50,3980.979667,0.0
-50.0,50,3981.4707,0.0
-50.0,50,3982.036852,0.0
-50.0,50,3982.520656,0.0
-50.0,50,3983.004622,0.0
-41.0,50,3983.486628,0.0
-50.0,50,3984.0243,0.0
-50.0,50,3984.512492,0.0
-50.0,50,3984.991665,0.0
-50.0,50,3985.469674,0.0
-50.0,50,3985.980193,0.0
-50.0,50,3986.468528,0.0
-50.0,50,3986.942323,0.0
-50.0,50,3987.432434,0.0
-50.0,50,3987.93889,0.0
-50.0,50,3988.413557,0.0
-50.0,50,3988.892631,0.0
-50.0,50,3989.368637,0.0
0.0,50,3989.882161,1.0
-50.0,50,3990.356774,0.0
-50.0,50,3990.832578,0.0
-50.0,50,3991.308122,0.0
-50.0,50,3991.828186,0.0
-50.0,50,3992.304609,0.0
-50.0,50,3992.78042,0.0
-50.0,50,3993.257987,0.0
-50.0,50,3993.75379,0.0
-50.0,50,3994.238469,0.0
-50.0,50,3994.736077,0.0
-50.0,50,3995.228397,0.0
-50.0,50,3995.743647,0.0
-50.0,50,3996.222224,0.0
-50.0,50,3996.720963,0.0
-50.0,50,3997.208732,0.0
-50.0,50,3997.732263,0.0
-50.0,50,3998.207234,0.0
-50.0,50,3998.695371,0.0
-50.0,50,3999.176356,0.0
-50.0,50,3999.693352,0.0
-50.0,50,4000.172807,0.0
-50.0,50,4000.663462,0.0
-50.0,50,4001.15324,0.0
-50.0,50,4001.661831,0.0
-50.0,50,4002.139521,0.0
-50.0,50,4002.634748,0.0
-50.0,50,4003.115854,0.0
-50.0,50,4003.660553,0.0
-50.0,50,4004.138143,0.0
-50.0,50,4004.614727,0.0
0.0,50,4005.100892,1.0
0.0,50,4005.620873,1.0
-50.0,50,4006.111032,0.0
-50.0,50,4006.601492,0.0
-50.0,50,4007.081181,0.0
-50.0,50,4007.592546,0.0
-50.0,50,4008.068631,0.0
-50.0,50,4008.555348,0.0
-50.0,50,4009.040735,0.0
-50.0,50,4009.555497,0.0
-50.0,50,4010.037407,0.0
-50.0,50,4010.512513,0.0
-50.0,50,4011.001002,0.0
-50.0,50,4011.514425,0.0
-50.0,50,4011.991376,0.0
-50.0,50,4012.474918,0.0
-50.0,50,4012.960333,0.0
-50.0,50,4013.482816,0.0
-50.0,50,4013.974345,0.0
-50.0,50,4014.458433,0.0
-50.0,50,4014.938048,0.0
-50.0,50,4015.457461,0.0
-50.0,50,4015.937823,0.0
-50.0,50,4016.425082,0.0
-50.0,50,4016.902987,0.0
0.0,50,4017.408325,1.0
-50.0,50,4017.894788,0.0
-50.0,50,4018.371776,0.0
-50.0,50,4018.849744,0.0
-50.0,50,4019.373284,0.0
-50.0,50,4019.865064,0.0
0.0,50,4020.353427,1.0
-50.0,50,4020.836813,0.0
-50.0,50,4021.352325,0.0
-50.0,50,4021.831442,0.0
-50.0,50,4022.326519,0.0
-50.0,50,4022.814417,0.0
-50.0,50,4023.344613,0.0
-50.0,50,4023.83372,0.0
-50.0,50,4024.3483,0.0
-50.0,50,4024.835414,0.0
-50.0,50,4025.364369,0.0
-50.0,50,4025.853546,0.0
-50.0,50,4026.338147,0.0
-50.0,50,4026.831814,0.0
-50.0,50,4027.350043,0.0
-50.0,50,4027.844592,0.0
-50.0,50,4028.333699,0.0
-50.0,50,4028.824048,0.0
-50.0,50,4031.596601,0.0
-50.0,50,4032.078194,0.0
-50.0,50,4032.569892,0.0
-50.0,50,4033.064048,0.0
-50.0,50,4033.579324,0.0
-50.0,50,4034.06576,0.0
-50.0,50,4034.554972,0.0
-50.0,50,4035.044392,0.0
-50.0,50,4035.554143,0.0
0.0,50,4036.036511,1.0
-50.0,50,4036.524066,0.0
-50.0,50,4037.009267,0.0
-50.0,50,4037.525702,0.0
-50.0,50,4038.014326,0.0
-50.0,50,4038.498874,0.0
-50.0,50,4038.987186,0.0
-50.0,50,4039.497869,0.0
0.0,50,4039.978444,1.0
-50.0,50,4040.474505,0.0
-50.0,50,4040.963274,0.0
-50.0,50,4041.466664,0.0
-50.0,50,4041.951854,0.0
-50.0,50,4042.425931,0.0
-50.0,50,4042.905057,0.0
-50.0,50,4043.411572,0.0
-50.0,50,4043.891407,0.0
-50.0,50,4044.369365,0.0
0.0,50,4044.842285,1.0
-50.0,50,4045.376503,0.0
-50.0,50,4045.854511,0.0
-50.0,50,4046.334539,0.0
-50.0,50,4046.810503,0.0
-50.0,50,4047.301303,0.0
-50.0,50,4047.788142,0.0
-50.0,50,4048.283638,0.0
-50.0,50,4048.779736,0.0
-50.0,50,4049.303652,0.0
-50.0,50,4049.791241,0.0
-50.0,50,4050.283005,0.0
-50.0,50,4050.786155,0.0
-50.0,50,4051.299472,0.0
-50.0,50,4051.782312,0.0
-50.0,50,4052.277206,0.0
-50.0,50,4052.780414,0.0
-50.0,50,4053.299889,0.0
-50.0,50,4053.798372,0.0
-50.0,50,4054.281632,0.0
-50.0,50,4054.773182,0.0
-50.0,50,4055.296548,0.0
-50.0,50,4055.794455,0.0
-50.0,50,4056.277351,0.0
-50.0,50,4056.757159,0.0
-50.0,50,4057.286875,0.0
-50.0,50,4057.773337,0.0
-50.0,50,4058.265686,0.0
-50.0,50,4058.746674,0.0
-50.0,50,4059.25993,0.0
-50.0,50,4059.749449,0.0
-50.0,50,4060.241493,0.0
-50.0,50,4060.737456,0.0
-50.0,50,4061.257549,0.0
0.0,50,4061.736427,1.0
-50.0,50,4062.233061,0.0
-50.0,50,4062.725037,0.0
-50.0,50,4063.221431,0.0
-50.0,50,4063.693505,0.0
-50.0,50,4064.151102,0.0
-50.0,50,4064.609823,0.0
-50.0,50,4065.091273,0.0
-50.0,50,4065.560579,0.0
-50.0,50,4066.329053,0.0
-50.0,50,4067.432881,0.0
-50.0,50,4068.565062,0.0
-50.0,50,4069.613826,0.0
-50.0,50,4070.704064,0.0
0.0,50,4071.860007,1.0
-50.0,50,4073.047448,0.0
-50.0,50,4074.108235,0.0
-50.0,50,4075.184859,0.0
-50.0,50,4076.265384,0.0
-50.0,50,4077.385824,0.0
-50.0,50,4078.459265,0.0
-50.0,50,4079.517492,0.0
-50.0,50,4080.580235,0.0
-50.0,50,4081.691703,0.0
-50.0,50,4082.762664,0.0
-50.0,50,4083.847806,0.0
-50.0,50,4084.942584,0.0
-50.0,50,4086.074593,0.0
-50.0,50,4087.194921,0.0
-50.0,50,4088.342569,0.0
0.0,50,4089.4682,1.0
-50.0,50,4090.588749,0.0
0.0,50,4091.691013,1.0
-50.0,50,4092.765891,0.0
-50.0,50,4093.854379,0.0
-50.0,50,4094.9621,0.0
-50.0,50,4096.014171,0.0
-50.0,50,4097.129314,0.0
-50.0,50,4098.237356,0.0
-50.0,50,4099.347006,0.0
0.0,50,4100.023102,1.0
0.0,50,4100.517298,1.0
-50.0,50,4101.005708,0.0
-50.0,50,4101.527279,0.0
-50.0,50,4102.008147,0.0
-50.0,50,4102.500026,0.0
-50.0,50,4102.983358,0.0
0.0,50,4103.499795,1.0
-50.0,50,4103.984429,0.0
-50.0,50,4104.475297,0.0
-50.0,50,4104.962153,0.0
-50.0,50,4105.467016,0.0
-50.0,50,4105.946052,0.0
-50.0,50,4106.432743,0.0
-50.0,50,4106.921744,0.0
-50.0,50,4107.428879,0.0
-50.0,50,4107.920495,0.0
-50.0,50,4108.413306,0.0
-50.0,50,4108.899536,0.0
0.0,50,4109.437626,1.0
-50.0,50,4109.927543,0.0
-50.0,50,4110.415868,0.0
-50.0,50,4110.908162,0.0
-50.0,50,4111.416295,0.0
-50.0,50,4111.9117,0.0
-50.0,50,4112.400588,0.0
-50.0,50,4112.886373,0.0
-50.0,50,4113.40728,0.0
-50.0,50,4113.90542,0.0
0.0,50,4114.385216,1.0
-50.0,50,4114.885365,0.0
-50.0,50,4115.409574,0.0
-50.0,50,4115.897149,0.0
-50.0,50,4116.382797,0.0
-50.0,50,4116.873895,0.0
-50.0,50,4117.389076,0.0
-50.0,50,4117.881962,0.0
-50.0,50,4118.372815,0.0
-50.0,50,4118.854496,0.0
-50.0,50,4119.356963,0.0
-50.0,50,4119.84684,0.0
-50.0,50,4120.340245,0.0
-50.0,50,4120.82628,0.0
-50.0,50,4121.336326,0.0
-50.0,50,4121.822497,0.0
-50.0,50,4122.308608,0.0
-50.0,50,4122.801451,0.0
-50.0,50,4123.308271,0.0
-50.0,50,4123.797152,0.0
-50.0,50,4124.288333,0.0
0.0,50,4124.778132,1.0
-50.0,50,4125.28336,0.0
-50.0,50,4125.774641,0.0
-50.0,50,4126.272373,0.0
-50.0,50,4126.760848,0.0
-50.0,50,4127.27089,0.0
-50.0,50,4127.761565,0.0
-50.0,50,4128.251834,0.0
-50.0,50,4128.732678,0.0
-50.0,50,4129.23792,0.0
-50.0,50,4129.730427,0.0
-50.0,50,4130.222279,0.0
-50.0,50,4130.709375,0.0
-50.0,50,4131.219253,0.0
-46.0,50,4131.700216,0.0
-50.0,50,4132.187322,0.0
-50.0,50,4132.682749,0.0
-50.0,50,4133.181107,0.0
-50.0,50,4133.658642,0.0
0.0,50,4134.157969,1.0
-50.0,50,4134.649603,0.0
-50.0,50,4135.155237,0.0
-50.0,50,4135.650857,0.0
-50.0,50,4136.142738,0.0
-50.0,50,4136.647229,0.0
0.0,50,4137.153912,1.0
-50.0,50,4137.657936,0.0
-50.0,50,4138.148519,0.0
-50.0,50,4138.639406,0.0
-50.0,50,4139.151636,0.0
-50.0,50,4139.644463,0.0
-50.0,50,4140.146594,0.0
-50.0,50,4140.652166,0.0
-50.0,50,4141.181942,0.0
-50.0,50,4141.675273,0.0
-50.0,50,4142.170293,0.0
-50.0,50,4142.650833,0.0
-50.0,50,4143.154945,0.0
-50.0,50,4143.647907,0.0
-50.0,50,4144.142225,0.0
0.0,50,4144.627174,1.0
0.0,50,4145.141674,1.0
-50.0,50,4145.624412,0.0
-50.0,50,4146.104686,0.0
-50.0,50,4146.59252,0.0
-50.0,50,4147.080659,0.0
-50.0,50,4147.568874,0.0
-50.0,50,4148.049285,0.0
-50.0,50,4148.539347,0.0
-50.0,50,4151.402008,0.0
-50.0,50,4151.884777,0.0
-50.0,50,4152.364474,0.0
-50.0,50,4152.840064,0.0
-50.0,50,4153.354246,0.0
-50.0,50,4153.845365,0.0
-50.0,50,4154.324303,0.0
0.0,50,4154.807753,1.0
-50.0,50,4155.314002,0.0
-50.0,50,4155.797962,0.0
-50.0,50,4156.288964,0.0
-50.0,50,4156.780607,0.0
-50.0,50,4157.277119,0.0
-50.0,50,4157.766819,0.0
-50.0,50,4158.26394,0.0
-50.0,50,4158.749357,0.0
-50.0,50,4159.255406,0.0
-50.0,50,4159.740543,0.0
-50.0,50,4160.221644,0.0
-50.0,50,4160.703503,0.0
-50.0,50,4161.20076,0.0
-50.0,50,4161.686866,0.0
-50.0,50,4162.165646,0.0
-50.0,50,4162.649208,0.0
-50.0,50,4163.173382,0.0
-50.0,50,4163.662645,0.0
-50.0,50,4164.150289,0.0
-50.0,50,4164.632509,0.0
-50.0,50,4165.130526,0.0
-50.0,50,4165.609234,0.0
-50.0,50,4166.094445,0.0
-50.0,50,4166.580055,0.0
-50.0,50,4167.069152,0.0
-50.0,50,4167.557868,0.0
-50.0,50,4168.046819,0.0
-50.0,50,4168.53635,0.0
-50.0,50,4169.040382,0.0
0.0,50,4169.522325,1.0
0.0,50,4170.008982,1.0
-50.0,50,4170.487684,0.0
-50.0,50,4170.985373,0.0
-50.0,50,4171.476446,0.0
-50.0,50,4171.966215,0.0
-50.0,50,4172.447637,0.0
-50.0,50,4172.936319,0.0
0.0,50,4173.412056,1.0
-50.0,50,4173.903084,0.0
-50.0,50,4174.391655,0.0
-50.0,50,4174.885268,0.0
-50.0,50,4175.372084,0.0
-50.0,50,4175.857055,0.0
-50.0,50,4176.349177,0.0
-50.0,50,4176.847559,0.0
-50.0,50,4177.330761,0.0
-50.0,50,4177.823887,0.0
-50.0,50,4178.302311,0.0
-50.0,50,4178.824466,0.0
-50.0,50,4179.304057,0.0
-50.0,50,4179.789329,0.0
-50.0,50,4180.282353,0.0
-50.0,50,4180.785521,0.0
-50.0,50,4181.263163,0.0
-50.0,50,4181.756346,0.0
-50.0,50,4182.245596,0.0
-50.0,50,4182.778187,0.0
-50.0,50,4183.262449,0.0
-50.0,50,4183.746824,0.0
-50.0,50,4184.229851,0.0
-50.0,50,4184.728264,0.0
-50.0,50,4185.20726,0.0
-50.0,50,4185.702584,0.0
-50.0,50,4186.185275,0.0
-50.0,50,4186.686198,0.0
-50.0,50,4187.176718,0.0
-50.0,50,4187.663211,0.0
-50.0,50,4188.149239,0.0
-50.0,50,4188.66224,0.0
-50.0,50,4189.145498,0.0
-50.0,50,4189.631716,0.0
-50.0,50,4190.111046,0.0
-50.0,50,4190.614241,0.0
-50.0,50,4191.099243,0.0
-50.0,50,4191.577329,0.0
-50.0,50,4192.063161,0.0
-50.0,50,4192.563648,0.0
-50.0,50,4193.047194,0.0
-50.0,50,4193.54453,0.0
-50.0,50,4194.027774,0.0
-50.0,50,4194.528797,0.0
0.0,50,4195.012276,1.0
-50.0,50,4195.492007,0.0
0.0,50,4195.977572,1.0
-50.0,50,4196.485853,0.0
-50.0,50,4196.969261,0.0
-50.0,50,4197.453913,0.0
-50.0,50,4197.939476,0.0
0.0,50,4198.446861,1.0
0.0,50,4198.949457,1.0
-50.0,50,4199.429157,0.0
-50.0,50,4199.913934,0.0
-50.0,50,4200.407359,0.0
-50.0,50,4200.892385,0.0
-50.0,50,4201.379076,0.0
-50.0,50,4201.860393,0.0
-50.0,50,4202.360396,0.0
-50.0,50,4202.84971,0.0
-50.0,50,4203.329031,0.0
-50.0,50,4203.813558,0.0
-50.0,50,4204.312818,0.0
-50.0,50,4204.801188,0.0
-50.0,50,4205.30638,0.0
-50.0,50,4205.795269,0.0
-50.0,50,4206.291348,0.0
-50.0,50,4206.778501,0.0
-50.0,50,4207.266828,0.0
-50.0,50,4207.74699,0.0
-50.0,50,4208.253363,0.0
-50.0,50,4208.738323,0.0
-50.0,50,4209.224362,0.0
0.0,50,4209.715313,1.0
0.0,50,4210.216228,1.0
-50.0,50,4210.700399,0.0
-50.0,50,4211.19338,0.0
0.0,50,4211.676687,1.0
-50.0,50,4212.174375,0.0
-50.0,50,4212.659745,0.0
-50.0,50,4213.147887,0.0
-50.0,50,4213.626297,0.0
-50.0,50,4214.1272,0.0
-50.0,50,4214.610667,0.0
-50.0,50,4215.100114,0.0
-50.0,50,4215.583854,0.0
-50.0,50,4216.085251,0.0
0.0,50,4216.568629,1.0
0.0,50,4217.0464,1.0
-50.0,50,4217.52632,0.0
-50.0,50,4218.042208,0.0
0.0,50,4218.532457,1.0
-50.0,50,4219.028906,0.0
-50.0,50,4219.514231,0.0
0.0,50,4220.022502,1.0
-50.0,50,4220.512264,0.0
-50.0,50,4221.006898,0.0
-50.0,50,4221.502724,0.0
-50.0,50,4222.006558,0.0
-50.0,50,4222.490354,0.0
-50.0,50,4222.981753,0.0
-50.0,50,4223.472361,0.0
0.0,50,4223.976076,1.0
-50.0,50,4224.463669,0.0
-50.0,50,4224.942036,0.0
-50.0,50,4225.430486,0.0
-50.0,50,4225.929577,0.0
-50.0,50,4226.40924,0.0
-50.0,50,4226.901075,0.0
-50.0,50,4227.379185,0.0
-50.0,50,4227.880545,0.0
-50.0,50,4228.358751,0.0
-50.0,50,4228.83628,0.0
-50.0,50,4229.324639,0.0
-50.0,50,4229.817904,0.0
-50.0,50,4230.304938,0.0
-50.0,50,4230.79123,0.0
-50.0,50,4231.279973,0.0
-50.0,50,4231.78328,0.0
-50.0,50,4232.270465,0.0
0.0,50,4232.751801,1.0
0.0,50,4233.235202,1.0
-50.0,50,4233.739318,0.0
-50.0,50,4234.232784,0.0
-50.0,50,4234.72474,0.0
-50.0,50,4235.222504,0.0
-50.0,50,4235.729631,0.0
-50.0,50,4236.221931,0.0
-50.0,50,4236.723746,0.0
-50.0,50,4237.215566,0.0
-50.0,50,4237.751912,0.0
-50.0,50,4238.244256,0.0
-50.0,50,4238.730292,0.0
-50.0,50,4239.213833,0.0
-50.0,50,4239.709397,0.0
-50.0,50,4240.194353,0.0
-50.0,50,4240.680219,0.0
0.0,50,4241.165076,1.0
-50.0,50,4241.653821,0.0
-50.0,50,4242.131747,0.0
-50.0,50,4242.617841,0.0
-50.0,50,4243.109293,0.0
-50.0,50,4243.597535,0.0
0.0,50,4244.069099,1.0
-50.0,50,4244.548382,0.0
-50.0,50,4245.028136,0.0
-50.0,50,4245.528132,0.0
-50.0,50,4246.010628,0.0
-50.0,50,4246.502149,0.0
-50.0,50,4246.983292,0.0
-50.0,50,4247.507825,0.0
-50.0,50,4247.999062,0.0
-50.0,50,4248.487537,0.0
-50.0,50,4248.972707,0.0
-50.0,50,4251.728452,0.0
-50.0,50,4252.212328,0.0
-50.0,50,4252.700527,0.0
-50.0,50,4253.198393,0.0
-50.0,50,4253.730725,0.0
-50.0,50,4254.209638,0.0
-50.0,50,4254.695355,0.0
-50.0,50,4255.186847,0.0
-50.0,50,4255.690623,0.0
-50.0,50,4256.17148,0.0
-50.0,50,4256.664099,0.0
-50.0,50,4257.151202,0.0
-50.0,50,4257.657463,0.0
-50.0,50,4258.14059,0.0
-50.0,50,4258.628581,0.0
-50.0,50,4259.116508,0.0
-50.0,50,4259.626993,0.0
0.0,50,4260.116079,1.0
-50.0,50,4260.606767,0.0
-50.0,50,4261.084923,0.0
-50.0,50,4261.582786,0.0
-50.0,50,4262.070775,0.0
-50.0,50,4262.547984,0.0
-50.0,50,4263.039799,0.0
-50.0,50,4263.54916,0.0
-50.0,50,4264.022888,0.0
-50.0,50,4264.507375,0.0
-50.0,50,4264.992425,0.0
-50.0,50,4265.484049,0.0
-50.0,50,4265.970154,0.0
-50.0,50,4266.454041,0.0
-50.0,50,4266.941311,0.0
-50.0,50,4267.441097,0.0
-50.0,50,4267.916789,0.0
-50.0,50,4268.398533,0.0
-50.0,50,4268.886341,0.0
-50.0,50,4269.402161,0.0
-50.0,50,4269.889385,0.0
-50.0,50,4270.368579,0.0
-50.0,50,4270.851275,0.0
-50.0,50,4271.354522,0.0
-50.0,50,4271.82896,0.0
-50.0,50,4272.302195,0.0
-50.0,50,4272.784168,0.0
-50.0,50,4273.279456,0.0
-50.0,50,4273.751962,0.0
-50.0,50,4274.224865,0.0
-50.0,50,4274.701057,0.0
-50.0,50,4275.194067,0.0
-50.0,50,4275.671257,0.0
-50.0,50,4276.162652,0.0
-50.0,50,4276.636238,0.0
-50.0,50,4277.127298,0.0
-50.0,50,4277.610775,0.0
-50.0,50,4278.096343,0.0
-50.0,50,4278.570207,0.0
-50.0,50,4279.076947,0.0
-50.0,50,4279.564603,0.0
-50.0,50,4280.039076,0.0
-50.0,50,4280.525383,0.0
-50.0,50,4281.022376,0.0
-50.0,50,4281.545412,0.0
-50.0,50,4282.069895,0.0
-50.0,50,4282.558076,0.0
-50.0,50,4283.067175,0.0
-50.0,50,4283.54315,0.0
-50.0,50,4284.030472,0.0
-50.0,50,4284.507746,0.0
-50.0,50,4285.006215,0.0
-50.0,50,4285.485299,0.0
-50.0,50,4285.96185,0.0
-50.0,50,4286.438213,0.0
-50.0,50,4286.937528,0.0
-50.0,50,4287.414569,0.0
-50.0,50,4287.899832,0.0
-50.0,50,4288.388475,0.0
-50.0,50,4288.88956,0.0
-50.0,50,4289.367868,0.0
-50.0,50,4289.845717,0.0
-50.0,50,4290.329894,0.0
-50.0,50,4290.824638,0.0
0.0,50,4291.307426,1.0
-50.0,50,4291.78501,0.0
-50.0,50,4292.297009,0.0
-50.0,50,4292.806718,0.0
-50.0,50,4293.285259,0.0
-50.0,50,4293.763452,0.0
-50.0,50,4294.243661,0.0
-50.0,50,4294.74601,0.0
-50.0,50,4295.232802,0.0
-50.0,50,4295.709016,0.0
-50.0,50,4296.196069,0.0
-50.0,50,4296.689918,0.0
-50.0,50,4297.172575,0.0
-50.0,50,4297.653097,0.0
0.0,50,4298.146195,1.0
-50.0,50,4298.665246,0.0
-50.0,50,4299.16003,0.0
-50.0,50,4299.645624,0.0
-50.0,50,4300.129282,0.0
-50.0,50,4300.652301,0.0
0.0,50,4301.144867,1.0
-50.0,50,4301.634305,0.0
-50.0,50,4302.125786,0.0
0.0,50,4302.642324,1.0
-50.0,50,4303.123048,0.0
-50.0,50,4303.613126,0.0
-50.0,50,4304.095924,0.0
-50.0,50,4304.591196,0.0
-50.0,50,4305.075124,0.0
-50.0,50,4305.553497,0.0
-50.0,50,4306.043879,0.0
0.0,50,4306.556399,1.0
0.0,50,4307.042198,1.0
-50.0,50,4307.528035,0.0
-50.0,50,4308.008654,0.0
-50.0,50,4308.518366,0.0
-50.0,50,4309.005252,0.0
-50.0,50,4309.496407,0.0
0.0,50,4309.980074,1.0
-50.0,50,4310.488485,0.0
-50.0,50,4310.969143,0.0
-50.0,50,4311.450128,0.0
-50.0,50,4311.939229,0.0
-50.0,50,4312.429324,0.0
-50.0,50,4312.907538,0.0
-50.0,50,4313.393245,0.0
-50.0,50,4313.875927,0.0
-50.0,50,4314.390702,0.0
0.0,50,4314.874424,1.0
-50.0,50,4315.351282,0.0
-50.0,50,4315.831922,0.0
-50.0,50,4316.333117,0.0
-50.0,50,4316.815879,0.0
-50.0,50,4317.310416,0.0
-50.0,50,4317.79591,0.0
-50.0,50,4318.305375,0.0
-50.0,50,4318.789218,0.0
-50.0,50,4319.275691,0.0
-50.0,50,4319.757147,0.0
-50.0,50,4320.261739,0.0
-50.0,50,4320.745631,0.0
-50.0,50,4321.235098,0.0
-50.0,50,4321.709968,0.0
-50.0,50,4322.216561,0.0
-50.0,50,4322.699928,0.0
-50.0,50,4323.172309,0.0
-50.0,50,4323.649995,0.0
-50.0,50,4324.151035,0.0
0.0,50,4324.633372,1.0
-50.0,50,4325.120087,0.0
-50.0,50,4325.594112,0.0
-50.0,50,4326.098982,0.0
-50.0,50,4326.570296,0.0
-50.0,50,4327.041963,0.0
-50.0,50,4327.517056,0.0
-50.0,50,4328.010301,0.0
-50.0,50,4328.483299,0.0
-50.0,50,4328.963059,0.0
0.0,50,4329.438775,1.0
-50.0,50,4329.935324,0.0
-50.0,50,4330.422178,0.0
-50.0,50,4330.908392,0.0
-50.0,50,4331.385578,0.0
-50.0,50,4331.88656,0.0
-50.0,50,4332.359936,0.0
-50.0,50,4332.843781,0.0
-50.0,50,4333.317263,0.0
-50.0,50,4333.836387,0.0
-50.0,50,4334.313554,0.0
-50.0,50,4334.796144,0.0
0.0,50,4335.27067,1.0
0.0,50,4335.770742,1.0
-50.0,50,4336.242061,0.0
-50.0,50,4336.714551,0.0
-50.0,50,4337.189485,0.0
-50.0,50,4337.68026,0.0
-50.0,50,4338.164604,0.0
-50.0,50,4338.645935,0.0
-50.0,50,4339.132245,0.0
-50.0,50,4339.636318,0.0
-50.0,50,4340.12382,0.0
-50.0,50,4340.607162,0.0
-50.0,50,4341.081881,0.0
-50.0,50,4341.603166,0.0
-50.0,50,4342.091012,0.0
-50.0,50,4342.575466,0.0
-50.0,50,4343.064035,0.0
-50.0,50,4343.575468,0.0
-50.0,50,4344.067769,0.0
-50.0,50,4344.547402,0.0
0.0,50,4345.029956,1.0
-50.0,50,4345.526572,0.0
0.0,50,4346.008112,1.0
0.0,50,4346.51806,1.0
-50.0,50,4346.994135,0.0
-50.0,50,4347.500146,0.0
0.0,50,4347.981138,1.0
-50.0,50,4348.465783,0.0
-50.0,50,4348.944725,0.0
0.0,50,4351.697008,1.0
-50.0,50,4352.180777,0.0
-50.0,50,4352.666139,0.0
-50.0,50,4353.14445,0.0
-50.0,50,4353.650273,0.0
-50.0,50,4354.12825,0.0
-50.0,50,4354.619493,0.0
-50.0,50,4355.104221,0.0
-50.0,50,4355.616475,0.0
-42.0,50,4356.116015,0.0
-50.0,50,4356.602204,0.0
-50.0,50,4357.09516,0.0
-50.0,50,4357.599834,0.0
-50.0,50,4358.082092,0.0
0.0,50,4358.566321,1.0
-50.0,50,4359.052351,0.0
-50.0,50,4359.548216,0.0
-50.0,50,4360.0263,0.0
-50.0,50,4360.512825,0.0
-50.0,50,4360.998697,0.0
-50.0,50,4361.503886,0.0
-50.0,50,4361.980811,0.0
-50.0,50,4362.460546,0.0
-50.0,50,4362.943164,0.0
-50.0,50,4363.450131,0.0
-50.0,50,4363.935507,0.0
-50.0,50,4364.414294,0.0
-50.0,50,4364.894033,0.0
-50.0,50,4365.38709,0.0
-50.0,50,4365.879918,0.0
-50.0,50,4366.363178,0.0
-50.0,50,4366.852956,0.0
0.0,50,4367.356454,1.0
-50.0,50,4367.843502,0.0
-50.0,50,4368.334669,0.0
-50.0,50,4368.818563,0.0
-50.0,50,4369.322948,0.0
-50.0,50,4369.805308,0.0
-50.0,50,4370.297745,0.0
-50.0,50,4370.782166,0.0
-50.0,50,4371.286486,0.0
-50.0,50,4371.778811,0.0
-50.0,50,4372.265996,0.0
0.0,50,4372.751966,1.0
-50.0,50,4373.246665,0.0
-50.0,50,4373.738847,0.0
-50.0,50,4374.224671,0.0
-50.0,50,4374.707647,0.0
-50.0,50,4375.206669,0.0
-50.0,50,4375.698547,0.0
-50.0,50,4376.192428,0.0
-50.0,50,4376.673416,0.0
-50.0,50,4377.181976,0.0
-50.0,50,4377.674523,0.0
-50.0,50,4378.168898,0.0
-50.0,50,4378.648288,0.0
-50.0,50,4379.142157,0.0
0.0,50,4379.619077,1.0
-50.0,50,4380.099644,0.0
-50.0,50,4380.590464,0.0
-50.0,50,4381.09711,0.0
-50.0,50,4381.587888,0.0
-50.0,50,4382.067987,0.0
-50.0,50,4382.561301,0.0
-50.0,50,4383.059293,0.0
-50.0,50,4383.545562,0.0
-50.0,50,4384.026096,0.0
-50.0,50,4384.505305,0.0
-50.0,50,4385.007097,0.0
0.0,50,4385.494396,1.0
-50.0,50,4385.983391,0.0
-50.0,50,4386.506524,0.0
-50.0,50,4387.008944,0.0
-50.0,50,4387.489149,0.0
-50.0,50,4387.972436,0.0
-50.0,50,4388.452654,0.0
-50.0,50,4388.961065,0.0
-50.0,50,4389.438549,0.0
-50.0,50,4389.917744,0.0
-50.0,50,4390.402665,0.0
-50.0,50,4390.894629,0.0
-50.0,50,4391.387766,0.0
-50.0,50,4391.865296,0.0
-50.0,50,4392.34694,0.0
-50.0,50,4392.850318,0.0
-50.0,50,4393.335714,0.0
-50.0,50,4393.815517,0.0
-50.0,50,4394.292413,0.0
-50.0,50,4394.795158,0.0
-50.0,50,4395.281299,0.0
-50.0,50,4395.755068,0.0
-50.0,50,4396.241333,0.0
-50.0,50,4396.732534,0.0
-50.0,50,4397.211909,0.0
-50.0,50,4397.698466,0.0
-50.0,50,4398.177912,0.0
-50.0,50,4398.682955,0.0
-50.0,50,4399.174782,0.0
-50.0,50,4399.668967,0.0
0.0,50,4400.164528,1.0
-50.0,50,4400.67346,0.0
-50.0,50,4401.164066,0.0
-50.0,50,4401.65235,0.0
-50.0,50,4402.143816,0.0
-50.0,50,4402.660328,0.0
0.0,50,4403.154211,1.0
-50.0,50,4403.646819,0.0
-50.0,50,4404.127216,0.0
-50.0,50,4404.622537,0.0
-50.0,50,4405.10152,0.0
-50.0,50,4405.58539,0.0
-50.0,50,4406.077345,0.0
-50.0,50,4406.576983,0.0
-50.0,50,4407.056504,0.0
-50.0,50,4407.531477,0.0
-50.0,50,4408.015069,0.0
-50.0,50,4408.507331,0.0
-50.0,50,4408.996811,0.0
-50.0,50,4409.474855,0.0
-50.0,50,4409.955675,0.0
-50.0,50,4410.447059,0.0
-50.0,50,4410.926473,0.0
-50.0,50,4411.408578,0.0
-50.0,50,4411.899537,0.0
-50.0,50,4412.408699,0.0
-50.0,50,4412.884877,0.0
-50.0,50,4413.364328,0.0
0.0,50,4413.847398,1.0
-50.0,50,4414.345532,0.0
-50.0,50,4414.831284,0.0
-50.0,50,4415.318053,0.0
-50.0,50,4415.79502,0.0
-50.0,50,4416.302411,0.0
-50.0,50,4416.795494,0.0
-50.0,50,4417.280942,0.0
-50.0,50,4417.771076,0.0
-50.0,50,4418.275185,0.0
-50.0,50,4418.7645,0.0
0.0,50,4419.243383,1.0
-50.0,50,4419.722014,0.0
-50.0,50,4420.215662,0.0
-50.0,50,4420.699997,0.0
-50.0,50,4421.179069,0.0
-50.0,50,4421.662717,0.0
-50.0,50,4422.174739,0.0
-50.0,50,4422.662897,0.0
-50.0,50,4423.156752,0.0
-50.0,50,4423.639484,0.0
-50.0,50,4424.165198,0.0
-50.0,50,4424.638241,0.0
-50.0,50,4425.122301,0.0
-50.0,50,4425.603181,0.0
-50.0,50,4426.089831,0.0
-50.0,50,4426.569709,0.0
-50.0,50,4427.048974,0.0
-50.0,50,4427.534796,0.0
-50.0,50,4428.062253,0.0
-50.0,50,4428.549521,0.0
-50.0,50,4429.043499,0.0
-50.0,50,4429.528522,0.0
-50.0,50,4430.024797,0.0
-50.0,50,4430.505004,0.0
-50.0,50,4430.988948,0.0
-50.0,50,4431.472658,0.0
-50.0,50,4431.977667,0.0
-50.0,50,4432.466543,0.0
-50.0,50,4432.944865,0.0
-50.0,50,4433.434802,0.0
-50.0,50,4433.945088,0.0
-50.0,50,4434.42566,0.0
-50.0,50,4434.901917,0.0
-50.0,50,4435.391097,0.0
-50.0,50,4435.886252,0.0
-50.0,50,4436.367893,0.0
-50.0,50,4436.857372,0.0
-50.0,50,4437.35,0.0
-50.0,50,4437.850892,0.0
-50.0,50,4438.339329,0.0
-50.0,50,4438.828275,0.0
-50.0,50,4439.316816,0.0
-50.0,50,4439.822139,0.0
0.0,50,4440.317895,1.0
-50.0,50,4440.810091,0.0
-50.0,50,4441.303457,0.0
-50.0,50,4441.803269,0.0
-50.0,50,4442.285426,0.0
-50.0,50,4442.775357,0.0
-50.0,50,4443.264308,0.0
-50.0,50,4443.762067,0.0
-50.0,50,4444.252163,0.0
-50.0,50,4444.739823,0.0
-50.0,50,4445.231708,0.0
-50.0,50,4445.732998,0.0
-50.0,50,4446.224864,0.0
-50.0,50,4446.711319,0.0
-50.0,50,4447.199818,0.0
-50.0,50,4447.703975,0.0
-50.0,50,4448.185227,0.0
0.0,50,4448.676028,1.0
-50.0,50,4449.164521,0.0
-50.0,50,4451.938334,0.0
-50.0,50,4452.423625,0.0
-50.0,50,4452.912799,0.0
-50.0,50,4453.403432,0.0
-50.0,50,4453.907508,0.0
-50.0,50,4454.399228,0.0
-50.0,50,4454.886039,0.0
-50.0,50,4455.370651,0.0
0.0,50,4455.881397,1.0
-50.0,50,4456.370389,0.0
-50.0,50,4456.857629,0.0
-50.0,50,4457.339447,0.0
-50.0,50,4457.839895,0.0
-50.0,50,4458.329468,0.0
-50.0,50,4458.818447,0.0
0.0,50,4459.308207,1.0
-50.0,50,4459.805526,0.0
-50.0,50,4460.288807,0.0
0.0,50,4460.780865,1.0
-50.0,50,4461.274912,0.0
-50.0,50,4461.776783,0.0
-50.0,50,4462.265733,0.0
-50.0,50,4462.75415,0.0
-50.0,50,4463.234002,0.0
-50.0,50,4463.733902,0.0
-50.0,50,4464.223039,0.0
-50.0,50,4464.704198,0.0
-50.0,50,4465.188988,0.0
-50.0,50,4465.728437,0.0
-50.0,50,4466.208198,0.0
0.0,50,4466.694717,1.0
-50.0,50,4467.18411,0.0
0.0,50,4467.681686,1.0
-50.0,50,4468.160224,0.0
-50.0,50,4468.642062,0.0
-50.0,50,4469.126035,0.0
-50.0,50,4469.632556,0.0
-50.0,50,4470.119074,0.0
0.0,50,4470.607079,1.0
-50.0,50,4471.085761,0.0
-50.0,50,4471.583578,0.0
0.0,50,4472.074474,1.0
-50.0,50,4472.557821,0.0
0.0,50,4473.058899,1.0
-50.0,50,4473.549758,0.0
-50.0,50,4474.034318,0.0
-50.0,50,4474.516394,0.0
-50.0,50,4475.006319,0.0
0.0,50,4475.506975,1.0
-50.0,50,4475.987178,0.0
-50.0,50,4476.482042,0.0
-50.0,50,4476.965933,0.0
-50.0,50,4477.470445,0.0
-50.0,50,4477.958252,0.0
-50.0,50,4478.446327,0.0
-50.0,50,4478.953058,0.0
-50.0,50,4479.456489,0.0
-50.0,50,4479.944297,0.0
-50.0,50,4480.431759,0.0
-50.0,50,4480.919435,0.0
-50.0,50,4481.423658,0.0
-50.0,50,4481.928492,0.0
-50.0,50,4482.428093,0.0
-50.0,50,4482.926489,0.0
-50.0,50,4483.431323,0.0
-50.0,50,4483.912899,0.0
-50.0,50,4484.402146,0.0
0.0,50,4484.879581,1.0
-50.0,50,4485.38125,0.0
-50.0,50,4485.863007,0.0
0.0,50,4486.340189,1.0
-50.0,50,4486.827932,0.0
-50.0,50,4487.329665,0.0
-50.0,50,4487.810235,0.0
-50.0,50,4488.295935,0.0
-50.0,50,4488.774571,0.0
-50.0,50,4489.292732,0.0
-50.0,50,4489.781148,0.0
-50.0,50,4490.264208,0.0
-50.0,50,4490.755833,0.0
-50.0,50,4491.249679,0.0
-50.0,50,4491.738815,0.0
-50.0,50,4492.224155,0.0
-50.0,50,4492.712805,0.0
-50.0,50,4493.205716,0.0
-50.0,50,4493.687829,0.0
-50.0,50,4494.169549,0.0
0.0,50,4494.649652,1.0
-50.0,50,4495.144092,0.0
-50.0,50,4495.621453,0.0
-50.0,50,4496.10648,0.0
-50.0,50,4496.598651,0.0
-50.0,50,4497.099634,0.0
-50.0,50,4497.586843,0.0
-50.0,50,4498.06636,0.0
-50.0,50,4498.548006,0.0
-50.0,50,4499.043122,0.0
0.0,50,4499.538034,1.0
-50.0,50,4500.034585,0.0
-50.0,50,4500.515995,0.0
-50.0,50,4501.022156,0.0
-50.0,50,4501.503554,0.0
-50.0,50,4501.993576,0.0
-50.0,50,4502.481642,0.0
-50.0,50,4502.981505,0.0
-50.0,50,4503.471335,0.0
-50.0,50,4503.952849,0.0
-50.0,50,4504.441949,0.0
-50.0,50,4504.93897,0.0
-50.0,50,4505.419787,0.0
-50.0,50,4505.903601,0.0
-50.0,50,4506.399022,0.0
-50.0,50,4506.892211,0.0
-50.0,50,4507.372145,0.0
-50.0,50,4507.851809,0.0
-50.0,50,4508.336543,0.0
-50.0,50,4508.841089,0.0
-50.0,50,4509.31974,0.0
-50.0,50,4509.799822,0.0
-50.0,50,4510.281218,0.0
-50.0,50,4510.775308,0.0
-50.0,50,4511.253884,0.0
-50.0,50,4511.731869,0.0
-50.0,50,4512.222949,0.0
-50.0,50,4512.737672,0.0
-50.0,50,4513.217933,0.0
-50.0,50,4513.703427,0.0
-50.0,50,4514.192127,0.0
-50.0,50,4514.69726,0.0
-50.0,50,4515.188166,0.0
-50.0,50,4515.668349,0.0
-50.0,50,4516.160013,0.0
-50.0,50,4516.664007,0.0
-50.0,50,4517.153662,0.0
-50.0,50,4517.643974,0.0
-50.0,50,4518.136033,0.0
-50.0,50,4518.640511,0.0
-50.0,50,4519.119436,0.0
-50.0,50,4519.599261,0.0
-50.0,50,4520.07787,0.0
-50.0,50,4520.577364,0.0
-50.0,50,4521.058466,0.0
-50.0,50,4521.54066,0.0
-50.0,50,4522.021946,0.0
0.0,50,4522.514518,1.0
-50.0,50,4523.004933,0.0
-50.0,50,4523.494532,0.0
-50.0,50,4523.973187,0.0
-50.0,50,4524.462886,0.0
-50.0,50,4524.950234,0.0
0.0,50,4525.431031,1.0
-50.0,50,4525.908727,0.0
-50.0,50,4526.411013,0.0
-50.0,50,4526.903544,0.0
0.0,50,4527.394326,1.0
-50.0,50,4527.884676,0.0
-50.0,50,4528.383417,0.0
-50.0,50,4528.86974,0.0
-50.0,50,4529.35041,0.0
-50.0,50,4529.8316,0.0
-50.0,50,4530.325577,0.0
-50.0,50,4530.809031,0.0
-50.0,50,4531.295467,0.0
-50.0,50,4531.784247,0.0
-50.0,50,4532.279871,0.0
-50.0,50,4532.760233,0.0
-50.0,50,4533.252289,0.0
-50.0,50,4533.741126,0.0
-50.0,50,4534.236863,0.0
-50.0,50,4534.71497,0.0
-50.0,50,4535.197735,0.0
-50.0,50,4535.674388,0.0
-50.0,50,4536.172327,0.0
-50.0,50,4536.662215,0.0
-50.0,50,4537.139892,0.0
-50.0,50,4537.622888,0.0
-50.0,50,4538.122175,0.0
-50.0,50,4538.597461,0.0
-50.0,50,4539.076057,0.0
-50.0,50,4539.565896,0.0
-50.0,50,4540.063276,0.0
-50.0,50,4540.54838,0.0
-50.0,50,4541.024261,0.0
-50.0,50,4541.518481,0.0
-50.0,50,4542.01371,0.0
-50.0,50,4542.500561,0.0
-50.0,50,4542.985289,0.0
-50.0,50,4543.465278,0.0
-50.0,50,4543.956546,0.0
-50.0,50,4544.4348,0.0
-50.0,50,4544.914147,0.0
-50.0,50,4545.396527,0.0
-47.0,50,4545.896941,0.0
-50.0,50,4546.390192,0.0
0.0,50,4546.862712,1.0
-50.0,50,4547.34563,0.0
-50.0,50,4547.833823,0.0
-50.0,50,4548.33899,0.0
-50.0,50,4548.817571,0.0
-50.0,50,4549.299953,0.0
-50.0,50,4552.070807,0.0
-50.0,50,4552.542865,0.0
-50.0,50,4553.023092,0.0
-50.0,50,4553.510041,0.0
-50.0,50,4554.002104,0.0
-50.0,50,4554.487275,0.0
-50.0,50,4554.987537,0.0
-50.0,50,4555.474321,0.0
-50.0,50,4555.957273,0.0
-50.0,50,4556.432577,0.0
0.0,50,4556.903479,1.0
-50.0,50,4557.378408,0.0
-50.0,50,4557.873046,0.0
-50.0,50,4558.34118,0.0
-50.0,50,4558.820075,0.0
-50.0,50,4559.298261,0.0
-50.0,50,4559.801121,0.0
0.0,50,4560.270973,1.0
-50.0,50,4560.749648,0.0
-50.0,50,4561.231715,0.0
-50.0,50,4561.754313,0.0
-50.0,50,4562.236541,0.0
-50.0,50,4562.706271,0.0
-50.0,50,4563.179496,0.0
-50.0,50,4563.665854,0.0
-50.0,50,4564.145026,0.0
-50.0,50,4564.623004,0.0
-50.0,50,4565.094151,0.0
-50.0,50,4565.588904,0.0
-50.0,50,4566.072838,0.0
-50.0,50,4566.564297,0.0
-50.0,50,4567.042921,0.0
-50.0,50,4567.566827,0.0
-50.0,50,4568.054076,0.0
-50.0,50,4568.547129,0.0
-50.0,50,4569.034536,0.0
-50.0,50,4569.536986,0.0
-50.0,50,4570.013204,0.0
-50.0,50,4570.497983,0.0
-50.0,50,4570.98587,0.0
-50.0,50,4571.477867,0.0
-50.0,50,4571.967486,0.0
0.0,50,4572.452472,1.0
-50.0,50,4572.938934,0.0
-50.0,50,4573.441712,0.0
-50.0,50,4573.919212,0.0
-50.0,50,4574.39794,0.0
0.0,50,4574.886029,1.0
0.0,50,4575.387861,1.0
-50.0,50,4575.878404,0.0
-50.0,50,4576.356693,0.0
-50.0,50,4576.845016,0.0
-50.0,50,4577.326416,0.0
-50.0,50,4577.794915,0.0
-50.0,50,4578.265547,0.0
-50.0,50,4578.716731,0.0
-50.0,50,4579.715696,0.0
-50.0,50,4580.79932,0.0
-50.0,50,4581.89053,0.0
-50.0,50,4582.972778,0.0
-50.0,50,4584.064732,0.0
-50.0,50,4585.179568,0.0
-50.0,50,4586.320452,0.0
-50.0,50,4587.386567,0.0
-50.0,50,4588.500952,0.0
-50.0,50,4589.578872,0.0
-50.0,50,4590.682031,0.0
-50.0,50,4591.760919,0.0
-50.0,50,4592.893114,0.0
-50.0,50,4593.942437,0.0
-50.0,50,4594.998783,0.0
-50.0,50,4596.077956,0.0
-50.0,50,4597.170271,0.0
-50.0,50,4598.251125,0.0
-50.0,50,4599.315886,0.0
-50.0,50,4600.36952,0.0
-50.0,50,4601.451857,0.0
0.0,50,4602.530904,1.0
0.0,50,4603.614422,1.0
-50.0,50,4604.662326,0.0
-50.0,50,4605.800943,0.0
0.0,50,4606.8763,1.0
-50.0,50,4607.952799,0.0
-50.0,50,4609.010335,0.0
-50.0,50,4610.13344,0.0
-50.0,50,4611.211465,0.0
-50.0,50,4612.299178,0.0
-50.0,50,4613.366002,0.0
-50.0,50,4614.468217,0.0
-50.0,50,4614.96792,0.0
-50.0,50,4615.46155,0.0
-50.0,50,4615.951113,0.0
-50.0,50,4616.456132,0.0
-50.0,50,4616.943852,0.0
-50.0,50,4617.438598,0.0
-50.0,50,4617.925022,0.0
-50.0,50,4618.431209,0.0
-50.0,50,4618.922114,0.0
-50.0,50,4619.412359,0.0
-50.0,50,4619.899245,0.0
-50.0,50,4620.397133,0.0
-50.0,50,4620.888555,0.0
-50.0,50,4621.370289,0.0
-50.0,50,4621.857444,0.0
-50.0,50,4622.423231,0.0
-50.0,50,4622.903419,0.0
-50.0,50,4623.396323,0.0
-50.0,50,4623.883969,0.0
-50.0,50,4624.384041,0.0
-50.0,50,4624.875421,0.0
-50.0,50,4625.368166,0.0
-50.0,50,4625.856146,0.0
-50.0,50,4626.365373,0.0
-50.0,50,4626.859399,0.0
-50.0,50,4627.346653,0.0
-50.0,50,4627.846604,0.0
-50.0,50,4628.346201,0.0
-50.0,50,4628.842145,0.0
-50.0,50,4629.337341,0.0
-50.0,50,4629.834053,0.0
-50.0,50,4630.340066,0.0
-50.0,50,4630.824429,0.0
-50.0,50,4631.318924,0.0
-50.0,50,4631.811626,0.0
-50.0,50,4632.312958,0.0
-50.0,50,4632.803503,0.0
-50.0,50,4633.293259,0.0
-50.0,50,4633.775394,0.0
-50.0,50,4634.279313,0.0
-50.0,50,4634.769222,0.0
0.0,50,4635.25631,1.0
-50.0,50,4635.796768,0.0
-50.0,50,4636.330097,0.0
-50.0,50,4636.807052,0.0
-50.0,50,4637.309841,0.0
-50.0,50,4637.808221,0.0
-50.0,50,4638.313828,0.0
-50.0,50,4638.805609,0.0
-50.0,50,4639.300247,0.0
-50.0,50,4639.789667,0.0
-50.0,50,4640.297327,0.0
-50.0,50,4640.779106,0.0
-50.0,50,4641.269492,0.0
-50.0,50,4641.760722,0.0
-50.0,50,4642.264153,0.0
-50.0,50,4642.746864,0.0
-50.0,50,4643.224725,0.0
-50.0,50,4643.706311,0.0
-50.0,50,4644.200629,0.0
-50.0,50,4644.686707,0.0
-50.0,50,4645.167611,0.0
-50.0,50,4645.652264,0.0
-50.0,50,4646.191294,0.0
-50.0,50,4646.683604,0.0
-50.0,50,4647.173479,0.0
-50.0,50,4647.663142,0.0
0.0,50,4648.173837,1.0
-50.0,50,4648.651087,0.0
0.0,50,4649.128938,1.0
-50.0,50,4649.606266,0.0
-50.0,50,4650.097293,0.0
-50.0,50,4650.581969,0.0
-50.0,50,4651.061039,0.0
-50.0,50,4651.544062,0.0
-50.0,50,4652.042071,0.0
-50.0,50,4652.533803,0.0
-50.0,50,4653.019518,0.0
-50.0,50,4653.504548,0.0
-50.0,50,4653.993217,0.0
-50.0,50,4654.474861,0.0
-50.0,50,4654.958213,0.0
0.0,50,4655.458322,1.0
-50.0,50,4655.965779,0.0
-50.0,50,4656.466219,0.0
-50.0,50,4656.944874,0.0
-50.0,50,4657.424286,0.0
-50.0,50,4657.934281,0.0
-50.0,50,4658.41235,0.0
-50.0,50,4658.892755,0.0
0.0,50,4659.37445,1.0
-50.0,50,4659.875111,0.0
-50.0,50,4660.361104,0.0
-50.0,50,4660.839278,0.0
-50.0,50,4661.333713,0.0
-50.0,50,4661.830313,0.0
-50.0,50,4662.313848,0.0
-50.0,50,4662.808095,0.0
-50.0,50,4663.287046,0.0
-50.0,50,4663.789016,0.0
0.0,50,4664.277971,1.0
-50.0,50,4664.754742,0.0
-50.0,50,4665.234356,0.0
-50.0,50,4665.727377,0.0
0.0,50,4666.213901,1.0
-50.0,50,4666.695482,0.0
-50.0,50,4667.175737,0.0
-50.0,50,4667.66779,0.0
-50.0,50,4668.148708,0.0
-50.0,50,4668.631322,0.0
-50.0,50,4669.108604,0.0
-50.0,50,4671.889071,0.0
-50.0,50,4672.37553,0.0
-50.0,50,4672.876045,0.0
-50.0,50,4673.369387,0.0
-50.0,50,4673.874323,0.0
-50.0,50,4674.350883,0.0
-50.0,50,4674.840086,0.0
-50.0,50,4675.317876,0.0
-50.0,50,4675.827647,0.0
-50.0,50,4676.3041,0.0
-50.0,50,4676.781783,0.0
-50.0,50,4677.266124,0.0
-50.0,50,4677.756515,0.0
-50.0,50,4678.235079,0.0
-50.0,50,4678.737906,0.0
-50.0,50,4679.215118,0.0
-50.0,50,4679.706198,0.0
-50.0,50,4680.184525,0.0
-50.0,50,4680.661767,0.0
-50.0,50,4681.138906,0.0
-50.0,50,4681.638092,0.0
-50.0,50,4682.117982,0.0
-50.0,50,4682.598253,0.0
-50.0,50,4683.078753,0.0
-50.0,50,4683.569387,0.0
-50.0,50,4684.056403,0.0
-50.0,50,4684.555189,0.0
-50.0,50,4685.033657,0.0
-50.0,50,4685.54611,0.0
-50.0,50,4686.036325,0.0
-50.0,50,4686.5278,0.0
-50.0,50,4687.00707,0.0
-50.0,50,4687.502156,0.0
-50.0,50,4687.982433,0.0
-50.0,50,4688.459242,0.0
-50.0,50,4688.938852,0.0
-50.0,50,4689.439048,0.0
-50.0,50,4689.923803,0.0
-50.0,50,4690.415282,0.0
-50.0,50,4690.902282,0.0
-50.0,50,4691.405612,0.0
-50.0,50,4691.886177,0.0
-50.0,50,4692.374807,0.0
-50.0,50,4692.859351,0.0
-50.0,50,4693.358669,0.0
-50.0,50,4693.836828,0.0
-50.0,50,4694.32066,0.0
-50.0,50,4694.843166,0.0
-50.0,50,4695.335959,0.0
-50.0,50,4695.819968,0.0
-50.0,50,4696.296497,0.0
-50.0,50,4696.757083,0.0
-50.0,50,4697.22755,0.0
-50.0,50,4697.68816,0.0
-50.0,50,4698.154109,0.0
-50.0,50,4699.05003,0.0
-50.0,50,4700.132235,0.0
-50.0,50,4701.215074,0.0
-50.0,50,4702.30975,0.0
-50.0,50,4703.384522,0.0
-50.0,50,4704.496044,0.0
-50.0,50,4705.591401,0.0
-50.0,50,4706.673268,0.0
-50.0,50,4707.525988,0.0
-50.0,50,4708.021086,0.0
-50.0,50,4708.504106,0.0
-50.0,50,4708.98088,0.0
0.0,50,4709.470138,1.0
-50.0,50,4709.965059,0.0
-50.0,50,4710.452696,0.0
-50.0,50,4710.930604,0.0
-50.0,50,4711.406889,0.0
-50.0,50,4711.901763,0.0
-50.0,50,4712.379992,0.0
-50.0,50,4712.873215,0.0
-50.0,50,4713.359344,0.0
-50.0,50,4713.851606,0.0
-50.0,50,4714.340467,0.0
0.0,50,4714.838884,1.0
-50.0,50,4715.319357,0.0
-50.0,50,4715.807394,0.0
-50.0,50,4716.30154,0.0
-50.0,50,4716.79566,0.0
-50.0,50,4717.273674,0.0
-50.0,50,4717.779392,0.0
-50.0,50,4718.256967,0.0
-50.0,50,4718.736289,0.0
0.0,50,4719.239185,1.0
-50.0,50,4719.7318,0.0
-50.0,50,4720.211337,0.0
-50.0,50,4720.692569,0.0
0.0,50,4721.183741,1.0
-50.0,50,4721.682412,0.0
-50.0,50,4722.183381,0.0
-50.0,50,4722.670736,0.0
-50.0,50,4723.157331,0.0
-50.0,50,4723.686185,0.0
-50.0,50,4724.185754,0.0
-50.0,50,4724.665814,0.0
-50.0,50,4725.150988,0.0
-50.0,50,4725.643546,0.0
-50.0,50,4726.131035,0.0
-50.0,50,4726.609882,0.0
-50.0,50,4727.098693,0.0
-50.0,50,4727.595069,0.0
-50.0,50,4728.078629,0.0
-50.0,50,4728.577017,0.0
-50.0,50,4729.058261,0.0
-50.0,50,4729.551225,0.0
-50.0,50,4730.043295,0.0
-50.0,50,4730.537262,0.0
-50.0,50,4731.033517,0.0
-50.0,50,4731.538944,0.0
-50.0,50,4732.019327,0.0
-50.0,50,4732.513124,0.0
-50.0,50,4733.007121,0.0
-50.0,50,4733.52278,0.0
-50.0,50,4734.00508,0.0
-50.0,50,4734.490388,0.0
-50.0,50,4734.983733,0.0
0.0,50,4735.489259,1.0
-50.0,50,4735.971963,0.0
-50.0,50,4736.46698,0.0
-50.0,50,4736.954334,0.0
-50.0,50,4737.455156,0.0
-50.0,50,4737.940104,0.0
-50.0,50,4738.424638,0.0
-50.0,50,4738.904884,0.0
-50.0,50,4739.402293,0.0
-50.0,50,4739.894986,0.0
-50.0,50,4740.375693,0.0
-50.0,50,4740.858702,0.0
-50.0,50,4741.368551,0.0
-50.0,50,4741.849413,0.0
-50.0,50,4742.336398,0.0
-50.0,50,4742.824418,0.0
-50.0,50,4743.325909,0.0
-50.0,50,4743.811424,0.0
0.0,50,4744.305366,1.0
-50.0,50,4744.786342,0.0
-50.0,50,4745.305169,0.0
0.0,50,4745.78638,1.0
-50.0,50,4746.277831,0.0
-50.0,50,4746.762125,0.0
-50.0,50,4747.262324,0.0
-50.0,50,4747.740788,0.0
-50.0,50,4748.219607,0.0
-50.0,50,4748.696584,0.0
-50.0,50,4749.187392,0.0
-50.0,50,4749.666576,0.0
-50.0,50,4750.142953,0.0
-50.0,50,4750.626787,0.0
-50.0,50,4751.135759,0.0
-50.0,50,4751.611434,0.0
-50.0,50,4752.094708,0.0
-50.0,50,4752.57285,0.0
-50.0,50,4753.082819,0.0
-50.0,50,4753.57086,0.0
-50.0,50,4754.047706,0.0
-50.0,50,4754.536608,0.0
0.0,50,4755.043143,1.0
-50.0,50,4755.550327,0.0
-50.0,50,4756.046072,0.0
-50.0,50,4756.533818,0.0
-50.0,50,4757.029798,0.0
-50.0,50,4757.511137,0.0
-50.0,50,4757.997435,0.0
-50.0,50,4758.484761,0.0
-50.0,50,4759.004754,0.0
-50.0,50,4759.510848,0.0
-50.0,50,4760.00257,0.0
-50.0,50,4760.488516,0.0
-50.0,50,4760.990446,0.0
-50.0,50,4761.479209,0.0
-50.0,50,4761.956302,0.0
-50.0,50,4762.433555,0.0
-50.0,50,4762.942637,0.0
-50.0,50,4763.420003,0.0
-50.0,50,4763.89745,0.0
-50.0,50,4764.375659,0.0
-50.0,50,4764.879464,0.0
-50.0,50,4765.360788,0.0
-50.0,50,4765.850195,0.0
-50.0,50,4766.337507,0.0
-50.0,50,4766.831526,0.0
-50.0,50,4767.319888,0.0
-50.0,50,4767.801741,0.0
-50.0,50,4768.282371,0.0
-50.0,50,4768.777327,0.0
-50.0,50,4769.256008,0.0
-50.0,50,4769.734591,0.0
0.0,50,4770.223167,1.0
-50.0,50,4770.721684,0.0
-50.0,50,4771.205711,0.0
-50.0,50,4771.686609,0.0
-50.0,50,4772.169734,0.0
-50.0,50,4772.682873,0.0
-50.0,50,4773.170482,0.0
0.0,50,4773.661572,1.0
-50.0,50,4774.151229,0.0
-50.0,50,4776.926263,0.0
-50.0,50,4777.40883,0.0
0.0,50,4777.89866,1.0
-50.0,50,4778.383103,0.0
-50.0,50,4778.897865,0.0
-50.0,50,4779.381638,0.0
-50.0,50,4779.86996,0.0
-50.0,50,4780.362757,0.0
-50.0,50,4780.854604,0.0
-50.0,50,4781.338401,0.0
-50.0,50,4781.822116,0.0
-50.0,50,4782.316503,0.0
-50.0,50,4782.826918,0.0
-50.0,50,4783.32024,0.0
-50.0,50,4783.803861,0.0
-50.0,50,4784.292708,0.0
0.0,50,4784.797678,1.0
-50.0,50,4785.285233,0.0
-50.0,50,4785.777135,0.0
-50.0,50,4786.259574,0.0
-50.0,50,4786.754833,0.0
0.0,50,4787.25377,1.0
-50.0,50,4787.748016,0.0
-50.0,50,4788.23311,0.0
-50.0,50,4788.728264,0.0
-50.0,50,4789.210837,0.0
-50.0,50,4789.694279,0.0
0.0,50,4790.191544,1.0
-50.0,50,4790.686184,0.0
-50.0,50,4791.169568,0.0
-50.0,50,4791.654327,0.0
-50.0,50,4792.136203,0.0
-50.0,50,4792.6625,0.0
-50.0,50,4793.156368,0.0
-50.0,50,4793.642195,0.0
-50.0,50,4794.127636,0.0
-50.0,50,4794.627863,0.0
0.0,50,4795.121569,1.0
-50.0,50,4795.606436,0.0
-50.0,50,4796.086884,0.0
-50.0,50,4796.589344,0.0
-50.0,50,4797.074508,0.0
-50.0,50,4797.56033,0.0
-50.0,50,4798.041747,0.0
-50.0,50,4798.547307,0.0
-50.0,50,4799.025815,0.0
-50.0,50,4799.510288,0.0
-50.0,50,4800.000726,0.0
-50.0,50,4800.503495,0.0
-50.0,50,4800.990861,0.0
-50.0,50,4801.47109,0.0
-50.0,50,4801.956399,0.0
-50.0,50,4802.467715,0.0
-50.0,50,4802.949093,0.0
-50.0,50,4803.429085,0.0
-50.0,50,4803.918201,0.0
-50.0,50,4804.412173,0.0
-50.0,50,4804.892167,0.0
-50.0,50,4805.370123,0.0
-50.0,50,4805.855979,0.0
0.0,50,4806.372645,1.0
-50.0,50,4806.856455,0.0
-50.0,50,4807.336953,0.0
-50.0,50,4807.818937,0.0
-50.0,50,4808.310255,0.0
-50.0,50,4808.790417,0.0
-50.0,50,4809.270138,0.0
-50.0,50,4809.749473,0.0
-50.0,50,4810.256738,0.0
0.0,50,4810.759014,1.0
-50.0,50,4811.246612,0.0
-50.0,50,4811.727494,0.0
-50.0,50,4812.218659,0.0
-50.0,50,4812.696514,0.0
-50.0,50,4813.181429,0.0
-50.0,50,4813.668572,0.0
-50.0,50,4814.161971,0.0
-50.0,50,4814.645581,0.0
-50.0,50,4815.138674,0.0
-50.0,50,4815.616176,0.0
-50.0,50,4816.123342,0.0
-50.0,50,4816.60682,0.0
-50.0,50,4817.0887,0.0
-50.0,50,4817.569587,0.0
-50.0,50,4818.073269,0.0
-50.0,50,4818.560271,0.0
-50.0,50,4819.037514,0.0
-50.0,50,4819.518607,0.0
-50.0,50,4820.004484,0.0
0.0,50,4820.506358,1.0
-50.0,50,4820.991182,0.0
-50.0,50,4821.461776,0.0
-50.0,50,4821.945921,0.0
-50.0,50,4822.42186,0.0
-50.0,50,4822.902677,0.0
-50.0,50,4823.380864,0.0
-50.0,50,4823.908868,0.0
-50.0,50,4824.382553,0.0
-50.0,50,4824.861077,0.0
-50.0,50,4825.333801,0.0
-50.0,50,4825.825712,0.0
-50.0,50,4826.300973,0.0
-50.0,50,4826.777786,0.0
-50.0,50,4827.259915,0.0
-50.0,50,4827.75008,0.0
-50.0,50,4828.243699,0.0
-50.0,50,4828.733307,0.0
-50.0,50,4829.204571,0.0
-50.0,50,4829.71604,0.0
-50.0,50,4830.19484,0.0
-50.0,50,4830.686039,0.0
-50.0,50,4831.178106,0.0
-50.0,50,4831.659608,0.0
-50.0,50,4832.128996,0.0
-50.0,50,4832.603235,0.0
-50.0,50,4833.07668,0.0
-50.0,50,4833.578917,0.0
-50.0,50,4834.064211,0.0
-50.0,50,4834.549765,0.0
-50.0,50,4835.029261,0.0
-50.0,50,4835.523938,0.0
-50.0,50,4836.003829,0.0
-50.0,50,4836.494973,0.0
-50.0,50,4836.975371,0.0
-50.0,50,4837.468062,0.0
-50.0,50,4837.949852,0.0
-50.0,50,4838.426795,0.0
0.0,50,4838.907833,1.0
-50.0,50,4839.405002,0.0
0.0,50,4839.898533,1.0
-50.0,50,4840.37578,0.0
-50.0,50,4840.843055,0.0
-50.0,50,4841.332598,0.0
-50.0,50,4841.788968,0.0
-50.0,50,4842.252513,0.0
-50.0,50,4842.926672,0.0
-50.0,50,4844.112972,0.0
-50.0,50,4845.223081,0.0
-50.0,50,4846.314667,0.0
-50.0,50,4847.399124,0.0
-50.0,50,4848.669651,0.0
-50.0,50,4849.746473,0.0
-50.0,50,4850.836022,0.0
-50.0,50,4851.928202,0.0
-50.0,50,4853.027716,0.0
-50.0,50,4854.114938,0.0
-50.0,50,4855.208897,0.0
-50.0,50,4856.294333,0.0
-50.0,50,4856.908333,0.0
-50.0,50,4857.391094,0.0
-50.0,50,4857.878202,0.0
-50.0,50,4858.35196,0.0
-50.0,50,4858.861126,0.0
-50.0,50,4859.336728,0.0
-50.0,50,4859.813208,0.0
-50.0,50,4860.293126,0.0
-50.0,50,4860.779958,0.0
-50.0,50,4861.266792,0.0
-50.0,50,4861.745785,0.0
-50.0,50,4862.22175,0.0
-50.0,50,4862.709162,0.0
-50.0,50,4863.187313,0.0
-50.0,50,4863.661456,0.0
-50.0,50,4864.136745,0.0
-50.0,50,4864.629795,0.0
-50.0,50,4865.119151,0.0
-50.0,50,4865.595447,0.0
-50.0,50,4866.086278,0.0
-50.0,50,4866.57763,0.0
-50.0,50,4867.054585,0.0
-50.0,50,4867.526682,0.0
0.0,50,4867.998554,1.0
-50.0,50,4868.503784,0.0
-50.0,50,4868.979074,0.0
-50.0,50,4869.463209,0.0
-50.0,50,4869.938315,0.0
-50.0,50,4870.427808,0.0
-50.0,50,4870.905775,0.0
-50.0,50,4871.385032,0.0
-50.0,50,4871.856236,0.0
-50.0,50,4872.364731,0.0
-50.0,50,4872.845981,0.0
-50.0,50,4873.31751,0.0
-50.0,50,4873.795551,0.0
0.0,50,4874.289625,1.0
-50.0,50,4874.772169,0.0
-50.0,50,4875.25186,0.0
-50.0,50,4875.727625,0.0
-50.0,50,4876.216699,0.0
-50.0,50,4876.709917,0.0
-50.0,50,4877.18232,0.0
-50.0,50,4877.657579,0.0
-50.0,50,4878.144745,0.0
-50.0,50,4878.620863,0.0
-50.0,50,4879.098645,0.0
-50.0,50,4879.580083,0.0
-50.0,50,4880.070606,0.0
-50.0,50,4880.54807,0.0
-50.0,50,4881.022918,0.0
-50.0,50,4881.497735,0.0
-50.0,50,4884.260115,0.0
-50.0,50,4884.734164,0.0
-50.0,50,4885.208532,0.0
-50.0,50,4885.685703,0.0
-50.0,50,4886.168003,0.0
-50.0,50,4886.645865,0.0
-50.0,50,4887.136351,0.0
-50.0,50,4887.618976,0.0
-50.0,50,4888.098656,0.0
-50.0,50,4888.575813,0.0
-50.0,50,4889.05858,0.0
-50.0,50,4889.526993,0.0
-50.0,50,4890.010767,0.0
-50.0,50,4890.492318,0.0
-50.0,50,4890.979147,0.0
-50.0,50,4891.471786,0.0
-50.0,50,4891.96385,0.0
-50.0,50,4892.437798,0.0
0.0,50,4892.933939,1.0
-50.0,50,4893.409018,0.0
-50.0,50,4893.89673,0.0
-50.0,50,4894.368962,0.0
-50.0,50,4894.845162,0.0
-50.0,50,4895.32478,0.0
-50.0,50,4895.824866,0.0
-50.0,50,4896.308796,0.0
-50.0,50,4896.798729,0.0
-50.0,50,4897.296943,0.0
-50.0,50,4897.788631,0.0
-50.0,50,4898.277063,0.0
-50.0,50,4898.755811,0.0
-50.0,50,4899.230106,0.0
-50.0,50,4899.720415,0.0
-50.0,50,4900.195976,0.0
-50.0,50,4900.672467,0.0
-50.0,50,4901.154447,0.0
-50.0,50,4901.633724,0.0
-50.0,50,4902.102008,0.0
-50.0,50,4902.572646,0.0
-50.0,50,4903.040625,0.0
-50.0,50,4903.52901,0.0
-50.0,50,4903.998435,0.0
-50.0,50,4904.469467,0.0
-50.0,50,4904.938932,0.0
-50.0,50,4905.421508,0.0
-50.0,50,4905.903065,0.0
-50.0,50,4906.382039,0.0
-50.0,50,4906.853784,0.0
-50.0,50,4907.336932,0.0
-50.0,50,4907.814323,0.0
-50.0,50,4908.29408,0.0
-50.0,50,4908.780354,0.0
-50.0,50,4909.277892,0.0
0.0,50,4909.771122,1.0
-50.0,50,4910.255308,0.0
-50.0,50,4910.732776,0.0
0.0,50,4911.247479,1.0
-50.0,50,4911.726206,0.0
-50.0,50,4912.198937,0.0
-50.0,50,4912.674945,0.0
-50.0,50,4913.163878,0.0
-50.0,50,4913.643228,0.0
-50.0,50,4914.130948,0.0
-50.0,50,4914.610309,0.0
-50.0,50,4915.095292,0.0
-50.0,50,4915.567006,0.0
-50.0,50,4916.057961,0.0
-50.0,50,4916.537786,0.0
-50.0,50,4917.036097,0.0
-50.0,50,4917.509999,0.0
-50.0,50,4917.982861,0.0
-50.0,50,4918.457572,0.0
0.0,50,4918.942844,1.0
-50.0,50,4919.428927,0.0
-50.0,50,4919.903474,0.0
-50.0,50,4920.376683,0.0
-50.0,50,4920.876713,0.0
-50.0,50,4921.352858,0.0
-50.0,50,4921.826895,0.0
-50.0,50,4922.3077,0.0
-50.0,50,4922.811522,0.0
-50.0,50,4923.292768,0.0
-50.0,50,4923.781885,0.0
-50.0,50,4924.255737,0.0
-50.0,50,4924.73804,0.0
-50.0,50,4925.213901,0.0
-50.0,50,4925.686342,0.0
-50.0,50,4926.163082,0.0
-50.0,50,4926.658276,0.0
-50.0,50,4927.125837,0.0
-50.0,50,4927.597782,0.0
-50.0,50,4928.071959,0.0
-50.0,50,4928.56161,0.0
-50.0,50,4929.031651,0.0
-50.0,50,4929.50877,0.0
-50.0,50,4929.990396,0.0
-50.0,50,4930.490937,0.0
-50.0,50,4930.968802,0.0
0.0,50,4931.453941,1.0
-50.0,50,4931.935363,0.0
-50.0,50,4932.427691,0.0
-50.0,50,4932.91023,0.0
-50.0,50,4933.390279,0.0
-50.0,50,4933.8637,0.0
-50.0,50,4934.359315,0.0
-50.0,50,4934.840918,0.0
-50.0,50,4935.310654,0.0
-50.0,50,4935.793806,0.0
-50.0,50,4936.285945,0.0
-50.0,50,4936.767129,0.0
-50.0,50,4937.246002,0.0
-50.0,50,4937.729912,0.0
-50.0,50,4938.23364,0.0
-50.0,50,4938.723865,0.0
0.0,50,4939.218905,1.0
-50.0,50,4939.704169,0.0
-50.0,50,4940.205113,0.0
-50.0,50,4940.682599,0.0
-50.0,50,4941.169322,0.0
-50.0,50,4941.654623,0.0
-50.0,50,4942.146139,0.0
0.0,50,4942.621201,1.0
-50.0,50,4943.10484,0.0
-50.0,50,4943.590452,0.0
0.0,50,4944.087674,1.0
-50.0,50,4944.570536,0.0
-50.0,50,4945.058262,0.0
-50.0,50,4945.542152,0.0
0.0,50,4946.028925,1.0
-50.0,50,4946.506538,0.0
-50.0,50,4946.990812,0.0
0.0,50,4947.468493,1.0
-50.0,50,4947.963466,0.0
-50.0,50,4948.443313,0.0
-50.0,50,4948.919486,0.0
-50.0,50,4949.403269,0.0
-50.0,50,4949.898762,0.0
-50.0,50,4950.380381,0.0
-50.0,50,4950.85883,0.0
-50.0,50,4951.337712,0.0
-50.0,50,4951.868293,0.0
-50.0,50,4952.355998,0.0
-50.0,50,4952.868106,0.0
-50.0,50,4953.365516,0.0
-50.0,50,4953.879779,0.0
-50.0,50,4954.378825,0.0
-50.0,50,4954.869729,0.0
-50.0,50,4955.358871,0.0
-50.0,50,4955.861327,0.0
-50.0,50,4956.369077,0.0
-50.0,50,4956.867854,0.0
-50.0,50,4957.357626,0.0
-50.0,50,4957.874177,0.0
-50.0,50,4958.362294,0.0
-50.0,50,4958.861386,0.0
-50.0,50,4959.344474,0.0
-50.0,50,4959.846544,0.0
-50.0,50,4960.324182,0.0
-50.0,50,4960.80328,0.0
-50.0,50,4961.290353,0.0
-50.0,50,4961.776606,0.0
-50.0,50,4962.263997,0.0
-50.0,50,4962.73629,0.0
-50.0,50,4963.239767,0.0
-50.0,50,4963.731149,0.0
-50.0,50,4964.216622,0.0
-50.0,50,4964.704506,0.0
0.0,50,4965.190817,1.0
-50.0,50,4965.710186,0.0
-50.0,50,4966.216991,0.0
-50.0,50,4966.706002,0.0
-50.0,50,4967.19467,0.0
-50.0,50,4967.702845,0.0
0.0,50,4968.201379,1.0
-50.0,50,4968.704813,0.0
-50.0,50,4969.193341,0.0
-50.0,50,4969.712264,0.0
-50.0,50,4970.211327,0.0
-50.0,50,4970.711769,0.0
-50.0,50,4971.209369,0.0
-50.0,50,4971.732965,0.0
-50.0,50,4972.242786,0.0
-50.0,50,4972.754184,0.0
-50.0,50,4973.25068,0.0
-50.0,50,4973.755245,0.0
-50.0,50,4974.24986,0.0
-50.0,50,4974.743813,0.0
-50.0,50,4975.23226,0.0
-50.0,50,4975.749224,0.0
-50.0,50,4976.307119,0.0
0.0,50,4976.78779,1.0
-50.0,50,4977.26635,0.0
-50.0,50,4977.750774,0.0
-50.0,50,4978.232927,0.0
-50.0,50,4978.729775,0.0
-50.0,50,4979.214039,0.0
-50.0,50,4979.716287,0.0
-50.0,50,4980.202603,0.0
-50.0,50,4980.682962,0.0
-50.0,50,4981.156734,0.0
-50.0,50,4983.934988,0.0
-50.0,50,4984.424838,0.0
-50.0,50,4984.90518,0.0
-50.0,50,4985.380313,0.0
-50.0,50,4985.869954,0.0
-50.0,50,4986.361436,0.0
-50.0,50,4986.902189,0.0
-50.0,50,4987.388793,0.0
-50.0,50,4987.886754,0.0
-50.0,50,4988.3751,0.0
-50.0,50,4988.855261,0.0
-50.0,50,4989.34479,0.0
-50.0,50,4989.837726,0.0
-50.0,50,4990.329865,0.0
-50.0,50,4990.807785,0.0
-50.0,50,4991.291878,0.0
-50.0,50,4991.793325,0.0
-50.0,50,4992.271067,0.0
0.0,50,4992.764057,1.0
-50.0,50,4993.250916,0.0
-50.0,50,4993.767101,0.0
-50.0,50,4994.252682,0.0
-50.0,50,4994.776583,0.0
-50.0,50,4995.27761,0.0
-50.0,50,4995.787401,0.0
-50.0,50,4996.284779,0.0
-50.0,50,4996.773753,0.0
-50.0,50,4997.267952,0.0
-50.0,50,4997.777882,0.0
0.0,50,4998.268262,1.0
-50.0,50,4998.748179,0.0
-50.0,50,4999.236086,0.0
-50.0,50,4999.734659,0.0
-50.0,50,5000.219516,0.0
-50.0,50,5000.706933,0.0
-50.0,50,5001.197965,0.0
-50.0,50,5001.692821,0.0
-50.0,50,5002.182791,0.0
-50.0,50,5002.671381,0.0
-50.0,50,5003.148947,0.0
0.0,50,5003.635521,1.0
-50.0,50,5004.123449,0.0
0.0,50,5004.611092,1.0
-50.0,50,5005.087591,0.0
0.0,50,5005.587734,1.0
-50.0,50,5006.072131,0.0
-50.0,50,5006.556298,0.0
-50.0,50,5007.042554,0.0
-50.0,50,5007.55961,0.0
-50.0,50,5008.040257,0.0
-50.0,50,5008.527911,0.0
-50.0,50,5009.009789,0.0
-50.0,50,5009.513051,0.0
-50.0,50,5009.996062,0.0
-50.0,50,5010.496961,0.0
-50.0,50,5010.973587,0.0
-50.0,50,5011.48081,0.0
-50.0,50,5011.961643,0.0
-50.0,50,5012.447552,0.0
-50.0,50,5012.931774,0.0
0.0,50,5013.452427,1.0
-50.0,50,5013.926088,0.0
-50.0,50,5014.410169,0.0
-50.0,50,5014.892741,0.0
-50.0,50,5015.400144,0.0
-50.0,50,5015.87816,0.0
-50.0,50,5016.376027,0.0
-50.0,50,5016.851157,0.0
-50.0,50,5017.33944,0.0
-50.0,50,5017.818564,0.0
-50.0,50,5018.333097,0.0
-50.0,50,5018.817449,0.0
-50.0,50,5019.320874,0.0
0.0,50,5019.823337,1.0
-50.0,50,5020.320378,0.0
-50.0,50,5020.806718,0.0
-50.0,50,5021.305795,0.0
-50.0,50,5021.802794,0.0
-50.0,50,5022.301248,0.0
-50.0,50,5022.801038,0.0
-50.0,50,5023.316302,0.0
-50.0,50,5023.808253,0.0
-50.0,50,5024.306056,0.0
-50.0,50,5024.799579,0.0
-50.0,50,5025.300658,0.0
-50.0,50,5025.785868,0.0
-50.0,50,5026.269319,0.0
-50.0,50,5026.757776,0.0
-50.0,50,5027.260868,0.0
-50.0,50,5027.752019,0.0
-50.0,50,5028.235083,0.0
-50.0,50,5028.728909,0.0
-50.0,50,5029.224418,0.0
-50.0,50,5029.715492,0.0
-50.0,50,5030.18897,0.0
-50.0,50,5030.664462,0.0
-50.0,50,5031.193662,0.0
-50.0,50,5031.671636,0.0
-50.0,50,5032.159661,0.0
-50.0,50,5032.647203,0.0
-50.0,50,5033.139704,0.0
-50.0,50,5033.627759,0.0
-50.0,50,5034.106009,0.0
-50.0,50,5034.586738,0.0
-50.0,50,5035.074976,0.0
0.0,50,5035.563167,1.0
-50.0,50,5036.052096,0.0
-50.0,50,5036.525333,0.0
-50.0,50,5037.016472,0.0
-50.0,50,5037.499306,0.0
-50.0,50,5037.975993,0.0
-50.0,50,5038.463436,0.0
-50.0,50,5038.976979,0.0
0.0,50,5039.466524,1.0
-50.0,50,5039.966061,0.0
-50.0,50,5040.463084,0.0
-50.0,50,5040.976697,0.0
-50.0,50,5041.469697,0.0
-50.0,50,5041.959331,0.0
-50.0,50,5042.455439,0.0
-50.0,50,5042.970047,0.0
-50.0,50,5043.456843,0.0
-50.0,50,5043.946938,0.0
-50.0,50,5044.446802,0.0
-50.0,50,5044.952,0.0
-50.0,50,5045.433153,0.0
-50.0,50,5045.915911,0.0
-50.0,50,5046.416749,0.0
-50.0,50,5046.924346,0.0
-50.0,50,5047.39378,0.0
-50.0,50,5047.862303,0.0
-50.0,50,5048.333503,0.0
-50.0,50,5048.822905,0.0
-50.0,50,5049.300598,0.0
-50.0,50,5049.777042,0.0
-50.0,50,5050.260033,0.0
-50.0,50,5050.761326,0.0
-50.0,50,5051.251642,0.0
-50.0,50,5051.73872,0.0
-50.0,50,5052.221406,0.0
-50.0,50,5052.709518,0.0
-50.0,50,5053.193313,0.0
-50.0,50,5053.683217,0.0
-50.0,50,5054.175189,0.0
-50.0,50,5054.674448,0.0
0.0,50,5055.161801,1.0
-50.0,50,5055.641897,0.0
-50.0,50,5056.120957,0.0
-50.0,50,5056.619351,0.0
-50.0,50,5057.102629,0.0
-50.0,50,5057.588139,0.0
-50.0,50,5058.067951,0.0
-50.0,50,5058.561246,0.0
-50.0,50,5059.04476,0.0
0.0,50,5059.542969,1.0
-50.0,50,5060.021152,0.0
-50.0,50,5060.523351,0.0
-50.0,50,5061.025367,0.0
-50.0,50,5061.537925,0.0
-50.0,50,5062.032013,0.0
-50.0,50,5062.534972,0.0
-50.0,50,5063.033971,0.0
-50.0,50,5063.527584,0.0
-50.0,50,5064.02281,0.0
-50.0,50,5064.533883,0.0
-50.0,50,5065.017309,0.0
-50.0,50,5065.514592,0.0
0.0,50,5066.027526,1.0
-50.0,50,5066.528476,0.0
-50.0,50,5067.014914,0.0
-50.0,50,5067.501147,0.0
-50.0,50,5067.989825,0.0
-50.0,50,5068.479129,0.0
-50.0,50,5068.962353,0.0
-50.0,50,5069.44392,0.0
-50.0,50,5069.918108,0.0
-50.0,50,5070.415923,0.0
-50.0,50,5070.89464,0.0
-50.0,50,5071.378745,0.0
-50.0,50,5071.851278,0.0
-50.0,50,5072.350822,0.0
-50.0,50,5072.823425,0.0
-50.0,50,5073.308397,0.0
-50.0,50,5073.784424,0.0
-50.0,50,5074.392437,0.0
-50.0,50,5074.875913,0.0
-50.0,50,5075.356746,0.0
-50.0,50,5075.838999,0.0
-50.0,50,5076.348674,0.0
-50.0,50,5076.836914,0.0
-50.0,50,5077.323499,0.0
-50.0,50,5077.812938,0.0
-50.0,50,5078.317809,0.0
-50.0,50,5078.792968,0.0
-50.0,50,5079.281355,0.0
-50.0,50,5079.772085,0.0
-50.0,50,5080.279821,0.0
-50.0,50,5080.755139,0.0
-50.0,50,5081.236063,0.0
-50.0,50,5081.71456,0.0
-50.0,50,5084.519727,0.0
-50.0,50,5085.00189,0.0
-50.0,50,5085.48794,0.0
-50.0,50,5085.97539,0.0
-50.0,50,5086.488572,0.0
-50.0,50,5086.961815,0.0
-50.0,50,5087.456706,0.0
0.0,50,5087.93443,1.0
-50.0,50,5088.454732,0.0
-50.0,50,5088.949784,0.0
-50.0,50,5089.44614,0.0
-50.0,50,5089.98347,0.0
-50.0,50,5090.529048,0.0
-50.0,50,5091.050657,0.0
-50.0,50,5091.556223,0.0
0.0,50,5092.074382,1.0
-50.0,50,5092.617179,0.0
-50.0,50,5093.117992,0.0
-50.0,50,5093.619035,0.0
-50.0,50,5094.118736,0.0
-50.0,50,5094.643629,0.0
-50.0,50,5095.133778,0.0
-50.0,50,5095.630165,0.0
-50.0,50,5096.114559,0.0
0.0,50,5096.726304,1.0
-50.0,50,5097.224867,0.0
-50.0,50,5097.723004,0.0
-50.0,50,5098.221231,0.0
-50.0,50,5098.748829,0.0
0.0,50,5099.241688,1.0
-50.0,50,5099.739068,0.0
-50.0,50,5100.241626,0.0
-50.0,50,5100.7635,0.0
-50.0,50,5101.260508,0.0
-50.0,50,5101.750892,0.0
-50.0,50,5102.233661,0.0
-50.0,50,5102.798929,0.0
-50.0,50,5103.29409,0.0
-50.0,50,5103.793326,0.0
-50.0,50,5104.28283,0.0
-50.0,50,5104.806589,0.0
-50.0,50,5105.301947,0.0
-50.0,50,5105.796567,0.0
0.0,50,5106.29565,1.0
-50.0,50,5106.817204,0.0
-50.0,50,5107.310873,0.0
-50.0,50,5107.803572,0.0
-50.0,50,5108.294635,0.0
-50.0,50,5108.823611,0.0
-50.0,50,5109.302827,0.0
-50.0,50,5109.785919,0.0
-50.0,50,5110.266312,0.0
-50.0,50,5110.800705,0.0
0.0,50,5111.274119,1.0
-50.0,50,5111.759713,0.0
-50.0,50,5112.247313,0.0
-50.0,50,5112.748449,0.0
-50.0,50,5113.232643,0.0
-50.0,50,5113.713258,0.0
-50.0,50,5114.200727,0.0
-50.0,50,5114.709665,0.0
-50.0,50,5115.198506,0.0
-50.0,50,5115.691067,0.0
-50.0,50,5116.181185,0.0
-50.0,50,5116.69048,0.0
-50.0,50,5117.17526,0.0
-50.0,50,5117.657882,0.0
-50.0,50,5118.139735,0.0
-50.0,50,5118.644299,0.0
-50.0,50,5119.128501,0.0
-50.0,50,5119.605943,0.0
-50.0,50,5120.086294,0.0
-50.0,50,5120.597894,0.0
0.0,50,5121.084811,1.0
0.0,50,5121.569904,1.0
-50.0,50,5122.049916,0.0
-50.0,50,5122.567889,0.0
-50.0,50,5123.047495,0.0
-50.0,50,5123.526368,0.0
-50.0,50,5124.002567,0.0
-50.0,50,5124.499127,0.0
-50.0,50,5124.974171,0.0
-50.0,50,5125.450096,0.0
0.0,50,5125.936559,1.0
0.0,50,5126.449653,1.0
-50.0,50,5126.934064,0.0
-50.0,50,5127.408305,0.0
-50.0,50,5127.886249,0.0
-50.0,50,5128.395883,0.0
-50.0,50,5128.944752,0.0
-50.0,50,5129.432875,0.0
-50.0,50,5129.928943,0.0
-50.0,50,5130.447744,0.0
-50.0,50,5130.932281,0.0
-50.0,50,5131.429828,0.0
-50.0,50,5131.925102,0.0
-50.0,50,5132.435603,0.0
-50.0,50,5132.927697,0.0
-50.0,50,5133.417862,0.0
-50.0,50,5133.904914,0.0
-50.0,50,5134.424966,0.0
-50.0,50,5134.914745,0.0
-50.0,50,5135.436903,0.0
-50.0,50,5135.936237,0.0
-50.0,50,5136.456206,0.0
-50.0,50,5136.949146,0.0
-50.0,50,5137.440756,0.0
-50.0,50,5137.932403,0.0
-50.0,50,5138.448299,0.0
-50.0,50,5138.944635,0.0
-50.0,50,5139.434708,0.0
-50.0,50,5139.926449,0.0
-50.0,50,5140.44576,0.0
-50.0,50,5140.933774,0.0
-50.0,50,5141.423422,0.0
0.0,50,5141.938519,1.0
-50.0,50,5142.435746,0.0
0.0,50,5142.92863,1.0
-50.0,50,5143.408779,0.0
0.0,50,5143.893168,1.0
-50.0,50,5144.405895,0.0
-50.0,50,5144.883966,0.0
-50.0,50,5145.363998,0.0
-50.0,50,5145.849087,0.0
-50.0,50,5146.353765,0.0
-50.0,50,5146.830894,0.0
-50.0,50,5147.308725,0.0
-50.0,50,5147.790733,0.0
-50.0,50,5148.314771,0.0
-50.0,50,5148.822872,0.0
-50.0,50,5149.306687,0.0
-50.0,50,5149.781182,0.0
-50.0,50,5150.282084,0.0
-50.0,50,5150.769786,0.0
-50.0,50,5151.256295,0.0
-50.0,50,5151.731637,0.0
-50.0,50,5152.231829,0.0
-50.0,50,5152.716108,0.0
-50.0,50,5153.188712,0.0
-50.0,50,5153.661943,0.0
-50.0,50,5154.163791,0.0
-50.0,50,5154.638857,0.0
-50.0,50,5155.125575,0.0
-50.0,50,5155.598404,0.0
-50.0,50,5156.093787,0.0
0.0,50,5156.591228,1.0
0.0,50,5157.076662,1.0
-50.0,50,5157.556601,0.0
-50.0,50,5158.059954,0.0
-50.0,50,5158.541667,0.0
-50.0,50,5159.011438,0.0
-50.0,50,5159.480672,0.0
-50.0,50,5159.978761,0.0
-50.0,50,5160.450583,0.0
-50.0,50,5160.926915,0.0
-50.0,50,5161.411556,0.0
-50.0,50,5161.903491,0.0
-50.0,50,5162.378263,0.0
-50.0,50,5162.848889,0.0
-50.0,50,5163.320353,0.0
-50.0,50,5163.819745,0.0
-50.0,50,5164.289071,0.0
-50.0,50,5164.770776,0.0
-50.0,50,5165.254099,0.0
-50.0,50,5165.742291,0.0
-50.0,50,5166.234781,0.0
-50.0,50,5166.715863,0.0
-50.0,50,5167.193732,0.0
-50.0,50,5167.685622,0.0
-50.0,50,5168.176535,0.0
-50.0,50,5168.661077,0.0
-50.0,50,5169.188979,0.0
-50.0,50,5169.740077,0.0
-50.0,50,5170.239734,0.0
-50.0,50,5170.718258,0.0
-50.0,50,5171.201975,0.0
-50.0,50,5171.697695,0.0
-50.0,50,5172.177736,0.0
-50.0,50,5172.667138,0.0
-50.0,50,5173.156099,0.0
-50.0,50,5173.66931,0.0
-50.0,50,5174.169098,0.0
-50.0,50,5174.663463,0.0
-50.0,50,5175.146654,0.0
-50.0,50,5175.648043,0.0
-50.0,50,5176.131738,0.0
0.0,50,5176.618106,1.0
-50.0,50,5177.100277,0.0
-50.0,50,5177.599582,0.0
-50.0,50,5178.082698,0.0
-50.0,50,5178.562563,0.0
-50.0,50,5179.045548,0.0
-50.0,50,5179.542499,0.0
-50.0,50,5180.022278,0.0
-50.0,50,5180.498587,0.0
-50.0,50,5180.982846,0.0
-50.0,50,5181.468173,0.0
-50.0,50,5181.959992,0.0
-50.0,50,5182.493128,0.0
-50.0,50,5182.987631,0.0
-50.0,50,5185.8255,0.0
-50.0,50,5186.3072,0.0
-50.0,50,5186.803004,0.0
-50.0,50,5187.288561,0.0
-50.0,50,5187.783653,0.0
-50.0,50,5188.265287,0.0
-50.0,50,5188.746718,0.0
-50.0,50,5189.222008,0.0
0.0,50,5189.745713,1.0
-50.0,50,5190.223758,0.0
-50.0,50,5190.69887,0.0
-50.0,50,5191.178704,0.0
-50.0,50,5191.687665,0.0
0.0,50,5192.174758,1.0
-50.0,50,5192.649029,0.0
-50.0,50,5193.121027,0.0
-50.0,50,5193.61874,0.0
-50.0,50,5194.099842,0.0
-50.0,50,5194.58001,0.0
-50.0,50,5195.054348,0.0
-50.0,50,5195.565923,0.0
-50.0,50,5196.040649,0.0
-50.0,50,5196.527126,0.0
-50.0,50,5196.998595,0.0
-50.0,50,5197.514658,0.0
-50.0,50,5197.986702,0.0
-50.0,50,5198.456572,0.0
-50.0,50,5198.926775,0.0
-50.0,50,5199.453741,0.0
-50.0,50,5199.932187,0.0
-50.0,50,5200.405174,0.0
-50.0,50,5200.88369,0.0
-50.0,50,5201.392537,0.0
-50.0,50,5201.864666,0.0
-50.0,50,5202.332644,0.0
-50.0,50,5202.810942,0.0
0.0,50,5203.326517,1.0
-50.0,50,5203.802505,0.0
-50.0,50,5204.278692,0.0
-50.0,50,5204.755176,0.0
-50.0,50,5205.268919,0.0
-50.0,50,5205.752547,0.0
-50.0,50,5206.232641,0.0
-50.0,50,5206.704751,0.0
-50.0,50,5207.247158,0.0
-50.0,50,5207.768137,0.0
-50.0,50,5208.253058,0.0
-50.0,50,5208.740014,0.0
0.0,50,5209.263751,1.0
-50.0,50,5209.751668,0.0
-50.0,50,5210.232485,0.0
-50.0,50,5210.711381,0.0
-50.0,50,5211.221936,0.0
-50.0,50,5211.716296,0.0
-50.0,50,5212.197574,0.0
-50.0,50,5212.688119,0.0
-50.0,50,5213.205833,0.0
-50.0,50,5213.699979,0.0
0.0,50,5214.193316,1.0
-50.0,50,5214.679446,0.0
-50.0,50,5215.21284,0.0
-50.0,50,5215.707901,0.0
-50.0,50,5216.187549,0.0
-50.0,50,5216.6689,0.0
-50.0,50,5217.176934,0.0
-50.0,50,5217.6675,0.0
-50.0,50,5218.164922,0.0
-50.0,50,5218.661643,0.0
-50.0,50,5219.173495,0.0
-50.0,50,5219.678922,0.0
-50.0,50,5220.174909,0.0
-50.0,50,5220.660288,0.0
-50.0,50,5221.187574,0.0
-50.0,50,5221.673115,0.0
-50.0,50,5222.164092,0.0
-50.0,50,5222.664241,0.0
-50.0,50,5223.176653,0.0
-50.0,50,5223.657691,0.0
-50.0,50,5224.13557,0.0
-50.0,50,5224.616627,0.0
-50.0,50,5225.132756,0.0
-50.0,50,5225.61579,0.0
-50.0,50,5226.102871,0.0
-50.0,50,5226.583936,0.0
0.0,50,5227.10673,1.0
-50.0,50,5227.587399,0.0
-50.0,50,5228.073117,0.0
-50.0,50,5228.568883,0.0
-50.0,50,5229.100134,0.0
-50.0,50,5229.585801,0.0
-50.0,50,5230.074518,0.0
-50.0,50,5230.554707,0.0
-50.0,50,5231.07689,0.0
-50.0,50,5231.56158,0.0
-50.0,50,5232.04231,0.0
-50.0,50,5232.553432,0.0
-50.0,50,5233.066641,0.0
-50.0,50,5233.542037,0.0
-50.0,50,5234.022603,0.0
-50.0,50,5234.503455,0.0
-50.0,50,5235.012578,0.0
-50.0,50,5235.481828,0.0
-50.0,50,5235.956587,0.0
-50.0,50,5236.430697,0.0
-50.0,50,5236.937519,0.0
-50.0,50,5237.415673,0.0
-50.0,50,5237.892584,0.0
-50.0,50,5238.368999,0.0
0.0,50,5238.882223,1.0
-50.0,50,5239.35672,0.0
-50.0,50,5239.831937,0.0
-50.0,50,5240.305165,0.0
-50.0,50,5240.814245,0.0
-50.0,50,5241.297849,0.0
-50.0,50,5241.780488,0.0
-50.0,50,5242.262385,0.0
-50.0,50,5242.761646,0.0
-50.0,50,5243.238712,0.0
-50.0,50,5243.715973,0.0
-50.0,50,5244.193439,0.0
-50.0,50,5244.700495,0.0
-50.0,50,5245.181694,0.0
-50.0,50,5245.654593,0.0
-50.0,50,5246.125289,0.0
0.0,50,5246.645298,1.0
-50.0,50,5247.128068,0.0
-50.0,50,5247.601071,0.0
0.0,50,5248.081611,1.0
-50.0,50,5248.594613,0.0
-50.0,50,5249.077062,0.0
0.0,50,5249.560465,1.0
-50.0,50,5250.038894,0.0
-50.0,50,5250.545468,0.0
-50.0,50,5251.017565,0.0
-50.0,50,5251.487606,0.0
-50.0,50,5251.957367,0.0
-50.0,50,5252.453748,0.0
-50.0,50,5252.928995,0.0
0.0,50,5253.403293,1.0
-50.0,50,5253.87666,0.0
-50.0,50,5254.392647,0.0
-50.0,50,5254.874686,0.0
0.0,50,5255.361707,1.0
-50.0,50,5255.841495,0.0
-50.0,50,5256.363438,0.0
-50.0,50,5256.845556,0.0
-50.0,50,5257.34736,0.0
-50.0,50,5257.846473,0.0
-50.0,50,5258.357303,0.0
-50.0,50,5258.842655,0.0
-50.0,50,5259.325546,0.0
-50.0,50,5259.817095,0.0
-50.0,50,5260.3303,0.0
-50.0,50,5260.813952,0.0
-50.0,50,5261.312687,0.0
-50.0,50,5261.805364,0.0
-50.0,50,5262.331546,0.0
-50.0,50,5262.826612,0.0
-50.0,50,5263.31581,0.0
-50.0,50,5263.804726,0.0
-50.0,50,5264.335788,0.0
-50.0,50,5264.833525,0.0
-50.0,50,5265.322708,0.0
-50.0,50,5265.803638,0.0
-50.0,50,5266.324402,0.0
-50.0,50,5266.809731,0.0
-50.0,50,5267.293703,0.0
-50.0,50,5267.787007,0.0
-50.0,50,5268.299486,0.0
-50.0,50,5268.787717,0.0
-50.0,50,5269.276809,0.0
-50.0,50,5269.769463,0.0
-50.0,50,5270.334892,0.0
-50.0,50,5270.825377,0.0
-50.0,50,5271.320772,0.0
-50.0,50,5271.803123,0.0
-50.0,50,5272.320433,0.0
-50.0,50,5272.807525,0.0
-50.0,50,5273.289304,0.0
-50.0,50,5273.779076,0.0
-50.0,50,5274.307138,0.0
-50.0,50,5274.799397,0.0
-50.0,50,5275.286725,0.0
-50.0,50,5275.780697,0.0
-50.0,50,5276.298054,0.0
-50.0,50,5276.78686,0.0
-50.0,50,5277.279076,0.0
-50.0,50,5277.774695,0.0
-50.0,50,5278.312917,0.0
0.0,50,5278.811895,1.0
-50.0,50,5279.304058,0.0
-50.0,50,5279.803229,0.0
-50.0,50,5280.333119,0.0
-50.0,50,5280.83087,0.0
-50.0,50,5281.327847,0.0
-50.0,50,5281.813652,0.0
-50.0,50,5282.334766,0.0
-50.0,50,5282.817498,0.0
-50.0,50,5283.307339,0.0
-50.0,50,5283.80582,0.0
-50.0,50,5286.631836,0.0
-50.0,50,5287.122515,0.0
-50.0,50,5287.609449,0.0
-50.0,50,5288.085146,0.0
-50.0,50,5288.59942,0.0
-50.0,50,5289.080354,0.0
-50.0,50,5289.563048,0.0
-50.0,50,5290.038683,0.0
-50.0,50,5290.553979,0.0
-50.0,50,5291.028358,0.0
-50.0,50,5291.515721,0.0
-50.0,50,5291.989629,0.0
-50.0,50,5292.504606,0.0
-50.0,50,5292.991333,0.0
-50.0,50,5293.472893,0.0
-50.0,50,5293.957302,0.0
-50.0,50,5294.477694,0.0
-50.0,50,5294.973652,0.0
0.0,50,5295.464768,1.0
-50.0,50,5295.955833,0.0
-50.0,50,5296.493231,0.0
-50.0,50,5296.987937,0.0
-50.0,50,5297.475841,0.0
-50.0,50,5297.955637,0.0
-50.0,50,5298.483818,0.0
-50.0,50,5298.973663,0.0
0.0,50,5299.45961,1.0
-50.0,50,5299.949732,0.0
-50.0,50,5300.479973,0.0
-50.0,50,5300.964276,0.0
-50.0,50,5301.444396,0.0
-50.0,50,5301.934467,0.0
-50.0,50,5302.460253,0.0
0.0,50,5302.964584,1.0
-50.0,50,5303.456952,0.0
-50.0,50,5303.953427,0.0
-50.0,50,5304.474246,0.0
-50.0,50,5304.970693,0.0
0.0,50,5305.504539,1.0
-50.0,50,5305.996554,0.0
-50.0,50,5306.514019,0.0
-50.0,50,5306.991523,0.0
-50.0,50,5307.468517,0.0
-50.0,50,5307.94253,0.0
-50.0,50,5308.452527,0.0
-50.0,50,5308.932352,0.0
-50.0,50,5309.420522,0.0
-50.0,50,5309.900479,0.0
-50.0,50,5310.427944,0.0
-50.0,50,5310.913013,0.0
-50.0,50,5311.393257,0.0
-50.0,50,5311.891768,0.0
0.0,50,5312.421896,1.0
-50.0,50,5312.908457,0.0
-50.0,50,5313.38867,0.0
-50.0,50,5313.874806,0.0
-50.0,50,5314.400734,0.0
-50.0,50,5314.875301,0.0
-50.0,50,5315.349102,0.0
-50.0,50,5315.830752,0.0
-50.0,50,5316.404178,0.0
-50.0,50,5316.884499,0.0
-50.0,50,5317.370387,0.0
-50.0,50,5317.84615,0.0
0.0,50,5318.363725,1.0
-50.0,50,5318.845883,0.0
-50.0,50,5319.327421,0.0
-50.0,50,5319.817583,0.0
-50.0,50,5320.340597,0.0
-50.0,50,5320.81254,0.0
-50.0,50,5321.311997,0.0
-50.0,50,5321.787234,0.0
-50.0,50,5322.304662,0.0
-50.0,50,5322.77989,0.0
-50.0,50,5323.262467,0.0
-50.0,50,5323.754006,0.0
-50.0,50,5324.265964,0.0
-50.0,50,5324.749661,0.0
-50.0,50,5325.229171,0.0
-50.0,50,5325.71982,0.0
-50.0,50,5326.237839,0.0
-50.0,50,5326.703245,0.0
-50.0,50,5327.166794,0.0
-50.0,50,5327.626655,0.0
-50.0,50,5328.131383,0.0
-50.0,50,5329.014204,0.0
-50.0,50,5330.101136,0.0
-50.0,50,5331.173398,0.0
-50.0,50,5332.290709,0.0
-50.0,50,5333.383822,0.0
-50.0,50,5334.474081,0.0
-50.0,50,5335.574864,0.0
-50.0,50,5336.699535,0.0
-50.0,50,5337.780488,0.0
-50.0,50,5338.858284,0.0
-50.0,50,5339.93936,0.0
-50.0,50,5341.039675,0.0
-50.0,50,5342.12658,0.0
-50.0,50,5343.222561,0.0
0.0,50,5344.358607,1.0
-50.0,50,5345.329903,0.0
-50.0,50,5345.803672,0.0
-50.0,50,5346.288458,0.0
-50.0,50,5346.782607,0.0
0.0,50,5347.307505,1.0
-50.0,50,5347.780451,0.0
-50.0,50,5348.268535,0.0
-50.0,50,5348.756962,0.0
-50.0,50,5349.26102,0.0
0.0,50,5349.76231,1.0
-50.0,50,5350.240502,0.0
-50.0,50,5350.722739,0.0
-50.0,50,5351.228368,0.0
-50.0,50,5351.699259,0.0
-50.0,50,5352.17564,0.0
-50.0,50,5352.661741,0.0
-50.0,50,5353.163542,0.0
0.0,50,5353.649924,1.0
-50.0,50,5354.12218,0.0
-50.0,50,5354.604664,0.0
-50.0,50,5355.118647,0.0
-50.0,50,5355.596581,0.0
-50.0,50,5356.067809,0.0
-50.0,50,5356.541848,0.0
-50.0,50,5357.050586,0.0
-50.0,50,5357.526031,0.0
-50.0,50,5357.99856,0.0
-50.0,50,5358.479612,0.0
-50.0,50,5358.990437,0.0
-50.0,50,5359.472911,0.0
-50.0,50,5359.951005,0.0
-50.0,50,5360.431858,0.0
-50.0,50,5360.943584,0.0
-50.0,50,5361.426702,0.0
-50.0,50,5361.909319,0.0
0.0,50,5362.393713,1.0
-50.0,50,5362.925347,0.0
-50.0,50,5363.407465,0.0
-50.0,50,5363.883704,0.0
-50.0,50,5364.368795,0.0
-50.0,50,5364.884777,0.0
-50.0,50,5365.374753,0.0
-50.0,50,5365.849288,0.0
-50.0,50,5366.327711,0.0
-50.0,50,5366.872604,0.0
-50.0,50,5367.34442,0.0
-50.0,50,5367.825731,0.0
-50.0,50,5368.311227,0.0
-50.0,50,5368.819703,0.0
-50.0,50,5369.2923,0.0
-50.0,50,5369.773469,0.0
-50.0,50,5370.252123,0.0
-50.0,50,5370.763492,0.0
-50.0,50,5371.240268,0.0
-50.0,50,5371.726175,0.0
-50.0,50,5372.201807,0.0
0.0,50,5372.717332,1.0
-50.0,50,5373.200094,0.0
-50.0,50,5373.685069,0.0
-50.0,50,5374.173658,0.0
-50.0,50,5374.694128,0.0
0.0,50,5375.195657,1.0
-50.0,50,5375.670356,0.0
-50.0,50,5376.15407,0.0
-50.0,50,5376.655271,0.0
0.0,50,5377.153424,1.0
-50.0,50,5377.636142,0.0
-50.0,50,5378.120174,0.0
-50.0,50,5378.630867,0.0
-50.0,50,5379.103441,0.0
0.0,50,5379.575,1.0
-50.0,50,5380.050141,0.0
-50.0,50,5380.556224,0.0
-50.0,50,5381.032946,0.0
-50.0,50,5381.508176,0.0
-50.0,50,5381.984496,0.0
-50.0,50,5382.490895,0.0
-50.0,50,5382.963313,0.0
-50.0,50,5383.437345,0.0
-50.0,50,5383.908861,0.0
-50.0,50,5384.44158,0.0
-50.0,50,5384.921963,0.0
-50.0,50,5385.404313,0.0
0.0,50,5385.885469,1.0
-50.0,50,5386.40248,0.0
-50.0,50,5386.885548,0.0
0.0,50,5387.363675,1.0
-50.0,50,5387.843186,0.0
-50.0,50,5388.351531,0.0
-50.0,50,5388.838376,0.0
-50.0,50,5389.32275,0.0
-50.0,50,5389.794332,0.0
-50.0,50,5390.301505,0.0
-50.0,50,5390.779427,0.0
-50.0,50,5391.261171,0.0
-50.0,50,5391.74688,0.0
-50.0,50,5392.279464,0.0
0.0,50,5392.775102,1.0
-50.0,50,5393.24818,0.0
-50.0,50,5393.722137,0.0
-50.0,50,5396.526972,0.0
-50.0,50,5397.003458,0.0
-50.0,50,5397.478392,0.0
-50.0,50,5397.963676,0.0
-50.0,50,5398.47069,0.0
-50.0,50,5398.946648,0.0
-50.0,50,5399.414562,0.0
-50.0,50,5399.896421,0.0
-50.0,50,5400.401503,0.0
-50.0,50,5400.876943,0.0
-50.0,50,5401.356846,0.0
-50.0,50,5401.833427,0.0
-50.0,50,5402.330359,0.0
-50.0,50,5402.799685,0.0
-50.0,50,5403.274316,0.0
-50.0,50,5403.748282,0.0
-50.0,50,5404.259712,0.0
-50.0,50,5404.736363,0.0
-50.0,50,5405.212137,0.0
-50.0,50,5405.696039,0.0
-50.0,50,5406.220768,0.0
-50.0,50,5406.698216,0.0
-50.0,50,5407.18029,0.0
-50.0,50,5407.658654,0.0
0.0,50,5408.160068,1.0
-50.0,50,5408.634203,0.0
-50.0,50,5409.107074,0.0
-50.0,50,5409.588122,0.0
-50.0,50,5410.114368,0.0
-50.0,50,5410.589761,0.0
-50.0,50,5411.062527,0.0
0.0,50,5411.544729,1.0
-50.0,50,5412.047776,0.0
-50.0,50,5412.522084,0.0
-50.0,50,5412.996339,0.0
-50.0,50,5413.47374,0.0
-50.0,50,5413.991813,0.0
-50.0,50,5414.467765,0.0
-50.0,50,5414.948725,0.0
-50.0,50,5415.437718,0.0
-50.0,50,5415.947411,0.0
-50.0,50,5416.430333,0.0
-50.0,50,5416.902391,0.0
0.0,50,5417.382191,1.0
-50.0,50,5417.897488,0.0
0.0,50,5418.37663,1.0
-50.0,50,5418.853313,0.0
-50.0,50,5419.339699,0.0
-50.0,50,5419.863305,0.0
-50.0,50,5420.344133,0.0
-50.0,50,5420.820939,0.0
0.0,50,5421.301541,1.0
-50.0,50,5421.799975,0.0
-50.0,50,5422.269594,0.0
-50.0,50,5422.749952,0.0
-50.0,50,5423.220973,0.0
-50.0,50,5423.723681,0.0
-50.0,50,5424.19969,0.0
-50.0,50,5424.669924,0.0
-50.0,50,5425.152864,0.0
-50.0,50,5425.663978,0.0
-50.0,50,5426.144757,0.0
-50.0,50,5426.626216,0.0
-50.0,50,5427.119999,0.0
0.0,50,5427.655736,1.0
-50.0,50,5428.141784,0.0
-50.0,50,5428.635866,0.0
-50.0,50,5429.124759,0.0
-50.0,50,5429.648262,0.0
0.0,50,5430.159884,1.0
-50.0,50,5430.639641,0.0
-50.0,50,5431.140208,0.0
-50.0,50,5431.656526,0.0
-50.0,50,5432.13358,0.0
-50.0,50,5432.621352,0.0
-50.0,50,5433.122798,0.0
-50.0,50,5433.639774,0.0
-50.0,50,5434.117139,0.0
-50.0,50,5434.594681,0.0
-50.0,50,5435.077228,0.0
-50.0,50,5435.589852,0.0
-50.0,50,5436.082533,0.0
-50.0,50,5436.563916,0.0
-50.0,50,5437.044336,0.0
-50.0,50,5437.582794,0.0
-50.0,50,5438.088021,0.0
-50.0,50,5438.572412,0.0
-50.0,50,5439.052266,0.0
-50.0,50,5439.56857,0.0
-50.0,50,5440.047318,0.0
-50.0,50,5440.531105,0.0
0.0,50,5441.023079,1.0
-50.0,50,5441.545346,0.0
0.0,50,5442.043504,1.0
-50.0,50,5442.519449,0.0
-50.0,50,5442.99776,0.0
0.0,50,5443.5218,1.0
0.0,50,5443.999422,1.0
-50.0,50,5444.473501,0.0
-50.0,50,5444.967813,0.0
-50.0,50,5445.490055,0.0
-50.0,50,5445.965431,0.0
-50.0,50,5446.448963,0.0
-50.0,50,5446.970286,0.0
-50.0,50,5447.503905,0.0
-50.0,50,5448.001024,0.0
0.0,50,5448.504979,1.0
-50.0,50,5448.981286,0.0
-50.0,50,5449.496071,0.0
-50.0,50,5449.96894,0.0
-50.0,50,5450.443143,0.0
-50.0,50,5450.92728,0.0
-50.0,50,5451.475141,0.0
0.0,50,5451.950763,1.0
-50.0,50,5452.435527,0.0
-50.0,50,5452.910736,0.0
-50.0,50,5453.418174,0.0
-50.0,50,5453.900427,0.0
-50.0,50,5454.379722,0.0
-50.0,50,5454.859779,0.0
-50.0,50,5455.370153,0.0
-50.0,50,5455.847491,0.0
-50.0,50,5456.323773,0.0
-50.0,50,5456.805778,0.0
-50.0,50,5457.320803,0.0
0.0,50,5457.803182,1.0
-50.0,50,5458.279428,0.0
-50.0,50,5458.756627,0.0
-50.0,50,5459.262531,0.0
-50.0,50,5459.742541,0.0
-50.0,50,5460.219731,0.0
-50.0,50,5460.69795,0.0
-50.0,50,5461.225305,0.0
-50.0,50,5461.709153,0.0
-50.0,50,5462.262198,0.0
-50.0,50,5462.748163,0.0
-50.0,50,5463.291428,0.0
0.0,50,5463.793585,1.0
-50.0,50,5464.3014,0.0
-50.0,50,5464.789726,0.0
-50.0,50,5465.312532,0.0
-50.0,50,5465.810256,0.0
-50.0,50,5466.317156,0.0
0.0,50,5466.803271,1.0
-50.0,50,5467.308571,0.0
-50.0,50,5467.804238,0.0
-50.0,50,5468.301607,0.0
-50.0,50,5468.803385,0.0
0.0,50,5469.303983,1.0
-50.0,50,5469.780156,0.0
-50.0,50,5470.258926,0.0
-50.0,50,5470.734133,0.0
-50.0,50,5471.239987,0.0
-50.0,50,5471.716201,0.0
-50.0,50,5472.191414,0.0
-50.0,50,5472.677874,0.0
-50.0,50,5473.182049,0.0
0.0,50,5473.677947,1.0
-50.0,50,5474.164648,0.0
-50.0,50,5474.651197,0.0
-50.0,50,5475.161176,0.0
-50.0,50,5475.651103,0.0
-50.0,50,5476.1393,0.0
-50.0,50,5476.615758,0.0
-50.0,50,5477.125636,0.0
-50.0,50,5477.61634,0.0
-50.0,50,5478.091596,0.0
-50.0,50,5478.574992,0.0
-50.0,50,5479.082692,0.0
-50.0,50,5479.559171,0.0
-50.0,50,5480.051932,0.0
-50.0,50,5480.529578,0.0
-50.0,50,5481.032385,0.0
-50.0,50,5481.507855,0.0
-50.0,50,5481.984564,0.0
0.0,50,5482.47482,1.0
-50.0,50,5482.983421,0.0
-50.0,50,5483.473832,0.0
-50.0,50,5483.953094,0.0
-50.0,50,5484.444713,0.0
-50.0,50,5484.946843,0.0
-50.0,50,5485.422921,0.0
-50.0,50,5485.898854,0.0
-50.0,50,5486.386193,0.0
-50.0,50,5486.89406,0.0
-50.0,50,5487.371023,0.0
-50.0,50,5487.853853,0.0
-50.0,50,5488.340466,0.0
0.0,50,5488.848886,1.0
-50.0,50,5489.355814,0.0
-50.0,50,5489.843377,0.0
-50.0,50,5490.332281,0.0
0.0,50,5490.836331,1.0
-50.0,50,5491.317807,0.0
-50.0,50,5491.794166,0.0
-50.0,50,5492.275703,0.0
-50.0,50,5492.770467,0.0
-50.0,50,5493.246976,0.0
-50.0,50,5493.788138,0.0
-50.0,50,5494.331784,0.0
-50.0,50,5497.045989,0.0
-50.0,50,5497.543645,0.0
0.0,50,5498.054224,1.0
-50.0,50,5498.544644,0.0
-50.0,50,5499.054939,0.0
-50.0,50,5499.553764,0.0
-50.0,50,5500.069876,0.0
-50.0,50,5500.567416,0.0
-50.0,50,5501.079381,0.0
-50.0,50,5501.578459,0.0
-50.0,50,5502.074269,0.0
-50.0,50,5502.550312,0.0
-50.0,50,5503.047713,0.0
-50.0,50,5503.536478,0.0
-50.0,50,5504.026382,0.0
0.0,50,5504.512817,1.0
-50.0,50,5505.018394,0.0
-50.0,50,5505.505534,0.0
-50.0,50,5505.993579,0.0
-50.0,50,5506.468839,0.0
-50.0,50,5506.962844,0.0
-50.0,50,5507.43998,0.0
-50.0,50,5507.917308,0.0
-50.0,50,5508.401994,0.0
-50.0,50,5508.895656,0.0
-50.0,50,5509.375919,0.0
0.0,50,5509.87642,1.0
-50.0,50,5510.360251,0.0
-50.0,50,5510.855555,0.0
-50.0,50,5511.329648,0.0
-50.0,50,5511.81768,0.0
-50.0,50,5512.307717,0.0
-50.0,50,5512.802408,0.0
-50.0,50,5513.280306,0.0
-50.0,50,5513.764497,0.0
-50.0,50,5514.242177,0.0
-50.0,50,5514.73227,0.0
-50.0,50,5515.223594,0.0
-50.0,50,5515.700598,0.0
-50.0,50,5516.184473,0.0
-50.0,50,5516.688052,0.0
-50.0,50,5517.165592,0.0
-50.0,50,5517.655586,0.0
-50.0,50,5518.136643,0.0
-50.0,50,5518.633053,0.0
-50.0,50,5519.10853,0.0
-50.0,50,5519.58434,0.0
-50.0,50,5520.06254,0.0
-50.0,50,5520.564992,0.0
-50.0,50,5521.041213,0.0
-50.0,50,5521.516587,0.0
-50.0,50,5522.002497,0.0
-50.0,50,5522.50578,0.0
-50.0,50,5522.981238,0.0
-50.0,50,5523.483184,0.0
-50.0,50,5523.962472,0.0
-50.0,50,5524.465283,0.0
-50.0,50,5524.940891,0.0
-50.0,50,5525.419416,0.0
-50.0,50,5525.90228,0.0
-50.0,50,5526.404675,0.0
-50.0,50,5526.8827,0.0
-50.0,50,5527.358503,0.0
-50.0,50,5527.83435,0.0
-50.0,50,5528.324684,0.0
-50.0,50,5528.809265,0.0
-50.0,50,5529.295581,0.0
-50.0,50,5529.773323,0.0
-50.0,50,5530.268432,0.0
0.0,50,5530.75177,1.0
-50.0,50,5531.234911,0.0
-50.0,50,5531.70957,0.0
-50.0,50,5532.202844,0.0
-50.0,50,5532.676661,0.0
0.0,50,5533.185084,1.0
-50.0,50,5533.665244,0.0
-50.0,50,5534.161463,0.0
-50.0,50,5534.651654,0.0
-50.0,50,5535.12775,0.0
-50.0,50,5535.604354,0.0
-50.0,50,5536.076785,0.0
0.0,50,5536.556188,1.0
-50.0,50,5537.008092,0.0
-50.0,50,5537.461223,0.0
-50.0,50,5538.221692,0.0
-50.0,50,5539.303023,0.0
-50.0,50,5540.403839,0.0
-50.0,50,5541.497326,0.0
-50.0,50,5542.634312,0.0
-50.0,50,5543.717875,0.0
-50.0,50,5544.855275,0.0
-50.0,50,5546.030051,0.0
-50.0,50,5547.142605,0.0
-50.0,50,5548.227533,0.0
-50.0,50,5549.318226,0.0
-50.0,50,5550.402505,0.0
-50.0,50,5550.981559,0.0
-50.0,50,5551.458722,0.0
-50.0,50,5551.935525,0.0
-50.0,50,5552.411583,0.0
-50.0,50,5552.909476,0.0
-50.0,50,5553.386583,0.0
-50.0,50,5553.861263,0.0
0.0,50,5554.348073,1.0
-50.0,50,5554.857759,0.0
-50.0,50,5555.334904,0.0
-50.0,50,5555.826364,0.0
-50.0,50,5556.3054,0.0
-50.0,50,5556.797987,0.0
-50.0,50,5557.272582,0.0
-50.0,50,5557.748096,0.0
-50.0,50,5558.23849,0.0
-50.0,50,5558.72944,0.0
-50.0,50,5559.204779,0.0
-50.0,50,5559.682141,0.0
-50.0,50,5560.178364,0.0
-50.0,50,5560.689383,0.0
-50.0,50,5561.192855,0.0
-50.0,50,5561.673276,0.0
-50.0,50,5562.168288,0.0
0.0,50,5562.764124,1.0
-50.0,50,5563.238378,0.0
-50.0,50,5563.724801,0.0
0.0,50,5564.213605,1.0
0.0,50,5564.74375,1.0
-50.0,50,5565.225678,0.0
0.0,50,5565.709557,1.0
-50.0,50,5566.187726,0.0
-50.0,50,5566.681825,0.0
-50.0,50,5567.154235,0.0
-50.0,50,5567.638972,0.0
-50.0,50,5568.122182,0.0
-50.0,50,5568.610849,0.0
-50.0,50,5569.102461,0.0
-50.0,50,5569.583825,0.0
-50.0,50,5570.085637,0.0
-50.0,50,5570.579107,0.0
-50.0,50,5571.072158,0.0
-50.0,50,5571.54898,0.0
-50.0,50,5572.029784,0.0
-50.0,50,5572.516695,0.0
-50.0,50,5573.006475,0.0
-50.0,50,5573.496872,0.0
-50.0,50,5573.984182,0.0
0.0,50,5574.485737,1.0
-50.0,50,5574.97064,0.0
-50.0,50,5575.449483,0.0
-50.0,50,5575.92487,0.0
-50.0,50,5576.42928,0.0
0.0,50,5576.914501,1.0
-50.0,50,5577.399576,0.0
-50.0,50,5577.885714,0.0
-50.0,50,5578.380252,0.0
-50.0,50,5578.877122,0.0
-50.0,50,5579.357531,0.0
-50.0,50,5579.837146,0.0
-50.0,50,5580.358937,0.0
-50.0,50,5580.83497,0.0
-50.0,50,5581.309643,0.0
-50.0,50,5581.785892,0.0
-50.0,50,5582.30888,0.0
-50.0,50,5582.792911,0.0
-50.0,50,5583.304756,0.0
-50.0,50,5583.824399,0.0
-50.0,50,5584.32089,0.0
-50.0,50,5584.796348,0.0
-50.0,50,5585.283416,0.0
-50.0,50,5585.769017,0.0
-50.0,50,5586.269262,0.0
-50.0,50,5586.749115,0.0
-50.0,50,5587.229417,0.0
-50.0,50,5587.712149,0.0
-50.0,50,5588.201026,0.0
0.0,50,5588.688891,1.0
-50.0,50,5589.184359,0.0
-50.0,50,5589.661191,0.0
-50.0,50,5590.177594,0.0
-50.0,50,5590.674665,0.0
-50.0,50,5591.163433,0.0
-50.0,50,5591.649293,0.0
-50.0,50,5592.181422,0.0
-50.0,50,5592.661643,0.0
-50.0,50,5593.144375,0.0
-50.0,50,5593.634601,0.0
-50.0,50,5594.132671,0.0
-50.0,50,5594.623042,0.0
-50.0,50,5595.124122,0.0
-50.0,50,5595.620411,0.0
-50.0,50,5596.119998,0.0
-50.0,50,5596.607892,0.0
-50.0,50,5597.097928,0.0
-50.0,50,5597.581896,0.0
0.0,50,5598.105744,1.0
-50.0,50,5598.601378,0.0
-50.0,50,5599.080623,0.0
-50.0,50,5599.597028,0.0
-50.0,50,5600.092269,0.0
-50.0,50,5600.580606,0.0
-50.0,50,5601.06827,0.0
-50.0,50,5601.556605,0.0
-50.0,50,5604.286826,0.0
-50.0,50,5604.782444,0.0
-50.0,50,5605.268549,0.0
-50.0,50,5605.754679,0.0
-50.0,50,5606.25126,0.0
-50.0,50,5606.7303,0.0
-50.0,50,5607.216335,0.0
-50.0,50,5607.698561,0.0
-50.0,50,5608.197563,0.0
-50.0,50,5608.689182,0.0
-50.0,50,5609.176957,0.0
-50.0,50,5609.663341,0.0
-50.0,50,5610.157905,0.0
-50.0,50,5610.642025,0.0
0.0,50,5611.129603,1.0
-50.0,50,5611.611737,0.0
0.0,50,5612.122517,1.0
-50.0,50,5612.60393,0.0
-50.0,50,5613.090399,0.0
-50.0,50,5613.568738,0.0
-50.0,50,5614.075069,0.0
-50.0,50,5614.564337,0.0
-50.0,50,5615.050736,0.0
-50.0,50,5615.534412,0.0
-50.0,50,5616.027663,0.0
-50.0,50,5616.513824,0.0
-50.0,50,5616.989291,0.0
-50.0,50,5617.477741,0.0
-50.0,50,5617.976164,0.0
-50.0,50,5618.456536,0.0
-50.0,50,5618.937435,0.0
-50.0,50,5619.423456,0.0
-50.0,50,5619.93364,0.0
-50.0,50,5620.41734,0.0
-50.0,50,5620.904608,0.0
-50.0,50,5621.398401,0.0
-50.0,50,5621.895417,0.0
-50.0,50,5622.378904,0.0
-50.0,50,5622.864856,0.0
-50.0,50,5623.343439,0.0
-50.0,50,5623.833323,0.0
-50.0,50,5624.327728,0.0
-50.0,50,5624.805764,0.0
-49.0,50,5625.289865,0.0
-50.0,50,5625.781733,0.0
-50.0,50,5626.257547,0.0
-50.0,50,5626.742958,0.0
-50.0,50,5627.230671,0.0
-50.0,50,5627.722266,0.0
-50.0,50,5628.198607,0.0
-50.0,50,5628.68576,0.0
-50.0,50,5629.17367,0.0
-50.0,50,5629.676687,0.0
-50.0,50,5630.162838,0.0
-50.0,50,5630.637439,0.0
-50.0,50,5631.117854,0.0
-50.0,50,5631.626633,0.0
-50.0,50,5632.11761,0.0
-50.0,50,5632.62791,0.0
-50.0,50,5633.133534,0.0
-50.0,50,5633.674196,0.0
-50.0,50,5634.159713,0.0
-50.0,50,5634.665128,0.0
-50.0,50,5635.168376,0.0
-50.0,50,5635.677086,0.0
-50.0,50,5636.170874,0.0
-50.0,50,5636.674005,0.0
-50.0,50,5637.162279,0.0
-50.0,50,5637.668704,0.0
-50.0,50,5638.155588,0.0
0.0,50,5638.659149,1.0
-50.0,50,5639.146003,0.0
-50.0,50,5639.637399,0.0
-50.0,50,5640.114429,0.0
-50.0,50,5640.587919,0.0
-50.0,50,5641.075941,0.0
-50.0,50,5641.567208,0.0
-50.0,50,5642.058026,0.0
0.0,50,5642.537941,1.0
-50.0,50,5643.023268,0.0
-50.0,50,5643.521434,0.0
-50.0,50,5643.994628,0.0
-50.0,50,5644.468468,0.0
-50.0,50,5644.952433,0.0
0.0,50,5645.451447,1.0
-50.0,50,5645.928727,0.0
-50.0,50,5646.407761,0.0
-50.0,50,5646.885445,0.0
-50.0,50,5647.376404,0.0
-50.0,50,5647.850065,0.0
-50.0,50,5648.323484,0.0
-50.0,50,5648.795417,0.0
-50.0,50,5649.28447,0.0
-50.0,50,5649.766322,0.0
-50.0,50,5650.240156,0.0
-50.0,50,5650.718775,0.0
-50.0,50,5651.215198,0.0
-50.0,50,5651.694594,0.0
-50.0,50,5652.175346,0.0
-50.0,50,5652.650663,0.0
-50.0,50,5653.144918,0.0
-50.0,50,5653.620172,0.0
-50.0,50,5654.093719,0.0
-50.0,50,5654.568452,0.0
-50.0,50,5655.060555,0.0
-50.0,50,5655.535905,0.0
-50.0,50,5656.020206,0.0
-50.0,50,5656.507398,0.0
-50.0,50,5657.001378,0.0
-50.0,50,5657.479844,0.0
-50.0,50,5657.95702,0.0
-50.0,50,5658.444746,0.0
-50.0,50,5658.946286,0.0
-50.0,50,5659.42993,0.0
-50.0,50,5659.906764,0.0
-50.0,50,5660.406608,0.0
-50.0,50,5660.904864,0.0
-50.0,50,5661.39143,0.0
-50.0,50,5661.870465,0.0
-50.0,50,5662.355028,0.0
-50.0,50,5662.854929,0.0
-50.0,50,5663.361366,0.0
-50.0,50,5663.837915,0.0
-50.0,50,5664.313147,0.0
-50.0,50,5664.819741,0.0
-50.0,50,5665.293871,0.0
-50.0,50,5665.780577,0.0
-50.0,50,5666.285031,0.0
-50.0,50,5666.78801,0.0
-50.0,50,5667.271185,0.0
-50.0,50,5667.746175,0.0
-50.0,50,5668.225299,0.0
-50.0,50,5668.714371,0.0
-50.0,50,5669.188127,0.0
0.0,50,5669.674888,1.0
-50.0,50,5670.157044,0.0
-50.0,50,5670.660648,0.0
-50.0,50,5671.148937,0.0
-50.0,50,5671.62379,0.0
-50.0,50,5672.101547,0.0
-50.0,50,5672.590003,0.0
-50.0,50,5673.064271,0.0
-50.0,50,5673.558577,0.0
-50.0,50,5674.031111,0.0
-50.0,50,5674.51709,0.0
-50.0,50,5674.999598,0.0
-50.0,50,5675.499769,0.0
-50.0,50,5675.997869,0.0
-50.0,50,5676.506687,0.0
-50.0,50,5676.99327,0.0
-50.0,50,5677.478322,0.0
-50.0,50,5677.966719,0.0
-50.0,50,5678.468363,0.0
-50.0,50,5678.949716,0.0
-50.0,50,5679.44769,0.0
-50.0,50,5679.943866,0.0
-50.0,50,5680.441269,0.0
-50.0,50,5680.923242,0.0
-50.0,50,5681.410955,0.0
-50.0,50,5681.89326,0.0
-50.0,50,5682.411039,0.0
0.0,50,5682.900057,1.0
-50.0,50,5683.410902,0.0
-50.0,50,5683.888778,0.0
-50.0,50,5684.385008,0.0
-50.0,50,5684.888476,0.0
-50.0,50,5685.369835,0.0
-50.0,50,5685.855493,0.0
-50.0,50,5686.350507,0.0
-50.0,50,5686.836879,0.0
0.0,50,5687.32863,1.0
0.0,50,5687.829302,1.0
-50.0,50,5688.346865,0.0
-50.0,50,5688.824937,0.0
-50.0,50,5689.301599,0.0
-50.0,50,5689.780504,0.0
-50.0,50,5690.278843,0.0
-50.0,50,5690.7717,0.0
-50.0,50,5691.254766,0.0
-50.0,50,5691.72983,0.0
-50.0,50,5692.217268,0.0
-50.0,50,5692.702946,0.0
-50.0,50,5693.183695,0.0
-50.0,50,5693.666476,0.0
-50.0,50,5694.163664,0.0
-50.0,50,5694.659715,0.0
0.0,50,5695.14578,1.0
-50.0,50,5695.630369,0.0
-50.0,50,5696.141946,0.0
-50.0,50,5696.624869,0.0
-50.0,50,5697.108022,0.0
-50.0,50,5697.590071,0.0
-50.0,50,5698.078146,0.0
-50.0,50,5698.561657,0.0
-50.0,50,5699.056636,0.0
-50.0,50,5699.561755,0.0
0.0,50,5700.059326,1.0
-50.0,50,5700.547335,0.0
-50.0,50,5701.022164,0.0
-50.0,50,5701.499872,0.0
-50.0,50,5704.306518,0.0
-50.0,50,5704.797614,0.0
-50.0,50,5705.282231,0.0
-50.0,50,5705.787983,0.0
-50.0,50,5706.288677,0.0
-50.0,50,5706.76756,0.0
-50.0,50,5707.248421,0.0
-50.0,50,5707.734254,0.0
0.0,50,5708.25439,1.0
-50.0,50,5708.738388,0.0
-50.0,50,5709.22269,0.0
-50.0,50,5709.700272,0.0
-50.0,50,5710.198147,0.0
-50.0,50,5710.681217,0.0
-50.0,50,5711.162282,0.0
-50.0,50,5711.646199,0.0
-50.0,50,5712.138492,0.0
-50.0,50,5712.623176,0.0
-50.0,50,5713.101121,0.0
-50.0,50,5713.577144,0.0
-50.0,50,5714.071481,0.0
-50.0,50,5714.548138,0.0
-50.0,50,5715.024522,0.0
-50.0,50,5715.510112,0.0
-50.0,50,5716.02209,0.0
0.0,50,5716.515547,1.0
0.0,50,5716.990732,1.0
-50.0,50,5717.474386,0.0
0.0,50,5717.974423,1.0
-50.0,50,5718.450256,0.0
-50.0,50,5718.925611,0.0
-50.0,50,5719.402154,0.0
0.0,50,5719.893656,1.0
-50.0,50,5720.386706,0.0
-50.0,50,5720.890924,0.0
-50.0,50,5721.37165,0.0
-50.0,50,5721.867319,0.0
-50.0,50,5722.35552,0.0
-50.0,50,5722.841943,0.0
-50.0,50,5723.318583,0.0
-50.0,50,5723.819994,0.0
-50.0,50,5724.306774,0.0
-50.0,50,5724.796366,0.0
-50.0,50,5725.271281,0.0
-50.0,50,5725.787463,0.0
-50.0,50,5726.266347,0.0
-50.0,50,5726.758952,0.0
-50.0,50,5727.250547,0.0
-50.0,50,5727.759925,0.0
-50.0,50,5728.242452,0.0
-50.0,50,5728.759276,0.0
-50.0,50,5729.238735,0.0
-50.0,50,5729.742545,0.0
-50.0,50,5730.224187,0.0
-50.0,50,5730.706203,0.0
-50.0,50,5731.187692,0.0
-50.0,50,5731.720182,0.0
-50.0,50,5732.211944,0.0
-50.0,50,5732.702176,0.0
-50.0,50,5733.182697,0.0
-50.0,50,5733.675704,0.0
-50.0,50,5734.156364,0.0
-50.0,50,5734.649598,0.0
-50.0,50,5735.134859,0.0
-50.0,50,5735.649663,0.0
-50.0,50,5736.131568,0.0
-50.0,50,5736.617665,0.0
-50.0,50,5737.102612,0.0
-50.0,50,5737.643739,0.0
-50.0,50,5738.118282,0.0
-50.0,50,5738.596376,0.0
-50.0,50,5739.07305,0.0
-50.0,50,5739.587142,0.0
-50.0,50,5740.083192,0.0
-50.0,50,5740.558648,0.0
-50.0,50,5741.035277,0.0
-50.0,50,5741.564639,0.0
-50.0,50,5742.047757,0.0
-50.0,50,5742.528194,0.0
-50.0,50,5743.012648,0.0
-50.0,50,5743.535889,0.0
-50.0,50,5744.008914,0.0
-50.0,50,5744.489196,0.0
-50.0,50,5744.964739,0.0
-50.0,50,5745.461646,0.0
-50.0,50,5745.939176,0.0
-50.0,50,5746.422155,0.0
-50.0,50,5746.900795,0.0
-50.0,50,5747.402185,0.0
0.0,50,5747.896875,1.0
-50.0,50,5748.399303,0.0
-50.0,50,5748.883737,0.0
-50.0,50,5749.398713,0.0
-50.0,50,5749.881844,0.0
-50.0,50,5750.369714,0.0
-50.0,50,5750.866051,0.0
-50.0,50,5751.359263,0.0
-50.0,50,5751.837296,0.0
-50.0,50,5752.316806,0.0
-50.0,50,5752.799721,0.0
0.0,50,5753.325235,1.0
-50.0,50,5753.817411,0.0
-50.0,50,5754.30128,0.0
-50.0,50,5754.793659,0.0
-50.0,50,5755.304871,0.0
-50.0,50,5755.789228,0.0
-50.0,50,5756.28013,0.0
-50.0,50,5756.783904,0.0
-50.0,50,5757.308176,0.0
-50.0,50,5757.791157,0.0
0.0,50,5758.299355,1.0
0.0,50,5758.804118,1.0
-50.0,50,5759.310598,0.0
-50.0,50,5759.799733,0.0
-50.0,50,5760.287575,0.0
-50.0,50,5760.778769,0.0
-50.0,50,5761.282429,0.0
-50.0,50,5761.771817,0.0
-50.0,50,5762.259863,0.0
-50.0,50,5762.762137,0.0
-50.0,50,5763.269917,0.0
-50.0,50,5763.759224,0.0
-50.0,50,5764.242254,0.0
-50.0,50,5764.724567,0.0
-50.0,50,5765.223829,0.0
-50.0,50,5765.70565,0.0
-50.0,50,5766.19834,0.0
-50.0,50,5766.678406,0.0
-50.0,50,5767.176007,0.0
-50.0,50,5767.656733,0.0
0.0,50,5768.145753,1.0
-50.0,50,5768.632572,0.0
-50.0,50,5769.13874,0.0
-50.0,50,5769.631013,0.0
-50.0,50,5770.113534,0.0
-50.0,50,5770.599974,0.0
-50.0,50,5771.101593,0.0
-50.0,50,5771.588083,0.0
-50.0,50,5772.065049,0.0
-50.0,50,5772.543139,0.0
-50.0,50,5773.043654,0.0
-50.0,50,5773.533006,0.0
-50.0,50,5774.014449,0.0
-50.0,50,5774.500088,0.0
-50.0,50,5775.074126,0.0
-50.0,50,5775.552007,0.0
-50.0,50,5776.031963,0.0
-50.0,50,5776.513433,0.0
-50.0,50,5777.006214,0.0
-50.0,50,5777.508753,0.0
-50.0,50,5777.995957,0.0
-50.0,50,5778.501162,0.0
-50.0,50,5778.99724,0.0
-50.0,50,5779.475474,0.0
-50.0,50,5779.96515,0.0
-50.0,50,5780.460879,0.0
-50.0,50,5780.955802,0.0
-50.0,50,5781.445359,0.0
-50.0,50,5781.932126,0.0
-50.0,50,5782.423734,0.0
-50.0,50,5782.928582,0.0
-50.0,50,5783.418505,0.0
-50.0,50,5783.903835,0.0
-50.0,50,5784.38021,0.0
-50.0,50,5784.882773,0.0
-50.0,50,5785.397011,0.0
-50.0,50,5785.90089,0.0
-50.0,50,5786.387027,0.0
-50.0,50,5786.891345,0.0
0.0,50,5787.394374,1.0
-50.0,50,5787.878193,0.0
-50.0,50,5788.355144,0.0
-50.0,50,5788.843569,0.0
-50.0,50,5789.330727,0.0
-50.0,50,5789.813228,0.0
-50.0,50,5790.30252,0.0
0.0,50,5790.817739,1.0
0.0,50,5791.297622,1.0
-50.0,50,5791.783595,0.0
-50.0,50,5792.27356,0.0
0.0,50,5792.773285,1.0
0.0,50,5793.27148,1.0
-50.0,50,5793.748173,0.0
-50.0,50,5794.233221,0.0
-50.0,50,5794.741224,0.0
-50.0,50,5795.230183,0.0
-50.0,50,5795.724884,0.0
0.0,50,5796.221346,1.0
-50.0,50,5796.722501,0.0
-50.0,50,5797.21043,0.0
-50.0,50,5797.692369,0.0
-50.0,50,5798.193777,0.0
-50.0,50,5798.699807,0.0
-50.0,50,5799.186408,0.0
-50.0,50,5799.666181,0.0
-50.0,50,5800.1535,0.0
-50.0,50,5800.662513,0.0
-50.0,50,5801.147825,0.0
-50.0,50,5801.628823,0.0
0.0,50,5802.125557,1.0
-50.0,50,5804.902864,0.0
-50.0,50,5805.378536,0.0
-50.0,50,5805.857646,0.0
-50.0,50,5806.334894,0.0
-50.0,50,5806.833261,0.0
-50.0,50,5807.322937,0.0
-50.0,50,5807.812261,0.0
-50.0,50,5808.296396,0.0
-50.0,50,5808.803245,0.0
-50.0,50,5809.294353,0.0
-50.0,50,5809.773143,0.0
-50.0,50,5810.253112,0.0
-50.0,50,5810.779205,0.0
-50.0,50,5811.256214,0.0
-50.0,50,5811.754347,0.0
-50.0,50,5812.242756,0.0
0.0,50,5812.765132,1.0
-50.0,50,5813.247386,0.0
-50.0,50,5813.733389,0.0
-50.0,50,5814.220774,0.0
-50.0,50,5814.71611,0.0
-50.0,50,5815.193223,0.0
-50.0,50,5815.671083,0.0
-50.0,50,5816.14964,0.0
-50.0,50,5816.664818,0.0
-50.0,50,5817.158807,0.0
-50.0,50,5817.643779,0.0
-50.0,50,5818.130488,0.0
-50.0,50,5818.631065,0.0
-50.0,50,5819.111009,0.0
-50.0,50,5819.58915,0.0
-50.0,50,5820.085113,0.0
-50.0,50,5820.595364,0.0
-50.0,50,5821.078448,0.0
-50.0,50,5821.560171,0.0
-50.0,50,5822.042344,0.0
-50.0,50,5822.550177,0.0
-50.0,50,5823.036602,0.0
-50.0,50,5823.538745,0.0
-50.0,50,5824.029993,0.0
-50.0,50,5824.528854,0.0
-50.0,50,5825.004594,0.0
-50.0,50,5825.481566,0.0
-50.0,50,5825.976559,0.0
-50.0,50,5826.485428,0.0
-50.0,50,5826.961974,0.0
0.0,50,5827.458261,1.0
-50.0,50,5827.93733,0.0
-50.0,50,5828.440317,0.0
0.0,50,5828.937319,1.0
-50.0,50,5829.414162,0.0
-50.0,50,5829.893044,0.0
-50.0,50,5830.400119,0.0
-50.0,50,5830.87956,0.0
-50.0,50,5831.358138,0.0
-50.0,50,5831.845214,0.0
-50.0,50,5832.34678,0.0
0.0,50,5832.83966,1.0
-50.0,50,5833.322058,0.0
-50.0,50,5833.799641,0.0
0.0,50,5834.292594,1.0
-50.0,50,5834.785427,0.0
-50.0,50,5835.264803,0.0
-50.0,50,5835.745453,0.0
-50.0,50,5836.237288,0.0
-50.0,50,5836.717462,0.0
-50.0,50,5837.197861,0.0
-50.0,50,5837.68912,0.0
-50.0,50,5838.182978,0.0
-50.0,50,5838.664947,0.0
-50.0,50,5839.150336,0.0
-50.0,50,5839.630018,0.0
-50.0,50,5840.129279,0.0
-50.0,50,5840.614347,0.0
-50.0,50,5841.102411,0.0
-50.0,50,5841.58472,0.0
-50.0,50,5842.094428,0.0
-50.0,50,5842.572989,0.0
-50.0,50,5843.0595,0.0
-50.0,50,5843.535716,0.0
-50.0,50,5844.030248,0.0
-50.0,50,5844.523492,0.0
-50.0,50,5845.01103,0.0
-50.0,50,5845.506405,0.0
-50.0,50,5846.018059,0.0
-50.0,50,5846.511356,0.0
-50.0,50,5847.006909,0.0
-50.0,50,5847.501244,0.0
-50.0,50,5848.00627,0.0
-50.0,50,5848.490087,0.0
-50.0,50,5848.966626,0.0
-50.0,50,5849.455171,0.0
-50.0,50,5849.961462,0.0
-50.0,50,5850.451224,0.0
-50.0,50,5850.928514,0.0
0.0,50,5851.415184,1.0
-50.0,50,5851.919385,0.0
-50.0,50,5852.397066,0.0
-50.0,50,5852.90245,0.0
-50.0,50,5853.388849,0.0
-50.0,50,5853.917444,0.0
-50.0,50,5854.406823,0.0
-50.0,50,5854.891496,0.0
-50.0,50,5855.384883,0.0
-50.0,50,5855.885071,0.0
-50.0,50,5856.367957,0.0
-50.0,50,5856.853602,0.0
-50.0,50,5857.331538,0.0
-50.0,50,5857.832484,0.0
-50.0,50,5858.322721,0.0
-50.0,50,5858.828773,0.0
-50.0,50,5859.314576,0.0
-50.0,50,5859.811554,0.0
0.0,50,5860.311872,1.0
-50.0,50,5860.793902,0.0
-50.0,50,5861.287446,0.0
-50.0,50,5861.796741,0.0
-50.0,50,5862.276285,0.0
-50.0,50,5862.763596,0.0
-50.0,50,5863.247319,0.0
-50.0,50,5863.739764,0.0
-50.0,50,5864.227444,0.0
-50.0,50,5864.711683,0.0
-50.0,50,5865.200741,0.0
-50.0,50,5865.698582,0.0
-50.0,50,5866.178359,0.0
-50.0,50,5866.666112,0.0
-50.0,50,5867.149233,0.0
-50.0,50,5867.652435,0.0
-50.0,50,5868.132434,0.0
-50.0,50,5868.622359,0.0
-50.0,50,5869.115745,0.0
-50.0,50,5869.611338,0.0
-50.0,50,5870.093965,0.0
-50.0,50,5870.583417,0.0
-50.0,50,5871.07053,0.0
-50.0,50,5871.588786,0.0
-50.0,50,5872.090461,0.0
-50.0,50,5872.578648,0.0
-50.0,50,5873.068892,0.0
-50.0,50,5873.572068,0.0
0.0,50,5874.060387,1.0
-50.0,50,5874.543241,0.0
-50.0,50,5875.023995,0.0
-50.0,50,5875.520949,0.0
-50.0,50,5876.034429,0.0
-50.0,50,5876.515207,0.0
0.0,50,5877.007854,1.0
-50.0,50,5877.53194,0.0
-50.0,50,5878.015595,0.0
-50.0,50,5878.503318,0.0
-50.0,50,5878.99445,0.0
-50.0,50,5879.499343,0.0
-50.0,50,5880.005145,0.0
-50.0,50,5880.486134,0.0
-50.0,50,5880.971258,0.0
-50.0,50,5881.489875,0.0
-50.0,50,5881.966924,0.0
-50.0,50,5882.443143,0.0
-50.0,50,5882.924016,0.0
-50.0,50,5883.430282,0.0
-50.0,50,5883.906225,0.0
-50.0,50,5884.387675,0.0
-50.0,50,5884.867244,0.0
-50.0,50,5885.370038,0.0
-50.0,50,5885.857571,0.0
-50.0,50,5886.347915,0.0
0.0,50,5886.82765,1.0
-50.0,50,5887.329347,0.0
-50.0,50,5887.815397,0.0
-50.0,50,5888.30121,0.0
-50.0,50,5888.784068,0.0
-50.0,50,5889.283087,0.0
-50.0,50,5889.760255,0.0
-50.0,50,5890.249297,0.0
-50.0,50,5890.732773,0.0
-50.0,50,5891.274565,0.0
-50.0,50,5891.765075,0.0
-50.0,50,5892.258761,0.0
-50.0,50,5892.762574,0.0
-50.0,50,5893.268781,0.0
-50.0,50,5893.753043,0.0
-50.0,50,5894.256437,0.0
-50.0,50,5894.759101,0.0
-50.0,50,5895.286023,0.0
-50.0,50,5895.778155,0.0
-50.0,50,5896.266719,0.0
0.0,50,5896.768252,1.0
-50.0,50,5897.288949,0.0
-50.0,50,5897.784607,0.0
-50.0,50,5898.265706,0.0
-50.0,50,5898.753056,0.0
-50.0,50,5899.259178,0.0
-50.0,50,5899.75248,0.0
-50.0,50,5900.22682,0.0
-50.0,50,5900.711074,0.0
-50.0,50,5901.211352,0.0
-50.0,50,5901.6951,0.0
-50.0,50,5902.179698,0.0
-50.0,50,5902.663912,0.0
-50.0,50,5905.387615,0.0
-50.0,50,5905.872275,0.0
-50.0,50,5906.358376,0.0
-50.0,50,5906.84315,0.0
-50.0,50,5907.33902,0.0
-50.0,50,5907.820756,0.0
-50.0,50,5908.306499,0.0
-50.0,50,5908.798143,0.0
-50.0,50,5909.309069,0.0
-50.0,50,5909.790282,0.0
-50.0,50,5910.270082,0.0
-50.0,50,5910.766587,0.0
-50.0,50,5911.274004,0.0
-50.0,50,5911.759442,0.0
-50.0,50,5912.238207,0.0
-50.0,50,5912.722862,0.0
-50.0,50,5913.214287,0.0
-50.0,50,5913.6897,0.0
-50.0,50,5914.180565,0.0
-50.0,50,5914.669666,0.0
0.0,50,5915.172683,1.0
-50.0,50,5915.660296,0.0
-50.0,50,5916.147134,0.0
-50.0,50,5916.633839,0.0
-50.0,50,5917.129109,0.0
-50.0,50,5917.615535,0.0
0.0,50,5918.095569,1.0
-50.0,50,5918.574397,0.0
-50.0,50,5919.071716,0.0
-50.0,50,5919.552119,0.0
-50.0,50,5920.030368,0.0
-50.0,50,5920.513568,0.0
-50.0,50,5921.006063,0.0
-50.0,50,5921.481741,0.0
-50.0,50,5921.95824,0.0
-50.0,50,5922.433834,0.0
-50.0,50,5922.930984,0.0
-50.0,50,5923.409424,0.0
-50.0,50,5923.899925,0.0
-50.0,50,5924.378801,0.0
-50.0,50,5924.878597,0.0
-50.0,50,5925.356703,0.0
-50.0,50,5925.844594,0.0
-50.0,50,5926.331717,0.0
-50.0,50,5926.826147,0.0
-50.0,50,5927.309518,0.0
-50.0,50,5927.801288,0.0
-50.0,50,5928.28931,0.0
-50.0,50,5928.790905,0.0
-50.0,50,5929.273145,0.0
0.0,50,5929.765446,1.0
-50.0,50,5930.245136,0.0
-50.0,50,5930.752382,0.0
-50.0,50,5931.243872,0.0
-50.0,50,5931.725146,0.0
-50.0,50,5932.205149,0.0
-50.0,50,5932.712936,0.0
-50.0,50,5933.207272,0.0
-50.0,50,5933.696312,0.0
-50.0,50,5934.185809,0.0
-50.0,50,5934.68821,0.0
-50.0,50,5935.177926,0.0
-50.0,50,5935.663251,0.0
-50.0,50,5936.141638,0.0
-50.0,50,5936.637396,0.0
-50.0,50,5937.117548,0.0
-50.0,50,5937.609153,0.0
-50.0,50,5938.099169,0.0
-50.0,50,5938.601485,0.0
-50.0,50,5939.083677,0.0
-50.0,50,5939.56829,0.0
-50.0,50,5940.059207,0.0
-50.0,50,5940.569231,0.0
-50.0,50,5941.048241,0.0
-50.0,50,5941.529013,0.0
-50.0,50,5942.011596,0.0
-50.0,50,5942.507102,0.0
-50.0,50,5942.999768,0.0
-50.0,50,5943.489133,0.0
-50.0,50,5943.969542,0.0
-50.0,50,5944.462824,0.0
-50.0,50,5944.94004,0.0
-50.0,50,5945.428821,0.0
-50.0,50,5945.912206,0.0
-50.0,50,5946.419146,0.0
-50.0,50,5946.899247,0.0
-50.0,50,5947.387442,0.0
-50.0,50,5947.86796,0.0
-50.0,50,5948.358517,0.0
0.0,50,5948.836422,1.0
-50.0,50,5949.320406,0.0
-50.0,50,5949.799003,0.0
-50.0,50,5950.296834,0.0
-50.0,50,5950.786261,0.0
-50.0,50,5951.268659,0.0
-50.0,50,5951.7543,0.0
-50.0,50,5952.250083,0.0
-50.0,50,5952.733611,0.0
-50.0,50,5953.215151,0.0
-50.0,50,5953.692791,0.0
-50.0,50,5954.19976,0.0
-50.0,50,5954.68854,0.0
-50.0,50,5955.182455,0.0
-50.0,50,5955.659312,0.0
-50.0,50,5956.164232,0.0
-50.0,50,5956.654539,0.0
-50.0,50,5957.137219,0.0
-50.0,50,5957.619085,0.0
-50.0,50,5958.116089,0.0
-50.0,50,5958.599105,0.0
-50.0,50,5959.078051,0.0
-50.0,50,5959.578518,0.0
-50.0,50,5960.075025,0.0
-50.0,50,5960.554826,0.0
-50.0,50,5961.036764,0.0
-50.0,50,5961.515659,0.0
-50.0,50,5962.018099,0.0
0.0,50,5962.494557,1.0
-50.0,50,5962.97604,0.0
-50.0,50,5963.454173,0.0
-50.0,50,5963.94912,0.0
-50.0,50,5964.4343,0.0
-50.0,50,5964.919791,0.0
-50.0,50,5965.415291,0.0
-50.0,50,5965.925438,0.0
-50.0,50,5966.400261,0.0
-50.0,50,5966.873944,0.0
-50.0,50,5967.36145,0.0
0.0,50,5967.862808,1.0
-50.0,50,5968.339468,0.0
0.0,50,5968.82419,1.0
-50.0,50,5969.299979,0.0
0.0,50,5969.810469,1.0
-50.0,50,5970.303216,0.0
-50.0,50,5970.809562,0.0
-50.0,50,5971.315612,0.0
-50.0,50,5971.844455,0.0
-50.0,50,5972.352514,0.0
-50.0,50,5972.851321,0.0
-50.0,50,5973.346571,0.0
-50.0,50,5973.851583,0.0
-50.0,50,5974.345454,0.0
-50.0,50,5974.830835,0.0
-50.0,50,5975.318716,0.0
-50.0,50,5975.811514,0.0
-50.0,50,5976.29611,0.0
-50.0,50,5976.773395,0.0
-50.0,50,5977.248085,0.0
-50.0,50,5977.754189,0.0
-50.0,50,5978.235011,0.0
-50.0,50,5978.718398,0.0
-50.0,50,5979.207036,0.0
-50.0,50,5979.701754,0.0
-50.0,50,5980.175332,0.0
-50.0,50,5980.660304,0.0
-50.0,50,5981.147359,0.0
-50.0,50,5981.634216,0.0
-50.0,50,5982.106976,0.0
-50.0,50,5982.579133,0.0
-50.0,50,5983.052875,0.0
-50.0,50,5983.55033,0.0
-50.0,50,5984.031751,0.0
-50.0,50,5984.517268,0.0
0.0,50,5984.992962,1.0
-50.0,50,5985.489786,0.0
-50.0,50,5985.968013,0.0
-50.0,50,5986.442301,0.0
-50.0,50,5986.915706,0.0
-50.0,50,5987.400352,0.0
-50.0,50,5987.891764,0.0
-50.0,50,5988.376447,0.0
-50.0,50,5988.864483,0.0
-50.0,50,5989.370016,0.0
-50.0,50,5989.850342,0.0
-50.0,50,5990.33928,0.0
-50.0,50,5990.818434,0.0
-50.0,50,5991.305839,0.0
-50.0,50,5991.786591,0.0
-50.0,50,5992.265963,0.0
-50.0,50,5992.754172,0.0
-50.0,50,5993.279691,0.0
-50.0,50,5993.759106,0.0
-50.0,50,5994.245288,0.0
-50.0,50,5994.733695,0.0
-50.0,50,5995.244348,0.0
-50.0,50,5995.736207,0.0
-50.0,50,5996.222266,0.0
-50.0,50,5996.709593,0.0
-50.0,50,5997.248568,0.0
-50.0,50,5997.724605,0.0
-50.0,50,5998.200945,0.0
-50.0,50,5998.679345,0.0
-50.0,50,5999.177756,0.0
-50.0,50,5999.65969,0.0
-50.0,50,6000.143103,0.0
-50.0,50,6000.621001,0.0
-50.0,50,6001.122397,0.0
-50.0,50,6001.603291,0.0
0.0,50,6002.095639,1.0
-50.0,50,6002.570812,0.0
-50.0,50,6005.364524,0.0
-50.0,50,6005.843781,0.0
-50.0,50,6006.338049,0.0
-50.0,50,6006.818972,0.0
-50.0,50,6007.325627,0.0
-50.0,50,6007.803153,0.0
-50.0,50,6008.282021,0.0
-50.0,50,6008.761791,0.0
-50.0,50,6009.276177,0.0
-50.0,50,6009.752322,0.0
-50.0,50,6010.23834,0.0
-50.0,50,6010.71702,0.0
-50.0,50,6011.217199,0.0
-50.0,50,6011.717426,0.0
-50.0,50,6012.195524,0.0
-50.0,50,6012.67816,0.0
-50.0,50,6013.186709,0.0
-50.0,50,6013.670718,0.0
-50.0,50,6014.146031,0.0
-50.0,50,6014.621961,0.0
-50.0,50,6015.114999,0.0
-50.0,50,6015.592252,0.0
-50.0,50,6016.067955,0.0
-50.0,50,6016.544001,0.0
-50.0,50,6017.038082,0.0
-50.0,50,6017.514471,0.0
-50.0,50,6017.992421,0.0
-50.0,50,6018.465136,0.0
-50.0,50,6018.966667,0.0
-50.0,50,6019.441205,0.0
-50.0,50,6019.923064,0.0
-50.0,50,6020.399827,0.0
-50.0,50,6020.893916,0.0
0.0,50,6021.371213,1.0
-50.0,50,6021.845206,0.0
-50.0,50,6022.328099,0.0
-50.0,50,6022.820255,0.0
0.0,50,6023.293417,1.0
-50.0,50,6023.772849,0.0
-50.0,50,6024.255651,0.0
-50.0,50,6024.771486,0.0
-50.0,50,6025.255595,0.0
-50.0,50,6025.742342,0.0
-50.0,50,6026.222207,0.0
0.0,50,6026.725265,1.0
-50.0,50,6027.197151,0.0
-50.0,50,6027.669542,0.0
-50.0,50,6028.14625,0.0
-50.0,50,6028.638954,0.0
-50.0,50,6029.111461,0.0
-50.0,50,6029.588947,0.0
-50.0,50,6030.069732,0.0
-50.0,50,6030.564971,0.0
-50.0,50,6031.045444,0.0
-50.0,50,6031.530333,0.0
-50.0,50,6032.014655,0.0
-50.0,50,6032.506978,0.0
-50.0,50,6032.988971,0.0
-50.0,50,6033.460894,0.0
-50.0,50,6033.944452,0.0
-50.0,50,6034.445513,0.0
-50.0,50,6034.923239,0.0
-50.0,50,6035.39599,0.0
-50.0,50,6035.873748,0.0
-50.0,50,6036.411186,0.0
-50.0,50,6036.884465,0.0
-50.0,50,6037.372862,0.0
-50.0,50,6037.852074,0.0
-50.0,50,6038.347057,0.0
-50.0,50,6038.823523,0.0
-50.0,50,6039.299239,0.0
-50.0,50,6039.77194,0.0
0.0,50,6040.275217,1.0
-50.0,50,6040.748548,0.0
-50.0,50,6041.227726,0.0
0.0,50,6041.701019,1.0
-50.0,50,6042.201857,0.0
-50.0,50,6042.673753,0.0
-50.0,50,6043.149821,0.0
-50.0,50,6043.62916,0.0
-50.0,50,6044.141717,0.0
-50.0,50,6044.621421,0.0
-50.0,50,6045.099102,0.0
-50.0,50,6045.587725,0.0
-50.0,50,6046.088002,0.0
-50.0,50,6046.582174,0.0
-50.0,50,6047.055408,0.0
-50.0,50,6047.531009,0.0
-50.0,50,6048.028405,0.0
-50.0,50,6048.506902,0.0
-50.0,50,6048.981945,0.0
-50.0,50,6049.456219,0.0
-50.0,50,6049.962554,0.0
-50.0,50,6050.435119,0.0
-50.0,50,6050.914096,0.0
-50.0,50,6051.398006,0.0
-50.0,50,6051.90179,0.0
-50.0,50,6052.385226,0.0
-50.0,50,6052.859216,0.0
-50.0,50,6053.335487,0.0
-50.0,50,6053.833201,0.0
-50.0,50,6054.316321,0.0
-50.0,50,6054.796041,0.0
0.0,50,6055.278842,1.0
-50.0,50,6055.793389,0.0
-50.0,50,6056.279677,0.0
-50.0,50,6056.759017,0.0
-50.0,50,6057.232968,0.0
-50.0,50,6057.751185,0.0
-50.0,50,6058.231518,0.0
-50.0,50,6058.705495,0.0
-50.0,50,6059.178761,0.0
-50.0,50,6059.677918,0.0
-50.0,50,6060.158007,0.0
-50.0,50,6060.638031,0.0
-50.0,50,6061.115,0.0
-50.0,50,6061.611411,0.0
-50.0,50,6062.0926,0.0
0.0,50,6062.574276,1.0
-50.0,50,6063.046872,0.0
-50.0,50,6063.553122,0.0
-50.0,50,6064.035282,0.0
-50.0,50,6064.514868,0.0
-50.0,50,6064.990847,0.0
-50.0,50,6065.486416,0.0
-50.0,50,6065.968992,0.0
-50.0,50,6066.464407,0.0
-50.0,50,6066.94197,0.0
-50.0,50,6067.446501,0.0
0.0,50,6067.925461,1.0
-50.0,50,6068.401551,0.0
-50.0,50,6068.887866,0.0
-50.0,50,6069.39518,0.0
-50.0,50,6069.878141,0.0
-50.0,50,6070.35915,0.0
0.0,50,6070.846632,1.0
0.0,50,6071.385537,1.0
-50.0,50,6071.871577,0.0
-50.0,50,6072.359717,0.0
-50.0,50,6072.840261,0.0
-50.0,50,6073.364435,0.0
-50.0,50,6073.84975,0.0
-50.0,50,6074.330101,0.0
-50.0,50,6074.811412,0.0
0.0,50,6075.312119,1.0
-50.0,50,6075.798281,0.0
-50.0,50,6076.288293,0.0
-50.0,50,6076.777977,0.0
-50.0,50,6077.286955,0.0
-50.0,50,6077.768821,0.0
-50.0,50,6078.250086,0.0
-50.0,50,6078.73069,0.0
-50.0,50,6079.22986,0.0
-50.0,50,6079.712178,0.0
-50.0,50,6080.200313,0.0
-50.0,50,6080.681414,0.0
-50.0,50,6081.178331,0.0
-50.0,50,6081.66029,0.0
-50.0,50,6082.166493,0.0
-50.0,50,6082.662291,0.0
-50.0,50,6083.154779,0.0
-50.0,50,6083.633126,0.0
-50.0,50,6084.122436,0.0
-50.0,50,6084.611401,0.0
-50.0,50,6085.130709,0.0
0.0,50,6085.611297,1.0
-50.0,50,6086.099517,0.0
-50.0,50,6086.583899,0.0
-50.0,50,6087.093551,0.0
-50.0,50,6087.570813,0.0
-50.0,50,6088.054597,0.0
0.0,50,6088.543873,1.0
-50.0,50,6089.061937,0.0
-50.0,50,6089.541015,0.0
-50.0,50,6090.024972,0.0
-50.0,50,6090.505427,0.0
-50.0,50,6091.006691,0.0
-50.0,50,6091.487599,0.0
-50.0,50,6091.978861,0.0
-50.0,50,6092.460894,0.0
-50.0,50,6092.966272,0.0
0.0,50,6093.455332,1.0
-50.0,50,6093.945722,0.0
-50.0,50,6094.42347,0.0
-50.0,50,6094.92567,0.0
-50.0,50,6095.416572,0.0
-50.0,50,6095.910103,0.0
-50.0,50,6096.411133,0.0
-50.0,50,6096.946227,0.0
-50.0,50,6097.433211,0.0
-50.0,50,6097.930561,0.0
-50.0,50,6098.410591,0.0
0.0,50,6098.913579,1.0
-50.0,50,6099.401743,0.0
-50.0,50,6099.880339,0.0
-50.0,50,6100.369829,0.0
-50.0,50,6100.868007,0.0
-50.0,50,6101.351253,0.0
-50.0,50,6101.833213,0.0
-50.0,50,6102.328318,0.0
-50.0,50,6105.079548,0.0
-50.0,50,6105.565393,0.0
-50.0,50,6106.042702,0.0
-50.0,50,6106.536335,0.0
-50.0,50,6107.037566,0.0
-50.0,50,6107.517333,0.0
-50.0,50,6107.99723,0.0
-50.0,50,6108.481587,0.0
-50.0,50,6108.978075,0.0
-50.0,50,6109.468849,0.0
-50.0,50,6109.959954,0.0
-50.0,50,6110.446905,0.0
-50.0,50,6110.951483,0.0
-50.0,50,6111.431878,0.0
-50.0,50,6111.912791,0.0
0.0,50,6112.403579,1.0
-50.0,50,6112.910947,0.0
-50.0,50,6113.458735,0.0
-50.0,50,6113.940345,0.0
-50.0,50,6114.420041,0.0
-50.0,50,6114.920946,0.0
-50.0,50,6115.407097,0.0
-50.0,50,6115.897979,0.0
-50.0,50,6116.386715,0.0
-50.0,50,6116.898209,0.0
-50.0,50,6117.37292,0.0
-50.0,50,6117.852038,0.0
-50.0,50,6118.338701,0.0
-50.0,50,6118.86231,0.0
0.0,50,6119.337287,1.0
-50.0,50,6119.824209,0.0
-50.0,50,6120.308334,0.0
-50.0,50,6120.808047,0.0
-50.0,50,6121.296179,0.0
-50.0,50,6121.774101,0.0
-50.0,50,6122.259257,0.0
-50.0,50,6122.752138,0.0
-50.0,50,6123.243105,0.0
-50.0,50,6123.750526,0.0
-50.0,50,6124.274796,0.0
-50.0,50,6124.781025,0.0
-50.0,50,6125.260758,0.0
-50.0,50,6125.742429,0.0
-50.0,50,6126.240342,0.0
-50.0,50,6126.748974,0.0
-50.0,50,6127.228292,0.0
-50.0,50,6127.714357,0.0
-50.0,50,6128.205197,0.0
-50.0,50,6128.709323,0.0
-50.0,50,6129.190132,0.0
-50.0,50,6129.673063,0.0
-50.0,50,6130.152553,0.0
0.0,50,6130.656684,1.0
-50.0,50,6131.142207,0.0
-50.0,50,6131.623277,0.0
-50.0,50,6132.110075,0.0
-50.0,50,6132.642641,0.0
-50.0,50,6133.132282,0.0
-50.0,50,6133.610956,0.0
-50.0,50,6134.090869,0.0
-50.0,50,6134.599712,0.0
0.0,50,6135.081304,1.0
0.0,50,6135.565181,1.0
-50.0,50,6136.05399,0.0
-50.0,50,6136.557016,0.0
-50.0,50,6137.033268,0.0
-50.0,50,6137.519998,0.0
-50.0,50,6138.009254,0.0
-50.0,50,6138.503142,0.0
-50.0,50,6138.988903,0.0
-50.0,50,6139.474779,0.0
-50.0,50,6139.960274,0.0
-50.0,50,6140.453833,0.0
-50.0,50,6140.940983,0.0
-50.0,50,6141.424907,0.0
-50.0,50,6141.905811,0.0
-50.0,50,6142.410258,0.0
-50.0,50,6142.893236,0.0
-50.0,50,6143.371392,0.0
-50.0,50,6143.848814,0.0
-50.0,50,6144.345927,0.0
-50.0,50,6144.830918,0.0
-50.0,50,6145.307129,0.0
0.0,50,6145.792901,1.0
-50.0,50,6146.288993,0.0
-50.0,50,6146.76712,0.0
-50.0,50,6147.245119,0.0
-50.0,50,6147.733275,0.0
-50.0,50,6148.267027,0.0
-50.0,50,6148.747078,0.0
-50.0,50,6149.230421,0.0
-50.0,50,6149.717044,0.0
-50.0,50,6150.223705,0.0
0.0,50,6150.718338,1.0
-50.0,50,6151.20258,0.0
-50.0,50,6151.68846,0.0
-50.0,50,6152.196838,0.0
0.0,50,6152.690111,1.0
-50.0,50,6153.171944,0.0
-50.0,50,6153.652699,0.0
-50.0,50,6154.155757,0.0
-50.0,50,6154.636247,0.0
-50.0,50,6155.122163,0.0
-50.0,50,6155.605945,0.0
-50.0,50,6156.141205,0.0
0.0,50,6156.62469,1.0
0.0,50,6157.112347,1.0
-50.0,50,6157.598945,0.0
-50.0,50,6158.103539,0.0
-50.0,50,6158.582954,0.0
-50.0,50,6159.061836,0.0
-50.0,50,6159.546634,0.0
-50.0,50,6160.042207,0.0
-50.0,50,6160.524595,0.0
-50.0,50,6161.012013,0.0
-50.0,50,6161.506144,0.0
0.0,50,6162.011009,1.0
-50.0,50,6162.497894,0.0
-50.0,50,6162.98168,0.0
-50.0,50,6163.470467,0.0
-50.0,50,6163.983358,0.0
-50.0,50,6164.476499,0.0
-50.0,50,6164.953569,0.0
-50.0,50,6165.431495,0.0
-50.0,50,6165.924178,0.0
-50.0,50,6166.41245,0.0
-50.0,50,6166.898721,0.0
-50.0,50,6167.387456,0.0
-50.0,50,6167.889794,0.0
-50.0,50,6168.370824,0.0
-50.0,50,6168.855506,0.0
-50.0,50,6169.343157,0.0
-50.0,50,6169.838353,0.0
-50.0,50,6170.325142,0.0
-50.0,50,6170.807717,0.0
-50.0,50,6171.288758,0.0
-50.0,50,6171.795994,0.0
-50.0,50,6172.286055,0.0
-50.0,50,6172.771803,0.0
-50.0,50,6173.259158,0.0
-50.0,50,6173.751444,0.0
-50.0,50,6174.238919,0.0
-50.0,50,6174.718418,0.0
-50.0,50,6175.198636,0.0
-50.0,50,6175.709135,0.0
-50.0,50,6176.186996,0.0
-50.0,50,6176.671575,0.0
-50.0,50,6177.154338,0.0
0.0,50,6177.681144,1.0
-50.0,50,6178.175528,0.0
-50.0,50,6178.656381,0.0
-50.0,50,6179.15243,0.0
-50.0,50,6179.662556,0.0
-50.0,50,6180.157454,0.0
-50.0,50,6180.640355,0.0
-50.0,50,6181.119899,0.0
0.0,50,6181.638371,1.0
-50.0,50,6182.117854,0.0
-50.0,50,6182.614831,0.0
0.0,50,6183.119454,1.0
0.0,50,6183.633927,1.0
-50.0,50,6184.1217,0.0
-50.0,50,6184.60277,0.0
-50.0,50,6185.088371,0.0
-50.0,50,6185.584749,0.0
-50.0,50,6186.07884,0.0
0.0,50,6186.575891,1.0
-50.0,50,6187.063699,0.0
-50.0,50,6187.584292,0.0
-50.0,50,6188.075973,0.0
-50.0,50,6188.564474,0.0
-50.0,50,6189.060483,0.0
-50.0,50,6189.573089,0.0
-50.0,50,6190.064076,0.0
-50.0,50,6190.543663,0.0
-50.0,50,6191.03661,0.0
-50.0,50,6191.532319,0.0
-50.0,50,6192.022967,0.0
-50.0,50,6192.528117,0.0
-50.0,50,6193.03983,0.0
-50.0,50,6193.538725,0.0
-50.0,50,6194.029876,0.0
-50.0,50,6194.518439,0.0
-50.0,50,6195.007302,0.0
-50.0,50,6195.517539,0.0
-50.0,50,6195.999903,0.0
-50.0,50,6196.478465,0.0
-50.0,50,6196.970341,0.0
-50.0,50,6197.473432,0.0
-50.0,50,6197.979399,0.0
-50.0,50,6198.45889,0.0
-50.0,50,6198.942704,0.0
-50.0,50,6199.44022,0.0
-50.0,50,6199.923315,0.0
-50.0,50,6200.409101,0.0
-50.0,50,6200.895116,0.0
-50.0,50,6201.401442,0.0
-50.0,50,6201.890465,0.0
-50.0,50,6202.388328,0.0
-50.0,50,6202.871566,0.0
-50.0,50,6205.578861,0.0
-50.0,50,6206.071143,0.0
-50.0,50,6206.563903,0.0
-50.0,50,6207.043755,0.0
0.0,50,6207.553341,1.0
-50.0,50,6208.045273,0.0
-50.0,50,6208.526763,0.0
-50.0,50,6209.019219,0.0
-50.0,50,6209.536965,0.0
-50.0,50,6210.027081,0.0
-50.0,50,6210.509324,0.0
-50.0,50,6211.001846,0.0
-50.0,50,6211.515266,0.0
-50.0,50,6212.00394,0.0
-50.0,50,6212.496069,0.0
-50.0,50,6212.987294,0.0
-50.0,50,6213.495808,0.0
-50.0,50,6213.976447,0.0
-50.0,50,6214.457329,0.0
-50.0,50,6214.969809,0.0
-50.0,50,6215.476349,0.0
-50.0,50,6215.977329,0.0
-50.0,50,6216.46373,0.0
-50.0,50,6216.950079,0.0
-50.0,50,6217.450545,0.0
-50.0,50,6217.951573,0.0
-50.0,50,6218.442665,0.0
-50.0,50,6218.94567,0.0
-50.0,50,6219.451019,0.0
-50.0,50,6219.937054,0.0
-50.0,50,6220.437625,0.0
-50.0,50,6220.925201,0.0
-50.0,50,6221.42332,0.0
-50.0,50,6221.908092,0.0
-50.0,50,6222.389533,0.0
0.0,50,6222.893218,1.0
-50.0,50,6223.394559,0.0
-50.0,50,6223.871673,0.0
-50.0,50,6224.359473,0.0
-50.0,50,6224.839282,0.0
-50.0,50,6225.338949,0.0
-50.0,50,6225.819114,0.0
-50.0,50,6226.30592,0.0
-50.0,50,6226.795328,0.0
-50.0,50,6227.305993,0.0
-50.0,50,6227.814088,0.0
-50.0,50,6228.334554,0.0
-50.0,50,6228.847325,0.0
-50.0,50,6229.364052,0.0
-50.0,50,6229.876249,0.0
-50.0,50,6230.382406,0.0
-50.0,50,6230.874515,0.0
-50.0,50,6231.402289,0.0
-50.0,50,6231.896798,0.0
-50.0,50,6232.390223,0.0
-50.0,50,6232.890424,0.0
-50.0,50,6233.382649,0.0
-50.0,50,6233.866243,0.0
-50.0,50,6234.350719,0.0
0.0,50,6234.837361,1.0
-50.0,50,6235.339968,0.0
-50.0,50,6235.829904,0.0
-50.0,50,6236.324432,0.0
0.0,50,6236.842614,1.0
-50.0,50,6237.366118,0.0
-50.0,50,6237.857245,0.0
-50.0,50,6238.338351,0.0
-50.0,50,6238.823549,0.0
-50.0,50,6239.323014,0.0
-50.0,50,6239.8123,0.0
-50.0,50,6240.296217,0.0
-50.0,50,6240.787091,0.0
-50.0,50,6241.300962,0.0
-50.0,50,6241.786809,0.0
-50.0,50,6242.267962,0.0
-50.0,50,6242.747308,0.0
-50.0,50,6243.254159,0.0
-50.0,50,6243.745953,0.0
-50.0,50,6244.237228,0.0
-50.0,50,6244.73125,0.0
-50.0,50,6245.23401,0.0
-50.0,50,6245.733449,0.0
-50.0,50,6246.232551,0.0
0.0,50,6246.724357,1.0
-50.0,50,6247.223039,0.0
0.0,50,6247.714295,1.0
-50.0,50,6248.208229,0.0
-50.0,50,6248.704565,0.0
-50.0,50,6249.20994,0.0
-50.0,50,6249.700072,0.0
-50.0,50,6250.183317,0.0
-50.0,50,6250.659287,0.0
0.0,50,6251.148034,1.0
-50.0,50,6251.641562,0.0
-50.0,50,6252.128203,0.0
-50.0,50,6252.619292,0.0
-50.0,50,6253.114454,0.0
-50.0,50,6253.608221,0.0
-50.0,50,6254.095295,0.0
-50.0,50,6254.578883,0.0
-50.0,50,6255.087005,0.0
-50.0,50,6255.579055,0.0
-50.0,50,6256.079043,0.0
-50.0,50,6256.571462,0.0
-50.0,50,6257.086884,0.0
-50.0,50,6257.582492,0.0
-50.0,50,6258.077237,0.0
-50.0,50,6258.56139,0.0
-50.0,50,6259.076831,0.0
-50.0,50,6259.561716,0.0
-50.0,50,6260.044547,0.0
-50.0,50,6260.53803,0.0
-50.0,50,6261.044707,0.0
-50.0,50,6261.534041,0.0
-50.0,50,6262.015023,0.0
-50.0,50,6262.496674,0.0
-50.0,50,6262.999209,0.0
-50.0,50,6263.479484,0.0
0.0,50,6263.971234,1.0
-50.0,50,6264.456091,0.0
-50.0,50,6264.965402,0.0
-50.0,50,6265.446379,0.0
-50.0,50,6265.930071,0.0
-50.0,50,6266.42023,0.0
-50.0,50,6266.917595,0.0
-50.0,50,6267.402158,0.0
-50.0,50,6267.891751,0.0
-50.0,50,6268.38348,0.0
-50.0,50,6268.917204,0.0
-50.0,50,6269.395667,0.0
-50.0,50,6269.885888,0.0
-50.0,50,6270.374942,0.0
-50.0,50,6270.912703,0.0
-50.0,50,6271.391194,0.0
-50.0,50,6271.87745,0.0
-50.0,50,6272.395537,0.0
-50.0,50,6272.899191,0.0
-50.0,50,6273.378075,0.0
-50.0,50,6273.869061,0.0
-50.0,50,6274.353456,0.0
-50.0,50,6274.858609,0.0
-50.0,50,6275.348927,0.0
-50.0,50,6275.825939,0.0
-50.0,50,6276.315947,0.0
-50.0,50,6276.840246,0.0
-50.0,50,6277.340014,0.0
-50.0,50,6277.838159,0.0
-50.0,50,6278.327208,0.0
-50.0,50,6278.847599,0.0
-50.0,50,6279.337026,0.0
-50.0,50,6279.816728,0.0
-50.0,50,6280.305273,0.0
-50.0,50,6280.802565,0.0
-50.0,50,6281.288289,0.0
0.0,50,6281.776531,1.0
-50.0,50,6282.260148,0.0
-50.0,50,6282.763648,0.0
-50.0,50,6283.252856,0.0
-50.0,50,6283.742506,0.0
-50.0,50,6284.223898,0.0
-50.0,50,6284.731814,0.0
-50.0,50,6285.218876,0.0
-50.0,50,6285.713542,0.0
-50.0,50,6286.201126,0.0
-50.0,50,6286.702439,0.0
-50.0,50,6287.181114,0.0
-50.0,50,6287.662519,0.0
-50.0,50,6288.144881,0.0
-50.0,50,6288.636297,0.0
-50.0,50,6289.114493,0.0
-50.0,50,6289.594256,0.0
-50.0,50,6290.072958,0.0
-50.0,50,6290.569765,0.0
-50.0,50,6291.049504,0.0
-50.0,50,6291.534946,0.0
-50.0,50,6292.023685,0.0
-50.0,50,6292.522861,0.0
-50.0,50,6293.003972,0.0
-50.0,50,6293.482913,0.0
-50.0,50,6293.962672,0.0
-50.0,50,6294.468202,0.0
-50.0,50,6294.945525,0.0
-50.0,50,6295.427461,0.0
-50.0,50,6295.90745,0.0
-50.0,50,6296.397714,0.0
-50.0,50,6296.874629,0.0
-50.0,50,6297.354914,0.0
-50.0,50,6297.84023,0.0
-50.0,50,6298.339746,0.0
-50.0,50,6298.829815,0.0
-50.0,50,6299.307067,0.0
-50.0,50,6299.79898,0.0
-50.0,50,6300.291508,0.0
-50.0,50,6300.77487,0.0
-50.0,50,6301.2629,0.0
-50.0,50,6301.745982,0.0
-50.0,50,6302.253582,0.0
-50.0,50,6302.733445,0.0
-50.0,50,6303.217976,0.0
-50.0,50,6303.698123,0.0
-50.0,50,6306.433399,0.0
-50.0,50,6306.916644,0.0
-50.0,50,6307.400351,0.0
-50.0,50,6307.882121,0.0
-50.0,50,6308.379363,0.0
-50.0,50,6308.860304,0.0
-50.0,50,6309.339279,0.0
-50.0,50,6309.829199,0.0
-50.0,50,6310.319495,0.0
0.0,50,6310.80883,1.0
-50.0,50,6311.310384,0.0
-50.0,50,6311.814993,0.0
-50.0,50,6312.327335,0.0
-50.0,50,6312.828357,0.0
-50.0,50,6313.335068,0.0
-50.0,50,6313.833004,0.0
-50.0,50,6314.331448,0.0
-50.0,50,6314.828416,0.0
-50.0,50,6315.326248,0.0
-50.0,50,6315.816935,0.0
-50.0,50,6316.324962,0.0
-50.0,50,6316.808652,0.0
0.0,50,6317.284499,1.0
-50.0,50,6317.760206,0.0
-50.0,50,6318.249319,0.0
-50.0,50,6318.723515,0.0
-50.0,50,6319.200193,0.0
-50.0,50,6319.674692,0.0
-50.0,50,6320.163319,0.0
-50.0,50,6320.637316,0.0
-50.0,50,6321.117163,0.0
-50.0,50,6321.592826,0.0
-50.0,50,6322.081045,0.0
-50.0,50,6322.559277,0.0
-50.0,50,6323.037366,0.0
-50.0,50,6323.52268,0.0
-50.0,50,6324.01721,0.0
-50.0,50,6324.494204,0.0
-50.0,50,6324.973554,0.0
-50.0,50,6325.460271,0.0
-50.0,50,6325.953021,0.0
-50.0,50,6326.431395,0.0
-50.0,50,6326.906946,0.0
-50.0,50,6327.388433,0.0
-50.0,50,6327.880817,0.0
-50.0,50,6328.356823,0.0
-50.0,50,6328.835519,0.0
-50.0,50,6329.309986,0.0
-50.0,50,6329.802207,0.0
-50.0,50,6330.27748,0.0
-50.0,50,6330.755014,0.0
-50.0,50,6331.234416,0.0
0.0,50,6331.735087,1.0
-50.0,50,6332.213532,0.0
-50.0,50,6332.693659,0.0
-50.0,50,6333.175412,0.0
-50.0,50,6333.663427,0.0
-50.0,50,6334.140134,0.0
-50.0,50,6334.620312,0.0
-50.0,50,6335.096896,0.0
-50.0,50,6335.606876,0.0
-50.0,50,6336.098502,0.0
-50.0,50,6336.575351,0.0
-50.0,50,6337.061418,0.0
0.0,50,6337.560732,1.0
-50.0,50,6338.036535,0.0
-50.0,50,6338.513752,0.0
-50.0,50,6338.994893,0.0
-50.0,50,6339.48381,0.0
0.0,50,6339.960265,1.0
-50.0,50,6340.439273,0.0
-50.0,50,6340.916327,0.0
-50.0,50,6341.404856,0.0
-50.0,50,6341.882549,0.0
-50.0,50,6342.357181,0.0
-50.0,50,6342.831137,0.0
-50.0,50,6343.321447,0.0
-50.0,50,6343.799879,0.0
-50.0,50,6344.276611,0.0
-50.0,50,6344.753077,0.0
-50.0,50,6345.253677,0.0
0.0,50,6345.742491,1.0
-50.0,50,6346.218503,0.0
-50.0,50,6346.697819,0.0
-50.0,50,6347.195717,0.0
-50.0,50,6347.673877,0.0
-50.0,50,6348.149859,0.0
-50.0,50,6348.624521,0.0
-50.0,50,6349.113883,0.0
0.0,50,6349.601401,1.0
-50.0,50,6350.086966,0.0
-50.0,50,6350.567508,0.0
-50.0,50,6351.05859,0.0
-50.0,50,6351.537847,0.0
-50.0,50,6352.016155,0.0
-50.0,50,6352.496511,0.0
-50.0,50,6353.009808,0.0
-50.0,50,6353.488087,0.0
-50.0,50,6353.965286,0.0
-50.0,50,6354.452117,0.0
-50.0,50,6354.945667,0.0
-50.0,50,6355.420694,0.0
-50.0,50,6355.901313,0.0
-50.0,50,6356.380841,0.0
-50.0,50,6356.8816,0.0
-50.0,50,6357.357573,0.0
-50.0,50,6357.833894,0.0
-50.0,50,6358.312336,0.0
-50.0,50,6358.805733,0.0
-50.0,50,6359.282333,0.0
-50.0,50,6359.758156,0.0
-50.0,50,6360.239944,0.0
-50.0,50,6360.783222,0.0
-50.0,50,6361.261648,0.0
-50.0,50,6361.737144,0.0
-50.0,50,6362.219404,0.0
-50.0,50,6362.71707,0.0
-50.0,50,6363.193659,0.0
-50.0,50,6363.672101,0.0
-50.0,50,6364.14697,0.0
-50.0,50,6364.638973,0.0
-50.0,50,6365.116161,0.0
-50.0,50,6365.594174,0.0
-50.0,50,6366.080136,0.0
-50.0,50,6366.570579,0.0
-50.0,50,6367.047741,0.0
-50.0,50,6367.526445,0.0
-50.0,50,6368.015653,0.0
-50.0,50,6368.512128,0.0
-50.0,50,6368.988187,0.0
-50.0,50,6369.463161,0.0
-50.0,50,6369.94958,0.0
-50.0,50,6370.437704,0.0
-50.0,50,6370.921432,0.0
-50.0,50,6371.401314,0.0
-50.0,50,6371.876343,0.0
-50.0,50,6372.372313,0.0
-50.0,50,6372.85026,0.0
-50.0,50,6373.336247,0.0
0.0,50,6373.813416,1.0
-50.0,50,6374.310572,0.0
-50.0,50,6374.797085,0.0
-50.0,50,6375.276149,0.0
-50.0,50,6375.753472,0.0
-50.0,50,6376.25087,0.0
-50.0,50,6376.726985,0.0
-50.0,50,6377.204879,0.0
-50.0,50,6377.689759,0.0
-50.0,50,6378.185472,0.0
-50.0,50,6378.671321,0.0
-50.0,50,6379.149966,0.0
-50.0,50,6379.636628,0.0
-50.0,50,6380.128307,0.0
-50.0,50,6380.609858,0.0
-50.0,50,6381.098552,0.0
-50.0,50,6381.574693,0.0
-50.0,50,6382.064413,0.0
-50.0,50,6382.541477,0.0
-50.0,50,6383.016475,0.0
-50.0,50,6383.49544,0.0
-50.0,50,6383.994924,0.0
-50.0,50,6384.482894,0.0
-50.0,50,6384.959521,0.0
-50.0,50,6385.445044,0.0
-50.0,50,6385.956084,0.0
-50.0,50,6386.430361,0.0
-50.0,50,6386.906626,0.0
-50.0,50,6387.381682,0.0
-50.0,50,6387.870193,0.0
-50.0,50,6388.349544,0.0
-50.0,50,6388.82583,0.0
-50.0,50,6389.304741,0.0
-50.0,50,6389.798721,0.0
-50.0,50,6390.283841,0.0
-50.0,50,6390.759986,0.0
-50.0,50,6391.250884,0.0
-50.0,50,6391.740285,0.0
-50.0,50,6392.23128,0.0
-50.0,50,6392.718508,0.0
-50.0,50,6393.195501,0.0
-50.0,50,6393.693334,0.0
-50.0,50,6394.177925,0.0
-50.0,50,6394.655133,0.0
-50.0,50,6395.130807,0.0
-50.0,50,6395.621807,0.0
-50.0,50,6396.109074,0.0
-50.0,50,6396.586042,0.0
-50.0,50,6397.061791,0.0
-50.0,50,6397.563896,0.0
-50.0,50,6398.043177,0.0
-50.0,50,6398.518067,0.0
-50.0,50,6398.996518,0.0
0.0,50,6399.51787,1.0
-50.0,50,6399.99689,0.0
0.0,50,6400.485246,1.0
-50.0,50,6400.963224,0.0
-50.0,50,6401.472306,0.0
-50.0,50,6401.956652,0.0
-50.0,50,6402.436929,0.0
-50.0,50,6402.913736,0.0
-50.0,50,6405.601257,0.0
-50.0,50,6406.078945,0.0
-50.0,50,6406.556733,0.0
-50.0,50,6407.037434,0.0
-50.0,50,6407.529339,0.0
-50.0,50,6408.015584,0.0
-50.0,50,6408.496254,0.0
-50.0,50,6408.981465,0.0
-50.0,50,6409.494486,0.0
-50.0,50,6409.975469,0.0
-50.0,50,6410.45418,0.0
-50.0,50,6410.934119,0.0
-50.0,50,6411.444017,0.0
-50.0,50,6411.925927,0.0
-50.0,50,6412.404448,0.0
-50.0,50,6412.885209,0.0
-50.0,50,6413.379182,0.0
-50.0,50,6413.875361,0.0
-50.0,50,6414.36266,0.0
-50.0,50,6414.845367,0.0
-50.0,50,6415.341211,0.0
-50.0,50,6415.820405,0.0
-50.0,50,6416.297428,0.0
-50.0,50,6416.784297,0.0
-50.0,50,6417.274734,0.0
-50.0,50,6417.761311,0.0
0.0,50,6418.25761,1.0
-50.0,50,6418.742433,0.0
-50.0,50,6419.238488,0.0
-50.0,50,6419.727097,0.0
-50.0,50,6420.209809,0.0
-50.0,50,6420.696801,0.0
-50.0,50,6421.190195,0.0
-50.0,50,6421.675507,0.0
-50.0,50,6422.163487,0.0
-50.0,50,6422.645515,0.0
-50.0,50,6423.136438,0.0
-50.0,50,6423.617913,0.0
-50.0,50,6424.098387,0.0
-50.0,50,6424.585485,0.0
-50.0,50,6425.090713,0.0
-50.0,50,6425.572422,0.0
-50.0,50,6426.059275,0.0
-50.0,50,6426.539941,0.0
-50.0,50,6427.032929,0.0
-50.0,50,6427.514907,0.0
-50.0,50,6427.993665,0.0
-50.0,50,6428.477556,0.0
-50.0,50,6428.974046,0.0
-50.0,50,6429.452124,0.0
-50.0,50,6429.933648,0.0
0.0,50,6430.41102,1.0
-50.0,50,6430.913883,0.0
-50.0,50,6431.402942,0.0
-50.0,50,6431.884088,0.0
-50.0,50,6432.364909,0.0
-50.0,50,6432.858257,0.0
-50.0,50,6433.337746,0.0
-50.0,50,6433.82789,0.0
-50.0,50,6434.311062,0.0
-50.0,50,6434.804523,0.0
-50.0,50,6435.284837,0.0
-50.0,50,6435.766147,0.0
-50.0,50,6436.246048,0.0
-50.0,50,6436.739437,0.0
-50.0,50,6437.225687,0.0
-50.0,50,6437.706948,0.0
-50.0,50,6438.185349,0.0
-50.0,50,6438.678973,0.0
-50.0,50,6439.155134,0.0
-50.0,50,6439.633584,0.0
-50.0,50,6440.118794,0.0
-50.0,50,6440.637094,0.0
-50.0,50,6441.11818,0.0
-50.0,50,6441.601249,0.0
-50.0,50,6442.081117,0.0
-50.0,50,6442.573128,0.0
0.0,50,6443.05131,1.0
-50.0,50,6443.532387,0.0
-50.0,50,6444.013875,0.0
-50.0,50,6444.516756,0.0
-50.0,50,6444.999774,0.0
0.0,50,6445.478952,1.0
-50.0,50,6445.95698,0.0
-50.0,50,6446.447934,0.0
-50.0,50,6446.927915,0.0
0.0,50,6447.412409,1.0
-50.0,50,6447.896445,0.0
-50.0,50,6448.403703,0.0
-50.0,50,6448.886255,0.0
-50.0,50,6449.380011,0.0
-50.0,50,6449.862747,0.0
-50.0,50,6450.363755,0.0
-50.0,50,6450.847065,0.0
-50.0,50,6451.326127,0.0
-50.0,50,6451.807081,0.0
-50.0,50,6452.306068,0.0
-50.0,50,6452.78824,0.0
-50.0,50,6453.279363,0.0
-50.0,50,6453.762005,0.0
-50.0,50,6454.25931,0.0
-50.0,50,6454.750354,0.0
-50.0,50,6455.233627,0.0
-50.0,50,6455.740949,0.0
-50.0,50,6456.274939,0.0
-50.0,50,6456.75415,0.0
-50.0,50,6457.23133,0.0
-50.0,50,6457.719103,0.0
-50.0,50,6458.212249,0.0
-50.0,50,6458.693083,0.0
-50.0,50,6459.171042,0.0
-50.0,50,6459.648535,0.0
-50.0,50,6460.194611,0.0
-50.0,50,6460.67415,0.0
0.0,50,6461.159475,1.0
-50.0,50,6461.637568,0.0
-50.0,50,6462.130237,0.0
-50.0,50,6462.61129,0.0
-50.0,50,6463.08946,0.0
-50.0,50,6463.56723,0.0
0.0,50,6464.056637,1.0
-50.0,50,6464.537022,0.0
-50.0,50,6465.016455,0.0
-50.0,50,6465.505082,0.0
-50.0,50,6466.000882,0.0
-50.0,50,6466.536406,0.0
-50.0,50,6467.022352,0.0
-50.0,50,6467.511747,0.0
-50.0,50,6468.007942,0.0
-50.0,50,6468.497613,0.0
-50.0,50,6468.979276,0.0
-50.0,50,6469.474276,0.0
-50.0,50,6469.983113,0.0
-50.0,50,6470.465766,0.0
-50.0,50,6470.949493,0.0
-50.0,50,6471.433799,0.0
0.0,50,6471.948953,1.0
0.0,50,6472.434633,1.0
-50.0,50,6472.928255,0.0
-50.0,50,6473.406403,0.0
-50.0,50,6473.89932,0.0
-50.0,50,6474.379638,0.0
-50.0,50,6474.862043,0.0
-50.0,50,6475.344503,0.0
-50.0,50,6475.840156,0.0
-50.0,50,6476.316139,0.0
-50.0,50,6476.793754,0.0
-50.0,50,6477.286704,0.0
-50.0,50,6477.774191,0.0
-50.0,50,6478.255264,0.0
-50.0,50,6478.744581,0.0
-50.0,50,6479.234141,0.0
-50.0,50,6479.728793,0.0
-50.0,50,6480.208718,0.0
-50.0,50,6480.68946,0.0
-50.0,50,6481.176954,0.0
-50.0,50,6481.681546,0.0
-50.0,50,6482.164184,0.0
-50.0,50,6482.652244,0.0
-50.0,50,6483.134917,0.0
-50.0,50,6483.627829,0.0
-50.0,50,6484.109941,0.0
-50.0,50,6484.597431,0.0
-50.0,50,6485.083292,0.0
-50.0,50,6485.585018,0.0
-50.0,50,6486.085388,0.0
-50.0,50,6486.572439,0.0
-50.0,50,6487.053165,0.0
-50.0,50,6487.552267,0.0
-50.0,50,6488.039744,0.0
-50.0,50,6488.536551,0.0
-50.0,50,6489.01703,0.0
-50.0,50,6489.516276,0.0
-50.0,50,6490.004606,0.0
-50.0,50,6490.489983,0.0
-50.0,50,6490.981467,0.0
-50.0,50,6491.490304,0.0
-50.0,50,6491.98131,0.0
0.0,50,6492.47642,1.0
0.0,50,6492.965353,1.0
-50.0,50,6493.475205,0.0
-50.0,50,6493.962028,0.0
-50.0,50,6494.440106,0.0
-50.0,50,6494.929147,0.0
-50.0,50,6495.431406,0.0
-50.0,50,6495.914268,0.0
-50.0,50,6496.396659,0.0
-50.0,50,6496.889586,0.0
-50.0,50,6497.384852,0.0
-50.0,50,6497.879073,0.0
-50.0,50,6498.370019,0.0
-50.0,50,6498.848685,0.0
-50.0,50,6499.352764,0.0
-50.0,50,6499.839102,0.0
-50.0,50,6500.331773,0.0
-50.0,50,6500.819858,0.0
0.0,50,6501.336462,1.0
-50.0,50,6501.820437,0.0
-50.0,50,6502.299204,0.0
-50.0,50,6502.789346,0.0
-50.0,50,6505.553841,0.0
-50.0,50,6506.034994,0.0
-50.0,50,6506.51761,0.0
-50.0,50,6507.020733,0.0
-50.0,50,6507.531026,0.0
-50.0,50,6508.015021,0.0
-50.0,50,6508.501361,0.0
-50.0,50,6509.016975,0.0
-50.0,50,6509.523447,0.0
-50.0,50,6510.008069,0.0
-50.0,50,6510.49654,0.0
-50.0,50,6510.981854,0.0
-50.0,50,6511.49222,0.0
0.0,50,6512.004112,1.0
-50.0,50,6512.497789,0.0
-50.0,50,6512.998279,0.0
-50.0,50,6513.511803,0.0
-50.0,50,6514.008606,0.0
0.0,50,6514.520432,1.0
-50.0,50,6515.020958,0.0
-50.0,50,6515.523737,0.0
-50.0,50,6516.023217,0.0
-50.0,50,6516.518333,0.0
-50.0,50,6516.99566,0.0
0.0,50,6517.508211,1.0
-50.0,50,6517.993726,0.0
-50.0,50,6518.48198,0.0
0.0,50,6518.969605,1.0
-50.0,50,6519.472516,0.0
-50.0,50,6519.965842,0.0
-50.0,50,6520.458785,0.0
-50.0,50,6520.943694,0.0
-50.0,50,6521.447638,0.0
-50.0,50,6521.932589,0.0
-50.0,50,6522.422324,0.0
-50.0,50,6522.911067,0.0
-50.0,50,6523.416164,0.0
-50.0,50,6523.908296,0.0
-50.0,50,6524.392155,0.0
-50.0,50,6524.880606,0.0
-50.0,50,6525.405181,0.0
-50.0,50,6525.887987,0.0
-50.0,50,6526.371758,0.0
0.0,50,6526.87464,1.0
-50.0,50,6527.37183,0.0
-50.0,50,6527.855992,0.0
-50.0,50,6528.347797,0.0
-50.0,50,6528.828528,0.0
-50.0,50,6529.324746,0.0
-50.0,50,6529.817233,0.0
-50.0,50,6530.310482,0.0
-50.0,50,6530.802948,0.0
-50.0,50,6531.319852,0.0
0.0,50,6531.814191,1.0
-50.0,50,6532.296757,0.0
-50.0,50,6532.785553,0.0
-50.0,50,6533.282077,0.0
-50.0,50,6533.767798,0.0
-50.0,50,6534.247403,0.0
-50.0,50,6534.726571,0.0
-50.0,50,6535.230319,0.0
-50.0,50,6535.708878,0.0
-50.0,50,6536.204057,0.0
-50.0,50,6536.698342,0.0
0.0,50,6537.216979,1.0
-50.0,50,6537.698854,0.0
-50.0,50,6538.186886,0.0
-50.0,50,6538.664013,0.0
-50.0,50,6539.154154,0.0
0.0,50,6539.654237,1.0
0.0,50,6540.150736,1.0
-50.0,50,6540.637714,0.0
-50.0,50,6541.148721,0.0
-50.0,50,6541.638289,0.0
-50.0,50,6542.130735,0.0
-50.0,50,6542.619243,0.0
-50.0,50,6543.156051,0.0
-50.0,50,6543.651245,0.0
-50.0,50,6544.142051,0.0
-50.0,50,6544.636291,0.0
-50.0,50,6545.148701,0.0
-50.0,50,6545.640371,0.0
-50.0,50,6546.138126,0.0
-50.0,50,6546.627471,0.0
-50.0,50,6547.13318,0.0
-50.0,50,6547.627687,0.0
-50.0,50,6548.124257,0.0
-50.0,50,6548.606569,0.0
0.0,50,6549.099704,1.0
-50.0,50,6549.589817,0.0
-50.0,50,6550.08093,0.0
-50.0,50,6550.56776,0.0
-50.0,50,6551.066159,0.0
-50.0,50,6551.553688,0.0
-50.0,50,6552.040699,0.0
-50.0,50,6552.524871,0.0
-50.0,50,6553.031849,0.0
0.0,50,6553.529995,1.0
-50.0,50,6554.021659,0.0
-50.0,50,6554.514044,0.0
-50.0,50,6555.01898,0.0
-50.0,50,6555.498257,0.0
-50.0,50,6555.990954,0.0
-50.0,50,6556.470588,0.0
-50.0,50,6557.004944,0.0
0.0,50,6557.488771,1.0
-50.0,50,6557.970549,0.0
-50.0,50,6558.463015,0.0
-50.0,50,6558.963435,0.0
-50.0,50,6559.458629,0.0
-50.0,50,6559.950265,0.0
-50.0,50,6560.441549,0.0
-50.0,50,6560.948108,0.0
-50.0,50,6561.441302,0.0
-50.0,50,6561.940077,0.0
-50.0,50,6562.434335,0.0
-50.0,50,6562.946705,0.0
-50.0,50,6563.424536,0.0
0.0,50,6563.907709,1.0
-50.0,50,6564.420224,0.0
0.0,50,6564.962934,1.0
-50.0,50,6565.448346,0.0
-50.0,50,6565.92404,0.0
-50.0,50,6566.408584,0.0
-50.0,50,6566.910248,0.0
-50.0,50,6567.399467,0.0
-50.0,50,6567.884091,0.0
-50.0,50,6568.371283,0.0
-50.0,50,6568.872897,0.0
-50.0,50,6569.36333,0.0
-50.0,50,6569.857871,0.0
-50.0,50,6570.35459,0.0
-50.0,50,6570.875869,0.0
-50.0,50,6571.381475,0.0
0.0,50,6571.884508,1.0
-50.0,50,6572.390329,0.0
-50.0,50,6572.903355,0.0
-50.0,50,6573.40581,0.0
-50.0,50,6573.912115,0.0
-50.0,50,6574.40782,0.0
-50.0,50,6574.931099,0.0
-50.0,50,6575.443241,0.0
-50.0,50,6575.940027,0.0
-50.0,50,6576.439824,0.0
-50.0,50,6576.941074,0.0
-50.0,50,6577.439852,0.0
-50.0,50,6577.930826,0.0
-50.0,50,6578.41797,0.0
-50.0,50,6578.919703,0.0
-50.0,50,6579.40574,0.0
-50.0,50,6579.900607,0.0
-50.0,50,6580.393637,0.0
-50.0,50,6580.901132,0.0
-50.0,50,6581.391244,0.0
-50.0,50,6581.880646,0.0
-50.0,50,6582.379228,0.0
-50.0,50,6582.922024,0.0
-50.0,50,6583.414976,0.0
-50.0,50,6583.910058,0.0
-50.0,50,6584.401878,0.0
-50.0,50,6584.933894,0.0
-50.0,50,6585.428684,0.0
0.0,50,6585.918767,1.0
-50.0,50,6586.420456,0.0
-50.0,50,6586.928427,0.0
-50.0,50,6587.422213,0.0
-50.0,50,6587.919635,0.0
0.0,50,6588.412331,1.0
0.0,50,6588.932062,1.0
-50.0,50,6589.413955,0.0
-50.0,50,6589.904647,0.0
-50.0,50,6590.38487,0.0
0.0,50,6590.881911,1.0
-50.0,50,6591.363038,0.0
-50.0,50,6591.84841,0.0
-50.0,50,6592.33232,0.0
-50.0,50,6592.830369,0.0
-50.0,50,6593.318992,0.0
-50.0,50,6593.808077,0.0
-50.0,50,6594.29294,0.0
-50.0,50,6594.792843,0.0
-50.0,50,6595.277546,0.0
-50.0,50,6595.770455,0.0
-50.0,50,6596.255682,0.0
-50.0,50,6596.762917,0.0
-50.0,50,6597.252759,0.0
-50.0,50,6597.743968,0.0
-50.0,50,6598.237377,0.0
-50.0,50,6598.73912,0.0
-50.0,50,6599.220153,0.0
-50.0,50,6599.705098,0.0
-50.0,50,6600.184801,0.0
-50.0,50,6600.695721,0.0
-50.0,50,6601.172819,0.0
-50.0,50,6601.655112,0.0
-50.0,50,6602.141886,0.0
-50.0,50,6602.635548,0.0
-50.0,50,6603.131161,0.0
-50.0,50,6603.636586,0.0
-50.0,50,6604.126231,0.0
0.0,50,6606.940574,1.0
-50.0,50,6607.428674,0.0
-50.0,50,6607.909915,0.0
-50.0,50,6608.396808,0.0
-50.0,50,6608.924966,0.0
-50.0,50,6609.421901,0.0
-50.0,50,6609.919401,0.0
-50.0,50,6610.401181,0.0
-50.0,50,6610.934714,0.0
-50.0,50,6611.422742,0.0
-50.0,50,6611.923474,0.0
-50.0,50,6612.417759,0.0
-50.0,50,6612.918782,0.0
0.0,50,6613.401716,1.0
-50.0,50,6613.899725,0.0
0.0,50,6614.407248,1.0
-50.0,50,6614.918484,0.0
-50.0,50,6615.416934,0.0
-50.0,50,6615.90711,0.0
-50.0,50,6616.393409,0.0
-50.0,50,6616.901348,0.0
-50.0,50,6617.401892,0.0
-50.0,50,6617.883021,0.0
-50.0,50,6618.383165,0.0
-50.0,50,6618.907942,0.0
-50.0,50,6619.40546,0.0
-50.0,50,6619.893644,0.0
-50.0,50,6620.376253,0.0
-50.0,50,6620.899833,0.0
-50.0,50,6621.380797,0.0
-50.0,50,6621.870722,0.0
-50.0,50,6622.358851,0.0
-50.0,50,6622.864584,0.0
-50.0,50,6623.368401,0.0
-50.0,50,6623.851285,0.0
-50.0,50,6624.345861,0.0
-50.0,50,6624.843529,0.0
-50.0,50,6625.338888,0.0
-50.0,50,6625.826953,0.0
-50.0,50,6626.304326,0.0
-50.0,50,6626.79774,0.0
-50.0,50,6627.287994,0.0
-50.0,50,6627.783006,0.0
-50.0,50,6628.273971,0.0
-50.0,50,6628.762514,0.0
-50.0,50,6629.241727,0.0
-50.0,50,6629.723539,0.0
-50.0,50,6630.213787,0.0
-50.0,50,6630.719126,0.0
-50.0,50,6631.197853,0.0
-50.0,50,6631.678587,0.0
-50.0,50,6632.153636,0.0
-50.0,50,6632.649674,0.0
0.0,50,6633.127964,1.0
-50.0,50,6633.61183,0.0
-50.0,50,6634.103812,0.0
-50.0,50,6634.60804,0.0
-50.0,50,6635.094704,0.0
-50.0,50,6635.577644,0.0
-50.0,50,6636.05573,0.0
-50.0,50,6636.562607,0.0
0.0,50,6637.080583,1.0
-50.0,50,6637.563632,0.0
-50.0,50,6638.047904,0.0
-50.0,50,6638.549409,0.0
-50.0,50,6639.03863,0.0
-50.0,50,6639.519308,0.0
-50.0,50,6640.007775,0.0
-50.0,50,6640.497564,0.0
-50.0,50,6640.9869,0.0
-50.0,50,6641.469072,0.0
-50.0,50,6641.956861,0.0
-50.0,50,6642.452038,0.0
-50.0,50,6642.943752,0.0
-50.0,50,6643.435281,0.0
-50.0,50,6643.91703,0.0
-50.0,50,6644.444782,0.0
-50.0,50,6644.926566,0.0
-50.0,50,6645.421708,0.0
0.0,50,6645.904077,1.0
-50.0,50,6646.414264,0.0
-50.0,50,6646.901381,0.0
-50.0,50,6647.391683,0.0
-50.0,50,6647.880089,0.0
-50.0,50,6648.386657,0.0
-50.0,50,6648.892068,0.0
-50.0,50,6649.393702,0.0
-50.0,50,6649.896891,0.0
-50.0,50,6650.411903,0.0
-50.0,50,6650.916623,0.0
-50.0,50,6651.408966,0.0
-50.0,50,6651.916057,0.0
-50.0,50,6652.429945,0.0
-50.0,50,6652.933124,0.0
-50.0,50,6653.426524,0.0
-50.0,50,6653.926502,0.0
-50.0,50,6654.430666,0.0
-50.0,50,6654.923959,0.0
-50.0,50,6655.408598,0.0
-50.0,50,6655.898878,0.0
-50.0,50,6656.394848,0.0
-50.0,50,6656.884859,0.0
-50.0,50,6657.382633,0.0
-50.0,50,6657.87261,0.0
0.0,50,6658.381828,1.0
-50.0,50,6658.868995,0.0
-50.0,50,6659.35698,0.0
-50.0,50,6659.846797,0.0
-50.0,50,6660.350376,0.0
-50.0,50,6660.839599,0.0
-50.0,50,6661.334307,0.0
-50.0,50,6661.824772,0.0
-50.0,50,6662.321624,0.0
-50.0,50,6662.80877,0.0
-50.0,50,6663.296904,0.0
-50.0,50,6663.78682,0.0
-50.0,50,6664.290196,0.0
-50.0,50,6664.771255,0.0
-50.0,50,6665.25575,0.0
0.0,50,6665.751667,1.0
-50.0,50,6666.265144,0.0
-50.0,50,6666.756738,0.0
-50.0,50,6667.252269,0.0
-50.0,50,6667.736827,0.0
-50.0,50,6668.239675,0.0
-50.0,50,6668.72437,0.0
-50.0,50,6669.200372,0.0
-50.0,50,6669.677897,0.0
-50.0,50,6670.169858,0.0
-50.0,50,6670.656885,0.0
0.0,50,6671.143297,1.0
-50.0,50,6671.624566,0.0
-50.0,50,6672.110757,0.0
-50.0,50,6672.58504,0.0
0.0,50,6673.069534,1.0
-50.0,50,6673.553009,0.0
-50.0,50,6674.041927,0.0
-50.0,50,6674.516851,0.0
-50.0,50,6675.004401,0.0
-50.0,50,6675.488477,0.0
-50.0,50,6675.986102,0.0
-50.0,50,6676.470494,0.0
-50.0,50,6676.960342,0.0
-50.0,50,6677.439853,0.0
-50.0,50,6677.934349,0.0
-50.0,50,6678.410879,0.0
-50.0,50,6678.904562,0.0
-50.0,50,6679.386103,0.0
-50.0,50,6679.883895,0.0
-50.0,50,6680.371621,0.0
-50.0,50,6680.857688,0.0
-50.0,50,6681.340182,0.0
-50.0,50,6681.834614,0.0
-50.0,50,6682.316989,0.0
-50.0,50,6682.790971,0.0
-50.0,50,6683.269278,0.0
-50.0,50,6683.764119,0.0
-50.0,50,6684.246373,0.0
-50.0,50,6684.730247,0.0
0.0,50,6685.208579,1.0
-50.0,50,6685.703924,0.0
-50.0,50,6686.186598,0.0
-50.0,50,6686.672402,0.0
-50.0,50,6687.149298,0.0
-50.0,50,6687.637735,0.0
-50.0,50,6688.125339,0.0
-50.0,50,6688.612056,0.0
-50.0,50,6689.087477,0.0
-50.0,50,6689.591516,0.0
-50.0,50,6690.074049,0.0
-50.0,50,6690.559538,0.0
-50.0,50,6691.042694,0.0
-50.0,50,6691.531014,0.0
-50.0,50,6692.015939,0.0
-50.0,50,6692.504981,0.0
-50.0,50,6692.98817,0.0
-50.0,50,6693.481886,0.0
-50.0,50,6693.966945,0.0
-50.0,50,6694.45014,0.0
-50.0,50,6694.934161,0.0
-50.0,50,6695.422599,0.0
-50.0,50,6695.89803,0.0
-50.0,50,6696.38135,0.0
-50.0,50,6696.857506,0.0
-50.0,50,6697.353707,0.0
0.0,50,6697.846789,1.0
-50.0,50,6698.3206,0.0
-50.0,50,6698.793978,0.0
-50.0,50,6699.295946,0.0
-50.0,50,6699.768768,0.0
-50.0,50,6700.24992,0.0
-50.0,50,6700.722035,0.0
-50.0,50,6701.216326,0.0
-50.0,50,6701.702824,0.0
0.0,50,6702.189153,1.0
-50.0,50,6702.667833,0.0
-50.0,50,6703.160748,0.0
-50.0,50,6703.646085,0.0
-50.0,50,6704.118745,0.0
-50.0,50,6704.603849,0.0
-50.0,50,6707.437258,0.0
-50.0,50,6707.919717,0.0
-50.0,50,6708.409928,0.0
-50.0,50,6708.898892,0.0
-50.0,50,6709.411965,0.0
-50.0,50,6709.899485,0.0
-50.0,50,6710.376834,0.0
-50.0,50,6710.856993,0.0
-50.0,50,6711.381217,0.0
-50.0,50,6711.856635,0.0
-50.0,50,6712.333634,0.0
-50.0,50,6712.821371,0.0
-50.0,50,6713.320352,0.0
0.0,50,6713.807901,1.0
-50.0,50,6714.298582,0.0
-50.0,50,6714.774556,0.0
-50.0,50,6715.269454,0.0
-50.0,50,6715.753623,0.0
-50.0,50,6716.240904,0.0
-50.0,50,6716.729784,0.0
-50.0,50,6717.226758,0.0
-50.0,50,6717.702314,0.0
-50.0,50,6718.183755,0.0
-50.0,50,6718.666552,0.0
-50.0,50,6719.165422,0.0
0.0,50,6719.660082,1.0
-50.0,50,6720.141501,0.0
-50.0,50,6720.61754,0.0
-50.0,50,6721.124794,0.0
-50.0,50,6721.597682,0.0
-50.0,50,6722.072061,0.0
-50.0,50,6722.546438,0.0
0.0,50,6723.069588,1.0
-50.0,50,6723.548839,0.0
-50.0,50,6724.022,0.0
0.0,50,6724.511904,1.0
-50.0,50,6725.006513,0.0
-50.0,50,6725.483626,0.0
-50.0,50,6725.959881,0.0
-50.0,50,6726.457819,0.0
-50.0,50,6726.971129,0.0
-50.0,50,6727.446444,0.0
-50.0,50,6727.928494,0.0
-50.0,50,6728.412642,0.0
-50.0,50,6728.936536,0.0
-50.0,50,6729.419459,0.0
-50.0,50,6729.900722,0.0
-50.0,50,6730.38265,0.0
-50.0,50,6730.874175,0.0
-50.0,50,6731.351556,0.0
-50.0,50,6731.836566,0.0
-50.0,50,6732.31345,0.0
-50.0,50,6732.811831,0.0
-50.0,50,6733.297802,0.0
-50.0,50,6733.783827,0.0
-50.0,50,6734.268167,0.0
-50.0,50,6734.758411,0.0
-50.0,50,6735.24238,0.0
-50.0,50,6735.72059,0.0
-50.0,50,6736.208335,0.0
-50.0,50,6736.714687,0.0
-50.0,50,6737.20187,0.0
-50.0,50,6737.691573,0.0
-50.0,50,6738.171371,0.0
0.0,50,6738.675522,1.0
-50.0,50,6739.160271,0.0
-50.0,50,6739.642225,0.0
-50.0,50,6740.123309,0.0
-50.0,50,6740.61975,0.0
-50.0,50,6741.09898,0.0
0.0,50,6741.584153,1.0
-50.0,50,6742.064214,0.0
-50.0,50,6742.563294,0.0
-50.0,50,6743.040781,0.0
-50.0,50,6743.518959,0.0
-50.0,50,6744.005054,0.0
-50.0,50,6744.500978,0.0
-50.0,50,6744.980124,0.0
-50.0,50,6745.46335,0.0
-50.0,50,6745.956209,0.0
-50.0,50,6746.452726,0.0
-50.0,50,6746.947801,0.0
-50.0,50,6747.430266,0.0
-50.0,50,6747.912145,0.0
-50.0,50,6748.417575,0.0
-50.0,50,6748.900105,0.0
0.0,50,6749.391953,1.0
-50.0,50,6749.883477,0.0
-50.0,50,6750.389087,0.0
-50.0,50,6750.880738,0.0
-50.0,50,6751.360256,0.0
-50.0,50,6751.84938,0.0
-50.0,50,6752.34933,0.0
-50.0,50,6752.84249,0.0
-50.0,50,6753.33308,0.0
0.0,50,6753.83414,1.0
-50.0,50,6754.343668,0.0
-50.0,50,6754.828411,0.0
-50.0,50,6755.30636,0.0
-50.0,50,6755.786113,0.0
-50.0,50,6756.302195,0.0
-50.0,50,6756.799569,0.0
-50.0,50,6757.293127,0.0
0.0,50,6757.784095,1.0
-50.0,50,6758.281353,0.0
-50.0,50,6758.761938,0.0
-50.0,50,6759.248,0.0
-50.0,50,6759.729823,0.0
-50.0,50,6760.233363,0.0
-50.0,50,6760.721761,0.0
-50.0,50,6761.205848,0.0
-50.0,50,6761.683498,0.0
-50.0,50,6762.187511,0.0
-50.0,50,6762.676734,0.0
-50.0,50,6763.160093,0.0
-50.0,50,6763.636736,0.0
-50.0,50,6764.138634,0.0
-50.0,50,6764.623856,0.0
-50.0,50,6765.118547,0.0
-50.0,50,6765.607453,0.0
0.0,50,6766.115443,1.0
0.0,50,6766.60691,1.0
-50.0,50,6767.090185,0.0
-50.0,50,6767.587568,0.0
-50.0,50,6768.152385,0.0
-50.0,50,6768.647698,0.0
-50.0,50,6769.129347,0.0
-50.0,50,6769.608545,0.0
-50.0,50,6770.104306,0.0
-50.0,50,6770.592176,0.0
-50.0,50,6771.073801,0.0
-50.0,50,6771.559321,0.0
-50.0,50,6772.068104,0.0
-50.0,50,6772.555611,0.0
-50.0,50,6773.038095,0.0
-50.0,50,6773.527674,0.0
-50.0,50,6774.022899,0.0
-50.0,50,6774.509272,0.0
0.0,50,6774.992573,1.0
-50.0,50,6775.484396,0.0
-50.0,50,6775.986541,0.0
-50.0,50,6776.46954,0.0
-50.0,50,6776.952589,0.0
-50.0,50,6777.439338,0.0
-50.0,50,6777.944558,0.0
-50.0,50,6778.431847,0.0
-50.0,50,6778.918043,0.0
-50.0,50,6779.405587,0.0
-50.0,50,6779.912001,0.0
-50.0,50,6780.41157,0.0
-50.0,50,6780.901978,0.0
-50.0,50,6781.396823,0.0
-50.0,50,6781.905681,0.0
-50.0,50,6782.394344,0.0
-50.0,50,6782.903026,0.0
0.0,50,6783.395677,1.0
-50.0,50,6783.9025,0.0
-50.0,50,6784.397053,0.0
-50.0,50,6784.881287,0.0
-50.0,50,6785.3757,0.0
0.0,50,6785.885978,1.0
-50.0,50,6786.387585,0.0
-50.0,50,6786.874445,0.0
-50.0,50,6787.366186,0.0
-50.0,50,6787.873427,0.0
-50.0,50,6788.367469,0.0
-50.0,50,6788.860668,0.0
-50.0,50,6789.341775,0.0
-50.0,50,6789.862541,0.0
-50.0,50,6790.343808,0.0
-50.0,50,6790.827166,0.0
-50.0,50,6791.311777,0.0
-50.0,50,6791.807061,0.0
-50.0,50,6792.299829,0.0
-50.0,50,6792.780513,0.0
-50.0,50,6793.272436,0.0
-50.0,50,6793.800042,0.0
0.0,50,6794.336794,1.0
-50.0,50,6794.816253,0.0
-50.0,50,6795.300664,0.0
0.0,50,6795.839261,1.0
-50.0,50,6796.333393,0.0
-50.0,50,6796.823683,0.0
-50.0,50,6797.301482,0.0
-50.0,50,6797.80266,0.0
-50.0,50,6798.303504,0.0
-50.0,50,6798.791776,0.0
-50.0,50,6799.280885,0.0
-50.0,50,6799.771502,0.0
-50.0,50,6800.249831,0.0
0.0,50,6800.74858,1.0
-50.0,50,6801.229405,0.0
0.0,50,6801.725879,1.0
-50.0,50,6802.213876,0.0
-50.0,50,6802.705851,0.0
-50.0,50,6803.195841,0.0
-50.0,50,6803.690295,0.0
-50.0,50,6804.172348,0.0
-50.0,50,6804.711601,0.0
-50.0,50,6805.188464,0.0
-50.0,50,6807.982292,0.0
-50.0,50,6808.464626,0.0
-50.0,50,6808.95558,0.0
-50.0,50,6809.435428,0.0
-50.0,50,6809.943052,0.0
-50.0,50,6810.446527,0.0
-50.0,50,6810.945671,0.0
-50.0,50,6811.43364,0.0
0.0,50,6811.946942,1.0
-50.0,50,6812.425786,0.0
-50.0,50,6812.911891,0.0
-50.0,50,6813.394182,0.0
0.0,50,6813.921318,1.0
-50.0,50,6814.415736,0.0
-50.0,50,6814.904257,0.0
-50.0,50,6815.39788,0.0
-50.0,50,6815.895262,0.0
-50.0,50,6816.39453,0.0
-50.0,50,6816.875278,0.0
-50.0,50,6817.355065,0.0
-50.0,50,6817.869919,0.0
-50.0,50,6818.350048,0.0
-50.0,50,6818.829394,0.0
-50.0,50,6819.312045,0.0
-50.0,50,6819.813733,0.0
-50.0,50,6820.298054,0.0
-50.0,50,6820.787223,0.0
-50.0,50,6821.274326,0.0
-50.0,50,6821.785791,0.0
-50.0,50,6822.265383,0.0
-50.0,50,6822.757693,0.0
-50.0,50,6823.249956,0.0
-50.0,50,6823.755767,0.0
-50.0,50,6824.239532,0.0
-50.0,50,6824.720654,0.0
-50.0,50,6825.211719,0.0
-50.0,50,6825.706026,0.0
-50.0,50,6826.19496,0.0
-50.0,50,6826.699105,0.0
-50.0,50,6827.196821,0.0
-50.0,50,6827.699015,0.0
-50.0,50,6828.179259,0.0
-50.0,50,6828.665997,0.0
-50.0,50,6829.151565,0.0
-50.0,50,6829.661739,0.0
-50.0,50,6830.148823,0.0
-50.0,50,6830.62925,0.0
-50.0,50,6831.151181,0.0
-50.0,50,6831.660682,0.0
-50.0,50,6832.144251,0.0
-50.0,50,6832.638388,0.0
-50.0,50,6833.13866,0.0
-50.0,50,6833.650139,0.0
-50.0,50,6834.14691,0.0
-50.0,50,6834.635825,0.0
-50.0,50,6835.120806,0.0
-50.0,50,6835.630885,0.0
-50.0,50,6836.120809,0.0
-50.0,50,6836.60789,0.0
-50.0,50,6837.096302,0.0
-50.0,50,6837.603673,0.0
-50.0,50,6838.08679,0.0
-50.0,50,6838.57675,0.0
-50.0,50,6839.057664,0.0
-50.0,50,6839.554091,0.0
-50.0,50,6840.041701,0.0
-50.0,50,6840.53033,0.0
-50.0,50,6841.029397,0.0
-50.0,50,6841.530105,0.0
-50.0,50,6842.033071,0.0
-50.0,50,6842.518946,0.0
-50.0,50,6842.999178,0.0
-50.0,50,6843.49867,0.0
-50.0,50,6843.991286,0.0
-50.0,50,6844.478496,0.0
-50.0,50,6844.980484,0.0
-50.0,50,6845.52475,0.0
-50.0,50,6846.010637,0.0
-50.0,50,6846.505871,0.0
-50.0,50,6846.99093,0.0
-50.0,50,6847.511502,0.0
-50.0,50,6847.990602,0.0
-50.0,50,6848.475323,0.0
-50.0,50,6848.96765,0.0
-50.0,50,6849.465327,0.0
-50.0,50,6849.960423,0.0
-50.0,50,6850.447549,0.0
-50.0,50,6850.937002,0.0
-50.0,50,6851.496768,0.0
-50.0,50,6851.978424,0.0
-50.0,50,6852.469656,0.0
-50.0,50,6852.959495,0.0
-50.0,50,6853.467817,0.0
-50.0,50,6853.94835,0.0
0.0,50,6854.427462,1.0
-50.0,50,6854.905507,0.0
-50.0,50,6855.401026,0.0
-50.0,50,6855.884859,0.0
-50.0,50,6856.379339,0.0
-50.0,50,6856.87547,0.0
-50.0,50,6857.415732,0.0
-50.0,50,6857.904814,0.0
0.0,50,6858.38435,1.0
-50.0,50,6858.874741,0.0
-50.0,50,6859.387751,0.0
-50.0,50,6859.878688,0.0
-50.0,50,6860.374832,0.0
-50.0,50,6860.851406,0.0
-50.0,50,6861.347458,0.0
-50.0,50,6861.847731,0.0
-50.0,50,6862.329386,0.0
-50.0,50,6862.811594,0.0
-50.0,50,6863.306655,0.0
-50.0,50,6863.784936,0.0
-50.0,50,6864.267022,0.0
-50.0,50,6864.749372,0.0
-50.0,50,6865.251411,0.0
-50.0,50,6865.740578,0.0
-50.0,50,6866.220492,0.0
-50.0,50,6866.718801,0.0
-50.0,50,6867.219756,0.0
-50.0,50,6867.700747,0.0
-50.0,50,6868.185467,0.0
-50.0,50,6868.666386,0.0
-50.0,50,6869.168344,0.0
-50.0,50,6869.654515,0.0
-50.0,50,6870.136996,0.0
-50.0,50,6870.618944,0.0
-50.0,50,6871.122559,0.0
-50.0,50,6871.6208,0.0
-50.0,50,6872.100487,0.0
-50.0,50,6872.585678,0.0
-50.0,50,6873.084108,0.0
-50.0,50,6873.569757,0.0
-50.0,50,6874.055921,0.0
-50.0,50,6874.548707,0.0
-50.0,50,6875.083753,0.0
-50.0,50,6875.580688,0.0
-50.0,50,6876.084661,0.0
-50.0,50,6876.581751,0.0
-50.0,50,6877.101996,0.0
-50.0,50,6877.582904,0.0
-50.0,50,6878.085216,0.0
-50.0,50,6878.571809,0.0
-50.0,50,6879.098529,0.0
0.0,50,6879.599583,1.0
-50.0,50,6880.095092,0.0
-50.0,50,6880.586679,0.0
-50.0,50,6881.118166,0.0
-50.0,50,6881.604324,0.0
-50.0,50,6882.100664,0.0
-50.0,50,6882.603691,0.0
-50.0,50,6883.128876,0.0
-50.0,50,6883.62261,0.0
-50.0,50,6884.111421,0.0
-50.0,50,6884.593896,0.0
-50.0,50,6885.110976,0.0
-50.0,50,6885.592467,0.0
-50.0,50,6886.073489,0.0
-50.0,50,6886.551337,0.0
-50.0,50,6887.077778,0.0
-50.0,50,6887.569942,0.0
-50.0,50,6888.053558,0.0
-50.0,50,6888.535595,0.0
-50.0,50,6889.049609,0.0
-50.0,50,6889.532266,0.0
-50.0,50,6890.028685,0.0
-50.0,50,6890.515989,0.0
-50.0,50,6891.040397,0.0
-50.0,50,6891.527523,0.0
-50.0,50,6892.0226,0.0
0.0,50,6892.50676,1.0
-50.0,50,6893.03707,0.0
-50.0,50,6893.529645,0.0
-50.0,50,6894.017182,0.0
-50.0,50,6894.50151,0.0
-50.0,50,6895.021879,0.0
-50.0,50,6895.509168,0.0
-50.0,50,6896.005791,0.0
-50.0,50,6896.500361,0.0
-50.0,50,6897.019266,0.0
-50.0,50,6897.503427,0.0
-50.0,50,6897.988794,0.0
-50.0,50,6898.474737,0.0
-50.0,50,6899.003212,0.0
-50.0,50,6899.492393,0.0
-50.0,50,6899.976411,0.0
-50.0,50,6900.492781,0.0
-50.0,50,6901.004521,0.0
-50.0,50,6901.485468,0.0
-50.0,50,6901.96547,0.0
-50.0,50,6902.444221,0.0
-50.0,50,6902.964733,0.0
-50.0,50,6903.466131,0.0
-50.0,50,6903.949073,0.0
-50.0,50,6904.435543,0.0
-50.0,50,6904.950679,0.0
-50.0,50,6905.428574,0.0
-50.0,50,6905.918808,0.0
-50.0,50,6906.401565,0.0
-50.0,50,6909.190753,0.0
-50.0,50,6909.720821,0.0
-50.0,50,6910.214568,0.0
-50.0,50,6910.727135,0.0
-50.0,50,6911.261524,0.0
-50.0,50,6911.766323,0.0
-50.0,50,6912.25566,0.0
-50.0,50,6912.761067,0.0
-50.0,50,6913.295634,0.0
-50.0,50,6913.800838,0.0
0.0,50,6914.317958,1.0
-50.0,50,6914.814677,0.0
-50.0,50,6915.341427,0.0
-50.0,50,6915.830685,0.0
-50.0,50,6916.32863,0.0
-50.0,50,6916.817789,0.0
0.0,50,6917.339551,1.0
-50.0,50,6917.829814,0.0
-50.0,50,6918.314321,0.0
-50.0,50,6918.808507,0.0
-50.0,50,6919.337044,0.0
0.0,50,6919.827521,1.0
-50.0,50,6920.32437,0.0
-50.0,50,6920.823526,0.0
-50.0,50,6921.351302,0.0
-50.0,50,6921.839213,0.0
-50.0,50,6922.326399,0.0
-50.0,50,6922.815917,0.0
-50.0,50,6923.340505,0.0
-50.0,50,6923.825808,0.0
-50.0,50,6924.317236,0.0
-50.0,50,6924.815209,0.0
-50.0,50,6925.346304,0.0
-50.0,50,6925.832814,0.0
-50.0,50,6926.331274,0.0
-50.0,50,6926.825635,0.0
-50.0,50,6927.359309,0.0
-50.0,50,6927.850465,0.0
-50.0,50,6928.350908,0.0
-50.0,50,6928.840973,0.0
-50.0,50,6929.366982,0.0
-50.0,50,6929.846447,0.0
-50.0,50,6930.328289,0.0
-50.0,50,6930.809295,0.0
-50.0,50,6931.332306,0.0
-50.0,50,6931.814605,0.0
-50.0,50,6932.316652,0.0
0.0,50,6932.814663,1.0
-50.0,50,6933.348212,0.0
-50.0,50,6933.833921,0.0
-50.0,50,6934.320979,0.0
-50.0,50,6934.807455,0.0
-50.0,50,6935.324862,0.0
-50.0,50,6935.80651,0.0
-50.0,50,6936.298595,0.0
-50.0,50,6936.785211,0.0
-50.0,50,6937.285413,0.0
-50.0,50,6937.778736,0.0
-50.0,50,6938.271848,0.0
-50.0,50,6938.760291,0.0
-50.0,50,6939.279697,0.0
-50.0,50,6939.77688,0.0
-50.0,50,6940.263525,0.0
-50.0,50,6940.752974,0.0
-50.0,50,6941.257446,0.0
-50.0,50,6941.738707,0.0
-50.0,50,6942.233698,0.0
0.0,50,6942.712911,1.0
-50.0,50,6943.221554,0.0
-50.0,50,6943.702522,0.0
-50.0,50,6944.189414,0.0
-50.0,50,6944.682691,0.0
-50.0,50,6945.186176,0.0
-50.0,50,6945.678741,0.0
-50.0,50,6946.166397,0.0
-50.0,50,6946.649248,0.0
-50.0,50,6947.151436,0.0
-50.0,50,6947.648829,0.0
-50.0,50,6948.131651,0.0
-50.0,50,6948.615304,0.0
-50.0,50,6949.125433,0.0
-50.0,50,6949.616472,0.0
-50.0,50,6950.101897,0.0
-50.0,50,6950.597825,0.0
-50.0,50,6951.100475,0.0
-50.0,50,6951.581194,0.0
-50.0,50,6952.076433,0.0
-50.0,50,6952.57491,0.0
-50.0,50,6953.082317,0.0
-50.0,50,6953.562748,0.0
-50.0,50,6954.040369,0.0
-50.0,50,6954.527979,0.0
-50.0,50,6955.045428,0.0
-50.0,50,6955.542001,0.0
-50.0,50,6956.031483,0.0
-50.0,50,6956.528256,0.0
-50.0,50,6957.038577,0.0
-50.0,50,6957.536777,0.0
-50.0,50,6958.020266,0.0
0.0,50,6958.514594,1.0
-50.0,50,6959.01539,0.0
-50.0,50,6959.500252,0.0
-50.0,50,6959.999684,0.0
-50.0,50,6960.493508,0.0
-50.0,50,6960.996604,0.0
-50.0,50,6961.475456,0.0
-50.0,50,6961.95448,0.0
-50.0,50,6962.436958,0.0
-50.0,50,6962.945671,0.0
-50.0,50,6963.440339,0.0
0.0,50,6963.929008,1.0
-50.0,50,6964.418042,0.0
-50.0,50,6964.936519,0.0
0.0,50,6965.421994,1.0
-50.0,50,6965.908299,0.0
-50.0,50,6966.396268,0.0
-50.0,50,6966.915076,0.0
-50.0,50,6967.401385,0.0
-50.0,50,6967.892057,0.0
-50.0,50,6968.370898,0.0
-50.0,50,6968.871582,0.0
-50.0,50,6969.349582,0.0
-50.0,50,6969.8286,0.0
-50.0,50,6970.310166,0.0
0.0,50,6970.820549,1.0
-50.0,50,6971.311089,0.0
-50.0,50,6971.794523,0.0
-50.0,50,6972.272365,0.0
-50.0,50,6972.780535,0.0
-50.0,50,6973.264655,0.0
-50.0,50,6973.749418,0.0
0.0,50,6974.229553,1.0
-50.0,50,6974.727497,0.0
0.0,50,6975.22368,1.0
-50.0,50,6975.719193,0.0
-50.0,50,6976.201324,0.0
-50.0,50,6976.717764,0.0
-50.0,50,6977.2075,0.0
-50.0,50,6977.693346,0.0
-50.0,50,6978.177781,0.0
-50.0,50,6978.675981,0.0
-50.0,50,6979.161225,0.0
-50.0,50,6979.648442,0.0
-50.0,50,6980.139575,0.0
-50.0,50,6980.645438,0.0
-50.0,50,6981.126565,0.0
-50.0,50,6981.611943,0.0
-50.0,50,6982.091997,0.0
-50.0,50,6982.598471,0.0
-50.0,50,6983.089654,0.0
-50.0,50,6983.577018,0.0
-50.0,50,6984.067701,0.0
-50.0,50,6984.579575,0.0
-50.0,50,6985.059669,0.0
-50.0,50,6985.557801,0.0
-50.0,50,6986.034362,0.0
0.0,50,6986.536936,1.0
-50.0,50,6987.018402,0.0
-50.0,50,6987.524682,0.0
0.0,50,6988.027298,1.0
-50.0,50,6988.544492,0.0
-50.0,50,6989.053231,0.0
-50.0,50,6989.544543,0.0
-50.0,50,6990.038218,0.0
-50.0,50,6990.577478,0.0
-50.0,50,6991.079926,0.0
-50.0,50,6991.580735,0.0
-50.0,50,6992.066506,0.0
-50.0,50,6992.592646,0.0
0.0,50,6993.09109,1.0
0.0,50,6993.57585,1.0
-50.0,50,6994.057642,0.0
-50.0,50,6994.562646,0.0
-50.0,50,6995.050468,0.0
-50.0,50,6995.528594,0.0
-50.0,50,6996.016961,0.0
-50.0,50,6996.530779,0.0
-50.0,50,6997.010122,0.0
-50.0,50,6997.48954,0.0
-50.0,50,6997.977903,0.0
-50.0,50,6998.476629,0.0
-50.0,50,6998.967485,0.0
-50.0,50,6999.454973,0.0
0.0,50,6999.932264,1.0
-50.0,50,7000.442677,0.0
-50.0,50,7000.922166,0.0
-50.0,50,7001.410781,0.0
0.0,50,7001.908386,1.0
-50.0,50,7002.40657,0.0
0.0,50,7002.914809,1.0
-50.0,50,7003.398692,0.0
-50.0,50,7003.889672,0.0
-50.0,50,7004.38703,0.0
-50.0,50,7004.867185,0.0
-50.0,50,7005.352349,0.0
-50.0,50,7005.831391,0.0
0.0,50,7006.362657,1.0
-50.0,50,7006.848822,0.0
-50.0,50,7007.330572,0.0
0.0,50,7007.824143,1.0
-50.0,50,7010.606166,0.0
-50.0,50,7011.086364,0.0
-50.0,50,7011.563994,0.0
-50.0,50,7012.051683,0.0
-50.0,50,7012.56694,0.0
-50.0,50,7013.055932,0.0
-50.0,50,7013.538597,0.0
-50.0,50,7014.02826,0.0
-50.0,50,7014.526916,0.0
-50.0,50,7015.007686,0.0
-50.0,50,7015.48419,0.0
-50.0,50,7015.969623,0.0
-50.0,50,7016.474285,0.0
-50.0,50,7016.957098,0.0
-50.0,50,7017.436064,0.0
-50.0,50,7017.923147,0.0
-50.0,50,7018.418749,0.0
-50.0,50,7018.898835,0.0
-50.0,50,7019.386,0.0
-50.0,50,7019.865991,0.0
-50.0,50,7020.36702,0.0
-50.0,50,7020.853078,0.0
-50.0,50,7021.335831,0.0
-50.0,50,7021.816945,0.0
-50.0,50,7022.320196,0.0
-50.0,50,7022.801098,0.0
-50.0,50,7023.280878,0.0
-50.0,50,7023.764655,0.0
-50.0,50,7024.262194,0.0
-50.0,50,7024.744292,0.0
-50.0,50,7025.233185,0.0
-50.0,50,7025.713534,0.0
-50.0,50,7026.219335,0.0
-50.0,50,7026.71085,0.0
-50.0,50,7027.187816,0.0
-50.0,50,7027.668103,0.0
-50.0,50,7028.171309,0.0
-50.0,50,7028.652251,0.0
-50.0,50,7029.13235,0.0
-50.0,50,7029.613853,0.0
-50.0,50,7030.125428,0.0
-50.0,50,7030.610529,0.0
-50.0,50,7031.090121,0.0
-50.0,50,7031.568773,0.0
-50.0,50,7032.068428,0.0
-50.0,50,7032.559637,0.0
-50.0,50,7033.039152,0.0
-50.0,50,7033.519072,0.0
-50.0,50,7034.013539,0.0
-50.0,50,7034.504877,0.0
0.0,50,7034.998359,1.0
-50.0,50,7035.478087,0.0
-50.0,50,7035.969574,0.0
-50.0,50,7036.452927,0.0
-50.0,50,7036.929482,0.0
-50.0,50,7037.404738,0.0
-50.0,50,7037.893704,0.0
-50.0,50,7038.377371,0.0
0.0,50,7038.874786,1.0
-50.0,50,7039.349669,0.0
-50.0,50,7039.837775,0.0
-50.0,50,7040.312747,0.0
-50.0,50,7040.786582,0.0
-50.0,50,7041.268363,0.0
-50.0,50,7041.754454,0.0
-50.0,50,7042.23523,0.0
-50.0,50,7042.730828,0.0
-50.0,50,7043.217682,0.0
-50.0,50,7043.731998,0.0
-50.0,50,7044.215417,0.0
-50.0,50,7044.692375,0.0
-50.0,50,7045.169323,0.0
-50.0,50,7045.671407,0.0
-50.0,50,7046.147786,0.0
-50.0,50,7046.635519,0.0
-50.0,50,7047.110757,0.0
-50.0,50,7047.615648,0.0
-50.0,50,7048.091443,0.0
-50.0,50,7048.575975,0.0
-50.0,50,7049.052526,0.0
-50.0,50,7049.580211,0.0
-50.0,50,7050.055356,0.0
-50.0,50,7050.534831,0.0
-50.0,50,7051.018829,0.0
-50.0,50,7051.528409,0.0
-50.0,50,7052.005373,0.0
-50.0,50,7052.481697,0.0
-50.0,50,7052.966453,0.0
-50.0,50,7053.453696,0.0
-50.0,50,7053.935852,0.0
-50.0,50,7054.421693,0.0
0.0,50,7054.910003,1.0
-50.0,50,7055.398127,0.0
-50.0,50,7055.875644,0.0
-50.0,50,7056.360369,0.0
0.0,50,7056.857748,1.0
-50.0,50,7057.349279,0.0
-50.0,50,7057.826749,0.0
-50.0,50,7058.317461,0.0
-50.0,50,7058.807005,0.0
-50.0,50,7059.301791,0.0
0.0,50,7059.785607,1.0
-50.0,50,7060.265499,0.0
-50.0,50,7060.749571,0.0
-50.0,50,7061.239336,0.0
-50.0,50,7061.717393,0.0
-50.0,50,7062.199614,0.0
0.0,50,7062.712629,1.0
-50.0,50,7063.208414,0.0
-50.0,50,7063.690395,0.0
-50.0,50,7064.175411,0.0
-50.0,50,7064.652275,0.0
-50.0,50,7065.152531,0.0
-50.0,50,7065.628648,0.0
-50.0,50,7066.105884,0.0
-50.0,50,7066.58125,0.0
-50.0,50,7067.080304,0.0
-50.0,50,7067.560213,0.0
-50.0,50,7068.051298,0.0
-50.0,50,7068.537818,0.0
-50.0,50,7069.025164,0.0
-50.0,50,7069.513055,0.0
-50.0,50,7069.990684,0.0
-50.0,50,7070.472582,0.0
-50.0,50,7070.97168,0.0
-50.0,50,7071.452255,0.0
-50.0,50,7071.92667,0.0
-50.0,50,7072.416725,0.0
-50.0,50,7072.903753,0.0
-50.0,50,7073.391378,0.0
-50.0,50,7073.900345,0.0
-50.0,50,7074.386555,0.0
-50.0,50,7074.873837,0.0
-50.0,50,7075.355289,0.0
-50.0,50,7075.84334,0.0
-50.0,50,7076.323518,0.0
-50.0,50,7076.816334,0.0
-50.0,50,7077.293266,0.0
0.0,50,7077.783632,1.0
0.0,50,7078.267361,1.0
-50.0,50,7078.759768,0.0
-50.0,50,7079.246415,0.0
-50.0,50,7079.722753,0.0
-50.0,50,7080.201823,0.0
-50.0,50,7080.708735,0.0
-50.0,50,7081.183306,0.0
-50.0,50,7081.66022,0.0
-50.0,50,7082.145318,0.0
-50.0,50,7082.649844,0.0
-50.0,50,7083.124802,0.0
-50.0,50,7083.604985,0.0
-50.0,50,7084.08376,0.0
0.0,50,7084.600486,1.0
-50.0,50,7085.095639,0.0
-50.0,50,7085.579197,0.0
-50.0,50,7086.075568,0.0
-50.0,50,7086.567226,0.0
-50.0,50,7087.050129,0.0
-50.0,50,7087.532655,0.0
-50.0,50,7088.011849,0.0
-50.0,50,7088.508212,0.0
-50.0,50,7088.985892,0.0
-50.0,50,7089.479066,0.0
-50.0,50,7089.986687,0.0
-50.0,50,7090.493567,0.0
-50.0,50,7090.977093,0.0
-50.0,50,7091.470565,0.0
-50.0,50,7091.963108,0.0
-50.0,50,7092.46573,0.0
-50.0,50,7092.960968,0.0
-50.0,50,7093.445666,0.0
-50.0,50,7093.926691,0.0
-50.0,50,7094.420467,0.0
-50.0,50,7094.907672,0.0
-50.0,50,7095.390117,0.0
0.0,50,7095.886063,1.0
-50.0,50,7096.373289,0.0
-50.0,50,7096.860614,0.0
-50.0,50,7097.340194,0.0
-50.0,50,7097.830954,0.0
-50.0,50,7098.337108,0.0
-50.0,50,7098.821999,0.0
0.0,50,7099.310956,1.0
-50.0,50,7099.7981,0.0
-50.0,50,7100.291482,0.0
-50.0,50,7100.782659,0.0
-50.0,50,7101.26256,0.0
-50.0,50,7101.742891,0.0
-50.0,50,7102.25069,0.0
-50.0,50,7102.741406,0.0
-50.0,50,7103.217214,0.0
0.0,50,7103.712732,1.0
-50.0,50,7104.207839,0.0
-50.0,50,7104.697072,0.0
-50.0,50,7105.173585,0.0
-50.0,50,7105.666534,0.0
-50.0,50,7106.17299,0.0
0.0,50,7106.665653,1.0
-50.0,50,7107.145736,0.0
-50.0,50,7107.625815,0.0
-50.0,50,7110.422776,0.0
0.0,50,7110.916437,1.0
-50.0,50,7111.397817,0.0
-50.0,50,7111.880405,0.0
-50.0,50,7112.375135,0.0
-50.0,50,7112.863877,0.0
-50.0,50,7113.346547,0.0
0.0,50,7113.840072,1.0
0.0,50,7114.334062,1.0
-50.0,50,7114.811689,0.0
-50.0,50,7115.293284,0.0
-50.0,50,7115.779236,0.0
-50.0,50,7116.280158,0.0
-50.0,50,7116.782829,0.0
0.0,50,7117.269533,1.0
-50.0,50,7117.761319,0.0
-50.0,50,7118.256075,0.0
-50.0,50,7118.745469,0.0
-50.0,50,7119.233825,0.0
-50.0,50,7119.724262,0.0
-50.0,50,7120.23544,0.0
-50.0,50,7120.716614,0.0
-50.0,50,7121.198634,0.0
-50.0,50,7121.67981,0.0
-50.0,50,7122.185009,0.0
0.0,50,7122.677576,1.0
-50.0,50,7123.174568,0.0
-50.0,50,7123.668453,0.0
-50.0,50,7124.175444,0.0
-50.0,50,7124.668601,0.0
-50.0,50,7125.153829,0.0
-50.0,50,7125.639624,0.0
-50.0,50,7126.136365,0.0
-50.0,50,7126.617788,0.0
-50.0,50,7127.113579,0.0
-50.0,50,7127.613046,0.0
0.0,50,7128.130116,1.0
-50.0,50,7128.621457,0.0
-50.0,50,7129.106191,0.0
-50.0,50,7129.587749,0.0
-50.0,50,7130.09257,0.0
-50.0,50,7130.578749,0.0
-50.0,50,7131.059821,0.0
-50.0,50,7131.575307,0.0
-50.0,50,7132.102146,0.0
-50.0,50,7132.583231,0.0
-50.0,50,7133.059653,0.0
-50.0,50,7133.538346,0.0
-50.0,50,7134.030323,0.0
-50.0,50,7134.509871,0.0
-50.0,50,7135.004632,0.0
0.0,50,7135.482192,1.0
-50.0,50,7135.972601,0.0
-50.0,50,7136.451526,0.0
0.0,50,7136.932127,1.0
-50.0,50,7137.408782,0.0
-50.0,50,7137.905223,0.0
-50.0,50,7138.383456,0.0
-50.0,50,7138.890696,0.0
-50.0,50,7139.371116,0.0
0.0,50,7139.868129,1.0
-50.0,50,7140.35856,0.0
-50.0,50,7140.839082,0.0
-50.0,50,7141.319823,0.0
-50.0,50,7141.816682,0.0
-50.0,50,7142.365862,0.0
-50.0,50,7142.852401,0.0
-50.0,50,7143.339519,0.0
-50.0,50,7143.85289,0.0
-50.0,50,7144.347136,0.0
-50.0,50,7144.827281,0.0
-50.0,50,7145.309273,0.0
-50.0,50,7145.804245,0.0
-50.0,50,7146.311508,0.0
-50.0,50,7146.814996,0.0
-50.0,50,7147.295427,0.0
-50.0,50,7147.806666,0.0
-50.0,50,7148.292475,0.0
-50.0,50,7148.784799,0.0
-50.0,50,7149.262829,0.0
-50.0,50,7149.751036,0.0
-50.0,50,7150.230109,0.0
-50.0,50,7150.711761,0.0
-50.0,50,7151.194216,0.0
0.0,50,7151.705968,1.0
-50.0,50,7152.192412,0.0
-50.0,50,7152.688992,0.0
-50.0,50,7153.185906,0.0
-50.0,50,7153.678067,0.0
-50.0,50,7154.170953,0.0
-50.0,50,7154.660668,0.0
-50.0,50,7155.147547,0.0
-50.0,50,7155.638025,0.0
-50.0,50,7156.12629,0.0
-50.0,50,7156.60571,0.0
-50.0,50,7157.089078,0.0
-50.0,50,7157.580669,0.0
-50.0,50,7158.061071,0.0
-50.0,50,7158.54055,0.0
-50.0,50,7159.047059,0.0
-50.0,50,7159.539579,0.0
-50.0,50,7160.020884,0.0
-50.0,50,7160.504198,0.0
-50.0,50,7160.9918,0.0
-50.0,50,7161.481252,0.0
-50.0,50,7161.958655,0.0
-50.0,50,7162.437731,0.0
-50.0,50,7162.918078,0.0
-50.0,50,7163.446585,0.0
-50.0,50,7163.934663,0.0
-50.0,50,7164.415371,0.0
-50.0,50,7164.894216,0.0
-50.0,50,7165.436474,0.0
-50.0,50,7165.913695,0.0
-50.0,50,7166.400398,0.0
-50.0,50,7166.887408,0.0
-50.0,50,7167.405161,0.0
-50.0,50,7167.895874,0.0
-50.0,50,7168.384247,0.0
-50.0,50,7168.861272,0.0
-50.0,50,7169.372248,0.0
-50.0,50,7169.860398,0.0
-50.0,50,7170.340508,0.0
-50.0,50,7170.820947,0.0
-50.0,50,7171.332851,0.0
-50.0,50,7171.820933,0.0
-50.0,50,7172.311556,0.0
-50.0,50,7172.788707,0.0
-50.0,50,7173.315624,0.0
-50.0,50,7173.806558,0.0
-50.0,50,7174.286302,0.0
0.0,50,7174.784702,1.0
-50.0,50,7175.298279,0.0
-50.0,50,7175.7827,0.0
-50.0,50,7176.27253,0.0
-50.0,50,7176.749786,0.0
-50.0,50,7177.259384,0.0
-50.0,50,7177.745437,0.0
-50.0,50,7178.23251,0.0
-50.0,50,7178.71632,0.0
-50.0,50,7179.235495,0.0
-50.0,50,7179.711419,0.0
-50.0,50,7180.197236,0.0
-50.0,50,7180.680692,0.0
-50.0,50,7181.19947,0.0
-50.0,50,7181.675294,0.0
-50.0,50,7182.152666,0.0
-50.0,50,7182.632394,0.0
-50.0,50,7183.138436,0.0
-50.0,50,7183.625476,0.0
-50.0,50,7184.113928,0.0
-50.0,50,7184.594421,0.0
-50.0,50,7185.106921,0.0
-50.0,50,7185.597633,0.0
-50.0,50,7186.075499,0.0
-50.0,50,7186.556991,0.0
-50.0,50,7187.078371,0.0
-50.0,50,7187.554585,0.0
-50.0,50,7188.043899,0.0
-50.0,50,7188.526404,0.0
-50.0,50,7189.033959,0.0
-50.0,50,7189.509117,0.0
-50.0,50,7189.988927,0.0
-50.0,50,7190.492942,0.0
-50.0,50,7190.996402,0.0
-50.0,50,7191.480321,0.0
-50.0,50,7191.96426,0.0
-50.0,50,7192.446443,0.0
-50.0,50,7192.971013,0.0
-50.0,50,7193.449478,0.0
-50.0,50,7193.93111,0.0
-50.0,50,7194.411427,0.0
-50.0,50,7194.917171,0.0
-50.0,50,7195.396291,0.0
-50.0,50,7195.880409,0.0
-50.0,50,7196.364638,0.0
-50.0,50,7196.877694,0.0
-50.0,50,7197.367959,0.0
0.0,50,7197.864301,1.0
-50.0,50,7198.344494,0.0
-50.0,50,7198.849996,0.0
-50.0,50,7199.335772,0.0
-50.0,50,7199.811639,0.0
-50.0,50,7200.299319,0.0
-50.0,50,7200.814246,0.0
-50.0,50,7201.298632,0.0
-50.0,50,7201.791236,0.0
-50.0,50,7202.275727,0.0
-50.0,50,7202.781047,0.0
-50.0,50,7203.258422,0.0
-50.0,50,7203.737273,0.0
-50.0,50,7204.225955,0.0
0.0,50,7204.753411,1.0
-50.0,50,7205.239255,0.0
-50.0,50,7205.739174,0.0
-50.0,50,7206.231534,0.0
-50.0,50,7206.745214,0.0
-50.0,50,7207.225677,0.0
-50.0,50,7207.705442,0.0
-50.0,50,7208.190267,0.0
-50.0,50,7210.993032,0.0
-50.0,50,7211.471271,0.0
-50.0,50,7211.968841,0.0
-50.0,50,7212.453817,0.0
-50.0,50,7212.970184,0.0
-50.0,50,7213.462373,0.0
-50.0,50,7213.943125,0.0
-50.0,50,7214.422778,0.0
-50.0,50,7214.933889,0.0
-50.0,50,7215.410135,0.0
-50.0,50,7215.896545,0.0
-50.0,50,7216.384751,0.0
-50.0,50,7216.914265,0.0
-50.0,50,7217.408689,0.0
-50.0,50,7217.90515,0.0
-50.0,50,7218.398649,0.0
-50.0,50,7218.904848,0.0
-50.0,50,7219.393966,0.0
-50.0,50,7219.886766,0.0
-50.0,50,7220.365836,0.0
-50.0,50,7220.875311,0.0
-50.0,50,7221.375209,0.0
-50.0,50,7221.871588,0.0
-50.0,50,7222.365867,0.0
-50.0,50,7222.887435,0.0
-50.0,50,7223.378227,0.0
0.0,50,7223.880156,1.0
-50.0,50,7224.375483,0.0
-50.0,50,7224.874243,0.0
-50.0,50,7225.36344,0.0
-50.0,50,7225.856556,0.0
-50.0,50,7226.338632,0.0
-50.0,50,7226.861398,0.0
-50.0,50,7227.34138,0.0
-50.0,50,7227.83467,0.0
-50.0,50,7228.330328,0.0
-50.0,50,7228.847739,0.0
-50.0,50,7229.344401,0.0
-50.0,50,7229.83183,0.0
-50.0,50,7230.316624,0.0
-50.0,50,7230.828007,0.0
-50.0,50,7231.3134,0.0
-50.0,50,7231.806935,0.0
-50.0,50,7232.294827,0.0
-50.0,50,7232.818351,0.0
-50.0,50,7233.311433,0.0
-50.0,50,7233.806755,0.0
-50.0,50,7234.29968,0.0
-50.0,50,7234.821127,0.0
-50.0,50,7235.315321,0.0
-50.0,50,7235.810352,0.0
-50.0,50,7236.314516,0.0
-50.0,50,7236.835628,0.0
-50.0,50,7237.329947,0.0
0.0,50,7237.847919,1.0
-50.0,50,7238.326774,0.0
-50.0,50,7238.841694,0.0
-50.0,50,7239.325415,0.0
-50.0,50,7239.80322,0.0
-50.0,50,7240.29386,0.0
-50.0,50,7240.804201,0.0
-50.0,50,7241.288759,0.0
-50.0,50,7241.768998,0.0
-50.0,50,7242.251378,0.0
-50.0,50,7242.748141,0.0
-50.0,50,7243.231692,0.0
-50.0,50,7243.711705,0.0
0.0,50,7244.207908,1.0
-50.0,50,7244.710563,0.0
-50.0,50,7245.193141,0.0
-50.0,50,7245.69227,0.0
-50.0,50,7246.188424,0.0
-50.0,50,7246.722644,0.0
-50.0,50,7247.215371,0.0
-50.0,50,7247.715505,0.0
-50.0,50,7248.22821,0.0
-50.0,50,7248.762711,0.0
-50.0,50,7249.257545,0.0
-50.0,50,7249.756042,0.0
-50.0,50,7250.255515,0.0
-50.0,50,7250.795421,0.0
-50.0,50,7251.292245,0.0
-50.0,50,7251.781552,0.0
-50.0,50,7252.286892,0.0
-50.0,50,7252.810511,0.0
-50.0,50,7253.30226,0.0
-50.0,50,7253.799832,0.0
0.0,50,7254.28703,1.0
-50.0,50,7254.799992,0.0
-50.0,50,7255.282946,0.0
-50.0,50,7255.774554,0.0
-50.0,50,7256.274575,0.0
-50.0,50,7256.805673,0.0
-50.0,50,7257.298199,0.0
-50.0,50,7257.794187,0.0
-50.0,50,7258.28166,0.0
-50.0,50,7258.793414,0.0
-50.0,50,7259.272931,0.0
0.0,50,7259.776494,1.0
-50.0,50,7260.285575,0.0
-50.0,50,7260.826683,0.0
-50.0,50,7261.329099,0.0
-50.0,50,7261.848787,0.0
-50.0,50,7262.337011,0.0
0.0,50,7262.853738,1.0
-50.0,50,7263.339464,0.0
-50.0,50,7263.822173,0.0
-50.0,50,7264.304006,0.0
-50.0,50,7264.809839,0.0
-50.0,50,7265.298162,0.0
-50.0,50,7265.782513,0.0
-50.0,50,7266.286649,0.0
-50.0,50,7266.816239,0.0
-50.0,50,7267.308135,0.0
-50.0,50,7267.795933,0.0
-50.0,50,7268.271957,0.0
-50.0,50,7268.767931,0.0
-50.0,50,7269.254726,0.0
-50.0,50,7269.752974,0.0
-50.0,50,7270.236912,0.0
-50.0,50,7270.740321,0.0
-50.0,50,7271.232404,0.0
-50.0,50,7271.72925,0.0
-50.0,50,7272.226994,0.0
-50.0,50,7272.757123,0.0
-50.0,50,7273.248588,0.0
-50.0,50,7273.742329,0.0
-50.0,50,7274.234702,0.0
-50.0,50,7274.744736,0.0
-50.0,50,7275.248065,0.0
-50.0,50,7275.742406,0.0
-50.0,50,7276.238769,0.0
-50.0,50,7276.746908,0.0
-50.0,50,7277.240121,0.0
-50.0,50,7277.746008,0.0
-50.0,50,7278.256785,0.0
-50.0,50,7278.768486,0.0
-50.0,50,7279.266858,0.0
-50.0,50,7279.756445,0.0
-50.0,50,7280.261324,0.0
0.0,50,7280.77943,1.0
0.0,50,7281.282918,1.0
-50.0,50,7281.772293,0.0
-50.0,50,7282.274189,0.0
-50.0,50,7282.783297,0.0
-50.0,50,7283.277299,0.0
-50.0,50,7283.762345,0.0
-50.0,50,7284.258442,0.0
-50.0,50,7284.755645,0.0
-50.0,50,7285.235547,0.0
-50.0,50,7285.720289,0.0
0.0,50,7286.211819,1.0
-50.0,50,7286.713536,0.0
-50.0,50,7287.200991,0.0
-50.0,50,7287.684894,0.0
-50.0,50,7288.174789,0.0
-50.0,50,7288.673254,0.0
-50.0,50,7289.167511,0.0
-50.0,50,7289.659796,0.0
-50.0,50,7290.143123,0.0
-50.0,50,7290.650557,0.0
-50.0,50,7291.15047,0.0
-50.0,50,7291.64017,0.0
-50.0,50,7292.127263,0.0
-50.0,50,7292.623743,0.0
-50.0,50,7293.112702,0.0
-50.0,50,7293.602671,0.0
0.0,50,7294.10879,1.0
-50.0,50,7294.625134,0.0
-50.0,50,7295.12421,0.0
-50.0,50,7295.612208,0.0
-50.0,50,7296.113283,0.0
0.0,50,7296.609013,1.0
-50.0,50,7297.10326,0.0
-50.0,50,7297.590405,0.0
-50.0,50,7298.087961,0.0
-50.0,50,7298.600683,0.0
-50.0,50,7299.098311,0.0
-50.0,50,7299.595289,0.0
-50.0,50,7300.08386,0.0
-50.0,50,7300.594388,0.0
-50.0,50,7301.087394,0.0
-50.0,50,7301.577697,0.0
-50.0,50,7302.069788,0.0
-50.0,50,7302.5905,0.0
-50.0,50,7303.083694,0.0
-50.0,50,7303.57676,0.0
-50.0,50,7304.059996,0.0
-50.0,50,7304.580033,0.0
0.0,50,7305.071869,1.0
-50.0,50,7305.568299,0.0
-50.0,50,7306.065488,0.0
-50.0,50,7306.580936,0.0
-50.0,50,7307.077333,0.0
-50.0,50,7307.573813,0.0
-50.0,50,7308.068418,0.0
0.0,50,7308.590567,1.0
-50.0,50,7309.09464,0.0
-50.0,50,7309.586179,0.0
-50.0,50,7310.068057,0.0
-50.0,50,7312.808133,0.0
-50.0,50,7313.290332,0.0
-50.0,50,7313.780408,0.0
-50.0,50,7314.263187,0.0
-50.0,50,7314.760658,0.0
-50.0,50,7315.241575,0.0
-50.0,50,7315.730389,0.0
-50.0,50,7316.217853,0.0
-50.0,50,7316.715602,0.0
-50.0,50,7317.194668,0.0
-50.0,50,7317.689265,0.0
-50.0,50,7318.183282,0.0
-50.0,50,7318.688603,0.0
-50.0,50,7319.181247,0.0
-50.0,50,7319.672138,0.0
-50.0,50,7320.150908,0.0
-50.0,50,7320.657296,0.0
-50.0,50,7321.14756,0.0
-50.0,50,7321.629208,0.0
-50.0,50,7322.116191,0.0
-50.0,50,7322.612073,0.0
-50.0,50,7323.094647,0.0
-50.0,50,7323.587438,0.0
-50.0,50,7324.078781,0.0
-50.0,50,7324.607568,0.0
-50.0,50,7325.098543,0.0
-50.0,50,7325.587873,0.0
-50.0,50,7326.090775,0.0
-50.0,50,7326.592346,0.0
0.0,50,7327.087756,1.0
-50.0,50,7327.583571,0.0
-50.0,50,7328.068236,0.0
-50.0,50,7328.569443,0.0
-50.0,50,7329.048041,0.0
-50.0,50,7329.534776,0.0
0.0,50,7330.026242,1.0
-50.0,50,7330.545194,0.0
-50.0,50,7331.034847,0.0
-50.0,50,7331.524377,0.0
-50.0,50,7332.017333,0.0
-50.0,50,7332.524409,0.0
-50.0,50,7333.014452,0.0
-50.0,50,7333.504786,0.0
0.0,50,7333.991271,1.0
-50.0,50,7334.489316,0.0
-50.0,50,7334.983263,0.0
-50.0,50,7335.501671,0.0
0.0,50,7336.010415,1.0
-50.0,50,7336.534062,0.0
-50.0,50,7337.036858,0.0
-50.0,50,7337.540843,0.0
-50.0,50,7338.047278,0.0
-50.0,50,7338.56543,0.0
-50.0,50,7339.068479,0.0
0.0,50,7339.583149,1.0
-50.0,50,7340.100167,0.0
-50.0,50,7340.616009,0.0
-50.0,50,7341.103564,0.0
-50.0,50,7341.59137,0.0
-50.0,50,7342.072465,0.0
-50.0,50,7342.563901,0.0
-50.0,50,7343.05135,0.0
-50.0,50,7343.529858,0.0
-50.0,50,7344.016072,0.0
-50.0,50,7344.509339,0.0
-50.0,50,7344.986917,0.0
-50.0,50,7345.464796,0.0
-50.0,50,7345.951884,0.0
-50.0,50,7346.445138,0.0
-50.0,50,7346.926161,0.0
-50.0,50,7347.413134,0.0
-50.0,50,7347.898727,0.0
-50.0,50,7348.387524,0.0
0.0,50,7348.876363,1.0
-50.0,50,7349.364861,0.0
-50.0,50,7349.851174,0.0
-50.0,50,7350.349862,0.0
-50.0,50,7350.833241,0.0
0.0,50,7351.32918,1.0
-50.0,50,7351.807914,0.0
-50.0,50,7352.313202,0.0
-50.0,50,7352.800442,0.0
-50.0,50,7353.288285,0.0
-50.0,50,7353.765471,0.0
0.0,50,7354.261089,1.0
-50.0,50,7354.746817,0.0
-50.0,50,7355.226135,0.0
-50.0,50,7355.713363,0.0
-50.0,50,7356.222515,0.0
-50.0,50,7356.703659,0.0
-50.0,50,7357.184227,0.0
-50.0,50,7357.66215,0.0
-50.0,50,7358.162989,0.0
-50.0,50,7358.639647,0.0
-50.0,50,7359.116582,0.0
-50.0,50,7359.593668,0.0
-50.0,50,7360.090654,0.0
-50.0,50,7360.576778,0.0
-50.0,50,7361.055585,0.0
-50.0,50,7361.534527,0.0
-50.0,50,7362.026987,0.0
-50.0,50,7362.508561,0.0
-50.0,50,7362.995586,0.0
-50.0,50,7363.474089,0.0
-50.0,50,7363.964062,0.0
-50.0,50,7364.450934,0.0
-50.0,50,7364.929053,0.0
-50.0,50,7365.414665,0.0
-50.0,50,7365.904415,0.0
-50.0,50,7366.389103,0.0
-50.0,50,7366.874331,0.0
-50.0,50,7367.34993,0.0
-50.0,50,7367.83914,0.0
-50.0,50,7368.323632,0.0
-50.0,50,7368.816524,0.0
-50.0,50,7369.291388,0.0
0.0,50,7369.777578,1.0
-50.0,50,7370.262125,0.0
-50.0,50,7370.748281,0.0
-50.0,50,7371.223598,0.0
-50.0,50,7371.725656,0.0
-50.0,50,7372.200174,0.0
-50.0,50,7372.690799,0.0
-50.0,50,7373.176909,0.0
-50.0,50,7373.673088,0.0
-50.0,50,7374.149183,0.0
-50.0,50,7374.623551,0.0
-50.0,50,7375.104781,0.0
-50.0,50,7375.599366,0.0
-50.0,50,7376.073292,0.0
-50.0,50,7376.558779,0.0
-50.0,50,7377.041093,0.0
-50.0,50,7377.537813,0.0
-50.0,50,7378.013047,0.0
-50.0,50,7378.498308,0.0
-50.0,50,7378.974016,0.0
-50.0,50,7379.467072,0.0
0.0,50,7379.957922,1.0
-50.0,50,7380.442027,0.0
-50.0,50,7380.933521,0.0
-50.0,50,7381.431214,0.0
-50.0,50,7381.907289,0.0
-50.0,50,7382.393607,0.0
-50.0,50,7382.875644,0.0
-50.0,50,7383.3662,0.0
0.0,50,7383.86079,1.0
-50.0,50,7384.336993,0.0
-50.0,50,7384.821532,0.0
-50.0,50,7385.323131,0.0
-50.0,50,7385.803138,0.0
-50.0,50,7386.28773,0.0
-50.0,50,7386.765007,0.0
-50.0,50,7387.265421,0.0
-50.0,50,7387.750453,0.0
-50.0,50,7388.225005,0.0
-50.0,50,7388.710228,0.0
-50.0,50,7389.203357,0.0
0.0,50,7389.694982,1.0
-50.0,50,7390.177562,0.0
-50.0,50,7390.652003,0.0
-50.0,50,7391.154198,0.0
-50.0,50,7391.639345,0.0
-50.0,50,7392.114927,0.0
-50.0,50,7392.589473,0.0
-50.0,50,7393.085125,0.0
-50.0,50,7393.559886,0.0
0.0,50,7394.050997,1.0
-50.0,50,7394.529138,0.0
-50.0,50,7395.031247,0.0
-50.0,50,7395.507981,0.0
-50.0,50,7395.982544,0.0
-50.0,50,7396.456184,0.0
-50.0,50,7396.950673,0.0
-50.0,50,7397.429163,0.0
-50.0,50,7397.904705,0.0
-50.0,50,7398.379939,0.0
-50.0,50,7398.882961,0.0
-50.0,50,7399.360395,0.0
-50.0,50,7399.853056,0.0
-50.0,50,7400.332149,0.0
-50.0,50,7400.840241,0.0
-50.0,50,7401.320266,0.0
-50.0,50,7401.798365,0.0
0.0,50,7402.278446,1.0
-50.0,50,7402.770556,0.0
-50.0,50,7403.2595,0.0
-50.0,50,7403.738504,0.0
0.0,50,7404.218027,1.0
-50.0,50,7404.721611,0.0
-50.0,50,7405.201132,0.0
-50.0,50,7405.690382,0.0
-50.0,50,7406.169038,0.0
-50.0,50,7406.660422,0.0
-50.0,50,7407.140038,0.0
-50.0,50,7407.627967,0.0
-50.0,50,7408.108026,0.0
-50.0,50,7408.606289,0.0
-50.0,50,7409.091558,0.0
-50.0,50,7409.56971,0.0
-50.0,50,7410.04644,0.0
-50.0,50,7412.785768,0.0
0.0,50,7413.288188,1.0
-50.0,50,7413.765523,0.0
-50.0,50,7414.259758,0.0
-50.0,50,7414.762681,0.0
-50.0,50,7415.244392,0.0
-50.0,50,7415.722468,0.0
-50.0,50,7416.219466,0.0
-50.0,50,7416.726503,0.0
-50.0,50,7417.214029,0.0
-50.0,50,7417.693574,0.0
-50.0,50,7418.178787,0.0
-50.0,50,7418.668383,0.0
-50.0,50,7419.144149,0.0
0.0,50,7419.634715,1.0
-50.0,50,7420.112385,0.0
-50.0,50,7420.605919,0.0
-50.0,50,7421.094491,0.0
-50.0,50,7421.578222,0.0
-50.0,50,7422.056278,0.0
-50.0,50,7422.556557,0.0
-50.0,50,7423.044475,0.0
-50.0,50,7423.534675,0.0
0.0,50,7424.04543,1.0
-50.0,50,7424.538553,0.0
-50.0,50,7425.015813,0.0
-50.0,50,7425.498692,0.0
-50.0,50,7425.97672,0.0
-50.0,50,7426.477918,0.0
-50.0,50,7426.954436,0.0
-50.0,50,7427.434721,0.0
-50.0,50,7427.914104,0.0
0.0,50,7428.411608,1.0
-50.0,50,7428.893937,0.0
-50.0,50,7429.374053,0.0
-50.0,50,7429.861899,0.0
-50.0,50,7430.351694,0.0
-50.0,50,7430.845506,0.0
-50.0,50,7431.323812,0.0
-50.0,50,7431.799717,0.0
-50.0,50,7432.300043,0.0
-50.0,50,7432.79513,0.0
-50.0,50,7433.279247,0.0
-50.0,50,7433.770817,0.0
-50.0,50,7434.265525,0.0
-50.0,50,7434.754818,0.0
-50.0,50,7435.248892,0.0
-50.0,50,7435.727145,0.0
-50.0,50,7436.224836,0.0
-50.0,50,7436.704133,0.0
-50.0,50,7437.193662,0.0
-50.0,50,7437.675909,0.0
-50.0,50,7438.168894,0.0
-50.0,50,7438.64951,0.0
0.0,50,7439.137864,1.0
-50.0,50,7439.61812,0.0
-50.0,50,7440.114387,0.0
-50.0,50,7440.598533,0.0
-50.0,50,7441.083307,0.0
-50.0,50,7441.573155,0.0
0.0,50,7442.074881,1.0
-50.0,50,7442.55667,0.0
-50.0,50,7443.036555,0.0
-50.0,50,7443.522169,0.0
-50.0,50,7444.031932,0.0
-50.0,50,7444.52827,0.0
-50.0,50,7445.020752,0.0
-50.0,50,7445.501878,0.0
-50.0,50,7446.003164,0.0
-50.0,50,7446.506502,0.0
-50.0,50,7446.985908,0.0
-50.0,50,7447.476529,0.0
-50.0,50,7447.980233,0.0
-50.0,50,7448.460582,0.0
-50.0,50,7448.941684,0.0
-50.0,50,7449.439977,0.0
-50.0,50,7449.940882,0.0
-50.0,50,7450.422313,0.0
-50.0,50,7450.909001,0.0
-50.0,50,7451.390816,0.0
-50.0,50,7451.883885,0.0
-50.0,50,7452.36488,0.0
-50.0,50,7452.842956,0.0
-50.0,50,7453.32168,0.0
-50.0,50,7453.828574,0.0
0.0,50,7454.307605,1.0
-50.0,50,7454.792114,0.0
-50.0,50,7455.283672,0.0
-50.0,50,7455.796376,0.0
-50.0,50,7456.289853,0.0
-50.0,50,7456.768125,0.0
-50.0,50,7457.257159,0.0
-50.0,50,7457.76097,0.0
-50.0,50,7458.239048,0.0
-50.0,50,7458.71949,0.0
-50.0,50,7459.207385,0.0
0.0,50,7459.722048,1.0
-50.0,50,7460.200434,0.0
-50.0,50,7460.691149,0.0
-50.0,50,7461.169924,0.0
-50.0,50,7461.680587,0.0
-50.0,50,7462.160724,0.0
-50.0,50,7462.649228,0.0
-50.0,50,7463.128096,0.0
-50.0,50,7463.63132,0.0
-50.0,50,7464.1144,0.0
-50.0,50,7464.597024,0.0
0.0,50,7465.090312,1.0
-50.0,50,7465.593377,0.0
-50.0,50,7466.086258,0.0
-50.0,50,7466.566598,0.0
-50.0,50,7467.063572,0.0
-50.0,50,7467.584355,0.0
-50.0,50,7468.079624,0.0
-50.0,50,7468.571685,0.0
-50.0,50,7469.059967,0.0
-50.0,50,7469.565851,0.0
-50.0,50,7470.050264,0.0
-50.0,50,7470.53201,0.0
-50.0,50,7471.024211,0.0
-50.0,50,7471.52268,0.0
-50.0,50,7472.005491,0.0
-50.0,50,7472.490068,0.0
-50.0,50,7472.978232,0.0
-50.0,50,7473.487465,0.0
0.0,50,7473.97712,1.0
-50.0,50,7474.472833,0.0
0.0,50,7474.964531,1.0
-50.0,50,7475.460679,0.0
-50.0,50,7475.94323,0.0
-50.0,50,7476.432901,0.0
-50.0,50,7476.911867,0.0
-50.0,50,7477.415625,0.0
-50.0,50,7477.906774,0.0
-50.0,50,7478.388875,0.0
-50.0,50,7478.880558,0.0
0.0,50,7479.397454,1.0
-50.0,50,7479.956846,0.0
-50.0,50,7480.438417,0.0
-50.0,50,7480.928868,0.0
-50.0,50,7481.432719,0.0
0.0,50,7481.915856,1.0
-50.0,50,7482.407129,0.0
-50.0,50,7482.898315,0.0
-50.0,50,7483.411341,0.0
-50.0,50,7483.904275,0.0
-50.0,50,7484.384388,0.0
-50.0,50,7484.863308,0.0
-50.0,50,7485.359072,0.0
-50.0,50,7485.847142,0.0
-50.0,50,7486.326844,0.0
-50.0,50,7486.80504,0.0
-50.0,50,7487.310735,0.0
-50.0,50,7487.798456,0.0
-50.0,50,7488.278513,0.0
-50.0,50,7488.758545,0.0
-50.0,50,7489.250948,0.0
-50.0,50,7489.7467,0.0
-50.0,50,7490.252416,0.0
-50.0,50,7490.767988,0.0
0.0,50,7491.284042,1.0
-50.0,50,7491.764377,0.0
-50.0,50,7492.241875,0.0
-50.0,50,7492.727987,0.0
-50.0,50,7493.222511,0.0
-50.0,50,7493.704557,0.0
0.0,50,7494.208922,1.0
-50.0,50,7494.697948,0.0
-50.0,50,7495.191653,0.0
-50.0,50,7495.694134,0.0
0.0,50,7496.185249,1.0
-50.0,50,7496.674826,0.0
-50.0,50,7497.168821,0.0
-50.0,50,7497.650351,0.0
-50.0,50,7498.14054,0.0
-50.0,50,7498.631982,0.0
-50.0,50,7499.141314,0.0
-50.0,50,7499.629041,0.0
-50.0,50,7500.128385,0.0
-50.0,50,7500.624399,0.0
-50.0,50,7501.130592,0.0
-50.0,50,7501.611821,0.0
-50.0,50,7502.110537,0.0
-50.0,50,7502.604717,0.0
-50.0,50,7503.113807,0.0
-50.0,50,7503.59791,0.0
-50.0,50,7504.085357,0.0
-50.0,50,7504.574914,0.0
-50.0,50,7505.073684,0.0
-50.0,50,7505.563664,0.0
-50.0,50,7506.062804,0.0
-50.0,50,7506.550223,0.0
-50.0,50,7507.057951,0.0
0.0,50,7507.56021,1.0
-50.0,50,7508.042277,0.0
-50.0,50,7508.526929,0.0
-50.0,50,7509.025845,0.0
-50.0,50,7509.512202,0.0
-50.0,50,7509.989585,0.0
-50.0,50,7510.46621,0.0
-50.0,50,7513.172499,0.0
-50.0,50,7513.651572,0.0
-50.0,50,7514.130729,0.0
-50.0,50,7514.610267,0.0
-50.0,50,7515.104103,0.0
-50.0,50,7515.589966,0.0
0.0,50,7516.092003,1.0
-50.0,50,7516.56868,0.0
-50.0,50,7517.073907,0.0
-50.0,50,7517.56198,0.0
-50.0,50,7518.040843,0.0
-50.0,50,7518.521882,0.0
-50.0,50,7519.027863,0.0
-50.0,50,7519.51536,0.0
-50.0,50,7520.005906,0.0
-50.0,50,7520.492583,0.0
-50.0,50,7521.02671,0.0
-50.0,50,7521.506,0.0
-50.0,50,7521.98502,0.0
-50.0,50,7522.473457,0.0
-50.0,50,7522.980313,0.0
-50.0,50,7523.460403,0.0
-50.0,50,7523.942252,0.0
-50.0,50,7524.41945,0.0
-50.0,50,7524.934433,0.0
-50.0,50,7525.411514,0.0
-50.0,50,7525.889794,0.0
-50.0,50,7526.366817,0.0
-50.0,50,7526.859519,0.0
-50.0,50,7527.347197,0.0
-50.0,50,7527.825072,0.0
0.0,50,7528.315535,1.0
-50.0,50,7528.818523,0.0
-50.0,50,7529.298865,0.0
-50.0,50,7529.784733,0.0
-50.0,50,7530.269647,0.0
-50.0,50,7530.766702,0.0
0.0,50,7531.271543,1.0
-50.0,50,7531.750689,0.0
-50.0,50,7532.227756,0.0
-50.0,50,7532.730329,0.0
-50.0,50,7533.209296,0.0
-50.0,50,7533.698061,0.0
-50.0,50,7534.185682,0.0
-50.0,50,7534.681933,0.0
-50.0,50,7535.161334,0.0
-50.0,50,7535.640625,0.0
-50.0,50,7536.131657,0.0
-50.0,50,7536.62995,0.0
-50.0,50,7537.124,0.0
-50.0,50,7537.616578,0.0
-50.0,50,7538.095361,0.0
0.0,50,7538.603323,1.0
-50.0,50,7539.083718,0.0
-50.0,50,7539.564836,0.0
-50.0,50,7540.050366,0.0
-50.0,50,7540.548363,0.0
-50.0,50,7541.026339,0.0
0.0,50,7541.504242,1.0
-50.0,50,7541.992051,0.0
-50.0,50,7542.495203,0.0
-50.0,50,7542.973914,0.0
-50.0,50,7543.458396,0.0
-50.0,50,7543.945229,0.0
-50.0,50,7544.450083,0.0
-50.0,50,7544.94001,0.0
-50.0,50,7545.427066,0.0
-50.0,50,7545.910797,0.0
-50.0,50,7546.415659,0.0
-50.0,50,7546.90397,0.0
-50.0,50,7547.382051,0.0
-50.0,50,7547.857939,0.0
-50.0,50,7548.351914,0.0
-50.0,50,7548.82932,0.0
-50.0,50,7549.303099,0.0
-50.0,50,7549.789062,0.0
0.0,50,7550.284219,1.0
-50.0,50,7550.757842,0.0
-50.0,50,7551.248749,0.0
-50.0,50,7551.724902,0.0
-50.0,50,7552.2145,0.0
-50.0,50,7552.688926,0.0
-50.0,50,7553.165098,0.0
-50.0,50,7553.643896,0.0
-50.0,50,7554.143136,0.0
0.0,50,7554.626457,1.0
-50.0,50,7555.112888,0.0
-50.0,50,7555.587123,0.0
-50.0,50,7556.1013,0.0
-50.0,50,7556.594068,0.0
0.0,50,7557.092665,1.0
-50.0,50,7557.582792,0.0
-50.0,50,7558.107097,0.0
-50.0,50,7558.597102,0.0
-50.0,50,7559.08856,0.0
-50.0,50,7559.568001,0.0
-50.0,50,7560.067633,0.0
0.0,50,7560.553834,1.0
-50.0,50,7561.045098,0.0
-50.0,50,7561.533297,0.0
-50.0,50,7562.038567,0.0
-50.0,50,7562.513953,0.0
-50.0,50,7563.002955,0.0
-50.0,50,7563.493544,0.0
-50.0,50,7563.99542,0.0
-50.0,50,7564.479046,0.0
-50.0,50,7564.954385,0.0
0.0,50,7565.448829,1.0
-50.0,50,7565.940849,0.0
0.0,50,7566.426151,1.0
-50.0,50,7566.907117,0.0
-50.0,50,7567.397038,0.0
-50.0,50,7567.903575,0.0
-50.0,50,7568.391436,0.0
0.0,50,7568.895037,1.0
-50.0,50,7569.371923,0.0
-50.0,50,7569.866664,0.0
-50.0,50,7570.351325,0.0
-50.0,50,7570.850145,0.0
-50.0,50,7571.32963,0.0
-50.0,50,7571.823439,0.0
-50.0,50,7572.298868,0.0
-50.0,50,7572.773355,0.0
-50.0,50,7573.252082,0.0
-50.0,50,7573.761223,0.0
-50.0,50,7574.238913,0.0
-50.0,50,7574.716037,0.0
-50.0,50,7575.192816,0.0
-50.0,50,7575.686205,0.0
-50.0,50,7576.164351,0.0
0.0,50,7576.649101,1.0
-50.0,50,7577.129133,0.0
-50.0,50,7577.647902,0.0
-50.0,50,7578.135337,0.0
-50.0,50,7578.616215,0.0
-50.0,50,7579.103174,0.0
-50.0,50,7579.610152,0.0
-50.0,50,7580.090913,0.0
-50.0,50,7580.568447,0.0
-50.0,50,7581.050816,0.0
-50.0,50,7581.547064,0.0
-50.0,50,7582.034525,0.0
-50.0,50,7582.518067,0.0
-50.0,50,7582.999935,0.0
-50.0,50,7583.50408,0.0
-50.0,50,7583.982952,0.0
-50.0,50,7584.46383,0.0
-50.0,50,7584.943809,0.0
-50.0,50,7585.438865,0.0
-50.0,50,7585.91579,0.0
-50.0,50,7586.396883,0.0
-50.0,50,7586.871777,0.0
0.0,50,7587.383236,1.0
-50.0,50,7587.859717,0.0
-50.0,50,7588.345091,0.0
-50.0,50,7588.82188,0.0
0.0,50,7589.330232,1.0
-50.0,50,7589.805247,0.0
-50.0,50,7590.279225,0.0
-50.0,50,7590.75528,0.0
-50.0,50,7591.249183,0.0
-50.0,50,7591.723041,0.0
-50.0,50,7592.200116,0.0
-50.0,50,7592.681493,0.0
-50.0,50,7593.17242,0.0
-50.0,50,7593.655509,0.0
-50.0,50,7594.148514,0.0
-50.0,50,7594.638145,0.0
-50.0,50,7595.147444,0.0
0.0,50,7595.631822,1.0
-50.0,50,7596.13089,0.0
-50.0,50,7596.641452,0.0
-50.0,50,7597.166666,0.0
-50.0,50,7597.663878,0.0
-50.0,50,7598.164111,0.0
0.0,50,7598.68894,1.0
-50.0,50,7599.185286,0.0
-50.0,50,7599.678275,0.0
-50.0,50,7600.161765,0.0
-50.0,50,7600.660147,0.0
-50.0,50,7601.168981,0.0
-50.0,50,7601.662079,0.0
-50.0,50,7602.143906,0.0
-50.0,50,7602.626358,0.0
-50.0,50,7603.132219,0.0
-50.0,50,7603.613688,0.0
-50.0,50,7604.095316,0.0
-50.0,50,7604.584017,0.0
-50.0,50,7605.087959,0.0
-50.0,50,7605.578818,0.0
0.0,50,7606.067321,1.0
-50.0,50,7606.551104,0.0
-50.0,50,7607.061117,0.0
-50.0,50,7607.54106,0.0
0.0,50,7608.041384,1.0
-50.0,50,7608.523155,0.0
-50.0,50,7609.035011,0.0
-50.0,50,7609.523916,0.0
-50.0,50,7610.008946,0.0
-50.0,50,7610.489453,0.0
-50.0,50,7613.335092,0.0
-50.0,50,7613.830418,0.0
-50.0,50,7614.3292,0.0
-50.0,50,7614.825389,0.0
-50.0,50,7615.373778,0.0
-50.0,50,7615.87028,0.0
-50.0,50,7616.372494,0.0
-50.0,50,7616.855976,0.0
-50.0,50,7617.385041,0.0
-50.0,50,7617.874806,0.0
-50.0,50,7618.375545,0.0
-50.0,50,7618.864031,0.0
-50.0,50,7619.390786,0.0
-50.0,50,7619.879644,0.0
-50.0,50,7620.369723,0.0
-50.0,50,7620.862113,0.0
-50.0,50,7621.368464,0.0
-50.0,50,7621.855863,0.0
-50.0,50,7622.332879,0.0
-50.0,50,7622.819196,0.0
-50.0,50,7623.343057,0.0
-50.0,50,7623.821916,0.0
-50.0,50,7624.312039,0.0
-50.0,50,7624.789305,0.0
-50.0,50,7625.317937,0.0
-50.0,50,7625.808288,0.0
-50.0,50,7626.297396,0.0
-50.0,50,7626.779394,0.0
-50.0,50,7627.301144,0.0
-50.0,50,7627.780827,0.0
-50.0,50,7628.260736,0.0
-50.0,50,7628.749208,0.0
-50.0,50,7629.263647,0.0
-50.0,50,7629.745341,0.0
-50.0,50,7630.231974,0.0
-50.0,50,7630.724534,0.0
-50.0,50,7631.238467,0.0
-50.0,50,7631.72583,0.0
-50.0,50,7632.208315,0.0
-50.0,50,7632.696914,0.0
-50.0,50,7633.209784,0.0
-50.0,50,7633.688656,0.0
-50.0,50,7634.168801,0.0
-50.0,50,7634.662416,0.0
-50.0,50,7635.164843,0.0
-50.0,50,7635.64213,0.0
-50.0,50,7636.118876,0.0
-50.0,50,7636.615673,0.0
-50.0,50,7637.132406,0.0
-50.0,50,7637.623233,0.0
-50.0,50,7638.101519,0.0
-50.0,50,7638.580202,0.0
-50.0,50,7639.116905,0.0
-50.0,50,7639.594896,0.0
-50.0,50,7640.077968,0.0
-50.0,50,7640.553266,0.0
-50.0,50,7641.073818,0.0
-50.0,50,7641.557891,0.0
-50.0,50,7642.056181,0.0
-50.0,50,7642.538403,0.0
-50.0,50,7643.061355,0.0
-50.0,50,7643.549314,0.0
-50.0,50,7644.028736,0.0
-50.0,50,7644.506945,0.0
-50.0,50,7645.039159,0.0
-50.0,50,7645.530555,0.0
-50.0,50,7646.017982,0.0
-50.0,50,7646.503365,0.0
-50.0,50,7647.005681,0.0
-50.0,50,7647.487715,0.0
-50.0,50,7647.97686,0.0
-50.0,50,7648.460945,0.0
-50.0,50,7648.967999,0.0
-50.0,50,7649.452334,0.0
0.0,50,7649.936025,1.0
-50.0,50,7650.429601,0.0
-50.0,50,7650.939811,0.0
-50.0,50,7651.422259,0.0
-50.0,50,7651.912989,0.0
-50.0,50,7652.390746,0.0
-50.0,50,7652.896828,0.0
-50.0,50,7653.380548,0.0
-50.0,50,7653.866145,0.0
-50.0,50,7654.348957,0.0
-50.0,50,7654.864955,0.0
-50.0,50,7655.361087,0.0
-50.0,50,7655.852278,0.0
-50.0,50,7656.358374,0.0
-50.0,50,7656.927908,0.0
-50.0,50,7657.40981,0.0
-50.0,50,7657.904137,0.0
-50.0,50,7658.396557,0.0
0.0,50,7658.915021,1.0
-50.0,50,7659.405963,0.0
-50.0,50,7659.887896,0.0
-50.0,50,7660.38051,0.0
-50.0,50,7660.897837,0.0
-50.0,50,7661.392126,0.0
-50.0,50,7661.876219,0.0
-50.0,50,7662.374223,0.0
-50.0,50,7662.894542,0.0
-50.0,50,7663.385158,0.0
-50.0,50,7663.876117,0.0
-50.0,50,7664.365885,0.0
-50.0,50,7664.881861,0.0
-50.0,50,7665.371523,0.0
-50.0,50,7665.863009,0.0
-50.0,50,7666.355897,0.0
-50.0,50,7666.880221,0.0
-50.0,50,7667.368163,0.0
-50.0,50,7667.859086,0.0
-50.0,50,7668.345596,0.0
-50.0,50,7668.856228,0.0
-50.0,50,7669.352447,0.0
-50.0,50,7669.83417,0.0
-50.0,50,7670.327827,0.0
-50.0,50,7670.845141,0.0
-50.0,50,7671.335025,0.0
-50.0,50,7671.826669,0.0
-50.0,50,7672.328253,0.0
-50.0,50,7672.874182,0.0
-50.0,50,7673.398581,0.0
-50.0,50,7673.910374,0.0
-50.0,50,7674.422936,0.0
-50.0,50,7674.959253,0.0
-50.0,50,7675.459131,0.0
-50.0,50,7675.973952,0.0
-50.0,50,7676.480839,0.0
-50.0,50,7677.016469,0.0
-50.0,50,7677.520096,0.0
-50.0,50,7678.019006,0.0
-50.0,50,7678.493153,0.0
-50.0,50,7679.008768,0.0
-50.0,50,7679.487037,0.0
0.0,50,7679.984052,1.0
-50.0,50,7680.460835,0.0
-50.0,50,7680.967081,0.0
-50.0,50,7681.456019,0.0
-50.0,50,7681.935332,0.0
-50.0,50,7682.414187,0.0
-50.0,50,7682.930707,0.0
-50.0,50,7683.408138,0.0
-50.0,50,7683.886491,0.0
-50.0,50,7684.37532,0.0
-50.0,50,7684.882782,0.0
-50.0,50,7685.365319,0.0
-50.0,50,7685.84484,0.0
-50.0,50,7686.334107,0.0
-50.0,50,7686.841249,0.0
-50.0,50,7687.321209,0.0
-50.0,50,7687.808624,0.0
-50.0,50,7688.287017,0.0
-50.0,50,7688.792186,0.0
-50.0,50,7689.268552,0.0
-50.0,50,7689.746895,0.0
-50.0,50,7690.234189,0.0
-50.0,50,7690.733772,0.0
-50.0,50,7691.211312,0.0
-50.0,50,7691.697607,0.0
0.0,50,7692.20346,1.0
-50.0,50,7692.716675,0.0
-50.0,50,7693.199283,0.0
-50.0,50,7693.677667,0.0
-50.0,50,7694.15599,0.0
-50.0,50,7694.655507,0.0
-50.0,50,7695.141197,0.0
-50.0,50,7695.623237,0.0
-50.0,50,7696.103725,0.0
-50.0,50,7696.604122,0.0
-50.0,50,7697.082067,0.0
-50.0,50,7697.567043,0.0
-50.0,50,7698.045502,0.0
-50.0,50,7698.554664,0.0
-50.0,50,7699.042287,0.0
-50.0,50,7699.519696,0.0
-50.0,50,7700.007101,0.0
-50.0,50,7700.509179,0.0
-50.0,50,7700.995978,0.0
-50.0,50,7701.47025,0.0
-50.0,50,7701.958541,0.0
-50.0,50,7702.45363,0.0
-50.0,50,7702.928591,0.0
-50.0,50,7703.415766,0.0
-50.0,50,7703.888687,0.0
-50.0,50,7704.402541,0.0
-50.0,50,7704.876899,0.0
-50.0,50,7705.368126,0.0
-50.0,50,7705.857781,0.0
-50.0,50,7706.356632,0.0
-50.0,50,7706.848451,0.0
-50.0,50,7707.32202,0.0
-50.0,50,7707.79726,0.0
-50.0,50,7708.302137,0.0
-50.0,50,7708.779833,0.0
-50.0,50,7709.257627,0.0
-50.0,50,7709.735744,0.0
-50.0,50,7710.230329,0.0
-50.0,50,7710.709679,0.0
-50.0,50,7711.190643,0.0
-50.0,50,7711.676091,0.0
-50.0,50,7714.513475,0.0
-50.0,50,7715.00178,0.0
-50.0,50,7715.479602,0.0
-50.0,50,7715.960657,0.0
-50.0,50,7716.485278,0.0
-50.0,50,7716.974392,0.0
0.0,50,7717.467268,1.0
-50.0,50,7717.946084,0.0
-50.0,50,7718.445205,0.0
-50.0,50,7718.931228,0.0
-50.0,50,7719.420093,0.0
0.0,50,7719.913943,1.0
-50.0,50,7720.434789,0.0
-50.0,50,7720.922631,0.0
-50.0,50,7721.412143,0.0
-50.0,50,7721.894655,0.0
-50.0,50,7722.403584,0.0
-50.0,50,7722.887959,0.0
-50.0,50,7723.366344,0.0
-50.0,50,7723.845658,0.0
-50.0,50,7724.350135,0.0
-50.0,50,7724.838551,0.0
-50.0,50,7725.327278,0.0
-50.0,50,7725.813632,0.0
-50.0,50,7726.32056,0.0
-50.0,50,7726.810683,0.0
-50.0,50,7727.290915,0.0
-50.0,50,7727.777865,0.0
-50.0,50,7728.287527,0.0
-50.0,50,7728.777089,0.0
-50.0,50,7729.261215,0.0
-50.0,50,7729.750922,0.0
-50.0,50,7730.303363,0.0
-50.0,50,7730.788539,0.0
0.0,50,7731.276111,1.0
-50.0,50,7731.754536,0.0
0.0,50,7732.288243,1.0
-50.0,50,7732.777913,0.0
-50.0,50,7733.259017,0.0
-50.0,50,7733.737682,0.0
-50.0,50,7734.261481,0.0
0.0,50,7734.744322,1.0
-50.0,50,7735.228446,0.0
-50.0,50,7735.705545,0.0
-50.0,50,7736.21465,0.0
-50.0,50,7736.703604,0.0
-50.0,50,7737.194216,0.0
-50.0,50,7737.67637,0.0
-50.0,50,7738.184331,0.0
-50.0,50,7738.660924,0.0
-50.0,50,7739.150746,0.0
-50.0,50,7739.645039,0.0
-50.0,50,7740.144747,0.0
-50.0,50,7740.649649,0.0
-50.0,50,7741.129448,0.0
-50.0,50,7741.608787,0.0
-50.0,50,7742.101634,0.0
-50.0,50,7742.590743,0.0
-50.0,50,7743.073198,0.0
-50.0,50,7743.548936,0.0
-50.0,50,7744.066838,0.0
-50.0,50,7744.540175,0.0
-50.0,50,7745.014707,0.0
-50.0,50,7745.490061,0.0
-50.0,50,7745.993591,0.0
-50.0,50,7746.471537,0.0
-50.0,50,7746.955873,0.0
-50.0,50,7747.428588,0.0
-50.0,50,7747.929268,0.0
-50.0,50,7748.41235,0.0
-50.0,50,7748.904128,0.0
-50.0,50,7749.399333,0.0
-50.0,50,7749.902645,0.0
0.0,50,7750.38337,1.0
-50.0,50,7750.864945,0.0
-50.0,50,7751.346321,0.0
-50.0,50,7751.850043,0.0
-50.0,50,7752.33015,0.0
-50.0,50,7752.821335,0.0
-50.0,50,7753.30689,0.0
-50.0,50,7753.801737,0.0
-50.0,50,7754.281689,0.0
0.0,50,7754.764632,1.0
-50.0,50,7755.247761,0.0
-50.0,50,7755.7852,0.0
-50.0,50,7756.268833,0.0
-50.0,50,7756.746246,0.0
-50.0,50,7757.229702,0.0
0.0,50,7757.742208,1.0
-50.0,50,7758.216186,0.0
-50.0,50,7758.692758,0.0
-50.0,50,7759.167798,0.0
-50.0,50,7759.662537,0.0
-50.0,50,7760.136648,0.0
-50.0,50,7760.61077,0.0
-50.0,50,7761.09794,0.0
-50.0,50,7761.602352,0.0
-50.0,50,7762.088478,0.0
-50.0,50,7762.584515,0.0
-50.0,50,7763.081498,0.0
-50.0,50,7763.587871,0.0
0.0,50,7764.080179,1.0
-50.0,50,7764.560051,0.0
0.0,50,7765.047122,1.0
-50.0,50,7765.548107,0.0
-50.0,50,7766.028415,0.0
-50.0,50,7766.504736,0.0
-50.0,50,7766.994107,0.0
-50.0,50,7767.510834,0.0
-50.0,50,7767.998543,0.0
-50.0,50,7768.486834,0.0
-50.0,50,7768.97496,0.0
-50.0,50,7769.476168,0.0
-50.0,50,7769.96892,0.0
0.0,50,7770.467492,1.0
-50.0,50,7770.981225,0.0
-50.0,50,7771.476244,0.0
-50.0,50,7771.95821,0.0
-50.0,50,7772.436888,0.0
-50.0,50,7772.920943,0.0
-50.0,50,7773.434738,0.0
-50.0,50,7773.924124,0.0
-50.0,50,7774.409847,0.0
-50.0,50,7774.892934,0.0
-50.0,50,7775.392838,0.0
-50.0,50,7775.875574,0.0
-50.0,50,7776.374044,0.0
-50.0,50,7776.868849,0.0
-50.0,50,7777.363098,0.0
-50.0,50,7777.847297,0.0
-50.0,50,7778.330781,0.0
-50.0,50,7778.81668,0.0
0.0,50,7779.341584,1.0
-50.0,50,7779.821298,0.0
-50.0,50,7780.301198,0.0
-50.0,50,7780.788938,0.0
-50.0,50,7781.295807,0.0
-50.0,50,7781.799976,0.0
-50.0,50,7782.303145,0.0
-50.0,50,7782.783434,0.0
-50.0,50,7783.284764,0.0
0.0,50,7783.787863,1.0
-50.0,50,7784.271988,0.0
-50.0,50,7784.751749,0.0
-50.0,50,7785.25592,0.0
-50.0,50,7785.738517,0.0
-50.0,50,7786.227691,0.0
-50.0,50,7786.71126,0.0
-50.0,50,7787.22283,0.0
-50.0,50,7787.704804,0.0
-50.0,50,7788.191901,0.0
-50.0,50,7788.671276,0.0
-50.0,50,7789.181912,0.0
-50.0,50,7789.663646,0.0
-50.0,50,7790.145995,0.0
-50.0,50,7790.62605,0.0
-50.0,50,7791.126969,0.0
-50.0,50,7791.608571,0.0
-50.0,50,7792.093833,0.0
-50.0,50,7792.573691,0.0
-50.0,50,7793.082379,0.0
0.0,50,7793.56584,1.0
-50.0,50,7794.041396,0.0
-50.0,50,7794.525061,0.0
-50.0,50,7795.032057,0.0
-50.0,50,7795.520266,0.0
-50.0,50,7795.998614,0.0
0.0,50,7796.495258,1.0
-50.0,50,7797.002291,0.0
-50.0,50,7797.489451,0.0
-50.0,50,7797.974647,0.0
-50.0,50,7798.457721,0.0
-50.0,50,7798.965657,0.0
-50.0,50,7799.481575,0.0
-50.0,50,7799.961375,0.0
-50.0,50,7800.44649,0.0
-50.0,50,7800.946366,0.0
-50.0,50,7801.433054,0.0
-50.0,50,7801.923774,0.0
-50.0,50,7802.411952,0.0
-50.0,50,7802.909608,0.0
0.0,50,7803.394613,1.0
-50.0,50,7803.87508,0.0
-50.0,50,7804.356122,0.0
-50.0,50,7804.873696,0.0
-50.0,50,7805.361541,0.0
-50.0,50,7805.839694,0.0
0.0,50,7806.333876,1.0
-50.0,50,7806.848048,0.0
-50.0,50,7807.327284,0.0
-50.0,50,7807.804019,0.0
-50.0,50,7808.289491,0.0
-50.0,50,7808.794358,0.0
-50.0,50,7809.277625,0.0
-50.0,50,7809.777427,0.0
-50.0,50,7810.259795,0.0
0.0,50,7810.789605,1.0
-50.0,50,7811.273809,0.0
-50.0,50,7811.754701,0.0
-50.0,50,7812.237778,0.0
-50.0,50,7814.942737,0.0
-50.0,50,7815.42261,0.0
-50.0,50,7815.901654,0.0
0.0,50,7816.399393,1.0
-50.0,50,7816.896316,0.0
-50.0,50,7817.374473,0.0
-50.0,50,7817.922191,0.0
-50.0,50,7818.400741,0.0
0.0,50,7818.915793,1.0
-50.0,50,7819.390148,0.0
-50.0,50,7819.865693,0.0
-50.0,50,7820.346033,0.0
-50.0,50,7820.843408,0.0
-50.0,50,7821.32367,0.0
-50.0,50,7821.801402,0.0
-50.0,50,7822.280049,0.0
-50.0,50,7822.774992,0.0
-50.0,50,7823.253355,0.0
-50.0,50,7823.742436,0.0
-50.0,50,7824.23055,0.0
-50.0,50,7824.730937,0.0
-50.0,50,7825.212339,0.0
-50.0,50,7825.691013,0.0
-50.0,50,7826.172627,0.0
-50.0,50,7826.668406,0.0
-50.0,50,7827.154296,0.0
-50.0,50,7827.63306,0.0
-50.0,50,7828.130367,0.0
-50.0,50,7828.663143,0.0
-50.0,50,7829.145328,0.0
-50.0,50,7829.62499,0.0
-50.0,50,7830.103866,0.0
-50.0,50,7830.596256,0.0
-50.0,50,7831.084264,0.0
-50.0,50,7831.570882,0.0
-50.0,50,7832.054581,0.0
-50.0,50,7832.549701,0.0
-50.0,50,7833.029553,0.0
-50.0,50,7833.507107,0.0
-50.0,50,7833.988633,0.0
-50.0,50,7834.490859,0.0
-50.0,50,7834.978848,0.0
-50.0,50,7835.458962,0.0
-50.0,50,7835.942567,0.0
0.0,50,7836.450042,1.0
-50.0,50,7836.933342,0.0
-50.0,50,7837.426188,0.0
-50.0,50,7837.910008,0.0
-50.0,50,7838.416906,0.0
-50.0,50,7838.904017,0.0
-50.0,50,7839.384434,0.0
-50.0,50,7839.863753,0.0
-50.0,50,7840.366137,0.0
-50.0,50,7840.852061,0.0
0.0,50,7841.350286,1.0
-50.0,50,7841.839026,0.0
-50.0,50,7842.348777,0.0
-50.0,50,7842.829755,0.0
0.0,50,7843.308225,1.0
-50.0,50,7843.802691,0.0
-50.0,50,7844.303962,0.0
-50.0,50,7844.785949,0.0
-50.0,50,7845.267939,0.0
-50.0,50,7845.749997,0.0
-50.0,50,7846.24427,0.0
-50.0,50,7846.729954,0.0
-50.0,50,7847.212061,0.0
-50.0,50,7847.69373,0.0
-50.0,50,7848.191222,0.0
-50.0,50,7848.672869,0.0
-50.0,50,7849.157093,0.0
0.0,50,7849.645479,1.0
-50.0,50,7850.160992,0.0
-50.0,50,7850.643208,0.0
-50.0,50,7851.137383,0.0
-50.0,50,7851.620416,0.0
-50.0,50,7852.11913,0.0
-50.0,50,7852.601071,0.0
0.0,50,7853.085689,1.0
-50.0,50,7853.575431,0.0
-50.0,50,7854.08503,0.0
-50.0,50,7854.56484,0.0
-50.0,50,7855.047883,0.0
-50.0,50,7855.526627,0.0
-50.0,50,7856.04111,0.0
-50.0,50,7856.523935,0.0
-50.0,50,7857.002149,0.0
-50.0,50,7857.479924,0.0
-50.0,50,7857.976782,0.0
-50.0,50,7858.462762,0.0
-50.0,50,7858.95895,0.0
-50.0,50,7859.438157,0.0
-50.0,50,7859.947571,0.0
-50.0,50,7860.437835,0.0
-50.0,50,7860.919575,0.0
-50.0,50,7861.404354,0.0
-50.0,50,7861.916637,0.0
-50.0,50,7862.397348,0.0
-50.0,50,7862.879718,0.0
-50.0,50,7863.361371,0.0
0.0,50,7863.872803,1.0
-50.0,50,7864.354593,0.0
-50.0,50,7864.834476,0.0
-50.0,50,7865.314875,0.0
-50.0,50,7865.811774,0.0
-50.0,50,7866.305495,0.0
-50.0,50,7866.786376,0.0
-50.0,50,7867.267305,0.0
0.0,50,7867.780431,1.0
-50.0,50,7868.261907,0.0
-50.0,50,7868.740797,0.0
-50.0,50,7869.220821,0.0
-50.0,50,7869.720003,0.0
-50.0,50,7870.200811,0.0
-50.0,50,7870.683587,0.0
-50.0,50,7871.17326,0.0
-50.0,50,7871.669641,0.0
-50.0,50,7872.152124,0.0
-50.0,50,7872.636407,0.0
-50.0,50,7873.12035,0.0
-50.0,50,7873.623217,0.0
-50.0,50,7874.117717,0.0
-50.0,50,7874.602274,0.0
-50.0,50,7875.088103,0.0
-50.0,50,7875.58656,0.0
-50.0,50,7876.06881,0.0
-50.0,50,7876.549885,0.0
-50.0,50,7877.035209,0.0
-50.0,50,7877.5379,0.0
0.0,50,7878.028647,1.0
-50.0,50,7878.516899,0.0
0.0,50,7879.004231,1.0
-50.0,50,7879.499089,0.0
-50.0,50,7879.982099,0.0
-50.0,50,7880.466759,0.0
-50.0,50,7880.952939,0.0
-50.0,50,7881.451208,0.0
-50.0,50,7881.934135,0.0
-50.0,50,7882.414759,0.0
-50.0,50,7882.891262,0.0
-50.0,50,7883.390498,0.0
-50.0,50,7883.870449,0.0
-50.0,50,7884.350576,0.0
-50.0,50,7884.838896,0.0
-50.0,50,7885.335951,0.0
0.0,50,7885.843225,1.0
-50.0,50,7886.325143,0.0
-50.0,50,7886.812891,0.0
-50.0,50,7887.318853,0.0
0.0,50,7887.825933,1.0
-50.0,50,7888.310481,0.0
-50.0,50,7888.789302,0.0
-50.0,50,7889.28596,0.0
-50.0,50,7889.767412,0.0
-50.0,50,7890.25275,0.0
-50.0,50,7890.735404,0.0
0.0,50,7891.24165,1.0
-50.0,50,7891.732027,0.0
-50.0,50,7892.211808,0.0
-50.0,50,7892.691021,0.0
-50.0,50,7893.189677,0.0
-50.0,50,7893.671408,0.0
0.0,50,7894.189051,1.0
-50.0,50,7894.667395,0.0
-50.0,50,7895.165424,0.0
-50.0,50,7895.646143,0.0
-50.0,50,7896.13713,0.0
-50.0,50,7896.618789,0.0
-50.0,50,7897.116404,0.0
-50.0,50,7897.602557,0.0
-50.0,50,7898.094979,0.0
-50.0,50,7898.574906,0.0
-50.0,50,7899.077344,0.0
-50.0,50,7899.5619,0.0
-50.0,50,7900.047947,0.0
-50.0,50,7900.526927,0.0
-50.0,50,7901.030562,0.0
-50.0,50,7901.512171,0.0
-50.0,50,7901.994067,0.0
-50.0,50,7902.474568,0.0
-50.0,50,7902.97384,0.0
-50.0,50,7903.45576,0.0
-50.0,50,7903.937785,0.0
-50.0,50,7904.422868,0.0
-50.0,50,7904.927486,0.0
-50.0,50,7905.411905,0.0
-50.0,50,7905.897546,0.0
-50.0,50,7906.381511,0.0
-50.0,50,7906.882302,0.0
-50.0,50,7907.365923,0.0
-50.0,50,7907.849397,0.0
-50.0,50,7908.33206,0.0
-50.0,50,7908.826068,0.0
-50.0,50,7909.308482,0.0
-50.0,50,7909.802681,0.0
-50.0,50,7910.283628,0.0
-50.0,50,7910.777249,0.0
-50.0,50,7911.258996,0.0
-50.0,50,7911.744657,0.0
-50.0,50,7912.224111,0.0
-50.0,50,7914.875055,0.0
-50.0,50,7915.354587,0.0
-50.0,50,7915.832489,0.0
-50.0,50,7916.309945,0.0
-50.0,50,7916.807136,0.0
-50.0,50,7917.297595,0.0
0.0,50,7917.782696,1.0
-50.0,50,7918.258633,0.0
-50.0,50,7918.760668,0.0
-50.0,50,7919.254104,0.0
-50.0,50,7919.735999,0.0
-50.0,50,7920.217574,0.0
-50.0,50,7920.724004,0.0
-50.0,50,7921.205845,0.0
-50.0,50,7921.681633,0.0
-50.0,50,7922.167451,0.0
-50.0,50,7922.664599,0.0
-50.0,50,7923.143572,0.0
-50.0,50,7923.625548,0.0
-50.0,50,7924.114784,0.0
-50.0,50,7924.622782,0.0
-50.0,50,7925.106464,0.0
-50.0,50,7925.59287,0.0
-50.0,50,7926.086989,0.0
-50.0,50,7926.579908,0.0
-50.0,50,7927.057023,0.0
0.0,50,7927.549612,1.0
-50.0,50,7928.026397,0.0
0.0,50,7928.517672,1.0
-50.0,50,7928.993387,0.0
-50.0,50,7929.473468,0.0
-50.0,50,7929.961287,0.0
-50.0,50,7930.468458,0.0
0.0,50,7931.002023,1.0
-50.0,50,7931.513217,0.0
-50.0,50,7932.017945,0.0
-50.0,50,7932.533839,0.0
-50.0,50,7933.034835,0.0
0.0,50,7933.558336,1.0
-50.0,50,7934.056851,0.0
-50.0,50,7934.574849,0.0
-50.0,50,7935.068686,0.0
0.0,50,7935.572041,1.0
-50.0,50,7936.083338,0.0
-50.0,50,7936.598073,0.0
-50.0,50,7937.086522,0.0
-50.0,50,7937.568356,0.0
-50.0,50,7938.061885,0.0
-50.0,50,7938.560136,0.0
-50.0,50,7939.051013,0.0
-50.0,50,7939.533003,0.0
0.0,50,7940.01564,1.0
-50.0,50,7940.519134,0.0
-50.0,50,7941.001298,0.0
-50.0,50,7941.498268,0.0
-50.0,50,7941.98139,0.0
-50.0,50,7942.48217,0.0
-50.0,50,7942.967046,0.0
-50.0,50,7943.451176,0.0
-50.0,50,7943.944172,0.0
-50.0,50,7944.433435,0.0
0.0,50,7944.919838,1.0
0.0,50,7945.421754,1.0
-50.0,50,7945.90154,0.0
-50.0,50,7946.415832,0.0
-50.0,50,7946.901711,0.0
-50.0,50,7947.386535,0.0
-50.0,50,7947.875536,0.0
-50.0,50,7948.386216,0.0
-50.0,50,7948.887186,0.0
-50.0,50,7949.374646,0.0
-50.0,50,7949.857486,0.0
-50.0,50,7950.356492,0.0
-50.0,50,7950.841389,0.0
0.0,50,7951.341759,1.0
-50.0,50,7951.833161,0.0
-50.0,50,7952.348842,0.0
-50.0,50,7952.859211,0.0
-50.0,50,7953.348181,0.0
-50.0,50,7953.828948,0.0
-50.0,50,7954.334603,0.0
-50.0,50,7954.818101,0.0
-50.0,50,7955.297637,0.0
-50.0,50,7955.783033,0.0
-50.0,50,7956.292833,0.0
-50.0,50,7956.78573,0.0
-50.0,50,7957.280094,0.0
-50.0,50,7957.759979,0.0
0.0,50,7958.2609,1.0
-50.0,50,7958.742907,0.0
-50.0,50,7959.223598,0.0
0.0,50,7959.72519,1.0
-50.0,50,7960.221704,0.0
-50.0,50,7960.704499,0.0
-50.0,50,7961.188322,0.0
-50.0,50,7961.671137,0.0
-50.0,50,7962.169241,0.0
-50.0,50,7962.658921,0.0
-50.0,50,7963.143239,0.0
-50.0,50,7963.623676,0.0
-50.0,50,7964.134771,0.0
-50.0,50,7964.628956,0.0
-50.0,50,7965.137005,0.0
-50.0,50,7965.631588,0.0
0.0,50,7966.141467,1.0
-50.0,50,7966.624399,0.0
-50.0,50,7967.11107,0.0
-50.0,50,7967.608724,0.0
-50.0,50,7968.112727,0.0
-50.0,50,7968.60584,0.0
0.0,50,7969.121585,1.0
-50.0,50,7969.6293,0.0
-50.0,50,7970.127006,0.0
-50.0,50,7970.605456,0.0
-50.0,50,7971.089198,0.0
-50.0,50,7971.584176,0.0
-50.0,50,7972.0866,0.0
0.0,50,7972.582323,1.0
-50.0,50,7973.069737,0.0
0.0,50,7973.56839,1.0
-50.0,50,7974.085347,0.0
-50.0,50,7974.571768,0.0
-50.0,50,7975.065931,0.0
-50.0,50,7975.562622,0.0
-50.0,50,7976.083462,0.0
-50.0,50,7976.592614,0.0
-50.0,50,7977.089142,0.0
-50.0,50,7977.576124,0.0
-50.0,50,7978.08991,0.0
-50.0,50,7978.577522,0.0
-50.0,50,7979.070423,0.0
-50.0,50,7979.55458,0.0
-50.0,50,7980.071092,0.0
-50.0,50,7980.557288,0.0
-50.0,50,7981.044425,0.0
-50.0,50,7981.52646,0.0
-50.0,50,7982.040556,0.0
-50.0,50,7982.524393,0.0
-50.0,50,7983.016612,0.0
0.0,50,7983.516232,1.0
-50.0,50,7984.027195,0.0
-50.0,50,7984.511626,0.0
-50.0,50,7984.993602,0.0
-50.0,50,7985.475888,0.0
-50.0,50,7985.979334,0.0
-50.0,50,7986.47243,0.0
-50.0,50,7986.954575,0.0
-50.0,50,7987.436307,0.0
-50.0,50,7987.94039,0.0
-50.0,50,7988.426692,0.0
-50.0,50,7988.922247,0.0
-50.0,50,7989.410812,0.0
-50.0,50,7989.917133,0.0
-50.0,50,7990.400301,0.0
-50.0,50,7990.891099,0.0
-50.0,50,7991.380973,0.0
-50.0,50,7991.894164,0.0
-50.0,50,7992.37743,0.0
-50.0,50,7992.861665,0.0
0.0,50,7993.347457,1.0
-50.0,50,7993.850644,0.0
-50.0,50,7994.332682,0.0
-50.0,50,7994.824971,0.0
-50.0,50,7995.309099,0.0
-50.0,50,7995.806977,0.0
-50.0,50,7996.289028,0.0
-50.0,50,7996.776908,0.0
-50.0,50,7997.259511,0.0
0.0,50,7997.789668,1.0
-50.0,50,7998.281656,0.0
-50.0,50,7998.771179,0.0
-50.0,50,7999.256756,0.0
-50.0,50,7999.759243,0.0
-50.0,50,8000.24549,0.0
-50.0,50,8000.730733,0.0
-50.0,50,8001.214039,0.0
-50.0,50,8001.71869,0.0
-50.0,50,8002.19944,0.0
-50.0,50,8002.693193,0.0
-50.0,50,8003.180181,0.0
-50.0,50,8003.688143,0.0
-50.0,50,8004.16913,0.0
-50.0,50,8004.654527,0.0
-50.0,50,8005.134427,0.0
-50.0,50,8005.63758,0.0
-50.0,50,8006.121743,0.0
-50.0,50,8006.601905,0.0
-50.0,50,8007.082846,0.0
-50.0,50,8007.582608,0.0
-50.0,50,8008.077985,0.0
-50.0,50,8008.569687,0.0
-50.0,50,8009.0682,0.0
-50.0,50,8009.594109,0.0
-50.0,50,8010.096843,0.0
-50.0,50,8010.589267,0.0
-50.0,50,8011.084064,0.0
-50.0,50,8011.608198,0.0
-50.0,50,8012.10014,0.0
-50.0,50,8012.595446,0.0
-50.0,50,8013.098204,0.0
-50.0,50,8015.825064,0.0
-50.0,50,8016.320548,0.0
-50.0,50,8016.811378,0.0
-50.0,50,8017.293168,0.0
0.0,50,8017.82253,1.0
-50.0,50,8018.305021,0.0
0.0,50,8018.813214,1.0
0.0,50,8019.322148,1.0
-50.0,50,8019.824505,0.0
-50.0,50,8020.303267,0.0
-50.0,50,8020.785478,0.0
-50.0,50,8021.273692,0.0
-50.0,50,8021.771582,0.0
-50.0,50,8022.259529,0.0
-50.0,50,8022.737141,0.0
-50.0,50,8023.227242,0.0
-50.0,50,8023.736835,0.0
-50.0,50,8024.215301,0.0
0.0,50,8024.711054,1.0
-50.0,50,8025.188281,0.0
-50.0,50,8025.686372,0.0
-50.0,50,8026.170008,0.0
-50.0,50,8026.646718,0.0
-50.0,50,8027.143803,0.0
-50.0,50,8027.681075,0.0
-50.0,50,8028.163018,0.0
-50.0,50,8028.638493,0.0
-50.0,50,8029.134753,0.0
0.0,50,8029.648573,1.0
0.0,50,8030.137036,1.0
-50.0,50,8030.615593,0.0
-50.0,50,8031.099796,0.0
-50.0,50,8031.594372,0.0
-50.0,50,8032.083804,0.0
-50.0,50,8032.573665,0.0
-50.0,50,8033.050315,0.0
-50.0,50,8033.596577,0.0
-50.0,50,8034.082782,0.0
-50.0,50,8034.563039,0.0
-50.0,50,8035.039909,0.0
-50.0,50,8035.543568,0.0
0.0,50,8036.03619,1.0
-50.0,50,8036.513465,0.0
-50.0,50,8036.994102,0.0
-50.0,50,8037.495485,0.0
-50.0,50,8037.978361,0.0
-50.0,50,8038.462005,0.0
-50.0,50,8038.953794,0.0
-50.0,50,8039.456766,0.0
-50.0,50,8039.935932,0.0
-50.0,50,8040.419174,0.0
-50.0,50,8040.905354,0.0
-50.0,50,8041.408606,0.0
-50.0,50,8041.888306,0.0
-50.0,50,8042.369071,0.0
-50.0,50,8042.860454,0.0
-50.0,50,8043.369316,0.0
-50.0,50,8043.851128,0.0
-50.0,50,8044.330838,0.0
-50.0,50,8044.821976,0.0
-50.0,50,8045.314872,0.0
-50.0,50,8045.796099,0.0
-50.0,50,8046.303403,0.0
-50.0,50,8046.786197,0.0
-50.0,50,8047.280049,0.0
-50.0,50,8047.76144,0.0
-50.0,50,8048.241975,0.0
-50.0,50,8048.734242,0.0
-50.0,50,8049.231188,0.0
-50.0,50,8049.722335,0.0
-50.0,50,8050.203236,0.0
-50.0,50,8050.683497,0.0
-50.0,50,8051.179052,0.0
-50.0,50,8051.661206,0.0
-50.0,50,8052.141759,0.0
-50.0,50,8052.620116,0.0
-50.0,50,8053.118214,0.0
-50.0,50,8053.606502,0.0
-50.0,50,8054.086429,0.0
-50.0,50,8054.567729,0.0
-50.0,50,8055.065727,0.0
-50.0,50,8055.545636,0.0
-50.0,50,8056.025254,0.0
-50.0,50,8056.504825,0.0
-50.0,50,8057.007245,0.0
-50.0,50,8057.501842,0.0
-50.0,50,8057.989129,0.0
-50.0,50,8058.475638,0.0
-50.0,50,8058.975673,0.0
-50.0,50,8059.454174,0.0
-50.0,50,8059.944489,0.0
-50.0,50,8060.435837,0.0
-50.0,50,8060.939825,0.0
-50.0,50,8061.437209,0.0
-50.0,50,8061.913415,0.0
-50.0,50,8062.395586,0.0
-50.0,50,8062.886578,0.0
-50.0,50,8063.362525,0.0
-50.0,50,8063.837483,0.0
-50.0,50,8064.325671,0.0
-50.0,50,8064.813334,0.0
-50.0,50,8065.305438,0.0
0.0,50,8065.803303,1.0
-50.0,50,8066.278356,0.0
-50.0,50,8066.772219,0.0
-50.0,50,8067.261255,0.0
0.0,50,8067.75008,1.0
-50.0,50,8068.239564,0.0
-50.0,50,8068.744848,0.0
-50.0,50,8069.222931,0.0
-50.0,50,8069.700862,0.0
-50.0,50,8070.185232,0.0
-50.0,50,8070.683947,0.0
-50.0,50,8071.170852,0.0
-50.0,50,8071.661611,0.0
-50.0,50,8072.144376,0.0
-50.0,50,8072.638661,0.0
-50.0,50,8073.11507,0.0
-50.0,50,8073.604575,0.0
-50.0,50,8074.090037,0.0
-50.0,50,8074.635782,0.0
-50.0,50,8075.13075,0.0
-50.0,50,8075.625697,0.0
-50.0,50,8076.10807,0.0
-50.0,50,8076.6166,0.0
-50.0,50,8077.093719,0.0
-50.0,50,8077.570522,0.0
-50.0,50,8078.045696,0.0
-50.0,50,8078.55424,0.0
-50.0,50,8079.050228,0.0
-50.0,50,8079.542821,0.0
-50.0,50,8080.023908,0.0
-50.0,50,8080.513614,0.0
-50.0,50,8080.994943,0.0
-50.0,50,8081.472506,0.0
-50.0,50,8081.948659,0.0
-50.0,50,8082.438835,0.0
-50.0,50,8082.924834,0.0
-50.0,50,8083.403982,0.0
-50.0,50,8083.902159,0.0
0.0,50,8084.393928,1.0
-50.0,50,8084.870628,0.0
-50.0,50,8085.346669,0.0
-50.0,50,8085.838269,0.0
-50.0,50,8086.33187,0.0
-50.0,50,8086.819641,0.0
-50.0,50,8087.306443,0.0
-50.0,50,8087.781289,0.0
-50.0,50,8088.297477,0.0
-50.0,50,8088.773168,0.0
-50.0,50,8089.249406,0.0
-50.0,50,8089.729985,0.0
-50.0,50,8090.243946,0.0
-50.0,50,8090.721719,0.0
-50.0,50,8091.198852,0.0
-50.0,50,8091.672502,0.0
-50.0,50,8092.169014,0.0
-50.0,50,8092.661042,0.0
-50.0,50,8093.158167,0.0
-50.0,50,8093.658499,0.0
-50.0,50,8094.152012,0.0
0.0,50,8094.644655,1.0
-50.0,50,8095.139041,0.0
-50.0,50,8095.628876,0.0
-50.0,50,8096.123263,0.0
-50.0,50,8096.607594,0.0
-50.0,50,8097.082401,0.0
-50.0,50,8097.569481,0.0
-50.0,50,8098.074847,0.0
-50.0,50,8098.566469,0.0
-50.0,50,8099.058241,0.0
-50.0,50,8099.549538,0.0
0.0,50,8100.070959,1.0
-50.0,50,8100.5527,0.0
-50.0,50,8101.035265,0.0
-50.0,50,8101.515193,0.0
-50.0,50,8102.020307,0.0
-50.0,50,8102.522073,0.0
-50.0,50,8103.017572,0.0
-50.0,50,8103.515064,0.0
-50.0,50,8104.029197,0.0
0.0,50,8104.527283,1.0
0.0,50,8105.02465,1.0
-50.0,50,8105.516779,0.0
-50.0,50,8106.028089,0.0
-50.0,50,8106.526892,0.0
-50.0,50,8107.020335,0.0
-50.0,50,8107.504913,0.0
-50.0,50,8108.057963,0.0
-50.0,50,8108.556548,0.0
0.0,50,8109.079433,1.0
-50.0,50,8109.56975,0.0
-50.0,50,8110.097701,0.0
-50.0,50,8110.582975,0.0
-50.0,50,8111.085803,0.0
-50.0,50,8111.570054,0.0
-50.0,50,8112.084049,0.0
-50.0,50,8112.574974,0.0
-50.0,50,8113.054917,0.0
-50.0,50,8113.552384,0.0
-50.0,50,8116.443046,0.0
-50.0,50,8116.923686,0.0
-50.0,50,8117.411582,0.0
-50.0,50,8117.89609,0.0
-50.0,50,8118.399001,0.0
-50.0,50,8118.876916,0.0
0.0,50,8119.373452,1.0
-50.0,50,8119.867831,0.0
-50.0,50,8120.376084,0.0
-50.0,50,8120.866877,0.0
-50.0,50,8121.363575,0.0
-50.0,50,8121.84376,0.0
-50.0,50,8122.344661,0.0
-50.0,50,8122.834484,0.0
-50.0,50,8123.309903,0.0
-50.0,50,8123.786371,0.0
-50.0,50,8124.316487,0.0
-50.0,50,8124.788657,0.0
-50.0,50,8125.263917,0.0
-50.0,50,8125.742164,0.0
-50.0,50,8126.245578,0.0
-50.0,50,8126.73179,0.0
-50.0,50,8127.219843,0.0
-50.0,50,8127.694602,0.0
-50.0,50,8128.199317,0.0
-50.0,50,8128.6766,0.0
-50.0,50,8129.151819,0.0
-50.0,50,8129.627844,0.0
-50.0,50,8130.135653,0.0
-50.0,50,8130.611437,0.0
-50.0,50,8131.086406,0.0
0.0,50,8131.573335,1.0
-50.0,50,8132.066492,0.0
-50.0,50,8132.544839,0.0
-50.0,50,8133.023603,0.0
-50.0,50,8133.501854,0.0
-50.0,50,8134.000587,0.0
-50.0,50,8134.487035,0.0
-50.0,50,8134.97181,0.0
-50.0,50,8135.447961,0.0
-50.0,50,8135.951591,0.0
-50.0,50,8136.436274,0.0
-50.0,50,8136.917666,0.0
-50.0,50,8137.401929,0.0
-50.0,50,8137.928885,0.0
-50.0,50,8138.425797,0.0
-50.0,50,8138.910887,0.0
-50.0,50,8139.387427,0.0
-50.0,50,8139.896934,0.0
-50.0,50,8140.371792,0.0
-50.0,50,8140.868747,0.0
-50.0,50,8141.34468,0.0
-50.0,50,8141.853852,0.0
-50.0,50,8142.341727,0.0
-50.0,50,8142.819758,0.0
-50.0,50,8143.296577,0.0
-50.0,50,8143.79776,0.0
-50.0,50,8144.296716,0.0
-50.0,50,8144.77129,0.0
-50.0,50,8145.247903,0.0
-50.0,50,8145.744426,0.0
-50.0,50,8146.221966,0.0
-50.0,50,8146.714948,0.0
-50.0,50,8147.206574,0.0
-50.0,50,8147.717419,0.0
-50.0,50,8148.199365,0.0
-50.0,50,8148.709051,0.0
-50.0,50,8149.20683,0.0
-50.0,50,8149.710439,0.0
-50.0,50,8150.19083,0.0
-50.0,50,8150.66929,0.0
-50.0,50,8151.148317,0.0
-50.0,50,8151.64365,0.0
0.0,50,8152.139435,1.0
-50.0,50,8152.626708,0.0
-50.0,50,8153.124812,0.0
0.0,50,8153.633064,1.0
-50.0,50,8154.173404,0.0
-50.0,50,8154.683028,0.0
-50.0,50,8155.17701,0.0
-50.0,50,8155.669269,0.0
-50.0,50,8156.163309,0.0
-50.0,50,8156.661111,0.0
-50.0,50,8157.141035,0.0
-50.0,50,8157.6535,0.0
-50.0,50,8158.147658,0.0
-50.0,50,8158.640912,0.0
-50.0,50,8159.11871,0.0
0.0,50,8159.611012,1.0
-50.0,50,8160.095751,0.0
-50.0,50,8160.578738,0.0
-50.0,50,8161.059442,0.0
-50.0,50,8161.558669,0.0
-50.0,50,8162.035484,0.0
-50.0,50,8162.511855,0.0
-50.0,50,8163.001608,0.0
-50.0,50,8163.506899,0.0
-50.0,50,8163.985322,0.0
-50.0,50,8164.461842,0.0
-50.0,50,8164.992938,0.0
-50.0,50,8165.503013,0.0
-50.0,50,8165.995557,0.0
-50.0,50,8166.496685,0.0
-50.0,50,8166.976949,0.0
-50.0,50,8167.47382,0.0
-50.0,50,8167.95136,0.0
-50.0,50,8168.425755,0.0
-50.0,50,8168.908569,0.0
-50.0,50,8169.413971,0.0
-50.0,50,8169.889565,0.0
-50.0,50,8170.375797,0.0
-50.0,50,8170.850287,0.0
-50.0,50,8171.354836,0.0
-50.0,50,8171.844526,0.0
-50.0,50,8172.331885,0.0
-50.0,50,8172.807458,0.0
-50.0,50,8173.301016,0.0
-50.0,50,8173.790529,0.0
-50.0,50,8174.270343,0.0
-50.0,50,8174.747368,0.0
-50.0,50,8175.240814,0.0
-50.0,50,8175.721102,0.0
-50.0,50,8176.206728,0.0
-50.0,50,8176.685935,0.0
-50.0,50,8177.188631,0.0
-50.0,50,8177.678733,0.0
-50.0,50,8178.15677,0.0
-50.0,50,8178.634764,0.0
-50.0,50,8179.13143,0.0
-50.0,50,8179.625137,0.0
-50.0,50,8180.139171,0.0
-50.0,50,8180.625645,0.0
-50.0,50,8181.123538,0.0
-50.0,50,8181.603648,0.0
-50.0,50,8182.08528,0.0
-50.0,50,8182.563664,0.0
-50.0,50,8183.060511,0.0
-50.0,50,8183.547846,0.0
-50.0,50,8184.026936,0.0
-50.0,50,8184.508854,0.0
0.0,50,8185.013473,1.0
-50.0,50,8185.494154,0.0
-50.0,50,8185.975434,0.0
-50.0,50,8186.462381,0.0
0.0,50,8186.970539,1.0
-50.0,50,8187.451972,0.0
-50.0,50,8187.940541,0.0
-50.0,50,8188.425227,0.0
-50.0,50,8188.929212,0.0
-50.0,50,8189.425446,0.0
-50.0,50,8189.914484,0.0
-50.0,50,8190.394938,0.0
-50.0,50,8190.908379,0.0
-50.0,50,8191.390629,0.0
-50.0,50,8191.870985,0.0
-50.0,50,8192.358294,0.0
-50.0,50,8192.871931,0.0
-50.0,50,8193.35188,0.0
-50.0,50,8193.850707,0.0
-50.0,50,8194.346552,0.0
-50.0,50,8194.841356,0.0
-50.0,50,8195.316689,0.0
-50.0,50,8195.804425,0.0
-50.0,50,8196.297427,0.0
-50.0,50,8196.799417,0.0
-50.0,50,8197.2977,0.0
-50.0,50,8197.782383,0.0
-50.0,50,8198.267735,0.0
-50.0,50,8198.777062,0.0
-50.0,50,8199.267153,0.0
-50.0,50,8199.757635,0.0
-50.0,50,8200.237646,0.0
-50.0,50,8200.745732,0.0
-50.0,50,8201.235699,0.0
-50.0,50,8201.726822,0.0
-50.0,50,8202.207227,0.0
-50.0,50,8202.724711,0.0
-50.0,50,8203.206752,0.0
-50.0,50,8203.689177,0.0
-50.0,50,8204.168471,0.0
0.0,50,8204.678736,1.0
-50.0,50,8205.159194,0.0
-50.0,50,8205.647442,0.0
-50.0,50,8206.124133,0.0
0.0,50,8206.624566,1.0
-50.0,50,8207.113368,0.0
-50.0,50,8207.595471,0.0
-50.0,50,8208.087515,0.0
-50.0,50,8208.582436,0.0
-50.0,50,8209.061686,0.0
-50.0,50,8209.548517,0.0
-50.0,50,8210.035364,0.0
0.0,50,8210.533484,1.0
-50.0,50,8211.022601,0.0
-50.0,50,8211.502915,0.0
-50.0,50,8211.993769,0.0
-50.0,50,8212.498495,0.0
-50.0,50,8212.987413,0.0
-50.0,50,8213.465807,0.0
-50.0,50,8213.953452,0.0
-50.0,50,8216.737787,0.0
-50.0,50,8217.216573,0.0
-50.0,50,8217.696004,0.0
-50.0,50,8218.178255,0.0
-50.0,50,8218.68031,0.0
-50.0,50,8219.168288,0.0
-50.0,50,8219.647554,0.0
-50.0,50,8220.137176,0.0
-50.0,50,8220.63381,0.0
-50.0,50,8221.112755,0.0
-50.0,50,8221.595988,0.0
-50.0,50,8222.084261,0.0
-50.0,50,8222.577022,0.0
-50.0,50,8223.066812,0.0
-50.0,50,8223.559035,0.0
-50.0,50,8224.048577,0.0
-50.0,50,8224.540903,0.0
-50.0,50,8225.021103,0.0
-50.0,50,8225.508849,0.0
-50.0,50,8226.000058,0.0
-50.0,50,8226.522012,0.0
-50.0,50,8227.003425,0.0
-50.0,50,8227.515811,0.0
-50.0,50,8228.003079,0.0
-50.0,50,8228.501013,0.0
-50.0,50,8228.983608,0.0
-50.0,50,8229.473645,0.0
-50.0,50,8229.953301,0.0
-50.0,50,8230.462181,0.0
-50.0,50,8230.945803,0.0
-50.0,50,8231.435164,0.0
-50.0,50,8231.925519,0.0
-50.0,50,8232.432402,0.0
-50.0,50,8232.921248,0.0
-50.0,50,8233.39994,0.0
-50.0,50,8233.894608,0.0
-50.0,50,8234.390681,0.0
-50.0,50,8234.87257,0.0
-50.0,50,8235.351997,0.0
-50.0,50,8235.831821,0.0
-50.0,50,8236.328415,0.0
-50.0,50,8236.819252,0.0
-50.0,50,8237.305671,0.0
-50.0,50,8237.794185,0.0
-50.0,50,8238.314486,0.0
-50.0,50,8238.804021,0.0
-50.0,50,8239.286836,0.0
-50.0,50,8239.767374,0.0
-50.0,50,8240.278167,0.0
-50.0,50,8240.758348,0.0
-50.0,50,8241.241315,0.0
-50.0,50,8241.729439,0.0
-50.0,50,8242.222994,0.0
-50.0,50,8242.710502,0.0
-50.0,50,8243.200348,0.0
0.0,50,8243.680474,1.0
-50.0,50,8244.17901,0.0
-50.0,50,8244.655382,0.0
-50.0,50,8245.133464,0.0
0.0,50,8245.621789,1.0
-50.0,50,8246.115693,0.0
-50.0,50,8246.599182,0.0
-50.0,50,8247.085584,0.0
-50.0,50,8247.572512,0.0
-50.0,50,8248.079485,0.0
0.0,50,8248.579798,1.0
-50.0,50,8249.064461,0.0
-50.0,50,8249.556561,0.0
-50.0,50,8250.04713,0.0
-50.0,50,8250.526715,0.0
0.0,50,8251.018775,1.0
-50.0,50,8251.497229,0.0
-50.0,50,8251.987777,0.0
-50.0,50,8252.475712,0.0
-50.0,50,8252.949875,0.0
-50.0,50,8253.426251,0.0
-50.0,50,8253.92712,0.0
-50.0,50,8254.405399,0.0
-50.0,50,8254.882501,0.0
-50.0,50,8255.359419,0.0
-50.0,50,8255.853217,0.0
-50.0,50,8256.339264,0.0
-50.0,50,8256.823493,0.0
-50.0,50,8257.303424,0.0
-50.0,50,8257.800526,0.0
-50.0,50,8258.291523,0.0
-50.0,50,8258.77694,0.0
-50.0,50,8259.265948,0.0
-50.0,50,8259.780273,0.0
-50.0,50,8260.254822,0.0
-50.0,50,8260.731764,0.0
-50.0,50,8261.207347,0.0
-50.0,50,8261.703737,0.0
-50.0,50,8262.180825,0.0
-50.0,50,8262.661132,0.0
-50.0,50,8263.137453,0.0
-50.0,50,8263.624549,0.0
-50.0,50,8264.099319,0.0
-50.0,50,8264.576761,0.0
-50.0,50,8265.051427,0.0
-50.0,50,8265.543336,0.0
0.0,50,8266.026479,1.0
-50.0,50,8266.509432,0.0
-50.0,50,8266.98851,0.0
-50.0,50,8267.491477,0.0
-50.0,50,8267.990857,0.0
-50.0,50,8268.496984,0.0
-50.0,50,8268.99654,0.0
-50.0,50,8269.514912,0.0
-50.0,50,8270.012112,0.0
-50.0,50,8270.516383,0.0
-50.0,50,8271.032426,0.0
-50.0,50,8271.55395,0.0
-50.0,50,8272.068608,0.0
-50.0,50,8272.56335,0.0
-50.0,50,8273.073076,0.0
-50.0,50,8273.599635,0.0
-50.0,50,8274.083368,0.0
-50.0,50,8274.569863,0.0
-50.0,50,8275.065005,0.0
-50.0,50,8275.564346,0.0
-50.0,50,8276.047018,0.0
-50.0,50,8276.536417,0.0
-50.0,50,8277.027727,0.0
-50.0,50,8277.537187,0.0
-50.0,50,8278.019967,0.0
-50.0,50,8278.512282,0.0
-50.0,50,8279.008647,0.0
-50.0,50,8279.50953,0.0
-50.0,50,8280.002248,0.0
-50.0,50,8280.483929,0.0
-50.0,50,8280.964496,0.0
-50.0,50,8281.455372,0.0
-50.0,50,8281.955496,0.0
-50.0,50,8282.454359,0.0
-50.0,50,8282.940036,0.0
-50.0,50,8283.45204,0.0
-50.0,50,8283.949434,0.0
-50.0,50,8284.458323,0.0
-50.0,50,8284.933289,0.0
-50.0,50,8285.424583,0.0
-50.0,50,8285.903659,0.0
-50.0,50,8286.417365,0.0
-50.0,50,8286.910667,0.0
-50.0,50,8287.413424,0.0
-50.0,50,8287.911005,0.0
-50.0,50,8288.402729,0.0
-50.0,50,8288.893615,0.0
-50.0,50,8289.410051,0.0
-50.0,50,8289.899024,0.0
-50.0,50,8290.392432,0.0
-50.0,50,8290.889889,0.0
-50.0,50,8291.395007,0.0
-50.0,50,8291.91045,0.0
0.0,50,8292.405592,1.0
-50.0,50,8292.897828,0.0
-50.0,50,8293.40682,0.0
-50.0,50,8293.89493,0.0
-50.0,50,8294.396052,0.0
0.0,50,8294.908512,1.0
-50.0,50,8295.425167,0.0
-50.0,50,8295.924744,0.0
-50.0,50,8296.420591,0.0
-50.0,50,8296.910194,0.0
-50.0,50,8297.427466,0.0
-50.0,50,8297.914956,0.0
-50.0,50,8298.410907,0.0
-50.0,50,8298.893888,0.0
-50.0,50,8299.396517,0.0
-50.0,50,8299.898014,0.0
0.0,50,8300.387302,1.0
-50.0,50,8300.87497,0.0
-50.0,50,8301.393217,0.0
-50.0,50,8301.894032,0.0
-50.0,50,8302.402118,0.0
-50.0,50,8302.892869,0.0
-50.0,50,8303.404348,0.0
-50.0,50,8303.892669,0.0
-50.0,50,8304.391753,0.0
-50.0,50,8304.877377,0.0
-50.0,50,8305.381661,0.0
-50.0,50,8305.86283,0.0
-50.0,50,8306.346261,0.0
-50.0,50,8306.826106,0.0
-50.0,50,8307.324066,0.0
-50.0,50,8307.808022,0.0
-50.0,50,8308.289766,0.0
-50.0,50,8308.780811,0.0
-50.0,50,8309.294396,0.0
-50.0,50,8309.785393,0.0
0.0,50,8310.285624,1.0
-50.0,50,8310.78671,0.0
-50.0,50,8311.298433,0.0
-50.0,50,8311.800219,0.0
-50.0,50,8312.28633,0.0
-50.0,50,8312.788123,0.0
0.0,50,8313.300244,1.0
-50.0,50,8313.784271,0.0
-50.0,50,8314.283559,0.0
-50.0,50,8314.767604,0.0
-50.0,50,8317.538366,0.0
-50.0,50,8318.020461,0.0
-50.0,50,8318.511524,0.0
-50.0,50,8318.995189,0.0
-50.0,50,8319.517128,0.0
-50.0,50,8320.005433,0.0
-50.0,50,8320.493438,0.0
0.0,50,8320.972533,1.0
-50.0,50,8321.475731,0.0
-50.0,50,8321.96343,0.0
-50.0,50,8322.465936,0.0
-50.0,50,8322.949308,0.0
-50.0,50,8323.464964,0.0
-50.0,50,8323.960381,0.0
0.0,50,8324.46037,1.0
0.0,50,8324.944202,1.0
-50.0,50,8325.455735,0.0
-50.0,50,8325.936429,0.0
-50.0,50,8326.435676,0.0
-50.0,50,8326.923917,0.0
-50.0,50,8327.427279,0.0
-50.0,50,8327.922239,0.0
-50.0,50,8328.400156,0.0
-50.0,50,8328.878644,0.0
-50.0,50,8329.39114,0.0
-50.0,50,8329.879778,0.0
-50.0,50,8330.371663,0.0
-50.0,50,8330.863568,0.0
-50.0,50,8331.366176,0.0
-50.0,50,8331.855697,0.0
-50.0,50,8332.340313,0.0
-50.0,50,8332.832535,0.0
-50.0,50,8333.34894,0.0
-50.0,50,8333.856738,0.0
0.0,50,8334.344801,1.0
-50.0,50,8334.845908,0.0
-50.0,50,8335.353606,0.0
-50.0,50,8335.835063,0.0
-50.0,50,8336.334067,0.0
-50.0,50,8336.821573,0.0
0.0,50,8337.329529,1.0
-50.0,50,8337.810957,0.0
-50.0,50,8338.301634,0.0
-50.0,50,8338.780787,0.0
-50.0,50,8339.286876,0.0
-50.0,50,8339.782888,0.0
0.0,50,8340.272867,1.0
-50.0,50,8340.767964,0.0
0.0,50,8341.26124,1.0
-50.0,50,8341.743362,0.0
-50.0,50,8342.232173,0.0
-50.0,50,8342.723467,0.0
-50.0,50,8343.24274,0.0
-50.0,50,8343.730747,0.0
-50.0,50,8344.21866,0.0
-50.0,50,8344.698563,0.0
-50.0,50,8345.208247,0.0
-50.0,50,8345.7067,0.0
-50.0,50,8346.196938,0.0
-50.0,50,8346.716702,0.0
-50.0,50,8347.212781,0.0
-50.0,50,8347.692134,0.0
-50.0,50,8348.169938,0.0
-50.0,50,8348.660528,0.0
-50.0,50,8349.169096,0.0
-50.0,50,8349.652379,0.0
0.0,50,8350.144824,1.0
-50.0,50,8350.627699,0.0
-50.0,50,8351.13289,0.0
-50.0,50,8351.619555,0.0
-50.0,50,8352.11677,0.0
-50.0,50,8352.608739,0.0
-50.0,50,8353.107185,0.0
-50.0,50,8353.588233,0.0
-50.0,50,8354.080798,0.0
-50.0,50,8354.568794,0.0
0.0,50,8355.073848,1.0
-50.0,50,8355.562242,0.0
-50.0,50,8356.070054,0.0
-50.0,50,8356.561996,0.0
-50.0,50,8357.068846,0.0
-50.0,50,8357.577547,0.0
-50.0,50,8358.078954,0.0
-50.0,50,8358.584684,0.0
-50.0,50,8359.112838,0.0
-50.0,50,8359.619231,0.0
-50.0,50,8360.103059,0.0
-50.0,50,8360.582125,0.0
-50.0,50,8361.092998,0.0
-50.0,50,8361.59123,0.0
-50.0,50,8362.080103,0.0
-50.0,50,8362.562349,0.0
-50.0,50,8363.05951,0.0
-50.0,50,8363.543752,0.0
-50.0,50,8364.020808,0.0
-50.0,50,8364.511484,0.0
-50.0,50,8365.015476,0.0
-50.0,50,8365.494072,0.0
-50.0,50,8365.972605,0.0
-50.0,50,8366.454615,0.0
-50.0,50,8366.945465,0.0
-50.0,50,8367.425919,0.0
-50.0,50,8367.904964,0.0
-50.0,50,8368.389123,0.0
-50.0,50,8368.892691,0.0
-50.0,50,8369.382979,0.0
-50.0,50,8369.873193,0.0
-50.0,50,8370.368835,0.0
-50.0,50,8370.874259,0.0
-50.0,50,8371.355524,0.0
-50.0,50,8371.847511,0.0
-50.0,50,8372.334272,0.0
-50.0,50,8372.851782,0.0
-50.0,50,8373.350174,0.0
0.0,50,8373.839086,1.0
-50.0,50,8374.325853,0.0
-50.0,50,8374.82249,0.0
-50.0,50,8375.298968,0.0
-50.0,50,8375.788236,0.0
-50.0,50,8376.292941,0.0
-50.0,50,8376.802528,0.0
-50.0,50,8377.290385,0.0
-50.0,50,8377.76894,0.0
-50.0,50,8378.252504,0.0
-50.0,50,8378.759622,0.0
-50.0,50,8379.24779,0.0
-50.0,50,8379.734742,0.0
-50.0,50,8380.231363,0.0
-50.0,50,8380.72403,0.0
-50.0,50,8381.201011,0.0
-50.0,50,8381.677873,0.0
-50.0,50,8382.15946,0.0
-50.0,50,8382.65436,0.0
-50.0,50,8383.133725,0.0
-50.0,50,8383.616958,0.0
-50.0,50,8384.095044,0.0
-50.0,50,8384.59839,0.0
-50.0,50,8385.087422,0.0
0.0,50,8385.573343,1.0
-50.0,50,8386.060504,0.0
-50.0,50,8386.55387,0.0
-50.0,50,8387.031791,0.0
-50.0,50,8387.511856,0.0
-50.0,50,8388.002615,0.0
-50.0,50,8388.492591,0.0
-50.0,50,8388.976701,0.0
-50.0,50,8389.454795,0.0
-50.0,50,8389.92959,0.0
-50.0,50,8390.443879,0.0
-50.0,50,8390.920726,0.0
0.0,50,8391.4016,1.0
-50.0,50,8391.890823,0.0
-50.0,50,8392.382478,0.0
-50.0,50,8392.868466,0.0
-50.0,50,8393.35598,0.0
-50.0,50,8393.831766,0.0
-50.0,50,8394.324852,0.0
-50.0,50,8394.801055,0.0
-50.0,50,8395.274115,0.0
-50.0,50,8395.752059,0.0
-50.0,50,8396.238603,0.0
-50.0,50,8396.72689,0.0
-50.0,50,8397.204581,0.0
-50.0,50,8397.693564,0.0
-50.0,50,8398.185684,0.0
-50.0,50,8398.66416,0.0
-50.0,50,8399.151199,0.0
-50.0,50,8399.633365,0.0
0.0,50,8400.144242,1.0
0.0,50,8400.638411,1.0
-50.0,50,8401.121629,0.0
-50.0,50,8401.598625,0.0
-50.0,50,8402.107538,0.0
-50.0,50,8402.59355,0.0
-50.0,50,8403.084214,0.0
-50.0,50,8403.574318,0.0
-50.0,50,8404.072446,0.0
-50.0,50,8404.548033,0.0
-50.0,50,8405.040332,0.0
-50.0,50,8405.52135,0.0
-50.0,50,8406.010277,0.0
-50.0,50,8406.49133,0.0
0.0,50,8406.968226,1.0
-50.0,50,8407.457229,0.0
-50.0,50,8407.953378,0.0
-50.0,50,8408.452477,0.0
-50.0,50,8408.955153,0.0
-50.0,50,8409.447871,0.0
-50.0,50,8409.963498,0.0
-50.0,50,8410.441334,0.0
-50.0,50,8410.919479,0.0
-50.0,50,8411.408645,0.0
-50.0,50,8411.912226,0.0
-50.0,50,8412.390365,0.0
-50.0,50,8412.880272,0.0
-50.0,50,8413.370949,0.0
-50.0,50,8413.872952,0.0
-50.0,50,8414.361758,0.0
-50.0,50,8414.852416,0.0
-50.0,50,8415.329128,0.0
0.0,50,8418.08379,1.0
-50.0,50,8418.558704,0.0
-50.0,50,8419.036415,0.0
-50.0,50,8419.526435,0.0
-50.0,50,8420.03785,0.0
-50.0,50,8420.525301,0.0
-50.0,50,8421.008888,0.0
-50.0,50,8421.500702,0.0
-50.0,50,8421.997382,0.0
-50.0,50,8422.471644,0.0
-50.0,50,8422.958459,0.0
-50.0,50,8423.457265,0.0
-50.0,50,8423.969327,0.0
-50.0,50,8424.44726,0.0
-50.0,50,8424.936207,0.0
-50.0,50,8425.427721,0.0
-50.0,50,8425.934835,0.0
-50.0,50,8426.4308,0.0
-50.0,50,8426.918399,0.0
0.0,50,8427.414719,1.0
-50.0,50,8427.947504,0.0
-50.0,50,8428.421628,0.0
-50.0,50,8428.897633,0.0
-50.0,50,8429.373038,0.0
-50.0,50,8429.884389,0.0
-50.0,50,8430.359272,0.0
-50.0,50,8430.844563,0.0
-50.0,50,8431.331904,0.0
-50.0,50,8431.821992,0.0
-50.0,50,8432.294714,0.0
-50.0,50,8432.769392,0.0
-50.0,50,8433.255839,0.0
-50.0,50,8433.758222,0.0
-50.0,50,8434.236204,0.0
-50.0,50,8434.720389,0.0
-50.0,50,8435.205323,0.0
-50.0,50,8435.693087,0.0
-50.0,50,8436.189335,0.0
-50.0,50,8436.683056,0.0
-50.0,50,8437.168109,0.0
-50.0,50,8437.657305,0.0
-50.0,50,8438.150934,0.0
-50.0,50,8438.63272,0.0
-50.0,50,8439.114141,0.0
-50.0,50,8439.607492,0.0
-50.0,50,8440.092501,0.0
-50.0,50,8440.576316,0.0
-50.0,50,8441.05249,0.0
-50.0,50,8441.548166,0.0
-50.0,50,8442.031388,0.0
-50.0,50,8442.509613,0.0
-50.0,50,8442.996691,0.0
-50.0,50,8443.48876,0.0
0.0,50,8443.968976,1.0
-50.0,50,8444.452755,0.0
-50.0,50,8444.937047,0.0
-50.0,50,8445.428675,0.0
-50.0,50,8445.906577,0.0
-50.0,50,8446.384821,0.0
-50.0,50,8446.860238,0.0
-50.0,50,8447.359359,0.0
-50.0,50,8447.846311,0.0
-50.0,50,8448.337026,0.0
-50.0,50,8448.82253,0.0
-50.0,50,8449.325196,0.0
-50.0,50,8449.811749,0.0
-50.0,50,8450.288483,0.0
-50.0,50,8450.780068,0.0
-50.0,50,8451.273101,0.0
0.0,50,8451.791749,1.0
-50.0,50,8452.276549,0.0
-50.0,50,8452.75931,0.0
-50.0,50,8453.279026,0.0
-50.0,50,8453.760382,0.0
-50.0,50,8454.259076,0.0
-50.0,50,8454.738604,0.0
-50.0,50,8455.239612,0.0
-50.0,50,8455.721016,0.0
-50.0,50,8456.216583,0.0
-50.0,50,8456.696708,0.0
-50.0,50,8457.194262,0.0
-50.0,50,8457.683847,0.0
-50.0,50,8458.173168,0.0
-50.0,50,8458.649173,0.0
-50.0,50,8459.180657,0.0
-50.0,50,8459.668284,0.0
-50.0,50,8460.158472,0.0
-50.0,50,8460.653574,0.0
0.0,50,8461.166768,1.0
0.0,50,8461.66315,1.0
-50.0,50,8462.140574,0.0
-50.0,50,8462.648356,0.0
-50.0,50,8463.151611,0.0
-50.0,50,8463.637329,0.0
0.0,50,8464.117702,1.0
-50.0,50,8464.593539,0.0
-50.0,50,8465.097133,0.0
-50.0,50,8465.590817,0.0
0.0,50,8466.112333,1.0
-50.0,50,8466.597329,0.0
0.0,50,8467.111854,1.0
-50.0,50,8467.600051,0.0
-50.0,50,8468.079683,0.0
-50.0,50,8468.563399,0.0
-50.0,50,8469.059263,0.0
-50.0,50,8469.537168,0.0
-50.0,50,8470.018042,0.0
-50.0,50,8470.498596,0.0
-50.0,50,8470.998893,0.0
-50.0,50,8471.498303,0.0
-50.0,50,8471.981045,0.0
-50.0,50,8472.4614,0.0
-50.0,50,8472.976022,0.0
-50.0,50,8473.457938,0.0
-50.0,50,8473.936311,0.0
-50.0,50,8474.414223,0.0
-50.0,50,8474.916861,0.0
-50.0,50,8475.398923,0.0
-50.0,50,8475.879885,0.0
-50.0,50,8476.369868,0.0
-50.0,50,8476.855242,0.0
-50.0,50,8477.334493,0.0
-50.0,50,8477.814154,0.0
-50.0,50,8478.301063,0.0
-50.0,50,8478.796841,0.0
-50.0,50,8479.276757,0.0
-50.0,50,8479.75612,0.0
-50.0,50,8480.234519,0.0
-50.0,50,8480.746638,0.0
-50.0,50,8481.24235,0.0
-50.0,50,8481.721652,0.0
-50.0,50,8482.20474,0.0
-50.0,50,8482.696526,0.0
-50.0,50,8483.171015,0.0
-50.0,50,8483.644352,0.0
-50.0,50,8484.125127,0.0
-50.0,50,8484.632369,0.0
-50.0,50,8485.119429,0.0
-50.0,50,8485.607848,0.0
-50.0,50,8486.099727,0.0
-50.0,50,8486.590086,0.0
-50.0,50,8487.063756,0.0
-50.0,50,8487.54115,0.0
-50.0,50,8488.016079,0.0
-50.0,50,8488.518443,0.0
-50.0,50,8488.993568,0.0
-50.0,50,8489.479907,0.0
-50.0,50,8489.972112,0.0
-50.0,50,8490.46556,0.0
-50.0,50,8490.939531,0.0
-50.0,50,8491.424447,0.0
-50.0,50,8491.907293,0.0
-50.0,50,8492.417213,0.0
-50.0,50,8492.892079,0.0
-50.0,50,8493.380003,0.0
-50.0,50,8493.855684,0.0
0.0,50,8494.361412,1.0
-50.0,50,8494.85677,0.0
-50.0,50,8495.345057,0.0
-50.0,50,8495.826574,0.0
-50.0,50,8496.333464,0.0
-50.0,50,8496.830665,0.0
-50.0,50,8497.308026,0.0
-50.0,50,8497.796088,0.0
-50.0,50,8498.295009,0.0
-50.0,50,8498.779355,0.0
-50.0,50,8499.258088,0.0
-50.0,50,8499.741415,0.0
-50.0,50,8500.25972,0.0
-50.0,50,8500.778042,0.0
-50.0,50,8501.266503,0.0
-50.0,50,8501.745248,0.0
-50.0,50,8502.266246,0.0
-50.0,50,8502.740085,0.0
-50.0,50,8503.218552,0.0
-50.0,50,8503.708528,0.0
-50.0,50,8504.219508,0.0
-50.0,50,8504.695613,0.0
-50.0,50,8505.176159,0.0
-50.0,50,8505.651518,0.0
-50.0,50,8506.153461,0.0
-50.0,50,8506.627428,0.0
-50.0,50,8507.101205,0.0
-50.0,50,8507.589612,0.0
-50.0,50,8508.092162,0.0
-50.0,50,8508.57167,0.0
-50.0,50,8509.051321,0.0
-50.0,50,8509.528874,0.0
-50.0,50,8510.020396,0.0
-50.0,50,8510.497985,0.0
-50.0,50,8511.023385,0.0
-50.0,50,8511.501326,0.0
-50.0,50,8512.002751,0.0
-50.0,50,8512.483607,0.0
-50.0,50,8512.964495,0.0
-50.0,50,8513.444515,0.0
0.0,50,8513.952874,1.0
-50.0,50,8514.4337,0.0
-50.0,50,8514.913631,0.0
-50.0,50,8515.397851,0.0
-50.0,50,8518.200723,0.0
-50.0,50,8518.684983,0.0
-50.0,50,8519.163077,0.0
-50.0,50,8519.652077,0.0
0.0,50,8520.144386,1.0
-50.0,50,8520.62204,0.0
-50.0,50,8521.099027,0.0
-50.0,50,8521.584271,0.0
-50.0,50,8522.076605,0.0
-50.0,50,8522.557167,0.0
-50.0,50,8523.034609,0.0
-50.0,50,8523.530239,0.0
-50.0,50,8524.033401,0.0
-50.0,50,8524.509172,0.0
-50.0,50,8525.002561,0.0
0.0,50,8525.51392,1.0
0.0,50,8526.024215,1.0
-50.0,50,8526.515134,0.0
-50.0,50,8527.005171,0.0
-50.0,50,8527.483865,0.0
-50.0,50,8527.989358,0.0
-50.0,50,8528.479293,0.0
-50.0,50,8528.956278,0.0
-50.0,50,8529.458787,0.0
-50.0,50,8529.969059,0.0
-50.0,50,8530.463121,0.0
-50.0,50,8530.950547,0.0
-50.0,50,8531.434679,0.0
-50.0,50,8531.92734,0.0
-50.0,50,8532.422634,0.0
-50.0,50,8532.912358,0.0
0.0,50,8533.398057,1.0
-50.0,50,8533.910815,0.0
-50.0,50,8534.401346,0.0
-50.0,50,8534.891792,0.0
-50.0,50,8535.380208,0.0
-50.0,50,8535.87717,0.0
-50.0,50,8536.358364,0.0
-50.0,50,8536.855725,0.0
-50.0,50,8537.335645,0.0
-50.0,50,8537.846822,0.0
-50.0,50,8538.334382,0.0
-50.0,50,8538.811217,0.0
-50.0,50,8539.286558,0.0
-50.0,50,8539.787026,0.0
-50.0,50,8540.261454,0.0
-50.0,50,8540.737006,0.0
-50.0,50,8541.21565,0.0
-50.0,50,8541.710544,0.0
-50.0,50,8542.20992,0.0
-50.0,50,8542.685025,0.0
-50.0,50,8543.165648,0.0
-50.0,50,8543.655052,0.0
-50.0,50,8544.130982,0.0
-50.0,50,8544.615191,0.0
-50.0,50,8545.097462,0.0
-50.0,50,8545.592405,0.0
-50.0,50,8546.066452,0.0
-50.0,50,8546.560902,0.0
-50.0,50,8547.046341,0.0
-50.0,50,8547.545813,0.0
-50.0,50,8548.0205,0.0
-50.0,50,8548.505705,0.0
-50.0,50,8548.994145,0.0
-50.0,50,8549.48645,0.0
-50.0,50,8549.96159,0.0
-50.0,50,8550.434232,0.0
-50.0,50,8550.915507,0.0
-50.0,50,8551.403206,0.0
-50.0,50,8551.877121,0.0
-50.0,50,8552.351397,0.0
-50.0,50,8552.827205,0.0
-50.0,50,8553.318531,0.0
-50.0,50,8553.799309,0.0
-50.0,50,8554.277771,0.0
-50.0,50,8554.749916,0.0
-50.0,50,8555.240472,0.0
-50.0,50,8555.717407,0.0
-50.0,50,8556.214093,0.0
-50.0,50,8556.704213,0.0
-50.0,50,8557.194641,0.0
-50.0,50,8557.674208,0.0
-50.0,50,8558.159279,0.0
-50.0,50,8558.647767,0.0
-50.0,50,8559.146032,0.0
-50.0,50,8559.623594,0.0
-50.0,50,8560.105399,0.0
-50.0,50,8560.59191,0.0
-50.0,50,8561.096381,0.0
-50.0,50,8561.575523,0.0
-50.0,50,8562.055327,0.0
-50.0,50,8562.534865,0.0
-50.0,50,8563.036828,0.0
-50.0,50,8563.535562,0.0
-50.0,50,8564.015682,0.0
-50.0,50,8564.498007,0.0
0.0,50,8564.997679,1.0
-50.0,50,8565.476277,0.0
-50.0,50,8565.957539,0.0
-50.0,50,8566.434,0.0
-50.0,50,8566.935215,0.0
-50.0,50,8567.417384,0.0
-50.0,50,8567.89458,0.0
-50.0,50,8568.371032,0.0
-50.0,50,8568.865633,0.0
-50.0,50,8569.343425,0.0
-50.0,50,8569.827344,0.0
-50.0,50,8570.310596,0.0
-50.0,50,8570.811797,0.0
-50.0,50,8571.302354,0.0
-50.0,50,8571.790282,0.0
-50.0,50,8572.268831,0.0
0.0,50,8572.777444,1.0
-50.0,50,8573.2698,0.0
-50.0,50,8573.755096,0.0
-50.0,50,8574.235435,0.0
-50.0,50,8574.728724,0.0
-50.0,50,8575.227582,0.0
-50.0,50,8575.709248,0.0
-50.0,50,8576.199533,0.0
-50.0,50,8576.702691,0.0
-50.0,50,8577.186231,0.0
-50.0,50,8577.689531,0.0
-50.0,50,8578.1755,0.0
-50.0,50,8578.672064,0.0
-50.0,50,8579.158706,0.0
-50.0,50,8579.639283,0.0
-50.0,50,8580.129238,0.0
-50.0,50,8580.63807,0.0
-50.0,50,8581.117991,0.0
-50.0,50,8581.599588,0.0
-50.0,50,8582.080363,0.0
-50.0,50,8582.590148,0.0
-50.0,50,8583.078413,0.0
-50.0,50,8583.558094,0.0
-50.0,50,8584.043323,0.0
-50.0,50,8584.535581,0.0
-50.0,50,8585.024177,0.0
-50.0,50,8585.504904,0.0
-50.0,50,8585.987474,0.0
-50.0,50,8586.488885,0.0
0.0,50,8586.986181,1.0
-50.0,50,8587.465627,0.0
-50.0,50,8587.945729,0.0
-50.0,50,8588.444155,0.0
-50.0,50,8588.938144,0.0
-50.0,50,8589.420558,0.0
-50.0,50,8589.902252,0.0
-50.0,50,8590.404458,0.0
-50.0,50,8590.886266,0.0
-50.0,50,8591.367985,0.0
-50.0,50,8591.860107,0.0
-50.0,50,8592.355151,0.0
-50.0,50,8592.835782,0.0
-50.0,50,8593.315649,0.0
-50.0,50,8593.804973,0.0
-50.0,50,8594.308824,0.0
-50.0,50,8594.800066,0.0
-50.0,50,8595.280715,0.0
-50.0,50,8595.77089,0.0
-50.0,50,8596.280533,0.0
-50.0,50,8596.766544,0.0
-50.0,50,8597.255271,0.0
-50.0,50,8597.745236,0.0
-50.0,50,8598.245927,0.0
-50.0,50,8598.725588,0.0
-50.0,50,8599.203573,0.0
-50.0,50,8599.68828,0.0
-50.0,50,8600.187583,0.0
-50.0,50,8600.676741,0.0
-50.0,50,8601.166435,0.0
-50.0,50,8601.651384,0.0
-50.0,50,8602.15432,0.0
-50.0,50,8602.630257,0.0
-50.0,50,8603.126628,0.0
0.0,50,8603.614195,1.0
-50.0,50,8604.120209,0.0
-50.0,50,8604.607375,0.0
-50.0,50,8605.095302,0.0
-50.0,50,8605.586354,0.0
-50.0,50,8606.084602,0.0
-50.0,50,8606.560229,0.0
-50.0,50,8607.034883,0.0
-50.0,50,8607.51522,0.0
-50.0,50,8608.007888,0.0
-50.0,50,8608.480939,0.0
-50.0,50,8608.954696,0.0
-50.0,50,8609.439791,0.0
-50.0,50,8609.929209,0.0
-50.0,50,8610.405521,0.0
-50.0,50,8610.888845,0.0
-50.0,50,8611.367764,0.0
-50.0,50,8611.872702,0.0
-50.0,50,8612.350035,0.0
-50.0,50,8612.838952,0.0
-50.0,50,8613.31721,0.0
-50.0,50,8613.81664,0.0
-50.0,50,8614.320497,0.0
-50.0,50,8614.822694,0.0
0.0,50,8615.337958,1.0
-50.0,50,8618.11893,0.0
-50.0,50,8618.621309,0.0
-50.0,50,8619.116333,0.0
-50.0,50,8619.6242,0.0
-50.0,50,8620.124075,0.0
-50.0,50,8620.607488,0.0
-50.0,50,8621.091024,0.0
-50.0,50,8621.587239,0.0
-50.0,50,8622.084299,0.0
-50.0,50,8622.559352,0.0
-50.0,50,8623.035112,0.0
-50.0,50,8623.519207,0.0
-50.0,50,8624.019063,0.0
-50.0,50,8624.496104,0.0
-33.0,50,8624.973331,0.0
-50.0,50,8625.4612,0.0
-50.0,50,8625.966681,0.0
-50.0,50,8626.456692,0.0
-50.0,50,8626.949098,0.0
-50.0,50,8627.428951,0.0
-50.0,50,8627.929324,0.0
0.0,50,8628.423297,1.0
-50.0,50,8628.911313,0.0
-50.0,50,8629.394017,0.0
-50.0,50,8629.905261,0.0
-50.0,50,8630.396106,0.0
-50.0,50,8630.879144,0.0
-50.0,50,8631.37552,0.0
-50.0,50,8631.874706,0.0
-50.0,50,8632.367439,0.0
-50.0,50,8632.852715,0.0
-50.0,50,8633.347577,0.0
-50.0,50,8633.85173,0.0
-50.0,50,8634.339548,0.0
-50.0,50,8634.833989,0.0
-50.0,50,8635.328346,0.0
-50.0,50,8635.844143,0.0
-50.0,50,8636.345454,0.0
0.0,50,8636.831297,1.0
-50.0,50,8637.321301,0.0
-50.0,50,8637.842926,0.0
-50.0,50,8638.32914,0.0
-50.0,50,8638.823131,0.0
-50.0,50,8639.319587,0.0
-50.0,50,8639.835194,0.0
-50.0,50,8640.31681,0.0
-50.0,50,8640.796121,0.0
-50.0,50,8641.277615,0.0
-50.0,50,8641.787956,0.0
-50.0,50,8642.270096,0.0
-50.0,50,8642.75833,0.0
-50.0,50,8643.235944,0.0
-50.0,50,8643.73134,0.0
-50.0,50,8644.209375,0.0
-50.0,50,8644.684608,0.0
-50.0,50,8645.163526,0.0
0.0,50,8645.672983,1.0
-50.0,50,8646.160554,0.0
-50.0,50,8646.646149,0.0
-50.0,50,8647.139843,0.0
0.0,50,8647.646104,1.0
-50.0,50,8648.132009,0.0
-50.0,50,8648.608776,0.0
-50.0,50,8649.09155,0.0
-50.0,50,8649.585366,0.0
-50.0,50,8650.072345,0.0
0.0,50,8650.553528,1.0
-50.0,50,8651.045321,0.0
-50.0,50,8651.540824,0.0
-50.0,50,8652.025976,0.0
-50.0,50,8652.512391,0.0
-50.0,50,8653.004793,0.0
-50.0,50,8653.508939,0.0
-50.0,50,8654.003934,0.0
-50.0,50,8654.48818,0.0
-50.0,50,8654.97331,0.0
-50.0,50,8655.485025,0.0
-50.0,50,8655.984185,0.0
-50.0,50,8656.465046,0.0
-50.0,50,8656.942131,0.0
-50.0,50,8657.450037,0.0
-50.0,50,8657.933024,0.0
-50.0,50,8658.426468,0.0
-50.0,50,8658.916374,0.0
-50.0,50,8659.41903,0.0
-50.0,50,8659.903509,0.0
-50.0,50,8660.393386,0.0
-50.0,50,8660.885733,0.0
-50.0,50,8661.403568,0.0
-50.0,50,8661.897894,0.0
-50.0,50,8662.384016,0.0
-50.0,50,8662.871315,0.0
-50.0,50,8663.373717,0.0
-50.0,50,8663.864009,0.0
-50.0,50,8664.347922,0.0
-50.0,50,8664.832426,0.0
-50.0,50,8665.343599,0.0
-50.0,50,8665.835129,0.0
-50.0,50,8666.324317,0.0
-50.0,50,8666.81467,0.0
-50.0,50,8667.320388,0.0
-50.0,50,8667.803972,0.0
-50.0,50,8668.286657,0.0
0.0,50,8668.796705,1.0
-50.0,50,8669.300756,0.0
-50.0,50,8669.792176,0.0
-50.0,50,8670.278382,0.0
-50.0,50,8670.765603,0.0
-50.0,50,8671.305892,0.0
-50.0,50,8671.797117,0.0
-50.0,50,8672.281716,0.0
-50.0,50,8672.762163,0.0
-50.0,50,8673.280072,0.0
-50.0,50,8673.766037,0.0
-50.0,50,8674.252607,0.0
-50.0,50,8674.732067,0.0
-50.0,50,8675.259413,0.0
-50.0,50,8675.741956,0.0
-50.0,50,8676.238846,0.0
-50.0,50,8676.719769,0.0
-50.0,50,8677.228704,0.0
-50.0,50,8677.712439,0.0
0.0,50,8678.202419,1.0
0.0,50,8678.700741,1.0
-50.0,50,8679.202495,0.0
-50.0,50,8679.688851,0.0
-50.0,50,8680.172992,0.0
-50.0,50,8680.652885,0.0
-50.0,50,8681.153736,0.0
-50.0,50,8681.635665,0.0
-50.0,50,8682.133587,0.0
-50.0,50,8682.633336,0.0
-50.0,50,8683.151187,0.0
-50.0,50,8683.63829,0.0
-50.0,50,8684.124086,0.0
-50.0,50,8684.613502,0.0
-50.0,50,8685.12547,0.0
-50.0,50,8685.609633,0.0
-50.0,50,8686.100141,0.0
-50.0,50,8686.582504,0.0
-50.0,50,8687.116148,0.0
-50.0,50,8687.606034,0.0
-50.0,50,8688.088452,0.0
-50.0,50,8688.577893,0.0
0.0,50,8689.118798,1.0
-50.0,50,8689.606254,0.0
-50.0,50,8690.08799,0.0
-50.0,50,8690.590983,0.0
-50.0,50,8691.11943,0.0
-50.0,50,8691.626902,0.0
-50.0,50,8692.136842,0.0
-50.0,50,8692.633704,0.0
-50.0,50,8693.157339,0.0
-50.0,50,8693.663071,0.0
-50.0,50,8694.156785,0.0
-50.0,50,8694.659127,0.0
-50.0,50,8695.19655,0.0
-50.0,50,8695.707102,0.0
-50.0,50,8696.192302,0.0
-50.0,50,8696.668549,0.0
-50.0,50,8697.203738,0.0
-50.0,50,8697.680353,0.0
-50.0,50,8698.16435,0.0
-50.0,50,8698.639893,0.0
-50.0,50,8699.139045,0.0
-50.0,50,8699.620505,0.0
-50.0,50,8700.098838,0.0
-50.0,50,8700.573928,0.0
-50.0,50,8701.080247,0.0
-50.0,50,8701.553865,0.0
-50.0,50,8702.026712,0.0
-50.0,50,8702.504892,0.0
-50.0,50,8703.008823,0.0
-50.0,50,8703.488445,0.0
-50.0,50,8703.962951,0.0
-50.0,50,8704.438411,0.0
-50.0,50,8704.949927,0.0
-50.0,50,8705.424838,0.0
-50.0,50,8705.905905,0.0
-50.0,50,8706.386044,0.0
-50.0,50,8706.88795,0.0
-50.0,50,8707.367064,0.0
-50.0,50,8707.842053,0.0
-50.0,50,8708.318959,0.0
-50.0,50,8708.81892,0.0
-50.0,50,8709.296144,0.0
-50.0,50,8709.775465,0.0
-50.0,50,8710.252269,0.0
-50.0,50,8710.750111,0.0
-50.0,50,8711.226602,0.0
-50.0,50,8711.701811,0.0
-50.0,50,8712.178862,0.0
-50.0,50,8712.673391,0.0
-50.0,50,8713.1481,0.0
-50.0,50,8713.637145,0.0
-50.0,50,8714.111485,0.0
-50.0,50,8714.609932,0.0
-50.0,50,8715.104781,0.0
-50.0,50,8715.595339,0.0
0.0,50,8716.074109,1.0
-50.0,50,8718.930371,0.0
-50.0,50,8719.418386,0.0
0.0,50,8719.911713,1.0
-50.0,50,8720.392537,0.0
-50.0,50,8720.89368,0.0
-50.0,50,8721.379701,0.0
-50.0,50,8721.864036,0.0
-50.0,50,8722.35272,0.0
-50.0,50,8722.850487,0.0
-50.0,50,8723.338579,0.0
-50.0,50,8723.815961,0.0
-50.0,50,8724.29231,0.0
-50.0,50,8724.804093,0.0
-50.0,50,8725.279953,0.0
0.0,50,8725.777783,1.0
-50.0,50,8726.280324,0.0
0.0,50,8726.778493,1.0
-50.0,50,8727.256342,0.0
-50.0,50,8727.732904,0.0
-50.0,50,8728.220713,0.0
-50.0,50,8728.725122,0.0
-50.0,50,8729.20787,0.0
-50.0,50,8729.684038,0.0
-50.0,50,8730.165434,0.0
0.0,50,8730.667546,1.0
-50.0,50,8731.140674,0.0
0.0,50,8731.623293,1.0
-50.0,50,8732.095059,0.0
-50.0,50,8732.597076,0.0
-50.0,50,8733.069707,0.0
-50.0,50,8733.542834,0.0
-50.0,50,8734.034292,0.0
-50.0,50,8734.520953,0.0
-50.0,50,8735.004199,0.0
-50.0,50,8735.484926,0.0
-50.0,50,8735.962734,0.0
-50.0,50,8736.471952,0.0
-50.0,50,8736.956355,0.0
-50.0,50,8737.442214,0.0
-50.0,50,8737.915712,0.0
0.0,50,8738.419157,1.0
-50.0,50,8738.899895,0.0
-50.0,50,8739.371337,0.0
0.0,50,8739.852546,1.0
-50.0,50,8740.356919,0.0
-50.0,50,8740.84028,0.0
-50.0,50,8741.320991,0.0
-50.0,50,8741.794344,0.0
-50.0,50,8742.296646,0.0
-50.0,50,8742.769223,0.0
-50.0,50,8743.242378,0.0
-50.0,50,8743.716159,0.0
-50.0,50,8744.211123,0.0
-50.0,50,8744.691994,0.0
-50.0,50,8745.170396,0.0
-50.0,50,8745.644837,0.0
-50.0,50,8746.160996,0.0
-50.0,50,8746.664261,0.0
-50.0,50,8747.14032,0.0
-50.0,50,8747.619728,0.0
-50.0,50,8748.109859,0.0
-50.0,50,8748.597464,0.0
-50.0,50,8749.072697,0.0
-50.0,50,8749.559198,0.0
-50.0,50,8750.054399,0.0
-50.0,50,8750.530997,0.0
-50.0,50,8751.010129,0.0
-50.0,50,8751.485218,0.0
-50.0,50,8751.990427,0.0
-50.0,50,8752.467417,0.0
-50.0,50,8752.942698,0.0
-50.0,50,8753.424281,0.0
-50.0,50,8753.918506,0.0
-50.0,50,8754.393782,0.0
-50.0,50,8754.870373,0.0
-50.0,50,8755.349982,0.0
-50.0,50,8755.856612,0.0
-50.0,50,8756.335916,0.0
-50.0,50,8756.825672,0.0
-50.0,50,8757.304839,0.0
-50.0,50,8757.822311,0.0
-50.0,50,8758.299798,0.0
-50.0,50,8758.784417,0.0
-50.0,50,8759.276358,0.0
-50.0,50,8759.773243,0.0
-50.0,50,8760.262307,0.0
-50.0,50,8760.739952,0.0
-50.0,50,8761.222708,0.0
-50.0,50,8761.716864,0.0
-50.0,50,8762.216322,0.0
-50.0,50,8762.705757,0.0
-50.0,50,8763.181897,0.0
-50.0,50,8763.680307,0.0
-50.0,50,8764.159444,0.0
-50.0,50,8764.638432,0.0
-50.0,50,8765.121994,0.0
-50.0,50,8765.615812,0.0
-50.0,50,8766.106569,0.0
-50.0,50,8766.582851,0.0
-50.0,50,8767.064081,0.0
-50.0,50,8767.55388,0.0
-50.0,50,8768.034019,0.0
-50.0,50,8768.508783,0.0
-50.0,50,8768.997655,0.0
-50.0,50,8769.490273,0.0
-50.0,50,8769.967211,0.0
-50.0,50,8770.458855,0.0
-50.0,50,8770.943375,0.0
-50.0,50,8771.446646,0.0
-50.0,50,8771.922409,0.0
-50.0,50,8772.407868,0.0
-50.0,50,8772.888361,0.0
-50.0,50,8773.384448,0.0
-50.0,50,8773.860735,0.0
-50.0,50,8774.343242,0.0
-50.0,50,8774.819272,0.0
-50.0,50,8775.309796,0.0
-50.0,50,8775.796494,0.0
-50.0,50,8776.271891,0.0
-50.0,50,8776.748143,0.0
-50.0,50,8777.236208,0.0
-50.0,50,8777.719924,0.0
-50.0,50,8778.208032,0.0
-50.0,50,8778.685277,0.0
-50.0,50,8779.17903,0.0
-50.0,50,8779.655889,0.0
0.0,50,8780.133945,1.0
-50.0,50,8780.611323,0.0
-50.0,50,8781.101961,0.0
-50.0,50,8781.589446,0.0
-50.0,50,8782.067246,0.0
-50.0,50,8782.556312,0.0
-50.0,50,8783.046093,0.0
-50.0,50,8783.522676,0.0
-50.0,50,8783.99795,0.0
-50.0,50,8784.486968,0.0
-50.0,50,8784.975113,0.0
-50.0,50,8785.457159,0.0
-50.0,50,8785.933334,0.0
-50.0,50,8786.425044,0.0
-50.0,50,8786.917153,0.0
-50.0,50,8787.401655,0.0
-50.0,50,8787.878347,0.0
-50.0,50,8788.35285,0.0
-50.0,50,8788.848127,0.0
-50.0,50,8789.326268,0.0
-50.0,50,8789.806727,0.0
-50.0,50,8790.286174,0.0
-50.0,50,8790.782413,0.0
-50.0,50,8791.260453,0.0
-50.0,50,8791.741208,0.0
-50.0,50,8792.226896,0.0
-50.0,50,8792.719864,0.0
-50.0,50,8793.199059,0.0
-50.0,50,8793.692008,0.0
-50.0,50,8794.181381,0.0
-50.0,50,8794.682224,0.0
-50.0,50,8795.163836,0.0
-50.0,50,8795.648249,0.0
-50.0,50,8796.137945,0.0
-50.0,50,8796.634267,0.0
-50.0,50,8797.124258,0.0
-50.0,50,8797.605172,0.0
-50.0,50,8798.096111,0.0
-50.0,50,8798.594431,0.0
-50.0,50,8799.076133,0.0
-50.0,50,8799.562287,0.0
-50.0,50,8800.052884,0.0
-50.0,50,8800.550923,0.0
-50.0,50,8801.038705,0.0
-50.0,50,8801.523802,0.0
-50.0,50,8802.001688,0.0
-50.0,50,8802.498108,0.0
-50.0,50,8802.979358,0.0
-50.0,50,8803.455986,0.0
-50.0,50,8803.941647,0.0
-50.0,50,8804.432399,0.0
-50.0,50,8804.915183,0.0
-50.0,50,8805.396519,0.0
-50.0,50,8805.87519,0.0
-50.0,50,8806.373139,0.0
-50.0,50,8806.857492,0.0
-50.0,50,8807.335393,0.0
0.0,50,8807.822934,1.0
-50.0,50,8808.317835,0.0
-50.0,50,8808.831107,0.0
-50.0,50,8809.315523,0.0
-50.0,50,8809.801923,0.0
-50.0,50,8810.305183,0.0
-50.0,50,8810.786964,0.0
-50.0,50,8811.263897,0.0
-50.0,50,8811.743626,0.0
-50.0,50,8812.24402,0.0
-50.0,50,8812.726375,0.0
-50.0,50,8813.215047,0.0
-50.0,50,8813.706624,0.0
-50.0,50,8814.211231,0.0
-50.0,50,8814.70858,0.0
-50.0,50,8815.196456,0.0
0.0,50,8815.680034,1.0
-50.0,50,8818.459008,0.0
-50.0,50,8818.936645,0.0
-50.0,50,8819.414764,0.0
-50.0,50,8819.90116,0.0
-50.0,50,8820.40705,0.0
-50.0,50,8820.887936,0.0
-50.0,50,8821.366189,0.0
-50.0,50,8821.851435,0.0
0.0,50,8822.354472,1.0
-50.0,50,8822.831897,0.0
-50.0,50,8823.311414,0.0
-50.0,50,8823.792679,0.0
0.0,50,8824.303256,1.0
-50.0,50,8824.781792,0.0
-50.0,50,8825.262824,0.0
-50.0,50,8825.740857,0.0
-50.0,50,8826.255229,0.0
-50.0,50,8826.737778,0.0
-50.0,50,8827.23704,0.0
-50.0,50,8827.729607,0.0
-50.0,50,8828.22848,0.0
-50.0,50,8828.713687,0.0
-50.0,50,8829.205236,0.0
-50.0,50,8829.696268,0.0
-50.0,50,8830.193386,0.0
-50.0,50,8830.674691,0.0
-50.0,50,8831.157856,0.0
-50.0,50,8831.641412,0.0
-50.0,50,8832.156217,0.0
-50.0,50,8832.635468,0.0
-50.0,50,8833.119881,0.0
-50.0,50,8833.600947,0.0
-50.0,50,8834.101928,0.0
-50.0,50,8834.596302,0.0
-50.0,50,8835.088923,0.0
-50.0,50,8835.578862,0.0
0.0,50,8836.172623,1.0
-50.0,50,8836.664041,0.0
-50.0,50,8837.148067,0.0
-50.0,50,8837.640498,0.0
-50.0,50,8838.173819,0.0
-50.0,50,8838.672948,0.0
-50.0,50,8839.163983,0.0
-50.0,50,8839.662719,0.0
-50.0,50,8840.184663,0.0
-50.0,50,8840.673905,0.0
-50.0,50,8841.164147,0.0
0.0,50,8841.647791,1.0
-50.0,50,8842.168329,0.0
-50.0,50,8842.649993,0.0
-50.0,50,8843.140999,0.0
-50.0,50,8843.618854,0.0
-50.0,50,8844.159094,0.0
0.0,50,8844.637609,1.0
-50.0,50,8845.122115,0.0
-50.0,50,8845.599783,0.0
-50.0,50,8846.128538,0.0
-50.0,50,8846.663886,0.0
-50.0,50,8847.141289,0.0
-50.0,50,8847.626259,0.0
-50.0,50,8848.144703,0.0
-50.0,50,8848.619777,0.0
-50.0,50,8849.099137,0.0
-50.0,50,8849.578194,0.0
-50.0,50,8850.086121,0.0
-50.0,50,8850.577274,0.0
-50.0,50,8851.053594,0.0
0.0,50,8851.544876,1.0
-50.0,50,8852.062553,0.0
-50.0,50,8852.541764,0.0
-50.0,50,8853.018105,0.0
-50.0,50,8853.494578,0.0
-50.0,50,8854.02374,0.0
-50.0,50,8854.499605,0.0
-50.0,50,8854.977326,0.0
-50.0,50,8855.464508,0.0
-50.0,50,8855.997242,0.0
-50.0,50,8856.503718,0.0
-50.0,50,8856.980308,0.0
-50.0,50,8857.471583,0.0
-50.0,50,8857.988049,0.0
0.0,50,8858.502043,1.0
-50.0,50,8858.990174,0.0
-50.0,50,8859.469177,0.0
-50.0,50,8859.99647,0.0
-50.0,50,8860.485746,0.0
-50.0,50,8860.967349,0.0
-50.0,50,8861.4739,0.0
-50.0,50,8861.995916,0.0
-50.0,50,8862.475218,0.0
-50.0,50,8862.955626,0.0
-50.0,50,8863.442778,0.0
-50.0,50,8863.96781,0.0
-50.0,50,8864.454471,0.0
-50.0,50,8864.939855,0.0
-50.0,50,8865.428834,0.0
-50.0,50,8865.951834,0.0
-50.0,50,8866.433364,0.0
-50.0,50,8866.925214,0.0
-50.0,50,8867.411035,0.0
-50.0,50,8867.935187,0.0
-50.0,50,8868.412438,0.0
-50.0,50,8868.895287,0.0
-50.0,50,8869.383553,0.0
0.0,50,8869.899366,1.0
-50.0,50,8870.378662,0.0
-50.0,50,8870.858654,0.0
-50.0,50,8871.344357,0.0
0.0,50,8871.880421,1.0
-50.0,50,8872.369689,0.0
-50.0,50,8872.858224,0.0
0.0,50,8873.355581,1.0
-50.0,50,8873.877006,0.0
-50.0,50,8874.366807,0.0
-50.0,50,8874.847879,0.0
-50.0,50,8875.329235,0.0
0.0,50,8875.871406,1.0
-50.0,50,8876.362,0.0
-50.0,50,8876.848324,0.0
-50.0,50,8877.349032,0.0
-50.0,50,8877.878394,0.0
-50.0,50,8878.362742,0.0
-50.0,50,8878.842689,0.0
-50.0,50,8879.333873,0.0
-50.0,50,8879.85421,0.0
-50.0,50,8880.340846,0.0
0.0,50,8880.827264,1.0
-50.0,50,8881.31542,0.0
-50.0,50,8881.847561,0.0
-50.0,50,8882.330485,0.0
-50.0,50,8882.813743,0.0
-50.0,50,8883.300584,0.0
-50.0,50,8883.827941,0.0
-50.0,50,8884.317069,0.0
-50.0,50,8884.805074,0.0
-50.0,50,8885.29344,0.0
-50.0,50,8885.808833,0.0
-50.0,50,8886.305231,0.0
-50.0,50,8886.792941,0.0
-50.0,50,8887.281001,0.0
-50.0,50,8887.799729,0.0
-50.0,50,8888.278899,0.0
-50.0,50,8888.777015,0.0
-50.0,50,8889.261123,0.0
-50.0,50,8889.786999,0.0
-50.0,50,8890.27172,0.0
-50.0,50,8890.75994,0.0
-50.0,50,8891.243058,0.0
-50.0,50,8891.764938,0.0
-50.0,50,8892.261875,0.0
-50.0,50,8892.75067,0.0
-50.0,50,8893.22894,0.0
-50.0,50,8893.758192,0.0
-50.0,50,8894.241927,0.0
-50.0,50,8894.730607,0.0
-50.0,50,8895.21786,0.0
-50.0,50,8895.739095,0.0
-50.0,50,8896.226673,0.0
-50.0,50,8896.704625,0.0
-50.0,50,8897.185101,0.0
-50.0,50,8897.709512,0.0
-50.0,50,8898.185724,0.0
-50.0,50,8898.661806,0.0
-50.0,50,8899.141687,0.0
-50.0,50,8899.66521,0.0
-50.0,50,8900.145785,0.0
-50.0,50,8900.626222,0.0
-50.0,50,8901.112702,0.0
-50.0,50,8901.632969,0.0
-50.0,50,8902.124269,0.0
-50.0,50,8902.625895,0.0
-50.0,50,8903.108756,0.0
-50.0,50,8903.624765,0.0
-50.0,50,8904.116383,0.0
-50.0,50,8904.601476,0.0
-50.0,50,8905.090888,0.0
-50.0,50,8905.613629,0.0
-50.0,50,8906.093485,0.0
-50.0,50,8906.575212,0.0
-50.0,50,8907.05637,0.0
-50.0,50,8907.583836,0.0
-50.0,50,8908.074237,0.0
-50.0,50,8908.560973,0.0
-50.0,50,8909.05256,0.0
-50.0,50,8909.578149,0.0
-50.0,50,8910.064403,0.0
-50.0,50,8910.548144,0.0
-50.0,50,8911.030734,0.0
-50.0,50,8911.563989,0.0
-50.0,50,8912.047797,0.0
-50.0,50,8912.539169,0.0
-50.0,50,8913.031655,0.0
-50.0,50,8913.569928,0.0
-50.0,50,8914.063503,0.0
-50.0,50,8914.555393,0.0
-50.0,50,8915.043194,0.0
-50.0,50,8915.564576,0.0
-50.0,50,8916.048132,0.0
-50.0,50,8916.541027,0.0
-50.0,50,8917.025306,0.0
-50.0,50,8919.816928,0.0
-50.0,50,8920.308492,0.0
-50.0,50,8920.793892,0.0
-50.0,50,8921.277851,0.0
-50.0,50,8921.789827,0.0
-50.0,50,8922.280883,0.0
-50.0,50,8922.761632,0.0
0.0,50,8923.249179,1.0
-50.0,50,8923.776621,0.0
-50.0,50,8924.258932,0.0
-50.0,50,8924.738786,0.0
-50.0,50,8925.224384,0.0
-50.0,50,8925.754911,0.0
-50.0,50,8926.243879,0.0
-50.0,50,8926.736011,0.0
-50.0,50,8927.222275,0.0
-50.0,50,8927.751869,0.0
-50.0,50,8928.237236,0.0
-50.0,50,8928.720176,0.0
-50.0,50,8929.202216,0.0
-50.0,50,8929.714822,0.0
-50.0,50,8930.205712,0.0
0.0,50,8930.704195,1.0
-50.0,50,8931.188832,0.0
-50.0,50,8931.728847,0.0
-50.0,50,8932.208296,0.0
-50.0,50,8932.689733,0.0
-50.0,50,8933.178015,0.0
-50.0,50,8933.685637,0.0
-50.0,50,8934.187138,0.0
-50.0,50,8934.674818,0.0
-50.0,50,8935.16163,0.0
-50.0,50,8935.708595,0.0
-50.0,50,8936.197341,0.0
-50.0,50,8936.697921,0.0
-50.0,50,8937.197714,0.0
-50.0,50,8937.733978,0.0
-50.0,50,8938.238498,0.0
-50.0,50,8938.747123,0.0
-50.0,50,8939.249861,0.0
-50.0,50,8939.781247,0.0
-50.0,50,8940.284875,0.0
-50.0,50,8940.781442,0.0
-50.0,50,8941.25983,0.0
-50.0,50,8941.775857,0.0
-50.0,50,8942.25883,0.0
-50.0,50,8942.737695,0.0
-50.0,50,8943.220723,0.0
-50.0,50,8943.742984,0.0
0.0,50,8944.230247,1.0
-50.0,50,8944.715967,0.0
-50.0,50,8945.196075,0.0
-50.0,50,8945.709485,0.0
-50.0,50,8946.196898,0.0
-50.0,50,8946.681865,0.0
-50.0,50,8947.160725,0.0
-50.0,50,8947.671866,0.0
-50.0,50,8948.155076,0.0
-50.0,50,8948.659648,0.0
-50.0,50,8949.161211,0.0
-50.0,50,8949.697674,0.0
-50.0,50,8950.207368,0.0
-50.0,50,8950.709973,0.0
0.0,50,8951.226479,1.0
0.0,50,8951.765739,1.0
-50.0,50,8952.268296,0.0
-50.0,50,8952.76636,0.0
-50.0,50,8953.260723,0.0
0.0,50,8953.799362,1.0
-50.0,50,8954.280216,0.0
-50.0,50,8954.767333,0.0
-50.0,50,8955.258552,0.0
-50.0,50,8955.766768,0.0
-50.0,50,8956.252673,0.0
-50.0,50,8956.734832,0.0
-50.0,50,8957.218092,0.0
-50.0,50,8957.760185,0.0
-50.0,50,8958.245792,0.0
-50.0,50,8958.735685,0.0
-50.0,50,8959.221889,0.0
-50.0,50,8959.734905,0.0
-50.0,50,8960.217799,0.0
-50.0,50,8960.702729,0.0
-50.0,50,8961.191865,0.0
-50.0,50,8961.703073,0.0
-50.0,50,8962.196907,0.0
-50.0,50,8962.679267,0.0
-50.0,50,8963.171825,0.0
-50.0,50,8963.686112,0.0
-50.0,50,8964.183547,0.0
-50.0,50,8964.675063,0.0
-50.0,50,8965.18422,0.0
-50.0,50,8965.703702,0.0
-50.0,50,8966.190112,0.0
-50.0,50,8966.688965,0.0
-50.0,50,8967.183851,0.0
-50.0,50,8967.711947,0.0
-50.0,50,8968.206121,0.0
0.0,50,8968.719695,1.0
0.0,50,8969.218317,1.0
-50.0,50,8969.738304,0.0
-50.0,50,8970.21886,0.0
0.0,50,8970.711197,1.0
-50.0,50,8971.184726,0.0
-50.0,50,8971.741207,0.0
-50.0,50,8972.225709,0.0
-50.0,50,8972.71719,0.0
-50.0,50,8973.217028,0.0
-50.0,50,8973.74068,0.0
0.0,50,8974.236372,1.0
-50.0,50,8974.730137,0.0
-50.0,50,8975.226312,0.0
-50.0,50,8975.750596,0.0
-50.0,50,8976.248177,0.0
-50.0,50,8976.73867,0.0
-50.0,50,8977.218813,0.0
-50.0,50,8977.725217,0.0
-50.0,50,8978.210143,0.0
-50.0,50,8978.694007,0.0
-50.0,50,8979.174389,0.0
-50.0,50,8979.676202,0.0
-50.0,50,8980.162976,0.0
-50.0,50,8980.644316,0.0
0.0,50,8981.122097,1.0
0.0,50,8981.63318,1.0
-50.0,50,8982.12039,0.0
-50.0,50,8982.604307,0.0
-50.0,50,8983.094479,0.0
-50.0,50,8983.599679,0.0
-50.0,50,8984.078763,0.0
-50.0,50,8984.561831,0.0
-50.0,50,8985.051512,0.0
-50.0,50,8985.560595,0.0
-50.0,50,8986.043654,0.0
-50.0,50,8986.532943,0.0
-50.0,50,8987.019009,0.0
-50.0,50,8987.529621,0.0
-50.0,50,8988.013882,0.0
-50.0,50,8988.496204,0.0
-50.0,50,8988.978031,0.0
0.0,50,8989.487199,1.0
-50.0,50,8989.972042,0.0
-50.0,50,8990.458884,0.0
-50.0,50,8990.942966,0.0
0.0,50,8991.461946,1.0
-50.0,50,8991.941658,0.0
-50.0,50,8992.420585,0.0
-50.0,50,8992.902727,0.0
-50.0,50,8993.438264,0.0
-50.0,50,8993.942589,0.0
-50.0,50,8994.443205,0.0
-50.0,50,8994.921136,0.0
-50.0,50,8995.418563,0.0
-50.0,50,8995.904239,0.0
-50.0,50,8996.384961,0.0
-50.0,50,8996.863979,0.0
-50.0,50,8997.377417,0.0
-50.0,50,8997.858224,0.0
0.0,50,8998.374553,1.0
-50.0,50,8998.872896,0.0
-50.0,50,8999.370446,0.0
-50.0,50,8999.863153,0.0
-50.0,50,9000.357399,0.0
-50.0,50,9000.848184,0.0
-50.0,50,9001.346778,0.0
-50.0,50,9001.827633,0.0
-50.0,50,9002.305788,0.0
-50.0,50,9002.7883,0.0
-50.0,50,9003.288677,0.0
-50.0,50,9003.769238,0.0
-50.0,50,9004.248539,0.0
-50.0,50,9004.733891,0.0
-50.0,50,9005.230169,0.0
-50.0,50,9005.707145,0.0
-50.0,50,9006.204524,0.0
-50.0,50,9006.685613,0.0
-50.0,50,9007.206707,0.0
-50.0,50,9007.688195,0.0
-50.0,50,9008.175482,0.0
-47.0,50,9008.65375,0.0
-50.0,50,9009.148121,0.0
-50.0,50,9009.62826,0.0
-50.0,50,9010.108665,0.0
-50.0,50,9010.588662,0.0
-50.0,50,9011.081084,0.0
-50.0,50,9011.557888,0.0
-50.0,50,9012.044514,0.0
-50.0,50,9012.533199,0.0
-50.0,50,9013.040061,0.0
-50.0,50,9013.529737,0.0
-50.0,50,9014.011464,0.0
-50.0,50,9014.504289,0.0
-50.0,50,9015.018553,0.0
-50.0,50,9015.503782,0.0
-50.0,50,9015.985476,0.0
-50.0,50,9016.483365,0.0
-50.0,50,9016.990596,0.0
-50.0,50,9017.473741,0.0
-50.0,50,9017.964179,0.0
-50.0,50,9018.442204,0.0
-50.0,50,9021.150636,0.0
-50.0,50,9021.632038,0.0
-50.0,50,9022.113876,0.0
-50.0,50,9022.591723,0.0
-50.0,50,9023.08672,0.0
-50.0,50,9023.570746,0.0
-50.0,50,9024.068192,0.0
-50.0,50,9024.563615,0.0
-50.0,50,9025.077546,0.0
-50.0,50,9025.576028,0.0
-50.0,50,9026.063311,0.0
-50.0,50,9026.552419,0.0
-50.0,50,9027.057558,0.0
-50.0,50,9027.553267,0.0
-50.0,50,9028.041335,0.0
-50.0,50,9028.539978,0.0
-50.0,50,9029.050822,0.0
-50.0,50,9029.534824,0.0
-50.0,50,9030.024065,0.0
-50.0,50,9030.502291,0.0
0.0,50,9031.002603,1.0
-50.0,50,9031.485815,0.0
-50.0,50,9031.971235,0.0
-50.0,50,9032.450758,0.0
-50.0,50,9032.94373,0.0
-50.0,50,9033.429754,0.0
-50.0,50,9033.908556,0.0
-50.0,50,9034.39015,0.0
-50.0,50,9034.891223,0.0
-50.0,50,9035.369642,0.0
0.0,50,9035.856409,1.0
-50.0,50,9036.346514,0.0
-50.0,50,9036.847236,0.0
-50.0,50,9037.328084,0.0
-50.0,50,9037.80593,0.0
-50.0,50,9038.283923,0.0
0.0,50,9038.786069,1.0
-50.0,50,9039.27931,0.0
0.0,50,9039.782634,1.0
-50.0,50,9040.256599,0.0
-50.0,50,9040.749664,0.0
-50.0,50,9041.223864,0.0
0.0,50,9041.707481,1.0
-50.0,50,9042.182753,0.0
-50.0,50,9042.676253,0.0
-50.0,50,9043.152685,0.0
-50.0,50,9043.632853,0.0
-50.0,50,9044.113435,0.0
-50.0,50,9044.605611,0.0
-50.0,50,9045.083888,0.0
0.0,50,9045.575275,1.0
0.0,50,9046.065882,1.0
-50.0,50,9046.555185,0.0
-50.0,50,9047.032981,0.0
-50.0,50,9047.511141,0.0
-50.0,50,9047.989438,0.0
-50.0,50,9048.480603,0.0
-50.0,50,9048.953757,0.0
-50.0,50,9049.432735,0.0
-50.0,50,9049.905569,0.0
-50.0,50,9050.398571,0.0
-50.0,50,9050.882535,0.0
-50.0,50,9051.356091,0.0
-50.0,50,9051.838963,0.0
-50.0,50,9052.329181,0.0
-50.0,50,9052.808197,0.0
-50.0,50,9053.289096,0.0
-50.0,50,9053.769229,0.0
-50.0,50,9054.261963,0.0
-50.0,50,9054.755198,0.0
-50.0,50,9055.228962,0.0
-50.0,50,9055.713581,0.0
-50.0,50,9056.206285,0.0
-50.0,50,9056.683053,0.0
-50.0,50,9057.162001,0.0
-50.0,50,9057.646584,0.0
-50.0,50,9058.155927,0.0
-50.0,50,9058.653844,0.0
-50.0,50,9059.131681,0.0
-50.0,50,9059.608084,0.0
-50.0,50,9060.101499,0.0
-50.0,50,9060.587123,0.0
-50.0,50,9061.071223,0.0
-50.0,50,9061.579413,0.0
-50.0,50,9062.096687,0.0
-50.0,50,9062.583308,0.0
-50.0,50,9063.067219,0.0
-50.0,50,9063.539128,0.0
-50.0,50,9064.036695,0.0
-50.0,50,9064.509643,0.0
-50.0,50,9064.981817,0.0
-50.0,50,9065.457333,0.0
-50.0,50,9065.944835,0.0
-50.0,50,9066.447654,0.0
-50.0,50,9066.921881,0.0
-50.0,50,9067.394864,0.0
-50.0,50,9067.885969,0.0
-50.0,50,9068.370675,0.0
-50.0,50,9068.854639,0.0
-50.0,50,9069.329846,0.0
-50.0,50,9069.836545,0.0
-50.0,50,9070.33111,0.0
-50.0,50,9070.815787,0.0
-50.0,50,9071.296068,0.0
-50.0,50,9071.790001,0.0
0.0,50,9072.301534,1.0
-50.0,50,9072.784122,0.0
-50.0,50,9073.260607,0.0
-50.0,50,9073.755098,0.0
-50.0,50,9074.236761,0.0
-50.0,50,9074.717295,0.0
-50.0,50,9075.191555,0.0
0.0,50,9075.711946,1.0
-50.0,50,9076.202344,0.0
-50.0,50,9076.678485,0.0
-50.0,50,9077.152512,0.0
-50.0,50,9077.636742,0.0
-50.0,50,9078.110543,0.0
-50.0,50,9078.60795,0.0
-50.0,50,9079.104215,0.0
-50.0,50,9079.600191,0.0
-50.0,50,9080.082628,0.0
-50.0,50,9080.560107,0.0
0.0,50,9081.047747,1.0
-50.0,50,9081.550212,0.0
-50.0,50,9082.026788,0.0
-50.0,50,9082.511981,0.0
-50.0,50,9082.990853,0.0
-50.0,50,9083.50704,0.0
0.0,50,9084.021905,1.0
-50.0,50,9084.496583,0.0
-50.0,50,9084.984256,0.0
-50.0,50,9085.482665,0.0
-50.0,50,9085.972478,0.0
-50.0,50,9086.449014,0.0
-50.0,50,9086.944642,0.0
-50.0,50,9087.446518,0.0
-50.0,50,9087.935283,0.0
0.0,50,9088.434893,1.0
-50.0,50,9088.932471,0.0
-50.0,50,9089.424699,0.0
-50.0,50,9089.899668,0.0
-50.0,50,9090.382853,0.0
-50.0,50,9090.85798,0.0
-50.0,50,9091.353075,0.0
-50.0,50,9091.838518,0.0
-50.0,50,9092.316447,0.0
-50.0,50,9092.788912,0.0
-50.0,50,9093.272545,0.0
-50.0,50,9093.744826,0.0
-50.0,50,9094.22631,0.0
-50.0,50,9094.70544,0.0
-50.0,50,9095.206388,0.0
-50.0,50,9095.684563,0.0
-50.0,50,9096.180907,0.0
-50.0,50,9096.679348,0.0
-50.0,50,9097.167039,0.0
0.0,50,9097.660028,1.0
-50.0,50,9098.138225,0.0
0.0,50,9098.614502,1.0
-50.0,50,9099.114887,0.0
-50.0,50,9099.597773,0.0
-50.0,50,9100.070984,0.0
0.0,50,9100.560094,1.0
-50.0,50,9101.051031,0.0
-50.0,50,9101.53088,0.0
0.0,50,9102.022117,1.0
-50.0,50,9102.500714,0.0
-50.0,50,9103.009593,0.0
-50.0,50,9103.493745,0.0
-50.0,50,9103.974652,0.0
-50.0,50,9104.447075,0.0
-50.0,50,9104.932573,0.0
-50.0,50,9105.406531,0.0
-50.0,50,9105.878964,0.0
-50.0,50,9106.352656,0.0
-50.0,50,9106.849849,0.0
-50.0,50,9107.325713,0.0
-50.0,50,9107.804053,0.0
-50.0,50,9108.281317,0.0
-50.0,50,9108.771552,0.0
-50.0,50,9109.264607,0.0
-50.0,50,9109.742729,0.0
-50.0,50,9110.230287,0.0
-50.0,50,9110.726418,0.0
-50.0,50,9111.205215,0.0
-50.0,50,9111.69242,0.0
-50.0,50,9112.177739,0.0
-50.0,50,9112.671153,0.0
-50.0,50,9113.15852,0.0
-50.0,50,9113.637502,0.0
-50.0,50,9114.128314,0.0
-50.0,50,9114.621957,0.0
-50.0,50,9115.099431,0.0
-50.0,50,9115.585153,0.0
-50.0,50,9116.06342,0.0
-50.0,50,9116.5586,0.0
-50.0,50,9117.034668,0.0
-50.0,50,9117.523708,0.0
-50.0,50,9117.999868,0.0
-50.0,50,9120.828421,0.0
-50.0,50,9121.307876,0.0
-50.0,50,9121.78475,0.0
-50.0,50,9122.263561,0.0
-50.0,50,9122.765065,0.0
-50.0,50,9123.253096,0.0
-50.0,50,9123.74112,0.0
-50.0,50,9124.221479,0.0
-50.0,50,9124.731906,0.0
-50.0,50,9125.218554,0.0
-50.0,50,9125.695099,0.0
-50.0,50,9126.186489,0.0
-50.0,50,9126.686224,0.0
-50.0,50,9127.175207,0.0
-50.0,50,9127.655965,0.0
-50.0,50,9128.147421,0.0
-50.0,50,9128.63958,0.0
-50.0,50,9129.133047,0.0
-50.0,50,9129.624394,0.0
-50.0,50,9130.101964,0.0
-50.0,50,9130.604873,0.0
-50.0,50,9131.08886,0.0
-50.0,50,9131.564664,0.0
-50.0,50,9132.04274,0.0
-50.0,50,9132.534653,0.0
-50.0,50,9133.017401,0.0
-50.0,50,9133.502747,0.0
-50.0,50,9133.980562,0.0
-50.0,50,9134.528439,0.0
-50.0,50,9135.013159,0.0
-50.0,50,9135.506316,0.0
-50.0,50,9135.997944,0.0
-50.0,50,9136.500005,0.0
-50.0,50,9136.975811,0.0
-50.0,50,9137.46875,0.0
-50.0,50,9137.965414,0.0
-50.0,50,9138.474529,0.0
-50.0,50,9138.962778,0.0
-50.0,50,9139.444504,0.0
-50.0,50,9139.923907,0.0
-50.0,50,9140.43271,0.0
-50.0,50,9140.921893,0.0
-50.0,50,9141.407004,0.0
-50.0,50,9141.896194,0.0
-50.0,50,9142.387444,0.0
-50.0,50,9142.877652,0.0
-50.0,50,9143.362324,0.0
-50.0,50,9143.854218,0.0
-50.0,50,9144.347604,0.0
-50.0,50,9144.826996,0.0
-50.0,50,9145.314741,0.0
-50.0,50,9145.802593,0.0
-50.0,50,9146.304368,0.0
-50.0,50,9146.79441,0.0
-50.0,50,9147.281914,0.0
0.0,50,9147.773269,1.0
-50.0,50,9148.282326,0.0
-50.0,50,9148.778259,0.0
-50.0,50,9149.259904,0.0
-50.0,50,9149.738524,0.0
-50.0,50,9150.240287,0.0
-50.0,50,9150.743563,0.0
-50.0,50,9151.231956,0.0
-50.0,50,9151.720713,0.0
-50.0,50,9152.218409,0.0
-50.0,50,9152.696658,0.0
-50.0,50,9153.185017,0.0
-50.0,50,9153.670851,0.0
-50.0,50,9154.174149,0.0
-50.0,50,9154.654322,0.0
-50.0,50,9155.140456,0.0
-50.0,50,9155.625844,0.0
-50.0,50,9156.139043,0.0
-50.0,50,9156.620576,0.0
-50.0,50,9157.10509,0.0
-50.0,50,9157.5903,0.0
0.0,50,9158.096756,1.0
-50.0,50,9158.585105,0.0
-50.0,50,9159.062215,0.0
-50.0,50,9159.547112,0.0
-50.0,50,9160.049843,0.0
0.0,50,9160.539335,1.0
-50.0,50,9161.029772,0.0
-50.0,50,9161.521167,0.0
-50.0,50,9162.063287,0.0
0.0,50,9162.566308,1.0
-50.0,50,9163.050743,0.0
-50.0,50,9163.546769,0.0
-50.0,50,9164.052776,0.0
-50.0,50,9164.537833,0.0
-50.0,50,9165.022135,0.0
-50.0,50,9165.54912,0.0
-50.0,50,9166.061013,0.0
-50.0,50,9166.560222,0.0
-50.0,50,9167.055002,0.0
-50.0,50,9167.54274,0.0
0.0,50,9168.062787,1.0
-50.0,50,9168.554656,0.0
-50.0,50,9169.100147,0.0
-50.0,50,9169.585564,0.0
-50.0,50,9170.087195,0.0
-50.0,50,9170.56755,0.0
-50.0,50,9171.052838,0.0
-50.0,50,9171.537331,0.0
-50.0,50,9172.036414,0.0
-50.0,50,9172.520058,0.0
-50.0,50,9173.008289,0.0
-50.0,50,9173.498276,0.0
-50.0,50,9174.002889,0.0
-50.0,50,9174.484204,0.0
-50.0,50,9174.969369,0.0
-50.0,50,9175.459389,0.0
-50.0,50,9175.955447,0.0
0.0,50,9176.455095,1.0
-50.0,50,9176.9443,0.0
-50.0,50,9177.432171,0.0
-50.0,50,9177.934743,0.0
-50.0,50,9178.427218,0.0
-50.0,50,9178.913482,0.0
-50.0,50,9179.454431,0.0
-50.0,50,9179.953771,0.0
-50.0,50,9180.431374,0.0
-50.0,50,9180.915693,0.0
-50.0,50,9181.395854,0.0
-50.0,50,9181.898727,0.0
-50.0,50,9182.394202,0.0
0.0,50,9182.891208,1.0
-50.0,50,9183.390329,0.0
-50.0,50,9183.905406,0.0
-50.0,50,9184.398933,0.0
-50.0,50,9184.888941,0.0
-50.0,50,9185.377026,0.0
-50.0,50,9185.882193,0.0
-50.0,50,9186.380085,0.0
-50.0,50,9186.863551,0.0
-50.0,50,9187.346259,0.0
-50.0,50,9187.849532,0.0
-50.0,50,9188.340795,0.0
-50.0,50,9188.823926,0.0
-50.0,50,9189.311236,0.0
-50.0,50,9189.814461,0.0
-50.0,50,9190.310208,0.0
0.0,50,9190.825427,1.0
-50.0,50,9191.310308,0.0
-50.0,50,9191.804708,0.0
-50.0,50,9192.29332,0.0
-50.0,50,9192.771186,0.0
-50.0,50,9193.258698,0.0
-50.0,50,9193.756533,0.0
-50.0,50,9194.241831,0.0
-50.0,50,9194.72126,0.0
0.0,50,9195.207298,1.0
-50.0,50,9195.709253,0.0
-50.0,50,9196.215625,0.0
-50.0,50,9196.705232,0.0
-50.0,50,9197.214242,0.0
-50.0,50,9197.715076,0.0
-50.0,50,9198.202191,0.0
-50.0,50,9198.681841,0.0
-50.0,50,9199.17543,0.0
-50.0,50,9199.68225,0.0
-50.0,50,9200.163008,0.0
-50.0,50,9200.651552,0.0
-50.0,50,9201.178059,0.0
-50.0,50,9201.686916,0.0
-50.0,50,9202.175523,0.0
-50.0,50,9202.665238,0.0
-50.0,50,9203.153436,0.0
-50.0,50,9203.654062,0.0
-50.0,50,9204.143397,0.0
-50.0,50,9204.629158,0.0
-50.0,50,9205.108749,0.0
0.0,50,9205.60971,1.0
-50.0,50,9206.095632,0.0
-50.0,50,9206.592739,0.0
-50.0,50,9207.096322,0.0
0.0,50,9207.623877,1.0
-50.0,50,9208.116799,0.0
-50.0,50,9208.604829,0.0
-50.0,50,9209.097873,0.0
-50.0,50,9209.591511,0.0
-50.0,50,9210.075719,0.0
-50.0,50,9210.560199,0.0
-50.0,50,9211.037028,0.0
-50.0,50,9211.55546,0.0
-50.0,50,9212.034142,0.0
-50.0,50,9212.526671,0.0
-50.0,50,9213.003284,0.0
-50.0,50,9213.493592,0.0
-50.0,50,9213.975881,0.0
-50.0,50,9214.465266,0.0
-50.0,50,9214.969432,0.0
-50.0,50,9215.465277,0.0
-50.0,50,9215.945665,0.0
-50.0,50,9216.445872,0.0
-50.0,50,9216.944299,0.0
-50.0,50,9217.443036,0.0
-50.0,50,9217.924024,0.0
-50.0,50,9218.410402,0.0
0.0,50,9218.924913,1.0
-50.0,50,9221.804887,0.0
-50.0,50,9222.306549,0.0
-50.0,50,9222.790655,0.0
-50.0,50,9223.27113,0.0
-50.0,50,9223.776028,0.0
-50.0,50,9224.254739,0.0
0.0,50,9224.750937,1.0
-50.0,50,9225.240789,0.0
-50.0,50,9225.738464,0.0
-50.0,50,9226.223136,0.0
-50.0,50,9226.71053,0.0
-50.0,50,9227.204721,0.0
-50.0,50,9227.726305,0.0
-50.0,50,9228.219431,0.0
-50.0,50,9228.695298,0.0
-50.0,50,9229.208562,0.0
-50.0,50,9229.715051,0.0
-50.0,50,9230.203357,0.0
-50.0,50,9230.69,0.0
-50.0,50,9231.177906,0.0
-50.0,50,9231.682389,0.0
-50.0,50,9232.168945,0.0
-50.0,50,9232.657,0.0
-50.0,50,9233.146912,0.0
-50.0,50,9233.654034,0.0
-50.0,50,9234.140176,0.0
-50.0,50,9234.648168,0.0
-50.0,50,9235.153888,0.0
-50.0,50,9235.66254,0.0
-50.0,50,9236.157132,0.0
-50.0,50,9236.645008,0.0
-50.0,50,9237.131925,0.0
-50.0,50,9237.648684,0.0
-50.0,50,9238.131988,0.0
0.0,50,9238.625538,1.0
-50.0,50,9239.120248,0.0
-50.0,50,9239.634526,0.0
0.0,50,9240.145019,1.0
-50.0,50,9240.664403,0.0
-50.0,50,9241.169226,0.0
-50.0,50,9241.689056,0.0
-50.0,50,9242.195976,0.0
-50.0,50,9242.682246,0.0
-50.0,50,9243.188418,0.0
-50.0,50,9243.694424,0.0
-50.0,50,9244.196623,0.0
-50.0,50,9244.690777,0.0
-50.0,50,9245.195194,0.0
-50.0,50,9245.716803,0.0
-50.0,50,9246.209711,0.0
-50.0,50,9246.704232,0.0
-50.0,50,9247.195885,0.0
0.0,50,9247.69385,1.0
-50.0,50,9248.181669,0.0
-50.0,50,9248.677552,0.0
-50.0,50,9249.161717,0.0
-50.0,50,9249.673096,0.0
-50.0,50,9250.186473,0.0
-50.0,50,9250.66925,0.0
-50.0,50,9251.167079,0.0
-50.0,50,9251.699331,0.0
-50.0,50,9252.185233,0.0
-50.0,50,9252.674251,0.0
-50.0,50,9253.153106,0.0
-50.0,50,9253.680797,0.0
-50.0,50,9254.160934,0.0
-50.0,50,9254.660768,0.0
-50.0,50,9255.172912,0.0
-50.0,50,9255.68455,0.0
-50.0,50,9256.176059,0.0
-50.0,50,9256.655948,0.0
-50.0,50,9257.135144,0.0
-50.0,50,9257.628919,0.0
0.0,50,9258.135472,1.0
-50.0,50,9258.614867,0.0
-50.0,50,9259.103605,0.0
-50.0,50,9259.607453,0.0
-50.0,50,9260.094825,0.0
-50.0,50,9260.572847,0.0
-50.0,50,9261.054283,0.0
0.0,50,9261.556725,1.0
-50.0,50,9262.071362,0.0
-50.0,50,9262.552132,0.0
-50.0,50,9263.028327,0.0
-50.0,50,9263.514803,0.0
-50.0,50,9263.990718,0.0
-50.0,50,9264.470493,0.0
0.0,50,9264.974292,1.0
-50.0,50,9265.470337,0.0
-50.0,50,9265.959227,0.0
-50.0,50,9266.439047,0.0
-50.0,50,9266.918083,0.0
-50.0,50,9267.410397,0.0
-50.0,50,9267.904002,0.0
-50.0,50,9268.396189,0.0
-50.0,50,9268.887833,0.0
-50.0,50,9269.396368,0.0
-50.0,50,9269.887192,0.0
-50.0,50,9270.382596,0.0
-50.0,50,9270.86523,0.0
-50.0,50,9271.373365,0.0
-50.0,50,9271.862344,0.0
-50.0,50,9272.344381,0.0
-50.0,50,9272.841507,0.0
-50.0,50,9273.339017,0.0
-50.0,50,9273.839866,0.0
-50.0,50,9274.332776,0.0
-50.0,50,9274.814854,0.0
-50.0,50,9275.330168,0.0
-50.0,50,9275.823719,0.0
-50.0,50,9276.3447,0.0
-50.0,50,9276.834599,0.0
-50.0,50,9277.339926,0.0
-50.0,50,9277.832874,0.0
-50.0,50,9278.319575,0.0
-50.0,50,9278.818573,0.0
-50.0,50,9279.332164,0.0
-50.0,50,9279.84428,0.0
-50.0,50,9280.347874,0.0
-50.0,50,9280.850866,0.0
-50.0,50,9281.363913,0.0
-50.0,50,9281.86666,0.0
-50.0,50,9282.375452,0.0
-50.0,50,9282.888449,0.0
-50.0,50,9283.410448,0.0
-50.0,50,9283.915862,0.0
-50.0,50,9284.408576,0.0
-50.0,50,9284.919369,0.0
-50.0,50,9285.427744,0.0
-50.0,50,9285.922588,0.0
0.0,50,9286.423189,1.0
-50.0,50,9286.907555,0.0
-50.0,50,9287.405948,0.0
-50.0,50,9287.898499,0.0
-50.0,50,9288.414487,0.0
-50.0,50,9288.911561,0.0
-50.0,50,9289.415851,0.0
-50.0,50,9289.911345,0.0
-50.0,50,9290.399688,0.0
-50.0,50,9290.88739,0.0
0.0,50,9291.399626,1.0
-50.0,50,9291.88309,0.0
-50.0,50,9292.399319,0.0
-50.0,50,9292.892907,0.0
-50.0,50,9293.397522,0.0
-50.0,50,9293.878652,0.0
-50.0,50,9294.361668,0.0
-50.0,50,9294.846168,0.0
-50.0,50,9295.354921,0.0
0.0,50,9295.848689,1.0
0.0,50,9296.344576,1.0
-50.0,50,9296.827905,0.0
-50.0,50,9297.326481,0.0
-50.0,50,9297.804461,0.0
-50.0,50,9298.279556,0.0
-50.0,50,9298.767841,0.0
-50.0,50,9299.271591,0.0
-50.0,50,9299.75854,0.0
-50.0,50,9300.239245,0.0
-50.0,50,9300.720227,0.0
-50.0,50,9301.213006,0.0
-50.0,50,9301.70425,0.0
-50.0,50,9302.185546,0.0
-50.0,50,9302.668268,0.0
-50.0,50,9303.168489,0.0
-50.0,50,9303.675899,0.0
-50.0,50,9304.157725,0.0
-50.0,50,9304.639454,0.0
-50.0,50,9305.135216,0.0
-50.0,50,9305.6146,0.0
-50.0,50,9306.113009,0.0
-50.0,50,9306.593706,0.0
-50.0,50,9307.108976,0.0
-50.0,50,9307.598005,0.0
-50.0,50,9308.090862,0.0
-50.0,50,9308.574005,0.0
-50.0,50,9309.085271,0.0
-50.0,50,9309.56919,0.0
-50.0,50,9310.055143,0.0
-50.0,50,9310.536453,0.0
-50.0,50,9311.037492,0.0
-50.0,50,9311.528273,0.0
-50.0,50,9312.01271,0.0
-50.0,50,9312.493002,0.0
-50.0,50,9313.003169,0.0
-50.0,50,9313.490194,0.0
-50.0,50,9313.975279,0.0
0.0,50,9314.48439,1.0
-50.0,50,9315.004709,0.0
-50.0,50,9315.48374,0.0
-50.0,50,9315.962841,0.0
-50.0,50,9316.443935,0.0
-50.0,50,9316.972003,0.0
-50.0,50,9317.460859,0.0
-50.0,50,9317.943342,0.0
-50.0,50,9318.419498,0.0
-50.0,50,9318.934267,0.0
-50.0,50,9319.421419,0.0
-50.0,50,9319.89686,0.0
-50.0,50,9320.392322,0.0
-50.0,50,9323.257468,0.0
-50.0,50,9323.768139,0.0
-50.0,50,9324.24244,0.0
-50.0,50,9324.748427,0.0
0.0,50,9325.275583,1.0
-50.0,50,9325.767606,0.0
-50.0,50,9326.27688,0.0
-50.0,50,9326.756134,0.0
-50.0,50,9327.284602,0.0
0.0,50,9327.765213,1.0
0.0,50,9328.269782,1.0
-50.0,50,9328.774417,0.0
-50.0,50,9329.296599,0.0
-50.0,50,9329.779953,0.0
-50.0,50,9330.270439,0.0
-50.0,50,9330.768817,0.0
-50.0,50,9331.282602,0.0
-50.0,50,9331.763882,0.0
-50.0,50,9332.242157,0.0
-50.0,50,9332.727629,0.0
-50.0,50,9333.244254,0.0
-50.0,50,9333.735103,0.0
-50.0,50,9334.215252,0.0
-50.0,50,9334.698781,0.0
-50.0,50,9335.216214,0.0
0.0,50,9335.711859,1.0
0.0,50,9336.207278,1.0
-50.0,50,9336.686681,0.0
-50.0,50,9337.197944,0.0
-50.0,50,9337.675014,0.0
-50.0,50,9338.172306,0.0
-50.0,50,9338.671949,0.0
-50.0,50,9339.18995,0.0
-50.0,50,9339.673932,0.0
0.0,50,9340.165712,1.0
-50.0,50,9340.656848,0.0
-50.0,50,9341.166677,0.0
-50.0,50,9341.656895,0.0
-50.0,50,9342.146266,0.0
-50.0,50,9342.634958,0.0
-50.0,50,9343.173139,0.0
-50.0,50,9343.662535,0.0
-50.0,50,9344.149593,0.0
-50.0,50,9344.634109,0.0
-50.0,50,9345.143038,0.0
-50.0,50,9345.632457,0.0
-50.0,50,9346.123391,0.0
-50.0,50,9346.606629,0.0
-50.0,50,9347.120755,0.0
-50.0,50,9347.611445,0.0
-50.0,50,9348.091659,0.0
-50.0,50,9348.572886,0.0
-50.0,50,9349.089052,0.0
-50.0,50,9349.577826,0.0
-50.0,50,9350.070575,0.0
-50.0,50,9350.549984,0.0
0.0,50,9351.08142,1.0
-50.0,50,9351.577553,0.0
-50.0,50,9352.070796,0.0
-50.0,50,9352.573784,0.0
-50.0,50,9353.095822,0.0
-50.0,50,9353.589641,0.0
-50.0,50,9354.081962,0.0
-50.0,50,9354.58253,0.0
-50.0,50,9355.113801,0.0
-50.0,50,9355.622766,0.0
-50.0,50,9356.12259,0.0
-50.0,50,9356.614357,0.0
-50.0,50,9357.139867,0.0
-50.0,50,9357.650425,0.0
-50.0,50,9358.163455,0.0
-50.0,50,9358.677193,0.0
-50.0,50,9359.212356,0.0
-50.0,50,9359.712638,0.0
-50.0,50,9360.209223,0.0
-50.0,50,9360.705882,0.0
-50.0,50,9361.214657,0.0
-50.0,50,9361.700187,0.0
-50.0,50,9362.198377,0.0
-50.0,50,9362.672391,0.0
-50.0,50,9363.177001,0.0
-50.0,50,9363.6657,0.0
-50.0,50,9364.155775,0.0
-50.0,50,9364.630466,0.0
-50.0,50,9365.152761,0.0
-50.0,50,9365.633949,0.0
-50.0,50,9366.117545,0.0
-50.0,50,9366.611495,0.0
-50.0,50,9367.134372,0.0
-50.0,50,9367.613344,0.0
-50.0,50,9368.087951,0.0
-50.0,50,9368.582954,0.0
-50.0,50,9369.0803,0.0
-50.0,50,9369.5664,0.0
-50.0,50,9370.04378,0.0
-50.0,50,9370.53137,0.0
-50.0,50,9371.036431,0.0
-50.0,50,9371.532411,0.0
-50.0,50,9372.034518,0.0
-50.0,50,9372.516136,0.0
-50.0,50,9373.021482,0.0
-50.0,50,9373.495386,0.0
-50.0,50,9373.967799,0.0
-50.0,50,9374.446697,0.0
-50.0,50,9374.948856,0.0
-50.0,50,9375.430969,0.0
-50.0,50,9375.931098,0.0
-50.0,50,9376.412148,0.0
-50.0,50,9376.920865,0.0
-50.0,50,9377.395313,0.0
-50.0,50,9377.871853,0.0
-50.0,50,9378.359385,0.0
-50.0,50,9378.864499,0.0
-50.0,50,9379.341137,0.0
-50.0,50,9379.827971,0.0
-50.0,50,9380.313097,0.0
-50.0,50,9380.841752,0.0
-50.0,50,9381.327522,0.0
-50.0,50,9381.810514,0.0
0.0,50,9382.30451,1.0
-50.0,50,9382.804169,0.0
-50.0,50,9383.280687,0.0
-50.0,50,9383.754278,0.0
-50.0,50,9384.224609,0.0
-50.0,50,9384.724441,0.0
-50.0,50,9385.194191,0.0
-50.0,50,9385.669851,0.0
-50.0,50,9386.142532,0.0
-50.0,50,9386.635571,0.0
0.0,50,9387.105703,1.0
-50.0,50,9387.578529,0.0
-50.0,50,9388.059378,0.0
-50.0,50,9388.56,0.0
-50.0,50,9389.043404,0.0
-50.0,50,9389.51591,0.0
-50.0,50,9389.989572,0.0
0.0,50,9390.483576,1.0
-50.0,50,9390.967808,0.0
-50.0,50,9391.452124,0.0
-50.0,50,9391.934608,0.0
-50.0,50,9392.430528,0.0
-50.0,50,9392.900884,0.0
-50.0,50,9393.376339,0.0
-50.0,50,9393.856452,0.0
0.0,50,9394.362476,1.0
-50.0,50,9394.855577,0.0
-50.0,50,9395.332327,0.0
-50.0,50,9395.811356,0.0
-50.0,50,9396.326609,0.0
-50.0,50,9396.812299,0.0
-50.0,50,9397.301103,0.0
-50.0,50,9397.78546,0.0
-50.0,50,9398.29994,0.0
-50.0,50,9398.792297,0.0
-50.0,50,9399.285419,0.0
-50.0,50,9399.756528,0.0
-50.0,50,9400.269835,0.0
-50.0,50,9400.761567,0.0
-50.0,50,9401.240372,0.0
-50.0,50,9401.721647,0.0
-50.0,50,9402.216525,0.0
-50.0,50,9402.695977,0.0
-50.0,50,9403.174702,0.0
0.0,50,9403.666977,1.0
-50.0,50,9404.169785,0.0
-50.0,50,9404.661351,0.0
-50.0,50,9405.148808,0.0
-50.0,50,9405.629635,0.0
-50.0,50,9406.129591,0.0
-50.0,50,9406.601504,0.0
-50.0,50,9407.080509,0.0
-50.0,50,9407.575335,0.0
-50.0,50,9408.075005,0.0
-50.0,50,9408.560496,0.0
-50.0,50,9409.047176,0.0
-50.0,50,9409.521703,0.0
-50.0,50,9410.029511,0.0
-50.0,50,9410.514039,0.0
-50.0,50,9411.000283,0.0
-50.0,50,9411.475828,0.0
0.0,50,9411.968882,1.0
-50.0,50,9412.465101,0.0
-50.0,50,9412.951,0.0
-50.0,50,9413.457972,0.0
-50.0,50,9413.969966,0.0
-50.0,50,9414.455318,0.0
-50.0,50,9414.934062,0.0
-50.0,50,9415.426426,0.0
-50.0,50,9415.954443,0.0
-50.0,50,9416.438477,0.0
-50.0,50,9416.927354,0.0
-50.0,50,9417.423197,0.0
-50.0,50,9417.93341,0.0
-50.0,50,9418.422926,0.0
-50.0,50,9418.906327,0.0
-50.0,50,9419.403901,0.0
-50.0,50,9419.906506,0.0
-50.0,50,9420.406755,0.0
-50.0,50,9420.893747,0.0
-50.0,50,9421.386071,0.0
-50.0,50,9424.226964,0.0
-50.0,50,9424.708093,0.0
-50.0,50,9425.192632,0.0
-50.0,50,9425.666524,0.0
-50.0,50,9426.166494,0.0
-50.0,50,9426.641243,0.0
-50.0,50,9427.130825,0.0
-50.0,50,9427.627147,0.0
0.0,50,9428.140952,1.0
-50.0,50,9428.629013,0.0
-50.0,50,9429.104325,0.0
-50.0,50,9429.581527,0.0
-50.0,50,9430.087372,0.0
-50.0,50,9430.569488,0.0
-50.0,50,9431.054013,0.0
-50.0,50,9431.532653,0.0
-50.0,50,9432.015517,0.0
-50.0,50,9432.485782,0.0
-50.0,50,9432.957265,0.0
-50.0,50,9433.448439,0.0
-50.0,50,9433.927729,0.0
-50.0,50,9434.395728,0.0
-50.0,50,9434.869939,0.0
-50.0,50,9435.372733,0.0
-50.0,50,9435.864731,0.0
-50.0,50,9436.344672,0.0
-50.0,50,9436.829669,0.0
-50.0,50,9437.323654,0.0
-50.0,50,9437.807437,0.0
-50.0,50,9438.29587,0.0
-50.0,50,9438.781791,0.0
-50.0,50,9439.260753,0.0
-50.0,50,9439.761025,0.0
-50.0,50,9440.249479,0.0
-50.0,50,9440.734309,0.0
-50.0,50,9441.210458,0.0
-50.0,50,9441.69993,0.0
-50.0,50,9442.186737,0.0
-50.0,50,9442.671647,0.0
-50.0,50,9443.160924,0.0
-50.0,50,9443.672053,0.0
0.0,50,9444.156399,1.0
-50.0,50,9444.629565,0.0
-50.0,50,9445.115136,0.0
-50.0,50,9445.615667,0.0
-50.0,50,9446.08955,0.0
-50.0,50,9446.572422,0.0
-50.0,50,9447.047996,0.0
-50.0,50,9447.535929,0.0
-50.0,50,9448.00981,0.0
-50.0,50,9448.488176,0.0
-50.0,50,9448.962229,0.0
-50.0,50,9449.45797,0.0
-50.0,50,9449.952376,0.0
-50.0,50,9450.439629,0.0
-50.0,50,9450.921251,0.0
-50.0,50,9451.407551,0.0
-50.0,50,9451.886378,0.0
-50.0,50,9452.378438,0.0
-50.0,50,9452.849787,0.0
-50.0,50,9453.353007,0.0
-50.0,50,9453.83543,0.0
-50.0,50,9454.317208,0.0
-50.0,50,9454.803186,0.0
-50.0,50,9455.294972,0.0
-50.0,50,9455.769274,0.0
-50.0,50,9456.250951,0.0
-50.0,50,9456.732423,0.0
-50.0,50,9457.243742,0.0
-50.0,50,9457.720139,0.0
-50.0,50,9458.200339,0.0
-50.0,50,9458.676166,0.0
-50.0,50,9459.185706,0.0
-50.0,50,9459.662661,0.0
-50.0,50,9460.151053,0.0
-50.0,50,9460.644045,0.0
-50.0,50,9461.139703,0.0
-50.0,50,9461.618935,0.0
-50.0,50,9462.092506,0.0
-50.0,50,9462.566438,0.0
-50.0,50,9463.056559,0.0
-50.0,50,9463.53414,0.0
-50.0,50,9464.038699,0.0
-50.0,50,9464.534014,0.0
0.0,50,9465.037886,1.0
-50.0,50,9465.514388,0.0
-50.0,50,9465.991041,0.0
-50.0,50,9466.468215,0.0
-50.0,50,9466.961633,0.0
-50.0,50,9467.446143,0.0
0.0,50,9467.935309,1.0
-50.0,50,9468.412825,0.0
-50.0,50,9468.915646,0.0
-50.0,50,9469.415033,0.0
-50.0,50,9469.89071,0.0
-50.0,50,9470.379071,0.0
-50.0,50,9470.878802,0.0
-50.0,50,9471.365625,0.0
-50.0,50,9471.854858,0.0
-50.0,50,9472.34236,0.0
-50.0,50,9472.839796,0.0
-50.0,50,9473.327647,0.0
-50.0,50,9473.811714,0.0
-50.0,50,9474.300553,0.0
-50.0,50,9474.805971,0.0
-50.0,50,9475.289475,0.0
-50.0,50,9475.785704,0.0
-50.0,50,9476.2704,0.0
0.0,50,9476.786751,1.0
-50.0,50,9477.279158,0.0
-50.0,50,9477.766594,0.0
-50.0,50,9478.244825,0.0
0.0,50,9478.774703,1.0
-50.0,50,9479.247251,0.0
0.0,50,9479.733116,1.0
-50.0,50,9480.213315,0.0
-50.0,50,9480.702115,0.0
-50.0,50,9481.175492,0.0
-50.0,50,9481.649022,0.0
-50.0,50,9482.132431,0.0
-50.0,50,9482.624943,0.0
-50.0,50,9483.110462,0.0
0.0,50,9483.605887,1.0
-50.0,50,9484.090056,0.0
-50.0,50,9484.593246,0.0
-50.0,50,9485.068668,0.0
-50.0,50,9485.543011,0.0
-50.0,50,9486.027031,0.0
-50.0,50,9486.534229,0.0
-50.0,50,9487.019358,0.0
-50.0,50,9487.491093,0.0
-50.0,50,9487.980386,0.0
-50.0,50,9488.47916,0.0
-50.0,50,9488.949642,0.0
-50.0,50,9489.437515,0.0
-50.0,50,9489.922709,0.0
-50.0,50,9490.413662,0.0
-50.0,50,9490.894241,0.0
-50.0,50,9491.377126,0.0
-50.0,50,9491.857257,0.0
-50.0,50,9492.347444,0.0
-50.0,50,9492.830558,0.0
-50.0,50,9493.309915,0.0
-50.0,50,9493.803794,0.0
-50.0,50,9494.300397,0.0
-50.0,50,9494.783044,0.0
-50.0,50,9495.272761,0.0
-50.0,50,9495.761408,0.0
-50.0,50,9496.250468,0.0
-50.0,50,9496.720397,0.0
-50.0,50,9497.192225,0.0
-50.0,50,9497.666233,0.0
0.0,50,9498.178543,1.0
-50.0,50,9498.65547,0.0
-50.0,50,9499.192393,0.0
-50.0,50,9499.664755,0.0
-50.0,50,9500.173953,0.0
-50.0,50,9500.65417,0.0
-50.0,50,9501.144876,0.0
-50.0,50,9501.619278,0.0
-50.0,50,9502.107265,0.0
-50.0,50,9502.583711,0.0
-50.0,50,9503.05867,0.0
0.0,50,9503.551083,1.0
-50.0,50,9504.039643,0.0
-50.0,50,9504.515282,0.0
0.0,50,9505.010265,1.0
-50.0,50,9505.503799,0.0
0.0,50,9506.012889,1.0
-50.0,50,9506.497484,0.0
-50.0,50,9506.970463,0.0
-50.0,50,9507.455856,0.0
-50.0,50,9507.950424,0.0
-50.0,50,9508.432238,0.0
-50.0,50,9508.918883,0.0
-50.0,50,9509.430181,0.0
0.0,50,9509.948676,1.0
-50.0,50,9510.423331,0.0
-50.0,50,9510.895437,0.0
-50.0,50,9511.388535,0.0
-50.0,50,9511.881857,0.0
-50.0,50,9512.371611,0.0
-50.0,50,9512.8494,0.0
-50.0,50,9513.325853,0.0
-50.0,50,9513.821068,0.0
-50.0,50,9514.298362,0.0
-50.0,50,9514.786607,0.0
-50.0,50,9515.280276,0.0
-50.0,50,9515.780821,0.0
-50.0,50,9516.273771,0.0
-50.0,50,9516.75041,0.0
0.0,50,9517.25553,1.0
-50.0,50,9517.764195,0.0
-50.0,50,9518.249588,0.0
0.0,50,9518.738543,1.0
-50.0,50,9519.232869,0.0
-50.0,50,9519.738814,0.0
-50.0,50,9520.217788,0.0
-50.0,50,9520.69256,0.0
-50.0,50,9521.161188,0.0
-50.0,50,9523.992796,0.0
-50.0,50,9524.482785,0.0
-50.0,50,9524.972059,0.0
-50.0,50,9525.442043,0.0
-50.0,50,9525.93534,0.0
-50.0,50,9526.406426,0.0
-50.0,50,9526.883716,0.0
-50.0,50,9527.36107,0.0
-50.0,50,9527.859455,0.0
-50.0,50,9528.331689,0.0
-50.0,50,9528.829424,0.0
-50.0,50,9529.30473,0.0
-50.0,50,9529.816318,0.0
-50.0,50,9530.294331,0.0
0.0,50,9530.788043,1.0
-50.0,50,9531.267552,0.0
-50.0,50,9531.759023,0.0
-50.0,50,9532.261593,0.0
-50.0,50,9532.73184,0.0
-50.0,50,9533.203678,0.0
-50.0,50,9533.691308,0.0
-50.0,50,9534.160242,0.0
-50.0,50,9534.645902,0.0
-50.0,50,9535.124213,0.0
-50.0,50,9535.629649,0.0
-50.0,50,9536.112556,0.0
-50.0,50,9536.596529,0.0
-50.0,50,9537.075814,0.0
-50.0,50,9537.575106,0.0
-50.0,50,9538.054567,0.0
-50.0,50,9538.525918,0.0
-50.0,50,9539.003533,0.0
-50.0,50,9539.503565,0.0
-50.0,50,9539.987309,0.0
-50.0,50,9540.473899,0.0
-50.0,50,9540.960872,0.0
-50.0,50,9541.450598,0.0
-50.0,50,9541.923821,0.0
-50.0,50,9542.400531,0.0
-50.0,50,9542.870888,0.0
-50.0,50,9543.353953,0.0
-50.0,50,9543.826264,0.0
-50.0,50,9544.294024,0.0
-50.0,50,9544.76586,0.0
-50.0,50,9545.257841,0.0
0.0,50,9545.744476,1.0
-50.0,50,9546.235547,0.0
-50.0,50,9546.708304,0.0
-50.0,50,9547.207895,0.0
-50.0,50,9547.676036,0.0
-50.0,50,9548.143457,0.0
-50.0,50,9548.61395,0.0
-50.0,50,9549.105842,0.0
-50.0,50,9549.579049,0.0
-50.0,50,9550.060535,0.0
-50.0,50,9550.529437,0.0
-50.0,50,9551.02167,0.0
-50.0,50,9551.500689,0.0
-50.0,50,9551.982547,0.0
-50.0,50,9552.474769,0.0
-50.0,50,9552.970532,0.0
-50.0,50,9553.44773,0.0
-50.0,50,9553.927284,0.0
-50.0,50,9554.394507,0.0
-50.0,50,9554.895027,0.0
-50.0,50,9555.373738,0.0
-50.0,50,9555.847445,0.0
-50.0,50,9556.321411,0.0
-50.0,50,9556.814076,0.0
0.0,50,9557.295946,1.0
-50.0,50,9557.778836,0.0
-50.0,50,9558.275416,0.0
-50.0,50,9558.770433,0.0
-50.0,50,9559.256707,0.0
-50.0,50,9559.749316,0.0
-50.0,50,9560.221521,0.0
-50.0,50,9560.708446,0.0
0.0,50,9561.197081,1.0
-50.0,50,9561.675931,0.0
-50.0,50,9562.148937,0.0
-50.0,50,9562.646472,0.0
-50.0,50,9563.126375,0.0
-50.0,50,9563.611935,0.0
-50.0,50,9564.097577,0.0
-50.0,50,9564.588153,0.0
-50.0,50,9565.06504,0.0
-50.0,50,9565.549075,0.0
-50.0,50,9566.027229,0.0
-50.0,50,9566.526267,0.0
-50.0,50,9567.009718,0.0
-50.0,50,9567.481477,0.0
-50.0,50,9567.966687,0.0
-50.0,50,9568.464119,0.0
-50.0,50,9568.954923,0.0
-50.0,50,9569.452453,0.0
-50.0,50,9569.92493,0.0
-50.0,50,9570.423528,0.0
-50.0,50,9570.901737,0.0
-50.0,50,9571.372201,0.0
0.0,50,9571.854557,1.0
0.0,50,9572.349528,1.0
-50.0,50,9572.827651,0.0
-50.0,50,9573.29758,0.0
-50.0,50,9573.775134,0.0
-50.0,50,9574.262199,0.0
-50.0,50,9574.731505,0.0
-50.0,50,9575.204415,0.0
-50.0,50,9575.686285,0.0
-50.0,50,9576.19101,0.0
-50.0,50,9576.679659,0.0
-50.0,50,9577.1603,0.0
-50.0,50,9577.651486,0.0
-50.0,50,9578.136424,0.0
-50.0,50,9578.609599,0.0
-50.0,50,9579.08779,0.0
-50.0,50,9579.561648,0.0
-50.0,50,9580.049342,0.0
-50.0,50,9580.531544,0.0
-50.0,50,9581.003966,0.0
-50.0,50,9581.474312,0.0
0.0,50,9581.97083,1.0
-50.0,50,9582.440207,0.0
-50.0,50,9582.91433,0.0
-50.0,50,9583.385203,0.0
0.0,50,9583.895647,1.0
0.0,50,9584.386592,1.0
0.0,50,9584.881447,1.0
-50.0,50,9585.363782,0.0
-50.0,50,9585.86327,0.0
-50.0,50,9586.33229,0.0
-50.0,50,9586.803538,0.0
-50.0,50,9587.300451,0.0
-50.0,50,9587.781802,0.0
-50.0,50,9588.267762,0.0
-50.0,50,9588.748429,0.0
-50.0,50,9589.220092,0.0
-50.0,50,9589.718299,0.0
-50.0,50,9590.20322,0.0
-50.0,50,9590.675832,0.0
-50.0,50,9591.148207,0.0
-50.0,50,9591.641443,0.0
-50.0,50,9592.118246,0.0
-50.0,50,9592.591533,0.0
-50.0,50,9593.064737,0.0
-50.0,50,9593.556465,0.0
-50.0,50,9594.02948,0.0
-50.0,50,9594.505598,0.0
-50.0,50,9594.979438,0.0
-50.0,50,9595.516863,0.0
-50.0,50,9595.989732,0.0
-50.0,50,9596.463784,0.0
-50.0,50,9596.937487,0.0
-50.0,50,9597.44757,0.0
-50.0,50,9597.921315,0.0
-50.0,50,9598.395085,0.0
-50.0,50,9598.867111,0.0
-50.0,50,9599.354084,0.0
-50.0,50,9599.826545,0.0
-50.0,50,9600.297415,0.0
-50.0,50,9600.772714,0.0
-50.0,50,9601.261475,0.0
-50.0,50,9601.737212,0.0
-50.0,50,9602.209649,0.0
-50.0,50,9602.692807,0.0
-50.0,50,9603.19212,0.0
-50.0,50,9603.680051,0.0
-50.0,50,9604.153355,0.0
-50.0,50,9604.631172,0.0
-50.0,50,9605.116844,0.0
-50.0,50,9605.593397,0.0
-50.0,50,9606.087186,0.0
-50.0,50,9606.567334,0.0
-50.0,50,9607.06255,0.0
-50.0,50,9607.543597,0.0
-50.0,50,9608.025218,0.0
-50.0,50,9608.499029,0.0
-50.0,50,9609.005652,0.0
-50.0,50,9609.489106,0.0
-50.0,50,9609.989111,0.0
-50.0,50,9610.47647,0.0
-50.0,50,9610.973284,0.0
-50.0,50,9611.459586,0.0
-50.0,50,9611.950013,0.0
-50.0,50,9612.434718,0.0
-50.0,50,9612.939715,0.0
-50.0,50,9613.435962,0.0
-50.0,50,9613.923781,0.0
-50.0,50,9614.402215,0.0
-50.0,50,9614.906068,0.0
-50.0,50,9615.400919,0.0
-50.0,50,9615.873477,0.0
-50.0,50,9616.344201,0.0
-50.0,50,9616.830448,0.0
-50.0,50,9617.306535,0.0
-50.0,50,9617.787888,0.0
-50.0,50,9618.269072,0.0
-50.0,50,9618.777688,0.0
-50.0,50,9619.262497,0.0
-50.0,50,9619.741556,0.0
0.0,50,9620.234901,1.0
-50.0,50,9623.033351,0.0
-50.0,50,9623.534232,0.0
-50.0,50,9624.018942,0.0
-50.0,50,9624.499604,0.0
-50.0,50,9624.991406,0.0
-50.0,50,9625.469846,0.0
-50.0,50,9625.953371,0.0
-50.0,50,9626.432265,0.0
-50.0,50,9626.9204,0.0
-50.0,50,9627.42293,0.0
-50.0,50,9627.913827,0.0
0.0,50,9628.417991,1.0
-50.0,50,9628.91244,0.0
0.0,50,9629.415899,1.0
-50.0,50,9629.905781,0.0
-50.0,50,9630.391126,0.0
-50.0,50,9630.89283,0.0
-50.0,50,9631.378687,0.0
-50.0,50,9631.87438,0.0
-50.0,50,9632.374424,0.0
-50.0,50,9632.886895,0.0
-50.0,50,9633.377539,0.0
-50.0,50,9633.879755,0.0
-50.0,50,9634.366686,0.0
-50.0,50,9634.8778,0.0
-50.0,50,9635.363085,0.0
0.0,50,9635.849225,1.0
-50.0,50,9636.360554,0.0
-50.0,50,9636.866681,0.0
-50.0,50,9637.346546,0.0
0.0,50,9637.838831,1.0
-50.0,50,9638.318965,0.0
0.0,50,9638.818807,1.0
-50.0,50,9639.295691,0.0
0.0,50,9639.801247,1.0
-50.0,50,9640.267329,0.0
-50.0,50,9640.760861,0.0
-50.0,50,9641.233634,0.0
-50.0,50,9641.711455,0.0
-50.0,50,9642.184682,0.0
-50.0,50,9642.671958,0.0
-50.0,50,9643.139986,0.0
-50.0,50,9643.620363,0.0
-50.0,50,9644.107524,0.0
-50.0,50,9644.60331,0.0
-50.0,50,9645.073565,0.0
-50.0,50,9645.56493,0.0
-50.0,50,9646.040661,0.0
-50.0,50,9646.531113,0.0
-50.0,50,9647.00268,0.0
-50.0,50,9647.491489,0.0
-50.0,50,9647.965626,0.0
-50.0,50,9648.45837,0.0
-50.0,50,9648.937787,0.0
-50.0,50,9649.411927,0.0
-50.0,50,9649.899267,0.0
-50.0,50,9650.396309,0.0
-50.0,50,9650.875149,0.0
-50.0,50,9651.351397,0.0
-50.0,50,9651.824154,0.0
-50.0,50,9652.332692,0.0
-50.0,50,9652.804531,0.0
-50.0,50,9653.311719,0.0
-50.0,50,9653.796173,0.0
-50.0,50,9654.295205,0.0
-50.0,50,9654.780647,0.0
-50.0,50,9655.265378,0.0
-50.0,50,9655.746311,0.0
-50.0,50,9656.245432,0.0
-50.0,50,9656.724788,0.0
0.0,50,9657.218553,1.0
-50.0,50,9657.689891,0.0
-50.0,50,9658.169518,0.0
-50.0,50,9658.638281,0.0
-50.0,50,9659.133057,0.0
0.0,50,9659.615319,1.0
-50.0,50,9660.097029,0.0
-50.0,50,9660.582607,0.0
-50.0,50,9661.057117,0.0
0.0,50,9661.535449,1.0
-50.0,50,9662.028042,0.0
-50.0,50,9662.514625,0.0
-50.0,50,9662.989158,0.0
0.0,50,9663.472753,1.0
-50.0,50,9663.979769,0.0
-50.0,50,9664.46122,0.0
-50.0,50,9664.944512,0.0
-50.0,50,9665.423816,0.0
-50.0,50,9665.923153,0.0
-50.0,50,9666.408904,0.0
-50.0,50,9666.895271,0.0
-50.0,50,9667.369755,0.0
0.0,50,9667.881027,1.0
-50.0,50,9668.371462,0.0
0.0,50,9668.849099,1.0
-50.0,50,9669.330033,0.0
-50.0,50,9669.830075,0.0
-50.0,50,9670.314171,0.0
-50.0,50,9670.803964,0.0
-50.0,50,9671.287792,0.0
-50.0,50,9671.78236,0.0
-50.0,50,9672.258174,0.0
-50.0,50,9672.741545,0.0
-50.0,50,9673.238679,0.0
-50.0,50,9673.736495,0.0
-50.0,50,9674.220721,0.0
-50.0,50,9674.70651,0.0
-50.0,50,9675.194217,0.0
-50.0,50,9675.682569,0.0
-50.0,50,9676.15498,0.0
-50.0,50,9676.6305,0.0
-50.0,50,9677.104263,0.0
-50.0,50,9677.588202,0.0
-50.0,50,9678.063762,0.0
-50.0,50,9678.545944,0.0
-50.0,50,9679.038673,0.0
-50.0,50,9679.551244,0.0
-50.0,50,9680.021457,0.0
-50.0,50,9680.496082,0.0
-50.0,50,9680.973396,0.0
-50.0,50,9681.459551,0.0
-50.0,50,9681.931614,0.0
-50.0,50,9682.406066,0.0
-50.0,50,9682.875345,0.0
-50.0,50,9683.362328,0.0
-50.0,50,9683.842719,0.0
-50.0,50,9684.33224,0.0
-50.0,50,9684.824808,0.0
-50.0,50,9685.331542,0.0
-50.0,50,9685.816804,0.0
-50.0,50,9686.310773,0.0
-50.0,50,9686.808309,0.0
-50.0,50,9687.331139,0.0
-50.0,50,9687.81837,0.0
-50.0,50,9688.309544,0.0
-50.0,50,9688.795306,0.0
0.0,50,9689.302863,1.0
-50.0,50,9689.79177,0.0
-50.0,50,9690.269838,0.0
-50.0,50,9690.746346,0.0
-50.0,50,9691.242521,0.0
-50.0,50,9691.71013,0.0
-50.0,50,9692.181372,0.0
-50.0,50,9692.654352,0.0
-50.0,50,9693.147405,0.0
-50.0,50,9693.63531,0.0
-50.0,50,9694.104497,0.0
-50.0,50,9694.585647,0.0
-50.0,50,9695.069095,0.0
-50.0,50,9695.536615,0.0
-50.0,50,9696.013034,0.0
-50.0,50,9696.495686,0.0
0.0,50,9696.990788,1.0
-50.0,50,9697.457434,0.0
-50.0,50,9697.927185,0.0
-50.0,50,9698.399641,0.0
-50.0,50,9698.879211,0.0
-50.0,50,9699.358483,0.0
-50.0,50,9699.834283,0.0
-50.0,50,9700.311653,0.0
-50.0,50,9700.796592,0.0
-50.0,50,9701.279614,0.0
-50.0,50,9701.763052,0.0
-50.0,50,9702.240612,0.0
0.0,50,9702.743675,1.0
-50.0,50,9703.221827,0.0
-50.0,50,9703.700404,0.0
-50.0,50,9704.169455,0.0
-50.0,50,9704.660816,0.0
0.0,50,9705.151968,1.0
-50.0,50,9705.648064,0.0
-50.0,50,9706.125886,0.0
-50.0,50,9706.624256,0.0
-50.0,50,9707.102244,0.0
-50.0,50,9707.58264,0.0
-50.0,50,9708.060902,0.0
-50.0,50,9708.550979,0.0
-50.0,50,9709.022459,0.0
-50.0,50,9709.504487,0.0
-50.0,50,9709.98735,0.0
-50.0,50,9710.489357,0.0
-50.0,50,9710.961957,0.0
-50.0,50,9711.434757,0.0
-50.0,50,9711.917007,0.0
-50.0,50,9712.417117,0.0
0.0,50,9712.917434,1.0
-50.0,50,9713.39648,0.0
-50.0,50,9713.873645,0.0
-50.0,50,9714.374093,0.0
-50.0,50,9714.850027,0.0
0.0,50,9715.34564,1.0
-50.0,50,9715.827236,0.0
0.0,50,9716.324437,1.0
-50.0,50,9716.797391,0.0
-50.0,50,9717.287446,0.0
-50.0,50,9717.782478,0.0
-50.0,50,9718.282095,0.0
-50.0,50,9718.764659,0.0
-50.0,50,9719.241127,0.0
-50.0,50,9719.718321,0.0
-50.0,50,9722.535464,0.0
-50.0,50,9723.018642,0.0
0.0,50,9723.498447,1.0
-50.0,50,9723.975533,0.0
-50.0,50,9724.46645,0.0
-50.0,50,9724.946883,0.0
-50.0,50,9725.424286,0.0
-50.0,50,9725.900371,0.0
-50.0,50,9726.38813,0.0
-50.0,50,9726.864357,0.0
-50.0,50,9727.339193,0.0
-50.0,50,9727.807178,0.0
-50.0,50,9728.304611,0.0
0.0,50,9728.788703,1.0
-50.0,50,9729.263068,0.0
-50.0,50,9729.732111,0.0
0.0,50,9730.228641,1.0
-50.0,50,9730.696668,0.0
-50.0,50,9731.166047,0.0
-50.0,50,9731.634454,0.0
-50.0,50,9732.123258,0.0
-50.0,50,9732.598357,0.0
-50.0,50,9733.071797,0.0
-50.0,50,9733.546013,0.0
-50.0,50,9734.037014,0.0
-50.0,50,9734.516545,0.0
-50.0,50,9734.983963,0.0
-50.0,50,9735.46212,0.0
-50.0,50,9735.94557,0.0
-50.0,50,9736.414292,0.0
-50.0,50,9736.888274,0.0
-50.0,50,9737.357129,0.0
-50.0,50,9737.840973,0.0
-50.0,50,9738.31119,0.0
-50.0,50,9738.795059,0.0
-50.0,50,9739.275017,0.0
-50.0,50,9739.762292,0.0
-50.0,50,9740.246527,0.0
-50.0,50,9740.719216,0.0
-50.0,50,9741.189787,0.0
-50.0,50,9741.681985,0.0
-50.0,50,9742.174534,0.0
-50.0,50,9742.646136,0.0
-50.0,50,9743.130368,0.0
-50.0,50,9743.648582,0.0
-50.0,50,9744.137023,0.0
-50.0,50,9744.61594,0.0
-50.0,50,9745.089837,0.0
0.0,50,9745.598038,1.0
-50.0,50,9746.082462,0.0
-50.0,50,9746.584136,0.0
-50.0,50,9747.055562,0.0
-50.0,50,9747.563333,0.0
-50.0,50,9748.045124,0.0
-50.0,50,9748.542973,0.0
-50.0,50,9749.017962,0.0
-50.0,50,9749.528308,0.0
-50.0,50,9750.009444,0.0
-50.0,50,9750.480646,0.0
-50.0,50,9750.954731,0.0
-50.0,50,9751.447359,0.0
-50.0,50,9751.927609,0.0
-50.0,50,9752.395195,0.0
-50.0,50,9752.861161,0.0
-50.0,50,9753.33896,0.0
-50.0,50,9753.805173,0.0
-50.0,50,9754.27224,0.0
-50.0,50,9754.748359,0.0
-50.0,50,9755.229365,0.0
-50.0,50,9755.701501,0.0
-50.0,50,9756.187445,0.0
-50.0,50,9756.672846,0.0
0.0,50,9757.182061,1.0
-50.0,50,9757.650964,0.0
-50.0,50,9758.118164,0.0
-50.0,50,9758.586376,0.0
-50.0,50,9759.064387,0.0
-50.0,50,9759.541164,0.0
-50.0,50,9760.0094,0.0
0.0,50,9760.481772,1.0
-50.0,50,9760.962156,0.0
-50.0,50,9761.44882,0.0
-50.0,50,9761.916871,0.0
0.0,50,9762.399709,1.0
-50.0,50,9762.883387,0.0
-50.0,50,9763.350369,0.0
-50.0,50,9763.823923,0.0
-50.0,50,9764.302221,0.0
-50.0,50,9764.791458,0.0
-50.0,50,9765.259459,0.0
-50.0,50,9765.732144,0.0
-50.0,50,9766.199397,0.0
-50.0,50,9766.693693,0.0
-50.0,50,9767.163986,0.0
-50.0,50,9767.641221,0.0
-50.0,50,9768.115848,0.0
-50.0,50,9768.607474,0.0
-50.0,50,9769.085531,0.0
-50.0,50,9769.561672,0.0
-50.0,50,9770.051426,0.0
-50.0,50,9770.553121,0.0
-50.0,50,9771.023134,0.0
-50.0,50,9771.500671,0.0
0.0,50,9771.993423,1.0
-50.0,50,9772.486495,0.0
-50.0,50,9772.963505,0.0
-50.0,50,9773.444278,0.0
-50.0,50,9773.927411,0.0
-50.0,50,9774.421212,0.0
-50.0,50,9774.899461,0.0
-50.0,50,9775.380803,0.0
-50.0,50,9775.850156,0.0
-50.0,50,9776.34237,0.0
-50.0,50,9776.81293,0.0
-50.0,50,9777.282847,0.0
-50.0,50,9777.756077,0.0
-50.0,50,9778.246528,0.0
-50.0,50,9778.715317,0.0
-50.0,50,9779.187258,0.0
-50.0,50,9779.663675,0.0
-50.0,50,9780.157634,0.0
-50.0,50,9780.634354,0.0
-50.0,50,9781.106057,0.0
-50.0,50,9781.58074,0.0
-50.0,50,9782.07817,0.0
-50.0,50,9782.561017,0.0
-50.0,50,9783.03186,0.0
-50.0,50,9783.506059,0.0
-50.0,50,9783.992399,0.0
-50.0,50,9784.473675,0.0
-50.0,50,9784.953744,0.0
-50.0,50,9785.437249,0.0
-50.0,50,9785.930345,0.0
-50.0,50,9786.422338,0.0
-50.0,50,9786.905745,0.0
-50.0,50,9787.391059,0.0
-50.0,50,9787.885694,0.0
-50.0,50,9788.368515,0.0
-50.0,50,9788.849655,0.0
-50.0,50,9789.323561,0.0
-50.0,50,9789.82398,0.0
-50.0,50,9790.315184,0.0
-50.0,50,9790.795473,0.0
-50.0,50,9791.273458,0.0
-50.0,50,9791.773029,0.0
-50.0,50,9792.26303,0.0
-50.0,50,9792.747382,0.0
-50.0,50,9793.230714,0.0
-50.0,50,9793.749026,0.0
0.0,50,9794.227122,1.0
-50.0,50,9794.70874,0.0
-50.0,50,9795.195608,0.0
-50.0,50,9795.691308,0.0
-50.0,50,9796.16439,0.0
-50.0,50,9796.641179,0.0
-50.0,50,9797.115119,0.0
-50.0,50,9797.611197,0.0
-50.0,50,9798.091227,0.0
-50.0,50,9798.567991,0.0
-50.0,50,9799.041333,0.0
-50.0,50,9799.55705,0.0
-50.0,50,9800.038288,0.0
-50.0,50,9800.522952,0.0
-50.0,50,9801.002677,0.0
0.0,50,9801.527395,1.0
-50.0,50,9801.994047,0.0
-50.0,50,9802.480614,0.0
-50.0,50,9802.961878,0.0
-50.0,50,9803.465543,0.0
-50.0,50,9803.934571,0.0
-50.0,50,9804.404304,0.0
-50.0,50,9804.883501,0.0
-50.0,50,9805.375423,0.0
-50.0,50,9805.853017,0.0
-50.0,50,9806.330937,0.0
-50.0,50,9806.805291,0.0
-50.0,50,9807.296071,0.0
-50.0,50,9807.779779,0.0
-50.0,50,9808.270644,0.0
-50.0,50,9808.73626,0.0
-50.0,50,9809.2193,0.0
-50.0,50,9809.698515,0.0
-50.0,50,9810.174078,0.0
-50.0,50,9810.65459,0.0
-50.0,50,9811.137278,0.0
-50.0,50,9811.607326,0.0
-50.0,50,9812.090562,0.0
-50.0,50,9812.562439,0.0
-50.0,50,9813.050055,0.0
-50.0,50,9813.522508,0.0
-50.0,50,9813.996343,0.0
-50.0,50,9814.473127,0.0
-50.0,50,9814.960486,0.0
-50.0,50,9815.429744,0.0
-50.0,50,9815.902267,0.0
-50.0,50,9816.399008,0.0
-50.0,50,9816.88997,0.0
-50.0,50,9817.365956,0.0
-50.0,50,9817.850029,0.0
-50.0,50,9818.319964,0.0
-50.0,50,9820.978155,0.0
-50.0,50,9821.449255,0.0
-50.0,50,9821.919007,0.0
-50.0,50,9822.3973,0.0
-50.0,50,9822.889654,0.0
0.0,50,9823.362993,1.0
-50.0,50,9823.862538,0.0
0.0,50,9824.358274,1.0
-50.0,50,9824.851359,0.0
-50.0,50,9825.342974,0.0
-50.0,50,9825.826981,0.0
-50.0,50,9826.302247,0.0
-50.0,50,9826.788225,0.0
-50.0,50,9827.259905,0.0
-50.0,50,9827.751739,0.0
-50.0,50,9828.293059,0.0
-50.0,50,9828.776113,0.0
-50.0,50,9829.242959,0.0
-50.0,50,9829.725325,0.0
-50.0,50,9830.201953,0.0
0.0,50,9830.696162,1.0
-50.0,50,9831.164598,0.0
-50.0,50,9831.632457,0.0
-34.0,50,9832.103033,0.0
-50.0,50,9832.58715,0.0
-50.0,50,9833.05795,0.0
-50.0,50,9833.525446,0.0
-50.0,50,9833.998526,0.0
-50.0,50,9834.490743,0.0
-50.0,50,9834.979447,0.0
-50.0,50,9835.461328,0.0
-50.0,50,9835.940155,0.0
-50.0,50,9836.430423,0.0
-50.0,50,9836.912055,0.0
-50.0,50,9837.385391,0.0
-50.0,50,9837.863643,0.0
-50.0,50,9838.352281,0.0
-50.0,50,9838.88381,0.0
-50.0,50,9839.360793,0.0
-50.0,50,9839.839527,0.0
-50.0,50,9840.337419,0.0
-50.0,50,9840.816577,0.0
-50.0,50,9841.295185,0.0
-50.0,50,9841.76453,0.0
-50.0,50,9842.248168,0.0
-50.0,50,9842.717336,0.0
-50.0,50,9843.192993,0.0
-50.0,50,9843.679658,0.0
-50.0,50,9844.185192,0.0
-50.0,50,9844.658911,0.0
-50.0,50,9845.126467,0.0
-50.0,50,9845.617776,0.0
-50.0,50,9846.108162,0.0
-50.0,50,9846.578587,0.0
-50.0,50,9847.05324,0.0
-50.0,50,9847.519877,0.0
-50.0,50,9848.002146,0.0
-50.0,50,9848.469151,0.0
-50.0,50,9848.944194,0.0
-50.0,50,9849.411314,0.0
-50.0,50,9849.909057,0.0
-50.0,50,9850.39758,0.0
-50.0,50,9850.873545,0.0
0.0,50,9851.344231,1.0
-50.0,50,9851.839399,0.0
-50.0,50,9852.3231,0.0
-50.0,50,9852.797008,0.0
-50.0,50,9853.26763,0.0
-50.0,50,9853.760012,0.0
-50.0,50,9854.237259,0.0
-49.0,50,9854.718087,0.0
-50.0,50,9855.197283,0.0
-50.0,50,9855.695205,0.0
-50.0,50,9856.16784,0.0
-50.0,50,9856.642685,0.0
-50.0,50,9857.11802,0.0
-50.0,50,9857.616333,0.0
-50.0,50,9858.089906,0.0
-50.0,50,9858.571495,0.0
-50.0,50,9859.041203,0.0
-50.0,50,9859.535126,0.0
0.0,50,9860.016481,1.0
-50.0,50,9860.485341,0.0
-50.0,50,9860.961009,0.0
0.0,50,9861.457125,1.0
-50.0,50,9861.928325,0.0
-50.0,50,9862.408255,0.0
-50.0,50,9862.877126,0.0
-50.0,50,9863.362511,0.0
-50.0,50,9863.838969,0.0
-50.0,50,9864.309765,0.0
-50.0,50,9864.780402,0.0
-50.0,50,9865.267935,0.0
-50.0,50,9865.73804,0.0
-50.0,50,9866.212415,0.0
-50.0,50,9866.689905,0.0
-50.0,50,9867.173167,0.0
-50.0,50,9867.667818,0.0
-50.0,50,9868.153537,0.0
-50.0,50,9868.622171,0.0
-50.0,50,9869.118812,0.0
-50.0,50,9869.594579,0.0
-50.0,50,9870.067064,0.0
-50.0,50,9870.54006,0.0
-50.0,50,9871.048168,0.0
0.0,50,9871.548182,1.0
-50.0,50,9872.051037,0.0
-50.0,50,9872.542432,0.0
-50.0,50,9873.028168,0.0
-50.0,50,9873.497336,0.0
-50.0,50,9873.968951,0.0
-50.0,50,9874.437657,0.0
-50.0,50,9874.929195,0.0
0.0,50,9875.425197,1.0
-50.0,50,9875.905695,0.0
-50.0,50,9876.379123,0.0
-50.0,50,9876.878305,0.0
-50.0,50,9877.361314,0.0
-50.0,50,9877.85436,0.0
-50.0,50,9878.323882,0.0
-50.0,50,9878.809907,0.0
-50.0,50,9879.295804,0.0
-50.0,50,9879.786545,0.0
-50.0,50,9880.263469,0.0
-50.0,50,9880.749415,0.0
-50.0,50,9881.225195,0.0
-50.0,50,9881.694966,0.0
0.0,50,9882.186873,1.0
-50.0,50,9882.688149,0.0
-50.0,50,9883.171223,0.0
-50.0,50,9883.640286,0.0
-50.0,50,9884.119108,0.0
-50.0,50,9884.601693,0.0
-50.0,50,9885.070396,0.0
-50.0,50,9885.554524,0.0
-50.0,50,9886.025283,0.0
0.0,50,9886.531043,1.0
-50.0,50,9887.02689,0.0
-50.0,50,9887.498378,0.0
-50.0,50,9887.966429,0.0
-50.0,50,9888.464328,0.0
0.0,50,9888.965029,1.0
-50.0,50,9889.43312,0.0
-50.0,50,9889.914555,0.0
-50.0,50,9890.400545,0.0
-50.0,50,9890.869322,0.0
-50.0,50,9891.335094,0.0
0.0,50,9891.818507,1.0
-50.0,50,9892.303055,0.0
0.0,50,9892.792265,1.0
-50.0,50,9893.284355,0.0
-50.0,50,9893.770612,0.0
-50.0,50,9894.263281,0.0
-50.0,50,9894.731818,0.0
-50.0,50,9895.208962,0.0
-50.0,50,9895.688462,0.0
-50.0,50,9896.16876,0.0
-50.0,50,9896.657457,0.0
-50.0,50,9897.150107,0.0
-50.0,50,9897.619507,0.0
-50.0,50,9898.118529,0.0
0.0,50,9898.601611,1.0
-50.0,50,9899.081677,0.0
-50.0,50,9899.566542,0.0
-50.0,50,9900.064903,0.0
-50.0,50,9900.556753,0.0
-50.0,50,9901.029475,0.0
-50.0,50,9901.498153,0.0
-50.0,50,9901.984261,0.0
-50.0,50,9902.462028,0.0
-50.0,50,9902.949534,0.0
-50.0,50,9903.429044,0.0
-50.0,50,9903.914455,0.0
-50.0,50,9904.397071,0.0
-50.0,50,9904.867651,0.0
-50.0,50,9905.339944,0.0
0.0,50,9905.843772,1.0
-50.0,50,9906.330536,0.0
-50.0,50,9906.81164,0.0
-50.0,50,9907.293835,0.0
-50.0,50,9907.803293,0.0
-50.0,50,9908.277289,0.0
-50.0,50,9908.75663,0.0
-50.0,50,9909.239604,0.0
-50.0,50,9909.772168,0.0
-50.0,50,9910.240997,0.0
-50.0,50,9910.722083,0.0
-50.0,50,9911.188741,0.0
-50.0,50,9911.696833,0.0
-50.0,50,9912.176482,0.0
-50.0,50,9912.643315,0.0
-50.0,50,9913.133856,0.0
0.0,50,9913.632298,1.0
-50.0,50,9914.106495,0.0
-50.0,50,9914.571502,0.0
-50.0,50,9915.045285,0.0
-50.0,50,9915.542574,0.0
-50.0,50,9916.01521,0.0
-50.0,50,9916.484344,0.0
-50.0,50,9916.951249,0.0
0.0,50,9919.783981,1.0
-50.0,50,9920.261251,0.0
-50.0,50,9920.743266,0.0
-50.0,50,9921.227004,0.0
-50.0,50,9921.721231,0.0
-50.0,50,9922.218183,0.0
-50.0,50,9922.693156,0.0
-50.0,50,9923.170452,0.0
-50.0,50,9923.662366,0.0
-50.0,50,9924.142735,0.0
-50.0,50,9924.626603,0.0
-50.0,50,9925.115998,0.0
-50.0,50,9925.605832,0.0
-50.0,50,9926.07686,0.0
-50.0,50,9926.552591,0.0
-50.0,50,9927.02467,0.0
-50.0,50,9927.514715,0.0
-50.0,50,9928.005129,0.0
-50.0,50,9928.476662,0.0
-50.0,50,9928.949992,0.0
-50.0,50,9929.448169,0.0
-50.0,50,9929.931912,0.0
-50.0,50,9930.42521,0.0
-50.0,50,9930.911127,0.0
-50.0,50,9931.396204,0.0
-50.0,50,9931.871713,0.0
-50.0,50,9932.343799,0.0
-50.0,50,9932.816203,0.0
0.0,50,9933.316598,1.0
-50.0,50,9933.800808,0.0
-50.0,50,9934.273952,0.0
-50.0,50,9934.753412,0.0
-50.0,50,9935.251551,0.0
-50.0,50,9935.740018,0.0
0.0,50,9936.240644,1.0
-50.0,50,9936.712487,0.0
-50.0,50,9937.198302,0.0
-50.0,50,9937.68108,0.0
-50.0,50,9938.18215,0.0
0.0,50,9938.679374,1.0
-50.0,50,9939.202829,0.0
-50.0,50,9939.682508,0.0
-50.0,50,9940.170101,0.0
-50.0,50,9940.660533,0.0
-50.0,50,9941.161156,0.0
0.0,50,9941.671674,1.0
-50.0,50,9942.159553,0.0
-50.0,50,9942.639197,0.0
-50.0,50,9943.140889,0.0
-50.0,50,9943.621121,0.0
-50.0,50,9944.103615,0.0
-50.0,50,9944.583884,0.0
-50.0,50,9945.087219,0.0
-50.0,50,9945.567569,0.0
-50.0,50,9946.042073,0.0
-50.0,50,9946.527214,0.0
-50.0,50,9947.015657,0.0
0.0,50,9947.505431,1.0
-50.0,50,9947.983669,0.0
0.0,50,9948.470999,1.0
-50.0,50,9948.976473,0.0
-50.0,50,9949.461098,0.0
-50.0,50,9949.93639,0.0
-50.0,50,9950.407754,0.0
-50.0,50,9950.916236,0.0
-50.0,50,9951.385237,0.0
-50.0,50,9951.852031,0.0
-50.0,50,9952.331085,0.0
-50.0,50,9952.832111,0.0
-50.0,50,9953.308194,0.0
-50.0,50,9953.799867,0.0
0.0,50,9954.29966,1.0
-50.0,50,9954.800473,0.0
-50.0,50,9955.273156,0.0
-50.0,50,9955.763589,0.0
-50.0,50,9956.249581,0.0
0.0,50,9956.76951,1.0
-50.0,50,9957.240084,0.0
-50.0,50,9957.707573,0.0
-50.0,50,9958.186284,0.0
-50.0,50,9958.670446,0.0
-50.0,50,9959.171184,0.0
0.0,50,9959.673153,1.0
-50.0,50,9960.146839,0.0
-50.0,50,9960.645218,0.0
-50.0,50,9961.115197,0.0
-50.0,50,9961.590292,0.0
-50.0,50,9962.062793,0.0
-50.0,50,9962.561108,0.0
-50.0,50,9963.045078,0.0
-50.0,50,9963.524326,0.0
-50.0,50,9964.010492,0.0
-50.0,50,9964.539885,0.0
-50.0,50,9965.02439,0.0
-50.0,50,9965.509198,0.0
-50.0,50,9965.991704,0.0
-50.0,50,9966.486756,0.0
-50.0,50,9966.957336,0.0
-50.0,50,9967.439572,0.0
-50.0,50,9967.92312,0.0
-50.0,50,9968.435509,0.0
-50.0,50,9968.929497,0.0
-50.0,50,9969.408158,0.0
-50.0,50,9969.893002,0.0
-50.0,50,9970.386509,0.0
-50.0,50,9970.860433,0.0
-50.0,50,9971.339669,0.0
-50.0,50,9971.817587,0.0
-50.0,50,9972.304952,0.0
-50.0,50,9972.800873,0.0
-50.0,50,9973.278105,0.0
-50.0,50,9973.762341,0.0
-50.0,50,9974.267306,0.0
-50.0,50,9974.756839,0.0
-50.0,50,9975.244112,0.0
-50.0,50,9975.732272,0.0
-50.0,50,9976.234283,0.0
-50.0,50,9976.714829,0.0
-50.0,50,9977.189717,0.0
-50.0,50,9977.665845,0.0
0.0,50,9978.172346,1.0
-50.0,50,9978.654147,0.0
-50.0,50,9979.140145,0.0
-50.0,50,9979.625202,0.0
-50.0,50,9980.133372,0.0
-50.0,50,9980.626358,0.0
-50.0,50,9981.11199,0.0
-50.0,50,9981.58981,0.0
-50.0,50,9982.088899,0.0
-50.0,50,9982.567873,0.0
-50.0,50,9983.043599,0.0
-50.0,50,9983.527447,0.0
-50.0,50,9984.024731,0.0
-50.0,50,9984.509566,0.0
-50.0,50,9984.988435,0.0
-50.0,50,9985.472817,0.0
-50.0,50,9985.97983,0.0
-50.0,50,9986.458838,0.0
-50.0,50,9986.954007,0.0
-50.0,50,9987.433103,0.0
-50.0,50,9987.926179,0.0
-50.0,50,9988.401313,0.0
-50.0,50,9988.873691,0.0
-50.0,50,9989.351034,0.0
-50.0,50,9989.869647,0.0
-50.0,50,9990.354882,0.0
-50.0,50,9990.831364,0.0
-50.0,50,9991.303957,0.0
-50.0,50,9991.803607,0.0
-50.0,50,9992.27785,0.0
-50.0,50,9992.758983,0.0
-50.0,50,9993.235635,0.0
-50.0,50,9993.727939,0.0
-50.0,50,9994.211243,0.0
-50.0,50,9994.701272,0.0
-50.0,50,9995.192705,0.0
-50.0,50,9995.686051,0.0
-50.0,50,9996.169091,0.0
-50.0,50,9996.65992,0.0
-50.0,50,9997.154116,0.0
-50.0,50,9997.651107,0.0
-50.0,50,9998.150515,0.0
-50.0,50,9998.632964,0.0
-50.0,50,9999.116962,0.0
-50.0,50,9999.643966,0.0
-50.0,50,10000.128557,0.0
-50.0,50,10000.604343,0.0
-50.0,50,10001.078574,0.0
-50.0,50,10001.56698,0.0
-50.0,50,10002.040183,0.0
-50.0,50,10002.522156,0.0
-50.0,50,10002.996032,0.0
-50.0,50,10003.494171,0.0
-50.0,50,10003.967204,0.0
-50.0,50,10004.436378,0.0
-50.0,50,10004.919329,0.0
-50.0,50,10005.409554,0.0
-50.0,50,10005.883016,0.0
-50.0,50,10006.362777,0.0
-50.0,50,10006.835256,0.0
-50.0,50,10007.326877,0.0
-50.0,50,10007.799242,0.0
-50.0,50,10008.281278,0.0
-50.0,50,10008.76144,0.0
-50.0,50,10009.246953,0.0
-50.0,50,10009.7185,0.0
-50.0,50,10010.1985,0.0
-50.0,50,10010.677841,0.0
-50.0,50,10011.176837,0.0
-50.0,50,10011.64906,0.0
-50.0,50,10012.118026,0.0
-50.0,50,10012.611156,0.0
0.0,50,10013.137573,1.0
-50.0,50,10013.63193,0.0
-50.0,50,10014.122419,0.0
-50.0,50,10014.608274,0.0
-50.0,50,10015.107344,0.0
-50.0,50,10015.602079,0.0
-50.0,50,10016.098422,0.0
-50.0,50,10016.590925,0.0
-50.0,50,10019.451467,0.0
-50.0,50,10019.921733,0.0
-50.0,50,10020.397722,0.0
-50.0,50,10020.872597,0.0
-50.0,50,10021.372198,0.0
-50.0,50,10021.85447,0.0
-50.0,50,10022.342849,0.0
-50.0,50,10022.813731,0.0
-50.0,50,10023.30378,0.0
-50.0,50,10023.776129,0.0
-50.0,50,10024.253994,0.0
-50.0,50,10024.722581,0.0
-50.0,50,10025.216072,0.0
0.0,50,10025.687196,1.0
-50.0,50,10026.180504,0.0
-50.0,50,10026.651471,0.0
-50.0,50,10027.133165,0.0
-50.0,50,10027.64205,0.0
-50.0,50,10028.111169,0.0
-50.0,50,10028.585984,0.0
-50.0,50,10029.075946,0.0
-50.0,50,10029.548368,0.0
-50.0,50,10030.01827,0.0
-50.0,50,10030.492824,0.0
-50.0,50,10030.995355,0.0
-50.0,50,10031.466691,0.0
-50.0,50,10031.948181,0.0
-50.0,50,10032.426389,0.0
-50.0,50,10032.923068,0.0
-50.0,50,10033.400961,0.0
-50.0,50,10033.875718,0.0
-50.0,50,10034.355454,0.0
-50.0,50,10034.84247,0.0
-50.0,50,10035.314071,0.0
-50.0,50,10035.78678,0.0
-50.0,50,10036.253623,0.0
-50.0,50,10036.744509,0.0
-50.0,50,10037.213719,0.0
-50.0,50,10037.684999,0.0
-50.0,50,10038.165254,0.0
-50.0,50,10038.662258,0.0
-50.0,50,10039.134576,0.0
-50.0,50,10039.617425,0.0
-50.0,50,10040.093121,0.0
-50.0,50,10040.602548,0.0
-50.0,50,10041.074813,0.0
-50.0,50,10041.546413,0.0
-50.0,50,10042.040884,0.0
-50.0,50,10042.529674,0.0
-50.0,50,10043.01791,0.0
-50.0,50,10043.507769,0.0
-50.0,50,10043.990062,0.0
-50.0,50,10044.476199,0.0
-50.0,50,10044.945675,0.0
-50.0,50,10045.422076,0.0
-50.0,50,10045.917679,0.0
-50.0,50,10046.42556,0.0
-50.0,50,10046.905507,0.0
-50.0,50,10047.375724,0.0
-50.0,50,10047.8469,0.0
-50.0,50,10048.331552,0.0
-50.0,50,10048.803403,0.0
-50.0,50,10049.282373,0.0
0.0,50,10049.782437,1.0
-50.0,50,10050.273111,0.0
-50.0,50,10050.745965,0.0
-50.0,50,10051.226431,0.0
-50.0,50,10051.701256,0.0
-50.0,50,10052.194509,0.0
-50.0,50,10052.671932,0.0
0.0,50,10053.164765,1.0
-50.0,50,10053.647671,0.0
-50.0,50,10054.138359,0.0
0.0,50,10054.637993,1.0
-50.0,50,10055.107859,0.0
-50.0,50,10055.584135,0.0
-50.0,50,10056.098628,0.0
-50.0,50,10056.58304,0.0
-50.0,50,10057.059978,0.0
-50.0,50,10057.560216,0.0
-50.0,50,10058.089178,0.0
-50.0,50,10058.570943,0.0
-50.0,50,10059.064321,0.0
-50.0,50,10059.541389,0.0
0.0,50,10060.060864,1.0
-50.0,50,10060.539444,0.0
-50.0,50,10061.012628,0.0
0.0,50,10061.503077,1.0
-50.0,50,10061.99891,0.0
-50.0,50,10062.480961,0.0
-50.0,50,10062.95596,0.0
-50.0,50,10063.42737,0.0
-50.0,50,10063.927206,0.0
-50.0,50,10064.398147,0.0
-50.0,50,10064.872749,0.0
0.0,50,10065.378145,1.0
-50.0,50,10065.898191,0.0
-50.0,50,10066.384204,0.0
-50.0,50,10066.86688,0.0
-50.0,50,10067.34814,0.0
-50.0,50,10067.878217,0.0
-50.0,50,10068.349979,0.0
-50.0,50,10068.82221,0.0
-50.0,50,10069.308418,0.0
-50.0,50,10069.855966,0.0
-50.0,50,10070.326935,0.0
-50.0,50,10070.831123,0.0
-50.0,50,10071.315225,0.0
-50.0,50,10071.819544,0.0
-50.0,50,10072.299669,0.0
-50.0,50,10072.770762,0.0
-50.0,50,10073.23939,0.0
-50.0,50,10073.743752,0.0
-50.0,50,10074.230408,0.0
-50.0,50,10074.722811,0.0
-50.0,50,10075.201302,0.0
-50.0,50,10075.719031,0.0
-50.0,50,10076.205672,0.0
-50.0,50,10076.696054,0.0
-50.0,50,10077.164769,0.0
-50.0,50,10077.662688,0.0
-50.0,50,10078.145479,0.0
-50.0,50,10078.614302,0.0
-50.0,50,10079.088114,0.0
-50.0,50,10079.583969,0.0
-50.0,50,10080.056159,0.0
-50.0,50,10080.552734,0.0
-50.0,50,10081.021659,0.0
-50.0,50,10081.540597,0.0
-50.0,50,10082.012954,0.0
-50.0,50,10082.483531,0.0
-50.0,50,10082.959708,0.0
-50.0,50,10083.460554,0.0
-50.0,50,10083.930399,0.0
-50.0,50,10084.401256,0.0
-50.0,50,10084.878335,0.0
-50.0,50,10085.383298,0.0
-50.0,50,10085.852563,0.0
-50.0,50,10086.332994,0.0
-50.0,50,10086.805338,0.0
-50.0,50,10087.313816,0.0
-50.0,50,10087.78083,0.0
-50.0,50,10088.249299,0.0
-50.0,50,10088.717353,0.0
-50.0,50,10089.221897,0.0
-50.0,50,10089.690252,0.0
-50.0,50,10090.171083,0.0
0.0,50,10090.649664,1.0
-50.0,50,10091.164135,0.0
-50.0,50,10091.634668,0.0
-50.0,50,10092.112126,0.0
-50.0,50,10092.590088,0.0
0.0,50,10093.109877,1.0
-50.0,50,10093.580981,0.0
-50.0,50,10094.051555,0.0
-50.0,50,10094.535071,0.0
-50.0,50,10095.03823,0.0
0.0,50,10095.527218,1.0
-50.0,50,10096.008199,0.0
-50.0,50,10096.484309,0.0
-50.0,50,10096.996639,0.0
0.0,50,10097.485546,1.0
-50.0,50,10097.973557,0.0
-50.0,50,10098.478944,0.0
-50.0,50,10098.992267,0.0
-50.0,50,10099.491314,0.0
-50.0,50,10099.986448,0.0
0.0,50,10100.470132,1.0
-50.0,50,10101.004855,0.0
-50.0,50,10101.495584,0.0
-50.0,50,10101.966962,0.0
-50.0,50,10102.450445,0.0
0.0,50,10102.981241,1.0
-50.0,50,10103.476104,0.0
-50.0,50,10103.946917,0.0
-50.0,50,10104.428548,0.0
-50.0,50,10104.928217,0.0
-50.0,50,10105.405313,0.0
-50.0,50,10105.887577,0.0
-50.0,50,10106.358641,0.0
-50.0,50,10106.851606,0.0
-50.0,50,10107.341007,0.0
-50.0,50,10107.826777,0.0
-50.0,50,10108.29849,0.0
-50.0,50,10108.799787,0.0
-50.0,50,10109.292013,0.0
-50.0,50,10109.793096,0.0
-50.0,50,10110.282731,0.0
-50.0,50,10110.792042,0.0
-50.0,50,10111.287609,0.0
-50.0,50,10111.783786,0.0
-50.0,50,10112.257496,0.0
-50.0,50,10112.774523,0.0
-50.0,50,10113.253962,0.0
-50.0,50,10113.731791,0.0
-50.0,50,10114.215268,0.0
-50.0,50,10114.711254,0.0
-50.0,50,10115.194112,0.0
-50.0,50,10115.666974,0.0
-50.0,50,10116.149463,0.0
-50.0,50,10119.109112,0.0
-50.0,50,10119.575169,0.0
-50.0,50,10120.052476,0.0
-50.0,50,10120.529838,0.0
-50.0,50,10121.035167,0.0
-50.0,50,10121.521969,0.0
-50.0,50,10122.000347,0.0
-50.0,50,10122.490159,0.0
-50.0,50,10122.995261,0.0
-50.0,50,10123.474361,0.0
-50.0,50,10123.966314,0.0
-50.0,50,10124.435744,0.0
-50.0,50,10124.960961,0.0
-50.0,50,10125.473173,0.0
-50.0,50,10125.966236,0.0
-50.0,50,10126.448525,0.0
-50.0,50,10126.954349,0.0
-50.0,50,10127.43045,0.0
-50.0,50,10127.905283,0.0
-50.0,50,10128.381205,0.0
-50.0,50,10128.89635,0.0
-50.0,50,10129.3797,0.0
-50.0,50,10129.857842,0.0
-50.0,50,10130.33026,0.0
-50.0,50,10130.823792,0.0
-50.0,50,10131.299658,0.0
-50.0,50,10131.779518,0.0
-50.0,50,10132.266498,0.0
-50.0,50,10132.762822,0.0
-50.0,50,10133.258547,0.0
-50.0,50,10133.746231,0.0
-50.0,50,10134.247658,0.0
-50.0,50,10134.758442,0.0
-50.0,50,10135.243737,0.0
-50.0,50,10135.727018,0.0
-50.0,50,10136.21563,0.0
-50.0,50,10136.724626,0.0
0.0,50,10137.227815,1.0
-50.0,50,10137.710557,0.0
-50.0,50,10138.183111,0.0
-50.0,50,10138.700915,0.0
-50.0,50,10139.172069,0.0
-50.0,50,10139.652236,0.0
-50.0,50,10140.130419,0.0
-50.0,50,10140.628145,0.0
-50.0,50,10141.105248,0.0
-50.0,50,10141.600356,0.0
-50.0,50,10142.097332,0.0
-50.0,50,10142.624469,0.0
-50.0,50,10143.108074,0.0
-50.0,50,10143.581701,0.0
-50.0,50,10144.063565,0.0
-50.0,50,10144.580756,0.0
0.0,50,10145.081206,1.0
-50.0,50,10145.565192,0.0
0.0,50,10146.040933,1.0
-50.0,50,10146.564366,0.0
-50.0,50,10147.035701,0.0
-50.0,50,10147.514917,0.0
-50.0,50,10148.013643,0.0
-50.0,50,10148.51255,0.0
-50.0,50,10148.986383,0.0
-50.0,50,10149.456811,0.0
-50.0,50,10149.92835,0.0
-50.0,50,10150.446341,0.0
-50.0,50,10150.924113,0.0
-50.0,50,10151.405468,0.0
-50.0,50,10151.892026,0.0
-50.0,50,10152.401343,0.0
-50.0,50,10152.887528,0.0
-50.0,50,10153.40542,0.0
-50.0,50,10153.905259,0.0
-50.0,50,10154.406061,0.0
-50.0,50,10154.906604,0.0
-50.0,50,10155.393418,0.0
-50.0,50,10155.887055,0.0
-50.0,50,10156.396179,0.0
-50.0,50,10156.88124,0.0
-50.0,50,10157.368633,0.0
-50.0,50,10157.849215,0.0
-50.0,50,10158.334813,0.0
-50.0,50,10158.87127,0.0
-50.0,50,10159.349112,0.0
-50.0,50,10159.816979,0.0
-50.0,50,10160.301229,0.0
-50.0,50,10160.780154,0.0
-50.0,50,10161.262103,0.0
-50.0,50,10161.742428,0.0
0.0,50,10162.244791,1.0
-50.0,50,10162.72133,0.0
-50.0,50,10163.217295,0.0
0.0,50,10163.714176,1.0
-50.0,50,10164.229517,0.0
-50.0,50,10164.713446,0.0
-50.0,50,10165.196116,0.0
-50.0,50,10165.668509,0.0
-50.0,50,10166.164258,0.0
-50.0,50,10166.639594,0.0
-50.0,50,10167.123262,0.0
-50.0,50,10167.595528,0.0
-50.0,50,10168.087302,0.0
-50.0,50,10168.571099,0.0
-50.0,50,10169.049275,0.0
-50.0,50,10169.569262,0.0
-50.0,50,10170.061318,0.0
-50.0,50,10170.563555,0.0
-50.0,50,10171.034925,0.0
-50.0,50,10171.52073,0.0
-50.0,50,10172.009909,0.0
-50.0,50,10172.504765,0.0
-50.0,50,10172.999929,0.0
-50.0,50,10173.472215,0.0
-50.0,50,10173.981979,0.0
-50.0,50,10174.463241,0.0
-50.0,50,10174.941144,0.0
-50.0,50,10175.419859,0.0
-50.0,50,10175.930192,0.0
-50.0,50,10176.411036,0.0
-50.0,50,10176.886278,0.0
0.0,50,10177.382477,1.0
-50.0,50,10177.89163,0.0
0.0,50,10178.387919,1.0
-50.0,50,10178.884217,0.0
-50.0,50,10179.388888,0.0
-50.0,50,10179.891451,0.0
-50.0,50,10180.36459,0.0
-50.0,50,10180.835409,0.0
-50.0,50,10181.338476,0.0
0.0,50,10181.845538,1.0
0.0,50,10182.330667,1.0
-50.0,50,10182.807025,0.0
0.0,50,10183.299709,1.0
-50.0,50,10183.796451,0.0
-50.0,50,10184.269031,0.0
-50.0,50,10184.7406,0.0
-50.0,50,10185.222174,0.0
-50.0,50,10185.703133,0.0
-50.0,50,10186.16914,0.0
-50.0,50,10186.639919,0.0
-50.0,50,10187.110812,0.0
-50.0,50,10187.61643,0.0
-50.0,50,10188.109413,0.0
-50.0,50,10188.594985,0.0
-50.0,50,10189.085572,0.0
-50.0,50,10189.5662,0.0
-50.0,50,10190.048178,0.0
-50.0,50,10190.530862,0.0
-50.0,50,10191.018,0.0
-50.0,50,10191.519423,0.0
-50.0,50,10191.996947,0.0
-50.0,50,10192.470097,0.0
-50.0,50,10192.947501,0.0
-50.0,50,10193.44951,0.0
-50.0,50,10193.929008,0.0
-50.0,50,10194.408212,0.0
-50.0,50,10194.894389,0.0
0.0,50,10195.398571,1.0
-50.0,50,10195.867179,0.0
-50.0,50,10196.346443,0.0
-50.0,50,10196.834417,0.0
-50.0,50,10197.327205,0.0
-50.0,50,10197.804378,0.0
-50.0,50,10198.286034,0.0
-50.0,50,10198.754686,0.0
-50.0,50,10199.256914,0.0
-50.0,50,10199.731828,0.0
-50.0,50,10200.202106,0.0
-50.0,50,10200.675124,0.0
-50.0,50,10201.168017,0.0
-50.0,50,10201.648503,0.0
-50.0,50,10202.127932,0.0
-50.0,50,10202.607963,0.0
-50.0,50,10203.111392,0.0
-50.0,50,10203.587039,0.0
-50.0,50,10204.067734,0.0
-50.0,50,10204.547957,0.0
-50.0,50,10205.044891,0.0
-50.0,50,10205.527535,0.0
-50.0,50,10206.002202,0.0
-50.0,50,10206.491683,0.0
-50.0,50,10206.983598,0.0
-50.0,50,10207.467575,0.0
-50.0,50,10207.948139,0.0
-50.0,50,10208.441667,0.0
-50.0,50,10208.931151,0.0
-50.0,50,10209.403596,0.0
-50.0,50,10209.880482,0.0
-50.0,50,10210.351118,0.0
-50.0,50,10210.843563,0.0
-50.0,50,10211.319979,0.0
-50.0,50,10211.796409,0.0
-50.0,50,10212.273087,0.0
-50.0,50,10212.765212,0.0
-50.0,50,10213.254049,0.0
0.0,50,10213.744996,1.0
-50.0,50,10214.240686,0.0
-50.0,50,10214.746811,0.0
-50.0,50,10215.215787,0.0
0.0,50,10215.700002,1.0
-50.0,50,10216.172028,0.0
-50.0,50,10218.967115,0.0
-50.0,50,10219.435463,0.0
-50.0,50,10219.903991,0.0
-50.0,50,10220.372854,0.0
-50.0,50,10220.872893,0.0
-50.0,50,10221.352062,0.0
-50.0,50,10221.824324,0.0
-50.0,50,10222.296872,0.0
-50.0,50,10222.798911,0.0
-50.0,50,10223.277574,0.0
-50.0,50,10223.75965,0.0
-50.0,50,10224.2476,0.0
-50.0,50,10224.755269,0.0
0.0,50,10225.240262,1.0
0.0,50,10225.727791,1.0
-50.0,50,10226.208152,0.0
-50.0,50,10226.690377,0.0
-50.0,50,10227.181894,0.0
-50.0,50,10227.65472,0.0
-50.0,50,10228.12688,0.0
-50.0,50,10228.622456,0.0
-50.0,50,10229.098633,0.0
-50.0,50,10229.589626,0.0
-50.0,50,10230.060575,0.0
-50.0,50,10230.548894,0.0
-50.0,50,10231.035017,0.0
-50.0,50,10231.530362,0.0
-50.0,50,10232.003101,0.0
0.0,50,10232.490309,1.0
-50.0,50,10232.968757,0.0
-50.0,50,10233.449037,0.0
-50.0,50,10233.924806,0.0
-50.0,50,10234.413343,0.0
0.0,50,10234.891639,1.0
-50.0,50,10235.368772,0.0
-50.0,50,10235.845954,0.0
-50.0,50,10236.331451,0.0
-50.0,50,10236.799642,0.0
-50.0,50,10237.265993,0.0
-50.0,50,10237.740262,0.0
-50.0,50,10238.227132,0.0
-50.0,50,10238.699763,0.0
-50.0,50,10239.171826,0.0
-50.0,50,10239.642645,0.0
-50.0,50,10240.141221,0.0
-50.0,50,10240.613253,0.0
-50.0,50,10241.081261,0.0
-50.0,50,10241.552705,0.0
-50.0,50,10242.036996,0.0
-50.0,50,10242.50311,0.0
-50.0,50,10242.970177,0.0
-50.0,50,10243.438073,0.0
-50.0,50,10243.92815,0.0
-50.0,50,10244.395766,0.0
-50.0,50,10244.871208,0.0
-50.0,50,10245.33886,0.0
0.0,50,10245.841756,1.0
-50.0,50,10246.308574,0.0
-50.0,50,10246.780436,0.0
0.0,50,10247.271949,1.0
-50.0,50,10247.759623,0.0
-50.0,50,10248.24269,0.0
-50.0,50,10248.709806,0.0
-50.0,50,10249.186743,0.0
-50.0,50,10249.666897,0.0
-50.0,50,10250.14512,0.0
-50.0,50,10250.612022,0.0
-50.0,50,10251.088548,0.0
-50.0,50,10251.580231,0.0
-50.0,50,10252.051771,0.0
-50.0,50,10252.540287,0.0
-50.0,50,10253.0242,0.0
-50.0,50,10253.52355,0.0
-50.0,50,10253.995962,0.0
-50.0,50,10254.467047,0.0
-50.0,50,10254.943378,0.0
-50.0,50,10255.437674,0.0
-50.0,50,10255.917829,0.0
-50.0,50,10256.398358,0.0
-50.0,50,10256.872504,0.0
-50.0,50,10257.379203,0.0
-50.0,50,10257.860947,0.0
-50.0,50,10258.345012,0.0
-50.0,50,10258.825331,0.0
0.0,50,10259.33332,1.0
-50.0,50,10259.810215,0.0
-50.0,50,10260.291065,0.0
0.0,50,10260.779269,1.0
-50.0,50,10261.26371,0.0
-50.0,50,10261.744501,0.0
0.0,50,10262.234164,1.0
-50.0,50,10262.700194,0.0
-50.0,50,10263.20133,0.0
-50.0,50,10263.671028,0.0
-50.0,50,10264.138375,0.0
-50.0,50,10264.606699,0.0
-50.0,50,10265.090925,0.0
-50.0,50,10265.562877,0.0
0.0,50,10266.080341,1.0
-50.0,50,10266.55954,0.0
-50.0,50,10267.058978,0.0
-50.0,50,10267.554026,0.0
-50.0,50,10268.031071,0.0
-50.0,50,10268.51578,0.0
-50.0,50,10269.015883,0.0
-50.0,50,10269.509628,0.0
-50.0,50,10270.004925,0.0
-50.0,50,10270.492433,0.0
-50.0,50,10270.986494,0.0
-50.0,50,10271.46431,0.0
-50.0,50,10271.937654,0.0
-50.0,50,10272.434865,0.0
-50.0,50,10272.933451,0.0
-50.0,50,10273.414897,0.0
-50.0,50,10273.91867,0.0
0.0,50,10274.443597,1.0
-50.0,50,10274.941912,0.0
-50.0,50,10275.413206,0.0
0.0,50,10275.892991,1.0
-50.0,50,10276.369835,0.0
-50.0,50,10276.863507,0.0
-50.0,50,10277.348022,0.0
-50.0,50,10277.825382,0.0
-50.0,50,10278.306871,0.0
-50.0,50,10278.803839,0.0
-50.0,50,10279.28178,0.0
0.0,50,10279.768281,1.0
-50.0,50,10280.242079,0.0
0.0,50,10280.746179,1.0
-50.0,50,10281.241032,0.0
-50.0,50,10281.729163,0.0
-50.0,50,10282.207748,0.0
-50.0,50,10282.727525,0.0
-50.0,50,10283.210882,0.0
-50.0,50,10283.685754,0.0
-50.0,50,10284.15905,0.0
-50.0,50,10284.652168,0.0
-50.0,50,10285.126773,0.0
-50.0,50,10285.604381,0.0
-50.0,50,10286.078052,0.0
-50.0,50,10286.566608,0.0
-50.0,50,10287.051108,0.0
-50.0,50,10287.526409,0.0
-50.0,50,10288.007769,0.0
-50.0,50,10288.497939,0.0
-50.0,50,10288.972693,0.0
-50.0,50,10289.462165,0.0
-50.0,50,10289.952496,0.0
-50.0,50,10290.446868,0.0
-50.0,50,10290.925195,0.0
-50.0,50,10291.4069,0.0
-50.0,50,10291.890069,0.0
-50.0,50,10292.390308,0.0
-50.0,50,10292.871181,0.0
-50.0,50,10293.358658,0.0
-50.0,50,10293.859226,0.0
-50.0,50,10294.371319,0.0
-50.0,50,10294.860548,0.0
0.0,50,10295.362311,1.0
-50.0,50,10295.854812,0.0
-50.0,50,10296.363189,0.0
-50.0,50,10296.848091,0.0
-50.0,50,10297.34317,0.0
-50.0,50,10297.833861,0.0
-50.0,50,10298.323507,0.0
-50.0,50,10298.802991,0.0
-50.0,50,10299.278572,0.0
-50.0,50,10299.753292,0.0
-50.0,50,10300.267742,0.0
-50.0,50,10300.745,0.0
-50.0,50,10301.218827,0.0
-50.0,50,10301.694228,0.0
-50.0,50,10302.200907,0.0
-50.0,50,10302.68261,0.0
-50.0,50,10303.157603,0.0
-50.0,50,10303.641837,0.0
0.0,50,10304.140872,1.0
-50.0,50,10304.622368,0.0
0.0,50,10305.126132,1.0
-50.0,50,10305.618523,0.0
0.0,50,10306.109584,1.0
-50.0,50,10306.588823,0.0
-50.0,50,10307.069546,0.0
-50.0,50,10307.555903,0.0
-50.0,50,10308.060236,0.0
-50.0,50,10308.56046,0.0
-50.0,50,10309.058268,0.0
-50.0,50,10309.548366,0.0
-50.0,50,10310.053341,0.0
-50.0,50,10310.556824,0.0
-50.0,50,10311.057523,0.0
-50.0,50,10311.534773,0.0
-50.0,50,10312.03026,0.0
-50.0,50,10312.505033,0.0
-50.0,50,10313.009043,0.0
-50.0,50,10313.489227,0.0
-50.0,50,10313.988231,0.0
-50.0,50,10314.467785,0.0
-50.0,50,10314.941739,0.0
-50.0,50,10315.417786,0.0
