#{"t_start": 1786212641.9659488, "env_id": "FetchPush-v3"}
r,l,t,is_success
-50.0,50,5.816467,0.0
-50.0,50,5.900293,0.0
-50.0,50,5.983797,0.0
-50.0,50,6.071636,0.0
-50.0,50,6.167401,0.0
-50.0,50,6.252846,0.0
-50.0,50,6.337084,0.0
-50.0,50,6.424228,0.0
-50.0,50,6.513943,0.0
-50.0,50,6.600246,0.0
-50.0,50,6.688929,0.0
-50.0,50,6.780363,0.0
-50.0,50,6.869532,0.0
-50.0,50,6.955766,0.0
-50.0,50,7.042158,0.0
-50.0,50,7.12738,0.0
-50.0,50,7.221307,0.0
-50.0,50,7.305645,0.0
-50.0,50,7.391536,0.0
-50.0,50,7.480551,0.0
0.0,50,8.610346,1.0
-50.0,50,9.133579,0.0
-50.0,50,9.655004,0.0
-50.0,50,10.173681,0.0
-50.0,50,10.7133,0.0
-50.0,50,11.234993,0.0
0.0,50,11.75203,1.0
0.0,50,12.272546,1.0
-50.0,50,12.815008,0.0
-50.0,50,13.330054,0.0
-50.0,50,13.853504,0.0
-50.0,50,14.373901,0.0
-50.0,50,14.908168,0.0
-50.0,50,15.432083,0.0
-50.0,50,15.951225,0.0
-50.0,50,16.482196,0.0
-50.0,50,17.015384,0.0
-50.0,50,17.534211,0.0
-50.0,50,18.057412,0.0
-50.0,50,18.591311,0.0
-50.0,50,19.128991,0.0
-50.0,50,19.643487,0.0
-50.0,50,20.155985,0.0
-50.0,50,20.669677,0.0
-50.0,50,21.196792,0.0
-50.0,50,21.71154,0.0
-50.0,50,22.227068,0.0
-50.0,50,22.74178,0.0
-50.0,50,23.272897,0.0
-50.0,50,23.791956,0.0
-50.0,50,24.305256,0.0
-50.0,50,24.817629,0.0
-50.0,50,25.352036,0.0
-50.0,50,25.864877,0.0
-50.0,50,26.376686,0.0
-50.0,50,26.893395,0.0
-50.0,50,27.431704,0.0
-50.0,50,27.947551,0.0
-50.0,50,28.461448,0.0
-50.0,50,28.977684,0.0
-50.0,50,29.517002,0.0
-50.0,50,30.029049,0.0
-50.0,50,30.543125,0.0
-50.0,50,31.054878,0.0
-50.0,50,31.591022,0.0
-50.0,50,32.106267,0.0
-50.0,50,32.620399,0.0
-50.0,50,33.129435,0.0
-50.0,50,33.660782,0.0
-50.0,50,34.172237,0.0
-50.0,50,34.685586,0.0
-50.0,50,35.200645,0.0
-50.0,50,35.729707,0.0
-50.0,50,36.244843,0.0
-50.0,50,36.760063,0.0
-50.0,50,37.280822,0.0
-50.0,50,37.805784,0.0
-50.0,50,38.314479,0.0
-50.0,50,38.828805,0.0
-50.0,50,39.348448,0.0
-50.0,50,39.874579,0.0
-50.0,50,40.387655,0.0
-50.0,50,40.903981,0.0
-50.0,50,41.414452,0.0
-50.0,50,41.93941,0.0
-50.0,50,42.455678,0.0
-50.0,50,42.975752,0.0
-50.0,50,43.492513,0.0
-50.0,50,44.030159,0.0
-50.0,50,44.547874,0.0
-50.0,50,45.069172,0.0
-50.0,50,45.581876,0.0
-50.0,50,46.116476,0.0
-50.0,50,46.63815,0.0
-50.0,50,47.151559,0.0
-50.0,50,47.674667,0.0
-50.0,50,48.223259,0.0
-50.0,50,48.753398,0.0
-50.0,50,49.273617,0.0
0.0,50,49.793656,1.0
-50.0,50,50.32471,0.0
-50.0,50,50.841369,0.0
-50.0,50,51.362258,0.0
-50.0,50,51.885608,0.0
0.0,50,52.418138,1.0
-50.0,50,52.928586,0.0
-50.0,50,53.440542,0.0
-50.0,50,53.950479,0.0
-50.0,50,54.489568,0.0
-50.0,50,55.001932,0.0
-50.0,50,55.516892,0.0
-50.0,50,56.024698,0.0
-50.0,50,56.555741,0.0
-50.0,50,57.06791,0.0
-50.0,50,57.578982,0.0
-50.0,50,58.094832,0.0
-50.0,50,58.630675,0.0
-50.0,50,59.147773,0.0
-50.0,50,59.664962,0.0
-50.0,50,60.179795,0.0
-50.0,50,60.712139,0.0
-50.0,50,61.22975,0.0
-50.0,50,61.750009,0.0
-50.0,50,62.258624,0.0
-50.0,50,62.780695,0.0
0.0,50,63.300137,1.0
-50.0,50,63.807762,0.0
-50.0,50,64.322851,0.0
-50.0,50,64.86189,0.0
-50.0,50,65.379885,0.0
-50.0,50,65.88366,0.0
-50.0,50,66.396998,0.0
-50.0,50,66.915685,0.0
-50.0,50,67.427178,0.0
-50.0,50,67.942469,0.0
-50.0,50,68.456521,0.0
-50.0,50,68.992862,0.0
0.0,50,69.504629,1.0
-50.0,50,70.017861,0.0
-50.0,50,70.544057,0.0
-50.0,50,71.074764,0.0
-50.0,50,71.587472,0.0
0.0,50,72.102324,1.0
-50.0,50,72.624224,0.0
-50.0,50,73.151352,0.0
-50.0,50,73.67429,0.0
-50.0,50,74.18782,0.0
-50.0,50,74.711781,0.0
-50.0,50,75.24561,0.0
-50.0,50,75.762568,0.0
-50.0,50,76.289692,0.0
-50.0,50,76.823966,0.0
-50.0,50,77.381671,0.0
-50.0,50,77.903843,0.0
-50.0,50,78.4238,0.0
-50.0,50,78.947709,0.0
-50.0,50,79.488023,0.0
-50.0,50,80.008661,0.0
-50.0,50,80.524501,0.0
-50.0,50,81.043512,0.0
-50.0,50,81.598734,0.0
-50.0,50,82.135309,0.0
-50.0,50,82.6568,0.0
-50.0,50,83.188072,0.0
0.0,50,83.720638,1.0
-50.0,50,84.233926,0.0
-50.0,50,84.756118,0.0
-50.0,50,85.296178,0.0
-50.0,50,85.826461,0.0
-50.0,50,86.345848,0.0
0.0,50,86.860348,1.0
-50.0,50,87.376432,0.0
-50.0,50,87.91624,0.0
-50.0,50,88.435949,0.0
-50.0,50,88.953098,0.0
-50.0,50,89.479046,0.0
-50.0,50,90.003165,0.0
-50.0,50,90.531654,0.0
-50.0,50,91.061114,0.0
-50.0,50,91.593503,0.0
-50.0,50,92.13607,0.0
-50.0,50,92.667853,0.0
-50.0,50,93.203002,0.0
-50.0,50,93.714794,0.0
-2.0,50,94.251346,1.0
-50.0,50,94.780174,0.0
-50.0,50,95.309268,0.0
-50.0,50,95.825714,0.0
-50.0,50,96.352545,0.0
-50.0,50,96.867052,0.0
-50.0,50,97.383908,0.0
-50.0,50,97.902074,0.0
-50.0,50,98.435286,0.0
-50.0,50,98.954406,0.0
-50.0,50,99.472454,0.0
-50.0,50,99.987925,0.0
-50.0,50,100.526022,0.0
-50.0,50,101.050438,0.0
-50.0,50,101.567096,0.0
-50.0,50,102.081126,0.0
-50.0,50,104.994193,0.0
-50.0,50,105.524851,0.0
-50.0,50,106.044255,0.0
-50.0,50,106.566394,0.0
-50.0,50,107.099891,0.0
-50.0,50,107.620021,0.0
-50.0,50,108.143767,0.0
-50.0,50,108.675006,0.0
0.0,50,109.213927,1.0
-50.0,50,109.730131,0.0
-50.0,50,110.256549,0.0
-50.0,50,110.778654,0.0
-50.0,50,111.313997,0.0
-50.0,50,111.832218,0.0
-50.0,50,112.351838,0.0
-50.0,50,112.872959,0.0
-50.0,50,113.4022,0.0
-50.0,50,113.923335,0.0
-50.0,50,114.459706,0.0
-50.0,50,114.9792,0.0
-50.0,50,115.508077,0.0
-50.0,50,116.024749,0.0
0.0,50,116.547111,1.0
-50.0,50,117.064874,0.0
-50.0,50,117.603202,0.0
-50.0,50,118.119947,0.0
-50.0,50,118.644315,0.0
-50.0,50,119.160905,0.0
-50.0,50,119.706304,0.0
0.0,50,120.224576,1.0
-50.0,50,120.745591,0.0
-50.0,50,121.270325,0.0
0.0,50,121.807712,1.0
0.0,50,122.324471,1.0
-50.0,50,122.846771,0.0
-50.0,50,123.373496,0.0
-50.0,50,123.911984,0.0
-50.0,50,124.437692,0.0
-50.0,50,124.955884,0.0
-50.0,50,125.487125,0.0
-50.0,50,126.046052,0.0
-50.0,50,126.584525,0.0
-50.0,50,127.11947,0.0
-50.0,50,127.652803,0.0
-50.0,50,128.203752,0.0
-50.0,50,128.735697,0.0
-50.0,50,129.267812,0.0
-50.0,50,129.782571,0.0
-50.0,50,130.340346,0.0
-50.0,50,130.86817,0.0
-50.0,50,131.382992,0.0
-50.0,50,131.904867,0.0
-50.0,50,132.442495,0.0
-50.0,50,132.964542,0.0
-50.0,50,133.482399,0.0
-50.0,50,133.999209,0.0
-50.0,50,134.535488,0.0
-50.0,50,135.053471,0.0
-50.0,50,135.575686,0.0
-50.0,50,136.096946,0.0
-50.0,50,136.627315,0.0
-50.0,50,137.159925,0.0
-50.0,50,137.685315,0.0
-50.0,50,138.204469,0.0
-50.0,50,138.753679,0.0
-50.0,50,139.275269,0.0
-50.0,50,139.792809,0.0
-50.0,50,140.308764,0.0
-50.0,50,140.844613,0.0
-50.0,50,141.368325,0.0
-50.0,50,141.888568,0.0
-50.0,50,142.426325,0.0
-50.0,50,142.968617,0.0
-50.0,50,143.486869,0.0
-50.0,50,144.001509,0.0
-50.0,50,144.521549,0.0
-50.0,50,145.0672,0.0
-50.0,50,145.583386,0.0
-50.0,50,146.124012,0.0
-50.0,50,146.655629,0.0
-50.0,50,147.193156,0.0
-50.0,50,147.715851,0.0
-50.0,50,148.238819,0.0
-50.0,50,148.760648,0.0
-50.0,50,149.292194,0.0
-50.0,50,149.810945,0.0
-47.0,50,150.334268,1.0
-50.0,50,150.849874,0.0
-50.0,50,151.391967,0.0
-50.0,50,151.919996,0.0
-50.0,50,152.446562,0.0
-50.0,50,152.975653,0.0
-50.0,50,153.506332,0.0
-50.0,50,154.022974,0.0
-50.0,50,154.540233,0.0
-50.0,50,155.05653,0.0
-50.0,50,155.597672,0.0
-50.0,50,156.11257,0.0
-50.0,50,156.635623,0.0
-50.0,50,157.153165,0.0
-50.0,50,157.683366,0.0
-50.0,50,158.215112,0.0
-50.0,50,158.731501,0.0
-50.0,50,159.248132,0.0
-50.0,50,159.782158,0.0
-50.0,50,160.313049,0.0
-50.0,50,160.839529,0.0
-50.0,50,161.35934,0.0
-50.0,50,161.895866,0.0
-50.0,50,162.416989,0.0
-50.0,50,162.936836,0.0
-50.0,50,163.463354,0.0
-50.0,50,164.015808,0.0
-50.0,50,164.544092,0.0
-50.0,50,165.076738,0.0
-50.0,50,165.607402,0.0
-50.0,50,166.149419,0.0
-50.0,50,166.671474,0.0
-50.0,50,167.198197,0.0
-50.0,50,167.722058,0.0
-50.0,50,168.277936,0.0
-50.0,50,168.813844,0.0
-50.0,50,169.329186,0.0
-50.0,50,169.854044,0.0
-50.0,50,170.402175,0.0
0.0,50,170.930957,1.0
-50.0,50,171.469503,0.0
-50.0,50,171.999156,0.0
-50.0,50,172.540249,0.0
-50.0,50,173.069408,0.0
-50.0,50,173.595829,0.0
-50.0,50,174.122662,0.0
-50.0,50,174.670058,0.0
-50.0,50,175.201003,0.0
-50.0,50,175.72169,0.0
-50.0,50,176.246311,0.0
-50.0,50,176.791481,0.0
-50.0,50,177.323758,0.0
-50.0,50,177.847491,0.0
-50.0,50,178.36822,0.0
-50.0,50,178.903595,0.0
-46.0,50,179.436983,0.0
-50.0,50,179.962662,0.0
-50.0,50,180.493319,0.0
-50.0,50,181.032238,0.0
-50.0,50,181.54783,0.0
-50.0,50,182.06328,0.0
-50.0,50,182.58754,0.0
-50.0,50,183.143081,0.0
-50.0,50,183.664262,0.0
-50.0,50,184.183066,0.0
-50.0,50,184.703089,0.0
-50.0,50,185.24046,0.0
-50.0,50,185.760755,0.0
-50.0,50,186.27424,0.0
-50.0,50,186.791193,0.0
-50.0,50,187.328103,0.0
-50.0,50,187.854157,0.0
-50.0,50,188.36691,0.0
-50.0,50,188.890663,0.0
-50.0,50,189.427336,0.0
-50.0,50,189.947957,0.0
-50.0,50,190.468993,0.0
-50.0,50,190.985893,0.0
-50.0,50,191.515937,0.0
-50.0,50,192.034116,0.0
-50.0,50,192.554874,0.0
-50.0,50,193.073476,0.0
-50.0,50,193.618736,0.0
-50.0,50,194.141122,0.0
-50.0,50,194.654575,0.0
-50.0,50,195.170698,0.0
-50.0,50,195.701833,0.0
-50.0,50,196.219827,0.0
-50.0,50,196.731749,0.0
-50.0,50,197.253189,0.0
-50.0,50,197.790784,0.0
-50.0,50,198.312234,0.0
-50.0,50,198.839401,0.0
-50.0,50,199.36582,0.0
-50.0,50,199.909828,0.0
-50.0,50,200.437577,0.0
-50.0,50,200.95929,0.0
-50.0,50,201.485121,0.0
-50.0,50,202.027035,0.0
-50.0,50,202.555134,0.0
-50.0,50,203.08087,0.0
-50.0,50,203.606804,0.0
-50.0,50,204.154649,0.0
-50.0,50,204.677452,0.0
-50.0,50,205.212466,0.0
-50.0,50,205.747488,0.0
-50.0,50,206.291576,0.0
0.0,50,206.824795,1.0
-50.0,50,207.348926,0.0
-50.0,50,207.883224,0.0
0.0,50,208.424282,1.0
-50.0,50,208.946574,0.0
-50.0,50,209.475587,0.0
-50.0,50,210.006299,0.0
-50.0,50,212.987715,0.0
0.0,50,213.521292,1.0
-50.0,50,214.070525,0.0
-50.0,50,214.595562,0.0
-50.0,50,215.150464,0.0
-50.0,50,215.676287,0.0
-50.0,50,216.200021,0.0
-50.0,50,216.738457,0.0
-50.0,50,217.28675,0.0
-50.0,50,217.810271,0.0
-50.0,50,218.336449,0.0
-50.0,50,218.861105,0.0
-50.0,50,219.402186,0.0
-2.0,50,219.922352,1.0
-50.0,50,220.446446,0.0
-50.0,50,220.963667,0.0
-50.0,50,221.503921,0.0
-50.0,50,222.034644,0.0
-50.0,50,222.563301,0.0
-50.0,50,223.089134,0.0
-50.0,50,223.633299,0.0
-50.0,50,224.15876,0.0
-50.0,50,224.688407,0.0
-50.0,50,225.213554,0.0
-50.0,50,225.753035,0.0
-50.0,50,226.274818,0.0
-50.0,50,226.792609,0.0
-50.0,50,227.309349,0.0
-50.0,50,227.865943,0.0
-50.0,50,228.383241,0.0
-50.0,50,228.902291,0.0
-50.0,50,229.430381,0.0
-50.0,50,229.965984,0.0
-50.0,50,230.4945,0.0
-50.0,50,231.015605,0.0
-50.0,50,231.535077,0.0
-50.0,50,232.069158,0.0
-50.0,50,232.586101,0.0
-50.0,50,233.107579,0.0
-50.0,50,233.624393,0.0
-50.0,50,234.156133,0.0
-50.0,50,234.678317,0.0
-50.0,50,235.212174,0.0
-50.0,50,235.730437,0.0
-50.0,50,236.278683,0.0
0.0,50,236.796361,1.0
-50.0,50,237.31852,0.0
-50.0,50,237.838797,0.0
-50.0,50,238.394728,0.0
-50.0,50,238.921885,0.0
-50.0,50,239.447933,0.0
-50.0,50,239.972628,0.0
-50.0,50,240.512337,0.0
-50.0,50,241.034794,0.0
-50.0,50,241.556609,0.0
-50.0,50,242.082607,0.0
-50.0,50,242.612411,0.0
-50.0,50,243.128429,0.0
-50.0,50,243.649713,0.0
-50.0,50,244.175007,0.0
-50.0,50,244.725064,0.0
-50.0,50,245.250525,0.0
-50.0,50,245.772582,0.0
0.0,50,246.289448,1.0
-50.0,50,246.824331,0.0
-50.0,50,247.349649,0.0
-50.0,50,247.871022,0.0
-50.0,50,248.384741,0.0
-50.0,50,248.912373,0.0
-50.0,50,249.4335,0.0
-50.0,50,249.94688,0.0
0.0,50,250.463352,1.0
-50.0,50,250.998812,0.0
-50.0,50,251.521515,0.0
-50.0,50,252.045779,0.0
-50.0,50,252.565978,0.0
-50.0,50,253.10559,0.0
-50.0,50,253.627486,0.0
-50.0,50,254.150379,0.0
-50.0,50,254.671203,0.0
-50.0,50,255.209111,0.0
-50.0,50,255.727566,0.0
-50.0,50,256.252117,0.0
-50.0,50,256.770449,0.0
-50.0,50,257.309073,0.0
0.0,50,257.827149,1.0
-50.0,50,258.349753,0.0
-50.0,50,258.869544,0.0
-50.0,50,259.40849,0.0
-50.0,50,259.929461,0.0
-50.0,50,260.461482,0.0
-50.0,50,260.984557,0.0
-50.0,50,261.51653,0.0
-50.0,50,262.038573,0.0
-50.0,50,262.5662,0.0
-50.0,50,263.082201,0.0
-50.0,50,263.618871,0.0
-48.0,50,264.139379,0.0
-50.0,50,264.657553,0.0
-45.0,50,265.182148,0.0
-50.0,50,265.715497,0.0
-50.0,50,266.232065,0.0
-50.0,50,266.747487,0.0
-50.0,50,267.268774,0.0
-50.0,50,267.809836,0.0
-50.0,50,268.336525,0.0
-50.0,50,268.862547,0.0
-50.0,50,269.380489,0.0
-50.0,50,269.925666,0.0
-50.0,50,270.442728,0.0
-50.0,50,270.969129,0.0
-50.0,50,271.493327,0.0
-50.0,50,272.029366,0.0
-50.0,50,272.548833,0.0
-50.0,50,273.075422,0.0
-50.0,50,273.604864,0.0
-50.0,50,274.150175,0.0
-50.0,50,274.671554,0.0
-50.0,50,275.192786,0.0
-50.0,50,275.7207,0.0
-50.0,50,276.267422,0.0
-50.0,50,276.787712,0.0
-50.0,50,277.309144,0.0
-50.0,50,277.830366,0.0
-50.0,50,278.362731,0.0
-50.0,50,278.885761,0.0
-50.0,50,279.410388,0.0
-50.0,50,279.940071,0.0
-50.0,50,280.481954,0.0
-50.0,50,281.005978,0.0
-50.0,50,281.544387,0.0
-50.0,50,282.080085,0.0
-50.0,50,282.625925,0.0
-50.0,50,283.158368,0.0
-50.0,50,283.691729,0.0
-50.0,50,284.229537,0.0
-50.0,50,284.776645,0.0
-50.0,50,285.309949,0.0
0.0,50,285.836242,1.0
0.0,50,286.371098,1.0
-50.0,50,286.927223,0.0
-50.0,50,287.461411,0.0
-50.0,50,287.9983,0.0
-50.0,50,288.541901,0.0
-50.0,50,289.116542,0.0
-50.0,50,289.641574,0.0
-50.0,50,290.158264,0.0
-50.0,50,290.676977,0.0
-50.0,50,291.235822,0.0
-50.0,50,291.753451,0.0
-50.0,50,292.267138,0.0
-50.0,50,292.786983,0.0
-50.0,50,293.347524,0.0
-50.0,50,293.864551,0.0
-50.0,50,294.382569,0.0
-50.0,50,294.895712,0.0
-50.0,50,295.444604,0.0
0.0,50,295.964281,1.0
-50.0,50,296.486573,0.0
-50.0,50,297.010333,0.0
-50.0,50,297.57078,0.0
-50.0,50,298.091661,0.0
-50.0,50,298.616607,0.0
-50.0,50,299.135692,0.0
-50.0,50,299.696612,0.0
-50.0,50,300.215261,0.0
-50.0,50,300.749686,0.0
-50.0,50,301.28346,0.0
-50.0,50,301.861455,0.0
-50.0,50,302.387895,0.0
-50.0,50,302.923503,0.0
-50.0,50,303.461233,0.0
-50.0,50,304.006246,0.0
-50.0,50,304.535036,0.0
-50.0,50,305.062928,0.0
-50.0,50,305.593722,0.0
-50.0,50,306.160733,0.0
-50.0,50,306.687126,0.0
-50.0,50,307.211069,0.0
-50.0,50,307.740996,0.0
-50.0,50,308.313756,0.0
-50.0,50,308.847155,0.0
-50.0,50,309.376956,0.0
-50.0,50,309.902364,0.0
-50.0,50,310.450967,0.0
-50.0,50,310.985674,0.0
-50.0,50,311.514038,0.0
-50.0,50,312.041888,0.0
-50.0,50,312.583711,0.0
-50.0,50,313.106775,0.0
-50.0,50,313.630008,0.0
-50.0,50,314.157358,0.0
-50.0,50,314.710821,0.0
-50.0,50,315.240121,0.0
-50.0,50,315.767287,0.0
-50.0,50,316.290367,0.0
-50.0,50,316.844929,0.0
-50.0,50,317.370167,0.0
-50.0,50,317.897003,0.0
0.0,50,318.427949,1.0
-50.0,50,321.242576,0.0
-50.0,50,321.77685,0.0
-50.0,50,322.305485,0.0
-50.0,50,322.831864,0.0
-50.0,50,323.37712,0.0
-50.0,50,323.903839,0.0
-50.0,50,324.427758,0.0
-50.0,50,324.955939,0.0
-50.0,50,325.535515,0.0
-50.0,50,326.063068,0.0
-50.0,50,326.589734,0.0
-50.0,50,327.117683,0.0
-50.0,50,327.655862,0.0
-50.0,50,328.184914,0.0
-50.0,50,328.713214,0.0
-50.0,50,329.236802,0.0
-50.0,50,329.78681,0.0
-50.0,50,330.313589,0.0
-50.0,50,330.841644,0.0
-50.0,50,331.373196,0.0
-50.0,50,331.92959,0.0
-50.0,50,332.45595,0.0
-50.0,50,332.984803,0.0
-50.0,50,333.510649,0.0
-50.0,50,334.054783,0.0
-50.0,50,334.577816,0.0
-50.0,50,335.099854,0.0
-50.0,50,335.620001,0.0
-50.0,50,336.187135,0.0
-50.0,50,336.715339,0.0
-50.0,50,337.238836,0.0
-50.0,50,337.777887,0.0
-50.0,50,338.341525,0.0
-50.0,50,338.872589,0.0
-50.0,50,339.398666,0.0
-50.0,50,339.922475,0.0
-50.0,50,340.474354,0.0
-50.0,50,340.996495,0.0
-50.0,50,341.524064,0.0
-50.0,50,342.049749,0.0
-50.0,50,342.591004,0.0
-50.0,50,343.121839,0.0
-50.0,50,343.657428,0.0
-50.0,50,344.19189,0.0
-50.0,50,344.737134,0.0
-50.0,50,345.267949,0.0
-50.0,50,345.799948,0.0
-50.0,50,346.321088,0.0
-50.0,50,346.853047,0.0
-50.0,50,347.384033,0.0
-50.0,50,347.910295,0.0
-50.0,50,348.442108,0.0
-50.0,50,348.985633,0.0
-50.0,50,349.511802,0.0
-50.0,50,350.038772,0.0
-50.0,50,350.560512,0.0
-50.0,50,351.104913,0.0
-50.0,50,351.628748,0.0
-50.0,50,352.156918,0.0
-50.0,50,352.680025,0.0
-50.0,50,353.225894,0.0
-50.0,50,353.749059,0.0
-50.0,50,354.277859,0.0
0.0,50,354.808496,1.0
-50.0,50,355.348806,0.0
-50.0,50,355.874807,0.0
-50.0,50,356.40088,0.0
-50.0,50,356.925792,0.0
-50.0,50,357.469503,0.0
-50.0,50,357.99265,0.0
0.0,50,358.517968,1.0
-50.0,50,359.043526,0.0
-50.0,50,359.588113,0.0
-50.0,50,360.113404,0.0
-50.0,50,360.639874,0.0
-50.0,50,361.16964,0.0
-50.0,50,361.705848,0.0
-50.0,50,362.232375,0.0
-50.0,50,362.761073,0.0
-50.0,50,363.284676,0.0
0.0,50,363.833561,1.0
-50.0,50,364.359571,0.0
-50.0,50,364.882512,0.0
-50.0,50,365.406633,0.0
0.0,50,365.976803,1.0
0.0,50,366.507726,1.0
-50.0,50,367.034689,0.0
-50.0,50,367.557173,0.0
-50.0,50,368.10041,0.0
-50.0,50,368.630337,0.0
-50.0,50,369.148798,0.0
-15.0,50,369.683093,0.0
-50.0,50,370.231726,0.0
-50.0,50,370.757308,0.0
-50.0,50,371.282825,0.0
-50.0,50,371.810023,0.0
-50.0,50,372.353931,0.0
-50.0,50,372.880004,0.0
-50.0,50,373.406908,0.0
-50.0,50,373.937873,0.0
-50.0,50,374.486775,0.0
-50.0,50,375.017091,0.0
-50.0,50,375.550987,0.0
-50.0,50,376.07361,0.0
0.0,50,376.617859,1.0
-50.0,50,377.144553,0.0
-50.0,50,377.670678,0.0
-50.0,50,378.20206,0.0
-50.0,50,378.741863,0.0
-50.0,50,379.265649,0.0
-50.0,50,379.787682,0.0
-50.0,50,380.311613,0.0
-50.0,50,380.848792,0.0
-50.0,50,381.374061,0.0
-50.0,50,381.897091,0.0
-50.0,50,382.431606,0.0
-50.0,50,382.996049,0.0
-50.0,50,383.520301,0.0
-50.0,50,384.046566,0.0
-50.0,50,384.579371,0.0
-50.0,50,385.128185,0.0
-50.0,50,385.657197,0.0
-50.0,50,386.179411,0.0
-50.0,50,386.711758,0.0
-50.0,50,387.254254,0.0
-50.0,50,387.781535,0.0
-50.0,50,388.317025,0.0
-50.0,50,388.839755,0.0
-50.0,50,389.385061,0.0
-50.0,50,389.90795,0.0
-50.0,50,390.436865,0.0
-50.0,50,390.962193,0.0
-50.0,50,391.505194,0.0
-50.0,50,392.028808,0.0
-50.0,50,392.556393,0.0
-50.0,50,393.08896,0.0
-50.0,50,393.623444,0.0
-50.0,50,394.154052,0.0
-50.0,50,394.683095,0.0
-50.0,50,395.206958,0.0
-50.0,50,395.752864,0.0
-50.0,50,396.27597,0.0
-50.0,50,396.797828,0.0
-50.0,50,397.321722,0.0
-50.0,50,397.861446,0.0
-50.0,50,398.390092,0.0
-46.0,50,398.92121,0.0
-45.0,50,399.446698,0.0
-50.0,50,399.997017,0.0
-50.0,50,400.521034,0.0
-42.0,50,401.05477,0.0
-50.0,50,401.58816,0.0
-46.0,50,402.152612,0.0
-50.0,50,402.68029,0.0
-50.0,50,403.203383,0.0
-50.0,50,403.733832,0.0
-50.0,50,404.276404,0.0
-50.0,50,404.805144,0.0
0.0,50,405.327249,1.0
0.0,50,405.848774,1.0
-50.0,50,406.385794,0.0
-50.0,50,406.9068,0.0
-50.0,50,407.42941,0.0
-50.0,50,407.949254,0.0
-50.0,50,408.485119,0.0
-50.0,50,409.00723,0.0
-50.0,50,409.536072,0.0
-50.0,50,410.062694,0.0
0.0,50,410.610195,1.0
-50.0,50,411.133998,0.0
-50.0,50,411.657712,0.0
-50.0,50,412.182091,0.0
0.0,50,412.720995,1.0
-50.0,50,413.241302,0.0
-50.0,50,413.76627,0.0
-50.0,50,414.289922,0.0
-50.0,50,414.82935,0.0
-50.0,50,415.35741,0.0
-50.0,50,415.881082,0.0
-50.0,50,416.410177,0.0
-50.0,50,416.951912,0.0
-50.0,50,417.474855,0.0
-50.0,50,417.96945,0.0
-50.0,50,418.462717,0.0
-50.0,50,418.969744,0.0
-50.0,50,419.470768,0.0
-50.0,50,420.595785,0.0
-45.0,50,421.770025,0.0
-50.0,50,422.945399,0.0
-50.0,50,424.10413,0.0
-50.0,50,425.349079,0.0
-50.0,50,426.6467,0.0
-50.0,50,427.856735,0.0
-50.0,50,429.046517,0.0
-50.0,50,430.234153,0.0
-50.0,50,431.411748,0.0
-50.0,50,432.592544,0.0
-50.0,50,433.753324,0.0
-50.0,50,434.929524,0.0
0.0,50,436.090606,1.0
-50.0,50,442.532082,0.0
-50.0,50,443.710544,0.0
-50.0,50,444.868379,0.0
-50.0,50,446.030704,0.0
-50.0,50,447.219814,0.0
-50.0,50,448.379795,0.0
-50.0,50,449.542626,0.0
-50.0,50,450.723062,0.0
-50.0,50,451.909004,0.0
-50.0,50,453.080259,0.0
-50.0,50,454.275561,0.0
-42.0,50,455.459203,0.0
-50.0,50,456.679709,0.0
-50.0,50,457.864742,0.0
-50.0,50,459.027989,0.0
-50.0,50,460.226335,0.0
-50.0,50,461.452098,0.0
-50.0,50,462.651925,0.0
-50.0,50,463.850063,0.0
-50.0,50,465.020339,0.0
-50.0,50,466.201854,0.0
-50.0,50,467.398685,0.0
-50.0,50,468.560997,0.0
-50.0,50,469.728473,0.0
-50.0,50,470.917246,0.0
-50.0,50,472.096525,0.0
-50.0,50,473.257639,0.0
-50.0,50,474.434054,0.0
-49.0,50,475.633587,0.0
0.0,50,476.793864,1.0
-43.0,50,477.962486,0.0
-50.0,50,479.131975,0.0
-50.0,50,480.336816,0.0
-50.0,50,481.506989,0.0
-50.0,50,482.678188,0.0
-50.0,50,483.853875,0.0
-50.0,50,485.042944,0.0
-50.0,50,486.227544,0.0
-50.0,50,487.401465,0.0
-50.0,50,488.574626,0.0
-50.0,50,489.78121,0.0
-50.0,50,490.959032,0.0
-50.0,50,492.136843,0.0
-50.0,50,493.303091,0.0
-50.0,50,494.507887,0.0
-50.0,50,495.691009,0.0
-50.0,50,496.881085,0.0
-50.0,50,498.063222,0.0
-50.0,50,498.814767,0.0
-50.0,50,499.363188,0.0
0.0,50,499.890602,1.0
-50.0,50,500.418199,0.0
-50.0,50,500.966563,0.0
-40.0,50,501.506929,0.0
-50.0,50,502.039721,0.0
-50.0,50,502.56865,0.0
-50.0,50,503.127382,0.0
-50.0,50,503.657045,0.0
-50.0,50,504.187485,0.0
-50.0,50,504.715037,0.0
-50.0,50,505.261153,0.0
-50.0,50,505.78873,0.0
-50.0,50,506.317735,0.0
-50.0,50,506.849211,0.0
-50.0,50,507.397875,0.0
-50.0,50,507.933647,0.0
-50.0,50,508.459478,0.0
-50.0,50,508.991834,0.0
-50.0,50,509.538332,0.0
-50.0,50,510.071615,0.0
-50.0,50,510.604125,0.0
-50.0,50,511.131123,0.0
-50.0,50,511.672584,0.0
-50.0,50,512.206398,0.0
-50.0,50,512.735816,0.0
-50.0,50,513.268278,0.0
-50.0,50,513.813243,0.0
-50.0,50,514.344321,0.0
-50.0,50,514.874383,0.0
-50.0,50,515.404794,0.0
-38.0,50,515.955042,0.0
-50.0,50,516.482614,0.0
-50.0,50,517.015042,0.0
-50.0,50,517.542727,0.0
-50.0,50,518.087833,0.0
-50.0,50,518.619235,0.0
-50.0,50,519.147258,0.0
-50.0,50,519.678322,0.0
-50.0,50,520.221532,0.0
-50.0,50,520.749207,0.0
-50.0,50,521.276126,0.0
-50.0,50,521.816653,0.0
-50.0,50,522.369496,0.0
-50.0,50,522.906846,0.0
-50.0,50,523.434483,0.0
-50.0,50,523.961274,0.0
-50.0,50,524.51194,0.0
-50.0,50,525.048585,0.0
-50.0,50,525.581889,0.0
-50.0,50,526.121449,0.0
-50.0,50,526.671738,0.0
-50.0,50,527.205334,0.0
-50.0,50,527.740819,0.0
-50.0,50,528.267279,0.0
-50.0,50,528.820884,0.0
-50.0,50,529.351463,0.0
-50.0,50,529.882257,0.0
-50.0,50,530.41028,0.0
-50.0,50,530.953754,0.0
-50.0,50,531.48425,0.0
-50.0,50,532.012218,0.0
-50.0,50,532.553893,0.0
-50.0,50,533.116196,0.0
-50.0,50,533.657251,0.0
-50.0,50,534.199054,0.0
-50.0,50,534.738621,0.0
-50.0,50,535.2889,0.0
-50.0,50,535.815751,0.0
-50.0,50,536.349214,0.0
-50.0,50,536.885479,0.0
-50.0,50,537.427573,0.0
-50.0,50,537.965755,0.0
-50.0,50,538.493089,0.0
-50.0,50,539.021217,0.0
-50.0,50,539.564456,0.0
-50.0,50,540.092853,0.0
-50.0,50,540.628214,0.0
-50.0,50,541.160954,0.0
-50.0,50,541.721509,0.0
-50.0,50,542.244353,0.0
-50.0,50,542.765343,0.0
-50.0,50,543.290642,0.0
-50.0,50,543.838295,0.0
-50.0,50,544.363282,0.0
-49.0,50,544.896143,0.0
-50.0,50,545.422665,0.0
-50.0,50,545.968,0.0
-50.0,50,546.48752,0.0
-50.0,50,547.015823,0.0
-50.0,50,547.534366,0.0
-50.0,50,548.087489,0.0
-50.0,50,548.619024,0.0
-50.0,50,549.143516,0.0
-50.0,50,549.674404,0.0
-31.0,50,550.234287,0.0
-50.0,50,550.755878,0.0
-50.0,50,551.286695,0.0
-50.0,50,551.816152,0.0
-50.0,50,552.361908,0.0
-50.0,50,552.889893,0.0
-50.0,50,553.422508,0.0
-50.0,50,553.956138,0.0
-50.0,50,554.513464,0.0
-50.0,50,555.040322,0.0
-50.0,50,555.577731,0.0
-50.0,50,556.102442,0.0
-50.0,50,556.64836,0.0
-50.0,50,557.176948,0.0
-50.0,50,557.720356,0.0
-50.0,50,558.256608,0.0
-50.0,50,558.814455,0.0
-50.0,50,559.354373,0.0
-50.0,50,559.891426,0.0
-50.0,50,560.427384,0.0
-50.0,50,560.989794,0.0
-50.0,50,561.53259,0.0
-50.0,50,562.065867,0.0
-50.0,50,562.607101,0.0
-50.0,50,563.158888,0.0
-46.0,50,563.699688,0.0
-50.0,50,564.237377,0.0
-47.0,50,564.774352,0.0
-50.0,50,565.335524,0.0
-50.0,50,565.870966,0.0
-50.0,50,566.413553,0.0
-50.0,50,566.941904,0.0
-50.0,50,567.488275,0.0
-50.0,50,568.007246,0.0
-50.0,50,568.535661,0.0
-50.0,50,569.054918,0.0
-50.0,50,569.603683,0.0
-50.0,50,570.136607,0.0
-50.0,50,570.665294,0.0
-50.0,50,571.195472,0.0
-50.0,50,571.748762,0.0
-50.0,50,572.280494,0.0
-50.0,50,572.816364,0.0
-50.0,50,573.356538,0.0
-50.0,50,573.917949,0.0
-50.0,50,574.454796,0.0
-50.0,50,574.992497,0.0
-50.0,50,575.532596,0.0
-50.0,50,576.083344,0.0
-50.0,50,576.616556,0.0
-44.0,50,577.162056,0.0
-50.0,50,577.702144,0.0
-50.0,50,578.261972,0.0
-50.0,50,578.802612,0.0
-50.0,50,579.335942,0.0
-50.0,50,579.872741,0.0
-50.0,50,582.807653,0.0
-50.0,50,583.341658,0.0
-50.0,50,583.874717,0.0
-50.0,50,584.403277,0.0
-50.0,50,584.959643,0.0
-50.0,50,585.496583,0.0
0.0,50,586.027755,1.0
-50.0,50,586.557165,0.0
-50.0,50,587.108643,0.0
-50.0,50,587.641518,0.0
-50.0,50,588.163594,0.0
-50.0,50,588.690635,0.0
0.0,50,589.22824,1.0
-50.0,50,589.762393,0.0
-50.0,50,590.296335,0.0
-50.0,50,590.834871,0.0
-50.0,50,591.393855,0.0
-50.0,50,591.931376,0.0
-50.0,50,592.473931,0.0
-50.0,50,593.015225,0.0
-50.0,50,593.57243,0.0
-50.0,50,594.115696,0.0
-50.0,50,594.658845,0.0
-50.0,50,595.20693,0.0
-50.0,50,595.754734,0.0
-50.0,50,596.297723,0.0
-50.0,50,596.843965,0.0
-50.0,50,597.373791,0.0
-50.0,50,597.919068,0.0
-50.0,50,598.466506,0.0
-50.0,50,599.004508,0.0
-50.0,50,599.545289,0.0
-50.0,50,600.105503,0.0
-50.0,50,600.647282,0.0
-50.0,50,601.192772,0.0
-50.0,50,601.731725,0.0
-50.0,50,602.288753,0.0
-50.0,50,602.831627,0.0
-50.0,50,603.374684,0.0
-50.0,50,603.913679,0.0
-50.0,50,604.471971,0.0
-50.0,50,605.013333,0.0
-50.0,50,605.551382,0.0
-50.0,50,606.09594,0.0
-50.0,50,606.64865,0.0
-50.0,50,607.18451,0.0
-50.0,50,607.716403,0.0
-50.0,50,608.255857,0.0
-50.0,50,608.805541,0.0
-50.0,50,609.348497,0.0
-50.0,50,609.892561,0.0
-50.0,50,610.428041,0.0
-50.0,50,610.979573,0.0
-50.0,50,611.51493,0.0
-50.0,50,612.047453,0.0
-50.0,50,612.587971,0.0
-50.0,50,613.137767,0.0
-50.0,50,613.680676,0.0
-50.0,50,614.213646,0.0
-50.0,50,614.756088,0.0
-50.0,50,615.309933,0.0
-50.0,50,615.848927,0.0
-50.0,50,616.390036,0.0
-50.0,50,616.923559,0.0
-50.0,50,617.478661,0.0
-50.0,50,618.020043,0.0
-50.0,50,618.557369,0.0
-50.0,50,619.098993,0.0
-50.0,50,619.643541,0.0
-50.0,50,620.182072,0.0
-50.0,50,620.715754,0.0
-50.0,50,621.25836,0.0
-50.0,50,621.815735,0.0
-50.0,50,622.352607,0.0
-50.0,50,622.891673,0.0
-50.0,50,623.44097,0.0
-50.0,50,623.998817,0.0
-50.0,50,624.538072,0.0
-50.0,50,625.081923,0.0
-50.0,50,625.639338,0.0
-50.0,50,626.188584,0.0
-50.0,50,626.723204,0.0
-50.0,50,627.268326,0.0
-50.0,50,627.805061,0.0
-50.0,50,628.357622,0.0
-50.0,50,628.893782,0.0
-50.0,50,629.438057,0.0
-50.0,50,629.984774,0.0
-50.0,50,630.542859,0.0
-4.0,50,631.090636,1.0
-50.0,50,631.632251,0.0
-50.0,50,632.16478,0.0
-50.0,50,632.723898,0.0
-50.0,50,633.266775,0.0
-50.0,50,633.810625,0.0
0.0,50,634.352762,1.0
-45.0,50,634.906613,0.0
-50.0,50,635.446813,0.0
0.0,50,635.992864,1.0
-50.0,50,636.53395,0.0
-50.0,50,637.100657,0.0
-50.0,50,637.637862,0.0
0.0,50,638.178944,1.0
-50.0,50,638.72192,0.0
-50.0,50,639.292836,0.0
-50.0,50,639.833555,0.0
-50.0,50,640.366939,0.0
-50.0,50,640.911154,0.0
-50.0,50,641.462847,0.0
-50.0,50,642.007668,0.0
-50.0,50,642.537888,0.0
-50.0,50,643.077789,0.0
-50.0,50,643.630176,0.0
-50.0,50,644.165731,0.0
-50.0,50,644.707966,0.0
-50.0,50,645.247828,0.0
-50.0,50,645.802887,0.0
-50.0,50,646.340196,0.0
-50.0,50,646.867018,0.0
-50.0,50,647.415302,0.0
-50.0,50,647.962942,0.0
-50.0,50,648.495502,0.0
-50.0,50,649.030584,0.0
-50.0,50,649.573456,0.0
-50.0,50,650.124049,0.0
-50.0,50,650.655018,0.0
-50.0,50,651.181679,0.0
-50.0,50,651.716568,0.0
-50.0,50,652.271316,0.0
-50.0,50,652.803029,0.0
-50.0,50,653.339729,0.0
-50.0,50,653.877712,0.0
-50.0,50,654.435602,0.0
-50.0,50,654.970261,0.0
-50.0,50,655.507964,0.0
-50.0,50,656.044992,0.0
0.0,50,656.597223,1.0
-50.0,50,657.136407,0.0
-50.0,50,657.676399,0.0
-50.0,50,658.214166,0.0
-50.0,50,658.776266,0.0
-50.0,50,659.314455,0.0
-50.0,50,659.847044,0.0
-50.0,50,660.405055,0.0
-50.0,50,660.9567,0.0
-50.0,50,661.489787,0.0
-4.0,50,662.030132,0.0
-50.0,50,662.570057,0.0
-50.0,50,663.129201,0.0
-50.0,50,663.669209,0.0
-50.0,50,664.212261,0.0
-50.0,50,664.753943,0.0
-50.0,50,665.3313,0.0
-50.0,50,665.866168,0.0
-50.0,50,666.405774,0.0
-50.0,50,666.94402,0.0
-50.0,50,667.49384,0.0
-50.0,50,668.031726,0.0
-50.0,50,668.558769,0.0
-50.0,50,669.097534,0.0
-50.0,50,669.666545,0.0
-50.0,50,670.203967,0.0
-50.0,50,670.739783,0.0
0.0,50,671.287921,1.0
-50.0,50,671.877967,0.0
-50.0,50,672.418501,0.0
-50.0,50,672.956014,0.0
-50.0,50,673.494934,0.0
-46.0,50,674.066121,0.0
-50.0,50,674.597894,0.0
-50.0,50,675.134859,0.0
-50.0,50,675.670119,0.0
-50.0,50,676.226736,0.0
-50.0,50,676.764509,0.0
-50.0,50,677.303185,0.0
-50.0,50,677.834635,0.0
-50.0,50,678.400722,0.0
-50.0,50,678.93871,0.0
-50.0,50,679.479013,0.0
-50.0,50,680.017458,0.0
-50.0,50,680.580095,0.0
-50.0,50,681.11702,0.0
-50.0,50,681.640809,0.0
-50.0,50,682.16982,0.0
-50.0,50,682.726384,0.0
-50.0,50,683.250615,0.0
-50.0,50,683.783042,0.0
-50.0,50,684.305975,0.0
-50.0,50,684.853575,0.0
-50.0,50,685.386736,0.0
-50.0,50,685.922171,0.0
-50.0,50,686.449991,0.0
-50.0,50,687.002009,0.0
-50.0,50,687.546746,0.0
-50.0,50,688.080866,0.0
-50.0,50,688.620043,0.0
-50.0,50,689.180892,0.0
-50.0,50,689.716366,0.0
-50.0,50,690.250728,0.0
-50.0,50,690.790388,0.0
-50.0,50,693.740484,0.0
-50.0,50,694.279921,0.0
-50.0,50,694.823905,0.0
-50.0,50,695.365253,0.0
-50.0,50,695.945377,0.0
-50.0,50,696.482632,0.0
-50.0,50,697.02399,0.0
-50.0,50,697.56752,0.0
-50.0,50,698.132355,0.0
-50.0,50,698.667623,0.0
-50.0,50,699.19889,0.0
-50.0,50,699.731369,0.0
-50.0,50,700.284332,0.0
-50.0,50,700.823218,0.0
-50.0,50,701.358446,0.0
-50.0,50,701.890446,0.0
-50.0,50,702.452248,0.0
-50.0,50,702.988839,0.0
-50.0,50,703.521476,0.0
-50.0,50,704.061201,0.0
-50.0,50,704.635931,0.0
-50.0,50,705.170365,0.0
-49.0,50,705.70851,0.0
0.0,50,706.252652,1.0
-50.0,50,706.813289,0.0
-50.0,50,707.355705,0.0
-50.0,50,707.888374,0.0
-50.0,50,708.423958,0.0
-50.0,50,709.002101,0.0
-50.0,50,709.540128,0.0
-50.0,50,710.07381,0.0
-50.0,50,710.606355,0.0
-50.0,50,711.191861,0.0
-50.0,50,711.728953,0.0
-50.0,50,712.266939,0.0
-50.0,50,712.803655,0.0
-50.0,50,713.391025,0.0
-50.0,50,713.934232,0.0
-50.0,50,714.468047,0.0
-50.0,50,715.005525,0.0
-50.0,50,715.586229,0.0
0.0,50,716.117877,1.0
-50.0,50,716.664268,0.0
-50.0,50,717.198961,0.0
0.0,50,717.755412,1.0
-50.0,50,718.285566,0.0
-50.0,50,718.819662,0.0
-50.0,50,719.354963,0.0
-50.0,50,719.927937,0.0
-50.0,50,720.466446,0.0
-50.0,50,721.004005,0.0
-4.0,50,721.543435,1.0
-50.0,50,722.109174,0.0
-50.0,50,722.640502,0.0
-50.0,50,723.170491,0.0
-50.0,50,723.704371,0.0
-50.0,50,724.264306,0.0
-50.0,50,724.790493,0.0
-50.0,50,725.332904,0.0
-50.0,50,725.867447,0.0
-50.0,50,726.422946,0.0
-50.0,50,726.960814,0.0
-50.0,50,727.499936,0.0
-50.0,50,728.031991,0.0
-50.0,50,728.605799,0.0
-50.0,50,729.13596,0.0
0.0,50,729.666973,1.0
-50.0,50,730.202342,0.0
-50.0,50,730.770186,0.0
-50.0,50,731.304922,0.0
-50.0,50,731.844019,0.0
-50.0,50,732.379611,0.0
0.0,50,732.945037,1.0
-50.0,50,733.480633,0.0
-50.0,50,734.016359,0.0
-50.0,50,734.555833,0.0
-50.0,50,735.116673,0.0
-50.0,50,735.652079,0.0
-50.0,50,736.18998,0.0
-50.0,50,736.732561,0.0
-50.0,50,737.300395,0.0
-50.0,50,737.829541,0.0
-50.0,50,738.3569,0.0
-50.0,50,738.89555,0.0
-50.0,50,739.476173,0.0
-50.0,50,740.005411,0.0
-50.0,50,740.536659,0.0
0.0,50,741.072118,1.0
-45.0,50,741.64572,0.0
-50.0,50,742.175199,0.0
-50.0,50,742.706654,0.0
-50.0,50,743.242263,0.0
-50.0,50,743.802899,0.0
-50.0,50,744.332291,0.0
-50.0,50,744.86579,0.0
-50.0,50,745.39763,0.0
-50.0,50,745.952186,0.0
-50.0,50,746.483912,0.0
-50.0,50,747.010674,0.0
-50.0,50,747.540156,0.0
-43.0,50,748.113228,0.0
-50.0,50,748.644917,0.0
-50.0,50,749.179639,0.0
-50.0,50,749.712746,0.0
-50.0,50,750.283112,0.0
-50.0,50,750.815482,0.0
-50.0,50,751.347706,0.0
-50.0,50,751.892748,0.0
-50.0,50,752.464395,0.0
-50.0,50,753.006019,0.0
-50.0,50,753.543828,0.0
-50.0,50,754.081645,0.0
-50.0,50,754.634109,0.0
-50.0,50,755.177205,0.0
-50.0,50,755.720378,0.0
0.0,50,756.260132,1.0
-50.0,50,756.827782,0.0
-50.0,50,757.362554,0.0
-50.0,50,757.903318,0.0
-50.0,50,758.444716,0.0
-50.0,50,758.995621,0.0
-50.0,50,759.53958,0.0
-50.0,50,760.079384,0.0
-50.0,50,760.614949,0.0
-50.0,50,761.17403,0.0
-50.0,50,761.711682,0.0
-50.0,50,762.254112,0.0
-50.0,50,762.785651,0.0
-50.0,50,763.337071,0.0
-50.0,50,763.873578,0.0
-50.0,50,764.410479,0.0
-50.0,50,764.949281,0.0
-50.0,50,765.512764,0.0
0.0,50,766.055057,1.0
-50.0,50,766.592012,0.0
-50.0,50,767.123945,0.0
-50.0,50,767.6731,0.0
-50.0,50,768.200042,0.0
-50.0,50,768.73007,0.0
-50.0,50,769.261766,0.0
-50.0,50,769.820785,0.0
-50.0,50,770.357284,0.0
-50.0,50,770.890432,0.0
0.0,50,771.42718,1.0
-50.0,50,771.992735,0.0
-50.0,50,772.533272,0.0
-50.0,50,773.067495,0.0
-50.0,50,773.597038,0.0
-50.0,50,774.159443,0.0
-50.0,50,774.699792,0.0
-50.0,50,775.2372,0.0
-50.0,50,775.767712,0.0
-50.0,50,776.319153,0.0
-50.0,50,776.857129,0.0
-50.0,50,777.397761,0.0
-50.0,50,777.930459,0.0
-50.0,50,778.486514,0.0
-50.0,50,779.029012,0.0
-50.0,50,779.57109,0.0
-50.0,50,780.107125,0.0
-50.0,50,780.677205,0.0
-50.0,50,781.212096,0.0
-50.0,50,781.740481,0.0
-50.0,50,782.273516,0.0
-50.0,50,782.81815,0.0
-50.0,50,783.349573,0.0
-50.0,50,783.881188,0.0
-50.0,50,784.411928,0.0
-50.0,50,784.969608,0.0
-50.0,50,785.501482,0.0
-50.0,50,786.03149,0.0
-50.0,50,786.558285,0.0
-50.0,50,787.110208,0.0
-50.0,50,787.647378,0.0
-50.0,50,788.189965,0.0
-50.0,50,788.73622,0.0
-50.0,50,789.299848,0.0
-50.0,50,789.834614,0.0
-50.0,50,790.372775,0.0
-50.0,50,790.913578,0.0
-50.0,50,791.48078,0.0
-50.0,50,792.020775,0.0
-50.0,50,792.557338,0.0
-50.0,50,793.096242,0.0
-50.0,50,793.650827,0.0
-50.0,50,794.19327,0.0
-50.0,50,794.732478,0.0
-50.0,50,795.275401,0.0
-50.0,50,795.83443,0.0
-50.0,50,796.368596,0.0
-50.0,50,796.898788,0.0
-50.0,50,797.426342,0.0
-50.0,50,797.97343,0.0
-50.0,50,798.508512,0.0
-50.0,50,799.040528,0.0
-50.0,50,799.574433,0.0
-50.0,50,800.119283,0.0
-50.0,50,800.655513,0.0
-50.0,50,801.188409,0.0
-50.0,50,801.722481,0.0
-50.0,50,804.63305,0.0
-50.0,50,805.165224,0.0
-50.0,50,805.701028,0.0
-50.0,50,806.237943,0.0
-50.0,50,806.772639,0.0
-50.0,50,807.303271,0.0
-50.0,50,807.834554,0.0
-50.0,50,808.35724,0.0
-50.0,50,808.888207,0.0
-50.0,50,809.414652,0.0
-50.0,50,809.944892,0.0
-50.0,50,810.470427,0.0
-50.0,50,811.012281,0.0
-50.0,50,811.544526,0.0
-50.0,50,812.075379,0.0
-50.0,50,812.603188,0.0
-50.0,50,813.1465,0.0
-50.0,50,813.672653,0.0
-50.0,50,814.195069,0.0
-50.0,50,814.724902,0.0
-50.0,50,815.269618,0.0
-50.0,50,815.803391,0.0
-50.0,50,816.342057,0.0
-50.0,50,816.876764,0.0
-50.0,50,817.425929,0.0
-50.0,50,817.945421,0.0
-50.0,50,818.482481,0.0
-50.0,50,819.016255,0.0
-50.0,50,819.573324,0.0
-50.0,50,820.101567,0.0
-50.0,50,820.637663,0.0
0.0,50,821.172965,1.0
-50.0,50,821.74649,0.0
-50.0,50,822.287623,0.0
-50.0,50,822.821239,0.0
-50.0,50,823.355642,0.0
-50.0,50,823.913057,0.0
-50.0,50,824.451011,0.0
0.0,50,824.980672,1.0
-50.0,50,825.516444,0.0
-50.0,50,826.074165,0.0
-50.0,50,826.614557,0.0
-50.0,50,827.152843,0.0
-39.0,50,827.680819,0.0
-50.0,50,828.227984,0.0
-50.0,50,828.75794,0.0
-50.0,50,829.290327,0.0
-50.0,50,829.810318,0.0
-50.0,50,830.355469,0.0
-50.0,50,830.878811,0.0
-50.0,50,831.405576,0.0
-50.0,50,831.938493,0.0
-50.0,50,832.483617,0.0
-50.0,50,833.013564,0.0
-50.0,50,833.546585,0.0
-50.0,50,834.074376,0.0
-50.0,50,834.620583,0.0
-50.0,50,835.155022,0.0
-50.0,50,835.688109,0.0
-50.0,50,836.20727,0.0
-50.0,50,836.752689,0.0
-50.0,50,837.289343,0.0
-50.0,50,837.821341,0.0
-50.0,50,838.355332,0.0
-50.0,50,838.904476,0.0
-50.0,50,839.436988,0.0
-50.0,50,839.969397,0.0
-50.0,50,840.498463,0.0
-50.0,50,841.047776,0.0
-50.0,50,841.57489,0.0
-50.0,50,842.116494,0.0
-50.0,50,842.648145,0.0
-50.0,50,843.207,0.0
-50.0,50,843.747269,0.0
-50.0,50,844.289732,0.0
-50.0,50,844.831389,0.0
-50.0,50,845.387026,0.0
-50.0,50,845.916458,0.0
-50.0,50,846.445289,0.0
-50.0,50,846.974823,0.0
-50.0,50,847.531374,0.0
-50.0,50,848.064175,0.0
-50.0,50,848.607059,0.0
-50.0,50,849.142241,0.0
-50.0,50,849.697695,0.0
-50.0,50,850.240804,0.0
-50.0,50,850.785683,0.0
-50.0,50,851.318599,0.0
-50.0,50,851.874467,0.0
-50.0,50,852.415337,0.0
-50.0,50,852.942792,0.0
-50.0,50,853.481365,0.0
0.0,50,854.035428,1.0
-50.0,50,854.576443,0.0
-50.0,50,855.107634,0.0
-50.0,50,855.642874,0.0
-50.0,50,856.19681,0.0
-50.0,50,856.741489,0.0
0.0,50,857.277488,1.0
-50.0,50,857.806039,0.0
0.0,50,858.35528,1.0
-50.0,50,858.892453,0.0
-50.0,50,859.434815,0.0
-50.0,50,859.980049,0.0
-50.0,50,860.533042,0.0
-50.0,50,861.079305,0.0
-50.0,50,861.625355,0.0
-50.0,50,862.16605,0.0
-50.0,50,862.730829,0.0
-50.0,50,863.270549,0.0
-50.0,50,863.80366,0.0
-50.0,50,864.340265,0.0
-50.0,50,864.931303,0.0
0.0,50,865.467232,1.0
-50.0,50,866.010766,0.0
-50.0,50,866.554362,0.0
-50.0,50,867.1317,0.0
-50.0,50,867.669729,0.0
-50.0,50,868.212292,0.0
-50.0,50,868.755735,0.0
-50.0,50,869.307689,0.0
-50.0,50,869.834564,0.0
-50.0,50,870.368513,0.0
-50.0,50,870.905455,0.0
-50.0,50,871.461765,0.0
-50.0,50,871.997192,0.0
-50.0,50,872.538847,0.0
-50.0,50,873.081227,0.0
-50.0,50,873.63055,0.0
-50.0,50,874.168322,0.0
-50.0,50,874.702864,0.0
-50.0,50,875.230108,0.0
-50.0,50,875.786937,0.0
-50.0,50,876.321676,0.0
-50.0,50,876.853096,0.0
-50.0,50,877.390766,0.0
-50.0,50,877.949488,0.0
-50.0,50,878.482442,0.0
-50.0,50,879.006641,0.0
-50.0,50,879.542697,0.0
-50.0,50,880.095195,0.0
-50.0,50,880.633253,0.0
-50.0,50,881.168529,0.0
-50.0,50,881.708745,0.0
-50.0,50,882.267482,0.0
-50.0,50,882.804992,0.0
-50.0,50,883.341077,0.0
-50.0,50,883.876661,0.0
-50.0,50,884.429035,0.0
-50.0,50,884.957472,0.0
-50.0,50,885.495641,0.0
-50.0,50,886.024477,0.0
-50.0,50,886.570935,0.0
-45.0,50,887.104801,1.0
-50.0,50,887.641386,0.0
-50.0,50,888.17756,0.0
-50.0,50,888.727678,0.0
-50.0,50,889.268507,0.0
-50.0,50,889.807778,0.0
-50.0,50,890.349793,0.0
0.0,50,890.907781,1.0
-50.0,50,891.447594,0.0
-50.0,50,891.986272,0.0
-41.0,50,892.521232,0.0
-50.0,50,893.072639,0.0
-50.0,50,893.611348,0.0
-50.0,50,894.138354,0.0
-50.0,50,894.674282,0.0
-50.0,50,895.224255,0.0
-50.0,50,895.758686,0.0
-50.0,50,896.288451,0.0
-50.0,50,896.821717,0.0
-50.0,50,897.384016,0.0
-50.0,50,897.920799,0.0
-50.0,50,898.461287,0.0
-38.0,50,899.002579,0.0
-50.0,50,899.549883,0.0
-50.0,50,900.091864,0.0
-50.0,50,900.620003,0.0
0.0,50,901.158512,1.0
-50.0,50,901.703136,0.0
0.0,50,902.232482,1.0
-50.0,50,902.769879,0.0
-50.0,50,903.310451,0.0
-50.0,50,903.861205,0.0
-50.0,50,904.394459,0.0
-50.0,50,904.926019,0.0
0.0,50,905.459101,1.0
-50.0,50,906.016045,0.0
-50.0,50,906.546804,0.0
-50.0,50,907.079771,0.0
-50.0,50,907.612762,0.0
-50.0,50,908.165104,0.0
-50.0,50,908.69549,0.0
-50.0,50,909.241696,0.0
-50.0,50,909.781974,0.0
-50.0,50,910.332752,0.0
-50.0,50,910.868527,0.0
-50.0,50,911.409996,0.0
-50.0,50,911.947126,0.0
-50.0,50,914.862545,0.0
-50.0,50,915.401555,0.0
-50.0,50,915.947594,0.0
-50.0,50,916.488794,0.0
-46.0,50,917.042737,0.0
-50.0,50,917.579015,0.0
-50.0,50,918.124982,0.0
-50.0,50,918.66798,0.0
-50.0,50,919.228294,0.0
-50.0,50,919.759048,0.0
-50.0,50,920.288669,0.0
-42.0,50,920.817176,0.0
-50.0,50,921.365628,0.0
-50.0,50,921.896054,0.0
-50.0,50,922.434857,0.0
-47.0,50,922.978169,0.0
-50.0,50,923.538036,0.0
-50.0,50,924.06962,0.0
-50.0,50,924.610466,0.0
0.0,50,925.140715,1.0
-50.0,50,925.682639,0.0
-50.0,50,926.214605,0.0
-50.0,50,926.751169,0.0
-50.0,50,927.290345,0.0
-50.0,50,927.839966,0.0
-50.0,50,928.372976,0.0
0.0,50,928.905369,1.0
-50.0,50,929.444676,0.0
-50.0,50,929.99661,0.0
-50.0,50,930.541755,0.0
-50.0,50,931.076066,0.0
-50.0,50,931.622407,0.0
-50.0,50,932.176664,0.0
-50.0,50,932.704769,0.0
0.0,50,933.234642,1.0
-50.0,50,933.770253,0.0
-50.0,50,934.324063,0.0
-50.0,50,934.858747,0.0
-50.0,50,935.389919,0.0
-43.0,50,935.917792,0.0
-50.0,50,936.49994,0.0
-50.0,50,937.02774,0.0
-50.0,50,937.557953,0.0
-50.0,50,938.081109,0.0
-50.0,50,938.634761,0.0
-50.0,50,939.179895,0.0
-50.0,50,939.719383,0.0
-50.0,50,940.264697,0.0
-50.0,50,940.820244,0.0
-50.0,50,941.364622,0.0
-50.0,50,941.900974,0.0
-50.0,50,942.449353,0.0
-50.0,50,943.01545,0.0
-50.0,50,943.558112,0.0
-50.0,50,944.105171,0.0
-50.0,50,944.643441,0.0
-50.0,50,945.208849,0.0
-50.0,50,945.752124,0.0
-50.0,50,946.289651,0.0
-50.0,50,946.83471,0.0
-50.0,50,947.394077,0.0
-50.0,50,947.936884,0.0
-50.0,50,948.474447,0.0
-50.0,50,949.021867,0.0
-50.0,50,949.580619,0.0
-50.0,50,950.125612,0.0
-50.0,50,950.663538,0.0
-50.0,50,951.204935,0.0
-50.0,50,951.762799,0.0
-50.0,50,952.311817,0.0
-50.0,50,952.8497,0.0
-50.0,50,953.397206,0.0
-50.0,50,953.947309,0.0
-42.0,50,954.492975,0.0
-50.0,50,955.037265,0.0
-50.0,50,955.582214,0.0
-50.0,50,956.133898,0.0
-50.0,50,956.676684,0.0
-50.0,50,957.219977,0.0
-50.0,50,957.763085,0.0
-50.0,50,958.324158,0.0
-50.0,50,958.870658,0.0
-50.0,50,959.41503,0.0
0.0,50,959.959988,1.0
-50.0,50,960.517432,0.0
-50.0,50,961.060838,0.0
-50.0,50,961.602797,0.0
-50.0,50,962.148886,0.0
-50.0,50,962.707981,0.0
-50.0,50,963.252889,0.0
-50.0,50,963.788457,0.0
-50.0,50,964.334517,0.0
-50.0,50,964.893738,0.0
-50.0,50,965.436203,0.0
-50.0,50,965.972679,0.0
-50.0,50,966.512243,0.0
-50.0,50,967.071757,0.0
-50.0,50,967.605315,0.0
-50.0,50,968.145015,0.0
-50.0,50,968.682728,0.0
-50.0,50,969.232646,0.0
-50.0,50,969.778148,0.0
-50.0,50,970.324125,0.0
-50.0,50,970.870764,0.0
-47.0,50,971.430157,0.0
-50.0,50,971.97383,0.0
-50.0,50,972.510996,0.0
-50.0,50,973.05329,0.0
-50.0,50,973.613943,0.0
-50.0,50,974.157012,0.0
-50.0,50,974.696823,0.0
-50.0,50,975.240428,0.0
-50.0,50,975.797353,0.0
-50.0,50,976.340885,0.0
-50.0,50,976.882302,0.0
-50.0,50,977.425503,0.0
0.0,50,977.983007,1.0
-50.0,50,978.526511,0.0
-50.0,50,979.072282,0.0
-50.0,50,979.618573,0.0
-50.0,50,980.174533,0.0
-50.0,50,980.715181,0.0
0.0,50,981.262225,1.0
-50.0,50,981.808769,0.0
-50.0,50,982.369264,0.0
-50.0,50,982.909556,0.0
-44.0,50,983.445504,0.0
-50.0,50,983.982652,0.0
-50.0,50,984.541,0.0
-43.0,50,985.082494,0.0
-50.0,50,985.621747,0.0
-50.0,50,986.166623,0.0
-47.0,50,986.726644,0.0
-50.0,50,987.27116,0.0
-50.0,50,987.815027,0.0
-50.0,50,988.36177,0.0
-50.0,50,988.930388,0.0
-50.0,50,989.478101,0.0
-50.0,50,990.024155,0.0
-50.0,50,990.572276,0.0
-50.0,50,991.13299,0.0
-13.0,50,991.676502,1.0
-50.0,50,992.219618,0.0
-50.0,50,992.757318,0.0
-50.0,50,993.322504,0.0
-50.0,50,993.866805,0.0
-50.0,50,994.410259,0.0
-50.0,50,994.954449,0.0
-50.0,50,995.513054,0.0
-50.0,50,996.061032,0.0
-50.0,50,996.611318,0.0
-50.0,50,997.15385,0.0
-50.0,50,997.713126,0.0
-50.0,50,998.259468,0.0
-50.0,50,998.796257,0.0
-50.0,50,999.338139,0.0
-50.0,50,999.903717,0.0
-50.0,50,1000.442994,0.0
-50.0,50,1000.987746,0.0
-50.0,50,1001.532688,0.0
-50.0,50,1002.095466,0.0
-50.0,50,1002.640393,0.0
-50.0,50,1003.184197,0.0
-50.0,50,1003.727948,0.0
-50.0,50,1004.283799,0.0
-50.0,50,1004.827138,0.0
-50.0,50,1005.36783,0.0
-50.0,50,1005.916353,0.0
-50.0,50,1006.474083,0.0
-50.0,50,1007.015608,0.0
-50.0,50,1007.556555,0.0
-50.0,50,1008.094828,0.0
-46.0,50,1008.648449,0.0
-50.0,50,1009.197588,0.0
-50.0,50,1009.742586,0.0
-50.0,50,1010.289968,0.0
-50.0,50,1010.860235,0.0
0.0,50,1011.404444,1.0
-50.0,50,1011.950848,0.0
-50.0,50,1012.490443,0.0
-50.0,50,1013.045896,0.0
-50.0,50,1013.588528,0.0
-50.0,50,1014.137616,0.0
-50.0,50,1014.676636,0.0
-50.0,50,1015.232045,0.0
-50.0,50,1015.777331,0.0
-50.0,50,1016.323845,0.0
-50.0,50,1016.871954,0.0
-50.0,50,1017.434504,0.0
-50.0,50,1017.97976,0.0
-50.0,50,1018.528286,0.0
-50.0,50,1019.070056,0.0
-50.0,50,1019.619076,0.0
-43.0,50,1020.162393,0.0
-50.0,50,1020.698954,0.0
-50.0,50,1021.225955,0.0
-50.0,50,1021.773782,0.0
0.0,50,1022.304636,1.0
-50.0,50,1022.843073,0.0
-50.0,50,1023.376638,0.0
-50.0,50,1026.218552,0.0
-50.0,50,1026.751719,0.0
-50.0,50,1027.286568,0.0
-50.0,50,1027.813603,0.0
-50.0,50,1028.3531,0.0
-50.0,50,1028.879465,0.0
-50.0,50,1029.407974,0.0
-50.0,50,1029.942795,0.0
-41.0,50,1030.493386,0.0
-50.0,50,1031.026875,0.0
-50.0,50,1031.567241,0.0
-50.0,50,1032.109105,0.0
0.0,50,1032.661512,1.0
-50.0,50,1033.194105,0.0
-50.0,50,1033.730601,0.0
-50.0,50,1034.272569,0.0
-50.0,50,1034.823035,0.0
-50.0,50,1035.360119,0.0
-50.0,50,1035.898842,0.0
-50.0,50,1036.43949,0.0
-50.0,50,1036.981816,0.0
-50.0,50,1037.514875,0.0
0.0,50,1038.047504,1.0
-50.0,50,1038.577299,0.0
-44.0,50,1039.127887,0.0
-50.0,50,1039.667982,0.0
-50.0,50,1040.208619,0.0
-50.0,50,1040.756394,0.0
-50.0,50,1041.306906,0.0
-50.0,50,1041.845043,0.0
-50.0,50,1042.380708,0.0
-50.0,50,1042.920524,0.0
-50.0,50,1043.473447,0.0
-50.0,50,1044.011918,0.0
-50.0,50,1044.549547,0.0
-50.0,50,1045.074858,0.0
-44.0,50,1045.62345,0.0
-50.0,50,1046.160104,0.0
-50.0,50,1046.691537,0.0
-50.0,50,1047.226427,0.0
-50.0,50,1047.769014,0.0
-50.0,50,1048.305236,0.0
-50.0,50,1048.842223,0.0
-50.0,50,1049.371073,0.0
-50.0,50,1049.919459,0.0
-50.0,50,1050.451748,0.0
-50.0,50,1050.981177,0.0
-50.0,50,1051.517987,0.0
0.0,50,1052.064088,1.0
-50.0,50,1052.595843,0.0
-50.0,50,1053.134592,0.0
-50.0,50,1053.671782,0.0
-50.0,50,1054.219386,0.0
-50.0,50,1054.755227,0.0
-50.0,50,1055.286052,0.0
0.0,50,1055.823916,1.0
-50.0,50,1056.359747,0.0
-50.0,50,1056.889653,0.0
-50.0,50,1057.430856,0.0
-50.0,50,1057.964295,0.0
-50.0,50,1058.517858,0.0
-50.0,50,1059.062405,0.0
-50.0,50,1059.59799,0.0
-50.0,50,1060.133726,0.0
-50.0,50,1060.698708,0.0
-50.0,50,1061.240361,0.0
-50.0,50,1061.789163,0.0
-50.0,50,1062.325953,0.0
-50.0,50,1062.876094,0.0
-50.0,50,1063.420311,0.0
-50.0,50,1063.955178,0.0
-50.0,50,1064.491749,0.0
-50.0,50,1065.050798,0.0
-50.0,50,1065.597362,0.0
-50.0,50,1066.133348,0.0
-50.0,50,1066.669082,0.0
-50.0,50,1067.225394,0.0
-50.0,50,1067.770287,0.0
-50.0,50,1068.308998,0.0
-50.0,50,1068.842127,0.0
-50.0,50,1069.393791,0.0
-50.0,50,1069.937315,0.0
-50.0,50,1070.476162,0.0
-50.0,50,1071.021076,0.0
-39.0,50,1071.581651,0.0
-50.0,50,1072.118106,0.0
-50.0,50,1072.661359,0.0
-50.0,50,1073.208391,0.0
-50.0,50,1073.759969,0.0
-50.0,50,1074.296919,0.0
-46.0,50,1074.834672,0.0
-50.0,50,1075.369985,0.0
-50.0,50,1075.953097,0.0
-50.0,50,1076.499696,0.0
-50.0,50,1077.042649,0.0
-50.0,50,1077.590368,0.0
-50.0,50,1078.164898,0.0
-50.0,50,1078.703705,0.0
-50.0,50,1079.246513,0.0
-50.0,50,1079.781399,0.0
-50.0,50,1080.327132,0.0
-50.0,50,1080.861927,0.0
-50.0,50,1081.400402,0.0
-50.0,50,1081.943053,0.0
-50.0,50,1082.490284,0.0
-50.0,50,1083.026099,0.0
-50.0,50,1083.565308,0.0
-50.0,50,1084.10406,0.0
-50.0,50,1084.670502,0.0
-50.0,50,1085.218295,0.0
-50.0,50,1085.753438,0.0
-50.0,50,1086.29036,0.0
-50.0,50,1086.840686,0.0
-50.0,50,1087.374965,0.0
0.0,50,1087.920342,1.0
-50.0,50,1088.458135,0.0
-50.0,50,1089.004066,0.0
-50.0,50,1089.540375,0.0
-50.0,50,1090.088162,0.0
-50.0,50,1090.632817,0.0
-50.0,50,1091.183601,0.0
-50.0,50,1091.71761,0.0
-50.0,50,1092.265479,0.0
-50.0,50,1092.802661,0.0
-50.0,50,1093.351586,0.0
-50.0,50,1093.885978,0.0
-47.0,50,1094.419302,0.0
-50.0,50,1094.960326,0.0
-50.0,50,1095.503803,0.0
-47.0,50,1096.04005,0.0
-50.0,50,1096.578368,0.0
-50.0,50,1097.110144,0.0
-50.0,50,1097.654606,0.0
-50.0,50,1098.191246,0.0
-50.0,50,1098.72253,0.0
-50.0,50,1099.256777,0.0
-50.0,50,1099.813916,0.0
-50.0,50,1100.360556,0.0
-50.0,50,1100.907101,0.0
-50.0,50,1101.455581,0.0
-50.0,50,1102.000525,0.0
-50.0,50,1102.535643,0.0
-50.0,50,1103.079553,0.0
-50.0,50,1103.61786,0.0
-50.0,50,1104.168682,0.0
-50.0,50,1104.71686,0.0
-50.0,50,1105.263334,0.0
-50.0,50,1105.808046,0.0
-50.0,50,1106.366787,0.0
-50.0,50,1106.913752,0.0
-50.0,50,1107.450583,0.0
-50.0,50,1107.992595,0.0
-50.0,50,1108.541347,0.0
-50.0,50,1109.075249,0.0
-50.0,50,1109.620815,0.0
-50.0,50,1110.155727,0.0
-50.0,50,1110.716854,0.0
0.0,50,1111.265658,1.0
-50.0,50,1111.806124,0.0
-50.0,50,1112.354566,0.0
-50.0,50,1112.929579,0.0
-50.0,50,1113.466395,0.0
-50.0,50,1114.010645,0.0
-50.0,50,1114.556623,0.0
-50.0,50,1115.114563,0.0
-50.0,50,1115.665956,0.0
-50.0,50,1116.212634,0.0
-50.0,50,1116.761512,0.0
-50.0,50,1117.317016,0.0
-50.0,50,1117.851548,0.0
-50.0,50,1118.388371,0.0
-50.0,50,1118.932613,0.0
-50.0,50,1119.482155,0.0
-50.0,50,1120.018861,0.0
-26.0,50,1120.562803,1.0
-50.0,50,1121.099682,0.0
-50.0,50,1121.664455,0.0
-50.0,50,1122.216516,0.0
-50.0,50,1122.767918,0.0
-50.0,50,1123.307945,0.0
-50.0,50,1123.868848,0.0
-50.0,50,1124.417691,0.0
-45.0,50,1124.976144,0.0
-50.0,50,1125.524351,0.0
-50.0,50,1126.084941,0.0
-50.0,50,1126.630393,0.0
-47.0,50,1127.176535,0.0
-50.0,50,1127.712149,0.0
-50.0,50,1128.269792,0.0
-50.0,50,1128.808336,0.0
-50.0,50,1129.34155,0.0
-50.0,50,1129.866131,0.0
-50.0,50,1130.416746,0.0
-50.0,50,1130.944224,0.0
-50.0,50,1131.481519,0.0
-50.0,50,1132.01368,0.0
-50.0,50,1132.565567,0.0
-50.0,50,1133.096547,0.0
-50.0,50,1133.634393,0.0
-50.0,50,1134.163875,0.0
-50.0,50,1137.041474,0.0
-50.0,50,1137.565669,0.0
-50.0,50,1138.090083,0.0
-50.0,50,1138.614994,0.0
-25.0,50,1139.164706,1.0
-50.0,50,1139.68418,0.0
-50.0,50,1140.211211,0.0
-50.0,50,1140.74788,0.0
-50.0,50,1141.285197,0.0
-50.0,50,1141.812019,0.0
-50.0,50,1142.349476,0.0
-50.0,50,1142.886838,0.0
-50.0,50,1143.436348,0.0
-50.0,50,1143.969305,0.0
-50.0,50,1144.503058,0.0
-50.0,50,1145.046705,0.0
-50.0,50,1145.590959,0.0
-50.0,50,1146.127737,0.0
-50.0,50,1146.667491,0.0
-50.0,50,1147.207839,0.0
-50.0,50,1147.755539,0.0
-50.0,50,1148.292184,0.0
-50.0,50,1148.830701,0.0
-50.0,50,1149.366725,0.0
-50.0,50,1149.912734,0.0
-50.0,50,1150.456487,0.0
-34.0,50,1151.000284,0.0
-50.0,50,1151.540835,0.0
-50.0,50,1152.102989,0.0
-50.0,50,1152.643948,0.0
-50.0,50,1153.17684,0.0
-50.0,50,1153.708432,0.0
-29.0,50,1154.261648,1.0
-50.0,50,1154.792645,0.0
-49.0,50,1155.323718,0.0
-50.0,50,1155.857445,0.0
-50.0,50,1156.418491,0.0
-50.0,50,1156.944394,0.0
-50.0,50,1157.468809,0.0
-50.0,50,1157.995009,0.0
-39.0,50,1158.542988,0.0
-50.0,50,1159.072639,0.0
-50.0,50,1159.600935,0.0
-50.0,50,1160.121558,0.0
-50.0,50,1160.6673,0.0
-50.0,50,1161.189045,0.0
-50.0,50,1161.719095,0.0
-50.0,50,1162.250866,0.0
-50.0,50,1162.802999,0.0
-50.0,50,1163.335679,0.0
-46.0,50,1163.872742,0.0
-50.0,50,1164.395504,0.0
-44.0,50,1164.947304,0.0
-50.0,50,1165.482612,0.0
-50.0,50,1166.019947,0.0
-50.0,50,1166.55693,0.0
-50.0,50,1167.099469,0.0
-50.0,50,1167.632236,0.0
-41.0,50,1168.168665,0.0
-50.0,50,1168.697823,0.0
-50.0,50,1169.255126,0.0
-19.0,50,1169.791246,0.0
-50.0,50,1170.319671,0.0
-50.0,50,1170.864352,0.0
-50.0,50,1171.414929,0.0
-50.0,50,1171.945199,0.0
-50.0,50,1172.479856,0.0
-50.0,50,1173.003924,0.0
-50.0,50,1173.573712,0.0
-45.0,50,1174.09934,0.0
-50.0,50,1174.622576,0.0
-50.0,50,1175.161803,0.0
-50.0,50,1175.707978,0.0
-50.0,50,1176.240009,0.0
-50.0,50,1176.771113,0.0
-50.0,50,1177.305667,0.0
-50.0,50,1177.865972,0.0
-50.0,50,1178.396634,0.0
-50.0,50,1178.920536,0.0
0.0,50,1179.456756,1.0
-50.0,50,1180.006855,0.0
-50.0,50,1180.544136,0.0
-50.0,50,1181.077032,0.0
-50.0,50,1181.606267,0.0
-50.0,50,1182.148732,0.0
-50.0,50,1182.690785,0.0
-50.0,50,1183.217264,0.0
-50.0,50,1183.749966,0.0
-50.0,50,1184.293124,0.0
-50.0,50,1184.826031,0.0
-50.0,50,1185.359348,0.0
-50.0,50,1185.886187,0.0
-50.0,50,1186.483223,0.0
-50.0,50,1187.018077,0.0
-50.0,50,1187.552498,0.0
-44.0,50,1188.098865,0.0
-50.0,50,1188.65239,0.0
-50.0,50,1189.181637,0.0
-50.0,50,1189.71666,0.0
-50.0,50,1190.257208,0.0
-50.0,50,1190.820126,0.0
-50.0,50,1191.347315,0.0
-20.0,50,1191.872167,0.0
-48.0,50,1192.406819,0.0
-50.0,50,1192.976724,0.0
-50.0,50,1193.51432,0.0
-50.0,50,1194.043534,0.0
-50.0,50,1194.576628,0.0
-50.0,50,1195.137424,0.0
-47.0,50,1195.671364,0.0
-50.0,50,1196.197434,0.0
-50.0,50,1196.735153,0.0
-50.0,50,1197.289135,0.0
-50.0,50,1197.828188,0.0
-50.0,50,1198.375909,0.0
-50.0,50,1198.910655,0.0
-50.0,50,1199.482699,0.0
-50.0,50,1200.018141,0.0
-50.0,50,1200.554488,0.0
-50.0,50,1201.08848,0.0
-50.0,50,1201.671758,0.0
-50.0,50,1202.209096,0.0
-50.0,50,1202.749201,0.0
-50.0,50,1203.287309,0.0
-50.0,50,1203.879364,0.0
-50.0,50,1204.422744,0.0
-50.0,50,1204.95538,0.0
-50.0,50,1205.485616,0.0
-50.0,50,1206.069585,0.0
-50.0,50,1206.606502,0.0
-46.0,50,1207.14199,0.0
-50.0,50,1207.677053,0.0
-50.0,50,1208.233586,0.0
-50.0,50,1208.763869,0.0
-50.0,50,1209.300121,0.0
-50.0,50,1209.840395,0.0
-50.0,50,1210.420907,0.0
-50.0,50,1210.955751,0.0
-50.0,50,1211.486261,0.0
-50.0,50,1212.035298,0.0
-50.0,50,1212.593019,0.0
-50.0,50,1213.127195,0.0
-50.0,50,1213.655473,0.0
-50.0,50,1214.199287,0.0
-50.0,50,1214.767625,0.0
-50.0,50,1215.306115,0.0
-50.0,50,1215.850154,0.0
-50.0,50,1216.389115,0.0
-50.0,50,1216.951525,0.0
-50.0,50,1217.500438,0.0
-50.0,50,1218.031451,0.0
-50.0,50,1218.570211,0.0
-50.0,50,1219.12156,0.0
-43.0,50,1219.660893,0.0
-50.0,50,1220.197172,0.0
-50.0,50,1220.740964,0.0
-50.0,50,1221.289891,0.0
-50.0,50,1221.840188,0.0
-50.0,50,1222.374182,0.0
-50.0,50,1222.907399,0.0
-46.0,50,1223.465957,0.0
-50.0,50,1224.006742,0.0
-50.0,50,1224.546659,0.0
-50.0,50,1225.085059,0.0
-50.0,50,1225.642364,0.0
-50.0,50,1226.169058,0.0
-50.0,50,1226.711122,0.0
-50.0,50,1227.239145,0.0
-50.0,50,1227.790335,0.0
-50.0,50,1228.317589,0.0
-50.0,50,1228.850144,0.0
-45.0,50,1229.387622,0.0
-50.0,50,1229.935653,0.0
-50.0,50,1230.465353,0.0
-50.0,50,1231.000546,0.0
-50.0,50,1231.535465,0.0
-50.0,50,1232.086035,0.0
-50.0,50,1232.617492,0.0
-50.0,50,1233.144549,0.0
-50.0,50,1233.678199,0.0
-50.0,50,1234.252793,0.0
-50.0,50,1234.783317,0.0
-50.0,50,1235.319227,0.0
-50.0,50,1235.85065,0.0
-50.0,50,1236.416745,0.0
-50.0,50,1236.95396,0.0
-50.0,50,1237.493612,0.0
-50.0,50,1238.030758,0.0
-50.0,50,1238.591151,0.0
-44.0,50,1239.129804,0.0
-50.0,50,1239.667406,0.0
-50.0,50,1240.204788,0.0
-50.0,50,1240.753357,0.0
-50.0,50,1241.295409,0.0
-50.0,50,1241.826074,0.0
-50.0,50,1242.377785,0.0
-50.0,50,1242.938568,0.0
-50.0,50,1243.489736,0.0
-50.0,50,1244.030058,0.0
0.0,50,1244.560943,1.0
-50.0,50,1247.542122,0.0
-50.0,50,1248.080876,0.0
-50.0,50,1248.609619,0.0
-50.0,50,1249.140183,0.0
-50.0,50,1249.698369,0.0
-50.0,50,1250.227893,0.0
-50.0,50,1250.763888,0.0
-50.0,50,1251.292581,0.0
-50.0,50,1251.843919,0.0
-50.0,50,1252.387983,0.0
-50.0,50,1252.917301,0.0
-44.0,50,1253.447598,0.0
-50.0,50,1253.993063,0.0
-50.0,50,1254.53014,0.0
-50.0,50,1255.061149,0.0
-50.0,50,1255.589681,0.0
-50.0,50,1256.145018,0.0
-50.0,50,1256.681005,0.0
-50.0,50,1257.210438,0.0
-50.0,50,1257.747072,0.0
-50.0,50,1258.291096,0.0
-50.0,50,1258.821059,0.0
-50.0,50,1259.35711,0.0
-50.0,50,1259.893302,0.0
-50.0,50,1260.444879,0.0
-50.0,50,1260.984425,0.0
-50.0,50,1261.531652,0.0
-50.0,50,1262.080942,0.0
-50.0,50,1262.623639,0.0
-50.0,50,1263.152353,0.0
-50.0,50,1263.688633,0.0
-50.0,50,1264.233093,0.0
-50.0,50,1264.787781,0.0
-50.0,50,1265.328326,0.0
-50.0,50,1265.862965,0.0
-50.0,50,1266.397201,0.0
-50.0,50,1266.96473,0.0
-50.0,50,1267.505668,0.0
-50.0,50,1268.033708,0.0
-50.0,50,1268.565717,0.0
-50.0,50,1269.116586,0.0
-50.0,50,1269.650943,0.0
-50.0,50,1270.191119,0.0
-50.0,50,1270.73293,0.0
-50.0,50,1271.274824,0.0
-50.0,50,1271.804362,0.0
-50.0,50,1272.337522,0.0
-50.0,50,1272.871581,0.0
-50.0,50,1273.425507,0.0
-50.0,50,1273.957178,0.0
-50.0,50,1274.483644,0.0
-50.0,50,1275.011344,0.0
-50.0,50,1275.572823,0.0
-50.0,50,1276.114779,0.0
-50.0,50,1276.648285,0.0
-50.0,50,1277.184271,0.0
-50.0,50,1277.738915,0.0
-50.0,50,1278.281006,0.0
-50.0,50,1278.825028,0.0
-19.0,50,1279.360059,0.0
-42.0,50,1279.913691,0.0
-50.0,50,1280.447981,0.0
-50.0,50,1280.979395,0.0
-50.0,50,1281.513802,0.0
-50.0,50,1282.067405,0.0
-50.0,50,1282.598497,0.0
-50.0,50,1283.141856,0.0
-50.0,50,1283.6801,0.0
-47.0,50,1284.226397,0.0
-50.0,50,1284.759973,0.0
-50.0,50,1285.279572,0.0
-50.0,50,1285.80926,0.0
-50.0,50,1286.352149,0.0
-50.0,50,1286.881971,0.0
-50.0,50,1287.4033,0.0
-50.0,50,1287.927023,0.0
-50.0,50,1288.470269,0.0
-50.0,50,1289.005492,0.0
-50.0,50,1289.530356,0.0
-50.0,50,1290.062878,0.0
-50.0,50,1290.612368,0.0
-50.0,50,1291.14025,0.0
-50.0,50,1291.665945,0.0
-50.0,50,1292.197737,0.0
-50.0,50,1292.747312,0.0
-50.0,50,1293.269052,0.0
-50.0,50,1293.793057,0.0
-50.0,50,1294.326495,0.0
-50.0,50,1294.871801,0.0
-50.0,50,1295.401133,0.0
-50.0,50,1295.928331,0.0
-50.0,50,1296.45708,0.0
-50.0,50,1296.996894,0.0
-50.0,50,1297.521465,0.0
-46.0,50,1298.044197,0.0
-50.0,50,1298.571273,0.0
-50.0,50,1299.12024,0.0
-50.0,50,1299.654603,0.0
-50.0,50,1300.17686,0.0
-50.0,50,1300.706038,0.0
-50.0,50,1301.252586,0.0
-50.0,50,1301.784564,0.0
-46.0,50,1302.316473,0.0
-50.0,50,1302.845088,0.0
-50.0,50,1303.381454,0.0
-50.0,50,1303.918891,0.0
-50.0,50,1304.449068,0.0
-50.0,50,1304.984544,0.0
-50.0,50,1305.526337,0.0
-50.0,50,1306.056779,0.0
-50.0,50,1306.583918,0.0
-50.0,50,1307.115188,0.0
-50.0,50,1307.656243,0.0
-50.0,50,1308.173459,0.0
-50.0,50,1308.693045,0.0
-50.0,50,1309.214846,0.0
-50.0,50,1309.752446,0.0
-50.0,50,1310.286186,0.0
-50.0,50,1310.80606,0.0
-50.0,50,1311.33048,0.0
-42.0,50,1311.884099,0.0
-50.0,50,1312.410501,0.0
-50.0,50,1312.950778,0.0
-50.0,50,1313.474044,0.0
-50.0,50,1314.025095,0.0
-50.0,50,1314.557522,0.0
-50.0,50,1315.079539,0.0
-50.0,50,1315.604059,0.0
-50.0,50,1316.165955,0.0
-50.0,50,1316.707219,0.0
-40.0,50,1317.232941,1.0
-50.0,50,1317.756428,0.0
-50.0,50,1318.305298,0.0
-50.0,50,1318.845515,0.0
-50.0,50,1319.374921,0.0
-50.0,50,1319.911698,0.0
-50.0,50,1320.455501,0.0
-50.0,50,1320.985001,0.0
-50.0,50,1321.523659,0.0
-50.0,50,1322.04763,0.0
-50.0,50,1322.589517,0.0
-50.0,50,1323.11993,0.0
-50.0,50,1323.651264,0.0
-50.0,50,1324.196643,0.0
-50.0,50,1324.748333,0.0
0.0,50,1325.28001,1.0
-50.0,50,1325.809018,0.0
-50.0,50,1326.339521,0.0
-50.0,50,1326.893783,0.0
-50.0,50,1327.423633,0.0
-50.0,50,1327.953055,0.0
-50.0,50,1328.488816,0.0
-50.0,50,1329.068382,0.0
-50.0,50,1329.605536,0.0
-50.0,50,1330.144113,0.0
-50.0,50,1330.685982,0.0
-46.0,50,1331.241164,0.0
-50.0,50,1331.768191,0.0
-50.0,50,1332.301794,0.0
-50.0,50,1332.836452,0.0
-50.0,50,1333.386006,0.0
-48.0,50,1333.920211,0.0
-50.0,50,1334.45984,0.0
-50.0,50,1334.983139,0.0
-50.0,50,1335.528796,0.0
-50.0,50,1336.059826,0.0
-50.0,50,1336.58476,0.0
-50.0,50,1337.118803,0.0
-50.0,50,1337.676388,0.0
-50.0,50,1338.205981,0.0
-50.0,50,1338.733705,0.0
-50.0,50,1339.264494,0.0
-50.0,50,1339.809461,0.0
-50.0,50,1340.336196,0.0
-50.0,50,1340.861725,0.0
-50.0,50,1341.390016,0.0
-50.0,50,1341.937432,0.0
-50.0,50,1342.463685,0.0
-50.0,50,1342.996721,0.0
-50.0,50,1343.529399,0.0
-50.0,50,1344.086735,0.0
-50.0,50,1344.610582,0.0
-46.0,50,1345.143181,0.0
-50.0,50,1345.675762,0.0
-50.0,50,1346.230035,0.0
-50.0,50,1346.769787,0.0
-50.0,50,1347.300738,0.0
-50.0,50,1347.821756,0.0
-50.0,50,1348.366143,0.0
-50.0,50,1348.892566,0.0
-50.0,50,1349.421752,0.0
-50.0,50,1349.950492,0.0
-50.0,50,1350.491492,0.0
-45.0,50,1351.026596,0.0
-50.0,50,1351.546685,0.0
-50.0,50,1352.071386,0.0
-50.0,50,1352.620775,0.0
-50.0,50,1353.147798,0.0
-50.0,50,1353.676497,0.0
-50.0,50,1354.203156,0.0
-50.0,50,1356.941131,0.0
-50.0,50,1357.467595,0.0
-50.0,50,1357.993311,0.0
-50.0,50,1358.522606,0.0
-50.0,50,1359.07133,0.0
-50.0,50,1359.598546,0.0
-50.0,50,1360.129292,0.0
-50.0,50,1360.658407,0.0
-47.0,50,1361.209297,0.0
-50.0,50,1361.750313,0.0
-47.0,50,1362.28963,0.0
-50.0,50,1362.819659,0.0
-50.0,50,1363.360329,0.0
-50.0,50,1363.905622,0.0
-50.0,50,1364.439764,0.0
-50.0,50,1364.976946,0.0
-50.0,50,1365.551377,0.0
-14.0,50,1366.089652,1.0
-50.0,50,1366.614478,0.0
-50.0,50,1367.142271,0.0
-50.0,50,1367.689698,0.0
-50.0,50,1368.216428,0.0
-50.0,50,1368.751189,0.0
-50.0,50,1369.277008,0.0
-50.0,50,1369.825474,0.0
-50.0,50,1370.361435,0.0
-50.0,50,1370.888742,0.0
-50.0,50,1371.413235,0.0
-50.0,50,1371.955375,0.0
-50.0,50,1372.492996,0.0
-46.0,50,1373.021142,0.0
-50.0,50,1373.557419,0.0
-50.0,50,1374.136467,0.0
-50.0,50,1374.668904,0.0
-50.0,50,1375.199889,0.0
-50.0,50,1375.738259,0.0
-50.0,50,1376.286933,0.0
-45.0,50,1376.823008,0.0
-50.0,50,1377.352907,0.0
-50.0,50,1377.880243,0.0
-50.0,50,1378.432544,0.0
-50.0,50,1378.966735,0.0
-50.0,50,1379.490594,0.0
-50.0,50,1380.039454,0.0
-50.0,50,1380.598464,0.0
-50.0,50,1381.132539,0.0
-50.0,50,1381.665014,0.0
-50.0,50,1382.19933,0.0
-50.0,50,1382.745162,0.0
-50.0,50,1383.285352,0.0
-50.0,50,1383.817823,0.0
-50.0,50,1384.356673,0.0
-50.0,50,1384.920816,0.0
-50.0,50,1385.453363,0.0
-50.0,50,1385.984194,0.0
-50.0,50,1386.513655,0.0
-44.0,50,1387.069708,0.0
-50.0,50,1387.604983,0.0
-50.0,50,1388.146196,0.0
-50.0,50,1388.679827,0.0
-50.0,50,1389.225693,0.0
-46.0,50,1389.746474,0.0
-50.0,50,1390.290735,0.0
-50.0,50,1390.826694,0.0
-50.0,50,1391.40087,0.0
-6.0,50,1391.941266,0.0
-50.0,50,1392.474128,0.0
-50.0,50,1393.016289,0.0
-50.0,50,1393.579886,0.0
-50.0,50,1394.11439,0.0
-50.0,50,1394.641851,0.0
-50.0,50,1395.170729,0.0
-50.0,50,1395.723102,0.0
-50.0,50,1396.246172,0.0
-47.0,50,1396.772589,1.0
-50.0,50,1397.308247,0.0
-50.0,50,1397.865968,0.0
-47.0,50,1398.394832,0.0
-50.0,50,1398.918497,0.0
-25.0,50,1399.450685,0.0
-50.0,50,1399.99938,0.0
-50.0,50,1400.529606,0.0
-50.0,50,1401.052614,0.0
-50.0,50,1401.587806,0.0
-49.0,50,1402.135051,0.0
-50.0,50,1402.668147,0.0
-50.0,50,1403.192801,0.0
-50.0,50,1403.723585,0.0
-50.0,50,1404.273634,0.0
-48.0,50,1404.801454,1.0
-50.0,50,1405.323686,0.0
-50.0,50,1405.850831,0.0
-50.0,50,1406.404259,0.0
-50.0,50,1406.930363,0.0
-50.0,50,1407.452499,0.0
-50.0,50,1407.974643,0.0
-50.0,50,1408.539723,0.0
-50.0,50,1409.065254,0.0
-50.0,50,1409.592395,0.0
-50.0,50,1410.116654,0.0
-12.0,50,1410.695077,1.0
-50.0,50,1411.223952,0.0
-50.0,50,1411.758732,0.0
-50.0,50,1412.28319,0.0
-2.0,50,1412.851552,0.0
-50.0,50,1413.385728,0.0
-50.0,50,1413.922904,0.0
-50.0,50,1414.451436,0.0
-50.0,50,1415.01704,0.0
-50.0,50,1415.545761,0.0
-50.0,50,1416.081095,0.0
-50.0,50,1416.61258,0.0
-50.0,50,1417.168997,0.0
-50.0,50,1417.708093,0.0
-50.0,50,1418.253073,0.0
-50.0,50,1418.800904,0.0
-50.0,50,1419.378786,0.0
-50.0,50,1419.911446,0.0
-50.0,50,1420.443986,0.0
-50.0,50,1420.97083,0.0
-50.0,50,1421.526271,0.0
-50.0,50,1422.057081,0.0
-50.0,50,1422.592257,0.0
-50.0,50,1423.120747,0.0
-50.0,50,1423.67572,0.0
-50.0,50,1424.214533,0.0
-50.0,50,1424.756967,0.0
-50.0,50,1425.292164,0.0
-50.0,50,1425.844931,0.0
-45.0,50,1426.379766,0.0
-38.0,50,1426.92006,0.0
-50.0,50,1427.451549,0.0
-50.0,50,1428.007008,0.0
-50.0,50,1428.545662,0.0
-50.0,50,1429.098804,0.0
-50.0,50,1429.623374,0.0
-30.0,50,1430.173115,1.0
-50.0,50,1430.713685,0.0
-50.0,50,1431.238851,0.0
-50.0,50,1431.77271,0.0
-50.0,50,1432.333092,0.0
-50.0,50,1432.866808,0.0
-50.0,50,1433.393532,0.0
-50.0,50,1433.945941,0.0
-50.0,50,1434.487233,0.0
-37.0,50,1435.017592,1.0
-50.0,50,1435.550985,0.0
-50.0,50,1436.08269,0.0
-50.0,50,1436.633934,0.0
-50.0,50,1437.16751,0.0
-50.0,50,1437.700733,0.0
-50.0,50,1438.235427,0.0
-50.0,50,1438.803073,0.0
-50.0,50,1439.339868,0.0
-43.0,50,1439.865498,1.0
-50.0,50,1440.400672,0.0
-50.0,50,1440.952806,0.0
-50.0,50,1441.478501,0.0
-50.0,50,1442.011605,0.0
-50.0,50,1442.539006,0.0
-50.0,50,1443.093023,0.0
-50.0,50,1443.624273,0.0
-50.0,50,1444.155772,0.0
-50.0,50,1444.691723,0.0
-50.0,50,1445.267218,0.0
-50.0,50,1445.799087,0.0
-50.0,50,1446.329173,0.0
-50.0,50,1446.85443,0.0
-47.0,50,1447.411137,0.0
-50.0,50,1447.934046,0.0
-50.0,50,1448.467531,0.0
-48.0,50,1448.988948,0.0
-50.0,50,1449.543929,0.0
-50.0,50,1450.069767,0.0
-50.0,50,1450.599856,0.0
-50.0,50,1451.12809,0.0
-50.0,50,1451.699156,0.0
-50.0,50,1452.232831,0.0
-50.0,50,1452.762743,0.0
-50.0,50,1453.299901,0.0
-50.0,50,1453.85553,0.0
-50.0,50,1454.382945,0.0
-50.0,50,1454.915771,0.0
-50.0,50,1455.447856,0.0
-50.0,50,1455.998357,0.0
-50.0,50,1456.524479,0.0
-50.0,50,1457.055871,0.0
-50.0,50,1457.590921,0.0
-50.0,50,1458.139826,0.0
-47.0,50,1458.681111,0.0
-50.0,50,1459.206492,0.0
-50.0,50,1459.737621,0.0
-50.0,50,1460.290677,0.0
-45.0,50,1460.817567,0.0
-50.0,50,1461.357932,0.0
-50.0,50,1461.888377,0.0
-50.0,50,1462.445592,0.0
-50.0,50,1462.967969,0.0
-50.0,50,1463.506259,0.0
-50.0,50,1464.033319,0.0
-50.0,50,1466.917518,0.0
-50.0,50,1467.448765,0.0
-46.0,50,1467.986126,0.0
-50.0,50,1468.521153,0.0
-50.0,50,1469.078228,0.0
-43.0,50,1469.612501,0.0
-50.0,50,1470.153153,0.0
-50.0,50,1470.691858,0.0
-50.0,50,1471.244602,0.0
-50.0,50,1471.779101,0.0
-50.0,50,1472.31801,0.0
-50.0,50,1472.852086,0.0
-50.0,50,1473.412834,0.0
-50.0,50,1473.953674,0.0
-50.0,50,1474.489404,0.0
-50.0,50,1475.028444,0.0
-50.0,50,1475.587847,0.0
-50.0,50,1476.118607,0.0
-47.0,50,1476.657727,0.0
-50.0,50,1477.190122,0.0
-45.0,50,1477.749959,0.0
-50.0,50,1478.286893,0.0
-50.0,50,1478.820374,0.0
-11.0,50,1479.355744,1.0
-50.0,50,1479.91007,0.0
-50.0,50,1480.442227,0.0
-50.0,50,1480.97009,0.0
-50.0,50,1481.505187,0.0
-50.0,50,1482.078542,0.0
-50.0,50,1482.614331,0.0
-50.0,50,1483.144167,0.0
-44.0,50,1483.68208,0.0
-50.0,50,1484.243204,0.0
-50.0,50,1484.779001,0.0
-50.0,50,1485.310592,0.0
-50.0,50,1485.83426,0.0
-50.0,50,1486.417594,0.0
-50.0,50,1486.936153,0.0
-50.0,50,1487.46405,0.0
-50.0,50,1487.980964,0.0
-50.0,50,1488.537026,0.0
-50.0,50,1489.053777,0.0
-50.0,50,1489.58708,0.0
-50.0,50,1490.097867,0.0
-50.0,50,1490.657758,0.0
-50.0,50,1491.181774,0.0
-50.0,50,1491.718098,0.0
-50.0,50,1492.256847,0.0
-50.0,50,1492.811982,0.0
-32.0,50,1493.343095,1.0
-50.0,50,1493.875951,0.0
-50.0,50,1494.404197,0.0
-50.0,50,1494.943437,0.0
-50.0,50,1495.474804,0.0
-50.0,50,1496.002789,0.0
-50.0,50,1496.528501,0.0
-17.0,50,1497.082058,1.0
-50.0,50,1497.618273,0.0
-50.0,50,1498.146794,0.0
-50.0,50,1498.693878,0.0
-50.0,50,1499.254981,0.0
-50.0,50,1499.79827,0.0
-50.0,50,1500.325014,0.0
-50.0,50,1500.862969,0.0
-10.0,50,1501.417256,1.0
-50.0,50,1501.948804,0.0
-50.0,50,1502.49961,0.0
-45.0,50,1503.041071,0.0
-47.0,50,1503.596469,0.0
-50.0,50,1504.125398,0.0
-50.0,50,1504.662062,0.0
-50.0,50,1505.190914,0.0
-50.0,50,1505.753075,0.0
-47.0,50,1506.292257,0.0
-50.0,50,1506.836287,0.0
-50.0,50,1507.371068,0.0
-46.0,50,1507.926879,0.0
-50.0,50,1508.45684,0.0
-50.0,50,1508.986779,0.0
-50.0,50,1509.530344,0.0
-50.0,50,1510.08565,0.0
0.0,50,1510.621755,1.0
-50.0,50,1511.143868,0.0
-50.0,50,1511.667845,0.0
-50.0,50,1512.223189,0.0
-16.0,50,1512.747847,1.0
-47.0,50,1513.272205,0.0
-50.0,50,1513.800772,0.0
-50.0,50,1514.35433,0.0
-50.0,50,1514.882236,0.0
-50.0,50,1515.409807,0.0
-50.0,50,1515.928642,0.0
-46.0,50,1516.484865,0.0
-50.0,50,1517.000251,0.0
-50.0,50,1517.529792,0.0
-50.0,50,1518.060291,0.0
0.0,50,1518.61329,1.0
-50.0,50,1519.139033,0.0
-50.0,50,1519.6692,0.0
-50.0,50,1520.192871,0.0
0.0,50,1520.740041,1.0
-50.0,50,1521.274288,0.0
-50.0,50,1521.799661,0.0
-50.0,50,1522.338114,0.0
-50.0,50,1522.905677,0.0
-50.0,50,1523.44702,0.0
-50.0,50,1523.984161,0.0
-50.0,50,1524.525462,0.0
-46.0,50,1525.089444,0.0
-50.0,50,1525.629916,0.0
-50.0,50,1526.153988,0.0
-30.0,50,1526.681039,1.0
-50.0,50,1527.239838,0.0
-50.0,50,1527.776482,0.0
-50.0,50,1528.314205,0.0
-50.0,50,1528.840905,0.0
-50.0,50,1529.400165,0.0
-50.0,50,1529.924166,0.0
-50.0,50,1530.460017,0.0
-50.0,50,1530.997024,0.0
-50.0,50,1531.538043,0.0
-50.0,50,1532.080041,0.0
-50.0,50,1532.625447,0.0
-32.0,50,1533.153944,0.0
-50.0,50,1533.692997,0.0
-50.0,50,1534.218786,0.0
-50.0,50,1534.750804,0.0
-50.0,50,1535.278188,0.0
-50.0,50,1535.827986,0.0
-50.0,50,1536.363428,0.0
-50.0,50,1536.897945,0.0
-50.0,50,1537.423049,0.0
-50.0,50,1537.964756,0.0
-50.0,50,1538.48902,0.0
-50.0,50,1539.023421,0.0
-50.0,50,1539.552349,0.0
-27.0,50,1540.108165,1.0
-50.0,50,1540.645978,0.0
-50.0,50,1541.1727,0.0
-44.0,50,1541.701649,0.0
0.0,50,1542.244485,1.0
-50.0,50,1542.7711,0.0
-50.0,50,1543.306437,0.0
-50.0,50,1543.839053,0.0
-48.0,50,1544.385964,0.0
-50.0,50,1544.911972,0.0
-50.0,50,1545.438668,0.0
-50.0,50,1545.974034,0.0
-50.0,50,1546.530017,0.0
-50.0,50,1547.055159,0.0
-50.0,50,1547.582382,0.0
-50.0,50,1548.114766,0.0
-50.0,50,1548.658166,0.0
-50.0,50,1549.188912,0.0
-50.0,50,1549.720182,0.0
-45.0,50,1550.249295,0.0
-50.0,50,1550.794328,0.0
-50.0,50,1551.324478,0.0
-50.0,50,1551.856053,0.0
-50.0,50,1552.390252,0.0
-50.0,50,1552.936536,0.0
-50.0,50,1553.4651,0.0
-50.0,50,1553.99033,0.0
-50.0,50,1554.517708,0.0
-50.0,50,1555.052541,0.0
-50.0,50,1555.576924,0.0
-50.0,50,1556.105895,0.0
-50.0,50,1556.637633,0.0
-50.0,50,1557.190577,0.0
-50.0,50,1557.721114,0.0
-50.0,50,1558.245436,0.0
-50.0,50,1558.782345,0.0
-50.0,50,1559.33535,0.0
-50.0,50,1559.873672,0.0
0.0,50,1560.409198,1.0
-47.0,50,1560.938799,0.0
-50.0,50,1561.477399,0.0
-50.0,50,1561.997213,0.0
-50.0,50,1562.515006,0.0
-50.0,50,1563.03433,0.0
-50.0,50,1563.579671,0.0
-14.0,50,1564.115568,1.0
-50.0,50,1564.646694,0.0
-50.0,50,1565.182223,0.0
-17.0,50,1565.734964,0.0
-50.0,50,1566.268528,0.0
-50.0,50,1566.806076,0.0
-50.0,50,1567.340373,0.0
-50.0,50,1567.893718,0.0
-50.0,50,1568.435494,0.0
-48.0,50,1568.969885,0.0
-50.0,50,1569.500314,0.0
-50.0,50,1570.048976,0.0
0.0,50,1570.571341,1.0
-50.0,50,1571.10034,0.0
-50.0,50,1571.624278,0.0
0.0,50,1572.159721,1.0
-50.0,50,1572.677257,0.0
-50.0,50,1573.211442,0.0
-50.0,50,1573.735125,0.0
-50.0,50,1576.569089,0.0
-50.0,50,1577.100378,0.0
-50.0,50,1577.618613,0.0
-50.0,50,1578.145134,0.0
-50.0,50,1578.703602,0.0
-46.0,50,1579.232557,0.0
-50.0,50,1579.750994,0.0
-50.0,50,1580.282377,0.0
-50.0,50,1580.851529,0.0
-50.0,50,1581.377223,0.0
-1.0,50,1581.897977,1.0
-50.0,50,1582.422529,0.0
-50.0,50,1583.007006,0.0
-50.0,50,1583.536086,0.0
-50.0,50,1584.055328,0.0
-11.0,50,1584.591427,1.0
-50.0,50,1585.138412,0.0
-50.0,50,1585.654277,0.0
-50.0,50,1586.181583,0.0
-50.0,50,1586.708235,0.0
-50.0,50,1587.257885,0.0
-50.0,50,1587.78332,0.0
-50.0,50,1588.301841,0.0
-50.0,50,1588.822811,0.0
-50.0,50,1589.362219,0.0
-47.0,50,1589.881069,0.0
-50.0,50,1590.402163,0.0
-50.0,50,1590.925902,0.0
-50.0,50,1591.482052,0.0
-48.0,50,1592.012818,0.0
-50.0,50,1592.544155,0.0
-50.0,50,1593.074338,0.0
-25.0,50,1593.624083,1.0
-50.0,50,1594.150141,0.0
-45.0,50,1594.677061,0.0
-50.0,50,1595.197931,0.0
-50.0,50,1595.749669,0.0
-50.0,50,1596.281884,0.0
-50.0,50,1596.803932,0.0
-50.0,50,1597.33722,0.0
-50.0,50,1597.892505,0.0
-50.0,50,1598.426764,0.0
-50.0,50,1598.960566,0.0
-50.0,50,1599.483542,0.0
-46.0,50,1600.03916,0.0
-50.0,50,1600.574503,0.0
-50.0,50,1601.101372,0.0
-50.0,50,1601.635052,0.0
-50.0,50,1602.179338,0.0
-50.0,50,1602.708552,0.0
-50.0,50,1603.235811,0.0
-45.0,50,1603.773003,0.0
-50.0,50,1604.324833,0.0
-50.0,50,1604.852411,0.0
-50.0,50,1605.387974,0.0
-50.0,50,1605.921542,0.0
-50.0,50,1606.475074,0.0
-50.0,50,1607.01002,0.0
-5.0,50,1607.549712,1.0
-50.0,50,1608.068189,0.0
-16.0,50,1608.624155,1.0
-50.0,50,1609.154705,0.0
-50.0,50,1609.67356,0.0
-48.0,50,1610.204301,1.0
-50.0,50,1610.752285,0.0
-43.0,50,1611.278998,0.0
-50.0,50,1611.801252,0.0
-50.0,50,1612.322373,0.0
-50.0,50,1612.869041,0.0
-50.0,50,1613.398615,0.0
-50.0,50,1613.918228,0.0
-50.0,50,1614.442442,0.0
0.0,50,1614.984511,1.0
-50.0,50,1615.508056,0.0
-50.0,50,1616.029048,0.0
-39.0,50,1616.564475,0.0
-50.0,50,1617.108353,0.0
-50.0,50,1617.640256,0.0
-50.0,50,1618.167401,0.0
-50.0,50,1618.698631,0.0
-50.0,50,1619.24284,0.0
-50.0,50,1619.779191,0.0
-50.0,50,1620.32537,0.0
-50.0,50,1620.861677,0.0
-50.0,50,1621.41589,0.0
-50.0,50,1621.94158,0.0
-50.0,50,1622.472247,0.0
-50.0,50,1623.00061,0.0
-50.0,50,1623.5562,0.0
-50.0,50,1624.097535,0.0
-50.0,50,1624.633598,0.0
-50.0,50,1625.171958,0.0
-50.0,50,1625.710868,0.0
-50.0,50,1626.231324,0.0
-50.0,50,1626.75727,0.0
-50.0,50,1627.281702,0.0
-50.0,50,1627.831481,0.0
-50.0,50,1628.365656,0.0
-50.0,50,1628.905271,0.0
-50.0,50,1629.441523,0.0
-50.0,50,1629.998203,0.0
-50.0,50,1630.537016,0.0
-50.0,50,1631.073134,0.0
-11.0,50,1631.61295,1.0
-50.0,50,1632.173018,0.0
-21.0,50,1632.702624,1.0
-50.0,50,1633.228379,0.0
-50.0,50,1633.753606,0.0
-50.0,50,1634.29546,0.0
-31.0,50,1634.823285,0.0
-45.0,50,1635.344187,0.0
-50.0,50,1635.854099,0.0
-50.0,50,1636.422054,0.0
-50.0,50,1636.934535,0.0
-50.0,50,1637.456249,0.0
-50.0,50,1637.977355,0.0
-50.0,50,1638.538732,0.0
-50.0,50,1639.072296,0.0
-50.0,50,1639.608763,0.0
-50.0,50,1640.133209,0.0
-50.0,50,1640.687746,0.0
-50.0,50,1641.224966,0.0
-50.0,50,1641.751222,0.0
-47.0,50,1642.284442,0.0
-50.0,50,1642.84706,0.0
-50.0,50,1643.373542,0.0
-50.0,50,1643.902422,0.0
-50.0,50,1644.428199,0.0
-50.0,50,1644.984167,0.0
-50.0,50,1645.515194,0.0
-50.0,50,1646.059091,0.0
-50.0,50,1646.58834,0.0
-50.0,50,1647.136094,0.0
-50.0,50,1647.669248,0.0
-50.0,50,1648.198473,0.0
-50.0,50,1648.736678,0.0
0.0,50,1649.300271,1.0
-50.0,50,1649.832264,0.0
-45.0,50,1650.372348,0.0
-50.0,50,1650.902774,0.0
-50.0,50,1651.466794,0.0
-50.0,50,1652.000389,0.0
-50.0,50,1652.536505,0.0
-46.0,50,1653.080434,0.0
-50.0,50,1653.6357,0.0
-50.0,50,1654.169399,0.0
-50.0,50,1654.701439,0.0
-50.0,50,1655.236382,0.0
-50.0,50,1655.80002,0.0
-50.0,50,1656.34326,0.0
-50.0,50,1656.880747,0.0
-50.0,50,1657.421983,0.0
-50.0,50,1657.977729,0.0
-39.0,50,1658.518394,0.0
-50.0,50,1659.049591,0.0
-50.0,50,1659.59377,0.0
0.0,50,1660.144111,1.0
-50.0,50,1660.672343,0.0
-50.0,50,1661.204912,0.0
-50.0,50,1661.741625,0.0
-50.0,50,1662.295297,0.0
-50.0,50,1662.835545,0.0
-22.0,50,1663.365686,1.0
-50.0,50,1663.913524,0.0
-50.0,50,1664.472121,0.0
-50.0,50,1665.005657,0.0
-50.0,50,1665.531403,0.0
-50.0,50,1666.060047,0.0
-50.0,50,1666.60489,0.0
-50.0,50,1667.12746,0.0
-50.0,50,1667.660748,0.0
-50.0,50,1668.187696,0.0
-50.0,50,1668.744132,0.0
-50.0,50,1669.269344,0.0
-50.0,50,1669.804192,0.0
-50.0,50,1670.3353,0.0
-50.0,50,1670.88132,0.0
-50.0,50,1671.411754,0.0
-49.0,50,1671.939543,0.0
-50.0,50,1672.469952,0.0
-50.0,50,1673.025241,0.0
-50.0,50,1673.555596,0.0
-50.0,50,1674.086868,0.0
-50.0,50,1674.616796,0.0
-50.0,50,1675.167567,0.0
-15.0,50,1675.695479,1.0
-50.0,50,1676.221701,0.0
-50.0,50,1676.75116,0.0
-50.0,50,1677.308435,0.0
-50.0,50,1677.847059,0.0
-50.0,50,1678.379693,0.0
-50.0,50,1678.898695,0.0
-50.0,50,1679.454607,0.0
-50.0,50,1679.984278,0.0
-50.0,50,1680.503966,0.0
-50.0,50,1681.035378,0.0
-50.0,50,1681.596287,0.0
-50.0,50,1682.12761,0.0
-43.0,50,1682.655205,1.0
-50.0,50,1683.177299,0.0
-50.0,50,1686.072279,0.0
-50.0,50,1686.600192,0.0
-50.0,50,1687.139373,0.0
-50.0,50,1687.674177,0.0
-50.0,50,1688.222314,0.0
-50.0,50,1688.752806,0.0
-50.0,50,1689.281367,0.0
-50.0,50,1689.808331,0.0
-50.0,50,1690.362597,0.0
0.0,50,1690.889405,1.0
0.0,50,1691.415805,1.0
-50.0,50,1691.941505,0.0
-35.0,50,1692.509635,0.0
-50.0,50,1693.046788,0.0
-48.0,50,1693.586745,0.0
-50.0,50,1694.113458,0.0
-50.0,50,1694.6632,0.0
0.0,50,1695.19892,1.0
-50.0,50,1695.740677,0.0
-50.0,50,1696.272541,0.0
-49.0,50,1696.829846,0.0
-47.0,50,1697.367579,0.0
-50.0,50,1697.901475,0.0
-50.0,50,1698.43489,0.0
-50.0,50,1698.977308,0.0
-50.0,50,1699.513046,0.0
-50.0,50,1700.043245,0.0
-50.0,50,1700.575978,0.0
-50.0,50,1701.134358,0.0
-50.0,50,1701.66783,0.0
-50.0,50,1702.200429,0.0
-50.0,50,1702.73663,0.0
-50.0,50,1703.288877,0.0
-50.0,50,1703.817517,0.0
-50.0,50,1704.353391,0.0
-50.0,50,1704.893041,0.0
-50.0,50,1705.45862,0.0
-49.0,50,1705.988439,0.0
-50.0,50,1706.51748,0.0
-50.0,50,1707.054457,0.0
-50.0,50,1707.611683,0.0
-50.0,50,1708.147545,0.0
-50.0,50,1708.67805,0.0
-50.0,50,1709.207711,0.0
-50.0,50,1709.768022,0.0
-50.0,50,1710.306732,0.0
-9.0,50,1710.850097,1.0
-50.0,50,1711.384987,0.0
-50.0,50,1711.936408,0.0
-50.0,50,1712.466454,0.0
-50.0,50,1713.003393,0.0
-50.0,50,1713.533836,0.0
0.0,50,1714.096833,1.0
-50.0,50,1714.624475,0.0
-50.0,50,1715.168709,0.0
-50.0,50,1715.701071,0.0
-50.0,50,1716.264858,0.0
-50.0,50,1716.793248,0.0
-50.0,50,1717.330929,0.0
-50.0,50,1717.860794,0.0
-17.0,50,1718.413518,1.0
-50.0,50,1718.955127,0.0
-50.0,50,1719.496782,0.0
-50.0,50,1720.042077,0.0
-50.0,50,1720.595533,0.0
-50.0,50,1721.128568,0.0
-50.0,50,1721.663979,0.0
-50.0,50,1722.19593,0.0
-50.0,50,1722.740731,0.0
-45.0,50,1723.27176,1.0
-50.0,50,1723.801986,0.0
-50.0,50,1724.346811,0.0
-50.0,50,1724.909513,0.0
0.0,50,1725.446472,1.0
-50.0,50,1725.98511,0.0
-50.0,50,1726.526916,0.0
-50.0,50,1727.087589,0.0
-50.0,50,1727.624503,0.0
-50.0,50,1728.161947,0.0
-50.0,50,1728.706931,0.0
-42.0,50,1729.260531,1.0
-50.0,50,1729.799463,0.0
-50.0,50,1730.337046,0.0
-50.0,50,1730.865932,0.0
-50.0,50,1731.416295,0.0
-50.0,50,1731.950973,0.0
-50.0,50,1732.485788,0.0
-34.0,50,1733.014898,1.0
-50.0,50,1733.573133,0.0
-50.0,50,1734.11052,0.0
-50.0,50,1734.643626,0.0
-50.0,50,1735.182548,0.0
-50.0,50,1735.749086,0.0
-37.0,50,1736.286242,1.0
-50.0,50,1736.82292,0.0
-50.0,50,1737.366232,0.0
-50.0,50,1737.930644,0.0
-50.0,50,1738.46256,0.0
-50.0,50,1738.991003,0.0
-50.0,50,1739.529073,0.0
-50.0,50,1740.088946,0.0
-50.0,50,1740.618093,0.0
-50.0,50,1741.156758,0.0
-50.0,50,1741.684573,0.0
-50.0,50,1742.254009,0.0
-45.0,50,1742.781624,0.0
-50.0,50,1743.315255,0.0
-46.0,50,1743.85385,0.0
-50.0,50,1744.404048,0.0
-50.0,50,1744.940223,0.0
-50.0,50,1745.470534,0.0
-50.0,50,1745.998036,0.0
-50.0,50,1746.566744,0.0
-50.0,50,1747.099643,0.0
-50.0,50,1747.633346,0.0
-50.0,50,1748.181912,0.0
-50.0,50,1748.734791,0.0
-50.0,50,1749.266241,0.0
-50.0,50,1749.796284,0.0
-50.0,50,1750.336097,0.0
-23.0,50,1750.896769,0.0
-50.0,50,1751.425807,0.0
-50.0,50,1751.957804,0.0
-50.0,50,1752.491254,0.0
-50.0,50,1753.034382,0.0
-50.0,50,1753.562981,0.0
-50.0,50,1754.100206,0.0
0.0,50,1754.633583,1.0
-50.0,50,1755.185268,0.0
-10.0,50,1755.722878,1.0
-50.0,50,1756.263651,0.0
-50.0,50,1756.797187,0.0
-50.0,50,1757.369045,0.0
-50.0,50,1757.904759,0.0
-50.0,50,1758.441949,0.0
-50.0,50,1758.979131,0.0
-50.0,50,1759.534113,0.0
-9.0,50,1760.074924,1.0
-50.0,50,1760.600139,0.0
-41.0,50,1761.135324,0.0
-50.0,50,1761.694628,0.0
-50.0,50,1762.221281,0.0
-50.0,50,1762.758207,0.0
-50.0,50,1763.296129,0.0
-50.0,50,1763.842512,0.0
-50.0,50,1764.377882,0.0
-50.0,50,1764.904579,0.0
-50.0,50,1765.436675,0.0
-50.0,50,1765.982884,0.0
-50.0,50,1766.522564,0.0
-50.0,50,1767.062803,0.0
-43.0,50,1767.592919,0.0
-50.0,50,1768.141704,0.0
-50.0,50,1768.66588,0.0
-45.0,50,1769.199003,0.0
-50.0,50,1769.735864,0.0
-50.0,50,1770.282777,0.0
-50.0,50,1770.816668,0.0
-50.0,50,1771.354084,0.0
-50.0,50,1771.881955,0.0
-50.0,50,1772.430131,0.0
-50.0,50,1772.963158,0.0
-50.0,50,1773.491014,0.0
-50.0,50,1774.019656,0.0
-50.0,50,1774.57113,0.0
-50.0,50,1775.097184,0.0
-50.0,50,1775.630345,0.0
-50.0,50,1776.167973,0.0
-41.0,50,1776.727298,0.0
-50.0,50,1777.264894,0.0
-50.0,50,1777.803896,0.0
0.0,50,1778.332623,1.0
-50.0,50,1778.88401,0.0
-50.0,50,1779.413652,0.0
-50.0,50,1779.951968,0.0
-50.0,50,1780.476079,0.0
-50.0,50,1781.024275,0.0
-50.0,50,1781.560138,0.0
-50.0,50,1782.093951,0.0
-50.0,50,1782.624559,0.0
-50.0,50,1783.178934,0.0
-50.0,50,1783.717825,0.0
-49.0,50,1784.250152,0.0
-50.0,50,1784.78226,0.0
-50.0,50,1785.341069,0.0
-50.0,50,1785.875539,0.0
-50.0,50,1786.399177,0.0
-50.0,50,1786.929653,0.0
-50.0,50,1787.479851,0.0
-50.0,50,1788.001422,0.0
-50.0,50,1788.528644,0.0
-50.0,50,1789.054593,0.0
-50.0,50,1789.59987,0.0
0.0,50,1790.130591,1.0
0.0,50,1790.655977,1.0
-50.0,50,1791.192024,0.0
-50.0,50,1791.743695,0.0
-50.0,50,1792.270078,0.0
-50.0,50,1792.78999,0.0
-50.0,50,1793.313855,0.0
-50.0,50,1796.209122,0.0
-50.0,50,1796.73401,0.0
-50.0,50,1797.251262,0.0
-38.0,50,1797.778738,1.0
0.0,50,1798.335684,1.0
-50.0,50,1798.872284,0.0
-50.0,50,1799.409037,0.0
-50.0,50,1799.948898,0.0
-50.0,50,1800.5035,0.0
-39.0,50,1801.039024,1.0
-50.0,50,1801.57241,0.0
-50.0,50,1802.097602,0.0
-50.0,50,1802.645769,0.0
-50.0,50,1803.173664,0.0
-50.0,50,1803.710484,0.0
-50.0,50,1804.241691,0.0
-50.0,50,1804.794,0.0
-50.0,50,1805.330763,0.0
-50.0,50,1805.866203,0.0
-50.0,50,1806.394633,0.0
-44.0,50,1806.95091,0.0
-50.0,50,1807.481317,0.0
-50.0,50,1808.015081,0.0
-50.0,50,1808.552033,0.0
-50.0,50,1809.105738,0.0
-50.0,50,1809.639591,0.0
-50.0,50,1810.169037,0.0
-50.0,50,1810.698286,0.0
-50.0,50,1811.245355,0.0
-50.0,50,1811.773595,0.0
-39.0,50,1812.309352,0.0
-50.0,50,1812.831671,0.0
-50.0,50,1813.385163,0.0
-50.0,50,1813.912817,0.0
-50.0,50,1814.441435,0.0
-50.0,50,1814.971895,0.0
-50.0,50,1815.504879,0.0
-50.0,50,1816.031159,0.0
0.0,50,1816.548053,1.0
-50.0,50,1817.076037,0.0
-50.0,50,1817.614262,0.0
-50.0,50,1818.139137,0.0
-18.0,50,1818.660964,1.0
-50.0,50,1819.19056,0.0
-50.0,50,1819.730102,0.0
-50.0,50,1820.252136,0.0
-50.0,50,1820.774891,0.0
-50.0,50,1821.297196,0.0
-50.0,50,1821.831831,0.0
-50.0,50,1822.35807,0.0
-50.0,50,1822.886367,0.0
-50.0,50,1823.413648,0.0
-50.0,50,1823.951115,0.0
-50.0,50,1824.469361,0.0
-50.0,50,1824.992209,0.0
-50.0,50,1825.520588,0.0
-50.0,50,1826.064334,0.0
-50.0,50,1826.585898,0.0
-50.0,50,1827.110112,0.0
-17.0,50,1827.631838,0.0
-50.0,50,1828.175132,0.0
-50.0,50,1828.698055,0.0
0.0,50,1829.222405,1.0
-50.0,50,1829.749046,0.0
-50.0,50,1830.295487,0.0
0.0,50,1830.819871,1.0
-50.0,50,1831.348803,0.0
-10.0,50,1831.879445,0.0
-50.0,50,1832.448187,0.0
-50.0,50,1832.97675,0.0
-50.0,50,1833.50309,0.0
-50.0,50,1834.03492,0.0
-50.0,50,1834.589694,0.0
-24.0,50,1835.129046,1.0
-50.0,50,1835.666182,0.0
-50.0,50,1836.193103,0.0
-50.0,50,1836.736482,0.0
-50.0,50,1837.268385,0.0
-50.0,50,1837.795542,0.0
-50.0,50,1838.330471,0.0
-50.0,50,1838.88697,0.0
-50.0,50,1839.415504,0.0
-50.0,50,1839.945582,0.0
-50.0,50,1840.48404,0.0
-50.0,50,1841.023843,0.0
-50.0,50,1841.558063,0.0
-10.0,50,1842.083836,1.0
-50.0,50,1842.611896,0.0
-50.0,50,1843.150991,0.0
-50.0,50,1843.697594,0.0
-50.0,50,1844.224161,0.0
-50.0,50,1844.75203,0.0
-50.0,50,1845.288337,0.0
-50.0,50,1845.813176,0.0
-50.0,50,1846.331011,0.0
-50.0,50,1846.85208,0.0
0.0,50,1847.393565,1.0
-50.0,50,1847.913162,0.0
-50.0,50,1848.442234,0.0
-50.0,50,1848.974127,0.0
-50.0,50,1849.510623,0.0
-50.0,50,1850.038254,0.0
-50.0,50,1850.554915,0.0
-50.0,50,1851.100072,0.0
-50.0,50,1851.653097,0.0
-50.0,50,1852.187207,0.0
-50.0,50,1852.717334,0.0
-50.0,50,1853.246855,0.0
-50.0,50,1853.804978,0.0
-50.0,50,1854.33503,0.0
-50.0,50,1854.863261,0.0
-50.0,50,1855.39805,0.0
-50.0,50,1855.948426,0.0
-50.0,50,1856.47765,0.0
-50.0,50,1857.006802,0.0
0.0,50,1857.537,1.0
-50.0,50,1858.085406,0.0
-50.0,50,1858.621212,0.0
-50.0,50,1859.156224,0.0
-50.0,50,1859.683247,0.0
-50.0,50,1860.24638,0.0
-50.0,50,1860.775699,0.0
-50.0,50,1861.310618,0.0
-50.0,50,1861.854279,0.0
-50.0,50,1862.413728,0.0
-50.0,50,1862.956233,0.0
-50.0,50,1863.483557,0.0
-50.0,50,1864.022061,0.0
-50.0,50,1864.564029,0.0
-50.0,50,1865.097619,0.0
-13.0,50,1865.63426,1.0
-50.0,50,1866.169316,0.0
-50.0,50,1866.726155,0.0
-50.0,50,1867.263685,0.0
-50.0,50,1867.791487,0.0
-50.0,50,1868.32708,0.0
-49.0,50,1868.872476,0.0
-50.0,50,1869.398456,0.0
-50.0,50,1869.921093,0.0
-50.0,50,1870.459958,0.0
-50.0,50,1871.004007,0.0
-48.0,50,1871.535107,0.0
-50.0,50,1872.075192,0.0
-50.0,50,1872.608576,0.0
-50.0,50,1873.15902,0.0
-50.0,50,1873.690385,0.0
-50.0,50,1874.233505,0.0
-50.0,50,1874.76707,0.0
-50.0,50,1875.322933,0.0
-50.0,50,1875.851447,0.0
-45.0,50,1876.380006,0.0
-47.0,50,1876.912318,0.0
-50.0,50,1877.462195,0.0
-50.0,50,1877.997525,0.0
-50.0,50,1878.537643,0.0
-50.0,50,1879.076263,0.0
-50.0,50,1879.623116,0.0
-50.0,50,1880.152342,0.0
-50.0,50,1880.68339,0.0
-3.0,50,1881.21416,0.0
-50.0,50,1881.766465,0.0
-50.0,50,1882.302091,0.0
-50.0,50,1882.835206,0.0
-50.0,50,1883.363463,0.0
-50.0,50,1883.906482,0.0
-50.0,50,1884.436638,0.0
-50.0,50,1884.989427,0.0
-50.0,50,1885.531501,0.0
-20.0,50,1886.089907,0.0
-50.0,50,1886.615552,0.0
-50.0,50,1887.138911,0.0
-50.0,50,1887.667105,0.0
-50.0,50,1888.21223,0.0
-50.0,50,1888.741131,0.0
-50.0,50,1889.272825,0.0
-50.0,50,1889.792198,0.0
-50.0,50,1890.339252,0.0
-50.0,50,1890.874602,0.0
-50.0,50,1891.399866,0.0
-50.0,50,1891.929714,0.0
-49.0,50,1892.47743,0.0
-50.0,50,1893.007245,0.0
-50.0,50,1893.538769,0.0
-50.0,50,1894.06511,0.0
-50.0,50,1894.625261,0.0
-50.0,50,1895.160779,0.0
-50.0,50,1895.685531,0.0
-50.0,50,1896.218472,0.0
-50.0,50,1896.761758,0.0
-50.0,50,1897.294487,0.0
-50.0,50,1897.817678,0.0
-50.0,50,1898.343435,0.0
-48.0,50,1898.881818,0.0
-50.0,50,1899.408349,0.0
-43.0,50,1899.93037,1.0
-50.0,50,1900.454265,0.0
-50.0,50,1901.006859,0.0
-50.0,50,1901.526375,0.0
-50.0,50,1902.057231,0.0
-50.0,50,1902.584656,0.0
-50.0,50,1905.47263,0.0
-50.0,50,1906.003943,0.0
-50.0,50,1906.52927,0.0
-50.0,50,1907.058891,0.0
-50.0,50,1907.602834,0.0
-48.0,50,1908.133506,0.0
-50.0,50,1908.667677,0.0
-50.0,50,1909.199354,0.0
-50.0,50,1909.749238,0.0
-50.0,50,1910.272759,0.0
-50.0,50,1910.797234,0.0
-50.0,50,1911.318745,0.0
-50.0,50,1911.854934,0.0
-28.0,50,1912.380354,0.0
-50.0,50,1912.910581,0.0
-50.0,50,1913.438122,0.0
-50.0,50,1913.986199,0.0
-50.0,50,1914.512501,0.0
0.0,50,1915.030074,1.0
-50.0,50,1915.56135,0.0
-50.0,50,1916.109061,0.0
-50.0,50,1916.63865,0.0
-50.0,50,1917.159201,0.0
-50.0,50,1917.696394,0.0
-50.0,50,1918.236348,0.0
-20.0,50,1918.763369,1.0
-19.0,50,1919.289555,1.0
-50.0,50,1919.816867,0.0
0.0,50,1920.365243,1.0
-50.0,50,1920.908148,0.0
-50.0,50,1921.448659,0.0
-50.0,50,1921.986863,0.0
-50.0,50,1922.55054,0.0
-50.0,50,1923.085028,0.0
-50.0,50,1923.6209,0.0
-50.0,50,1924.157806,0.0
-50.0,50,1924.711984,0.0
-50.0,50,1925.249117,0.0
-50.0,50,1925.787851,0.0
-4.0,50,1926.322484,1.0
-50.0,50,1926.902195,0.0
-50.0,50,1927.441676,0.0
-50.0,50,1927.97176,0.0
-50.0,50,1928.512642,0.0
-50.0,50,1929.083232,0.0
-50.0,50,1929.616242,0.0
-50.0,50,1930.157182,0.0
-50.0,50,1930.68893,0.0
-50.0,50,1931.26554,0.0
-50.0,50,1931.807175,0.0
-50.0,50,1932.342358,0.0
-50.0,50,1932.879384,0.0
-50.0,50,1933.42975,0.0
-50.0,50,1933.959032,0.0
-39.0,50,1934.49123,0.0
0.0,50,1935.023477,1.0
-50.0,50,1935.575633,0.0
-50.0,50,1936.105878,0.0
-28.0,50,1936.631526,1.0
-50.0,50,1937.157883,0.0
-50.0,50,1937.708323,0.0
-50.0,50,1938.240374,0.0
-50.0,50,1938.76972,0.0
-50.0,50,1939.30862,0.0
-14.0,50,1939.868507,0.0
-29.0,50,1940.400854,1.0
-45.0,50,1940.931028,0.0
-50.0,50,1941.469988,0.0
-50.0,50,1942.026323,0.0
-50.0,50,1942.557103,0.0
-29.0,50,1943.089426,0.0
-50.0,50,1943.631008,0.0
-50.0,50,1944.205267,0.0
-24.0,50,1944.736534,1.0
-50.0,50,1945.275989,0.0
-50.0,50,1945.803729,0.0
-50.0,50,1946.37276,0.0
-50.0,50,1946.907582,0.0
-50.0,50,1947.445716,0.0
-50.0,50,1947.98555,0.0
-50.0,50,1948.544976,0.0
-50.0,50,1949.078666,0.0
-50.0,50,1949.612059,0.0
-50.0,50,1950.149331,0.0
-50.0,50,1950.688542,0.0
-50.0,50,1951.217335,0.0
-50.0,50,1951.747495,0.0
-50.0,50,1952.266392,0.0
-50.0,50,1952.822835,0.0
-50.0,50,1953.366297,0.0
-50.0,50,1953.893819,0.0
-50.0,50,1954.424458,0.0
-50.0,50,1954.980509,0.0
-50.0,50,1955.510565,0.0
-50.0,50,1956.038014,0.0
-50.0,50,1956.576877,0.0
-50.0,50,1957.13252,0.0
-50.0,50,1957.655669,0.0
-50.0,50,1958.182845,0.0
-50.0,50,1958.709286,0.0
-50.0,50,1959.27236,0.0
-50.0,50,1959.80071,0.0
-50.0,50,1960.320487,0.0
-49.0,50,1960.85802,0.0
0.0,50,1961.421952,1.0
-50.0,50,1961.951153,0.0
-50.0,50,1962.48675,0.0
-4.0,50,1963.009687,1.0
-50.0,50,1963.559237,0.0
-50.0,50,1964.083341,0.0
-50.0,50,1964.604845,0.0
-50.0,50,1965.129843,0.0
0.0,50,1965.671473,1.0
-50.0,50,1966.20344,0.0
-50.0,50,1966.734627,0.0
-50.0,50,1967.261521,0.0
-50.0,50,1967.819401,0.0
-50.0,50,1968.349907,0.0
-50.0,50,1968.877024,0.0
-50.0,50,1969.407655,0.0
0.0,50,1969.966936,1.0
-39.0,50,1970.494632,1.0
-44.0,50,1971.021567,0.0
-50.0,50,1971.545788,0.0
-50.0,50,1972.10202,0.0
-50.0,50,1972.628956,0.0
-50.0,50,1973.152355,0.0
-50.0,50,1973.675673,0.0
-50.0,50,1974.238475,0.0
-8.0,50,1974.770422,1.0
-50.0,50,1975.295675,0.0
-48.0,50,1975.830493,0.0
-10.0,50,1976.391517,1.0
-43.0,50,1976.919535,0.0
-50.0,50,1977.456374,0.0
-50.0,50,1977.986855,0.0
-36.0,50,1978.551473,1.0
-50.0,50,1979.091471,0.0
-50.0,50,1979.617477,0.0
-50.0,50,1980.149531,0.0
-33.0,50,1980.710296,0.0
-28.0,50,1981.247784,1.0
-50.0,50,1981.787539,0.0
-50.0,50,1982.32282,0.0
-50.0,50,1982.88787,0.0
-50.0,50,1983.419459,0.0
-50.0,50,1983.955703,0.0
-50.0,50,1984.487751,0.0
-50.0,50,1985.056257,0.0
-50.0,50,1985.587971,0.0
-50.0,50,1986.129207,0.0
-50.0,50,1986.664031,0.0
-50.0,50,1987.255229,0.0
-50.0,50,1987.791969,0.0
-50.0,50,1988.330279,0.0
-50.0,50,1988.871717,0.0
-50.0,50,1989.4461,0.0
-50.0,50,1989.982142,0.0
-50.0,50,1990.517872,0.0
-50.0,50,1991.060391,0.0
-15.0,50,1991.617892,1.0
-50.0,50,1992.1589,0.0
-50.0,50,1992.699435,0.0
-50.0,50,1993.238683,0.0
-50.0,50,1993.800259,0.0
-50.0,50,1994.340007,0.0
-50.0,50,1994.881049,0.0
-50.0,50,1995.421242,0.0
-19.0,50,1995.977766,1.0
-50.0,50,1996.52162,0.0
-50.0,50,1997.051202,0.0
-50.0,50,1997.583411,0.0
-50.0,50,1998.146937,0.0
-50.0,50,1998.683709,0.0
-50.0,50,1999.22318,0.0
-50.0,50,1999.760425,0.0
-50.0,50,2000.326005,0.0
-50.0,50,2000.863214,0.0
-50.0,50,2001.401309,0.0
-19.0,50,2001.933992,1.0
-50.0,50,2002.506251,0.0
-50.0,50,2003.040254,0.0
-50.0,50,2003.581382,0.0
-50.0,50,2004.109699,0.0
-48.0,50,2004.665826,1.0
-50.0,50,2005.205886,0.0
-50.0,50,2005.733443,0.0
-50.0,50,2006.272714,0.0
-50.0,50,2006.817642,0.0
-50.0,50,2007.360872,0.0
-50.0,50,2007.885078,0.0
-47.0,50,2008.41228,0.0
-50.0,50,2008.973423,0.0
-50.0,50,2009.502116,0.0
-50.0,50,2010.038671,0.0
-50.0,50,2010.573951,0.0
-50.0,50,2011.145251,0.0
-50.0,50,2011.680667,0.0
-50.0,50,2012.216859,0.0
-48.0,50,2012.746848,0.0
-50.0,50,2015.606598,0.0
-50.0,50,2016.136944,0.0
-50.0,50,2016.674528,0.0
-50.0,50,2017.208502,0.0
-50.0,50,2017.764676,0.0
-50.0,50,2018.291844,0.0
-50.0,50,2018.829448,0.0
-50.0,50,2019.360877,0.0
-50.0,50,2019.91089,0.0
-50.0,50,2020.449193,0.0
-50.0,50,2020.989655,0.0
-50.0,50,2021.525369,0.0
-50.0,50,2022.075686,0.0
-38.0,50,2022.604743,1.0
-50.0,50,2023.135073,0.0
0.0,50,2023.661406,1.0
-50.0,50,2024.21769,0.0
-50.0,50,2024.748404,0.0
-50.0,50,2025.2765,0.0
-50.0,50,2025.801937,0.0
-50.0,50,2026.372158,0.0
-50.0,50,2026.906236,0.0
-50.0,50,2027.435079,0.0
-50.0,50,2027.967041,0.0
0.0,50,2028.513366,1.0
-8.0,50,2029.040971,0.0
-28.0,50,2029.572725,1.0
-16.0,50,2030.104723,1.0
-36.0,50,2030.660678,0.0
-50.0,50,2031.196674,0.0
-50.0,50,2031.735078,0.0
-50.0,50,2032.276644,0.0
-50.0,50,2032.825932,0.0
-19.0,50,2033.355523,1.0
-50.0,50,2033.894988,0.0
0.0,50,2034.427192,1.0
-50.0,50,2034.975805,0.0
-50.0,50,2035.514715,0.0
-50.0,50,2036.050772,0.0
-15.0,50,2036.588996,1.0
0.0,50,2037.137491,1.0
-44.0,50,2037.692653,0.0
-50.0,50,2038.227398,0.0
-50.0,50,2038.756796,0.0
-50.0,50,2039.335983,0.0
-50.0,50,2039.855004,0.0
-50.0,50,2040.387859,0.0
-50.0,50,2040.926248,0.0
0.0,50,2041.500561,1.0
-50.0,50,2042.029147,0.0
-50.0,50,2042.568704,0.0
-50.0,50,2043.097734,0.0
-50.0,50,2043.670318,0.0
-50.0,50,2044.207911,0.0
-50.0,50,2044.742978,0.0
-50.0,50,2045.271482,0.0
-50.0,50,2045.842904,0.0
-50.0,50,2046.368531,0.0
-50.0,50,2046.893449,0.0
-50.0,50,2047.422925,0.0
-50.0,50,2047.980935,0.0
-50.0,50,2048.513477,0.0
-50.0,50,2049.060294,0.0
-50.0,50,2049.589215,0.0
-37.0,50,2050.130005,1.0
-50.0,50,2050.655942,0.0
-50.0,50,2051.19284,0.0
-47.0,50,2051.723025,1.0
-50.0,50,2052.27461,0.0
-50.0,50,2052.804224,0.0
-50.0,50,2053.33599,0.0
-50.0,50,2053.869615,0.0
-50.0,50,2054.406083,0.0
-38.0,50,2054.933275,1.0
-50.0,50,2055.460506,0.0
-50.0,50,2055.99963,0.0
-34.0,50,2056.549392,1.0
-50.0,50,2057.084877,0.0
-15.0,50,2057.618829,1.0
-50.0,50,2058.16204,0.0
-50.0,50,2058.711473,0.0
-14.0,50,2059.246553,1.0
-50.0,50,2059.775661,0.0
-50.0,50,2060.309915,0.0
-50.0,50,2060.856076,0.0
-50.0,50,2061.388935,0.0
-50.0,50,2061.914081,0.0
0.0,50,2062.451386,1.0
-50.0,50,2063.016354,0.0
-50.0,50,2063.554432,0.0
-50.0,50,2064.093397,0.0
-50.0,50,2064.623725,0.0
0.0,50,2065.175829,1.0
-50.0,50,2065.712434,0.0
-50.0,50,2066.254898,0.0
-50.0,50,2066.793148,0.0
-50.0,50,2067.352637,0.0
-50.0,50,2067.890963,0.0
-50.0,50,2068.416023,0.0
-50.0,50,2068.948954,0.0
-50.0,50,2069.490681,0.0
-50.0,50,2070.02382,0.0
-50.0,50,2070.556536,0.0
-50.0,50,2071.096922,0.0
-50.0,50,2071.647392,0.0
-46.0,50,2072.177317,0.0
-50.0,50,2072.716722,0.0
-50.0,50,2073.25089,0.0
-50.0,50,2073.798503,0.0
-50.0,50,2074.337058,0.0
-50.0,50,2074.876798,0.0
-50.0,50,2075.406965,0.0
-50.0,50,2075.960049,0.0
-50.0,50,2076.497768,0.0
-18.0,50,2077.03757,1.0
-49.0,50,2077.571633,0.0
-50.0,50,2078.126893,0.0
-50.0,50,2078.657311,0.0
-50.0,50,2079.185795,0.0
-16.0,50,2079.713634,1.0
0.0,50,2080.277235,1.0
-50.0,50,2080.813842,0.0
-50.0,50,2081.343987,0.0
-50.0,50,2081.873602,0.0
-50.0,50,2082.425451,0.0
-2.0,50,2082.963777,1.0
-50.0,50,2083.491629,0.0
-22.0,50,2084.028194,1.0
-50.0,50,2084.57894,0.0
-50.0,50,2085.117428,0.0
-50.0,50,2085.649923,0.0
-31.0,50,2086.182599,1.0
-50.0,50,2086.733966,0.0
-50.0,50,2087.267494,0.0
-50.0,50,2087.799994,0.0
-50.0,50,2088.336029,0.0
0.0,50,2088.886908,1.0
-50.0,50,2089.42031,0.0
-50.0,50,2089.946249,0.0
-50.0,50,2090.469002,0.0
-50.0,50,2091.025169,0.0
-50.0,50,2091.553,0.0
-50.0,50,2092.078481,0.0
-50.0,50,2092.597101,0.0
-50.0,50,2093.135341,0.0
-50.0,50,2093.666771,0.0
-50.0,50,2094.185897,0.0
-50.0,50,2094.712795,0.0
-50.0,50,2095.259804,0.0
-50.0,50,2095.785868,0.0
-50.0,50,2096.316433,0.0
-50.0,50,2096.837951,0.0
-7.0,50,2097.384108,1.0
-50.0,50,2097.90881,0.0
-50.0,50,2098.432885,0.0
-50.0,50,2098.964885,0.0
-50.0,50,2099.506064,0.0
-50.0,50,2100.047331,0.0
-50.0,50,2100.577072,0.0
-50.0,50,2101.104605,0.0
-23.0,50,2101.65676,1.0
-50.0,50,2102.181763,0.0
-50.0,50,2102.710993,0.0
-29.0,50,2103.232256,1.0
-50.0,50,2103.782848,0.0
-50.0,50,2104.306935,0.0
-50.0,50,2104.832956,0.0
-9.0,50,2105.366214,1.0
-50.0,50,2105.914128,0.0
-50.0,50,2106.439181,0.0
-50.0,50,2106.968269,0.0
-50.0,50,2107.5017,0.0
-50.0,50,2108.041228,0.0
-48.0,50,2108.574634,0.0
-50.0,50,2109.10449,0.0
-50.0,50,2109.6371,0.0
-50.0,50,2110.185426,0.0
-50.0,50,2110.712023,0.0
-50.0,50,2111.241551,0.0
-50.0,50,2111.775734,0.0
-50.0,50,2112.334296,0.0
-29.0,50,2112.863631,1.0
-46.0,50,2113.400656,0.0
-50.0,50,2113.928924,0.0
-50.0,50,2114.467182,0.0
-50.0,50,2115.004494,0.0
-15.0,50,2115.539567,1.0
-50.0,50,2116.071784,0.0
-50.0,50,2116.62621,0.0
-50.0,50,2117.156524,0.0
0.0,50,2117.682726,1.0
-50.0,50,2118.205282,0.0
-50.0,50,2118.755691,0.0
-50.0,50,2119.285874,0.0
-50.0,50,2119.819085,0.0
-7.0,50,2120.345216,1.0
-50.0,50,2120.894198,0.0
-50.0,50,2121.422877,0.0
0.0,50,2121.946131,1.0
-50.0,50,2122.480863,0.0
-50.0,50,2125.472037,0.0
-49.0,50,2126.010059,0.0
-50.0,50,2126.541865,0.0
-50.0,50,2127.079981,0.0
-49.0,50,2127.662762,0.0
-50.0,50,2128.205581,0.0
-50.0,50,2128.746175,0.0
-50.0,50,2129.282747,0.0
-50.0,50,2129.837365,0.0
-50.0,50,2130.376497,0.0
-50.0,50,2130.909826,0.0
-50.0,50,2131.447216,0.0
-50.0,50,2131.998886,0.0
-50.0,50,2132.531053,0.0
-50.0,50,2133.073323,0.0
-49.0,50,2133.616332,0.0
-50.0,50,2134.170966,0.0
-50.0,50,2134.710961,0.0
-50.0,50,2135.257227,0.0
-50.0,50,2135.794365,0.0
-50.0,50,2136.345157,0.0
-50.0,50,2136.881302,0.0
-49.0,50,2137.41569,1.0
-50.0,50,2137.950003,0.0
-50.0,50,2138.508951,0.0
-50.0,50,2139.039083,0.0
-39.0,50,2139.584802,0.0
-50.0,50,2140.118507,0.0
-50.0,50,2140.667044,0.0
-50.0,50,2141.202406,0.0
-50.0,50,2141.734405,0.0
-8.0,50,2142.271364,1.0
-50.0,50,2142.820473,0.0
-50.0,50,2143.351767,0.0
-50.0,50,2143.883054,0.0
-13.0,50,2144.407979,1.0
0.0,50,2144.953802,1.0
-50.0,50,2145.486927,0.0
-50.0,50,2146.017204,0.0
-50.0,50,2146.542993,0.0
-50.0,50,2147.099287,0.0
-50.0,50,2147.629583,0.0
-50.0,50,2148.165675,0.0
-50.0,50,2148.698263,0.0
-50.0,50,2149.230791,0.0
-50.0,50,2149.751033,0.0
-50.0,50,2150.280315,0.0
-50.0,50,2150.80909,0.0
-43.0,50,2151.345173,1.0
-50.0,50,2151.86709,0.0
-50.0,50,2152.400146,0.0
-50.0,50,2152.933399,0.0
-27.0,50,2153.47441,0.0
-50.0,50,2154.002266,0.0
-50.0,50,2154.531277,0.0
-27.0,50,2155.056744,1.0
-50.0,50,2155.602579,0.0
-50.0,50,2156.132082,0.0
-50.0,50,2156.660299,0.0
-21.0,50,2157.181494,1.0
-50.0,50,2157.724247,0.0
-50.0,50,2158.247641,0.0
-7.0,50,2158.773033,1.0
-50.0,50,2159.295515,0.0
-50.0,50,2159.832864,0.0
-10.0,50,2160.377255,1.0
-30.0,50,2160.900494,1.0
-50.0,50,2161.425678,0.0
-50.0,50,2161.975221,0.0
-46.0,50,2162.509337,0.0
-50.0,50,2163.032438,0.0
-50.0,50,2163.562381,0.0
-50.0,50,2164.111685,0.0
-50.0,50,2164.636033,0.0
-50.0,50,2165.166573,0.0
-50.0,50,2165.69606,0.0
0.0,50,2166.237397,1.0
-42.0,50,2166.765663,0.0
-50.0,50,2167.302407,0.0
-31.0,50,2167.840396,0.0
-48.0,50,2168.408222,0.0
-16.0,50,2168.944317,1.0
-50.0,50,2169.485045,0.0
-18.0,50,2170.01751,1.0
-50.0,50,2170.568421,0.0
-50.0,50,2171.106647,0.0
-45.0,50,2171.647245,1.0
-50.0,50,2172.190537,0.0
-50.0,50,2172.760112,0.0
-50.0,50,2173.297483,0.0
-49.0,50,2173.826133,0.0
-50.0,50,2174.35516,0.0
-50.0,50,2174.893794,0.0
-50.0,50,2175.417279,0.0
-50.0,50,2175.943033,0.0
-50.0,50,2176.473398,0.0
-13.0,50,2177.014822,1.0
-50.0,50,2177.541192,0.0
-50.0,50,2178.070738,0.0
-50.0,50,2178.600248,0.0
-50.0,50,2179.15384,0.0
-50.0,50,2179.680128,0.0
-50.0,50,2180.205296,0.0
-50.0,50,2180.734611,0.0
-18.0,50,2181.276935,1.0
-50.0,50,2181.803113,0.0
-50.0,50,2182.340924,0.0
-14.0,50,2182.861834,1.0
-50.0,50,2183.401327,0.0
-50.0,50,2183.931183,0.0
-50.0,50,2184.465406,0.0
-50.0,50,2184.993088,0.0
0.0,50,2185.53306,1.0
-26.0,50,2186.058295,1.0
-50.0,50,2186.581944,0.0
-50.0,50,2187.116358,0.0
-49.0,50,2187.653481,0.0
-50.0,50,2188.18058,0.0
-50.0,50,2188.711123,0.0
0.0,50,2189.237239,1.0
-50.0,50,2189.780234,0.0
-12.0,50,2190.307562,1.0
-50.0,50,2190.834441,0.0
-50.0,50,2191.355376,0.0
-50.0,50,2191.888687,0.0
-7.0,50,2192.417336,1.0
-50.0,50,2192.949775,0.0
-50.0,50,2193.482334,0.0
-50.0,50,2194.034671,0.0
-50.0,50,2194.556554,0.0
-50.0,50,2195.095247,0.0
-50.0,50,2195.620553,0.0
-50.0,50,2196.168369,0.0
-50.0,50,2196.696972,0.0
-50.0,50,2197.216058,0.0
-50.0,50,2197.738324,0.0
-50.0,50,2198.277996,0.0
-50.0,50,2198.803244,0.0
-50.0,50,2199.33466,0.0
0.0,50,2199.862674,1.0
-47.0,50,2200.404812,0.0
-50.0,50,2200.928882,0.0
0.0,50,2201.457134,1.0
-50.0,50,2201.9905,0.0
-23.0,50,2202.54033,1.0
-50.0,50,2203.077012,0.0
-50.0,50,2203.612217,0.0
-50.0,50,2204.148143,0.0
-50.0,50,2204.698975,0.0
-50.0,50,2205.235579,0.0
-50.0,50,2205.781139,0.0
-50.0,50,2206.314288,0.0
-50.0,50,2206.873339,0.0
-50.0,50,2207.409921,0.0
-50.0,50,2207.941283,0.0
-50.0,50,2208.481391,0.0
-50.0,50,2209.033374,0.0
-50.0,50,2209.571649,0.0
-48.0,50,2210.101501,0.0
-50.0,50,2210.640519,0.0
-50.0,50,2211.204133,0.0
-50.0,50,2211.747424,0.0
-50.0,50,2212.282948,0.0
-50.0,50,2212.821158,0.0
0.0,50,2213.372343,1.0
-50.0,50,2213.910962,0.0
-48.0,50,2214.443475,0.0
-50.0,50,2214.977364,0.0
-50.0,50,2215.557309,0.0
0.0,50,2216.095613,1.0
-44.0,50,2216.633812,0.0
-27.0,50,2217.171972,1.0
-50.0,50,2217.72506,0.0
-50.0,50,2218.261504,0.0
-23.0,50,2218.801605,1.0
-50.0,50,2219.33687,0.0
-50.0,50,2219.893557,0.0
-50.0,50,2220.429173,0.0
-50.0,50,2220.965525,0.0
-50.0,50,2221.492507,0.0
-50.0,50,2222.042536,0.0
0.0,50,2222.572829,1.0
-50.0,50,2223.104402,0.0
-50.0,50,2223.635786,0.0
-50.0,50,2224.186146,0.0
-25.0,50,2224.717483,1.0
-50.0,50,2225.251281,0.0
-34.0,50,2225.775698,0.0
-50.0,50,2226.320428,0.0
-50.0,50,2226.857442,0.0
-50.0,50,2227.393791,0.0
-50.0,50,2227.932741,0.0
-50.0,50,2228.481761,0.0
-50.0,50,2229.019895,0.0
-50.0,50,2229.554457,0.0
-50.0,50,2230.088864,0.0
0.0,50,2230.646101,1.0
-50.0,50,2231.173697,0.0
-50.0,50,2231.69944,0.0
-11.0,50,2232.240036,1.0
-50.0,50,2235.096509,0.0
-50.0,50,2235.630162,0.0
-50.0,50,2236.165135,0.0
-50.0,50,2236.698612,0.0
-50.0,50,2237.247602,0.0
-50.0,50,2237.773484,0.0
-48.0,50,2238.301623,1.0
-50.0,50,2238.83884,0.0
-50.0,50,2239.382739,0.0
-50.0,50,2239.909894,0.0
-50.0,50,2240.441937,0.0
-50.0,50,2240.963268,0.0
-36.0,50,2241.507828,1.0
-50.0,50,2242.031399,0.0
-50.0,50,2242.552056,0.0
-50.0,50,2243.083972,0.0
-50.0,50,2243.638285,0.0
-50.0,50,2244.176968,0.0
-50.0,50,2244.700842,0.0
-22.0,50,2245.230465,1.0
0.0,50,2245.773649,1.0
-23.0,50,2246.29375,1.0
-50.0,50,2246.827555,0.0
-50.0,50,2247.363395,0.0
-50.0,50,2247.908028,0.0
-50.0,50,2248.43315,0.0
-50.0,50,2248.960639,0.0
-50.0,50,2249.489752,0.0
-50.0,50,2250.03046,0.0
-50.0,50,2250.561461,0.0
-50.0,50,2251.092014,0.0
-50.0,50,2251.623589,0.0
-50.0,50,2252.182523,0.0
-50.0,50,2252.718541,0.0
-50.0,50,2253.258398,0.0
-50.0,50,2253.794481,0.0
-50.0,50,2254.343682,0.0
0.0,50,2254.878452,1.0
-50.0,50,2255.412162,0.0
-47.0,50,2255.954296,0.0
-7.0,50,2256.517695,1.0
-50.0,50,2257.05738,0.0
-48.0,50,2257.588263,0.0
-50.0,50,2258.127685,0.0
-10.0,50,2258.687826,1.0
-50.0,50,2259.231958,0.0
-50.0,50,2259.775638,0.0
-50.0,50,2260.306336,0.0
-50.0,50,2260.849384,0.0
-50.0,50,2261.384609,0.0
-50.0,50,2261.923465,0.0
-50.0,50,2262.462324,0.0
-50.0,50,2263.010478,0.0
-50.0,50,2263.54151,0.0
-50.0,50,2264.079481,0.0
-50.0,50,2264.598328,0.0
-45.0,50,2265.136648,0.0
-50.0,50,2265.659277,0.0
-30.0,50,2266.185876,1.0
-50.0,50,2266.71663,0.0
-50.0,50,2267.250864,0.0
-50.0,50,2267.769551,0.0
-50.0,50,2268.293724,0.0
-6.0,50,2268.821705,1.0
-50.0,50,2269.372929,0.0
-50.0,50,2269.905535,0.0
-50.0,50,2270.425495,0.0
-50.0,50,2270.949066,0.0
-50.0,50,2271.495777,0.0
-50.0,50,2272.020261,0.0
-50.0,50,2272.553145,0.0
-50.0,50,2273.088882,0.0
-39.0,50,2273.628753,1.0
-50.0,50,2274.162448,0.0
-24.0,50,2274.688591,1.0
-50.0,50,2275.219147,0.0
-50.0,50,2275.770858,0.0
-8.0,50,2276.302737,1.0
-36.0,50,2276.837783,0.0
-17.0,50,2277.367875,1.0
-50.0,50,2277.904372,0.0
-50.0,50,2278.438937,0.0
-50.0,50,2278.968286,0.0
-50.0,50,2279.500698,0.0
-50.0,50,2280.045588,0.0
-50.0,50,2280.572073,0.0
-50.0,50,2281.097557,0.0
0.0,50,2281.629364,1.0
0.0,50,2282.167738,1.0
-50.0,50,2282.696693,0.0
-50.0,50,2283.228665,0.0
-50.0,50,2283.761942,0.0
-50.0,50,2284.314265,0.0
-50.0,50,2284.849679,0.0
-50.0,50,2285.381875,0.0
-50.0,50,2285.910283,0.0
-50.0,50,2286.46186,0.0
-15.0,50,2287.00144,1.0
-50.0,50,2287.532799,0.0
-50.0,50,2288.063176,0.0
-50.0,50,2288.612779,0.0
-50.0,50,2289.145138,0.0
-50.0,50,2289.687607,0.0
-50.0,50,2290.224883,0.0
-50.0,50,2290.774067,0.0
-46.0,50,2291.313935,0.0
-50.0,50,2291.85232,0.0
-50.0,50,2292.389761,0.0
-50.0,50,2292.935212,0.0
-50.0,50,2293.472556,0.0
-49.0,50,2294.002887,0.0
-50.0,50,2294.524854,0.0
-50.0,50,2295.065068,0.0
-50.0,50,2295.594462,0.0
-50.0,50,2296.128736,0.0
-30.0,50,2296.657483,0.0
-50.0,50,2297.212921,0.0
0.0,50,2297.748852,1.0
-50.0,50,2298.285733,0.0
-50.0,50,2298.815658,0.0
-50.0,50,2299.361863,0.0
-50.0,50,2299.895166,0.0
-50.0,50,2300.427755,0.0
-50.0,50,2300.962679,0.0
-50.0,50,2301.508469,0.0
-50.0,50,2302.04109,0.0
-50.0,50,2302.573102,0.0
-50.0,50,2303.108598,0.0
-45.0,50,2303.651052,0.0
-50.0,50,2304.18721,0.0
-50.0,50,2304.717872,0.0
0.0,50,2305.24826,1.0
-50.0,50,2305.792926,0.0
-50.0,50,2306.32695,0.0
-50.0,50,2306.861525,0.0
-33.0,50,2307.394678,0.0
-50.0,50,2307.94698,0.0
-45.0,50,2308.47922,0.0
-50.0,50,2309.012021,0.0
-50.0,50,2309.547531,0.0
-50.0,50,2310.100161,0.0
-40.0,50,2310.629287,0.0
-50.0,50,2311.156824,0.0
-50.0,50,2311.687518,0.0
-50.0,50,2312.230305,0.0
-50.0,50,2312.760588,0.0
-50.0,50,2313.292082,0.0
-50.0,50,2313.821145,0.0
-32.0,50,2314.364785,1.0
-50.0,50,2314.900176,0.0
-50.0,50,2315.43548,0.0
-50.0,50,2315.962523,0.0
-50.0,50,2316.515495,0.0
-50.0,50,2317.046857,0.0
-45.0,50,2317.578091,0.0
-50.0,50,2318.108646,0.0
-50.0,50,2318.676239,0.0
-50.0,50,2319.212657,0.0
-31.0,50,2319.741544,1.0
-50.0,50,2320.27652,0.0
-50.0,50,2320.828439,0.0
-50.0,50,2321.360764,0.0
0.0,50,2321.896182,1.0
-29.0,50,2322.435725,1.0
-50.0,50,2322.979571,0.0
-7.0,50,2323.511586,1.0
-50.0,50,2324.042662,0.0
-50.0,50,2324.580581,0.0
-50.0,50,2325.131864,0.0
0.0,50,2325.663788,1.0
-12.0,50,2326.19531,1.0
-50.0,50,2326.727179,0.0
-50.0,50,2327.296624,0.0
-49.0,50,2327.830684,0.0
-50.0,50,2328.361248,0.0
-50.0,50,2328.89352,0.0
-8.0,50,2329.44166,1.0
-50.0,50,2329.960567,0.0
-50.0,50,2330.481706,0.0
-50.0,50,2331.011682,0.0
-50.0,50,2331.554571,0.0
-50.0,50,2332.07802,0.0
-50.0,50,2332.604234,0.0
-48.0,50,2333.131357,0.0
0.0,50,2333.688693,1.0
-50.0,50,2334.210967,0.0
-12.0,50,2334.736195,1.0
-50.0,50,2335.255012,0.0
0.0,50,2335.801236,1.0
0.0,50,2336.331746,1.0
-50.0,50,2336.86796,0.0
-50.0,50,2337.405628,0.0
-50.0,50,2337.970218,0.0
-42.0,50,2338.501178,1.0
-50.0,50,2339.032961,0.0
0.0,50,2339.567872,1.0
-22.0,50,2340.127344,1.0
-50.0,50,2340.653435,0.0
-50.0,50,2341.18722,0.0
-50.0,50,2341.715838,0.0
-29.0,50,2344.635654,1.0
-50.0,50,2345.176238,0.0
-50.0,50,2345.718175,0.0
-22.0,50,2346.257227,1.0
-33.0,50,2346.824583,1.0
-50.0,50,2347.363711,0.0
-45.0,50,2347.900055,0.0
-50.0,50,2348.434282,0.0
-50.0,50,2349.004915,0.0
-50.0,50,2349.534778,0.0
-50.0,50,2350.068834,0.0
-50.0,50,2350.609117,0.0
0.0,50,2351.16366,1.0
-50.0,50,2351.699009,0.0
-50.0,50,2352.234384,0.0
-50.0,50,2352.771065,0.0
-7.0,50,2353.339363,1.0
-50.0,50,2353.878694,0.0
-39.0,50,2354.418195,0.0
0.0,50,2354.953595,1.0
-50.0,50,2355.522362,0.0
-48.0,50,2356.052194,0.0
-50.0,50,2356.587561,0.0
-50.0,50,2357.125022,0.0
-50.0,50,2357.694588,0.0
-50.0,50,2358.234233,0.0
0.0,50,2358.770919,1.0
-50.0,50,2359.309865,0.0
-50.0,50,2359.87792,0.0
-50.0,50,2360.41533,0.0
-50.0,50,2360.953599,0.0
-50.0,50,2361.488347,0.0
-50.0,50,2362.053262,0.0
-50.0,50,2362.579967,0.0
-21.0,50,2363.111105,1.0
-50.0,50,2363.635894,0.0
-12.0,50,2364.207908,1.0
0.0,50,2364.744309,1.0
-17.0,50,2365.281245,1.0
-50.0,50,2365.80725,0.0
-11.0,50,2366.364998,1.0
-50.0,50,2366.901479,0.0
-50.0,50,2367.44102,0.0
-50.0,50,2367.984301,0.0
-50.0,50,2368.544993,0.0
-50.0,50,2369.077374,0.0
-48.0,50,2369.613524,0.0
-50.0,50,2370.146003,0.0
-45.0,50,2370.696858,0.0
-40.0,50,2371.236175,0.0
-50.0,50,2371.77231,0.0
-50.0,50,2372.310611,0.0
-50.0,50,2372.871305,0.0
-50.0,50,2373.400346,0.0
-50.0,50,2373.928523,0.0
-50.0,50,2374.457168,0.0
-50.0,50,2375.019425,0.0
-50.0,50,2375.551948,0.0
-50.0,50,2376.088201,0.0
-50.0,50,2376.619455,0.0
-50.0,50,2377.17359,0.0
-12.0,50,2377.698882,1.0
-34.0,50,2378.224854,1.0
-50.0,50,2378.752503,0.0
-50.0,50,2379.306216,0.0
-7.0,50,2379.838083,1.0
-26.0,50,2380.361948,1.0
-50.0,50,2380.881607,0.0
-6.0,50,2381.440848,1.0
-50.0,50,2381.968797,0.0
-50.0,50,2382.492792,0.0
0.0,50,2383.011177,1.0
-50.0,50,2383.555969,0.0
-50.0,50,2384.080366,0.0
-47.0,50,2384.598921,0.0
-50.0,50,2385.126255,0.0
-50.0,50,2385.665585,0.0
-50.0,50,2386.187039,0.0
-50.0,50,2386.717816,0.0
-50.0,50,2387.247018,0.0
-50.0,50,2387.798411,0.0
-50.0,50,2388.328867,0.0
-33.0,50,2388.860905,1.0
-50.0,50,2389.393656,0.0
-50.0,50,2389.952429,0.0
-50.0,50,2390.486359,0.0
-50.0,50,2391.021864,0.0
-47.0,50,2391.556615,0.0
-36.0,50,2392.110221,1.0
-50.0,50,2392.647159,0.0
-19.0,50,2393.182109,1.0
-4.0,50,2393.716684,1.0
-13.0,50,2394.271281,1.0
-50.0,50,2394.798924,0.0
-50.0,50,2395.336811,0.0
-50.0,50,2395.871163,0.0
-50.0,50,2396.424331,0.0
-50.0,50,2396.957247,0.0
-16.0,50,2397.489824,1.0
-50.0,50,2398.02957,0.0
-22.0,50,2398.592107,1.0
-42.0,50,2399.125019,0.0
-28.0,50,2399.656894,0.0
-50.0,50,2400.19663,0.0
-50.0,50,2400.747824,0.0
-50.0,50,2401.281227,0.0
-50.0,50,2401.81761,0.0
-50.0,50,2402.352982,0.0
-50.0,50,2402.916442,0.0
-50.0,50,2403.445842,0.0
-50.0,50,2403.983983,0.0
-9.0,50,2404.520928,1.0
-50.0,50,2405.080843,0.0
-37.0,50,2405.618372,1.0
-34.0,50,2406.156373,0.0
-50.0,50,2406.702701,0.0
-50.0,50,2407.261755,0.0
0.0,50,2407.79988,1.0
-50.0,50,2408.336484,0.0
-41.0,50,2408.874824,0.0
-50.0,50,2409.438452,0.0
-50.0,50,2409.981784,0.0
-50.0,50,2410.520571,0.0
-50.0,50,2411.064945,0.0
-49.0,50,2411.654687,0.0
-50.0,50,2412.198691,0.0
-50.0,50,2412.733155,0.0
-16.0,50,2413.265543,1.0
-50.0,50,2413.82395,0.0
-49.0,50,2414.360857,0.0
-16.0,50,2414.893569,1.0
-18.0,50,2415.432799,1.0
-50.0,50,2415.999549,0.0
-50.0,50,2416.536809,0.0
-50.0,50,2417.077008,0.0
-43.0,50,2417.613922,0.0
-50.0,50,2418.169679,0.0
-17.0,50,2418.702016,1.0
0.0,50,2419.236217,1.0
-50.0,50,2419.76354,0.0
-50.0,50,2420.318961,0.0
-50.0,50,2420.84735,0.0
-50.0,50,2421.376744,0.0
-38.0,50,2421.90926,0.0
-50.0,50,2422.470353,0.0
-50.0,50,2423.004477,0.0
-50.0,50,2423.538977,0.0
-50.0,50,2424.068228,0.0
-50.0,50,2424.638298,0.0
-50.0,50,2425.162074,0.0
-50.0,50,2425.69251,0.0
-50.0,50,2426.224772,0.0
-46.0,50,2426.787307,0.0
-50.0,50,2427.312834,0.0
-50.0,50,2427.839979,0.0
-6.0,50,2428.369489,1.0
-4.0,50,2428.928652,1.0
-47.0,50,2429.462698,0.0
-50.0,50,2430.003237,0.0
-45.0,50,2430.53705,1.0
-50.0,50,2431.089254,0.0
0.0,50,2431.620797,1.0
-50.0,50,2432.163343,0.0
-28.0,50,2432.695458,0.0
-45.0,50,2433.24935,0.0
-50.0,50,2433.78662,0.0
-50.0,50,2434.325324,0.0
-15.0,50,2434.863636,1.0
-50.0,50,2435.420819,0.0
-47.0,50,2435.948921,0.0
-50.0,50,2436.485314,0.0
-50.0,50,2437.018135,0.0
-50.0,50,2437.571829,0.0
-48.0,50,2438.105294,0.0
-50.0,50,2438.639329,0.0
-17.0,50,2439.178349,1.0
-3.0,50,2439.737406,1.0
0.0,50,2440.273608,1.0
-19.0,50,2440.809229,0.0
-50.0,50,2441.34886,0.0
-50.0,50,2441.905858,0.0
-50.0,50,2442.440375,0.0
-37.0,50,2442.978777,1.0
-50.0,50,2443.505871,0.0
-50.0,50,2444.063344,0.0
-50.0,50,2444.599261,0.0
-50.0,50,2445.135134,0.0
-50.0,50,2445.669459,0.0
-50.0,50,2446.226094,0.0
-50.0,50,2446.764128,0.0
-50.0,50,2447.302619,0.0
-50.0,50,2447.844329,0.0
-44.0,50,2448.410792,1.0
-50.0,50,2448.951558,0.0
-50.0,50,2449.486604,0.0
-50.0,50,2450.023165,0.0
-48.0,50,2450.566328,0.0
0.0,50,2451.102444,1.0
-50.0,50,2451.636553,0.0
-47.0,50,2452.172177,0.0
0.0,50,2455.186154,1.0
-31.0,50,2455.726193,1.0
-50.0,50,2456.256206,0.0
-47.0,50,2456.794899,1.0
-19.0,50,2457.342937,1.0
-23.0,50,2457.870489,1.0
-50.0,50,2458.407211,0.0
-30.0,50,2458.943781,1.0
-50.0,50,2459.489398,0.0
-50.0,50,2460.017649,0.0
0.0,50,2460.558704,1.0
-12.0,50,2461.101716,1.0
-38.0,50,2461.657378,0.0
-46.0,50,2462.197004,0.0
-50.0,50,2462.733232,0.0
-50.0,50,2463.265562,0.0
-26.0,50,2463.816189,1.0
-50.0,50,2464.358806,0.0
-49.0,50,2464.895676,0.0
-50.0,50,2465.435069,0.0
-50.0,50,2465.989556,0.0
-28.0,50,2466.522589,1.0
-14.0,50,2467.057509,1.0
-50.0,50,2467.591115,0.0
-50.0,50,2468.14309,0.0
-29.0,50,2468.681953,1.0
-50.0,50,2469.214031,0.0
-6.0,50,2469.753106,1.0
-11.0,50,2470.307441,1.0
-18.0,50,2470.843179,1.0
-49.0,50,2471.371397,1.0
-38.0,50,2471.901856,1.0
-50.0,50,2472.450636,0.0
0.0,50,2472.982464,1.0
-49.0,50,2473.513684,0.0
-27.0,50,2474.049451,1.0
-19.0,50,2474.593901,1.0
-50.0,50,2475.117255,0.0
-50.0,50,2475.647621,0.0
-50.0,50,2476.18432,0.0
-50.0,50,2476.736883,0.0
-50.0,50,2477.260373,0.0
-47.0,50,2477.785747,0.0
-35.0,50,2478.319206,1.0
-50.0,50,2478.865948,0.0
-23.0,50,2479.391027,1.0
-50.0,50,2479.905655,0.0
-50.0,50,2480.421568,0.0
-50.0,50,2480.950109,0.0
0.0,50,2481.468154,1.0
0.0,50,2481.979347,1.0
-17.0,50,2482.492289,1.0
-50.0,50,2483.026163,0.0
-50.0,50,2483.533343,0.0
0.0,50,2484.054507,1.0
-47.0,50,2484.573308,0.0
0.0,50,2485.117712,1.0
-50.0,50,2485.652073,0.0
-50.0,50,2486.190281,0.0
-50.0,50,2486.730006,0.0
-22.0,50,2487.28147,1.0
-50.0,50,2487.81829,0.0
-50.0,50,2488.353954,0.0
-50.0,50,2488.884803,0.0
-50.0,50,2489.43105,0.0
-50.0,50,2489.972794,0.0
-50.0,50,2490.506275,0.0
-12.0,50,2491.043138,1.0
-50.0,50,2491.597821,0.0
-50.0,50,2492.134008,0.0
-50.0,50,2492.672157,0.0
-34.0,50,2493.208115,1.0
-50.0,50,2493.770515,0.0
-33.0,50,2494.308518,1.0
-13.0,50,2494.846204,1.0
-50.0,50,2495.385638,0.0
-50.0,50,2495.946968,0.0
-50.0,50,2496.48858,0.0
-14.0,50,2497.023741,1.0
-50.0,50,2497.56253,0.0
-50.0,50,2498.133224,0.0
-24.0,50,2498.668373,1.0
-29.0,50,2499.208893,1.0
-50.0,50,2499.751446,0.0
-50.0,50,2500.299725,0.0
0.0,50,2500.83392,1.0
-42.0,50,2501.375597,1.0
-50.0,50,2501.912541,0.0
-50.0,50,2502.477153,0.0
-50.0,50,2503.009896,0.0
-18.0,50,2503.521791,1.0
-50.0,50,2504.040447,0.0
-50.0,50,2504.566703,0.0
-50.0,50,2505.086556,0.0
-27.0,50,2505.604334,0.0
-50.0,50,2506.121531,0.0
-50.0,50,2506.64253,0.0
-50.0,50,2507.15955,0.0
-50.0,50,2507.684056,0.0
-50.0,50,2508.2136,0.0
-50.0,50,2508.765748,0.0
-50.0,50,2509.30054,0.0
-11.0,50,2509.836105,1.0
-22.0,50,2510.371651,1.0
-50.0,50,2510.919957,0.0
-50.0,50,2511.446033,0.0
-21.0,50,2511.979799,1.0
-20.0,50,2512.524181,1.0
-17.0,50,2513.083956,1.0
-38.0,50,2513.613003,0.0
-50.0,50,2514.138763,0.0
-49.0,50,2514.669508,0.0
-50.0,50,2515.212598,0.0
-50.0,50,2515.746182,0.0
-50.0,50,2516.2801,0.0
-50.0,50,2516.809126,0.0
-50.0,50,2517.351714,0.0
-50.0,50,2517.880169,0.0
0.0,50,2518.419572,1.0
-17.0,50,2518.951632,1.0
0.0,50,2519.508792,1.0
-50.0,50,2520.036859,0.0
-25.0,50,2520.57008,0.0
-50.0,50,2521.101993,0.0
-50.0,50,2521.644761,0.0
-50.0,50,2522.173626,0.0
-50.0,50,2522.710136,0.0
-50.0,50,2523.235698,0.0
-15.0,50,2523.782049,1.0
-50.0,50,2524.326427,0.0
-50.0,50,2524.861428,0.0
-6.0,50,2525.405139,1.0
-50.0,50,2525.956643,0.0
-50.0,50,2526.507366,0.0
-50.0,50,2527.042451,0.0
-14.0,50,2527.579901,1.0
-44.0,50,2528.156351,1.0
-49.0,50,2528.698118,0.0
-50.0,50,2529.242085,0.0
-50.0,50,2529.768379,0.0
-50.0,50,2530.317569,0.0
0.0,50,2530.850739,1.0
-50.0,50,2531.379056,0.0
-45.0,50,2531.934128,0.0
-50.0,50,2532.476203,0.0
-49.0,50,2533.00526,0.0
-10.0,50,2533.535036,1.0
-50.0,50,2534.064327,0.0
-39.0,50,2534.615092,1.0
0.0,50,2535.154703,1.0
-50.0,50,2535.69157,0.0
-23.0,50,2536.224748,1.0
-50.0,50,2536.78277,0.0
-50.0,50,2537.312665,0.0
-14.0,50,2537.848042,1.0
-7.0,50,2538.385837,1.0
-50.0,50,2538.939183,0.0
-50.0,50,2539.475663,0.0
-20.0,50,2540.00073,1.0
-40.0,50,2540.53543,1.0
-50.0,50,2541.081256,0.0
-35.0,50,2541.607469,1.0
-6.0,50,2542.14211,1.0
-50.0,50,2542.67629,0.0
-50.0,50,2543.21637,0.0
-50.0,50,2543.748131,0.0
-50.0,50,2544.283751,0.0
-21.0,50,2544.814618,1.0
-50.0,50,2545.366066,0.0
-50.0,50,2545.899009,0.0
-44.0,50,2546.435201,1.0
-50.0,50,2546.958386,0.0
-50.0,50,2547.506976,0.0
-15.0,50,2548.039208,1.0
-50.0,50,2548.577028,0.0
-50.0,50,2549.112426,0.0
-50.0,50,2549.667961,0.0
-50.0,50,2550.197024,0.0
-4.0,50,2550.723947,0.0
-6.0,50,2551.256754,1.0
-50.0,50,2551.798193,0.0
-50.0,50,2552.325325,0.0
0.0,50,2552.850217,1.0
-50.0,50,2553.384784,0.0
-50.0,50,2553.932099,0.0
-31.0,50,2554.466259,0.0
-33.0,50,2555.000326,1.0
-6.0,50,2555.532596,1.0
-50.0,50,2556.087193,0.0
-14.0,50,2556.622743,1.0
-50.0,50,2557.160753,0.0
-50.0,50,2557.703703,0.0
-50.0,50,2558.256132,0.0
-49.0,50,2558.793947,0.0
-40.0,50,2559.328609,1.0
-50.0,50,2559.864027,0.0
-50.0,50,2560.422096,0.0
-50.0,50,2560.95732,0.0
-20.0,50,2561.496526,0.0
-44.0,50,2562.035473,0.0
-13.0,50,2564.90368,1.0
-47.0,50,2565.43832,0.0
-50.0,50,2565.98403,0.0
-12.0,50,2566.520135,1.0
-50.0,50,2567.07579,0.0
-13.0,50,2567.609635,1.0
0.0,50,2568.138835,1.0
-50.0,50,2568.667961,0.0
-12.0,50,2569.225772,1.0
-44.0,50,2569.760218,1.0
-50.0,50,2570.304647,0.0
-10.0,50,2570.84682,1.0
-50.0,50,2571.406546,0.0
-38.0,50,2571.940542,1.0
-50.0,50,2572.481682,0.0
-50.0,50,2573.020741,0.0
-50.0,50,2573.564031,0.0
-7.0,50,2574.095826,1.0
-50.0,50,2574.632859,0.0
-50.0,50,2575.16152,0.0
-29.0,50,2575.70851,0.0
-50.0,50,2576.237169,0.0
-50.0,50,2576.775047,0.0
-50.0,50,2577.305279,0.0
-50.0,50,2577.857796,0.0
-50.0,50,2578.387064,0.0
-50.0,50,2578.918912,0.0
-13.0,50,2579.452113,1.0
-50.0,50,2580.003312,0.0
-50.0,50,2580.525659,0.0
-50.0,50,2581.03564,0.0
-50.0,50,2581.548855,0.0
-41.0,50,2582.089253,0.0
-50.0,50,2582.606083,0.0
-50.0,50,2583.122154,0.0
-50.0,50,2583.654245,0.0
-8.0,50,2584.215127,1.0
-49.0,50,2584.751301,0.0
-31.0,50,2585.285053,1.0
-50.0,50,2585.813558,0.0
-49.0,50,2586.357696,0.0
0.0,50,2586.893443,1.0
-49.0,50,2587.429436,0.0
-50.0,50,2587.96466,0.0
-50.0,50,2588.520367,0.0
-50.0,50,2589.043674,0.0
-50.0,50,2589.574538,0.0
-9.0,50,2590.100691,1.0
-50.0,50,2590.653153,0.0
-50.0,50,2591.181463,0.0
-50.0,50,2591.711998,0.0
0.0,50,2592.246776,1.0
-50.0,50,2592.783611,0.0
-50.0,50,2593.295331,0.0
-50.0,50,2593.818599,0.0
-50.0,50,2594.348247,0.0
-10.0,50,2594.930601,1.0
-50.0,50,2595.452768,0.0
0.0,50,2595.992991,1.0
-50.0,50,2596.530912,0.0
-50.0,50,2597.098562,0.0
-50.0,50,2597.64139,0.0
-7.0,50,2598.178635,1.0
-14.0,50,2598.709692,1.0
-50.0,50,2599.313646,0.0
-50.0,50,2599.835646,0.0
-50.0,50,2600.362535,0.0
-21.0,50,2600.892931,1.0
-50.0,50,2601.441224,0.0
-46.0,50,2601.963892,1.0
-12.0,50,2602.48928,1.0
-50.0,50,2603.017781,0.0
-50.0,50,2603.554027,0.0
-31.0,50,2604.092696,1.0
-30.0,50,2604.632306,1.0
-50.0,50,2605.163792,0.0
-37.0,50,2605.717891,0.0
0.0,50,2606.25174,1.0
-50.0,50,2606.785793,0.0
-50.0,50,2607.3288,0.0
-50.0,50,2607.887969,0.0
-46.0,50,2608.419858,0.0
-50.0,50,2608.953917,0.0
-50.0,50,2609.487401,0.0
-50.0,50,2610.037248,0.0
-50.0,50,2610.57822,0.0
-11.0,50,2611.115367,1.0
-37.0,50,2611.655492,1.0
-27.0,50,2612.2033,1.0
0.0,50,2612.733684,1.0
-50.0,50,2613.262901,0.0
-28.0,50,2613.799602,1.0
-12.0,50,2614.364428,1.0
-50.0,50,2614.91087,0.0
0.0,50,2615.447043,1.0
-23.0,50,2615.980949,1.0
-1.0,50,2616.544276,1.0
-50.0,50,2617.077781,0.0
-34.0,50,2617.613207,1.0
-50.0,50,2618.153001,0.0
-50.0,50,2618.696623,0.0
-50.0,50,2619.234883,0.0
-50.0,50,2619.769935,0.0
0.0,50,2620.306616,1.0
-50.0,50,2620.855047,0.0
-50.0,50,2621.386835,0.0
-45.0,50,2621.927295,0.0
-50.0,50,2622.469922,0.0
-50.0,50,2623.042717,0.0
-50.0,50,2623.589618,0.0
-50.0,50,2624.137431,0.0
-50.0,50,2624.680795,0.0
-50.0,50,2625.231555,0.0
-14.0,50,2625.765748,1.0
-50.0,50,2626.302349,0.0
-50.0,50,2626.836834,0.0
-47.0,50,2627.392123,0.0
-50.0,50,2627.937288,0.0
-33.0,50,2628.473175,0.0
-45.0,50,2629.012177,0.0
-50.0,50,2629.580227,0.0
-50.0,50,2630.101956,0.0
-45.0,50,2630.621983,0.0
-26.0,50,2631.140754,1.0
-27.0,50,2631.686912,0.0
-25.0,50,2632.210504,1.0
-50.0,50,2632.73774,0.0
-13.0,50,2633.267406,1.0
-50.0,50,2633.803546,0.0
-50.0,50,2634.32461,0.0
-50.0,50,2634.840793,0.0
-50.0,50,2635.36013,0.0
-37.0,50,2635.925957,1.0
-50.0,50,2636.437439,0.0
-50.0,50,2636.953915,0.0
-50.0,50,2637.480985,0.0
-50.0,50,2638.049278,0.0
-15.0,50,2638.569812,1.0
-39.0,50,2639.101723,1.0
-50.0,50,2639.632401,0.0
-15.0,50,2640.169923,1.0
-50.0,50,2640.692929,0.0
-32.0,50,2641.207529,1.0
-50.0,50,2641.718409,0.0
-50.0,50,2642.25107,0.0
-50.0,50,2642.761255,0.0
0.0,50,2643.280638,1.0
-50.0,50,2643.788766,0.0
-50.0,50,2644.316775,0.0
-18.0,50,2644.827864,1.0
-9.0,50,2645.34412,1.0
-7.0,50,2645.875882,1.0
-3.0,50,2646.426846,1.0
-50.0,50,2646.964105,0.0
-44.0,50,2647.49349,0.0
-9.0,50,2648.024997,1.0
-50.0,50,2648.624254,0.0
-13.0,50,2649.155501,1.0
-15.0,50,2649.68495,0.0
-11.0,50,2650.220351,1.0
-50.0,50,2650.765589,0.0
-23.0,50,2651.292917,0.0
-50.0,50,2651.825855,0.0
0.0,50,2652.359234,1.0
-38.0,50,2652.90424,0.0
-38.0,50,2653.431793,1.0
-21.0,50,2653.959478,0.0
0.0,50,2654.4879,1.0
-21.0,50,2655.037529,1.0
-16.0,50,2655.568515,1.0
-50.0,50,2656.103805,0.0
-11.0,50,2656.631251,0.0
-50.0,50,2657.187908,0.0
-50.0,50,2657.722024,0.0
-47.0,50,2658.246515,0.0
-8.0,50,2658.784671,1.0
-14.0,50,2659.329423,1.0
-50.0,50,2659.863023,0.0
-49.0,50,2660.392387,0.0
-16.0,50,2660.92137,1.0
-50.0,50,2661.471266,0.0
-16.0,50,2662.001071,1.0
-7.0,50,2662.528948,1.0
-26.0,50,2663.055882,1.0
-11.0,50,2663.602316,1.0
-47.0,50,2664.128918,0.0
-50.0,50,2664.659,0.0
0.0,50,2665.18702,1.0
-44.0,50,2665.7417,0.0
-43.0,50,2666.275485,0.0
-49.0,50,2666.79958,0.0
-47.0,50,2667.330324,0.0
-6.0,50,2667.887953,1.0
-13.0,50,2668.417142,1.0
-15.0,50,2668.946651,1.0
-10.0,50,2669.472205,1.0
-50.0,50,2670.02182,0.0
-50.0,50,2670.554246,0.0
-50.0,50,2671.082855,0.0
-21.0,50,2671.607721,1.0
0.0,50,2674.54127,1.0
-50.0,50,2675.077916,0.0
-12.0,50,2675.614516,1.0
-50.0,50,2676.14457,0.0
-50.0,50,2676.692917,0.0
0.0,50,2677.227818,1.0
-19.0,50,2677.761875,1.0
-9.0,50,2678.293967,1.0
-50.0,50,2678.850708,0.0
-50.0,50,2679.375029,0.0
-50.0,50,2679.905492,0.0
0.0,50,2680.439697,1.0
-50.0,50,2680.988561,0.0
-24.0,50,2681.515289,1.0
0.0,50,2682.041972,1.0
-50.0,50,2682.583153,0.0
-44.0,50,2683.13308,1.0
-50.0,50,2683.662001,0.0
-50.0,50,2684.196479,0.0
-50.0,50,2684.728014,0.0
-49.0,50,2685.276817,0.0
-50.0,50,2685.812292,0.0
0.0,50,2686.349264,1.0
-50.0,50,2686.884588,0.0
-50.0,50,2687.445356,0.0
-50.0,50,2687.979264,0.0
-17.0,50,2688.519485,1.0
-22.0,50,2689.058981,1.0
-50.0,50,2689.613995,0.0
-16.0,50,2690.149804,1.0
0.0,50,2690.680313,1.0
-17.0,50,2691.21774,1.0
0.0,50,2691.765255,1.0
-50.0,50,2692.294776,0.0
-3.0,50,2692.819427,1.0
0.0,50,2693.345527,1.0
-50.0,50,2693.90503,0.0
-8.0,50,2694.444152,1.0
-50.0,50,2694.965628,0.0
-50.0,50,2695.500867,0.0
-50.0,50,2696.045818,0.0
-31.0,50,2696.574288,1.0
-50.0,50,2697.094642,0.0
-50.0,50,2697.629709,0.0
-33.0,50,2698.183908,1.0
-18.0,50,2698.71066,1.0
-50.0,50,2699.236992,0.0
-50.0,50,2699.766355,0.0
-25.0,50,2700.318602,1.0
-19.0,50,2700.847093,1.0
-36.0,50,2701.376893,1.0
-50.0,50,2701.907014,0.0
-50.0,50,2702.454665,0.0
-10.0,50,2702.988788,1.0
-50.0,50,2703.522347,0.0
-8.0,50,2704.056868,1.0
-49.0,50,2704.6054,1.0
-25.0,50,2705.133564,1.0
0.0,50,2705.654547,1.0
-50.0,50,2706.185658,0.0
-41.0,50,2706.737196,0.0
-45.0,50,2707.266664,0.0
-48.0,50,2707.795265,0.0
-9.0,50,2708.327823,1.0
-50.0,50,2708.875946,0.0
-10.0,50,2709.411349,1.0
-50.0,50,2709.943976,0.0
-13.0,50,2710.47217,1.0
-48.0,50,2711.022281,0.0
-33.0,50,2711.546805,1.0
-40.0,50,2712.076364,1.0
-24.0,50,2712.611146,1.0
-12.0,50,2713.165826,1.0
-28.0,50,2713.700055,1.0
-50.0,50,2714.228996,0.0
-50.0,50,2714.764033,0.0
-16.0,50,2715.307746,1.0
-25.0,50,2715.837814,1.0
-15.0,50,2716.364319,1.0
0.0,50,2716.899729,1.0
-50.0,50,2717.444026,0.0
-47.0,50,2717.984059,0.0
-50.0,50,2718.516903,0.0
-6.0,50,2719.057168,1.0
-24.0,50,2719.596487,1.0
-50.0,50,2720.128812,0.0
-50.0,50,2720.659218,0.0
-50.0,50,2721.193224,0.0
-50.0,50,2721.736524,0.0
-49.0,50,2722.265125,0.0
-13.0,50,2722.783186,1.0
-47.0,50,2723.307292,0.0
-50.0,50,2723.86517,0.0
-26.0,50,2724.389231,0.0
-39.0,50,2724.921879,1.0
-12.0,50,2725.449399,1.0
0.0,50,2726.000364,1.0
-15.0,50,2726.521436,1.0
-24.0,50,2727.046264,0.0
-43.0,50,2727.571151,0.0
-10.0,50,2728.126522,1.0
-37.0,50,2728.65977,1.0
-50.0,50,2729.197745,0.0
-50.0,50,2729.724321,0.0
-10.0,50,2730.276512,1.0
-50.0,50,2730.803874,0.0
-50.0,50,2731.335622,0.0
-50.0,50,2731.868483,0.0
-50.0,50,2732.416932,0.0
-42.0,50,2732.950466,1.0
-50.0,50,2733.48428,0.0
-15.0,50,2734.013298,1.0
-24.0,50,2734.571136,1.0
-50.0,50,2735.101949,0.0
0.0,50,2735.631654,1.0
-26.0,50,2736.170478,1.0
-31.0,50,2736.729192,1.0
-40.0,50,2737.266246,1.0
-34.0,50,2737.801842,1.0
0.0,50,2738.338368,1.0
-47.0,50,2738.887424,0.0
-27.0,50,2739.420218,0.0
-50.0,50,2739.94368,0.0
-25.0,50,2740.476634,0.0
0.0,50,2741.043358,1.0
-42.0,50,2741.586983,1.0
-16.0,50,2742.129521,1.0
-50.0,50,2742.671952,0.0
-49.0,50,2743.224689,0.0
-41.0,50,2743.754565,1.0
-12.0,50,2744.284453,1.0
-50.0,50,2744.810449,0.0
-50.0,50,2745.359388,0.0
-50.0,50,2745.882493,0.0
-45.0,50,2746.407784,1.0
-50.0,50,2746.932088,0.0
-2.0,50,2747.492373,1.0
-50.0,50,2748.024954,0.0
-50.0,50,2748.557355,0.0
-47.0,50,2749.087045,0.0
-25.0,50,2749.653208,0.0
-50.0,50,2750.185644,0.0
-50.0,50,2750.720967,0.0
-22.0,50,2751.249781,1.0
-50.0,50,2751.794087,0.0
-49.0,50,2752.323229,0.0
-13.0,50,2752.855171,1.0
-34.0,50,2753.38628,1.0
-50.0,50,2753.9326,0.0
-50.0,50,2754.465278,0.0
-50.0,50,2754.992943,0.0
-40.0,50,2755.531629,1.0
-12.0,50,2756.067746,1.0
-50.0,50,2756.602005,0.0
-50.0,50,2757.13924,0.0
-50.0,50,2757.660376,0.0
-12.0,50,2758.200362,1.0
-50.0,50,2758.729337,0.0
-13.0,50,2759.260759,1.0
-50.0,50,2759.795265,0.0
-50.0,50,2760.32735,0.0
-20.0,50,2760.84287,1.0
-50.0,50,2761.361148,0.0
-15.0,50,2761.883306,1.0
-50.0,50,2762.411813,0.0
-50.0,50,2762.942989,0.0
-50.0,50,2763.471747,0.0
-50.0,50,2764.012012,0.0
-14.0,50,2764.558407,1.0
-14.0,50,2765.08984,1.0
-50.0,50,2765.622598,0.0
-29.0,50,2766.150825,1.0
-50.0,50,2766.69401,0.0
-50.0,50,2767.231395,0.0
-50.0,50,2767.764439,0.0
-10.0,50,2768.294089,1.0
-32.0,50,2768.837391,1.0
-15.0,50,2769.368243,1.0
-18.0,50,2769.898555,1.0
-50.0,50,2770.424091,0.0
-50.0,50,2770.972485,0.0
-7.0,50,2771.506043,1.0
0.0,50,2772.045038,1.0
-37.0,50,2772.574735,1.0
-43.0,50,2773.115412,0.0
-50.0,50,2773.644736,0.0
-50.0,50,2774.168047,0.0
-46.0,50,2774.695646,1.0
-17.0,50,2775.241432,1.0
-10.0,50,2775.778713,1.0
-50.0,50,2776.314077,0.0
-12.0,50,2776.84744,1.0
-36.0,50,2777.400207,1.0
-50.0,50,2777.915557,0.0
-50.0,50,2778.429779,0.0
-50.0,50,2778.93765,0.0
-50.0,50,2779.477669,0.0
-50.0,50,2780.001444,0.0
-50.0,50,2780.532749,0.0
-47.0,50,2781.058549,0.0
0.0,50,2783.966672,1.0
0.0,50,2784.479222,1.0
-7.0,50,2784.989298,1.0
-31.0,50,2785.503879,1.0
-18.0,50,2786.038371,1.0
0.0,50,2786.554798,1.0
-31.0,50,2787.064743,1.0
-27.0,50,2787.582139,1.0
-42.0,50,2788.120401,1.0
-1.0,50,2788.638228,1.0
-50.0,50,2789.151485,0.0
-11.0,50,2789.664507,1.0
-50.0,50,2790.205821,0.0
-50.0,50,2790.71813,0.0
-50.0,50,2791.239546,0.0
-50.0,50,2791.766357,0.0
-18.0,50,2792.321452,1.0
-50.0,50,2792.846347,0.0
-40.0,50,2793.375504,1.0
-49.0,50,2793.90463,0.0
-50.0,50,2794.451949,0.0
-50.0,50,2794.976807,0.0
-50.0,50,2795.512164,0.0
-9.0,50,2796.042706,1.0
-17.0,50,2796.602832,1.0
-37.0,50,2797.132679,1.0
-50.0,50,2797.668588,0.0
-42.0,50,2798.201798,0.0
0.0,50,2798.756538,1.0
-33.0,50,2799.278748,1.0
-50.0,50,2799.791274,0.0
-50.0,50,2800.310146,0.0
-50.0,50,2800.853648,0.0
0.0,50,2801.382913,1.0
-7.0,50,2801.922573,1.0
-50.0,50,2802.453174,0.0
-50.0,50,2803.001325,0.0
0.0,50,2803.539806,1.0
-8.0,50,2804.072827,1.0
-15.0,50,2804.613082,1.0
-8.0,50,2805.157195,1.0
-50.0,50,2805.691526,0.0
-50.0,50,2806.231768,0.0
-50.0,50,2806.774232,0.0
-7.0,50,2807.321707,1.0
-9.0,50,2807.854089,1.0
-26.0,50,2808.390798,1.0
-50.0,50,2808.918597,0.0
-11.0,50,2809.47219,1.0
-48.0,50,2810.007843,0.0
-49.0,50,2810.549204,0.0
-11.0,50,2811.087462,1.0
-50.0,50,2811.642049,0.0
-50.0,50,2812.176482,0.0
-21.0,50,2812.70689,1.0
-47.0,50,2813.233938,0.0
-16.0,50,2813.784517,1.0
-36.0,50,2814.319487,1.0
-18.0,50,2814.857775,1.0
-32.0,50,2815.389814,1.0
-45.0,50,2815.942592,1.0
-50.0,50,2816.47954,0.0
0.0,50,2817.018402,1.0
-40.0,50,2817.549105,1.0
-7.0,50,2818.103886,1.0
-50.0,50,2818.637253,0.0
-49.0,50,2819.165519,0.0
-50.0,50,2819.690151,0.0
-47.0,50,2820.246795,0.0
-50.0,50,2820.78447,0.0
-46.0,50,2821.321211,0.0
-50.0,50,2821.853531,0.0
-50.0,50,2822.412629,0.0
0.0,50,2822.950498,1.0
-15.0,50,2823.48174,1.0
-13.0,50,2824.026423,1.0
-9.0,50,2824.580546,1.0
-17.0,50,2825.118513,1.0
0.0,50,2825.64801,1.0
-9.0,50,2826.184953,1.0
-39.0,50,2826.740425,0.0
-44.0,50,2827.274566,1.0
-50.0,50,2827.811746,0.0
-15.0,50,2828.347116,1.0
-50.0,50,2828.902521,0.0
-34.0,50,2829.435357,1.0
-30.0,50,2829.972611,1.0
-50.0,50,2830.50963,0.0
-23.0,50,2831.069798,1.0
-48.0,50,2831.60145,1.0
0.0,50,2832.134523,1.0
-50.0,50,2832.672596,0.0
-50.0,50,2833.226738,0.0
-50.0,50,2833.761323,0.0
-50.0,50,2834.298493,0.0
-48.0,50,2834.836666,0.0
-39.0,50,2835.389924,0.0
0.0,50,2835.92065,1.0
-30.0,50,2836.458758,1.0
-13.0,50,2836.994736,1.0
-49.0,50,2837.548218,0.0
-9.0,50,2838.08386,1.0
-20.0,50,2838.624672,1.0
-50.0,50,2839.162215,0.0
-50.0,50,2839.715019,0.0
-9.0,50,2840.25174,1.0
-47.0,50,2840.782317,0.0
-50.0,50,2841.323587,0.0
-50.0,50,2841.869004,0.0
-17.0,50,2842.401567,1.0
-15.0,50,2842.935122,1.0
-38.0,50,2843.471728,1.0
-8.0,50,2844.020654,1.0
-25.0,50,2844.552094,1.0
-25.0,50,2845.086584,1.0
-21.0,50,2845.618608,0.0
-17.0,50,2846.179881,1.0
-46.0,50,2846.720895,1.0
-9.0,50,2847.263855,1.0
-9.0,50,2847.793791,1.0
-50.0,50,2848.348723,0.0
0.0,50,2848.884495,1.0
-43.0,50,2849.422792,1.0
-20.0,50,2849.958983,1.0
-50.0,50,2850.50296,0.0
-19.0,50,2851.037851,1.0
-50.0,50,2851.566705,0.0
-21.0,50,2852.092615,1.0
-13.0,50,2852.638869,1.0
-50.0,50,2853.163886,0.0
-49.0,50,2853.685994,0.0
-10.0,50,2854.206521,1.0
-50.0,50,2854.770497,0.0
-50.0,50,2855.294189,0.0
-50.0,50,2855.811719,0.0
-40.0,50,2856.339739,1.0
-50.0,50,2856.892431,0.0
-50.0,50,2857.421639,0.0
-16.0,50,2857.95675,1.0
-50.0,50,2858.48701,0.0
-50.0,50,2859.032561,0.0
-16.0,50,2859.563802,1.0
-4.0,50,2860.087722,1.0
-23.0,50,2860.609065,1.0
-14.0,50,2861.210732,1.0
-5.0,50,2861.745194,1.0
-50.0,50,2862.269311,0.0
-9.0,50,2862.789267,1.0
-10.0,50,2863.348714,1.0
-50.0,50,2863.8774,0.0
-50.0,50,2864.412344,0.0
-50.0,50,2864.927069,0.0
-38.0,50,2865.479576,1.0
-18.0,50,2865.996889,1.0
-14.0,50,2866.520659,1.0
-19.0,50,2867.05757,1.0
-50.0,50,2867.603251,0.0
0.0,50,2868.139176,1.0
-11.0,50,2868.671036,1.0
-50.0,50,2869.212265,0.0
-50.0,50,2869.765288,0.0
-28.0,50,2870.301969,1.0
-29.0,50,2870.840265,0.0
-50.0,50,2871.380798,0.0
-50.0,50,2871.936911,0.0
-45.0,50,2872.472163,0.0
-50.0,50,2873.009257,0.0
-50.0,50,2873.551874,0.0
-50.0,50,2874.125615,0.0
-12.0,50,2874.657425,1.0
-15.0,50,2875.1903,1.0
-12.0,50,2875.728673,1.0
-46.0,50,2876.276284,0.0
-19.0,50,2876.81218,1.0
-50.0,50,2877.348752,0.0
-50.0,50,2877.886678,0.0
-50.0,50,2878.434464,0.0
-50.0,50,2878.966231,0.0
-50.0,50,2879.504827,0.0
-17.0,50,2880.043075,1.0
-20.0,50,2880.587476,1.0
-17.0,50,2881.122484,1.0
-50.0,50,2881.657515,0.0
-22.0,50,2882.185354,1.0
-9.0,50,2882.730404,1.0
-12.0,50,2883.267158,1.0
-14.0,50,2883.795915,1.0
-18.0,50,2884.326718,1.0
-7.0,50,2884.883757,1.0
-24.0,50,2885.421229,1.0
-28.0,50,2885.951114,1.0
-26.0,50,2886.480695,1.0
-43.0,50,2887.041315,0.0
-44.0,50,2887.573502,1.0
-50.0,50,2888.111591,0.0
-50.0,50,2888.649803,0.0
-22.0,50,2889.197275,1.0
-50.0,50,2889.726222,0.0
-50.0,50,2890.253881,0.0
-25.0,50,2890.784904,0.0
-43.0,50,2893.709489,1.0
-50.0,50,2894.241439,0.0
-5.0,50,2894.776385,1.0
-31.0,50,2895.314934,1.0
0.0,50,2895.882153,1.0
-23.0,50,2896.419079,1.0
-22.0,50,2896.952924,1.0
-50.0,50,2897.477406,0.0
-5.0,50,2898.031354,1.0
-50.0,50,2898.560996,0.0
-50.0,50,2899.09966,0.0
-40.0,50,2899.637242,0.0
-10.0,50,2900.198928,1.0
-16.0,50,2900.731997,1.0
-13.0,50,2901.262147,1.0
-13.0,50,2901.793122,1.0
-21.0,50,2902.340576,1.0
-48.0,50,2902.876493,0.0
-24.0,50,2903.406929,1.0
-41.0,50,2903.934267,1.0
-9.0,50,2904.479491,1.0
-23.0,50,2905.012875,1.0
-50.0,50,2905.543498,0.0
-50.0,50,2906.072783,0.0
-50.0,50,2906.621964,0.0
-16.0,50,2907.147581,1.0
-50.0,50,2907.675853,0.0
-50.0,50,2908.211737,0.0
0.0,50,2908.780366,1.0
-49.0,50,2909.308545,0.0
-17.0,50,2909.845227,1.0
-22.0,50,2910.378104,1.0
-20.0,50,2910.925349,1.0
-50.0,50,2911.459948,0.0
-50.0,50,2911.989001,0.0
-20.0,50,2912.524926,1.0
-18.0,50,2913.071325,1.0
-50.0,50,2913.599154,0.0
-50.0,50,2914.131388,0.0
-12.0,50,2914.658844,1.0
-50.0,50,2915.203812,0.0
-21.0,50,2915.732359,1.0
-17.0,50,2916.259892,1.0
-9.0,50,2916.789638,1.0
-44.0,50,2917.339769,0.0
-50.0,50,2917.870762,0.0
-32.0,50,2918.40235,1.0
-11.0,50,2918.938267,1.0
0.0,50,2919.476969,1.0
0.0,50,2920.00995,1.0
-10.0,50,2920.537928,0.0
-11.0,50,2921.071403,1.0
-50.0,50,2921.612786,0.0
-14.0,50,2922.151992,1.0
-32.0,50,2922.683061,1.0
-50.0,50,2923.212059,0.0
-45.0,50,2923.753664,1.0
-50.0,50,2924.288551,0.0
-15.0,50,2924.823151,1.0
-4.0,50,2925.357809,1.0
-18.0,50,2925.909167,1.0
-22.0,50,2926.436508,1.0
-49.0,50,2926.965945,0.0
-50.0,50,2927.497855,0.0
-15.0,50,2928.046442,1.0
-9.0,50,2928.578726,1.0
-5.0,50,2929.112182,1.0
-50.0,50,2929.64834,0.0
-10.0,50,2930.203072,1.0
-50.0,50,2930.736233,0.0
-48.0,50,2931.268762,0.0
-50.0,50,2931.797538,0.0
-12.0,50,2932.359497,1.0
-9.0,50,2932.883262,1.0
-50.0,50,2933.416342,0.0
-8.0,50,2933.946215,1.0
-9.0,50,2934.487525,1.0
-32.0,50,2935.019973,1.0
-31.0,50,2935.546605,1.0
-9.0,50,2936.074035,0.0
0.0,50,2936.614155,1.0
-26.0,50,2937.145912,1.0
-50.0,50,2937.679276,0.0
-50.0,50,2938.212082,0.0
-35.0,50,2938.752089,1.0
-48.0,50,2939.285478,0.0
-12.0,50,2939.821438,1.0
0.0,50,2940.348704,1.0
-2.0,50,2940.894337,1.0
-50.0,50,2941.426458,0.0
-31.0,50,2941.959051,1.0
-50.0,50,2942.49582,0.0
-7.0,50,2943.04245,1.0
-50.0,50,2943.576333,0.0
-16.0,50,2944.120198,1.0
-50.0,50,2944.659295,0.0
-16.0,50,2945.214936,1.0
-48.0,50,2945.75366,1.0
-48.0,50,2946.294925,0.0
-10.0,50,2946.835491,1.0
-50.0,50,2947.391505,0.0
-26.0,50,2947.934456,1.0
-50.0,50,2948.480143,0.0
0.0,50,2949.018655,1.0
-50.0,50,2949.57097,0.0
-2.0,50,2950.106152,1.0
-40.0,50,2950.640733,1.0
-50.0,50,2951.171424,0.0
-26.0,50,2951.729063,1.0
-30.0,50,2952.271501,1.0
-25.0,50,2952.808901,0.0
-50.0,50,2953.341186,0.0
-22.0,50,2953.88985,1.0
-50.0,50,2954.422597,0.0
-46.0,50,2954.957273,0.0
-20.0,50,2955.485794,1.0
-50.0,50,2956.040892,0.0
-47.0,50,2956.580867,0.0
-23.0,50,2957.119669,1.0
-50.0,50,2957.657034,0.0
-50.0,50,2958.203936,0.0
-50.0,50,2958.736871,0.0
-47.0,50,2959.273316,0.0
-46.0,50,2959.812337,0.0
-50.0,50,2960.368331,0.0
-19.0,50,2960.9055,1.0
-50.0,50,2961.442431,0.0
-36.0,50,2961.980513,1.0
0.0,50,2962.529861,1.0
-23.0,50,2963.062771,1.0
-50.0,50,2963.593108,0.0
-24.0,50,2964.126734,1.0
-46.0,50,2964.678184,0.0
-15.0,50,2965.206848,1.0
-42.0,50,2965.736,1.0
-50.0,50,2966.273203,0.0
-19.0,50,2966.826306,1.0
-21.0,50,2967.356162,1.0
-21.0,50,2967.891277,1.0
-50.0,50,2968.422177,0.0
-14.0,50,2968.970208,1.0
-50.0,50,2969.498993,0.0
-43.0,50,2970.038098,0.0
-12.0,50,2970.581285,1.0
-50.0,50,2971.133558,0.0
-9.0,50,2971.660263,1.0
0.0,50,2972.196408,1.0
-9.0,50,2972.72666,1.0
-50.0,50,2973.280216,0.0
-50.0,50,2973.821709,0.0
-50.0,50,2974.350045,0.0
-28.0,50,2974.887711,1.0
-48.0,50,2975.437133,0.0
-43.0,50,2975.970217,1.0
-17.0,50,2976.499121,1.0
-26.0,50,2977.031969,1.0
-2.0,50,2977.583525,1.0
0.0,50,2978.127568,1.0
-46.0,50,2978.669041,0.0
-14.0,50,2979.212976,1.0
-29.0,50,2979.804746,1.0
-16.0,50,2980.344208,1.0
-50.0,50,2980.882513,0.0
-17.0,50,2981.418342,1.0
-5.0,50,2981.979867,1.0
-30.0,50,2982.516873,1.0
-36.0,50,2983.050288,1.0
-50.0,50,2983.588715,0.0
-50.0,50,2984.143542,0.0
-15.0,50,2984.682674,1.0
-50.0,50,2985.220738,0.0
-17.0,50,2985.75861,1.0
-14.0,50,2986.329897,1.0
-13.0,50,2986.868179,1.0
-14.0,50,2987.406292,1.0
-16.0,50,2987.937479,1.0
-46.0,50,2988.496299,0.0
-12.0,50,2989.038146,1.0
-17.0,50,2989.5692,1.0
-25.0,50,2990.105403,1.0
-25.0,50,2990.653649,1.0
-50.0,50,2991.190452,0.0
-50.0,50,2991.733271,0.0
-47.0,50,2992.272485,0.0
-25.0,50,2992.845916,1.0
-50.0,50,2993.38112,0.0
-20.0,50,2993.915775,1.0
-16.0,50,2994.45133,1.0
-9.0,50,2995.003143,1.0
-27.0,50,2995.536723,1.0
-15.0,50,2996.070462,1.0
-48.0,50,2996.600929,0.0
-50.0,50,2997.141801,0.0
-18.0,50,2997.6815,1.0
-22.0,50,2998.216404,1.0
-50.0,50,2998.748185,0.0
-9.0,50,2999.301501,1.0
-13.0,50,2999.84006,1.0
-3.0,50,3000.381128,1.0
-50.0,50,3000.921208,0.0
-30.0,50,3003.871025,0.0
-14.0,50,3004.403155,1.0
0.0,50,3004.942713,1.0
-14.0,50,3005.480242,1.0
-28.0,50,3006.029376,1.0
-46.0,50,3006.564611,0.0
-38.0,50,3007.097386,1.0
-50.0,50,3007.636238,0.0
-50.0,50,3008.188445,0.0
-7.0,50,3008.732646,1.0
-50.0,50,3009.27217,0.0
-17.0,50,3009.805375,1.0
-50.0,50,3010.347998,0.0
-16.0,50,3010.859279,1.0
-9.0,50,3011.378108,1.0
-6.0,50,3011.900055,1.0
-21.0,50,3012.427588,1.0
-11.0,50,3012.948053,1.0
-15.0,50,3013.469066,1.0
-49.0,50,3013.992785,0.0
0.0,50,3014.520234,1.0
-9.0,50,3015.031548,1.0
-40.0,50,3015.546594,0.0
-22.0,50,3016.058869,1.0
-10.0,50,3016.599082,1.0
-50.0,50,3017.122273,0.0
-6.0,50,3017.64357,1.0
-43.0,50,3018.155876,0.0
-5.0,50,3018.70663,1.0
-16.0,50,3019.230827,1.0
-19.0,50,3019.74944,1.0
-50.0,50,3020.266868,0.0
-36.0,50,3020.796291,1.0
-50.0,50,3021.308163,0.0
-11.0,50,3021.829912,1.0
-10.0,50,3022.34384,1.0
-29.0,50,3022.867766,1.0
-50.0,50,3023.381188,0.0
-21.0,50,3023.900465,1.0
-8.0,50,3024.420368,1.0
-50.0,50,3024.948534,0.0
-12.0,50,3025.471954,1.0
-8.0,50,3025.986056,1.0
-8.0,50,3026.525559,1.0
-15.0,50,3027.086636,1.0
-50.0,50,3027.617087,0.0
-8.0,50,3028.149124,1.0
-50.0,50,3028.686867,0.0
-50.0,50,3029.242444,0.0
-7.0,50,3029.772137,1.0
-48.0,50,3030.299995,0.0
-10.0,50,3030.82536,1.0
-45.0,50,3031.370125,0.0
-11.0,50,3031.895355,1.0
-28.0,50,3032.429466,1.0
-50.0,50,3032.959446,0.0
-7.0,50,3033.509696,1.0
-48.0,50,3034.035027,0.0
-22.0,50,3034.564788,1.0
-43.0,50,3035.101805,1.0
-41.0,50,3035.663785,0.0
-40.0,50,3036.199012,1.0
-21.0,50,3036.72931,1.0
-50.0,50,3037.258634,0.0
-5.0,50,3037.815279,1.0
-15.0,50,3038.343112,1.0
-50.0,50,3038.868202,0.0
-17.0,50,3039.399343,1.0
0.0,50,3039.943729,1.0
-2.0,50,3040.482713,1.0
0.0,50,3041.007701,1.0
-21.0,50,3041.54583,1.0
-50.0,50,3042.100896,0.0
-23.0,50,3042.635646,1.0
-8.0,50,3043.162256,1.0
-49.0,50,3043.696356,0.0
-24.0,50,3044.250323,1.0
-12.0,50,3044.778036,1.0
-45.0,50,3045.30355,0.0
-12.0,50,3045.839428,1.0
-26.0,50,3046.382361,1.0
-21.0,50,3046.909971,1.0
-50.0,50,3047.440398,0.0
-50.0,50,3047.977297,0.0
-49.0,50,3048.516434,0.0
-30.0,50,3049.044851,1.0
-50.0,50,3049.569197,0.0
-19.0,50,3050.104618,1.0
-50.0,50,3050.663171,0.0
-5.0,50,3051.193968,1.0
-6.0,50,3051.728245,1.0
-50.0,50,3052.262107,0.0
-16.0,50,3052.812303,1.0
-8.0,50,3053.344494,1.0
-18.0,50,3053.880512,1.0
-23.0,50,3054.413933,1.0
-15.0,50,3054.966481,1.0
-46.0,50,3055.494503,0.0
-12.0,50,3056.027771,1.0
-12.0,50,3056.555271,1.0
-7.0,50,3057.110432,1.0
-12.0,50,3057.646485,1.0
0.0,50,3058.17876,1.0
-13.0,50,3058.710851,1.0
-48.0,50,3059.254175,0.0
-18.0,50,3059.788234,1.0
-21.0,50,3060.313631,0.0
-50.0,50,3060.824278,0.0
-50.0,50,3061.376809,0.0
-13.0,50,3061.904573,1.0
-48.0,50,3062.417722,0.0
-12.0,50,3062.929285,1.0
-43.0,50,3063.46347,1.0
-50.0,50,3063.978531,0.0
-23.0,50,3064.493223,1.0
-20.0,50,3065.011616,1.0
-21.0,50,3065.544702,1.0
-15.0,50,3066.079031,1.0
-30.0,50,3066.59356,1.0
-18.0,50,3067.114668,1.0
-18.0,50,3067.646355,1.0
-24.0,50,3068.165805,1.0
-32.0,50,3068.689761,1.0
-16.0,50,3069.21812,1.0
-11.0,50,3069.7611,1.0
-49.0,50,3070.277292,0.0
-38.0,50,3070.799642,1.0
-16.0,50,3071.322423,1.0
-10.0,50,3071.863901,1.0
0.0,50,3072.396434,1.0
-39.0,50,3072.931726,1.0
-50.0,50,3073.468999,0.0
0.0,50,3074.010134,1.0
-8.0,50,3074.542601,1.0
-16.0,50,3075.07781,1.0
-23.0,50,3075.605764,1.0
-8.0,50,3076.155622,1.0
-11.0,50,3076.689979,1.0
-8.0,50,3077.227241,1.0
-48.0,50,3077.764508,0.0
-50.0,50,3078.3175,0.0
-50.0,50,3078.849252,0.0
-14.0,50,3079.37981,1.0
-27.0,50,3079.911955,1.0
-50.0,50,3080.45985,0.0
-50.0,50,3080.987399,0.0
-42.0,50,3081.520737,1.0
-17.0,50,3082.049256,1.0
-7.0,50,3082.594733,1.0
-10.0,50,3083.122656,1.0
-23.0,50,3083.650847,1.0
-11.0,50,3084.181733,1.0
-20.0,50,3084.742881,1.0
-50.0,50,3085.269701,0.0
-12.0,50,3085.797935,1.0
-48.0,50,3086.329357,0.0
-50.0,50,3086.881108,0.0
-47.0,50,3087.414496,0.0
0.0,50,3087.946367,1.0
-8.0,50,3088.483758,1.0
-50.0,50,3089.03443,0.0
-32.0,50,3089.556807,1.0
-24.0,50,3090.074186,1.0
-50.0,50,3090.594607,0.0
-12.0,50,3091.134122,1.0
-47.0,50,3091.65341,0.0
-50.0,50,3092.170117,0.0
-20.0,50,3092.695948,1.0
-39.0,50,3093.236562,1.0
-49.0,50,3093.756861,0.0
0.0,50,3094.28103,1.0
-50.0,50,3094.80038,0.0
0.0,50,3095.35343,1.0
-12.0,50,3095.868682,1.0
-12.0,50,3096.385794,1.0
-12.0,50,3096.905329,0.0
-48.0,50,3097.446139,0.0
-12.0,50,3097.961844,1.0
-49.0,50,3098.479576,0.0
-40.0,50,3098.99761,1.0
-8.0,50,3099.536819,1.0
-9.0,50,3100.047599,1.0
-6.0,50,3100.565894,1.0
-50.0,50,3101.082897,0.0
-12.0,50,3101.653937,1.0
-48.0,50,3102.171883,0.0
-41.0,50,3102.687835,1.0
-48.0,50,3103.200597,0.0
-50.0,50,3103.740217,0.0
-24.0,50,3104.255769,1.0
-49.0,50,3104.77339,0.0
-9.0,50,3105.301665,1.0
-23.0,50,3105.842522,1.0
-50.0,50,3106.362754,0.0
-46.0,50,3106.889168,0.0
-21.0,50,3107.414603,1.0
-32.0,50,3107.954102,1.0
-50.0,50,3108.477167,0.0
-7.0,50,3108.999389,1.0
-50.0,50,3109.514507,0.0
-11.0,50,3112.387165,1.0
-50.0,50,3112.898231,0.0
-19.0,50,3113.416695,1.0
-34.0,50,3113.939598,1.0
0.0,50,3114.500979,1.0
-12.0,50,3115.027828,1.0
-50.0,50,3115.546399,0.0
-12.0,50,3116.058288,1.0
-32.0,50,3116.596046,1.0
-49.0,50,3117.119521,0.0
-8.0,50,3117.64371,1.0
-15.0,50,3118.1593,1.0
0.0,50,3118.698215,1.0
-27.0,50,3119.217224,0.0
-50.0,50,3119.741626,0.0
-50.0,50,3120.263573,0.0
-46.0,50,3120.792539,0.0
0.0,50,3121.316711,1.0
-48.0,50,3121.835669,0.0
-17.0,50,3122.355994,1.0
-15.0,50,3122.888093,1.0
-50.0,50,3123.409243,0.0
-50.0,50,3123.923988,0.0
-11.0,50,3124.442404,1.0
-11.0,50,3124.982158,1.0
-16.0,50,3125.501391,1.0
-45.0,50,3126.022096,0.0
-16.0,50,3126.543142,1.0
-50.0,50,3127.081768,0.0
-40.0,50,3127.596394,1.0
-48.0,50,3128.114063,0.0
0.0,50,3128.647161,1.0
-34.0,50,3129.192236,1.0
-19.0,50,3129.7221,1.0
-7.0,50,3130.261273,1.0
-11.0,50,3130.795611,1.0
-50.0,50,3131.339801,0.0
-3.0,50,3131.87001,1.0
-17.0,50,3132.382588,1.0
-10.0,50,3132.894604,1.0
-12.0,50,3133.429975,1.0
-50.0,50,3133.950284,0.0
-50.0,50,3134.465965,0.0
-45.0,50,3134.977407,0.0
-7.0,50,3135.519279,1.0
-49.0,50,3136.024867,0.0
-50.0,50,3136.538477,0.0
-44.0,50,3137.048128,0.0
-28.0,50,3137.584208,1.0
-27.0,50,3138.099382,1.0
-50.0,50,3138.609625,0.0
-31.0,50,3139.126662,1.0
-17.0,50,3139.659634,1.0
0.0,50,3140.1785,1.0
-44.0,50,3140.699438,1.0
-36.0,50,3141.216571,1.0
-11.0,50,3141.761022,1.0
-15.0,50,3142.280841,1.0
-20.0,50,3142.798734,1.0
-18.0,50,3143.317627,1.0
-13.0,50,3143.862738,1.0
-44.0,50,3144.394227,0.0
-7.0,50,3144.935902,1.0
-5.0,50,3145.473277,1.0
-16.0,50,3146.020628,1.0
-16.0,50,3146.557772,1.0
-15.0,50,3147.10064,1.0
-15.0,50,3147.64624,1.0
-16.0,50,3148.210181,1.0
-18.0,50,3148.750337,1.0
-50.0,50,3149.299597,0.0
-25.0,50,3149.838548,1.0
-23.0,50,3150.398657,1.0
-14.0,50,3150.943114,1.0
-33.0,50,3151.486693,1.0
-17.0,50,3152.028311,1.0
-18.0,50,3152.585099,1.0
-43.0,50,3153.129833,0.0
-50.0,50,3153.665745,0.0
-17.0,50,3154.209494,1.0
-5.0,50,3154.775361,1.0
-3.0,50,3155.309071,1.0
-22.0,50,3155.854949,1.0
-37.0,50,3156.397436,1.0
-50.0,50,3156.961423,0.0
-47.0,50,3157.500586,1.0
-50.0,50,3158.041873,0.0
-18.0,50,3158.586257,1.0
-1.0,50,3159.148889,1.0
-48.0,50,3159.696066,0.0
-13.0,50,3160.238677,1.0
-50.0,50,3160.784219,0.0
-26.0,50,3161.34549,1.0
-28.0,50,3161.887046,1.0
-10.0,50,3162.427439,1.0
-50.0,50,3162.961516,0.0
-18.0,50,3163.50491,1.0
-42.0,50,3164.027754,1.0
-50.0,50,3164.543342,0.0
-21.0,50,3165.067204,1.0
0.0,50,3165.619173,1.0
-19.0,50,3166.155082,1.0
-50.0,50,3166.687554,0.0
-29.0,50,3167.219679,1.0
-21.0,50,3167.780865,1.0
-18.0,50,3168.318235,1.0
-14.0,50,3168.852031,1.0
-16.0,50,3169.398179,1.0
-23.0,50,3169.9585,1.0
-29.0,50,3170.495116,1.0
-50.0,50,3171.027804,0.0
-34.0,50,3171.564045,1.0
-24.0,50,3172.124944,1.0
0.0,50,3172.671143,1.0
-50.0,50,3173.202199,0.0
-9.0,50,3173.735675,1.0
-50.0,50,3174.296699,0.0
-36.0,50,3174.835436,1.0
-7.0,50,3175.376702,1.0
-10.0,50,3175.912303,1.0
-23.0,50,3176.460153,1.0
-43.0,50,3176.992727,1.0
-15.0,50,3177.516909,1.0
-13.0,50,3178.032294,1.0
-9.0,50,3178.584252,1.0
-50.0,50,3179.113176,0.0
-41.0,50,3179.642591,1.0
-12.0,50,3180.179022,1.0
-37.0,50,3180.736561,1.0
-24.0,50,3181.271613,1.0
-24.0,50,3181.80892,1.0
-9.0,50,3182.350591,1.0
-9.0,50,3182.890337,1.0
-10.0,50,3183.418427,1.0
0.0,50,3183.954665,1.0
-47.0,50,3184.495539,0.0
-49.0,50,3185.068587,0.0
-16.0,50,3185.599728,1.0
-10.0,50,3186.142716,1.0
-11.0,50,3186.679836,1.0
-34.0,50,3187.231532,1.0
-50.0,50,3187.76634,0.0
-50.0,50,3188.297296,0.0
-8.0,50,3188.831054,1.0
-50.0,50,3189.386777,0.0
-31.0,50,3189.918734,1.0
-28.0,50,3190.448726,1.0
-48.0,50,3190.965378,0.0
-14.0,50,3191.507598,1.0
-4.0,50,3192.029593,1.0
-50.0,50,3192.558984,0.0
-49.0,50,3193.085509,0.0
-21.0,50,3193.634254,1.0
-25.0,50,3194.169067,1.0
-9.0,50,3194.70341,1.0
-11.0,50,3195.239857,1.0
-17.0,50,3195.793319,1.0
-11.0,50,3196.332321,1.0
-48.0,50,3196.860927,0.0
-50.0,50,3197.391541,0.0
-19.0,50,3197.933842,1.0
-11.0,50,3198.452359,1.0
-36.0,50,3198.965437,0.0
-18.0,50,3199.491202,1.0
-10.0,50,3200.031512,1.0
-15.0,50,3200.548788,1.0
0.0,50,3201.064812,1.0
-31.0,50,3201.592699,1.0
-38.0,50,3202.136412,1.0
-11.0,50,3202.660735,1.0
-34.0,50,3203.173818,0.0
-14.0,50,3203.704015,1.0
0.0,50,3204.247405,1.0
-49.0,50,3204.76344,0.0
-25.0,50,3205.280762,1.0
-4.0,50,3205.800284,1.0
-30.0,50,3206.340832,1.0
-13.0,50,3206.861725,1.0
-15.0,50,3207.376764,1.0
-50.0,50,3207.890357,0.0
-50.0,50,3208.424572,0.0
-40.0,50,3208.942579,0.0
-14.0,50,3209.457107,1.0
-50.0,50,3209.970906,0.0
-35.0,50,3210.512978,1.0
-11.0,50,3211.030396,1.0
0.0,50,3211.558917,1.0
-17.0,50,3212.075246,1.0
-13.0,50,3212.613982,1.0
-50.0,50,3213.134197,0.0
-50.0,50,3213.665881,0.0
-6.0,50,3214.184014,1.0
-50.0,50,3214.712866,0.0
-22.0,50,3215.229889,1.0
-16.0,50,3215.75664,1.0
-35.0,50,3216.283217,1.0
-14.0,50,3216.809721,1.0
-28.0,50,3217.333427,1.0
0.0,50,3217.848339,1.0
-48.0,50,3218.368925,0.0
0.0,50,3221.207915,1.0
-10.0,50,3221.74103,1.0
-21.0,50,3222.277852,1.0
-50.0,50,3222.805345,0.0
-32.0,50,3223.352931,1.0
-10.0,50,3223.884501,1.0
-15.0,50,3224.415427,1.0
-21.0,50,3224.949776,1.0
-11.0,50,3225.504116,1.0
-28.0,50,3226.037908,1.0
-18.0,50,3226.57102,1.0
-13.0,50,3227.101144,1.0
-50.0,50,3227.654124,0.0
-21.0,50,3228.191643,1.0
-46.0,50,3228.722655,0.0
-24.0,50,3229.251668,1.0
0.0,50,3229.799329,1.0
-50.0,50,3230.336581,0.0
-11.0,50,3230.870646,1.0
-14.0,50,3231.3998,1.0
-21.0,50,3231.938907,1.0
-22.0,50,3232.468844,1.0
-17.0,50,3232.996085,1.0
-10.0,50,3233.522618,1.0
-7.0,50,3234.054982,1.0
-14.0,50,3234.57718,1.0
-12.0,50,3235.103362,1.0
-13.0,50,3235.640635,1.0
-13.0,50,3236.18221,1.0
-11.0,50,3236.706707,1.0
0.0,50,3237.234056,1.0
-20.0,50,3237.775429,1.0
-6.0,50,3238.328997,1.0
-15.0,50,3238.869375,1.0
-12.0,50,3239.411212,1.0
-11.0,50,3239.945275,1.0
-12.0,50,3240.502192,1.0
-12.0,50,3241.036227,1.0
-16.0,50,3241.572608,1.0
-21.0,50,3242.110033,1.0
-36.0,50,3242.660534,0.0
-21.0,50,3243.198395,1.0
-14.0,50,3243.732117,1.0
-18.0,50,3244.267313,1.0
-50.0,50,3244.827786,0.0
-46.0,50,3245.359125,0.0
-14.0,50,3245.892103,1.0
-20.0,50,3246.432508,1.0
-49.0,50,3246.987536,0.0
-33.0,50,3247.526829,1.0
-15.0,50,3248.058897,1.0
-17.0,50,3248.592096,1.0
-10.0,50,3249.139165,1.0
-24.0,50,3249.672122,1.0
-17.0,50,3250.209268,1.0
-13.0,50,3250.746999,1.0
-15.0,50,3251.3041,1.0
-49.0,50,3251.840246,0.0
-7.0,50,3252.38184,1.0
-7.0,50,3252.916779,1.0
-50.0,50,3253.46685,0.0
-50.0,50,3253.99963,0.0
-50.0,50,3254.534291,0.0
-50.0,50,3255.065208,0.0
-9.0,50,3255.619105,1.0
-29.0,50,3256.155509,1.0
-50.0,50,3256.687792,0.0
-23.0,50,3257.223252,1.0
-14.0,50,3257.771888,1.0
-19.0,50,3258.310527,1.0
-24.0,50,3258.844024,1.0
-11.0,50,3259.382191,1.0
-44.0,50,3259.933392,0.0
-18.0,50,3260.470991,1.0
-14.0,50,3261.008135,1.0
-14.0,50,3261.543326,1.0
-50.0,50,3262.099095,0.0
-50.0,50,3262.627757,0.0
-17.0,50,3263.166114,1.0
-17.0,50,3263.700207,1.0
-17.0,50,3264.233503,0.0
-11.0,50,3264.752828,1.0
-9.0,50,3265.273477,1.0
-7.0,50,3265.79351,1.0
-14.0,50,3266.337324,1.0
-7.0,50,3266.863793,1.0
-6.0,50,3267.392965,1.0
-17.0,50,3267.916139,1.0
-50.0,50,3268.44861,0.0
-8.0,50,3268.980087,1.0
-22.0,50,3269.50293,1.0
-12.0,50,3270.029271,1.0
-17.0,50,3270.583848,1.0
0.0,50,3271.113316,1.0
-14.0,50,3271.646857,1.0
0.0,50,3272.181459,1.0
-12.0,50,3272.7341,1.0
-12.0,50,3273.262948,1.0
-39.0,50,3273.792952,0.0
-50.0,50,3274.328289,0.0
0.0,50,3274.891338,1.0
-12.0,50,3275.424814,1.0
-14.0,50,3275.956029,1.0
-10.0,50,3276.488149,1.0
-14.0,50,3277.043958,1.0
-48.0,50,3277.580747,0.0
-11.0,50,3278.120134,1.0
-19.0,50,3278.653911,1.0
-21.0,50,3279.209328,1.0
-50.0,50,3279.737259,0.0
-16.0,50,3280.272428,1.0
-50.0,50,3280.80204,0.0
-9.0,50,3281.357671,1.0
-14.0,50,3281.892023,1.0
-15.0,50,3282.435605,1.0
-7.0,50,3282.975671,1.0
-13.0,50,3283.535343,1.0
-22.0,50,3284.069773,1.0
-8.0,50,3284.608123,1.0
-38.0,50,3285.144371,1.0
-19.0,50,3285.701079,1.0
-15.0,50,3286.246982,1.0
0.0,50,3286.782474,1.0
-50.0,50,3287.314974,0.0
-50.0,50,3287.87409,0.0
-16.0,50,3288.40724,1.0
-50.0,50,3288.943402,0.0
-50.0,50,3289.475365,0.0
-8.0,50,3290.033884,1.0
-15.0,50,3290.570011,1.0
-20.0,50,3291.105605,1.0
-50.0,50,3291.640015,0.0
-21.0,50,3292.18945,1.0
-5.0,50,3292.730032,1.0
-31.0,50,3293.26425,1.0
-25.0,50,3293.799012,1.0
-50.0,50,3294.355078,0.0
-50.0,50,3294.890387,0.0
-6.0,50,3295.428847,1.0
-47.0,50,3295.965043,0.0
-43.0,50,3296.523686,0.0
-14.0,50,3297.060816,1.0
-9.0,50,3297.600468,1.0
-24.0,50,3298.135727,1.0
-21.0,50,3298.691912,1.0
-37.0,50,3299.226298,1.0
-16.0,50,3299.768603,1.0
-22.0,50,3300.307028,1.0
-6.0,50,3300.864486,1.0
-26.0,50,3301.399569,1.0
-50.0,50,3301.938452,0.0
-50.0,50,3302.476204,0.0
-12.0,50,3303.031353,1.0
-12.0,50,3303.57468,1.0
-28.0,50,3304.119854,1.0
-20.0,50,3304.658896,1.0
-23.0,50,3305.219072,1.0
-40.0,50,3305.76005,1.0
-13.0,50,3306.307559,1.0
-48.0,50,3306.842003,0.0
-50.0,50,3307.40745,0.0
-13.0,50,3307.949661,1.0
-9.0,50,3308.485616,1.0
-50.0,50,3309.027383,0.0
-40.0,50,3309.593843,1.0
-23.0,50,3310.138574,1.0
-39.0,50,3310.675382,0.0
0.0,50,3311.20978,1.0
0.0,50,3311.768464,1.0
-31.0,50,3312.309285,1.0
-46.0,50,3312.849991,0.0
-11.0,50,3313.393896,1.0
-14.0,50,3313.954603,1.0
-9.0,50,3314.488344,1.0
-22.0,50,3315.02233,1.0
-19.0,50,3315.56886,1.0
-50.0,50,3316.125403,0.0
-17.0,50,3316.671674,1.0
-13.0,50,3317.213745,1.0
-9.0,50,3317.753108,1.0
-50.0,50,3318.307389,0.0
-50.0,50,3318.840062,0.0
-14.0,50,3319.38031,1.0
-11.0,50,3319.926028,1.0
-30.0,50,3320.484877,1.0
-19.0,50,3321.022557,1.0
-50.0,50,3321.559727,0.0
-50.0,50,3322.101555,0.0
-10.0,50,3322.659763,1.0
-40.0,50,3323.196971,0.0
-8.0,50,3323.731681,1.0
-50.0,50,3324.265163,0.0
-47.0,50,3324.824529,0.0
-8.0,50,3325.362623,1.0
-40.0,50,3325.900421,1.0
-25.0,50,3326.444082,1.0
-13.0,50,3327.004704,1.0
-37.0,50,3327.541857,1.0
-50.0,50,3328.081303,0.0
-48.0,50,3328.628024,0.0
-9.0,50,3331.536601,1.0
-26.0,50,3332.07641,1.0
-50.0,50,3332.61632,0.0
-29.0,50,3333.156873,1.0
0.0,50,3333.712523,1.0
-11.0,50,3334.256814,1.0
-50.0,50,3334.795848,0.0
-48.0,50,3335.340187,0.0
0.0,50,3335.909087,1.0
-29.0,50,3336.455494,1.0
-13.0,50,3336.999485,1.0
-28.0,50,3337.539453,1.0
-7.0,50,3338.093671,1.0
-46.0,50,3338.629866,0.0
-9.0,50,3339.169613,1.0
-29.0,50,3339.711601,1.0
0.0,50,3340.265815,1.0
-49.0,50,3340.799906,0.0
-49.0,50,3341.340651,0.0
-17.0,50,3341.878801,1.0
-19.0,50,3342.444834,1.0
-10.0,50,3342.989511,1.0
-19.0,50,3343.532302,1.0
-6.0,50,3344.077564,1.0
-14.0,50,3344.638609,1.0
-9.0,50,3345.175005,1.0
-8.0,50,3345.714224,1.0
-15.0,50,3346.260027,1.0
0.0,50,3346.813981,1.0
-12.0,50,3347.351369,1.0
-21.0,50,3347.886513,1.0
-9.0,50,3348.425573,1.0
-43.0,50,3348.991553,0.0
0.0,50,3349.5357,1.0
-15.0,50,3350.070506,1.0
-14.0,50,3350.615211,1.0
-21.0,50,3351.179937,1.0
-21.0,50,3351.721331,1.0
-23.0,50,3352.25828,1.0
-24.0,50,3352.792274,1.0
-20.0,50,3353.34671,1.0
-16.0,50,3353.879037,1.0
-15.0,50,3354.416684,1.0
-50.0,50,3354.9533,0.0
-36.0,50,3355.507189,1.0
-50.0,50,3356.042167,0.0
-50.0,50,3356.576814,0.0
-33.0,50,3357.11371,1.0
-50.0,50,3357.680807,0.0
-17.0,50,3358.218866,1.0
-18.0,50,3358.75563,1.0
-13.0,50,3359.300729,1.0
-42.0,50,3359.859653,1.0
-24.0,50,3360.388636,1.0
-32.0,50,3360.920464,1.0
-50.0,50,3361.445641,0.0
0.0,50,3362.001679,1.0
-19.0,50,3362.545191,1.0
-43.0,50,3363.083758,1.0
-50.0,50,3363.622276,0.0
0.0,50,3364.187054,1.0
-17.0,50,3364.730858,1.0
-14.0,50,3365.27382,1.0
-9.0,50,3365.815911,1.0
-50.0,50,3366.370828,0.0
-9.0,50,3366.911766,1.0
-28.0,50,3367.453953,1.0
-49.0,50,3367.996737,0.0
-10.0,50,3368.559106,1.0
-8.0,50,3369.0978,1.0
-8.0,50,3369.630749,1.0
-9.0,50,3370.174217,1.0
-16.0,50,3370.728619,1.0
-9.0,50,3371.269268,1.0
-8.0,50,3371.812613,1.0
-21.0,50,3372.351101,1.0
-15.0,50,3372.905345,1.0
-12.0,50,3373.448768,1.0
-6.0,50,3373.990698,1.0
-15.0,50,3374.536971,1.0
-15.0,50,3375.098087,1.0
-25.0,50,3375.636402,1.0
-18.0,50,3376.173162,1.0
-14.0,50,3376.716242,1.0
-10.0,50,3377.275265,1.0
-15.0,50,3377.805014,1.0
0.0,50,3378.330256,1.0
-13.0,50,3378.854478,1.0
-20.0,50,3379.40509,1.0
-20.0,50,3379.943576,1.0
-46.0,50,3380.479345,0.0
-28.0,50,3381.017262,1.0
-23.0,50,3381.571235,1.0
-33.0,50,3382.108681,1.0
0.0,50,3382.650411,1.0
-22.0,50,3383.185588,1.0
-27.0,50,3383.749285,1.0
-12.0,50,3384.290757,1.0
-7.0,50,3384.828301,1.0
-50.0,50,3385.363122,0.0
-13.0,50,3385.922631,1.0
-11.0,50,3386.457659,1.0
-10.0,50,3386.996155,1.0
-50.0,50,3387.531984,0.0
-9.0,50,3388.092031,1.0
-13.0,50,3388.630688,1.0
-10.0,50,3389.173179,1.0
-36.0,50,3389.715299,0.0
-9.0,50,3390.266082,1.0
-13.0,50,3390.804968,1.0
-12.0,50,3391.341174,1.0
-18.0,50,3391.874239,0.0
-50.0,50,3392.436799,0.0
-35.0,50,3392.972806,1.0
-17.0,50,3393.516623,1.0
-50.0,50,3394.061232,0.0
-14.0,50,3394.622473,1.0
-23.0,50,3395.163821,1.0
0.0,50,3395.706067,1.0
-10.0,50,3396.242774,1.0
-50.0,50,3396.827975,0.0
-16.0,50,3397.36797,1.0
-9.0,50,3397.906239,1.0
-29.0,50,3398.448363,1.0
-27.0,50,3399.00241,1.0
-12.0,50,3399.550812,1.0
-13.0,50,3400.09019,1.0
-50.0,50,3400.633702,0.0
0.0,50,3401.194597,1.0
-14.0,50,3401.739224,1.0
-19.0,50,3402.290465,1.0
0.0,50,3402.825726,1.0
-13.0,50,3403.376625,1.0
-50.0,50,3403.912448,0.0
-13.0,50,3404.449002,1.0
-14.0,50,3404.986574,1.0
-48.0,50,3405.524932,0.0
0.0,50,3406.052602,1.0
-19.0,50,3406.57898,0.0
-29.0,50,3407.107069,1.0
-8.0,50,3407.65203,1.0
-29.0,50,3408.172923,0.0
-18.0,50,3408.694576,1.0
-19.0,50,3409.235746,1.0
-42.0,50,3409.787452,0.0
-9.0,50,3410.326493,1.0
-35.0,50,3410.863876,1.0
-8.0,50,3411.405647,1.0
-49.0,50,3411.958544,0.0
-14.0,50,3412.499878,1.0
-29.0,50,3413.03522,1.0
-25.0,50,3413.575915,1.0
0.0,50,3414.124978,1.0
-26.0,50,3414.665981,1.0
-43.0,50,3415.205644,0.0
-39.0,50,3415.743842,1.0
-46.0,50,3416.28856,1.0
-21.0,50,3416.811235,1.0
-8.0,50,3417.339831,1.0
-27.0,50,3417.880904,1.0
-32.0,50,3418.438991,1.0
-15.0,50,3418.975916,1.0
-17.0,50,3419.511208,1.0
-21.0,50,3420.046391,1.0
-13.0,50,3420.590525,1.0
-16.0,50,3421.122214,1.0
-19.0,50,3421.651917,1.0
-23.0,50,3422.182159,1.0
-16.0,50,3422.729828,1.0
-48.0,50,3423.26013,0.0
-9.0,50,3423.796449,1.0
-4.0,50,3424.334091,1.0
-16.0,50,3424.891954,1.0
-29.0,50,3425.420958,1.0
-49.0,50,3425.959321,0.0
-32.0,50,3426.492773,1.0
-18.0,50,3427.049545,1.0
-17.0,50,3427.589651,1.0
-18.0,50,3428.126629,1.0
-47.0,50,3428.655089,0.0
-16.0,50,3429.208699,1.0
-23.0,50,3429.743397,1.0
-48.0,50,3430.280711,0.0
-9.0,50,3430.817719,1.0
-8.0,50,3431.364684,1.0
-9.0,50,3431.898962,1.0
-15.0,50,3432.443618,1.0
-5.0,50,3432.979759,1.0
-14.0,50,3433.535693,1.0
-9.0,50,3434.071426,1.0
-12.0,50,3434.614919,1.0
-15.0,50,3435.158178,1.0
-16.0,50,3435.71307,1.0
-5.0,50,3436.248847,1.0
-6.0,50,3436.783632,1.0
-14.0,50,3437.321338,1.0
-15.0,50,3437.87329,1.0
-20.0,50,3438.418081,1.0
-15.0,50,3438.967063,1.0
-27.0,50,3439.501234,1.0
-9.0,50,3442.474176,1.0
-20.0,50,3443.004021,1.0
-48.0,50,3443.523115,0.0
-11.0,50,3444.046955,1.0
-40.0,50,3444.591724,0.0
-5.0,50,3445.119957,1.0
-19.0,50,3445.653967,1.0
-25.0,50,3446.183132,1.0
-15.0,50,3446.731354,1.0
-50.0,50,3447.263315,0.0
-48.0,50,3447.79354,1.0
-4.0,50,3448.325444,1.0
-19.0,50,3448.880207,1.0
0.0,50,3449.415146,1.0
-5.0,50,3449.948105,1.0
-14.0,50,3450.477574,1.0
-19.0,50,3451.029541,1.0
-50.0,50,3451.567618,0.0
0.0,50,3452.095901,1.0
-25.0,50,3452.626367,1.0
-7.0,50,3453.185082,1.0
-27.0,50,3453.718162,0.0
-50.0,50,3454.249687,0.0
-50.0,50,3454.788662,0.0
-20.0,50,3455.342478,1.0
-13.0,50,3455.872863,1.0
-15.0,50,3456.413131,1.0
-41.0,50,3456.950227,0.0
-12.0,50,3457.50579,1.0
-11.0,50,3458.047763,1.0
-11.0,50,3458.587202,1.0
-42.0,50,3459.124172,0.0
-16.0,50,3459.682965,1.0
-9.0,50,3460.219756,1.0
-19.0,50,3460.757861,1.0
-13.0,50,3461.298733,1.0
-13.0,50,3461.862659,1.0
-9.0,50,3462.41296,1.0
-26.0,50,3462.952074,1.0
-50.0,50,3463.496634,0.0
-12.0,50,3464.051808,1.0
-28.0,50,3464.595224,1.0
-18.0,50,3465.132388,1.0
-10.0,50,3465.670867,1.0
-36.0,50,3466.232925,1.0
-12.0,50,3466.772534,1.0
-8.0,50,3467.31091,1.0
-18.0,50,3467.854836,1.0
-50.0,50,3468.408078,0.0
-18.0,50,3468.953147,1.0
-48.0,50,3469.49373,1.0
-50.0,50,3470.04053,0.0
-14.0,50,3470.600597,1.0
-15.0,50,3471.13859,1.0
0.0,50,3471.679497,1.0
-30.0,50,3472.223019,1.0
-20.0,50,3472.805659,1.0
-24.0,50,3473.343938,1.0
-27.0,50,3473.883568,1.0
-14.0,50,3474.421956,1.0
-48.0,50,3474.985328,0.0
-13.0,50,3475.528537,1.0
-17.0,50,3476.064797,1.0
-8.0,50,3476.600247,1.0
-14.0,50,3477.156177,1.0
-10.0,50,3477.695174,1.0
-25.0,50,3478.23987,1.0
-47.0,50,3478.77641,0.0
0.0,50,3479.330317,1.0
-16.0,50,3479.872454,1.0
-48.0,50,3480.409828,0.0
-8.0,50,3480.947671,1.0
-12.0,50,3481.507244,1.0
-13.0,50,3482.039359,1.0
-14.0,50,3482.572983,1.0
-15.0,50,3483.116008,1.0
-12.0,50,3483.671351,1.0
-9.0,50,3484.215215,1.0
-33.0,50,3484.752075,1.0
-11.0,50,3485.29003,1.0
-20.0,50,3485.840711,1.0
-6.0,50,3486.373043,1.0
-48.0,50,3486.912959,0.0
-50.0,50,3487.451772,0.0
-24.0,50,3488.005577,1.0
-11.0,50,3488.549219,1.0
-22.0,50,3489.080091,1.0
-50.0,50,3489.612081,0.0
-20.0,50,3490.169454,1.0
-14.0,50,3490.70387,1.0
0.0,50,3491.24277,1.0
-50.0,50,3491.788179,0.0
-20.0,50,3492.342098,1.0
-9.0,50,3492.881371,1.0
-14.0,50,3493.422475,1.0
-8.0,50,3493.960499,1.0
0.0,50,3494.51009,1.0
-11.0,50,3495.047818,1.0
-50.0,50,3495.578559,0.0
-21.0,50,3496.123661,1.0
-21.0,50,3496.679468,1.0
-11.0,50,3497.216871,1.0
-6.0,50,3497.762455,1.0
-13.0,50,3498.307581,1.0
-14.0,50,3498.857955,1.0
-19.0,50,3499.400997,1.0
-27.0,50,3499.939502,1.0
-5.0,50,3500.475218,1.0
-35.0,50,3501.025846,0.0
-36.0,50,3501.561795,1.0
-10.0,50,3502.102727,1.0
-10.0,50,3502.641108,1.0
-10.0,50,3503.199941,1.0
-10.0,50,3503.736498,1.0
-8.0,50,3504.277201,1.0
-13.0,50,3504.813156,1.0
-12.0,50,3505.367399,1.0
-50.0,50,3505.903642,0.0
-47.0,50,3506.432326,0.0
0.0,50,3506.969609,1.0
-16.0,50,3507.525009,1.0
-9.0,50,3508.064132,1.0
0.0,50,3508.606333,1.0
-13.0,50,3509.144871,1.0
-9.0,50,3509.724146,1.0
-16.0,50,3510.264559,1.0
-24.0,50,3510.801344,1.0
-41.0,50,3511.32973,0.0
-23.0,50,3511.881751,1.0
-7.0,50,3512.420916,1.0
-23.0,50,3512.959753,1.0
-12.0,50,3513.49739,1.0
-6.0,50,3514.053917,1.0
-22.0,50,3514.591298,1.0
-20.0,50,3515.12163,1.0
-39.0,50,3515.654544,1.0
-9.0,50,3516.215476,1.0
-8.0,50,3516.753928,1.0
-31.0,50,3517.289614,1.0
-37.0,50,3517.82195,0.0
-43.0,50,3518.381717,1.0
-8.0,50,3518.921318,1.0
-47.0,50,3519.458646,0.0
-21.0,50,3519.998468,1.0
-50.0,50,3520.556326,0.0
-13.0,50,3521.098802,1.0
-40.0,50,3521.632987,0.0
-12.0,50,3522.170266,1.0
-16.0,50,3522.729053,1.0
-10.0,50,3523.271804,1.0
-49.0,50,3523.79903,0.0
0.0,50,3524.332438,1.0
-18.0,50,3524.89058,1.0
-17.0,50,3525.421201,1.0
-34.0,50,3525.957485,1.0
-7.0,50,3526.501131,1.0
-24.0,50,3527.054406,1.0
-11.0,50,3527.590933,1.0
-47.0,50,3528.126623,0.0
-33.0,50,3528.661392,1.0
-15.0,50,3529.220103,1.0
-50.0,50,3529.757968,0.0
-10.0,50,3530.295236,1.0
-16.0,50,3530.840039,1.0
-11.0,50,3531.393947,1.0
-13.0,50,3531.933168,1.0
-11.0,50,3532.476912,1.0
-13.0,50,3533.013096,1.0
-11.0,50,3533.563935,1.0
-21.0,50,3534.104384,1.0
-20.0,50,3534.637387,1.0
-15.0,50,3535.173831,1.0
-7.0,50,3535.730299,1.0
-48.0,50,3536.258852,0.0
-14.0,50,3536.793178,1.0
-8.0,50,3537.331172,1.0
-50.0,50,3537.890776,0.0
-50.0,50,3538.429955,0.0
-35.0,50,3538.967211,1.0
-46.0,50,3539.50314,0.0
-9.0,50,3540.079137,1.0
-9.0,50,3540.61837,1.0
-32.0,50,3541.154146,1.0
-32.0,50,3541.689929,1.0
-31.0,50,3542.254879,1.0
-50.0,50,3542.789354,0.0
-11.0,50,3543.330639,1.0
0.0,50,3543.863876,1.0
-19.0,50,3544.416071,1.0
-14.0,50,3544.955226,1.0
0.0,50,3545.492465,1.0
-11.0,50,3546.031824,1.0
-31.0,50,3546.587636,1.0
-15.0,50,3547.12631,1.0
-15.0,50,3547.663085,1.0
-7.0,50,3548.19847,1.0
-15.0,50,3548.752525,1.0
-9.0,50,3549.28209,1.0
-28.0,50,3549.797276,1.0
-7.0,50,3550.316388,1.0
0.0,50,3553.27585,1.0
-49.0,50,3553.801019,0.0
-21.0,50,3554.317471,1.0
-19.0,50,3554.837151,1.0
-25.0,50,3555.372157,1.0
-6.0,50,3555.889092,1.0
-17.0,50,3556.405706,1.0
-6.0,50,3556.927537,1.0
0.0,50,3557.474243,1.0
-50.0,50,3558.005569,0.0
-13.0,50,3558.538279,1.0
-30.0,50,3559.081571,1.0
-13.0,50,3559.626011,1.0
-50.0,50,3560.161458,0.0
-28.0,50,3560.697836,1.0
-18.0,50,3561.237041,1.0
-17.0,50,3561.789082,1.0
-6.0,50,3562.323357,1.0
-17.0,50,3562.861374,1.0
-44.0,50,3563.392213,1.0
-18.0,50,3563.943552,1.0
-50.0,50,3564.476275,0.0
-18.0,50,3565.012051,1.0
-25.0,50,3565.551631,0.0
-7.0,50,3566.101299,1.0
-50.0,50,3566.636248,0.0
-28.0,50,3567.177251,1.0
-33.0,50,3567.712325,1.0
-10.0,50,3568.265561,1.0
0.0,50,3568.798544,1.0
-25.0,50,3569.336695,1.0
-37.0,50,3569.875366,0.0
0.0,50,3570.439027,1.0
-14.0,50,3570.975716,1.0
-11.0,50,3571.516491,1.0
0.0,50,3572.051029,1.0
-34.0,50,3572.602162,0.0
-9.0,50,3573.145396,1.0
-14.0,50,3573.684483,1.0
-13.0,50,3574.214243,1.0
-37.0,50,3574.767628,1.0
-34.0,50,3575.300637,1.0
-28.0,50,3575.839575,0.0
-16.0,50,3576.377519,1.0
-11.0,50,3576.925151,1.0
-14.0,50,3577.461341,1.0
-15.0,50,3578.001202,1.0
-45.0,50,3578.536657,1.0
-42.0,50,3579.090354,0.0
-12.0,50,3579.63133,1.0
-16.0,50,3580.168607,1.0
-35.0,50,3580.70592,1.0
-13.0,50,3581.259026,1.0
-15.0,50,3581.80292,1.0
-14.0,50,3582.344157,1.0
-21.0,50,3582.884243,1.0
-12.0,50,3583.445973,1.0
-30.0,50,3583.974529,1.0
0.0,50,3584.511856,1.0
-14.0,50,3585.052396,1.0
-20.0,50,3585.622739,1.0
-50.0,50,3586.166202,0.0
-21.0,50,3586.713316,1.0
-16.0,50,3587.254471,1.0
-11.0,50,3587.809073,1.0
-7.0,50,3588.351845,1.0
-24.0,50,3588.898674,1.0
-10.0,50,3589.442381,1.0
-16.0,50,3590.051295,1.0
-19.0,50,3590.589441,1.0
-37.0,50,3591.128815,1.0
-14.0,50,3591.667341,1.0
-8.0,50,3592.219609,1.0
-22.0,50,3592.758328,1.0
-11.0,50,3593.2911,1.0
-50.0,50,3593.829945,0.0
-14.0,50,3594.39616,1.0
-12.0,50,3594.938141,1.0
0.0,50,3595.475361,1.0
-12.0,50,3596.007074,1.0
-50.0,50,3596.582895,0.0
-16.0,50,3597.119698,1.0
-8.0,50,3597.660393,1.0
-16.0,50,3598.203745,1.0
-6.0,50,3598.769427,1.0
-3.0,50,3599.310711,1.0
-19.0,50,3599.855282,1.0
-50.0,50,3600.378518,0.0
0.0,50,3600.922379,1.0
-14.0,50,3601.45374,1.0
-41.0,50,3601.983078,0.0
-17.0,50,3602.520144,1.0
-14.0,50,3603.070068,1.0
0.0,50,3603.612375,1.0
-14.0,50,3604.143883,1.0
-26.0,50,3604.680179,1.0
-14.0,50,3605.239002,1.0
-13.0,50,3605.774454,1.0
-13.0,50,3606.310539,1.0
-36.0,50,3606.850213,1.0
-43.0,50,3607.400179,1.0
-4.0,50,3607.936216,1.0
-15.0,50,3608.471961,1.0
-15.0,50,3609.012379,1.0
-17.0,50,3609.566802,1.0
-11.0,50,3610.104337,1.0
-20.0,50,3610.640703,1.0
0.0,50,3611.178223,1.0
-9.0,50,3611.728775,1.0
-50.0,50,3612.265066,0.0
-21.0,50,3612.804967,1.0
-7.0,50,3613.342141,1.0
-8.0,50,3613.900715,1.0
-17.0,50,3614.437894,1.0
-36.0,50,3614.966554,1.0
-17.0,50,3615.505293,1.0
-8.0,50,3616.055835,1.0
-11.0,50,3616.584177,1.0
-18.0,50,3617.119946,1.0
-24.0,50,3617.653863,1.0
-10.0,50,3618.185844,1.0
-29.0,50,3618.712407,1.0
-15.0,50,3619.243602,1.0
-25.0,50,3619.785774,1.0
-13.0,50,3620.339638,1.0
-15.0,50,3620.88202,1.0
-16.0,50,3621.415373,1.0
-29.0,50,3621.952781,0.0
-21.0,50,3622.512519,1.0
-18.0,50,3623.04959,1.0
-46.0,50,3623.583181,0.0
-39.0,50,3624.118963,1.0
-10.0,50,3624.677487,1.0
-20.0,50,3625.212173,1.0
-8.0,50,3625.749348,1.0
-11.0,50,3626.29048,1.0
-11.0,50,3626.849096,1.0
-47.0,50,3627.380219,0.0
-16.0,50,3627.922474,1.0
-8.0,50,3628.456488,1.0
-43.0,50,3629.006865,1.0
-10.0,50,3629.545935,1.0
-9.0,50,3630.08357,1.0
-17.0,50,3630.613204,1.0
-17.0,50,3631.167133,1.0
-29.0,50,3631.703604,1.0
-38.0,50,3632.246484,1.0
-23.0,50,3632.786059,1.0
0.0,50,3633.348233,1.0
-21.0,50,3633.892621,1.0
-6.0,50,3634.439898,1.0
-6.0,50,3634.972632,1.0
0.0,50,3635.526747,1.0
-50.0,50,3636.067383,0.0
-27.0,50,3636.604869,1.0
-45.0,50,3637.135822,0.0
-35.0,50,3637.697853,1.0
-24.0,50,3638.236609,1.0
-16.0,50,3638.768841,1.0
-22.0,50,3639.310013,1.0
-8.0,50,3639.866639,1.0
-50.0,50,3640.398397,0.0
-10.0,50,3640.932065,1.0
-38.0,50,3641.475248,1.0
-27.0,50,3642.028736,1.0
-25.0,50,3642.575292,1.0
-48.0,50,3643.106607,0.0
-13.0,50,3643.648125,1.0
-8.0,50,3644.198625,1.0
-36.0,50,3644.734439,1.0
-34.0,50,3645.266876,1.0
-11.0,50,3645.808884,1.0
-11.0,50,3646.360867,1.0
-10.0,50,3646.902633,1.0
-13.0,50,3647.442349,1.0
-11.0,50,3647.984055,1.0
-12.0,50,3648.540442,1.0
-12.0,50,3649.079524,1.0
-13.0,50,3649.626568,1.0
-8.0,50,3650.171434,1.0
-27.0,50,3650.718235,1.0
-10.0,50,3651.256783,1.0
-50.0,50,3651.79209,0.0
-14.0,50,3652.329993,1.0
-23.0,50,3652.88969,1.0
-26.0,50,3653.429624,1.0
-7.0,50,3653.967427,1.0
-47.0,50,3654.501259,0.0
-50.0,50,3655.053509,0.0
-14.0,50,3655.5893,1.0
-16.0,50,3656.127258,1.0
-13.0,50,3656.661766,1.0
-15.0,50,3657.226766,1.0
-22.0,50,3657.76432,1.0
-10.0,50,3658.294255,1.0
-8.0,50,3658.832832,1.0
-10.0,50,3659.390494,1.0
-45.0,50,3659.926728,1.0
-50.0,50,3660.461321,0.0
-25.0,50,3661.004486,1.0
-45.0,50,3663.83545,0.0
-13.0,50,3664.35197,1.0
-16.0,50,3664.870836,1.0
-12.0,50,3665.393395,1.0
-31.0,50,3665.928515,1.0
-9.0,50,3666.439996,1.0
-8.0,50,3666.971815,1.0
-42.0,50,3667.504428,1.0
-8.0,50,3668.052255,1.0
-31.0,50,3668.585197,1.0
-19.0,50,3669.119729,1.0
-17.0,50,3669.65751,1.0
-13.0,50,3670.206901,1.0
-23.0,50,3670.738954,1.0
-8.0,50,3671.269726,1.0
-12.0,50,3671.80414,1.0
-10.0,50,3672.370056,1.0
-23.0,50,3672.908928,1.0
-15.0,50,3673.440471,1.0
-11.0,50,3673.968245,1.0
-45.0,50,3674.522143,0.0
-48.0,50,3675.05306,0.0
-50.0,50,3675.584336,0.0
-9.0,50,3676.119925,1.0
-11.0,50,3676.694425,1.0
-50.0,50,3677.22277,0.0
-13.0,50,3677.75971,1.0
-17.0,50,3678.305557,1.0
-44.0,50,3678.857896,0.0
-8.0,50,3679.39882,1.0
-29.0,50,3679.936742,1.0
-10.0,50,3680.474883,1.0
0.0,50,3681.046199,1.0
-6.0,50,3681.590654,1.0
-14.0,50,3682.136545,1.0
-19.0,50,3682.668093,1.0
-32.0,50,3683.229187,1.0
-18.0,50,3683.770252,1.0
-11.0,50,3684.310228,1.0
-10.0,50,3684.848635,1.0
-16.0,50,3685.407674,1.0
-11.0,50,3685.948847,1.0
-18.0,50,3686.492342,1.0
-28.0,50,3687.030362,1.0
-9.0,50,3687.58308,1.0
0.0,50,3688.118665,1.0
-43.0,50,3688.666594,1.0
-46.0,50,3689.20606,0.0
-36.0,50,3689.764125,0.0
-13.0,50,3690.303673,1.0
0.0,50,3690.850027,1.0
-10.0,50,3691.39111,1.0
-20.0,50,3691.949619,1.0
-50.0,50,3692.486772,0.0
-13.0,50,3693.025852,1.0
-33.0,50,3693.561185,1.0
-9.0,50,3694.123725,1.0
-49.0,50,3694.653843,0.0
-13.0,50,3695.193444,1.0
-50.0,50,3695.741204,0.0
-9.0,50,3696.30178,1.0
-10.0,50,3696.842237,1.0
-42.0,50,3697.387055,1.0
-21.0,50,3697.927748,1.0
-30.0,50,3698.488046,1.0
-15.0,50,3699.027272,1.0
-12.0,50,3699.569647,1.0
-24.0,50,3700.107253,1.0
-7.0,50,3700.66385,1.0
-9.0,50,3701.205924,1.0
-8.0,50,3701.749647,1.0
-8.0,50,3702.283515,1.0
-14.0,50,3702.858508,1.0
-8.0,50,3703.399144,1.0
-13.0,50,3703.929916,1.0
-14.0,50,3704.462769,1.0
-24.0,50,3705.014291,1.0
-8.0,50,3705.548667,1.0
-14.0,50,3706.083673,1.0
-10.0,50,3706.613865,1.0
-7.0,50,3707.161705,1.0
-13.0,50,3707.698395,1.0
-17.0,50,3708.22871,1.0
-50.0,50,3708.759845,0.0
-13.0,50,3709.305491,1.0
-50.0,50,3709.837266,0.0
-9.0,50,3710.363777,1.0
-48.0,50,3710.885863,0.0
-14.0,50,3711.43337,1.0
-19.0,50,3711.971647,1.0
-31.0,50,3712.50175,1.0
-14.0,50,3713.033774,1.0
-22.0,50,3713.581696,1.0
-10.0,50,3714.116647,1.0
-18.0,50,3714.653356,1.0
-13.0,50,3715.177937,1.0
-50.0,50,3715.711796,0.0
-30.0,50,3716.234346,1.0
-23.0,50,3716.753906,1.0
-16.0,50,3717.268375,1.0
-50.0,50,3717.806686,0.0
-10.0,50,3718.333683,1.0
-7.0,50,3718.856081,1.0
-9.0,50,3719.381909,1.0
-12.0,50,3719.940361,1.0
-17.0,50,3720.459923,1.0
-50.0,50,3720.976639,0.0
-5.0,50,3721.492026,1.0
-6.0,50,3722.029885,1.0
-16.0,50,3722.553745,1.0
-9.0,50,3723.071957,1.0
-17.0,50,3723.599776,1.0
-8.0,50,3724.150725,1.0
-23.0,50,3724.678926,1.0
-6.0,50,3725.219669,1.0
-46.0,50,3725.759184,1.0
-49.0,50,3726.311845,0.0
-11.0,50,3726.843958,1.0
-16.0,50,3727.376673,1.0
-11.0,50,3727.906844,1.0
-15.0,50,3728.480191,1.0
-15.0,50,3729.019014,1.0
-8.0,50,3729.550913,1.0
-18.0,50,3730.091784,1.0
-8.0,50,3730.646093,1.0
-50.0,50,3731.178819,0.0
-18.0,50,3731.715024,1.0
-13.0,50,3732.273663,1.0
-45.0,50,3732.819664,0.0
-24.0,50,3733.349023,0.0
-46.0,50,3733.879739,0.0
0.0,50,3734.412427,1.0
0.0,50,3734.968275,1.0
-28.0,50,3735.505095,1.0
-50.0,50,3736.038438,0.0
-21.0,50,3736.574053,1.0
-13.0,50,3737.132304,1.0
-34.0,50,3737.663375,1.0
-21.0,50,3738.182731,1.0
0.0,50,3738.69836,1.0
-13.0,50,3739.236059,1.0
-27.0,50,3739.781721,1.0
-36.0,50,3740.324053,1.0
-12.0,50,3740.866087,1.0
-9.0,50,3741.430106,1.0
-49.0,50,3741.973526,0.0
-20.0,50,3742.515129,1.0
-11.0,50,3743.050875,1.0
-8.0,50,3743.598748,1.0
-21.0,50,3744.118697,1.0
-19.0,50,3744.652039,1.0
-24.0,50,3745.183,1.0
-29.0,50,3745.726596,1.0
-13.0,50,3746.252878,1.0
-22.0,50,3746.787273,1.0
0.0,50,3747.323872,1.0
-23.0,50,3747.870723,1.0
-7.0,50,3748.402304,1.0
-10.0,50,3748.938632,1.0
-19.0,50,3749.480818,1.0
-12.0,50,3750.031782,1.0
-6.0,50,3750.565677,1.0
-38.0,50,3751.100282,0.0
0.0,50,3751.638263,1.0
-12.0,50,3752.197065,1.0
-27.0,50,3752.733646,1.0
-9.0,50,3753.260355,1.0
-19.0,50,3753.795737,1.0
-22.0,50,3754.347822,1.0
-22.0,50,3754.876476,1.0
-18.0,50,3755.409657,1.0
-13.0,50,3755.926439,1.0
-19.0,50,3756.465352,1.0
-50.0,50,3756.982217,0.0
-12.0,50,3757.501827,1.0
-25.0,50,3758.033448,1.0
-17.0,50,3758.581412,1.0
-13.0,50,3759.115527,1.0
-13.0,50,3759.646658,1.0
-20.0,50,3760.180196,1.0
-7.0,50,3760.722053,1.0
-16.0,50,3761.262001,1.0
-9.0,50,3761.798749,1.0
0.0,50,3762.327853,1.0
0.0,50,3762.880111,1.0
-28.0,50,3763.411277,1.0
-6.0,50,3763.938162,1.0
-28.0,50,3764.473449,1.0
-35.0,50,3765.021029,0.0
-15.0,50,3765.554008,1.0
-17.0,50,3766.081055,1.0
0.0,50,3766.617129,1.0
-9.0,50,3767.160753,1.0
-15.0,50,3767.693094,1.0
-12.0,50,3768.230018,1.0
-50.0,50,3768.760794,0.0
-15.0,50,3769.321017,1.0
-11.0,50,3769.854852,1.0
-14.0,50,3770.39462,1.0
-20.0,50,3770.934166,1.0
-28.0,50,3773.929514,1.0
-23.0,50,3774.471121,1.0
-7.0,50,3775.009132,1.0
-19.0,50,3775.548942,1.0
-12.0,50,3776.130635,1.0
-9.0,50,3776.66145,1.0
-8.0,50,3777.19697,1.0
-10.0,50,3777.733479,1.0
-7.0,50,3778.289242,1.0
-8.0,50,3778.825851,1.0
-12.0,50,3779.360651,1.0
-12.0,50,3779.898143,1.0
-11.0,50,3780.445933,1.0
-18.0,50,3780.987023,1.0
-10.0,50,3781.526113,1.0
-35.0,50,3782.059817,1.0
-10.0,50,3782.60501,1.0
-22.0,50,3783.139259,1.0
-14.0,50,3783.672651,1.0
-13.0,50,3784.204457,1.0
-26.0,50,3784.752595,1.0
-19.0,50,3785.281104,1.0
-12.0,50,3785.811548,1.0
-18.0,50,3786.345654,1.0
-7.0,50,3786.892519,1.0
-46.0,50,3787.428515,1.0
-15.0,50,3787.969656,1.0
-12.0,50,3788.503683,1.0
-19.0,50,3789.059884,1.0
-50.0,50,3789.587482,0.0
-18.0,50,3790.115708,1.0
-12.0,50,3790.654152,1.0
-17.0,50,3791.206367,1.0
-11.0,50,3791.747624,1.0
-11.0,50,3792.278086,1.0
0.0,50,3792.807962,1.0
-12.0,50,3793.346621,1.0
0.0,50,3793.879346,1.0
-13.0,50,3794.418394,1.0
-15.0,50,3794.946569,1.0
-32.0,50,3795.492367,1.0
-32.0,50,3796.027846,1.0
-4.0,50,3796.566446,1.0
-13.0,50,3797.104496,1.0
-9.0,50,3797.66774,1.0
-11.0,50,3798.210458,1.0
-11.0,50,3798.749373,1.0
-16.0,50,3799.28372,1.0
-10.0,50,3799.834213,1.0
-11.0,50,3800.364515,1.0
-17.0,50,3800.903451,1.0
-5.0,50,3801.428544,1.0
-23.0,50,3801.972574,1.0
0.0,50,3802.514776,1.0
-24.0,50,3803.048312,1.0
-10.0,50,3803.584316,1.0
-10.0,50,3804.125361,1.0
-30.0,50,3804.653874,1.0
-13.0,50,3805.184893,1.0
-14.0,50,3805.723124,1.0
-13.0,50,3806.277665,1.0
-14.0,50,3806.818424,1.0
-37.0,50,3807.346254,0.0
-15.0,50,3807.881422,1.0
-12.0,50,3808.425288,1.0
0.0,50,3808.946953,1.0
-50.0,50,3809.470437,0.0
-47.0,50,3809.99817,0.0
-11.0,50,3810.542701,1.0
-6.0,50,3811.068736,1.0
-17.0,50,3811.605236,1.0
-50.0,50,3812.140847,0.0
-14.0,50,3812.696226,1.0
-16.0,50,3813.220041,1.0
-13.0,50,3813.754021,1.0
-50.0,50,3814.285977,0.0
0.0,50,3814.836588,1.0
-20.0,50,3815.380324,1.0
-18.0,50,3815.918594,1.0
-8.0,50,3816.453356,1.0
-25.0,50,3817.000183,1.0
-26.0,50,3817.537637,1.0
-8.0,50,3818.069033,1.0
-28.0,50,3818.598411,1.0
-33.0,50,3819.150746,1.0
-20.0,50,3819.685816,1.0
-34.0,50,3820.22633,1.0
-22.0,50,3820.757113,1.0
-15.0,50,3821.309938,1.0
-10.0,50,3821.846964,1.0
-13.0,50,3822.386361,1.0
-36.0,50,3822.931312,1.0
-16.0,50,3823.487145,1.0
-12.0,50,3824.019732,1.0
-47.0,50,3824.559839,0.0
-13.0,50,3825.100065,1.0
-14.0,50,3825.654127,1.0
-11.0,50,3826.178731,1.0
-14.0,50,3826.710046,1.0
-1.0,50,3827.239614,1.0
-33.0,50,3827.79447,1.0
-22.0,50,3828.333062,1.0
-18.0,50,3828.870507,1.0
-42.0,50,3829.410448,1.0
-14.0,50,3829.974166,1.0
-19.0,50,3830.507429,1.0
-13.0,50,3831.048499,1.0
-21.0,50,3831.582517,1.0
-50.0,50,3832.12688,0.0
0.0,50,3832.662401,1.0
-22.0,50,3833.194586,1.0
-18.0,50,3833.732903,1.0
-10.0,50,3834.281167,1.0
-21.0,50,3834.812356,1.0
-12.0,50,3835.347371,1.0
-12.0,50,3835.873797,1.0
-11.0,50,3836.425348,1.0
-7.0,50,3836.964463,1.0
-11.0,50,3837.496881,1.0
-47.0,50,3838.018411,0.0
-13.0,50,3838.565608,1.0
-14.0,50,3839.090198,1.0
-45.0,50,3839.61447,0.0
-16.0,50,3840.151775,1.0
-18.0,50,3840.711821,1.0
-10.0,50,3841.257353,1.0
-24.0,50,3841.792447,1.0
-19.0,50,3842.328269,1.0
-46.0,50,3842.892039,1.0
-10.0,50,3843.42468,1.0
-12.0,50,3843.9612,1.0
-10.0,50,3844.496675,1.0
-13.0,50,3845.059794,1.0
-19.0,50,3845.600276,1.0
-5.0,50,3846.149934,1.0
-6.0,50,3846.682589,1.0
-29.0,50,3847.238514,1.0
-9.0,50,3847.780817,1.0
-48.0,50,3848.32326,0.0
-26.0,50,3848.861619,1.0
-23.0,50,3849.429012,1.0
-7.0,50,3849.96423,1.0
-19.0,50,3850.503286,1.0
-10.0,50,3851.035032,1.0
-16.0,50,3851.588557,1.0
-18.0,50,3852.135848,1.0
-50.0,50,3852.679476,0.0
-13.0,50,3853.217439,1.0
-32.0,50,3853.770782,1.0
-11.0,50,3854.31189,1.0
-9.0,50,3854.856643,1.0
-26.0,50,3855.397873,1.0
-17.0,50,3855.956886,1.0
0.0,50,3856.494373,1.0
0.0,50,3857.037454,1.0
-16.0,50,3857.576649,1.0
-23.0,50,3858.126739,1.0
-25.0,50,3858.657664,1.0
-12.0,50,3859.203623,1.0
-3.0,50,3859.741863,1.0
-28.0,50,3860.294987,1.0
-18.0,50,3860.837086,1.0
-11.0,50,3861.380633,1.0
-28.0,50,3861.911655,1.0
-50.0,50,3862.446153,0.0
-18.0,50,3862.969248,1.0
-16.0,50,3863.491853,1.0
-16.0,50,3864.009719,1.0
-7.0,50,3864.541264,1.0
-7.0,50,3865.063598,1.0
-23.0,50,3865.580712,1.0
-22.0,50,3866.09994,1.0
-33.0,50,3866.64991,1.0
-8.0,50,3867.174811,1.0
-41.0,50,3867.691694,0.0
-19.0,50,3868.203675,1.0
-13.0,50,3868.743448,1.0
-22.0,50,3869.257044,1.0
-9.0,50,3869.775987,1.0
-14.0,50,3870.293276,1.0
-13.0,50,3870.838285,1.0
-12.0,50,3871.36093,1.0
-16.0,50,3871.881023,1.0
0.0,50,3872.39646,1.0
-8.0,50,3872.927773,1.0
-25.0,50,3873.453381,1.0
-7.0,50,3873.975296,1.0
-27.0,50,3874.501614,1.0
-15.0,50,3875.039754,1.0
-11.0,50,3875.551532,1.0
-50.0,50,3876.066935,0.0
-14.0,50,3876.610193,1.0
-7.0,50,3877.165366,1.0
-21.0,50,3877.704968,1.0
-10.0,50,3878.239612,1.0
-8.0,50,3878.764279,1.0
0.0,50,3879.303863,1.0
-8.0,50,3879.835065,1.0
-12.0,50,3880.370045,1.0
-19.0,50,3880.893896,1.0
-19.0,50,3883.879487,1.0
-15.0,50,3884.41562,1.0
-17.0,50,3884.955907,1.0
-12.0,50,3885.487609,1.0
-16.0,50,3886.04021,1.0
-19.0,50,3886.564224,1.0
-18.0,50,3887.099947,1.0
-10.0,50,3887.631189,1.0
-11.0,50,3888.181564,1.0
-22.0,50,3888.71691,1.0
-11.0,50,3889.2493,1.0
-10.0,50,3889.783757,1.0
-17.0,50,3890.345109,1.0
-13.0,50,3890.885811,1.0
-21.0,50,3891.423913,1.0
-8.0,50,3891.961833,1.0
-23.0,50,3892.536779,1.0
-50.0,50,3893.0728,0.0
-8.0,50,3893.605194,1.0
-9.0,50,3894.141552,1.0
-19.0,50,3894.704396,1.0
-17.0,50,3895.244317,1.0
-17.0,50,3895.785507,1.0
-7.0,50,3896.32391,1.0
-14.0,50,3896.882133,1.0
-34.0,50,3897.424317,1.0
-21.0,50,3897.963622,1.0
-11.0,50,3898.50878,1.0
-20.0,50,3899.061187,1.0
-18.0,50,3899.605728,1.0
-25.0,50,3900.139987,1.0
-42.0,50,3900.678642,1.0
0.0,50,3901.233666,1.0
-26.0,50,3901.77209,1.0
-22.0,50,3902.315466,1.0
-50.0,50,3902.844557,0.0
-14.0,50,3903.399937,1.0
-15.0,50,3903.931428,1.0
-20.0,50,3904.460887,1.0
-24.0,50,3905.00366,1.0
-6.0,50,3905.555489,1.0
0.0,50,3906.085745,1.0
-9.0,50,3906.615445,1.0
-9.0,50,3907.150569,1.0
-2.0,50,3907.688562,1.0
-5.0,50,3908.213076,1.0
0.0,50,3908.751197,1.0
-18.0,50,3909.283841,1.0
-13.0,50,3909.832952,1.0
-27.0,50,3910.366457,1.0
-15.0,50,3910.891917,1.0
-44.0,50,3911.422112,1.0
-15.0,50,3911.975549,1.0
-20.0,50,3912.507911,1.0
0.0,50,3913.037787,1.0
-50.0,50,3913.568642,0.0
-15.0,50,3914.113522,1.0
0.0,50,3914.635665,1.0
-50.0,50,3915.163234,0.0
-9.0,50,3915.699591,1.0
-10.0,50,3916.259719,1.0
-13.0,50,3916.791504,1.0
-12.0,50,3917.327634,1.0
-7.0,50,3917.871749,1.0
-11.0,50,3918.440278,1.0
-13.0,50,3918.974592,1.0
-15.0,50,3919.517736,1.0
-19.0,50,3920.062286,1.0
-6.0,50,3920.615075,1.0
-17.0,50,3921.156055,1.0
-11.0,50,3921.700225,1.0
-15.0,50,3922.235639,1.0
-45.0,50,3922.796713,1.0
-28.0,50,3923.342002,1.0
-7.0,50,3923.88586,1.0
-4.0,50,3924.431009,1.0
-28.0,50,3924.984404,1.0
-48.0,50,3925.518905,0.0
-13.0,50,3926.060325,1.0
-10.0,50,3926.598313,1.0
-11.0,50,3927.148793,1.0
-19.0,50,3927.687279,1.0
0.0,50,3928.220104,1.0
-18.0,50,3928.761126,1.0
-21.0,50,3929.324986,1.0
-21.0,50,3929.860458,1.0
-10.0,50,3930.401758,1.0
-9.0,50,3930.944503,1.0
-7.0,50,3931.515919,1.0
-11.0,50,3932.055972,1.0
-14.0,50,3932.593567,1.0
-25.0,50,3933.13128,1.0
-16.0,50,3933.688664,1.0
-12.0,50,3934.227914,1.0
-10.0,50,3934.770336,1.0
-8.0,50,3935.310044,1.0
-21.0,50,3935.866121,1.0
-50.0,50,3936.404859,0.0
-11.0,50,3936.93917,1.0
-15.0,50,3937.481379,1.0
0.0,50,3938.034867,1.0
-10.0,50,3938.571226,1.0
-38.0,50,3939.110989,1.0
-20.0,50,3939.655347,1.0
-5.0,50,3940.210778,1.0
-17.0,50,3940.75115,1.0
-10.0,50,3941.295915,1.0
-36.0,50,3941.834017,1.0
-50.0,50,3942.391952,0.0
-38.0,50,3942.93064,1.0
-48.0,50,3943.470695,0.0
-26.0,50,3944.009979,1.0
-10.0,50,3944.565725,1.0
-14.0,50,3945.108894,1.0
-50.0,50,3945.647455,0.0
-7.0,50,3946.185616,1.0
-10.0,50,3946.748474,1.0
-5.0,50,3947.285258,1.0
-16.0,50,3947.826182,1.0
-7.0,50,3948.360221,1.0
-5.0,50,3948.913032,1.0
-12.0,50,3949.458346,1.0
-7.0,50,3949.994322,1.0
-25.0,50,3950.538168,1.0
-6.0,50,3951.092259,1.0
-11.0,50,3951.63439,1.0
-31.0,50,3952.170412,1.0
-50.0,50,3952.70974,0.0
-14.0,50,3953.256704,1.0
-15.0,50,3953.793283,1.0
-8.0,50,3954.334297,1.0
0.0,50,3954.874186,1.0
-15.0,50,3955.420287,1.0
-12.0,50,3955.955472,1.0
0.0,50,3956.497549,1.0
-50.0,50,3957.034958,0.0
-30.0,50,3957.58837,1.0
-16.0,50,3958.130455,1.0
-18.0,50,3958.665173,1.0
-7.0,50,3959.205016,1.0
-31.0,50,3959.75488,1.0
-34.0,50,3960.290549,1.0
-14.0,50,3960.804981,1.0
-34.0,50,3961.325094,1.0
-10.0,50,3961.878595,1.0
-10.0,50,3962.402666,1.0
-17.0,50,3962.940619,1.0
-13.0,50,3963.466605,1.0
-9.0,50,3964.011888,1.0
-13.0,50,3964.548304,1.0
-8.0,50,3965.085409,1.0
-14.0,50,3965.622499,1.0
-30.0,50,3966.173815,1.0
-7.0,50,3966.704982,1.0
-9.0,50,3967.234519,1.0
-24.0,50,3967.766397,1.0
-43.0,50,3968.34867,1.0
-22.0,50,3968.886821,1.0
-5.0,50,3969.415246,1.0
-15.0,50,3969.949368,1.0
-15.0,50,3970.498482,1.0
0.0,50,3971.032048,1.0
-23.0,50,3971.564075,1.0
-8.0,50,3972.098189,1.0
0.0,50,3972.651322,1.0
-21.0,50,3973.186825,1.0
-14.0,50,3973.725078,1.0
-8.0,50,3974.253067,1.0
0.0,50,3974.824593,1.0
-15.0,50,3975.358766,1.0
-8.0,50,3975.89397,1.0
-18.0,50,3976.42303,1.0
-15.0,50,3976.967511,1.0
-13.0,50,3977.490712,1.0
-32.0,50,3978.012969,1.0
-12.0,50,3978.547584,1.0
-12.0,50,3979.094638,1.0
-18.0,50,3979.633328,1.0
-12.0,50,3980.175297,1.0
-10.0,50,3980.714019,1.0
-15.0,50,3981.262369,1.0
-9.0,50,3981.801749,1.0
-25.0,50,3982.334766,1.0
-50.0,50,3982.876017,0.0
-22.0,50,3983.431875,1.0
0.0,50,3983.96732,1.0
-16.0,50,3984.504098,1.0
-18.0,50,3985.042704,1.0
-35.0,50,3985.59194,1.0
-23.0,50,3986.125705,1.0
-14.0,50,3986.661028,1.0
-10.0,50,3987.203786,1.0
-29.0,50,3987.774103,1.0
-12.0,50,3988.306557,1.0
-17.0,50,3988.846937,1.0
0.0,50,3989.373828,1.0
-13.0,50,3989.913811,1.0
0.0,50,3990.435251,1.0
-4.0,50,3990.961426,1.0
-50.0,50,3991.482432,0.0
-6.0,50,3994.378833,1.0
-42.0,50,3994.897631,0.0
-25.0,50,3995.417877,1.0
-17.0,50,3995.938017,1.0
-5.0,50,3996.473702,1.0
-21.0,50,3996.994555,1.0
-18.0,50,3997.514132,1.0
-15.0,50,3998.034392,1.0
-11.0,50,3998.577147,1.0
-24.0,50,3999.104921,1.0
-17.0,50,3999.625548,1.0
-17.0,50,4000.149817,1.0
-9.0,50,4000.681982,1.0
-10.0,50,4001.209859,1.0
-6.0,50,4001.728504,1.0
-7.0,50,4002.249708,1.0
-19.0,50,4002.796927,1.0
-11.0,50,4003.312835,1.0
-3.0,50,4003.832574,1.0
-24.0,50,4004.354892,1.0
-31.0,50,4004.900178,1.0
-28.0,50,4005.421684,1.0
-32.0,50,4005.93718,1.0
-15.0,50,4006.461328,1.0
-9.0,50,4006.994686,1.0
-27.0,50,4007.514294,1.0
-14.0,50,4008.052044,1.0
-14.0,50,4008.581033,1.0
-11.0,50,4009.13027,1.0
-24.0,50,4009.661427,1.0
-37.0,50,4010.197936,1.0
-10.0,50,4010.728827,1.0
-12.0,50,4011.286206,1.0
-6.0,50,4011.824938,1.0
-14.0,50,4012.360839,1.0
-20.0,50,4012.888169,1.0
-15.0,50,4013.44489,1.0
0.0,50,4013.97881,1.0
-12.0,50,4014.513993,1.0
0.0,50,4015.051389,1.0
-24.0,50,4015.599602,1.0
-15.0,50,4016.130641,1.0
-14.0,50,4016.660558,1.0
-12.0,50,4017.19522,1.0
-6.0,50,4017.775621,1.0
-10.0,50,4018.305798,1.0
-11.0,50,4018.839228,1.0
-11.0,50,4019.361022,1.0
-6.0,50,4019.89721,1.0
-49.0,50,4020.438351,0.0
-29.0,50,4020.977458,1.0
-18.0,50,4021.515285,1.0
-15.0,50,4022.06087,1.0
-24.0,50,4022.598324,1.0
-31.0,50,4023.138237,1.0
-6.0,50,4023.671963,1.0
-14.0,50,4024.221537,1.0
-8.0,50,4024.755245,1.0
-10.0,50,4025.289929,1.0
-19.0,50,4025.824597,1.0
-42.0,50,4026.383998,1.0
-18.0,50,4026.916845,1.0
-16.0,50,4027.448803,1.0
-16.0,50,4027.986648,1.0
-23.0,50,4028.541967,1.0
0.0,50,4029.078899,1.0
-9.0,50,4029.613281,1.0
-9.0,50,4030.146533,1.0
-13.0,50,4030.681702,1.0
0.0,50,4031.20832,1.0
-23.0,50,4031.743376,1.0
-8.0,50,4032.287024,1.0
-16.0,50,4032.827931,1.0
-14.0,50,4033.363968,1.0
-7.0,50,4033.898103,1.0
-13.0,50,4034.434235,1.0
-39.0,50,4034.985446,1.0
-11.0,50,4035.51537,1.0
-15.0,50,4036.047455,1.0
-16.0,50,4036.579074,1.0
-10.0,50,4037.123554,1.0
-14.0,50,4037.667969,1.0
-10.0,50,4038.21206,1.0
-24.0,50,4038.751809,1.0
0.0,50,4039.297847,1.0
-14.0,50,4039.830281,1.0
-19.0,50,4040.362102,1.0
-16.0,50,4040.895724,1.0
-18.0,50,4041.444691,1.0
-13.0,50,4041.976109,1.0
-8.0,50,4042.513,1.0
-16.0,50,4043.039313,1.0
-15.0,50,4043.579625,1.0
-28.0,50,4044.109498,1.0
-15.0,50,4044.637994,1.0
-23.0,50,4045.17059,1.0
-8.0,50,4045.715334,1.0
-12.0,50,4046.242763,1.0
-6.0,50,4046.760883,1.0
-20.0,50,4047.281897,1.0
-38.0,50,4047.815089,1.0
-10.0,50,4048.337296,1.0
-50.0,50,4048.847757,0.0
-14.0,50,4049.365291,1.0
-25.0,50,4049.892161,1.0
-17.0,50,4050.413667,1.0
-10.0,50,4050.924853,1.0
-14.0,50,4051.459256,1.0
-50.0,50,4052.010676,0.0
-12.0,50,4052.540498,1.0
-46.0,50,4053.069838,0.0
-15.0,50,4053.599921,1.0
-14.0,50,4054.150935,1.0
-15.0,50,4054.687704,1.0
-26.0,50,4055.219162,1.0
-16.0,50,4055.750508,1.0
-9.0,50,4056.29463,1.0
-20.0,50,4056.829227,1.0
-14.0,50,4057.354137,1.0
-11.0,50,4057.879722,1.0
-11.0,50,4058.424152,1.0
-18.0,50,4058.96545,1.0
-9.0,50,4059.493728,1.0
0.0,50,4060.025301,1.0
-11.0,50,4060.568239,1.0
-13.0,50,4061.09656,1.0
-12.0,50,4061.622223,1.0
-13.0,50,4062.160165,1.0
-42.0,50,4062.703699,1.0
-16.0,50,4063.241009,1.0
-13.0,50,4063.772238,1.0
-9.0,50,4064.304538,1.0
-6.0,50,4064.851376,1.0
-15.0,50,4065.383388,1.0
-9.0,50,4065.915385,1.0
-7.0,50,4066.444178,1.0
-12.0,50,4066.994904,1.0
-27.0,50,4067.528107,1.0
-50.0,50,4068.057043,0.0
-15.0,50,4068.584423,1.0
-21.0,50,4069.136563,1.0
-19.0,50,4069.667332,1.0
-32.0,50,4070.198075,1.0
-39.0,50,4070.722447,1.0
-12.0,50,4071.270451,1.0
0.0,50,4071.803576,1.0
-50.0,50,4072.339537,0.0
-17.0,50,4072.875624,1.0
-18.0,50,4073.421971,1.0
-6.0,50,4073.948917,1.0
-38.0,50,4074.478088,1.0
-28.0,50,4075.008463,1.0
-28.0,50,4075.552776,1.0
-20.0,50,4076.083399,1.0
-50.0,50,4076.623005,0.0
-8.0,50,4077.14924,1.0
-17.0,50,4077.718304,0.0
-20.0,50,4078.255743,1.0
-13.0,50,4078.792116,1.0
-13.0,50,4079.320056,1.0
-13.0,50,4079.860882,1.0
-25.0,50,4080.394648,1.0
-15.0,50,4080.933786,1.0
-50.0,50,4081.469,0.0
-5.0,50,4082.030544,1.0
-12.0,50,4082.567122,1.0
-11.0,50,4083.101472,1.0
-12.0,50,4083.638452,1.0
-15.0,50,4084.197707,1.0
-18.0,50,4084.738711,1.0
-7.0,50,4085.276375,1.0
-14.0,50,4085.815377,1.0
-16.0,50,4086.364894,1.0
-12.0,50,4086.906269,1.0
-8.0,50,4087.440767,1.0
-14.0,50,4087.975666,1.0
-10.0,50,4088.524497,1.0
-8.0,50,4089.055503,1.0
-8.0,50,4089.594015,1.0
-6.0,50,4090.127661,1.0
-25.0,50,4090.687633,1.0
-15.0,50,4091.222498,1.0
-12.0,50,4091.747767,1.0
-10.0,50,4092.283046,1.0
-13.0,50,4092.834063,1.0
-9.0,50,4093.363294,1.0
-9.0,50,4093.89206,1.0
-6.0,50,4094.416796,1.0
-6.0,50,4094.939495,1.0
-6.0,50,4095.459363,1.0
0.0,50,4095.973145,1.0
-23.0,50,4096.489879,1.0
-12.0,50,4097.039551,1.0
-19.0,50,4097.55605,1.0
-8.0,50,4098.068412,1.0
-12.0,50,4098.585047,1.0
-10.0,50,4099.1173,1.0
-13.0,50,4099.633927,1.0
-16.0,50,4100.14344,1.0
-21.0,50,4100.662721,1.0
-33.0,50,4103.514106,1.0
-12.0,50,4104.032089,1.0
-12.0,50,4104.543732,1.0
-14.0,50,4105.063776,1.0
-13.0,50,4105.601503,1.0
-16.0,50,4106.116544,1.0
-15.0,50,4106.630522,1.0
-15.0,50,4107.151463,1.0
-4.0,50,4107.684112,1.0
-14.0,50,4108.200855,1.0
0.0,50,4108.718774,1.0
-8.0,50,4109.237192,1.0
-11.0,50,4109.767629,1.0
-17.0,50,4110.284895,1.0
-20.0,50,4110.797956,1.0
-25.0,50,4111.312569,1.0
0.0,50,4111.846728,1.0
-6.0,50,4112.362368,1.0
-29.0,50,4112.8805,1.0
-6.0,50,4113.400039,1.0
-21.0,50,4113.941525,1.0
-15.0,50,4114.459921,1.0
-17.0,50,4114.974155,1.0
-17.0,50,4115.487279,1.0
-10.0,50,4116.023159,1.0
-8.0,50,4116.540046,1.0
-13.0,50,4117.05345,1.0
-8.0,50,4117.565538,1.0
-50.0,50,4118.105412,0.0
-15.0,50,4118.61428,1.0
-22.0,50,4119.129959,1.0
-9.0,50,4119.652005,1.0
-17.0,50,4120.180948,1.0
-14.0,50,4120.697549,1.0
-13.0,50,4121.215466,1.0
-18.0,50,4121.730378,1.0
-10.0,50,4122.26452,1.0
-6.0,50,4122.78677,1.0
-5.0,50,4123.300552,1.0
0.0,50,4123.820174,1.0
-9.0,50,4124.360925,1.0
-9.0,50,4124.870321,1.0
-16.0,50,4125.387516,1.0
-10.0,50,4125.901292,1.0
-13.0,50,4126.425473,1.0
-5.0,50,4126.93894,1.0
-17.0,50,4127.457175,1.0
-13.0,50,4127.973345,1.0
-11.0,50,4128.501959,1.0
-30.0,50,4129.016109,1.0
-14.0,50,4129.555905,1.0
-10.0,50,4130.093379,1.0
-19.0,50,4130.666883,1.0
-20.0,50,4131.206623,1.0
-22.0,50,4131.749992,1.0
-12.0,50,4132.283267,1.0
-13.0,50,4132.832057,1.0
-24.0,50,4133.372427,1.0
-15.0,50,4133.910006,1.0
-13.0,50,4134.445199,1.0
-5.0,50,4134.997365,1.0
-21.0,50,4135.531335,1.0
-13.0,50,4136.066658,1.0
-15.0,50,4136.599503,1.0
-13.0,50,4137.155756,1.0
-37.0,50,4137.694582,1.0
-10.0,50,4138.228878,1.0
-14.0,50,4138.765794,1.0
0.0,50,4139.313034,1.0
-5.0,50,4139.844978,1.0
-10.0,50,4140.36932,1.0
-25.0,50,4140.884369,1.0
0.0,50,4141.427505,1.0
-12.0,50,4141.941626,1.0
-11.0,50,4142.46061,1.0
-9.0,50,4142.985605,1.0
-17.0,50,4143.520184,1.0
-6.0,50,4144.04584,1.0
-19.0,50,4144.560073,1.0
0.0,50,4145.0752,1.0
-3.0,50,4145.645215,1.0
-16.0,50,4146.157049,1.0
-17.0,50,4146.676189,1.0
-5.0,50,4147.197809,1.0
-16.0,50,4147.734968,1.0
-7.0,50,4148.25902,1.0
-8.0,50,4148.773683,1.0
-11.0,50,4149.295659,1.0
-16.0,50,4149.833282,1.0
-12.0,50,4150.348755,1.0
-20.0,50,4150.877803,1.0
-8.0,50,4151.401295,1.0
-17.0,50,4151.948857,1.0
-25.0,50,4152.469426,1.0
-13.0,50,4152.984647,1.0
-6.0,50,4153.507014,1.0
-2.0,50,4154.043814,1.0
-12.0,50,4154.569083,1.0
-17.0,50,4155.090719,1.0
-13.0,50,4155.607538,1.0
0.0,50,4156.13958,1.0
-40.0,50,4156.656634,1.0
-28.0,50,4157.176792,1.0
-12.0,50,4157.693871,1.0
-46.0,50,4158.22729,0.0
-17.0,50,4158.750629,1.0
-13.0,50,4159.265965,1.0
-14.0,50,4159.782357,1.0
-14.0,50,4160.311231,1.0
-17.0,50,4160.835549,1.0
-9.0,50,4161.355681,1.0
-11.0,50,4161.87966,1.0
-7.0,50,4162.415521,1.0
-12.0,50,4162.941145,1.0
-15.0,50,4163.456095,1.0
-14.0,50,4163.978532,1.0
-7.0,50,4164.515169,1.0
-13.0,50,4165.037555,1.0
-3.0,50,4165.564585,1.0
-50.0,50,4166.081723,0.0
-10.0,50,4166.624165,1.0
-8.0,50,4167.144351,1.0
-8.0,50,4167.65991,1.0
-18.0,50,4168.182461,1.0
-8.0,50,4168.716136,1.0
-9.0,50,4169.233176,1.0
-50.0,50,4169.759749,0.0
-11.0,50,4170.280815,1.0
-28.0,50,4170.825757,1.0
-12.0,50,4171.347451,1.0
-19.0,50,4171.872727,1.0
-15.0,50,4172.401896,1.0
-12.0,50,4172.933147,1.0
-32.0,50,4173.465678,1.0
-8.0,50,4174.000241,1.0
-17.0,50,4174.540807,1.0
-8.0,50,4175.100022,1.0
-34.0,50,4175.641401,1.0
-15.0,50,4176.171247,1.0
-6.0,50,4176.709212,1.0
-12.0,50,4177.266985,1.0
-15.0,50,4177.804632,1.0
-9.0,50,4178.339221,1.0
-17.0,50,4178.880411,1.0
-31.0,50,4179.428146,1.0
-40.0,50,4179.96576,1.0
-11.0,50,4180.496078,1.0
-12.0,50,4181.03186,1.0
-8.0,50,4181.583987,1.0
-10.0,50,4182.122764,1.0
-12.0,50,4182.656691,1.0
-25.0,50,4183.201246,0.0
-12.0,50,4183.752867,1.0
0.0,50,4184.286362,1.0
0.0,50,4184.825618,1.0
-14.0,50,4185.359969,1.0
-22.0,50,4185.922833,1.0
-22.0,50,4186.458864,0.0
-15.0,50,4187.001889,1.0
-21.0,50,4187.542333,1.0
-6.0,50,4188.097266,1.0
-19.0,50,4188.63526,1.0
-19.0,50,4189.175237,1.0
-12.0,50,4189.705319,1.0
-6.0,50,4190.253925,1.0
-17.0,50,4190.785876,1.0
-7.0,50,4191.314086,1.0
-15.0,50,4191.839076,1.0
-49.0,50,4192.3776,0.0
-14.0,50,4192.904738,1.0
-12.0,50,4193.427645,1.0
-12.0,50,4193.953671,1.0
-8.0,50,4194.501834,1.0
-13.0,50,4195.029609,1.0
-19.0,50,4195.558254,1.0
-10.0,50,4196.088017,1.0
-33.0,50,4196.624723,1.0
0.0,50,4197.145687,1.0
-50.0,50,4197.677206,0.0
-14.0,50,4198.200922,1.0
-13.0,50,4198.773254,1.0
-16.0,50,4199.304573,1.0
-8.0,50,4199.837339,1.0
-13.0,50,4200.373554,1.0
-9.0,50,4200.918692,1.0
-9.0,50,4201.449455,1.0
-21.0,50,4201.977939,1.0
-7.0,50,4202.499339,1.0
-10.0,50,4203.054116,1.0
-13.0,50,4203.57969,1.0
0.0,50,4204.10813,1.0
-10.0,50,4204.643259,1.0
-9.0,50,4205.198057,1.0
-12.0,50,4205.728232,1.0
-19.0,50,4206.265277,1.0
-15.0,50,4206.792534,1.0
-12.0,50,4207.339778,1.0
-15.0,50,4207.865798,1.0
0.0,50,4208.403867,1.0
-8.0,50,4208.93229,1.0
-13.0,50,4211.773847,1.0
-11.0,50,4212.30778,1.0
-15.0,50,4212.843799,1.0
0.0,50,4213.375891,1.0
-16.0,50,4213.935515,1.0
-21.0,50,4214.468407,1.0
-15.0,50,4214.999948,1.0
-5.0,50,4215.528361,1.0
-9.0,50,4216.074252,1.0
-20.0,50,4216.612427,1.0
-37.0,50,4217.139805,1.0
0.0,50,4217.67014,1.0
-12.0,50,4218.216007,1.0
-37.0,50,4218.746987,0.0
-10.0,50,4219.278267,1.0
-6.0,50,4219.803843,1.0
-25.0,50,4220.344642,1.0
-16.0,50,4220.878467,1.0
-25.0,50,4221.409024,1.0
-31.0,50,4221.938863,1.0
-4.0,50,4222.486586,1.0
-29.0,50,4223.023173,1.0
-11.0,50,4223.551778,1.0
-6.0,50,4224.084245,1.0
-18.0,50,4224.628731,1.0
-9.0,50,4225.161082,1.0
0.0,50,4225.684977,1.0
-11.0,50,4226.221895,1.0
-14.0,50,4226.776461,1.0
-10.0,50,4227.307575,1.0
0.0,50,4227.840122,1.0
-48.0,50,4228.371032,0.0
-9.0,50,4228.922482,1.0
-15.0,50,4229.460026,1.0
-6.0,50,4229.984065,1.0
-11.0,50,4230.515246,1.0
-9.0,50,4231.068089,1.0
-8.0,50,4231.597378,1.0
-6.0,50,4232.131375,1.0
-21.0,50,4232.667973,1.0
-15.0,50,4233.222317,1.0
-10.0,50,4233.750103,1.0
-11.0,50,4234.285579,1.0
-7.0,50,4234.813923,1.0
-18.0,50,4235.356508,1.0
-2.0,50,4235.890158,1.0
-13.0,50,4236.422632,1.0
-31.0,50,4236.950609,1.0
-12.0,50,4237.496493,1.0
-14.0,50,4238.0244,1.0
-12.0,50,4238.558749,1.0
-9.0,50,4239.0944,1.0
-16.0,50,4239.640878,1.0
0.0,50,4240.165979,1.0
-12.0,50,4240.697496,1.0
-29.0,50,4241.229994,1.0
-15.0,50,4241.784834,1.0
-18.0,50,4242.324087,1.0
0.0,50,4242.858311,1.0
-11.0,50,4243.384409,1.0
0.0,50,4243.9187,1.0
-8.0,50,4244.443725,1.0
-15.0,50,4244.976684,1.0
-9.0,50,4245.513061,1.0
-10.0,50,4246.076813,1.0
-6.0,50,4246.608754,1.0
-12.0,50,4247.143802,1.0
-10.0,50,4247.677204,1.0
-25.0,50,4248.225951,1.0
-16.0,50,4248.757075,1.0
-22.0,50,4249.292629,1.0
-10.0,50,4249.824348,1.0
-21.0,50,4250.367609,1.0
-17.0,50,4250.892813,1.0
-23.0,50,4251.424432,1.0
-7.0,50,4251.95658,1.0
-9.0,50,4252.517967,1.0
-7.0,50,4253.04194,1.0
-12.0,50,4253.578033,1.0
-40.0,50,4254.105531,0.0
-19.0,50,4254.660911,1.0
-21.0,50,4255.199666,1.0
-5.0,50,4255.729409,1.0
-43.0,50,4256.261848,1.0
-8.0,50,4256.815572,1.0
-15.0,50,4257.348469,1.0
-23.0,50,4257.884217,1.0
-16.0,50,4258.41705,1.0
-50.0,50,4258.967715,0.0
-21.0,50,4259.50098,1.0
-6.0,50,4260.03443,1.0
-19.0,50,4260.564728,1.0
-11.0,50,4261.096183,1.0
-16.0,50,4261.618081,1.0
0.0,50,4262.152726,1.0
0.0,50,4262.675563,1.0
-10.0,50,4263.221427,1.0
-14.0,50,4263.755429,1.0
-13.0,50,4264.294796,1.0
-20.0,50,4264.817249,1.0
-15.0,50,4265.360812,1.0
-50.0,50,4265.8832,0.0
-8.0,50,4266.402091,1.0
-11.0,50,4266.91918,1.0
-14.0,50,4267.453718,1.0
-19.0,50,4267.975842,1.0
-11.0,50,4268.492257,1.0
-9.0,50,4269.024242,1.0
-24.0,50,4269.572747,1.0
-12.0,50,4270.089765,1.0
-9.0,50,4270.612241,1.0
-14.0,50,4271.128917,1.0
-30.0,50,4271.699835,1.0
-11.0,50,4272.225594,1.0
-5.0,50,4272.757083,1.0
-12.0,50,4273.284893,1.0
-9.0,50,4273.820994,1.0
-11.0,50,4274.337457,1.0
-18.0,50,4274.854933,1.0
-22.0,50,4275.37637,1.0
0.0,50,4275.905412,1.0
-11.0,50,4276.425047,1.0
-14.0,50,4276.947922,1.0
-17.0,50,4277.462,1.0
-15.0,50,4278.00495,1.0
-13.0,50,4278.531279,1.0
-16.0,50,4279.046921,1.0
-14.0,50,4279.565266,1.0
-6.0,50,4280.104956,1.0
-24.0,50,4280.622188,1.0
-12.0,50,4281.135146,1.0
-12.0,50,4281.65299,1.0
-10.0,50,4282.187595,1.0
-13.0,50,4282.709961,1.0
-11.0,50,4283.223926,1.0
-8.0,50,4283.745585,1.0
-15.0,50,4284.275345,1.0
-16.0,50,4284.790326,1.0
-11.0,50,4285.304111,1.0
-8.0,50,4285.828066,1.0
-12.0,50,4286.356992,1.0
-50.0,50,4286.876572,0.0
-27.0,50,4287.401979,1.0
0.0,50,4287.91483,1.0
-14.0,50,4288.460908,1.0
-9.0,50,4288.983267,1.0
-7.0,50,4289.49767,1.0
-16.0,50,4290.016753,1.0
-4.0,50,4290.545697,1.0
-5.0,50,4291.063337,1.0
0.0,50,4291.580838,1.0
-12.0,50,4292.098371,1.0
-10.0,50,4292.675317,1.0
-10.0,50,4293.189193,1.0
0.0,50,4293.70009,1.0
-8.0,50,4294.213957,1.0
-39.0,50,4294.784649,1.0
-8.0,50,4295.298794,1.0
-11.0,50,4295.815366,1.0
-9.0,50,4296.333411,1.0
-15.0,50,4296.882315,1.0
-50.0,50,4297.40238,0.0
-12.0,50,4297.922655,1.0
-15.0,50,4298.457888,1.0
0.0,50,4298.992751,1.0
-13.0,50,4299.507819,1.0
0.0,50,4300.02548,1.0
-18.0,50,4300.548985,1.0
-6.0,50,4301.102371,1.0
-18.0,50,4301.622139,1.0
-11.0,50,4302.152002,1.0
-15.0,50,4302.672008,1.0
-8.0,50,4303.208946,1.0
-17.0,50,4303.728634,1.0
-17.0,50,4304.253098,1.0
-13.0,50,4304.770679,1.0
-12.0,50,4305.304843,1.0
-12.0,50,4305.827051,1.0
-11.0,50,4306.341162,1.0
-15.0,50,4306.859363,1.0
-5.0,50,4307.39106,1.0
-4.0,50,4307.913032,1.0
-15.0,50,4308.425266,1.0
-6.0,50,4308.943637,1.0
-8.0,50,4309.472046,1.0
-22.0,50,4309.992854,1.0
-11.0,50,4310.514086,1.0
-15.0,50,4311.034717,1.0
-10.0,50,4311.559054,1.0
-10.0,50,4312.082887,1.0
-12.0,50,4312.606963,1.0
-20.0,50,4313.123032,1.0
-10.0,50,4313.653688,1.0
0.0,50,4314.166934,1.0
-17.0,50,4314.691953,1.0
-10.0,50,4315.217818,1.0
-11.0,50,4315.746021,1.0
0.0,50,4316.265837,1.0
-20.0,50,4316.784389,1.0
-16.0,50,4317.303619,1.0
-27.0,50,4320.155883,1.0
-24.0,50,4320.686665,1.0
-10.0,50,4321.212278,1.0
-11.0,50,4321.740748,1.0
-11.0,50,4322.278697,1.0
-5.0,50,4322.810004,1.0
-18.0,50,4323.339921,1.0
-10.0,50,4323.870646,1.0
-7.0,50,4324.419028,1.0
-11.0,50,4324.946688,1.0
-10.0,50,4325.475951,1.0
-11.0,50,4326.003516,1.0
-50.0,50,4326.555819,0.0
-21.0,50,4327.082909,1.0
-18.0,50,4327.616821,1.0
-45.0,50,4328.143111,1.0
-15.0,50,4328.694852,1.0
-10.0,50,4329.223569,1.0
-22.0,50,4329.748192,1.0
-9.0,50,4330.272593,1.0
0.0,50,4330.812962,1.0
-34.0,50,4331.351839,1.0
-14.0,50,4331.879606,1.0
-9.0,50,4332.428142,1.0
-21.0,50,4332.960646,1.0
-15.0,50,4333.470065,1.0
-22.0,50,4333.983764,1.0
-12.0,50,4334.498147,1.0
0.0,50,4335.032011,1.0
-30.0,50,4335.548732,1.0
-7.0,50,4336.060807,1.0
-22.0,50,4336.570363,1.0
-10.0,50,4337.115286,1.0
-50.0,50,4337.631766,0.0
0.0,50,4338.155082,1.0
-7.0,50,4338.669395,1.0
-13.0,50,4339.215379,1.0
-19.0,50,4339.746899,1.0
-6.0,50,4340.287095,1.0
-10.0,50,4340.825029,1.0
-25.0,50,4341.375394,1.0
-22.0,50,4341.910546,1.0
-14.0,50,4342.44833,1.0
-14.0,50,4342.984016,1.0
-17.0,50,4343.541477,1.0
-14.0,50,4344.073626,1.0
-11.0,50,4344.607868,1.0
-9.0,50,4345.144665,1.0
-12.0,50,4345.696111,1.0
-22.0,50,4346.234866,1.0
-9.0,50,4346.769203,1.0
-13.0,50,4347.303804,1.0
-17.0,50,4347.864618,1.0
-11.0,50,4348.397397,1.0
-7.0,50,4348.926101,1.0
-16.0,50,4349.449771,1.0
-14.0,50,4350.008301,1.0
0.0,50,4350.528289,1.0
-10.0,50,4351.051364,1.0
-12.0,50,4351.572802,1.0
-17.0,50,4352.11723,1.0
-7.0,50,4352.630543,1.0
-14.0,50,4353.154273,1.0
0.0,50,4353.671961,1.0
-41.0,50,4354.206988,0.0
0.0,50,4354.727148,1.0
-26.0,50,4355.251938,1.0
-27.0,50,4355.776342,1.0
-8.0,50,4356.304947,1.0
-22.0,50,4356.822341,1.0
0.0,50,4357.332243,1.0
-10.0,50,4357.85661,1.0
-15.0,50,4358.401715,1.0
-20.0,50,4358.928293,1.0
-10.0,50,4359.453023,1.0
-8.0,50,4359.974634,1.0
-8.0,50,4360.516018,1.0
-13.0,50,4361.03249,1.0
-3.0,50,4361.556317,1.0
-9.0,50,4362.088618,1.0
-7.0,50,4362.636267,1.0
-11.0,50,4363.151319,1.0
-14.0,50,4363.673507,1.0
-19.0,50,4364.200453,1.0
-7.0,50,4364.742801,1.0
-18.0,50,4365.267305,1.0
-16.0,50,4365.790947,1.0
-50.0,50,4366.306206,0.0
-15.0,50,4366.837452,1.0
-6.0,50,4367.354221,1.0
-15.0,50,4367.878237,1.0
-15.0,50,4368.401686,1.0
-50.0,50,4368.935497,0.0
-5.0,50,4369.470221,1.0
-9.0,50,4370.006641,1.0
-6.0,50,4370.542307,1.0
-15.0,50,4371.104317,1.0
-14.0,50,4371.635021,1.0
-28.0,50,4372.168511,1.0
-21.0,50,4372.709898,1.0
-11.0,50,4373.255492,1.0
-8.0,50,4373.793459,1.0
-50.0,50,4374.327857,0.0
-14.0,50,4374.868109,1.0
-17.0,50,4375.429189,1.0
-6.0,50,4375.967351,1.0
-14.0,50,4376.506404,1.0
-10.0,50,4377.036552,1.0
-7.0,50,4377.58874,1.0
0.0,50,4378.129034,1.0
-8.0,50,4378.669642,1.0
-9.0,50,4379.21032,1.0
-18.0,50,4379.762247,1.0
-10.0,50,4380.304362,1.0
-9.0,50,4380.824522,1.0
-16.0,50,4381.3466,1.0
-7.0,50,4381.87165,1.0
-16.0,50,4382.386462,1.0
-50.0,50,4382.907831,0.0
-12.0,50,4383.428863,1.0
0.0,50,4383.961994,1.0
-20.0,50,4384.480726,1.0
-9.0,50,4385.003783,1.0
-15.0,50,4385.523337,1.0
-13.0,50,4386.057389,1.0
-7.0,50,4386.565309,1.0
-16.0,50,4387.083963,1.0
-11.0,50,4387.594661,1.0
-20.0,50,4388.125176,1.0
-18.0,50,4388.639149,1.0
-14.0,50,4389.15857,1.0
-8.0,50,4389.679266,1.0
-10.0,50,4390.212448,1.0
-26.0,50,4390.7331,1.0
-14.0,50,4391.244089,1.0
-16.0,50,4391.75658,1.0
-5.0,50,4392.31354,1.0
-9.0,50,4392.846784,1.0
-14.0,50,4393.367635,1.0
-10.0,50,4393.894219,1.0
-17.0,50,4394.446827,1.0
-6.0,50,4394.982629,1.0
-21.0,50,4395.515012,1.0
-6.0,50,4396.050061,1.0
-18.0,50,4396.606015,1.0
-15.0,50,4397.142257,1.0
-13.0,50,4397.655396,1.0
-6.0,50,4398.171786,1.0
-8.0,50,4398.702753,1.0
-9.0,50,4399.221433,1.0
-12.0,50,4399.731442,1.0
0.0,50,4400.247163,1.0
-8.0,50,4400.775647,1.0
-12.0,50,4401.293913,1.0
-12.0,50,4401.812201,1.0
0.0,50,4402.325237,1.0
-10.0,50,4402.8767,1.0
-10.0,50,4403.391804,1.0
-46.0,50,4403.923503,0.0
-16.0,50,4404.454163,1.0
-14.0,50,4405.00412,1.0
-46.0,50,4405.537112,0.0
-12.0,50,4406.075075,1.0
-18.0,50,4406.613099,1.0
-7.0,50,4407.15978,1.0
-15.0,50,4407.696699,1.0
-11.0,50,4408.225616,1.0
-50.0,50,4408.75684,0.0
-7.0,50,4409.316403,1.0
-26.0,50,4409.853475,1.0
-14.0,50,4410.394171,1.0
-13.0,50,4410.929765,1.0
-6.0,50,4411.480719,1.0
-11.0,50,4412.019199,1.0
-14.0,50,4412.554447,1.0
-13.0,50,4413.090811,1.0
-8.0,50,4413.645342,1.0
-19.0,50,4414.177846,1.0
-14.0,50,4414.707809,1.0
-12.0,50,4415.242132,1.0
-6.0,50,4415.791309,1.0
-19.0,50,4416.310291,1.0
-39.0,50,4416.826668,1.0
-8.0,50,4417.347029,1.0
-8.0,50,4417.871495,1.0
0.0,50,4418.379448,1.0
-6.0,50,4418.899272,1.0
-11.0,50,4419.408526,1.0
-23.0,50,4419.945213,1.0
-3.0,50,4420.455364,1.0
-50.0,50,4420.972393,0.0
-19.0,50,4421.496155,1.0
-15.0,50,4422.047133,1.0
-15.0,50,4422.574084,1.0
-9.0,50,4423.09294,1.0
-17.0,50,4423.617529,1.0
-11.0,50,4424.160476,1.0
-22.0,50,4424.683947,1.0
-14.0,50,4425.20956,1.0
-22.0,50,4425.726483,1.0
-10.0,50,4428.642589,1.0
-12.0,50,4429.16412,1.0
-12.0,50,4429.693612,1.0
-6.0,50,4430.214849,1.0
-16.0,50,4430.760471,1.0
-7.0,50,4431.280544,1.0
-13.0,50,4431.803454,1.0
-14.0,50,4432.321609,1.0
-14.0,50,4432.858713,1.0
-15.0,50,4433.380328,1.0
-13.0,50,4433.90229,1.0
-16.0,50,4434.429201,1.0
-10.0,50,4434.962896,1.0
-14.0,50,4435.490689,1.0
-10.0,50,4436.021345,1.0
-36.0,50,4436.553918,1.0
-32.0,50,4437.11473,1.0
-14.0,50,4437.651228,1.0
-12.0,50,4438.180017,1.0
-16.0,50,4438.710023,1.0
0.0,50,4439.253534,1.0
-9.0,50,4439.791866,1.0
-7.0,50,4440.320008,1.0
-14.0,50,4440.831597,1.0
-50.0,50,4441.360514,0.0
-8.0,50,4441.877528,1.0
-15.0,50,4442.391629,1.0
-5.0,50,4442.91358,1.0
0.0,50,4443.452276,1.0
-16.0,50,4443.971247,1.0
-25.0,50,4444.485516,1.0
-18.0,50,4445.000491,1.0
-8.0,50,4445.529325,1.0
-15.0,50,4446.048973,1.0
-19.0,50,4446.567376,1.0
-13.0,50,4447.08175,1.0
0.0,50,4447.621351,1.0
-7.0,50,4448.134973,1.0
-12.0,50,4448.644711,1.0
-15.0,50,4449.163072,1.0
-14.0,50,4449.696443,1.0
-23.0,50,4450.214718,1.0
-22.0,50,4450.730345,1.0
-11.0,50,4451.243658,1.0
-8.0,50,4451.791886,1.0
-11.0,50,4452.328926,1.0
-10.0,50,4452.864931,1.0
-7.0,50,4453.386676,1.0
-11.0,50,4453.928976,1.0
-14.0,50,4454.459176,1.0
-11.0,50,4454.981623,1.0
-42.0,50,4455.512279,1.0
-11.0,50,4456.049439,1.0
-19.0,50,4456.573965,1.0
-10.0,50,4457.099052,1.0
-18.0,50,4457.627887,1.0
-16.0,50,4458.163974,1.0
-11.0,50,4458.679362,1.0
-8.0,50,4459.199558,1.0
-14.0,50,4459.714394,1.0
-26.0,50,4460.260212,1.0
-35.0,50,4460.774629,1.0
-7.0,50,4461.28347,1.0
-13.0,50,4461.795939,1.0
-6.0,50,4462.336944,1.0
-8.0,50,4462.857775,1.0
-19.0,50,4463.370901,1.0
-14.0,50,4463.891361,1.0
-12.0,50,4464.428025,1.0
-22.0,50,4464.949271,1.0
-16.0,50,4465.470598,1.0
-12.0,50,4465.990803,1.0
-9.0,50,4466.516164,1.0
-25.0,50,4467.043486,1.0
-12.0,50,4467.562111,1.0
-10.0,50,4468.074608,1.0
-8.0,50,4468.609364,1.0
-14.0,50,4469.132946,1.0
-7.0,50,4469.648515,1.0
-16.0,50,4470.163238,1.0
-12.0,50,4470.694382,1.0
-15.0,50,4471.216254,1.0
-25.0,50,4471.731534,0.0
-13.0,50,4472.252827,1.0
-17.0,50,4472.787886,1.0
-14.0,50,4473.308955,1.0
-9.0,50,4473.832907,1.0
-8.0,50,4474.345643,1.0
-1.0,50,4474.874056,1.0
-7.0,50,4475.399624,1.0
-13.0,50,4475.91321,1.0
-5.0,50,4476.426576,1.0
-8.0,50,4476.989217,1.0
-15.0,50,4477.510063,1.0
-13.0,50,4478.036804,1.0
-14.0,50,4478.563314,1.0
-17.0,50,4479.11763,1.0
-12.0,50,4479.646939,1.0
-28.0,50,4480.181503,1.0
-14.0,50,4480.713654,1.0
-9.0,50,4481.261004,1.0
-12.0,50,4481.786876,1.0
-14.0,50,4482.306091,1.0
-17.0,50,4482.829367,1.0
-6.0,50,4483.358351,1.0
0.0,50,4483.869805,1.0
-5.0,50,4484.389297,1.0
-19.0,50,4484.913796,1.0
-5.0,50,4485.442312,1.0
-13.0,50,4485.957916,1.0
-6.0,50,4486.46639,1.0
-18.0,50,4486.982125,1.0
-8.0,50,4487.51146,1.0
-15.0,50,4488.029475,1.0
-8.0,50,4488.550365,1.0
0.0,50,4489.070219,1.0
-11.0,50,4489.594864,1.0
-12.0,50,4490.104982,1.0
-7.0,50,4490.61762,1.0
-9.0,50,4491.131637,1.0
-7.0,50,4491.678347,1.0
-30.0,50,4492.198919,1.0
-8.0,50,4492.716908,1.0
-12.0,50,4493.238067,1.0
-8.0,50,4493.790607,1.0
-5.0,50,4494.304157,1.0
-19.0,50,4494.825878,1.0
0.0,50,4495.346629,1.0
-33.0,50,4495.883412,1.0
-12.0,50,4496.39808,1.0
-14.0,50,4496.914217,1.0
-7.0,50,4497.431761,1.0
-11.0,50,4497.968251,1.0
-12.0,50,4498.484911,1.0
-8.0,50,4499.00216,1.0
-11.0,50,4499.519691,1.0
-14.0,50,4500.066301,1.0
-20.0,50,4500.585807,1.0
-10.0,50,4501.095055,1.0
-9.0,50,4501.618798,1.0
-16.0,50,4502.157627,1.0
-10.0,50,4502.67634,1.0
-12.0,50,4503.188902,1.0
-14.0,50,4503.70006,1.0
-16.0,50,4504.235606,1.0
-12.0,50,4504.753826,1.0
-13.0,50,4505.262868,1.0
-10.0,50,4505.773911,1.0
-11.0,50,4506.326304,1.0
0.0,50,4506.838892,1.0
-13.0,50,4507.351738,1.0
-29.0,50,4507.870462,1.0
-13.0,50,4508.415,1.0
-15.0,50,4508.933482,1.0
-11.0,50,4509.448043,1.0
-9.0,50,4509.97183,1.0
-8.0,50,4510.510483,1.0
-9.0,50,4511.027525,1.0
-7.0,50,4511.549877,1.0
-14.0,50,4512.086025,1.0
-8.0,50,4512.620904,1.0
-30.0,50,4513.135679,1.0
-13.0,50,4513.656808,1.0
-22.0,50,4514.177331,1.0
-25.0,50,4514.713058,1.0
-13.0,50,4515.230712,1.0
-15.0,50,4515.744319,1.0
-14.0,50,4516.256099,1.0
-18.0,50,4516.788512,1.0
0.0,50,4517.30034,1.0
-19.0,50,4517.820674,1.0
0.0,50,4518.341889,1.0
-16.0,50,4518.885182,1.0
-50.0,50,4519.398096,0.0
-13.0,50,4519.913167,1.0
-8.0,50,4520.429718,1.0
-12.0,50,4520.96094,1.0
-13.0,50,4521.477822,1.0
-16.0,50,4521.995564,1.0
-11.0,50,4522.512754,1.0
-3.0,50,4523.047989,1.0
-5.0,50,4523.568081,1.0
-35.0,50,4524.086803,1.0
-7.0,50,4524.602319,1.0
-22.0,50,4525.129914,1.0
-21.0,50,4525.648683,1.0
-21.0,50,4526.171446,1.0
-9.0,50,4526.695589,1.0
-15.0,50,4527.233847,1.0
-20.0,50,4527.760605,1.0
-18.0,50,4528.287393,1.0
-10.0,50,4528.818327,1.0
-7.0,50,4529.368927,1.0
-14.0,50,4529.893235,1.0
-50.0,50,4530.424224,0.0
-11.0,50,4530.956156,1.0
0.0,50,4531.497361,1.0
-13.0,50,4532.020409,1.0
-18.0,50,4532.549833,1.0
-15.0,50,4533.083737,1.0
-7.0,50,4535.981183,1.0
-12.0,50,4536.504803,1.0
-17.0,50,4537.029336,1.0
-12.0,50,4537.550981,1.0
-11.0,50,4538.084914,1.0
-13.0,50,4538.613187,1.0
-15.0,50,4539.143898,1.0
-12.0,50,4539.673212,1.0
-19.0,50,4540.214595,1.0
-17.0,50,4540.73882,1.0
-16.0,50,4541.264938,1.0
-11.0,50,4541.795951,1.0
-11.0,50,4542.335879,1.0
-14.0,50,4542.866216,1.0
-8.0,50,4543.385764,1.0
-13.0,50,4543.912521,1.0
-14.0,50,4544.456047,1.0
0.0,50,4544.982828,1.0
-7.0,50,4545.510879,1.0
-11.0,50,4546.034938,1.0
-13.0,50,4546.577453,1.0
-13.0,50,4547.101824,1.0
-12.0,50,4547.632112,1.0
-26.0,50,4548.153963,0.0
-25.0,50,4548.693644,1.0
-14.0,50,4549.22162,1.0
-13.0,50,4549.748003,1.0
-6.0,50,4550.271988,1.0
-12.0,50,4550.840271,1.0
-8.0,50,4551.363009,1.0
-26.0,50,4551.892187,1.0
-11.0,50,4552.41807,1.0
-7.0,50,4552.965092,1.0
-10.0,50,4553.489129,1.0
-10.0,50,4554.012603,1.0
-16.0,50,4554.538167,1.0
-17.0,50,4555.082511,1.0
-11.0,50,4555.608178,1.0
-4.0,50,4556.133512,1.0
-8.0,50,4556.663946,1.0
-11.0,50,4557.207389,1.0
-12.0,50,4557.730134,1.0
-12.0,50,4558.26054,1.0
-10.0,50,4558.783957,1.0
-13.0,50,4559.31828,1.0
-11.0,50,4559.836213,1.0
-8.0,50,4560.375237,1.0
-12.0,50,4560.907371,1.0
-10.0,50,4561.464642,1.0
-11.0,50,4561.997062,1.0
-7.0,50,4562.518119,1.0
-18.0,50,4563.04232,1.0
-12.0,50,4563.590117,1.0
-7.0,50,4564.120381,1.0
-14.0,50,4564.650787,1.0
-14.0,50,4565.185698,1.0
-13.0,50,4565.742349,1.0
-7.0,50,4566.283713,1.0
-13.0,50,4566.819937,1.0
-13.0,50,4567.358971,1.0
-16.0,50,4567.914985,1.0
-13.0,50,4568.456584,1.0
-27.0,50,4568.9942,1.0
-6.0,50,4569.53493,1.0
-9.0,50,4570.09637,1.0
-23.0,50,4570.631936,1.0
-23.0,50,4571.166761,1.0
-8.0,50,4571.706163,1.0
-10.0,50,4572.258566,1.0
0.0,50,4572.78149,1.0
-10.0,50,4573.298074,1.0
-14.0,50,4573.815802,1.0
-9.0,50,4574.356841,1.0
-12.0,50,4574.878348,1.0
-8.0,50,4575.394831,1.0
-22.0,50,4575.914457,1.0
-9.0,50,4576.449956,1.0
0.0,50,4576.96646,1.0
-12.0,50,4577.484827,1.0
-19.0,50,4578.000139,1.0
-9.0,50,4578.54091,1.0
-11.0,50,4579.06618,1.0
-16.0,50,4579.601433,1.0
-16.0,50,4580.132802,1.0
-7.0,50,4580.685246,1.0
-9.0,50,4581.214861,1.0
-15.0,50,4581.747778,1.0
-11.0,50,4582.275502,1.0
-14.0,50,4582.819944,1.0
-30.0,50,4583.354105,1.0
-6.0,50,4583.880981,1.0
-8.0,50,4584.421677,1.0
-17.0,50,4584.975348,1.0
-12.0,50,4585.50933,1.0
-50.0,50,4586.04676,0.0
-3.0,50,4586.585177,1.0
-27.0,50,4587.131469,1.0
-26.0,50,4587.645921,1.0
-10.0,50,4588.159866,1.0
-7.0,50,4588.670403,1.0
-15.0,50,4589.21344,1.0
-17.0,50,4589.733061,1.0
-34.0,50,4590.247809,1.0
-10.0,50,4590.75831,1.0
-12.0,50,4591.29606,1.0
-8.0,50,4591.815281,1.0
-8.0,50,4592.338809,1.0
-13.0,50,4592.881674,1.0
-15.0,50,4593.430645,1.0
-13.0,50,4593.96716,1.0
-12.0,50,4594.493834,1.0
-7.0,50,4595.015764,1.0
-4.0,50,4595.570876,1.0
-19.0,50,4596.093705,1.0
-12.0,50,4596.624877,1.0
-15.0,50,4597.153265,1.0
-13.0,50,4597.696447,1.0
-7.0,50,4598.216511,1.0
-11.0,50,4598.731775,1.0
-11.0,50,4599.248046,1.0
-9.0,50,4599.780041,1.0
-12.0,50,4600.305229,1.0
0.0,50,4600.832727,1.0
-12.0,50,4601.3581,1.0
-6.0,50,4601.898743,1.0
-11.0,50,4602.447658,1.0
-6.0,50,4602.98563,1.0
-6.0,50,4603.518207,1.0
-15.0,50,4604.07134,1.0
-6.0,50,4604.606284,1.0
0.0,50,4605.133868,1.0
-45.0,50,4605.66676,0.0
-18.0,50,4606.203749,1.0
-10.0,50,4606.725504,1.0
-16.0,50,4607.248661,1.0
-10.0,50,4607.78177,1.0
-11.0,50,4608.330799,1.0
-36.0,50,4608.862671,1.0
-14.0,50,4609.394674,1.0
-12.0,50,4609.927589,1.0
-10.0,50,4610.47364,1.0
-21.0,50,4611.001318,1.0
-13.0,50,4611.535095,1.0
-7.0,50,4612.068712,1.0
-13.0,50,4612.6196,1.0
-7.0,50,4613.149467,1.0
0.0,50,4613.675483,1.0
-50.0,50,4614.207657,0.0
-14.0,50,4614.737097,1.0
-4.0,50,4615.257743,1.0
-9.0,50,4615.775104,1.0
-14.0,50,4616.297835,1.0
-15.0,50,4616.827363,1.0
-9.0,50,4617.343458,1.0
-15.0,50,4617.862361,1.0
-50.0,50,4618.38247,0.0
-50.0,50,4618.92568,0.0
-11.0,50,4619.460705,1.0
-10.0,50,4619.992755,1.0
-25.0,50,4620.52011,1.0
-10.0,50,4621.063611,1.0
-12.0,50,4621.580112,1.0
-10.0,50,4622.099923,1.0
-23.0,50,4622.622427,1.0
-16.0,50,4623.160867,1.0
-10.0,50,4623.681043,1.0
-26.0,50,4624.205107,1.0
-11.0,50,4624.72598,1.0
-17.0,50,4625.264594,1.0
-12.0,50,4625.789228,1.0
-8.0,50,4626.314505,1.0
-12.0,50,4626.838444,1.0
-7.0,50,4627.378354,1.0
0.0,50,4627.891574,1.0
-35.0,50,4628.412269,1.0
-2.0,50,4628.934721,1.0
-16.0,50,4629.472006,1.0
-16.0,50,4629.988071,1.0
0.0,50,4630.511233,1.0
-10.0,50,4631.028149,1.0
-10.0,50,4631.560878,1.0
-15.0,50,4632.090466,1.0
-6.0,50,4632.608485,1.0
-12.0,50,4633.128926,1.0
-14.0,50,4633.659613,1.0
-13.0,50,4634.183956,1.0
-14.0,50,4634.705681,1.0
-18.0,50,4635.228197,1.0
-6.0,50,4635.764666,1.0
-14.0,50,4636.284339,1.0
0.0,50,4636.80353,1.0
-12.0,50,4637.319607,1.0
-10.0,50,4637.863919,1.0
-12.0,50,4638.398689,1.0
-11.0,50,4638.929473,1.0
-10.0,50,4639.462666,1.0
-10.0,50,4640.008425,1.0
-6.0,50,4640.541309,1.0
-15.0,50,4641.068976,1.0
-23.0,50,4641.602197,1.0
-11.0,50,4644.527836,1.0
-13.0,50,4645.060467,1.0
0.0,50,4645.595969,1.0
-7.0,50,4646.126262,1.0
-13.0,50,4646.671762,1.0
-15.0,50,4647.204986,1.0
-7.0,50,4647.738646,1.0
-16.0,50,4648.272892,1.0
-6.0,50,4648.824807,1.0
-10.0,50,4649.354669,1.0
-15.0,50,4649.887718,1.0
-11.0,50,4650.411967,1.0
-22.0,50,4650.960694,1.0
-20.0,50,4651.496756,1.0
-7.0,50,4652.023074,1.0
-14.0,50,4652.556047,1.0
-5.0,50,4653.101707,1.0
-10.0,50,4653.63641,1.0
0.0,50,4654.166446,1.0
-7.0,50,4654.69802,1.0
-13.0,50,4655.242643,1.0
-8.0,50,4655.754921,1.0
-50.0,50,4656.27281,0.0
-15.0,50,4656.787936,1.0
-11.0,50,4657.321452,1.0
0.0,50,4657.837389,1.0
-12.0,50,4658.353662,1.0
-15.0,50,4658.869185,1.0
-15.0,50,4659.404199,1.0
-15.0,50,4659.923297,1.0
-15.0,50,4660.438547,1.0
-17.0,50,4660.956644,1.0
-5.0,50,4661.494932,1.0
-21.0,50,4662.016991,1.0
-6.0,50,4662.540484,1.0
-14.0,50,4663.060186,1.0
-9.0,50,4663.588977,1.0
-16.0,50,4664.111492,1.0
-10.0,50,4664.638572,1.0
-19.0,50,4665.168508,1.0
-17.0,50,4665.711123,1.0
-12.0,50,4666.238118,1.0
0.0,50,4666.753986,1.0
-50.0,50,4667.277819,0.0
-10.0,50,4667.818246,1.0
-31.0,50,4668.341015,1.0
0.0,50,4668.863359,1.0
-12.0,50,4669.384547,1.0
-17.0,50,4669.925897,1.0
-27.0,50,4670.453807,1.0
-11.0,50,4670.974755,1.0
0.0,50,4671.497161,1.0
-27.0,50,4672.029452,1.0
-4.0,50,4672.553616,1.0
-12.0,50,4673.084087,1.0
-14.0,50,4673.613338,1.0
-6.0,50,4674.156233,1.0
-12.0,50,4674.681481,1.0
-7.0,50,4675.202782,1.0
-10.0,50,4675.732312,1.0
-8.0,50,4676.269107,1.0
0.0,50,4676.79438,1.0
-34.0,50,4677.316401,1.0
-13.0,50,4677.839286,1.0
0.0,50,4678.381171,1.0
-18.0,50,4678.902872,1.0
-10.0,50,4679.420728,1.0
-22.0,50,4679.943377,1.0
-9.0,50,4680.481793,1.0
-12.0,50,4681.003394,1.0
0.0,50,4681.530645,1.0
-12.0,50,4682.047389,1.0
-11.0,50,4682.58871,1.0
-17.0,50,4683.115365,1.0
-37.0,50,4683.635611,1.0
-17.0,50,4684.156984,1.0
-17.0,50,4684.695337,1.0
-11.0,50,4685.223826,1.0
-50.0,50,4685.748499,0.0
-15.0,50,4686.272086,1.0
-11.0,50,4686.814174,1.0
-15.0,50,4687.337685,1.0
-16.0,50,4687.863364,1.0
-20.0,50,4688.384995,1.0
-7.0,50,4688.924902,1.0
-31.0,50,4689.448102,1.0
-11.0,50,4689.965103,1.0
-8.0,50,4690.488613,1.0
-18.0,50,4691.024031,1.0
-15.0,50,4691.542403,1.0
-12.0,50,4692.064042,1.0
-9.0,50,4692.586045,1.0
-9.0,50,4693.12282,1.0
-15.0,50,4693.640218,1.0
-8.0,50,4694.163889,1.0
-10.0,50,4694.688466,1.0
-17.0,50,4695.220554,1.0
-6.0,50,4695.743296,1.0
-8.0,50,4696.265078,1.0
-6.0,50,4696.794383,1.0
-14.0,50,4697.336177,1.0
-8.0,50,4697.85915,1.0
0.0,50,4698.393616,1.0
-11.0,50,4698.928517,1.0
0.0,50,4699.48186,1.0
-17.0,50,4700.00839,1.0
-6.0,50,4700.531525,1.0
-15.0,50,4701.060651,1.0
-20.0,50,4701.596153,1.0
-5.0,50,4702.119358,1.0
-24.0,50,4702.629474,1.0
-8.0,50,4703.145168,1.0
-13.0,50,4703.672192,1.0
-9.0,50,4704.187505,1.0
-13.0,50,4704.717497,1.0
-9.0,50,4705.245573,1.0
-16.0,50,4705.794449,1.0
-11.0,50,4706.320917,1.0
-16.0,50,4706.850739,1.0
-11.0,50,4707.382924,1.0
-12.0,50,4707.944978,1.0
-10.0,50,4708.470306,1.0
-8.0,50,4708.997087,1.0
-11.0,50,4709.523905,1.0
-13.0,50,4710.072113,1.0
-12.0,50,4710.597795,1.0
-15.0,50,4711.127553,1.0
-6.0,50,4711.656596,1.0
-16.0,50,4712.204996,1.0
-10.0,50,4712.726671,1.0
-11.0,50,4713.250732,1.0
0.0,50,4713.770393,1.0
-10.0,50,4714.320318,1.0
-13.0,50,4714.848913,1.0
-8.0,50,4715.3807,1.0
-18.0,50,4715.907775,1.0
-16.0,50,4716.459382,1.0
-20.0,50,4716.985496,1.0
-15.0,50,4717.511475,1.0
-12.0,50,4718.0403,1.0
-8.0,50,4718.577061,1.0
-12.0,50,4719.090694,1.0
-16.0,50,4719.604762,1.0
-18.0,50,4720.123629,1.0
-14.0,50,4720.666932,1.0
-19.0,50,4721.187408,1.0
-14.0,50,4721.707997,1.0
-28.0,50,4722.225325,1.0
-8.0,50,4722.755694,1.0
-38.0,50,4723.278587,1.0
-12.0,50,4723.8005,1.0
-24.0,50,4724.319483,1.0
-12.0,50,4724.85943,1.0
-10.0,50,4725.386255,1.0
-11.0,50,4725.908582,1.0
-16.0,50,4726.427641,1.0
-17.0,50,4726.9603,1.0
-12.0,50,4727.49139,1.0
-18.0,50,4728.013787,1.0
-8.0,50,4728.535716,1.0
-17.0,50,4729.071603,1.0
-15.0,50,4729.590144,1.0
-12.0,50,4730.114025,1.0
-7.0,50,4730.631603,1.0
-7.0,50,4731.172787,1.0
-7.0,50,4731.692119,1.0
-13.0,50,4732.218193,1.0
-9.0,50,4732.739325,1.0
-12.0,50,4733.269086,1.0
0.0,50,4733.79152,1.0
-18.0,50,4734.309868,1.0
-8.0,50,4734.834463,1.0
-13.0,50,4735.369707,1.0
-48.0,50,4735.88963,0.0
-14.0,50,4736.407562,1.0
-12.0,50,4736.928878,1.0
-12.0,50,4737.462281,1.0
-9.0,50,4737.984604,1.0
-11.0,50,4738.505509,1.0
-13.0,50,4739.027111,1.0
0.0,50,4739.55591,1.0
-35.0,50,4740.077452,1.0
0.0,50,4740.607058,1.0
-5.0,50,4741.132497,1.0
-15.0,50,4741.675318,1.0
-23.0,50,4742.203916,1.0
-9.0,50,4742.732413,1.0
-10.0,50,4743.257044,1.0
-16.0,50,4743.799258,1.0
-36.0,50,4744.335659,1.0
-25.0,50,4744.865537,1.0
-16.0,50,4745.391878,1.0
-14.0,50,4745.938808,1.0
0.0,50,4746.456511,1.0
0.0,50,4746.97054,1.0
-10.0,50,4747.48207,1.0
0.0,50,4748.013264,1.0
0.0,50,4748.523629,1.0
-14.0,50,4749.03511,1.0
-12.0,50,4749.564607,1.0
-11.0,50,4752.424404,1.0
0.0,50,4752.958908,1.0
-8.0,50,4753.490046,1.0
-35.0,50,4754.027012,1.0
-6.0,50,4754.570003,1.0
-7.0,50,4755.103828,1.0
-47.0,50,4755.637724,0.0
-23.0,50,4756.177981,1.0
-10.0,50,4756.725283,1.0
-50.0,50,4757.264133,0.0
-11.0,50,4757.795558,1.0
0.0,50,4758.321455,1.0
-11.0,50,4758.860692,1.0
-13.0,50,4759.379236,1.0
0.0,50,4759.899411,1.0
-12.0,50,4760.41868,1.0
-6.0,50,4760.960392,1.0
-13.0,50,4761.480233,1.0
-24.0,50,4761.994902,1.0
-7.0,50,4762.512451,1.0
-15.0,50,4763.059922,1.0
-7.0,50,4763.576509,1.0
-12.0,50,4764.101648,1.0
-13.0,50,4764.630137,1.0
0.0,50,4765.167082,1.0
-20.0,50,4765.686998,1.0
0.0,50,4766.208764,1.0
-13.0,50,4766.730804,1.0
-9.0,50,4767.287163,1.0
-15.0,50,4767.808699,1.0
-11.0,50,4768.328665,1.0
-16.0,50,4768.850292,1.0
-12.0,50,4769.388524,1.0
-17.0,50,4769.907925,1.0
-13.0,50,4770.421422,1.0
-11.0,50,4770.936794,1.0
-15.0,50,4771.474449,1.0
-11.0,50,4771.992372,1.0
-13.0,50,4772.513776,1.0
-38.0,50,4773.033298,1.0
-7.0,50,4773.571862,1.0
-16.0,50,4774.092726,1.0
-5.0,50,4774.618604,1.0
-17.0,50,4775.146314,1.0
-13.0,50,4775.678629,1.0
-9.0,50,4776.203386,1.0
-31.0,50,4776.7202,1.0
-16.0,50,4777.242993,1.0
-18.0,50,4777.801025,1.0
-10.0,50,4778.314249,1.0
-10.0,50,4778.831546,1.0
-12.0,50,4779.346682,1.0
-12.0,50,4779.875779,1.0
-8.0,50,4780.386604,1.0
-14.0,50,4780.905038,1.0
-14.0,50,4781.41857,1.0
-14.0,50,4781.961344,1.0
-17.0,50,4782.473783,1.0
-14.0,50,4782.986122,1.0
-9.0,50,4783.506027,1.0
-11.0,50,4784.037676,1.0
-6.0,50,4784.549599,1.0
0.0,50,4785.060825,1.0
-14.0,50,4785.587653,1.0
-8.0,50,4786.134696,1.0
-10.0,50,4786.675511,1.0
-14.0,50,4787.213175,1.0
-22.0,50,4787.741246,1.0
-13.0,50,4788.27249,1.0
-12.0,50,4788.785683,1.0
-14.0,50,4789.303529,1.0
-11.0,50,4789.820849,1.0
-13.0,50,4790.347229,1.0
-6.0,50,4790.857386,1.0
-27.0,50,4791.378129,1.0
-17.0,50,4791.900487,1.0
-18.0,50,4792.436878,1.0
-19.0,50,4792.958139,1.0
-28.0,50,4793.477002,1.0
-15.0,50,4793.996597,1.0
-14.0,50,4794.530674,1.0
-14.0,50,4795.044241,1.0
-20.0,50,4795.556257,1.0
-7.0,50,4796.070359,1.0
-4.0,50,4796.606552,1.0
-17.0,50,4797.127264,1.0
-8.0,50,4797.641996,1.0
-11.0,50,4798.159686,1.0
-13.0,50,4798.692931,1.0
-14.0,50,4799.205612,1.0
-13.0,50,4799.72084,1.0
-21.0,50,4800.242267,1.0
-21.0,50,4800.788299,1.0
-12.0,50,4801.316518,1.0
-10.0,50,4801.848783,1.0
-11.0,50,4802.374103,1.0
-14.0,50,4802.9305,1.0
-8.0,50,4803.46355,1.0
-39.0,50,4803.988441,1.0
-10.0,50,4804.516948,1.0
-29.0,50,4805.06323,1.0
-15.0,50,4805.59199,1.0
0.0,50,4806.116889,1.0
-10.0,50,4806.646553,1.0
-10.0,50,4807.207078,1.0
-6.0,50,4807.738105,1.0
-6.0,50,4808.260136,1.0
-14.0,50,4808.788499,1.0
-9.0,50,4809.328233,1.0
-11.0,50,4809.853453,1.0
-13.0,50,4810.375205,1.0
-5.0,50,4810.901566,1.0
-30.0,50,4811.452509,1.0
-16.0,50,4811.98325,1.0
-8.0,50,4812.50626,1.0
-12.0,50,4813.045653,1.0
-12.0,50,4813.606895,1.0
-6.0,50,4814.141657,1.0
-12.0,50,4814.677849,1.0
-13.0,50,4815.215776,1.0
-11.0,50,4815.771514,1.0
-11.0,50,4816.310753,1.0
-11.0,50,4816.849538,1.0
-10.0,50,4817.38912,1.0
-10.0,50,4817.934496,1.0
0.0,50,4818.449016,1.0
-15.0,50,4818.965863,1.0
-12.0,50,4819.484116,1.0
-11.0,50,4820.019427,1.0
-5.0,50,4820.540102,1.0
-11.0,50,4821.059203,1.0
-9.0,50,4821.585247,1.0
-7.0,50,4822.133204,1.0
-9.0,50,4822.658568,1.0
-5.0,50,4823.181606,1.0
0.0,50,4823.703197,1.0
-9.0,50,4824.243174,1.0
-14.0,50,4824.764971,1.0
-16.0,50,4825.284137,1.0
-14.0,50,4825.814335,1.0
-16.0,50,4826.368548,1.0
-14.0,50,4826.892959,1.0
-16.0,50,4827.416623,1.0
-11.0,50,4827.941104,1.0
-8.0,50,4828.487986,1.0
-8.0,50,4829.012509,1.0
-11.0,50,4829.533007,1.0
-12.0,50,4830.054866,1.0
-12.0,50,4830.594327,1.0
-11.0,50,4831.120208,1.0
-15.0,50,4831.639225,1.0
0.0,50,4832.159993,1.0
-19.0,50,4832.694778,1.0
-10.0,50,4833.222172,1.0
-10.0,50,4833.744121,1.0
-11.0,50,4834.271441,1.0
-11.0,50,4834.816076,1.0
-9.0,50,4835.342641,1.0
-13.0,50,4835.868254,1.0
-11.0,50,4836.391977,1.0
-13.0,50,4836.932202,1.0
-8.0,50,4837.45871,1.0
-11.0,50,4837.977796,1.0
-7.0,50,4838.501494,1.0
-7.0,50,4839.049568,1.0
-12.0,50,4839.573434,1.0
-11.0,50,4840.100808,1.0
-6.0,50,4840.626137,1.0
-12.0,50,4841.163403,1.0
-10.0,50,4841.687154,1.0
-9.0,50,4842.211035,1.0
-11.0,50,4842.742117,1.0
-50.0,50,4843.278054,0.0
-9.0,50,4843.802,1.0
-15.0,50,4844.322883,1.0
-9.0,50,4844.842042,1.0
-14.0,50,4845.389033,1.0
-25.0,50,4845.908584,1.0
-8.0,50,4846.428425,1.0
-9.0,50,4846.951113,1.0
-18.0,50,4847.493542,1.0
-18.0,50,4848.013912,1.0
-6.0,50,4848.542516,1.0
-17.0,50,4849.068049,1.0
-9.0,50,4849.630591,1.0
-12.0,50,4850.162641,1.0
-20.0,50,4850.697427,1.0
-13.0,50,4851.236763,1.0
-13.0,50,4851.788926,1.0
-20.0,50,4852.321557,1.0
-10.0,50,4852.853933,1.0
-10.0,50,4853.387146,1.0
-11.0,50,4853.944023,1.0
-9.0,50,4854.480642,1.0
-9.0,50,4855.010407,1.0
-9.0,50,4855.540132,1.0
-9.0,50,4856.092673,1.0
0.0,50,4856.630541,1.0
-9.0,50,4857.165337,1.0
-14.0,50,4857.702736,1.0
-12.0,50,4860.557392,1.0
-5.0,50,4861.083595,1.0
-14.0,50,4861.604878,1.0
-8.0,50,4862.129718,1.0
-7.0,50,4862.679975,1.0
-10.0,50,4863.209595,1.0
-10.0,50,4863.736812,1.0
-13.0,50,4864.266562,1.0
-50.0,50,4864.811166,0.0
-12.0,50,4865.330959,1.0
-19.0,50,4865.852438,1.0
-16.0,50,4866.37878,1.0
-11.0,50,4866.919188,1.0
-6.0,50,4867.445243,1.0
-12.0,50,4867.969042,1.0
-5.0,50,4868.48989,1.0
-10.0,50,4869.033245,1.0
-6.0,50,4869.556914,1.0
-13.0,50,4870.077046,1.0
-17.0,50,4870.602185,1.0
-10.0,50,4871.143669,1.0
-9.0,50,4871.668488,1.0
-11.0,50,4872.196012,1.0
-30.0,50,4872.71753,1.0
-7.0,50,4873.253761,1.0
-20.0,50,4873.778958,1.0
-16.0,50,4874.304395,1.0
-17.0,50,4874.828214,1.0
-11.0,50,4875.375016,1.0
-17.0,50,4875.895795,1.0
-10.0,50,4876.421054,1.0
-16.0,50,4876.950339,1.0
-7.0,50,4877.490455,1.0
-11.0,50,4878.014267,1.0
-12.0,50,4878.531288,1.0
-13.0,50,4879.05966,1.0
-12.0,50,4879.596402,1.0
-16.0,50,4880.11311,1.0
-6.0,50,4880.642661,1.0
0.0,50,4881.170369,1.0
-7.0,50,4881.709285,1.0
-11.0,50,4882.234059,1.0
-12.0,50,4882.752115,1.0
-7.0,50,4883.282887,1.0
-11.0,50,4883.832026,1.0
-14.0,50,4884.358335,1.0
-12.0,50,4884.885381,1.0
-10.0,50,4885.406644,1.0
-5.0,50,4885.94184,1.0
-9.0,50,4886.468465,1.0
-16.0,50,4886.988965,1.0
-17.0,50,4887.513192,1.0
-10.0,50,4888.050029,1.0
-15.0,50,4888.577085,1.0
-11.0,50,4889.09778,1.0
-14.0,50,4889.623086,1.0
-15.0,50,4890.158849,1.0
0.0,50,4890.687199,1.0
-19.0,50,4891.21195,1.0
-20.0,50,4891.737051,1.0
-13.0,50,4892.275293,1.0
-13.0,50,4892.799223,1.0
-7.0,50,4893.328101,1.0
-11.0,50,4893.849666,1.0
-9.0,50,4894.389698,1.0
-20.0,50,4894.916264,1.0
-14.0,50,4895.431342,1.0
-10.0,50,4895.958792,1.0
-10.0,50,4896.520084,1.0
-10.0,50,4897.047086,1.0
-8.0,50,4897.573564,1.0
-15.0,50,4898.100194,1.0
0.0,50,4898.643133,1.0
-8.0,50,4899.17327,1.0
-20.0,50,4899.700052,1.0
-7.0,50,4900.221934,1.0
-7.0,50,4900.765383,1.0
-10.0,50,4901.288123,1.0
-15.0,50,4901.819641,1.0
-7.0,50,4902.341172,1.0
-7.0,50,4902.887683,1.0
-12.0,50,4903.41339,1.0
-12.0,50,4903.940395,1.0
-23.0,50,4904.466306,1.0
-50.0,50,4905.006681,0.0
-17.0,50,4905.528588,1.0
-12.0,50,4906.044001,1.0
-13.0,50,4906.566118,1.0
-9.0,50,4907.106313,1.0
-23.0,50,4907.629661,1.0
-7.0,50,4908.158152,1.0
-12.0,50,4908.682059,1.0
-3.0,50,4909.227198,1.0
-10.0,50,4909.753396,1.0
-8.0,50,4910.274505,1.0
-30.0,50,4910.796804,1.0
-45.0,50,4911.342404,1.0
-9.0,50,4911.869758,1.0
-19.0,50,4912.394169,1.0
-36.0,50,4912.915384,1.0
-6.0,50,4913.458084,1.0
-13.0,50,4913.981465,1.0
-11.0,50,4914.503741,1.0
-16.0,50,4915.026505,1.0
-32.0,50,4915.575513,1.0
-9.0,50,4916.099801,1.0
-11.0,50,4916.618299,1.0
-4.0,50,4917.144344,1.0
-14.0,50,4917.691716,1.0
-10.0,50,4918.219288,1.0
-11.0,50,4918.739482,1.0
0.0,50,4919.264473,1.0
-11.0,50,4919.799278,1.0
-11.0,50,4920.321916,1.0
-9.0,50,4920.845459,1.0
-14.0,50,4921.367216,1.0
-15.0,50,4921.902666,1.0
-19.0,50,4922.429602,1.0
-5.0,50,4922.959665,1.0
-14.0,50,4923.48312,1.0
-15.0,50,4924.047161,1.0
-24.0,50,4924.565321,1.0
-16.0,50,4925.090189,1.0
-12.0,50,4925.62025,1.0
-6.0,50,4926.184238,1.0
-7.0,50,4926.711991,1.0
-50.0,50,4927.238828,0.0
-5.0,50,4927.770242,1.0
-8.0,50,4928.329648,1.0
-7.0,50,4928.853384,1.0
-7.0,50,4929.379873,1.0
0.0,50,4929.904139,1.0
-20.0,50,4930.46827,1.0
-3.0,50,4930.987218,1.0
-7.0,50,4931.509634,1.0
-10.0,50,4932.038481,1.0
-12.0,50,4932.597571,1.0
-16.0,50,4933.120398,1.0
-14.0,50,4933.64333,1.0
-5.0,50,4934.161745,1.0
-12.0,50,4934.737273,1.0
-17.0,50,4935.264286,1.0
0.0,50,4935.790593,1.0
-7.0,50,4936.317541,1.0
-19.0,50,4936.851364,1.0
-10.0,50,4937.371672,1.0
-6.0,50,4937.896347,1.0
-12.0,50,4938.416711,1.0
-10.0,50,4938.960858,1.0
-13.0,50,4939.484349,1.0
-11.0,50,4940.002119,1.0
-15.0,50,4940.519345,1.0
-7.0,50,4941.059482,1.0
-11.0,50,4941.579251,1.0
-18.0,50,4942.096076,1.0
0.0,50,4942.612128,1.0
-6.0,50,4943.158477,1.0
-13.0,50,4943.673476,1.0
-11.0,50,4944.189035,1.0
-22.0,50,4944.707222,1.0
-8.0,50,4945.240677,1.0
-22.0,50,4945.765887,1.0
-9.0,50,4946.287175,1.0
-24.0,50,4946.811873,1.0
-7.0,50,4947.347232,1.0
-16.0,50,4947.863939,1.0
-13.0,50,4948.384813,1.0
-9.0,50,4948.907378,1.0
-17.0,50,4949.453643,1.0
-10.0,50,4949.971352,1.0
-10.0,50,4950.493181,1.0
-16.0,50,4951.010453,1.0
-33.0,50,4951.545559,1.0
-15.0,50,4952.064101,1.0
-8.0,50,4952.592276,1.0
-17.0,50,4953.110411,1.0
-15.0,50,4953.672452,1.0
-10.0,50,4954.201142,1.0
-10.0,50,4954.72361,1.0
-36.0,50,4955.247525,1.0
-23.0,50,4955.803283,1.0
-10.0,50,4956.323637,1.0
-22.0,50,4956.849623,1.0
0.0,50,4957.379649,1.0
-12.0,50,4957.92278,1.0
-8.0,50,4958.447683,1.0
-14.0,50,4958.970234,1.0
-20.0,50,4959.489448,1.0
-13.0,50,4960.035772,1.0
-6.0,50,4960.563711,1.0
-11.0,50,4961.081923,1.0
0.0,50,4961.607692,1.0
-11.0,50,4962.149096,1.0
-10.0,50,4962.676836,1.0
-16.0,50,4963.200734,1.0
-50.0,50,4963.730006,0.0
-25.0,50,4964.272047,1.0
-16.0,50,4964.792943,1.0
-16.0,50,4965.317737,1.0
-15.0,50,4965.838732,1.0
-12.0,50,4968.766135,1.0
0.0,50,4969.288972,1.0
-11.0,50,4969.814478,1.0
-9.0,50,4970.339377,1.0
-7.0,50,4970.886472,1.0
-11.0,50,4971.417093,1.0
-10.0,50,4971.943069,1.0
-15.0,50,4972.465932,1.0
-48.0,50,4973.011869,0.0
0.0,50,4973.533863,1.0
-8.0,50,4974.056869,1.0
-18.0,50,4974.578695,1.0
-11.0,50,4975.119492,1.0
-9.0,50,4975.643887,1.0
-7.0,50,4976.174899,1.0
0.0,50,4976.696563,1.0
-13.0,50,4977.242794,1.0
-8.0,50,4977.763856,1.0
-14.0,50,4978.287689,1.0
-29.0,50,4978.809388,1.0
-10.0,50,4979.351095,1.0
-11.0,50,4979.877823,1.0
-18.0,50,4980.411324,1.0
-10.0,50,4980.94986,1.0
-9.0,50,4981.498589,1.0
-16.0,50,4982.03336,1.0
-17.0,50,4982.56593,1.0
-11.0,50,4983.10059,1.0
-10.0,50,4983.656944,1.0
-12.0,50,4984.19283,1.0
-9.0,50,4984.72186,1.0
-13.0,50,4985.250684,1.0
-8.0,50,4985.806613,1.0
-9.0,50,4986.340271,1.0
-13.0,50,4986.869612,1.0
-13.0,50,4987.405778,1.0
-13.0,50,4987.950802,1.0
-10.0,50,4988.483978,1.0
-12.0,50,4989.019057,1.0
-15.0,50,4989.549086,1.0
-12.0,50,4990.101616,1.0
-13.0,50,4990.634513,1.0
-9.0,50,4991.17032,1.0
-10.0,50,4991.705468,1.0
-45.0,50,4992.258109,1.0
-8.0,50,4992.79715,1.0
-6.0,50,4993.324812,1.0
-14.0,50,4993.848411,1.0
-6.0,50,4994.388378,1.0
0.0,50,4994.904554,1.0
-15.0,50,4995.429599,1.0
-50.0,50,4995.953284,0.0
-11.0,50,4996.487818,1.0
-4.0,50,4997.005901,1.0
-8.0,50,4997.523227,1.0
-20.0,50,4998.040625,1.0
-12.0,50,4998.583546,1.0
-11.0,50,4999.10366,1.0
-5.0,50,4999.627952,1.0
-16.0,50,5000.14657,1.0
-12.0,50,5000.697655,1.0
-25.0,50,5001.218469,1.0
-13.0,50,5001.739336,1.0
-16.0,50,5002.258252,1.0
0.0,50,5002.807042,1.0
-15.0,50,5003.333282,1.0
-12.0,50,5003.85373,1.0
0.0,50,5004.369404,1.0
-10.0,50,5004.912355,1.0
-5.0,50,5005.436836,1.0
-9.0,50,5005.955667,1.0
-30.0,50,5006.481968,1.0
-11.0,50,5007.025779,1.0
-20.0,50,5007.548539,1.0
-21.0,50,5008.068924,1.0
-12.0,50,5008.59399,1.0
-14.0,50,5009.132238,1.0
-11.0,50,5009.658118,1.0
0.0,50,5010.176605,1.0
-9.0,50,5010.704656,1.0
-6.0,50,5011.246661,1.0
-10.0,50,5011.766482,1.0
-11.0,50,5012.291575,1.0
-19.0,50,5012.811952,0.0
-6.0,50,5013.360044,1.0
-14.0,50,5013.887727,1.0
-5.0,50,5014.409901,1.0
-10.0,50,5014.935782,1.0
-12.0,50,5015.474171,1.0
-14.0,50,5015.999161,1.0
-13.0,50,5016.526906,1.0
-8.0,50,5017.055897,1.0
-30.0,50,5017.596693,1.0
0.0,50,5018.117008,1.0
-12.0,50,5018.637347,1.0
-10.0,50,5019.16191,1.0
-8.0,50,5019.695956,1.0
-10.0,50,5020.218776,1.0
-15.0,50,5020.73753,1.0
0.0,50,5021.257479,1.0
-10.0,50,5021.8074,1.0
0.0,50,5022.330509,1.0
-15.0,50,5022.858481,1.0
-9.0,50,5023.379483,1.0
-11.0,50,5023.920681,1.0
-13.0,50,5024.435129,1.0
-13.0,50,5024.952709,1.0
-16.0,50,5025.470599,1.0
-15.0,50,5026.001451,1.0
-6.0,50,5026.535802,1.0
-10.0,50,5027.072294,1.0
-10.0,50,5027.604363,1.0
-14.0,50,5028.151664,1.0
-10.0,50,5028.68451,1.0
-19.0,50,5029.221924,1.0
-9.0,50,5029.741824,1.0
-15.0,50,5030.282703,1.0
-37.0,50,5030.801646,1.0
-9.0,50,5031.321431,1.0
-15.0,50,5031.841553,1.0
-9.0,50,5032.393676,1.0
-11.0,50,5032.920638,1.0
-22.0,50,5033.444362,1.0
-9.0,50,5033.966237,1.0
0.0,50,5034.513228,1.0
-15.0,50,5035.035662,1.0
-13.0,50,5035.558812,1.0
-7.0,50,5036.084158,1.0
-11.0,50,5036.629681,1.0
-9.0,50,5037.154805,1.0
-10.0,50,5037.676084,1.0
-8.0,50,5038.202616,1.0
-14.0,50,5038.752754,1.0
-6.0,50,5039.278795,1.0
-19.0,50,5039.794772,1.0
-11.0,50,5040.326603,1.0
0.0,50,5040.870233,1.0
-18.0,50,5041.407776,1.0
-15.0,50,5041.940306,1.0
-16.0,50,5042.468657,1.0
-11.0,50,5043.015897,1.0
-7.0,50,5043.551805,1.0
-16.0,50,5044.082292,1.0
-11.0,50,5044.619511,1.0
-14.0,50,5045.170922,1.0
-19.0,50,5045.706175,1.0
-7.0,50,5046.24405,1.0
-17.0,50,5046.776048,1.0
-24.0,50,5047.326895,1.0
-7.0,50,5047.858615,1.0
-12.0,50,5048.391266,1.0
-8.0,50,5048.906752,1.0
-8.0,50,5049.453996,1.0
-10.0,50,5049.965515,1.0
-10.0,50,5050.480711,1.0
-9.0,50,5050.993814,1.0
-22.0,50,5051.523533,1.0
-11.0,50,5052.044781,1.0
-9.0,50,5052.572008,1.0
0.0,50,5053.084576,1.0
-13.0,50,5053.62673,1.0
-6.0,50,5054.13407,1.0
-20.0,50,5054.650054,1.0
-13.0,50,5055.168853,1.0
-34.0,50,5055.704787,1.0
-7.0,50,5056.221145,1.0
-7.0,50,5056.744158,1.0
-4.0,50,5057.263623,1.0
-18.0,50,5057.79746,1.0
-12.0,50,5058.308537,1.0
-5.0,50,5058.82014,1.0
-13.0,50,5059.341026,1.0
-16.0,50,5059.871614,1.0
-11.0,50,5060.382961,1.0
-13.0,50,5060.893943,1.0
-9.0,50,5061.406589,1.0
-21.0,50,5061.944095,1.0
-9.0,50,5062.462055,1.0
-13.0,50,5062.982981,1.0
-12.0,50,5063.501785,1.0
-10.0,50,5064.032609,1.0
-20.0,50,5064.550372,1.0
-4.0,50,5065.071972,1.0
-25.0,50,5065.589863,1.0
-17.0,50,5066.122599,1.0
-14.0,50,5066.640304,1.0
-16.0,50,5067.148556,1.0
-10.0,50,5067.6652,1.0
-20.0,50,5068.198128,1.0
-8.0,50,5068.713776,1.0
-13.0,50,5069.231806,1.0
-11.0,50,5069.747523,1.0
-11.0,50,5070.289792,1.0
-12.0,50,5070.804129,1.0
-10.0,50,5071.328342,1.0
-13.0,50,5071.862899,1.0
-12.0,50,5072.409916,1.0
-17.0,50,5072.933758,1.0
-14.0,50,5073.468503,1.0
-8.0,50,5073.995857,1.0
-6.0,50,5076.860971,1.0
-13.0,50,5077.385206,1.0
-12.0,50,5077.913196,1.0
-14.0,50,5078.44729,1.0
0.0,50,5078.997627,1.0
-8.0,50,5079.529605,1.0
-14.0,50,5080.055037,1.0
-11.0,50,5080.589468,1.0
-4.0,50,5081.13396,1.0
-8.0,50,5081.662401,1.0
-9.0,50,5082.190347,1.0
0.0,50,5082.70878,1.0
-11.0,50,5083.245459,1.0
-9.0,50,5083.764756,1.0
-17.0,50,5084.285045,1.0
-9.0,50,5084.80257,1.0
-19.0,50,5085.336707,1.0
-19.0,50,5085.850541,1.0
-13.0,50,5086.369708,1.0
-14.0,50,5086.890562,1.0
0.0,50,5087.416025,1.0
-18.0,50,5087.933967,1.0
-19.0,50,5088.452012,1.0
-12.0,50,5088.971295,1.0
-3.0,50,5089.50763,1.0
-7.0,50,5090.023979,1.0
-10.0,50,5090.542868,1.0
-4.0,50,5091.056579,1.0
-13.0,50,5091.59498,1.0
-8.0,50,5092.111698,1.0
0.0,50,5092.632335,1.0
-26.0,50,5093.159786,1.0
-15.0,50,5093.704776,1.0
-6.0,50,5094.224584,1.0
-5.0,50,5094.750806,1.0
-17.0,50,5095.272102,1.0
-18.0,50,5095.802793,1.0
-12.0,50,5096.325859,1.0
-8.0,50,5096.844895,1.0
-20.0,50,5097.36794,1.0
-11.0,50,5097.902114,1.0
-15.0,50,5098.419854,1.0
0.0,50,5098.937827,1.0
-17.0,50,5099.46033,1.0
-13.0,50,5099.998491,1.0
-10.0,50,5100.519665,1.0
-12.0,50,5101.044892,1.0
-13.0,50,5101.56374,1.0
-15.0,50,5102.103663,1.0
-11.0,50,5102.626494,1.0
-10.0,50,5103.148765,1.0
-27.0,50,5103.667631,1.0
-14.0,50,5104.211375,1.0
-17.0,50,5104.728066,1.0
-15.0,50,5105.250295,1.0
-15.0,50,5105.77545,1.0
-13.0,50,5106.314979,1.0
-8.0,50,5106.836775,1.0
-14.0,50,5107.361336,1.0
0.0,50,5107.887254,1.0
0.0,50,5108.421279,1.0
0.0,50,5108.936811,1.0
-10.0,50,5109.461045,1.0
-13.0,50,5109.985755,1.0
-12.0,50,5110.525873,1.0
-9.0,50,5111.048008,1.0
0.0,50,5111.575212,1.0
-14.0,50,5112.099996,1.0
-8.0,50,5112.641757,1.0
-32.0,50,5113.162038,1.0
-6.0,50,5113.688379,1.0
-10.0,50,5114.208439,1.0
-22.0,50,5114.753092,1.0
-9.0,50,5115.274553,1.0
-7.0,50,5115.793814,1.0
-6.0,50,5116.320918,1.0
-11.0,50,5116.854928,1.0
-10.0,50,5117.370756,1.0
-9.0,50,5117.885953,1.0
-20.0,50,5118.400412,1.0
-14.0,50,5118.949391,1.0
-16.0,50,5119.4721,1.0
-7.0,50,5119.991852,1.0
-21.0,50,5120.511233,1.0
-19.0,50,5121.039751,1.0
-26.0,50,5121.554571,1.0
-6.0,50,5122.075058,1.0
-15.0,50,5122.59023,1.0
-18.0,50,5123.126756,1.0
-15.0,50,5123.641915,1.0
-9.0,50,5124.161995,1.0
-12.0,50,5124.6805,1.0
-43.0,50,5125.217948,1.0
-29.0,50,5125.74419,1.0
-14.0,50,5126.265146,1.0
-11.0,50,5126.789049,1.0
0.0,50,5127.328886,1.0
-11.0,50,5127.842031,1.0
-3.0,50,5128.359127,1.0
-13.0,50,5128.881719,1.0
-17.0,50,5129.414165,1.0
-13.0,50,5129.936051,1.0
-12.0,50,5130.460059,1.0
-14.0,50,5130.988572,1.0
-7.0,50,5131.531451,1.0
-13.0,50,5132.053743,1.0
-11.0,50,5132.573988,1.0
-8.0,50,5133.100536,1.0
-18.0,50,5133.641997,1.0
-12.0,50,5134.164085,1.0
-11.0,50,5134.688956,1.0
-6.0,50,5135.210321,1.0
-11.0,50,5135.753371,1.0
-5.0,50,5136.277826,1.0
-16.0,50,5136.799047,1.0
-12.0,50,5137.323123,1.0
-20.0,50,5137.852686,1.0
-10.0,50,5138.371194,1.0
-32.0,50,5138.894276,1.0
-8.0,50,5139.421997,1.0
-12.0,50,5139.970983,1.0
-6.0,50,5140.494708,1.0
-13.0,50,5141.017051,1.0
-11.0,50,5141.5344,1.0
-8.0,50,5142.073198,1.0
-9.0,50,5142.596051,1.0
-8.0,50,5143.117019,1.0
-16.0,50,5143.641356,1.0
-4.0,50,5144.175926,1.0
-7.0,50,5144.699915,1.0
-12.0,50,5145.228608,1.0
-14.0,50,5145.750222,1.0
-8.0,50,5146.281894,1.0
-11.0,50,5146.801122,1.0
-10.0,50,5147.315855,1.0
-16.0,50,5147.847256,1.0
-15.0,50,5148.395366,1.0
-21.0,50,5148.93219,1.0
-14.0,50,5149.461746,1.0
-9.0,50,5149.999636,1.0
-10.0,50,5150.555139,1.0
-9.0,50,5151.094755,1.0
-13.0,50,5151.631821,1.0
-12.0,50,5152.166817,1.0
-5.0,50,5152.721387,1.0
-7.0,50,5153.259551,1.0
-18.0,50,5153.79368,1.0
-50.0,50,5154.327618,0.0
-14.0,50,5154.878702,1.0
-16.0,50,5155.412371,1.0
0.0,50,5155.947229,1.0
-9.0,50,5156.488003,1.0
-11.0,50,5157.043935,1.0
-45.0,50,5157.57795,1.0
-5.0,50,5158.116557,1.0
0.0,50,5158.64848,1.0
0.0,50,5159.194935,1.0
-9.0,50,5159.711663,1.0
-8.0,50,5160.233723,1.0
-9.0,50,5160.754612,1.0
-13.0,50,5161.284241,1.0
-13.0,50,5161.79931,1.0
-13.0,50,5162.317639,1.0
-4.0,50,5162.829824,1.0
-15.0,50,5163.359054,1.0
-11.0,50,5163.872914,1.0
-15.0,50,5164.396964,1.0
-6.0,50,5164.920119,1.0
-19.0,50,5165.446923,1.0
-6.0,50,5165.965369,1.0
-11.0,50,5166.48565,1.0
-12.0,50,5166.997895,1.0
-11.0,50,5167.52498,1.0
-11.0,50,5168.043172,1.0
-17.0,50,5168.558038,1.0
0.0,50,5169.083601,1.0
-24.0,50,5169.616119,1.0
-3.0,50,5170.131124,1.0
-16.0,50,5170.648294,1.0
-14.0,50,5171.169876,1.0
0.0,50,5171.704273,1.0
-7.0,50,5172.228486,1.0
-7.0,50,5172.742446,1.0
-13.0,50,5173.260986,1.0
0.0,50,5173.790114,1.0
-6.0,50,5174.300297,1.0
-9.0,50,5174.811141,1.0
-11.0,50,5175.341541,1.0
-7.0,50,5175.925861,1.0
-8.0,50,5176.456175,1.0
-4.0,50,5176.988701,1.0
-7.0,50,5177.523324,1.0
-8.0,50,5178.058217,1.0
-13.0,50,5178.577997,1.0
-47.0,50,5179.092248,0.0
0.0,50,5179.612468,1.0
-17.0,50,5180.14754,1.0
-14.0,50,5180.669305,1.0
-8.0,50,5181.187531,1.0
-8.0,50,5181.701356,1.0
-27.0,50,5184.495341,1.0
-6.0,50,5185.014168,1.0
-23.0,50,5185.528447,1.0
-12.0,50,5186.051885,1.0
-7.0,50,5186.585384,1.0
-11.0,50,5187.102148,1.0
-15.0,50,5187.61738,1.0
-15.0,50,5188.137059,1.0
-12.0,50,5188.67716,1.0
-7.0,50,5189.197687,1.0
-11.0,50,5189.713343,1.0
-12.0,50,5190.231126,1.0
-10.0,50,5190.775364,1.0
-11.0,50,5191.29066,1.0
-11.0,50,5191.815107,1.0
-7.0,50,5192.330139,1.0
-10.0,50,5192.957153,1.0
-16.0,50,5193.482211,1.0
0.0,50,5194.005159,1.0
-17.0,50,5194.531068,1.0
-16.0,50,5195.103295,1.0
-11.0,50,5195.623604,1.0
-7.0,50,5196.141324,1.0
-9.0,50,5196.665136,1.0
-12.0,50,5197.221147,1.0
-9.0,50,5197.74462,1.0
-11.0,50,5198.269833,1.0
0.0,50,5198.7903,1.0
-11.0,50,5199.327638,1.0
0.0,50,5199.851237,1.0
-8.0,50,5200.369238,1.0
-20.0,50,5200.889076,1.0
0.0,50,5201.421207,1.0
-12.0,50,5201.946036,1.0
-8.0,50,5202.463049,1.0
-9.0,50,5202.9913,1.0
-15.0,50,5203.526689,1.0
-13.0,50,5204.052625,1.0
-11.0,50,5204.578165,1.0
-7.0,50,5205.097108,1.0
-13.0,50,5205.638044,1.0
-9.0,50,5206.161332,1.0
-7.0,50,5206.683522,1.0
-16.0,50,5207.211251,1.0
-10.0,50,5207.754042,1.0
-8.0,50,5208.272547,1.0
-28.0,50,5208.797261,1.0
-5.0,50,5209.312162,1.0
-9.0,50,5209.841424,1.0
-27.0,50,5210.36044,1.0
-14.0,50,5210.883228,1.0
-7.0,50,5211.405309,1.0
-10.0,50,5211.940485,1.0
-9.0,50,5212.45744,1.0
-21.0,50,5212.967199,0.0
0.0,50,5213.487323,1.0
-12.0,50,5214.02436,1.0
-12.0,50,5214.545564,1.0
-8.0,50,5215.062571,1.0
-24.0,50,5215.587357,1.0
-6.0,50,5216.132679,1.0
-12.0,50,5216.658378,1.0
-7.0,50,5217.177247,1.0
0.0,50,5217.695468,1.0
-10.0,50,5218.241464,1.0
-9.0,50,5218.764321,1.0
-10.0,50,5219.293723,1.0
-19.0,50,5219.817285,1.0
-14.0,50,5220.377163,1.0
-12.0,50,5220.893878,1.0
-24.0,50,5221.415473,1.0
-14.0,50,5221.931943,1.0
-6.0,50,5222.468501,1.0
-15.0,50,5222.991289,1.0
-6.0,50,5223.516667,1.0
-13.0,50,5224.030072,1.0
-8.0,50,5224.581099,1.0
-15.0,50,5225.115385,1.0
-10.0,50,5225.649333,1.0
-9.0,50,5226.190022,1.0
-12.0,50,5226.746355,1.0
-11.0,50,5227.278739,1.0
0.0,50,5227.816107,1.0
-6.0,50,5228.357702,1.0
-18.0,50,5228.941622,1.0
-10.0,50,5229.477921,1.0
-11.0,50,5230.010634,1.0
-41.0,50,5230.548475,1.0
-12.0,50,5231.113845,1.0
-15.0,50,5231.64981,1.0
-5.0,50,5232.180198,1.0
-11.0,50,5232.705786,1.0
-4.0,50,5233.255157,1.0
-6.0,50,5233.781058,1.0
-12.0,50,5234.299354,1.0
-8.0,50,5234.822332,1.0
-17.0,50,5235.361351,1.0
-13.0,50,5235.88841,1.0
-13.0,50,5236.413799,1.0
-44.0,50,5236.939838,1.0
-10.0,50,5237.474594,1.0
-14.0,50,5237.999062,1.0
-7.0,50,5238.519336,1.0
-10.0,50,5239.03677,1.0
-12.0,50,5239.600302,1.0
-12.0,50,5240.124779,1.0
-13.0,50,5240.647594,1.0
-10.0,50,5241.168877,1.0
-7.0,50,5241.711533,1.0
-26.0,50,5242.233513,1.0
-9.0,50,5242.75433,1.0
-8.0,50,5243.287096,1.0
-35.0,50,5243.847481,1.0
-12.0,50,5244.383316,1.0
-11.0,50,5244.917475,1.0
0.0,50,5245.44811,1.0
-10.0,50,5246.00545,1.0
-10.0,50,5246.53613,1.0
-12.0,50,5247.069607,1.0
-9.0,50,5247.605105,1.0
-21.0,50,5248.155968,1.0
0.0,50,5248.697208,1.0
-12.0,50,5249.228136,1.0
-49.0,50,5249.751374,0.0
-8.0,50,5250.287538,1.0
-13.0,50,5250.801675,1.0
-11.0,50,5251.322607,1.0
-14.0,50,5251.842828,1.0
0.0,50,5252.377269,1.0
-12.0,50,5252.897575,1.0
-25.0,50,5253.412515,1.0
-15.0,50,5253.933826,1.0
-10.0,50,5254.48507,1.0
-19.0,50,5255.013813,1.0
-14.0,50,5255.536399,1.0
-40.0,50,5256.059664,1.0
-8.0,50,5256.5976,1.0
-8.0,50,5257.113164,1.0
-9.0,50,5257.633505,1.0
-10.0,50,5258.151825,1.0
-5.0,50,5258.693264,1.0
-14.0,50,5259.214167,1.0
-11.0,50,5259.735681,1.0
-9.0,50,5260.260463,1.0
0.0,50,5260.793056,1.0
-13.0,50,5261.311083,1.0
-13.0,50,5261.832452,1.0
-9.0,50,5262.349236,1.0
-8.0,50,5262.893958,1.0
-12.0,50,5263.41087,1.0
-49.0,50,5263.931224,1.0
-9.0,50,5264.443624,1.0
-12.0,50,5264.998179,1.0
-14.0,50,5265.51882,1.0
-11.0,50,5266.047501,1.0
0.0,50,5266.562362,1.0
-5.0,50,5267.116484,1.0
-25.0,50,5267.645668,1.0
-10.0,50,5268.183995,1.0
-12.0,50,5268.719714,1.0
-11.0,50,5269.296191,1.0
-14.0,50,5269.832499,1.0
-10.0,50,5270.369186,1.0
-7.0,50,5270.909697,1.0
-50.0,50,5271.477408,0.0
-8.0,50,5271.998629,1.0
-8.0,50,5272.521517,1.0
-6.0,50,5273.037488,1.0
-18.0,50,5273.597657,1.0
-5.0,50,5274.111431,1.0
-14.0,50,5274.633486,1.0
-15.0,50,5275.156824,1.0
-12.0,50,5275.720262,1.0
-36.0,50,5276.241891,0.0
-11.0,50,5276.75975,1.0
-13.0,50,5277.277401,1.0
-16.0,50,5277.830632,1.0
-22.0,50,5278.347522,1.0
-10.0,50,5278.865757,1.0
-10.0,50,5279.386172,1.0
-9.0,50,5279.932135,1.0
-10.0,50,5280.450502,1.0
-9.0,50,5280.975008,1.0
-10.0,50,5281.499734,1.0
0.0,50,5282.050378,1.0
-10.0,50,5282.571926,1.0
-10.0,50,5283.085588,1.0
-22.0,50,5283.60486,1.0
-10.0,50,5284.14877,1.0
-35.0,50,5284.668814,1.0
-10.0,50,5285.184524,1.0
-13.0,50,5285.707567,1.0
-14.0,50,5286.243486,1.0
-25.0,50,5286.766462,1.0
0.0,50,5287.278539,1.0
-13.0,50,5287.799573,1.0
-20.0,50,5288.341938,1.0
0.0,50,5288.855923,1.0
-11.0,50,5289.372706,1.0
-11.0,50,5289.894343,1.0
-47.0,50,5292.816881,0.0
-17.0,50,5293.340796,1.0
-11.0,50,5293.863517,1.0
-9.0,50,5294.388613,1.0
-13.0,50,5294.924221,1.0
-14.0,50,5295.443939,1.0
-12.0,50,5295.969835,1.0
-11.0,50,5296.492752,1.0
-20.0,50,5297.052519,1.0
-12.0,50,5297.567286,1.0
-12.0,50,5298.095907,1.0
-40.0,50,5298.622066,1.0
-7.0,50,5299.159101,1.0
-19.0,50,5299.674737,1.0
-8.0,50,5300.191222,1.0
-9.0,50,5300.715554,1.0
-9.0,50,5301.248478,1.0
-10.0,50,5301.766428,1.0
-13.0,50,5302.289605,1.0
-13.0,50,5302.808037,1.0
-15.0,50,5303.348976,1.0
-46.0,50,5303.862624,0.0
-12.0,50,5304.385531,1.0
-5.0,50,5304.906857,1.0
-12.0,50,5305.458737,1.0
-6.0,50,5305.980699,1.0
-14.0,50,5306.500725,1.0
-5.0,50,5307.023327,1.0
-4.0,50,5307.572471,1.0
-20.0,50,5308.090516,1.0
-12.0,50,5308.614438,1.0
-10.0,50,5309.139109,1.0
-13.0,50,5309.680106,1.0
-6.0,50,5310.204745,1.0
-15.0,50,5310.730192,1.0
-10.0,50,5311.248878,1.0
-14.0,50,5311.796391,1.0
-6.0,50,5312.319647,1.0
-7.0,50,5312.844723,1.0
-14.0,50,5313.36383,1.0
-7.0,50,5313.90267,1.0
-10.0,50,5314.428707,1.0
-9.0,50,5314.945856,1.0
-12.0,50,5315.469528,1.0
-11.0,50,5316.0177,1.0
-14.0,50,5316.544836,1.0
-13.0,50,5317.060328,1.0
-14.0,50,5317.585682,1.0
-12.0,50,5318.125023,1.0
0.0,50,5318.652005,1.0
-13.0,50,5319.17053,1.0
-14.0,50,5319.69379,1.0
-11.0,50,5320.230452,1.0
-12.0,50,5320.7486,1.0
-13.0,50,5321.271948,1.0
-12.0,50,5321.792793,1.0
-16.0,50,5322.331394,1.0
-14.0,50,5322.848057,1.0
-15.0,50,5323.368926,1.0
-14.0,50,5323.884702,1.0
-14.0,50,5324.438809,1.0
-14.0,50,5324.960662,1.0
-6.0,50,5325.485259,1.0
-14.0,50,5326.007682,1.0
-11.0,50,5326.556437,1.0
-11.0,50,5327.081475,1.0
-11.0,50,5327.600711,1.0
-14.0,50,5328.12813,1.0
-15.0,50,5328.699936,1.0
-14.0,50,5329.22083,1.0
-10.0,50,5329.742096,1.0
-8.0,50,5330.267785,1.0
-8.0,50,5330.804783,1.0
-11.0,50,5331.332714,1.0
-15.0,50,5331.849897,1.0
-8.0,50,5332.37095,1.0
-10.0,50,5332.902871,1.0
-17.0,50,5333.423654,1.0
-12.0,50,5333.943683,1.0
-7.0,50,5334.462728,1.0
-8.0,50,5334.999,1.0
-16.0,50,5335.523781,1.0
-7.0,50,5336.041715,1.0
0.0,50,5336.565093,1.0
-9.0,50,5337.105871,1.0
-16.0,50,5337.626122,1.0
-28.0,50,5338.150989,0.0
-15.0,50,5338.673739,1.0
-7.0,50,5339.218526,1.0
-18.0,50,5339.743018,1.0
-9.0,50,5340.268195,1.0
-8.0,50,5340.809689,1.0
-9.0,50,5341.364187,1.0
-11.0,50,5341.90216,1.0
-4.0,50,5342.435896,1.0
-3.0,50,5342.970857,1.0
-9.0,50,5343.537148,1.0
-9.0,50,5344.076128,1.0
-19.0,50,5344.611264,1.0
-20.0,50,5345.149485,1.0
-9.0,50,5345.680748,1.0
-7.0,50,5346.20416,1.0
-14.0,50,5346.716495,1.0
-9.0,50,5347.227798,1.0
-14.0,50,5347.753706,1.0
-31.0,50,5348.272446,1.0
-7.0,50,5348.788765,1.0
-12.0,50,5349.30919,1.0
-9.0,50,5349.845692,1.0
-7.0,50,5350.370349,1.0
-19.0,50,5350.892735,1.0
0.0,50,5351.411695,1.0
-10.0,50,5351.957016,1.0
-8.0,50,5352.474604,1.0
-11.0,50,5352.996186,1.0
-6.0,50,5353.521355,1.0
-21.0,50,5354.060563,1.0
-13.0,50,5354.583911,1.0
-9.0,50,5355.105747,1.0
-12.0,50,5355.623942,1.0
-16.0,50,5356.162093,1.0
-21.0,50,5356.687304,1.0
0.0,50,5357.215105,1.0
-12.0,50,5357.744279,1.0
-11.0,50,5358.290742,1.0
-9.0,50,5358.820704,1.0
-8.0,50,5359.351774,1.0
-14.0,50,5359.87746,1.0
-16.0,50,5360.420179,1.0
-12.0,50,5360.941162,1.0
-9.0,50,5361.460089,1.0
-17.0,50,5361.977591,1.0
-15.0,50,5362.522125,1.0
-11.0,50,5363.040011,1.0
-7.0,50,5363.559575,1.0
-7.0,50,5364.081767,1.0
-7.0,50,5364.621993,1.0
-38.0,50,5365.143062,1.0
-5.0,50,5365.666083,1.0
0.0,50,5366.190957,1.0
-9.0,50,5366.728836,1.0
-8.0,50,5367.252378,1.0
-15.0,50,5367.779595,1.0
0.0,50,5368.303429,1.0
-10.0,50,5368.836997,1.0
-10.0,50,5369.356768,1.0
-9.0,50,5369.880169,1.0
-12.0,50,5370.406909,1.0
-14.0,50,5370.944068,1.0
-11.0,50,5371.467845,1.0
-8.0,50,5371.992058,1.0
-10.0,50,5372.512125,1.0
-13.0,50,5373.048303,1.0
-11.0,50,5373.568142,1.0
-17.0,50,5374.093241,1.0
-12.0,50,5374.612794,1.0
-47.0,50,5375.145721,0.0
-7.0,50,5375.667051,1.0
-9.0,50,5376.180794,1.0
-12.0,50,5376.698108,1.0
-8.0,50,5377.231889,1.0
-7.0,50,5377.758333,1.0
-14.0,50,5378.291775,1.0
-7.0,50,5378.831279,1.0
-14.0,50,5379.383913,1.0
-17.0,50,5379.914636,1.0
-18.0,50,5380.451477,1.0
-11.0,50,5380.987664,1.0
0.0,50,5381.540518,1.0
-9.0,50,5382.073827,1.0
-6.0,50,5382.603788,1.0
-8.0,50,5383.143074,1.0
-17.0,50,5383.693458,1.0
-12.0,50,5384.218988,1.0
-9.0,50,5384.741297,1.0
-7.0,50,5385.266752,1.0
-14.0,50,5385.799076,1.0
-19.0,50,5386.323223,1.0
-20.0,50,5386.849038,1.0
-12.0,50,5387.377048,1.0
-15.0,50,5387.923643,1.0
0.0,50,5388.462077,1.0
-14.0,50,5389.001269,1.0
-20.0,50,5389.537453,1.0
-17.0,50,5390.114981,1.0
-7.0,50,5390.639406,1.0
-7.0,50,5391.159615,1.0
-13.0,50,5391.682906,1.0
-16.0,50,5392.218737,1.0
-5.0,50,5392.751307,1.0
-17.0,50,5393.27001,1.0
-14.0,50,5393.790942,1.0
-7.0,50,5394.334322,1.0
-11.0,50,5394.858114,1.0
-14.0,50,5395.383075,1.0
-9.0,50,5395.904589,1.0
-12.0,50,5396.445087,1.0
-41.0,50,5396.967052,0.0
0.0,50,5397.487047,1.0
-33.0,50,5398.012991,1.0
-12.0,50,5400.894809,1.0
-13.0,50,5401.420308,1.0
-7.0,50,5401.941041,1.0
-6.0,50,5402.466123,1.0
-6.0,50,5403.003065,1.0
-11.0,50,5403.518371,1.0
-5.0,50,5404.037467,1.0
-9.0,50,5404.564923,1.0
-11.0,50,5405.093083,1.0
-11.0,50,5405.607783,1.0
-15.0,50,5406.126638,1.0
-46.0,50,5406.641031,0.0
-48.0,50,5407.169283,0.0
-17.0,50,5407.688839,1.0
-38.0,50,5408.208285,1.0
0.0,50,5408.725129,1.0
-11.0,50,5409.268608,1.0
-9.0,50,5409.78396,1.0
-11.0,50,5410.304571,1.0
-12.0,50,5410.824895,1.0
-9.0,50,5411.366452,1.0
-11.0,50,5411.886299,1.0
-18.0,50,5412.404125,1.0
-10.0,50,5412.923475,1.0
-14.0,50,5413.454122,1.0
0.0,50,5413.971906,1.0
-10.0,50,5414.4919,1.0
-16.0,50,5415.004087,1.0
-13.0,50,5415.537428,1.0
-9.0,50,5416.058993,1.0
-12.0,50,5416.577607,1.0
-7.0,50,5417.087759,1.0
-8.0,50,5417.621661,1.0
-17.0,50,5418.140696,1.0
-9.0,50,5418.655309,1.0
-14.0,50,5419.178308,1.0
-12.0,50,5419.736488,1.0
-17.0,50,5420.276066,1.0
-17.0,50,5420.809529,1.0
0.0,50,5421.340072,1.0
0.0,50,5421.880164,1.0
-4.0,50,5422.397598,1.0
-11.0,50,5422.91517,1.0
-6.0,50,5423.451849,1.0
-5.0,50,5424.000763,1.0
-10.0,50,5424.541352,1.0
-13.0,50,5425.083749,1.0
-7.0,50,5425.622421,1.0
-21.0,50,5426.173647,1.0
-11.0,50,5426.707206,1.0
-9.0,50,5427.246856,1.0
-14.0,50,5427.786722,1.0
-8.0,50,5428.334921,1.0
-10.0,50,5428.867228,1.0
-12.0,50,5429.410995,1.0
-12.0,50,5429.950956,1.0
-17.0,50,5430.510008,1.0
-10.0,50,5431.047007,1.0
-6.0,50,5431.589912,1.0
-6.0,50,5432.128324,1.0
-7.0,50,5432.680043,1.0
-8.0,50,5433.212185,1.0
-13.0,50,5433.749833,1.0
0.0,50,5434.287059,1.0
-17.0,50,5434.833819,1.0
-12.0,50,5435.373502,1.0
-9.0,50,5435.912769,1.0
-11.0,50,5436.449982,1.0
-8.0,50,5437.006004,1.0
-16.0,50,5437.547557,1.0
-13.0,50,5438.086978,1.0
0.0,50,5438.61089,1.0
-15.0,50,5439.146183,1.0
-16.0,50,5439.668795,1.0
0.0,50,5440.185059,1.0
-13.0,50,5440.709063,1.0
-16.0,50,5441.249064,1.0
-5.0,50,5441.771257,1.0
-10.0,50,5442.293941,1.0
-6.0,50,5442.80918,1.0
-6.0,50,5443.341985,1.0
-11.0,50,5443.858813,1.0
-15.0,50,5444.383113,1.0
0.0,50,5444.904128,1.0
-50.0,50,5445.44352,0.0
-8.0,50,5445.961505,1.0
-48.0,50,5446.482133,0.0
-13.0,50,5447.004147,1.0
-16.0,50,5447.543506,1.0
-7.0,50,5448.06891,1.0
-11.0,50,5448.591079,1.0
-10.0,50,5449.114218,1.0
-13.0,50,5449.651202,1.0
-11.0,50,5450.17049,1.0
-8.0,50,5450.692204,1.0
-9.0,50,5451.220707,1.0
-31.0,50,5451.765915,1.0
-15.0,50,5452.303335,1.0
-18.0,50,5452.83276,1.0
-12.0,50,5453.362137,1.0
-11.0,50,5453.894958,1.0
-6.0,50,5454.41172,1.0
0.0,50,5454.933889,1.0
-6.0,50,5455.451063,1.0
-23.0,50,5455.976344,1.0
-12.0,50,5456.496308,1.0
-10.0,50,5457.014346,1.0
-13.0,50,5457.525344,1.0
-8.0,50,5458.057102,1.0
-20.0,50,5458.572166,1.0
-22.0,50,5459.091465,1.0
-4.0,50,5459.609995,1.0
-12.0,50,5460.140982,1.0
-12.0,50,5460.658094,1.0
-21.0,50,5461.171756,1.0
-7.0,50,5461.685282,1.0
0.0,50,5462.234622,1.0
-8.0,50,5462.772525,1.0
-14.0,50,5463.299692,1.0
-50.0,50,5463.827052,0.0
-9.0,50,5464.377198,1.0
-11.0,50,5464.905461,1.0
-8.0,50,5465.429436,1.0
-15.0,50,5465.961648,1.0
-12.0,50,5466.505739,1.0
-11.0,50,5467.038293,1.0
-9.0,50,5467.56869,1.0
-7.0,50,5468.10025,1.0
-6.0,50,5468.647455,1.0
-11.0,50,5469.17662,1.0
-10.0,50,5469.705514,1.0
-14.0,50,5470.239745,1.0
-5.0,50,5470.794076,1.0
-26.0,50,5471.328723,1.0
-6.0,50,5471.846024,1.0
-10.0,50,5472.367392,1.0
-19.0,50,5472.913924,1.0
0.0,50,5473.429544,1.0
-9.0,50,5473.959872,1.0
-7.0,50,5474.49384,1.0
-6.0,50,5475.03785,1.0
-8.0,50,5475.571268,1.0
-7.0,50,5476.107537,1.0
0.0,50,5476.641324,1.0
-13.0,50,5477.184951,1.0
-15.0,50,5477.71977,1.0
-14.0,50,5478.244556,1.0
0.0,50,5478.762953,1.0
-17.0,50,5479.310379,1.0
-12.0,50,5479.834232,1.0
-11.0,50,5480.351141,1.0
-6.0,50,5480.877228,1.0
-7.0,50,5481.419785,1.0
-17.0,50,5481.945568,1.0
-50.0,50,5482.469205,0.0
-14.0,50,5482.989193,1.0
-15.0,50,5483.528985,1.0
-16.0,50,5484.052374,1.0
-10.0,50,5484.579308,1.0
-8.0,50,5485.100694,1.0
-9.0,50,5485.635301,1.0
-7.0,50,5486.150553,1.0
-5.0,50,5486.669292,1.0
-26.0,50,5487.192631,1.0
-10.0,50,5487.73919,1.0
-10.0,50,5488.261809,1.0
0.0,50,5488.782444,1.0
-10.0,50,5489.309627,1.0
-10.0,50,5489.851809,1.0
-17.0,50,5490.371083,1.0
-11.0,50,5490.889169,1.0
-5.0,50,5491.411319,1.0
-16.0,50,5491.943934,1.0
-16.0,50,5492.466432,1.0
0.0,50,5492.980951,1.0
-6.0,50,5493.505372,1.0
-14.0,50,5494.050786,1.0
-9.0,50,5494.575292,1.0
-14.0,50,5495.101845,1.0
-10.0,50,5495.632408,1.0
-14.0,50,5496.180324,1.0
-16.0,50,5496.707435,1.0
-10.0,50,5497.231161,1.0
-11.0,50,5497.753794,1.0
-8.0,50,5498.29556,1.0
-13.0,50,5498.816728,1.0
-13.0,50,5499.345912,1.0
-23.0,50,5499.875147,1.0
-14.0,50,5500.425773,1.0
-7.0,50,5500.957308,1.0
-14.0,50,5501.490101,1.0
-15.0,50,5502.031582,1.0
-13.0,50,5502.582996,1.0
0.0,50,5503.117044,1.0
-7.0,50,5503.644705,1.0
0.0,50,5504.177305,1.0
-15.0,50,5504.720823,1.0
-9.0,50,5505.245113,1.0
0.0,50,5505.76906,1.0
0.0,50,5506.303537,1.0
-9.0,50,5509.192019,1.0
-11.0,50,5509.711288,1.0
-15.0,50,5510.229637,1.0
0.0,50,5510.749133,1.0
-20.0,50,5511.282386,1.0
-23.0,50,5511.807664,1.0
-7.0,50,5512.326499,1.0
-7.0,50,5512.854523,1.0
-11.0,50,5513.393603,1.0
-12.0,50,5513.91061,1.0
-11.0,50,5514.439981,1.0
-11.0,50,5514.958369,1.0
-10.0,50,5515.49994,1.0
-17.0,50,5516.02442,1.0
-15.0,50,5516.546368,1.0
-11.0,50,5517.067401,1.0
-10.0,50,5517.615495,1.0
-9.0,50,5518.134967,1.0
-15.0,50,5518.662785,1.0
-6.0,50,5519.19029,1.0
-16.0,50,5519.736916,1.0
-10.0,50,5520.267133,1.0
-9.0,50,5520.797148,1.0
-11.0,50,5521.325834,1.0
-11.0,50,5521.866839,1.0
-11.0,50,5522.396517,1.0
-6.0,50,5522.927369,1.0
-7.0,50,5523.460805,1.0
-12.0,50,5524.001856,1.0
-9.0,50,5524.532504,1.0
-15.0,50,5525.057711,1.0
-13.0,50,5525.577509,1.0
-7.0,50,5526.123275,1.0
-12.0,50,5526.648734,1.0
-13.0,50,5527.180089,1.0
-10.0,50,5527.705304,1.0
-12.0,50,5528.254388,1.0
-15.0,50,5528.774614,1.0
-14.0,50,5529.293308,1.0
-6.0,50,5529.815823,1.0
-11.0,50,5530.364274,1.0
-20.0,50,5530.886849,1.0
-9.0,50,5531.410398,1.0
-13.0,50,5531.93574,1.0
-14.0,50,5532.478606,1.0
-3.0,50,5533.005764,1.0
-8.0,50,5533.532055,1.0
-41.0,50,5534.059242,1.0
-14.0,50,5534.597394,1.0
-7.0,50,5535.121984,1.0
-19.0,50,5535.647504,1.0
-19.0,50,5536.17038,1.0
-9.0,50,5536.708453,1.0
-8.0,50,5537.238919,1.0
-13.0,50,5537.763983,1.0
-14.0,50,5538.287105,1.0
-10.0,50,5538.831424,1.0
-10.0,50,5539.358671,1.0
-16.0,50,5539.872298,1.0
-9.0,50,5540.394392,1.0
0.0,50,5540.937318,1.0
-5.0,50,5541.46357,1.0
-10.0,50,5541.984169,1.0
-10.0,50,5542.500372,1.0
-12.0,50,5543.040956,1.0
-19.0,50,5543.567629,1.0
-7.0,50,5544.085185,1.0
-12.0,50,5544.60943,1.0
-4.0,50,5545.149966,1.0
-25.0,50,5545.674956,1.0
-12.0,50,5546.195481,1.0
-32.0,50,5546.713055,1.0
-11.0,50,5547.252143,1.0
-11.0,50,5547.772119,1.0
-5.0,50,5548.296947,1.0
-12.0,50,5548.823653,1.0
-8.0,50,5549.365315,1.0
-16.0,50,5549.890549,1.0
-11.0,50,5550.411374,1.0
-5.0,50,5550.935628,1.0
-34.0,50,5551.480014,1.0
0.0,50,5551.99915,1.0
-16.0,50,5552.520431,1.0
-16.0,50,5553.048669,1.0
-14.0,50,5553.599363,1.0
-11.0,50,5554.119651,1.0
-5.0,50,5554.648843,1.0
-16.0,50,5555.176942,1.0
-7.0,50,5555.718791,1.0
-12.0,50,5556.243364,1.0
-11.0,50,5556.760296,1.0
-17.0,50,5557.284622,1.0
-27.0,50,5557.829429,1.0
0.0,50,5558.358609,1.0
-8.0,50,5558.881984,1.0
-12.0,50,5559.403347,1.0
-8.0,50,5559.940553,1.0
-3.0,50,5560.467565,1.0
-15.0,50,5560.991956,1.0
-13.0,50,5561.514267,1.0
-37.0,50,5562.057586,1.0
-12.0,50,5562.581741,1.0
-15.0,50,5563.102582,1.0
-6.0,50,5563.626881,1.0
-13.0,50,5564.166383,1.0
-9.0,50,5564.690296,1.0
-15.0,50,5565.211131,1.0
-38.0,50,5565.728824,1.0
-12.0,50,5566.306904,1.0
-21.0,50,5566.826459,1.0
-17.0,50,5567.343213,1.0
-8.0,50,5567.858807,1.0
-10.0,50,5568.40303,1.0
-16.0,50,5568.919555,1.0
-17.0,50,5569.440458,1.0
-6.0,50,5569.959359,1.0
-12.0,50,5570.507396,1.0
-7.0,50,5571.036682,1.0
-15.0,50,5571.55947,1.0
-14.0,50,5572.081801,1.0
0.0,50,5572.62996,1.0
-47.0,50,5573.148895,0.0
-21.0,50,5573.668522,1.0
-17.0,50,5574.189466,1.0
-11.0,50,5574.728052,1.0
0.0,50,5575.249695,1.0
-8.0,50,5575.775423,1.0
-10.0,50,5576.298487,1.0
-8.0,50,5576.861471,1.0
-16.0,50,5577.384211,1.0
-15.0,50,5577.909447,1.0
-16.0,50,5578.433608,1.0
-5.0,50,5578.974641,1.0
-11.0,50,5579.502441,1.0
-8.0,50,5580.021308,1.0
-11.0,50,5580.550902,1.0
-12.0,50,5581.089823,1.0
-9.0,50,5581.619217,1.0
-7.0,50,5582.142633,1.0
-12.0,50,5582.672189,1.0
-14.0,50,5583.215454,1.0
-17.0,50,5583.742376,1.0
-9.0,50,5584.267077,1.0
-10.0,50,5584.797984,1.0
-12.0,50,5585.340276,1.0
-9.0,50,5585.8644,1.0
-9.0,50,5586.379955,1.0
-6.0,50,5586.903345,1.0
0.0,50,5587.456728,1.0
-13.0,50,5587.981727,1.0
-7.0,50,5588.504849,1.0
-11.0,50,5589.026681,1.0
-15.0,50,5589.563078,1.0
-11.0,50,5590.084661,1.0
-11.0,50,5590.606711,1.0
-9.0,50,5591.124572,1.0
-18.0,50,5591.657865,1.0
-12.0,50,5592.177781,1.0
-16.0,50,5592.692351,1.0
-8.0,50,5593.214021,1.0
-12.0,50,5593.752939,1.0
-13.0,50,5594.27278,1.0
-12.0,50,5594.799841,1.0
-12.0,50,5595.323937,1.0
-6.0,50,5595.853628,1.0
-11.0,50,5596.36767,1.0
-9.0,50,5596.886635,1.0
-46.0,50,5597.404803,1.0
-13.0,50,5597.931139,1.0
-13.0,50,5598.451733,1.0
-11.0,50,5598.969627,1.0
-19.0,50,5599.494923,1.0
-11.0,50,5600.043068,1.0
-23.0,50,5600.558703,1.0
0.0,50,5601.073958,1.0
-15.0,50,5601.589301,1.0
-11.0,50,5602.131846,1.0
0.0,50,5602.661764,1.0
-5.0,50,5603.186087,1.0
-11.0,50,5603.713968,1.0
-8.0,50,5604.268138,1.0
-7.0,50,5604.798132,1.0
-11.0,50,5605.330469,1.0
-12.0,50,5605.857397,1.0
-15.0,50,5606.406599,1.0
0.0,50,5606.937658,1.0
-14.0,50,5607.462625,1.0
-10.0,50,5607.991666,1.0
-11.0,50,5608.523617,1.0
-8.0,50,5609.037495,1.0
-3.0,50,5609.55661,1.0
-12.0,50,5610.081336,1.0
-12.0,50,5610.617449,1.0
-12.0,50,5611.13255,1.0
-5.0,50,5611.654719,1.0
-15.0,50,5612.17064,1.0
-10.0,50,5612.714108,1.0
-11.0,50,5613.236061,1.0
-6.0,50,5613.752699,1.0
-9.0,50,5614.273677,1.0
-11.0,50,5617.111342,1.0
-12.0,50,5617.625942,1.0
-13.0,50,5618.156646,1.0
-19.0,50,5618.675005,1.0
-9.0,50,5619.215555,1.0
-12.0,50,5619.732944,1.0
-7.0,50,5620.255212,1.0
-11.0,50,5620.781341,1.0
-12.0,50,5621.324742,1.0
-8.0,50,5621.844905,1.0
-50.0,50,5622.364809,0.0
-11.0,50,5622.88579,1.0
0.0,50,5623.432141,1.0
-14.0,50,5623.95227,1.0
-7.0,50,5624.477868,1.0
-22.0,50,5625.003329,1.0
-15.0,50,5625.538556,1.0
0.0,50,5626.049849,1.0
-47.0,50,5626.573865,0.0
-10.0,50,5627.101192,1.0
-15.0,50,5627.638348,1.0
-11.0,50,5628.155271,1.0
-11.0,50,5628.670078,1.0
-12.0,50,5629.192573,1.0
-16.0,50,5629.754469,1.0
-18.0,50,5630.276492,1.0
-4.0,50,5630.800839,1.0
-10.0,50,5631.315588,1.0
-12.0,50,5631.842534,1.0
-11.0,50,5632.358013,1.0
-10.0,50,5632.882869,1.0
-18.0,50,5633.401495,1.0
-10.0,50,5633.939288,1.0
-22.0,50,5634.464314,1.0
-5.0,50,5634.993653,1.0
-6.0,50,5635.525285,1.0
-20.0,50,5636.073232,1.0
-14.0,50,5636.599775,1.0
-14.0,50,5637.120464,1.0
0.0,50,5637.633625,1.0
-6.0,50,5638.176063,1.0
-7.0,50,5638.695861,1.0
-10.0,50,5639.21535,1.0
-13.0,50,5639.739066,1.0
-12.0,50,5640.272344,1.0
-6.0,50,5640.783678,1.0
-24.0,50,5641.302716,1.0
-9.0,50,5641.830606,1.0
-12.0,50,5642.368512,1.0
-4.0,50,5642.887905,1.0
-15.0,50,5643.412676,1.0
-12.0,50,5643.927126,1.0
-11.0,50,5644.458517,1.0
-40.0,50,5644.981203,0.0
-25.0,50,5645.509887,1.0
-10.0,50,5646.027026,1.0
-9.0,50,5646.573061,1.0
-13.0,50,5647.091027,1.0
-11.0,50,5647.603848,1.0
-9.0,50,5648.119101,1.0
-15.0,50,5648.707639,1.0
-14.0,50,5649.234375,1.0
-12.0,50,5649.7668,1.0
-15.0,50,5650.286994,1.0
-12.0,50,5650.825716,1.0
-9.0,50,5651.348924,1.0
-8.0,50,5651.867559,1.0
-18.0,50,5652.383561,1.0
-17.0,50,5652.946765,1.0
-14.0,50,5653.470069,1.0
-13.0,50,5653.993737,1.0
-7.0,50,5654.515052,1.0
-5.0,50,5655.074856,1.0
-17.0,50,5655.592793,1.0
-8.0,50,5656.104883,1.0
-17.0,50,5656.619884,1.0
-6.0,50,5657.157865,1.0
-16.0,50,5657.6854,1.0
-17.0,50,5658.212944,1.0
-12.0,50,5658.745349,1.0
-10.0,50,5659.299116,1.0
0.0,50,5659.814764,1.0
-8.0,50,5660.331065,1.0
-5.0,50,5660.851846,1.0
-11.0,50,5661.38367,1.0
0.0,50,5661.898578,1.0
-7.0,50,5662.412447,1.0
-10.0,50,5662.929378,1.0
-11.0,50,5663.472114,1.0
-14.0,50,5663.98781,1.0
-14.0,50,5664.508233,1.0
-12.0,50,5665.022849,1.0
-12.0,50,5665.555652,1.0
0.0,50,5666.071026,1.0
-15.0,50,5666.585179,1.0
-12.0,50,5667.103809,1.0
-6.0,50,5667.671171,1.0
-19.0,50,5668.189167,1.0
-10.0,50,5668.710842,1.0
0.0,50,5669.236312,1.0
-15.0,50,5669.776839,1.0
-12.0,50,5670.302009,1.0
-11.0,50,5670.817729,1.0
-20.0,50,5671.33848,1.0
0.0,50,5671.877914,1.0
-7.0,50,5672.394613,1.0
-3.0,50,5672.92182,1.0
-8.0,50,5673.442697,1.0
-5.0,50,5673.978508,1.0
-11.0,50,5674.502363,1.0
-14.0,50,5675.026965,1.0
-8.0,50,5675.544984,1.0
-10.0,50,5676.07712,1.0
-48.0,50,5676.592223,0.0
0.0,50,5677.108516,1.0
-14.0,50,5677.631684,1.0
-12.0,50,5678.176149,1.0
-7.0,50,5678.689731,1.0
0.0,50,5679.208235,1.0
-10.0,50,5679.725254,1.0
-11.0,50,5680.258767,1.0
-17.0,50,5680.775695,1.0
-16.0,50,5681.296314,1.0
-16.0,50,5681.819579,1.0
0.0,50,5682.357883,1.0
-15.0,50,5682.879952,1.0
-19.0,50,5683.394774,1.0
0.0,50,5683.915677,1.0
-7.0,50,5684.459917,1.0
-13.0,50,5684.976086,1.0
-15.0,50,5685.492485,1.0
-50.0,50,5686.01103,0.0
-17.0,50,5686.551068,1.0
-11.0,50,5687.067366,1.0
-28.0,50,5687.586646,1.0
-48.0,50,5688.105046,1.0
-8.0,50,5688.643931,1.0
-3.0,50,5689.160065,1.0
-11.0,50,5689.680588,1.0
-10.0,50,5690.210947,1.0
-14.0,50,5690.752851,1.0
-28.0,50,5691.282127,1.0
-14.0,50,5691.802309,1.0
-12.0,50,5692.318046,1.0
-11.0,50,5692.865914,1.0
-13.0,50,5693.390104,1.0
-9.0,50,5693.907923,1.0
-11.0,50,5694.430164,1.0
-8.0,50,5694.973212,1.0
-11.0,50,5695.494118,1.0
0.0,50,5696.013974,1.0
-18.0,50,5696.538228,1.0
-12.0,50,5697.094939,1.0
-10.0,50,5697.611187,1.0
-26.0,50,5698.133307,1.0
-11.0,50,5698.647655,1.0
-14.0,50,5699.195528,1.0
-8.0,50,5699.718199,1.0
-13.0,50,5700.24545,1.0
-50.0,50,5700.775264,0.0
-9.0,50,5701.304257,1.0
-12.0,50,5701.818393,1.0
-35.0,50,5702.345895,1.0
-5.0,50,5702.862563,1.0
-17.0,50,5703.404518,1.0
-10.0,50,5703.929124,1.0
-12.0,50,5704.454201,1.0
-11.0,50,5704.969749,1.0
-8.0,50,5705.510096,1.0
-8.0,50,5706.026843,1.0
-10.0,50,5706.548482,1.0
-10.0,50,5707.064532,1.0
-14.0,50,5707.596188,1.0
0.0,50,5708.115237,1.0
-10.0,50,5708.63969,1.0
-18.0,50,5709.156706,1.0
-6.0,50,5709.697983,1.0
-10.0,50,5710.212298,1.0
0.0,50,5710.725451,1.0
-7.0,50,5711.256148,1.0
0.0,50,5711.797636,1.0
-11.0,50,5712.324074,1.0
-6.0,50,5712.849392,1.0
-17.0,50,5713.373202,1.0
-12.0,50,5713.91047,1.0
-4.0,50,5714.43025,1.0
-7.0,50,5714.946928,1.0
-9.0,50,5715.464459,1.0
-12.0,50,5716.006692,1.0
-12.0,50,5716.533141,1.0
-11.0,50,5717.055798,1.0
-16.0,50,5717.581552,1.0
-8.0,50,5718.146625,1.0
-47.0,50,5718.666319,0.0
-8.0,50,5719.18852,1.0
-2.0,50,5719.710717,1.0
-27.0,50,5720.27546,1.0
-10.0,50,5720.800774,1.0
-10.0,50,5721.324891,1.0
-10.0,50,5721.853964,1.0
-17.0,50,5724.693436,1.0
-20.0,50,5725.216182,1.0
-14.0,50,5725.734992,1.0
-8.0,50,5726.265108,1.0
-31.0,50,5726.831889,1.0
-10.0,50,5727.350983,1.0
-9.0,50,5727.87308,1.0
-12.0,50,5728.393048,1.0
-1.0,50,5728.95115,1.0
-29.0,50,5729.472612,1.0
-7.0,50,5729.988895,1.0
-13.0,50,5730.512975,1.0
-6.0,50,5731.066048,1.0
-17.0,50,5731.590408,1.0
-11.0,50,5732.112251,1.0
-11.0,50,5732.6369,1.0
-16.0,50,5733.170123,1.0
-11.0,50,5733.698442,1.0
-13.0,50,5734.229295,1.0
-8.0,50,5734.756147,1.0
-19.0,50,5735.293545,1.0
-24.0,50,5735.82018,1.0
-12.0,50,5736.346979,1.0
-12.0,50,5736.873034,1.0
-12.0,50,5737.412373,1.0
-16.0,50,5737.934243,1.0
0.0,50,5738.462698,1.0
-5.0,50,5738.990235,1.0
-10.0,50,5739.522124,1.0
-11.0,50,5740.045521,1.0
-11.0,50,5740.568459,1.0
-14.0,50,5741.089919,1.0
-14.0,50,5741.624042,1.0
-7.0,50,5742.154133,1.0
-10.0,50,5742.682943,1.0
-12.0,50,5743.206822,1.0
-12.0,50,5743.734889,1.0
-13.0,50,5744.258127,1.0
-13.0,50,5744.782505,1.0
-6.0,50,5745.303697,1.0
-25.0,50,5745.883211,1.0
-49.0,50,5746.407881,0.0
-13.0,50,5746.927674,1.0
-14.0,50,5747.448252,1.0
-18.0,50,5747.98758,1.0
-9.0,50,5748.507992,1.0
-28.0,50,5749.036981,1.0
-15.0,50,5749.556811,1.0
-21.0,50,5750.0993,1.0
-4.0,50,5750.618378,1.0
-13.0,50,5751.140017,1.0
-10.0,50,5751.659507,1.0
-10.0,50,5752.201233,1.0
-9.0,50,5752.729978,1.0
-11.0,50,5753.256827,1.0
-11.0,50,5753.780683,1.0
-17.0,50,5754.327185,1.0
-8.0,50,5754.852489,1.0
-11.0,50,5755.376569,1.0
-13.0,50,5755.904995,1.0
-23.0,50,5756.449138,1.0
0.0,50,5756.967011,1.0
-9.0,50,5757.489223,1.0
-11.0,50,5758.013347,1.0
0.0,50,5758.564031,1.0
-11.0,50,5759.087589,1.0
-10.0,50,5759.616679,1.0
-7.0,50,5760.143477,1.0
-13.0,50,5760.690361,1.0
-16.0,50,5761.210449,1.0
-17.0,50,5761.738277,1.0
-8.0,50,5762.257284,1.0
-9.0,50,5762.788401,1.0
0.0,50,5763.312494,1.0
-10.0,50,5763.838637,1.0
-5.0,50,5764.359636,1.0
-11.0,50,5764.909223,1.0
-12.0,50,5765.44027,1.0
-8.0,50,5765.960409,1.0
-10.0,50,5766.483659,1.0
-16.0,50,5767.027236,1.0
-11.0,50,5767.552026,1.0
-15.0,50,5768.076788,1.0
-7.0,50,5768.60037,1.0
-18.0,50,5769.139583,1.0
-12.0,50,5769.66581,1.0
-18.0,50,5770.18703,1.0
-8.0,50,5770.717145,1.0
-7.0,50,5771.257124,1.0
-17.0,50,5771.778357,1.0
-13.0,50,5772.301221,1.0
-14.0,50,5772.826645,1.0
-11.0,50,5773.36503,1.0
-12.0,50,5773.882927,1.0
-16.0,50,5774.406067,1.0
-11.0,50,5774.936692,1.0
-13.0,50,5775.47844,1.0
-20.0,50,5776.005127,1.0
0.0,50,5776.527014,1.0
-15.0,50,5777.054178,1.0
-13.0,50,5777.603275,1.0
-9.0,50,5778.127976,1.0
-10.0,50,5778.652542,1.0
0.0,50,5779.181329,1.0
-7.0,50,5779.713975,1.0
-6.0,50,5780.244192,1.0
-14.0,50,5780.774381,1.0
-12.0,50,5781.295883,1.0
-13.0,50,5781.836213,1.0
-13.0,50,5782.356489,1.0
-11.0,50,5782.879273,1.0
-18.0,50,5783.399081,1.0
-12.0,50,5783.942895,1.0
-14.0,50,5784.475209,1.0
-14.0,50,5785.001842,1.0
-11.0,50,5785.529711,1.0
-12.0,50,5786.078691,1.0
-11.0,50,5786.606421,1.0
-10.0,50,5787.135679,1.0
-14.0,50,5787.661186,1.0
-11.0,50,5788.213645,1.0
-11.0,50,5788.738339,1.0
-10.0,50,5789.264778,1.0
0.0,50,5789.784936,1.0
-13.0,50,5790.340462,1.0
-5.0,50,5790.863082,1.0
-10.0,50,5791.38549,1.0
-12.0,50,5791.910337,1.0
-16.0,50,5792.449486,1.0
-13.0,50,5792.968156,1.0
-26.0,50,5793.492151,1.0
-12.0,50,5794.018452,1.0
-14.0,50,5794.56266,1.0
-2.0,50,5795.083452,1.0
-9.0,50,5795.610757,1.0
-16.0,50,5796.138322,1.0
-7.0,50,5796.676799,1.0
-16.0,50,5797.192059,1.0
-13.0,50,5797.722289,1.0
-15.0,50,5798.250456,1.0
-9.0,50,5798.796201,1.0
-8.0,50,5799.332193,1.0
-8.0,50,5799.851169,1.0
-9.0,50,5800.376448,1.0
-6.0,50,5800.907055,1.0
-16.0,50,5801.433467,1.0
-12.0,50,5801.959567,1.0
-12.0,50,5802.47811,1.0
-13.0,50,5803.01129,1.0
-13.0,50,5803.527349,1.0
-4.0,50,5804.046529,1.0
-15.0,50,5804.569839,1.0
-10.0,50,5805.110419,1.0
-10.0,50,5805.627323,1.0
-14.0,50,5806.145253,1.0
-10.0,50,5806.658196,1.0
-13.0,50,5807.194291,1.0
-8.0,50,5807.711058,1.0
-2.0,50,5808.243848,1.0
-7.0,50,5808.770336,1.0
-20.0,50,5809.316068,1.0
-10.0,50,5809.832509,1.0
-8.0,50,5810.35149,1.0
-15.0,50,5810.869741,1.0
-17.0,50,5811.424336,1.0
-14.0,50,5811.948493,1.0
-16.0,50,5812.472469,1.0
-14.0,50,5812.995869,1.0
-12.0,50,5813.54072,1.0
-15.0,50,5814.066403,1.0
-6.0,50,5814.581664,1.0
-10.0,50,5815.09877,1.0
-43.0,50,5815.63855,1.0
-8.0,50,5816.157756,1.0
-5.0,50,5816.672423,1.0
-11.0,50,5817.188521,1.0
-3.0,50,5817.724164,1.0
-12.0,50,5818.247219,1.0
-11.0,50,5818.76907,1.0
-13.0,50,5819.295608,1.0
-10.0,50,5819.829141,1.0
-22.0,50,5820.35452,1.0
-11.0,50,5820.889144,1.0
-15.0,50,5821.417504,1.0
-15.0,50,5821.964639,1.0
-14.0,50,5822.494823,1.0
-11.0,50,5823.024243,1.0
0.0,50,5823.555614,1.0
-5.0,50,5824.113974,1.0
-9.0,50,5824.645731,1.0
-12.0,50,5825.171846,1.0
-6.0,50,5825.699861,1.0
-6.0,50,5826.24833,1.0
-7.0,50,5826.772271,1.0
-27.0,50,5827.296141,1.0
-16.0,50,5827.822874,1.0
-6.0,50,5828.364307,1.0
-7.0,50,5828.879998,1.0
-10.0,50,5829.402442,1.0
-4.0,50,5829.928008,1.0
-14.0,50,5832.797286,1.0
-14.0,50,5833.314363,1.0
-27.0,50,5833.833185,1.0
-15.0,50,5834.358355,1.0
-10.0,50,5834.898304,1.0
-18.0,50,5835.413579,1.0
-11.0,50,5835.934089,1.0
-10.0,50,5836.448214,1.0
-8.0,50,5836.984211,1.0
-10.0,50,5837.506878,1.0
-14.0,50,5838.022796,1.0
-8.0,50,5838.551541,1.0
-16.0,50,5839.085244,1.0
-11.0,50,5839.602253,1.0
-13.0,50,5840.126382,1.0
-18.0,50,5840.643529,1.0
-10.0,50,5841.189299,1.0
-6.0,50,5841.704093,1.0
-10.0,50,5842.228669,1.0
-11.0,50,5842.757299,1.0
-11.0,50,5843.332928,1.0
-8.0,50,5843.855326,1.0
-13.0,50,5844.379602,1.0
-12.0,50,5844.903958,1.0
-6.0,50,5845.442576,1.0
-9.0,50,5845.963659,1.0
-15.0,50,5846.478572,1.0
-7.0,50,5847.005384,1.0
-12.0,50,5847.53624,1.0
-14.0,50,5848.055657,1.0
-12.0,50,5848.577749,1.0
-6.0,50,5849.094863,1.0
0.0,50,5849.648829,1.0
-7.0,50,5850.183355,1.0
-13.0,50,5850.716903,1.0
-50.0,50,5851.250784,0.0
-16.0,50,5851.799759,1.0
-11.0,50,5852.334285,1.0
-7.0,50,5852.872567,1.0
-19.0,50,5853.409216,1.0
-9.0,50,5853.984872,1.0
0.0,50,5854.51708,1.0
-9.0,50,5855.050085,1.0
-16.0,50,5855.586523,1.0
-10.0,50,5856.13267,1.0
-7.0,50,5856.661231,1.0
-14.0,50,5857.195903,1.0
-15.0,50,5857.724245,1.0
-14.0,50,5858.262481,1.0
-13.0,50,5858.787373,1.0
-11.0,50,5859.307572,1.0
-12.0,50,5859.830752,1.0
-16.0,50,5860.371082,1.0
-8.0,50,5860.896173,1.0
0.0,50,5861.421335,1.0
0.0,50,5861.948898,1.0
-11.0,50,5862.489106,1.0
-15.0,50,5863.017487,1.0
-17.0,50,5863.548542,1.0
-12.0,50,5864.065324,1.0
-10.0,50,5864.606426,1.0
-12.0,50,5865.142759,1.0
-3.0,50,5865.682129,1.0
-15.0,50,5866.220594,1.0
-13.0,50,5866.776661,1.0
-11.0,50,5867.311847,1.0
-10.0,50,5867.846798,1.0
0.0,50,5868.377985,1.0
-8.0,50,5868.933064,1.0
-13.0,50,5869.467296,1.0
-15.0,50,5869.995033,1.0
-20.0,50,5870.524637,1.0
-12.0,50,5871.071623,1.0
-10.0,50,5871.595813,1.0
-16.0,50,5872.122784,1.0
-9.0,50,5872.652458,1.0
-9.0,50,5873.202673,1.0
-9.0,50,5873.72768,1.0
0.0,50,5874.247268,1.0
-5.0,50,5874.775896,1.0
-9.0,50,5875.321788,1.0
-12.0,50,5875.85626,1.0
-11.0,50,5876.390883,1.0
-8.0,50,5876.91966,1.0
-9.0,50,5877.480223,1.0
0.0,50,5878.013805,1.0
-11.0,50,5878.545899,1.0
-11.0,50,5879.081452,1.0
0.0,50,5879.631615,1.0
0.0,50,5880.17228,1.0
0.0,50,5880.707946,1.0
-16.0,50,5881.249598,1.0
-13.0,50,5881.797705,1.0
-9.0,50,5882.317139,1.0
-5.0,50,5882.852468,1.0
-13.0,50,5883.388615,1.0
-18.0,50,5883.933405,1.0
-11.0,50,5884.466048,1.0
-10.0,50,5884.993598,1.0
-13.0,50,5885.526514,1.0
-14.0,50,5886.080125,1.0
-10.0,50,5886.622022,1.0
-27.0,50,5887.154197,1.0
-9.0,50,5887.683388,1.0
-16.0,50,5888.244641,1.0
-12.0,50,5888.777647,1.0
-12.0,50,5889.313766,1.0
-15.0,50,5889.832916,1.0
-8.0,50,5890.374139,1.0
-7.0,50,5890.896774,1.0
-9.0,50,5891.423687,1.0
-9.0,50,5891.94687,1.0
-8.0,50,5892.497059,1.0
-29.0,50,5893.027357,1.0
-13.0,50,5893.548588,1.0
-14.0,50,5894.075768,1.0
-32.0,50,5894.633144,1.0
-13.0,50,5895.155058,1.0
-8.0,50,5895.680226,1.0
-3.0,50,5896.205216,1.0
-6.0,50,5896.750737,1.0
-7.0,50,5897.270373,1.0
-7.0,50,5897.787784,1.0
-43.0,50,5898.310755,1.0
-27.0,50,5898.847953,1.0
-25.0,50,5899.366628,1.0
0.0,50,5899.888594,1.0
-12.0,50,5900.417884,1.0
-21.0,50,5900.954835,1.0
-7.0,50,5901.473961,1.0
-11.0,50,5902.002688,1.0
-7.0,50,5902.52749,1.0
-7.0,50,5903.074778,1.0
-12.0,50,5903.598726,1.0
-8.0,50,5904.137286,1.0
-10.0,50,5904.668143,1.0
-7.0,50,5905.223584,1.0
-8.0,50,5905.757526,1.0
-20.0,50,5906.291729,1.0
-11.0,50,5906.821928,1.0
-7.0,50,5907.377008,1.0
-12.0,50,5907.91339,1.0
-14.0,50,5908.440942,1.0
-11.0,50,5908.96871,1.0
-7.0,50,5909.517368,1.0
-8.0,50,5910.039436,1.0
-11.0,50,5910.555044,1.0
-19.0,50,5911.078763,1.0
-7.0,50,5911.620669,1.0
0.0,50,5912.141289,1.0
-11.0,50,5912.66402,1.0
-9.0,50,5913.187556,1.0
-13.0,50,5913.728559,1.0
-8.0,50,5914.250645,1.0
-7.0,50,5914.774875,1.0
-7.0,50,5915.302065,1.0
-12.0,50,5915.846377,1.0
-18.0,50,5916.366773,1.0
-10.0,50,5916.885426,1.0
-11.0,50,5917.411864,1.0
0.0,50,5917.942751,1.0
-22.0,50,5918.470751,1.0
0.0,50,5918.997389,1.0
0.0,50,5919.529851,1.0
-50.0,50,5920.068498,0.0
-7.0,50,5920.598169,1.0
-10.0,50,5921.119787,1.0
-13.0,50,5921.638453,1.0
-7.0,50,5922.180955,1.0
-9.0,50,5922.706517,1.0
-8.0,50,5923.23469,1.0
-27.0,50,5923.752923,1.0
-7.0,50,5924.295328,1.0
-10.0,50,5924.821406,1.0
-12.0,50,5925.343916,1.0
-14.0,50,5925.871435,1.0
-7.0,50,5926.416095,1.0
-10.0,50,5926.943824,1.0
-13.0,50,5927.468147,1.0
-14.0,50,5927.995771,1.0
-13.0,50,5928.534636,1.0
-10.0,50,5929.057678,1.0
-10.0,50,5929.579053,1.0
-13.0,50,5930.109933,1.0
-27.0,50,5930.652896,1.0
-12.0,50,5931.177766,1.0
-7.0,50,5931.706799,1.0
-11.0,50,5932.239753,1.0
-9.0,50,5932.809658,1.0
-37.0,50,5933.344354,1.0
-6.0,50,5933.864724,1.0
-16.0,50,5934.392049,1.0
-9.0,50,5934.933316,1.0
-17.0,50,5935.454807,1.0
-10.0,50,5935.981115,1.0
-13.0,50,5936.511014,1.0
-12.0,50,5937.05878,1.0
-12.0,50,5937.580314,1.0
-11.0,50,5938.101713,1.0
-5.0,50,5938.629596,1.0
-23.0,50,5941.539888,1.0
-10.0,50,5942.062708,1.0
-6.0,50,5942.583156,1.0
0.0,50,5943.113717,1.0
-16.0,50,5943.658347,1.0
-5.0,50,5944.178532,1.0
-10.0,50,5944.703478,1.0
-12.0,50,5945.233855,1.0
-11.0,50,5945.778816,1.0
-15.0,50,5946.302801,1.0
-22.0,50,5946.826607,1.0
-7.0,50,5947.357615,1.0
-13.0,50,5947.907429,1.0
-10.0,50,5948.430879,1.0
-9.0,50,5948.955824,1.0
-11.0,50,5949.481519,1.0
-10.0,50,5950.030964,1.0
-10.0,50,5950.56355,1.0
-18.0,50,5951.090091,1.0
-33.0,50,5951.616991,1.0
-28.0,50,5952.167381,1.0
-13.0,50,5952.699461,1.0
-8.0,50,5953.233821,1.0
-10.0,50,5953.767849,1.0
-19.0,50,5954.313261,1.0
-14.0,50,5954.845848,1.0
-10.0,50,5955.375963,1.0
-15.0,50,5955.904301,1.0
-5.0,50,5956.447815,1.0
-13.0,50,5956.978217,1.0
0.0,50,5957.504,1.0
-15.0,50,5958.04043,1.0
-7.0,50,5958.568754,1.0
-14.0,50,5959.083804,1.0
-36.0,50,5959.608968,1.0
-9.0,50,5960.122691,1.0
-8.0,50,5960.659837,1.0
-6.0,50,5961.181053,1.0
-17.0,50,5961.700329,1.0
-14.0,50,5962.228204,1.0
-14.0,50,5962.781084,1.0
-18.0,50,5963.303313,1.0
-9.0,50,5963.82711,1.0
-15.0,50,5964.345629,1.0
-11.0,50,5964.878097,1.0
-16.0,50,5965.394164,1.0
-9.0,50,5965.922738,1.0
-15.0,50,5966.442925,1.0
-11.0,50,5966.986413,1.0
-10.0,50,5967.508589,1.0
-7.0,50,5968.031447,1.0
-16.0,50,5968.557859,1.0
0.0,50,5969.101337,1.0
-9.0,50,5969.622143,1.0
0.0,50,5970.147797,1.0
-15.0,50,5970.679169,1.0
0.0,50,5971.233974,1.0
-10.0,50,5971.757802,1.0
-14.0,50,5972.278789,1.0
-5.0,50,5972.796764,1.0
0.0,50,5973.34181,1.0
-7.0,50,5973.866546,1.0
-15.0,50,5974.393688,1.0
-6.0,50,5974.91569,1.0
-23.0,50,5975.45309,1.0
-9.0,50,5975.971957,1.0
-19.0,50,5976.500634,1.0
-6.0,50,5977.028319,1.0
-16.0,50,5977.583994,1.0
-7.0,50,5978.111391,1.0
-7.0,50,5978.634838,1.0
-15.0,50,5979.162148,1.0
-7.0,50,5979.702256,1.0
-11.0,50,5980.223311,1.0
-11.0,50,5980.748767,1.0
0.0,50,5981.279108,1.0
-12.0,50,5981.831423,1.0
-12.0,50,5982.357297,1.0
-6.0,50,5982.888543,1.0
0.0,50,5983.414139,1.0
-13.0,50,5983.965919,1.0
-8.0,50,5984.490894,1.0
-12.0,50,5985.019973,1.0
-13.0,50,5985.539245,1.0
-9.0,50,5986.078917,1.0
-13.0,50,5986.598281,1.0
-5.0,50,5987.113232,1.0
-17.0,50,5987.633189,1.0
-7.0,50,5988.167734,1.0
-19.0,50,5988.692967,1.0
-6.0,50,5989.215857,1.0
-9.0,50,5989.732577,1.0
-9.0,50,5990.285128,1.0
-8.0,50,5990.802668,1.0
0.0,50,5991.328085,1.0
-18.0,50,5991.857926,1.0
-9.0,50,5992.472026,1.0
-10.0,50,5992.994168,1.0
-8.0,50,5993.521158,1.0
-10.0,50,5994.045707,1.0
-11.0,50,5994.632403,1.0
-21.0,50,5995.159851,1.0
-13.0,50,5995.6841,1.0
-9.0,50,5996.205346,1.0
-26.0,50,5996.764148,1.0
-13.0,50,5997.283942,1.0
-50.0,50,5997.802074,0.0
-17.0,50,5998.32146,1.0
-9.0,50,5998.861603,1.0
-13.0,50,5999.38189,1.0
-13.0,50,5999.90608,1.0
0.0,50,6000.43298,1.0
0.0,50,6000.972938,1.0
-10.0,50,6001.493135,1.0
0.0,50,6002.013351,1.0
-12.0,50,6002.538003,1.0
-7.0,50,6003.070904,1.0
-6.0,50,6003.597733,1.0
-20.0,50,6004.1138,1.0
-8.0,50,6004.643865,1.0
-6.0,50,6005.188961,1.0
-27.0,50,6005.719496,1.0
-20.0,50,6006.25134,1.0
-12.0,50,6006.777148,1.0
-19.0,50,6007.351444,1.0
-13.0,50,6007.873059,1.0
-11.0,50,6008.392249,1.0
-6.0,50,6008.916314,1.0
-5.0,50,6009.461657,1.0
-12.0,50,6009.981879,1.0
-11.0,50,6010.510668,1.0
-24.0,50,6011.03514,1.0
-48.0,50,6011.572495,0.0
-15.0,50,6012.10336,1.0
-9.0,50,6012.631092,1.0
-8.0,50,6013.153095,1.0
-10.0,50,6013.693447,1.0
-16.0,50,6014.212404,1.0
0.0,50,6014.728687,1.0
-23.0,50,6015.25093,1.0
-17.0,50,6015.807914,1.0
-11.0,50,6016.326749,1.0
-11.0,50,6016.854151,1.0
0.0,50,6017.372569,1.0
-12.0,50,6017.909976,1.0
-4.0,50,6018.432948,1.0
-13.0,50,6018.959469,1.0
-9.0,50,6019.485486,1.0
-12.0,50,6020.042985,1.0
-8.0,50,6020.566293,1.0
-6.0,50,6021.091853,1.0
-8.0,50,6021.61395,1.0
-12.0,50,6022.161386,1.0
-8.0,50,6022.681339,1.0
-50.0,50,6023.205657,0.0
-5.0,50,6023.721845,1.0
-12.0,50,6024.27323,1.0
-21.0,50,6024.793746,1.0
-7.0,50,6025.311019,1.0
-8.0,50,6025.834597,1.0
-11.0,50,6026.376989,1.0
-14.0,50,6026.903013,1.0
-11.0,50,6027.433872,1.0
-6.0,50,6027.954004,1.0
-8.0,50,6028.495178,1.0
-6.0,50,6029.025299,1.0
-12.0,50,6029.551471,1.0
-8.0,50,6030.071951,1.0
-12.0,50,6030.6246,1.0
-7.0,50,6031.149266,1.0
-14.0,50,6031.676025,1.0
-19.0,50,6032.201714,1.0
-15.0,50,6032.761707,1.0
-12.0,50,6033.281903,1.0
-12.0,50,6033.801077,1.0
-12.0,50,6034.324144,1.0
-43.0,50,6034.878271,1.0
-15.0,50,6035.407773,1.0
-9.0,50,6035.935021,1.0
-13.0,50,6036.453493,1.0
-13.0,50,6037.008778,1.0
0.0,50,6037.526482,1.0
-7.0,50,6038.051484,1.0
-13.0,50,6038.567894,1.0
0.0,50,6039.122192,1.0
-13.0,50,6039.640357,1.0
-29.0,50,6040.167039,1.0
-28.0,50,6040.691357,1.0
-17.0,50,6041.239279,1.0
-11.0,50,6041.758956,1.0
0.0,50,6042.299344,1.0
-6.0,50,6042.826246,1.0
-12.0,50,6043.388273,1.0
-12.0,50,6043.907139,1.0
-9.0,50,6044.4271,1.0
-7.0,50,6044.94379,1.0
-9.0,50,6045.478249,1.0
-12.0,50,6045.998082,1.0
-18.0,50,6046.525012,1.0
0.0,50,6047.042685,1.0
-20.0,50,6049.936336,1.0
-11.0,50,6050.455961,1.0
-10.0,50,6050.977365,1.0
-7.0,50,6051.503248,1.0
-13.0,50,6052.046976,1.0
0.0,50,6052.570606,1.0
-13.0,50,6053.088407,1.0
-35.0,50,6053.608156,1.0
-6.0,50,6054.163094,1.0
-9.0,50,6054.686169,1.0
-11.0,50,6055.208267,1.0
-14.0,50,6055.733003,1.0
-9.0,50,6056.271678,1.0
-13.0,50,6056.797228,1.0
-11.0,50,6057.32341,1.0
-13.0,50,6057.850354,1.0
-9.0,50,6058.384056,1.0
-5.0,50,6058.904597,1.0
-10.0,50,6059.429533,1.0
-11.0,50,6059.954647,1.0
-7.0,50,6060.49872,1.0
-48.0,50,6061.01337,0.0
-10.0,50,6061.54423,1.0
-8.0,50,6062.087405,1.0
-5.0,50,6062.646521,1.0
-11.0,50,6063.178698,1.0
-14.0,50,6063.723134,1.0
-8.0,50,6064.257711,1.0
0.0,50,6064.806499,1.0
-50.0,50,6065.339434,0.0
-16.0,50,6065.88154,1.0
-31.0,50,6066.42294,1.0
-17.0,50,6066.981989,1.0
-13.0,50,6067.522655,1.0
-12.0,50,6068.064576,1.0
-12.0,50,6068.608042,1.0
-17.0,50,6069.165424,1.0
-12.0,50,6069.708726,1.0
-16.0,50,6070.249804,1.0
-11.0,50,6070.790676,1.0
-12.0,50,6071.337294,1.0
-8.0,50,6071.867769,1.0
-15.0,50,6072.398976,1.0
-11.0,50,6072.921402,1.0
-12.0,50,6073.464232,1.0
-16.0,50,6073.982901,1.0
-12.0,50,6074.49909,1.0
-13.0,50,6075.017702,1.0
-8.0,50,6075.563763,1.0
-12.0,50,6076.082671,1.0
-11.0,50,6076.610461,1.0
-8.0,50,6077.135278,1.0
-13.0,50,6077.67154,1.0
-13.0,50,6078.184637,1.0
-9.0,50,6078.701336,1.0
-8.0,50,6079.218515,1.0
-25.0,50,6079.760705,1.0
-12.0,50,6080.279462,1.0
-9.0,50,6080.801752,1.0
-10.0,50,6081.328588,1.0
-11.0,50,6081.863058,1.0
-10.0,50,6082.385411,1.0
-11.0,50,6082.902097,1.0
-14.0,50,6083.420089,1.0
-10.0,50,6083.954992,1.0
-24.0,50,6084.476247,1.0
-15.0,50,6084.990579,1.0
-12.0,50,6085.518536,1.0
-7.0,50,6086.055942,1.0
-15.0,50,6086.584021,1.0
-6.0,50,6087.11238,1.0
0.0,50,6087.638474,1.0
-11.0,50,6088.182222,1.0
-9.0,50,6088.710693,1.0
-9.0,50,6089.23662,1.0
0.0,50,6089.761608,1.0
0.0,50,6090.312529,1.0
-7.0,50,6090.832594,1.0
-49.0,50,6091.355625,0.0
-10.0,50,6091.875986,1.0
-9.0,50,6092.419231,1.0
-49.0,50,6092.947807,0.0
-15.0,50,6093.476565,1.0
-15.0,50,6094.002711,1.0
-7.0,50,6094.55311,1.0
-11.0,50,6095.074586,1.0
-12.0,50,6095.597398,1.0
-8.0,50,6096.120462,1.0
-8.0,50,6096.66518,1.0
-15.0,50,6097.191166,1.0
-15.0,50,6097.724297,1.0
-8.0,50,6098.248685,1.0
-8.0,50,6098.798729,1.0
-10.0,50,6099.331521,1.0
-50.0,50,6099.861212,0.0
0.0,50,6100.392593,1.0
-11.0,50,6100.929794,1.0
-11.0,50,6101.450713,1.0
-8.0,50,6101.973961,1.0
-11.0,50,6102.498826,1.0
-12.0,50,6103.055703,1.0
-12.0,50,6103.586381,1.0
-10.0,50,6104.110209,1.0
-15.0,50,6104.634531,1.0
-12.0,50,6105.174167,1.0
-12.0,50,6105.699397,1.0
-16.0,50,6106.224567,1.0
-18.0,50,6106.747534,1.0
-12.0,50,6107.293066,1.0
-10.0,50,6107.814279,1.0
-11.0,50,6108.342355,1.0
-9.0,50,6108.864797,1.0
-12.0,50,6109.417649,1.0
-10.0,50,6109.959942,1.0
-23.0,50,6110.500255,1.0
-10.0,50,6111.042765,1.0
-8.0,50,6111.599196,1.0
-9.0,50,6112.13892,1.0
-15.0,50,6112.675913,1.0
-8.0,50,6113.211555,1.0
0.0,50,6113.777499,1.0
-7.0,50,6114.319603,1.0
-12.0,50,6114.85707,1.0
-50.0,50,6115.39438,0.0
-15.0,50,6115.948292,1.0
-5.0,50,6116.491697,1.0
-8.0,50,6117.030485,1.0
-5.0,50,6117.571836,1.0
-13.0,50,6118.124973,1.0
-8.0,50,6118.658896,1.0
-12.0,50,6119.193185,1.0
-26.0,50,6119.731915,1.0
-15.0,50,6120.291306,1.0
-20.0,50,6120.820479,1.0
-12.0,50,6121.352073,1.0
-10.0,50,6121.881017,1.0
-12.0,50,6122.424438,1.0
-13.0,50,6122.955052,1.0
-8.0,50,6123.48659,1.0
-14.0,50,6124.016523,1.0
-6.0,50,6124.571576,1.0
-10.0,50,6125.103104,1.0
-21.0,50,6125.63511,1.0
-6.0,50,6126.164614,1.0
-13.0,50,6126.721524,1.0
-10.0,50,6127.252584,1.0
-22.0,50,6127.782124,1.0
-11.0,50,6128.311625,1.0
-27.0,50,6128.861505,1.0
-12.0,50,6129.393452,1.0
-10.0,50,6129.925376,1.0
-10.0,50,6130.459559,1.0
0.0,50,6131.013,1.0
-11.0,50,6131.55897,1.0
-47.0,50,6132.10075,0.0
-8.0,50,6132.634351,1.0
-14.0,50,6133.182395,1.0
0.0,50,6133.715389,1.0
-15.0,50,6134.247107,1.0
-15.0,50,6134.785459,1.0
-6.0,50,6135.337081,1.0
-10.0,50,6135.867613,1.0
-16.0,50,6136.398331,1.0
-13.0,50,6136.935768,1.0
-7.0,50,6137.492287,1.0
-17.0,50,6138.029576,1.0
-15.0,50,6138.563368,1.0
-13.0,50,6139.105505,1.0
-8.0,50,6139.647543,1.0
-8.0,50,6140.17819,1.0
-3.0,50,6140.706603,1.0
-11.0,50,6141.233843,1.0
-43.0,50,6141.78216,1.0
0.0,50,6142.308366,1.0
-6.0,50,6142.830725,1.0
-10.0,50,6143.359226,1.0
-8.0,50,6143.907202,1.0
-25.0,50,6144.43486,1.0
-16.0,50,6144.959213,1.0
-8.0,50,6145.483059,1.0
-22.0,50,6146.034711,1.0
-7.0,50,6146.557682,1.0
-12.0,50,6147.080273,1.0
-12.0,50,6147.610433,1.0
-8.0,50,6148.158929,1.0
-8.0,50,6148.679962,1.0
-7.0,50,6149.201745,1.0
-25.0,50,6149.731567,1.0
-8.0,50,6150.289551,1.0
-8.0,50,6150.821114,1.0
-13.0,50,6151.353941,1.0
-13.0,50,6151.878819,1.0
-14.0,50,6152.454855,1.0
-14.0,50,6152.9839,1.0
-6.0,50,6153.505855,1.0
-11.0,50,6154.029261,1.0
-7.0,50,6154.576988,1.0
-13.0,50,6155.102736,1.0
-21.0,50,6155.634284,1.0
-11.0,50,6156.165091,1.0
-17.0,50,6158.977547,1.0
-19.0,50,6159.504898,1.0
-12.0,50,6160.039207,1.0
-8.0,50,6160.560524,1.0
-6.0,50,6161.100483,1.0
0.0,50,6161.632584,1.0
-6.0,50,6162.155441,1.0
-14.0,50,6162.682921,1.0
-16.0,50,6163.244326,1.0
-13.0,50,6163.779776,1.0
-12.0,50,6164.32179,1.0
-4.0,50,6164.858123,1.0
-41.0,50,6165.411375,1.0
-8.0,50,6165.948946,1.0
-20.0,50,6166.489971,1.0
-12.0,50,6167.031171,1.0
-8.0,50,6167.596429,1.0
-17.0,50,6168.139283,1.0
-11.0,50,6168.681509,1.0
-7.0,50,6169.228861,1.0
-5.0,50,6169.776033,1.0
-16.0,50,6170.301518,1.0
-15.0,50,6170.829992,1.0
-6.0,50,6171.357624,1.0
-8.0,50,6171.912128,1.0
-16.0,50,6172.43144,1.0
-29.0,50,6172.962644,1.0
0.0,50,6173.492152,1.0
0.0,50,6174.046701,1.0
-18.0,50,6174.56746,1.0
-7.0,50,6175.089655,1.0
-8.0,50,6175.610959,1.0
-12.0,50,6176.169464,1.0
-14.0,50,6176.697617,1.0
-15.0,50,6177.229399,1.0
-12.0,50,6177.761565,1.0
-10.0,50,6178.313795,1.0
-17.0,50,6178.847763,1.0
-18.0,50,6179.378788,1.0
-14.0,50,6179.900545,1.0
-14.0,50,6180.439662,1.0
-10.0,50,6180.960919,1.0
-14.0,50,6181.479676,1.0
-5.0,50,6181.999918,1.0
-13.0,50,6182.546016,1.0
-3.0,50,6183.070548,1.0
-9.0,50,6183.58784,1.0
-13.0,50,6184.115503,1.0
-14.0,50,6184.674618,1.0
-9.0,50,6185.200461,1.0
-12.0,50,6185.727842,1.0
-11.0,50,6186.253958,1.0
-11.0,50,6186.794888,1.0
-12.0,50,6187.314284,1.0
-14.0,50,6187.843158,1.0
-13.0,50,6188.374112,1.0
-48.0,50,6188.926957,0.0
-8.0,50,6189.456166,1.0
-11.0,50,6189.983008,1.0
-20.0,50,6190.512141,1.0
-20.0,50,6191.099925,1.0
-8.0,50,6191.640465,1.0
-21.0,50,6192.184984,1.0
-16.0,50,6192.716866,1.0
-13.0,50,6193.281823,1.0
-12.0,50,6193.807115,1.0
-6.0,50,6194.321799,1.0
-14.0,50,6194.845989,1.0
-9.0,50,6195.412897,1.0
-7.0,50,6195.95202,1.0
-9.0,50,6196.492478,1.0
-10.0,50,6197.029365,1.0
-7.0,50,6197.603935,1.0
-9.0,50,6198.140538,1.0
-16.0,50,6198.679402,1.0
-6.0,50,6199.21178,1.0
-10.0,50,6199.774945,1.0
-13.0,50,6200.300876,1.0
-6.0,50,6200.829501,1.0
-13.0,50,6201.357858,1.0
-14.0,50,6201.898727,1.0
-12.0,50,6202.427114,1.0
-12.0,50,6202.951472,1.0
-12.0,50,6203.47181,1.0
-4.0,50,6204.016258,1.0
-18.0,50,6204.541584,1.0
-9.0,50,6205.066845,1.0
-14.0,50,6205.60358,1.0
-6.0,50,6206.142761,1.0
-7.0,50,6206.671922,1.0
-8.0,50,6207.193096,1.0
-18.0,50,6207.712994,1.0
0.0,50,6208.256859,1.0
-5.0,50,6208.780115,1.0
-12.0,50,6209.305063,1.0
-13.0,50,6209.825849,1.0
-10.0,50,6210.370978,1.0
-12.0,50,6210.898432,1.0
-13.0,50,6211.420844,1.0
-8.0,50,6211.944257,1.0
-7.0,50,6212.480628,1.0
-6.0,50,6213.006888,1.0
-11.0,50,6213.533649,1.0
-9.0,50,6214.056785,1.0
-13.0,50,6214.603034,1.0
0.0,50,6215.129614,1.0
-16.0,50,6215.651614,1.0
-17.0,50,6216.174975,1.0
-8.0,50,6216.718349,1.0
-6.0,50,6217.241287,1.0
-6.0,50,6217.769037,1.0
-16.0,50,6218.297119,1.0
-13.0,50,6218.84294,1.0
-12.0,50,6219.367029,1.0
-9.0,50,6219.88669,1.0
-8.0,50,6220.417113,1.0
-11.0,50,6220.961008,1.0
0.0,50,6221.487428,1.0
-15.0,50,6222.015944,1.0
-8.0,50,6222.538352,1.0
-10.0,50,6223.08685,1.0
-13.0,50,6223.617368,1.0
-8.0,50,6224.143134,1.0
-9.0,50,6224.667854,1.0
-9.0,50,6225.220972,1.0
-14.0,50,6225.745761,1.0
-11.0,50,6226.26651,1.0
0.0,50,6226.790157,1.0
-11.0,50,6227.332211,1.0
-17.0,50,6227.861025,1.0
-7.0,50,6228.386884,1.0
-8.0,50,6228.905673,1.0
-13.0,50,6229.451128,1.0
-39.0,50,6229.970937,0.0
-15.0,50,6230.493874,1.0
-12.0,50,6231.025288,1.0
-38.0,50,6231.570771,1.0
-13.0,50,6232.091032,1.0
-10.0,50,6232.614706,1.0
0.0,50,6233.132199,1.0
-16.0,50,6233.673685,1.0
-20.0,50,6234.193559,1.0
-16.0,50,6234.715209,1.0
-11.0,50,6235.241006,1.0
-13.0,50,6235.789001,1.0
-26.0,50,6236.31683,1.0
-7.0,50,6236.848184,1.0
0.0,50,6237.370548,1.0
0.0,50,6237.926197,1.0
-9.0,50,6238.448563,1.0
-14.0,50,6238.972794,1.0
-15.0,50,6239.505411,1.0
-6.0,50,6240.060547,1.0
-8.0,50,6240.597242,1.0
-19.0,50,6241.134684,1.0
-16.0,50,6241.673032,1.0
-12.0,50,6242.233523,1.0
-15.0,50,6242.759863,1.0
-13.0,50,6243.288958,1.0
-4.0,50,6243.813897,1.0
-9.0,50,6244.356797,1.0
-13.0,50,6244.87377,1.0
-13.0,50,6245.395993,1.0
-7.0,50,6245.91513,1.0
-11.0,50,6246.459984,1.0
-12.0,50,6246.976724,1.0
-8.0,50,6247.491888,1.0
-14.0,50,6248.017345,1.0
-7.0,50,6248.549244,1.0
-8.0,50,6249.076005,1.0
-11.0,50,6249.598279,1.0
-5.0,50,6250.115926,1.0
-32.0,50,6250.65608,1.0
-13.0,50,6251.180056,1.0
-13.0,50,6251.6988,1.0
-11.0,50,6252.225091,1.0
-8.0,50,6252.771928,1.0
-10.0,50,6253.297962,1.0
0.0,50,6253.816987,1.0
-6.0,50,6254.337772,1.0
-12.0,50,6254.874792,1.0
-6.0,50,6255.401492,1.0
-12.0,50,6255.919969,1.0
-12.0,50,6256.438802,1.0
-8.0,50,6256.983535,1.0
-13.0,50,6257.504228,1.0
-16.0,50,6258.039456,1.0
-15.0,50,6258.570429,1.0
-8.0,50,6259.123935,1.0
-4.0,50,6259.650137,1.0
-9.0,50,6260.177728,1.0
-10.0,50,6260.702924,1.0
-5.0,50,6261.254235,1.0
-11.0,50,6261.770638,1.0
-22.0,50,6262.289586,1.0
-16.0,50,6262.820925,1.0
-11.0,50,6263.352299,1.0
-15.0,50,6263.884093,1.0
0.0,50,6264.403943,1.0
-8.0,50,6264.933996,1.0
-7.0,50,6267.800429,1.0
-14.0,50,6268.329318,1.0
-11.0,50,6268.857508,1.0
-12.0,50,6269.381002,1.0
-3.0,50,6269.931719,1.0
-6.0,50,6270.45801,1.0
0.0,50,6270.974768,1.0
-6.0,50,6271.501955,1.0
-18.0,50,6272.050012,1.0
-12.0,50,6272.573054,1.0
-12.0,50,6273.101723,1.0
-14.0,50,6273.626924,1.0
-11.0,50,6274.172921,1.0
-16.0,50,6274.690303,1.0
-11.0,50,6275.206914,1.0
-11.0,50,6275.73373,1.0
-6.0,50,6276.274926,1.0
-10.0,50,6276.802908,1.0
-12.0,50,6277.327875,1.0
-10.0,50,6277.85544,1.0
-28.0,50,6278.396003,1.0
-11.0,50,6278.926082,1.0
-11.0,50,6279.451212,1.0
-8.0,50,6279.978059,1.0
-8.0,50,6280.518749,1.0
-8.0,50,6281.046387,1.0
-6.0,50,6281.582677,1.0
-7.0,50,6282.111039,1.0
-11.0,50,6282.655169,1.0
-50.0,50,6283.178174,0.0
-11.0,50,6283.705929,1.0
-4.0,50,6284.227175,1.0
0.0,50,6284.771055,1.0
-11.0,50,6285.301486,1.0
-7.0,50,6285.831909,1.0
-13.0,50,6286.352094,1.0
-18.0,50,6286.901531,1.0
-11.0,50,6287.422482,1.0
-7.0,50,6287.948992,1.0
-17.0,50,6288.474784,1.0
-13.0,50,6289.015453,1.0
-8.0,50,6289.537012,1.0
-6.0,50,6290.068001,1.0
-17.0,50,6290.59747,1.0
-7.0,50,6291.13744,1.0
-12.0,50,6291.657372,1.0
-14.0,50,6292.184502,1.0
-12.0,50,6292.713459,1.0
-12.0,50,6293.271985,1.0
-48.0,50,6293.793503,0.0
-13.0,50,6294.315946,1.0
-14.0,50,6294.835286,1.0
-5.0,50,6295.380585,1.0
-20.0,50,6295.91235,1.0
-6.0,50,6296.450047,1.0
-10.0,50,6296.980603,1.0
-15.0,50,6297.525754,1.0
-9.0,50,6298.055819,1.0
-2.0,50,6298.585978,1.0
-17.0,50,6299.117696,1.0
-10.0,50,6299.661404,1.0
-9.0,50,6300.196283,1.0
-6.0,50,6300.73175,1.0
-8.0,50,6301.267223,1.0
0.0,50,6301.818545,1.0
-12.0,50,6302.358164,1.0
-6.0,50,6302.893386,1.0
-4.0,50,6303.433665,1.0
-10.0,50,6304.011977,1.0
-7.0,50,6304.551016,1.0
-6.0,50,6305.086517,1.0
-13.0,50,6305.622634,1.0
-10.0,50,6306.16941,1.0
-18.0,50,6306.705293,1.0
-18.0,50,6307.238487,1.0
-13.0,50,6307.767171,1.0
-10.0,50,6308.32831,1.0
-13.0,50,6308.859511,1.0
-7.0,50,6309.392841,1.0
-10.0,50,6309.929829,1.0
0.0,50,6310.503788,1.0
-23.0,50,6311.035493,1.0
-5.0,50,6311.567167,1.0
-6.0,50,6312.101999,1.0
0.0,50,6312.648008,1.0
-14.0,50,6313.184393,1.0
0.0,50,6313.715836,1.0
-8.0,50,6314.25893,1.0
-16.0,50,6314.812774,1.0
-12.0,50,6315.352107,1.0
-13.0,50,6315.88341,1.0
-9.0,50,6316.416733,1.0
-7.0,50,6316.967339,1.0
-6.0,50,6317.50473,1.0
0.0,50,6318.042819,1.0
-7.0,50,6318.575628,1.0
0.0,50,6319.126257,1.0
-8.0,50,6319.65054,1.0
-9.0,50,6320.166295,1.0
-9.0,50,6320.688512,1.0
-6.0,50,6321.239533,1.0
-11.0,50,6321.762808,1.0
-14.0,50,6322.294334,1.0
-7.0,50,6322.827993,1.0
-12.0,50,6323.37875,1.0
-10.0,50,6323.917253,1.0
-10.0,50,6324.452989,1.0
-4.0,50,6324.987143,1.0
-22.0,50,6325.541351,1.0
-15.0,50,6326.074391,1.0
-12.0,50,6326.608572,1.0
-14.0,50,6327.138341,1.0
-9.0,50,6327.688792,1.0
-8.0,50,6328.221479,1.0
-13.0,50,6328.756353,0.0
-14.0,50,6329.294542,1.0
-14.0,50,6329.843665,1.0
-12.0,50,6330.37573,1.0
-12.0,50,6330.906193,1.0
-10.0,50,6331.443213,1.0
-12.0,50,6331.996118,1.0
-9.0,50,6332.529284,1.0
-15.0,50,6333.065257,1.0
-6.0,50,6333.601079,1.0
0.0,50,6334.149595,1.0
-14.0,50,6334.684679,1.0
-11.0,50,6335.223564,1.0
-10.0,50,6335.756793,1.0
0.0,50,6336.31892,1.0
-10.0,50,6336.853141,1.0
-7.0,50,6337.387712,1.0
-12.0,50,6337.920953,1.0
-41.0,50,6338.47445,0.0
-14.0,50,6339.008744,1.0
-13.0,50,6339.542844,1.0
-10.0,50,6340.073007,1.0
-9.0,50,6340.625908,1.0
-15.0,50,6341.165494,1.0
-15.0,50,6341.697255,1.0
-11.0,50,6342.238242,1.0
-10.0,50,6342.786667,1.0
0.0,50,6343.315537,1.0
-10.0,50,6343.846222,1.0
-9.0,50,6344.365228,1.0
-6.0,50,6344.905524,1.0
-39.0,50,6345.428299,1.0
-9.0,50,6345.948797,1.0
-13.0,50,6346.473508,1.0
-8.0,50,6347.012235,1.0
-11.0,50,6347.53338,1.0
-13.0,50,6348.058129,1.0
0.0,50,6348.58807,1.0
-14.0,50,6349.139375,1.0
-6.0,50,6349.669483,1.0
0.0,50,6350.195399,1.0
-9.0,50,6350.713865,0.0
-7.0,50,6351.255306,1.0
-6.0,50,6351.782252,1.0
-13.0,50,6352.301514,1.0
-6.0,50,6352.824967,1.0
-4.0,50,6353.365985,1.0
-7.0,50,6353.889105,1.0
-13.0,50,6354.416977,1.0
-11.0,50,6354.939551,1.0
-6.0,50,6355.4865,1.0
-5.0,50,6356.015247,1.0
-12.0,50,6356.540385,1.0
-10.0,50,6357.063088,1.0
-9.0,50,6357.602242,1.0
-12.0,50,6358.131719,1.0
-7.0,50,6358.656435,1.0
-20.0,50,6359.184225,1.0
-23.0,50,6359.723103,1.0
-19.0,50,6360.246501,1.0
-13.0,50,6360.772239,1.0
-11.0,50,6361.30018,1.0
-14.0,50,6361.859621,1.0
-11.0,50,6362.390275,1.0
-11.0,50,6362.923266,1.0
-10.0,50,6363.453487,1.0
-6.0,50,6364.000394,1.0
-7.0,50,6364.526754,1.0
0.0,50,6365.056177,1.0
-11.0,50,6365.584349,1.0
-9.0,50,6366.127402,1.0
-13.0,50,6366.656104,1.0
-5.0,50,6367.185065,1.0
-14.0,50,6367.712367,1.0
-7.0,50,6368.25447,1.0
-16.0,50,6368.787278,1.0
-11.0,50,6369.316308,1.0
-27.0,50,6369.842279,1.0
0.0,50,6370.382402,1.0
-11.0,50,6370.907596,1.0
-9.0,50,6371.439509,1.0
-13.0,50,6371.972518,1.0
-17.0,50,6372.520672,1.0
-12.0,50,6373.05124,1.0
-13.0,50,6373.583446,1.0
-43.0,50,6374.107473,1.0
-13.0,50,6376.938253,1.0
-9.0,50,6377.464094,1.0
-11.0,50,6377.991494,1.0
-16.0,50,6378.521654,1.0
-12.0,50,6379.066631,1.0
-5.0,50,6379.598338,1.0
-7.0,50,6380.129662,1.0
-6.0,50,6380.656355,1.0
-6.0,50,6381.205438,1.0
-6.0,50,6381.730853,1.0
-16.0,50,6382.262544,1.0
-19.0,50,6382.790576,1.0
-9.0,50,6383.339899,1.0
-10.0,50,6383.86868,1.0
-7.0,50,6384.391432,1.0
-12.0,50,6384.9245,1.0
0.0,50,6385.478509,1.0
-11.0,50,6386.003252,1.0
-17.0,50,6386.530361,1.0
-12.0,50,6387.051739,1.0
-8.0,50,6387.601111,1.0
-20.0,50,6388.125129,1.0
-15.0,50,6388.652441,1.0
-14.0,50,6389.184227,1.0
-13.0,50,6389.72629,1.0
-8.0,50,6390.255762,1.0
-29.0,50,6390.783989,1.0
-6.0,50,6391.306201,1.0
-13.0,50,6391.872936,1.0
-25.0,50,6392.394321,1.0
-26.0,50,6392.921716,1.0
-14.0,50,6393.441228,1.0
0.0,50,6393.98767,1.0
-12.0,50,6394.509983,1.0
-12.0,50,6395.034358,1.0
-6.0,50,6395.561215,1.0
-12.0,50,6396.104392,1.0
-6.0,50,6396.625076,1.0
-5.0,50,6397.144208,1.0
-14.0,50,6397.66137,1.0
-12.0,50,6398.202138,1.0
-12.0,50,6398.719735,1.0
-9.0,50,6399.234031,1.0
-8.0,50,6399.757478,1.0
0.0,50,6400.301558,1.0
-16.0,50,6400.824916,1.0
0.0,50,6401.349428,1.0
-11.0,50,6401.869453,1.0
-11.0,50,6402.410406,1.0
-10.0,50,6402.92531,1.0
-12.0,50,6403.445756,1.0
-14.0,50,6403.960824,1.0
-6.0,50,6404.511245,1.0
-15.0,50,6405.02641,1.0
-7.0,50,6405.551162,1.0
0.0,50,6406.067253,1.0
-15.0,50,6406.610321,1.0
-5.0,50,6407.128371,1.0
-11.0,50,6407.659706,1.0
-13.0,50,6408.187579,1.0
-11.0,50,6408.735313,1.0
-13.0,50,6409.258676,1.0
-13.0,50,6409.787011,1.0
-19.0,50,6410.314886,1.0
-6.0,50,6410.885892,1.0
-18.0,50,6411.413915,1.0
-10.0,50,6411.941963,1.0
-13.0,50,6412.463304,1.0
-11.0,50,6413.013274,1.0
-8.0,50,6413.537477,1.0
-7.0,50,6414.069439,1.0
-41.0,50,6414.598904,0.0
-5.0,50,6415.145903,1.0
-14.0,50,6415.669124,1.0
-12.0,50,6416.192595,1.0
-14.0,50,6416.723054,1.0
-11.0,50,6417.262339,1.0
-10.0,50,6417.789272,1.0
0.0,50,6418.321963,1.0
-14.0,50,6418.844857,1.0
-8.0,50,6419.391773,1.0
-19.0,50,6419.914952,1.0
-14.0,50,6420.452472,1.0
-14.0,50,6420.984824,1.0
-9.0,50,6421.548827,1.0
-12.0,50,6422.074971,1.0
-8.0,50,6422.602763,1.0
-9.0,50,6423.129798,1.0
-14.0,50,6423.672879,1.0
-7.0,50,6424.200558,1.0
-11.0,50,6424.727599,1.0
-10.0,50,6425.253459,1.0
-7.0,50,6425.798255,1.0
-7.0,50,6426.324824,1.0
-25.0,50,6426.848292,1.0
-16.0,50,6427.381496,1.0
-7.0,50,6427.926398,1.0
0.0,50,6428.450323,1.0
-16.0,50,6428.978446,1.0
-18.0,50,6429.509193,1.0
-7.0,50,6430.055606,1.0
-11.0,50,6430.585913,1.0
-8.0,50,6431.115742,1.0
-27.0,50,6431.649168,1.0
-15.0,50,6432.218924,1.0
-15.0,50,6432.750402,1.0
-10.0,50,6433.27771,1.0
-9.0,50,6433.809678,1.0
-7.0,50,6434.363719,1.0
-6.0,50,6434.895922,1.0
-10.0,50,6435.42534,1.0
-6.0,50,6435.956367,1.0
-6.0,50,6436.498853,1.0
-5.0,50,6437.034693,1.0
-12.0,50,6437.562453,1.0
0.0,50,6438.093116,1.0
-5.0,50,6438.630611,1.0
-19.0,50,6439.15531,1.0
-15.0,50,6439.689206,1.0
-10.0,50,6440.218958,1.0
-9.0,50,6440.772824,1.0
-7.0,50,6441.298466,1.0
-11.0,50,6441.828628,1.0
-11.0,50,6442.361632,1.0
-14.0,50,6442.932475,1.0
-13.0,50,6443.463178,1.0
-11.0,50,6443.987065,1.0
-11.0,50,6444.516499,1.0
-10.0,50,6445.070234,1.0
-14.0,50,6445.601699,1.0
-15.0,50,6446.130536,1.0
-5.0,50,6446.660301,1.0
-21.0,50,6447.203088,1.0
-16.0,50,6447.724926,1.0
-12.0,50,6448.25598,1.0
-8.0,50,6448.789766,1.0
-50.0,50,6449.346206,0.0
-11.0,50,6449.879706,1.0
-11.0,50,6450.404315,1.0
-11.0,50,6450.93089,1.0
-8.0,50,6451.472555,1.0
-10.0,50,6451.996655,1.0
-9.0,50,6452.52385,1.0
-13.0,50,6453.054191,1.0
-7.0,50,6453.59789,1.0
-8.0,50,6454.125978,1.0
-10.0,50,6454.650824,1.0
-5.0,50,6455.172438,1.0
-15.0,50,6455.716639,1.0
-9.0,50,6456.247201,1.0
-16.0,50,6456.775938,1.0
-19.0,50,6457.299681,1.0
-11.0,50,6457.84395,1.0
-6.0,50,6458.373287,1.0
-10.0,50,6458.897661,1.0
-14.0,50,6459.424646,1.0
-11.0,50,6459.971475,1.0
0.0,50,6460.496543,1.0
-11.0,50,6461.023528,1.0
-14.0,50,6461.552212,1.0
-12.0,50,6462.101167,1.0
-7.0,50,6462.622341,1.0
-8.0,50,6463.143033,1.0
-14.0,50,6463.669122,1.0
-17.0,50,6464.217917,1.0
-7.0,50,6464.746808,1.0
-9.0,50,6465.278725,1.0
-9.0,50,6465.80259,1.0
-8.0,50,6466.347858,1.0
-20.0,50,6466.877673,1.0
-6.0,50,6467.39857,1.0
-14.0,50,6467.929794,1.0
-15.0,50,6468.479256,1.0
-10.0,50,6469.008094,1.0
0.0,50,6469.530733,1.0
-16.0,50,6470.059302,1.0
-9.0,50,6470.597964,1.0
-11.0,50,6471.128891,1.0
-47.0,50,6471.665914,0.0
-14.0,50,6472.202772,1.0
-10.0,50,6472.749543,1.0
-8.0,50,6473.291065,1.0
-5.0,50,6473.825733,1.0
-5.0,50,6474.367536,1.0
-12.0,50,6474.926621,1.0
-15.0,50,6475.462641,1.0
-7.0,50,6475.992954,1.0
-22.0,50,6476.530439,1.0
-10.0,50,6477.087962,1.0
-7.0,50,6477.624552,1.0
-9.0,50,6478.16115,1.0
-5.0,50,6478.697367,1.0
-8.0,50,6479.277153,1.0
-15.0,50,6479.81186,1.0
-13.0,50,6480.34205,1.0
-14.0,50,6480.867502,1.0
-14.0,50,6481.425055,1.0
-15.0,50,6481.946037,1.0
-9.0,50,6482.47394,1.0
-9.0,50,6482.995435,1.0
-25.0,50,6485.92161,1.0
-9.0,50,6486.448518,1.0
-12.0,50,6486.975109,1.0
-11.0,50,6487.502193,1.0
-12.0,50,6488.063985,1.0
-9.0,50,6488.600288,1.0
-10.0,50,6489.12747,1.0
0.0,50,6489.653205,1.0
-7.0,50,6490.211157,1.0
-11.0,50,6490.738838,1.0
-5.0,50,6491.267703,1.0
-7.0,50,6491.798795,1.0
-8.0,50,6492.35077,1.0
-10.0,50,6492.879,1.0
0.0,50,6493.405934,1.0
-13.0,50,6493.931146,1.0
0.0,50,6494.477828,1.0
-22.0,50,6494.999325,1.0
-12.0,50,6495.522994,1.0
-15.0,50,6496.049971,1.0
-22.0,50,6496.606772,1.0
-11.0,50,6497.140678,1.0
-24.0,50,6497.674488,1.0
-7.0,50,6498.211763,1.0
-9.0,50,6498.762526,1.0
-8.0,50,6499.301915,1.0
-15.0,50,6499.837815,1.0
-14.0,50,6500.375782,1.0
-8.0,50,6500.940436,1.0
-11.0,50,6501.471327,1.0
-14.0,50,6502.002837,1.0
-14.0,50,6502.534644,1.0
-9.0,50,6503.081535,1.0
-12.0,50,6503.614314,1.0
0.0,50,6504.148672,1.0
-7.0,50,6504.687949,1.0
-8.0,50,6505.240229,1.0
-13.0,50,6505.773964,1.0
-3.0,50,6506.312887,1.0
0.0,50,6506.842259,1.0
-15.0,50,6507.397918,1.0
-12.0,50,6507.935703,1.0
-15.0,50,6508.474864,1.0
-50.0,50,6509.011885,0.0
-15.0,50,6509.558825,1.0
-7.0,50,6510.09882,1.0
-12.0,50,6510.634654,1.0
-17.0,50,6511.166238,1.0
-18.0,50,6511.713117,1.0
-24.0,50,6512.246672,1.0
-6.0,50,6512.771626,1.0
-13.0,50,6513.307222,1.0
-7.0,50,6513.846012,1.0
-2.0,50,6514.38249,1.0
-11.0,50,6514.914939,1.0
-10.0,50,6515.45451,1.0
-17.0,50,6516.00344,1.0
-8.0,50,6516.530808,1.0
-11.0,50,6517.065866,1.0
-10.0,50,6517.592757,1.0
-7.0,50,6518.147542,1.0
-19.0,50,6518.677312,1.0
-19.0,50,6519.210805,1.0
-11.0,50,6519.741449,1.0
-6.0,50,6520.304853,1.0
-24.0,50,6520.840852,1.0
-13.0,50,6521.382084,1.0
-14.0,50,6521.911245,1.0
-9.0,50,6522.456366,1.0
-16.0,50,6522.989962,1.0
-12.0,50,6523.524597,1.0
-11.0,50,6524.062735,1.0
-12.0,50,6524.61646,1.0
-4.0,50,6525.140803,1.0
-5.0,50,6525.671901,1.0
-15.0,50,6526.204976,1.0
-8.0,50,6526.758307,1.0
-14.0,50,6527.291162,1.0
-7.0,50,6527.825694,1.0
-12.0,50,6528.368562,1.0
-13.0,50,6528.921194,1.0
-11.0,50,6529.458968,1.0
0.0,50,6529.998936,1.0
-9.0,50,6530.535482,1.0
-7.0,50,6531.111731,1.0
-12.0,50,6531.636368,1.0
-4.0,50,6532.168105,1.0
-10.0,50,6532.693163,1.0
-12.0,50,6533.252795,1.0
-17.0,50,6533.786205,1.0
-10.0,50,6534.317891,1.0
-5.0,50,6534.854749,1.0
-9.0,50,6535.424747,1.0
-14.0,50,6535.963333,1.0
-11.0,50,6536.49482,1.0
-8.0,50,6537.025705,1.0
-9.0,50,6537.576148,1.0
-11.0,50,6538.109929,1.0
-14.0,50,6538.637792,1.0
-15.0,50,6539.17515,1.0
-8.0,50,6539.73341,1.0
-11.0,50,6540.269789,1.0
-9.0,50,6540.812602,1.0
-8.0,50,6541.345738,1.0
-12.0,50,6541.895082,1.0
0.0,50,6542.421958,1.0
-7.0,50,6542.956138,1.0
-8.0,50,6543.483392,1.0
-17.0,50,6544.028035,1.0
-8.0,50,6544.549664,1.0
0.0,50,6545.067319,1.0
-7.0,50,6545.5899,1.0
-14.0,50,6546.13432,1.0
-8.0,50,6546.667829,1.0
-7.0,50,6547.200184,1.0
-7.0,50,6547.727129,1.0
-13.0,50,6548.27902,1.0
-7.0,50,6548.817566,1.0
-12.0,50,6549.353945,1.0
-12.0,50,6549.893898,1.0
-17.0,50,6550.479212,1.0
-8.0,50,6551.014074,1.0
-6.0,50,6551.553926,1.0
-15.0,50,6552.081603,1.0
0.0,50,6552.629985,1.0
-11.0,50,6553.166132,1.0
-13.0,50,6553.694284,1.0
-11.0,50,6554.227803,1.0
-6.0,50,6554.810503,1.0
-6.0,50,6555.345173,1.0
-9.0,50,6555.881333,1.0
-11.0,50,6556.421937,1.0
-11.0,50,6556.997947,1.0
-9.0,50,6557.535919,1.0
-10.0,50,6558.058857,1.0
-14.0,50,6558.593219,1.0
-11.0,50,6559.166507,1.0
-15.0,50,6559.703573,1.0
-10.0,50,6560.244496,1.0
-7.0,50,6560.778947,1.0
-9.0,50,6561.33908,1.0
-25.0,50,6561.874855,1.0
0.0,50,6562.411798,1.0
-14.0,50,6562.942472,1.0
0.0,50,6563.492801,1.0
-12.0,50,6564.030118,1.0
-12.0,50,6564.556888,1.0
-9.0,50,6565.092445,1.0
-17.0,50,6565.646409,1.0
-17.0,50,6566.181163,1.0
-7.0,50,6566.71487,1.0
-11.0,50,6567.249476,1.0
-10.0,50,6567.797845,1.0
-12.0,50,6568.334623,1.0
-11.0,50,6568.873294,1.0
-6.0,50,6569.412069,1.0
-11.0,50,6569.963662,1.0
-13.0,50,6570.501883,1.0
-11.0,50,6571.038639,1.0
-11.0,50,6571.578137,1.0
-16.0,50,6572.119735,1.0
-10.0,50,6572.65209,1.0
-15.0,50,6573.188908,1.0
-12.0,50,6573.717885,1.0
0.0,50,6574.273783,1.0
-10.0,50,6574.811952,1.0
-11.0,50,6575.344553,1.0
-9.0,50,6575.872637,1.0
-11.0,50,6576.423721,1.0
-12.0,50,6576.960554,1.0
-6.0,50,6577.49361,1.0
-8.0,50,6578.024449,1.0
-9.0,50,6578.591204,1.0
-12.0,50,6579.126009,1.0
0.0,50,6579.662222,1.0
-17.0,50,6580.193733,1.0
-6.0,50,6580.75892,1.0
-9.0,50,6581.290937,1.0
-13.0,50,6581.830371,1.0
-14.0,50,6582.365429,1.0
-13.0,50,6582.931359,1.0
-12.0,50,6583.471095,1.0
-9.0,50,6584.004214,1.0
-11.0,50,6584.542207,1.0
-11.0,50,6585.082243,1.0
-10.0,50,6585.620904,1.0
-11.0,50,6586.157506,1.0
-15.0,50,6586.687864,1.0
-8.0,50,6587.235205,1.0
-15.0,50,6587.764769,1.0
-9.0,50,6588.303104,1.0
-9.0,50,6588.84195,1.0
-13.0,50,6589.412259,1.0
-11.0,50,6589.948683,1.0
-5.0,50,6590.486754,1.0
-20.0,50,6591.01777,1.0
-11.0,50,6591.56438,1.0
-9.0,50,6592.095485,1.0
-8.0,50,6592.635336,1.0
-12.0,50,6593.169278,1.0
0.0,50,6596.046461,1.0
-13.0,50,6596.586592,1.0
-11.0,50,6597.126232,1.0
-7.0,50,6597.657031,1.0
-5.0,50,6598.214716,1.0
-9.0,50,6598.752084,1.0
-15.0,50,6599.284326,1.0
-18.0,50,6599.813038,1.0
-15.0,50,6600.369664,1.0
-33.0,50,6600.910581,1.0
-13.0,50,6601.445747,1.0
-11.0,50,6601.982487,1.0
-10.0,50,6602.534897,1.0
-6.0,50,6603.073935,1.0
-7.0,50,6603.612144,1.0
-11.0,50,6604.15179,1.0
-10.0,50,6604.698447,1.0
-8.0,50,6605.232422,1.0
-7.0,50,6605.771746,1.0
-17.0,50,6606.30259,1.0
-16.0,50,6606.853317,1.0
-47.0,50,6607.38424,0.0
-8.0,50,6607.920563,1.0
-10.0,50,6608.459285,1.0
-9.0,50,6609.012294,1.0
-8.0,50,6609.549072,1.0
-14.0,50,6610.089198,1.0
-18.0,50,6610.627031,1.0
-15.0,50,6611.177019,1.0
-7.0,50,6611.720398,1.0
-13.0,50,6612.257647,1.0
-8.0,50,6612.798106,1.0
-13.0,50,6613.357576,1.0
-12.0,50,6613.890322,1.0
-12.0,50,6614.422654,1.0
-7.0,50,6614.967334,1.0
-13.0,50,6615.518202,1.0
-11.0,50,6616.053146,1.0
-5.0,50,6616.579772,1.0
-6.0,50,6617.110595,1.0
-5.0,50,6617.657305,1.0
-50.0,50,6618.192344,0.0
-8.0,50,6618.720058,1.0
-8.0,50,6619.25134,1.0
-5.0,50,6619.79946,1.0
-8.0,50,6620.334434,1.0
-15.0,50,6620.87447,1.0
-5.0,50,6621.412137,1.0
-6.0,50,6621.963361,1.0
-13.0,50,6622.501633,1.0
-8.0,50,6623.042819,1.0
-7.0,50,6623.572438,1.0
-9.0,50,6624.113511,1.0
-6.0,50,6624.632188,1.0
-17.0,50,6625.156687,1.0
-13.0,50,6625.681123,1.0
-12.0,50,6626.228225,1.0
-8.0,50,6626.746078,1.0
-9.0,50,6627.269379,1.0
-5.0,50,6627.797911,1.0
-8.0,50,6628.345289,1.0
-7.0,50,6628.871166,1.0
-10.0,50,6629.397974,1.0
0.0,50,6629.926405,1.0
-12.0,50,6630.468099,1.0
-10.0,50,6630.991442,1.0
-12.0,50,6631.515521,1.0
-13.0,50,6632.03293,1.0
-7.0,50,6632.579045,1.0
-17.0,50,6633.095945,1.0
-12.0,50,6633.621732,1.0
-8.0,50,6634.140172,1.0
-8.0,50,6634.731071,1.0
-15.0,50,6635.252412,1.0
-10.0,50,6635.779836,1.0
-11.0,50,6636.30127,1.0
-7.0,50,6636.864142,1.0
0.0,50,6637.390076,1.0
-8.0,50,6637.914291,1.0
-16.0,50,6638.43631,1.0
-6.0,50,6638.974558,1.0
-13.0,50,6639.499164,1.0
-15.0,50,6640.025238,1.0
-16.0,50,6640.542443,1.0
-11.0,50,6641.083212,1.0
-13.0,50,6641.607279,1.0
-8.0,50,6642.138805,1.0
-28.0,50,6642.665554,1.0
-15.0,50,6643.202718,1.0
-17.0,50,6643.745528,1.0
-26.0,50,6644.287552,1.0
-11.0,50,6644.824185,1.0
-8.0,50,6645.397543,1.0
-6.0,50,6645.939827,1.0
-11.0,50,6646.477481,1.0
-7.0,50,6647.011668,1.0
-9.0,50,6647.568302,1.0
-12.0,50,6648.100726,1.0
-7.0,50,6648.642411,1.0
-24.0,50,6649.175348,1.0
-11.0,50,6649.740292,1.0
-6.0,50,6650.27267,1.0
-8.0,50,6650.810423,1.0
-18.0,50,6651.351677,1.0
-15.0,50,6651.924043,1.0
-9.0,50,6652.464911,1.0
-13.0,50,6653.000289,1.0
-10.0,50,6653.535914,1.0
-9.0,50,6654.091089,1.0
-9.0,50,6654.624612,1.0
-13.0,50,6655.162377,1.0
-16.0,50,6655.699508,1.0
0.0,50,6656.251509,1.0
0.0,50,6656.785168,1.0
-3.0,50,6657.323078,1.0
-8.0,50,6657.855453,1.0
-11.0,50,6658.420327,1.0
-17.0,50,6658.962501,1.0
-15.0,50,6659.500164,1.0
-9.0,50,6660.045472,1.0
-10.0,50,6660.609229,1.0
-12.0,50,6661.142408,1.0
-13.0,50,6661.66331,1.0
-11.0,50,6662.188067,1.0
-7.0,50,6662.737401,1.0
-19.0,50,6663.269483,1.0
-16.0,50,6663.798775,1.0
-7.0,50,6664.329237,1.0
-13.0,50,6664.879214,1.0
-17.0,50,6665.402227,1.0
-9.0,50,6665.934518,1.0
-10.0,50,6666.466847,1.0
-17.0,50,6667.037168,1.0
-16.0,50,6667.564565,1.0
-18.0,50,6668.09217,1.0
-13.0,50,6668.616663,1.0
0.0,50,6669.167013,1.0
-13.0,50,6669.693429,1.0
-13.0,50,6670.221871,1.0
0.0,50,6670.750173,1.0
-18.0,50,6671.292397,1.0
-11.0,50,6671.823546,1.0
-9.0,50,6672.344927,1.0
-14.0,50,6672.873884,1.0
-31.0,50,6673.424366,1.0
-13.0,50,6673.956236,1.0
-14.0,50,6674.483821,1.0
-5.0,50,6675.01357,1.0
-10.0,50,6675.55923,1.0
-16.0,50,6676.098248,1.0
-8.0,50,6676.640213,1.0
-10.0,50,6677.177566,1.0
-12.0,50,6677.740559,1.0
-13.0,50,6678.27972,1.0
-6.0,50,6678.81413,1.0
-10.0,50,6679.350366,1.0
-14.0,50,6679.923334,1.0
-8.0,50,6680.460828,1.0
-11.0,50,6681.001548,1.0
-6.0,50,6681.543317,1.0
-19.0,50,6682.113251,1.0
-18.0,50,6682.653701,1.0
-7.0,50,6683.194513,1.0
0.0,50,6683.723315,1.0
-3.0,50,6684.270563,1.0
-18.0,50,6684.796393,1.0
0.0,50,6685.324722,1.0
-14.0,50,6685.846796,1.0
-8.0,50,6686.408095,1.0
0.0,50,6686.932594,1.0
-11.0,50,6687.463515,1.0
-5.0,50,6687.997196,1.0
-14.0,50,6688.540389,1.0
-10.0,50,6689.074522,1.0
-7.0,50,6689.601934,1.0
-8.0,50,6690.130345,1.0
-21.0,50,6690.694065,1.0
-19.0,50,6691.221571,1.0
-12.0,50,6691.74683,1.0
-17.0,50,6692.269555,1.0
0.0,50,6692.814283,1.0
-6.0,50,6693.349589,1.0
-10.0,50,6693.866928,1.0
-12.0,50,6694.387539,1.0
-11.0,50,6694.933087,1.0
-34.0,50,6695.457692,1.0
-6.0,50,6695.988518,1.0
-9.0,50,6696.518911,1.0
-13.0,50,6697.079546,1.0
-12.0,50,6697.605112,1.0
-13.0,50,6698.122971,1.0
-14.0,50,6698.64998,1.0
-7.0,50,6699.199498,1.0
-5.0,50,6699.732831,1.0
-8.0,50,6700.259912,1.0
-13.0,50,6700.788374,1.0
-11.0,50,6701.339895,1.0
-12.0,50,6701.880976,1.0
-9.0,50,6702.418666,1.0
-13.0,50,6702.961602,1.0
-7.0,50,6705.817836,1.0
-14.0,50,6706.347836,1.0
-13.0,50,6706.873382,1.0
-13.0,50,6707.40851,1.0
-13.0,50,6707.962097,1.0
-12.0,50,6708.4891,1.0
-16.0,50,6709.032269,1.0
-12.0,50,6709.567654,1.0
-8.0,50,6710.11484,1.0
-6.0,50,6710.633683,1.0
-7.0,50,6711.153638,1.0
0.0,50,6711.683497,1.0
-10.0,50,6712.223548,1.0
-11.0,50,6712.752448,1.0
-10.0,50,6713.275497,1.0
-12.0,50,6713.794795,1.0
-3.0,50,6714.336292,1.0
-11.0,50,6714.860368,1.0
-11.0,50,6715.379574,1.0
-30.0,50,6715.898734,1.0
-14.0,50,6716.437956,1.0
-12.0,50,6716.959463,1.0
-18.0,50,6717.480659,1.0
0.0,50,6717.998251,1.0
-12.0,50,6718.539502,1.0
-12.0,50,6719.058683,1.0
-12.0,50,6719.58857,1.0
-10.0,50,6720.117666,1.0
-11.0,50,6720.652206,1.0
-11.0,50,6721.176324,1.0
-12.0,50,6721.706852,1.0
-14.0,50,6722.22973,1.0
-13.0,50,6722.76782,1.0
-12.0,50,6723.294741,1.0
-12.0,50,6723.829026,1.0
-4.0,50,6724.351588,1.0
-7.0,50,6724.906033,1.0
-9.0,50,6725.440912,1.0
-8.0,50,6725.971898,1.0
-15.0,50,6726.51212,1.0
-12.0,50,6727.067667,1.0
-15.0,50,6727.606667,1.0
-14.0,50,6728.139835,1.0
-14.0,50,6728.668276,1.0
-15.0,50,6729.213864,1.0
-6.0,50,6729.73736,1.0
-10.0,50,6730.266927,1.0
-5.0,50,6730.806395,1.0
-11.0,50,6731.365507,1.0
-12.0,50,6731.90627,1.0
-12.0,50,6732.442641,1.0
-12.0,50,6732.978885,1.0
-12.0,50,6733.536852,1.0
-3.0,50,6734.069423,1.0
-11.0,50,6734.603387,1.0
-15.0,50,6735.145821,1.0
-9.0,50,6735.704203,1.0
-6.0,50,6736.242689,1.0
-11.0,50,6736.779892,1.0
-10.0,50,6737.305899,1.0
-12.0,50,6737.851993,1.0
-8.0,50,6738.391988,1.0
-13.0,50,6738.926178,1.0
-37.0,50,6739.455462,1.0
-12.0,50,6740.008532,1.0
-13.0,50,6740.536551,1.0
-10.0,50,6741.075842,1.0
-13.0,50,6741.605075,0.0
-14.0,50,6742.151973,1.0
-7.0,50,6742.672391,1.0
-7.0,50,6743.198165,1.0
-7.0,50,6743.725321,1.0
-11.0,50,6744.268718,1.0
-7.0,50,6744.804631,1.0
-20.0,50,6745.342357,1.0
-12.0,50,6745.869351,1.0
-18.0,50,6746.4238,1.0
0.0,50,6746.959908,1.0
-9.0,50,6747.495468,1.0
-11.0,50,6748.030573,1.0
-9.0,50,6748.561595,1.0
-8.0,50,6749.083561,1.0
-12.0,50,6749.62256,1.0
-11.0,50,6750.167948,1.0
-16.0,50,6750.71505,1.0
-8.0,50,6751.245525,1.0
-14.0,50,6751.789176,1.0
-6.0,50,6752.313558,1.0
-14.0,50,6752.855314,1.0
-10.0,50,6753.391032,1.0
-8.0,50,6753.931787,1.0
-5.0,50,6754.467942,1.0
-12.0,50,6755.027603,1.0
-7.0,50,6755.563464,1.0
-9.0,50,6756.091575,1.0
-8.0,50,6756.612547,1.0
-5.0,50,6757.160449,1.0
0.0,50,6757.694476,1.0
-26.0,50,6758.220509,1.0
-12.0,50,6758.759653,1.0
-5.0,50,6759.315775,1.0
-13.0,50,6759.848897,1.0
-9.0,50,6760.385037,1.0
-9.0,50,6760.925479,1.0
-14.0,50,6761.471402,1.0
-11.0,50,6762.000539,1.0
-9.0,50,6762.530101,1.0
-11.0,50,6763.062771,1.0
-16.0,50,6763.604487,1.0
-13.0,50,6764.128947,1.0
-7.0,50,6764.656108,1.0
-4.0,50,6765.180343,1.0
-36.0,50,6765.720845,1.0
-6.0,50,6766.251133,1.0
-9.0,50,6766.766499,1.0
-15.0,50,6767.284543,1.0
-9.0,50,6767.831298,1.0
-12.0,50,6768.362098,1.0
-14.0,50,6768.905399,1.0
-14.0,50,6769.437513,1.0
-6.0,50,6769.992105,1.0
-11.0,50,6770.525375,1.0
-15.0,50,6771.064153,1.0
-14.0,50,6771.597094,1.0
-6.0,50,6772.152699,1.0
-5.0,50,6772.687492,1.0
-15.0,50,6773.222178,1.0
0.0,50,6773.765124,1.0
-20.0,50,6774.332221,1.0
-8.0,50,6774.859042,1.0
-16.0,50,6775.398896,1.0
-13.0,50,6775.929878,1.0
-25.0,50,6776.47869,1.0
-18.0,50,6777.017977,1.0
-9.0,50,6777.550628,1.0
-7.0,50,6778.081795,1.0
-5.0,50,6778.62484,1.0
-6.0,50,6779.151154,1.0
-12.0,50,6779.692918,1.0
-16.0,50,6780.225787,1.0
-17.0,50,6780.77391,1.0
-11.0,50,6781.30952,1.0
-8.0,50,6781.834742,1.0
-14.0,50,6782.362184,1.0
-10.0,50,6782.907676,1.0
-19.0,50,6783.43035,1.0
-12.0,50,6783.949623,1.0
-11.0,50,6784.473742,1.0
-9.0,50,6785.010942,1.0
-10.0,50,6785.537628,1.0
-11.0,50,6786.053642,1.0
-7.0,50,6786.570035,1.0
-11.0,50,6787.119004,1.0
0.0,50,6787.639564,1.0
-10.0,50,6788.164507,1.0
-13.0,50,6788.691724,1.0
-25.0,50,6789.286993,1.0
-15.0,50,6789.804753,1.0
-11.0,50,6790.335043,1.0
-5.0,50,6790.871223,1.0
-9.0,50,6791.429893,1.0
-12.0,50,6791.9712,1.0
-12.0,50,6792.507291,1.0
-15.0,50,6793.039528,1.0
-12.0,50,6793.587597,1.0
0.0,50,6794.119463,1.0
-7.0,50,6794.646017,1.0
-13.0,50,6795.184252,1.0
-5.0,50,6795.732026,1.0
-9.0,50,6796.27043,1.0
-6.0,50,6796.807639,1.0
-29.0,50,6797.350955,1.0
-17.0,50,6797.904287,1.0
-12.0,50,6798.434083,1.0
-7.0,50,6798.973676,1.0
-13.0,50,6799.513226,1.0
-6.0,50,6800.06203,1.0
-8.0,50,6800.591461,1.0
-12.0,50,6801.120305,1.0
0.0,50,6801.664443,1.0
-14.0,50,6802.226467,1.0
-10.0,50,6802.753765,1.0
-11.0,50,6803.292874,1.0
-8.0,50,6803.828241,1.0
-13.0,50,6804.396829,1.0
0.0,50,6804.925006,1.0
0.0,50,6805.459876,1.0
-7.0,50,6805.996764,1.0
-5.0,50,6806.570726,1.0
-26.0,50,6807.108896,1.0
-46.0,50,6807.647731,0.0
-13.0,50,6808.183884,1.0
-19.0,50,6808.728783,1.0
-10.0,50,6809.257811,1.0
-11.0,50,6809.792327,1.0
-9.0,50,6810.313636,1.0
-11.0,50,6810.857632,1.0
-12.0,50,6811.386885,1.0
-10.0,50,6811.918007,1.0
-12.0,50,6812.4407,1.0
-13.0,50,6815.227702,1.0
-11.0,50,6815.754979,1.0
-12.0,50,6816.282463,1.0
-13.0,50,6816.809421,1.0
-5.0,50,6817.349631,1.0
-6.0,50,6817.867145,1.0
-20.0,50,6818.386932,1.0
0.0,50,6818.906269,1.0
-13.0,50,6819.446309,1.0
-12.0,50,6819.966124,1.0
-8.0,50,6820.486246,1.0
-14.0,50,6821.007507,1.0
-11.0,50,6821.553226,1.0
-13.0,50,6822.077137,1.0
-16.0,50,6822.609505,1.0
-11.0,50,6823.128572,1.0
-5.0,50,6823.662267,1.0
-9.0,50,6824.193482,1.0
-13.0,50,6824.733912,1.0
-8.0,50,6825.271038,1.0
-5.0,50,6825.823913,1.0
-11.0,50,6826.352887,1.0
-13.0,50,6826.885944,1.0
-17.0,50,6827.41669,1.0
-15.0,50,6827.962815,1.0
-14.0,50,6828.487466,1.0
-6.0,50,6829.010228,1.0
-4.0,50,6829.53092,1.0
0.0,50,6830.086745,1.0
-20.0,50,6830.611733,1.0
-10.0,50,6831.148031,1.0
-7.0,50,6831.667003,1.0
-6.0,50,6832.201828,1.0
-14.0,50,6832.72373,1.0
-17.0,50,6833.258657,1.0
-12.0,50,6833.789471,1.0
-10.0,50,6834.340781,1.0
-8.0,50,6834.867918,1.0
-7.0,50,6835.408987,1.0
-8.0,50,6835.940083,1.0
-7.0,50,6836.4871,1.0
-2.0,50,6837.02358,1.0
-6.0,50,6837.555273,1.0
-7.0,50,6838.080966,1.0
-15.0,50,6838.635468,1.0
-7.0,50,6839.158783,1.0
0.0,50,6839.675718,1.0
0.0,50,6840.19312,1.0
0.0,50,6840.746963,1.0
-12.0,50,6841.272492,1.0
-7.0,50,6841.795758,1.0
-5.0,50,6842.334339,1.0
0.0,50,6842.872908,1.0
-10.0,50,6843.411687,1.0
-8.0,50,6843.941089,1.0
-9.0,50,6844.470674,1.0
-12.0,50,6845.009219,1.0
-14.0,50,6845.533666,1.0
-9.0,50,6846.057897,1.0
-12.0,50,6846.585969,1.0
-9.0,50,6847.130314,1.0
-14.0,50,6847.661369,1.0
-11.0,50,6848.186176,1.0
-11.0,50,6848.715881,1.0
-9.0,50,6849.266499,1.0
-16.0,50,6849.802887,1.0
-11.0,50,6850.323278,1.0
0.0,50,6850.839328,1.0
-11.0,50,6851.37557,1.0
-17.0,50,6851.905927,1.0
-8.0,50,6852.429955,1.0
-11.0,50,6852.960526,1.0
-14.0,50,6853.496797,1.0
-12.0,50,6854.014787,1.0
-14.0,50,6854.537014,1.0
-11.0,50,6855.057565,1.0
-6.0,50,6855.599174,1.0
-15.0,50,6856.129886,1.0
-9.0,50,6856.660512,1.0
-6.0,50,6857.197472,1.0
-50.0,50,6857.742452,0.0
-10.0,50,6858.276905,1.0
-7.0,50,6858.807152,1.0
-29.0,50,6859.346926,1.0
-12.0,50,6859.898761,1.0
-13.0,50,6860.43522,1.0
-7.0,50,6860.977662,1.0
0.0,50,6861.503329,1.0
-2.0,50,6862.043674,1.0
-8.0,50,6862.557931,1.0
-17.0,50,6863.074907,1.0
-13.0,50,6863.599706,1.0
0.0,50,6864.129669,1.0
-11.0,50,6864.651167,1.0
-6.0,50,6865.166117,1.0
-50.0,50,6865.680426,0.0
-11.0,50,6866.213319,1.0
-9.0,50,6866.733863,1.0
0.0,50,6867.257453,1.0
-13.0,50,6867.782341,1.0
-11.0,50,6868.322097,1.0
-11.0,50,6868.836216,1.0
-7.0,50,6869.357108,1.0
-11.0,50,6869.882524,1.0
-13.0,50,6870.428449,1.0
-9.0,50,6870.948905,1.0
-5.0,50,6871.4654,1.0
0.0,50,6871.991296,1.0
-8.0,50,6872.522853,1.0
-30.0,50,6873.039171,1.0
-9.0,50,6873.572366,1.0
-10.0,50,6874.106035,1.0
-11.0,50,6874.6652,1.0
-14.0,50,6875.194513,1.0
-12.0,50,6875.728526,1.0
-11.0,50,6876.274561,1.0
-11.0,50,6876.822384,1.0
-12.0,50,6877.362159,1.0
-5.0,50,6877.902199,1.0
0.0,50,6878.432508,1.0
-22.0,50,6879.009465,1.0
-14.0,50,6879.543157,1.0
-12.0,50,6880.076998,1.0
-15.0,50,6880.61802,1.0
-15.0,50,6881.164361,1.0
-8.0,50,6881.697872,1.0
0.0,50,6882.232871,1.0
-14.0,50,6882.771162,1.0
-16.0,50,6883.326011,1.0
-12.0,50,6883.860387,1.0
-6.0,50,6884.392258,1.0
0.0,50,6884.921383,1.0
-22.0,50,6885.483226,1.0
-8.0,50,6886.017977,1.0
-12.0,50,6886.557402,1.0
-18.0,50,6887.099855,1.0
-11.0,50,6887.659268,1.0
-7.0,50,6888.192771,1.0
-13.0,50,6888.716997,1.0
-17.0,50,6889.248054,1.0
0.0,50,6889.798696,1.0
-13.0,50,6890.317219,1.0
-10.0,50,6890.847074,1.0
-12.0,50,6891.375518,1.0
-6.0,50,6891.925016,1.0
-47.0,50,6892.449591,0.0
-11.0,50,6892.98163,1.0
-7.0,50,6893.504553,1.0
-7.0,50,6894.050257,1.0
-21.0,50,6894.570177,1.0
-11.0,50,6895.088849,1.0
0.0,50,6895.613189,1.0
0.0,50,6896.149124,1.0
-13.0,50,6896.680519,1.0
-14.0,50,6897.205045,1.0
-5.0,50,6897.72421,1.0
-12.0,50,6898.265228,1.0
-15.0,50,6898.793496,1.0
-9.0,50,6899.322259,1.0
-10.0,50,6899.842466,1.0
-12.0,50,6900.411283,1.0
-4.0,50,6900.949057,1.0
-11.0,50,6901.483896,1.0
-16.0,50,6902.024224,1.0
-7.0,50,6902.590701,1.0
-15.0,50,6903.129483,1.0
-11.0,50,6903.66326,1.0
-8.0,50,6904.196145,1.0
-8.0,50,6904.733913,1.0
-10.0,50,6905.266232,1.0
-27.0,50,6905.797935,1.0
0.0,50,6906.323194,1.0
-12.0,50,6906.865307,1.0
-6.0,50,6907.400354,1.0
-13.0,50,6907.928387,1.0
-10.0,50,6908.462801,1.0
-11.0,50,6909.018179,1.0
-9.0,50,6909.551098,1.0
-11.0,50,6910.091977,1.0
-9.0,50,6910.623152,1.0
-9.0,50,6911.176445,1.0
-16.0,50,6911.71052,1.0
-9.0,50,6912.235429,1.0
-18.0,50,6912.768317,1.0
-14.0,50,6913.31157,1.0
-20.0,50,6913.837219,1.0
-4.0,50,6914.359185,1.0
-6.0,50,6914.881441,1.0
-6.0,50,6915.425701,1.0
-13.0,50,6915.964539,1.0
-9.0,50,6916.490067,1.0
-27.0,50,6917.0224,1.0
-11.0,50,6917.57695,1.0
-11.0,50,6918.10442,1.0
-7.0,50,6918.638556,1.0
-12.0,50,6919.168093,1.0
-13.0,50,6919.718389,1.0
-20.0,50,6920.257201,1.0
-13.0,50,6920.781923,1.0
-5.0,50,6921.322834,1.0
-10.0,50,6924.153225,1.0
-12.0,50,6924.68012,1.0
-10.0,50,6925.221671,1.0
-6.0,50,6925.760676,1.0
-14.0,50,6926.334394,1.0
-13.0,50,6926.881049,1.0
-6.0,50,6927.416084,1.0
-10.0,50,6927.958308,1.0
-11.0,50,6928.527616,1.0
0.0,50,6929.056447,1.0
-9.0,50,6929.583015,1.0
-10.0,50,6930.109348,1.0
-9.0,50,6930.693554,1.0
-8.0,50,6931.218871,1.0
-10.0,50,6931.748802,1.0
-9.0,50,6932.287243,1.0
-9.0,50,6932.861423,1.0
-22.0,50,6933.400721,1.0
0.0,50,6933.938906,1.0
-6.0,50,6934.477803,1.0
-9.0,50,6935.049246,1.0
-11.0,50,6935.580296,1.0
-6.0,50,6936.10836,1.0
-7.0,50,6936.648304,1.0
-24.0,50,6937.218413,1.0
-29.0,50,6937.759593,1.0
-5.0,50,6938.295843,1.0
-7.0,50,6938.843467,1.0
-10.0,50,6939.414151,1.0
-14.0,50,6939.951457,1.0
-10.0,50,6940.495806,1.0
-12.0,50,6941.04287,1.0
-12.0,50,6941.608839,1.0
-9.0,50,6942.159685,1.0
-8.0,50,6942.706407,1.0
-20.0,50,6943.247816,1.0
-4.0,50,6943.806821,1.0
-7.0,50,6944.341406,1.0
0.0,50,6944.887173,1.0
-6.0,50,6945.429484,1.0
-10.0,50,6945.979522,1.0
-11.0,50,6946.521781,1.0
-18.0,50,6947.064012,1.0
-11.0,50,6947.598824,1.0
-9.0,50,6948.170874,1.0
-9.0,50,6948.711991,1.0
-12.0,50,6949.250413,1.0
-12.0,50,6949.792784,1.0
0.0,50,6950.338758,1.0
-10.0,50,6950.87152,1.0
-24.0,50,6951.410003,0.0
0.0,50,6951.939263,1.0
-9.0,50,6952.491209,1.0
-6.0,50,6953.008993,1.0
-9.0,50,6953.541662,1.0
-8.0,50,6954.062117,1.0
-10.0,50,6954.613459,1.0
-9.0,50,6955.13651,1.0
-16.0,50,6955.670195,1.0
-15.0,50,6956.194621,1.0
-8.0,50,6956.738701,1.0
-11.0,50,6957.268502,1.0
-12.0,50,6957.78665,1.0
0.0,50,6958.309335,1.0
-15.0,50,6958.857188,1.0
-9.0,50,6959.386105,1.0
-43.0,50,6959.911567,0.0
-19.0,50,6960.442503,1.0
-14.0,50,6960.977541,1.0
-18.0,50,6961.504265,1.0
-9.0,50,6962.025351,1.0
-8.0,50,6962.548172,1.0
-17.0,50,6963.121637,1.0
0.0,50,6963.640402,1.0
-7.0,50,6964.157588,1.0
-15.0,50,6964.681174,1.0
-4.0,50,6965.233633,1.0
-10.0,50,6965.754269,1.0
-8.0,50,6966.272444,1.0
-9.0,50,6966.799669,1.0
-12.0,50,6967.331264,1.0
-11.0,50,6967.851328,1.0
-12.0,50,6968.37492,1.0
-13.0,50,6968.90252,1.0
-9.0,50,6969.447488,1.0
-11.0,50,6969.975886,1.0
-16.0,50,6970.502119,1.0
-6.0,50,6971.030046,1.0
-19.0,50,6971.579653,1.0
0.0,50,6972.103235,1.0
-17.0,50,6972.624662,1.0
-13.0,50,6973.155507,1.0
-11.0,50,6973.699365,1.0
-18.0,50,6974.217662,1.0
-13.0,50,6974.739213,1.0
-8.0,50,6975.256358,1.0
-12.0,50,6975.789669,1.0
-6.0,50,6976.306357,1.0
-12.0,50,6976.835013,1.0
-12.0,50,6977.359573,1.0
-6.0,50,6977.906248,1.0
-13.0,50,6978.436615,1.0
-7.0,50,6978.966792,0.0
-11.0,50,6979.505098,1.0
-12.0,50,6980.059761,1.0
-7.0,50,6980.582057,1.0
-12.0,50,6981.11263,1.0
-9.0,50,6981.648595,1.0
-15.0,50,6982.208434,1.0
-10.0,50,6982.736307,1.0
-17.0,50,6983.264908,1.0
-7.0,50,6983.798814,1.0
-26.0,50,6984.35036,1.0
-11.0,50,6984.879824,1.0
-11.0,50,6985.415125,1.0
0.0,50,6985.937362,1.0
-7.0,50,6986.484517,1.0
-12.0,50,6987.013245,1.0
-50.0,50,6987.557666,0.0
-14.0,50,6988.093661,1.0
-9.0,50,6988.633684,1.0
0.0,50,6989.153891,1.0
-7.0,50,6989.682329,1.0
0.0,50,6990.207922,1.0
-13.0,50,6990.753517,1.0
-8.0,50,6991.268336,1.0
-12.0,50,6991.784397,1.0
-11.0,50,6992.30039,1.0
-10.0,50,6992.86868,1.0
-12.0,50,6993.399667,1.0
0.0,50,6993.914996,1.0
-7.0,50,6994.433858,1.0
-9.0,50,6994.969772,1.0
-12.0,50,6995.487799,1.0
-8.0,50,6996.015409,1.0
-7.0,50,6996.531518,1.0
-14.0,50,6997.077121,1.0
-10.0,50,6997.595601,1.0
0.0,50,6998.111413,1.0
-9.0,50,6998.630205,1.0
-19.0,50,6999.173769,1.0
-7.0,50,6999.689797,1.0
-15.0,50,7000.215671,1.0
0.0,50,7000.730681,1.0
-12.0,50,7001.266189,1.0
-13.0,50,7001.794149,1.0
-10.0,50,7002.346485,1.0
-8.0,50,7002.883821,1.0
-11.0,50,7003.430915,1.0
-19.0,50,7003.958622,1.0
-14.0,50,7004.485769,1.0
-5.0,50,7005.002662,1.0
-13.0,50,7005.539534,1.0
-10.0,50,7006.057821,1.0
-4.0,50,7006.581964,1.0
-23.0,50,7007.107736,1.0
0.0,50,7007.647012,1.0
-9.0,50,7008.164562,1.0
-9.0,50,7008.691133,1.0
-9.0,50,7009.209081,1.0
-13.0,50,7009.763987,1.0
-15.0,50,7010.291372,1.0
-12.0,50,7010.828978,1.0
-8.0,50,7011.365716,1.0
-11.0,50,7011.912837,1.0
-10.0,50,7012.443521,1.0
0.0,50,7012.970744,1.0
-5.0,50,7013.512811,1.0
0.0,50,7014.06566,1.0
-8.0,50,7014.5935,1.0
-10.0,50,7015.121376,1.0
-9.0,50,7015.660548,1.0
-17.0,50,7016.209937,1.0
-10.0,50,7016.750982,1.0
-10.0,50,7017.284936,1.0
-10.0,50,7017.829224,1.0
-8.0,50,7018.376684,1.0
-12.0,50,7018.908193,1.0
-7.0,50,7019.441273,1.0
-19.0,50,7019.979373,1.0
0.0,50,7020.53916,1.0
0.0,50,7021.071554,1.0
-8.0,50,7021.603542,1.0
-5.0,50,7022.135459,1.0
-11.0,50,7022.672284,1.0
-14.0,50,7023.193585,1.0
-10.0,50,7023.717713,1.0
-8.0,50,7024.25352,1.0
-11.0,50,7024.801746,1.0
-5.0,50,7025.342591,1.0
-7.0,50,7025.871601,1.0
-7.0,50,7026.401037,1.0
-8.0,50,7026.948896,1.0
-14.0,50,7027.475976,1.0
-13.0,50,7028.01819,1.0
-12.0,50,7028.549353,1.0
-16.0,50,7029.098768,1.0
-13.0,50,7029.628461,1.0
-15.0,50,7030.158572,1.0
-9.0,50,7030.684895,1.0
-14.0,50,7033.515505,1.0
0.0,50,7034.053076,1.0
0.0,50,7034.580646,1.0
0.0,50,7035.10552,1.0
-7.0,50,7035.649673,1.0
-11.0,50,7036.173405,1.0
-18.0,50,7036.707214,1.0
-12.0,50,7037.24344,1.0
-8.0,50,7037.790336,1.0
-13.0,50,7038.319678,1.0
0.0,50,7038.857921,1.0
-9.0,50,7039.3952,1.0
-8.0,50,7039.946183,1.0
-10.0,50,7040.477799,1.0
-13.0,50,7041.010233,1.0
-12.0,50,7041.545439,1.0
-5.0,50,7042.108055,1.0
-14.0,50,7042.642329,1.0
-2.0,50,7043.174083,1.0
-25.0,50,7043.708443,1.0
-18.0,50,7044.259041,1.0
0.0,50,7044.790307,1.0
-13.0,50,7045.329412,1.0
-6.0,50,7045.871355,1.0
-14.0,50,7046.421253,1.0
-7.0,50,7046.955518,1.0
-6.0,50,7047.492534,1.0
-8.0,50,7048.024377,1.0
-7.0,50,7048.581952,1.0
-8.0,50,7049.115539,1.0
-20.0,50,7049.652015,1.0
-6.0,50,7050.184455,1.0
-7.0,50,7050.740778,1.0
-11.0,50,7051.275451,1.0
-18.0,50,7051.808581,1.0
-4.0,50,7052.350951,1.0
-11.0,50,7052.899547,1.0
-9.0,50,7053.431412,1.0
-15.0,50,7053.968221,1.0
-11.0,50,7054.505968,1.0
-16.0,50,7055.100802,1.0
-15.0,50,7055.621511,1.0
-11.0,50,7056.139266,1.0
-6.0,50,7056.653876,1.0
-15.0,50,7057.192974,1.0
-12.0,50,7057.714497,1.0
-21.0,50,7058.238642,1.0
-4.0,50,7058.757217,1.0
-7.0,50,7059.294713,1.0
-12.0,50,7059.817974,1.0
-10.0,50,7060.332973,1.0
-9.0,50,7060.850824,1.0
0.0,50,7061.380677,1.0
-19.0,50,7061.90466,1.0
-8.0,50,7062.429943,1.0
-12.0,50,7062.949869,1.0
0.0,50,7063.492999,1.0
-7.0,50,7064.009851,1.0
-7.0,50,7064.533252,1.0
-12.0,50,7065.053137,1.0
-8.0,50,7065.593081,1.0
-11.0,50,7066.120729,1.0
-11.0,50,7066.645083,1.0
-21.0,50,7067.163861,1.0
-6.0,50,7067.713771,1.0
-17.0,50,7068.246891,1.0
-11.0,50,7068.773554,1.0
-30.0,50,7069.307067,1.0
-15.0,50,7069.854825,1.0
-16.0,50,7070.383036,1.0
-18.0,50,7070.916884,1.0
-2.0,50,7071.444697,1.0
-10.0,50,7071.994778,1.0
-13.0,50,7072.523695,1.0
-8.0,50,7073.061196,1.0
-16.0,50,7073.596671,1.0
-11.0,50,7074.136595,1.0
-16.0,50,7074.673287,1.0
-6.0,50,7075.193993,1.0
-6.0,50,7075.720103,1.0
-9.0,50,7076.257189,1.0
-9.0,50,7076.786806,1.0
-21.0,50,7077.316249,1.0
-14.0,50,7077.850943,1.0
-36.0,50,7078.400934,1.0
-7.0,50,7078.930943,1.0
-13.0,50,7079.462828,1.0
-13.0,50,7080.001891,1.0
-17.0,50,7080.536201,1.0
-11.0,50,7081.054226,1.0
-3.0,50,7081.571746,1.0
-12.0,50,7082.089005,1.0
-9.0,50,7082.631921,1.0
-8.0,50,7083.155312,1.0
-10.0,50,7083.671345,1.0
-9.0,50,7084.186815,1.0
-7.0,50,7084.732933,1.0
-10.0,50,7085.251525,1.0
-25.0,50,7085.769049,1.0
-6.0,50,7086.294928,1.0
-11.0,50,7086.842097,1.0
-19.0,50,7087.36302,1.0
-11.0,50,7087.888262,1.0
-9.0,50,7088.404236,1.0
-10.0,50,7088.942002,1.0
-9.0,50,7089.469833,1.0
-24.0,50,7089.988021,1.0
-12.0,50,7090.510938,1.0
-8.0,50,7091.049812,1.0
-11.0,50,7091.569961,1.0
-17.0,50,7092.091937,1.0
-8.0,50,7092.612677,1.0
-14.0,50,7093.18229,1.0
-11.0,50,7093.705483,1.0
-9.0,50,7094.24101,1.0
-19.0,50,7094.768932,1.0
-7.0,50,7095.339579,1.0
-6.0,50,7095.86564,1.0
-10.0,50,7096.400256,1.0
-15.0,50,7096.935311,1.0
-12.0,50,7097.477042,1.0
-10.0,50,7098.005259,1.0
-10.0,50,7098.531049,1.0
-11.0,50,7099.060623,1.0
-12.0,50,7099.642402,1.0
-10.0,50,7100.17198,1.0
-11.0,50,7100.707097,1.0
-13.0,50,7101.232731,1.0
-10.0,50,7101.774825,1.0
-6.0,50,7102.304248,1.0
-8.0,50,7102.822161,1.0
-6.0,50,7103.3389,1.0
-14.0,50,7103.865916,1.0
-11.0,50,7104.389699,1.0
-10.0,50,7104.905268,1.0
-17.0,50,7105.423013,1.0
0.0,50,7105.967236,1.0
-12.0,50,7106.483,1.0
-11.0,50,7107.004682,1.0
-10.0,50,7107.538425,1.0
-6.0,50,7108.100328,1.0
-15.0,50,7108.634221,1.0
0.0,50,7109.162113,1.0
-4.0,50,7109.688566,1.0
-11.0,50,7110.244287,1.0
-15.0,50,7110.786355,1.0
-12.0,50,7111.321362,1.0
-16.0,50,7111.849683,1.0
-8.0,50,7112.392573,1.0
-13.0,50,7112.928262,1.0
-13.0,50,7113.457026,1.0
-13.0,50,7113.994692,1.0
-7.0,50,7114.536194,1.0
-20.0,50,7115.057807,1.0
-9.0,50,7115.592013,1.0
-10.0,50,7116.116619,1.0
-11.0,50,7116.657933,1.0
-11.0,50,7117.197012,1.0
-6.0,50,7117.7219,1.0
-14.0,50,7118.250645,1.0
-7.0,50,7118.795332,1.0
-12.0,50,7119.32391,1.0
-7.0,50,7119.845094,1.0
-15.0,50,7120.375398,1.0
-12.0,50,7120.925093,1.0
-20.0,50,7121.449727,1.0
-13.0,50,7121.97607,1.0
-17.0,50,7122.503182,1.0
-11.0,50,7123.048793,1.0
-6.0,50,7123.568305,1.0
-27.0,50,7124.098899,1.0
-11.0,50,7124.628318,1.0
-9.0,50,7125.171853,1.0
-16.0,50,7125.711068,1.0
-11.0,50,7126.246493,1.0
-26.0,50,7126.782937,1.0
-5.0,50,7127.325921,1.0
-12.0,50,7127.863345,1.0
-3.0,50,7128.394399,1.0
-8.0,50,7128.93569,1.0
0.0,50,7129.485166,1.0
-10.0,50,7130.016735,1.0
-20.0,50,7130.550078,1.0
-47.0,50,7131.084403,0.0
-6.0,50,7131.622021,1.0
-16.0,50,7132.149073,1.0
-9.0,50,7132.680287,1.0
-11.0,50,7133.215989,1.0
-7.0,50,7133.755443,1.0
-9.0,50,7134.283812,1.0
-48.0,50,7134.816761,0.0
-12.0,50,7135.343914,1.0
-16.0,50,7135.89413,1.0
0.0,50,7136.420966,1.0
-14.0,50,7136.955282,1.0
-15.0,50,7137.491613,1.0
-9.0,50,7138.044909,1.0
-7.0,50,7138.566985,1.0
-6.0,50,7139.099599,1.0
-17.0,50,7139.635575,1.0
-14.0,50,7142.464942,1.0
0.0,50,7143.0072,1.0
-7.0,50,7143.538919,1.0
-8.0,50,7144.069293,1.0
-8.0,50,7144.614018,1.0
-7.0,50,7145.139345,1.0
-21.0,50,7145.678325,1.0
-9.0,50,7146.216257,1.0
0.0,50,7146.762589,1.0
-6.0,50,7147.29732,1.0
-9.0,50,7147.834902,1.0
-11.0,50,7148.371438,1.0
-9.0,50,7148.930031,1.0
-10.0,50,7149.465831,1.0
-9.0,50,7150.003336,1.0
-21.0,50,7150.535819,1.0
-11.0,50,7151.091186,1.0
-13.0,50,7151.631641,1.0
-13.0,50,7152.176482,1.0
-5.0,50,7152.707636,1.0
-15.0,50,7153.266286,1.0
-10.0,50,7153.80474,1.0
-11.0,50,7154.34126,1.0
-10.0,50,7154.88413,1.0
-28.0,50,7155.438695,1.0
-10.0,50,7155.978218,1.0
-13.0,50,7156.514043,1.0
-22.0,50,7157.054116,1.0
-17.0,50,7157.618439,1.0
-24.0,50,7158.15161,1.0
-9.0,50,7158.686276,1.0
-7.0,50,7159.220545,1.0
-10.0,50,7159.771472,1.0
-10.0,50,7160.30693,1.0
-32.0,50,7160.84603,1.0
-6.0,50,7161.381272,1.0
-10.0,50,7161.928356,1.0
-6.0,50,7162.467576,1.0
-7.0,50,7163.001512,1.0
-15.0,50,7163.539758,1.0
-7.0,50,7164.103162,1.0
0.0,50,7164.628108,1.0
-11.0,50,7165.151925,1.0
-7.0,50,7165.668037,1.0
-12.0,50,7166.201928,1.0
0.0,50,7166.722558,1.0
-10.0,50,7167.255976,1.0
-7.0,50,7167.780143,1.0
-7.0,50,7168.322508,1.0
-36.0,50,7168.856255,1.0
-15.0,50,7169.385576,1.0
-11.0,50,7169.913588,1.0
-9.0,50,7170.449064,1.0
-10.0,50,7170.974843,1.0
0.0,50,7171.498555,1.0
-8.0,50,7172.020013,1.0
-10.0,50,7172.555872,1.0
-12.0,50,7173.0812,1.0
-7.0,50,7173.598053,1.0
-37.0,50,7174.116686,0.0
-13.0,50,7174.666643,1.0
-20.0,50,7175.184547,1.0
-18.0,50,7175.705884,1.0
-8.0,50,7176.228708,1.0
-7.0,50,7176.773088,1.0
-12.0,50,7177.302665,1.0
-10.0,50,7177.823118,1.0
-17.0,50,7178.339085,1.0
-9.0,50,7178.891206,1.0
-14.0,50,7179.411122,1.0
-13.0,50,7179.940936,1.0
-13.0,50,7180.472072,1.0
-11.0,50,7181.023187,1.0
-7.0,50,7181.562534,1.0
-12.0,50,7182.091069,1.0
-10.0,50,7182.620628,1.0
-11.0,50,7183.178057,1.0
-10.0,50,7183.719381,1.0
-12.0,50,7184.263297,1.0
-11.0,50,7184.793508,1.0
-18.0,50,7185.333266,1.0
-14.0,50,7185.867621,1.0
-11.0,50,7186.399677,1.0
-11.0,50,7186.92866,1.0
-13.0,50,7187.474156,1.0
-21.0,50,7188.010006,1.0
-14.0,50,7188.553147,1.0
-13.0,50,7189.085896,1.0
-7.0,50,7189.672606,1.0
-13.0,50,7190.205345,1.0
-9.0,50,7190.740163,1.0
-7.0,50,7191.276602,1.0
-12.0,50,7191.832345,1.0
-12.0,50,7192.375533,1.0
-13.0,50,7192.915555,1.0
-14.0,50,7193.456035,1.0
-39.0,50,7194.014319,1.0
-8.0,50,7194.555994,1.0
-20.0,50,7195.090833,1.0
-11.0,50,7195.617123,1.0
-9.0,50,7196.184499,1.0
-7.0,50,7196.711202,1.0
-11.0,50,7197.23812,1.0
-7.0,50,7197.765176,1.0
-13.0,50,7198.323287,1.0
-20.0,50,7198.854855,1.0
-17.0,50,7199.389349,1.0
-8.0,50,7199.927455,1.0
-8.0,50,7200.480001,1.0
-25.0,50,7201.013464,1.0
-11.0,50,7201.541637,1.0
-11.0,50,7202.072553,1.0
-26.0,50,7202.632785,1.0
-10.0,50,7203.161063,1.0
-17.0,50,7203.70273,1.0
-13.0,50,7204.241242,1.0
0.0,50,7204.804236,1.0
-10.0,50,7205.33801,1.0
-17.0,50,7205.877457,1.0
0.0,50,7206.405956,1.0
-6.0,50,7206.98111,1.0
-8.0,50,7207.509212,1.0
-13.0,50,7208.044532,1.0
-10.0,50,7208.574249,1.0
-13.0,50,7209.124243,1.0
0.0,50,7209.664624,1.0
-22.0,50,7210.199197,1.0
-28.0,50,7210.731804,1.0
0.0,50,7211.284096,1.0
-6.0,50,7211.812179,1.0
-8.0,50,7212.345247,1.0
-10.0,50,7212.876527,1.0
-7.0,50,7213.452161,1.0
-7.0,50,7213.981299,1.0
-5.0,50,7214.513952,1.0
-14.0,50,7215.050279,1.0
-9.0,50,7215.617515,1.0
-16.0,50,7216.156282,1.0
-10.0,50,7216.694611,1.0
-12.0,50,7217.227939,1.0
-13.0,50,7217.801895,1.0
-8.0,50,7218.332387,1.0
-10.0,50,7218.873501,1.0
-7.0,50,7219.402375,1.0
-11.0,50,7219.970845,1.0
-12.0,50,7220.499103,1.0
-14.0,50,7221.027815,1.0
-17.0,50,7221.557984,1.0
-9.0,50,7222.120366,1.0
-19.0,50,7222.650352,1.0
-10.0,50,7223.180739,1.0
-5.0,50,7223.708224,1.0
-10.0,50,7224.259573,1.0
-24.0,50,7224.794186,1.0
-30.0,50,7225.325707,1.0
-11.0,50,7225.852218,1.0
-10.0,50,7226.397431,1.0
-8.0,50,7226.927726,1.0
-17.0,50,7227.458941,1.0
-17.0,50,7227.989769,1.0
-21.0,50,7228.544473,1.0
-10.0,50,7229.077972,1.0
0.0,50,7229.61103,1.0
-16.0,50,7230.149583,1.0
-12.0,50,7230.709328,1.0
-8.0,50,7231.244521,1.0
-15.0,50,7231.773798,1.0
-12.0,50,7232.309806,1.0
-24.0,50,7232.869229,1.0
-16.0,50,7233.398028,1.0
-14.0,50,7233.927726,1.0
-11.0,50,7234.462122,1.0
-20.0,50,7235.02448,1.0
-9.0,50,7235.555093,1.0
-14.0,50,7236.089249,1.0
-16.0,50,7236.62662,1.0
-13.0,50,7237.210642,1.0
-13.0,50,7237.749926,1.0
-19.0,50,7238.279114,1.0
0.0,50,7238.81848,1.0
-37.0,50,7239.382117,0.0
-16.0,50,7239.916333,1.0
-14.0,50,7240.450786,1.0
-15.0,50,7240.993365,1.0
-14.0,50,7241.562179,1.0
-6.0,50,7242.088641,1.0
-12.0,50,7242.61454,1.0
-8.0,50,7243.156459,1.0
-9.0,50,7243.709595,1.0
-8.0,50,7244.240759,1.0
-7.0,50,7244.768244,1.0
-6.0,50,7245.296472,1.0
-6.0,50,7245.847535,1.0
-12.0,50,7246.385363,1.0
-4.0,50,7246.91808,1.0
-30.0,50,7247.451855,1.0
-10.0,50,7248.015438,1.0
-11.0,50,7248.547777,1.0
-12.0,50,7249.083484,1.0
-14.0,50,7249.615448,1.0
-13.0,50,7252.441556,1.0
-10.0,50,7252.970127,1.0
-21.0,50,7253.501207,1.0
-13.0,50,7254.029552,1.0
-12.0,50,7254.597051,1.0
-7.0,50,7255.121388,1.0
-10.0,50,7255.649767,1.0
-6.0,50,7256.185833,1.0
-5.0,50,7256.742849,1.0
-9.0,50,7257.282479,1.0
-16.0,50,7257.813346,1.0
-16.0,50,7258.345846,1.0
-8.0,50,7258.891727,1.0
-12.0,50,7259.424458,1.0
-11.0,50,7259.950771,1.0
-10.0,50,7260.481555,1.0
-5.0,50,7261.061959,1.0
-9.0,50,7261.596236,1.0
-11.0,50,7262.128498,1.0
-4.0,50,7262.654392,1.0
-8.0,50,7263.206334,1.0
-13.0,50,7263.74674,1.0
-11.0,50,7264.280272,1.0
-14.0,50,7264.808432,1.0
-26.0,50,7265.373908,1.0
-15.0,50,7265.90685,1.0
-8.0,50,7266.453596,1.0
-9.0,50,7266.984318,1.0
-13.0,50,7267.537919,1.0
-10.0,50,7268.068565,1.0
0.0,50,7268.594573,1.0
-5.0,50,7269.132175,1.0
-14.0,50,7269.673368,1.0
-10.0,50,7270.201399,1.0
-9.0,50,7270.732837,1.0
-10.0,50,7271.267497,1.0
-15.0,50,7271.815874,1.0
-4.0,50,7272.343955,1.0
-11.0,50,7272.873471,1.0
-9.0,50,7273.399506,1.0
-9.0,50,7273.95251,1.0
-5.0,50,7274.491969,1.0
-11.0,50,7275.019849,1.0
-11.0,50,7275.544531,1.0
-7.0,50,7276.087247,1.0
-21.0,50,7276.621604,1.0
-7.0,50,7277.155773,1.0
-9.0,50,7277.69546,1.0
-17.0,50,7278.250235,1.0
-10.0,50,7278.784796,1.0
-11.0,50,7279.323456,1.0
-12.0,50,7279.859656,1.0
-18.0,50,7280.412761,1.0
-5.0,50,7280.952832,1.0
-11.0,50,7281.487519,1.0
-12.0,50,7282.019612,1.0
-15.0,50,7282.563424,1.0
-15.0,50,7283.090796,1.0
-6.0,50,7283.627867,1.0
-11.0,50,7284.153479,1.0
-7.0,50,7284.700517,1.0
-20.0,50,7285.229751,1.0
-15.0,50,7285.766314,1.0
0.0,50,7286.292176,1.0
-15.0,50,7286.840481,1.0
-15.0,50,7287.369796,1.0
-13.0,50,7287.90312,1.0
-13.0,50,7288.439768,1.0
0.0,50,7288.996154,1.0
0.0,50,7289.524483,1.0
-8.0,50,7290.063814,1.0
-13.0,50,7290.582867,1.0
-12.0,50,7291.1168,1.0
-10.0,50,7291.635373,1.0
-10.0,50,7292.155623,1.0
-9.0,50,7292.673834,1.0
-6.0,50,7293.218137,1.0
-21.0,50,7293.751508,1.0
-12.0,50,7294.282059,1.0
-30.0,50,7294.815803,1.0
-13.0,50,7295.360423,1.0
-14.0,50,7295.891938,1.0
-4.0,50,7296.423841,1.0
-17.0,50,7296.962621,1.0
-7.0,50,7297.513787,1.0
-7.0,50,7298.052997,1.0
-12.0,50,7298.584498,1.0
-15.0,50,7299.115497,1.0
-9.0,50,7299.660882,1.0
-9.0,50,7300.195455,1.0
-10.0,50,7300.722843,1.0
-11.0,50,7301.251584,1.0
-15.0,50,7301.808931,1.0
-5.0,50,7302.340902,1.0
0.0,50,7302.867879,1.0
-5.0,50,7303.402589,1.0
-17.0,50,7303.961557,1.0
-10.0,50,7304.491447,1.0
-23.0,50,7305.031608,1.0
-7.0,50,7305.557233,1.0
-9.0,50,7306.095181,1.0
-13.0,50,7306.622622,1.0
0.0,50,7307.159781,1.0
-11.0,50,7307.69067,1.0
-15.0,50,7308.239577,1.0
-8.0,50,7308.770145,1.0
-38.0,50,7309.312347,1.0
-11.0,50,7309.847942,1.0
-8.0,50,7310.417882,1.0
-14.0,50,7310.955573,1.0
-18.0,50,7311.48983,1.0
-8.0,50,7312.02495,1.0
-6.0,50,7312.575972,1.0
-10.0,50,7313.10679,1.0
-11.0,50,7313.644901,1.0
0.0,50,7314.175351,1.0
-10.0,50,7314.731372,1.0
0.0,50,7315.265026,1.0
-8.0,50,7315.797343,1.0
-9.0,50,7316.333091,1.0
-11.0,50,7316.883992,1.0
-11.0,50,7317.415637,1.0
-12.0,50,7317.947441,1.0
-11.0,50,7318.480511,1.0
-8.0,50,7319.026628,1.0
-5.0,50,7319.561785,1.0
-11.0,50,7320.091191,1.0
-7.0,50,7320.622767,1.0
-23.0,50,7321.168288,0.0
-9.0,50,7321.705773,1.0
-12.0,50,7322.239538,1.0
-10.0,50,7322.775708,1.0
0.0,50,7323.320736,1.0
-7.0,50,7323.844187,1.0
-10.0,50,7324.377195,1.0
-9.0,50,7324.914545,1.0
-37.0,50,7325.461705,1.0
-12.0,50,7325.978314,1.0
-12.0,50,7326.500821,1.0
-26.0,50,7327.018144,1.0
-12.0,50,7327.563429,1.0
-11.0,50,7328.090337,1.0
-9.0,50,7328.617811,1.0
-10.0,50,7329.152881,1.0
-10.0,50,7329.702442,1.0
-6.0,50,7330.226857,1.0
-6.0,50,7330.761963,1.0
-11.0,50,7331.293695,1.0
-12.0,50,7331.864687,1.0
-9.0,50,7332.403093,1.0
-8.0,50,7332.93664,1.0
-11.0,50,7333.462556,1.0
-14.0,50,7334.006163,1.0
-13.0,50,7334.537578,1.0
-21.0,50,7335.076492,1.0
-9.0,50,7335.604044,1.0
-8.0,50,7336.147211,1.0
-17.0,50,7336.67682,1.0
0.0,50,7337.202638,1.0
-7.0,50,7337.732794,1.0
-11.0,50,7338.280013,1.0
-10.0,50,7338.815634,1.0
-7.0,50,7339.343031,1.0
-8.0,50,7339.870075,1.0
-11.0,50,7340.42244,1.0
-7.0,50,7340.94881,1.0
-8.0,50,7341.482096,1.0
-6.0,50,7342.007952,1.0
-6.0,50,7342.549842,1.0
-10.0,50,7343.077916,1.0
-22.0,50,7343.616532,1.0
-7.0,50,7344.146755,1.0
-15.0,50,7344.693666,1.0
-8.0,50,7345.221767,1.0
0.0,50,7345.749355,1.0
-8.0,50,7346.278757,1.0
-8.0,50,7346.83409,1.0
-13.0,50,7347.36419,1.0
-5.0,50,7347.89026,1.0
-3.0,50,7348.426938,1.0
-12.0,50,7348.980678,1.0
-11.0,50,7349.509723,1.0
-12.0,50,7350.045939,1.0
-11.0,50,7350.580203,1.0
-18.0,50,7351.12914,1.0
0.0,50,7351.655906,1.0
-9.0,50,7352.183805,1.0
-17.0,50,7352.715798,1.0
-17.0,50,7353.265872,1.0
-12.0,50,7353.806472,1.0
-9.0,50,7354.334178,1.0
-6.0,50,7354.859928,1.0
-10.0,50,7355.410729,1.0
-7.0,50,7355.945751,1.0
0.0,50,7356.471921,1.0
-14.0,50,7357.001006,1.0
-9.0,50,7357.538249,1.0
-14.0,50,7358.062881,1.0
-12.0,50,7358.589525,1.0
-10.0,50,7359.120958,1.0
-8.0,50,7361.929143,1.0
-4.0,50,7362.472663,1.0
-14.0,50,7363.010247,1.0
-6.0,50,7363.539469,1.0
-9.0,50,7364.082371,1.0
-44.0,50,7364.619079,1.0
-15.0,50,7365.158234,1.0
-5.0,50,7365.700912,1.0
-12.0,50,7366.257071,1.0
-11.0,50,7366.787201,1.0
-9.0,50,7367.327936,1.0
-7.0,50,7367.859036,1.0
-9.0,50,7368.404779,1.0
-5.0,50,7368.936885,1.0
-10.0,50,7369.467802,1.0
-17.0,50,7369.996928,1.0
-10.0,50,7370.563792,1.0
-12.0,50,7371.101979,1.0
-13.0,50,7371.636815,1.0
-5.0,50,7372.177995,1.0
-39.0,50,7372.738266,0.0
-13.0,50,7373.268238,1.0
-8.0,50,7373.797131,1.0
-15.0,50,7374.328462,1.0
-14.0,50,7374.89262,1.0
-15.0,50,7375.43273,1.0
-11.0,50,7375.965452,1.0
-23.0,50,7376.502947,1.0
-14.0,50,7377.049996,1.0
-16.0,50,7377.588981,1.0
-6.0,50,7378.1178,1.0
-16.0,50,7378.654953,1.0
-16.0,50,7379.209651,1.0
-9.0,50,7379.747401,1.0
-10.0,50,7380.283019,1.0
-8.0,50,7380.805838,1.0
0.0,50,7381.347322,1.0
-9.0,50,7381.861993,1.0
-13.0,50,7382.382874,1.0
-9.0,50,7382.907649,1.0
-17.0,50,7383.436764,1.0
-10.0,50,7383.961305,1.0
-10.0,50,7384.496218,1.0
-5.0,50,7385.032561,1.0
-13.0,50,7385.575411,1.0
-6.0,50,7386.103201,1.0
-10.0,50,7386.63128,1.0
-13.0,50,7387.157743,1.0
-4.0,50,7387.713565,1.0
-14.0,50,7388.248405,1.0
-12.0,50,7388.778756,1.0
-13.0,50,7389.30563,1.0
0.0,50,7389.860555,1.0
-12.0,50,7390.397908,1.0
-6.0,50,7390.927254,1.0
-13.0,50,7391.460815,1.0
-7.0,50,7392.020168,1.0
-16.0,50,7392.558463,1.0
-7.0,50,7393.087404,1.0
-13.0,50,7393.614035,1.0
-9.0,50,7394.170396,1.0
-15.0,50,7394.698622,1.0
-13.0,50,7395.234446,1.0
-11.0,50,7395.762869,1.0
-18.0,50,7396.308661,1.0
-13.0,50,7396.838792,1.0
-9.0,50,7397.367378,1.0
-9.0,50,7397.894857,1.0
-7.0,50,7398.446173,1.0
-11.0,50,7398.972695,1.0
-10.0,50,7399.512539,1.0
-12.0,50,7400.039519,1.0
-8.0,50,7400.582947,1.0
-18.0,50,7401.112013,1.0
-10.0,50,7401.638928,1.0
-9.0,50,7402.164961,1.0
-12.0,50,7402.723951,1.0
-10.0,50,7403.263654,1.0
-10.0,50,7403.793155,1.0
-16.0,50,7404.326506,1.0
-9.0,50,7404.882696,1.0
-11.0,50,7405.408474,1.0
-5.0,50,7405.934149,1.0
0.0,50,7406.467593,1.0
-10.0,50,7407.025367,1.0
-12.0,50,7407.554197,1.0
0.0,50,7408.09025,1.0
-5.0,50,7408.608831,1.0
-8.0,50,7409.143985,1.0
-9.0,50,7409.668203,1.0
-9.0,50,7410.188993,1.0
-12.0,50,7410.714736,1.0
-6.0,50,7411.26012,1.0
-14.0,50,7411.775472,1.0
-9.0,50,7412.295488,1.0
-10.0,50,7412.820589,1.0
-14.0,50,7413.355523,1.0
-14.0,50,7413.880837,1.0
-13.0,50,7414.407252,1.0
-10.0,50,7414.928306,1.0
-16.0,50,7415.463992,1.0
-13.0,50,7415.988524,1.0
-11.0,50,7416.519224,1.0
-12.0,50,7417.047305,1.0
-10.0,50,7417.577272,1.0
-8.0,50,7418.105137,1.0
-16.0,50,7418.624833,1.0
-8.0,50,7419.149008,1.0
0.0,50,7419.684155,1.0
-15.0,50,7420.205368,1.0
0.0,50,7420.723209,1.0
-17.0,50,7421.252989,1.0
-22.0,50,7421.791953,1.0
0.0,50,7422.312326,1.0
-10.0,50,7422.825985,1.0
-5.0,50,7423.33705,1.0
-8.0,50,7423.878936,1.0
-6.0,50,7424.393019,1.0
-9.0,50,7424.917223,1.0
-8.0,50,7425.434085,1.0
-14.0,50,7425.979104,1.0
-11.0,50,7426.510229,1.0
-8.0,50,7427.038564,1.0
-11.0,50,7427.560129,1.0
-10.0,50,7428.096148,1.0
0.0,50,7428.617065,1.0
-10.0,50,7429.14934,1.0
-16.0,50,7429.678298,1.0
0.0,50,7430.223826,1.0
-15.0,50,7430.751588,1.0
-6.0,50,7431.289097,1.0
-11.0,50,7431.825049,1.0
-4.0,50,7432.379771,1.0
-9.0,50,7432.916744,1.0
-13.0,50,7433.444152,1.0
-21.0,50,7433.979263,1.0
-12.0,50,7434.53234,1.0
-5.0,50,7435.063485,1.0
-12.0,50,7435.602833,1.0
-10.0,50,7436.140058,1.0
-14.0,50,7436.694566,1.0
-10.0,50,7437.231392,1.0
-11.0,50,7437.759394,1.0
-9.0,50,7438.286531,1.0
-12.0,50,7438.845238,1.0
-9.0,50,7439.377238,1.0
-8.0,50,7439.907088,1.0
-7.0,50,7440.432607,1.0
-6.0,50,7440.97307,1.0
-7.0,50,7441.504861,1.0
-10.0,50,7442.030316,1.0
-12.0,50,7442.55844,1.0
-11.0,50,7443.104067,1.0
-10.0,50,7443.641888,1.0
-16.0,50,7444.170517,1.0
-12.0,50,7444.708266,1.0
-15.0,50,7445.259136,1.0
-7.0,50,7445.785249,1.0
-16.0,50,7446.324692,1.0
-13.0,50,7446.854616,1.0
-12.0,50,7447.407754,1.0
-12.0,50,7447.940088,1.0
-6.0,50,7448.466905,1.0
-6.0,50,7448.994118,1.0
-9.0,50,7449.540408,1.0
-10.0,50,7450.069195,1.0
-8.0,50,7450.611949,1.0
-13.0,50,7451.152325,1.0
0.0,50,7451.69693,1.0
-15.0,50,7452.224447,1.0
-6.0,50,7452.750689,1.0
-7.0,50,7453.285039,1.0
-8.0,50,7453.826442,1.0
-7.0,50,7454.367395,1.0
-5.0,50,7454.895096,1.0
-12.0,50,7455.42804,1.0
0.0,50,7455.982108,1.0
-11.0,50,7456.5124,1.0
-14.0,50,7457.049362,1.0
-12.0,50,7457.589142,1.0
-16.0,50,7458.131318,1.0
-11.0,50,7458.660094,1.0
-9.0,50,7459.187273,1.0
-5.0,50,7459.723037,1.0
-8.0,50,7460.273863,1.0
-6.0,50,7460.80431,1.0
-6.0,50,7461.340826,1.0
-17.0,50,7461.882464,1.0
-12.0,50,7462.433615,1.0
-26.0,50,7462.965206,1.0
-11.0,50,7463.500029,1.0
0.0,50,7464.032454,1.0
-16.0,50,7464.595569,1.0
0.0,50,7465.136509,1.0
-15.0,50,7465.679552,1.0
-10.0,50,7466.211699,1.0
-10.0,50,7466.766081,1.0
0.0,50,7467.306219,1.0
-6.0,50,7467.845738,1.0
-12.0,50,7468.389609,1.0
-4.0,50,7471.252211,1.0
0.0,50,7471.779268,1.0
-16.0,50,7472.310311,1.0
0.0,50,7472.838354,1.0
-10.0,50,7473.387378,1.0
-9.0,50,7473.919481,1.0
-7.0,50,7474.449005,1.0
-17.0,50,7474.983598,1.0
0.0,50,7475.531976,1.0
-13.0,50,7476.065364,1.0
-7.0,50,7476.594711,1.0
-12.0,50,7477.126471,1.0
-13.0,50,7477.675623,1.0
0.0,50,7478.202282,1.0
-12.0,50,7478.742992,1.0
-14.0,50,7479.272391,1.0
-13.0,50,7479.8264,1.0
-14.0,50,7480.362303,1.0
-9.0,50,7480.895885,1.0
0.0,50,7481.423927,1.0
0.0,50,7481.975607,1.0
-13.0,50,7482.503277,1.0
-21.0,50,7483.039745,1.0
-5.0,50,7483.56956,1.0
-7.0,50,7484.121252,1.0
-20.0,50,7484.658389,1.0
-10.0,50,7485.188294,1.0
-15.0,50,7485.726243,1.0
-8.0,50,7486.293422,1.0
-6.0,50,7486.82757,1.0
-17.0,50,7487.358241,1.0
-18.0,50,7487.890276,1.0
-14.0,50,7488.435603,1.0
-13.0,50,7488.961226,1.0
-9.0,50,7489.491321,1.0
0.0,50,7490.025369,1.0
-9.0,50,7490.574776,1.0
-14.0,50,7491.106283,1.0
-13.0,50,7491.635967,1.0
-12.0,50,7492.167561,1.0
-26.0,50,7492.720524,1.0
-10.0,50,7493.257659,1.0
-13.0,50,7493.788632,1.0
-8.0,50,7494.326361,1.0
-16.0,50,7494.876327,1.0
-13.0,50,7495.412726,1.0
-6.0,50,7495.949595,1.0
0.0,50,7496.47682,1.0
-5.0,50,7497.02769,1.0
-17.0,50,7497.558367,1.0
-12.0,50,7498.094851,1.0
-11.0,50,7498.624244,1.0
-14.0,50,7499.172281,1.0
-16.0,50,7499.706801,1.0
-3.0,50,7500.241701,1.0
-8.0,50,7500.786389,1.0
-13.0,50,7501.338428,1.0
-35.0,50,7501.875079,1.0
-16.0,50,7502.405334,1.0
-7.0,50,7502.934742,1.0
-7.0,50,7503.485482,1.0
-9.0,50,7504.014864,1.0
-19.0,50,7504.54853,1.0
-10.0,50,7505.079044,1.0
-7.0,50,7505.632179,1.0
-22.0,50,7506.171438,1.0
-12.0,50,7506.703117,1.0
-6.0,50,7507.235833,1.0
-11.0,50,7507.803401,1.0
-11.0,50,7508.338261,1.0
-16.0,50,7508.874246,1.0
-21.0,50,7509.414098,1.0
-13.0,50,7509.988275,1.0
-14.0,50,7510.524933,1.0
-16.0,50,7511.062582,1.0
-5.0,50,7511.594392,1.0
0.0,50,7512.158052,1.0
-11.0,50,7512.688396,1.0
-7.0,50,7513.225675,1.0
-14.0,50,7513.757404,1.0
-12.0,50,7514.340607,1.0
-17.0,50,7514.877501,1.0
-8.0,50,7515.414657,1.0
-4.0,50,7515.943325,1.0
-12.0,50,7516.494785,1.0
-7.0,50,7517.030732,1.0
-14.0,50,7517.560936,1.0
-17.0,50,7518.094965,1.0
-17.0,50,7518.64794,1.0
-12.0,50,7519.182241,1.0
-12.0,50,7519.705614,1.0
-12.0,50,7520.238144,1.0
-11.0,50,7520.798307,1.0
-7.0,50,7521.315568,1.0
-12.0,50,7521.838907,1.0
-17.0,50,7522.361168,1.0
-11.0,50,7522.909669,1.0
-18.0,50,7523.431319,1.0
-9.0,50,7523.962878,1.0
-9.0,50,7524.497226,1.0
-12.0,50,7525.054478,1.0
-6.0,50,7525.588788,1.0
-12.0,50,7526.120293,1.0
-7.0,50,7526.654147,1.0
-5.0,50,7527.212714,1.0
-14.0,50,7527.741161,1.0
-10.0,50,7528.274701,1.0
-11.0,50,7528.80359,1.0
-11.0,50,7529.351657,1.0
-18.0,50,7529.885083,1.0
-10.0,50,7530.416069,1.0
-5.0,50,7530.952472,1.0
-12.0,50,7531.519292,1.0
-8.0,50,7532.051979,1.0
-9.0,50,7532.592406,1.0
-9.0,50,7533.130144,1.0
-10.0,50,7533.683618,1.0
-11.0,50,7534.211406,1.0
-12.0,50,7534.745531,1.0
-14.0,50,7535.280536,1.0
-14.0,50,7535.844997,1.0
-6.0,50,7536.378671,1.0
-9.0,50,7536.916902,1.0
-10.0,50,7537.450945,1.0
0.0,50,7538.015405,1.0
-13.0,50,7538.546742,1.0
-8.0,50,7539.079395,1.0
-14.0,50,7539.615762,1.0
-8.0,50,7540.161998,1.0
-16.0,50,7540.69589,1.0
-19.0,50,7541.232257,1.0
-7.0,50,7541.769277,1.0
-7.0,50,7542.333485,1.0
-13.0,50,7542.869282,1.0
-5.0,50,7543.40503,1.0
-16.0,50,7543.931776,1.0
-8.0,50,7544.494707,1.0
-5.0,50,7545.024996,1.0
-10.0,50,7545.557711,1.0
-8.0,50,7546.093194,1.0
-24.0,50,7546.657868,1.0
-14.0,50,7547.195872,1.0
-10.0,50,7547.737139,1.0
-5.0,50,7548.272061,1.0
0.0,50,7548.853225,1.0
-10.0,50,7549.380746,1.0
-13.0,50,7549.907557,1.0
-30.0,50,7550.43703,1.0
-6.0,50,7551.006256,1.0
-6.0,50,7551.531634,1.0
-9.0,50,7552.059493,1.0
-7.0,50,7552.583531,1.0
0.0,50,7553.145017,1.0
-14.0,50,7553.667447,1.0
-13.0,50,7554.188349,1.0
-16.0,50,7554.713586,1.0
-12.0,50,7555.253756,1.0
-33.0,50,7555.781949,1.0
-14.0,50,7556.301364,1.0
-10.0,50,7556.832762,1.0
-11.0,50,7557.379057,1.0
-14.0,50,7557.896831,1.0
-14.0,50,7558.420146,1.0
-11.0,50,7558.949162,1.0
-17.0,50,7559.486766,1.0
-11.0,50,7560.016486,1.0
-11.0,50,7560.538642,1.0
-13.0,50,7561.06356,1.0
-12.0,50,7561.609825,1.0
-13.0,50,7562.143807,1.0
-6.0,50,7562.664623,1.0
-11.0,50,7563.191477,1.0
-3.0,50,7563.73081,1.0
-9.0,50,7564.256993,1.0
-12.0,50,7564.779969,1.0
-13.0,50,7565.312003,1.0
0.0,50,7565.87868,1.0
-8.0,50,7566.4114,1.0
-22.0,50,7566.945655,1.0
-10.0,50,7567.481732,1.0
-11.0,50,7568.041671,1.0
-5.0,50,7568.580546,1.0
-12.0,50,7569.115403,1.0
-4.0,50,7569.646465,1.0
-10.0,50,7570.20376,1.0
-13.0,50,7570.737666,1.0
-15.0,50,7571.280324,1.0
-9.0,50,7571.809801,1.0
-15.0,50,7572.365206,1.0
-13.0,50,7572.898775,1.0
-13.0,50,7573.439095,1.0
-10.0,50,7573.983022,1.0
-13.0,50,7574.538611,1.0
-8.0,50,7575.074892,1.0
-7.0,50,7575.603049,1.0
-6.0,50,7576.127707,1.0
-13.0,50,7576.680407,1.0
-14.0,50,7577.205704,1.0
-16.0,50,7577.723859,1.0
-12.0,50,7578.249334,1.0
-13.0,50,7581.055123,1.0
-9.0,50,7581.58362,1.0
-11.0,50,7582.112589,1.0
-10.0,50,7582.638872,1.0
-8.0,50,7583.170626,1.0
-13.0,50,7583.687341,1.0
-8.0,50,7584.216532,1.0
-14.0,50,7584.745885,1.0
-14.0,50,7585.293642,1.0
-14.0,50,7585.825531,1.0
-12.0,50,7586.350548,1.0
-4.0,50,7586.88475,1.0
-7.0,50,7587.433772,1.0
-21.0,50,7587.962818,1.0
-15.0,50,7588.492763,1.0
-21.0,50,7589.022443,1.0
-9.0,50,7589.562917,1.0
-10.0,50,7590.090712,1.0
-7.0,50,7590.620709,1.0
-7.0,50,7591.151051,1.0
-8.0,50,7591.683596,1.0
-48.0,50,7592.206241,0.0
-2.0,50,7592.735522,1.0
-9.0,50,7593.262581,1.0
-11.0,50,7593.804634,1.0
-10.0,50,7594.33106,1.0
-43.0,50,7594.855157,0.0
0.0,50,7595.38902,1.0
-20.0,50,7595.929963,1.0
-12.0,50,7596.455526,1.0
0.0,50,7596.981315,1.0
-8.0,50,7597.509192,1.0
-5.0,50,7598.044996,1.0
-23.0,50,7598.572815,1.0
-5.0,50,7599.100483,1.0
-12.0,50,7599.636932,1.0
-20.0,50,7600.187423,1.0
-14.0,50,7600.705984,1.0
-14.0,50,7601.230508,1.0
-14.0,50,7601.760273,1.0
-14.0,50,7602.310749,1.0
-50.0,50,7602.839381,0.0
-18.0,50,7603.373977,1.0
-5.0,50,7603.907474,1.0
-15.0,50,7604.452015,1.0
-14.0,50,7604.979847,1.0
-11.0,50,7605.499505,1.0
-11.0,50,7606.032804,1.0
-10.0,50,7606.579137,1.0
-15.0,50,7607.105632,1.0
-7.0,50,7607.632449,1.0
-11.0,50,7608.158812,1.0
-15.0,50,7608.695407,1.0
-14.0,50,7609.221024,1.0
-13.0,50,7609.756952,1.0
0.0,50,7610.284501,1.0
-2.0,50,7610.836877,1.0
-11.0,50,7611.36794,1.0
-13.0,50,7611.887424,1.0
-7.0,50,7612.408618,1.0
0.0,50,7612.953811,1.0
-8.0,50,7613.485106,1.0
-7.0,50,7614.021921,1.0
-12.0,50,7614.554162,1.0
-16.0,50,7615.099863,1.0
-11.0,50,7615.622239,1.0
-18.0,50,7616.147847,1.0
-14.0,50,7616.678052,1.0
-11.0,50,7617.220337,1.0
-16.0,50,7617.74321,1.0
-12.0,50,7618.262985,1.0
-5.0,50,7618.790286,1.0
-8.0,50,7619.336073,1.0
-7.0,50,7619.858183,1.0
-11.0,50,7620.381025,1.0
-8.0,50,7620.911558,1.0
-12.0,50,7621.462865,1.0
-5.0,50,7621.98375,1.0
-10.0,50,7622.501903,1.0
-12.0,50,7623.026659,1.0
0.0,50,7623.569715,1.0
-17.0,50,7624.099626,1.0
-5.0,50,7624.62068,1.0
-14.0,50,7625.152083,1.0
-13.0,50,7625.704408,1.0
-9.0,50,7626.228235,1.0
0.0,50,7626.750817,1.0
-19.0,50,7627.284194,1.0
-10.0,50,7627.825741,1.0
-10.0,50,7628.357779,1.0
-9.0,50,7628.882968,1.0
-8.0,50,7629.408513,1.0
-12.0,50,7629.95428,1.0
-8.0,50,7630.489225,1.0
-17.0,50,7631.033986,1.0
-8.0,50,7631.562522,1.0
-13.0,50,7632.146051,1.0
-5.0,50,7632.673677,1.0
-9.0,50,7633.198056,1.0
-20.0,50,7633.726815,1.0
-9.0,50,7634.271298,1.0
-7.0,50,7634.798995,1.0
-6.0,50,7635.320197,1.0
-13.0,50,7635.837161,1.0
-9.0,50,7636.377024,1.0
-12.0,50,7636.896897,1.0
-12.0,50,7637.418412,1.0
-9.0,50,7637.942456,1.0
-10.0,50,7638.473204,1.0
-7.0,50,7639.00938,1.0
-21.0,50,7639.550023,1.0
-8.0,50,7640.088104,1.0
-11.0,50,7640.647145,1.0
-16.0,50,7641.188973,1.0
0.0,50,7641.722559,1.0
-7.0,50,7642.265124,1.0
-10.0,50,7642.818803,1.0
-16.0,50,7643.36155,1.0
-9.0,50,7643.899281,1.0
-13.0,50,7644.436822,1.0
-3.0,50,7644.993448,1.0
-11.0,50,7645.52854,1.0
-17.0,50,7646.07143,1.0
-9.0,50,7646.611365,1.0
-10.0,50,7647.17481,1.0
-12.0,50,7647.720031,1.0
-7.0,50,7648.254321,1.0
0.0,50,7648.801412,1.0
-11.0,50,7649.364554,1.0
-9.0,50,7649.906337,1.0
-17.0,50,7650.442874,1.0
-12.0,50,7650.983567,1.0
-14.0,50,7651.543394,1.0
-16.0,50,7652.080292,1.0
-12.0,50,7652.617643,1.0
-12.0,50,7653.151402,1.0
-10.0,50,7653.708211,1.0
-3.0,50,7654.248303,1.0
-12.0,50,7654.785116,1.0
-7.0,50,7655.320946,1.0
-8.0,50,7655.874471,1.0
-23.0,50,7656.416786,1.0
-7.0,50,7656.94918,1.0
-12.0,50,7657.484426,1.0
-6.0,50,7658.03755,1.0
-9.0,50,7658.574481,1.0
-16.0,50,7659.111806,1.0
0.0,50,7659.646578,1.0
0.0,50,7660.209122,1.0
-13.0,50,7660.746286,1.0
-13.0,50,7661.280088,1.0
-9.0,50,7661.816926,1.0
-11.0,50,7662.373009,1.0
-15.0,50,7662.90848,1.0
-11.0,50,7663.444804,1.0
-12.0,50,7663.981379,1.0
0.0,50,7664.537783,1.0
0.0,50,7665.074277,1.0
-9.0,50,7665.612335,1.0
-11.0,50,7666.150047,1.0
0.0,50,7666.702119,1.0
-11.0,50,7667.238894,1.0
-26.0,50,7667.781395,1.0
-6.0,50,7668.317956,1.0
-13.0,50,7668.888799,1.0
-13.0,50,7669.419711,1.0
-16.0,50,7669.952542,1.0
0.0,50,7670.484629,1.0
-12.0,50,7671.036869,1.0
-41.0,50,7671.56488,1.0
0.0,50,7672.094268,1.0
-4.0,50,7672.619081,1.0
-24.0,50,7673.186455,1.0
-10.0,50,7673.721332,1.0
-17.0,50,7674.24906,1.0
0.0,50,7674.776071,1.0
-10.0,50,7675.338298,1.0
-10.0,50,7675.874285,1.0
-9.0,50,7676.408853,1.0
-8.0,50,7676.946281,1.0
-16.0,50,7677.51426,1.0
-7.0,50,7678.04932,1.0
-12.0,50,7678.582871,1.0
-15.0,50,7679.117189,1.0
-8.0,50,7679.680239,1.0
-13.0,50,7680.212942,1.0
-12.0,50,7680.746557,1.0
0.0,50,7681.285237,1.0
-9.0,50,7681.844293,1.0
-14.0,50,7682.377684,1.0
-14.0,50,7682.915786,1.0
-14.0,50,7683.453785,1.0
-11.0,50,7684.007058,1.0
-16.0,50,7684.537702,1.0
-14.0,50,7685.077106,1.0
-12.0,50,7685.610098,1.0
-17.0,50,7686.182625,1.0
-7.0,50,7686.721281,1.0
-8.0,50,7687.255614,1.0
-12.0,50,7687.786379,1.0
-10.0,50,7690.643705,1.0
-13.0,50,7691.178139,1.0
-10.0,50,7691.712137,1.0
-10.0,50,7692.253548,1.0
-10.0,50,7692.804983,1.0
-4.0,50,7693.340956,1.0
-8.0,50,7693.880189,1.0
-12.0,50,7694.420302,1.0
-6.0,50,7694.971479,1.0
-9.0,50,7695.505603,1.0
-6.0,50,7696.033801,1.0
-4.0,50,7696.561582,1.0
-8.0,50,7697.105981,1.0
-10.0,50,7697.630307,1.0
-17.0,50,7698.166636,1.0
-8.0,50,7698.693531,1.0
-14.0,50,7699.244773,1.0
-14.0,50,7699.789665,1.0
-7.0,50,7700.335238,1.0
0.0,50,7700.87428,1.0
-12.0,50,7701.439024,1.0
-16.0,50,7701.977264,1.0
-5.0,50,7702.517339,1.0
-10.0,50,7703.057428,1.0
-8.0,50,7703.623327,1.0
-15.0,50,7704.162254,1.0
-15.0,50,7704.708057,1.0
-9.0,50,7705.250044,1.0
-8.0,50,7705.80185,1.0
-12.0,50,7706.339828,1.0
-12.0,50,7706.874569,1.0
-7.0,50,7707.410067,1.0
-5.0,50,7707.969705,1.0
-10.0,50,7708.507774,1.0
-13.0,50,7709.049922,1.0
-16.0,50,7709.593952,1.0
-7.0,50,7710.157199,1.0
-17.0,50,7710.6932,1.0
-11.0,50,7711.234435,1.0
-13.0,50,7711.773517,1.0
-10.0,50,7712.333392,1.0
-12.0,50,7712.875646,1.0
-7.0,50,7713.417364,1.0
-7.0,50,7713.962564,1.0
-10.0,50,7714.523523,1.0
-8.0,50,7715.064273,1.0
-17.0,50,7715.605349,1.0
0.0,50,7716.144464,1.0
-13.0,50,7716.72306,1.0
-30.0,50,7717.269801,1.0
-12.0,50,7717.812712,1.0
-14.0,50,7718.354071,1.0
-25.0,50,7718.911068,1.0
-11.0,50,7719.447439,1.0
-11.0,50,7719.965186,1.0
-16.0,50,7720.485661,1.0
-6.0,50,7721.025141,1.0
-8.0,50,7721.553564,1.0
-9.0,50,7722.091322,1.0
-13.0,50,7722.619988,1.0
-13.0,50,7723.172971,1.0
0.0,50,7723.703838,1.0
-7.0,50,7724.23829,1.0
-8.0,50,7724.774687,1.0
-5.0,50,7725.330246,1.0
-15.0,50,7725.861878,1.0
-7.0,50,7726.395745,1.0
-14.0,50,7726.936353,1.0
-7.0,50,7727.482864,1.0
-11.0,50,7728.015264,1.0
-11.0,50,7728.546988,1.0
-11.0,50,7729.08582,1.0
-14.0,50,7729.630706,1.0
-11.0,50,7730.159572,1.0
-9.0,50,7730.689669,1.0
-21.0,50,7731.221136,1.0
-13.0,50,7731.792115,1.0
-13.0,50,7732.32271,1.0
-11.0,50,7732.865081,1.0
-7.0,50,7733.402294,1.0
-10.0,50,7733.963321,1.0
-10.0,50,7734.492815,1.0
-11.0,50,7735.020623,1.0
-16.0,50,7735.554522,1.0
-7.0,50,7736.101403,1.0
-9.0,50,7736.63563,1.0
-13.0,50,7737.167558,1.0
-12.0,50,7737.69257,1.0
-7.0,50,7738.230215,1.0
-12.0,50,7738.743015,1.0
-11.0,50,7739.26174,1.0
-14.0,50,7739.775352,1.0
-14.0,50,7740.315122,1.0
-12.0,50,7740.845698,1.0
-7.0,50,7741.3752,1.0
-11.0,50,7741.894973,1.0
-12.0,50,7742.434526,1.0
-12.0,50,7742.95825,1.0
-5.0,50,7743.480555,1.0
-4.0,50,7744.002294,1.0
-15.0,50,7744.553913,1.0
-9.0,50,7745.07642,1.0
-5.0,50,7745.596475,1.0
-6.0,50,7746.116434,1.0
-20.0,50,7746.660277,1.0
-14.0,50,7747.190055,1.0
-9.0,50,7747.720303,1.0
-16.0,50,7748.24716,1.0
-11.0,50,7748.794359,1.0
-15.0,50,7749.325869,1.0
-8.0,50,7749.855087,1.0
-10.0,50,7750.381867,1.0
-11.0,50,7750.916382,1.0
0.0,50,7751.439865,1.0
-10.0,50,7751.969631,1.0
-6.0,50,7752.493506,1.0
0.0,50,7753.035718,1.0
-8.0,50,7753.565684,1.0
-16.0,50,7754.093875,1.0
-5.0,50,7754.621529,1.0
-16.0,50,7755.16692,1.0
-10.0,50,7755.689516,1.0
-6.0,50,7756.208993,1.0
-8.0,50,7756.727702,1.0
-11.0,50,7757.267181,1.0
-18.0,50,7757.792482,1.0
-18.0,50,7758.320023,1.0
-10.0,50,7758.839282,1.0
-7.0,50,7759.385805,1.0
-7.0,50,7759.920548,1.0
-8.0,50,7760.452342,1.0
-12.0,50,7760.985118,1.0
-23.0,50,7761.541555,1.0
-13.0,50,7762.065298,1.0
-10.0,50,7762.605525,1.0
-12.0,50,7763.143436,1.0
-8.0,50,7763.692244,1.0
-9.0,50,7764.223337,1.0
-8.0,50,7764.753086,1.0
-6.0,50,7765.283495,1.0
-10.0,50,7765.83046,1.0
-8.0,50,7766.365297,1.0
-13.0,50,7766.902802,1.0
-11.0,50,7767.439846,1.0
0.0,50,7767.990833,1.0
-12.0,50,7768.523079,1.0
-7.0,50,7769.052486,1.0
-9.0,50,7769.582184,1.0
-11.0,50,7770.134186,1.0
-8.0,50,7770.663306,1.0
-15.0,50,7771.205405,1.0
-11.0,50,7771.737315,1.0
-10.0,50,7772.291144,1.0
-16.0,50,7772.826244,1.0
-11.0,50,7773.360096,1.0
-6.0,50,7773.907318,1.0
-11.0,50,7774.483821,1.0
-13.0,50,7775.021407,1.0
-5.0,50,7775.564371,1.0
-14.0,50,7776.103919,1.0
-13.0,50,7776.657716,1.0
-16.0,50,7777.189781,1.0
-13.0,50,7777.726474,1.0
-21.0,50,7778.263508,1.0
-13.0,50,7778.815767,1.0
-10.0,50,7779.356683,1.0
-13.0,50,7779.891435,1.0
-11.0,50,7780.428407,1.0
-8.0,50,7780.980708,1.0
-7.0,50,7781.528008,1.0
0.0,50,7782.06633,1.0
-11.0,50,7782.607639,1.0
-13.0,50,7783.16326,1.0
-8.0,50,7783.702514,1.0
-9.0,50,7784.237509,1.0
-11.0,50,7784.780094,1.0
-7.0,50,7785.335118,1.0
-5.0,50,7785.869539,1.0
-12.0,50,7786.403291,1.0
-20.0,50,7786.941627,1.0
-6.0,50,7787.498072,1.0
-5.0,50,7788.025824,1.0
-13.0,50,7788.548751,1.0
-13.0,50,7789.079306,1.0
-9.0,50,7789.629677,1.0
-7.0,50,7790.149915,1.0
-8.0,50,7790.675313,1.0
-17.0,50,7791.1995,1.0
-10.0,50,7791.752257,1.0
-11.0,50,7792.280483,1.0
-10.0,50,7792.805794,1.0
-11.0,50,7793.32957,1.0
-10.0,50,7793.866374,1.0
-9.0,50,7794.391454,1.0
-6.0,50,7794.921711,1.0
-20.0,50,7795.452408,1.0
-12.0,50,7796.020282,1.0
-3.0,50,7796.547879,1.0
-14.0,50,7797.07057,1.0
-15.0,50,7797.597608,1.0
-7.0,50,7800.410367,1.0
-18.0,50,7800.935963,1.0
-12.0,50,7801.462457,1.0
-13.0,50,7801.992505,1.0
-13.0,50,7802.54072,1.0
-13.0,50,7803.070634,1.0
-13.0,50,7803.594521,1.0
-10.0,50,7804.114394,1.0
0.0,50,7804.654565,1.0
-10.0,50,7805.174295,1.0
-10.0,50,7805.700946,1.0
-15.0,50,7806.225008,1.0
-6.0,50,7806.762348,1.0
-11.0,50,7807.285865,1.0
-14.0,50,7807.817928,1.0
-8.0,50,7808.343353,1.0
-16.0,50,7808.886633,1.0
-8.0,50,7809.408595,1.0
-12.0,50,7809.927483,1.0
-26.0,50,7810.447982,1.0
-9.0,50,7810.990628,1.0
-13.0,50,7811.509313,1.0
-3.0,50,7812.040393,1.0
-10.0,50,7812.573572,1.0
0.0,50,7813.129738,1.0
-18.0,50,7813.657708,1.0
-12.0,50,7814.180945,1.0
-13.0,50,7814.709472,1.0
-7.0,50,7815.254463,1.0
-6.0,50,7815.785032,1.0
-4.0,50,7816.311323,1.0
-3.0,50,7816.835641,1.0
-6.0,50,7817.379906,1.0
-10.0,50,7817.911479,1.0
-8.0,50,7818.437756,1.0
-8.0,50,7818.961381,1.0
-10.0,50,7819.52131,1.0
0.0,50,7820.060269,1.0
-12.0,50,7820.59687,1.0
-36.0,50,7821.129687,1.0
-13.0,50,7821.691566,1.0
-7.0,50,7822.220873,1.0
-6.0,50,7822.753512,1.0
-4.0,50,7823.290045,1.0
-14.0,50,7823.84166,1.0
-10.0,50,7824.368798,1.0
-10.0,50,7824.904162,1.0
-5.0,50,7825.436209,1.0
-13.0,50,7825.975893,1.0
-11.0,50,7826.51312,1.0
-45.0,50,7827.040426,0.0
-11.0,50,7827.574969,1.0
-35.0,50,7828.128017,1.0
-12.0,50,7828.664837,1.0
-2.0,50,7829.201617,1.0
-19.0,50,7829.73805,1.0
-5.0,50,7830.282615,1.0
-7.0,50,7830.818551,1.0
-9.0,50,7831.349293,1.0
-7.0,50,7831.882786,1.0
-18.0,50,7832.432602,1.0
-9.0,50,7832.967434,1.0
-7.0,50,7833.50183,1.0
-10.0,50,7834.036221,1.0
-8.0,50,7834.610092,1.0
-9.0,50,7835.1487,1.0
-6.0,50,7835.683357,1.0
-9.0,50,7836.212626,1.0
-11.0,50,7836.770386,1.0
-6.0,50,7837.307777,1.0
-6.0,50,7837.840626,1.0
-14.0,50,7838.371935,1.0
-12.0,50,7838.92805,1.0
-10.0,50,7839.466501,1.0
-10.0,50,7840.005926,1.0
-7.0,50,7840.546479,1.0
-7.0,50,7841.119626,1.0
-27.0,50,7841.655496,1.0
0.0,50,7842.207844,1.0
-8.0,50,7842.743992,1.0
-10.0,50,7843.297539,1.0
-11.0,50,7843.843104,1.0
-18.0,50,7844.38695,1.0
-10.0,50,7844.93177,1.0
-6.0,50,7845.491348,1.0
-9.0,50,7846.03245,1.0
-15.0,50,7846.575309,1.0
-8.0,50,7847.124556,1.0
-9.0,50,7847.693393,1.0
-11.0,50,7848.229119,1.0
-11.0,50,7848.769539,1.0
-10.0,50,7849.306621,1.0
-5.0,50,7849.86322,1.0
0.0,50,7850.405451,1.0
-4.0,50,7850.947973,1.0
-17.0,50,7851.494015,1.0
-9.0,50,7852.097564,1.0
-11.0,50,7852.637852,1.0
-13.0,50,7853.178618,1.0
-10.0,50,7853.717156,1.0
-45.0,50,7854.26712,0.0
0.0,50,7854.805618,1.0
-11.0,50,7855.3467,1.0
-20.0,50,7855.885904,1.0
-13.0,50,7856.459802,1.0
-9.0,50,7857.011217,1.0
-12.0,50,7857.556323,1.0
-11.0,50,7858.097771,1.0
-7.0,50,7858.651772,1.0
-11.0,50,7859.177695,1.0
-50.0,50,7859.70557,0.0
-7.0,50,7860.242796,1.0
-9.0,50,7860.787594,1.0
0.0,50,7861.305445,1.0
-5.0,50,7861.821903,1.0
-10.0,50,7862.340148,1.0
-10.0,50,7862.885753,1.0
-7.0,50,7863.411994,1.0
-11.0,50,7863.932901,1.0
-7.0,50,7864.460606,1.0
-8.0,50,7865.001137,1.0
-15.0,50,7865.51687,1.0
-14.0,50,7866.035208,1.0
-16.0,50,7866.559558,1.0
-12.0,50,7867.099795,1.0
-10.0,50,7867.632856,1.0
-7.0,50,7868.167507,1.0
-8.0,50,7868.69832,1.0
-15.0,50,7869.266018,1.0
-14.0,50,7869.79837,1.0
-18.0,50,7870.324725,1.0
-13.0,50,7870.859073,1.0
-12.0,50,7871.403474,1.0
-9.0,50,7871.929374,1.0
-13.0,50,7872.469674,1.0
-11.0,50,7873.000748,1.0
-9.0,50,7873.545933,1.0
-11.0,50,7874.080188,1.0
-16.0,50,7874.615847,1.0
0.0,50,7875.143945,1.0
-6.0,50,7875.702908,1.0
-16.0,50,7876.240818,1.0
-14.0,50,7876.776564,1.0
-13.0,50,7877.304215,1.0
-13.0,50,7877.856084,1.0
-7.0,50,7878.394388,1.0
-11.0,50,7878.925582,1.0
-11.0,50,7879.454274,1.0
0.0,50,7880.005908,1.0
-14.0,50,7880.537454,1.0
-8.0,50,7881.074255,1.0
-9.0,50,7881.607927,1.0
-7.0,50,7882.157669,1.0
-5.0,50,7882.676568,1.0
-10.0,50,7883.199887,1.0
-9.0,50,7883.72703,1.0
-8.0,50,7884.266325,1.0
-17.0,50,7884.779854,1.0
-18.0,50,7885.303796,1.0
-6.0,50,7885.826666,1.0
-14.0,50,7886.362275,1.0
-12.0,50,7886.881706,1.0
-10.0,50,7887.402843,1.0
-16.0,50,7887.921802,1.0
-16.0,50,7888.461037,1.0
-6.0,50,7888.982557,1.0
-5.0,50,7889.506035,1.0
-40.0,50,7890.030338,1.0
-13.0,50,7890.5668,1.0
-9.0,50,7891.086902,1.0
-12.0,50,7891.60196,1.0
0.0,50,7892.122654,1.0
0.0,50,7892.662245,1.0
0.0,50,7893.185216,1.0
-6.0,50,7893.708186,1.0
-17.0,50,7894.225941,1.0
-11.0,50,7894.756665,1.0
-4.0,50,7895.270219,1.0
-7.0,50,7895.789438,1.0
-12.0,50,7896.305395,1.0
-13.0,50,7896.855734,1.0
0.0,50,7897.393827,1.0
-11.0,50,7897.930668,1.0
-7.0,50,7898.461208,1.0
-8.0,50,7899.016853,1.0
-9.0,50,7899.550756,1.0
-11.0,50,7900.087287,1.0
-14.0,50,7900.620598,1.0
-23.0,50,7901.169979,1.0
-5.0,50,7901.697546,1.0
-14.0,50,7902.232516,1.0
-15.0,50,7902.771667,1.0
-15.0,50,7903.316234,1.0
-47.0,50,7903.837745,0.0
-7.0,50,7904.362966,1.0
-12.0,50,7904.883004,1.0
-11.0,50,7905.422518,1.0
-50.0,50,7905.939411,0.0
-7.0,50,7906.454077,1.0
-7.0,50,7906.964064,1.0
-21.0,50,7909.813376,1.0
-9.0,50,7910.341191,1.0
-22.0,50,7910.867743,1.0
-8.0,50,7911.389975,1.0
-11.0,50,7911.932765,1.0
-7.0,50,7912.457832,1.0
-23.0,50,7912.979578,1.0
-15.0,50,7913.501892,1.0
-10.0,50,7914.047032,1.0
-10.0,50,7914.574914,1.0
-15.0,50,7915.093742,1.0
-6.0,50,7915.614835,1.0
-7.0,50,7916.154086,1.0
-15.0,50,7916.673191,1.0
-8.0,50,7917.195172,1.0
-9.0,50,7917.727153,1.0
-8.0,50,7918.288867,1.0
-11.0,50,7918.831189,1.0
-7.0,50,7919.367691,1.0
-6.0,50,7919.90127,1.0
-5.0,50,7920.45639,1.0
-18.0,50,7920.989088,1.0
-12.0,50,7921.507375,1.0
-6.0,50,7922.032573,1.0
-8.0,50,7922.573196,1.0
0.0,50,7923.092791,1.0
-10.0,50,7923.610265,1.0
-5.0,50,7924.1321,1.0
-8.0,50,7924.662407,1.0
-30.0,50,7925.182365,1.0
-6.0,50,7925.706899,1.0
-12.0,50,7926.228361,1.0
-14.0,50,7926.763609,1.0
-11.0,50,7927.280683,1.0
-15.0,50,7927.801159,1.0
0.0,50,7928.314857,1.0
-10.0,50,7928.851277,1.0
-9.0,50,7929.369951,1.0
-8.0,50,7929.897244,1.0
-7.0,50,7930.423667,1.0
-12.0,50,7930.965992,1.0
-13.0,50,7931.483824,1.0
-8.0,50,7932.011879,1.0
-8.0,50,7932.536215,1.0
-14.0,50,7933.074545,1.0
-15.0,50,7933.595806,1.0
-15.0,50,7934.124772,1.0
-11.0,50,7934.648015,1.0
-8.0,50,7935.195337,1.0
-18.0,50,7935.712752,1.0
-11.0,50,7936.235753,1.0
-8.0,50,7936.759443,1.0
-11.0,50,7937.293509,1.0
-12.0,50,7937.823889,1.0
-12.0,50,7938.344317,1.0
-11.0,50,7938.864222,1.0
0.0,50,7939.404756,1.0
0.0,50,7939.927299,1.0
-7.0,50,7940.457623,1.0
-10.0,50,7940.982728,1.0
-10.0,50,7941.573471,1.0
-8.0,50,7942.107356,1.0
-4.0,50,7942.644003,1.0
-7.0,50,7943.172305,1.0
-7.0,50,7943.71827,1.0
-12.0,50,7944.254137,1.0
-9.0,50,7944.789443,1.0
-13.0,50,7945.326742,1.0
-10.0,50,7945.883095,1.0
-6.0,50,7946.422085,1.0
-4.0,50,7946.953871,1.0
-12.0,50,7947.485152,1.0
-5.0,50,7948.031127,1.0
-8.0,50,7948.562888,1.0
-5.0,50,7949.101055,1.0
-4.0,50,7949.632038,1.0
-8.0,50,7950.189089,1.0
-12.0,50,7950.723446,1.0
-14.0,50,7951.256588,1.0
-10.0,50,7951.792621,1.0
-11.0,50,7952.344377,1.0
-8.0,50,7952.881901,1.0
-12.0,50,7953.416932,1.0
-7.0,50,7953.944989,1.0
-13.0,50,7954.507589,1.0
0.0,50,7955.041173,1.0
-21.0,50,7955.579204,1.0
0.0,50,7956.111152,1.0
-9.0,50,7956.661469,1.0
-15.0,50,7957.192435,1.0
-9.0,50,7957.72197,1.0
-6.0,50,7958.237468,1.0
-12.0,50,7958.774642,1.0
-5.0,50,7959.304899,1.0
-5.0,50,7959.826759,1.0
-16.0,50,7960.345334,1.0
-7.0,50,7960.887813,1.0
-11.0,50,7961.41094,1.0
-12.0,50,7961.941391,1.0
-7.0,50,7962.469534,1.0
-9.0,50,7963.013097,1.0
-19.0,50,7963.53002,0.0
0.0,50,7964.052937,1.0
-13.0,50,7964.575817,1.0
-10.0,50,7965.125066,1.0
-12.0,50,7965.646075,1.0
-12.0,50,7966.159978,1.0
-8.0,50,7966.681873,1.0
-12.0,50,7967.220267,1.0
-11.0,50,7967.754016,1.0
-8.0,50,7968.290044,1.0
-15.0,50,7968.821563,1.0
-11.0,50,7969.373866,1.0
-14.0,50,7969.892511,1.0
-6.0,50,7970.415093,1.0
-14.0,50,7970.945524,1.0
-26.0,50,7971.481212,1.0
-15.0,50,7971.997425,1.0
-13.0,50,7972.521278,1.0
-13.0,50,7973.044035,1.0
-12.0,50,7973.592642,1.0
-12.0,50,7974.116127,1.0
-9.0,50,7974.635886,1.0
-13.0,50,7975.164835,1.0
-17.0,50,7975.706682,1.0
-8.0,50,7976.235051,1.0
-13.0,50,7976.760097,1.0
-8.0,50,7977.284575,1.0
-10.0,50,7977.820524,1.0
-7.0,50,7978.348791,1.0
-7.0,50,7978.87968,1.0
-12.0,50,7979.400988,1.0
-11.0,50,7979.944155,1.0
-7.0,50,7980.475699,1.0
-4.0,50,7980.998075,1.0
-11.0,50,7981.526492,1.0
-8.0,50,7982.074574,1.0
-7.0,50,7982.607506,1.0
0.0,50,7983.138616,1.0
-21.0,50,7983.662509,1.0
-17.0,50,7984.213334,1.0
-10.0,50,7984.733369,1.0
-12.0,50,7985.259012,1.0
-9.0,50,7985.789968,1.0
-6.0,50,7986.32758,1.0
-11.0,50,7986.848901,1.0
-5.0,50,7987.375051,1.0
-10.0,50,7987.902074,1.0
-7.0,50,7988.444328,1.0
-7.0,50,7988.957793,1.0
-11.0,50,7989.48137,1.0
-11.0,50,7989.996238,1.0
-12.0,50,7990.596379,1.0
-10.0,50,7991.118658,1.0
-12.0,50,7991.636694,1.0
-10.0,50,7992.156792,1.0
-7.0,50,7992.708428,1.0
-10.0,50,7993.234188,1.0
-11.0,50,7993.755446,1.0
-13.0,50,7994.278309,1.0
-10.0,50,7994.839727,1.0
-17.0,50,7995.369588,1.0
0.0,50,7995.883192,1.0
-6.0,50,7996.399211,1.0
-10.0,50,7996.957121,1.0
-9.0,50,7997.479173,1.0
-15.0,50,7998.001578,1.0
-14.0,50,7998.530735,1.0
-6.0,50,7999.092741,1.0
-13.0,50,7999.618716,1.0
-7.0,50,8000.132835,1.0
-12.0,50,8000.651264,1.0
-12.0,50,8001.20253,1.0
-11.0,50,8001.734074,1.0
-14.0,50,8002.266654,1.0
-4.0,50,8002.803669,1.0
-6.0,50,8003.372528,1.0
-10.0,50,8003.907955,1.0
-7.0,50,8004.44023,1.0
-6.0,50,8004.96846,1.0
-6.0,50,8005.514326,1.0
-14.0,50,8006.04641,1.0
-7.0,50,8006.57847,1.0
-20.0,50,8007.110114,1.0
-7.0,50,8007.659295,1.0
0.0,50,8008.196371,1.0
-3.0,50,8008.73543,1.0
-22.0,50,8009.264209,1.0
-11.0,50,8009.800101,1.0
-13.0,50,8010.325883,1.0
-19.0,50,8010.846114,1.0
-11.0,50,8011.368316,1.0
-11.0,50,8011.913806,1.0
-7.0,50,8012.437885,1.0
-6.0,50,8012.963424,1.0
-8.0,50,8013.484538,1.0
-11.0,50,8014.012523,1.0
-18.0,50,8014.532382,1.0
-23.0,50,8015.053817,1.0
-14.0,50,8015.582224,1.0
-12.0,50,8018.402501,1.0
-11.0,50,8018.914289,1.0
-14.0,50,8019.437443,1.0
-14.0,50,8019.964523,1.0
-12.0,50,8020.512204,1.0
0.0,50,8021.040793,1.0
-13.0,50,8021.572339,1.0
-6.0,50,8022.109666,1.0
-20.0,50,8022.682731,1.0
-10.0,50,8023.218658,1.0
-6.0,50,8023.745644,1.0
-12.0,50,8024.286394,1.0
-5.0,50,8024.836525,1.0
-6.0,50,8025.364208,1.0
-7.0,50,8025.901528,1.0
0.0,50,8026.433489,1.0
-15.0,50,8026.983497,1.0
-11.0,50,8027.515651,1.0
-8.0,50,8028.052563,1.0
-15.0,50,8028.585489,1.0
-14.0,50,8029.143132,1.0
-10.0,50,8029.680211,1.0
-7.0,50,8030.21663,1.0
-8.0,50,8030.745236,1.0
-8.0,50,8031.291536,1.0
-8.0,50,8031.824911,1.0
-10.0,50,8032.36123,1.0
-8.0,50,8032.902549,1.0
-11.0,50,8033.455986,1.0
-20.0,50,8033.995799,0.0
-18.0,50,8034.52492,1.0
-19.0,50,8035.054443,1.0
-6.0,50,8035.60352,1.0
-12.0,50,8036.133087,1.0
-11.0,50,8036.672561,1.0
-12.0,50,8037.203279,1.0
-13.0,50,8037.760315,1.0
-11.0,50,8038.299857,1.0
-9.0,50,8038.838673,1.0
-11.0,50,8039.377356,1.0
-8.0,50,8039.921773,1.0
-20.0,50,8040.451475,1.0
-7.0,50,8040.97472,1.0
-12.0,50,8041.503838,1.0
-8.0,50,8042.038412,1.0
-6.0,50,8042.554262,1.0
0.0,50,8043.076074,1.0
-7.0,50,8043.593345,1.0
0.0,50,8044.149294,1.0
0.0,50,8044.668302,1.0
-14.0,50,8045.187217,1.0
-13.0,50,8045.702333,1.0
-7.0,50,8046.236305,1.0
-10.0,50,8046.758475,1.0
-18.0,50,8047.283597,1.0
-11.0,50,8047.809351,1.0
-16.0,50,8048.352532,1.0
-7.0,50,8048.889645,1.0
-18.0,50,8049.427492,1.0
-7.0,50,8049.957449,1.0
-16.0,50,8050.518256,1.0
-14.0,50,8051.057183,1.0
-12.0,50,8051.595942,1.0
-12.0,50,8052.134133,1.0
-6.0,50,8052.689314,1.0
-10.0,50,8053.218857,1.0
-12.0,50,8053.753096,1.0
-7.0,50,8054.282425,1.0
-10.0,50,8054.831626,1.0
-13.0,50,8055.368911,1.0
-6.0,50,8055.899303,1.0
-8.0,50,8056.430316,1.0
-7.0,50,8056.983999,1.0
-10.0,50,8057.516761,1.0
-13.0,50,8058.0561,1.0
-11.0,50,8058.594384,1.0
-10.0,50,8059.156542,1.0
-18.0,50,8059.691328,1.0
-12.0,50,8060.221756,1.0
-4.0,50,8060.7629,1.0
-9.0,50,8061.309559,1.0
-14.0,50,8061.842994,1.0
-8.0,50,8062.380075,1.0
-7.0,50,8062.912727,1.0
-6.0,50,8063.452173,1.0
-10.0,50,8063.984935,1.0
-19.0,50,8064.518605,1.0
-7.0,50,8065.052204,1.0
-5.0,50,8065.598955,1.0
-8.0,50,8066.134613,1.0
-10.0,50,8066.672537,1.0
-43.0,50,8067.205686,1.0
-13.0,50,8067.75921,1.0
-11.0,50,8068.299063,1.0
-10.0,50,8068.832912,1.0
-11.0,50,8069.363577,1.0
-13.0,50,8069.926462,1.0
-15.0,50,8070.461398,1.0
-15.0,50,8070.997025,1.0
-17.0,50,8071.534278,1.0
-27.0,50,8072.086065,1.0
-11.0,50,8072.623853,1.0
-14.0,50,8073.158689,1.0
-12.0,50,8073.689054,1.0
-6.0,50,8074.22959,1.0
-14.0,50,8074.749092,1.0
-17.0,50,8075.270298,1.0
-5.0,50,8075.78783,1.0
-5.0,50,8076.318862,1.0
-8.0,50,8076.839458,1.0
-17.0,50,8077.356436,1.0
-10.0,50,8077.882754,1.0
-12.0,50,8078.448261,1.0
-6.0,50,8078.974472,1.0
-11.0,50,8079.498041,1.0
-12.0,50,8080.026439,1.0
-10.0,50,8080.557559,1.0
-3.0,50,8081.08217,1.0
-10.0,50,8081.603383,1.0
-15.0,50,8082.143739,1.0
-8.0,50,8082.708123,1.0
-10.0,50,8083.242455,1.0
-27.0,50,8083.774508,1.0
-9.0,50,8084.313187,1.0
-15.0,50,8084.873595,1.0
-7.0,50,8085.421395,1.0
-12.0,50,8085.961537,1.0
0.0,50,8086.504599,1.0
-10.0,50,8087.051483,1.0
-11.0,50,8087.591274,1.0
-12.0,50,8088.12785,1.0
-12.0,50,8088.670267,1.0
-9.0,50,8089.222544,1.0
-8.0,50,8089.750915,1.0
-8.0,50,8090.291293,1.0
-9.0,50,8090.825702,1.0
0.0,50,8091.367534,1.0
-7.0,50,8091.89769,1.0
-13.0,50,8092.431603,1.0
0.0,50,8092.966952,1.0
-2.0,50,8093.52003,1.0
-19.0,50,8094.061298,1.0
-11.0,50,8094.605339,1.0
0.0,50,8095.140483,1.0
-10.0,50,8095.689971,1.0
-12.0,50,8096.227145,1.0
-15.0,50,8096.761828,1.0
-11.0,50,8097.293892,1.0
-13.0,50,8097.851737,1.0
0.0,50,8098.396613,1.0
-7.0,50,8098.935288,1.0
-20.0,50,8099.472672,1.0
-10.0,50,8100.0205,1.0
-7.0,50,8100.556544,1.0
-10.0,50,8101.094179,1.0
0.0,50,8101.629107,1.0
-9.0,50,8102.175763,1.0
-12.0,50,8102.711563,1.0
0.0,50,8103.243813,1.0
-11.0,50,8103.786594,1.0
-13.0,50,8104.344604,1.0
-12.0,50,8104.874521,1.0
-11.0,50,8105.413682,1.0
-8.0,50,8105.951188,1.0
-13.0,50,8106.498384,1.0
-7.0,50,8107.032645,1.0
-12.0,50,8107.57196,1.0
-7.0,50,8108.101455,1.0
-11.0,50,8108.658851,1.0
-16.0,50,8109.195682,1.0
-5.0,50,8109.731971,1.0
-7.0,50,8110.267118,1.0
-20.0,50,8110.81267,1.0
-9.0,50,8111.352272,1.0
-19.0,50,8111.890293,1.0
-16.0,50,8112.428717,1.0
-11.0,50,8112.978872,1.0
-12.0,50,8113.513694,1.0
-6.0,50,8114.0528,1.0
-8.0,50,8114.584052,1.0
-12.0,50,8115.13772,1.0
-14.0,50,8115.674846,1.0
-8.0,50,8116.214829,1.0
-9.0,50,8116.745057,1.0
-16.0,50,8117.291575,1.0
-12.0,50,8117.820601,1.0
-7.0,50,8118.359915,1.0
-12.0,50,8118.892545,1.0
-11.0,50,8119.451093,1.0
-6.0,50,8119.990398,1.0
0.0,50,8120.533176,1.0
-5.0,50,8121.069877,1.0
-16.0,50,8121.621541,1.0
0.0,50,8122.155243,1.0
-5.0,50,8122.696667,1.0
-10.0,50,8123.234651,1.0
-29.0,50,8123.785153,1.0
-12.0,50,8124.321712,1.0
-15.0,50,8124.859019,1.0
-7.0,50,8125.400957,1.0
-9.0,50,8128.249702,1.0
-10.0,50,8128.789613,1.0
-8.0,50,8129.327492,1.0
-5.0,50,8129.863563,1.0
-8.0,50,8130.441507,1.0
-11.0,50,8130.979022,1.0
-11.0,50,8131.520745,1.0
-7.0,50,8132.060792,1.0
0.0,50,8132.630547,1.0
-9.0,50,8133.161879,1.0
0.0,50,8133.703675,1.0
-12.0,50,8134.246153,1.0
-19.0,50,8134.797675,1.0
-6.0,50,8135.338412,1.0
-30.0,50,8135.870699,1.0
-10.0,50,8136.400875,1.0
-9.0,50,8136.9515,1.0
-13.0,50,8137.49216,1.0
-12.0,50,8138.029082,1.0
-16.0,50,8138.569397,1.0
-18.0,50,8139.112572,1.0
-9.0,50,8139.65252,1.0
-11.0,50,8140.184965,1.0
0.0,50,8140.715704,1.0
-8.0,50,8141.266878,1.0
0.0,50,8141.799539,1.0
0.0,50,8142.33517,1.0
-8.0,50,8142.868522,1.0
-9.0,50,8143.413621,1.0
-9.0,50,8143.946216,1.0
-15.0,50,8144.489824,1.0
-12.0,50,8145.023443,1.0
0.0,50,8145.578704,1.0
-7.0,50,8146.118951,1.0
-12.0,50,8146.656546,1.0
-7.0,50,8147.189527,1.0
-11.0,50,8147.745797,1.0
-14.0,50,8148.287755,1.0
-11.0,50,8148.820807,1.0
-4.0,50,8149.354742,1.0
-14.0,50,8149.910308,1.0
-15.0,50,8150.453842,1.0
0.0,50,8150.996701,1.0
-2.0,50,8151.543326,1.0
0.0,50,8152.096784,1.0
-17.0,50,8152.639708,1.0
-12.0,50,8153.177301,1.0
-14.0,50,8153.715905,1.0
-16.0,50,8154.27429,1.0
-10.0,50,8154.815621,1.0
0.0,50,8155.35619,1.0
-7.0,50,8155.894456,1.0
-10.0,50,8156.459815,1.0
-7.0,50,8156.99929,1.0
-8.0,50,8157.536997,1.0
-12.0,50,8158.079646,1.0
-10.0,50,8158.639907,1.0
-12.0,50,8159.176055,1.0
-15.0,50,8159.712537,1.0
-7.0,50,8160.257239,1.0
-14.0,50,8160.820733,1.0
-7.0,50,8161.360284,1.0
-11.0,50,8161.89813,1.0
-13.0,50,8162.437708,1.0
-11.0,50,8162.996145,1.0
-9.0,50,8163.532739,1.0
-12.0,50,8164.074471,1.0
0.0,50,8164.619393,1.0
-9.0,50,8165.16936,1.0
-14.0,50,8165.708818,1.0
-16.0,50,8166.249146,1.0
-8.0,50,8166.78564,1.0
-13.0,50,8167.367618,1.0
-5.0,50,8167.909735,1.0
-11.0,50,8168.453801,1.0
-9.0,50,8168.998568,1.0
-8.0,50,8169.55659,1.0
-12.0,50,8170.092835,1.0
-9.0,50,8170.637186,1.0
-9.0,50,8171.175594,1.0
-19.0,50,8171.723878,1.0
-11.0,50,8172.264709,1.0
-11.0,50,8172.802472,1.0
-13.0,50,8173.346553,1.0
-47.0,50,8173.916142,1.0
-5.0,50,8174.455762,1.0
-11.0,50,8174.993032,1.0
-11.0,50,8175.531757,1.0
-10.0,50,8176.087798,1.0
-6.0,50,8176.627854,1.0
-9.0,50,8177.158237,1.0
-13.0,50,8177.695067,1.0
-16.0,50,8178.257016,1.0
-7.0,50,8178.787601,1.0
-5.0,50,8179.321514,1.0
0.0,50,8179.86575,1.0
-8.0,50,8180.423885,1.0
-12.0,50,8180.961875,1.0
-14.0,50,8181.496857,1.0
-14.0,50,8182.02965,1.0
-8.0,50,8182.588486,1.0
-12.0,50,8183.131213,1.0
0.0,50,8183.67773,1.0
-10.0,50,8184.210966,1.0
0.0,50,8184.760833,1.0
-7.0,50,8185.29677,1.0
-16.0,50,8185.832611,1.0
-11.0,50,8186.375072,1.0
-13.0,50,8186.965158,1.0
-12.0,50,8187.502919,1.0
-5.0,50,8188.031868,1.0
-5.0,50,8188.565886,1.0
-12.0,50,8189.13296,1.0
-15.0,50,8189.663099,1.0
-15.0,50,8190.205245,1.0
-8.0,50,8190.741747,1.0
0.0,50,8191.295279,1.0
-6.0,50,8191.829377,1.0
-11.0,50,8192.36872,1.0
-20.0,50,8192.909062,1.0
-5.0,50,8193.455975,1.0
0.0,50,8193.989509,1.0
-8.0,50,8194.52995,1.0
-18.0,50,8195.060804,1.0
-10.0,50,8195.621048,1.0
-16.0,50,8196.157235,1.0
-20.0,50,8196.693112,1.0
-12.0,50,8197.229853,1.0
-10.0,50,8197.785246,1.0
-11.0,50,8198.32302,1.0
-25.0,50,8198.856441,1.0
-7.0,50,8199.393266,1.0
-9.0,50,8199.930906,1.0
0.0,50,8200.456626,1.0
-5.0,50,8200.979173,1.0
0.0,50,8201.504979,1.0
-11.0,50,8202.055586,1.0
-13.0,50,8202.592384,1.0
-11.0,50,8203.124577,1.0
-7.0,50,8203.657871,1.0
-3.0,50,8204.221714,1.0
-10.0,50,8204.752525,1.0
-9.0,50,8205.280049,1.0
-13.0,50,8205.816991,1.0
0.0,50,8206.367326,1.0
-7.0,50,8206.886466,1.0
-12.0,50,8207.420171,1.0
-10.0,50,8207.955088,1.0
-11.0,50,8208.500294,1.0
-13.0,50,8209.032013,1.0
-6.0,50,8209.566167,1.0
-18.0,50,8210.097362,1.0
-18.0,50,8210.654455,1.0
-12.0,50,8211.19131,1.0
-13.0,50,8211.73112,1.0
-14.0,50,8212.269664,1.0
-49.0,50,8212.819424,0.0
-13.0,50,8213.351255,1.0
-10.0,50,8213.886938,1.0
-8.0,50,8214.41855,1.0
-6.0,50,8214.973475,1.0
-12.0,50,8215.507798,1.0
-5.0,50,8216.052408,1.0
-9.0,50,8216.581836,1.0
-7.0,50,8217.127181,1.0
-13.0,50,8217.650683,1.0
-6.0,50,8218.180427,1.0
-5.0,50,8218.703921,1.0
-8.0,50,8219.271081,1.0
-13.0,50,8219.800421,1.0
-6.0,50,8220.337762,1.0
0.0,50,8220.871119,1.0
-5.0,50,8221.42526,1.0
-5.0,50,8221.966907,1.0
-9.0,50,8222.506783,1.0
-11.0,50,8223.033899,1.0
-6.0,50,8223.582148,1.0
-9.0,50,8224.111583,1.0
-18.0,50,8224.643246,1.0
-15.0,50,8225.175975,1.0
-11.0,50,8225.711208,1.0
-7.0,50,8226.232017,1.0
-9.0,50,8226.763932,1.0
-10.0,50,8227.293081,1.0
-12.0,50,8227.843016,1.0
-17.0,50,8228.36287,1.0
-5.0,50,8228.886843,1.0
-13.0,50,8229.416827,1.0
-10.0,50,8229.96795,1.0
-8.0,50,8230.492159,1.0
-13.0,50,8231.019763,1.0
-11.0,50,8231.550297,1.0
-28.0,50,8232.106678,1.0
-8.0,50,8232.64316,1.0
-12.0,50,8233.170854,1.0
0.0,50,8233.689372,1.0
-9.0,50,8234.229097,1.0
-12.0,50,8234.762201,1.0
-7.0,50,8235.287181,1.0
-10.0,50,8235.820539,1.0
-22.0,50,8238.662021,1.0
-7.0,50,8239.194394,1.0
-23.0,50,8239.725668,1.0
-6.0,50,8240.263079,1.0
-5.0,50,8240.815492,1.0
-3.0,50,8241.353365,1.0
-24.0,50,8241.890703,1.0
-7.0,50,8242.426324,1.0
-12.0,50,8242.98086,1.0
0.0,50,8243.515827,1.0
0.0,50,8244.045784,1.0
-9.0,50,8244.581469,1.0
-13.0,50,8245.136675,1.0
-12.0,50,8245.673717,1.0
-14.0,50,8246.207174,1.0
0.0,50,8246.749464,1.0
-11.0,50,8247.309321,1.0
-9.0,50,8247.837197,1.0
0.0,50,8248.37533,1.0
-13.0,50,8248.905961,1.0
-13.0,50,8249.458249,1.0
-21.0,50,8249.992833,1.0
0.0,50,8250.521915,1.0
-2.0,50,8251.049481,1.0
-8.0,50,8251.587291,1.0
-13.0,50,8252.108043,1.0
-10.0,50,8252.63554,1.0
0.0,50,8253.16032,1.0
-7.0,50,8253.703792,1.0
-11.0,50,8254.24033,1.0
-18.0,50,8254.779945,1.0
-10.0,50,8255.323935,1.0
-11.0,50,8255.882092,1.0
-6.0,50,8256.425748,1.0
-9.0,50,8256.958179,1.0
-6.0,50,8257.492279,1.0
-11.0,50,8258.049565,1.0
-11.0,50,8258.586085,1.0
-15.0,50,8259.106845,1.0
-14.0,50,8259.631025,1.0
-12.0,50,8260.183252,1.0
-11.0,50,8260.710085,1.0
-7.0,50,8261.241634,1.0
-15.0,50,8261.779266,1.0
-7.0,50,8262.341317,1.0
-12.0,50,8262.887721,1.0
-12.0,50,8263.431103,1.0
-13.0,50,8263.973959,1.0
-5.0,50,8264.533453,1.0
-8.0,50,8265.076803,1.0
-9.0,50,8265.617883,1.0
-7.0,50,8266.165461,1.0
-7.0,50,8266.724211,1.0
-14.0,50,8267.26771,1.0
-12.0,50,8267.807308,1.0
-12.0,50,8268.346411,1.0
-13.0,50,8268.914936,1.0
-8.0,50,8269.456149,1.0
-17.0,50,8269.989724,1.0
0.0,50,8270.524783,1.0
0.0,50,8271.102441,1.0
0.0,50,8271.645671,1.0
-18.0,50,8272.186488,1.0
-11.0,50,8272.725373,1.0
-5.0,50,8273.290041,1.0
0.0,50,8273.825025,1.0
-4.0,50,8274.357809,1.0
-12.0,50,8274.896778,1.0
-8.0,50,8275.449537,1.0
-12.0,50,8275.987144,1.0
-10.0,50,8276.533467,1.0
-24.0,50,8277.074021,1.0
-11.0,50,8277.635938,1.0
-16.0,50,8278.176841,1.0
-9.0,50,8278.719496,1.0
-9.0,50,8279.256895,1.0
-2.0,50,8279.802392,1.0
-9.0,50,8280.345318,1.0
-11.0,50,8280.885224,1.0
-10.0,50,8281.415624,1.0
-10.0,50,8281.965216,1.0
-2.0,50,8282.502071,1.0
-7.0,50,8283.04845,1.0
-32.0,50,8283.591634,1.0
-8.0,50,8284.145026,1.0
0.0,50,8284.680498,1.0
-12.0,50,8285.21121,1.0
-14.0,50,8285.753984,1.0
0.0,50,8286.304118,1.0
-11.0,50,8286.839561,1.0
-7.0,50,8287.375316,1.0
-10.0,50,8287.911994,1.0
-46.0,50,8288.464816,0.0
-12.0,50,8289.006812,1.0
-13.0,50,8289.542588,1.0
-8.0,50,8290.079141,1.0
-6.0,50,8290.631246,1.0
-10.0,50,8291.168107,1.0
-10.0,50,8291.701816,1.0
-9.0,50,8292.243956,1.0
-13.0,50,8292.805289,1.0
-11.0,50,8293.347403,1.0
-19.0,50,8293.888648,1.0
-11.0,50,8294.424393,1.0
-8.0,50,8294.968061,1.0
-5.0,50,8295.502516,1.0
-7.0,50,8296.035272,1.0
-11.0,50,8296.573411,1.0
-6.0,50,8297.124722,1.0
-9.0,50,8297.669338,1.0
-10.0,50,8298.206075,1.0
-14.0,50,8298.742889,1.0
-15.0,50,8299.293895,1.0
-6.0,50,8299.832227,1.0
-10.0,50,8300.364152,1.0
-6.0,50,8300.903652,1.0
-12.0,50,8301.4586,1.0
-2.0,50,8301.99585,1.0
-11.0,50,8302.534471,1.0
-10.0,50,8303.067478,1.0
-14.0,50,8303.617529,1.0
-10.0,50,8304.149287,1.0
-13.0,50,8304.681362,1.0
-8.0,50,8305.212389,1.0
0.0,50,8305.764698,1.0
-6.0,50,8306.295765,1.0
-15.0,50,8306.826203,1.0
-21.0,50,8307.359132,1.0
-12.0,50,8307.917787,1.0
-7.0,50,8308.457548,1.0
-7.0,50,8308.988309,1.0
0.0,50,8309.528822,1.0
-17.0,50,8310.076204,1.0
-13.0,50,8310.596382,1.0
-7.0,50,8311.11992,1.0
-9.0,50,8311.653281,1.0
-10.0,50,8312.206095,1.0
-12.0,50,8312.729253,1.0
-5.0,50,8313.253062,1.0
-12.0,50,8313.785877,1.0
0.0,50,8314.329667,1.0
-8.0,50,8314.851755,1.0
-32.0,50,8315.375396,1.0
-7.0,50,8315.90837,1.0
0.0,50,8316.46623,1.0
-17.0,50,8316.989157,1.0
-4.0,50,8317.515804,1.0
-14.0,50,8318.048969,1.0
-10.0,50,8318.590584,1.0
-24.0,50,8319.112037,1.0
-7.0,50,8319.634969,1.0
-8.0,50,8320.160272,1.0
-13.0,50,8320.707658,1.0
-16.0,50,8321.232357,1.0
-12.0,50,8321.770721,1.0
-8.0,50,8322.296075,1.0
-10.0,50,8322.843182,1.0
0.0,50,8323.371429,1.0
-4.0,50,8323.891129,1.0
-10.0,50,8324.427509,1.0
-13.0,50,8324.990312,1.0
-11.0,50,8325.521308,1.0
-5.0,50,8326.052343,1.0
-7.0,50,8326.573797,1.0
-6.0,50,8327.125761,1.0
-7.0,50,8327.654165,1.0
-11.0,50,8328.187558,1.0
-9.0,50,8328.714673,1.0
-6.0,50,8329.255075,1.0
-10.0,50,8329.793269,1.0
-25.0,50,8330.326871,1.0
-9.0,50,8330.857359,1.0
-4.0,50,8331.422245,1.0
-10.0,50,8331.956455,1.0
-10.0,50,8332.485801,1.0
-12.0,50,8333.020287,1.0
-6.0,50,8333.568066,1.0
-12.0,50,8334.101707,1.0
-12.0,50,8334.634617,1.0
-10.0,50,8335.16792,1.0
-8.0,50,8335.721709,1.0
-6.0,50,8336.253273,1.0
-13.0,50,8336.787977,1.0
-15.0,50,8337.326026,1.0
-5.0,50,8337.867332,1.0
-18.0,50,8338.399861,1.0
-4.0,50,8338.932348,1.0
-15.0,50,8339.463636,1.0
-9.0,50,8340.016906,1.0
-7.0,50,8340.559896,1.0
-15.0,50,8341.100364,1.0
-12.0,50,8341.637283,1.0
-15.0,50,8342.19112,1.0
-11.0,50,8342.728809,1.0
-4.0,50,8343.261458,1.0
-12.0,50,8343.79794,1.0
-7.0,50,8344.346179,1.0
-10.0,50,8344.872463,1.0
-6.0,50,8345.393366,1.0
-20.0,50,8345.922814,1.0
-18.0,50,8348.67576,1.0
-13.0,50,8349.208057,1.0
-5.0,50,8349.739453,1.0
-13.0,50,8350.271391,1.0
-14.0,50,8350.811481,1.0
-10.0,50,8351.339533,1.0
-26.0,50,8351.865332,1.0
-10.0,50,8352.39043,1.0
-6.0,50,8352.944325,1.0
-7.0,50,8353.478572,1.0
-5.0,50,8354.010427,1.0
-13.0,50,8354.531452,1.0
-8.0,50,8355.078108,1.0
-25.0,50,8355.607708,1.0
-7.0,50,8356.14541,1.0
-7.0,50,8356.677462,1.0
-9.0,50,8357.235338,1.0
-8.0,50,8357.773686,1.0
-7.0,50,8358.304381,1.0
-12.0,50,8358.840945,1.0
-5.0,50,8359.400851,1.0
-3.0,50,8359.940846,1.0
-8.0,50,8360.477468,1.0
-3.0,50,8361.011974,1.0
-9.0,50,8361.569345,1.0
-14.0,50,8362.116682,1.0
-15.0,50,8362.654312,1.0
-2.0,50,8363.193958,1.0
-8.0,50,8363.756033,1.0
-12.0,50,8364.294904,1.0
-14.0,50,8364.83404,1.0
-11.0,50,8365.372481,1.0
-10.0,50,8365.923488,1.0
-7.0,50,8366.459462,1.0
0.0,50,8366.998645,1.0
-6.0,50,8367.541219,1.0
-19.0,50,8368.094059,1.0
-6.0,50,8368.629214,1.0
-6.0,50,8369.165707,1.0
-25.0,50,8369.702225,1.0
-8.0,50,8370.251432,1.0
-8.0,50,8370.7894,1.0
0.0,50,8371.326447,1.0
-4.0,50,8371.861677,1.0
-11.0,50,8372.419716,1.0
-11.0,50,8372.956522,1.0
-13.0,50,8373.488798,1.0
-12.0,50,8374.021901,1.0
-8.0,50,8374.583493,1.0
-11.0,50,8375.114547,1.0
-16.0,50,8375.650014,1.0
-11.0,50,8376.184018,1.0
-8.0,50,8376.770696,1.0
-8.0,50,8377.306107,1.0
-14.0,50,8377.837964,1.0
-5.0,50,8378.368998,1.0
-6.0,50,8378.923523,1.0
-14.0,50,8379.470557,1.0
-11.0,50,8380.007521,1.0
-7.0,50,8380.54059,1.0
-9.0,50,8381.092091,1.0
-7.0,50,8381.626115,1.0
-13.0,50,8382.16345,1.0
-6.0,50,8382.70254,1.0
-15.0,50,8383.270392,1.0
-6.0,50,8383.806515,1.0
-10.0,50,8384.340071,1.0
-19.0,50,8384.882565,1.0
-12.0,50,8385.440111,1.0
0.0,50,8385.973095,1.0
0.0,50,8386.506991,1.0
-5.0,50,8387.041245,1.0
-16.0,50,8387.588696,1.0
-7.0,50,8388.12163,1.0
-50.0,50,8388.657703,0.0
-12.0,50,8389.186932,1.0
0.0,50,8389.738794,1.0
-12.0,50,8390.266708,1.0
-8.0,50,8390.794026,1.0
-12.0,50,8391.31856,1.0
-8.0,50,8391.874252,1.0
-9.0,50,8392.404722,1.0
-9.0,50,8392.93669,1.0
-3.0,50,8393.464423,1.0
-14.0,50,8394.016453,1.0
-10.0,50,8394.538867,1.0
-6.0,50,8395.065524,1.0
-20.0,50,8395.601282,1.0
-10.0,50,8396.151997,1.0
0.0,50,8396.677594,1.0
-18.0,50,8397.204085,1.0
-19.0,50,8397.731521,1.0
-8.0,50,8398.282316,1.0
-27.0,50,8398.812665,1.0
-10.0,50,8399.344672,1.0
-6.0,50,8399.873429,1.0
-16.0,50,8400.422371,1.0
-11.0,50,8400.955519,1.0
-10.0,50,8401.495595,1.0
-15.0,50,8402.027641,1.0
-10.0,50,8402.594793,1.0
-19.0,50,8403.128809,1.0
-7.0,50,8403.65992,1.0
-13.0,50,8404.197207,1.0
-20.0,50,8404.745762,1.0
-12.0,50,8405.280751,1.0
-12.0,50,8405.814734,1.0
-7.0,50,8406.345983,1.0
-5.0,50,8406.896764,1.0
-12.0,50,8407.429768,1.0
-13.0,50,8407.964562,1.0
-11.0,50,8408.49745,1.0
-18.0,50,8409.045111,1.0
-7.0,50,8409.577287,1.0
-10.0,50,8410.109568,1.0
-9.0,50,8410.641689,1.0
-20.0,50,8411.188921,1.0
-7.0,50,8411.720266,1.0
-7.0,50,8412.25935,1.0
-11.0,50,8412.792397,1.0
-12.0,50,8413.342212,1.0
-10.0,50,8413.876272,1.0
-14.0,50,8414.412514,1.0
0.0,50,8414.941593,1.0
-12.0,50,8415.505597,1.0
-9.0,50,8416.046111,1.0
-10.0,50,8416.576049,1.0
-4.0,50,8417.110662,1.0
-7.0,50,8417.651018,1.0
-30.0,50,8418.182374,1.0
-11.0,50,8418.713745,1.0
-10.0,50,8419.245663,1.0
0.0,50,8419.793464,1.0
-13.0,50,8420.329395,1.0
-8.0,50,8420.866528,1.0
-7.0,50,8421.397085,1.0
-9.0,50,8421.949134,1.0
-9.0,50,8422.488185,1.0
-9.0,50,8423.02622,1.0
-10.0,50,8423.558669,1.0
-4.0,50,8424.107055,1.0
-9.0,50,8424.642079,1.0
-9.0,50,8425.180396,1.0
-9.0,50,8425.714188,1.0
-8.0,50,8426.263922,1.0
-6.0,50,8426.79882,1.0
-10.0,50,8427.338436,1.0
-11.0,50,8427.880704,1.0
-10.0,50,8428.437814,1.0
-8.0,50,8428.971167,1.0
-11.0,50,8429.507927,1.0
-12.0,50,8430.044015,1.0
-13.0,50,8430.597692,1.0
-11.0,50,8431.129592,1.0
-10.0,50,8431.663651,1.0
-31.0,50,8432.200898,1.0
-10.0,50,8432.756263,1.0
-11.0,50,8433.297999,1.0
-11.0,50,8433.836058,1.0
0.0,50,8434.369719,1.0
-22.0,50,8434.920528,1.0
-11.0,50,8435.45217,1.0
-14.0,50,8435.979699,1.0
-13.0,50,8436.517197,1.0
-7.0,50,8437.082971,1.0
-7.0,50,8437.612247,1.0
-10.0,50,8438.132377,1.0
-12.0,50,8438.659051,1.0
-10.0,50,8439.212204,1.0
-11.0,50,8439.747861,1.0
-10.0,50,8440.27009,1.0
-6.0,50,8440.796792,1.0
-7.0,50,8441.345083,1.0
-12.0,50,8441.87184,1.0
-10.0,50,8442.399301,1.0
-25.0,50,8442.930581,1.0
0.0,50,8443.47013,1.0
-11.0,50,8443.987307,1.0
-10.0,50,8444.516428,1.0
-10.0,50,8445.041956,1.0
-13.0,50,8445.590619,1.0
-6.0,50,8446.119761,1.0
-1.0,50,8446.646853,1.0
-15.0,50,8447.17863,1.0
-5.0,50,8447.716383,1.0
-9.0,50,8448.23967,1.0
-7.0,50,8448.764401,1.0
-16.0,50,8449.288406,1.0
-9.0,50,8449.838376,1.0
-8.0,50,8450.369263,1.0
-11.0,50,8450.898204,1.0
-11.0,50,8451.42844,1.0
-14.0,50,8451.976613,1.0
-8.0,50,8452.505555,1.0
-6.0,50,8453.030309,1.0
0.0,50,8453.558122,1.0
-15.0,50,8454.1134,1.0
-2.0,50,8454.660037,1.0
-9.0,50,8455.20009,1.0
-9.0,50,8455.734754,1.0
-11.0,50,8458.563326,1.0
-10.0,50,8459.102483,1.0
-18.0,50,8459.648077,1.0
-11.0,50,8460.186467,1.0
-5.0,50,8460.74059,1.0
-12.0,50,8461.285893,1.0
-13.0,50,8461.822651,1.0
-17.0,50,8462.365129,1.0
-8.0,50,8462.919648,1.0
-10.0,50,8463.45716,1.0
-9.0,50,8463.990572,1.0
-10.0,50,8464.529743,1.0
-13.0,50,8465.081886,1.0
-15.0,50,8465.621454,1.0
-11.0,50,8466.159076,1.0
0.0,50,8466.696589,1.0
0.0,50,8467.247529,1.0
-9.0,50,8467.784238,1.0
-9.0,50,8468.323196,1.0
-6.0,50,8468.858598,1.0
-11.0,50,8469.420746,1.0
-11.0,50,8469.963017,1.0
-9.0,50,8470.505278,1.0
-10.0,50,8471.039694,1.0
-15.0,50,8471.60109,1.0
0.0,50,8472.13941,1.0
-6.0,50,8472.682275,1.0
0.0,50,8473.225102,1.0
-7.0,50,8473.782374,1.0
-11.0,50,8474.316118,1.0
-11.0,50,8474.850254,1.0
-8.0,50,8475.387514,1.0
-16.0,50,8475.943306,1.0
-26.0,50,8476.483158,1.0
-7.0,50,8477.028276,1.0
-8.0,50,8477.554145,1.0
-12.0,50,8478.111118,1.0
-9.0,50,8478.649718,1.0
-14.0,50,8479.18561,1.0
-11.0,50,8479.710902,1.0
-7.0,50,8480.252181,1.0
-12.0,50,8480.772928,1.0
-9.0,50,8481.298987,1.0
-5.0,50,8481.829125,1.0
-13.0,50,8482.379967,1.0
-8.0,50,8482.903063,1.0
-13.0,50,8483.42785,1.0
-16.0,50,8483.948902,1.0
-13.0,50,8484.485114,1.0
-12.0,50,8485.007018,1.0
-6.0,50,8485.536343,1.0
-9.0,50,8486.077116,1.0
-13.0,50,8486.637068,1.0
-12.0,50,8487.169244,1.0
-9.0,50,8487.709067,1.0
-14.0,50,8488.243745,1.0
-12.0,50,8488.803021,1.0
-13.0,50,8489.33615,1.0
-20.0,50,8489.867241,1.0
-13.0,50,8490.403475,1.0
-11.0,50,8490.951638,1.0
-10.0,50,8491.480988,1.0
-11.0,50,8492.013999,1.0
-19.0,50,8492.546157,1.0
-9.0,50,8493.106175,1.0
-8.0,50,8493.638059,1.0
-11.0,50,8494.169932,1.0
-19.0,50,8494.701078,1.0
-4.0,50,8495.252048,1.0
-10.0,50,8495.787476,1.0
-18.0,50,8496.321365,1.0
-7.0,50,8496.857429,1.0
0.0,50,8497.408916,1.0
-5.0,50,8497.940936,1.0
-22.0,50,8498.472233,1.0
-9.0,50,8499.016222,1.0
-5.0,50,8499.578393,1.0
-15.0,50,8500.114114,1.0
-4.0,50,8500.647873,1.0
-10.0,50,8501.179037,1.0
-11.0,50,8501.745784,1.0
-7.0,50,8502.277916,1.0
0.0,50,8502.805463,1.0
0.0,50,8503.33982,1.0
-26.0,50,8503.892038,1.0
-8.0,50,8504.42405,1.0
-9.0,50,8504.956401,1.0
-10.0,50,8505.497339,1.0
-10.0,50,8506.058422,1.0
-11.0,50,8506.591004,1.0
-25.0,50,8507.12826,1.0
-19.0,50,8507.670194,1.0
-17.0,50,8508.223223,1.0
-15.0,50,8508.763314,1.0
0.0,50,8509.305296,1.0
-17.0,50,8509.839828,1.0
-13.0,50,8510.398072,1.0
-14.0,50,8510.933369,1.0
-10.0,50,8511.466137,1.0
-9.0,50,8512.001983,1.0
-12.0,50,8512.559258,1.0
-5.0,50,8513.088491,1.0
-10.0,50,8513.618909,1.0
-14.0,50,8514.152092,1.0
-9.0,50,8514.70007,1.0
-11.0,50,8515.231041,1.0
-14.0,50,8515.767104,1.0
-32.0,50,8516.303154,1.0
-14.0,50,8516.858982,1.0
-8.0,50,8517.396147,1.0
-11.0,50,8517.928286,1.0
0.0,50,8518.463819,1.0
-7.0,50,8519.022038,1.0
-7.0,50,8519.548523,1.0
-7.0,50,8520.075827,1.0
-8.0,50,8520.618286,1.0
0.0,50,8521.1788,1.0
-15.0,50,8521.717291,1.0
-7.0,50,8522.264439,1.0
-6.0,50,8522.800974,1.0
-20.0,50,8523.352823,1.0
-6.0,50,8523.891508,1.0
-7.0,50,8524.432427,1.0
-10.0,50,8524.971636,1.0
-5.0,50,8525.531147,1.0
-6.0,50,8526.066885,1.0
-10.0,50,8526.602714,1.0
-18.0,50,8527.135132,1.0
-5.0,50,8527.676033,1.0
0.0,50,8528.202044,1.0
-9.0,50,8528.720256,1.0
-13.0,50,8529.244848,1.0
-10.0,50,8529.791297,1.0
-4.0,50,8530.309979,1.0
-13.0,50,8530.832691,1.0
-8.0,50,8531.365795,1.0
-9.0,50,8531.911836,1.0
-7.0,50,8532.43762,1.0
-11.0,50,8532.969568,1.0
-11.0,50,8533.503089,1.0
-12.0,50,8534.054609,1.0
-9.0,50,8534.580232,1.0
-24.0,50,8535.102299,1.0
-10.0,50,8535.623209,1.0
-9.0,50,8536.173234,1.0
-16.0,50,8536.697955,1.0
-8.0,50,8537.223912,1.0
-6.0,50,8537.74882,1.0
-10.0,50,8538.312051,1.0
-11.0,50,8538.848813,1.0
-10.0,50,8539.386335,1.0
-6.0,50,8539.923482,1.0
-5.0,50,8540.472034,1.0
-11.0,50,8541.006345,1.0
-9.0,50,8541.538134,1.0
-15.0,50,8542.07208,1.0
-11.0,50,8542.618625,1.0
-12.0,50,8543.154578,1.0
-3.0,50,8543.690349,1.0
-11.0,50,8544.227848,1.0
-12.0,50,8544.78156,1.0
-7.0,50,8545.314807,1.0
-9.0,50,8545.848932,1.0
-12.0,50,8546.379759,1.0
-15.0,50,8546.928015,1.0
-7.0,50,8547.457432,1.0
0.0,50,8548.000244,1.0
-8.0,50,8548.529141,1.0
-9.0,50,8549.079159,1.0
-16.0,50,8549.61717,1.0
0.0,50,8550.147654,1.0
-9.0,50,8550.682428,1.0
-7.0,50,8551.227903,1.0
-12.0,50,8551.767458,1.0
-6.0,50,8552.305878,1.0
-6.0,50,8552.850141,1.0
-9.0,50,8553.399077,1.0
-7.0,50,8553.938664,1.0
-8.0,50,8554.475381,1.0
-44.0,50,8555.011716,1.0
-11.0,50,8555.565524,1.0
-15.0,50,8556.100147,1.0
-6.0,50,8556.635255,1.0
-11.0,50,8557.165994,1.0
-10.0,50,8557.712191,1.0
-8.0,50,8558.251675,1.0
-20.0,50,8558.778425,1.0
-8.0,50,8559.303166,1.0
-4.0,50,8559.84713,1.0
-4.0,50,8560.385892,1.0
-13.0,50,8560.922122,1.0
-8.0,50,8561.456336,1.0
-15.0,50,8562.010501,1.0
-9.0,50,8562.555198,1.0
-8.0,50,8563.097142,1.0
-14.0,50,8563.630241,1.0
-12.0,50,8564.180326,1.0
0.0,50,8564.71499,1.0
-11.0,50,8565.252225,1.0
-11.0,50,8565.792059,1.0
-6.0,50,8568.663112,1.0
-12.0,50,8569.197342,1.0
-21.0,50,8569.737597,1.0
-9.0,50,8570.279535,1.0
-9.0,50,8570.845645,1.0
-13.0,50,8571.389443,1.0
-19.0,50,8571.934345,1.0
-6.0,50,8572.469281,1.0
-11.0,50,8573.029236,1.0
-12.0,50,8573.561192,1.0
-8.0,50,8574.089611,1.0
-4.0,50,8574.622458,1.0
-11.0,50,8575.16714,1.0
-13.0,50,8575.698353,1.0
0.0,50,8576.229747,1.0
-14.0,50,8576.761832,1.0
-12.0,50,8577.316029,1.0
-9.0,50,8577.850196,1.0
-6.0,50,8578.386271,1.0
-9.0,50,8578.92431,1.0
-11.0,50,8579.479113,1.0
-4.0,50,8580.009618,1.0
0.0,50,8580.54676,1.0
-13.0,50,8581.078856,1.0
-14.0,50,8581.627801,1.0
-8.0,50,8582.161145,1.0
-6.0,50,8582.697825,1.0
-15.0,50,8583.235855,1.0
-15.0,50,8583.798226,1.0
-10.0,50,8584.338403,1.0
-22.0,50,8584.875872,1.0
-9.0,50,8585.414342,1.0
-10.0,50,8585.962217,1.0
-8.0,50,8586.494744,1.0
-8.0,50,8587.027097,1.0
-7.0,50,8587.558201,1.0
-11.0,50,8588.111366,1.0
-15.0,50,8588.642321,1.0
-12.0,50,8589.176322,1.0
-7.0,50,8589.715705,1.0
-4.0,50,8590.277562,1.0
-8.0,50,8590.812109,1.0
-12.0,50,8591.350611,1.0
-10.0,50,8591.889945,1.0
-6.0,50,8592.45206,1.0
-15.0,50,8592.983689,1.0
-12.0,50,8593.508147,1.0
-12.0,50,8594.038898,1.0
-11.0,50,8594.580302,1.0
-9.0,50,8595.110726,1.0
-11.0,50,8595.636596,1.0
-10.0,50,8596.162541,1.0
-10.0,50,8596.728688,1.0
-12.0,50,8597.26446,1.0
-14.0,50,8597.798315,1.0
-9.0,50,8598.339953,1.0
-14.0,50,8598.889146,1.0
-13.0,50,8599.420464,1.0
-14.0,50,8599.953938,1.0
-7.0,50,8600.487577,1.0
-6.0,50,8601.037536,1.0
-11.0,50,8601.569766,1.0
-7.0,50,8602.102584,1.0
-5.0,50,8602.636446,1.0
-15.0,50,8603.197576,1.0
-9.0,50,8603.727662,1.0
-8.0,50,8604.24884,1.0
-12.0,50,8604.775569,1.0
-7.0,50,8605.312642,1.0
-8.0,50,8605.835183,1.0
0.0,50,8606.357743,1.0
-21.0,50,8606.88559,1.0
-12.0,50,8607.426169,1.0
-7.0,50,8607.94914,1.0
-4.0,50,8608.472232,1.0
-11.0,50,8608.995408,1.0
-15.0,50,8609.562148,1.0
-9.0,50,8610.089438,1.0
-11.0,50,8610.618024,1.0
-11.0,50,8611.137403,1.0
-10.0,50,8611.684178,1.0
-13.0,50,8612.215246,1.0
-5.0,50,8612.745171,1.0
-7.0,50,8613.277334,1.0
-9.0,50,8613.827379,1.0
-27.0,50,8614.365837,1.0
-14.0,50,8614.908861,1.0
-14.0,50,8615.44465,1.0
-15.0,50,8615.998672,1.0
-13.0,50,8616.533444,1.0
-15.0,50,8617.065845,1.0
-11.0,50,8617.606528,1.0
-9.0,50,8618.169568,1.0
-9.0,50,8618.706468,1.0
-12.0,50,8619.25267,1.0
-10.0,50,8619.792731,1.0
-6.0,50,8620.359385,1.0
-9.0,50,8620.896402,1.0
-11.0,50,8621.433363,1.0
-6.0,50,8621.974965,1.0
-13.0,50,8622.523727,1.0
-14.0,50,8623.062489,1.0
0.0,50,8623.602098,1.0
-6.0,50,8624.137864,1.0
-7.0,50,8624.693774,1.0
-7.0,50,8625.233449,1.0
-12.0,50,8625.773918,1.0
-13.0,50,8626.310111,1.0
-8.0,50,8626.8582,1.0
-27.0,50,8627.396502,1.0
-10.0,50,8627.93088,1.0
-9.0,50,8628.470371,1.0
-6.0,50,8629.030077,1.0
-11.0,50,8629.565187,1.0
-7.0,50,8630.100223,1.0
-10.0,50,8630.632578,1.0
-7.0,50,8631.180533,1.0
-15.0,50,8631.713028,1.0
-13.0,50,8632.246539,1.0
-15.0,50,8632.786038,1.0
-8.0,50,8633.349188,1.0
-14.0,50,8633.878151,1.0
-6.0,50,8634.420064,1.0
-5.0,50,8634.950345,1.0
-11.0,50,8635.50556,1.0
-7.0,50,8636.047867,1.0
-5.0,50,8636.591449,1.0
-8.0,50,8637.128829,1.0
-9.0,50,8637.687006,1.0
0.0,50,8638.223769,1.0
-12.0,50,8638.76771,1.0
-8.0,50,8639.30567,1.0
-9.0,50,8639.863981,1.0
-10.0,50,8640.397497,1.0
-9.0,50,8640.941578,1.0
-8.0,50,8641.479301,1.0
-8.0,50,8642.021751,1.0
-12.0,50,8642.560526,1.0
-9.0,50,8643.100626,1.0
-8.0,50,8643.642586,1.0
-12.0,50,8644.196959,1.0
-8.0,50,8644.73636,1.0
-10.0,50,8645.278957,1.0
-12.0,50,8645.821024,1.0
-11.0,50,8646.372517,1.0
-12.0,50,8646.903961,1.0
-22.0,50,8647.436296,1.0
-12.0,50,8647.967748,1.0
-11.0,50,8648.521383,1.0
-31.0,50,8649.062647,1.0
-8.0,50,8649.600567,1.0
-7.0,50,8650.1415,1.0
-18.0,50,8650.687954,1.0
-19.0,50,8651.223042,1.0
-15.0,50,8651.757689,1.0
-17.0,50,8652.310456,1.0
-19.0,50,8652.872549,1.0
-13.0,50,8653.412332,1.0
-43.0,50,8653.952198,0.0
-7.0,50,8654.490902,1.0
-7.0,50,8655.054954,1.0
-9.0,50,8655.593223,1.0
-11.0,50,8656.1385,1.0
-12.0,50,8656.67906,1.0
-8.0,50,8657.238771,1.0
-15.0,50,8657.783836,1.0
-13.0,50,8658.327842,1.0
-7.0,50,8658.874782,1.0
-12.0,50,8659.445088,1.0
-15.0,50,8659.984368,1.0
-16.0,50,8660.527665,1.0
-8.0,50,8661.061261,1.0
-8.0,50,8661.624007,1.0
-15.0,50,8662.159666,1.0
-11.0,50,8662.693455,1.0
-5.0,50,8663.226731,1.0
-12.0,50,8663.783747,1.0
-17.0,50,8664.318964,1.0
-6.0,50,8664.856869,1.0
-17.0,50,8665.400097,1.0
-11.0,50,8665.986923,1.0
-4.0,50,8666.531369,1.0
-11.0,50,8667.066921,1.0
0.0,50,8667.608305,1.0
-8.0,50,8668.17255,1.0
-8.0,50,8668.709914,1.0
-7.0,50,8669.244884,1.0
-14.0,50,8669.78888,1.0
-9.0,50,8670.333249,1.0
-16.0,50,8670.87801,1.0
0.0,50,8671.416562,1.0
-12.0,50,8671.953889,1.0
-17.0,50,8672.503698,1.0
-13.0,50,8673.041438,1.0
-15.0,50,8673.582079,1.0
-14.0,50,8674.123178,1.0
0.0,50,8674.677439,1.0
-12.0,50,8675.214932,1.0
-8.0,50,8675.752892,1.0
-7.0,50,8676.28748,1.0
-18.0,50,8679.183004,1.0
-12.0,50,8679.726439,1.0
-11.0,50,8680.254621,1.0
-12.0,50,8680.782893,1.0
-10.0,50,8681.344361,1.0
-12.0,50,8681.877611,1.0
-15.0,50,8682.41779,1.0
-12.0,50,8682.948706,1.0
0.0,50,8683.507137,1.0
0.0,50,8684.049292,1.0
-10.0,50,8684.58874,1.0
-17.0,50,8685.120715,1.0
-11.0,50,8685.671119,1.0
-9.0,50,8686.203963,1.0
-13.0,50,8686.742032,1.0
-8.0,50,8687.278965,1.0
-10.0,50,8687.833222,1.0
-33.0,50,8688.373051,1.0
-10.0,50,8688.90685,1.0
-13.0,50,8689.444966,1.0
-47.0,50,8689.993772,1.0
-15.0,50,8690.52756,1.0
-6.0,50,8691.059359,1.0
-13.0,50,8691.596432,1.0
-12.0,50,8692.151208,1.0
-11.0,50,8692.682361,1.0
-5.0,50,8693.214664,1.0
-13.0,50,8693.746963,1.0
-6.0,50,8694.310368,1.0
0.0,50,8694.849162,1.0
-14.0,50,8695.388396,1.0
-13.0,50,8695.927519,1.0
-8.0,50,8696.481633,1.0
-11.0,50,8697.018428,1.0
-6.0,50,8697.54952,1.0
-15.0,50,8698.085246,1.0
-14.0,50,8698.640381,1.0
-15.0,50,8699.174774,1.0
-7.0,50,8699.711095,1.0
-13.0,50,8700.24571,1.0
0.0,50,8700.795756,1.0
-11.0,50,8701.330944,1.0
-10.0,50,8701.858946,1.0
-17.0,50,8702.389259,1.0
-12.0,50,8702.940914,1.0
-14.0,50,8703.468386,1.0
-8.0,50,8703.989527,1.0
-5.0,50,8704.51872,1.0
-10.0,50,8705.070977,1.0
-12.0,50,8705.60177,1.0
-13.0,50,8706.125109,1.0
-13.0,50,8706.650502,1.0
0.0,50,8707.209936,1.0
-22.0,50,8707.72866,1.0
-11.0,50,8708.253654,1.0
-11.0,50,8708.77347,1.0
-9.0,50,8709.311822,1.0
-7.0,50,8709.83506,1.0
-6.0,50,8710.356564,1.0
-13.0,50,8710.880659,1.0
-8.0,50,8711.423024,1.0
-20.0,50,8711.961688,1.0
-11.0,50,8712.496353,1.0
0.0,50,8713.027309,1.0
-11.0,50,8713.576465,1.0
-17.0,50,8714.113809,1.0
-13.0,50,8714.646691,1.0
0.0,50,8715.182839,1.0
-6.0,50,8715.730749,1.0
-13.0,50,8716.262438,1.0
-8.0,50,8716.796616,1.0
-10.0,50,8717.33252,1.0
-13.0,50,8717.886225,1.0
-15.0,50,8718.417097,1.0
-14.0,50,8718.957113,1.0
-10.0,50,8719.495892,1.0
0.0,50,8720.048379,1.0
-10.0,50,8720.583446,1.0
-19.0,50,8721.114084,1.0
-7.0,50,8721.653353,1.0
-13.0,50,8722.205395,1.0
-30.0,50,8722.739615,1.0
-3.0,50,8723.270115,1.0
-9.0,50,8723.80528,1.0
-19.0,50,8724.357035,1.0
-12.0,50,8724.893725,1.0
-5.0,50,8725.433103,1.0
-6.0,50,8725.966949,1.0
-10.0,50,8726.527874,1.0
-8.0,50,8727.061535,1.0
-14.0,50,8727.595211,1.0
-15.0,50,8728.129659,1.0
-6.0,50,8728.687881,1.0
-4.0,50,8729.222993,1.0
-5.0,50,8729.761539,1.0
-8.0,50,8730.296488,1.0
-11.0,50,8730.842813,1.0
-50.0,50,8731.378377,0.0
-6.0,50,8731.916629,1.0
-13.0,50,8732.449796,1.0
-19.0,50,8733.001992,1.0
-9.0,50,8733.539067,1.0
-23.0,50,8734.074277,1.0
0.0,50,8734.615598,1.0
-12.0,50,8735.162395,1.0
0.0,50,8735.699676,1.0
-7.0,50,8736.239674,1.0
-12.0,50,8736.770359,1.0
-13.0,50,8737.320751,1.0
-12.0,50,8737.865562,1.0
-11.0,50,8738.405438,1.0
-7.0,50,8738.942541,1.0
-8.0,50,8739.502474,1.0
-7.0,50,8740.045411,1.0
-15.0,50,8740.581683,1.0
0.0,50,8741.117396,1.0
-12.0,50,8741.671765,1.0
-7.0,50,8742.209249,1.0
0.0,50,8742.749816,1.0
-5.0,50,8743.289288,1.0
-7.0,50,8743.845389,1.0
-15.0,50,8744.383825,1.0
-5.0,50,8744.919947,1.0
-9.0,50,8745.457285,1.0
-12.0,50,8746.01032,1.0
-7.0,50,8746.544174,1.0
-9.0,50,8747.079503,1.0
-11.0,50,8747.613682,1.0
-11.0,50,8748.169917,1.0
-14.0,50,8748.704845,1.0
-11.0,50,8749.241516,1.0
-7.0,50,8749.779708,1.0
-9.0,50,8750.34246,1.0
-8.0,50,8750.877591,1.0
-10.0,50,8751.411958,1.0
-14.0,50,8751.954428,1.0
-8.0,50,8752.503023,1.0
-9.0,50,8753.0431,1.0
-9.0,50,8753.580881,1.0
-9.0,50,8754.119763,1.0
-12.0,50,8754.675931,1.0
-8.0,50,8755.212039,1.0
-4.0,50,8755.751498,1.0
-12.0,50,8756.288994,1.0
-10.0,50,8756.835977,1.0
-6.0,50,8757.364129,1.0
-15.0,50,8757.892544,1.0
-10.0,50,8758.428119,1.0
-11.0,50,8758.985139,1.0
-7.0,50,8759.520483,1.0
-12.0,50,8760.055451,1.0
-44.0,50,8760.596857,0.0
0.0,50,8761.146897,1.0
-13.0,50,8761.686735,1.0
-6.0,50,8762.220791,1.0
-8.0,50,8762.757828,1.0
-10.0,50,8763.316722,1.0
-11.0,50,8763.851364,1.0
-7.0,50,8764.387274,1.0
-14.0,50,8764.921717,1.0
-27.0,50,8765.474896,1.0
-26.0,50,8766.014311,1.0
-8.0,50,8766.550936,1.0
-6.0,50,8767.085199,1.0
-13.0,50,8767.641881,1.0
-15.0,50,8768.177506,1.0
-13.0,50,8768.713477,1.0
-14.0,50,8769.243254,1.0
-18.0,50,8769.797252,1.0
-10.0,50,8770.334139,1.0
-12.0,50,8770.871287,1.0
-12.0,50,8771.403074,1.0
-4.0,50,8771.953261,1.0
-10.0,50,8772.488295,1.0
-11.0,50,8773.024233,1.0
-9.0,50,8773.561393,1.0
0.0,50,8774.113372,1.0
-12.0,50,8774.651989,1.0
-13.0,50,8775.18842,1.0
0.0,50,8775.725831,1.0
-13.0,50,8776.280464,1.0
-10.0,50,8776.81507,1.0
-13.0,50,8777.351998,1.0
-10.0,50,8777.887362,1.0
-5.0,50,8778.440589,1.0
-9.0,50,8778.974788,1.0
-7.0,50,8779.511312,1.0
-8.0,50,8780.050049,1.0
-14.0,50,8780.602144,1.0
-2.0,50,8781.137355,1.0
-12.0,50,8781.665929,1.0
-9.0,50,8782.189682,1.0
-13.0,50,8782.762574,1.0
-13.0,50,8783.289381,1.0
-12.0,50,8783.822108,1.0
-11.0,50,8784.348104,1.0
-12.0,50,8784.898033,1.0
0.0,50,8785.418348,1.0
-11.0,50,8785.943241,1.0
-12.0,50,8786.476557,1.0
-11.0,50,8789.304704,1.0
-11.0,50,8789.845523,1.0
-10.0,50,8790.387708,1.0
-10.0,50,8790.92556,1.0
-8.0,50,8791.477315,1.0
-11.0,50,8792.013096,1.0
-5.0,50,8792.546393,1.0
-12.0,50,8793.07908,1.0
-21.0,50,8793.634228,1.0
-7.0,50,8794.168855,1.0
-15.0,50,8794.704567,1.0
-8.0,50,8795.241239,1.0
-12.0,50,8795.79769,1.0
-14.0,50,8796.339821,1.0
-9.0,50,8796.875703,1.0
-11.0,50,8797.413165,1.0
-4.0,50,8797.968053,1.0
-9.0,50,8798.507647,1.0
-11.0,50,8799.049304,1.0
-14.0,50,8799.586896,1.0
-12.0,50,8800.141799,1.0
-9.0,50,8800.674162,1.0
-8.0,50,8801.21008,1.0
-8.0,50,8801.740592,1.0
-11.0,50,8802.296323,1.0
-11.0,50,8802.838733,1.0
-4.0,50,8803.380576,1.0
-20.0,50,8803.921798,1.0
-9.0,50,8804.473909,1.0
0.0,50,8805.006897,1.0
-8.0,50,8805.544271,1.0
-7.0,50,8806.085254,1.0
-11.0,50,8806.634982,1.0
-12.0,50,8807.16962,1.0
-9.0,50,8807.711812,1.0
-7.0,50,8808.242971,1.0
-10.0,50,8808.800464,1.0
-10.0,50,8809.338185,1.0
-6.0,50,8809.872078,1.0
-12.0,50,8810.413362,1.0
-11.0,50,8810.978575,1.0
-10.0,50,8811.519028,1.0
-50.0,50,8812.050677,0.0
0.0,50,8812.586296,1.0
-8.0,50,8813.141883,1.0
-9.0,50,8813.674802,1.0
-13.0,50,8814.211128,1.0
-5.0,50,8814.74805,1.0
-12.0,50,8815.305187,1.0
-11.0,50,8815.849698,1.0
-8.0,50,8816.382741,1.0
-8.0,50,8816.922838,1.0
-10.0,50,8817.479335,1.0
-10.0,50,8818.011497,1.0
-11.0,50,8818.549311,1.0
0.0,50,8819.082916,1.0
-12.0,50,8819.628302,1.0
-10.0,50,8820.162465,1.0
-8.0,50,8820.694675,1.0
-7.0,50,8821.227055,1.0
-4.0,50,8821.770882,1.0
-15.0,50,8822.302783,1.0
-10.0,50,8822.830491,1.0
-5.0,50,8823.360998,1.0
-9.0,50,8823.913145,1.0
-10.0,50,8824.436551,1.0
0.0,50,8824.967561,1.0
-13.0,50,8825.497321,1.0
-13.0,50,8826.03565,1.0
-9.0,50,8826.566493,1.0
-14.0,50,8827.100292,1.0
0.0,50,8827.625097,1.0
-9.0,50,8828.170412,1.0
-5.0,50,8828.691208,1.0
-12.0,50,8829.219836,1.0
-6.0,50,8829.754496,1.0
-12.0,50,8830.299189,1.0
-13.0,50,8830.837196,1.0
-24.0,50,8831.371367,1.0
-12.0,50,8831.897557,1.0
-9.0,50,8832.459292,1.0
-7.0,50,8832.985698,1.0
-13.0,50,8833.514231,1.0
-7.0,50,8834.040524,1.0
-8.0,50,8834.612563,1.0
-6.0,50,8835.142188,1.0
-6.0,50,8835.678354,1.0
-6.0,50,8836.212951,1.0
-8.0,50,8836.771947,1.0
-9.0,50,8837.297744,1.0
-11.0,50,8837.830152,1.0
-28.0,50,8838.368388,1.0
-9.0,50,8838.918345,1.0
-13.0,50,8839.443105,1.0
-8.0,50,8839.970408,1.0
-10.0,50,8840.491466,1.0
-14.0,50,8841.046349,1.0
-15.0,50,8841.571355,1.0
0.0,50,8842.096307,1.0
-13.0,50,8842.626344,1.0
-9.0,50,8843.207424,1.0
-11.0,50,8843.74803,1.0
-7.0,50,8844.282377,1.0
-6.0,50,8844.818642,1.0
-15.0,50,8845.385993,1.0
-11.0,50,8845.923845,1.0
-13.0,50,8846.454388,1.0
0.0,50,8846.990235,1.0
-13.0,50,8847.598538,1.0
0.0,50,8848.140276,1.0
-10.0,50,8848.676167,1.0
-15.0,50,8849.213572,1.0
-9.0,50,8849.777498,1.0
-10.0,50,8850.32318,1.0
-11.0,50,8850.857817,1.0
-11.0,50,8851.395942,1.0
-12.0,50,8851.968298,1.0
-13.0,50,8852.502023,1.0
-10.0,50,8853.035343,1.0
0.0,50,8853.566142,1.0
-8.0,50,8854.144274,1.0
-7.0,50,8854.682533,1.0
-6.0,50,8855.221629,1.0
-13.0,50,8855.76271,1.0
-9.0,50,8856.335779,1.0
-5.0,50,8856.867109,1.0
-13.0,50,8857.406148,1.0
-12.0,50,8857.950141,1.0
-4.0,50,8858.51248,1.0
-13.0,50,8859.041779,1.0
-7.0,50,8859.575489,1.0
-5.0,50,8860.104227,1.0
-12.0,50,8860.66506,1.0
-6.0,50,8861.190997,1.0
-16.0,50,8861.726555,1.0
-12.0,50,8862.262142,1.0
-6.0,50,8862.825017,1.0
-11.0,50,8863.359903,1.0
-13.0,50,8863.898578,1.0
-11.0,50,8864.434966,1.0
-11.0,50,8865.010267,1.0
-17.0,50,8865.553712,1.0
-16.0,50,8866.097442,1.0
-13.0,50,8866.639601,1.0
0.0,50,8867.199776,1.0
-10.0,50,8867.740919,1.0
-12.0,50,8868.280075,1.0
-6.0,50,8868.816762,1.0
-6.0,50,8869.37655,1.0
-11.0,50,8869.899297,1.0
-7.0,50,8870.423515,1.0
0.0,50,8870.94929,1.0
-17.0,50,8871.49925,1.0
-9.0,50,8872.023811,1.0
-14.0,50,8872.55566,1.0
0.0,50,8873.078272,1.0
-14.0,50,8873.626562,1.0
-7.0,50,8874.148301,1.0
-12.0,50,8874.676538,1.0
-12.0,50,8875.198483,1.0
-10.0,50,8875.74329,1.0
-11.0,50,8876.264289,1.0
-26.0,50,8876.785814,0.0
-18.0,50,8877.312787,1.0
-6.0,50,8877.865398,1.0
-14.0,50,8878.384544,1.0
-12.0,50,8878.908631,1.0
-12.0,50,8879.430588,1.0
-9.0,50,8879.975077,1.0
0.0,50,8880.505364,1.0
-48.0,50,8881.041056,0.0
-9.0,50,8881.573853,1.0
-4.0,50,8882.145443,1.0
-16.0,50,8882.68338,1.0
-11.0,50,8883.220249,1.0
0.0,50,8883.748174,1.0
-12.0,50,8884.291528,1.0
-26.0,50,8884.821291,1.0
-11.0,50,8885.35554,1.0
-13.0,50,8885.885288,1.0
-7.0,50,8886.474655,1.0
-8.0,50,8887.002151,1.0
-8.0,50,8887.524695,1.0
-8.0,50,8888.053491,1.0
-12.0,50,8888.59976,1.0
-13.0,50,8889.132505,1.0
-6.0,50,8889.654238,1.0
-5.0,50,8890.17386,1.0
-8.0,50,8890.710385,1.0
-11.0,50,8891.245185,1.0
-11.0,50,8891.773523,1.0
-6.0,50,8892.298311,1.0
-10.0,50,8892.84152,1.0
-14.0,50,8893.370762,1.0
-13.0,50,8893.893205,1.0
-11.0,50,8894.42233,1.0
-5.0,50,8894.973771,1.0
-7.0,50,8895.50031,1.0
-13.0,50,8896.022621,1.0
-8.0,50,8896.547125,1.0
-15.0,50,8899.382346,1.0
-6.0,50,8899.911391,1.0
-17.0,50,8900.445503,1.0
-14.0,50,8900.974729,1.0
-8.0,50,8901.526559,1.0
-9.0,50,8902.068686,1.0
-7.0,50,8902.61152,1.0
-19.0,50,8903.143262,1.0
-11.0,50,8903.703409,1.0
-9.0,50,8904.237029,1.0
-12.0,50,8904.763333,1.0
-15.0,50,8905.285658,1.0
-15.0,50,8905.837449,1.0
-6.0,50,8906.365366,1.0
-7.0,50,8906.905446,1.0
-17.0,50,8907.430866,1.0
-7.0,50,8907.986224,1.0
-6.0,50,8908.521484,1.0
-20.0,50,8909.064493,1.0
-7.0,50,8909.596678,1.0
-7.0,50,8910.157521,1.0
-9.0,50,8910.685257,1.0
-9.0,50,8911.224701,1.0
-12.0,50,8911.759623,1.0
-10.0,50,8912.322291,1.0
-11.0,50,8912.858929,1.0
-15.0,50,8913.397406,1.0
0.0,50,8913.920482,1.0
-11.0,50,8914.465717,1.0
-7.0,50,8914.984907,1.0
-16.0,50,8915.50557,1.0
0.0,50,8916.026707,1.0
-8.0,50,8916.585941,1.0
-13.0,50,8917.106485,1.0
-15.0,50,8917.631828,1.0
0.0,50,8918.150825,1.0
-11.0,50,8918.696577,1.0
-12.0,50,8919.225922,1.0
-6.0,50,8919.756906,1.0
-14.0,50,8920.284904,1.0
-11.0,50,8920.827939,1.0
-41.0,50,8921.351737,0.0
-12.0,50,8921.889637,1.0
-12.0,50,8922.428001,1.0
-12.0,50,8922.978112,1.0
-10.0,50,8923.510302,1.0
-7.0,50,8924.049159,1.0
-6.0,50,8924.58585,1.0
-5.0,50,8925.12896,1.0
-7.0,50,8925.661593,1.0
-11.0,50,8926.189508,1.0
-9.0,50,8926.719507,1.0
-8.0,50,8927.267256,1.0
-10.0,50,8927.800529,1.0
-10.0,50,8928.33589,1.0
-7.0,50,8928.876513,1.0
-11.0,50,8929.42028,1.0
-8.0,50,8929.953479,1.0
-12.0,50,8930.4854,0.0
-12.0,50,8931.013441,1.0
-12.0,50,8931.568589,1.0
-7.0,50,8932.093475,1.0
-13.0,50,8932.62823,1.0
0.0,50,8933.164123,1.0
-10.0,50,8933.719702,1.0
-10.0,50,8934.248843,1.0
-9.0,50,8934.778718,1.0
-19.0,50,8935.314766,1.0
-11.0,50,8935.862921,1.0
-10.0,50,8936.397777,1.0
-13.0,50,8936.925797,1.0
-13.0,50,8937.455632,1.0
-15.0,50,8938.003052,1.0
-9.0,50,8938.529769,1.0
-15.0,50,8939.058697,1.0
-6.0,50,8939.586007,1.0
-4.0,50,8940.146826,1.0
-5.0,50,8940.675296,1.0
-13.0,50,8941.204802,1.0
-8.0,50,8941.731603,1.0
-14.0,50,8942.27246,1.0
-4.0,50,8942.801897,1.0
-10.0,50,8943.330423,1.0
-6.0,50,8943.85954,1.0
-6.0,50,8944.404473,1.0
-13.0,50,8944.932588,1.0
-10.0,50,8945.462639,1.0
-8.0,50,8945.994956,1.0
-8.0,50,8946.537632,1.0
-10.0,50,8947.074975,1.0
-10.0,50,8947.611509,1.0
-9.0,50,8948.145226,1.0
-8.0,50,8948.69833,1.0
-13.0,50,8949.226188,1.0
-9.0,50,8949.753004,1.0
-11.0,50,8950.291991,1.0
-7.0,50,8950.835541,1.0
-11.0,50,8951.363689,1.0
-13.0,50,8951.903967,1.0
-13.0,50,8952.444769,1.0
-6.0,50,8952.986459,1.0
-13.0,50,8953.510515,1.0
0.0,50,8954.033676,1.0
-36.0,50,8954.556506,1.0
-10.0,50,8955.098638,1.0
-8.0,50,8955.63085,1.0
-14.0,50,8956.165019,1.0
-10.0,50,8956.703287,1.0
-7.0,50,8957.262277,1.0
-17.0,50,8957.798665,1.0
-14.0,50,8958.325582,1.0
-11.0,50,8958.852678,1.0
-11.0,50,8959.413077,1.0
-15.0,50,8959.948443,1.0
-10.0,50,8960.483984,1.0
-11.0,50,8961.0212,1.0
-13.0,50,8961.568021,1.0
-14.0,50,8962.091003,1.0
-7.0,50,8962.616509,1.0
0.0,50,8963.146504,1.0
-12.0,50,8963.704725,1.0
-9.0,50,8964.235363,1.0
-1.0,50,8964.758631,1.0
-15.0,50,8965.285021,1.0
-12.0,50,8965.833768,1.0
-6.0,50,8966.359062,1.0
-5.0,50,8966.88298,1.0
-16.0,50,8967.40343,1.0
-6.0,50,8967.943845,1.0
0.0,50,8968.468469,1.0
-10.0,50,8968.989517,1.0
-13.0,50,8969.508709,1.0
-22.0,50,8970.047815,1.0
-19.0,50,8970.575175,1.0
-17.0,50,8971.099041,1.0
-8.0,50,8971.621405,1.0
-11.0,50,8972.173174,1.0
0.0,50,8972.699875,1.0
-11.0,50,8973.234055,1.0
-11.0,50,8973.766726,1.0
-17.0,50,8974.314762,1.0
-6.0,50,8974.840638,1.0
-12.0,50,8975.363174,1.0
0.0,50,8975.88553,1.0
-9.0,50,8976.436688,1.0
-16.0,50,8976.965132,1.0
-10.0,50,8977.505298,1.0
-12.0,50,8978.037693,1.0
-10.0,50,8978.614916,1.0
-11.0,50,8979.147034,1.0
-9.0,50,8979.685078,1.0
-9.0,50,8980.222627,1.0
-5.0,50,8980.794622,1.0
-13.0,50,8981.334815,1.0
-11.0,50,8981.8724,1.0
-11.0,50,8982.412653,1.0
-15.0,50,8982.968013,1.0
-31.0,50,8983.496932,1.0
-8.0,50,8984.021616,1.0
-18.0,50,8984.55093,1.0
0.0,50,8985.116759,1.0
-12.0,50,8985.642695,1.0
-4.0,50,8986.169915,1.0
-5.0,50,8986.697292,1.0
-11.0,50,8987.2649,1.0
-8.0,50,8987.796508,1.0
-10.0,50,8988.336022,1.0
-12.0,50,8988.868231,1.0
-15.0,50,8989.431633,1.0
-12.0,50,8989.969065,1.0
-9.0,50,8990.511171,1.0
-11.0,50,8991.055505,1.0
-10.0,50,8991.627835,1.0
-8.0,50,8992.170744,1.0
-15.0,50,8992.708681,1.0
-6.0,50,8993.241483,1.0
-12.0,50,8993.785241,1.0
-7.0,50,8994.314104,1.0
-8.0,50,8994.836221,1.0
0.0,50,8995.358062,1.0
-46.0,50,8995.917094,0.0
-14.0,50,8996.442256,1.0
-8.0,50,8996.974513,1.0
-9.0,50,8997.499904,1.0
-11.0,50,8998.049541,1.0
-3.0,50,8998.579286,1.0
-13.0,50,8999.102696,1.0
-11.0,50,8999.622894,1.0
-18.0,50,9000.186269,1.0
-11.0,50,9000.725688,1.0
-11.0,50,9001.255598,1.0
-11.0,50,9001.798951,1.0
-12.0,50,9002.356671,1.0
-9.0,50,9002.89227,1.0
-6.0,50,9003.417783,1.0
-9.0,50,9003.949657,1.0
-15.0,50,9004.508786,1.0
-10.0,50,9005.04378,1.0
-12.0,50,9005.571614,1.0
-5.0,50,9006.103791,1.0
-6.0,50,9008.898092,1.0
-5.0,50,9009.427149,1.0
-7.0,50,9009.95768,1.0
-12.0,50,9010.483597,1.0
-14.0,50,9011.023779,1.0
-5.0,50,9011.547089,1.0
-11.0,50,9012.073901,1.0
-13.0,50,9012.605611,1.0
-6.0,50,9013.147201,1.0
-15.0,50,9013.676337,1.0
-9.0,50,9014.199585,1.0
-12.0,50,9014.73578,1.0
-22.0,50,9015.315189,1.0
-12.0,50,9015.849221,1.0
-10.0,50,9016.375829,1.0
-12.0,50,9016.910746,1.0
-14.0,50,9017.463356,1.0
-11.0,50,9018.002069,1.0
-10.0,50,9018.531127,1.0
0.0,50,9019.05354,1.0
-7.0,50,9019.598813,1.0
-8.0,50,9020.129838,1.0
-16.0,50,9020.654733,1.0
-12.0,50,9021.183336,1.0
-10.0,50,9021.735008,1.0
-50.0,50,9022.270235,0.0
-4.0,50,9022.798183,1.0
-17.0,50,9023.321241,1.0
-5.0,50,9023.860785,1.0
0.0,50,9024.382232,1.0
-10.0,50,9024.912998,1.0
0.0,50,9025.437847,1.0
-11.0,50,9025.99483,1.0
-7.0,50,9026.516877,1.0
-14.0,50,9027.042804,1.0
-20.0,50,9027.56718,1.0
-14.0,50,9028.109646,1.0
-11.0,50,9028.632199,1.0
-6.0,50,9029.152692,1.0
-12.0,50,9029.674878,1.0
-11.0,50,9030.225275,1.0
-16.0,50,9030.750222,1.0
-7.0,50,9031.278164,1.0
-8.0,50,9031.80196,1.0
-9.0,50,9032.342097,1.0
-13.0,50,9032.866984,1.0
-15.0,50,9033.397011,1.0
-13.0,50,9033.923194,1.0
-11.0,50,9034.461491,1.0
-11.0,50,9034.983981,1.0
-11.0,50,9035.513757,1.0
-13.0,50,9036.040494,1.0
-7.0,50,9036.582219,1.0
-11.0,50,9037.106646,1.0
-10.0,50,9037.636225,1.0
-11.0,50,9038.163357,1.0
-10.0,50,9038.719518,1.0
-19.0,50,9039.249221,1.0
-13.0,50,9039.774233,1.0
-6.0,50,9040.300228,1.0
-13.0,50,9040.849781,1.0
-10.0,50,9041.382761,1.0
-17.0,50,9041.913141,1.0
-10.0,50,9042.443057,1.0
-2.0,50,9043.009702,1.0
-15.0,50,9043.534937,1.0
-9.0,50,9044.056982,1.0
-13.0,50,9044.582191,1.0
-11.0,50,9045.134943,1.0
-16.0,50,9045.657959,1.0
-5.0,50,9046.186132,1.0
-15.0,50,9046.710404,1.0
-10.0,50,9047.271146,1.0
-14.0,50,9047.808885,1.0
-11.0,50,9048.344512,1.0
-17.0,50,9048.880206,1.0
-11.0,50,9049.424909,1.0
-8.0,50,9049.961574,1.0
-14.0,50,9050.494386,1.0
-9.0,50,9051.027396,1.0
-8.0,50,9051.574476,1.0
-10.0,50,9052.108362,1.0
-10.0,50,9052.646814,1.0
-9.0,50,9053.181222,1.0
-6.0,50,9053.720005,1.0
-12.0,50,9054.243231,1.0
0.0,50,9054.771448,1.0
-6.0,50,9055.292747,1.0
-12.0,50,9055.836899,1.0
-11.0,50,9056.362106,1.0
-7.0,50,9056.886958,1.0
-8.0,50,9057.418972,1.0
-14.0,50,9057.972782,1.0
-7.0,50,9058.503837,1.0
-18.0,50,9059.039479,1.0
-14.0,50,9059.57388,1.0
-6.0,50,9060.129545,1.0
-10.0,50,9060.66769,1.0
0.0,50,9061.211759,1.0
-3.0,50,9061.748825,1.0
-13.0,50,9062.300873,1.0
-35.0,50,9062.845764,1.0
-12.0,50,9063.382404,1.0
-10.0,50,9063.918144,1.0
-13.0,50,9064.483954,1.0
-15.0,50,9065.023151,1.0
0.0,50,9065.55729,1.0
-12.0,50,9066.099138,1.0
-10.0,50,9066.652289,1.0
-7.0,50,9067.194566,1.0
-7.0,50,9067.732521,1.0
-12.0,50,9068.265579,1.0
-9.0,50,9068.833373,1.0
-6.0,50,9069.374604,1.0
-9.0,50,9069.921271,1.0
-13.0,50,9070.459769,1.0
-20.0,50,9071.017362,1.0
-5.0,50,9071.560567,1.0
-16.0,50,9072.09127,1.0
-20.0,50,9072.623627,1.0
-7.0,50,9073.176967,1.0
-8.0,50,9073.702278,1.0
-9.0,50,9074.235527,1.0
-11.0,50,9074.768828,1.0
-8.0,50,9075.313476,1.0
-9.0,50,9075.845287,1.0
-11.0,50,9076.375552,1.0
-12.0,50,9076.902354,1.0
-10.0,50,9077.46993,1.0
-8.0,50,9077.99652,1.0
-12.0,50,9078.519077,1.0
-6.0,50,9079.04306,1.0
-11.0,50,9079.587413,1.0
-12.0,50,9080.113034,1.0
-10.0,50,9080.637997,1.0
-9.0,50,9081.164676,1.0
-18.0,50,9081.713518,1.0
-10.0,50,9082.239497,1.0
-11.0,50,9082.768897,1.0
-7.0,50,9083.294027,1.0
-28.0,50,9083.84206,1.0
-10.0,50,9084.374039,1.0
0.0,50,9084.903249,1.0
-10.0,50,9085.427065,1.0
-9.0,50,9085.982916,1.0
-9.0,50,9086.513002,1.0
-5.0,50,9087.035865,1.0
-11.0,50,9087.567572,1.0
-7.0,50,9088.123361,1.0
-16.0,50,9088.64995,1.0
-12.0,50,9089.178483,1.0
-11.0,50,9089.712133,1.0
-19.0,50,9090.262611,1.0
-12.0,50,9090.789739,1.0
-7.0,50,9091.313078,1.0
-14.0,50,9091.840296,1.0
-11.0,50,9092.387018,1.0
0.0,50,9092.912921,1.0
-11.0,50,9093.439348,1.0
0.0,50,9093.963399,1.0
-11.0,50,9094.517432,1.0
-14.0,50,9095.042525,1.0
-17.0,50,9095.577238,1.0
-8.0,50,9096.100959,1.0
0.0,50,9096.660338,1.0
0.0,50,9097.183803,1.0
-6.0,50,9097.70827,1.0
-19.0,50,9098.235403,1.0
-10.0,50,9098.777256,1.0
-7.0,50,9099.305141,1.0
-9.0,50,9099.836128,1.0
-12.0,50,9100.360108,1.0
-11.0,50,9100.910057,1.0
-7.0,50,9101.437956,1.0
-10.0,50,9101.96523,1.0
-6.0,50,9102.496429,1.0
-13.0,50,9103.044534,1.0
-7.0,50,9103.570894,1.0
-20.0,50,9104.099393,1.0
-9.0,50,9104.625161,1.0
-21.0,50,9105.170307,1.0
0.0,50,9105.699606,1.0
-7.0,50,9106.227071,1.0
-35.0,50,9106.755574,1.0
-13.0,50,9107.298138,1.0
0.0,50,9107.824394,1.0
-7.0,50,9108.350345,1.0
-14.0,50,9108.877652,1.0
-12.0,50,9109.423587,1.0
-8.0,50,9109.949924,1.0
-7.0,50,9110.477594,1.0
-12.0,50,9111.011085,1.0
-11.0,50,9111.563514,1.0
-8.0,50,9112.09209,1.0
-10.0,50,9112.621508,1.0
-7.0,50,9113.152738,1.0
-15.0,50,9113.694487,1.0
-10.0,50,9114.225039,1.0
0.0,50,9114.748926,1.0
-11.0,50,9115.273627,1.0
-4.0,50,9118.051974,1.0
-9.0,50,9118.586551,1.0
-17.0,50,9119.114675,1.0
0.0,50,9119.639721,1.0
-4.0,50,9120.181641,1.0
-8.0,50,9120.717395,1.0
-15.0,50,9121.262047,1.0
-5.0,50,9121.798025,1.0
-11.0,50,9122.348645,1.0
-9.0,50,9122.885069,1.0
-7.0,50,9123.422616,1.0
-4.0,50,9123.963945,1.0
-32.0,50,9124.528617,1.0
0.0,50,9125.069563,1.0
-13.0,50,9125.615973,1.0
-18.0,50,9126.160804,1.0
-11.0,50,9126.728487,1.0
-11.0,50,9127.264702,1.0
-7.0,50,9127.803361,1.0
-6.0,50,9128.344347,1.0
-10.0,50,9128.898601,1.0
-10.0,50,9129.434836,1.0
-24.0,50,9129.975915,1.0
0.0,50,9130.510794,1.0
-15.0,50,9131.075307,1.0
-9.0,50,9131.613321,1.0
-25.0,50,9132.155971,1.0
-10.0,50,9132.699467,1.0
-13.0,50,9133.255025,1.0
-15.0,50,9133.797804,1.0
-10.0,50,9134.334971,1.0
-8.0,50,9134.870186,1.0
-23.0,50,9135.423519,1.0
-8.0,50,9135.959405,1.0
-12.0,50,9136.498386,1.0
-12.0,50,9137.033375,1.0
-14.0,50,9137.595293,1.0
-6.0,50,9138.130214,1.0
-12.0,50,9138.673954,1.0
-10.0,50,9139.209528,1.0
-14.0,50,9139.763505,1.0
-9.0,50,9140.302834,1.0
-11.0,50,9140.840967,1.0
-5.0,50,9141.378286,1.0
-8.0,50,9141.920798,1.0
-12.0,50,9142.441368,1.0
-8.0,50,9142.964044,1.0
-11.0,50,9143.487389,1.0
-10.0,50,9144.030704,1.0
-12.0,50,9144.554122,1.0
-9.0,50,9145.077029,1.0
-13.0,50,9145.605399,1.0
0.0,50,9146.146589,1.0
-15.0,50,9146.680938,1.0
-9.0,50,9147.213147,1.0
-7.0,50,9147.738606,1.0
-5.0,50,9148.282319,1.0
-13.0,50,9148.807096,1.0
0.0,50,9149.335969,1.0
-11.0,50,9149.861846,1.0
0.0,50,9150.413606,1.0
-11.0,50,9150.949477,1.0
-23.0,50,9151.487211,1.0
-10.0,50,9152.019346,1.0
-7.0,50,9152.589401,1.0
-7.0,50,9153.128384,1.0
0.0,50,9153.65965,1.0
-9.0,50,9154.192342,1.0
-12.0,50,9154.767413,1.0
-19.0,50,9155.304832,1.0
-9.0,50,9155.83379,1.0
-11.0,50,9156.376941,1.0
-16.0,50,9156.938059,1.0
-5.0,50,9157.469337,1.0
0.0,50,9157.996158,1.0
-10.0,50,9158.52319,1.0
-6.0,50,9159.082875,1.0
-13.0,50,9159.607388,1.0
-8.0,50,9160.126321,1.0
-16.0,50,9160.649378,1.0
-13.0,50,9161.204237,1.0
-8.0,50,9161.725124,1.0
-6.0,50,9162.248589,1.0
-18.0,50,9162.772789,1.0
-7.0,50,9163.311563,1.0
0.0,50,9163.844251,1.0
-11.0,50,9164.386235,1.0
-8.0,50,9164.912731,1.0
-13.0,50,9165.47044,1.0
-10.0,50,9166.00072,1.0
-20.0,50,9166.544548,1.0
-12.0,50,9167.090312,1.0
-10.0,50,9167.666025,1.0
0.0,50,9168.205117,1.0
-7.0,50,9168.743249,1.0
-9.0,50,9169.282112,1.0
-15.0,50,9169.850902,1.0
-8.0,50,9170.394739,1.0
-11.0,50,9170.945208,1.0
0.0,50,9171.487557,1.0
-11.0,50,9172.035876,1.0
-11.0,50,9172.56193,1.0
-9.0,50,9173.091837,1.0
-9.0,50,9173.620146,1.0
-14.0,50,9174.1718,1.0
-12.0,50,9174.703504,1.0
-10.0,50,9175.230361,1.0
-8.0,50,9175.75253,1.0
-11.0,50,9176.305687,1.0
-3.0,50,9176.829299,1.0
-28.0,50,9177.35315,1.0
-18.0,50,9177.881374,1.0
0.0,50,9178.429264,1.0
-21.0,50,9178.965218,1.0
-7.0,50,9179.492177,1.0
-20.0,50,9180.029857,1.0
0.0,50,9180.575624,1.0
-11.0,50,9181.10241,1.0
-9.0,50,9181.627398,1.0
-4.0,50,9182.161388,1.0
-14.0,50,9182.713895,1.0
-13.0,50,9183.242038,1.0
-13.0,50,9183.780803,1.0
-50.0,50,9184.309331,0.0
-24.0,50,9184.856393,1.0
-15.0,50,9185.382276,1.0
-8.0,50,9185.911907,1.0
-11.0,50,9186.438245,1.0
0.0,50,9186.988819,1.0
-5.0,50,9187.514464,1.0
0.0,50,9188.0416,1.0
-11.0,50,9188.57597,1.0
-14.0,50,9189.125173,1.0
-10.0,50,9189.649887,1.0
-13.0,50,9190.186861,1.0
-10.0,50,9190.712626,1.0
-9.0,50,9191.263721,1.0
-12.0,50,9191.793005,1.0
-10.0,50,9192.317455,1.0
-17.0,50,9192.842434,1.0
-7.0,50,9193.387781,1.0
-3.0,50,9193.914797,1.0
-9.0,50,9194.453982,1.0
-10.0,50,9194.980023,1.0
-8.0,50,9195.53276,1.0
-12.0,50,9196.06741,1.0
-7.0,50,9196.601677,1.0
-10.0,50,9197.13516,1.0
-12.0,50,9197.690944,1.0
-7.0,50,9198.227361,1.0
-5.0,50,9198.762052,1.0
0.0,50,9199.29567,1.0
-13.0,50,9199.848505,1.0
-21.0,50,9200.376004,1.0
-6.0,50,9200.905012,1.0
-13.0,50,9201.430375,1.0
-8.0,50,9201.983381,1.0
-12.0,50,9202.515946,1.0
-17.0,50,9203.04515,1.0
-19.0,50,9203.571334,1.0
-8.0,50,9204.119964,1.0
-22.0,50,9204.65163,1.0
-11.0,50,9205.178867,1.0
-13.0,50,9205.712547,1.0
-6.0,50,9206.265978,1.0
-7.0,50,9206.793756,1.0
-8.0,50,9207.320446,1.0
-9.0,50,9207.84461,1.0
-13.0,50,9208.393399,1.0
-12.0,50,9208.917685,1.0
-13.0,50,9209.441892,1.0
-15.0,50,9209.96928,1.0
-12.0,50,9210.52586,1.0
-17.0,50,9211.056488,1.0
-7.0,50,9211.595542,1.0
-8.0,50,9212.122461,1.0
-20.0,50,9212.676123,1.0
-14.0,50,9213.209141,1.0
-15.0,50,9213.740542,1.0
-9.0,50,9214.274653,1.0
-7.0,50,9214.835808,1.0
-10.0,50,9215.37498,1.0
-11.0,50,9215.921678,1.0
-13.0,50,9216.464071,1.0
-9.0,50,9217.027632,1.0
-6.0,50,9217.576627,1.0
-8.0,50,9218.119647,1.0
-13.0,50,9218.666045,1.0
-14.0,50,9219.239996,1.0
-3.0,50,9219.782747,1.0
-11.0,50,9220.324863,1.0
-7.0,50,9220.865111,1.0
-9.0,50,9221.421919,1.0
-6.0,50,9221.964586,1.0
-10.0,50,9222.507245,1.0
-6.0,50,9223.046428,1.0
-10.0,50,9223.650454,1.0
-9.0,50,9224.192729,1.0
-11.0,50,9224.740272,1.0
-14.0,50,9225.280698,1.0
0.0,50,9228.099564,1.0
-11.0,50,9228.625058,1.0
-7.0,50,9229.150529,1.0
-8.0,50,9229.683694,1.0
-12.0,50,9230.224738,1.0
0.0,50,9230.752091,1.0
-14.0,50,9231.285143,1.0
-11.0,50,9231.812123,1.0
-11.0,50,9232.366452,1.0
0.0,50,9232.905922,1.0
-19.0,50,9233.439039,1.0
-11.0,50,9233.973976,1.0
-9.0,50,9234.536218,1.0
-13.0,50,9235.069902,1.0
-11.0,50,9235.595858,1.0
-9.0,50,9236.125579,1.0
-12.0,50,9236.671636,1.0
-13.0,50,9237.196298,1.0
-5.0,50,9237.723688,1.0
-6.0,50,9238.252596,1.0
-12.0,50,9238.796762,1.0
-5.0,50,9239.330862,1.0
-12.0,50,9239.854452,1.0
-11.0,50,9240.381525,1.0
-6.0,50,9240.925666,1.0
-12.0,50,9241.455809,1.0
-8.0,50,9241.98069,1.0
-9.0,50,9242.50679,1.0
-18.0,50,9243.057953,1.0
-10.0,50,9243.585894,1.0
-9.0,50,9244.115629,1.0
-10.0,50,9244.645888,1.0
-4.0,50,9245.197502,1.0
-14.0,50,9245.728571,1.0
-14.0,50,9246.258619,1.0
-16.0,50,9246.791836,1.0
-11.0,50,9247.342366,1.0
-7.0,50,9247.871462,1.0
-37.0,50,9248.396031,1.0
0.0,50,9248.919696,1.0
-14.0,50,9249.468713,1.0
-5.0,50,9249.993944,1.0
-7.0,50,9250.526726,1.0
-9.0,50,9251.052217,1.0
-10.0,50,9251.604282,1.0
-12.0,50,9252.133615,1.0
-8.0,50,9252.661668,1.0
-15.0,50,9253.191022,1.0
-8.0,50,9253.737645,1.0
-11.0,50,9254.26655,1.0
-9.0,50,9254.794588,1.0
-8.0,50,9255.325824,1.0
-11.0,50,9255.867003,1.0
0.0,50,9256.394605,1.0
-11.0,50,9256.92266,1.0
-13.0,50,9257.451907,1.0
-12.0,50,9258.015215,1.0
-11.0,50,9258.557837,1.0
-12.0,50,9259.097461,1.0
-16.0,50,9259.646836,1.0
-14.0,50,9260.212703,1.0
-7.0,50,9260.748239,1.0
0.0,50,9261.29369,1.0
-16.0,50,9261.833057,1.0
-15.0,50,9262.393081,1.0
0.0,50,9262.938062,1.0
-8.0,50,9263.474353,1.0
-10.0,50,9264.000374,1.0
0.0,50,9264.538775,1.0
-7.0,50,9265.06201,1.0
-14.0,50,9265.590059,1.0
-9.0,50,9266.116412,1.0
-13.0,50,9266.660509,1.0
-9.0,50,9267.191815,1.0
-6.0,50,9267.717966,1.0
-6.0,50,9268.240935,1.0
-13.0,50,9268.792446,1.0
-13.0,50,9269.315586,1.0
-11.0,50,9269.836656,1.0
-16.0,50,9270.366396,1.0
-4.0,50,9270.908928,1.0
-9.0,50,9271.43975,1.0
-14.0,50,9271.96884,1.0
-12.0,50,9272.489866,1.0
-12.0,50,9273.040237,1.0
-7.0,50,9273.562071,1.0
0.0,50,9274.083747,1.0
-11.0,50,9274.610404,1.0
-17.0,50,9275.154802,1.0
-8.0,50,9275.684822,1.0
-10.0,50,9276.216832,1.0
-15.0,50,9276.746996,1.0
-10.0,50,9277.319246,1.0
-8.0,50,9277.846824,1.0
-11.0,50,9278.379538,1.0
-8.0,50,9278.910249,1.0
-8.0,50,9279.450717,1.0
-11.0,50,9279.983642,1.0
-6.0,50,9280.514728,1.0
-4.0,50,9281.052212,1.0
-12.0,50,9281.599723,1.0
-12.0,50,9282.132887,1.0
0.0,50,9282.65849,1.0
-12.0,50,9283.194906,1.0
-9.0,50,9283.740636,1.0
-5.0,50,9284.272706,1.0
0.0,50,9284.812902,1.0
-12.0,50,9285.346288,1.0
-10.0,50,9285.897812,1.0
-11.0,50,9286.437098,1.0
-8.0,50,9286.974809,1.0
-15.0,50,9287.506136,1.0
-10.0,50,9288.054883,1.0
0.0,50,9288.590717,1.0
-4.0,50,9289.12736,1.0
-10.0,50,9289.655206,1.0
-16.0,50,9290.189099,1.0
-9.0,50,9290.711184,1.0
-7.0,50,9291.233988,1.0
-14.0,50,9291.757383,1.0
-50.0,50,9292.321265,0.0
-11.0,50,9292.842682,1.0
-9.0,50,9293.367701,1.0
0.0,50,9293.897272,1.0
-6.0,50,9294.459236,1.0
-9.0,50,9294.988424,1.0
-8.0,50,9295.519751,1.0
-6.0,50,9296.043843,1.0
-8.0,50,9296.594624,1.0
-6.0,50,9297.117713,1.0
-5.0,50,9297.642986,1.0
-9.0,50,9298.167122,1.0
-6.0,50,9298.712813,1.0
-22.0,50,9299.237578,1.0
-4.0,50,9299.769477,1.0
-8.0,50,9300.300129,1.0
-11.0,50,9300.870033,1.0
-5.0,50,9301.399997,1.0
-5.0,50,9301.939015,1.0
-8.0,50,9302.47047,1.0
-8.0,50,9303.026108,1.0
-11.0,50,9303.556853,1.0
-8.0,50,9304.084612,1.0
-10.0,50,9304.616902,1.0
-9.0,50,9305.17297,1.0
-7.0,50,9305.697386,1.0
-6.0,50,9306.235886,1.0
-14.0,50,9306.767086,1.0
-8.0,50,9307.319147,1.0
-13.0,50,9307.85708,1.0
-12.0,50,9308.398551,1.0
-12.0,50,9308.933564,1.0
-11.0,50,9309.480012,1.0
-10.0,50,9310.009893,1.0
-10.0,50,9310.548937,1.0
-6.0,50,9311.089208,1.0
-10.0,50,9311.646805,1.0
-6.0,50,9312.182714,1.0
-10.0,50,9312.711916,1.0
-10.0,50,9313.253145,1.0
-11.0,50,9313.799846,1.0
-10.0,50,9314.333881,1.0
-12.0,50,9314.868856,1.0
-15.0,50,9315.403107,1.0
-7.0,50,9315.967805,1.0
-15.0,50,9316.500914,1.0
-15.0,50,9317.040925,1.0
-13.0,50,9317.583111,1.0
-9.0,50,9318.147138,1.0
-10.0,50,9318.694978,1.0
-13.0,50,9319.237221,1.0
-22.0,50,9319.784078,1.0
-11.0,50,9320.361677,1.0
-6.0,50,9320.906531,1.0
-6.0,50,9321.448353,1.0
-7.0,50,9321.992926,1.0
-15.0,50,9322.561015,1.0
-17.0,50,9323.105981,1.0
-17.0,50,9323.645076,1.0
-17.0,50,9324.187131,1.0
-13.0,50,9324.755066,1.0
-5.0,50,9325.297453,1.0
-4.0,50,9325.843323,1.0
-11.0,50,9326.379581,1.0
-10.0,50,9326.945315,1.0
-16.0,50,9327.487958,1.0
-12.0,50,9328.02941,1.0
0.0,50,9328.57007,1.0
-9.0,50,9329.140208,1.0
-41.0,50,9329.68671,1.0
-11.0,50,9330.223029,1.0
-10.0,50,9330.760559,1.0
-4.0,50,9331.318817,1.0
-49.0,50,9331.85617,0.0
-12.0,50,9332.398722,1.0
-12.0,50,9332.944992,1.0
-12.0,50,9333.503103,1.0
-9.0,50,9334.039327,1.0
-6.0,50,9334.583027,1.0
-10.0,50,9335.131365,1.0
-10.0,50,9337.991546,1.0
-8.0,50,9338.537703,1.0
-7.0,50,9339.080203,1.0
-9.0,50,9339.607807,1.0
-5.0,50,9340.160756,1.0
-11.0,50,9340.690184,1.0
-10.0,50,9341.214546,1.0
-10.0,50,9341.738386,1.0
-12.0,50,9342.287258,1.0
-13.0,50,9342.818435,1.0
-8.0,50,9343.345122,1.0
-10.0,50,9343.878183,1.0
-14.0,50,9344.418718,1.0
-11.0,50,9344.948257,1.0
0.0,50,9345.477051,1.0
-13.0,50,9346.011736,1.0
-9.0,50,9346.56198,1.0
-9.0,50,9347.086843,1.0
-13.0,50,9347.612254,1.0
-6.0,50,9348.153015,1.0
0.0,50,9348.702976,1.0
-11.0,50,9349.237483,1.0
-13.0,50,9349.776264,1.0
-8.0,50,9350.311334,1.0
-12.0,50,9350.8607,1.0
0.0,50,9351.398743,1.0
-14.0,50,9351.939947,1.0
-6.0,50,9352.479358,1.0
-13.0,50,9353.040632,1.0
-12.0,50,9353.582014,1.0
-25.0,50,9354.121593,1.0
-14.0,50,9354.660879,1.0
-15.0,50,9355.215654,1.0
-8.0,50,9355.753152,1.0
-9.0,50,9356.29003,1.0
0.0,50,9356.833984,1.0
-10.0,50,9357.388977,1.0
-15.0,50,9357.927176,1.0
-7.0,50,9358.464999,1.0
-5.0,50,9358.998026,1.0
-31.0,50,9359.552177,1.0
-5.0,50,9360.095338,1.0
-8.0,50,9360.621136,1.0
0.0,50,9361.147126,1.0
-10.0,50,9361.690233,1.0
-10.0,50,9362.219186,1.0
-8.0,50,9362.747867,1.0
-12.0,50,9363.27461,1.0
-29.0,50,9363.814067,1.0
-11.0,50,9364.343038,1.0
0.0,50,9364.87228,1.0
-14.0,50,9365.399408,1.0
-11.0,50,9365.936228,1.0
-7.0,50,9366.463143,1.0
-12.0,50,9366.996813,1.0
0.0,50,9367.528176,1.0
-11.0,50,9368.075489,1.0
-11.0,50,9368.603341,1.0
-18.0,50,9369.131232,1.0
-14.0,50,9369.66203,1.0
0.0,50,9370.203458,1.0
-17.0,50,9370.728119,1.0
0.0,50,9371.256829,1.0
-7.0,50,9371.783677,1.0
-13.0,50,9372.32989,1.0
-8.0,50,9372.856333,1.0
-21.0,50,9373.3867,1.0
-7.0,50,9373.920388,1.0
-10.0,50,9374.470355,1.0
-16.0,50,9375.005402,1.0
-10.0,50,9375.538455,1.0
-13.0,50,9376.075518,1.0
-11.0,50,9376.621928,1.0
-13.0,50,9377.158266,1.0
-5.0,50,9377.698048,1.0
-3.0,50,9378.233222,1.0
-10.0,50,9378.782106,1.0
-10.0,50,9379.325231,1.0
-10.0,50,9379.86023,1.0
-9.0,50,9380.402631,1.0
-8.0,50,9380.957892,1.0
-6.0,50,9381.494148,1.0
-17.0,50,9382.027654,1.0
-11.0,50,9382.567944,1.0
-5.0,50,9383.146792,1.0
-13.0,50,9383.686988,1.0
-9.0,50,9384.23162,1.0
-22.0,50,9384.769141,1.0
0.0,50,9385.321707,1.0
-10.0,50,9385.859192,1.0
-12.0,50,9386.392,1.0
-10.0,50,9386.921269,1.0
-15.0,50,9387.465547,1.0
-11.0,50,9387.993177,1.0
-13.0,50,9388.525545,1.0
-8.0,50,9389.058333,1.0
-8.0,50,9389.60306,1.0
0.0,50,9390.132643,1.0
-12.0,50,9390.660212,1.0
-10.0,50,9391.192549,1.0
-15.0,50,9391.740286,1.0
-15.0,50,9392.267257,1.0
-9.0,50,9392.795736,1.0
-9.0,50,9393.32831,1.0
-10.0,50,9393.874394,1.0
-10.0,50,9394.41942,1.0
-16.0,50,9394.959973,1.0
-5.0,50,9395.496477,1.0
-13.0,50,9396.038399,1.0
-8.0,50,9396.561715,1.0
0.0,50,9397.090519,1.0
-9.0,50,9397.618292,1.0
-6.0,50,9398.172966,1.0
-12.0,50,9398.69794,1.0
-7.0,50,9399.233378,1.0
-10.0,50,9399.780798,1.0
-9.0,50,9400.347246,1.0
0.0,50,9400.896732,1.0
-7.0,50,9401.435275,1.0
-11.0,50,9401.979621,1.0
-14.0,50,9402.544789,1.0
-16.0,50,9403.091207,1.0
-19.0,50,9403.633721,1.0
-17.0,50,9404.181055,1.0
-5.0,50,9404.744191,1.0
-11.0,50,9405.290933,1.0
-9.0,50,9405.841878,1.0
-13.0,50,9406.388914,1.0
-9.0,50,9406.94804,1.0
0.0,50,9407.49273,1.0
-5.0,50,9408.029315,1.0
-6.0,50,9408.564036,1.0
-11.0,50,9409.101813,1.0
-10.0,50,9409.635265,1.0
-13.0,50,9410.161977,1.0
-15.0,50,9410.704169,1.0
-8.0,50,9411.257485,1.0
-12.0,50,9411.792619,1.0
-8.0,50,9412.331386,1.0
-12.0,50,9412.874642,1.0
-13.0,50,9413.429265,1.0
-9.0,50,9413.963728,1.0
-10.0,50,9414.498117,1.0
-8.0,50,9415.028713,1.0
-11.0,50,9415.587128,1.0
-7.0,50,9416.130984,1.0
-15.0,50,9416.66874,1.0
-11.0,50,9417.210855,1.0
-13.0,50,9417.770379,1.0
-11.0,50,9418.309727,1.0
-11.0,50,9418.854293,1.0
-11.0,50,9419.390677,1.0
-15.0,50,9419.942472,1.0
0.0,50,9420.48906,1.0
-14.0,50,9421.029137,1.0
-2.0,50,9421.568991,1.0
-16.0,50,9422.12576,1.0
-9.0,50,9422.669624,1.0
-16.0,50,9423.213187,1.0
-12.0,50,9423.755054,1.0
-11.0,50,9424.319241,1.0
-20.0,50,9424.858954,1.0
-9.0,50,9425.399106,1.0
-15.0,50,9425.936002,1.0
-6.0,50,9426.482372,1.0
-8.0,50,9427.017585,1.0
-13.0,50,9427.55559,1.0
-8.0,50,9428.08999,1.0
-7.0,50,9428.646332,1.0
-8.0,50,9429.189053,1.0
-11.0,50,9429.726158,1.0
-13.0,50,9430.266372,1.0
-13.0,50,9430.832613,1.0
-9.0,50,9431.367106,1.0
-3.0,50,9431.908834,1.0
0.0,50,9432.451117,1.0
-22.0,50,9433.0139,1.0
-10.0,50,9433.553127,1.0
-10.0,50,9434.090397,1.0
-8.0,50,9434.633289,1.0
-5.0,50,9435.192108,1.0
-5.0,50,9435.73117,1.0
-12.0,50,9436.265102,1.0
-13.0,50,9436.801618,1.0
-17.0,50,9437.353857,1.0
-8.0,50,9437.893015,1.0
-3.0,50,9438.432386,1.0
-50.0,50,9438.968209,0.0
-8.0,50,9439.525469,1.0
-8.0,50,9440.058163,1.0
-8.0,50,9440.594887,1.0
-23.0,50,9441.13229,1.0
-10.0,50,9441.684137,1.0
-9.0,50,9442.221952,1.0
-5.0,50,9442.765387,1.0
-11.0,50,9443.308717,1.0
-9.0,50,9443.866904,1.0
-10.0,50,9444.41215,1.0
-23.0,50,9444.948257,1.0
-14.0,50,9445.484561,1.0
-10.0,50,9448.267674,1.0
-14.0,50,9448.806757,1.0
-15.0,50,9449.348981,1.0
-10.0,50,9449.89197,1.0
-12.0,50,9450.450732,1.0
-5.0,50,9450.98777,1.0
-13.0,50,9451.531065,1.0
0.0,50,9452.070143,1.0
-13.0,50,9452.63169,1.0
-8.0,50,9453.178934,1.0
0.0,50,9453.721397,1.0
-15.0,50,9454.260612,1.0
-10.0,50,9454.819499,1.0
-12.0,50,9455.3652,1.0
-12.0,50,9455.90908,1.0
-12.0,50,9456.446087,1.0
-13.0,50,9457.000079,1.0
-8.0,50,9457.54491,1.0
-7.0,50,9458.083915,1.0
-8.0,50,9458.624604,1.0
-12.0,50,9459.178257,1.0
-11.0,50,9459.712633,1.0
-9.0,50,9460.248915,1.0
-9.0,50,9460.784392,1.0
-14.0,50,9461.343799,1.0
-11.0,50,9461.88811,1.0
-13.0,50,9462.426871,1.0
-8.0,50,9462.970967,1.0
-12.0,50,9463.521534,1.0
-11.0,50,9464.059455,1.0
-7.0,50,9464.605233,1.0
-4.0,50,9465.144464,1.0
-16.0,50,9465.702214,1.0
-15.0,50,9466.242476,1.0
-12.0,50,9466.783756,1.0
-7.0,50,9467.321484,1.0
-10.0,50,9467.879125,1.0
-11.0,50,9468.427034,1.0
-6.0,50,9468.963778,1.0
-11.0,50,9469.507382,1.0
-13.0,50,9470.08618,1.0
-11.0,50,9470.624906,1.0
-5.0,50,9471.165019,1.0
-9.0,50,9471.711125,1.0
-8.0,50,9472.275918,1.0
-8.0,50,9472.810431,1.0
-13.0,50,9473.356545,1.0
-9.0,50,9473.904995,1.0
-12.0,50,9474.469457,1.0
-12.0,50,9475.008949,1.0
-12.0,50,9475.54589,1.0
-12.0,50,9476.091926,1.0
-7.0,50,9476.653584,1.0
-13.0,50,9477.198007,1.0
-8.0,50,9477.731956,1.0
-13.0,50,9478.262626,1.0
-11.0,50,9478.809668,1.0
-6.0,50,9479.338413,1.0
-14.0,50,9479.859656,1.0
-15.0,50,9480.384499,1.0
-10.0,50,9480.92294,1.0
-13.0,50,9481.447226,1.0
-11.0,50,9481.970918,1.0
-12.0,50,9482.497238,1.0
-10.0,50,9483.040589,1.0
-10.0,50,9483.572759,1.0
0.0,50,9484.102123,1.0
-17.0,50,9484.627066,1.0
0.0,50,9485.173001,1.0
-15.0,50,9485.698028,1.0
-11.0,50,9486.220061,1.0
-13.0,50,9486.744881,1.0
-6.0,50,9487.293841,1.0
-13.0,50,9487.820667,1.0
-14.0,50,9488.35006,1.0
-13.0,50,9488.882618,1.0
-11.0,50,9489.429815,1.0
-9.0,50,9489.965741,1.0
-6.0,50,9490.494143,1.0
-7.0,50,9491.022166,1.0
-13.0,50,9491.580787,1.0
-18.0,50,9492.115369,1.0
-11.0,50,9492.65421,1.0
-17.0,50,9493.187345,1.0
-4.0,50,9493.739953,1.0
-9.0,50,9494.275718,1.0
-16.0,50,9494.80565,1.0
-14.0,50,9495.33987,1.0
-13.0,50,9495.890131,1.0
-11.0,50,9496.423584,1.0
-8.0,50,9496.955581,1.0
0.0,50,9497.488494,1.0
-8.0,50,9498.036973,1.0
-8.0,50,9498.564058,1.0
-21.0,50,9499.095526,1.0
-11.0,50,9499.639492,1.0
0.0,50,9500.222548,1.0
-11.0,50,9500.764136,1.0
-13.0,50,9501.312508,1.0
-10.0,50,9501.854723,1.0
-13.0,50,9502.402801,1.0
-5.0,50,9502.929958,1.0
-11.0,50,9503.456869,1.0
-7.0,50,9503.988527,1.0
-8.0,50,9504.533106,1.0
-13.0,50,9505.061177,1.0
-13.0,50,9505.606695,1.0
0.0,50,9506.147264,1.0
-11.0,50,9506.703566,1.0
-11.0,50,9507.245669,1.0
-8.0,50,9507.786479,1.0
-7.0,50,9508.323464,1.0
-6.0,50,9508.881869,1.0
-15.0,50,9509.421425,1.0
-11.0,50,9509.967804,1.0
-6.0,50,9510.509263,1.0
-8.0,50,9511.064127,1.0
-32.0,50,9511.602535,1.0
-12.0,50,9512.138073,1.0
-8.0,50,9512.673208,1.0
-12.0,50,9513.227219,1.0
-12.0,50,9513.771987,1.0
-9.0,50,9514.317346,1.0
-8.0,50,9514.862339,1.0
-7.0,50,9515.42265,1.0
-9.0,50,9515.964082,1.0
-10.0,50,9516.493203,1.0
-7.0,50,9517.039478,1.0
-7.0,50,9517.596801,1.0
0.0,50,9518.133706,1.0
-12.0,50,9518.664699,1.0
-11.0,50,9519.189369,1.0
-13.0,50,9519.738509,1.0
-15.0,50,9520.267643,1.0
-9.0,50,9520.801992,1.0
-8.0,50,9521.328031,1.0
-14.0,50,9521.88909,1.0
-14.0,50,9522.423563,1.0
-11.0,50,9522.949126,1.0
-9.0,50,9523.484946,1.0
0.0,50,9524.043569,1.0
-11.0,50,9524.591274,1.0
-10.0,50,9525.138952,1.0
-7.0,50,9525.67858,1.0
-12.0,50,9526.244448,1.0
-5.0,50,9526.785132,1.0
-15.0,50,9527.327186,1.0
-11.0,50,9527.857,1.0
0.0,50,9528.402987,1.0
-7.0,50,9528.930557,1.0
-7.0,50,9529.462085,1.0
-11.0,50,9529.992944,1.0
-10.0,50,9530.538475,1.0
-11.0,50,9531.077934,1.0
-12.0,50,9531.603259,1.0
-10.0,50,9532.130197,1.0
-47.0,50,9532.684799,0.0
-5.0,50,9533.21398,1.0
-7.0,50,9533.751141,1.0
-12.0,50,9534.285358,1.0
-16.0,50,9534.828699,1.0
-13.0,50,9535.357205,1.0
-8.0,50,9535.898128,1.0
-7.0,50,9536.426723,1.0
-15.0,50,9536.978215,1.0
-15.0,50,9537.514843,1.0
-10.0,50,9538.049867,1.0
0.0,50,9538.577249,1.0
-13.0,50,9539.126065,1.0
-14.0,50,9539.66427,1.0
-14.0,50,9540.202966,1.0
-10.0,50,9540.746295,1.0
-11.0,50,9541.302268,1.0
-15.0,50,9541.843706,1.0
-6.0,50,9542.381961,1.0
-11.0,50,9542.921958,1.0
-11.0,50,9543.471125,1.0
-8.0,50,9543.994622,1.0
-13.0,50,9544.518435,1.0
-14.0,50,9545.042825,1.0
-17.0,50,9545.57987,1.0
-9.0,50,9546.103733,1.0
-8.0,50,9546.638124,1.0
-11.0,50,9547.17608,1.0
-5.0,50,9547.733146,1.0
-14.0,50,9548.276102,1.0
-9.0,50,9548.816233,1.0
0.0,50,9549.353768,1.0
0.0,50,9549.909971,1.0
-13.0,50,9550.44749,1.0
-17.0,50,9550.990647,1.0
-14.0,50,9551.52923,1.0
-10.0,50,9552.099059,1.0
-19.0,50,9552.633344,1.0
-11.0,50,9553.169412,1.0
-11.0,50,9553.705666,1.0
-12.0,50,9554.263264,1.0
-9.0,50,9554.807106,1.0
-5.0,50,9555.343761,1.0
-10.0,50,9555.882663,1.0
-8.0,50,9558.646635,1.0
-6.0,50,9559.19238,1.0
-8.0,50,9559.72808,1.0
-12.0,50,9560.264325,1.0
-8.0,50,9560.815826,1.0
-15.0,50,9561.358142,1.0
-19.0,50,9561.899007,1.0
0.0,50,9562.436121,1.0
-14.0,50,9562.987863,1.0
-11.0,50,9563.529509,1.0
-12.0,50,9564.070858,1.0
-7.0,50,9564.604923,1.0
0.0,50,9565.170489,1.0
-11.0,50,9565.710475,1.0
-7.0,50,9566.248776,1.0
-10.0,50,9566.783465,1.0
-2.0,50,9567.334527,1.0
-5.0,50,9567.869189,1.0
-7.0,50,9568.408956,1.0
0.0,50,9568.940036,1.0
-6.0,50,9569.497294,1.0
-18.0,50,9570.024743,1.0
-6.0,50,9570.55283,1.0
-9.0,50,9571.094349,1.0
-12.0,50,9571.640857,1.0
-11.0,50,9572.169865,1.0
-5.0,50,9572.70823,1.0
-9.0,50,9573.244514,1.0
-8.0,50,9573.798482,1.0
-7.0,50,9574.330802,1.0
-23.0,50,9574.864245,1.0
-10.0,50,9575.391856,1.0
-10.0,50,9575.945972,1.0
0.0,50,9576.481551,1.0
-13.0,50,9577.014052,1.0
0.0,50,9577.543412,1.0
-8.0,50,9578.088999,1.0
-4.0,50,9578.621693,1.0
-12.0,50,9579.162034,1.0
-16.0,50,9579.700002,1.0
-13.0,50,9580.253124,1.0
-8.0,50,9580.784857,1.0
-8.0,50,9581.317966,1.0
-15.0,50,9581.852921,1.0
-8.0,50,9582.4092,1.0
-18.0,50,9582.941527,1.0
0.0,50,9583.48207,1.0
-11.0,50,9584.022206,1.0
-11.0,50,9584.577881,1.0
-11.0,50,9585.10699,1.0
-9.0,50,9585.638958,1.0
-14.0,50,9586.183112,1.0
-16.0,50,9586.742212,1.0
-15.0,50,9587.271853,1.0
0.0,50,9587.800138,1.0
-3.0,50,9588.343092,1.0
-14.0,50,9588.902078,1.0
-15.0,50,9589.443068,1.0
0.0,50,9589.977825,1.0
-10.0,50,9590.514518,1.0
-8.0,50,9591.069314,1.0
-8.0,50,9591.611154,1.0
-21.0,50,9592.15325,1.0
0.0,50,9592.686553,1.0
-8.0,50,9593.245368,1.0
-10.0,50,9593.779347,1.0
-10.0,50,9594.314158,1.0
-12.0,50,9594.861057,1.0
-8.0,50,9595.417175,1.0
-5.0,50,9595.961874,1.0
-9.0,50,9596.505987,1.0
-9.0,50,9597.042943,1.0
-13.0,50,9597.59992,1.0
-11.0,50,9598.136885,1.0
-13.0,50,9598.674286,1.0
-10.0,50,9599.216061,1.0
-16.0,50,9599.777358,1.0
-10.0,50,9600.318283,1.0
-14.0,50,9600.857193,1.0
-12.0,50,9601.400562,1.0
-13.0,50,9601.956507,1.0
-9.0,50,9602.495728,1.0
-9.0,50,9603.033068,1.0
-10.0,50,9603.574301,1.0
-12.0,50,9604.135357,1.0
-9.0,50,9604.679819,1.0
-10.0,50,9605.216317,1.0
-7.0,50,9605.755586,1.0
-10.0,50,9606.30766,1.0
-4.0,50,9606.852059,1.0
-7.0,50,9607.393822,1.0
-10.0,50,9607.935032,1.0
0.0,50,9608.495534,1.0
-11.0,50,9609.029931,1.0
-10.0,50,9609.567584,1.0
-8.0,50,9610.101077,1.0
0.0,50,9610.662951,1.0
-12.0,50,9611.200008,1.0
-11.0,50,9611.743265,1.0
-10.0,50,9612.289968,1.0
-13.0,50,9612.84398,1.0
-11.0,50,9613.380337,1.0
-10.0,50,9613.913567,1.0
-10.0,50,9614.450756,1.0
-10.0,50,9615.014107,1.0
-13.0,50,9615.555524,1.0
0.0,50,9616.095818,1.0
-10.0,50,9616.639642,1.0
-10.0,50,9617.197711,1.0
-32.0,50,9617.733271,1.0
-12.0,50,9618.273138,1.0
-11.0,50,9618.805028,1.0
-8.0,50,9619.364326,1.0
-14.0,50,9619.906445,1.0
-6.0,50,9620.451644,1.0
-11.0,50,9620.995755,1.0
0.0,50,9621.563399,1.0
-8.0,50,9622.111326,1.0
-12.0,50,9622.656108,1.0
-9.0,50,9623.199427,1.0
-11.0,50,9623.759307,1.0
-10.0,50,9624.309531,1.0
-8.0,50,9624.857895,1.0
-6.0,50,9625.399547,1.0
-12.0,50,9625.957601,1.0
-12.0,50,9626.498608,1.0
-12.0,50,9627.03888,1.0
-11.0,50,9627.580626,1.0
-10.0,50,9628.130177,1.0
-16.0,50,9628.659051,1.0
-9.0,50,9629.1901,1.0
-9.0,50,9629.720546,1.0
-9.0,50,9630.270922,1.0
-2.0,50,9630.802341,1.0
-11.0,50,9631.330233,1.0
0.0,50,9631.853053,1.0
-16.0,50,9632.399168,1.0
-12.0,50,9632.926378,1.0
-6.0,50,9633.456735,1.0
-7.0,50,9633.989585,1.0
-15.0,50,9634.538131,1.0
-11.0,50,9635.063975,1.0
-6.0,50,9635.59361,1.0
-10.0,50,9636.115327,1.0
-10.0,50,9636.655353,1.0
-10.0,50,9637.191278,1.0
-8.0,50,9637.717849,1.0
-10.0,50,9638.243403,1.0
-11.0,50,9638.785639,1.0
-20.0,50,9639.307323,1.0
-11.0,50,9639.834183,1.0
-16.0,50,9640.354997,1.0
-10.0,50,9640.899879,1.0
-12.0,50,9641.434762,1.0
-11.0,50,9641.970539,1.0
-15.0,50,9642.512658,1.0
-12.0,50,9643.068641,1.0
-5.0,50,9643.607476,1.0
-8.0,50,9644.146816,1.0
-10.0,50,9644.68254,1.0
-7.0,50,9645.224143,1.0
-8.0,50,9645.768244,1.0
0.0,50,9646.308455,1.0
-10.0,50,9646.852936,1.0
-12.0,50,9647.432226,1.0
-10.0,50,9647.977785,1.0
-9.0,50,9648.523456,1.0
-11.0,50,9649.07299,1.0
-10.0,50,9649.628464,1.0
-12.0,50,9650.158142,1.0
-9.0,50,9650.693241,1.0
-10.0,50,9651.219093,1.0
-12.0,50,9651.766412,1.0
-9.0,50,9652.295149,1.0
-10.0,50,9652.822675,1.0
0.0,50,9653.352927,1.0
-15.0,50,9653.901749,1.0
-12.0,50,9654.428683,1.0
-8.0,50,9654.966059,1.0
-11.0,50,9655.500668,1.0
-12.0,50,9656.046025,1.0
-13.0,50,9656.581821,1.0
-11.0,50,9657.116797,1.0
-8.0,50,9657.649481,1.0
-10.0,50,9658.193932,1.0
-11.0,50,9658.724402,1.0
-24.0,50,9659.257558,1.0
-11.0,50,9659.803547,1.0
-10.0,50,9660.356337,1.0
-6.0,50,9660.890721,1.0
-15.0,50,9661.427322,1.0
-12.0,50,9661.963429,1.0
-11.0,50,9662.50466,1.0
-10.0,50,9663.037322,1.0
-14.0,50,9663.568051,1.0
-12.0,50,9664.09829,1.0
-27.0,50,9664.656295,1.0
-8.0,50,9665.18578,1.0
-6.0,50,9665.717196,1.0
-10.0,50,9666.240959,1.0
-9.0,50,9669.079067,1.0
-8.0,50,9669.614828,1.0
-5.0,50,9670.163773,1.0
-8.0,50,9670.697609,1.0
-2.0,50,9671.258526,1.0
-9.0,50,9671.792337,1.0
-18.0,50,9672.324227,1.0
-10.0,50,9672.856344,1.0
-17.0,50,9673.401027,1.0
-13.0,50,9673.924541,1.0
-8.0,50,9674.45576,1.0
-15.0,50,9674.983618,1.0
-22.0,50,9675.536758,1.0
-10.0,50,9676.069517,1.0
-15.0,50,9676.607031,1.0
-5.0,50,9677.148894,1.0
-9.0,50,9677.708527,1.0
-9.0,50,9678.242695,1.0
0.0,50,9678.762577,1.0
-9.0,50,9679.299119,1.0
-9.0,50,9679.857577,1.0
-10.0,50,9680.396158,1.0
-17.0,50,9680.939215,1.0
-11.0,50,9681.477306,1.0
-10.0,50,9682.025588,1.0
-5.0,50,9682.566588,1.0
-11.0,50,9683.098924,1.0
-12.0,50,9683.6322,1.0
-7.0,50,9684.179569,1.0
0.0,50,9684.71834,1.0
-16.0,50,9685.255693,1.0
-7.0,50,9685.792353,1.0
-6.0,50,9686.352182,1.0
-12.0,50,9686.88747,1.0
-7.0,50,9687.41892,1.0
-10.0,50,9687.943212,1.0
-13.0,50,9688.499671,1.0
-11.0,50,9689.040324,1.0
-16.0,50,9689.566986,1.0
-43.0,50,9690.105909,1.0
-14.0,50,9690.68572,1.0
-14.0,50,9691.229524,1.0
-14.0,50,9691.769747,1.0
-4.0,50,9692.29682,1.0
-5.0,50,9692.859342,1.0
0.0,50,9693.400413,1.0
-19.0,50,9693.936366,1.0
-9.0,50,9694.474558,1.0
-8.0,50,9695.029189,1.0
-12.0,50,9695.565982,1.0
-12.0,50,9696.099224,1.0
-7.0,50,9696.637401,1.0
-13.0,50,9697.192901,1.0
-9.0,50,9697.730442,1.0
-7.0,50,9698.260664,1.0
-14.0,50,9698.791759,1.0
-8.0,50,9699.336827,1.0
-11.0,50,9699.874506,1.0
-6.0,50,9700.410195,1.0
-11.0,50,9700.953658,1.0
-7.0,50,9701.502644,1.0
-11.0,50,9702.054772,1.0
-15.0,50,9702.599571,1.0
-6.0,50,9703.140026,1.0
-12.0,50,9703.701678,1.0
-16.0,50,9704.252777,1.0
-10.0,50,9704.793106,1.0
-10.0,50,9705.334024,1.0
-10.0,50,9705.898287,1.0
-13.0,50,9706.444936,1.0
-14.0,50,9706.987281,1.0
-12.0,50,9707.526378,1.0
-6.0,50,9708.084288,1.0
-4.0,50,9708.618511,1.0
-6.0,50,9709.159902,1.0
-17.0,50,9709.699351,1.0
-18.0,50,9710.257464,1.0
-12.0,50,9710.797809,1.0
-12.0,50,9711.332601,1.0
-8.0,50,9711.870786,1.0
-17.0,50,9712.433665,1.0
-21.0,50,9712.969639,1.0
-26.0,50,9713.509693,1.0
-18.0,50,9714.040771,1.0
0.0,50,9714.604842,1.0
-13.0,50,9715.149035,1.0
-18.0,50,9715.698079,1.0
-9.0,50,9716.24075,1.0
-14.0,50,9716.816802,1.0
-13.0,50,9717.361644,1.0
-11.0,50,9717.913758,1.0
-7.0,50,9718.460796,1.0
-17.0,50,9719.022126,1.0
-5.0,50,9719.56666,1.0
-11.0,50,9720.109713,1.0
-10.0,50,9720.638387,1.0
-5.0,50,9721.197499,1.0
-6.0,50,9721.728462,1.0
-6.0,50,9722.267081,1.0
-10.0,50,9722.799487,1.0
-9.0,50,9723.349108,1.0
-11.0,50,9723.885674,1.0
-7.0,50,9724.416826,1.0
-13.0,50,9724.956158,1.0
-7.0,50,9725.50141,1.0
-14.0,50,9726.031584,1.0
-11.0,50,9726.560546,1.0
0.0,50,9727.094584,1.0
0.0,50,9727.650134,1.0
-7.0,50,9728.183559,1.0
-13.0,50,9728.715498,1.0
-10.0,50,9729.247935,1.0
-12.0,50,9729.798617,1.0
-10.0,50,9730.329498,1.0
-22.0,50,9730.861022,1.0
-17.0,50,9731.396438,1.0
-10.0,50,9731.941519,1.0
-13.0,50,9732.469356,1.0
-7.0,50,9732.999434,1.0
-9.0,50,9733.536697,1.0
-5.0,50,9734.084732,1.0
-9.0,50,9734.61809,1.0
-7.0,50,9735.159724,1.0
-4.0,50,9735.691515,1.0
-9.0,50,9736.240774,1.0
-17.0,50,9736.775545,1.0
-8.0,50,9737.302341,1.0
-12.0,50,9737.836567,1.0
-8.0,50,9738.385807,1.0
-23.0,50,9738.912495,1.0
-13.0,50,9739.449243,1.0
-6.0,50,9739.987072,1.0
-10.0,50,9740.536823,1.0
-11.0,50,9741.069824,1.0
-5.0,50,9741.608614,1.0
-15.0,50,9742.139212,1.0
-9.0,50,9742.689872,1.0
-7.0,50,9743.218794,1.0
-6.0,50,9743.748522,1.0
-5.0,50,9744.285074,1.0
-31.0,50,9744.841469,1.0
-16.0,50,9745.380378,1.0
-11.0,50,9745.915718,1.0
-15.0,50,9746.458485,1.0
-2.0,50,9747.034623,1.0
-11.0,50,9747.578412,1.0
-10.0,50,9748.117428,1.0
0.0,50,9748.653741,1.0
-14.0,50,9749.214235,1.0
-11.0,50,9749.754762,1.0
-19.0,50,9750.291705,1.0
-14.0,50,9750.83061,1.0
-6.0,50,9751.398489,1.0
-29.0,50,9751.933475,1.0
-12.0,50,9752.459894,1.0
-12.0,50,9752.992526,1.0
-10.0,50,9753.550139,1.0
-10.0,50,9754.088782,1.0
-13.0,50,9754.622514,1.0
-13.0,50,9755.160685,1.0
-12.0,50,9755.713858,1.0
-9.0,50,9756.251926,1.0
-9.0,50,9756.782424,1.0
-6.0,50,9757.317379,1.0
-7.0,50,9757.881329,1.0
0.0,50,9758.413487,1.0
-8.0,50,9758.945985,1.0
-9.0,50,9759.479981,1.0
-7.0,50,9760.031877,1.0
-9.0,50,9760.569237,1.0
-11.0,50,9761.103537,1.0
-13.0,50,9761.640323,1.0
-15.0,50,9762.195501,1.0
-28.0,50,9762.733273,1.0
-9.0,50,9763.272271,1.0
-10.0,50,9763.802027,1.0
-12.0,50,9764.364169,1.0
-11.0,50,9764.906776,1.0
-15.0,50,9765.44343,1.0
-12.0,50,9765.97538,1.0
-7.0,50,9766.524816,1.0
-8.0,50,9767.054958,1.0
-26.0,50,9767.583914,1.0
-13.0,50,9768.116882,1.0
0.0,50,9768.6777,1.0
-12.0,50,9769.214907,1.0
-46.0,50,9769.74857,1.0
-12.0,50,9770.279809,1.0
-11.0,50,9770.849602,1.0
-10.0,50,9771.386101,1.0
-10.0,50,9771.917921,1.0
0.0,50,9772.453631,1.0
-14.0,50,9773.031294,1.0
-10.0,50,9773.55898,1.0
-6.0,50,9774.098114,1.0
-6.0,50,9774.628028,1.0
-9.0,50,9775.168618,1.0
-9.0,50,9775.703553,1.0
-15.0,50,9776.230903,1.0
-12.0,50,9776.766937,1.0
-9.0,50,9779.613761,1.0
-7.0,50,9780.155834,1.0
-9.0,50,9780.692952,1.0
-15.0,50,9781.224709,1.0
-21.0,50,9781.770007,1.0
-5.0,50,9782.298784,1.0
0.0,50,9782.832798,1.0
-6.0,50,9783.363339,1.0
-7.0,50,9783.913931,1.0
-11.0,50,9784.443175,1.0
-8.0,50,9784.976705,1.0
-13.0,50,9785.506075,1.0
-4.0,50,9786.057781,1.0
0.0,50,9786.584896,1.0
-7.0,50,9787.11506,1.0
-48.0,50,9787.644624,0.0
-11.0,50,9788.194373,1.0
-8.0,50,9788.731357,1.0
-10.0,50,9789.264662,1.0
-9.0,50,9789.804421,1.0
-12.0,50,9790.358503,1.0
-9.0,50,9790.892173,1.0
-8.0,50,9791.427702,1.0
-7.0,50,9791.955931,1.0
-11.0,50,9792.499749,1.0
-14.0,50,9793.034022,1.0
-5.0,50,9793.569613,1.0
-15.0,50,9794.10077,1.0
-14.0,50,9794.649041,1.0
-11.0,50,9795.185703,1.0
-6.0,50,9795.724161,1.0
-10.0,50,9796.253802,1.0
-13.0,50,9796.802495,1.0
-8.0,50,9797.335226,1.0
-7.0,50,9797.87285,1.0
-14.0,50,9798.402779,1.0
-4.0,50,9798.960342,1.0
-21.0,50,9799.500042,1.0
-6.0,50,9800.041873,1.0
0.0,50,9800.589779,1.0
-11.0,50,9801.150738,1.0
-12.0,50,9801.687114,1.0
-7.0,50,9802.225541,1.0
-10.0,50,9802.766137,1.0
-10.0,50,9803.325436,1.0
-18.0,50,9803.867744,1.0
-10.0,50,9804.409382,1.0
-8.0,50,9804.950219,1.0
-8.0,50,9805.512048,1.0
-3.0,50,9806.051832,1.0
-7.0,50,9806.592312,1.0
-6.0,50,9807.130044,1.0
-17.0,50,9807.69089,1.0
-7.0,50,9808.226397,1.0
-13.0,50,9808.768264,1.0
-15.0,50,9809.305754,1.0
-9.0,50,9809.870687,1.0
-22.0,50,9810.413875,1.0
-1.0,50,9810.95523,1.0
-15.0,50,9811.497176,1.0
-7.0,50,9812.058165,1.0
-13.0,50,9812.596711,1.0
-13.0,50,9813.142917,1.0
-9.0,50,9813.682943,1.0
-11.0,50,9814.235078,1.0
-18.0,50,9814.761046,1.0
-8.0,50,9815.298609,1.0
-12.0,50,9815.828636,1.0
-8.0,50,9816.370894,1.0
-18.0,50,9816.900672,1.0
-8.0,50,9817.436857,1.0
-16.0,50,9817.964873,1.0
-12.0,50,9818.518379,1.0
-4.0,50,9819.051639,1.0
-9.0,50,9819.58414,1.0
-16.0,50,9820.11605,1.0
-17.0,50,9820.666677,1.0
-6.0,50,9821.202958,1.0
-19.0,50,9821.734995,1.0
0.0,50,9822.26479,1.0
-8.0,50,9822.81548,1.0
-16.0,50,9823.343851,1.0
-13.0,50,9823.882607,1.0
-14.0,50,9824.410156,1.0
-7.0,50,9824.953964,1.0
-6.0,50,9825.486891,1.0
-16.0,50,9826.014118,1.0
-9.0,50,9826.546048,1.0
-12.0,50,9827.098904,1.0
-14.0,50,9827.637832,1.0
-6.0,50,9828.18366,1.0
-8.0,50,9828.720738,1.0
-5.0,50,9829.281942,1.0
-11.0,50,9829.825804,1.0
-11.0,50,9830.360808,1.0
-23.0,50,9830.900995,1.0
-29.0,50,9831.449788,1.0
-9.0,50,9831.980716,1.0
-8.0,50,9832.515885,1.0
-8.0,50,9833.055305,1.0
-12.0,50,9833.608305,1.0
-36.0,50,9834.145331,1.0
-8.0,50,9834.685076,1.0
-22.0,50,9835.22087,1.0
-9.0,50,9835.765738,1.0
0.0,50,9836.300958,1.0
-6.0,50,9836.825749,1.0
-6.0,50,9837.351928,1.0
-2.0,50,9837.906069,1.0
-8.0,50,9838.448875,1.0
-6.0,50,9838.985016,1.0
-15.0,50,9839.517148,1.0
-5.0,50,9840.067482,1.0
0.0,50,9840.61253,1.0
-7.0,50,9841.161753,1.0
-7.0,50,9841.707424,1.0
-6.0,50,9842.279143,1.0
-13.0,50,9842.808138,1.0
-16.0,50,9843.337282,1.0
-11.0,50,9843.862899,1.0
-11.0,50,9844.400999,1.0
-11.0,50,9844.923211,1.0
-12.0,50,9845.453021,1.0
-10.0,50,9845.989205,1.0
-8.0,50,9846.537912,1.0
-10.0,50,9847.070845,1.0
-8.0,50,9847.610346,1.0
-11.0,50,9848.146844,1.0
-11.0,50,9848.704516,1.0
-10.0,50,9849.24297,1.0
-9.0,50,9849.778441,1.0
-11.0,50,9850.312444,1.0
-19.0,50,9850.870915,1.0
-13.0,50,9851.405916,1.0
-15.0,50,9851.941815,1.0
-5.0,50,9852.482502,1.0
-11.0,50,9853.042949,1.0
-7.0,50,9853.575588,1.0
-8.0,50,9854.109932,1.0
-11.0,50,9854.650942,1.0
-12.0,50,9855.20212,1.0
-7.0,50,9855.732835,1.0
-8.0,50,9856.264372,1.0
-17.0,50,9856.801941,1.0
-10.0,50,9857.358207,1.0
-7.0,50,9857.911784,1.0
-10.0,50,9858.452936,1.0
-12.0,50,9859.00252,1.0
-9.0,50,9859.556202,1.0
-7.0,50,9860.084784,1.0
-7.0,50,9860.617255,1.0
-16.0,50,9861.152371,1.0
-13.0,50,9861.70154,1.0
-20.0,50,9862.240627,1.0
-15.0,50,9862.773735,1.0
-5.0,50,9863.305363,1.0
-8.0,50,9863.867968,1.0
-12.0,50,9864.404185,1.0
-10.0,50,9864.941241,1.0
-9.0,50,9865.472715,1.0
-13.0,50,9866.035448,1.0
-12.0,50,9866.565052,1.0
-13.0,50,9867.101954,1.0
-4.0,50,9867.64296,1.0
-12.0,50,9868.19845,1.0
-10.0,50,9868.737435,1.0
-8.0,50,9869.273162,1.0
-9.0,50,9869.808934,1.0
-5.0,50,9870.361032,1.0
-17.0,50,9870.891146,1.0
-13.0,50,9871.430717,1.0
-6.0,50,9871.962186,1.0
-7.0,50,9872.517153,1.0
-6.0,50,9873.043824,1.0
-12.0,50,9873.571427,1.0
-14.0,50,9874.107998,1.0
-18.0,50,9874.661214,1.0
-8.0,50,9875.188609,1.0
-10.0,50,9875.725782,1.0
-9.0,50,9876.258001,1.0
-13.0,50,9876.802781,1.0
-18.0,50,9877.330905,1.0
-13.0,50,9877.863212,1.0
-7.0,50,9878.397144,1.0
-10.0,50,9878.954109,1.0
-15.0,50,9879.482572,1.0
-8.0,50,9880.009791,1.0
-17.0,50,9880.542914,1.0
-11.0,50,9881.092246,1.0
-10.0,50,9881.620323,1.0
-10.0,50,9882.150468,1.0
-7.0,50,9882.676376,1.0
-13.0,50,9883.219967,1.0
-45.0,50,9883.755977,0.0
-9.0,50,9884.286501,1.0
-5.0,50,9884.817275,1.0
-13.0,50,9885.364953,1.0
-9.0,50,9885.906746,1.0
-17.0,50,9886.43874,1.0
-9.0,50,9886.966931,1.0
-8.0,50,9889.801363,1.0
-12.0,50,9890.334563,1.0
-9.0,50,9890.872951,1.0
-9.0,50,9891.402126,1.0
-14.0,50,9891.958572,1.0
-8.0,50,9892.48607,1.0
-7.0,50,9893.02022,1.0
-15.0,50,9893.550958,1.0
-14.0,50,9894.109317,1.0
-17.0,50,9894.638844,1.0
-9.0,50,9895.1812,1.0
-11.0,50,9895.726186,1.0
-18.0,50,9896.280054,1.0
-14.0,50,9896.817536,1.0
-25.0,50,9897.350527,1.0
-4.0,50,9897.88939,1.0
-8.0,50,9898.441111,1.0
-11.0,50,9898.974448,1.0
-7.0,50,9899.500157,1.0
-8.0,50,9900.034271,1.0
-8.0,50,9900.573199,1.0
-13.0,50,9901.109459,1.0
-12.0,50,9901.640623,1.0
-11.0,50,9902.167876,1.0
-13.0,50,9902.726868,1.0
-6.0,50,9903.261488,1.0
-13.0,50,9903.805584,1.0
-12.0,50,9904.33266,1.0
-13.0,50,9904.887828,1.0
-14.0,50,9905.422718,1.0
-18.0,50,9905.95356,1.0
-5.0,50,9906.489243,1.0
-50.0,50,9907.037051,0.0
-13.0,50,9907.569149,1.0
0.0,50,9908.102204,1.0
-8.0,50,9908.633039,1.0
-11.0,50,9909.178341,1.0
-10.0,50,9909.710461,1.0
-4.0,50,9910.239012,1.0
-13.0,50,9910.767361,1.0
-12.0,50,9911.323019,1.0
-11.0,50,9911.849649,1.0
-15.0,50,9912.389292,1.0
-15.0,50,9912.920121,1.0
-14.0,50,9913.463333,1.0
-7.0,50,9914.000623,1.0
-11.0,50,9914.532329,1.0
-19.0,50,9915.061082,1.0
-9.0,50,9915.609535,1.0
-17.0,50,9916.145538,1.0
-27.0,50,9916.682866,1.0
0.0,50,9917.221133,1.0
-9.0,50,9917.77338,1.0
-9.0,50,9918.312108,1.0
-10.0,50,9918.837523,1.0
-7.0,50,9919.371682,1.0
-14.0,50,9919.930519,1.0
-48.0,50,9920.470534,0.0
-8.0,50,9921.018119,1.0
-18.0,50,9921.556683,1.0
-11.0,50,9922.115663,1.0
-15.0,50,9922.661012,1.0
-13.0,50,9923.202743,1.0
-6.0,50,9923.739998,1.0
-23.0,50,9924.295753,1.0
-12.0,50,9924.832697,1.0
-6.0,50,9925.377475,1.0
0.0,50,9925.913493,1.0
-5.0,50,9926.468338,1.0
0.0,50,9927.016782,1.0
-5.0,50,9927.555029,1.0
-12.0,50,9928.099663,1.0
-10.0,50,9928.656959,1.0
-7.0,50,9929.20221,1.0
-10.0,50,9929.742842,1.0
-12.0,50,9930.292965,1.0
-9.0,50,9930.8544,1.0
-4.0,50,9931.402628,1.0
-9.0,50,9931.940351,1.0
-27.0,50,9932.478874,1.0
0.0,50,9933.040593,1.0
-6.0,50,9933.585511,1.0
-9.0,50,9934.128581,1.0
0.0,50,9934.66969,1.0
-13.0,50,9935.228443,1.0
0.0,50,9935.771524,1.0
-10.0,50,9936.311475,1.0
-12.0,50,9936.85287,1.0
-6.0,50,9937.419527,1.0
-7.0,50,9937.956655,1.0
-20.0,50,9938.493892,1.0
-13.0,50,9939.042251,1.0
-11.0,50,9939.605879,1.0
-13.0,50,9940.149062,1.0
-15.0,50,9940.696181,1.0
-11.0,50,9941.233339,1.0
-10.0,50,9941.794683,1.0
0.0,50,9942.333933,1.0
-13.0,50,9942.875139,1.0
-13.0,50,9943.420534,1.0
0.0,50,9943.988371,1.0
-9.0,50,9944.526314,1.0
-7.0,50,9945.064302,1.0
-11.0,50,9945.600451,1.0
-7.0,50,9946.16478,1.0
-10.0,50,9946.706604,1.0
-4.0,50,9947.252912,1.0
-12.0,50,9947.802627,1.0
-9.0,50,9948.360393,1.0
-9.0,50,9948.898601,1.0
-50.0,50,9949.440179,0.0
-5.0,50,9949.983489,1.0
-22.0,50,9950.547563,1.0
-10.0,50,9951.087161,1.0
-7.0,50,9951.623226,1.0
-14.0,50,9952.155756,1.0
-9.0,50,9952.706823,1.0
-13.0,50,9953.240447,1.0
-8.0,50,9953.778376,1.0
-10.0,50,9954.319203,1.0
-8.0,50,9954.87658,1.0
-17.0,50,9955.409229,1.0
-2.0,50,9955.947294,1.0
-11.0,50,9956.479196,1.0
-6.0,50,9957.040284,1.0
-17.0,50,9957.571146,1.0
-7.0,50,9958.114849,1.0
-12.0,50,9958.655759,1.0
-10.0,50,9959.212936,1.0
-11.0,50,9959.751749,1.0
-12.0,50,9960.29489,1.0
-8.0,50,9960.83493,1.0
-9.0,50,9961.408272,1.0
-7.0,50,9961.940708,1.0
-9.0,50,9962.476073,1.0
-8.0,50,9963.008368,1.0
-9.0,50,9963.557255,1.0
-9.0,50,9964.087929,1.0
-18.0,50,9964.628186,1.0
-8.0,50,9965.163487,1.0
0.0,50,9965.720713,1.0
0.0,50,9966.258572,1.0
-12.0,50,9966.792018,1.0
-6.0,50,9967.328319,1.0
-11.0,50,9967.883449,1.0
-19.0,50,9968.426103,1.0
-7.0,50,9968.969541,1.0
-15.0,50,9969.503188,1.0
-6.0,50,9970.059015,1.0
-7.0,50,9970.601183,1.0
-14.0,50,9971.147654,1.0
-11.0,50,9971.688445,1.0
-7.0,50,9972.235111,1.0
-13.0,50,9972.781163,1.0
-10.0,50,9973.314785,1.0
-6.0,50,9973.844486,1.0
-16.0,50,9974.404366,1.0
-9.0,50,9974.945652,1.0
-11.0,50,9975.48688,1.0
-11.0,50,9976.031222,1.0
-13.0,50,9976.604451,1.0
-13.0,50,9977.150305,1.0
-9.0,50,9977.693463,1.0
-15.0,50,9978.221183,1.0
-8.0,50,9978.7782,1.0
-12.0,50,9979.31272,1.0
-6.0,50,9979.845801,1.0
-10.0,50,9980.382837,1.0
-10.0,50,9980.939532,1.0
-8.0,50,9981.471754,1.0
0.0,50,9982.012667,1.0
-14.0,50,9982.542699,1.0
-12.0,50,9983.087636,1.0
-9.0,50,9983.612526,1.0
-7.0,50,9984.142602,1.0
-11.0,50,9984.667547,1.0
0.0,50,9985.205235,1.0
-10.0,50,9985.732823,1.0
-4.0,50,9986.268697,1.0
-11.0,50,9986.793366,1.0
-4.0,50,9987.330848,1.0
0.0,50,9987.855172,1.0
-23.0,50,9988.381833,1.0
-9.0,50,9988.922082,1.0
-6.0,50,9989.477904,1.0
-15.0,50,9990.008193,1.0
-11.0,50,9990.54094,1.0
-9.0,50,9991.069425,1.0
-7.0,50,9991.614873,1.0
-16.0,50,9992.142112,1.0
-13.0,50,9992.677205,1.0
-10.0,50,9993.206745,1.0
0.0,50,9993.749803,1.0
-10.0,50,9994.280276,1.0
-7.0,50,9994.825086,1.0
-13.0,50,9995.36861,1.0
-13.0,50,9995.92175,1.0
0.0,50,9996.449449,1.0
-9.0,50,9996.981225,1.0
-18.0,50,9997.51374,1.0
-9.0,50,10000.303934,1.0
-9.0,50,10000.84763,1.0
-12.0,50,10001.390806,1.0
-10.0,50,10001.921919,1.0
-10.0,50,10002.473272,1.0
-8.0,50,10003.018405,1.0
-26.0,50,10003.559813,1.0
-13.0,50,10004.092982,1.0
-7.0,50,10004.641086,1.0
-7.0,50,10005.177579,1.0
-9.0,50,10005.70837,1.0
0.0,50,10006.241126,1.0
-13.0,50,10006.810337,1.0
-10.0,50,10007.348984,1.0
-15.0,50,10007.881592,1.0
-6.0,50,10008.41177,1.0
-12.0,50,10008.96445,1.0
-3.0,50,10009.489537,1.0
-7.0,50,10010.02145,1.0
-10.0,50,10010.552249,1.0
-24.0,50,10011.106481,1.0
-11.0,50,10011.640442,1.0
-10.0,50,10012.168395,1.0
-8.0,50,10012.698794,1.0
-11.0,50,10013.264606,1.0
-12.0,50,10013.800446,1.0
-9.0,50,10014.333832,1.0
-13.0,50,10014.880674,1.0
-9.0,50,10015.461147,1.0
0.0,50,10015.999638,1.0
-15.0,50,10016.535366,1.0
-7.0,50,10017.074337,1.0
-10.0,50,10017.636688,1.0
-11.0,50,10018.16765,1.0
-16.0,50,10018.708796,1.0
-7.0,50,10019.24974,1.0
-5.0,50,10019.807739,1.0
-6.0,50,10020.347241,1.0
0.0,50,10020.886377,1.0
-6.0,50,10021.43498,1.0
-7.0,50,10022.009961,1.0
-13.0,50,10022.538619,1.0
-10.0,50,10023.067289,1.0
-12.0,50,10023.604629,1.0
-17.0,50,10024.172733,1.0
-14.0,50,10024.712612,1.0
-14.0,50,10025.242494,1.0
-8.0,50,10025.7796,1.0
-9.0,50,10026.346047,1.0
-9.0,50,10026.887734,1.0
-6.0,50,10027.432999,1.0
-11.0,50,10027.970529,1.0
-10.0,50,10028.508965,1.0
-15.0,50,10029.040365,1.0
-20.0,50,10029.572728,1.0
-16.0,50,10030.11069,1.0
-4.0,50,10030.67365,1.0
-14.0,50,10031.201955,1.0
-11.0,50,10031.7383,1.0
-11.0,50,10032.269634,1.0
-8.0,50,10032.822531,1.0
-16.0,50,10033.356088,1.0
-9.0,50,10033.881518,1.0
-8.0,50,10034.416478,1.0
-13.0,50,10034.971532,1.0
-6.0,50,10035.4985,1.0
0.0,50,10036.045841,1.0
0.0,50,10036.583523,1.0
-10.0,50,10037.141895,1.0
0.0,50,10037.683224,1.0
-13.0,50,10038.22584,1.0
-3.0,50,10038.762389,1.0
-9.0,50,10039.309787,1.0
-8.0,50,10039.842918,1.0
-12.0,50,10040.379307,1.0
-17.0,50,10040.913663,1.0
0.0,50,10041.467955,1.0
-10.0,50,10042.001931,1.0
-26.0,50,10042.53664,1.0
-14.0,50,10043.069432,1.0
-5.0,50,10043.62644,1.0
-14.0,50,10044.169903,1.0
-9.0,50,10044.707207,1.0
-10.0,50,10045.243542,1.0
-7.0,50,10045.798476,1.0
-45.0,50,10046.333683,0.0
-8.0,50,10046.872115,1.0
-7.0,50,10047.414054,1.0
-12.0,50,10047.972631,1.0
-11.0,50,10048.511667,1.0
-22.0,50,10049.048504,1.0
-6.0,50,10049.58435,1.0
-5.0,50,10050.144069,1.0
-10.0,50,10050.678262,1.0
-9.0,50,10051.222388,1.0
-13.0,50,10051.766131,1.0
-6.0,50,10052.317423,1.0
-12.0,50,10052.86683,1.0
-11.0,50,10053.405696,1.0
0.0,50,10053.948627,1.0
-8.0,50,10054.511481,1.0
-14.0,50,10055.055566,1.0
-12.0,50,10055.594971,1.0
-13.0,50,10056.140671,1.0
-12.0,50,10056.70215,1.0
-4.0,50,10057.247969,1.0
-17.0,50,10057.793478,1.0
0.0,50,10058.32883,1.0
-9.0,50,10058.898932,1.0
-7.0,50,10059.432328,1.0
-9.0,50,10059.960004,1.0
-8.0,50,10060.485616,1.0
-12.0,50,10061.032239,1.0
-12.0,50,10061.562766,1.0
-8.0,50,10062.110925,1.0
-15.0,50,10062.648178,1.0
-12.0,50,10063.208086,1.0
-11.0,50,10063.734452,1.0
-11.0,50,10064.269455,1.0
-19.0,50,10064.801686,1.0
-17.0,50,10065.353825,1.0
-6.0,50,10065.891741,1.0
-15.0,50,10066.422412,1.0
-11.0,50,10066.957691,1.0
-10.0,50,10067.506633,1.0
-8.0,50,10068.033085,1.0
0.0,50,10068.567032,1.0
-13.0,50,10069.095406,1.0
-7.0,50,10069.64027,1.0
-3.0,50,10070.181429,1.0
-17.0,50,10070.713773,1.0
0.0,50,10071.247901,1.0
-8.0,50,10071.793406,1.0
-7.0,50,10072.33138,1.0
-13.0,50,10072.866029,1.0
0.0,50,10073.399267,1.0
-8.0,50,10073.953561,1.0
-10.0,50,10074.491772,1.0
-14.0,50,10075.028934,1.0
-13.0,50,10075.562743,1.0
-6.0,50,10076.122629,1.0
-8.0,50,10076.661826,1.0
-7.0,50,10077.19522,1.0
-16.0,50,10077.738923,1.0
-16.0,50,10078.283667,1.0
-9.0,50,10078.825345,1.0
-12.0,50,10079.360962,1.0
-10.0,50,10079.899828,1.0
-7.0,50,10080.45368,1.0
-6.0,50,10080.987663,1.0
-10.0,50,10081.516965,1.0
-13.0,50,10082.057753,1.0
-6.0,50,10082.626802,1.0
-11.0,50,10083.158513,1.0
-12.0,50,10083.698847,1.0
-10.0,50,10084.23268,1.0
-12.0,50,10084.785316,1.0
-7.0,50,10085.321693,1.0
-14.0,50,10085.863216,1.0
0.0,50,10086.400201,1.0
-6.0,50,10086.967519,1.0
-25.0,50,10087.505026,1.0
-7.0,50,10088.034809,1.0
-14.0,50,10088.572646,1.0
-8.0,50,10089.129036,1.0
-11.0,50,10089.66609,1.0
0.0,50,10090.203247,1.0
-9.0,50,10090.733467,1.0
-9.0,50,10091.292032,1.0
0.0,50,10091.815483,1.0
-13.0,50,10092.342197,1.0
-6.0,50,10092.87067,1.0
-12.0,50,10093.435406,1.0
-15.0,50,10093.972683,1.0
-12.0,50,10094.504457,1.0
-9.0,50,10095.029463,1.0
-9.0,50,10095.592632,1.0
-11.0,50,10096.118897,1.0
-5.0,50,10096.651784,1.0
-12.0,50,10097.182958,1.0
0.0,50,10097.787206,1.0
-11.0,50,10098.319294,1.0
-13.0,50,10098.855826,1.0
-9.0,50,10099.384058,1.0
-6.0,50,10099.9587,1.0
-9.0,50,10100.484764,1.0
-12.0,50,10101.010723,1.0
-6.0,50,10101.536594,1.0
-11.0,50,10102.095721,1.0
-9.0,50,10102.622036,1.0
-6.0,50,10103.149529,1.0
-13.0,50,10103.679382,1.0
-6.0,50,10104.252772,1.0
-15.0,50,10104.780947,1.0
-7.0,50,10105.307326,1.0
-11.0,50,10105.835877,1.0
-17.0,50,10106.402386,1.0
-9.0,50,10106.935505,1.0
-10.0,50,10107.471796,1.0
-10.0,50,10108.001987,1.0
-10.0,50,10110.857702,1.0
-11.0,50,10111.398147,1.0
-6.0,50,10111.935193,1.0
-14.0,50,10112.473626,1.0
-6.0,50,10113.054681,1.0
-5.0,50,10113.591664,1.0
-8.0,50,10114.129718,1.0
0.0,50,10114.664383,1.0
-6.0,50,10115.237964,1.0
-16.0,50,10115.771672,1.0
-12.0,50,10116.305925,1.0
0.0,50,10116.829535,1.0
-10.0,50,10117.395244,1.0
-7.0,50,10117.926782,1.0
-7.0,50,10118.467762,1.0
-15.0,50,10118.997024,1.0
-11.0,50,10119.566567,1.0
0.0,50,10120.096366,1.0
-16.0,50,10120.63499,1.0
-7.0,50,10121.168107,1.0
-12.0,50,10121.734742,1.0
-7.0,50,10122.268917,1.0
-12.0,50,10122.802732,1.0
0.0,50,10123.345783,1.0
0.0,50,10123.92117,1.0
0.0,50,10124.452271,1.0
-5.0,50,10124.981982,1.0
0.0,50,10125.517718,1.0
-11.0,50,10126.085318,1.0
-11.0,50,10126.615782,1.0
-7.0,50,10127.14965,1.0
-10.0,50,10127.679318,1.0
-7.0,50,10128.248219,1.0
-19.0,50,10128.775273,1.0
-10.0,50,10129.309238,1.0
0.0,50,10129.83689,1.0
0.0,50,10130.394296,1.0
-10.0,50,10130.922013,1.0
-9.0,50,10131.452857,1.0
-10.0,50,10131.983934,1.0
-7.0,50,10132.543404,1.0
-15.0,50,10133.077975,1.0
-8.0,50,10133.608185,1.0
-22.0,50,10134.137484,1.0
-7.0,50,10134.711498,1.0
-9.0,50,10135.245998,1.0
-7.0,50,10135.781802,1.0
-13.0,50,10136.315341,1.0
-7.0,50,10136.903672,1.0
-13.0,50,10137.431697,1.0
0.0,50,10137.961916,1.0
0.0,50,10138.491574,1.0
-10.0,50,10139.053616,1.0
-14.0,50,10139.583024,1.0
-7.0,50,10140.115377,1.0
-17.0,50,10140.645124,1.0
-6.0,50,10141.229213,1.0
-8.0,50,10141.758635,1.0
-11.0,50,10142.293027,1.0
-13.0,50,10142.821731,1.0
-10.0,50,10143.394762,1.0
-8.0,50,10143.930906,1.0
-13.0,50,10144.460307,1.0
-10.0,50,10144.987287,1.0
-8.0,50,10145.569165,1.0
-13.0,50,10146.103946,1.0
-13.0,50,10146.641133,1.0
-12.0,50,10147.167807,1.0
-12.0,50,10147.739885,1.0
-7.0,50,10148.26832,1.0
-8.0,50,10148.797301,1.0
-9.0,50,10149.326985,1.0
0.0,50,10149.912404,1.0
-18.0,50,10150.44648,1.0
-28.0,50,10150.979087,1.0
-12.0,50,10151.513932,1.0
-6.0,50,10152.085552,1.0
-14.0,50,10152.617054,1.0
-10.0,50,10153.153108,1.0
-16.0,50,10153.681851,1.0
-4.0,50,10154.255899,1.0
-14.0,50,10154.785935,1.0
-13.0,50,10155.315399,1.0
-9.0,50,10155.844725,1.0
-10.0,50,10156.421316,1.0
-12.0,50,10156.955198,1.0
-11.0,50,10157.493048,1.0
-13.0,50,10158.023762,1.0
-11.0,50,10158.621062,1.0
-6.0,50,10159.147849,1.0
-8.0,50,10159.680293,1.0
-6.0,50,10160.209796,1.0
-12.0,50,10160.785916,1.0
-50.0,50,10161.312443,0.0
-10.0,50,10161.84139,1.0
-7.0,50,10162.380104,1.0
-4.0,50,10162.947216,1.0
-9.0,50,10163.481768,1.0
-10.0,50,10164.009305,1.0
-11.0,50,10164.541154,1.0
-7.0,50,10165.11471,1.0
-10.0,50,10165.648101,1.0
-16.0,50,10166.183804,1.0
-15.0,50,10166.721091,1.0
-7.0,50,10167.299994,1.0
-5.0,50,10167.835126,1.0
-16.0,50,10168.36438,1.0
-15.0,50,10168.900604,1.0
-7.0,50,10169.485738,1.0
-8.0,50,10170.013716,1.0
-11.0,50,10170.543492,1.0
-21.0,50,10171.07905,1.0
-12.0,50,10171.646926,1.0
-12.0,50,10172.177451,1.0
-27.0,50,10172.709217,1.0
-15.0,50,10173.235489,1.0
-10.0,50,10173.816234,1.0
-9.0,50,10174.344167,1.0
-8.0,50,10174.881517,1.0
-9.0,50,10175.411455,1.0
-11.0,50,10176.015512,1.0
-7.0,50,10176.548785,1.0
-7.0,50,10177.085764,1.0
-6.0,50,10177.620454,1.0
0.0,50,10178.20319,1.0
-9.0,50,10178.729917,1.0
-11.0,50,10179.261435,1.0
-9.0,50,10179.789792,1.0
-9.0,50,10180.375353,1.0
-11.0,50,10180.910851,1.0
-6.0,50,10181.43719,1.0
-7.0,50,10181.967552,1.0
-11.0,50,10182.542432,1.0
-18.0,50,10183.076921,1.0
-7.0,50,10183.61143,1.0
-6.0,50,10184.145323,1.0
0.0,50,10184.728716,1.0
-5.0,50,10185.259082,1.0
-12.0,50,10185.791367,1.0
-11.0,50,10186.322444,1.0
-12.0,50,10186.906251,1.0
-10.0,50,10187.445691,1.0
-11.0,50,10187.981238,1.0
-5.0,50,10188.514627,1.0
-8.0,50,10189.075009,1.0
-8.0,50,10189.607324,1.0
0.0,50,10190.140281,1.0
-12.0,50,10190.675584,1.0
-10.0,50,10191.241114,1.0
-11.0,50,10191.776941,1.0
-9.0,50,10192.310576,1.0
-8.0,50,10192.849321,1.0
-12.0,50,10193.419101,1.0
-10.0,50,10193.951614,1.0
-12.0,50,10194.484665,1.0
-7.0,50,10195.021221,1.0
-11.0,50,10195.581072,1.0
-8.0,50,10196.11545,1.0
-10.0,50,10196.652266,1.0
-7.0,50,10197.182114,1.0
-12.0,50,10197.756659,1.0
-12.0,50,10198.284239,1.0
-14.0,50,10198.820387,1.0
-9.0,50,10199.358053,1.0
-5.0,50,10199.927033,1.0
-8.0,50,10200.464544,1.0
-13.0,50,10201.005754,1.0
-31.0,50,10201.550269,1.0
-6.0,50,10202.127709,1.0
-7.0,50,10202.668511,1.0
-7.0,50,10203.211448,1.0
-11.0,50,10203.751338,1.0
-5.0,50,10204.321071,1.0
-6.0,50,10204.867101,1.0
-17.0,50,10205.411628,1.0
-6.0,50,10205.960438,1.0
-6.0,50,10206.539885,1.0
-9.0,50,10207.077807,1.0
-6.0,50,10207.619219,1.0
-12.0,50,10208.163372,1.0
-11.0,50,10208.734051,1.0
-9.0,50,10209.280139,1.0
-11.0,50,10209.82129,1.0
-10.0,50,10210.363329,1.0
-9.0,50,10210.96569,1.0
-8.0,50,10211.504444,1.0
-6.0,50,10212.050369,1.0
-7.0,50,10212.593688,1.0
-11.0,50,10213.168975,1.0
-11.0,50,10213.714649,1.0
-10.0,50,10214.258951,1.0
-4.0,50,10214.799773,1.0
-6.0,50,10215.370027,1.0
-10.0,50,10215.911283,1.0
-8.0,50,10216.443673,1.0
-7.0,50,10216.986921,1.0
-14.0,50,10217.563902,1.0
-16.0,50,10218.102304,1.0
-17.0,50,10218.639579,1.0
-14.0,50,10219.180928,1.0
-16.0,50,10221.992138,1.0
-11.0,50,10222.532832,1.0
-14.0,50,10223.072886,1.0
0.0,50,10223.607812,1.0
-3.0,50,10224.188412,1.0
0.0,50,10224.725724,1.0
-5.0,50,10225.264914,1.0
-13.0,50,10225.807281,1.0
-6.0,50,10226.366495,1.0
-9.0,50,10226.905718,1.0
-5.0,50,10227.44962,1.0
-4.0,50,10227.996979,1.0
-7.0,50,10228.57547,1.0
-6.0,50,10229.116215,1.0
-22.0,50,10229.659905,1.0
-9.0,50,10230.198926,1.0
-11.0,50,10230.776646,1.0
-5.0,50,10231.323074,1.0
-9.0,50,10231.865,1.0
-10.0,50,10232.405034,1.0
-10.0,50,10232.989315,1.0
-11.0,50,10233.529429,1.0
-11.0,50,10234.075067,1.0
-9.0,50,10234.622506,1.0
-8.0,50,10235.200779,1.0
-7.0,50,10235.741172,1.0
-10.0,50,10236.290757,1.0
-30.0,50,10236.83253,1.0
0.0,50,10237.399846,1.0
-15.0,50,10237.939183,1.0
-11.0,50,10238.477432,1.0
-6.0,50,10239.015779,1.0
-7.0,50,10239.586794,1.0
-26.0,50,10240.128305,1.0
-16.0,50,10240.666871,1.0
-10.0,50,10241.204574,1.0
-14.0,50,10241.773135,1.0
-12.0,50,10242.31461,1.0
-13.0,50,10242.853553,1.0
0.0,50,10243.393673,1.0
-8.0,50,10243.956607,1.0
-3.0,50,10244.496645,1.0
-11.0,50,10245.035356,1.0
-9.0,50,10245.574991,1.0
-20.0,50,10246.139386,1.0
-8.0,50,10246.679684,1.0
-15.0,50,10247.221506,1.0
-17.0,50,10247.761456,1.0
-6.0,50,10248.331756,1.0
-8.0,50,10248.861074,1.0
-6.0,50,10249.393774,1.0
-13.0,50,10249.925599,1.0
0.0,50,10250.478632,1.0
-9.0,50,10251.005341,1.0
-4.0,50,10251.532042,1.0
-9.0,50,10252.060783,1.0
0.0,50,10252.6264,1.0
-13.0,50,10253.157374,1.0
-5.0,50,10253.689191,1.0
-10.0,50,10254.219244,1.0
-11.0,50,10254.781918,1.0
-20.0,50,10255.311686,1.0
-7.0,50,10255.838812,1.0
-4.0,50,10256.367546,1.0
0.0,50,10256.922748,1.0
-16.0,50,10257.455598,1.0
-6.0,50,10257.991678,1.0
0.0,50,10258.523423,1.0
-9.0,50,10259.091362,1.0
-8.0,50,10259.616036,1.0
-6.0,50,10260.144809,1.0
-6.0,50,10260.671276,1.0
-10.0,50,10261.241307,1.0
-6.0,50,10261.772295,1.0
-14.0,50,10262.307537,1.0
-8.0,50,10262.838781,1.0
-14.0,50,10263.407315,1.0
-11.0,50,10263.931208,1.0
-11.0,50,10264.461305,1.0
-10.0,50,10264.989247,1.0
-11.0,50,10265.553472,1.0
-6.0,50,10266.095348,1.0
-7.0,50,10266.625761,1.0
-5.0,50,10267.157472,1.0
-12.0,50,10267.733253,1.0
-9.0,50,10268.271615,1.0
-6.0,50,10268.81265,1.0
-14.0,50,10269.345622,1.0
-11.0,50,10269.9117,1.0
-7.0,50,10270.446705,1.0
-7.0,50,10270.98645,1.0
-11.0,50,10271.52553,1.0
-14.0,50,10272.094328,1.0
-12.0,50,10272.626462,1.0
-13.0,50,10273.159186,1.0
-8.0,50,10273.691432,1.0
-7.0,50,10274.270569,1.0
-5.0,50,10274.802366,1.0
-14.0,50,10275.338425,1.0
-9.0,50,10275.874272,1.0
-12.0,50,10276.44548,1.0
-4.0,50,10276.978291,1.0
-12.0,50,10277.513994,1.0
-7.0,50,10278.067913,1.0
-12.0,50,10278.660646,1.0
-12.0,50,10279.204917,1.0
-3.0,50,10279.742194,1.0
-11.0,50,10280.282187,1.0
-15.0,50,10280.84387,1.0
-24.0,50,10281.386024,1.0
0.0,50,10281.935579,1.0
-13.0,50,10282.476319,1.0
-9.0,50,10283.063283,1.0
-12.0,50,10283.609397,1.0
0.0,50,10284.149397,1.0
-6.0,50,10284.690969,1.0
-8.0,50,10285.288453,1.0
-7.0,50,10285.831096,1.0
-13.0,50,10286.373393,1.0
-21.0,50,10286.916537,1.0
-7.0,50,10287.516098,1.0
-14.0,50,10288.055745,1.0
-11.0,50,10288.594275,1.0
-11.0,50,10289.140188,1.0
-7.0,50,10289.701155,1.0
-5.0,50,10290.245863,1.0
-10.0,50,10290.783167,1.0
-13.0,50,10291.322314,1.0
-7.0,50,10291.894608,1.0
-11.0,50,10292.431466,1.0
-1.0,50,10292.967117,1.0
-15.0,50,10293.505329,1.0
-7.0,50,10294.090266,1.0
-11.0,50,10294.633735,1.0
-13.0,50,10295.175672,1.0
-7.0,50,10295.719009,1.0
-21.0,50,10296.291967,1.0
-7.0,50,10296.828136,1.0
-11.0,50,10297.375026,1.0
-8.0,50,10297.921983,1.0
-10.0,50,10298.483299,1.0
-11.0,50,10299.025848,1.0
-9.0,50,10299.574673,1.0
-15.0,50,10300.114234,1.0
-10.0,50,10300.693385,1.0
-9.0,50,10301.236038,1.0
-11.0,50,10301.775378,1.0
-13.0,50,10302.313658,1.0
-13.0,50,10302.889589,1.0
-16.0,50,10303.433695,1.0
-6.0,50,10303.973907,1.0
-9.0,50,10304.512173,1.0
-13.0,50,10305.076327,1.0
-14.0,50,10305.603845,1.0
-7.0,50,10306.130419,1.0
-37.0,50,10306.667664,1.0
-3.0,50,10307.247977,1.0
-9.0,50,10307.779638,1.0
-10.0,50,10308.315967,1.0
-14.0,50,10308.844265,1.0
-4.0,50,10309.428469,1.0
-13.0,50,10309.961642,1.0
-7.0,50,10310.489471,1.0
-8.0,50,10311.020631,1.0
-13.0,50,10311.59089,1.0
-10.0,50,10312.11858,1.0
-9.0,50,10312.647906,1.0
-11.0,50,10313.173759,1.0
-14.0,50,10313.733582,1.0
-8.0,50,10314.264597,1.0
-5.0,50,10314.790936,1.0
-9.0,50,10315.323256,1.0
-11.0,50,10315.880587,1.0
-7.0,50,10316.414971,1.0
-11.0,50,10316.945423,1.0
-7.0,50,10317.482942,1.0
-11.0,50,10318.05243,1.0
0.0,50,10318.588893,1.0
-13.0,50,10319.130502,1.0
-7.0,50,10319.66361,1.0
-10.0,50,10320.235518,1.0
0.0,50,10320.774911,1.0
-13.0,50,10321.300894,1.0
0.0,50,10321.829883,1.0
-10.0,50,10322.398979,1.0
-10.0,50,10322.933671,1.0
-13.0,50,10323.467742,1.0
-6.0,50,10324.003775,1.0
-13.0,50,10324.576048,1.0
-6.0,50,10325.110878,1.0
-10.0,50,10325.651839,1.0
-13.0,50,10326.186688,1.0
-11.0,50,10326.755586,1.0
-13.0,50,10327.285475,1.0
-4.0,50,10327.815983,1.0
-18.0,50,10328.34891,1.0
-10.0,50,10328.945698,1.0
-6.0,50,10329.481144,1.0
-13.0,50,10330.011503,1.0
-15.0,50,10330.54564,1.0
-8.0,50,10333.429095,1.0
-17.0,50,10333.957403,1.0
-5.0,50,10334.484166,1.0
-11.0,50,10335.012022,1.0
-5.0,50,10335.57745,1.0
-6.0,50,10336.105644,1.0
-5.0,50,10336.63079,1.0
-15.0,50,10337.156331,1.0
-10.0,50,10337.714572,1.0
-9.0,50,10338.238365,1.0
-9.0,50,10338.771534,1.0
-11.0,50,10339.296404,1.0
-22.0,50,10339.860743,1.0
-13.0,50,10340.387944,1.0
-15.0,50,10340.918431,1.0
-24.0,50,10341.447005,1.0
-12.0,50,10342.015651,1.0
0.0,50,10342.542078,1.0
-10.0,50,10343.075732,1.0
-9.0,50,10343.60043,1.0
-7.0,50,10344.162365,1.0
-8.0,50,10344.687782,1.0
-10.0,50,10345.216805,1.0
-9.0,50,10345.743431,1.0
-6.0,50,10346.299615,1.0
-14.0,50,10346.826261,1.0
0.0,50,10347.353619,1.0
-9.0,50,10347.881583,1.0
-11.0,50,10348.448495,1.0
-9.0,50,10348.975812,1.0
-13.0,50,10349.503626,1.0
-15.0,50,10350.028521,1.0
-12.0,50,10350.580772,1.0
-9.0,50,10351.112855,1.0
-16.0,50,10351.6391,1.0
-12.0,50,10352.171979,1.0
-8.0,50,10352.748785,1.0
-9.0,50,10353.275133,1.0
-18.0,50,10353.809393,1.0
-24.0,50,10354.340618,1.0
-5.0,50,10354.902896,1.0
-10.0,50,10355.433708,1.0
-12.0,50,10355.956345,1.0
0.0,50,10356.486199,1.0
-10.0,50,10357.051073,1.0
0.0,50,10357.582344,1.0
-11.0,50,10358.115335,1.0
-11.0,50,10358.63847,1.0
-4.0,50,10359.196909,1.0
-7.0,50,10359.721064,1.0
-18.0,50,10360.247349,1.0
-8.0,50,10360.771643,1.0
-8.0,50,10361.33705,1.0
-12.0,50,10361.862832,1.0
-10.0,50,10362.390146,1.0
-7.0,50,10362.917173,1.0
-8.0,50,10363.485105,1.0
-8.0,50,10364.013225,1.0
-7.0,50,10364.539928,1.0
-8.0,50,10365.070701,1.0
-13.0,50,10365.6375,1.0
-20.0,50,10366.16555,1.0
-11.0,50,10366.697742,1.0
-5.0,50,10367.22538,1.0
-9.0,50,10367.794113,1.0
-11.0,50,10368.324756,1.0
-8.0,50,10368.859851,1.0
-8.0,50,10369.398819,1.0
-8.0,50,10369.965821,1.0
-5.0,50,10370.498598,1.0
-6.0,50,10371.029316,1.0
-8.0,50,10371.55373,1.0
-4.0,50,10372.121162,1.0
-5.0,50,10372.65176,1.0
-10.0,50,10373.181828,1.0
-7.0,50,10373.713458,1.0
-7.0,50,10374.280696,1.0
-9.0,50,10374.806009,1.0
-11.0,50,10375.332082,1.0
-11.0,50,10375.860755,1.0
-6.0,50,10376.434491,1.0
0.0,50,10376.966923,1.0
-10.0,50,10377.500787,1.0
-4.0,50,10378.03003,1.0
-11.0,50,10378.607167,1.0
-15.0,50,10379.155645,1.0
-9.0,50,10379.700803,1.0
-11.0,50,10380.247336,1.0
-10.0,50,10380.846422,1.0
-11.0,50,10381.387994,1.0
-10.0,50,10381.939843,1.0
-8.0,50,10382.483516,1.0
-15.0,50,10383.065035,1.0
-23.0,50,10383.613929,1.0
-12.0,50,10384.155375,1.0
-13.0,50,10384.69839,1.0
-9.0,50,10385.26635,1.0
-5.0,50,10385.807296,1.0
-10.0,50,10386.349654,1.0
-7.0,50,10386.891185,1.0
0.0,50,10387.473462,1.0
-13.0,50,10388.003263,1.0
-13.0,50,10388.535147,1.0
-16.0,50,10389.059759,1.0
-12.0,50,10389.617816,1.0
-9.0,50,10390.142579,1.0
-12.0,50,10390.675355,1.0
-18.0,50,10391.204283,1.0
-8.0,50,10391.750626,1.0
-10.0,50,10392.276732,1.0
0.0,50,10392.811344,1.0
-42.0,50,10393.351215,0.0
-8.0,50,10393.900696,1.0
-14.0,50,10394.437231,1.0
-13.0,50,10394.963133,1.0
-9.0,50,10395.491292,1.0
-8.0,50,10396.06156,1.0
-6.0,50,10396.586948,1.0
-18.0,50,10397.116707,1.0
-12.0,50,10397.650674,1.0
-11.0,50,10398.221718,1.0
-9.0,50,10398.748714,1.0
-6.0,50,10399.273737,1.0
-9.0,50,10399.803617,1.0
-12.0,50,10400.370698,1.0
-10.0,50,10400.899677,1.0
-12.0,50,10401.426812,1.0
-6.0,50,10401.94991,1.0
-7.0,50,10402.513162,1.0
-30.0,50,10403.040078,1.0
-8.0,50,10403.568002,1.0
-6.0,50,10404.091901,1.0
-5.0,50,10404.64968,1.0
0.0,50,10405.176069,1.0
-9.0,50,10405.702596,1.0
-10.0,50,10406.228712,1.0
-12.0,50,10406.785998,1.0
-9.0,50,10407.310877,1.0
-8.0,50,10407.839021,1.0
-9.0,50,10408.362831,1.0
-33.0,50,10408.927605,1.0
-15.0,50,10409.450504,1.0
-7.0,50,10409.970726,1.0
-11.0,50,10410.499102,1.0
-12.0,50,10411.066502,1.0
-8.0,50,10411.591892,1.0
-7.0,50,10412.117219,1.0
-8.0,50,10412.651796,1.0
0.0,50,10413.205271,1.0
-14.0,50,10413.728062,1.0
-10.0,50,10414.25475,1.0
-8.0,50,10414.78077,1.0
-13.0,50,10415.341604,1.0
-12.0,50,10415.865624,1.0
-10.0,50,10416.395555,1.0
-6.0,50,10416.917746,1.0
-9.0,50,10417.472235,1.0
-10.0,50,10417.99575,1.0
0.0,50,10418.520717,1.0
-17.0,50,10419.041296,1.0
-14.0,50,10419.599865,1.0
0.0,50,10420.125978,1.0
-7.0,50,10420.648505,1.0
-12.0,50,10421.172135,1.0
0.0,50,10421.739405,1.0
-10.0,50,10422.265347,1.0
-8.0,50,10422.793315,1.0
-9.0,50,10423.319628,1.0
-4.0,50,10423.907447,1.0
-11.0,50,10424.436874,1.0
-12.0,50,10424.9649,1.0
-10.0,50,10425.489983,1.0
-19.0,50,10426.057866,1.0
-15.0,50,10426.586,1.0
-8.0,50,10427.113519,1.0
-19.0,50,10427.644135,1.0
-13.0,50,10428.201924,1.0
-12.0,50,10428.730137,1.0
-12.0,50,10429.256773,1.0
-6.0,50,10429.786078,1.0
-11.0,50,10430.337899,1.0
-8.0,50,10430.865177,1.0
-15.0,50,10431.395265,1.0
-11.0,50,10431.927393,1.0
-6.0,50,10432.486384,1.0
-5.0,50,10433.012195,1.0
-15.0,50,10433.54022,1.0
-11.0,50,10434.068375,1.0
0.0,50,10434.631003,1.0
-5.0,50,10435.158293,1.0
-10.0,50,10435.686909,1.0
-9.0,50,10436.219983,1.0
-9.0,50,10436.784342,1.0
-12.0,50,10437.313755,1.0
-12.0,50,10437.840917,1.0
-11.0,50,10438.368385,1.0
0.0,50,10438.931742,1.0
-20.0,50,10439.457963,1.0
-14.0,50,10439.985809,1.0
-7.0,50,10440.525367,1.0
-8.0,50,10443.433794,1.0
-10.0,50,10443.966675,1.0
-6.0,50,10444.49822,1.0
-12.0,50,10445.033635,1.0
-13.0,50,10445.616285,1.0
-11.0,50,10446.149731,1.0
-13.0,50,10446.685248,1.0
-40.0,50,10447.229974,0.0
-14.0,50,10447.799481,1.0
-8.0,50,10448.327042,1.0
-18.0,50,10448.849878,1.0
-7.0,50,10449.37495,1.0
-19.0,50,10449.938774,1.0
-13.0,50,10450.468003,1.0
-8.0,50,10450.993973,1.0
-11.0,50,10451.527857,1.0
-19.0,50,10452.098307,1.0
-11.0,50,10452.623741,1.0
-6.0,50,10453.153355,1.0
-17.0,50,10453.679675,1.0
-12.0,50,10454.252034,1.0
-7.0,50,10454.782434,1.0
-8.0,50,10455.307056,1.0
-10.0,50,10455.827906,1.0
-12.0,50,10456.391272,1.0
-10.0,50,10456.919032,1.0
-15.0,50,10457.450008,1.0
-8.0,50,10457.97531,1.0
-13.0,50,10458.54843,1.0
-11.0,50,10459.075777,1.0
-28.0,50,10459.611822,1.0
-12.0,50,10460.143381,1.0
-5.0,50,10460.708329,1.0
-9.0,50,10461.236255,1.0
-12.0,50,10461.76544,1.0
-9.0,50,10462.292706,1.0
-20.0,50,10462.856749,1.0
-8.0,50,10463.383131,1.0
-9.0,50,10463.90855,1.0
-8.0,50,10464.434355,1.0
0.0,50,10464.995327,1.0
-7.0,50,10465.520078,1.0
-12.0,50,10466.051238,1.0
-9.0,50,10466.574749,1.0
-5.0,50,10467.134227,1.0
-13.0,50,10467.658447,1.0
-36.0,50,10468.187412,1.0
-10.0,50,10468.711036,1.0
-5.0,50,10469.265958,1.0
-6.0,50,10469.794583,1.0
-6.0,50,10470.324591,1.0
-13.0,50,10470.853474,1.0
-8.0,50,10471.426347,1.0
-8.0,50,10471.951407,1.0
-9.0,50,10472.475148,1.0
-13.0,50,10472.999431,1.0
0.0,50,10473.54922,1.0
-11.0,50,10474.071549,1.0
-12.0,50,10474.599003,1.0
-7.0,50,10475.131339,1.0
-8.0,50,10475.692199,1.0
-10.0,50,10476.21958,1.0
-7.0,50,10476.742067,1.0
-7.0,50,10477.266754,1.0
-15.0,50,10477.82817,1.0
-13.0,50,10478.356116,1.0
-15.0,50,10478.884613,1.0
-11.0,50,10479.409025,1.0
0.0,50,10479.973572,1.0
-7.0,50,10480.502623,1.0
-4.0,50,10481.028342,1.0
-17.0,50,10481.555619,1.0
0.0,50,10482.118601,1.0
-11.0,50,10482.646873,1.0
-13.0,50,10483.197514,1.0
-15.0,50,10483.740246,1.0
0.0,50,10484.329891,1.0
-9.0,50,10484.874714,1.0
-17.0,50,10485.420411,1.0
-10.0,50,10485.964049,1.0
-8.0,50,10486.548995,1.0
-8.0,50,10487.098719,1.0
-2.0,50,10487.641464,1.0
-15.0,50,10488.169588,1.0
-21.0,50,10488.741197,1.0
-10.0,50,10489.268985,1.0
-4.0,50,10489.797995,1.0
-10.0,50,10490.32204,1.0
-9.0,50,10490.90268,1.0
-9.0,50,10491.429136,1.0
-8.0,50,10491.955894,1.0
-12.0,50,10492.487274,1.0
0.0,50,10493.075166,1.0
-8.0,50,10493.603235,1.0
-23.0,50,10494.138403,1.0
-10.0,50,10494.666932,1.0
-8.0,50,10495.239126,1.0
-19.0,50,10495.765094,1.0
-22.0,50,10496.292991,1.0
-11.0,50,10496.823246,1.0
-10.0,50,10497.39052,1.0
-7.0,50,10497.921516,1.0
-14.0,50,10498.451509,1.0
-12.0,50,10498.977009,1.0
-11.0,50,10499.551972,1.0
-8.0,50,10500.086223,1.0
-15.0,50,10500.616228,1.0
-10.0,50,10501.143697,1.0
-13.0,50,10501.71493,1.0
-9.0,50,10502.250402,1.0
-10.0,50,10502.782235,1.0
-12.0,50,10503.305573,1.0
-9.0,50,10503.881379,1.0
-7.0,50,10504.40858,1.0
-5.0,50,10504.937339,1.0
-9.0,50,10505.472358,1.0
-12.0,50,10506.05844,1.0
-8.0,50,10506.603744,1.0
-11.0,50,10507.15321,1.0
-9.0,50,10507.698975,1.0
-11.0,50,10508.285407,1.0
-11.0,50,10508.834346,1.0
0.0,50,10509.38025,1.0
-11.0,50,10509.92662,1.0
-11.0,50,10510.531446,1.0
-13.0,50,10511.081767,1.0
-7.0,50,10511.628465,1.0
-6.0,50,10512.170717,1.0
-9.0,50,10512.757352,1.0
-5.0,50,10513.306434,1.0
-9.0,50,10513.849442,1.0
-1.0,50,10514.39898,1.0
-19.0,50,10514.989373,1.0
-6.0,50,10515.537578,1.0
-12.0,50,10516.086024,1.0
-10.0,50,10516.630039,1.0
-11.0,50,10517.220191,1.0
-10.0,50,10517.769501,1.0
-6.0,50,10518.311878,1.0
-8.0,50,10518.861331,1.0
-8.0,50,10519.445962,1.0
-13.0,50,10519.992902,1.0
-15.0,50,10520.540316,1.0
-13.0,50,10521.087495,1.0
-12.0,50,10521.676752,1.0
-5.0,50,10522.227504,1.0
-8.0,50,10522.769487,1.0
-16.0,50,10523.319139,1.0
0.0,50,10523.897685,1.0
-10.0,50,10524.445273,1.0
-11.0,50,10524.992413,1.0
0.0,50,10525.540474,1.0
-11.0,50,10526.129534,1.0
-5.0,50,10526.678916,1.0
-14.0,50,10527.223008,1.0
-11.0,50,10527.771286,1.0
-16.0,50,10528.358694,1.0
-4.0,50,10528.90532,1.0
-6.0,50,10529.45614,1.0
-4.0,50,10530.002951,1.0
-10.0,50,10530.586971,1.0
-8.0,50,10531.138334,1.0
-10.0,50,10531.684802,1.0
-15.0,50,10532.235995,1.0
-20.0,50,10532.825078,1.0
-11.0,50,10533.376719,1.0
-17.0,50,10533.919929,1.0
-11.0,50,10534.467015,1.0
-12.0,50,10535.0546,1.0
-11.0,50,10535.597548,1.0
-8.0,50,10536.148923,1.0
-7.0,50,10536.698556,1.0
-11.0,50,10537.289513,1.0
-15.0,50,10537.837821,1.0
-7.0,50,10538.382362,1.0
-16.0,50,10538.930026,1.0
-11.0,50,10539.524009,1.0
-11.0,50,10540.071544,1.0
-11.0,50,10540.622309,1.0
-11.0,50,10541.168611,1.0
-18.0,50,10541.759089,1.0
-10.0,50,10542.307561,1.0
-11.0,50,10542.857726,1.0
-11.0,50,10543.405937,1.0
-14.0,50,10543.973596,1.0
-9.0,50,10544.523085,1.0
-15.0,50,10545.067131,1.0
-5.0,50,10545.611814,1.0
-5.0,50,10546.210202,1.0
-15.0,50,10546.753653,1.0
-8.0,50,10547.299857,1.0
-10.0,50,10547.84657,1.0
-8.0,50,10548.430057,1.0
0.0,50,10548.980643,1.0
-8.0,50,10549.530053,1.0
-12.0,50,10550.079449,1.0
0.0,50,10550.658125,1.0
-9.0,50,10551.21089,1.0
-5.0,50,10551.757385,1.0
-8.0,50,10552.302604,1.0
-33.0,50,10555.20059,1.0
-10.0,50,10555.749876,1.0
-11.0,50,10556.298481,1.0
-14.0,50,10556.848447,1.0
-7.0,50,10557.424857,1.0
-8.0,50,10557.9482,1.0
-15.0,50,10558.474571,1.0
-7.0,50,10559.00732,1.0
-7.0,50,10559.579103,1.0
-8.0,50,10560.114525,1.0
-11.0,50,10560.671137,1.0
-6.0,50,10561.218784,1.0
-14.0,50,10561.811574,1.0
-11.0,50,10562.358496,1.0
-7.0,50,10562.908814,1.0
-9.0,50,10563.458869,1.0
-14.0,50,10564.040552,1.0
-10.0,50,10564.587015,1.0
0.0,50,10565.139895,1.0
-11.0,50,10565.691636,1.0
-12.0,50,10566.294538,1.0
-11.0,50,10566.840491,1.0
-8.0,50,10567.382761,1.0
-12.0,50,10567.935076,1.0
-3.0,50,10568.518805,1.0
-18.0,50,10569.070044,1.0
-7.0,50,10569.611675,1.0
-14.0,50,10570.141299,1.0
0.0,50,10570.707183,1.0
-14.0,50,10571.244546,1.0
-9.0,50,10571.789621,1.0
-16.0,50,10572.333476,1.0
-7.0,50,10572.941979,1.0
-21.0,50,10573.492834,1.0
-9.0,50,10574.044653,1.0
-8.0,50,10574.597044,1.0
-50.0,50,10575.174672,0.0
-15.0,50,10575.71984,1.0
-13.0,50,10576.266969,1.0
-14.0,50,10576.808323,1.0
-13.0,50,10577.393621,1.0
-10.0,50,10577.924652,1.0
-10.0,50,10578.452396,1.0
-9.0,50,10578.972541,1.0
-12.0,50,10579.541523,1.0
0.0,50,10580.065388,1.0
-16.0,50,10580.59036,1.0
-8.0,50,10581.125631,1.0
-7.0,50,10581.686469,1.0
0.0,50,10582.218666,1.0
-12.0,50,10582.750138,1.0
-10.0,50,10583.283733,1.0
-23.0,50,10583.861773,1.0
-12.0,50,10584.396505,1.0
-13.0,50,10584.921429,1.0
-7.0,50,10585.449364,1.0
-14.0,50,10585.998083,1.0
-12.0,50,10586.525484,1.0
-11.0,50,10587.052963,1.0
-6.0,50,10587.576773,1.0
0.0,50,10588.150353,1.0
-18.0,50,10588.680319,1.0
-14.0,50,10589.210729,1.0
-8.0,50,10589.738719,1.0
0.0,50,10590.298424,1.0
-8.0,50,10590.831736,1.0
-15.0,50,10591.362599,1.0
-4.0,50,10591.894465,1.0
-7.0,50,10592.464008,1.0
-7.0,50,10592.99186,1.0
-7.0,50,10593.521012,1.0
-9.0,50,10594.042971,1.0
-10.0,50,10594.602681,1.0
-16.0,50,10595.127256,1.0
0.0,50,10595.654744,1.0
-12.0,50,10596.181948,1.0
-9.0,50,10596.745333,1.0
-10.0,50,10597.273559,1.0
-4.0,50,10597.79576,1.0
-8.0,50,10598.325512,1.0
-9.0,50,10598.893119,1.0
-12.0,50,10599.425197,1.0
-12.0,50,10599.954834,1.0
-14.0,50,10600.478787,1.0
-7.0,50,10601.050441,1.0
-9.0,50,10601.573864,1.0
-12.0,50,10602.107447,1.0
-9.0,50,10602.638558,1.0
-15.0,50,10603.212552,1.0
-17.0,50,10603.742685,1.0
-14.0,50,10604.273716,1.0
-9.0,50,10604.798971,1.0
-6.0,50,10605.3698,1.0
-12.0,50,10605.894533,1.0
-11.0,50,10606.420063,1.0
-14.0,50,10606.946774,1.0
-11.0,50,10607.52097,1.0
-12.0,50,10608.051892,1.0
-10.0,50,10608.582661,1.0
-13.0,50,10609.11426,1.0
-11.0,50,10609.688591,1.0
-9.0,50,10610.216797,1.0
-10.0,50,10610.742742,1.0
-20.0,50,10611.268752,1.0
-7.0,50,10611.832447,1.0
-7.0,50,10612.359256,1.0
-9.0,50,10612.886889,1.0
-13.0,50,10613.41625,1.0
-7.0,50,10613.981082,1.0
-7.0,50,10614.511145,1.0
0.0,50,10615.036013,1.0
-9.0,50,10615.563095,1.0
-33.0,50,10616.129563,1.0
-10.0,50,10616.654347,1.0
-8.0,50,10617.180342,1.0
-9.0,50,10617.710129,1.0
0.0,50,10618.284481,1.0
-11.0,50,10618.810497,1.0
0.0,50,10619.339726,1.0
-8.0,50,10619.88285,1.0
-6.0,50,10620.457924,1.0
-14.0,50,10620.983255,1.0
-6.0,50,10621.519288,1.0
-12.0,50,10622.049608,1.0
-8.0,50,10622.620171,1.0
-11.0,50,10623.145685,1.0
-10.0,50,10623.683898,1.0
-50.0,50,10624.234726,0.0
-10.0,50,10624.813519,1.0
-10.0,50,10625.360114,1.0
-6.0,50,10625.902069,1.0
-10.0,50,10626.442141,1.0
0.0,50,10627.008075,1.0
-12.0,50,10627.546526,1.0
-14.0,50,10628.091105,1.0
-16.0,50,10628.635661,1.0
-12.0,50,10629.210576,1.0
-4.0,50,10629.747461,1.0
-19.0,50,10630.286633,1.0
-15.0,50,10630.821761,1.0
-12.0,50,10631.398169,1.0
-12.0,50,10631.934459,1.0
-7.0,50,10632.484316,1.0
-13.0,50,10633.040567,1.0
-10.0,50,10633.635836,1.0
-2.0,50,10634.169548,1.0
-4.0,50,10634.704329,1.0
-12.0,50,10635.244029,1.0
-13.0,50,10635.822929,1.0
-12.0,50,10636.350589,1.0
-5.0,50,10636.878035,1.0
-6.0,50,10637.423313,1.0
-2.0,50,10638.002055,1.0
-4.0,50,10638.534499,1.0
-12.0,50,10639.071602,1.0
-9.0,50,10639.610552,1.0
-12.0,50,10640.192127,1.0
-7.0,50,10640.731579,1.0
-6.0,50,10641.272164,1.0
0.0,50,10641.811766,1.0
-13.0,50,10642.383447,1.0
-12.0,50,10642.921684,1.0
-10.0,50,10643.452704,1.0
-7.0,50,10643.982359,1.0
-18.0,50,10644.5563,1.0
-13.0,50,10645.082064,1.0
-20.0,50,10645.609881,1.0
-18.0,50,10646.140667,1.0
-13.0,50,10646.709544,1.0
-11.0,50,10647.234939,1.0
-5.0,50,10647.760748,1.0
-11.0,50,10648.288167,1.0
-8.0,50,10648.862118,1.0
-9.0,50,10649.387545,1.0
-5.0,50,10649.91662,1.0
-9.0,50,10650.450078,1.0
-11.0,50,10651.024839,1.0
-7.0,50,10651.552116,1.0
-13.0,50,10652.078622,1.0
-11.0,50,10652.608659,1.0
-14.0,50,10653.187545,1.0
-5.0,50,10653.71377,1.0
-12.0,50,10654.239391,1.0
-10.0,50,10654.764754,1.0
-11.0,50,10655.33587,1.0
-11.0,50,10655.869005,1.0
-9.0,50,10656.394605,1.0
-9.0,50,10656.932122,1.0
-8.0,50,10657.516256,1.0
-10.0,50,10658.046162,1.0
-8.0,50,10658.573066,1.0
-6.0,50,10659.106085,1.0
-18.0,50,10659.680624,1.0
-13.0,50,10660.213398,1.0
-6.0,50,10660.750491,1.0
-9.0,50,10661.277792,1.0
-13.0,50,10661.848203,1.0
-14.0,50,10662.376824,1.0
0.0,50,10662.90909,1.0
-9.0,50,10663.441739,1.0
-11.0,50,10666.338227,1.0
-22.0,50,10666.873337,1.0
-19.0,50,10667.403313,1.0
-6.0,50,10667.92855,1.0
-7.0,50,10668.512212,1.0
-8.0,50,10669.044977,1.0
-10.0,50,10669.575583,1.0
-10.0,50,10670.105587,1.0
0.0,50,10670.689286,1.0
-6.0,50,10671.218057,1.0
-6.0,50,10671.749258,1.0
-6.0,50,10672.283148,1.0
-7.0,50,10672.857832,1.0
-5.0,50,10673.399694,1.0
-7.0,50,10673.938949,1.0
-8.0,50,10674.477267,1.0
0.0,50,10675.056337,1.0
-10.0,50,10675.594395,1.0
-6.0,50,10676.135592,1.0
-11.0,50,10676.682655,1.0
-15.0,50,10677.260745,1.0
-9.0,50,10677.797277,1.0
-15.0,50,10678.336063,1.0
-7.0,50,10678.873404,1.0
-6.0,50,10679.453698,1.0
-7.0,50,10679.994441,1.0
-12.0,50,10680.526755,1.0
-6.0,50,10681.059308,1.0
-10.0,50,10681.6227,1.0
-11.0,50,10682.149168,1.0
-10.0,50,10682.672911,1.0
-11.0,50,10683.206019,1.0
0.0,50,10683.771388,1.0
-5.0,50,10684.297731,1.0
-9.0,50,10684.821773,1.0
-7.0,50,10685.351208,1.0
-6.0,50,10685.920454,1.0
-12.0,50,10686.453948,1.0
-11.0,50,10686.978342,1.0
-8.0,50,10687.504693,1.0
-13.0,50,10688.06723,1.0
-5.0,50,10688.607761,1.0
-8.0,50,10689.143914,1.0
0.0,50,10689.685007,1.0
0.0,50,10690.266959,1.0
-9.0,50,10690.807337,1.0
-9.0,50,10691.345453,1.0
-4.0,50,10691.881971,1.0
-10.0,50,10692.460049,1.0
-16.0,50,10693.009541,1.0
-7.0,50,10693.55779,1.0
-8.0,50,10694.101725,1.0
-8.0,50,10694.676006,1.0
-12.0,50,10695.223906,1.0
-9.0,50,10695.760818,1.0
-9.0,50,10696.304169,1.0
-10.0,50,10696.888876,1.0
-11.0,50,10697.427433,1.0
-8.0,50,10697.964357,1.0
-5.0,50,10698.500319,1.0
-11.0,50,10699.065586,1.0
-8.0,50,10699.602926,1.0
-13.0,50,10700.140102,1.0
-5.0,50,10700.677609,1.0
-7.0,50,10701.253456,1.0
0.0,50,10701.794129,1.0
-18.0,50,10702.329728,1.0
0.0,50,10702.865044,1.0
-12.0,50,10703.442954,1.0
-8.0,50,10703.977638,1.0
-13.0,50,10704.522393,1.0
-11.0,50,10705.060016,1.0
-10.0,50,10705.627027,1.0
-7.0,50,10706.165999,1.0
-15.0,50,10706.70583,1.0
-9.0,50,10707.248844,1.0
-10.0,50,10707.820587,1.0
0.0,50,10708.357613,1.0
-11.0,50,10708.891684,1.0
-12.0,50,10709.425774,1.0
-6.0,50,10709.993646,1.0
-8.0,50,10710.525232,1.0
-10.0,50,10711.057387,1.0
-18.0,50,10711.595011,1.0
-18.0,50,10712.171866,1.0
-5.0,50,10712.709326,1.0
-10.0,50,10713.242713,1.0
-5.0,50,10713.777294,1.0
-6.0,50,10714.343857,1.0
-12.0,50,10714.877146,1.0
-13.0,50,10715.413927,1.0
-18.0,50,10715.949586,1.0
-6.0,50,10716.527111,1.0
-3.0,50,10717.059188,1.0
-12.0,50,10717.593793,1.0
0.0,50,10718.129411,1.0
-7.0,50,10718.699641,1.0
-9.0,50,10719.233503,1.0
-15.0,50,10719.771778,1.0
-4.0,50,10720.301156,1.0
-6.0,50,10720.876885,1.0
-12.0,50,10721.409295,1.0
-6.0,50,10721.942432,1.0
-4.0,50,10722.47255,1.0
0.0,50,10723.033837,1.0
-7.0,50,10723.566,1.0
0.0,50,10724.098992,1.0
-9.0,50,10724.636278,1.0
-9.0,50,10725.216341,1.0
-13.0,50,10725.751573,1.0
-10.0,50,10726.285877,1.0
-11.0,50,10726.818394,1.0
-10.0,50,10727.390439,1.0
-8.0,50,10727.923196,1.0
-10.0,50,10728.46225,1.0
-8.0,50,10728.998144,1.0
-7.0,50,10729.567297,1.0
-10.0,50,10730.100025,1.0
-11.0,50,10730.631703,1.0
-8.0,50,10731.16735,1.0
-7.0,50,10731.737321,1.0
-13.0,50,10732.276004,1.0
-9.0,50,10732.805798,1.0
-10.0,50,10733.341403,1.0
-8.0,50,10733.902915,1.0
-13.0,50,10734.439966,1.0
-7.0,50,10734.977974,1.0
-10.0,50,10735.513623,1.0
-14.0,50,10736.072981,1.0
-4.0,50,10736.605476,1.0
-13.0,50,10737.137114,1.0
-15.0,50,10737.671077,1.0
-12.0,50,10738.266825,1.0
-16.0,50,10738.80261,1.0
-19.0,50,10739.337986,1.0
-8.0,50,10739.867979,1.0
-13.0,50,10740.474692,1.0
-5.0,50,10741.002349,1.0
-4.0,50,10741.537343,1.0
-12.0,50,10742.074021,1.0
-11.0,50,10742.673782,1.0
-10.0,50,10743.204879,1.0
-16.0,50,10743.739644,1.0
-10.0,50,10744.268224,1.0
-7.0,50,10744.863427,1.0
-6.0,50,10745.393464,1.0
-11.0,50,10745.929356,1.0
-8.0,50,10746.456293,1.0
0.0,50,10747.033991,1.0
-11.0,50,10747.560852,1.0
-9.0,50,10748.096992,1.0
-10.0,50,10748.630595,1.0
-8.0,50,10749.214722,1.0
-9.0,50,10749.744605,1.0
-11.0,50,10750.27599,1.0
-9.0,50,10750.805102,1.0
-28.0,50,10751.391494,1.0
-4.0,50,10751.920126,1.0
-12.0,50,10752.448902,1.0
-8.0,50,10752.98855,1.0
-11.0,50,10753.552604,1.0
-13.0,50,10754.090936,1.0
-10.0,50,10754.623595,1.0
-6.0,50,10755.157042,1.0
-10.0,50,10755.732096,1.0
-8.0,50,10756.261777,1.0
-15.0,50,10756.796335,1.0
-6.0,50,10757.32907,1.0
0.0,50,10757.914108,1.0
-9.0,50,10758.457978,1.0
-15.0,50,10759.006199,1.0
-8.0,50,10759.540685,1.0
-10.0,50,10760.115973,1.0
-14.0,50,10760.648499,1.0
-8.0,50,10761.180187,1.0
-10.0,50,10761.716022,1.0
-6.0,50,10762.294743,1.0
-9.0,50,10762.827409,1.0
-6.0,50,10763.36026,1.0
-14.0,50,10763.892892,1.0
-7.0,50,10764.454333,1.0
-13.0,50,10764.98687,1.0
-11.0,50,10765.521702,1.0
-9.0,50,10766.052178,1.0
-8.0,50,10766.624093,1.0
-12.0,50,10767.156158,1.0
-5.0,50,10767.684974,1.0
-7.0,50,10768.213295,1.0
-12.0,50,10768.788298,1.0
-13.0,50,10769.323203,1.0
-16.0,50,10769.860031,1.0
-48.0,50,10770.397844,0.0
-7.0,50,10770.97153,1.0
-10.0,50,10771.504065,1.0
-6.0,50,10772.031401,1.0
-12.0,50,10772.56268,1.0
-7.0,50,10773.134226,1.0
-7.0,50,10773.664617,1.0
-13.0,50,10774.196594,1.0
-12.0,50,10774.735271,1.0
0.0,50,10777.553639,1.0
-11.0,50,10778.088213,1.0
-16.0,50,10778.618598,1.0
-12.0,50,10779.154175,1.0
-13.0,50,10779.730185,1.0
-5.0,50,10780.263806,1.0
-16.0,50,10780.800405,1.0
-9.0,50,10781.338247,1.0
-6.0,50,10781.905439,1.0
-11.0,50,10782.437178,1.0
-12.0,50,10782.972916,1.0
-11.0,50,10783.511587,1.0
-6.0,50,10784.090613,1.0
-10.0,50,10784.618567,1.0
-9.0,50,10785.142008,1.0
-14.0,50,10785.669646,1.0
-11.0,50,10786.239452,1.0
-12.0,50,10786.767513,1.0
-13.0,50,10787.295413,1.0
-12.0,50,10787.826191,1.0
-8.0,50,10788.397533,1.0
-8.0,50,10788.932025,1.0
-14.0,50,10789.461753,1.0
-6.0,50,10789.991141,1.0
-12.0,50,10790.567662,1.0
-5.0,50,10791.101252,1.0
-9.0,50,10791.631552,1.0
-12.0,50,10792.163649,1.0
-15.0,50,10792.737054,1.0
-7.0,50,10793.26677,1.0
-8.0,50,10793.795381,1.0
-12.0,50,10794.326727,1.0
0.0,50,10794.895289,1.0
-22.0,50,10795.42161,1.0
-11.0,50,10795.950293,1.0
-6.0,50,10796.485777,1.0
-10.0,50,10797.048215,1.0
-11.0,50,10797.579293,1.0
-13.0,50,10798.115494,1.0
-4.0,50,10798.645117,1.0
-7.0,50,10799.201939,1.0
-7.0,50,10799.735543,1.0
-14.0,50,10800.280914,1.0
-22.0,50,10800.827901,1.0
-8.0,50,10801.42672,1.0
-8.0,50,10801.979913,1.0
-7.0,50,10802.523897,1.0
-10.0,50,10803.069843,1.0
-12.0,50,10803.651176,1.0
-10.0,50,10804.196592,1.0
0.0,50,10804.742222,1.0
-12.0,50,10805.294499,1.0
-13.0,50,10805.868746,1.0
0.0,50,10806.412181,1.0
-9.0,50,10806.957205,1.0
-4.0,50,10807.499331,1.0
-6.0,50,10808.066977,1.0
0.0,50,10808.615214,1.0
0.0,50,10809.159042,1.0
-8.0,50,10809.709313,1.0
-8.0,50,10810.281076,1.0
-9.0,50,10810.834279,1.0
-7.0,50,10811.377892,1.0
0.0,50,10811.924684,1.0
-7.0,50,10812.530065,1.0
-8.0,50,10813.079842,1.0
-17.0,50,10813.63371,1.0
-8.0,50,10814.177835,1.0
-7.0,50,10814.754734,1.0
-9.0,50,10815.30074,1.0
-11.0,50,10815.845407,1.0
0.0,50,10816.3907,1.0
-12.0,50,10816.97395,1.0
-8.0,50,10817.520018,1.0
-7.0,50,10818.064833,1.0
-11.0,50,10818.608538,1.0
-12.0,50,10819.188109,1.0
-12.0,50,10819.719664,1.0
-12.0,50,10820.25413,1.0
-12.0,50,10820.78354,1.0
-20.0,50,10821.352329,1.0
-11.0,50,10821.883699,1.0
-10.0,50,10822.415487,1.0
-16.0,50,10822.949152,1.0
-12.0,50,10823.52344,1.0
-14.0,50,10824.057304,1.0
-11.0,50,10824.59089,1.0
-9.0,50,10825.121191,1.0
-9.0,50,10825.692181,1.0
-13.0,50,10826.232596,1.0
-15.0,50,10826.764607,1.0
-15.0,50,10827.299291,1.0
-7.0,50,10827.867578,1.0
-5.0,50,10828.399736,1.0
-13.0,50,10828.933013,1.0
-9.0,50,10829.464116,1.0
-14.0,50,10830.042329,1.0
-8.0,50,10830.57715,1.0
-13.0,50,10831.122435,1.0
-5.0,50,10831.665485,1.0
-7.0,50,10832.238477,1.0
-15.0,50,10832.785012,1.0
-10.0,50,10833.318131,1.0
0.0,50,10833.860969,1.0
-10.0,50,10834.425715,1.0
-8.0,50,10834.968162,1.0
-6.0,50,10835.512789,1.0
-12.0,50,10836.058959,1.0
-13.0,50,10836.617667,1.0
-8.0,50,10837.144536,1.0
-10.0,50,10837.671266,1.0
-13.0,50,10838.198804,1.0
-11.0,50,10838.766549,1.0
-13.0,50,10839.297383,1.0
-8.0,50,10839.826826,1.0
-8.0,50,10840.352736,1.0
-7.0,50,10840.915474,1.0
-20.0,50,10841.44014,1.0
-10.0,50,10841.966854,1.0
-13.0,50,10842.497239,1.0
-14.0,50,10843.065792,1.0
-13.0,50,10843.595313,1.0
-12.0,50,10844.121516,1.0
-12.0,50,10844.645696,1.0
-10.0,50,10845.200261,1.0
-13.0,50,10845.724874,1.0
-13.0,50,10846.261056,1.0
-13.0,50,10846.789706,1.0
-8.0,50,10847.33975,1.0
-12.0,50,10847.886923,1.0
-4.0,50,10848.430808,1.0
-5.0,50,10848.973361,1.0
-12.0,50,10849.536737,1.0
-7.0,50,10850.069643,1.0
-13.0,50,10850.6029,1.0
-13.0,50,10851.135722,1.0
-5.0,50,10851.686512,1.0
-8.0,50,10852.219552,1.0
-10.0,50,10852.758577,1.0
-9.0,50,10853.291596,1.0
-9.0,50,10853.844623,1.0
-10.0,50,10854.379286,1.0
-9.0,50,10854.910652,1.0
-10.0,50,10855.448922,1.0
-7.0,50,10856.003639,1.0
-11.0,50,10856.539266,1.0
-14.0,50,10857.073431,1.0
-8.0,50,10857.607363,1.0
-11.0,50,10858.166518,1.0
-8.0,50,10858.700551,1.0
-10.0,50,10859.232695,1.0
0.0,50,10859.776211,1.0
-8.0,50,10860.343647,1.0
-11.0,50,10860.890168,1.0
0.0,50,10861.429574,1.0
-8.0,50,10861.964259,1.0
-12.0,50,10862.515197,1.0
-9.0,50,10863.051638,1.0
-8.0,50,10863.586313,1.0
-7.0,50,10864.122633,1.0
-5.0,50,10864.68216,1.0
-10.0,50,10865.219841,1.0
-12.0,50,10865.754354,1.0
-5.0,50,10866.287226,1.0
0.0,50,10866.839286,1.0
-6.0,50,10867.369442,1.0
-5.0,50,10867.909492,1.0
-12.0,50,10868.440168,1.0
-9.0,50,10868.997013,1.0
-9.0,50,10869.533,1.0
-10.0,50,10870.061289,1.0
-15.0,50,10870.59434,1.0
-6.0,50,10871.15074,1.0
-22.0,50,10871.685839,1.0
-9.0,50,10872.21408,1.0
-16.0,50,10872.746462,1.0
-12.0,50,10873.306325,1.0
-8.0,50,10873.837724,1.0
-10.0,50,10874.368655,1.0
-10.0,50,10874.897615,1.0
-8.0,50,10875.460861,1.0
-10.0,50,10875.996258,1.0
-6.0,50,10876.524319,1.0
-17.0,50,10877.063272,1.0
-11.0,50,10877.609343,1.0
-10.0,50,10878.154446,1.0
-12.0,50,10878.697859,1.0
-13.0,50,10879.240807,1.0
-14.0,50,10879.837438,1.0
-16.0,50,10880.383205,1.0
-7.0,50,10880.928146,1.0
-8.0,50,10881.472032,1.0
-6.0,50,10882.036785,1.0
-5.0,50,10882.585356,1.0
-4.0,50,10883.130714,1.0
-9.0,50,10883.673368,1.0
-10.0,50,10884.228634,1.0
-15.0,50,10884.776025,1.0
-9.0,50,10885.320382,1.0
-11.0,50,10885.86552,1.0
-15.0,50,10888.717524,1.0
-9.0,50,10889.263977,1.0
-6.0,50,10889.811281,1.0
-13.0,50,10890.354638,1.0
0.0,50,10890.92071,1.0
-10.0,50,10891.463456,1.0
-19.0,50,10892.012656,1.0
-12.0,50,10892.557183,1.0
-15.0,50,10893.121476,1.0
-8.0,50,10893.668252,1.0
-14.0,50,10894.213493,1.0
-5.0,50,10894.763514,1.0
-9.0,50,10895.322834,1.0
-9.0,50,10895.871575,1.0
-32.0,50,10896.416359,1.0
-12.0,50,10896.96289,1.0
-11.0,50,10897.524729,1.0
-9.0,50,10898.077005,1.0
-12.0,50,10898.622412,1.0
-15.0,50,10899.166592,1.0
-10.0,50,10899.727113,1.0
-14.0,50,10900.274474,1.0
0.0,50,10900.82451,1.0
-14.0,50,10901.36772,1.0
-11.0,50,10901.929163,1.0
-8.0,50,10902.478016,1.0
-12.0,50,10903.028559,1.0
0.0,50,10903.575309,1.0
0.0,50,10904.137511,1.0
-12.0,50,10904.681936,1.0
-8.0,50,10905.228459,1.0
-16.0,50,10905.777262,1.0
-12.0,50,10906.340751,1.0
-10.0,50,10906.885072,1.0
-8.0,50,10907.430571,1.0
-12.0,50,10907.984784,1.0
-31.0,50,10908.561657,1.0
-6.0,50,10909.106644,1.0
-12.0,50,10909.654278,1.0
-8.0,50,10910.19714,1.0
-10.0,50,10910.754611,1.0
0.0,50,10911.301982,1.0
-9.0,50,10911.850821,1.0
-8.0,50,10912.392894,1.0
-14.0,50,10912.948094,1.0
-17.0,50,10913.499659,1.0
-9.0,50,10914.043177,1.0
-16.0,50,10914.585861,1.0
-7.0,50,10915.161746,1.0
-15.0,50,10915.706453,1.0
-8.0,50,10916.254075,1.0
-11.0,50,10916.800525,1.0
0.0,50,10917.375239,1.0
-13.0,50,10917.923146,1.0
-9.0,50,10918.46739,1.0
-7.0,50,10919.009752,1.0
-6.0,50,10919.575376,1.0
-7.0,50,10920.120293,1.0
0.0,50,10920.663717,1.0
-5.0,50,10921.211503,1.0
-11.0,50,10921.772097,1.0
-1.0,50,10922.3075,1.0
-11.0,50,10922.837879,1.0
-5.0,50,10923.377379,1.0
-12.0,50,10923.924248,1.0
-9.0,50,10924.463908,1.0
-10.0,50,10924.998477,1.0
-13.0,50,10925.529898,1.0
-23.0,50,10926.085109,1.0
-16.0,50,10926.617317,1.0
-9.0,50,10927.149364,1.0
-10.0,50,10927.678365,1.0
-7.0,50,10928.22536,1.0
-14.0,50,10928.757388,1.0
-6.0,50,10929.287619,1.0
-15.0,50,10929.816481,1.0
-13.0,50,10930.374194,1.0
-15.0,50,10930.908197,1.0
-9.0,50,10931.438167,1.0
-9.0,50,10931.979014,1.0
-11.0,50,10932.546807,1.0
-13.0,50,10933.082136,1.0
-10.0,50,10933.619936,1.0
0.0,50,10934.159648,1.0
-12.0,50,10934.710369,1.0
0.0,50,10935.242914,1.0
-12.0,50,10935.774595,1.0
-7.0,50,10936.305441,1.0
-12.0,50,10936.851854,1.0
-8.0,50,10937.381436,1.0
-13.0,50,10937.91598,1.0
-12.0,50,10938.446014,1.0
-15.0,50,10938.994868,1.0
-8.0,50,10939.526932,1.0
0.0,50,10940.056482,1.0
-11.0,50,10940.587224,1.0
-10.0,50,10941.14757,1.0
-5.0,50,10941.6777,1.0
-10.0,50,10942.207222,1.0
-5.0,50,10942.734953,1.0
-29.0,50,10943.283927,1.0
-6.0,50,10943.814272,1.0
-11.0,50,10944.357125,1.0
-5.0,50,10944.888814,1.0
-5.0,50,10945.436593,1.0
-7.0,50,10945.969441,1.0
-10.0,50,10946.500394,1.0
-15.0,50,10947.031384,1.0
-11.0,50,10947.577124,1.0
-7.0,50,10948.106982,1.0
-4.0,50,10948.646868,1.0
-5.0,50,10949.180309,1.0
-18.0,50,10949.732811,1.0
-15.0,50,10950.27109,1.0
-10.0,50,10950.804336,1.0
-12.0,50,10951.332141,1.0
0.0,50,10951.878525,1.0
-14.0,50,10952.412679,1.0
-10.0,50,10952.942119,1.0
-7.0,50,10953.473107,1.0
-8.0,50,10954.027548,1.0
-10.0,50,10954.557649,1.0
-6.0,50,10955.09394,1.0
-9.0,50,10955.622955,1.0
-10.0,50,10956.172985,1.0
-6.0,50,10956.71189,1.0
-5.0,50,10957.247957,1.0
-13.0,50,10957.777915,1.0
-11.0,50,10958.329389,1.0
-8.0,50,10958.864716,1.0
-8.0,50,10959.398174,1.0
-11.0,50,10959.936422,1.0
-7.0,50,10960.487952,1.0
-12.0,50,10961.013217,1.0
-11.0,50,10961.540038,1.0
-9.0,50,10962.068063,1.0
-14.0,50,10962.622261,1.0
-13.0,50,10963.15212,1.0
-9.0,50,10963.684482,1.0
0.0,50,10964.214595,1.0
-7.0,50,10964.755381,1.0
-11.0,50,10965.278994,1.0
-11.0,50,10965.805698,1.0
-11.0,50,10966.331209,1.0
-9.0,50,10966.87874,1.0
-16.0,50,10967.404084,1.0
-16.0,50,10967.938255,1.0
-10.0,50,10968.475985,1.0
-6.0,50,10969.030545,1.0
-10.0,50,10969.566032,1.0
-12.0,50,10970.101598,1.0
-11.0,50,10970.633968,1.0
-15.0,50,10971.198321,1.0
-13.0,50,10971.727954,1.0
-7.0,50,10972.25886,1.0
-15.0,50,10972.790842,1.0
-12.0,50,10973.348629,1.0
-9.0,50,10973.879192,1.0
-15.0,50,10974.418118,1.0
-13.0,50,10974.948844,1.0
-13.0,50,10975.489615,1.0
-7.0,50,10976.010807,1.0
-19.0,50,10976.53454,1.0
-15.0,50,10977.055535,1.0
-9.0,50,10977.594543,1.0
-12.0,50,10978.119902,1.0
-10.0,50,10978.642966,1.0
-3.0,50,10979.170806,1.0
-6.0,50,10979.718377,1.0
-6.0,50,10980.259995,1.0
-11.0,50,10980.788236,1.0
-6.0,50,10981.321991,1.0
-14.0,50,10981.887339,1.0
-14.0,50,10982.419068,1.0
-12.0,50,10982.957719,1.0
-9.0,50,10983.49806,1.0
-10.0,50,10984.052024,1.0
-10.0,50,10984.587213,1.0
-7.0,50,10985.120624,1.0
-14.0,50,10985.658185,1.0
-11.0,50,10986.216924,1.0
-10.0,50,10986.748516,1.0
-12.0,50,10987.283674,1.0
-8.0,50,10987.814035,1.0
-10.0,50,10988.366866,1.0
-8.0,50,10988.903698,1.0
-5.0,50,10989.433322,1.0
-8.0,50,10989.962363,1.0
-14.0,50,10990.511039,1.0
-11.0,50,10991.044862,1.0
-12.0,50,10991.576363,1.0
-48.0,50,10992.110116,0.0
-9.0,50,10992.666697,1.0
-25.0,50,10993.208461,1.0
-11.0,50,10993.744709,1.0
-10.0,50,10994.285214,1.0
-7.0,50,10994.835286,1.0
0.0,50,10995.369431,1.0
-3.0,50,10995.900865,1.0
-4.0,50,10996.438638,1.0
