#{"t_start": 1786201431.1064105, "env_id": "FetchPush-v3"}
r,l,t,is_success
-50.0,50,6.069838,0.0
-50.0,50,6.158899,0.0
-50.0,50,6.24637,0.0
-50.0,50,6.333733,0.0
-50.0,50,6.43404,0.0
-50.0,50,6.517089,0.0
-50.0,50,6.603029,0.0
-50.0,50,6.691553,0.0
-50.0,50,6.786169,0.0
-50.0,50,6.872416,0.0
-50.0,50,6.961531,0.0
-50.0,50,7.046586,0.0
-50.0,50,7.138028,0.0
-50.0,50,7.224931,0.0
0.0,50,7.313353,1.0
-50.0,50,7.398173,0.0
-50.0,50,7.48913,0.0
-50.0,50,7.574492,0.0
-50.0,50,7.660651,0.0
-50.0,50,7.745694,0.0
-50.0,50,8.51301,0.0
-50.0,50,9.067559,0.0
-50.0,50,9.61271,0.0
-50.0,50,10.157505,0.0
-50.0,50,10.707257,0.0
-50.0,50,11.248423,0.0
-50.0,50,11.79574,0.0
-50.0,50,12.338816,0.0
-50.0,50,12.888839,0.0
-50.0,50,13.4282,0.0
-50.0,50,13.963777,0.0
-50.0,50,14.503429,0.0
-50.0,50,15.045065,0.0
-50.0,50,15.583262,0.0
-50.0,50,16.119272,0.0
-50.0,50,16.658405,0.0
-50.0,50,17.204169,0.0
0.0,50,17.738863,1.0
-50.0,50,18.279165,0.0
-50.0,50,18.814755,0.0
-50.0,50,19.362548,0.0
-50.0,50,19.904956,0.0
-50.0,50,20.449411,0.0
-50.0,50,20.997522,0.0
-50.0,50,21.548536,0.0
-50.0,50,22.095706,0.0
-50.0,50,22.642303,0.0
-50.0,50,23.180337,0.0
-50.0,50,23.729311,0.0
-50.0,50,24.276822,0.0
-50.0,50,24.819832,0.0
-50.0,50,25.362564,0.0
-50.0,50,25.917542,0.0
-50.0,50,26.46431,0.0
-50.0,50,27.008909,0.0
-50.0,50,27.555004,0.0
-50.0,50,28.106093,0.0
-50.0,50,28.653618,0.0
-50.0,50,29.197178,0.0
-50.0,50,29.746487,0.0
-50.0,50,30.303478,0.0
-50.0,50,30.845993,0.0
-50.0,50,31.392659,0.0
-50.0,50,31.939286,0.0
-50.0,50,32.493689,0.0
-50.0,50,33.037924,0.0
-50.0,50,33.586525,0.0
-50.0,50,34.130757,0.0
-50.0,50,34.684577,0.0
-50.0,50,35.230135,0.0
-50.0,50,35.771608,0.0
-50.0,50,36.317408,0.0
-50.0,50,36.870413,0.0
-50.0,50,37.415133,0.0
-50.0,50,37.964961,0.0
0.0,50,38.521445,1.0
-50.0,50,39.088283,0.0
-50.0,50,39.63328,0.0
-50.0,50,40.175876,0.0
-50.0,50,40.726335,0.0
-50.0,50,41.283297,0.0
-50.0,50,41.82473,0.0
-50.0,50,42.369363,0.0
-50.0,50,42.924893,0.0
-50.0,50,43.480914,0.0
-50.0,50,44.027867,0.0
-50.0,50,44.572851,0.0
-50.0,50,45.128654,0.0
0.0,50,45.676571,1.0
-50.0,50,46.220997,0.0
-50.0,50,46.764482,0.0
-50.0,50,47.301284,0.0
-50.0,50,47.856575,0.0
-50.0,50,48.404238,0.0
-50.0,50,48.955354,0.0
-50.0,50,49.503178,0.0
-50.0,50,50.053208,0.0
0.0,50,50.600635,1.0
-50.0,50,51.137643,0.0
-50.0,50,51.676782,0.0
-50.0,50,52.254379,0.0
-50.0,50,52.796286,0.0
-50.0,50,53.339712,0.0
-50.0,50,53.878518,0.0
-50.0,50,54.426553,0.0
-50.0,50,54.982289,0.0
-50.0,50,55.531667,0.0
-50.0,50,56.073075,0.0
-50.0,50,56.625265,0.0
-50.0,50,57.178318,0.0
-50.0,50,57.734678,0.0
-50.0,50,58.283005,0.0
-50.0,50,58.845308,0.0
-50.0,50,59.382555,0.0
0.0,50,59.927893,1.0
-50.0,50,60.476193,0.0
-50.0,50,61.033981,0.0
-50.0,50,61.57444,0.0
-50.0,50,62.115369,0.0
-50.0,50,62.660605,0.0
-50.0,50,63.220865,0.0
-50.0,50,63.768374,0.0
-50.0,50,64.312182,0.0
-50.0,50,64.853816,0.0
-50.0,50,65.405633,0.0
-50.0,50,65.953168,0.0
-50.0,50,66.49895,0.0
-50.0,50,67.035759,0.0
-50.0,50,67.591782,0.0
-50.0,50,68.142285,0.0
-50.0,50,68.703979,0.0
-50.0,50,69.24986,0.0
-50.0,50,69.811707,0.0
-50.0,50,70.352183,0.0
-50.0,50,70.894588,0.0
0.0,50,71.443382,1.0
-50.0,50,72.000074,0.0
-50.0,50,72.544798,0.0
-50.0,50,73.081907,0.0
-50.0,50,73.629237,0.0
-50.0,50,74.176182,0.0
-50.0,50,74.719447,0.0
0.0,50,75.259269,1.0
-50.0,50,75.807617,0.0
-50.0,50,76.366736,0.0
-50.0,50,76.917333,0.0
-50.0,50,77.463306,0.0
-50.0,50,78.005877,0.0
-50.0,50,78.551975,0.0
-50.0,50,79.087519,0.0
-50.0,50,79.626459,0.0
-50.0,50,80.165854,0.0
-50.0,50,80.713843,0.0
-50.0,50,81.254588,0.0
0.0,50,81.793725,1.0
-50.0,50,82.338106,0.0
-50.0,50,82.891917,0.0
-50.0,50,83.433127,0.0
-50.0,50,83.984936,0.0
-50.0,50,84.522393,0.0
-50.0,50,85.077367,0.0
-50.0,50,85.625649,0.0
-50.0,50,86.169834,0.0
-50.0,50,86.718857,0.0
-50.0,50,87.272698,0.0
-50.0,50,87.823402,0.0
-50.0,50,88.373412,0.0
-50.0,50,88.91874,0.0
-50.0,50,89.473944,0.0
-50.0,50,90.022346,0.0
-50.0,50,90.573295,0.0
0.0,50,91.118938,1.0
-50.0,50,91.673923,0.0
-50.0,50,92.220355,0.0
-50.0,50,92.76936,0.0
-50.0,50,93.319491,0.0
-50.0,50,93.877984,0.0
-50.0,50,94.427761,0.0
-50.0,50,94.966931,0.0
-50.0,50,95.505637,0.0
-50.0,50,96.053507,0.0
-50.0,50,96.592568,0.0
-50.0,50,97.143926,0.0
-50.0,50,97.692178,0.0
0.0,50,98.253098,1.0
-50.0,50,98.815708,0.0
-50.0,50,99.361946,0.0
-50.0,50,99.906309,0.0
-50.0,50,100.464774,0.0
-50.0,50,101.01573,0.0
-50.0,50,101.553143,0.0
-50.0,50,102.098796,0.0
-50.0,50,102.654385,0.0
-50.0,50,103.204216,0.0
-50.0,50,103.742189,0.0
-50.0,50,104.288396,0.0
-50.0,50,104.846839,0.0
-50.0,50,105.394936,0.0
-50.0,50,105.945322,0.0
-50.0,50,106.494987,0.0
-50.0,50,109.509341,0.0
-50.0,50,110.056327,0.0
-50.0,50,110.607516,0.0
-50.0,50,111.158251,0.0
-50.0,50,111.712725,0.0
-50.0,50,112.258821,0.0
-50.0,50,112.803398,0.0
-50.0,50,113.35423,0.0
-50.0,50,113.910587,0.0
0.0,50,114.461458,1.0
-50.0,50,115.012008,0.0
-50.0,50,115.563006,0.0
-50.0,50,116.120888,0.0
-50.0,50,116.669979,0.0
-50.0,50,117.21854,0.0
-50.0,50,117.768023,0.0
-50.0,50,118.324933,0.0
0.0,50,118.876083,1.0
-50.0,50,119.418715,0.0
-50.0,50,119.966123,0.0
-50.0,50,120.52589,0.0
-50.0,50,121.071206,0.0
-50.0,50,121.62046,0.0
-50.0,50,122.171419,0.0
-50.0,50,122.726795,0.0
-50.0,50,123.271507,0.0
-50.0,50,123.815681,0.0
-50.0,50,124.363125,0.0
-50.0,50,124.916547,0.0
-50.0,50,125.460088,0.0
-50.0,50,126.004632,0.0
-50.0,50,126.553414,0.0
-50.0,50,127.110502,0.0
-50.0,50,127.651993,0.0
-50.0,50,128.197256,0.0
-50.0,50,128.759047,0.0
-50.0,50,129.318604,0.0
-50.0,50,129.87411,0.0
-50.0,50,130.425043,0.0
-50.0,50,130.97594,0.0
-50.0,50,131.535869,0.0
-50.0,50,132.085737,0.0
-50.0,50,132.636948,0.0
-50.0,50,133.183671,0.0
-50.0,50,133.741114,0.0
-50.0,50,134.292377,0.0
-50.0,50,134.844401,0.0
-50.0,50,135.395479,0.0
-50.0,50,135.953772,0.0
-50.0,50,136.504364,0.0
-50.0,50,137.051165,0.0
0.0,50,137.597603,1.0
-50.0,50,138.151989,0.0
-50.0,50,138.698709,0.0
-50.0,50,139.243327,0.0
-50.0,50,139.788969,0.0
-50.0,50,140.344973,0.0
-50.0,50,140.890566,0.0
-50.0,50,141.431672,0.0
-50.0,50,141.966707,0.0
-50.0,50,142.518119,0.0
-50.0,50,143.062979,0.0
-50.0,50,143.606898,0.0
-50.0,50,144.149178,0.0
-50.0,50,144.693589,0.0
-50.0,50,145.232861,0.0
-50.0,50,145.769622,0.0
-50.0,50,146.313327,0.0
-50.0,50,146.860933,0.0
-50.0,50,147.39886,0.0
-50.0,50,147.936164,0.0
-50.0,50,148.47421,0.0
-50.0,50,149.016212,0.0
-50.0,50,149.548674,0.0
-50.0,50,150.09062,0.0
-50.0,50,150.638833,0.0
-50.0,50,151.191127,0.0
-50.0,50,151.733652,0.0
-50.0,50,152.281191,0.0
-50.0,50,152.819698,0.0
-50.0,50,153.376302,0.0
-50.0,50,153.926188,0.0
-50.0,50,154.474537,0.0
-50.0,50,155.014292,0.0
-50.0,50,155.565268,0.0
-50.0,50,156.11258,0.0
-50.0,50,156.659218,0.0
-50.0,50,157.203032,0.0
-50.0,50,157.753317,0.0
-50.0,50,158.302507,0.0
-50.0,50,158.851368,0.0
-50.0,50,159.390832,0.0
-50.0,50,159.942705,0.0
-50.0,50,160.482697,0.0
0.0,50,161.022507,1.0
-50.0,50,161.557771,0.0
-50.0,50,162.106045,0.0
-50.0,50,162.64354,0.0
-50.0,50,163.183963,0.0
-50.0,50,163.719114,0.0
-50.0,50,164.266943,0.0
-50.0,50,164.804246,0.0
-50.0,50,165.344254,0.0
-50.0,50,165.88241,0.0
-50.0,50,166.434803,0.0
-50.0,50,166.978245,0.0
0.0,50,167.519166,1.0
0.0,50,168.05799,1.0
-50.0,50,168.604146,0.0
-50.0,50,169.145985,0.0
-50.0,50,169.68803,0.0
-50.0,50,170.228944,0.0
-50.0,50,170.782556,0.0
-50.0,50,171.328845,0.0
-50.0,50,171.871715,0.0
-50.0,50,172.41443,0.0
-50.0,50,172.962314,0.0
-50.0,50,173.506423,0.0
-50.0,50,174.052143,0.0
-50.0,50,174.594336,0.0
-50.0,50,175.143064,0.0
-50.0,50,175.68669,0.0
-42.0,50,176.226407,0.0
-50.0,50,176.771158,0.0
-50.0,50,177.328157,0.0
-50.0,50,177.876603,0.0
-50.0,50,178.424603,0.0
-50.0,50,178.970482,0.0
-50.0,50,179.5337,0.0
-50.0,50,180.076588,0.0
-50.0,50,180.628279,0.0
-50.0,50,181.175855,0.0
-50.0,50,181.729998,0.0
-50.0,50,182.276586,0.0
-50.0,50,182.824565,0.0
0.0,50,183.365288,1.0
-50.0,50,183.920986,0.0
-50.0,50,184.468075,0.0
-50.0,50,185.011938,0.0
-50.0,50,185.55833,0.0
-50.0,50,186.104256,0.0
-50.0,50,186.653041,0.0
-50.0,50,187.194498,0.0
-50.0,50,187.739155,0.0
-50.0,50,188.293719,0.0
-50.0,50,188.855965,0.0
-50.0,50,189.403821,0.0
-50.0,50,189.953816,0.0
-50.0,50,190.506155,0.0
-50.0,50,191.049191,0.0
-50.0,50,191.589455,0.0
-50.0,50,192.134583,0.0
-50.0,50,192.687465,0.0
-50.0,50,193.233932,0.0
-50.0,50,193.78261,0.0
-50.0,50,194.325908,0.0
-50.0,50,194.881186,0.0
-50.0,50,195.422529,0.0
-50.0,50,195.967801,0.0
-50.0,50,196.502325,0.0
-50.0,50,197.053519,0.0
0.0,50,197.590064,1.0
-50.0,50,198.122914,0.0
-50.0,50,198.656983,0.0
-50.0,50,199.209527,0.0
-50.0,50,199.749985,0.0
-50.0,50,200.293161,0.0
-50.0,50,200.839889,0.0
-50.0,50,201.396654,0.0
-50.0,50,201.932908,0.0
-50.0,50,202.481278,0.0
0.0,50,203.022755,1.0
-50.0,50,203.575188,0.0
-50.0,50,204.114511,0.0
-50.0,50,204.649605,0.0
-50.0,50,205.195332,0.0
-50.0,50,205.745361,0.0
-50.0,50,206.286968,0.0
-50.0,50,206.831157,0.0
0.0,50,207.37183,1.0
-50.0,50,207.92094,0.0
-50.0,50,208.454469,0.0
-50.0,50,208.996689,0.0
-50.0,50,209.540609,0.0
-50.0,50,210.086507,0.0
-50.0,50,210.635806,0.0
-50.0,50,211.179131,0.0
-50.0,50,211.721674,0.0
-50.0,50,212.263193,0.0
0.0,50,212.797338,1.0
-50.0,50,213.32905,0.0
-50.0,50,213.867394,0.0
-50.0,50,214.418304,0.0
-50.0,50,214.964274,0.0
-50.0,50,215.505056,0.0
-50.0,50,216.050227,0.0
-50.0,50,216.607952,0.0
-50.0,50,217.146672,0.0
-50.0,50,217.694206,0.0
-50.0,50,218.244555,0.0
-50.0,50,221.188225,0.0
-50.0,50,221.725659,0.0
-50.0,50,222.259619,0.0
-50.0,50,222.795249,0.0
-50.0,50,223.349583,0.0
-50.0,50,223.894444,0.0
-50.0,50,224.440452,0.0
-50.0,50,224.974051,0.0
0.0,50,225.518011,1.0
-50.0,50,226.053457,0.0
-50.0,50,226.588963,0.0
-50.0,50,227.126262,0.0
-50.0,50,227.67118,0.0
-50.0,50,228.216471,0.0
-50.0,50,228.772172,0.0
-50.0,50,229.322175,0.0
-50.0,50,229.879301,0.0
-50.0,50,230.437003,0.0
-50.0,50,230.992335,0.0
-50.0,50,231.541951,0.0
-50.0,50,232.102057,0.0
-50.0,50,232.650238,0.0
-50.0,50,233.204857,0.0
0.0,50,233.75327,1.0
-50.0,50,234.311298,0.0
-50.0,50,234.860461,0.0
0.0,50,235.408521,1.0
-50.0,50,235.959001,0.0
-50.0,50,236.50687,0.0
-50.0,50,237.043986,0.0
-50.0,50,237.585764,0.0
-50.0,50,238.138473,0.0
-50.0,50,238.693317,0.0
-50.0,50,239.240484,0.0
-50.0,50,239.788168,0.0
-50.0,50,240.337357,0.0
-50.0,50,240.896155,0.0
-50.0,50,241.443701,0.0
-50.0,50,241.994831,0.0
-50.0,50,242.544823,0.0
-50.0,50,243.110203,0.0
-50.0,50,243.660016,0.0
-50.0,50,244.208359,0.0
-50.0,50,244.763638,0.0
-50.0,50,245.321588,0.0
-50.0,50,245.869862,0.0
-50.0,50,246.414979,0.0
-50.0,50,246.963148,0.0
-50.0,50,247.5205,0.0
-50.0,50,248.081306,0.0
-50.0,50,248.648895,0.0
-50.0,50,249.19944,0.0
-50.0,50,249.760722,0.0
-50.0,50,250.316924,0.0
-50.0,50,250.865768,0.0
-50.0,50,251.431832,0.0
-50.0,50,251.987299,0.0
-50.0,50,252.535019,0.0
-50.0,50,253.088332,0.0
-50.0,50,253.639608,0.0
-50.0,50,254.193671,0.0
-50.0,50,254.740572,0.0
-50.0,50,255.289721,0.0
-50.0,50,255.84819,0.0
-50.0,50,256.418004,0.0
-50.0,50,256.966066,0.0
-50.0,50,257.513734,0.0
-50.0,50,258.061659,0.0
0.0,50,258.6237,1.0
-50.0,50,259.165285,0.0
-50.0,50,259.706892,0.0
-50.0,50,260.256404,0.0
-50.0,50,260.822741,0.0
-50.0,50,261.367693,0.0
-50.0,50,261.916702,0.0
-50.0,50,262.478705,0.0
-50.0,50,263.034375,0.0
-50.0,50,263.579172,0.0
-50.0,50,264.125824,0.0
-50.0,50,264.690571,0.0
-50.0,50,265.257389,0.0
-50.0,50,265.804687,0.0
-50.0,50,266.350502,0.0
-50.0,50,266.896384,0.0
-50.0,50,267.462375,0.0
-50.0,50,268.007633,0.0
-50.0,50,268.561421,0.0
-50.0,50,269.120653,0.0
-50.0,50,269.676474,0.0
-50.0,50,270.224053,0.0
0.0,50,270.771748,1.0
-50.0,50,271.319076,0.0
-50.0,50,271.873528,0.0
-50.0,50,272.423782,0.0
-50.0,50,272.975959,0.0
-50.0,50,273.523399,0.0
-50.0,50,274.082317,0.0
-50.0,50,274.633609,0.0
-50.0,50,275.184227,0.0
-50.0,50,275.737863,0.0
-50.0,50,276.292257,0.0
-50.0,50,276.845077,0.0
-50.0,50,277.395946,0.0
-50.0,50,277.949811,0.0
-50.0,50,278.519843,0.0
-50.0,50,279.073099,0.0
-50.0,50,279.626453,0.0
-50.0,50,280.181536,0.0
-50.0,50,280.742886,0.0
-50.0,50,281.292613,0.0
-50.0,50,281.842581,0.0
-50.0,50,282.392002,0.0
-50.0,50,282.951973,0.0
-50.0,50,283.511051,0.0
-50.0,50,284.060305,0.0
-50.0,50,284.620452,0.0
-50.0,50,285.1856,0.0
-50.0,50,285.747663,0.0
-50.0,50,286.295022,0.0
-50.0,50,286.855092,0.0
-50.0,50,287.430848,0.0
-50.0,50,287.986486,0.0
-50.0,50,288.541128,0.0
-50.0,50,289.095657,0.0
-50.0,50,289.659759,0.0
0.0,50,290.217916,1.0
-50.0,50,290.76715,0.0
-50.0,50,291.322008,0.0
-50.0,50,291.889051,0.0
-50.0,50,292.449912,0.0
-47.0,50,293.007099,0.0
-50.0,50,293.568715,0.0
-50.0,50,294.134758,0.0
-46.0,50,294.680748,0.0
-50.0,50,295.228378,0.0
-50.0,50,295.789228,0.0
-50.0,50,296.345844,0.0
-50.0,50,296.895458,0.0
-50.0,50,297.446229,0.0
-50.0,50,298.0006,0.0
-50.0,50,298.55834,0.0
-50.0,50,299.112705,0.0
-50.0,50,299.66435,0.0
-50.0,50,300.22122,0.0
-50.0,50,300.782579,0.0
-50.0,50,301.346169,0.0
-50.0,50,301.88663,0.0
-50.0,50,302.432912,0.0
-50.0,50,302.988045,0.0
0.0,50,303.534073,1.0
-50.0,50,304.081534,0.0
0.0,50,304.62857,1.0
-50.0,50,305.186737,0.0
-50.0,50,305.731903,0.0
-50.0,50,306.27727,0.0
-50.0,50,306.825637,0.0
-50.0,50,307.374962,0.0
-50.0,50,307.923245,0.0
-50.0,50,308.481016,0.0
-50.0,50,309.03687,0.0
-50.0,50,309.59409,0.0
-50.0,50,310.140936,0.0
-50.0,50,310.679772,0.0
-50.0,50,311.221663,0.0
-50.0,50,311.774777,0.0
-50.0,50,312.320612,0.0
-50.0,50,312.867816,0.0
-50.0,50,313.414014,0.0
-50.0,50,313.968751,0.0
-50.0,50,314.515816,0.0
-50.0,50,315.063418,0.0
-50.0,50,315.607749,0.0
-50.0,50,316.158561,0.0
-50.0,50,316.702645,0.0
-50.0,50,317.247777,0.0
0.0,50,317.790501,1.0
-50.0,50,318.3409,0.0
-50.0,50,318.881848,0.0
-50.0,50,319.423566,0.0
-50.0,50,319.964885,0.0
-50.0,50,320.513823,0.0
-50.0,50,321.055629,0.0
-50.0,50,321.596699,0.0
-50.0,50,322.138444,0.0
-50.0,50,322.689479,0.0
-50.0,50,323.232609,0.0
0.0,50,323.774678,1.0
-50.0,50,324.317507,0.0
-50.0,50,324.870685,0.0
-50.0,50,325.414559,0.0
-50.0,50,325.957485,0.0
-50.0,50,326.504761,0.0
-50.0,50,327.058778,0.0
-50.0,50,327.602756,0.0
-50.0,50,328.149765,0.0
-50.0,50,328.69112,0.0
-50.0,50,329.24339,0.0
-50.0,50,329.789138,0.0
-50.0,50,330.326097,0.0
-50.0,50,330.865409,0.0
0.0,50,333.78454,1.0
-50.0,50,334.334797,0.0
-50.0,50,334.88092,0.0
-50.0,50,335.425895,0.0
-50.0,50,335.979666,0.0
-50.0,50,336.526548,0.0
-50.0,50,337.069818,0.0
-50.0,50,337.61347,0.0
-50.0,50,338.171757,0.0
-50.0,50,338.730509,0.0
-50.0,50,339.290238,0.0
-50.0,50,339.839776,0.0
-50.0,50,340.398731,0.0
-50.0,50,340.948711,0.0
-50.0,50,341.502913,0.0
-50.0,50,342.052007,0.0
-50.0,50,342.607823,0.0
-50.0,50,343.166325,0.0
-50.0,50,343.707541,0.0
-50.0,50,344.258817,0.0
-50.0,50,344.824789,0.0
-50.0,50,345.381734,0.0
-50.0,50,345.934487,0.0
-50.0,50,346.485896,0.0
0.0,50,347.046744,1.0
-50.0,50,347.595119,0.0
0.0,50,348.142749,1.0
-50.0,50,348.68374,0.0
-50.0,50,349.233074,0.0
-50.0,50,349.77895,0.0
-50.0,50,350.324067,0.0
-50.0,50,350.868605,0.0
-50.0,50,351.421958,0.0
-50.0,50,351.965796,0.0
-50.0,50,352.510495,0.0
-50.0,50,353.055782,0.0
-50.0,50,353.608916,0.0
-50.0,50,354.152825,0.0
-50.0,50,354.697541,0.0
-50.0,50,355.241829,0.0
0.0,50,355.797222,1.0
-50.0,50,356.346617,0.0
-50.0,50,356.895549,0.0
-50.0,50,357.4448,0.0
-50.0,50,357.997998,0.0
-50.0,50,358.544644,0.0
-50.0,50,359.085672,0.0
-50.0,50,359.633764,0.0
-50.0,50,360.187457,0.0
-50.0,50,360.731485,0.0
-50.0,50,361.278831,0.0
-50.0,50,361.827918,0.0
-50.0,50,362.381911,0.0
-50.0,50,362.933953,0.0
-50.0,50,363.483627,0.0
-50.0,50,364.030296,0.0
-50.0,50,364.586666,0.0
-50.0,50,365.125168,0.0
-50.0,50,365.668887,0.0
-50.0,50,366.216647,0.0
-50.0,50,366.774263,0.0
-50.0,50,367.322924,0.0
-50.0,50,367.87243,0.0
-50.0,50,368.419998,0.0
-50.0,50,368.975053,0.0
-50.0,50,369.522987,0.0
-50.0,50,370.074794,0.0
-50.0,50,370.620981,0.0
-50.0,50,371.176807,0.0
-50.0,50,371.728937,0.0
-50.0,50,372.281857,0.0
0.0,50,372.826032,1.0
-50.0,50,373.385021,0.0
0.0,50,373.936877,1.0
0.0,50,374.485189,1.0
-50.0,50,375.035977,0.0
0.0,50,375.596539,1.0
-50.0,50,376.149345,0.0
-50.0,50,376.699875,0.0
-50.0,50,377.253261,0.0
-50.0,50,377.808917,0.0
-50.0,50,378.357991,0.0
-50.0,50,378.904071,0.0
0.0,50,379.454991,1.0
-50.0,50,380.015213,0.0
0.0,50,380.560839,1.0
-50.0,50,381.102523,0.0
-50.0,50,381.649375,0.0
-50.0,50,382.213576,0.0
-50.0,50,382.761295,0.0
-50.0,50,383.302065,0.0
-50.0,50,383.857816,0.0
-50.0,50,384.412394,0.0
-50.0,50,384.959033,0.0
-50.0,50,385.515598,0.0
0.0,50,386.075541,1.0
-50.0,50,386.63387,0.0
-50.0,50,387.182692,0.0
-50.0,50,387.735684,0.0
-50.0,50,388.28869,0.0
-50.0,50,388.843273,0.0
-50.0,50,389.391747,0.0
-50.0,50,389.947292,0.0
-50.0,50,390.495797,0.0
-50.0,50,391.052555,0.0
-50.0,50,391.597847,0.0
-50.0,50,392.150028,0.0
-50.0,50,392.698534,0.0
-50.0,50,393.257722,0.0
-50.0,50,393.808986,0.0
-50.0,50,394.361579,0.0
-50.0,50,394.912741,0.0
-50.0,50,395.47381,0.0
-50.0,50,396.026074,0.0
-50.0,50,396.574577,0.0
-50.0,50,397.130908,0.0
-50.0,50,397.688509,0.0
-50.0,50,398.240361,0.0
-50.0,50,398.803315,0.0
-50.0,50,399.361349,0.0
-50.0,50,399.919948,0.0
-50.0,50,400.471117,0.0
-50.0,50,401.023236,0.0
0.0,50,401.573754,1.0
0.0,50,402.134298,1.0
-50.0,50,402.690844,0.0
-50.0,50,403.242264,0.0
-50.0,50,403.793332,0.0
-50.0,50,404.35219,0.0
-50.0,50,404.904381,0.0
-50.0,50,405.456792,0.0
-50.0,50,406.008235,0.0
-50.0,50,406.582576,0.0
-50.0,50,407.137564,0.0
-50.0,50,407.687215,0.0
-50.0,50,408.238518,0.0
-50.0,50,408.793579,0.0
-50.0,50,409.336387,0.0
0.0,50,409.881803,1.0
-50.0,50,410.433837,0.0
-50.0,50,410.992266,0.0
-50.0,50,411.53791,0.0
-50.0,50,412.087436,0.0
-50.0,50,412.636487,0.0
-50.0,50,413.190429,0.0
-50.0,50,413.738594,0.0
-50.0,50,414.293897,0.0
-50.0,50,414.841898,0.0
-50.0,50,415.403064,0.0
-50.0,50,415.953935,0.0
-50.0,50,416.50292,0.0
-50.0,50,417.054754,0.0
-50.0,50,417.612997,0.0
-50.0,50,418.162212,0.0
-50.0,50,418.709941,0.0
-50.0,50,419.257835,0.0
-50.0,50,419.817206,0.0
-50.0,50,420.367851,0.0
-50.0,50,420.926145,0.0
-50.0,50,421.487722,0.0
-50.0,50,422.043922,0.0
-50.0,50,422.59177,0.0
-50.0,50,423.138807,0.0
-50.0,50,423.683769,0.0
-50.0,50,424.239942,0.0
-50.0,50,424.789932,0.0
-50.0,50,425.338553,0.0
-50.0,50,425.886093,0.0
-50.0,50,426.442234,0.0
-50.0,50,426.992043,0.0
-50.0,50,427.542527,0.0
-50.0,50,428.090516,0.0
-50.0,50,428.656621,0.0
-50.0,50,429.208137,0.0
-50.0,50,429.758428,0.0
-50.0,50,430.30857,0.0
-50.0,50,430.862682,0.0
-50.0,50,431.414267,0.0
-50.0,50,431.958166,0.0
-50.0,50,432.500487,0.0
-50.0,50,433.052961,0.0
-50.0,50,433.60347,0.0
-50.0,50,434.153033,0.0
-50.0,50,434.702614,0.0
-50.0,50,435.262874,0.0
-50.0,50,435.813304,0.0
-50.0,50,436.362713,0.0
-50.0,50,436.909212,0.0
-50.0,50,437.46107,0.0
-50.0,50,438.014842,0.0
-50.0,50,438.564501,0.0
-50.0,50,439.116531,0.0
-50.0,50,439.673117,0.0
-50.0,50,440.228557,0.0
-50.0,50,440.77585,0.0
0.0,50,441.32286,1.0
-50.0,50,441.878084,0.0
-50.0,50,442.426503,0.0
-50.0,50,442.974491,0.0
-50.0,50,443.52861,0.0
-50.0,50,446.42013,0.0
-50.0,50,446.968457,0.0
-50.0,50,447.512472,0.0
-50.0,50,448.061708,0.0
-50.0,50,448.614455,0.0
-50.0,50,449.167603,0.0
0.0,50,449.71454,1.0
-50.0,50,450.265027,0.0
-50.0,50,450.812887,0.0
-50.0,50,451.36153,0.0
-50.0,50,451.902705,0.0
-50.0,50,452.446,0.0
-50.0,50,453.002219,0.0
-50.0,50,453.545294,0.0
-50.0,50,454.093139,0.0
-50.0,50,454.642125,0.0
-50.0,50,455.197832,0.0
-50.0,50,455.745424,0.0
-50.0,50,456.29529,0.0
-50.0,50,456.844093,0.0
-50.0,50,457.399657,0.0
-50.0,50,457.948796,0.0
-50.0,50,458.497772,0.0
-50.0,50,459.055382,0.0
-50.0,50,459.608192,0.0
0.0,50,460.152964,1.0
-50.0,50,460.704268,0.0
-50.0,50,461.263129,0.0
-50.0,50,461.827675,0.0
-50.0,50,462.384285,0.0
-50.0,50,462.934752,0.0
-50.0,50,463.484923,0.0
-50.0,50,464.041131,0.0
-50.0,50,464.593852,0.0
-50.0,50,465.143144,0.0
-50.0,50,465.69801,0.0
-50.0,50,466.256396,0.0
-50.0,50,466.823636,0.0
-50.0,50,467.375906,0.0
-50.0,50,467.95126,0.0
0.0,50,468.52061,1.0
-50.0,50,469.066022,0.0
-50.0,50,469.612216,0.0
-50.0,50,470.166004,0.0
-50.0,50,470.72123,0.0
-50.0,50,471.259569,0.0
-50.0,50,471.801731,0.0
-50.0,50,472.346787,0.0
-50.0,50,472.901989,0.0
-50.0,50,473.446177,0.0
-50.0,50,473.998719,0.0
-50.0,50,474.549378,0.0
-50.0,50,475.108169,0.0
-45.0,50,475.659214,0.0
-50.0,50,476.210421,0.0
-50.0,50,476.761467,0.0
-50.0,50,477.321149,0.0
-50.0,50,477.874141,0.0
-50.0,50,478.425296,0.0
-50.0,50,478.976208,0.0
-50.0,50,479.545329,0.0
-50.0,50,480.095312,0.0
-50.0,50,480.646457,0.0
-50.0,50,481.196615,0.0
-32.0,50,481.751028,0.0
-50.0,50,482.302534,0.0
-50.0,50,482.853379,0.0
-50.0,50,483.40581,0.0
-35.0,50,483.964249,0.0
-50.0,50,484.516191,0.0
-50.0,50,485.067346,0.0
-50.0,50,485.618332,0.0
-50.0,50,486.177435,0.0
-50.0,50,486.735824,0.0
-50.0,50,487.291715,0.0
-50.0,50,487.844974,0.0
-50.0,50,488.401874,0.0
-50.0,50,488.966749,0.0
-46.0,50,489.520698,0.0
-50.0,50,490.070247,0.0
-50.0,50,490.629166,0.0
-50.0,50,491.186281,0.0
-50.0,50,491.743751,0.0
-50.0,50,492.297329,0.0
-50.0,50,492.859213,0.0
-50.0,50,493.413807,0.0
-50.0,50,493.967354,0.0
-50.0,50,494.524876,0.0
-50.0,50,495.096166,0.0
-50.0,50,495.660213,0.0
-50.0,50,496.219372,0.0
-46.0,50,496.777745,0.0
-50.0,50,497.342283,0.0
-50.0,50,497.903384,0.0
-50.0,50,498.464334,0.0
-50.0,50,499.022056,0.0
-50.0,50,499.615567,0.0
-50.0,50,500.170605,0.0
-46.0,50,500.720495,0.0
-50.0,50,501.277822,0.0
-50.0,50,501.839307,0.0
-50.0,50,502.392445,0.0
-46.0,50,502.964231,0.0
-50.0,50,503.517499,0.0
-50.0,50,504.092492,0.0
0.0,50,504.646809,1.0
-50.0,50,505.201656,0.0
-50.0,50,505.758834,0.0
-50.0,50,506.320311,0.0
-48.0,50,506.871746,0.0
-50.0,50,507.424698,0.0
-50.0,50,507.974694,0.0
-50.0,50,508.533389,0.0
-50.0,50,509.084677,0.0
-50.0,50,509.63513,0.0
-50.0,50,510.186423,0.0
-50.0,50,510.745445,0.0
-50.0,50,511.299622,0.0
-50.0,50,511.854141,0.0
-50.0,50,512.403563,0.0
-50.0,50,512.962329,0.0
-50.0,50,513.513328,0.0
-41.0,50,514.064563,0.0
-50.0,50,514.615486,0.0
-50.0,50,515.174643,0.0
-50.0,50,515.725419,0.0
-50.0,50,516.278487,0.0
-50.0,50,516.833149,0.0
-50.0,50,517.390444,0.0
-50.0,50,517.942605,0.0
-15.0,50,518.495822,1.0
-50.0,50,519.057545,0.0
-50.0,50,519.615386,0.0
-50.0,50,520.162181,0.0
-50.0,50,520.712731,0.0
-50.0,50,521.264977,0.0
-50.0,50,521.825536,0.0
-50.0,50,522.3743,0.0
-50.0,50,522.924883,0.0
-50.0,50,523.475795,0.0
-50.0,50,524.033018,0.0
-50.0,50,524.583532,0.0
-50.0,50,525.1344,0.0
-50.0,50,525.685665,0.0
-50.0,50,526.243665,0.0
-50.0,50,526.795564,0.0
-50.0,50,527.350532,0.0
-50.0,50,527.9091,0.0
-50.0,50,528.480725,0.0
-50.0,50,529.044924,0.0
-50.0,50,529.603964,0.0
-50.0,50,530.163601,0.0
-50.0,50,530.730839,0.0
-50.0,50,531.286684,0.0
-50.0,50,531.844429,0.0
-50.0,50,532.397491,0.0
-50.0,50,532.961768,0.0
-50.0,50,533.521696,0.0
-50.0,50,534.07739,0.0
0.0,50,534.62837,1.0
-50.0,50,535.193491,0.0
-50.0,50,535.749968,0.0
-50.0,50,536.302454,0.0
-50.0,50,536.855417,0.0
-50.0,50,537.418891,0.0
0.0,50,537.976248,1.0
-50.0,50,538.532204,0.0
-50.0,50,539.086678,0.0
-50.0,50,539.652841,0.0
-50.0,50,540.208785,0.0
-50.0,50,540.763692,0.0
-50.0,50,541.320968,0.0
-50.0,50,541.883063,0.0
-50.0,50,542.44168,0.0
-50.0,50,542.996486,0.0
-50.0,50,543.552041,0.0
-50.0,50,544.11986,0.0
-50.0,50,544.673707,0.0
-42.0,50,545.22546,0.0
-50.0,50,545.776417,0.0
-50.0,50,546.333902,0.0
-50.0,50,546.885842,0.0
-50.0,50,547.431835,0.0
-50.0,50,547.98642,0.0
-50.0,50,548.561806,0.0
-50.0,50,549.115726,0.0
0.0,50,549.665378,1.0
-50.0,50,550.219031,0.0
-50.0,50,550.777758,0.0
-50.0,50,551.33278,0.0
-50.0,50,551.885624,0.0
-50.0,50,552.439352,0.0
-50.0,50,552.996251,0.0
-50.0,50,553.54573,0.0
-50.0,50,554.096959,0.0
-50.0,50,554.647649,0.0
-50.0,50,555.206961,0.0
-50.0,50,555.757648,0.0
-50.0,50,556.311428,0.0
-50.0,50,556.858295,0.0
-50.0,50,559.792745,0.0
-50.0,50,560.345616,0.0
-50.0,50,560.897614,0.0
-50.0,50,561.448797,0.0
-50.0,50,562.008336,0.0
-50.0,50,562.559618,0.0
-50.0,50,563.110476,0.0
0.0,50,563.658244,1.0
-50.0,50,564.216595,0.0
0.0,50,564.768541,1.0
-50.0,50,565.319798,0.0
-50.0,50,565.870729,0.0
-50.0,50,566.431634,0.0
-50.0,50,566.984765,0.0
-50.0,50,567.537767,0.0
-50.0,50,568.091664,0.0
-50.0,50,568.650472,0.0
-50.0,50,569.201552,0.0
-50.0,50,569.754746,0.0
-50.0,50,570.30455,0.0
-50.0,50,570.863647,0.0
-50.0,50,571.415335,0.0
-50.0,50,571.959632,0.0
-50.0,50,572.509578,0.0
-50.0,50,573.068504,0.0
-50.0,50,573.612845,0.0
-50.0,50,574.171078,0.0
-43.0,50,574.722323,0.0
-50.0,50,575.282304,0.0
-50.0,50,575.828206,0.0
-50.0,50,576.379703,0.0
-50.0,50,576.928743,0.0
-50.0,50,577.487827,0.0
-50.0,50,578.036448,0.0
-50.0,50,578.597704,0.0
-50.0,50,579.146059,0.0
-50.0,50,579.706838,0.0
-50.0,50,580.257589,0.0
0.0,50,580.807584,1.0
-50.0,50,581.359085,0.0
0.0,50,581.918895,1.0
-50.0,50,582.469774,0.0
-50.0,50,583.023567,0.0
-50.0,50,583.57323,0.0
-50.0,50,584.129236,0.0
-43.0,50,584.682847,0.0
-50.0,50,585.224943,0.0
-50.0,50,585.765216,0.0
-50.0,50,586.326161,0.0
-50.0,50,586.883241,0.0
-50.0,50,587.42987,0.0
-50.0,50,587.980377,0.0
-50.0,50,588.531344,0.0
-50.0,50,589.084107,0.0
-50.0,50,589.633395,0.0
-50.0,50,590.185256,0.0
-50.0,50,590.746616,0.0
-50.0,50,591.297604,0.0
-50.0,50,591.848845,0.0
-50.0,50,592.399764,0.0
-50.0,50,592.959615,0.0
0.0,50,593.507352,1.0
-50.0,50,594.057145,0.0
-50.0,50,594.607795,0.0
-50.0,50,595.163353,0.0
-50.0,50,595.714578,0.0
-50.0,50,596.266706,0.0
-43.0,50,596.818664,0.0
-50.0,50,597.375379,0.0
0.0,50,597.927136,1.0
-50.0,50,598.478001,0.0
-50.0,50,599.024968,0.0
-50.0,50,599.584828,0.0
-50.0,50,600.135607,0.0
-50.0,50,600.682424,0.0
-50.0,50,601.228742,0.0
-50.0,50,601.788529,0.0
-50.0,50,602.338523,0.0
-50.0,50,602.890046,0.0
0.0,50,603.441197,1.0
-50.0,50,603.998794,0.0
-50.0,50,604.550082,0.0
-50.0,50,605.097533,0.0
-50.0,50,605.645601,0.0
-50.0,50,606.203056,0.0
-50.0,50,606.74868,0.0
-50.0,50,607.292995,0.0
-50.0,50,607.840567,0.0
-50.0,50,608.395562,0.0
-50.0,50,608.956168,0.0
-50.0,50,609.51071,0.0
-50.0,50,610.058613,0.0
0.0,50,610.617348,1.0
-50.0,50,611.169221,0.0
-50.0,50,611.714338,0.0
-50.0,50,612.261611,0.0
-50.0,50,612.819402,0.0
-50.0,50,613.369716,0.0
-50.0,50,613.922319,0.0
-50.0,50,614.477789,0.0
-50.0,50,615.03884,0.0
-50.0,50,615.594715,0.0
-50.0,50,616.144883,0.0
-50.0,50,616.700289,0.0
-50.0,50,617.25821,0.0
-50.0,50,617.801809,0.0
-50.0,50,618.345185,0.0
-50.0,50,618.89153,0.0
-50.0,50,619.450418,0.0
0.0,50,619.99951,1.0
-50.0,50,620.553894,0.0
-50.0,50,621.108055,0.0
-50.0,50,621.666962,0.0
-50.0,50,622.222392,0.0
-50.0,50,622.775385,0.0
-50.0,50,623.323049,0.0
-50.0,50,623.877385,0.0
-50.0,50,624.435047,0.0
-50.0,50,624.981935,0.0
-50.0,50,625.534502,0.0
-50.0,50,626.092725,0.0
-50.0,50,626.64673,0.0
-48.0,50,627.200332,0.0
-50.0,50,627.748815,0.0
-50.0,50,628.316257,0.0
-50.0,50,628.868778,0.0
-50.0,50,629.41971,0.0
-50.0,50,629.975156,0.0
-50.0,50,630.536705,0.0
-50.0,50,631.085344,0.0
-50.0,50,631.640263,0.0
-50.0,50,632.193718,0.0
-50.0,50,632.755838,0.0
-50.0,50,633.314291,0.0
-50.0,50,633.87075,0.0
-50.0,50,634.425885,0.0
-50.0,50,634.985573,0.0
-50.0,50,635.54328,0.0
-50.0,50,636.103112,0.0
-50.0,50,636.65794,0.0
-50.0,50,637.23013,0.0
-50.0,50,637.790257,0.0
-45.0,50,638.341824,0.0
-50.0,50,638.903744,0.0
-50.0,50,639.464599,0.0
-50.0,50,640.019946,0.0
-50.0,50,640.577292,0.0
-50.0,50,641.130572,0.0
-50.0,50,641.698284,0.0
-50.0,50,642.250643,0.0
-50.0,50,642.807996,0.0
-50.0,50,643.357751,0.0
-50.0,50,643.921938,0.0
-50.0,50,644.478473,0.0
-50.0,50,645.029713,0.0
-50.0,50,645.587094,0.0
-50.0,50,646.153943,0.0
-50.0,50,646.709064,0.0
-50.0,50,647.260789,0.0
-50.0,50,647.820167,0.0
-50.0,50,648.383028,0.0
-50.0,50,648.928615,0.0
-50.0,50,649.476511,0.0
-50.0,50,650.027801,0.0
-50.0,50,650.586989,0.0
-50.0,50,651.133873,0.0
-50.0,50,651.688328,0.0
-50.0,50,652.236611,0.0
0.0,50,652.798313,1.0
-50.0,50,653.350314,0.0
-50.0,50,653.901033,0.0
-50.0,50,654.4532,0.0
-50.0,50,655.010355,0.0
-50.0,50,655.566545,0.0
-50.0,50,656.115911,0.0
-50.0,50,656.665661,0.0
-50.0,50,657.224703,0.0
-50.0,50,657.773304,0.0
-50.0,50,658.325478,0.0
-50.0,50,658.876427,0.0
-50.0,50,659.43498,0.0
-50.0,50,659.98613,0.0
-50.0,50,660.537199,0.0
-50.0,50,661.088388,0.0
-50.0,50,661.648782,0.0
-41.0,50,662.200782,0.0
-50.0,50,662.752042,0.0
-50.0,50,663.298399,0.0
-50.0,50,663.857008,0.0
-50.0,50,664.407259,0.0
-50.0,50,664.960276,0.0
-50.0,50,665.508595,0.0
-50.0,50,666.067894,0.0
-50.0,50,666.632763,0.0
-50.0,50,667.195341,0.0
-50.0,50,667.750895,0.0
-50.0,50,668.325472,0.0
-50.0,50,668.902684,0.0
-50.0,50,669.467728,0.0
-50.0,50,670.028648,0.0
-50.0,50,672.976891,0.0
-50.0,50,673.537014,0.0
-50.0,50,674.099474,0.0
-50.0,50,674.657512,0.0
-50.0,50,675.247118,0.0
-50.0,50,675.80385,0.0
0.0,50,676.364271,1.0
-50.0,50,676.920183,0.0
-50.0,50,677.490724,0.0
-50.0,50,678.052441,0.0
-50.0,50,678.615317,0.0
-49.0,50,679.179265,0.0
-50.0,50,679.747888,0.0
-50.0,50,680.301182,0.0
-50.0,50,680.854516,0.0
-50.0,50,681.408196,0.0
-50.0,50,681.969336,0.0
-50.0,50,682.522127,0.0
-50.0,50,683.080502,0.0
-50.0,50,683.63543,0.0
-50.0,50,684.199227,0.0
-50.0,50,684.749857,0.0
-50.0,50,685.301995,0.0
-50.0,50,685.856478,0.0
-50.0,50,686.419563,0.0
-50.0,50,686.972898,0.0
-50.0,50,687.527596,0.0
-50.0,50,688.080241,0.0
-50.0,50,688.64122,0.0
-50.0,50,689.19962,0.0
-50.0,50,689.756073,0.0
-50.0,50,690.312145,0.0
-50.0,50,690.870957,0.0
-50.0,50,691.425418,0.0
-50.0,50,691.975971,0.0
0.0,50,692.527796,1.0
-50.0,50,693.088948,0.0
-50.0,50,693.641088,0.0
-50.0,50,694.19716,0.0
-50.0,50,694.750475,0.0
-50.0,50,695.308953,0.0
-50.0,50,695.861999,0.0
-50.0,50,696.414985,0.0
-50.0,50,696.967027,0.0
-50.0,50,697.530684,0.0
-50.0,50,698.083987,0.0
-50.0,50,698.650354,0.0
0.0,50,699.199937,1.0
-50.0,50,699.763536,0.0
-50.0,50,700.321673,0.0
-50.0,50,700.874386,0.0
-50.0,50,701.425079,0.0
0.0,50,701.983949,1.0
-50.0,50,702.536474,0.0
-50.0,50,703.090393,0.0
-50.0,50,703.642051,0.0
-50.0,50,704.201918,0.0
-50.0,50,704.753041,0.0
-50.0,50,705.306807,0.0
-50.0,50,705.865729,0.0
-50.0,50,706.42412,0.0
-50.0,50,706.981221,0.0
-50.0,50,707.53099,0.0
-50.0,50,708.09306,0.0
0.0,50,708.662993,1.0
-50.0,50,709.225457,0.0
-50.0,50,709.791195,0.0
-50.0,50,710.347493,0.0
-50.0,50,710.913179,0.0
-50.0,50,711.4759,0.0
-50.0,50,712.03314,0.0
-50.0,50,712.586819,0.0
-50.0,50,713.167047,0.0
-50.0,50,713.727921,0.0
-50.0,50,714.288535,0.0
-50.0,50,714.84776,0.0
-50.0,50,715.417481,0.0
-50.0,50,715.969908,0.0
-50.0,50,716.522461,0.0
0.0,50,717.076611,1.0
0.0,50,717.647271,1.0
-50.0,50,718.206034,0.0
-50.0,50,718.757437,0.0
-50.0,50,719.314055,0.0
-50.0,50,719.883893,0.0
-50.0,50,720.441664,0.0
-50.0,50,720.999208,0.0
-50.0,50,721.552538,0.0
0.0,50,722.111442,1.0
-50.0,50,722.662819,0.0
-50.0,50,723.214203,0.0
-50.0,50,723.765996,0.0
-50.0,50,724.325446,0.0
-50.0,50,724.877465,0.0
-50.0,50,725.428097,0.0
-50.0,50,725.985162,0.0
-50.0,50,726.544817,0.0
-50.0,50,727.103999,0.0
-50.0,50,727.655313,0.0
-50.0,50,728.210022,0.0
-50.0,50,728.779964,0.0
-50.0,50,729.339312,0.0
-50.0,50,729.893755,0.0
-50.0,50,730.454822,0.0
-50.0,50,731.017764,0.0
-50.0,50,731.575888,0.0
-50.0,50,732.132791,0.0
-50.0,50,732.694086,0.0
-50.0,50,733.260874,0.0
-50.0,50,733.818588,0.0
-50.0,50,734.376781,0.0
0.0,50,734.932427,1.0
-50.0,50,735.496081,0.0
-50.0,50,736.048567,0.0
-50.0,50,736.607542,0.0
-50.0,50,737.167863,0.0
-50.0,50,737.727776,0.0
-50.0,50,738.286988,0.0
-50.0,50,738.845968,0.0
-50.0,50,739.407753,0.0
-50.0,50,739.971049,0.0
-50.0,50,740.521052,0.0
-50.0,50,741.076756,0.0
0.0,50,741.62748,1.0
-50.0,50,742.184022,0.0
-50.0,50,742.735563,0.0
-50.0,50,743.282851,0.0
-50.0,50,743.836168,0.0
-50.0,50,744.394422,0.0
-50.0,50,744.950133,0.0
-50.0,50,745.500007,0.0
-50.0,50,746.052402,0.0
-50.0,50,746.625268,0.0
-50.0,50,747.18432,0.0
-47.0,50,747.731078,0.0
-50.0,50,748.281916,0.0
-50.0,50,748.835563,0.0
-50.0,50,749.381377,0.0
-50.0,50,749.93116,0.0
-50.0,50,750.478849,0.0
-50.0,50,751.034226,0.0
-50.0,50,751.582314,0.0
-50.0,50,752.133487,0.0
-50.0,50,752.68208,0.0
-50.0,50,753.241252,0.0
-50.0,50,753.789235,0.0
-50.0,50,754.342525,0.0
-50.0,50,754.897869,0.0
-50.0,50,755.459673,0.0
-50.0,50,756.008265,0.0
-50.0,50,756.566824,0.0
-50.0,50,757.11805,0.0
-50.0,50,757.678923,0.0
-50.0,50,758.230447,0.0
-50.0,50,758.792841,0.0
-50.0,50,759.34138,0.0
-50.0,50,759.89713,0.0
-50.0,50,760.44679,0.0
-50.0,50,760.997977,0.0
-50.0,50,761.547422,0.0
-50.0,50,762.104629,0.0
-50.0,50,762.654678,0.0
-50.0,50,763.201164,0.0
-50.0,50,763.752074,0.0
-50.0,50,764.313481,0.0
-50.0,50,764.869755,0.0
-50.0,50,765.423684,0.0
-50.0,50,765.979649,0.0
-50.0,50,766.543262,0.0
-50.0,50,767.096252,0.0
0.0,50,767.643928,1.0
0.0,50,768.196192,1.0
-46.0,50,768.764693,0.0
0.0,50,769.315458,1.0
-50.0,50,769.867239,0.0
-50.0,50,770.416402,0.0
-50.0,50,770.972905,0.0
-50.0,50,771.525516,0.0
-50.0,50,772.078431,0.0
-50.0,50,772.630871,0.0
-50.0,50,773.190409,0.0
-50.0,50,773.739414,0.0
-50.0,50,774.285364,0.0
-50.0,50,774.836219,0.0
-50.0,50,775.39257,0.0
-50.0,50,775.942427,0.0
-50.0,50,776.4941,0.0
-50.0,50,777.04442,0.0
-50.0,50,777.604566,0.0
-50.0,50,778.154457,0.0
-50.0,50,778.709343,0.0
-50.0,50,779.260912,0.0
-50.0,50,779.820449,0.0
-50.0,50,780.372097,0.0
-50.0,50,780.920652,0.0
-50.0,50,781.467971,0.0
-50.0,50,782.029818,0.0
-50.0,50,782.581581,0.0
-50.0,50,783.131135,0.0
-50.0,50,783.678267,0.0
0.0,50,786.441208,1.0
-50.0,50,786.999452,0.0
-50.0,50,787.551233,0.0
0.0,50,788.110759,1.0
-50.0,50,788.686611,0.0
-50.0,50,789.238713,0.0
-50.0,50,789.795839,0.0
-50.0,50,790.358225,0.0
-50.0,50,790.919322,0.0
-50.0,50,791.472327,0.0
-50.0,50,792.02982,0.0
-50.0,50,792.582829,0.0
-50.0,50,793.142637,0.0
-50.0,50,793.695587,0.0
-50.0,50,794.248848,0.0
-50.0,50,794.799395,0.0
-50.0,50,795.358919,0.0
-50.0,50,795.910733,0.0
-50.0,50,796.461555,0.0
-50.0,50,797.014433,0.0
-50.0,50,797.582616,0.0
-50.0,50,798.139113,0.0
-50.0,50,798.689767,0.0
-50.0,50,799.241897,0.0
-50.0,50,799.802629,0.0
-50.0,50,800.355633,0.0
-38.0,50,800.916487,0.0
-50.0,50,801.467336,0.0
-50.0,50,802.027417,0.0
-50.0,50,802.585403,0.0
-50.0,50,803.138518,0.0
-50.0,50,803.687026,0.0
-50.0,50,804.244711,0.0
-50.0,50,804.797631,0.0
-50.0,50,805.34855,0.0
-50.0,50,805.908693,0.0
-50.0,50,806.475686,0.0
-50.0,50,807.042136,0.0
-50.0,50,807.587599,0.0
-50.0,50,808.132635,0.0
-50.0,50,808.706042,0.0
-50.0,50,809.272113,0.0
-50.0,50,809.827654,0.0
-50.0,50,810.388277,0.0
-50.0,50,810.948214,0.0
-50.0,50,811.501594,0.0
-50.0,50,812.06432,0.0
-50.0,50,812.631226,0.0
0.0,50,813.19236,1.0
-50.0,50,813.759569,0.0
-50.0,50,814.326796,0.0
-50.0,50,814.888057,0.0
-50.0,50,815.455713,0.0
-50.0,50,816.029595,0.0
-50.0,50,816.59435,0.0
-50.0,50,817.160583,0.0
-50.0,50,817.727174,0.0
-50.0,50,818.285922,0.0
-50.0,50,818.852586,0.0
-50.0,50,819.40606,0.0
-50.0,50,819.974444,0.0
-50.0,50,820.526352,0.0
-50.0,50,821.078388,0.0
-50.0,50,821.628847,0.0
-50.0,50,822.185794,0.0
-50.0,50,822.74393,0.0
-50.0,50,823.290419,0.0
-50.0,50,823.850143,0.0
-50.0,50,824.396029,0.0
-50.0,50,824.941523,0.0
0.0,50,825.491615,1.0
-50.0,50,826.039606,0.0
-50.0,50,826.60501,0.0
-50.0,50,827.16524,0.0
-50.0,50,827.715008,0.0
-50.0,50,828.273616,0.0
-50.0,50,828.832375,0.0
-50.0,50,829.380526,0.0
-50.0,50,829.933638,0.0
-50.0,50,830.485544,0.0
-50.0,50,831.042664,0.0
-50.0,50,831.604311,0.0
-50.0,50,832.158546,0.0
-50.0,50,832.708904,0.0
-50.0,50,833.270068,0.0
-50.0,50,833.819638,0.0
-50.0,50,834.367684,0.0
-50.0,50,834.920215,0.0
-50.0,50,835.493977,0.0
-50.0,50,836.042871,0.0
-50.0,50,836.592786,0.0
-50.0,50,837.139381,0.0
-50.0,50,837.693057,0.0
-50.0,50,838.230507,0.0
0.0,50,838.778135,1.0
-50.0,50,839.317778,0.0
0.0,50,839.86687,1.0
-50.0,50,840.425929,0.0
0.0,50,840.975343,1.0
-50.0,50,841.533818,0.0
-50.0,50,842.088774,0.0
-50.0,50,842.636017,0.0
-50.0,50,843.18282,0.0
0.0,50,843.732593,1.0
-50.0,50,844.29177,0.0
-50.0,50,844.839558,0.0
-50.0,50,845.387602,0.0
-50.0,50,845.936716,0.0
-50.0,50,846.48695,0.0
-50.0,50,847.027433,0.0
-50.0,50,847.576676,0.0
-50.0,50,848.119702,0.0
-50.0,50,848.722936,0.0
-50.0,50,849.276186,0.0
-50.0,50,849.828897,0.0
-50.0,50,850.385385,0.0
0.0,50,850.946086,1.0
-50.0,50,851.499986,0.0
-50.0,50,852.056438,0.0
-50.0,50,852.614795,0.0
-50.0,50,853.178759,0.0
-50.0,50,853.735235,0.0
-50.0,50,854.291911,0.0
0.0,50,854.851455,1.0
-50.0,50,855.42079,0.0
-50.0,50,855.980367,0.0
-50.0,50,856.530783,0.0
-50.0,50,857.084997,0.0
-50.0,50,857.651548,0.0
-50.0,50,858.205478,0.0
-50.0,50,858.765984,0.0
0.0,50,859.327567,1.0
-50.0,50,859.888627,0.0
-50.0,50,860.434618,0.0
-50.0,50,860.988575,0.0
-50.0,50,861.536953,0.0
-50.0,50,862.089916,0.0
0.0,50,862.638108,1.0
-50.0,50,863.182144,0.0
-50.0,50,863.741807,0.0
-50.0,50,864.297242,0.0
-50.0,50,864.84403,0.0
-50.0,50,865.398122,0.0
-50.0,50,865.950494,0.0
-50.0,50,866.512022,0.0
-50.0,50,867.061281,0.0
-50.0,50,867.608906,0.0
-50.0,50,868.152257,0.0
-50.0,50,868.711239,0.0
-50.0,50,869.276955,0.0
-50.0,50,869.821683,0.0
-50.0,50,870.37455,0.0
-50.0,50,870.924009,0.0
-50.0,50,871.467317,0.0
-50.0,50,872.020989,0.0
-50.0,50,872.567186,0.0
-50.0,50,873.119692,0.0
-50.0,50,873.669599,0.0
-50.0,50,874.217604,0.0
-50.0,50,874.7679,0.0
-50.0,50,875.324248,0.0
-50.0,50,875.874865,0.0
-50.0,50,876.432337,0.0
-50.0,50,876.997365,0.0
-50.0,50,877.558646,0.0
-50.0,50,878.11256,0.0
-50.0,50,878.674609,0.0
-50.0,50,879.223886,0.0
-50.0,50,879.780717,0.0
-50.0,50,880.332068,0.0
-50.0,50,880.884286,0.0
-50.0,50,881.436787,0.0
-50.0,50,881.994708,0.0
-50.0,50,882.549193,0.0
-50.0,50,883.108837,0.0
-50.0,50,883.661991,0.0
-50.0,50,884.221336,0.0
-50.0,50,884.772806,0.0
-50.0,50,885.3228,0.0
-50.0,50,885.876297,0.0
-50.0,50,886.435092,0.0
-50.0,50,886.986118,0.0
-50.0,50,887.537802,0.0
-50.0,50,888.094698,0.0
-50.0,50,888.657541,0.0
-50.0,50,889.211338,0.0
-50.0,50,889.759746,0.0
-50.0,50,890.312978,0.0
-50.0,50,890.872648,0.0
-50.0,50,891.424202,0.0
-50.0,50,891.978537,0.0
-50.0,50,892.53238,0.0
-50.0,50,893.096455,0.0
-50.0,50,893.647091,0.0
-50.0,50,894.193946,0.0
0.0,50,894.740187,1.0
-50.0,50,895.298289,0.0
-50.0,50,895.851768,0.0
-50.0,50,896.403249,0.0
-50.0,50,896.954978,0.0
-50.0,50,899.860662,0.0
-50.0,50,900.407389,0.0
-50.0,50,900.956904,0.0
-50.0,50,901.5057,0.0
-50.0,50,902.067755,0.0
-50.0,50,902.622088,0.0
-50.0,50,903.170033,0.0
-50.0,50,903.71532,0.0
-50.0,50,904.278929,0.0
-50.0,50,904.826092,0.0
-50.0,50,905.370659,0.0
-50.0,50,905.925528,0.0
-50.0,50,906.480871,0.0
-50.0,50,907.023763,0.0
-50.0,50,907.571979,0.0
-50.0,50,908.124691,0.0
-50.0,50,908.695225,0.0
-50.0,50,909.244663,0.0
-50.0,50,909.798301,0.0
0.0,50,910.344889,1.0
-50.0,50,910.903398,0.0
-50.0,50,911.45339,0.0
-50.0,50,912.000785,0.0
0.0,50,912.552999,1.0
-50.0,50,913.111524,0.0
-50.0,50,913.661511,0.0
-50.0,50,914.212432,0.0
-50.0,50,914.757603,0.0
-50.0,50,915.321142,0.0
-50.0,50,915.865921,0.0
-50.0,50,916.41844,0.0
-50.0,50,916.96797,0.0
-50.0,50,917.520075,0.0
-50.0,50,918.06201,0.0
-50.0,50,918.604208,0.0
-50.0,50,919.15596,0.0
-50.0,50,919.717468,0.0
-50.0,50,920.269373,0.0
-50.0,50,920.816394,0.0
-50.0,50,921.36929,0.0
-50.0,50,921.927204,0.0
-50.0,50,922.479343,0.0
-50.0,50,923.027876,0.0
-50.0,50,923.583406,0.0
-50.0,50,924.142292,0.0
-50.0,50,924.692807,0.0
-50.0,50,925.244853,0.0
-50.0,50,925.799897,0.0
-50.0,50,926.375254,0.0
-50.0,50,926.927085,0.0
-50.0,50,927.471322,0.0
-50.0,50,928.022322,0.0
-50.0,50,928.582826,0.0
-50.0,50,929.130579,0.0
-50.0,50,929.679909,0.0
-50.0,50,930.228949,0.0
-50.0,50,930.78405,0.0
-50.0,50,931.335301,0.0
-50.0,50,931.891309,0.0
-50.0,50,932.441375,0.0
-50.0,50,933.000411,0.0
-50.0,50,933.545766,0.0
-50.0,50,934.093767,0.0
-50.0,50,934.64266,0.0
-50.0,50,935.199828,0.0
-50.0,50,935.749223,0.0
-50.0,50,936.300077,0.0
-50.0,50,936.849506,0.0
0.0,50,937.405077,1.0
-50.0,50,937.95689,0.0
-50.0,50,938.518569,0.0
-50.0,50,939.068756,0.0
-50.0,50,939.623582,0.0
-50.0,50,940.187259,0.0
-50.0,50,940.735115,0.0
-50.0,50,941.283919,0.0
-50.0,50,941.838737,0.0
-50.0,50,942.388401,0.0
-50.0,50,942.933678,0.0
-50.0,50,943.481691,0.0
-50.0,50,944.0421,0.0
0.0,50,944.594812,1.0
-50.0,50,945.146691,0.0
-50.0,50,945.697924,0.0
-50.0,50,946.256113,0.0
-50.0,50,946.7979,0.0
-50.0,50,947.344463,0.0
-50.0,50,947.889714,0.0
-50.0,50,948.445839,0.0
-50.0,50,948.995963,0.0
-50.0,50,949.541063,0.0
-50.0,50,950.088608,0.0
-50.0,50,950.649137,0.0
-50.0,50,951.198957,0.0
-50.0,50,951.742863,0.0
-50.0,50,952.287922,0.0
0.0,50,952.845943,1.0
-50.0,50,953.396081,0.0
-50.0,50,953.947226,0.0
-50.0,50,954.492436,0.0
-50.0,50,955.044125,0.0
-50.0,50,955.588673,0.0
-50.0,50,956.135099,0.0
-50.0,50,956.681719,0.0
-50.0,50,957.24291,0.0
-50.0,50,957.791013,0.0
-50.0,50,958.335084,0.0
-50.0,50,958.882651,0.0
-50.0,50,959.441012,0.0
-50.0,50,959.990228,0.0
-50.0,50,960.535885,0.0
-50.0,50,961.084415,0.0
-50.0,50,961.637725,0.0
-50.0,50,962.195028,0.0
-50.0,50,962.760383,0.0
-50.0,50,963.321662,0.0
-50.0,50,963.893578,0.0
-50.0,50,964.455047,0.0
-50.0,50,965.018229,0.0
-3.0,50,965.583184,1.0
-50.0,50,966.152875,0.0
-50.0,50,966.711863,0.0
-50.0,50,967.2756,0.0
-50.0,50,967.841487,0.0
-50.0,50,968.412894,0.0
-50.0,50,968.985472,0.0
-50.0,50,969.551227,0.0
-50.0,50,970.114472,0.0
-50.0,50,970.682817,0.0
-50.0,50,971.239336,0.0
-50.0,50,971.792212,0.0
-50.0,50,972.343017,0.0
-50.0,50,972.90205,0.0
-50.0,50,973.453012,0.0
-50.0,50,974.004046,0.0
0.0,50,974.558468,1.0
-50.0,50,975.115933,0.0
-50.0,50,975.668155,0.0
-50.0,50,976.221441,0.0
-50.0,50,976.776236,0.0
-50.0,50,977.336008,0.0
-50.0,50,977.891484,0.0
-50.0,50,978.442067,0.0
-50.0,50,978.993154,0.0
-50.0,50,979.552711,0.0
-50.0,50,980.108409,0.0
-50.0,50,980.660938,0.0
0.0,50,981.21205,1.0
0.0,50,981.771048,1.0
-50.0,50,982.321753,0.0
-50.0,50,982.872046,0.0
-50.0,50,983.422939,0.0
-50.0,50,983.980912,0.0
-50.0,50,984.533131,0.0
-50.0,50,985.08404,0.0
0.0,50,985.635455,1.0
-50.0,50,986.195381,0.0
-50.0,50,986.746112,0.0
-50.0,50,987.296073,0.0
-50.0,50,987.845018,0.0
-50.0,50,988.403042,0.0
-50.0,50,988.953982,0.0
-50.0,50,989.500331,0.0
-50.0,50,990.045222,0.0
-50.0,50,990.605211,0.0
-50.0,50,991.153289,0.0
-50.0,50,991.706336,0.0
-50.0,50,992.256724,0.0
-50.0,50,992.814287,0.0
-50.0,50,993.365483,0.0
-50.0,50,993.917096,0.0
-50.0,50,994.47161,0.0
-50.0,50,995.029796,0.0
-50.0,50,995.581783,0.0
-50.0,50,996.137696,0.0
0.0,50,996.686004,1.0
-50.0,50,997.244088,0.0
-50.0,50,997.790975,0.0
-50.0,50,998.342561,0.0
-50.0,50,998.899835,0.0
-50.0,50,999.460569,0.0
-50.0,50,1000.012282,0.0
-50.0,50,1000.564496,0.0
-50.0,50,1001.115035,0.0
-50.0,50,1001.676506,0.0
-50.0,50,1002.227165,0.0
-50.0,50,1002.78029,0.0
-50.0,50,1003.332694,0.0
-50.0,50,1003.895562,0.0
-50.0,50,1004.447242,0.0
-50.0,50,1004.998579,0.0
-50.0,50,1005.548056,0.0
-50.0,50,1006.108214,0.0
-50.0,50,1006.661043,0.0
-50.0,50,1007.211192,0.0
-50.0,50,1007.763299,0.0
-50.0,50,1008.32849,0.0
-50.0,50,1008.879943,0.0
-50.0,50,1009.431,0.0
0.0,50,1009.985158,1.0
0.0,50,1012.899067,1.0
-50.0,50,1013.44996,0.0
-50.0,50,1014.003252,0.0
-50.0,50,1014.554187,0.0
-50.0,50,1015.112023,0.0
-50.0,50,1015.663146,0.0
-50.0,50,1016.214064,0.0
-50.0,50,1016.765192,0.0
-50.0,50,1017.326401,0.0
-50.0,50,1017.879568,0.0
-50.0,50,1018.431529,0.0
-50.0,50,1018.984606,0.0
-50.0,50,1019.546035,0.0
-50.0,50,1020.098649,0.0
-50.0,50,1020.648497,0.0
-50.0,50,1021.199353,0.0
-50.0,50,1021.754034,0.0
-50.0,50,1022.305298,0.0
0.0,50,1022.85641,1.0
-50.0,50,1023.407279,0.0
-50.0,50,1023.963048,0.0
-50.0,50,1024.513113,0.0
-50.0,50,1025.064338,0.0
-50.0,50,1025.611967,0.0
-50.0,50,1026.167581,0.0
-50.0,50,1026.718304,0.0
-50.0,50,1027.268151,0.0
-50.0,50,1027.815121,0.0
-50.0,50,1028.373932,0.0
-50.0,50,1028.934525,0.0
-50.0,50,1029.483697,0.0
-50.0,50,1030.028741,0.0
-50.0,50,1030.586375,0.0
-50.0,50,1031.134409,0.0
-50.0,50,1031.685108,0.0
-50.0,50,1032.233504,0.0
-50.0,50,1032.791,0.0
-50.0,50,1033.338399,0.0
-50.0,50,1033.887428,0.0
0.0,50,1034.435725,1.0
-50.0,50,1034.995894,0.0
-50.0,50,1035.547286,0.0
-50.0,50,1036.099762,0.0
-50.0,50,1036.654491,0.0
-50.0,50,1037.209528,0.0
-50.0,50,1037.760418,0.0
-50.0,50,1038.314399,0.0
-50.0,50,1038.868346,0.0
-50.0,50,1039.425899,0.0
-50.0,50,1039.977079,0.0
-50.0,50,1040.525661,0.0
-50.0,50,1041.073143,0.0
-50.0,50,1041.631434,0.0
-50.0,50,1042.182585,0.0
-50.0,50,1042.729933,0.0
-50.0,50,1043.277529,0.0
-50.0,50,1043.836094,0.0
-50.0,50,1044.385746,0.0
-50.0,50,1044.946476,0.0
-50.0,50,1045.505944,0.0
-50.0,50,1046.078489,0.0
-50.0,50,1046.643647,0.0
-50.0,50,1047.210448,0.0
-50.0,50,1047.772833,0.0
-50.0,50,1048.343356,0.0
-50.0,50,1048.910293,0.0
-50.0,50,1049.470398,0.0
-50.0,50,1050.032849,0.0
-50.0,50,1050.609855,0.0
-50.0,50,1051.171438,0.0
-50.0,50,1051.739497,0.0
-50.0,50,1052.307827,0.0
-50.0,50,1052.87843,0.0
-50.0,50,1053.442209,0.0
-50.0,50,1054.011982,0.0
-50.0,50,1054.580739,0.0
-50.0,50,1055.153963,0.0
-50.0,50,1055.720815,0.0
-50.0,50,1056.283605,0.0
-50.0,50,1056.850791,0.0
-50.0,50,1057.42199,0.0
-50.0,50,1057.985815,0.0
-50.0,50,1058.560535,0.0
-50.0,50,1059.126397,0.0
-50.0,50,1059.700035,0.0
-50.0,50,1060.260882,0.0
-50.0,50,1060.822231,0.0
-50.0,50,1061.381958,0.0
-50.0,50,1061.967228,0.0
-50.0,50,1062.528165,0.0
-50.0,50,1063.091647,0.0
-50.0,50,1063.65057,0.0
-50.0,50,1064.224476,0.0
-50.0,50,1064.786224,0.0
-50.0,50,1065.344391,0.0
0.0,50,1065.904826,1.0
-50.0,50,1066.471655,0.0
-50.0,50,1067.029678,0.0
-50.0,50,1067.587276,0.0
-50.0,50,1068.138124,0.0
-50.0,50,1068.694142,0.0
-50.0,50,1069.242057,0.0
-50.0,50,1069.790891,0.0
-50.0,50,1070.339606,0.0
-50.0,50,1070.897108,0.0
-50.0,50,1071.453391,0.0
-50.0,50,1072.00307,0.0
-50.0,50,1072.552384,0.0
-50.0,50,1073.106925,0.0
-50.0,50,1073.662407,0.0
-46.0,50,1074.213826,0.0
-50.0,50,1074.76836,0.0
-50.0,50,1075.325737,0.0
-50.0,50,1075.874157,0.0
-50.0,50,1076.427221,0.0
-50.0,50,1076.977199,0.0
-50.0,50,1077.534444,0.0
-50.0,50,1078.08499,0.0
-50.0,50,1078.637606,0.0
0.0,50,1079.188867,1.0
-47.0,50,1079.754582,0.0
0.0,50,1080.30407,1.0
-50.0,50,1080.860702,0.0
0.0,50,1081.411752,1.0
-50.0,50,1081.968513,0.0
-50.0,50,1082.517051,0.0
-50.0,50,1083.067599,0.0
-50.0,50,1083.61984,0.0
-50.0,50,1084.232564,0.0
-50.0,50,1084.785419,0.0
-50.0,50,1085.338528,0.0
-50.0,50,1085.888978,0.0
-50.0,50,1086.446536,0.0
-50.0,50,1086.996055,0.0
-50.0,50,1087.544636,0.0
-50.0,50,1088.096946,0.0
-50.0,50,1088.672715,0.0
-50.0,50,1089.22958,0.0
-50.0,50,1089.783749,0.0
-50.0,50,1090.33003,0.0
-50.0,50,1090.887277,0.0
-50.0,50,1091.443756,0.0
-50.0,50,1091.996841,0.0
0.0,50,1092.546359,1.0
-50.0,50,1093.109927,0.0
-50.0,50,1093.658045,0.0
-50.0,50,1094.209013,0.0
-50.0,50,1094.759053,0.0
-50.0,50,1095.320883,0.0
-50.0,50,1095.871989,0.0
-50.0,50,1096.423016,0.0
-50.0,50,1096.969172,0.0
-50.0,50,1097.53168,0.0
-50.0,50,1098.083472,0.0
-50.0,50,1098.6305,0.0
-50.0,50,1099.184264,0.0
-50.0,50,1099.744641,0.0
-50.0,50,1100.290258,0.0
-50.0,50,1100.842835,0.0
0.0,50,1101.395316,1.0
0.0,50,1101.949694,1.0
-50.0,50,1102.497605,0.0
-50.0,50,1103.050848,0.0
0.0,50,1103.601855,1.0
-50.0,50,1104.158861,0.0
-50.0,50,1104.708489,0.0
-50.0,50,1105.260628,0.0
-50.0,50,1105.815247,0.0
-50.0,50,1106.376931,0.0
-50.0,50,1106.933528,0.0
-50.0,50,1107.483895,0.0
-50.0,50,1108.037785,0.0
-50.0,50,1108.594997,0.0
-50.0,50,1109.149948,0.0
-50.0,50,1109.704309,0.0
-50.0,50,1110.259681,0.0
-50.0,50,1110.824677,0.0
-50.0,50,1111.383255,0.0
-50.0,50,1111.940347,0.0
-50.0,50,1112.49606,0.0
-50.0,50,1113.056601,0.0
-50.0,50,1113.609292,0.0
-50.0,50,1114.159847,0.0
-50.0,50,1114.7183,0.0
-50.0,50,1115.28161,0.0
-50.0,50,1115.837264,0.0
-50.0,50,1116.390396,0.0
-50.0,50,1116.940976,0.0
-50.0,50,1117.498354,0.0
-50.0,50,1118.054623,0.0
-50.0,50,1118.623692,0.0
-50.0,50,1119.173475,0.0
-50.0,50,1119.73215,0.0
-50.0,50,1120.287736,0.0
-50.0,50,1120.844733,0.0
-50.0,50,1121.400757,0.0
-50.0,50,1121.965231,0.0
-50.0,50,1122.522668,0.0
-50.0,50,1123.079708,0.0
-50.0,50,1123.63532,0.0
-50.0,50,1126.523954,0.0
-50.0,50,1127.068266,0.0
-50.0,50,1127.605036,0.0
-50.0,50,1128.150719,0.0
-50.0,50,1128.70449,0.0
-50.0,50,1129.249683,0.0
-50.0,50,1129.79323,0.0
-50.0,50,1130.336526,0.0
-50.0,50,1130.888647,0.0
-50.0,50,1131.425396,0.0
-50.0,50,1131.962297,0.0
-50.0,50,1132.507453,0.0
-50.0,50,1133.05144,0.0
-50.0,50,1133.589334,0.0
-50.0,50,1134.133893,0.0
-50.0,50,1134.682988,0.0
-50.0,50,1135.226802,0.0
-50.0,50,1135.762096,0.0
-50.0,50,1136.301801,0.0
-50.0,50,1136.837406,0.0
-50.0,50,1137.389702,0.0
-50.0,50,1137.937411,0.0
-46.0,50,1138.480874,0.0
-50.0,50,1139.02318,0.0
-50.0,50,1139.57109,0.0
-50.0,50,1140.116172,0.0
-50.0,50,1140.65565,0.0
-50.0,50,1141.201421,0.0
-50.0,50,1141.752361,0.0
-50.0,50,1142.296604,0.0
-50.0,50,1142.842974,0.0
-50.0,50,1143.382688,0.0
-50.0,50,1143.934183,0.0
-50.0,50,1144.477533,0.0
-50.0,50,1145.018255,0.0
-3.0,50,1145.565485,1.0
-50.0,50,1146.116336,0.0
-50.0,50,1146.669974,0.0
-50.0,50,1147.221587,0.0
-50.0,50,1147.771973,0.0
-50.0,50,1148.333917,0.0
-50.0,50,1148.890424,0.0
-50.0,50,1149.440397,0.0
-50.0,50,1149.989725,0.0
-50.0,50,1150.546777,0.0
-50.0,50,1151.094288,0.0
-50.0,50,1151.64065,0.0
-50.0,50,1152.196234,0.0
-50.0,50,1152.749964,0.0
-45.0,50,1153.294609,0.0
-50.0,50,1153.845694,0.0
-50.0,50,1154.395133,0.0
-50.0,50,1154.951665,0.0
-50.0,50,1155.501908,0.0
-50.0,50,1156.052827,0.0
-50.0,50,1156.603842,0.0
-50.0,50,1157.161628,0.0
-50.0,50,1157.711693,0.0
-50.0,50,1158.257861,0.0
-50.0,50,1158.808745,0.0
-50.0,50,1159.363957,0.0
-50.0,50,1159.913627,0.0
-50.0,50,1160.464782,0.0
-50.0,50,1161.012843,0.0
-50.0,50,1161.56717,0.0
-50.0,50,1162.117699,0.0
-50.0,50,1162.665,0.0
-50.0,50,1163.215691,0.0
-50.0,50,1163.775809,0.0
-50.0,50,1164.325589,0.0
-50.0,50,1164.875763,0.0
-50.0,50,1165.424829,0.0
-50.0,50,1165.973682,0.0
-50.0,50,1166.521751,0.0
-50.0,50,1167.068631,0.0
-50.0,50,1167.619373,0.0
-50.0,50,1168.177736,0.0
-50.0,50,1168.728561,0.0
-50.0,50,1169.2685,0.0
-44.0,50,1169.819809,0.0
-50.0,50,1170.371608,0.0
-50.0,50,1170.911374,0.0
-50.0,50,1171.456731,0.0
0.0,50,1172.005792,1.0
-50.0,50,1172.564789,0.0
-50.0,50,1173.11473,0.0
-50.0,50,1173.660853,0.0
-50.0,50,1174.21122,0.0
-50.0,50,1174.770883,0.0
-50.0,50,1175.31862,0.0
-50.0,50,1175.862527,0.0
-50.0,50,1176.403035,0.0
-50.0,50,1176.961779,0.0
-50.0,50,1177.512781,0.0
-50.0,50,1178.057632,0.0
-50.0,50,1178.617713,0.0
-50.0,50,1179.176077,0.0
-50.0,50,1179.7225,0.0
-50.0,50,1180.270932,0.0
-50.0,50,1180.820616,0.0
-50.0,50,1181.377898,0.0
-50.0,50,1181.928823,0.0
-50.0,50,1182.473777,0.0
-50.0,50,1183.015577,0.0
-50.0,50,1183.571811,0.0
-50.0,50,1184.11666,0.0
-50.0,50,1184.665998,0.0
-50.0,50,1185.213473,0.0
-50.0,50,1185.771559,0.0
-50.0,50,1186.321779,0.0
-50.0,50,1186.869766,0.0
-50.0,50,1187.421009,0.0
-50.0,50,1187.978631,0.0
-50.0,50,1188.525514,0.0
-50.0,50,1189.072445,0.0
-50.0,50,1189.620462,0.0
-50.0,50,1190.179871,0.0
-50.0,50,1190.729887,0.0
0.0,50,1191.271662,1.0
-50.0,50,1191.816708,0.0
0.0,50,1192.373025,1.0
-50.0,50,1192.930203,0.0
-16.0,50,1193.485667,0.0
-50.0,50,1194.032417,0.0
-50.0,50,1194.590576,0.0
-50.0,50,1195.14369,0.0
-50.0,50,1195.693207,0.0
-50.0,50,1196.241462,0.0
-50.0,50,1196.795208,0.0
-50.0,50,1197.360205,0.0
-50.0,50,1197.917627,0.0
-50.0,50,1198.464257,0.0
-50.0,50,1199.03546,0.0
-50.0,50,1199.589958,0.0
-50.0,50,1200.146079,0.0
-50.0,50,1200.696228,0.0
-50.0,50,1201.259622,0.0
-50.0,50,1201.814527,0.0
-50.0,50,1202.364713,0.0
-50.0,50,1202.918687,0.0
-50.0,50,1203.481341,0.0
-39.0,50,1204.034281,0.0
-50.0,50,1204.580632,0.0
-50.0,50,1205.130862,0.0
-50.0,50,1205.690127,0.0
-50.0,50,1206.23922,0.0
-50.0,50,1206.786281,0.0
-50.0,50,1207.342822,0.0
-50.0,50,1207.894667,0.0
-50.0,50,1208.45254,0.0
-50.0,50,1209.011231,0.0
-50.0,50,1209.554428,0.0
-50.0,50,1210.114328,0.0
-50.0,50,1210.677033,0.0
-50.0,50,1211.229558,0.0
-50.0,50,1211.77323,0.0
-50.0,50,1212.330643,0.0
-50.0,50,1212.882983,0.0
-50.0,50,1213.429783,0.0
-50.0,50,1213.982444,0.0
-50.0,50,1214.533563,0.0
-50.0,50,1215.082607,0.0
-50.0,50,1215.635574,0.0
-50.0,50,1216.179766,0.0
-50.0,50,1216.742827,0.0
-50.0,50,1217.295468,0.0
-50.0,50,1217.839516,0.0
-50.0,50,1218.395061,0.0
-50.0,50,1218.957976,0.0
0.0,50,1219.502992,1.0
-50.0,50,1220.047775,0.0
-50.0,50,1220.594931,0.0
-50.0,50,1221.152026,0.0
0.0,50,1221.697363,1.0
-50.0,50,1222.246061,0.0
-50.0,50,1222.792881,0.0
-50.0,50,1223.345835,0.0
-50.0,50,1223.891902,0.0
-50.0,50,1224.430769,0.0
-50.0,50,1224.980892,0.0
-50.0,50,1225.540063,0.0
-50.0,50,1226.088767,0.0
-50.0,50,1226.638982,0.0
0.0,50,1227.185027,1.0
-50.0,50,1227.744901,0.0
-50.0,50,1228.292878,0.0
-50.0,50,1228.842876,0.0
-50.0,50,1229.390996,0.0
-50.0,50,1229.947155,0.0
0.0,50,1230.498008,1.0
-50.0,50,1231.038747,0.0
-50.0,50,1231.590942,0.0
-50.0,50,1232.148193,0.0
-50.0,50,1232.697046,0.0
-50.0,50,1233.247393,0.0
-50.0,50,1233.798305,0.0
-50.0,50,1234.356821,0.0
-50.0,50,1234.900485,0.0
-50.0,50,1235.449546,0.0
-50.0,50,1235.999238,0.0
-50.0,50,1238.970266,0.0
-50.0,50,1239.52299,0.0
-50.0,50,1240.07704,0.0
-50.0,50,1240.622598,0.0
-50.0,50,1241.181555,0.0
-50.0,50,1241.72402,0.0
-50.0,50,1242.26879,0.0
-50.0,50,1242.809498,0.0
-50.0,50,1243.36725,0.0
-50.0,50,1243.909875,0.0
-50.0,50,1244.453003,0.0
-50.0,50,1245.005698,0.0
-50.0,50,1245.558928,0.0
-50.0,50,1246.109886,0.0
-50.0,50,1246.656544,0.0
-50.0,50,1247.200894,0.0
-50.0,50,1247.748451,0.0
-50.0,50,1248.298757,0.0
-50.0,50,1248.853545,0.0
-50.0,50,1249.403471,0.0
-50.0,50,1249.963949,0.0
-50.0,50,1250.500097,0.0
-50.0,50,1251.03731,0.0
-50.0,50,1251.571906,0.0
-50.0,50,1252.115815,0.0
-50.0,50,1252.655846,0.0
-50.0,50,1253.193727,0.0
-50.0,50,1253.736124,0.0
-50.0,50,1254.28293,0.0
-50.0,50,1254.826942,0.0
-50.0,50,1255.360561,0.0
-50.0,50,1255.893899,0.0
-50.0,50,1256.438219,0.0
-50.0,50,1256.975875,0.0
-50.0,50,1257.509529,0.0
-50.0,50,1258.04882,0.0
-50.0,50,1258.593714,0.0
-50.0,50,1259.142019,0.0
-50.0,50,1259.696047,0.0
-50.0,50,1260.243858,0.0
0.0,50,1260.806608,1.0
-50.0,50,1261.368382,0.0
-50.0,50,1261.92957,0.0
-50.0,50,1262.486189,0.0
-50.0,50,1263.057402,0.0
-50.0,50,1263.606284,0.0
-50.0,50,1264.162645,0.0
-50.0,50,1264.723694,0.0
-50.0,50,1265.288723,0.0
-50.0,50,1265.84745,0.0
-50.0,50,1266.408302,0.0
-50.0,50,1266.966516,0.0
-50.0,50,1267.527193,0.0
-50.0,50,1268.084155,0.0
-50.0,50,1268.651993,0.0
-50.0,50,1269.205904,0.0
-50.0,50,1269.768045,0.0
-50.0,50,1270.321728,0.0
-50.0,50,1270.872973,0.0
-50.0,50,1271.423801,0.0
-50.0,50,1271.981245,0.0
-50.0,50,1272.53003,0.0
-50.0,50,1273.090294,0.0
-50.0,50,1273.640117,0.0
-50.0,50,1274.203487,0.0
-50.0,50,1274.753826,0.0
-50.0,50,1275.304578,0.0
-50.0,50,1275.855527,0.0
-50.0,50,1276.412933,0.0
-50.0,50,1276.969988,0.0
-50.0,50,1277.518417,0.0
-50.0,50,1278.067967,0.0
-50.0,50,1278.627392,0.0
-50.0,50,1279.178874,0.0
-50.0,50,1279.731826,0.0
-50.0,50,1280.2823,0.0
-50.0,50,1280.843402,0.0
-50.0,50,1281.398422,0.0
-50.0,50,1281.947935,0.0
-50.0,50,1282.499326,0.0
-50.0,50,1283.060889,0.0
-50.0,50,1283.619725,0.0
-50.0,50,1284.175748,0.0
-50.0,50,1284.734136,0.0
-50.0,50,1285.292712,0.0
-50.0,50,1285.849074,0.0
-50.0,50,1286.405007,0.0
-50.0,50,1286.955608,0.0
-50.0,50,1287.515905,0.0
-50.0,50,1288.073149,0.0
-50.0,50,1288.627656,0.0
-50.0,50,1289.185867,0.0
-50.0,50,1289.751413,0.0
-50.0,50,1290.311036,0.0
-50.0,50,1290.868441,0.0
-50.0,50,1291.420241,0.0
-50.0,50,1291.988035,0.0
-50.0,50,1292.537244,0.0
-50.0,50,1293.095068,0.0
-43.0,50,1293.650049,0.0
-50.0,50,1294.216382,0.0
-50.0,50,1294.775647,0.0
0.0,50,1295.330089,1.0
-50.0,50,1295.887755,0.0
-50.0,50,1296.446556,0.0
-50.0,50,1297.006301,0.0
-50.0,50,1297.558356,0.0
-50.0,50,1298.117391,0.0
-50.0,50,1298.692848,0.0
-50.0,50,1299.253947,0.0
-50.0,50,1299.815635,0.0
-50.0,50,1300.370041,0.0
-50.0,50,1300.940161,0.0
-50.0,50,1301.504215,0.0
-50.0,50,1302.063037,0.0
-50.0,50,1302.616183,0.0
-50.0,50,1303.180936,0.0
-50.0,50,1303.745054,0.0
-50.0,50,1304.303778,0.0
-50.0,50,1304.869583,0.0
-50.0,50,1305.438031,0.0
-50.0,50,1305.993212,0.0
-50.0,50,1306.554959,0.0
-50.0,50,1307.11565,0.0
-50.0,50,1307.682508,0.0
-50.0,50,1308.239658,0.0
-50.0,50,1308.795567,0.0
-50.0,50,1309.346002,0.0
-50.0,50,1309.906094,0.0
-50.0,50,1310.463926,0.0
-50.0,50,1311.022578,0.0
-50.0,50,1311.570446,0.0
-50.0,50,1312.142715,0.0
-50.0,50,1312.702654,0.0
-50.0,50,1313.250377,0.0
-50.0,50,1313.807888,0.0
-50.0,50,1314.376357,0.0
-50.0,50,1314.931666,0.0
-50.0,50,1315.48354,0.0
-50.0,50,1316.032783,0.0
-50.0,50,1316.593594,0.0
-50.0,50,1317.146125,0.0
-50.0,50,1317.702091,0.0
-50.0,50,1318.254114,0.0
-50.0,50,1318.813563,0.0
-50.0,50,1319.36405,0.0
-50.0,50,1319.915329,0.0
-50.0,50,1320.468799,0.0
-50.0,50,1321.033842,0.0
-50.0,50,1321.588653,0.0
-50.0,50,1322.152923,0.0
-50.0,50,1322.709446,0.0
-50.0,50,1323.273782,0.0
-50.0,50,1323.82691,0.0
-50.0,50,1324.382438,0.0
0.0,50,1324.933182,1.0
-50.0,50,1325.500121,0.0
-50.0,50,1326.058594,0.0
-50.0,50,1326.610384,0.0
-50.0,50,1327.165959,0.0
-50.0,50,1327.725249,0.0
-50.0,50,1328.285228,0.0
-50.0,50,1328.852867,0.0
-50.0,50,1329.404241,0.0
-50.0,50,1329.972656,0.0
-50.0,50,1330.529422,0.0
-50.0,50,1331.079262,0.0
0.0,50,1331.629959,1.0
-50.0,50,1332.192484,0.0
-50.0,50,1332.747413,0.0
-50.0,50,1333.298136,0.0
-50.0,50,1333.854827,0.0
-50.0,50,1334.414163,0.0
-50.0,50,1334.96526,0.0
-50.0,50,1335.515249,0.0
-50.0,50,1336.063854,0.0
-50.0,50,1336.62973,0.0
-50.0,50,1337.18475,0.0
-50.0,50,1337.736747,0.0
-50.0,50,1338.289639,0.0
-50.0,50,1338.851769,0.0
-50.0,50,1339.407325,0.0
-50.0,50,1339.966088,0.0
-50.0,50,1340.521282,0.0
-50.0,50,1341.092436,0.0
-50.0,50,1341.650256,0.0
-50.0,50,1342.208414,0.0
-22.0,50,1342.768145,1.0
-50.0,50,1343.338048,0.0
-50.0,50,1343.896052,0.0
0.0,50,1344.453009,1.0
-50.0,50,1345.012347,0.0
-50.0,50,1345.580297,0.0
-50.0,50,1346.138384,0.0
-50.0,50,1346.698472,0.0
-50.0,50,1347.256223,0.0
-50.0,50,1347.824735,0.0
-50.0,50,1348.378578,0.0
-50.0,50,1348.93568,0.0
-16.0,50,1349.491557,0.0
-50.0,50,1352.45352,0.0
-50.0,50,1353.009438,0.0
-50.0,50,1353.56954,0.0
-50.0,50,1354.128059,0.0
-50.0,50,1354.698539,0.0
-50.0,50,1355.258026,0.0
-50.0,50,1355.815522,0.0
-50.0,50,1356.374812,0.0
-50.0,50,1356.931989,0.0
-50.0,50,1357.482712,0.0
-50.0,50,1358.035649,0.0
0.0,50,1358.60336,1.0
-50.0,50,1359.177314,0.0
-50.0,50,1359.737228,0.0
-50.0,50,1360.296025,0.0
-50.0,50,1360.852433,0.0
-50.0,50,1361.409141,0.0
-50.0,50,1361.960914,0.0
-50.0,50,1362.520797,0.0
-50.0,50,1363.07159,0.0
-50.0,50,1363.636842,0.0
-50.0,50,1364.194772,0.0
-50.0,50,1364.750571,0.0
-50.0,50,1365.311133,0.0
-50.0,50,1365.877347,0.0
-50.0,50,1366.430353,0.0
-50.0,50,1366.991215,0.0
-50.0,50,1367.54755,0.0
-50.0,50,1368.114201,0.0
-50.0,50,1368.670291,0.0
-50.0,50,1369.227851,0.0
-50.0,50,1369.777872,0.0
-50.0,50,1370.34802,0.0
-50.0,50,1370.910261,0.0
-50.0,50,1371.466299,0.0
0.0,50,1372.018381,1.0
-50.0,50,1372.586647,0.0
-50.0,50,1373.139221,0.0
-50.0,50,1373.698002,0.0
-50.0,50,1374.246977,0.0
-50.0,50,1374.81652,0.0
-50.0,50,1375.375802,0.0
-50.0,50,1375.928341,0.0
-50.0,50,1376.480654,0.0
-50.0,50,1377.048496,0.0
-50.0,50,1377.603926,0.0
-50.0,50,1378.162569,0.0
-50.0,50,1378.734708,0.0
-50.0,50,1379.316069,0.0
-50.0,50,1379.878136,0.0
-50.0,50,1380.439813,0.0
-50.0,50,1380.997236,0.0
-50.0,50,1381.559142,0.0
0.0,50,1382.117996,1.0
-50.0,50,1382.674066,0.0
-50.0,50,1383.232834,0.0
-50.0,50,1383.798582,0.0
-50.0,50,1384.354986,0.0
-50.0,50,1384.909849,0.0
-50.0,50,1385.465715,0.0
-50.0,50,1386.031867,0.0
-50.0,50,1386.588719,0.0
-50.0,50,1387.146596,0.0
-50.0,50,1387.701076,0.0
-50.0,50,1388.262326,0.0
-50.0,50,1388.826132,0.0
-50.0,50,1389.382511,0.0
-50.0,50,1389.933871,0.0
-50.0,50,1390.494132,0.0
-50.0,50,1391.051926,0.0
-50.0,50,1391.611007,0.0
-50.0,50,1392.171533,0.0
-50.0,50,1392.740711,0.0
-50.0,50,1393.29284,0.0
-50.0,50,1393.848813,0.0
-50.0,50,1394.407181,0.0
-50.0,50,1394.966875,0.0
-50.0,50,1395.524964,0.0
-50.0,50,1396.080949,0.0
-50.0,50,1396.635162,0.0
-50.0,50,1397.19825,0.0
-50.0,50,1397.757174,0.0
-50.0,50,1398.316076,0.0
-50.0,50,1398.863867,0.0
-50.0,50,1399.432967,0.0
-50.0,50,1399.989875,0.0
-50.0,50,1400.538716,0.0
-50.0,50,1401.098074,0.0
-50.0,50,1401.656543,0.0
-50.0,50,1402.214865,0.0
-50.0,50,1402.769876,0.0
-50.0,50,1403.320537,0.0
-50.0,50,1403.87962,0.0
-50.0,50,1404.42244,0.0
-50.0,50,1404.926199,0.0
-50.0,50,1405.42826,0.0
-50.0,50,1405.938235,0.0
-50.0,50,1406.44326,0.0
-50.0,50,1407.55961,0.0
-50.0,50,1408.760229,0.0
-50.0,50,1409.961905,0.0
-50.0,50,1411.156781,0.0
-50.0,50,1412.424824,0.0
-50.0,50,1413.733008,0.0
-50.0,50,1414.953466,0.0
-50.0,50,1416.148466,0.0
-50.0,50,1417.352478,0.0
-50.0,50,1418.56231,0.0
-50.0,50,1419.79583,0.0
-50.0,50,1421.003083,0.0
-50.0,50,1422.093032,0.0
-50.0,50,1422.636699,0.0
-50.0,50,1423.200556,0.0
-47.0,50,1423.75475,0.0
-50.0,50,1424.305534,0.0
-50.0,50,1424.855961,0.0
-50.0,50,1425.420915,0.0
-50.0,50,1425.967995,0.0
-50.0,50,1426.521702,0.0
-50.0,50,1427.076534,0.0
-50.0,50,1427.627909,0.0
-50.0,50,1428.180967,0.0
-50.0,50,1428.735264,0.0
-50.0,50,1429.288574,0.0
-50.0,50,1429.84879,0.0
-50.0,50,1430.414951,0.0
-50.0,50,1430.970798,0.0
-50.0,50,1431.52319,0.0
-50.0,50,1432.083802,0.0
-50.0,50,1432.636455,0.0
-50.0,50,1433.189279,0.0
-50.0,50,1433.742746,0.0
-50.0,50,1434.306375,0.0
-48.0,50,1434.848526,0.0
-50.0,50,1435.394272,0.0
-50.0,50,1435.945282,0.0
-50.0,50,1436.507673,0.0
-50.0,50,1437.061422,0.0
-50.0,50,1437.613073,0.0
-50.0,50,1438.165767,0.0
-50.0,50,1438.730005,0.0
-50.0,50,1439.281375,0.0
-50.0,50,1439.832183,0.0
-50.0,50,1440.375239,0.0
-50.0,50,1440.933676,0.0
-50.0,50,1441.485751,0.0
-50.0,50,1442.037756,0.0
-50.0,50,1442.588593,0.0
-50.0,50,1443.138142,0.0
-50.0,50,1443.675738,0.0
0.0,50,1444.216535,1.0
-50.0,50,1444.747048,0.0
-50.0,50,1445.295517,0.0
-50.0,50,1445.836905,0.0
-50.0,50,1446.383887,0.0
-50.0,50,1446.919935,0.0
-50.0,50,1447.475217,0.0
-50.0,50,1448.024205,0.0
-50.0,50,1448.585665,0.0
-50.0,50,1449.135449,0.0
-50.0,50,1449.691833,0.0
-50.0,50,1450.232656,0.0
-50.0,50,1450.774608,0.0
-50.0,50,1451.318544,0.0
-50.0,50,1451.87058,0.0
-50.0,50,1452.411001,0.0
-50.0,50,1452.968879,0.0
-50.0,50,1453.535852,0.0
-50.0,50,1454.085535,0.0
-50.0,50,1454.626717,0.0
-50.0,50,1455.16632,0.0
-50.0,50,1455.705089,0.0
-50.0,50,1456.255432,0.0
-50.0,50,1456.801856,0.0
-50.0,50,1457.343886,0.0
-50.0,50,1457.885756,0.0
-50.0,50,1458.433615,0.0
-50.0,50,1458.980985,0.0
-50.0,50,1459.52756,0.0
-50.0,50,1460.08595,0.0
-50.0,50,1460.637738,0.0
-50.0,50,1461.17922,0.0
-50.0,50,1461.722893,0.0
-49.0,50,1462.266478,0.0
-50.0,50,1462.830118,0.0
-50.0,50,1463.382409,0.0
-50.0,50,1463.933893,0.0
-50.0,50,1464.492161,0.0
-50.0,50,1465.049666,0.0
-50.0,50,1465.604877,0.0
-47.0,50,1466.159409,0.0
-50.0,50,1466.715427,0.0
-50.0,50,1467.272719,0.0
-50.0,50,1467.833397,0.0
-50.0,50,1468.388871,0.0
-50.0,50,1468.937703,0.0
-50.0,50,1469.493675,0.0
-50.0,50,1470.038615,0.0
-50.0,50,1470.586677,0.0
-50.0,50,1471.134621,0.0
-50.0,50,1474.033548,0.0
-50.0,50,1474.578301,0.0
-50.0,50,1475.123043,0.0
-50.0,50,1475.669539,0.0
-50.0,50,1476.223408,0.0
-50.0,50,1476.768701,0.0
0.0,50,1477.310488,1.0
0.0,50,1477.850628,1.0
-50.0,50,1478.408059,0.0
-50.0,50,1478.965538,0.0
-50.0,50,1479.512158,0.0
-50.0,50,1480.056517,0.0
-50.0,50,1480.613922,0.0
-50.0,50,1481.161765,0.0
-50.0,50,1481.709332,0.0
-50.0,50,1482.251268,0.0
-50.0,50,1482.803532,0.0
-50.0,50,1483.348545,0.0
-50.0,50,1483.898929,0.0
0.0,50,1484.441175,1.0
-50.0,50,1484.995874,0.0
-50.0,50,1485.532226,0.0
-50.0,50,1486.080033,0.0
-50.0,50,1486.627343,0.0
-50.0,50,1487.183368,0.0
-50.0,50,1487.720232,0.0
-50.0,50,1488.263975,0.0
-50.0,50,1488.805912,0.0
-50.0,50,1489.362485,0.0
-50.0,50,1489.90791,0.0
-50.0,50,1490.454084,0.0
-50.0,50,1490.992041,0.0
-2.0,50,1491.548996,1.0
-50.0,50,1492.095813,0.0
-50.0,50,1492.641378,0.0
-50.0,50,1493.188021,0.0
-50.0,50,1493.745336,0.0
-50.0,50,1494.29063,0.0
-50.0,50,1494.837822,0.0
-50.0,50,1495.382703,0.0
-50.0,50,1495.935048,0.0
-50.0,50,1496.48187,0.0
-50.0,50,1497.030673,0.0
-50.0,50,1497.575287,0.0
-50.0,50,1498.128435,0.0
0.0,50,1498.66835,1.0
-50.0,50,1499.213479,0.0
-50.0,50,1499.761351,0.0
-50.0,50,1500.319416,0.0
-50.0,50,1500.860966,0.0
-50.0,50,1501.411242,0.0
-50.0,50,1501.960634,0.0
-50.0,50,1502.517611,0.0
-50.0,50,1503.064702,0.0
-50.0,50,1503.619309,0.0
-50.0,50,1504.165398,0.0
-50.0,50,1504.719446,0.0
-50.0,50,1505.264216,0.0
-50.0,50,1505.814432,0.0
-50.0,50,1506.353842,0.0
-50.0,50,1506.910804,0.0
-50.0,50,1507.467732,0.0
-50.0,50,1508.019926,0.0
-50.0,50,1508.580128,0.0
-50.0,50,1509.135988,0.0
-50.0,50,1509.686756,0.0
-50.0,50,1510.236877,0.0
-50.0,50,1510.774581,0.0
-50.0,50,1511.328551,0.0
-50.0,50,1511.870651,0.0
-50.0,50,1512.417943,0.0
-50.0,50,1512.963917,0.0
-50.0,50,1513.513057,0.0
-50.0,50,1514.057578,0.0
-50.0,50,1514.602268,0.0
-50.0,50,1515.149117,0.0
-50.0,50,1515.705436,0.0
-50.0,50,1516.255068,0.0
-50.0,50,1516.810823,0.0
-50.0,50,1517.358427,0.0
-50.0,50,1517.911386,0.0
0.0,50,1518.45903,1.0
-50.0,50,1519.004798,0.0
-50.0,50,1519.557838,0.0
-50.0,50,1520.109801,0.0
-50.0,50,1520.657669,0.0
-50.0,50,1521.207564,0.0
-50.0,50,1521.758241,0.0
-50.0,50,1522.314217,0.0
-50.0,50,1522.86642,0.0
-50.0,50,1523.415678,0.0
-50.0,50,1523.964006,0.0
-50.0,50,1524.517659,0.0
-50.0,50,1525.064034,0.0
-46.0,50,1525.606768,0.0
-50.0,50,1526.15705,0.0
-50.0,50,1526.722944,0.0
-50.0,50,1527.268947,0.0
-50.0,50,1527.819236,0.0
-50.0,50,1528.359471,0.0
-50.0,50,1528.91434,0.0
-50.0,50,1529.464204,0.0
-50.0,50,1530.014685,0.0
-50.0,50,1530.562593,0.0
-50.0,50,1531.117154,0.0
-50.0,50,1531.665718,0.0
-50.0,50,1532.212448,0.0
-50.0,50,1532.756862,0.0
-50.0,50,1533.307093,0.0
-50.0,50,1533.84405,0.0
-50.0,50,1534.393113,0.0
-50.0,50,1534.937248,0.0
-50.0,50,1535.489495,0.0
-50.0,50,1536.036895,0.0
-43.0,50,1536.589576,0.0
-50.0,50,1537.137306,0.0
-50.0,50,1537.692819,0.0
-50.0,50,1538.243453,0.0
-50.0,50,1538.799495,0.0
-50.0,50,1539.346325,0.0
-50.0,50,1539.896817,0.0
-50.0,50,1540.447365,0.0
-50.0,50,1540.994414,0.0
-50.0,50,1541.542542,0.0
-50.0,50,1542.097445,0.0
-50.0,50,1542.645721,0.0
-50.0,50,1543.191414,0.0
-40.0,50,1543.73843,0.0
-50.0,50,1544.29641,0.0
-39.0,50,1544.844255,0.0
-50.0,50,1545.395244,0.0
-50.0,50,1545.942755,0.0
-50.0,50,1546.497723,0.0
-50.0,50,1547.046732,0.0
-50.0,50,1547.594247,0.0
-50.0,50,1548.144465,0.0
-50.0,50,1548.702369,0.0
-50.0,50,1549.25034,0.0
-50.0,50,1549.809343,0.0
-50.0,50,1550.365769,0.0
-50.0,50,1550.923457,0.0
-50.0,50,1551.472328,0.0
-50.0,50,1552.016875,0.0
-50.0,50,1552.564512,0.0
-50.0,50,1553.1226,0.0
0.0,50,1553.665863,1.0
-50.0,50,1554.213456,0.0
-50.0,50,1554.755291,0.0
-50.0,50,1555.309575,0.0
-50.0,50,1555.859257,0.0
-50.0,50,1556.407121,0.0
-50.0,50,1556.951925,0.0
-50.0,50,1557.506043,0.0
-50.0,50,1558.050509,0.0
-50.0,50,1558.594498,0.0
-50.0,50,1559.136288,0.0
-50.0,50,1559.690302,0.0
-50.0,50,1560.236672,0.0
-50.0,50,1560.78335,0.0
-50.0,50,1561.32928,0.0
-41.0,50,1561.885116,0.0
-50.0,50,1562.433814,0.0
-50.0,50,1562.983467,0.0
-50.0,50,1563.533117,0.0
-50.0,50,1564.09058,0.0
-50.0,50,1564.636635,0.0
-50.0,50,1565.182859,0.0
-50.0,50,1565.730241,0.0
-50.0,50,1566.285455,0.0
-50.0,50,1566.83394,0.0
-50.0,50,1567.381653,0.0
-50.0,50,1567.932279,0.0
-50.0,50,1568.488689,0.0
-49.0,50,1569.044934,0.0
-50.0,50,1569.602691,0.0
0.0,50,1570.149055,1.0
-50.0,50,1570.710637,0.0
-50.0,50,1571.261461,0.0
-50.0,50,1571.812076,0.0
-50.0,50,1572.363446,0.0
-50.0,50,1572.925296,0.0
-50.0,50,1573.476125,0.0
-50.0,50,1574.022957,0.0
-50.0,50,1574.573414,0.0
-50.0,50,1575.1311,0.0
-50.0,50,1575.679377,0.0
-50.0,50,1576.226906,0.0
-50.0,50,1576.777547,0.0
-50.0,50,1577.333528,0.0
-50.0,50,1577.87797,0.0
-50.0,50,1578.4345,0.0
-50.0,50,1578.98771,0.0
-50.0,50,1579.551407,0.0
-50.0,50,1580.108566,0.0
-50.0,50,1580.668209,0.0
-50.0,50,1581.225464,0.0
-50.0,50,1581.798607,0.0
-50.0,50,1582.355669,0.0
-50.0,50,1582.914434,0.0
-50.0,50,1583.472748,0.0
-50.0,50,1586.453013,0.0
-50.0,50,1587.012157,0.0
-50.0,50,1587.562961,0.0
-50.0,50,1588.121559,0.0
-50.0,50,1588.675891,0.0
-50.0,50,1589.233428,0.0
-50.0,50,1589.791074,0.0
-50.0,50,1590.349066,0.0
-50.0,50,1590.917163,0.0
-50.0,50,1591.463139,0.0
-50.0,50,1592.026363,0.0
-50.0,50,1592.586959,0.0
-50.0,50,1593.15402,0.0
-50.0,50,1593.709466,0.0
-50.0,50,1594.267783,0.0
-50.0,50,1594.835723,0.0
-50.0,50,1595.402463,0.0
-50.0,50,1595.958911,0.0
-50.0,50,1596.516883,0.0
-47.0,50,1597.07629,0.0
-50.0,50,1597.642619,0.0
-50.0,50,1598.193371,0.0
-43.0,50,1598.756827,0.0
-50.0,50,1599.313599,0.0
-50.0,50,1599.879359,0.0
-50.0,50,1600.432264,0.0
-50.0,50,1600.991079,0.0
-50.0,50,1601.550264,0.0
-50.0,50,1602.115994,0.0
-50.0,50,1602.667458,0.0
-50.0,50,1603.222564,0.0
0.0,50,1603.780198,1.0
-50.0,50,1604.34707,0.0
-50.0,50,1604.90643,0.0
-50.0,50,1605.461703,0.0
-50.0,50,1606.02156,0.0
-50.0,50,1606.590711,0.0
-50.0,50,1607.151588,0.0
-50.0,50,1607.706023,0.0
-50.0,50,1608.265704,0.0
0.0,50,1608.843286,1.0
-50.0,50,1609.399413,0.0
-50.0,50,1609.954518,0.0
-50.0,50,1610.512886,0.0
-50.0,50,1611.080894,0.0
-50.0,50,1611.636337,0.0
-50.0,50,1612.195559,0.0
-50.0,50,1612.750937,0.0
-46.0,50,1613.312955,0.0
-50.0,50,1613.872939,0.0
-50.0,50,1614.441792,0.0
0.0,50,1614.998551,1.0
-50.0,50,1615.573977,0.0
-50.0,50,1616.132288,0.0
-50.0,50,1616.692259,0.0
0.0,50,1617.249038,1.0
-50.0,50,1617.813886,0.0
-50.0,50,1618.37272,0.0
-50.0,50,1618.93557,0.0
-50.0,50,1619.486415,0.0
-50.0,50,1620.055183,0.0
-50.0,50,1620.613905,0.0
-50.0,50,1621.177867,0.0
-50.0,50,1621.736677,0.0
-50.0,50,1622.297792,0.0
-50.0,50,1622.855844,0.0
-50.0,50,1623.410031,0.0
-50.0,50,1623.961643,0.0
-50.0,50,1624.529661,0.0
-50.0,50,1625.086456,0.0
-50.0,50,1625.644854,0.0
-50.0,50,1626.195449,0.0
-50.0,50,1626.758165,0.0
-50.0,50,1627.312364,0.0
-50.0,50,1627.859176,0.0
-50.0,50,1628.417242,0.0
-50.0,50,1628.996288,0.0
-50.0,50,1629.555764,0.0
-50.0,50,1630.114864,0.0
-50.0,50,1630.674431,0.0
0.0,50,1631.239974,1.0
-50.0,50,1631.799782,0.0
-50.0,50,1632.353595,0.0
-50.0,50,1632.914755,0.0
-50.0,50,1633.481551,0.0
-50.0,50,1634.040923,0.0
0.0,50,1634.598904,1.0
-50.0,50,1635.156222,0.0
-50.0,50,1635.71939,0.0
-50.0,50,1636.273431,0.0
-50.0,50,1636.834191,0.0
-50.0,50,1637.392751,0.0
-50.0,50,1637.959825,0.0
-50.0,50,1638.513318,0.0
-50.0,50,1639.072891,0.0
-50.0,50,1639.629036,0.0
-50.0,50,1640.195806,0.0
-50.0,50,1640.755638,0.0
-50.0,50,1641.315837,0.0
-50.0,50,1641.872994,0.0
-50.0,50,1642.4408,0.0
-50.0,50,1643.006435,0.0
-50.0,50,1643.56957,0.0
-50.0,50,1644.120049,0.0
-50.0,50,1644.688297,0.0
-50.0,50,1645.243389,0.0
-50.0,50,1645.794477,0.0
-50.0,50,1646.345598,0.0
-50.0,50,1646.907584,0.0
-50.0,50,1647.458271,0.0
-50.0,50,1648.009543,0.0
-26.0,50,1648.561018,0.0
-50.0,50,1649.124563,0.0
-50.0,50,1649.674253,0.0
-50.0,50,1650.227742,0.0
-50.0,50,1650.776387,0.0
-50.0,50,1651.337623,0.0
-50.0,50,1651.889039,0.0
-46.0,50,1652.435152,0.0
-50.0,50,1652.986627,0.0
-47.0,50,1653.545627,0.0
-50.0,50,1654.096915,0.0
-18.0,50,1654.646248,0.0
-50.0,50,1655.201624,0.0
-50.0,50,1655.76581,0.0
-50.0,50,1656.318915,0.0
-50.0,50,1656.872527,0.0
-50.0,50,1657.423682,0.0
-50.0,50,1657.983214,0.0
-50.0,50,1658.541401,0.0
-50.0,50,1659.091204,0.0
-50.0,50,1659.644604,0.0
-50.0,50,1660.208646,0.0
-50.0,50,1660.755589,0.0
-50.0,50,1661.31176,0.0
-50.0,50,1661.862925,0.0
-50.0,50,1662.423298,0.0
-50.0,50,1662.975524,0.0
-50.0,50,1663.526521,0.0
-50.0,50,1664.078945,0.0
-50.0,50,1664.640066,0.0
-50.0,50,1665.193979,0.0
-50.0,50,1665.754565,0.0
-50.0,50,1666.301421,0.0
-50.0,50,1666.865927,0.0
0.0,50,1667.425277,1.0
-50.0,50,1667.989906,0.0
-50.0,50,1668.552134,0.0
-50.0,50,1669.115647,0.0
-50.0,50,1669.681869,0.0
-50.0,50,1670.243566,0.0
-50.0,50,1670.794454,0.0
-50.0,50,1671.358089,0.0
-50.0,50,1671.914286,0.0
0.0,50,1672.460419,1.0
-50.0,50,1673.012199,0.0
-50.0,50,1673.579806,0.0
-50.0,50,1674.138711,0.0
-50.0,50,1674.685388,0.0
-50.0,50,1675.237997,0.0
-50.0,50,1675.804839,0.0
-50.0,50,1676.363762,0.0
-50.0,50,1676.92275,0.0
-50.0,50,1677.485835,0.0
-50.0,50,1678.053802,0.0
-50.0,50,1678.611009,0.0
-50.0,50,1679.171157,0.0
-50.0,50,1679.727427,0.0
-50.0,50,1680.304698,0.0
-50.0,50,1680.86535,0.0
-50.0,50,1681.428959,0.0
-50.0,50,1681.989173,0.0
-50.0,50,1682.551523,0.0
-50.0,50,1683.10775,0.0
-50.0,50,1683.667454,0.0
-50.0,50,1684.222896,0.0
-50.0,50,1684.787669,0.0
-50.0,50,1685.343971,0.0
-50.0,50,1685.901455,0.0
-50.0,50,1686.458434,0.0
-50.0,50,1687.014613,0.0
-47.0,50,1687.570481,0.0
-50.0,50,1688.137937,0.0
-50.0,50,1688.710126,0.0
0.0,50,1689.286955,1.0
-50.0,50,1689.851184,0.0
-50.0,50,1690.41579,0.0
-46.0,50,1690.975079,0.0
-50.0,50,1691.5409,0.0
-50.0,50,1692.09866,0.0
-50.0,50,1692.657271,0.0
-50.0,50,1693.216131,0.0
0.0,50,1693.785331,1.0
-50.0,50,1694.344274,0.0
-50.0,50,1694.90414,0.0
-50.0,50,1695.464402,0.0
-50.0,50,1696.034514,0.0
-50.0,50,1696.595424,0.0
-50.0,50,1697.155744,0.0
-50.0,50,1697.7166,0.0
-50.0,50,1700.685813,0.0
-50.0,50,1701.249542,0.0
-50.0,50,1701.805752,0.0
-50.0,50,1702.365051,0.0
-50.0,50,1702.92963,0.0
-50.0,50,1703.492356,0.0
-50.0,50,1704.051897,0.0
-50.0,50,1704.59989,0.0
0.0,50,1705.168291,1.0
-50.0,50,1705.725933,0.0
-50.0,50,1706.288451,0.0
-50.0,50,1706.850449,0.0
-50.0,50,1707.418589,0.0
-50.0,50,1707.978733,0.0
-50.0,50,1708.535516,0.0
-50.0,50,1709.093407,0.0
-50.0,50,1709.66141,0.0
-49.0,50,1710.22256,0.0
-50.0,50,1710.784258,0.0
-50.0,50,1711.345873,0.0
0.0,50,1711.901364,1.0
-50.0,50,1712.460596,0.0
-50.0,50,1713.029501,0.0
-50.0,50,1713.58964,0.0
-50.0,50,1714.156447,0.0
-50.0,50,1714.709488,0.0
-50.0,50,1715.266989,0.0
-50.0,50,1715.825521,0.0
-50.0,50,1716.398967,0.0
-50.0,50,1716.956071,0.0
-50.0,50,1717.524652,0.0
-46.0,50,1718.075207,0.0
-50.0,50,1718.65815,0.0
-50.0,50,1719.220389,0.0
-50.0,50,1719.781237,0.0
-50.0,50,1720.343607,0.0
-50.0,50,1720.912092,0.0
-50.0,50,1721.467716,0.0
-50.0,50,1722.024725,0.0
-50.0,50,1722.581151,0.0
-50.0,50,1723.150398,0.0
-50.0,50,1723.712215,0.0
-50.0,50,1724.274735,0.0
-50.0,50,1724.83517,0.0
-50.0,50,1725.402973,0.0
-50.0,50,1725.962138,0.0
-50.0,50,1726.523265,0.0
-50.0,50,1727.077747,0.0
-50.0,50,1727.642998,0.0
-50.0,50,1728.204609,0.0
-50.0,50,1728.763874,0.0
-50.0,50,1729.32273,0.0
-50.0,50,1729.888232,0.0
-50.0,50,1730.445501,0.0
-50.0,50,1730.996022,0.0
-50.0,50,1731.563287,0.0
-50.0,50,1732.126307,0.0
-50.0,50,1732.682081,0.0
-50.0,50,1733.239858,0.0
-50.0,50,1733.809251,0.0
-50.0,50,1734.376292,0.0
-50.0,50,1734.933315,0.0
-50.0,50,1735.490432,0.0
-50.0,50,1736.046627,0.0
-50.0,50,1736.610308,0.0
-50.0,50,1737.171911,0.0
-50.0,50,1737.727757,0.0
-50.0,50,1738.283566,0.0
-50.0,50,1738.846798,0.0
-50.0,50,1739.401702,0.0
-50.0,50,1739.965626,0.0
-50.0,50,1740.519728,0.0
-50.0,50,1741.083611,0.0
-29.0,50,1741.639408,0.0
-50.0,50,1742.202751,0.0
-50.0,50,1742.769009,0.0
-50.0,50,1743.327085,0.0
-50.0,50,1743.88539,0.0
-50.0,50,1744.4461,0.0
-50.0,50,1745.005832,0.0
-50.0,50,1745.57288,0.0
-50.0,50,1746.131201,0.0
-50.0,50,1746.68655,0.0
-50.0,50,1747.238702,0.0
-50.0,50,1747.806675,0.0
-50.0,50,1748.369611,0.0
-50.0,50,1748.941737,0.0
-50.0,50,1749.500009,0.0
-50.0,50,1750.073077,0.0
-50.0,50,1750.631676,0.0
-50.0,50,1751.194608,0.0
-50.0,50,1751.743218,0.0
-50.0,50,1752.304616,0.0
-50.0,50,1752.866025,0.0
-50.0,50,1753.42594,0.0
-50.0,50,1753.984869,0.0
0.0,50,1754.550876,1.0
-50.0,50,1755.111313,0.0
-50.0,50,1755.66898,0.0
-50.0,50,1756.229329,0.0
-50.0,50,1756.786237,0.0
-50.0,50,1757.342032,0.0
-50.0,50,1757.903723,0.0
-50.0,50,1758.459607,0.0
-50.0,50,1759.021129,0.0
0.0,50,1759.575474,1.0
-50.0,50,1760.13286,0.0
-50.0,50,1760.688019,0.0
-50.0,50,1761.253829,0.0
-50.0,50,1761.81087,0.0
-50.0,50,1762.368022,0.0
-50.0,50,1762.926696,0.0
-50.0,50,1763.494977,0.0
-50.0,50,1764.051144,0.0
-50.0,50,1764.607455,0.0
-50.0,50,1765.165369,0.0
0.0,50,1765.720836,1.0
-50.0,50,1766.282111,0.0
0.0,50,1766.828208,1.0
-50.0,50,1767.385525,0.0
-50.0,50,1767.941844,0.0
-50.0,50,1768.493043,0.0
-50.0,50,1769.040868,0.0
-50.0,50,1769.590235,0.0
-50.0,50,1770.147959,0.0
-50.0,50,1770.695995,0.0
-50.0,50,1771.244434,0.0
-50.0,50,1771.793722,0.0
-50.0,50,1772.354499,0.0
-50.0,50,1772.905522,0.0
-50.0,50,1773.453892,0.0
-50.0,50,1774.001875,0.0
-50.0,50,1774.560784,0.0
-50.0,50,1775.10999,0.0
-50.0,50,1775.652539,0.0
-46.0,50,1776.193298,0.0
-50.0,50,1776.752645,0.0
-50.0,50,1777.303433,0.0
-50.0,50,1777.853639,0.0
-50.0,50,1778.405857,0.0
-50.0,50,1778.97404,0.0
-50.0,50,1779.520523,0.0
-50.0,50,1780.071761,0.0
-50.0,50,1780.613947,0.0
-50.0,50,1781.172865,0.0
-50.0,50,1781.722576,0.0
-50.0,50,1782.276225,0.0
-50.0,50,1782.826521,0.0
-50.0,50,1783.384201,0.0
-50.0,50,1783.933,0.0
-50.0,50,1784.48273,0.0
0.0,50,1785.036018,1.0
-50.0,50,1785.59324,0.0
-50.0,50,1786.144279,0.0
-50.0,50,1786.689124,0.0
-50.0,50,1787.235264,0.0
-50.0,50,1787.792431,0.0
-50.0,50,1788.346054,0.0
-50.0,50,1788.89711,0.0
-50.0,50,1789.446123,0.0
-50.0,50,1790.006756,0.0
-50.0,50,1790.552998,0.0
-50.0,50,1791.102869,0.0
0.0,50,1791.651947,1.0
-50.0,50,1792.210176,0.0
-50.0,50,1792.758138,0.0
0.0,50,1793.299359,1.0
-50.0,50,1793.846917,0.0
-50.0,50,1794.422011,0.0
-50.0,50,1794.969824,0.0
-50.0,50,1795.514328,0.0
-50.0,50,1796.062737,0.0
-50.0,50,1796.619178,0.0
0.0,50,1797.157444,1.0
-50.0,50,1797.699651,0.0
-50.0,50,1798.246446,0.0
-42.0,50,1798.801435,1.0
-50.0,50,1799.350769,0.0
-50.0,50,1799.903778,0.0
-50.0,50,1800.451112,0.0
-50.0,50,1801.012308,0.0
-50.0,50,1801.565156,0.0
0.0,50,1802.10484,1.0
-50.0,50,1802.656329,0.0
-50.0,50,1803.219351,0.0
-50.0,50,1803.770555,0.0
-50.0,50,1804.320806,0.0
-50.0,50,1804.86657,0.0
-39.0,50,1805.424709,0.0
-50.0,50,1805.972117,0.0
-50.0,50,1806.526348,0.0
-50.0,50,1807.074084,0.0
-50.0,50,1807.631142,0.0
-50.0,50,1808.183236,0.0
-50.0,50,1808.746702,0.0
-50.0,50,1809.296345,0.0
-50.0,50,1809.85429,0.0
-50.0,50,1810.403545,0.0
-50.0,50,1810.953804,0.0
-50.0,50,1811.501145,0.0
-50.0,50,1814.437043,0.0
-50.0,50,1814.988212,0.0
-50.0,50,1815.533786,0.0
-50.0,50,1816.082804,0.0
-50.0,50,1816.641075,0.0
-50.0,50,1817.188538,0.0
-50.0,50,1817.740934,0.0
-47.0,50,1818.286072,0.0
-50.0,50,1818.860084,0.0
-50.0,50,1819.403656,0.0
-50.0,50,1819.949752,0.0
-50.0,50,1820.493256,0.0
-50.0,50,1821.052171,0.0
-50.0,50,1821.60152,0.0
-50.0,50,1822.15618,0.0
-50.0,50,1822.706926,0.0
-50.0,50,1823.267581,0.0
-50.0,50,1823.819088,0.0
-50.0,50,1824.371872,0.0
-50.0,50,1824.925223,0.0
-50.0,50,1825.482472,0.0
-50.0,50,1826.040593,0.0
-50.0,50,1826.589355,0.0
-50.0,50,1827.138536,0.0
-50.0,50,1827.696617,0.0
-50.0,50,1828.245162,0.0
-50.0,50,1828.793071,0.0
-50.0,50,1829.341856,0.0
-50.0,50,1829.903707,0.0
-50.0,50,1830.444738,0.0
-50.0,50,1830.989546,0.0
-50.0,50,1831.533037,0.0
-50.0,50,1832.090677,0.0
-50.0,50,1832.639615,0.0
-50.0,50,1833.185089,0.0
-50.0,50,1833.722715,0.0
-45.0,50,1834.280666,0.0
-50.0,50,1834.831608,0.0
-50.0,50,1835.381411,0.0
-50.0,50,1835.931418,0.0
-50.0,50,1836.49252,0.0
-50.0,50,1837.043551,0.0
-50.0,50,1837.598442,0.0
-50.0,50,1838.155767,0.0
-50.0,50,1838.724284,0.0
-2.0,50,1839.277201,1.0
-50.0,50,1839.826554,0.0
-50.0,50,1840.379677,0.0
-50.0,50,1840.942063,0.0
-50.0,50,1841.498844,0.0
-50.0,50,1842.053684,0.0
-50.0,50,1842.609691,0.0
-50.0,50,1843.17266,0.0
-50.0,50,1843.729401,0.0
-50.0,50,1844.279944,0.0
-50.0,50,1844.834456,0.0
-50.0,50,1845.399241,0.0
0.0,50,1845.942191,1.0
-50.0,50,1846.497699,0.0
-50.0,50,1847.046745,0.0
-50.0,50,1847.608503,0.0
-50.0,50,1848.16692,0.0
-43.0,50,1848.717265,0.0
-50.0,50,1849.272808,0.0
-50.0,50,1849.841189,0.0
-50.0,50,1850.398682,0.0
0.0,50,1850.953253,1.0
-50.0,50,1851.506503,0.0
-50.0,50,1852.065814,0.0
0.0,50,1852.615132,1.0
-50.0,50,1853.171295,0.0
-50.0,50,1853.726,0.0
-50.0,50,1854.281251,0.0
-50.0,50,1854.830793,0.0
-50.0,50,1855.38754,0.0
-50.0,50,1855.941998,0.0
-50.0,50,1856.507575,0.0
-50.0,50,1857.065216,0.0
-50.0,50,1857.620845,0.0
-50.0,50,1858.173266,0.0
-50.0,50,1858.740773,0.0
-50.0,50,1859.295068,0.0
-38.0,50,1859.840652,0.0
-50.0,50,1860.397407,0.0
-50.0,50,1860.961714,0.0
-50.0,50,1861.530251,0.0
-50.0,50,1862.086535,0.0
0.0,50,1862.641352,1.0
-50.0,50,1863.207587,0.0
-50.0,50,1863.758809,0.0
-50.0,50,1864.312438,0.0
-50.0,50,1864.867281,0.0
-50.0,50,1865.426632,0.0
-50.0,50,1865.978852,0.0
-50.0,50,1866.532592,0.0
-50.0,50,1867.087561,0.0
-50.0,50,1867.649479,0.0
0.0,50,1868.195031,1.0
-50.0,50,1868.76399,0.0
-50.0,50,1869.322999,0.0
-50.0,50,1869.889118,0.0
-50.0,50,1870.452706,0.0
-50.0,50,1871.007721,0.0
-50.0,50,1871.563008,0.0
-50.0,50,1872.129324,0.0
-50.0,50,1872.688236,0.0
-50.0,50,1873.246837,0.0
-50.0,50,1873.805603,0.0
-50.0,50,1874.371968,0.0
-50.0,50,1874.930167,0.0
-50.0,50,1875.48001,0.0
-50.0,50,1876.037779,0.0
-50.0,50,1876.605807,0.0
-50.0,50,1877.162294,0.0
-50.0,50,1877.71868,0.0
-50.0,50,1878.275305,0.0
-50.0,50,1878.846189,0.0
-50.0,50,1879.400755,0.0
-50.0,50,1879.957498,0.0
-50.0,50,1880.509086,0.0
-50.0,50,1881.074254,0.0
-50.0,50,1881.618187,0.0
-50.0,50,1882.175631,0.0
-50.0,50,1882.731629,0.0
-50.0,50,1883.297286,0.0
-50.0,50,1883.850903,0.0
-50.0,50,1884.395278,0.0
-50.0,50,1884.949429,0.0
-50.0,50,1885.514209,0.0
-50.0,50,1886.069635,0.0
-50.0,50,1886.631572,0.0
-50.0,50,1887.185341,0.0
-50.0,50,1887.751719,0.0
-50.0,50,1888.312155,0.0
-50.0,50,1888.862707,0.0
-50.0,50,1889.416141,0.0
-50.0,50,1889.979218,0.0
-50.0,50,1890.536399,0.0
-50.0,50,1891.080946,0.0
-50.0,50,1891.635639,0.0
-50.0,50,1892.200198,0.0
-50.0,50,1892.756777,0.0
-50.0,50,1893.311947,0.0
-50.0,50,1893.864951,0.0
-50.0,50,1894.427938,0.0
-50.0,50,1894.979018,0.0
-46.0,50,1895.53131,0.0
-50.0,50,1896.078473,0.0
-50.0,50,1896.63044,0.0
-50.0,50,1897.179681,0.0
-50.0,50,1897.730434,0.0
-50.0,50,1898.281761,0.0
-50.0,50,1898.852634,0.0
-50.0,50,1899.40276,0.0
-50.0,50,1899.955445,0.0
-50.0,50,1900.509642,0.0
-50.0,50,1901.070877,0.0
-50.0,50,1901.629929,0.0
-50.0,50,1902.18288,0.0
-50.0,50,1902.73462,0.0
-50.0,50,1903.295844,0.0
-50.0,50,1903.846871,0.0
-50.0,50,1904.402069,0.0
-50.0,50,1904.958143,0.0
0.0,50,1905.51181,1.0
-50.0,50,1906.071725,0.0
-50.0,50,1906.62991,0.0
-50.0,50,1907.182892,0.0
-50.0,50,1907.746225,0.0
-50.0,50,1908.30079,0.0
-50.0,50,1908.856773,0.0
-50.0,50,1909.412635,0.0
-50.0,50,1909.979885,0.0
-50.0,50,1910.537832,0.0
-50.0,50,1911.095526,0.0
-50.0,50,1911.654985,0.0
-50.0,50,1912.213902,0.0
-50.0,50,1912.769725,0.0
-50.0,50,1913.324471,0.0
-50.0,50,1913.883559,0.0
-50.0,50,1914.45482,0.0
-50.0,50,1915.014998,0.0
-50.0,50,1915.57342,0.0
-50.0,50,1916.13044,0.0
-50.0,50,1916.699397,0.0
-50.0,50,1917.260293,0.0
0.0,50,1917.819304,1.0
-50.0,50,1918.381196,0.0
-50.0,50,1918.950352,0.0
-50.0,50,1919.505703,0.0
-50.0,50,1920.066447,0.0
-50.0,50,1920.625873,0.0
-50.0,50,1921.202125,0.0
-50.0,50,1921.763327,0.0
-50.0,50,1922.322317,0.0
-50.0,50,1922.881906,0.0
-50.0,50,1923.447712,0.0
-50.0,50,1924.00274,0.0
-50.0,50,1924.561663,0.0
-50.0,50,1925.119708,0.0
-50.0,50,1928.109753,0.0
-50.0,50,1928.68325,0.0
-50.0,50,1929.242052,0.0
-50.0,50,1929.812299,0.0
-50.0,50,1930.37919,0.0
-50.0,50,1930.9387,0.0
-50.0,50,1931.497054,0.0
-50.0,50,1932.054326,0.0
-50.0,50,1932.619698,0.0
-50.0,50,1933.176427,0.0
-50.0,50,1933.735077,0.0
-50.0,50,1934.295318,0.0
-50.0,50,1934.865399,0.0
-50.0,50,1935.425061,0.0
-50.0,50,1935.974359,0.0
-50.0,50,1936.535699,0.0
-50.0,50,1937.099753,0.0
-50.0,50,1937.654026,0.0
-50.0,50,1938.205111,0.0
-50.0,50,1938.761731,0.0
-50.0,50,1939.334857,0.0
-50.0,50,1939.895544,0.0
-50.0,50,1940.452264,0.0
-50.0,50,1941.009341,0.0
-50.0,50,1941.579767,0.0
-50.0,50,1942.137,0.0
-50.0,50,1942.696382,0.0
-50.0,50,1943.263954,0.0
-50.0,50,1943.831192,0.0
-50.0,50,1944.388763,0.0
-50.0,50,1944.946621,0.0
-50.0,50,1945.49875,0.0
-25.0,50,1946.059516,0.0
-50.0,50,1946.617171,0.0
-50.0,50,1947.177398,0.0
-50.0,50,1947.73338,0.0
-50.0,50,1948.301537,0.0
-50.0,50,1948.860857,0.0
-50.0,50,1949.418965,0.0
-50.0,50,1949.975714,0.0
-50.0,50,1950.541893,0.0
-50.0,50,1951.101161,0.0
-50.0,50,1951.657581,0.0
-50.0,50,1952.206413,0.0
-50.0,50,1952.774865,0.0
-50.0,50,1953.335249,0.0
-50.0,50,1953.890062,0.0
-50.0,50,1954.447457,0.0
-50.0,50,1955.015004,0.0
-50.0,50,1955.572004,0.0
-50.0,50,1956.128095,0.0
-50.0,50,1956.685581,0.0
0.0,50,1957.252479,1.0
-50.0,50,1957.813765,0.0
-50.0,50,1958.372282,0.0
-50.0,50,1958.942966,0.0
-50.0,50,1959.510474,0.0
-50.0,50,1960.06753,0.0
-50.0,50,1960.62557,0.0
-50.0,50,1961.180326,0.0
-50.0,50,1961.749757,0.0
-50.0,50,1962.308746,0.0
-50.0,50,1962.865709,0.0
-50.0,50,1963.424152,0.0
-50.0,50,1963.989895,0.0
-50.0,50,1964.550588,0.0
-50.0,50,1965.109893,0.0
-50.0,50,1965.66891,0.0
-50.0,50,1966.238494,0.0
-50.0,50,1966.796186,0.0
-50.0,50,1967.353706,0.0
-50.0,50,1967.911562,0.0
-50.0,50,1968.476811,0.0
-50.0,50,1969.038904,0.0
-50.0,50,1969.610172,0.0
-50.0,50,1970.168543,0.0
-50.0,50,1970.748696,0.0
0.0,50,1971.306084,1.0
-50.0,50,1971.870039,0.0
-50.0,50,1972.426402,0.0
-50.0,50,1972.999178,0.0
-50.0,50,1973.557218,0.0
-50.0,50,1974.112368,0.0
-50.0,50,1974.674034,0.0
-50.0,50,1975.245475,0.0
-50.0,50,1975.800395,0.0
-50.0,50,1976.352432,0.0
-50.0,50,1976.919148,0.0
-50.0,50,1977.479062,0.0
-50.0,50,1978.027908,0.0
-50.0,50,1978.585849,0.0
0.0,50,1979.138321,1.0
0.0,50,1979.697272,1.0
-50.0,50,1980.250928,0.0
-50.0,50,1980.807842,0.0
-50.0,50,1981.363768,0.0
-50.0,50,1981.922807,0.0
-50.0,50,1982.479287,0.0
-50.0,50,1983.029798,0.0
-50.0,50,1983.579668,0.0
-50.0,50,1984.13547,0.0
-50.0,50,1984.688089,0.0
-50.0,50,1985.240552,0.0
-50.0,50,1985.7927,0.0
-50.0,50,1986.356997,0.0
-50.0,50,1986.923691,0.0
-50.0,50,1987.479559,0.0
-50.0,50,1988.03996,0.0
-50.0,50,1988.628901,0.0
-50.0,50,1989.182672,0.0
-50.0,50,1989.745279,0.0
-50.0,50,1990.311813,0.0
-50.0,50,1990.876138,0.0
-50.0,50,1991.431695,0.0
-50.0,50,1991.987086,0.0
-50.0,50,1992.544884,0.0
-50.0,50,1993.111453,0.0
-50.0,50,1993.66899,0.0
-50.0,50,1994.224465,0.0
-50.0,50,1994.78149,0.0
-50.0,50,1995.347469,0.0
-50.0,50,1995.909347,0.0
-50.0,50,1996.468367,0.0
-50.0,50,1997.027053,0.0
-50.0,50,1997.590117,0.0
-50.0,50,1998.138091,0.0
-50.0,50,1998.695474,0.0
-50.0,50,1999.252962,0.0
-50.0,50,1999.818738,0.0
-50.0,50,2000.371641,0.0
-50.0,50,2000.922278,0.0
-50.0,50,2001.48023,0.0
-50.0,50,2002.047887,0.0
-50.0,50,2002.60593,0.0
-50.0,50,2003.16626,0.0
-50.0,50,2003.723556,0.0
-50.0,50,2004.287934,0.0
-50.0,50,2004.848197,0.0
-50.0,50,2005.41081,0.0
-50.0,50,2005.970618,0.0
-50.0,50,2006.532368,0.0
-50.0,50,2007.08957,0.0
-50.0,50,2007.648368,0.0
-50.0,50,2008.205792,0.0
-50.0,50,2008.771178,0.0
-50.0,50,2009.317788,0.0
-50.0,50,2009.869048,0.0
0.0,50,2010.418427,1.0
-50.0,50,2010.985838,0.0
-50.0,50,2011.54064,0.0
-50.0,50,2012.098844,0.0
-50.0,50,2012.662296,0.0
-50.0,50,2013.228533,0.0
-50.0,50,2013.786051,0.0
-50.0,50,2014.337187,0.0
-50.0,50,2014.892455,0.0
-50.0,50,2015.464084,0.0
-50.0,50,2016.023697,0.0
-50.0,50,2016.578098,0.0
0.0,50,2017.126042,1.0
-50.0,50,2017.683367,0.0
-50.0,50,2018.244634,0.0
-50.0,50,2018.802484,0.0
-50.0,50,2019.366695,0.0
-50.0,50,2019.935537,0.0
-50.0,50,2020.49526,0.0
-50.0,50,2021.05285,0.0
-50.0,50,2021.612268,0.0
-50.0,50,2022.178915,0.0
-50.0,50,2022.734528,0.0
-50.0,50,2023.294129,0.0
-50.0,50,2023.848717,0.0
-50.0,50,2024.418173,0.0
-50.0,50,2025.006276,0.0
-50.0,50,2025.566057,0.0
-50.0,50,2026.127671,0.0
-50.0,50,2026.693888,0.0
-50.0,50,2027.242294,0.0
-50.0,50,2027.790468,0.0
-50.0,50,2028.341099,0.0
-50.0,50,2028.906895,0.0
-50.0,50,2029.456981,0.0
-50.0,50,2030.008373,0.0
-50.0,50,2030.558034,0.0
-50.0,50,2031.127512,0.0
-50.0,50,2031.673987,0.0
-50.0,50,2032.231776,0.0
-50.0,50,2032.785462,0.0
-50.0,50,2033.343779,0.0
-50.0,50,2033.89066,0.0
-50.0,50,2034.437877,0.0
-50.0,50,2034.99423,0.0
-50.0,50,2035.55649,0.0
0.0,50,2036.107828,1.0
-50.0,50,2036.657399,0.0
-50.0,50,2037.210172,0.0
-50.0,50,2037.76932,0.0
-50.0,50,2038.315557,0.0
-50.0,50,2038.866767,0.0
-50.0,50,2039.420471,0.0
-50.0,50,2042.348185,0.0
-50.0,50,2042.905383,0.0
-50.0,50,2043.459554,0.0
-50.0,50,2044.01233,0.0
-50.0,50,2044.571842,0.0
-50.0,50,2045.124903,0.0
-50.0,50,2045.679533,0.0
-50.0,50,2046.232458,0.0
-50.0,50,2046.807313,0.0
-50.0,50,2047.363965,0.0
-50.0,50,2047.920885,0.0
-50.0,50,2048.481459,0.0
-50.0,50,2049.048181,0.0
-50.0,50,2049.610247,0.0
-50.0,50,2050.16175,0.0
-50.0,50,2050.71535,0.0
-50.0,50,2051.27641,0.0
-50.0,50,2051.831369,0.0
-50.0,50,2052.384053,0.0
-50.0,50,2052.935343,0.0
-50.0,50,2053.495958,0.0
-50.0,50,2054.042721,0.0
-50.0,50,2054.595093,0.0
-50.0,50,2055.148337,0.0
-50.0,50,2055.710006,0.0
-50.0,50,2056.264634,0.0
-50.0,50,2056.818132,0.0
0.0,50,2057.371315,1.0
0.0,50,2057.933279,1.0
-50.0,50,2058.491418,0.0
-50.0,50,2059.048035,0.0
-50.0,50,2059.606174,0.0
-50.0,50,2060.17513,0.0
-50.0,50,2060.73608,0.0
-50.0,50,2061.296599,0.0
-50.0,50,2061.856342,0.0
-50.0,50,2062.426642,0.0
-50.0,50,2062.985928,0.0
-50.0,50,2063.54607,0.0
-50.0,50,2064.094903,0.0
-50.0,50,2064.663673,0.0
-50.0,50,2065.216292,0.0
-50.0,50,2065.772316,0.0
-50.0,50,2066.327701,0.0
-50.0,50,2066.896542,0.0
-50.0,50,2067.453942,0.0
-50.0,50,2068.016341,0.0
-50.0,50,2068.571997,0.0
-50.0,50,2069.138142,0.0
-50.0,50,2069.703216,0.0
-50.0,50,2070.263307,0.0
-50.0,50,2070.829806,0.0
-50.0,50,2071.397587,0.0
-50.0,50,2071.955429,0.0
0.0,50,2072.517179,1.0
-50.0,50,2073.068448,0.0
-50.0,50,2073.62368,0.0
-50.0,50,2074.171416,0.0
-50.0,50,2074.717909,0.0
-50.0,50,2075.276916,0.0
-48.0,50,2075.845075,0.0
-50.0,50,2076.403187,0.0
-50.0,50,2076.963593,0.0
-50.0,50,2077.526314,0.0
-50.0,50,2078.095049,0.0
-50.0,50,2078.667501,0.0
-50.0,50,2079.227125,0.0
-50.0,50,2079.783704,0.0
-50.0,50,2080.352563,0.0
-50.0,50,2080.911791,0.0
-50.0,50,2081.469304,0.0
-50.0,50,2082.030584,0.0
0.0,50,2082.612792,1.0
-50.0,50,2083.17123,0.0
-50.0,50,2083.728657,0.0
-50.0,50,2084.286287,0.0
-50.0,50,2084.853398,0.0
-50.0,50,2085.424001,0.0
-50.0,50,2085.989877,0.0
-50.0,50,2086.550311,0.0
-50.0,50,2087.115998,0.0
-50.0,50,2087.675256,0.0
-50.0,50,2088.23628,0.0
-50.0,50,2088.794055,0.0
-50.0,50,2089.359861,0.0
-50.0,50,2089.922431,0.0
-50.0,50,2090.485711,0.0
-50.0,50,2091.04712,0.0
-50.0,50,2091.620661,0.0
0.0,50,2092.178281,1.0
-50.0,50,2092.730155,0.0
-50.0,50,2093.295796,0.0
-50.0,50,2093.861965,0.0
-50.0,50,2094.420857,0.0
-50.0,50,2094.977551,0.0
-50.0,50,2095.531499,0.0
-50.0,50,2096.099263,0.0
-50.0,50,2096.660945,0.0
-50.0,50,2097.221746,0.0
-50.0,50,2097.774547,0.0
-50.0,50,2098.344268,0.0
-50.0,50,2098.905409,0.0
-50.0,50,2099.465373,0.0
-50.0,50,2100.023502,0.0
-50.0,50,2100.591537,0.0
-50.0,50,2101.150557,0.0
-50.0,50,2101.70903,0.0
-50.0,50,2102.262816,0.0
-50.0,50,2102.829514,0.0
-50.0,50,2103.389212,0.0
-50.0,50,2103.949033,0.0
-50.0,50,2104.50629,0.0
-50.0,50,2105.073158,0.0
-50.0,50,2105.62982,0.0
-50.0,50,2106.185952,0.0
-50.0,50,2106.749605,0.0
-50.0,50,2107.323273,0.0
-50.0,50,2107.886944,0.0
-50.0,50,2108.442983,0.0
-50.0,50,2109.013327,0.0
-50.0,50,2109.588291,0.0
-50.0,50,2110.150172,0.0
-50.0,50,2110.710946,0.0
-50.0,50,2111.272998,0.0
-50.0,50,2111.841784,0.0
-50.0,50,2112.405885,0.0
-50.0,50,2112.967511,0.0
-50.0,50,2113.52627,0.0
-50.0,50,2114.090044,0.0
-50.0,50,2114.651073,0.0
-50.0,50,2115.205138,0.0
-50.0,50,2115.764656,0.0
-50.0,50,2116.336999,0.0
-50.0,50,2116.897189,0.0
-50.0,50,2117.464742,0.0
-50.0,50,2118.023466,0.0
-50.0,50,2118.59056,0.0
-50.0,50,2119.145112,0.0
-50.0,50,2119.706586,0.0
-50.0,50,2120.268484,0.0
-50.0,50,2120.84302,0.0
-50.0,50,2121.401785,0.0
-50.0,50,2121.959525,0.0
-50.0,50,2122.509249,0.0
-50.0,50,2123.072527,0.0
-50.0,50,2123.633385,0.0
-50.0,50,2124.187262,0.0
-50.0,50,2124.746402,0.0
0.0,50,2125.308127,1.0
-50.0,50,2125.870525,0.0
-50.0,50,2126.433738,0.0
-50.0,50,2126.994604,0.0
-50.0,50,2127.566922,0.0
-50.0,50,2128.129813,0.0
-50.0,50,2128.691405,0.0
-50.0,50,2129.250623,0.0
-50.0,50,2129.82241,0.0
-50.0,50,2130.382378,0.0
-50.0,50,2130.943125,0.0
-50.0,50,2131.503853,0.0
0.0,50,2132.066648,1.0
-50.0,50,2132.630191,0.0
-50.0,50,2133.187618,0.0
-50.0,50,2133.746258,0.0
-50.0,50,2134.316375,0.0
-50.0,50,2134.877862,0.0
-50.0,50,2135.440768,0.0
-50.0,50,2136.000285,0.0
-50.0,50,2136.570198,0.0
-50.0,50,2137.133124,0.0
-50.0,50,2137.694789,0.0
-50.0,50,2138.257574,0.0
-50.0,50,2138.840622,0.0
-50.0,50,2139.415229,0.0
-50.0,50,2139.976192,0.0
-50.0,50,2140.537638,0.0
-50.0,50,2141.119039,0.0
-50.0,50,2141.678735,0.0
-50.0,50,2142.239716,0.0
-50.0,50,2142.80074,0.0
-50.0,50,2143.373057,0.0
-50.0,50,2143.93458,0.0
-50.0,50,2144.501077,0.0
-50.0,50,2145.060917,0.0
-50.0,50,2145.629462,0.0
-50.0,50,2146.190735,0.0
0.0,50,2146.748666,1.0
-50.0,50,2147.302866,0.0
-50.0,50,2147.868575,0.0
-50.0,50,2148.419329,0.0
-50.0,50,2148.974503,0.0
-50.0,50,2149.525687,0.0
-50.0,50,2150.095244,0.0
-50.0,50,2150.655293,0.0
-50.0,50,2151.214563,0.0
-50.0,50,2151.773636,0.0
-50.0,50,2152.340383,0.0
-50.0,50,2152.898295,0.0
-50.0,50,2153.458068,0.0
-50.0,50,2154.015548,0.0
-50.0,50,2156.964575,0.0
-50.0,50,2157.5259,0.0
0.0,50,2158.086724,1.0
-50.0,50,2158.647504,0.0
-50.0,50,2159.214057,0.0
-50.0,50,2159.772427,0.0
-50.0,50,2160.329463,0.0
-50.0,50,2160.889257,0.0
-50.0,50,2161.458647,0.0
-50.0,50,2162.021986,0.0
-50.0,50,2162.588674,0.0
-50.0,50,2163.158078,0.0
-50.0,50,2163.737302,0.0
-50.0,50,2164.294621,0.0
-50.0,50,2164.85301,0.0
-50.0,50,2165.411524,0.0
-50.0,50,2165.976087,0.0
-50.0,50,2166.534767,0.0
-50.0,50,2167.091938,0.0
-50.0,50,2167.65245,0.0
-50.0,50,2168.220352,0.0
-50.0,50,2168.781765,0.0
-50.0,50,2169.341576,0.0
-50.0,50,2169.903569,0.0
-50.0,50,2170.473655,0.0
-50.0,50,2171.032885,0.0
-50.0,50,2171.59042,0.0
-50.0,50,2172.143552,0.0
-50.0,50,2172.705038,0.0
-50.0,50,2173.256683,0.0
-50.0,50,2173.809898,0.0
-50.0,50,2174.36063,0.0
-50.0,50,2174.92132,0.0
-50.0,50,2175.469392,0.0
-50.0,50,2176.021694,0.0
-50.0,50,2176.576866,0.0
-50.0,50,2177.140457,0.0
-50.0,50,2177.702032,0.0
-50.0,50,2178.26263,0.0
-50.0,50,2178.815851,0.0
-50.0,50,2179.379431,0.0
-45.0,50,2179.952584,0.0
-50.0,50,2180.512259,0.0
-50.0,50,2181.070301,0.0
-50.0,50,2181.647322,0.0
-50.0,50,2182.217891,0.0
-50.0,50,2182.783836,0.0
-50.0,50,2183.340821,0.0
-50.0,50,2183.912416,0.0
-50.0,50,2184.463333,0.0
-50.0,50,2185.030286,0.0
-50.0,50,2185.590809,0.0
-50.0,50,2186.157759,0.0
-50.0,50,2186.720271,0.0
-50.0,50,2187.282708,0.0
-50.0,50,2187.845001,0.0
-50.0,50,2188.413962,0.0
-50.0,50,2188.975424,0.0
-50.0,50,2189.536154,0.0
-50.0,50,2190.101718,0.0
-50.0,50,2190.672576,0.0
-50.0,50,2191.233415,0.0
-50.0,50,2191.795731,0.0
-50.0,50,2192.354113,0.0
-50.0,50,2192.926758,0.0
-50.0,50,2193.48835,0.0
-50.0,50,2194.049863,0.0
-50.0,50,2194.612645,0.0
-50.0,50,2195.180655,0.0
-50.0,50,2195.742318,0.0
-50.0,50,2196.30075,0.0
-50.0,50,2196.861254,0.0
-50.0,50,2197.420977,0.0
-50.0,50,2197.97479,0.0
-50.0,50,2198.538785,0.0
-50.0,50,2199.092524,0.0
-50.0,50,2199.659187,0.0
-50.0,50,2200.213108,0.0
0.0,50,2200.768629,1.0
-50.0,50,2201.327038,0.0
-50.0,50,2201.885699,0.0
-50.0,50,2202.436266,0.0
-50.0,50,2202.993506,0.0
-50.0,50,2203.551774,0.0
-50.0,50,2204.119569,0.0
-50.0,50,2204.673701,0.0
-50.0,50,2205.232293,0.0
-50.0,50,2205.788634,0.0
-50.0,50,2206.351611,0.0
-50.0,50,2206.905852,0.0
-50.0,50,2207.458385,0.0
-50.0,50,2208.014798,0.0
-50.0,50,2208.578601,0.0
-50.0,50,2209.131706,0.0
-50.0,50,2209.687093,0.0
-50.0,50,2210.240873,0.0
-50.0,50,2210.800545,0.0
0.0,50,2211.354039,1.0
-50.0,50,2211.904951,0.0
-50.0,50,2212.458842,0.0
-50.0,50,2213.022936,0.0
-50.0,50,2213.582689,0.0
-50.0,50,2214.142013,0.0
-50.0,50,2214.700264,0.0
-50.0,50,2215.270014,0.0
-50.0,50,2215.831885,0.0
-50.0,50,2216.390859,0.0
-50.0,50,2216.95114,0.0
-50.0,50,2217.522341,0.0
-50.0,50,2218.084049,0.0
-50.0,50,2218.639955,0.0
-50.0,50,2219.206993,0.0
-50.0,50,2219.774755,0.0
0.0,50,2220.336215,1.0
-50.0,50,2220.90707,0.0
-50.0,50,2221.469702,0.0
-50.0,50,2222.039788,0.0
-50.0,50,2222.599429,0.0
-50.0,50,2223.159688,0.0
-50.0,50,2223.72109,0.0
-50.0,50,2224.28977,0.0
-50.0,50,2224.850313,0.0
-50.0,50,2225.411096,0.0
-50.0,50,2225.968648,0.0
-50.0,50,2226.535452,0.0
-50.0,50,2227.09287,0.0
-50.0,50,2227.652304,0.0
-50.0,50,2228.214705,0.0
-50.0,50,2228.799194,0.0
-50.0,50,2229.360446,0.0
-50.0,50,2229.925197,0.0
-50.0,50,2230.485929,0.0
-50.0,50,2231.058058,0.0
-50.0,50,2231.616995,0.0
-50.0,50,2232.181057,0.0
-50.0,50,2232.736093,0.0
-50.0,50,2233.307672,0.0
-50.0,50,2233.868922,0.0
-50.0,50,2234.429603,0.0
-50.0,50,2234.9876,0.0
-50.0,50,2235.554166,0.0
-50.0,50,2236.111496,0.0
-50.0,50,2236.669299,0.0
-50.0,50,2237.230444,0.0
-50.0,50,2237.799692,0.0
-50.0,50,2238.361299,0.0
-50.0,50,2238.922851,0.0
-50.0,50,2239.484652,0.0
-50.0,50,2240.052025,0.0
-50.0,50,2240.609059,0.0
-50.0,50,2241.166752,0.0
-50.0,50,2241.719434,0.0
-50.0,50,2242.286724,0.0
-50.0,50,2242.846507,0.0
-50.0,50,2243.408302,0.0
-50.0,50,2243.967986,0.0
-50.0,50,2244.535812,0.0
-50.0,50,2245.096934,0.0
0.0,50,2245.660925,1.0
-50.0,50,2246.220871,0.0
-50.0,50,2246.789679,0.0
-50.0,50,2247.342495,0.0
-50.0,50,2247.903789,0.0
-50.0,50,2248.460865,0.0
-50.0,50,2249.034185,0.0
-50.0,50,2249.591563,0.0
-50.0,50,2250.150071,0.0
-50.0,50,2250.704147,0.0
-50.0,50,2251.273527,0.0
-50.0,50,2251.831031,0.0
-50.0,50,2252.388111,0.0
-50.0,50,2252.943444,0.0
-50.0,50,2253.507052,0.0
-50.0,50,2254.064856,0.0
-50.0,50,2254.623098,0.0
-50.0,50,2255.181986,0.0
-50.0,50,2255.748662,0.0
-50.0,50,2256.308905,0.0
-50.0,50,2256.866663,0.0
-50.0,50,2257.42876,0.0
-48.0,50,2257.996353,0.0
-50.0,50,2258.571739,0.0
-50.0,50,2259.135495,0.0
-50.0,50,2259.696282,0.0
-50.0,50,2260.266323,0.0
-50.0,50,2260.815727,0.0
-50.0,50,2261.36881,0.0
-50.0,50,2261.934884,0.0
-50.0,50,2262.505648,0.0
-50.0,50,2263.06792,0.0
-50.0,50,2263.629157,0.0
-50.0,50,2264.187599,0.0
-50.0,50,2264.752973,0.0
-50.0,50,2265.311678,0.0
0.0,50,2265.874231,1.0
-50.0,50,2266.435748,0.0
-50.0,50,2267.006225,0.0
-50.0,50,2267.559374,0.0
-50.0,50,2268.123182,0.0
-50.0,50,2268.682308,0.0
-50.0,50,2271.655661,0.0
-28.0,50,2272.208236,0.0
-50.0,50,2272.767362,0.0
0.0,50,2273.323398,1.0
-50.0,50,2273.889172,0.0
-50.0,50,2274.445853,0.0
-50.0,50,2275.011109,0.0
-50.0,50,2275.569974,0.0
-50.0,50,2276.141287,0.0
-50.0,50,2276.698293,0.0
-50.0,50,2277.255242,0.0
-50.0,50,2277.816257,0.0
-50.0,50,2278.393159,0.0
-50.0,50,2278.951388,0.0
0.0,50,2279.509381,1.0
-50.0,50,2280.067051,0.0
-50.0,50,2280.631994,0.0
-50.0,50,2281.186258,0.0
-50.0,50,2281.738876,0.0
-50.0,50,2282.291922,0.0
-50.0,50,2282.85403,0.0
-50.0,50,2283.408955,0.0
-50.0,50,2283.963295,0.0
-50.0,50,2284.519329,0.0
-29.0,50,2285.084342,0.0
-50.0,50,2285.64261,0.0
-50.0,50,2286.199532,0.0
-50.0,50,2286.756714,0.0
-50.0,50,2287.325624,0.0
-50.0,50,2287.887493,0.0
-50.0,50,2288.448848,0.0
-50.0,50,2289.018636,0.0
-50.0,50,2289.592336,0.0
-50.0,50,2290.152138,0.0
-50.0,50,2290.707119,0.0
-50.0,50,2291.262763,0.0
-50.0,50,2291.830404,0.0
-50.0,50,2292.388327,0.0
-50.0,50,2292.944319,0.0
-50.0,50,2293.502084,0.0
-50.0,50,2294.066475,0.0
-50.0,50,2294.619824,0.0
-50.0,50,2295.174885,0.0
-50.0,50,2295.729563,0.0
-50.0,50,2296.294782,0.0
-50.0,50,2296.85004,0.0
-50.0,50,2297.410364,0.0
-50.0,50,2297.965334,0.0
-50.0,50,2298.535082,0.0
-50.0,50,2299.092373,0.0
-50.0,50,2299.646577,0.0
-50.0,50,2300.205859,0.0
-50.0,50,2300.775913,0.0
-50.0,50,2301.340953,0.0
-50.0,50,2301.901263,0.0
-50.0,50,2302.460488,0.0
-50.0,50,2303.024197,0.0
-50.0,50,2303.585524,0.0
-50.0,50,2304.145863,0.0
-50.0,50,2304.706092,0.0
-50.0,50,2305.270689,0.0
-50.0,50,2305.829592,0.0
-50.0,50,2306.390636,0.0
-50.0,50,2306.949405,0.0
-50.0,50,2307.51789,0.0
-50.0,50,2308.076493,0.0
-50.0,50,2308.630493,0.0
-50.0,50,2309.19001,0.0
-50.0,50,2309.750113,0.0
-50.0,50,2310.298612,0.0
-50.0,50,2310.851392,0.0
-50.0,50,2311.40847,0.0
-50.0,50,2311.973334,0.0
-50.0,50,2312.529967,0.0
-50.0,50,2313.08301,0.0
-50.0,50,2313.640282,0.0
-50.0,50,2314.201749,0.0
-50.0,50,2314.755313,0.0
-50.0,50,2315.312495,0.0
-50.0,50,2315.870373,0.0
-50.0,50,2316.434637,0.0
-50.0,50,2316.991464,0.0
-50.0,50,2317.545889,0.0
0.0,50,2318.103422,1.0
-50.0,50,2318.675925,0.0
-50.0,50,2319.230307,0.0
0.0,50,2319.78398,1.0
-50.0,50,2320.330552,0.0
-50.0,50,2320.897142,0.0
-50.0,50,2321.449443,0.0
-50.0,50,2322.002436,0.0
-50.0,50,2322.552808,0.0
-50.0,50,2323.109815,0.0
-50.0,50,2323.658239,0.0
-50.0,50,2324.209086,0.0
-50.0,50,2324.757836,0.0
-50.0,50,2325.31899,0.0
-50.0,50,2325.870001,0.0
-50.0,50,2326.419735,0.0
-50.0,50,2326.971351,0.0
-50.0,50,2327.531086,0.0
-50.0,50,2328.080127,0.0
-50.0,50,2328.620492,0.0
-50.0,50,2329.167032,0.0
-50.0,50,2329.725912,0.0
-50.0,50,2330.27604,0.0
-50.0,50,2330.827251,0.0
-50.0,50,2331.37785,0.0
-50.0,50,2331.938057,0.0
-50.0,50,2332.490309,0.0
-50.0,50,2333.039873,0.0
-50.0,50,2333.591244,0.0
-50.0,50,2334.151183,0.0
0.0,50,2334.698375,1.0
-50.0,50,2335.252442,0.0
-50.0,50,2335.803403,0.0
-50.0,50,2336.363267,0.0
0.0,50,2336.913087,1.0
-50.0,50,2337.465546,0.0
-50.0,50,2338.016802,0.0
-50.0,50,2338.576442,0.0
-50.0,50,2339.127255,0.0
-10.0,50,2339.673952,1.0
-50.0,50,2340.224956,0.0
-50.0,50,2340.784321,0.0
0.0,50,2341.334072,1.0
-50.0,50,2341.885296,0.0
-50.0,50,2342.43637,0.0
-50.0,50,2342.996233,0.0
-50.0,50,2343.54615,0.0
-50.0,50,2344.097148,0.0
-50.0,50,2344.648221,0.0
0.0,50,2345.209195,1.0
-50.0,50,2345.75919,0.0
-50.0,50,2346.309356,0.0
-50.0,50,2346.860173,0.0
-50.0,50,2347.419259,0.0
-50.0,50,2347.970345,0.0
-50.0,50,2348.529991,0.0
-50.0,50,2349.084915,0.0
-50.0,50,2349.65384,0.0
-50.0,50,2350.199729,0.0
-50.0,50,2350.750111,0.0
-50.0,50,2351.301213,0.0
-50.0,50,2351.859235,0.0
-50.0,50,2352.410143,0.0
-50.0,50,2352.961223,0.0
-50.0,50,2353.511258,0.0
-50.0,50,2354.071012,0.0
-50.0,50,2354.622184,0.0
-50.0,50,2355.16852,0.0
-50.0,50,2355.711131,0.0
-50.0,50,2356.270345,0.0
0.0,50,2356.811917,1.0
-50.0,50,2357.363518,0.0
-50.0,50,2357.914194,0.0
-50.0,50,2358.474286,0.0
-50.0,50,2359.025225,0.0
-50.0,50,2359.572881,0.0
-50.0,50,2360.123482,0.0
-50.0,50,2360.68215,0.0
-50.0,50,2361.235348,0.0
-50.0,50,2361.800133,0.0
-50.0,50,2362.361925,0.0
-50.0,50,2362.928561,0.0
-50.0,50,2363.48391,0.0
-50.0,50,2364.048489,0.0
-50.0,50,2364.613475,0.0
-50.0,50,2365.187277,0.0
0.0,50,2365.749731,1.0
-50.0,50,2366.314372,0.0
-50.0,50,2366.876007,0.0
-50.0,50,2367.454852,0.0
-50.0,50,2368.017759,0.0
-50.0,50,2368.577677,0.0
-50.0,50,2369.144442,0.0
-50.0,50,2369.715738,0.0
-50.0,50,2370.284372,0.0
-50.0,50,2370.842791,0.0
-40.0,50,2371.405481,0.0
-50.0,50,2371.977432,0.0
-50.0,50,2372.541506,0.0
-50.0,50,2373.100184,0.0
-50.0,50,2373.659013,0.0
-50.0,50,2374.224601,0.0
-50.0,50,2374.784356,0.0
-50.0,50,2375.342642,0.0
-50.0,50,2375.906374,0.0
-50.0,50,2376.490501,0.0
-50.0,50,2377.050823,0.0
-50.0,50,2377.616131,0.0
-50.0,50,2378.18574,0.0
-50.0,50,2378.770308,0.0
-50.0,50,2379.328572,0.0
-50.0,50,2379.888407,0.0
-50.0,50,2380.448642,0.0
-50.0,50,2381.021417,0.0
-50.0,50,2381.577147,0.0
-50.0,50,2382.141146,0.0
0.0,50,2382.703374,1.0
-50.0,50,2385.691186,0.0
-50.0,50,2386.252724,0.0
-50.0,50,2386.810373,0.0
-50.0,50,2387.368696,0.0
-50.0,50,2387.938355,0.0
-50.0,50,2388.500174,0.0
-50.0,50,2389.057959,0.0
-50.0,50,2389.619508,0.0
-50.0,50,2390.187715,0.0
-50.0,50,2390.746739,0.0
-50.0,50,2391.302651,0.0
-50.0,50,2391.862748,0.0
-50.0,50,2392.429565,0.0
-50.0,50,2392.993583,0.0
-50.0,50,2393.54744,0.0
-50.0,50,2394.103635,0.0
-50.0,50,2394.67147,0.0
-50.0,50,2395.227524,0.0
-50.0,50,2395.786449,0.0
-50.0,50,2396.341729,0.0
-50.0,50,2396.908301,0.0
-50.0,50,2397.463808,0.0
0.0,50,2398.01875,1.0
-50.0,50,2398.575273,0.0
-50.0,50,2399.138648,0.0
-50.0,50,2399.690854,0.0
0.0,50,2400.24512,1.0
-50.0,50,2400.797472,0.0
0.0,50,2401.358114,1.0
-50.0,50,2401.907208,0.0
-50.0,50,2402.460546,0.0
-50.0,50,2403.018556,0.0
-50.0,50,2403.590991,0.0
-50.0,50,2404.151682,0.0
-50.0,50,2404.7097,0.0
-50.0,50,2405.261636,0.0
-50.0,50,2405.8266,0.0
-50.0,50,2406.381029,0.0
-50.0,50,2406.933589,0.0
0.0,50,2407.484642,1.0
-50.0,50,2408.059368,0.0
-50.0,50,2408.63104,0.0
-50.0,50,2409.191483,0.0
0.0,50,2409.751557,1.0
-50.0,50,2410.317881,0.0
-50.0,50,2410.868382,0.0
-50.0,50,2411.421789,0.0
-50.0,50,2411.975523,0.0
-45.0,50,2412.539867,0.0
-50.0,50,2413.091763,0.0
-50.0,50,2413.641761,0.0
-50.0,50,2414.191612,0.0
-50.0,50,2414.748962,0.0
0.0,50,2415.301042,1.0
-50.0,50,2415.852143,0.0
-50.0,50,2416.404026,0.0
-50.0,50,2416.962276,0.0
-50.0,50,2417.513714,0.0
-50.0,50,2418.065241,0.0
-50.0,50,2418.615352,0.0
-50.0,50,2419.175598,0.0
-50.0,50,2419.7274,0.0
-50.0,50,2420.278133,0.0
-50.0,50,2420.828899,0.0
-50.0,50,2421.388369,0.0
-50.0,50,2421.939331,0.0
-50.0,50,2422.488549,0.0
-50.0,50,2423.046852,0.0
-50.0,50,2423.61468,0.0
-50.0,50,2424.174342,0.0
-50.0,50,2424.730488,0.0
-31.0,50,2425.288884,0.0
-50.0,50,2425.849351,0.0
-50.0,50,2426.410973,0.0
-50.0,50,2426.967292,0.0
-50.0,50,2427.530396,0.0
-50.0,50,2428.095898,0.0
-50.0,50,2428.654526,0.0
-50.0,50,2429.209674,0.0
-50.0,50,2429.763445,0.0
-50.0,50,2430.3287,0.0
-50.0,50,2430.887876,0.0
-50.0,50,2431.442327,0.0
-50.0,50,2431.998779,0.0
0.0,50,2432.566415,1.0
-50.0,50,2433.121295,0.0
-50.0,50,2433.67233,0.0
-50.0,50,2434.226312,0.0
-50.0,50,2434.793349,0.0
-50.0,50,2435.347199,0.0
-50.0,50,2435.898344,0.0
-50.0,50,2436.453335,0.0
-50.0,50,2437.017311,0.0
-50.0,50,2437.567123,0.0
-50.0,50,2438.119453,0.0
-50.0,50,2438.689444,0.0
-50.0,50,2439.25879,0.0
-50.0,50,2439.811882,0.0
-50.0,50,2440.369958,0.0
-50.0,50,2440.923919,0.0
-50.0,50,2441.489366,0.0
-50.0,50,2442.044942,0.0
-50.0,50,2442.602962,0.0
-50.0,50,2443.15876,0.0
-50.0,50,2443.719435,0.0
-50.0,50,2444.270465,0.0
-50.0,50,2444.821498,0.0
-50.0,50,2445.372545,0.0
-50.0,50,2445.932544,0.0
-50.0,50,2446.484752,0.0
-50.0,50,2447.035312,0.0
-50.0,50,2447.586495,0.0
-50.0,50,2448.149424,0.0
-50.0,50,2448.700621,0.0
-50.0,50,2449.251395,0.0
-50.0,50,2449.802521,0.0
-39.0,50,2450.361137,0.0
0.0,50,2450.911781,1.0
-50.0,50,2451.462525,0.0
-50.0,50,2452.015747,0.0
-50.0,50,2452.575454,0.0
-50.0,50,2453.126734,0.0
-50.0,50,2453.682914,0.0
-50.0,50,2454.231532,0.0
-50.0,50,2454.791585,0.0
-50.0,50,2455.341542,0.0
-50.0,50,2455.891569,0.0
-50.0,50,2456.442975,0.0
-50.0,50,2457.003673,0.0
-50.0,50,2457.554601,0.0
-50.0,50,2458.106581,0.0
-50.0,50,2458.657851,0.0
-47.0,50,2459.209661,0.0
-50.0,50,2459.75829,0.0
-50.0,50,2460.309463,0.0
-50.0,50,2460.858544,0.0
-50.0,50,2461.419554,0.0
-26.0,50,2461.971527,0.0
-50.0,50,2462.522594,0.0
-50.0,50,2463.073785,0.0
-50.0,50,2463.632539,0.0
-50.0,50,2464.179257,0.0
-50.0,50,2464.727604,0.0
-50.0,50,2465.279532,0.0
-50.0,50,2465.838655,0.0
-50.0,50,2466.389801,0.0
-50.0,50,2466.94052,0.0
-50.0,50,2467.492004,0.0
-50.0,50,2468.056172,0.0
-50.0,50,2468.617739,0.0
-50.0,50,2469.172876,0.0
-50.0,50,2469.724413,0.0
-50.0,50,2470.284442,0.0
0.0,50,2470.833269,1.0
-50.0,50,2471.383359,0.0
-50.0,50,2471.93488,0.0
-50.0,50,2472.494619,0.0
-50.0,50,2473.045707,0.0
-50.0,50,2473.596636,0.0
-50.0,50,2474.148045,0.0
-50.0,50,2474.722799,0.0
-50.0,50,2475.273955,0.0
-50.0,50,2475.825791,0.0
-50.0,50,2476.3784,0.0
-50.0,50,2476.938525,0.0
-50.0,50,2477.489874,0.0
-50.0,50,2478.044956,0.0
-50.0,50,2478.59689,0.0
-50.0,50,2479.156886,0.0
-50.0,50,2479.70751,0.0
-50.0,50,2480.258007,0.0
-50.0,50,2480.808636,0.0
-50.0,50,2481.367651,0.0
-1.0,50,2481.918713,0.0
-50.0,50,2482.476707,0.0
-50.0,50,2483.02468,0.0
-50.0,50,2483.581525,0.0
-50.0,50,2484.132654,0.0
-50.0,50,2484.692095,0.0
-50.0,50,2485.25071,0.0
-50.0,50,2485.819934,0.0
-50.0,50,2486.378027,0.0
-50.0,50,2486.932621,0.0
-48.0,50,2487.485209,0.0
-50.0,50,2488.054183,0.0
-50.0,50,2488.615643,0.0
-50.0,50,2489.175044,0.0
-50.0,50,2489.730458,0.0
-50.0,50,2490.293675,0.0
0.0,50,2490.85171,1.0
-50.0,50,2491.406486,0.0
-50.0,50,2491.961537,0.0
-50.0,50,2492.52248,0.0
-50.0,50,2493.075496,0.0
-50.0,50,2493.630947,0.0
-50.0,50,2494.187109,0.0
-50.0,50,2494.74781,0.0
-50.0,50,2495.298573,0.0
-50.0,50,2495.847597,0.0
-50.0,50,2496.398619,0.0
-50.0,50,2499.376391,0.0
-50.0,50,2499.936098,0.0
-40.0,50,2500.488524,0.0
-50.0,50,2501.044728,0.0
-50.0,50,2501.614905,0.0
-50.0,50,2502.174983,0.0
-50.0,50,2502.734976,0.0
-50.0,50,2503.290439,0.0
-50.0,50,2503.860097,0.0
0.0,50,2504.421276,1.0
-50.0,50,2504.976941,0.0
-50.0,50,2505.528726,0.0
-50.0,50,2506.098114,0.0
-50.0,50,2506.660367,0.0
-50.0,50,2507.218123,0.0
-50.0,50,2507.777352,0.0
-50.0,50,2508.346863,0.0
-22.0,50,2508.909389,0.0
-50.0,50,2509.465833,0.0
-50.0,50,2510.021323,0.0
-50.0,50,2510.602002,0.0
-50.0,50,2511.162239,0.0
0.0,50,2511.722802,1.0
-50.0,50,2512.287894,0.0
-50.0,50,2512.858318,0.0
-50.0,50,2513.421115,0.0
-50.0,50,2513.978292,0.0
-50.0,50,2514.545114,0.0
-50.0,50,2515.117394,0.0
-50.0,50,2515.678923,0.0
-50.0,50,2516.24107,0.0
-50.0,50,2516.795774,0.0
-50.0,50,2517.365096,0.0
-50.0,50,2517.924862,0.0
-50.0,50,2518.486417,0.0
-50.0,50,2519.048549,0.0
-50.0,50,2519.615826,0.0
-50.0,50,2520.175589,0.0
-50.0,50,2520.737124,0.0
-50.0,50,2521.298942,0.0
-50.0,50,2521.868127,0.0
-50.0,50,2522.428312,0.0
-50.0,50,2522.992094,0.0
-50.0,50,2523.555081,0.0
-50.0,50,2524.124688,0.0
-50.0,50,2524.684236,0.0
-50.0,50,2525.246064,0.0
-50.0,50,2525.806283,0.0
-50.0,50,2526.374446,0.0
-50.0,50,2526.939052,0.0
-50.0,50,2527.499155,0.0
-50.0,50,2528.06173,0.0
-50.0,50,2528.63821,0.0
-50.0,50,2529.198934,0.0
-50.0,50,2529.758024,0.0
-50.0,50,2530.313397,0.0
-50.0,50,2530.876262,0.0
-50.0,50,2531.432714,0.0
-50.0,50,2531.985886,0.0
-50.0,50,2532.544934,0.0
-50.0,50,2533.106047,0.0
-50.0,50,2533.6579,0.0
-50.0,50,2534.211659,0.0
-50.0,50,2534.76785,0.0
-50.0,50,2535.339184,0.0
-15.0,50,2535.896635,0.0
-50.0,50,2536.449504,0.0
-50.0,50,2537.004524,0.0
-50.0,50,2537.5699,0.0
-50.0,50,2538.126557,0.0
-50.0,50,2538.680876,0.0
0.0,50,2539.232466,1.0
-50.0,50,2539.79385,0.0
-50.0,50,2540.345585,0.0
-50.0,50,2540.898843,0.0
-50.0,50,2541.452261,0.0
-50.0,50,2542.019629,0.0
-50.0,50,2542.575159,0.0
-50.0,50,2543.129406,0.0
-50.0,50,2543.684552,0.0
-50.0,50,2544.244359,0.0
-50.0,50,2544.798752,0.0
-50.0,50,2545.354618,0.0
-50.0,50,2545.91015,0.0
-50.0,50,2546.470167,0.0
-50.0,50,2547.02569,0.0
-50.0,50,2547.579404,0.0
-50.0,50,2548.13324,0.0
-50.0,50,2548.69329,0.0
-50.0,50,2549.247656,0.0
-50.0,50,2549.801419,0.0
-50.0,50,2550.358062,0.0
-50.0,50,2550.922127,0.0
-50.0,50,2551.477148,0.0
-50.0,50,2552.032318,0.0
-50.0,50,2552.588028,0.0
-50.0,50,2553.151561,0.0
-50.0,50,2553.702634,0.0
-50.0,50,2554.255782,0.0
-50.0,50,2554.810628,0.0
-50.0,50,2555.373856,0.0
-50.0,50,2555.933599,0.0
-50.0,50,2556.488506,0.0
-50.0,50,2557.041382,0.0
-50.0,50,2557.612563,0.0
-50.0,50,2558.164015,0.0
-50.0,50,2558.728166,0.0
-50.0,50,2559.285791,0.0
-50.0,50,2559.846433,0.0
-50.0,50,2560.401311,0.0
-50.0,50,2560.967397,0.0
-50.0,50,2561.530136,0.0
-50.0,50,2562.092867,0.0
-50.0,50,2562.647986,0.0
-50.0,50,2563.202311,0.0
-50.0,50,2563.759637,0.0
-50.0,50,2564.321657,0.0
-50.0,50,2564.874538,0.0
-50.0,50,2565.426551,0.0
-50.0,50,2565.982968,0.0
-50.0,50,2566.548946,0.0
-50.0,50,2567.103667,0.0
-50.0,50,2567.655061,0.0
-50.0,50,2568.211915,0.0
-50.0,50,2568.770898,0.0
0.0,50,2569.321996,1.0
-50.0,50,2569.874531,0.0
-50.0,50,2570.426511,0.0
-50.0,50,2570.987854,0.0
-50.0,50,2571.541588,0.0
-50.0,50,2572.093572,0.0
-50.0,50,2572.642894,0.0
-50.0,50,2573.203691,0.0
-50.0,50,2573.767711,0.0
-50.0,50,2574.313157,0.0
-50.0,50,2574.858084,0.0
-50.0,50,2575.415522,0.0
-50.0,50,2575.965772,0.0
-50.0,50,2576.516334,0.0
-50.0,50,2577.056188,0.0
-50.0,50,2577.604015,0.0
0.0,50,2578.149973,1.0
-50.0,50,2578.698854,0.0
-50.0,50,2579.245189,0.0
-50.0,50,2579.802818,0.0
-50.0,50,2580.35279,0.0
-50.0,50,2580.906143,0.0
-50.0,50,2581.454457,0.0
-50.0,50,2582.014257,0.0
-50.0,50,2582.565944,0.0
-50.0,50,2583.117294,0.0
-50.0,50,2583.669219,0.0
-50.0,50,2584.231004,0.0
-50.0,50,2584.780174,0.0
-50.0,50,2585.325672,0.0
-50.0,50,2585.877693,0.0
-50.0,50,2586.437127,0.0
-50.0,50,2586.988992,0.0
-50.0,50,2587.540894,0.0
-50.0,50,2588.101442,0.0
-50.0,50,2588.67769,0.0
-50.0,50,2589.229539,0.0
-50.0,50,2589.787748,0.0
-50.0,50,2590.337583,0.0
-50.0,50,2590.894329,0.0
-50.0,50,2591.445582,0.0
0.0,50,2591.996875,1.0
-50.0,50,2592.545864,0.0
-50.0,50,2593.10384,0.0
-50.0,50,2593.654018,0.0
-50.0,50,2594.204091,0.0
-50.0,50,2594.755011,0.0
-50.0,50,2595.313974,0.0
-50.0,50,2595.863871,0.0
0.0,50,2596.410746,1.0
-50.0,50,2596.962077,0.0
-50.0,50,2597.521012,0.0
-50.0,50,2598.072923,0.0
0.0,50,2598.625116,1.0
-50.0,50,2599.176168,0.0
-50.0,50,2599.735956,0.0
-50.0,50,2600.292155,0.0
-50.0,50,2600.841881,0.0
-50.0,50,2601.39011,0.0
-50.0,50,2601.945095,0.0
-50.0,50,2602.488206,0.0
-50.0,50,2603.037093,0.0
-50.0,50,2603.586859,0.0
-50.0,50,2604.142702,0.0
-50.0,50,2604.690035,0.0
-50.0,50,2605.237811,0.0
-50.0,50,2605.789781,0.0
-50.0,50,2606.348918,0.0
-50.0,50,2606.901896,0.0
-50.0,50,2607.448635,0.0
-2.0,50,2607.992259,1.0
0.0,50,2608.56141,1.0
-50.0,50,2609.113502,0.0
-50.0,50,2609.665455,0.0
-50.0,50,2610.21458,0.0
-50.0,50,2613.187518,0.0
-50.0,50,2613.737459,0.0
-50.0,50,2614.285738,0.0
-50.0,50,2614.83546,0.0
-50.0,50,2615.41955,0.0
-50.0,50,2615.973473,0.0
-50.0,50,2616.528476,0.0
-50.0,50,2617.074954,0.0
-50.0,50,2617.635621,0.0
-50.0,50,2618.190045,0.0
-50.0,50,2618.763539,0.0
-50.0,50,2619.31399,0.0
-50.0,50,2619.879048,0.0
0.0,50,2620.428516,1.0
-50.0,50,2620.977487,0.0
-50.0,50,2621.530548,0.0
-50.0,50,2622.091426,0.0
-50.0,50,2622.640779,0.0
-50.0,50,2623.181277,0.0
-50.0,50,2623.739974,0.0
-50.0,50,2624.311178,0.0
-50.0,50,2624.870583,0.0
-50.0,50,2625.423066,0.0
-50.0,50,2625.979351,0.0
-50.0,50,2626.540347,0.0
-50.0,50,2627.097276,0.0
-50.0,50,2627.660764,0.0
-50.0,50,2628.226123,0.0
-50.0,50,2628.786909,0.0
-50.0,50,2629.344803,0.0
-50.0,50,2629.89642,0.0
-50.0,50,2630.45502,0.0
-50.0,50,2631.018052,0.0
-50.0,50,2631.578509,0.0
-50.0,50,2632.139453,0.0
-50.0,50,2632.702243,0.0
-50.0,50,2633.274551,0.0
-50.0,50,2633.833493,0.0
-50.0,50,2634.38831,0.0
-50.0,50,2634.953038,0.0
-50.0,50,2635.524811,0.0
-50.0,50,2636.085381,0.0
-50.0,50,2636.644923,0.0
-50.0,50,2637.203169,0.0
-50.0,50,2637.772032,0.0
-50.0,50,2638.335382,0.0
-50.0,50,2638.895029,0.0
-50.0,50,2639.456728,0.0
-50.0,50,2640.030139,0.0
0.0,50,2640.583948,1.0
-50.0,50,2641.139333,0.0
-50.0,50,2641.697761,0.0
-50.0,50,2642.285419,0.0
-50.0,50,2642.843925,0.0
-50.0,50,2643.407576,0.0
-50.0,50,2643.966881,0.0
-50.0,50,2644.544237,0.0
-50.0,50,2645.105398,0.0
0.0,50,2645.662293,1.0
-50.0,50,2646.224447,0.0
-50.0,50,2646.804731,0.0
-50.0,50,2647.362276,0.0
-50.0,50,2647.926779,0.0
-50.0,50,2648.491535,0.0
-50.0,50,2649.070542,0.0
-50.0,50,2649.636542,0.0
-50.0,50,2650.19956,0.0
-50.0,50,2650.761214,0.0
-50.0,50,2651.329668,0.0
-50.0,50,2651.888506,0.0
-50.0,50,2652.446653,0.0
-50.0,50,2653.001676,0.0
0.0,50,2653.567662,1.0
-50.0,50,2654.12056,0.0
-50.0,50,2654.680618,0.0
-50.0,50,2655.234695,0.0
-50.0,50,2655.801618,0.0
-14.0,50,2656.36236,0.0
-50.0,50,2656.91967,0.0
-50.0,50,2657.47632,0.0
-50.0,50,2658.046169,0.0
-50.0,50,2658.599642,0.0
-50.0,50,2659.153601,0.0
-50.0,50,2659.7112,0.0
-50.0,50,2660.277201,0.0
-50.0,50,2660.835304,0.0
-50.0,50,2661.397093,0.0
-50.0,50,2661.947069,0.0
-50.0,50,2662.521311,0.0
-50.0,50,2663.078901,0.0
-50.0,50,2663.639235,0.0
-50.0,50,2664.201836,0.0
0.0,50,2664.772526,1.0
-50.0,50,2665.333772,0.0
-50.0,50,2665.89539,0.0
-50.0,50,2666.452621,0.0
-50.0,50,2667.033584,0.0
-50.0,50,2667.596701,0.0
-50.0,50,2668.158048,0.0
-50.0,50,2668.723656,0.0
-50.0,50,2669.295456,0.0
-45.0,50,2669.856868,0.0
-50.0,50,2670.421489,0.0
-50.0,50,2670.981507,0.0
-50.0,50,2671.538941,0.0
-50.0,50,2672.098989,0.0
-50.0,50,2672.660994,0.0
-50.0,50,2673.225118,0.0
-50.0,50,2673.786278,0.0
-50.0,50,2674.349838,0.0
-50.0,50,2674.923821,0.0
-50.0,50,2675.493874,0.0
-50.0,50,2676.063424,0.0
-50.0,50,2676.626043,0.0
-50.0,50,2677.180284,0.0
-50.0,50,2677.74797,0.0
-50.0,50,2678.318563,0.0
-50.0,50,2678.889124,0.0
-50.0,50,2679.437495,0.0
-50.0,50,2679.995432,0.0
-50.0,50,2680.555866,0.0
-50.0,50,2681.116548,0.0
-50.0,50,2681.672463,0.0
-50.0,50,2682.224179,0.0
-50.0,50,2682.788847,0.0
-50.0,50,2683.346662,0.0
-50.0,50,2683.8995,0.0
-50.0,50,2684.451888,0.0
-50.0,50,2685.013913,0.0
-50.0,50,2685.571246,0.0
-50.0,50,2686.126122,0.0
-50.0,50,2686.676248,0.0
-50.0,50,2687.248542,0.0
-50.0,50,2687.812593,0.0
-50.0,50,2688.3645,0.0
-50.0,50,2688.928221,0.0
-50.0,50,2689.486141,0.0
-50.0,50,2690.037391,0.0
-50.0,50,2690.578559,0.0
-50.0,50,2691.129318,0.0
-50.0,50,2691.702362,0.0
-50.0,50,2692.25378,0.0
-50.0,50,2692.804418,0.0
-50.0,50,2693.355739,0.0
-45.0,50,2693.915331,0.0
-50.0,50,2694.46654,0.0
-50.0,50,2695.016459,0.0
-50.0,50,2695.56752,0.0
-50.0,50,2696.127614,0.0
-50.0,50,2696.678356,0.0
-50.0,50,2697.231659,0.0
-50.0,50,2697.782703,0.0
-35.0,50,2698.344115,0.0
-50.0,50,2698.895699,0.0
-50.0,50,2699.4495,0.0
-50.0,50,2700.004196,0.0
-50.0,50,2700.570799,0.0
-50.0,50,2701.123495,0.0
-50.0,50,2701.677564,0.0
-50.0,50,2702.230472,0.0
-50.0,50,2702.810921,0.0
-50.0,50,2703.352933,0.0
-50.0,50,2703.908482,0.0
-49.0,50,2704.458854,0.0
-50.0,50,2705.022789,0.0
-50.0,50,2705.563412,0.0
-50.0,50,2706.116734,0.0
-50.0,50,2706.666727,0.0
-50.0,50,2707.227407,0.0
-50.0,50,2707.778947,0.0
-50.0,50,2708.338869,0.0
-50.0,50,2708.90345,0.0
-50.0,50,2709.472984,0.0
-50.0,50,2710.025442,0.0
-50.0,50,2710.57629,0.0
-50.0,50,2711.128194,0.0
-50.0,50,2711.691882,0.0
-50.0,50,2712.245213,0.0
-50.0,50,2712.798058,0.0
-50.0,50,2713.340914,0.0
-50.0,50,2713.893838,0.0
-50.0,50,2714.445776,0.0
-50.0,50,2715.000458,0.0
-50.0,50,2715.548939,0.0
-50.0,50,2716.110528,0.0
-50.0,50,2716.664097,0.0
-50.0,50,2717.219922,0.0
-50.0,50,2717.781619,0.0
-50.0,50,2718.347425,0.0
-50.0,50,2718.896544,0.0
-50.0,50,2719.450239,0.0
-50.0,50,2720.000896,0.0
-50.0,50,2720.559353,0.0
-50.0,50,2721.103872,0.0
-50.0,50,2721.654664,0.0
-50.0,50,2722.210503,0.0
-50.0,50,2722.773178,0.0
-50.0,50,2723.31924,0.0
-50.0,50,2723.863367,0.0
-50.0,50,2724.421215,0.0
-50.0,50,2727.358529,0.0
-50.0,50,2727.91431,0.0
-50.0,50,2728.469712,0.0
-50.0,50,2729.025349,0.0
-1.0,50,2729.582605,0.0
-50.0,50,2730.146709,0.0
-50.0,50,2730.699662,0.0
-50.0,50,2731.252205,0.0
-50.0,50,2731.812292,0.0
-50.0,50,2732.366198,0.0
-50.0,50,2732.920505,0.0
-50.0,50,2733.47023,0.0
-50.0,50,2734.034527,0.0
-50.0,50,2734.583846,0.0
-50.0,50,2735.132922,0.0
-50.0,50,2735.67824,0.0
-50.0,50,2736.240227,0.0
-50.0,50,2736.788732,0.0
-50.0,50,2737.338645,0.0
-50.0,50,2737.892056,0.0
-50.0,50,2738.454437,0.0
-50.0,50,2739.015117,0.0
-50.0,50,2739.569995,0.0
-50.0,50,2740.126545,0.0
-50.0,50,2740.689713,0.0
-50.0,50,2741.246068,0.0
-50.0,50,2741.801764,0.0
-50.0,50,2742.350455,0.0
-50.0,50,2742.902603,0.0
-50.0,50,2743.45495,0.0
-50.0,50,2744.007156,0.0
0.0,50,2744.561169,1.0
-50.0,50,2745.125603,0.0
-50.0,50,2745.680759,0.0
-50.0,50,2746.235026,0.0
-50.0,50,2746.789289,0.0
-50.0,50,2747.350027,0.0
-50.0,50,2747.903009,0.0
-50.0,50,2748.45558,0.0
-50.0,50,2749.008988,0.0
-50.0,50,2749.573901,0.0
-50.0,50,2750.132178,0.0
-50.0,50,2750.690926,0.0
-50.0,50,2751.252533,0.0
-50.0,50,2751.821695,0.0
-50.0,50,2752.37561,0.0
-50.0,50,2752.934241,0.0
-50.0,50,2753.488677,0.0
-50.0,50,2754.05671,0.0
-50.0,50,2754.618518,0.0
-50.0,50,2755.179416,0.0
-50.0,50,2755.741031,0.0
-50.0,50,2756.312095,0.0
-50.0,50,2756.87442,0.0
0.0,50,2757.432125,1.0
-50.0,50,2757.985312,0.0
-50.0,50,2758.544193,0.0
-50.0,50,2759.106875,0.0
-50.0,50,2759.670639,0.0
-50.0,50,2760.240541,0.0
-18.0,50,2760.812673,0.0
-50.0,50,2761.375621,0.0
-50.0,50,2761.934927,0.0
-50.0,50,2762.492394,0.0
-50.0,50,2763.070662,0.0
-50.0,50,2763.630565,0.0
-50.0,50,2764.1953,0.0
-50.0,50,2764.747047,0.0
-44.0,50,2765.312461,0.0
-50.0,50,2765.871509,0.0
-50.0,50,2766.431978,0.0
-50.0,50,2766.985739,0.0
-50.0,50,2767.545651,0.0
-50.0,50,2768.106014,0.0
-50.0,50,2768.676891,0.0
-50.0,50,2769.232001,0.0
-50.0,50,2769.795373,0.0
-50.0,50,2770.352947,0.0
-50.0,50,2770.914055,0.0
-50.0,50,2771.472476,0.0
-50.0,50,2772.037819,0.0
-50.0,50,2772.592529,0.0
-50.0,50,2773.152551,0.0
-50.0,50,2773.71034,0.0
-50.0,50,2774.281009,0.0
-50.0,50,2774.836661,0.0
-50.0,50,2775.393245,0.0
-50.0,50,2775.956029,0.0
-50.0,50,2776.519633,0.0
-50.0,50,2777.074759,0.0
-50.0,50,2777.632838,0.0
-50.0,50,2778.195559,0.0
-50.0,50,2778.76029,0.0
-50.0,50,2779.313803,0.0
-50.0,50,2779.87581,0.0
-2.0,50,2780.426982,1.0
-50.0,50,2780.996747,0.0
-50.0,50,2781.555924,0.0
-50.0,50,2782.112921,0.0
-50.0,50,2782.679255,0.0
-50.0,50,2783.247745,0.0
-50.0,50,2783.802977,0.0
-50.0,50,2784.360626,0.0
-50.0,50,2784.919971,0.0
-50.0,50,2785.487851,0.0
-50.0,50,2786.047271,0.0
-50.0,50,2786.61315,0.0
-50.0,50,2787.172613,0.0
0.0,50,2787.733978,1.0
-50.0,50,2788.29496,0.0
-50.0,50,2788.85792,0.0
-50.0,50,2789.419588,0.0
-50.0,50,2789.988652,0.0
-50.0,50,2790.552616,0.0
-50.0,50,2791.114972,0.0
-50.0,50,2791.676654,0.0
-50.0,50,2792.247934,0.0
-50.0,50,2792.80917,0.0
-50.0,50,2793.374938,0.0
-50.0,50,2793.937067,0.0
-50.0,50,2794.521895,0.0
0.0,50,2795.084495,1.0
-50.0,50,2795.647161,0.0
-50.0,50,2796.207811,0.0
-50.0,50,2796.772603,0.0
-50.0,50,2797.336836,0.0
-50.0,50,2797.897169,0.0
-50.0,50,2798.461629,0.0
-50.0,50,2799.051544,0.0
-50.0,50,2799.608121,0.0
-50.0,50,2800.167694,0.0
-50.0,50,2800.73831,0.0
-50.0,50,2801.308318,0.0
-50.0,50,2801.86869,0.0
-50.0,50,2802.424966,0.0
-50.0,50,2802.974418,0.0
-50.0,50,2803.532446,0.0
-50.0,50,2804.088556,0.0
-50.0,50,2804.648635,0.0
-50.0,50,2805.207248,0.0
-50.0,50,2805.783171,0.0
0.0,50,2806.3449,1.0
-50.0,50,2806.907491,0.0
-50.0,50,2807.467291,0.0
-50.0,50,2808.030524,0.0
-50.0,50,2808.587268,0.0
-50.0,50,2809.147311,0.0
-50.0,50,2809.718155,0.0
-50.0,50,2810.286558,0.0
-50.0,50,2810.846011,0.0
-39.0,50,2811.412766,0.0
-50.0,50,2811.973756,0.0
-50.0,50,2812.542914,0.0
0.0,50,2813.098761,1.0
-50.0,50,2813.658352,0.0
-50.0,50,2814.219987,0.0
-50.0,50,2814.78759,0.0
-50.0,50,2815.342325,0.0
-50.0,50,2815.892119,0.0
-50.0,50,2816.453651,0.0
-50.0,50,2817.019677,0.0
-50.0,50,2817.590984,0.0
-50.0,50,2818.152119,0.0
-50.0,50,2818.712912,0.0
-50.0,50,2819.281734,0.0
-50.0,50,2819.845748,0.0
-50.0,50,2820.407608,0.0
-50.0,50,2820.965698,0.0
0.0,50,2821.528666,1.0
-50.0,50,2822.090588,0.0
-50.0,50,2822.651659,0.0
-50.0,50,2823.212286,0.0
-50.0,50,2823.774921,0.0
-50.0,50,2824.336561,0.0
-50.0,50,2824.892024,0.0
-50.0,50,2825.443234,0.0
-50.0,50,2826.004251,0.0
-50.0,50,2826.559363,0.0
-50.0,50,2827.109912,0.0
-50.0,50,2827.660856,0.0
-50.0,50,2828.222195,0.0
-50.0,50,2828.787212,0.0
-38.0,50,2829.342772,0.0
-50.0,50,2829.895855,0.0
-50.0,50,2830.459154,0.0
-39.0,50,2831.009051,0.0
-50.0,50,2831.560911,0.0
-50.0,50,2832.116699,0.0
-50.0,50,2832.67424,0.0
-50.0,50,2833.227201,0.0
-50.0,50,2833.789638,0.0
-50.0,50,2834.345567,0.0
-50.0,50,2834.911122,0.0
-50.0,50,2835.463526,0.0
-50.0,50,2836.016887,0.0
-50.0,50,2836.570173,0.0
-50.0,50,2837.130521,0.0
-50.0,50,2837.679332,0.0
-50.0,50,2838.238718,0.0
-38.0,50,2838.793771,0.0
-50.0,50,2841.739515,0.0
-50.0,50,2842.292129,0.0
-50.0,50,2842.848,0.0
-50.0,50,2843.405131,0.0
0.0,50,2843.961855,1.0
-50.0,50,2844.516509,0.0
-50.0,50,2845.061863,0.0
-50.0,50,2845.616264,0.0
-50.0,50,2846.182016,0.0
-36.0,50,2846.732802,0.0
-50.0,50,2847.283139,0.0
-50.0,50,2847.836027,0.0
-50.0,50,2848.394689,0.0
-50.0,50,2848.944965,0.0
-50.0,50,2849.497389,0.0
-50.0,50,2850.048287,0.0
-40.0,50,2850.607984,0.0
-50.0,50,2851.152304,0.0
-50.0,50,2851.703024,0.0
-50.0,50,2852.254362,0.0
-50.0,50,2852.813984,0.0
-37.0,50,2853.362422,0.0
-50.0,50,2853.913284,0.0
-50.0,50,2854.462731,0.0
-50.0,50,2855.02197,0.0
-50.0,50,2855.573458,0.0
-50.0,50,2856.124418,0.0
-50.0,50,2856.676977,0.0
0.0,50,2857.232888,1.0
-50.0,50,2857.785592,0.0
-50.0,50,2858.337445,0.0
-50.0,50,2858.906466,0.0
-50.0,50,2859.468072,0.0
-50.0,50,2860.019,0.0
-50.0,50,2860.56972,0.0
-50.0,50,2861.121066,0.0
-50.0,50,2861.683889,0.0
-50.0,50,2862.235098,0.0
-50.0,50,2862.785987,0.0
-50.0,50,2863.337301,0.0
-50.0,50,2863.887838,0.0
-50.0,50,2864.43177,0.0
-50.0,50,2864.982368,0.0
-50.0,50,2865.532212,0.0
-50.0,50,2866.093042,0.0
-50.0,50,2866.644321,0.0
-50.0,50,2867.195096,0.0
-50.0,50,2867.745839,0.0
-50.0,50,2868.309139,0.0
-50.0,50,2868.86226,0.0
-50.0,50,2869.413453,0.0
-50.0,50,2869.967417,0.0
-50.0,50,2870.524726,0.0
-50.0,50,2871.075058,0.0
-50.0,50,2871.626602,0.0
-50.0,50,2872.18108,0.0
-50.0,50,2872.742868,0.0
-50.0,50,2873.298363,0.0
-50.0,50,2873.852557,0.0
-50.0,50,2874.407128,0.0
-50.0,50,2874.970055,0.0
-50.0,50,2875.523567,0.0
-50.0,50,2876.08086,0.0
-50.0,50,2876.633318,0.0
-50.0,50,2877.19194,0.0
-50.0,50,2877.744489,0.0
-50.0,50,2878.296843,0.0
-50.0,50,2878.836186,0.0
-50.0,50,2879.397234,0.0
-50.0,50,2879.949182,0.0
-50.0,50,2880.498092,0.0
-50.0,50,2881.049358,0.0
-50.0,50,2881.607438,0.0
-50.0,50,2882.15805,0.0
-50.0,50,2882.708206,0.0
-50.0,50,2883.25924,0.0
-50.0,50,2883.819381,0.0
-50.0,50,2884.368095,0.0
-50.0,50,2884.918092,0.0
-44.0,50,2885.471171,0.0
-50.0,50,2886.032389,0.0
-50.0,50,2886.580791,0.0
-50.0,50,2887.131202,0.0
-50.0,50,2887.682147,0.0
-50.0,50,2888.242126,0.0
-50.0,50,2888.806331,0.0
-50.0,50,2889.360626,0.0
-50.0,50,2889.912237,0.0
-50.0,50,2890.472205,0.0
-50.0,50,2891.023305,0.0
-50.0,50,2891.574074,0.0
-50.0,50,2892.117877,0.0
-50.0,50,2892.677051,0.0
-50.0,50,2893.219927,0.0
-50.0,50,2893.771244,0.0
-50.0,50,2894.317086,0.0
-50.0,50,2894.883087,0.0
-50.0,50,2895.423337,0.0
-50.0,50,2895.972038,0.0
-50.0,50,2896.520152,0.0
-50.0,50,2897.075866,0.0
-50.0,50,2897.627476,0.0
-50.0,50,2898.178243,0.0
-50.0,50,2898.722029,0.0
-50.0,50,2899.27814,0.0
-50.0,50,2899.828026,0.0
-50.0,50,2900.368718,0.0
-50.0,50,2900.919203,0.0
-50.0,50,2901.476066,0.0
-50.0,50,2902.027459,0.0
-50.0,50,2902.578184,0.0
0.0,50,2903.120812,1.0
-50.0,50,2903.681229,0.0
-50.0,50,2904.232342,0.0
-50.0,50,2904.782079,0.0
-50.0,50,2905.334185,0.0
-50.0,50,2905.892565,0.0
0.0,50,2906.443182,1.0
-50.0,50,2906.993178,0.0
-50.0,50,2907.544005,0.0
-50.0,50,2908.103235,0.0
-50.0,50,2908.65224,0.0
-50.0,50,2909.201879,0.0
-50.0,50,2909.75206,0.0
-50.0,50,2910.311224,0.0
-50.0,50,2910.861148,0.0
-50.0,50,2911.407021,0.0
-50.0,50,2911.958245,0.0
-50.0,50,2912.518291,0.0
-50.0,50,2913.06917,0.0
-50.0,50,2913.620295,0.0
-50.0,50,2914.17143,0.0
-50.0,50,2914.729082,0.0
-50.0,50,2915.275524,0.0
-50.0,50,2915.823231,0.0
-50.0,50,2916.362129,0.0
-50.0,50,2916.9209,0.0
-50.0,50,2917.467365,0.0
-50.0,50,2918.019115,0.0
-50.0,50,2918.581201,0.0
-50.0,50,2919.140227,0.0
-50.0,50,2919.69128,0.0
-50.0,50,2920.243399,0.0
-50.0,50,2920.794365,0.0
-41.0,50,2921.355164,0.0
-50.0,50,2921.903152,0.0
-50.0,50,2922.454258,0.0
-50.0,50,2923.005222,0.0
-50.0,50,2923.563401,0.0
-50.0,50,2924.114212,0.0
-50.0,50,2924.664071,0.0
-50.0,50,2925.215264,0.0
-50.0,50,2925.775171,0.0
-50.0,50,2926.325218,0.0
-50.0,50,2926.87516,0.0
-50.0,50,2927.424972,0.0
-50.0,50,2927.977255,0.0
-50.0,50,2928.534862,0.0
-50.0,50,2929.104474,0.0
-50.0,50,2929.659836,0.0
-50.0,50,2930.218179,0.0
0.0,50,2930.773139,1.0
-50.0,50,2931.323255,0.0
0.0,50,2931.875197,1.0
0.0,50,2932.438551,1.0
-50.0,50,2932.99076,0.0
-50.0,50,2933.54252,0.0
-50.0,50,2934.093938,0.0
-50.0,50,2934.655187,0.0
-50.0,50,2935.208035,0.0
-50.0,50,2935.760163,0.0
0.0,50,2936.302432,1.0
-50.0,50,2936.860099,0.0
-50.0,50,2937.41513,0.0
-50.0,50,2937.96766,0.0
-50.0,50,2938.520009,0.0
-50.0,50,2939.081561,0.0
-50.0,50,2939.635247,0.0
-50.0,50,2940.191797,0.0
-50.0,50,2940.748448,0.0
-50.0,50,2941.305872,0.0
-50.0,50,2941.860558,0.0
-6.0,50,2942.41489,0.0
-42.0,50,2942.970694,0.0
0.0,50,2943.535445,1.0
-50.0,50,2944.09083,0.0
-50.0,50,2944.636054,0.0
-50.0,50,2945.184742,0.0
-50.0,50,2945.749197,0.0
-50.0,50,2946.304064,0.0
-50.0,50,2946.852251,0.0
-50.0,50,2947.407681,0.0
-50.0,50,2947.976241,0.0
-50.0,50,2948.544166,0.0
-50.0,50,2949.097437,0.0
-50.0,50,2949.64822,0.0
-50.0,50,2950.215606,0.0
-50.0,50,2950.770757,0.0
-50.0,50,2951.322721,0.0
-50.0,50,2951.87603,0.0
-50.0,50,2954.843768,0.0
-50.0,50,2955.399457,0.0
-50.0,50,2955.953268,0.0
0.0,50,2956.498628,1.0
0.0,50,2957.063448,1.0
-50.0,50,2957.61669,0.0
-50.0,50,2958.17237,0.0
-50.0,50,2958.730166,0.0
-50.0,50,2959.296209,0.0
-50.0,50,2959.853257,0.0
-50.0,50,2960.409308,0.0
-50.0,50,2960.964165,0.0
-50.0,50,2961.524664,0.0
-50.0,50,2962.077467,0.0
-50.0,50,2962.630997,0.0
-50.0,50,2963.182763,0.0
-50.0,50,2963.76467,0.0
-50.0,50,2964.32875,0.0
-50.0,50,2964.885513,0.0
-50.0,50,2965.443674,0.0
-50.0,50,2966.007787,0.0
-50.0,50,2966.560777,0.0
-50.0,50,2967.119154,0.0
-50.0,50,2967.677783,0.0
-50.0,50,2968.240258,0.0
-50.0,50,2968.794723,0.0
-50.0,50,2969.343877,0.0
0.0,50,2969.897893,1.0
-50.0,50,2970.464621,0.0
-50.0,50,2971.018877,0.0
-50.0,50,2971.570858,0.0
-50.0,50,2972.125405,0.0
-50.0,50,2972.688171,0.0
-50.0,50,2973.246957,0.0
-50.0,50,2973.802129,0.0
-50.0,50,2974.360836,0.0
-50.0,50,2974.925415,0.0
-50.0,50,2975.484793,0.0
-50.0,50,2976.035538,0.0
-50.0,50,2976.58843,0.0
-50.0,50,2977.151763,0.0
-50.0,50,2977.711287,0.0
-50.0,50,2978.262759,0.0
-50.0,50,2978.829696,0.0
-50.0,50,2979.395242,0.0
-50.0,50,2979.951478,0.0
-50.0,50,2980.506898,0.0
-50.0,50,2981.066246,0.0
-50.0,50,2981.6336,0.0
-50.0,50,2982.188793,0.0
-50.0,50,2982.742296,0.0
-50.0,50,2983.299319,0.0
-50.0,50,2983.862776,0.0
-50.0,50,2984.423184,0.0
-50.0,50,2984.97943,0.0
-50.0,50,2985.537426,0.0
-50.0,50,2986.103844,0.0
-41.0,50,2986.647771,0.0
-50.0,50,2987.205207,0.0
-50.0,50,2987.756244,0.0
-50.0,50,2988.319376,0.0
-50.0,50,2988.874212,0.0
-50.0,50,2989.428244,0.0
-50.0,50,2989.97787,0.0
-50.0,50,2990.540792,0.0
-50.0,50,2991.094386,0.0
-50.0,50,2991.649243,0.0
-50.0,50,2992.202522,0.0
-50.0,50,2992.768295,0.0
-50.0,50,2993.325214,0.0
-50.0,50,2993.876668,0.0
-50.0,50,2994.432645,0.0
-50.0,50,2994.995273,0.0
-50.0,50,2995.549257,0.0
-50.0,50,2996.104133,0.0
-50.0,50,2996.658412,0.0
-50.0,50,2997.216389,0.0
-50.0,50,2997.779824,0.0
-50.0,50,2998.340163,0.0
-50.0,50,2998.893583,0.0
-50.0,50,2999.458966,0.0
-50.0,50,3000.011648,0.0
-50.0,50,3000.567891,0.0
-50.0,50,3001.120966,0.0
-32.0,50,3001.686448,0.0
-50.0,50,3002.240007,0.0
-50.0,50,3002.797832,0.0
-50.0,50,3003.358656,0.0
-50.0,50,3003.920378,0.0
-50.0,50,3004.478153,0.0
-50.0,50,3005.035938,0.0
-50.0,50,3005.593798,0.0
-50.0,50,3006.208035,0.0
-50.0,50,3006.76746,0.0
-50.0,50,3007.321548,0.0
-50.0,50,3007.873457,0.0
-50.0,50,3008.437913,0.0
-50.0,50,3009.005686,0.0
-50.0,50,3009.570654,0.0
-50.0,50,3010.134598,0.0
-50.0,50,3010.714715,0.0
-50.0,50,3011.276863,0.0
-50.0,50,3011.833076,0.0
-50.0,50,3012.394028,0.0
-50.0,50,3012.954217,0.0
-50.0,50,3013.519025,0.0
-50.0,50,3014.081769,0.0
-50.0,50,3014.642538,0.0
-50.0,50,3015.214228,0.0
-50.0,50,3015.776453,0.0
-50.0,50,3016.336153,0.0
0.0,50,3016.893806,1.0
-50.0,50,3017.462538,0.0
-50.0,50,3018.027336,0.0
-50.0,50,3018.587745,0.0
0.0,50,3019.152075,1.0
-50.0,50,3019.720573,0.0
-50.0,50,3020.272263,0.0
-50.0,50,3020.828913,0.0
-50.0,50,3021.384844,0.0
-50.0,50,3021.959331,0.0
-50.0,50,3022.523716,0.0
-50.0,50,3023.087811,0.0
-50.0,50,3023.652305,0.0
-50.0,50,3024.221617,0.0
-50.0,50,3024.782254,0.0
-50.0,50,3025.337348,0.0
-50.0,50,3025.896989,0.0
-50.0,50,3026.465672,0.0
0.0,50,3027.02579,1.0
-50.0,50,3027.581935,0.0
-50.0,50,3028.140423,0.0
-50.0,50,3028.716707,0.0
-50.0,50,3029.274321,0.0
-50.0,50,3029.840118,0.0
-50.0,50,3030.405729,0.0
-50.0,50,3030.979926,0.0
0.0,50,3031.540803,1.0
0.0,50,3032.100686,1.0
-50.0,50,3032.672052,0.0
-50.0,50,3033.249774,0.0
-50.0,50,3033.806258,0.0
-50.0,50,3034.366518,0.0
-50.0,50,3034.929399,0.0
-50.0,50,3035.518191,0.0
-50.0,50,3036.075779,0.0
-50.0,50,3036.629127,0.0
0.0,50,3037.185982,1.0
-50.0,50,3037.753139,0.0
-50.0,50,3038.315213,0.0
-50.0,50,3038.8913,0.0
-50.0,50,3039.453362,0.0
-50.0,50,3040.024353,0.0
-50.0,50,3040.592312,0.0
-50.0,50,3041.151364,0.0
-50.0,50,3041.716088,0.0
-50.0,50,3042.28417,0.0
-50.0,50,3042.846906,0.0
-50.0,50,3043.409298,0.0
-50.0,50,3043.971581,0.0
-50.0,50,3044.541881,0.0
-50.0,50,3045.101063,0.0
-50.0,50,3045.667584,0.0
-46.0,50,3046.234478,0.0
-50.0,50,3046.803303,0.0
-50.0,50,3047.354553,0.0
-50.0,50,3047.91998,0.0
-50.0,50,3048.477707,0.0
-50.0,50,3049.04289,0.0
-50.0,50,3049.594529,0.0
-50.0,50,3050.150055,0.0
-50.0,50,3050.712713,0.0
-50.0,50,3051.281475,0.0
-50.0,50,3051.83456,0.0
-50.0,50,3052.387555,0.0
0.0,50,3052.942704,1.0
0.0,50,3053.516504,1.0
-50.0,50,3054.081884,0.0
-50.0,50,3054.642375,0.0
-50.0,50,3055.20936,0.0
-50.0,50,3055.793039,0.0
-23.0,50,3056.355677,1.0
-50.0,50,3056.923734,0.0
-50.0,50,3057.482906,0.0
-50.0,50,3058.052911,0.0
-50.0,50,3058.604522,0.0
-50.0,50,3059.163034,0.0
-50.0,50,3059.719591,0.0
-50.0,50,3060.284929,0.0
-50.0,50,3060.841755,0.0
-50.0,50,3061.393638,0.0
-23.0,50,3061.952117,0.0
-50.0,50,3062.526153,0.0
-50.0,50,3063.084871,0.0
-50.0,50,3063.640928,0.0
-50.0,50,3064.196571,0.0
-50.0,50,3064.7578,0.0
-50.0,50,3065.316179,0.0
-50.0,50,3065.876301,0.0
-50.0,50,3066.42959,0.0
-50.0,50,3069.443598,0.0
-50.0,50,3070.015064,0.0
-50.0,50,3070.5693,0.0
-50.0,50,3071.122094,0.0
-50.0,50,3071.686333,0.0
-50.0,50,3072.24268,0.0
-50.0,50,3072.796168,0.0
-50.0,50,3073.347071,0.0
-50.0,50,3073.911436,0.0
-50.0,50,3074.464046,0.0
-50.0,50,3075.01813,0.0
-50.0,50,3075.565544,0.0
-50.0,50,3076.130136,0.0
-50.0,50,3076.679769,0.0
-50.0,50,3077.234135,0.0
0.0,50,3077.788882,1.0
-50.0,50,3078.385126,0.0
-50.0,50,3078.942089,0.0
-50.0,50,3079.497186,0.0
-50.0,50,3080.05503,0.0
-50.0,50,3080.623094,0.0
-50.0,50,3081.171667,0.0
0.0,50,3081.725946,1.0
-50.0,50,3082.284364,0.0
-50.0,50,3082.845665,0.0
-50.0,50,3083.395755,0.0
-50.0,50,3083.947073,0.0
-50.0,50,3084.504776,0.0
-50.0,50,3085.077446,0.0
-50.0,50,3085.627771,0.0
-50.0,50,3086.183343,0.0
-50.0,50,3086.736849,0.0
-50.0,50,3087.298721,0.0
-50.0,50,3087.854912,0.0
-50.0,50,3088.411046,0.0
-50.0,50,3088.968249,0.0
-50.0,50,3089.543795,0.0
-50.0,50,3090.101998,0.0
-50.0,50,3090.658526,0.0
-50.0,50,3091.218207,0.0
-50.0,50,3091.781221,0.0
0.0,50,3092.333884,1.0
-50.0,50,3092.890222,0.0
0.0,50,3093.441179,1.0
-50.0,50,3093.998428,0.0
-50.0,50,3094.554445,0.0
-50.0,50,3095.116307,0.0
0.0,50,3095.676177,1.0
-50.0,50,3096.243596,0.0
-50.0,50,3096.80386,0.0
-50.0,50,3097.360747,0.0
-50.0,50,3097.922258,0.0
-50.0,50,3098.496323,0.0
-50.0,50,3099.061249,0.0
-50.0,50,3099.623386,0.0
-50.0,50,3100.180033,0.0
-50.0,50,3100.744417,0.0
-50.0,50,3101.303602,0.0
-50.0,50,3101.868787,0.0
-42.0,50,3102.428946,0.0
-50.0,50,3102.995611,0.0
-50.0,50,3103.553643,0.0
-50.0,50,3104.115533,0.0
-50.0,50,3104.668265,0.0
-50.0,50,3105.238772,0.0
0.0,50,3105.797994,1.0
0.0,50,3106.357205,1.0
-50.0,50,3106.915286,0.0
-50.0,50,3107.483759,0.0
-50.0,50,3108.047597,0.0
-50.0,50,3108.597675,0.0
-50.0,50,3109.15954,0.0
-50.0,50,3109.722754,0.0
-50.0,50,3110.276174,0.0
-50.0,50,3110.833547,0.0
-50.0,50,3111.393588,0.0
-50.0,50,3111.955168,0.0
-50.0,50,3112.517222,0.0
-50.0,50,3113.065086,0.0
-50.0,50,3113.614623,0.0
-50.0,50,3114.183108,0.0
-50.0,50,3114.74105,0.0
-50.0,50,3115.313522,0.0
-50.0,50,3115.866837,0.0
-50.0,50,3116.43392,0.0
-50.0,50,3116.996089,0.0
-50.0,50,3117.558136,0.0
-11.0,50,3118.11272,0.0
-50.0,50,3118.68502,0.0
-50.0,50,3119.241514,0.0
-50.0,50,3119.800983,0.0
-50.0,50,3120.364492,0.0
0.0,50,3120.938193,1.0
-50.0,50,3121.499291,0.0
-50.0,50,3122.060189,0.0
-50.0,50,3122.620055,0.0
0.0,50,3123.188005,1.0
-50.0,50,3123.749449,0.0
-50.0,50,3124.307553,0.0
-50.0,50,3124.873204,0.0
-50.0,50,3125.44232,0.0
-50.0,50,3126.002259,0.0
-50.0,50,3126.552277,0.0
-50.0,50,3127.109167,0.0
-50.0,50,3127.678732,0.0
-50.0,50,3128.238975,0.0
-50.0,50,3128.812762,0.0
0.0,50,3129.37018,1.0
-50.0,50,3129.937473,0.0
0.0,50,3130.492157,1.0
-50.0,50,3131.046848,0.0
-50.0,50,3131.606451,0.0
-50.0,50,3132.174474,0.0
-50.0,50,3132.728615,0.0
-50.0,50,3133.289057,0.0
-24.0,50,3133.846684,1.0
-50.0,50,3134.41927,0.0
-50.0,50,3134.97797,0.0
-50.0,50,3135.538905,0.0
-50.0,50,3136.099293,0.0
-50.0,50,3136.665697,0.0
0.0,50,3137.223993,1.0
-50.0,50,3137.782603,0.0
-50.0,50,3138.345485,0.0
-50.0,50,3138.919819,0.0
-50.0,50,3139.477789,0.0
-50.0,50,3140.032669,0.0
-50.0,50,3140.594472,0.0
-50.0,50,3141.156354,0.0
-50.0,50,3141.716477,0.0
-50.0,50,3142.283065,0.0
-50.0,50,3142.840714,0.0
-50.0,50,3143.408397,0.0
-50.0,50,3143.969244,0.0
-50.0,50,3144.527382,0.0
-50.0,50,3145.084542,0.0
-50.0,50,3145.654054,0.0
-50.0,50,3146.218518,0.0
-50.0,50,3146.784804,0.0
-50.0,50,3147.347644,0.0
-50.0,50,3147.914177,0.0
-50.0,50,3148.47462,0.0
-50.0,50,3149.028593,0.0
-50.0,50,3149.593468,0.0
-50.0,50,3150.162873,0.0
-50.0,50,3150.740404,0.0
-50.0,50,3151.301435,0.0
-50.0,50,3151.860125,0.0
-50.0,50,3152.433404,0.0
-50.0,50,3152.982404,0.0
-50.0,50,3153.543374,0.0
-50.0,50,3154.106379,0.0
-43.0,50,3154.675265,0.0
-50.0,50,3155.239143,0.0
-50.0,50,3155.789742,0.0
-50.0,50,3156.34461,0.0
-50.0,50,3156.919027,0.0
-50.0,50,3157.468766,0.0
-50.0,50,3158.039763,0.0
-50.0,50,3158.615736,0.0
-50.0,50,3159.18949,0.0
-50.0,50,3159.754951,0.0
-50.0,50,3160.323362,0.0
-50.0,50,3160.874089,0.0
-50.0,50,3161.422803,0.0
-50.0,50,3161.968833,0.0
-50.0,50,3162.518177,0.0
-50.0,50,3163.067969,0.0
-50.0,50,3163.627007,0.0
-50.0,50,3164.173804,0.0
-50.0,50,3164.71761,0.0
-50.0,50,3165.272461,0.0
-50.0,50,3165.83515,0.0
0.0,50,3166.389364,1.0
0.0,50,3166.943987,1.0
-50.0,50,3167.504577,0.0
-50.0,50,3168.070989,0.0
-50.0,50,3168.628525,0.0
-50.0,50,3169.190057,0.0
-50.0,50,3169.746425,0.0
-50.0,50,3170.315121,0.0
-50.0,50,3170.876307,0.0
-50.0,50,3171.436411,0.0
-50.0,50,3171.994036,0.0
-50.0,50,3172.565596,0.0
-50.0,50,3173.117842,0.0
-50.0,50,3173.680347,0.0
-50.0,50,3174.245191,0.0
-50.0,50,3174.822568,0.0
0.0,50,3175.377588,1.0
-50.0,50,3175.941342,0.0
-50.0,50,3176.500407,0.0
-50.0,50,3177.072177,0.0
-50.0,50,3177.623046,0.0
-50.0,50,3178.185685,0.0
-50.0,50,3178.748987,0.0
-50.0,50,3179.3103,0.0
-50.0,50,3179.867393,0.0
-50.0,50,3180.417969,0.0
-50.0,50,3180.970474,0.0
-50.0,50,3183.994685,0.0
-50.0,50,3184.552988,0.0
-50.0,50,3185.108503,0.0
-46.0,50,3185.66215,0.0
-50.0,50,3186.22034,0.0
-50.0,50,3186.776532,0.0
-50.0,50,3187.331576,0.0
-50.0,50,3187.898661,0.0
-50.0,50,3188.462404,0.0
-50.0,50,3189.039148,0.0
-50.0,50,3189.610987,0.0
-50.0,50,3190.17846,0.0
-50.0,50,3190.738619,0.0
-50.0,50,3191.29819,0.0
-50.0,50,3191.857237,0.0
-50.0,50,3192.411538,0.0
0.0,50,3192.978157,1.0
-50.0,50,3193.542267,0.0
-50.0,50,3194.099138,0.0
-50.0,50,3194.66589,0.0
-50.0,50,3195.236484,0.0
-50.0,50,3195.798665,0.0
-50.0,50,3196.363973,0.0
-50.0,50,3196.928719,0.0
-50.0,50,3197.497257,0.0
-50.0,50,3198.061031,0.0
-50.0,50,3198.619644,0.0
-50.0,50,3199.178445,0.0
-50.0,50,3199.739068,0.0
-50.0,50,3200.289167,0.0
-50.0,50,3200.839968,0.0
-50.0,50,3201.401709,0.0
-50.0,50,3201.960011,0.0
-50.0,50,3202.511144,0.0
-50.0,50,3203.068808,0.0
-50.0,50,3203.624516,0.0
-50.0,50,3204.190751,0.0
-50.0,50,3204.751321,0.0
-50.0,50,3205.302016,0.0
-50.0,50,3205.853247,0.0
0.0,50,3206.412162,1.0
-50.0,50,3206.963618,0.0
-50.0,50,3207.513084,0.0
-50.0,50,3208.064366,0.0
-50.0,50,3208.622352,0.0
-50.0,50,3209.171095,0.0
-50.0,50,3209.716051,0.0
-50.0,50,3210.266062,0.0
-50.0,50,3210.825349,0.0
-50.0,50,3211.370774,0.0
-50.0,50,3211.921956,0.0
-50.0,50,3212.473458,0.0
-50.0,50,3213.033338,0.0
-50.0,50,3213.576326,0.0
-50.0,50,3214.154619,0.0
-50.0,50,3214.70533,0.0
-50.0,50,3215.261523,0.0
-50.0,50,3215.809092,0.0
-50.0,50,3216.360283,0.0
-50.0,50,3216.911312,0.0
-50.0,50,3217.478299,0.0
-50.0,50,3218.044991,0.0
-50.0,50,3218.608873,0.0
-50.0,50,3219.172914,0.0
-50.0,50,3219.747065,0.0
0.0,50,3220.306265,1.0
-50.0,50,3220.868543,0.0
-50.0,50,3221.43248,0.0
-50.0,50,3221.997481,0.0
-50.0,50,3222.557317,0.0
-50.0,50,3223.123349,0.0
-44.0,50,3223.684915,0.0
0.0,50,3224.255539,1.0
-50.0,50,3224.814966,0.0
-50.0,50,3225.371229,0.0
-50.0,50,3225.938647,0.0
-50.0,50,3226.503419,0.0
-50.0,50,3227.058939,0.0
-50.0,50,3227.632881,0.0
-50.0,50,3228.191303,0.0
-50.0,50,3228.758843,0.0
-50.0,50,3229.318896,0.0
-43.0,50,3229.877584,0.0
-50.0,50,3230.427083,0.0
-50.0,50,3230.995864,0.0
-50.0,50,3231.554664,0.0
-50.0,50,3232.118805,0.0
-50.0,50,3232.68515,0.0
-40.0,50,3233.247772,0.0
-50.0,50,3233.802301,0.0
-50.0,50,3234.357475,0.0
-38.0,50,3234.913643,0.0
-50.0,50,3235.471213,0.0
-50.0,50,3236.025894,0.0
-50.0,50,3236.577981,0.0
-50.0,50,3237.12353,0.0
-50.0,50,3237.686782,0.0
-50.0,50,3238.235252,0.0
-48.0,50,3238.78467,1.0
-50.0,50,3239.335633,0.0
-50.0,50,3239.899248,0.0
-50.0,50,3240.447185,0.0
-50.0,50,3240.998387,0.0
-50.0,50,3241.549389,0.0
-50.0,50,3242.104841,0.0
-50.0,50,3242.661572,0.0
-50.0,50,3243.211158,0.0
-50.0,50,3243.766651,0.0
-50.0,50,3244.323066,0.0
-50.0,50,3244.874641,0.0
-50.0,50,3245.425699,0.0
-50.0,50,3245.976523,0.0
-50.0,50,3246.536721,0.0
-50.0,50,3247.090514,0.0
-50.0,50,3247.643779,0.0
-50.0,50,3248.196624,0.0
-50.0,50,3248.770738,0.0
-50.0,50,3249.322558,0.0
-50.0,50,3249.87554,0.0
-50.0,50,3250.427796,0.0
0.0,50,3250.987514,1.0
-50.0,50,3251.54862,0.0
-50.0,50,3252.104122,0.0
-50.0,50,3252.663227,0.0
-50.0,50,3253.226776,0.0
-50.0,50,3253.785562,0.0
-50.0,50,3254.346471,0.0
-50.0,50,3254.909201,0.0
-50.0,50,3255.483057,0.0
-50.0,50,3256.049079,0.0
-50.0,50,3256.61559,0.0
-50.0,50,3257.178736,0.0
-50.0,50,3257.755463,0.0
-50.0,50,3258.321359,0.0
-50.0,50,3258.888586,0.0
-50.0,50,3259.454379,0.0
0.0,50,3260.020765,1.0
-50.0,50,3260.572328,0.0
-50.0,50,3261.13278,0.0
-50.0,50,3261.692748,0.0
0.0,50,3262.263714,1.0
-50.0,50,3262.823708,0.0
-50.0,50,3263.386382,0.0
-50.0,50,3263.956616,0.0
-50.0,50,3264.532938,0.0
-50.0,50,3265.092441,0.0
-50.0,50,3265.653777,0.0
-50.0,50,3266.216701,0.0
-50.0,50,3266.784977,0.0
-50.0,50,3267.343139,0.0
-50.0,50,3267.896959,0.0
-50.0,50,3268.458544,0.0
-50.0,50,3269.018377,0.0
-50.0,50,3269.56972,0.0
-50.0,50,3270.133912,0.0
-47.0,50,3270.695827,0.0
-50.0,50,3271.269052,0.0
-50.0,50,3271.829384,0.0
-50.0,50,3272.392486,0.0
-50.0,50,3272.950688,0.0
-50.0,50,3273.517419,0.0
-50.0,50,3274.07247,0.0
-50.0,50,3274.634634,0.0
-50.0,50,3275.199762,0.0
-50.0,50,3275.773852,0.0
-50.0,50,3276.337626,0.0
-50.0,50,3276.89967,0.0
-50.0,50,3277.465613,0.0
-50.0,50,3278.038944,0.0
-50.0,50,3278.613769,0.0
-50.0,50,3279.186491,0.0
0.0,50,3279.748522,1.0
-50.0,50,3280.329455,0.0
-50.0,50,3280.884787,0.0
-50.0,50,3281.450042,0.0
-50.0,50,3282.005443,0.0
-50.0,50,3282.592891,0.0
-50.0,50,3283.143372,0.0
-50.0,50,3283.706393,0.0
0.0,50,3284.26377,1.0
-50.0,50,3284.83901,0.0
-50.0,50,3285.392394,0.0
-50.0,50,3285.947663,0.0
-50.0,50,3286.508695,0.0
-50.0,50,3287.081638,0.0
-50.0,50,3287.645768,0.0
-50.0,50,3288.214854,0.0
-50.0,50,3288.789426,0.0
-50.0,50,3289.368942,0.0
0.0,50,3289.930727,1.0
-50.0,50,3290.497733,0.0
-50.0,50,3291.06516,0.0
-50.0,50,3291.640605,0.0
-50.0,50,3292.206531,0.0
-50.0,50,3292.781723,0.0
-50.0,50,3293.34639,0.0
-50.0,50,3293.919886,0.0
-50.0,50,3294.484386,0.0
-50.0,50,3295.051041,0.0
-50.0,50,3295.612712,0.0
-50.0,50,3298.592487,0.0
-50.0,50,3299.157915,0.0
-50.0,50,3299.718313,0.0
-50.0,50,3300.282887,0.0
-50.0,50,3300.85942,0.0
-50.0,50,3301.412374,0.0
-50.0,50,3301.974446,0.0
-50.0,50,3302.527346,0.0
-50.0,50,3303.099172,0.0
-50.0,50,3303.649741,0.0
-50.0,50,3304.213721,0.0
-50.0,50,3304.776553,0.0
-50.0,50,3305.351716,0.0
-50.0,50,3305.926422,0.0
-50.0,50,3306.494361,0.0
-50.0,50,3307.053278,0.0
-50.0,50,3307.635919,0.0
-44.0,50,3308.215653,0.0
-50.0,50,3308.793708,0.0
-50.0,50,3309.355679,0.0
-50.0,50,3309.917499,0.0
-50.0,50,3310.470799,0.0
-50.0,50,3311.042833,0.0
-50.0,50,3311.60399,0.0
-50.0,50,3312.169746,0.0
-50.0,50,3312.730734,0.0
-50.0,50,3313.290654,0.0
-50.0,50,3313.85124,0.0
-50.0,50,3314.410872,0.0
-50.0,50,3314.966567,0.0
-50.0,50,3315.527406,0.0
-50.0,50,3316.082636,0.0
-50.0,50,3316.648505,0.0
-50.0,50,3317.210692,0.0
-50.0,50,3317.77115,0.0
-6.0,50,3318.328556,1.0
-50.0,50,3318.895721,0.0
-50.0,50,3319.456577,0.0
-50.0,50,3320.020506,0.0
-50.0,50,3320.578863,0.0
-50.0,50,3321.152501,0.0
-50.0,50,3321.717618,0.0
-50.0,50,3322.292413,0.0
0.0,50,3322.856803,1.0
-50.0,50,3323.417254,0.0
0.0,50,3323.978523,1.0
-50.0,50,3324.544784,0.0
-50.0,50,3325.110693,0.0
-50.0,50,3325.68154,0.0
-50.0,50,3326.248987,0.0
-50.0,50,3326.814892,0.0
-50.0,50,3327.381649,0.0
-50.0,50,3327.952448,0.0
-50.0,50,3328.513862,0.0
-50.0,50,3329.082568,0.0
-50.0,50,3329.634911,0.0
-50.0,50,3330.219111,0.0
-50.0,50,3330.77412,0.0
-50.0,50,3331.340098,0.0
-50.0,50,3331.90391,0.0
-50.0,50,3332.478341,0.0
-50.0,50,3333.039531,0.0
-50.0,50,3333.595715,0.0
-50.0,50,3334.174085,0.0
-48.0,50,3334.748052,0.0
-50.0,50,3335.321399,0.0
-50.0,50,3335.887517,0.0
-50.0,50,3336.456578,0.0
-50.0,50,3337.028802,0.0
-50.0,50,3337.595084,0.0
-50.0,50,3338.162547,0.0
-50.0,50,3338.739548,0.0
-50.0,50,3339.317255,0.0
-50.0,50,3339.883026,0.0
-50.0,50,3340.45219,0.0
-50.0,50,3341.017589,0.0
-50.0,50,3341.587387,0.0
-50.0,50,3342.152978,0.0
-46.0,50,3342.711738,0.0
-50.0,50,3343.274882,0.0
-50.0,50,3343.851713,0.0
-50.0,50,3344.41798,0.0
-50.0,50,3344.986048,0.0
-50.0,50,3345.553303,0.0
-50.0,50,3346.125191,0.0
-50.0,50,3346.692098,0.0
-50.0,50,3347.255973,0.0
-50.0,50,3347.818861,0.0
-50.0,50,3348.3944,0.0
-50.0,50,3348.953133,0.0
-50.0,50,3349.506972,0.0
-50.0,50,3350.072994,0.0
-50.0,50,3350.634588,0.0
-50.0,50,3351.192889,0.0
-50.0,50,3351.744847,0.0
-50.0,50,3352.300758,0.0
-50.0,50,3352.863702,0.0
0.0,50,3353.421939,1.0
-50.0,50,3353.973813,0.0
-50.0,50,3354.535427,0.0
0.0,50,3355.103081,1.0
-50.0,50,3355.667537,0.0
-50.0,50,3356.227267,0.0
-13.0,50,3356.788252,0.0
-50.0,50,3357.359997,0.0
-50.0,50,3357.923712,0.0
-50.0,50,3358.488644,0.0
-50.0,50,3359.045092,0.0
-50.0,50,3359.627156,0.0
0.0,50,3360.192318,1.0
-50.0,50,3360.757471,0.0
-50.0,50,3361.321318,0.0
-50.0,50,3361.896418,0.0
-50.0,50,3362.464847,0.0
-50.0,50,3363.0346,0.0
-50.0,50,3363.597883,0.0
-50.0,50,3364.176751,0.0
-50.0,50,3364.735314,0.0
-50.0,50,3365.296496,0.0
-50.0,50,3365.858236,0.0
-50.0,50,3366.427901,0.0
0.0,50,3366.991829,1.0
-50.0,50,3367.557475,0.0
-50.0,50,3368.129972,0.0
-50.0,50,3368.714791,0.0
-50.0,50,3369.282079,0.0
-50.0,50,3369.852559,0.0
-50.0,50,3370.419084,0.0
-50.0,50,3370.996646,0.0
-50.0,50,3371.56149,0.0
-50.0,50,3372.129694,0.0
-50.0,50,3372.699705,0.0
-50.0,50,3373.274844,0.0
-50.0,50,3373.839283,0.0
-50.0,50,3374.406435,0.0
-50.0,50,3374.972845,0.0
-50.0,50,3375.549996,0.0
-50.0,50,3376.110276,0.0
-50.0,50,3376.671945,0.0
-50.0,50,3377.237324,0.0
-50.0,50,3377.811695,0.0
-50.0,50,3378.367265,0.0
-50.0,50,3378.935452,0.0
-50.0,50,3379.499027,0.0
-50.0,50,3380.069429,0.0
-50.0,50,3380.633317,0.0
-50.0,50,3381.192274,0.0
-50.0,50,3381.757019,0.0
-3.0,50,3382.330538,1.0
-50.0,50,3382.893398,0.0
-50.0,50,3383.460843,0.0
-50.0,50,3384.025738,0.0
-50.0,50,3384.598771,0.0
-50.0,50,3385.152781,0.0
-50.0,50,3385.716232,0.0
-50.0,50,3386.28121,0.0
0.0,50,3386.854313,1.0
-50.0,50,3387.417778,0.0
0.0,50,3387.969431,1.0
-50.0,50,3388.520804,0.0
-50.0,50,3389.094126,0.0
-50.0,50,3389.645566,0.0
-50.0,50,3390.20405,0.0
-50.0,50,3390.768355,0.0
-50.0,50,3391.339868,0.0
-50.0,50,3391.903116,0.0
-50.0,50,3392.461201,0.0
-50.0,50,3393.029002,0.0
-50.0,50,3393.605917,0.0
-50.0,50,3394.167981,0.0
-50.0,50,3394.722942,0.0
-42.0,50,3395.288875,0.0
-50.0,50,3395.860124,0.0
-50.0,50,3396.432566,0.0
-50.0,50,3396.988911,0.0
-50.0,50,3397.541013,0.0
-50.0,50,3398.10912,0.0
-50.0,50,3398.683283,0.0
-50.0,50,3399.246327,0.0
-50.0,50,3399.804391,0.0
-50.0,50,3400.374887,0.0
-50.0,50,3400.932976,0.0
-50.0,50,3401.496864,0.0
-21.0,50,3402.060292,1.0
-50.0,50,3402.632354,0.0
-50.0,50,3403.18578,0.0
-50.0,50,3403.745979,0.0
-50.0,50,3404.306336,0.0
-50.0,50,3404.876214,0.0
-50.0,50,3405.426891,0.0
0.0,50,3405.986555,1.0
-50.0,50,3406.544378,0.0
-50.0,50,3407.121963,0.0
0.0,50,3407.683808,1.0
-50.0,50,3408.239959,0.0
-50.0,50,3408.807803,0.0
-50.0,50,3409.376004,0.0
-50.0,50,3409.934545,0.0
-50.0,50,3410.501815,0.0
-50.0,50,3411.061446,0.0
-50.0,50,3414.076046,0.0
-50.0,50,3414.641709,0.0
-50.0,50,3415.202961,0.0
-50.0,50,3415.76593,0.0
-50.0,50,3416.338784,0.0
-50.0,50,3416.907153,0.0
-50.0,50,3417.469901,0.0
-50.0,50,3418.036135,0.0
-50.0,50,3418.610692,0.0
0.0,50,3419.174234,1.0
-4.0,50,3419.739513,1.0
-50.0,50,3420.295905,0.0
-50.0,50,3420.870303,0.0
-50.0,50,3421.436628,0.0
-50.0,50,3422.001934,0.0
-50.0,50,3422.567955,0.0
-50.0,50,3423.142033,0.0
-50.0,50,3423.708875,0.0
-50.0,50,3424.268658,0.0
-50.0,50,3424.836425,0.0
-50.0,50,3425.408266,0.0
-50.0,50,3425.974277,0.0
-50.0,50,3426.540386,0.0
-50.0,50,3427.105661,0.0
-50.0,50,3427.677843,0.0
-50.0,50,3428.236046,0.0
-50.0,50,3428.815459,0.0
-50.0,50,3429.382124,0.0
-50.0,50,3429.95936,0.0
-50.0,50,3430.526849,0.0
-50.0,50,3431.085917,0.0
-50.0,50,3431.646912,0.0
-50.0,50,3432.219339,0.0
-50.0,50,3432.778607,0.0
-50.0,50,3433.34092,0.0
-50.0,50,3433.904615,0.0
-50.0,50,3434.477249,0.0
-50.0,50,3435.04102,0.0
-50.0,50,3435.606344,0.0
-50.0,50,3436.170771,0.0
-50.0,50,3436.743219,0.0
-50.0,50,3437.31182,0.0
-50.0,50,3437.885878,0.0
-50.0,50,3438.446623,0.0
-50.0,50,3439.017204,0.0
-50.0,50,3439.579615,0.0
-50.0,50,3440.147958,0.0
-50.0,50,3440.704535,0.0
-50.0,50,3441.264957,0.0
0.0,50,3441.825407,1.0
-50.0,50,3442.39554,0.0
-50.0,50,3442.957663,0.0
-50.0,50,3443.52862,0.0
-50.0,50,3444.083532,0.0
-50.0,50,3444.638468,0.0
-50.0,50,3445.20256,0.0
-50.0,50,3445.772512,0.0
-50.0,50,3446.332256,0.0
-50.0,50,3446.894345,0.0
-50.0,50,3447.453705,0.0
-50.0,50,3448.015399,0.0
-50.0,50,3448.563241,0.0
-50.0,50,3449.121858,0.0
0.0,50,3449.673574,1.0
-50.0,50,3450.229803,0.0
-50.0,50,3450.787335,0.0
-50.0,50,3451.343137,0.0
-50.0,50,3451.895991,0.0
-50.0,50,3452.461157,0.0
-50.0,50,3453.016968,0.0
-2.0,50,3453.570356,1.0
-48.0,50,3454.123852,0.0
0.0,50,3454.688804,1.0
-50.0,50,3455.245212,0.0
-50.0,50,3455.801195,0.0
-47.0,50,3456.35456,0.0
-50.0,50,3456.929694,0.0
-50.0,50,3457.481011,0.0
-50.0,50,3458.035486,0.0
-50.0,50,3458.605655,0.0
-46.0,50,3459.187263,0.0
-50.0,50,3459.748727,0.0
-50.0,50,3460.315877,0.0
0.0,50,3460.874581,1.0
-50.0,50,3461.444198,0.0
-50.0,50,3461.995338,0.0
-50.0,50,3462.552578,0.0
-50.0,50,3463.125466,0.0
-50.0,50,3463.695579,0.0
-50.0,50,3464.254481,0.0
-50.0,50,3464.815318,0.0
-50.0,50,3465.369505,0.0
-50.0,50,3465.933617,0.0
-50.0,50,3466.487068,0.0
-50.0,50,3467.041854,0.0
-50.0,50,3467.608776,0.0
-50.0,50,3468.179391,0.0
-50.0,50,3468.736023,0.0
-50.0,50,3469.295496,0.0
-50.0,50,3469.859428,0.0
-50.0,50,3470.43265,0.0
-50.0,50,3470.988418,0.0
-50.0,50,3471.550318,0.0
-50.0,50,3472.107564,0.0
-50.0,50,3472.672176,0.0
-50.0,50,3473.243907,0.0
-50.0,50,3473.803575,0.0
-50.0,50,3474.356117,0.0
-50.0,50,3474.921303,0.0
-50.0,50,3475.483502,0.0
-50.0,50,3476.047637,0.0
-50.0,50,3476.611237,0.0
-50.0,50,3477.179395,0.0
-50.0,50,3477.737587,0.0
-50.0,50,3478.292696,0.0
-50.0,50,3478.855177,0.0
-50.0,50,3479.423995,0.0
0.0,50,3479.984611,1.0
-50.0,50,3480.548604,0.0
-50.0,50,3481.111931,0.0
-50.0,50,3481.681223,0.0
-50.0,50,3482.24778,0.0
-50.0,50,3482.813191,0.0
-50.0,50,3483.386504,0.0
-50.0,50,3483.948974,0.0
-50.0,50,3484.503222,0.0
-50.0,50,3485.069861,0.0
-50.0,50,3485.633219,0.0
-26.0,50,3486.207476,1.0
-50.0,50,3486.771026,0.0
-50.0,50,3487.3305,0.0
-50.0,50,3487.894509,0.0
-50.0,50,3488.475481,0.0
-50.0,50,3489.050573,0.0
-50.0,50,3489.617434,0.0
-50.0,50,3490.183017,0.0
-50.0,50,3490.761925,0.0
-50.0,50,3491.325667,0.0
-50.0,50,3491.893736,0.0
-50.0,50,3492.460499,0.0
-50.0,50,3493.034792,0.0
-50.0,50,3493.598305,0.0
-50.0,50,3494.152844,0.0
-50.0,50,3494.718693,0.0
-50.0,50,3495.288999,0.0
-50.0,50,3495.851692,0.0
-50.0,50,3496.415746,0.0
-50.0,50,3496.977995,0.0
-50.0,50,3497.553257,0.0
-50.0,50,3498.118975,0.0
-50.0,50,3498.683517,0.0
-50.0,50,3499.245562,0.0
-50.0,50,3499.816084,0.0
-50.0,50,3500.371813,0.0
-50.0,50,3500.92574,0.0
-50.0,50,3501.492843,0.0
-50.0,50,3502.062843,0.0
0.0,50,3502.626568,1.0
-50.0,50,3503.1907,0.0
-50.0,50,3503.755078,0.0
-49.0,50,3504.323915,0.0
-50.0,50,3504.886858,0.0
-50.0,50,3505.457367,0.0
-50.0,50,3506.02396,0.0
-50.0,50,3506.593889,0.0
-50.0,50,3507.153992,0.0
0.0,50,3507.713532,1.0
-50.0,50,3508.275272,0.0
-50.0,50,3508.857549,0.0
-50.0,50,3509.424535,0.0
-50.0,50,3509.9821,0.0
-50.0,50,3510.557776,0.0
-50.0,50,3511.129438,0.0
-50.0,50,3511.693763,0.0
-50.0,50,3512.259543,0.0
-50.0,50,3512.826977,0.0
-50.0,50,3513.402586,0.0
-50.0,50,3513.965472,0.0
-50.0,50,3514.531498,0.0
-50.0,50,3515.091798,0.0
-50.0,50,3515.654494,0.0
-50.0,50,3516.213825,0.0
-50.0,50,3516.785761,0.0
-50.0,50,3517.34233,0.0
-50.0,50,3517.914324,0.0
-50.0,50,3518.468491,0.0
0.0,50,3519.041371,1.0
0.0,50,3519.605165,1.0
-50.0,50,3520.181056,0.0
-50.0,50,3520.738696,0.0
-50.0,50,3521.301687,0.0
-50.0,50,3521.867527,0.0
-50.0,50,3522.438944,0.0
-50.0,50,3522.990221,0.0
-50.0,50,3523.555393,0.0
-50.0,50,3524.116918,0.0
-50.0,50,3524.692305,0.0
-50.0,50,3525.243202,0.0
-50.0,50,3525.79846,0.0
-50.0,50,3526.359894,0.0
-50.0,50,3529.278226,0.0
-50.0,50,3529.839483,0.0
-50.0,50,3530.407504,0.0
-50.0,50,3530.968859,0.0
-50.0,50,3531.542007,0.0
-50.0,50,3532.106636,0.0
-50.0,50,3532.660344,0.0
-50.0,50,3533.21421,0.0
-50.0,50,3533.781883,0.0
-39.0,50,3534.343786,0.0
-50.0,50,3534.904437,0.0
-50.0,50,3535.467808,0.0
-50.0,50,3536.029419,0.0
-50.0,50,3536.589629,0.0
-50.0,50,3537.141356,0.0
-50.0,50,3537.698327,0.0
-50.0,50,3538.270322,0.0
-50.0,50,3538.825378,0.0
-50.0,50,3539.380725,0.0
-50.0,50,3539.93327,0.0
-50.0,50,3540.505854,0.0
-50.0,50,3541.061391,0.0
-50.0,50,3541.625152,0.0
-50.0,50,3542.187843,0.0
-50.0,50,3542.752794,0.0
-50.0,50,3543.315392,0.0
-50.0,50,3543.88039,0.0
-50.0,50,3544.437277,0.0
-8.0,50,3545.001693,1.0
-50.0,50,3545.566621,0.0
-50.0,50,3546.13567,0.0
-50.0,50,3546.699293,0.0
-50.0,50,3547.273349,0.0
-50.0,50,3547.841179,0.0
-50.0,50,3548.409914,0.0
-50.0,50,3548.986673,0.0
-50.0,50,3549.56159,0.0
-50.0,50,3550.130624,0.0
-50.0,50,3550.695581,0.0
-50.0,50,3551.262312,0.0
-50.0,50,3551.838816,0.0
-50.0,50,3552.410148,0.0
-50.0,50,3552.974971,0.0
-50.0,50,3553.552805,0.0
-50.0,50,3554.128338,0.0
-50.0,50,3554.692764,0.0
-50.0,50,3555.2528,0.0
-50.0,50,3555.816548,0.0
-50.0,50,3556.388367,0.0
-50.0,50,3556.945024,0.0
-50.0,50,3557.510992,0.0
-50.0,50,3558.068015,0.0
-50.0,50,3558.643711,0.0
-50.0,50,3559.204997,0.0
-50.0,50,3559.768986,0.0
0.0,50,3560.329525,1.0
-50.0,50,3560.901111,0.0
-50.0,50,3561.463077,0.0
-50.0,50,3562.014311,0.0
-50.0,50,3562.577773,0.0
-50.0,50,3563.14378,0.0
-50.0,50,3563.707364,0.0
-50.0,50,3564.275509,0.0
-30.0,50,3564.84361,0.0
-50.0,50,3565.410602,0.0
-50.0,50,3565.96745,0.0
-50.0,50,3566.535056,0.0
-50.0,50,3567.100144,0.0
-50.0,50,3567.662449,0.0
-50.0,50,3568.231457,0.0
-47.0,50,3568.78238,0.0
-50.0,50,3569.331985,0.0
-50.0,50,3569.896829,0.0
-50.0,50,3570.449076,0.0
-50.0,50,3571.006331,0.0
-34.0,50,3571.563544,1.0
-50.0,50,3572.126769,0.0
-50.0,50,3572.689878,0.0
-50.0,50,3573.245829,0.0
0.0,50,3573.797069,1.0
-50.0,50,3574.364876,0.0
-50.0,50,3574.937069,0.0
-50.0,50,3575.482115,0.0
-50.0,50,3576.038197,0.0
-50.0,50,3576.590717,0.0
-50.0,50,3577.148577,0.0
-50.0,50,3577.713893,0.0
-50.0,50,3578.269481,0.0
-50.0,50,3578.844965,0.0
-50.0,50,3579.39552,0.0
-50.0,50,3579.939826,0.0
-50.0,50,3580.499811,0.0
-50.0,50,3581.067981,0.0
-50.0,50,3581.629027,0.0
-50.0,50,3582.18196,0.0
-50.0,50,3582.736852,0.0
-50.0,50,3583.321474,0.0
-50.0,50,3583.883043,0.0
-50.0,50,3584.444503,0.0
-50.0,50,3584.995775,0.0
-50.0,50,3585.566338,0.0
-50.0,50,3586.116486,0.0
-50.0,50,3586.688293,0.0
-50.0,50,3587.248985,0.0
-48.0,50,3587.814617,0.0
-50.0,50,3588.375824,0.0
-50.0,50,3588.93711,0.0
-50.0,50,3589.516592,0.0
-50.0,50,3590.090204,0.0
-50.0,50,3590.658679,0.0
-50.0,50,3591.217212,0.0
-26.0,50,3591.776778,1.0
-50.0,50,3592.345693,0.0
-50.0,50,3592.912795,0.0
-50.0,50,3593.478456,0.0
-50.0,50,3594.04259,0.0
-50.0,50,3594.621527,0.0
-50.0,50,3595.186115,0.0
-50.0,50,3595.742034,0.0
-50.0,50,3596.307148,0.0
-50.0,50,3596.871643,0.0
-50.0,50,3597.431117,0.0
-50.0,50,3597.995045,0.0
-50.0,50,3598.559767,0.0
-50.0,50,3599.129132,0.0
-50.0,50,3599.680856,0.0
-50.0,50,3600.247912,0.0
-50.0,50,3600.801179,0.0
-50.0,50,3601.377178,0.0
-50.0,50,3601.944921,0.0
-39.0,50,3602.511488,0.0
-50.0,50,3603.068426,0.0
-47.0,50,3603.645211,0.0
-50.0,50,3604.212388,0.0
-50.0,50,3604.778565,0.0
-50.0,50,3605.345521,0.0
-50.0,50,3605.909984,0.0
-50.0,50,3606.477241,0.0
-50.0,50,3607.034043,0.0
-50.0,50,3607.601599,0.0
-50.0,50,3608.178715,0.0
-50.0,50,3608.75777,0.0
-50.0,50,3609.326489,0.0
-50.0,50,3609.907818,0.0
-50.0,50,3610.483434,0.0
0.0,50,3611.039246,1.0
-50.0,50,3611.596358,0.0
-50.0,50,3612.163954,0.0
-50.0,50,3612.731823,0.0
-50.0,50,3613.297585,0.0
-50.0,50,3613.863326,0.0
-50.0,50,3614.427111,0.0
-50.0,50,3614.9934,0.0
0.0,50,3615.557194,1.0
-50.0,50,3616.120113,0.0
-50.0,50,3616.675529,0.0
-50.0,50,3617.238159,0.0
-50.0,50,3617.80506,0.0
-50.0,50,3618.373008,0.0
-50.0,50,3618.940742,0.0
-50.0,50,3619.502663,0.0
-50.0,50,3620.064618,0.0
-48.0,50,3620.627391,0.0
-50.0,50,3621.184721,0.0
-50.0,50,3621.759799,0.0
-50.0,50,3622.321275,0.0
-50.0,50,3622.878731,0.0
-50.0,50,3623.443029,0.0
-50.0,50,3624.004884,0.0
-50.0,50,3624.57147,0.0
-50.0,50,3625.123796,0.0
-50.0,50,3625.677167,0.0
-50.0,50,3626.248117,0.0
-50.0,50,3626.81076,0.0
-50.0,50,3627.372305,0.0
-50.0,50,3627.929664,0.0
-50.0,50,3628.489726,0.0
-50.0,50,3629.055229,0.0
-50.0,50,3629.6147,0.0
-50.0,50,3630.170183,0.0
-50.0,50,3630.729686,0.0
-50.0,50,3631.300758,0.0
-50.0,50,3631.861929,0.0
-50.0,50,3632.427462,0.0
-50.0,50,3632.992618,0.0
-50.0,50,3633.550841,0.0
0.0,50,3634.101879,1.0
-50.0,50,3634.664906,0.0
-50.0,50,3635.236206,0.0
-50.0,50,3635.801413,0.0
-50.0,50,3636.353921,0.0
-50.0,50,3636.907778,0.0
0.0,50,3637.475768,1.0
-50.0,50,3638.039883,0.0
-50.0,50,3638.616697,0.0
-50.0,50,3639.180226,0.0
-50.0,50,3639.754384,0.0
-50.0,50,3640.316386,0.0
-50.0,50,3640.890781,0.0
-37.0,50,3641.457736,0.0
-50.0,50,3644.464031,0.0
-50.0,50,3645.028909,0.0
-50.0,50,3645.587169,0.0
-50.0,50,3646.137716,0.0
-50.0,50,3646.709233,0.0
-50.0,50,3647.260787,0.0
-50.0,50,3647.814203,0.0
0.0,50,3648.380682,1.0
-50.0,50,3648.952095,0.0
-50.0,50,3649.532463,0.0
-50.0,50,3650.090214,0.0
-50.0,50,3650.646814,0.0
-50.0,50,3651.209785,0.0
-50.0,50,3651.77366,0.0
-50.0,50,3652.340301,0.0
-50.0,50,3652.89759,0.0
-50.0,50,3653.466801,0.0
-50.0,50,3654.031333,0.0
0.0,50,3654.594686,1.0
-50.0,50,3655.151039,0.0
-50.0,50,3655.713174,0.0
-50.0,50,3656.276134,0.0
-50.0,50,3656.828852,0.0
-50.0,50,3657.390077,0.0
-50.0,50,3657.959991,0.0
0.0,50,3658.525398,1.0
-50.0,50,3659.079732,0.0
-50.0,50,3659.641964,0.0
-50.0,50,3660.209174,0.0
-50.0,50,3660.764649,0.0
-50.0,50,3661.328782,0.0
-50.0,50,3661.886017,0.0
-50.0,50,3662.456002,0.0
-50.0,50,3663.017171,0.0
-50.0,50,3663.573251,0.0
-50.0,50,3664.128084,0.0
-50.0,50,3664.69497,0.0
-50.0,50,3665.26008,0.0
-50.0,50,3665.822447,0.0
-50.0,50,3666.394693,0.0
-50.0,50,3666.962952,0.0
-50.0,50,3667.522267,0.0
-50.0,50,3668.073737,0.0
-50.0,50,3668.635773,0.0
-50.0,50,3669.199761,0.0
-50.0,50,3669.764795,0.0
-50.0,50,3670.330713,0.0
-50.0,50,3670.889266,0.0
-50.0,50,3671.45211,0.0
0.0,50,3672.014849,1.0
-50.0,50,3672.58457,0.0
-50.0,50,3673.14858,0.0
-50.0,50,3673.719421,0.0
-50.0,50,3674.278667,0.0
-50.0,50,3674.842823,0.0
-50.0,50,3675.403478,0.0
-50.0,50,3675.973154,0.0
-50.0,50,3676.536649,0.0
-50.0,50,3677.098581,0.0
-50.0,50,3677.66249,0.0
-50.0,50,3678.233552,0.0
-50.0,50,3678.806814,0.0
-50.0,50,3679.370962,0.0
-50.0,50,3679.934486,0.0
-50.0,50,3680.507312,0.0
-50.0,50,3681.067195,0.0
-50.0,50,3681.631582,0.0
-50.0,50,3682.199324,0.0
-50.0,50,3682.76527,0.0
-50.0,50,3683.328533,0.0
-50.0,50,3683.887955,0.0
-50.0,50,3684.450538,0.0
-50.0,50,3685.019128,0.0
-50.0,50,3685.580922,0.0
-50.0,50,3686.140336,0.0
-50.0,50,3686.708408,0.0
-50.0,50,3687.266756,0.0
-50.0,50,3687.817972,0.0
-50.0,50,3688.378464,0.0
-50.0,50,3688.938908,0.0
0.0,50,3689.501787,1.0
-50.0,50,3690.052842,0.0
-50.0,50,3690.610728,0.0
-50.0,50,3691.163033,0.0
-30.0,50,3691.727671,0.0
-50.0,50,3692.275856,0.0
-50.0,50,3692.838214,0.0
-50.0,50,3693.392735,0.0
-50.0,50,3693.956928,0.0
-50.0,50,3694.509097,0.0
-50.0,50,3695.074441,0.0
-50.0,50,3695.636336,0.0
-50.0,50,3696.206666,0.0
-50.0,50,3696.765451,0.0
-50.0,50,3697.32033,0.0
-50.0,50,3697.882311,0.0
-50.0,50,3698.455574,0.0
-50.0,50,3699.028679,0.0
-50.0,50,3699.57995,0.0
-50.0,50,3700.130959,0.0
-44.0,50,3700.699342,0.0
-50.0,50,3701.253239,0.0
0.0,50,3701.810525,1.0
-50.0,50,3702.37323,0.0
-50.0,50,3702.939053,0.0
-50.0,50,3703.502895,0.0
-50.0,50,3704.055611,0.0
-50.0,50,3704.606323,0.0
-50.0,50,3705.169907,0.0
-50.0,50,3705.732429,0.0
-50.0,50,3706.294703,0.0
-46.0,50,3706.851413,0.0
-50.0,50,3707.418422,0.0
-50.0,50,3707.974974,0.0
-50.0,50,3708.536527,0.0
-50.0,50,3709.099498,0.0
-50.0,50,3709.669766,0.0
-50.0,50,3710.221049,0.0
-50.0,50,3710.787534,0.0
-50.0,50,3711.349555,0.0
-50.0,50,3711.942116,0.0
-50.0,50,3712.504159,0.0
-50.0,50,3713.067537,0.0
-50.0,50,3713.621325,0.0
-50.0,50,3714.206684,0.0
-50.0,50,3714.77429,0.0
-50.0,50,3715.331528,0.0
-50.0,50,3715.886223,0.0
-50.0,50,3716.479374,0.0
-50.0,50,3717.043687,0.0
-50.0,50,3717.612907,0.0
-50.0,50,3718.17447,0.0
-50.0,50,3718.74851,0.0
-50.0,50,3719.315895,0.0
-50.0,50,3719.872357,0.0
-50.0,50,3720.433905,0.0
-50.0,50,3721.006612,0.0
-50.0,50,3721.570698,0.0
-50.0,50,3722.13742,0.0
-50.0,50,3722.701678,0.0
-50.0,50,3723.269328,0.0
-50.0,50,3723.825174,0.0
-50.0,50,3724.389275,0.0
-50.0,50,3724.965159,0.0
0.0,50,3725.539827,1.0
-50.0,50,3726.102111,0.0
-50.0,50,3726.653188,0.0
0.0,50,3727.218447,1.0
-50.0,50,3727.787968,0.0
-50.0,50,3728.354337,0.0
-50.0,50,3728.927681,0.0
-50.0,50,3729.492922,0.0
-50.0,50,3730.061518,0.0
-50.0,50,3730.626781,0.0
-50.0,50,3731.189556,0.0
-50.0,50,3731.754532,0.0
-50.0,50,3732.325601,0.0
-50.0,50,3732.893349,0.0
0.0,50,3733.45653,1.0
-50.0,50,3734.020753,0.0
-50.0,50,3734.588459,0.0
-50.0,50,3735.156093,0.0
-50.0,50,3735.723221,0.0
-50.0,50,3736.286095,0.0
-50.0,50,3736.86537,0.0
-50.0,50,3737.426017,0.0
-50.0,50,3737.986391,0.0
-50.0,50,3738.551437,0.0
-50.0,50,3739.122763,0.0
-50.0,50,3739.688175,0.0
0.0,50,3740.251575,1.0
-50.0,50,3740.813474,0.0
-50.0,50,3741.3792,0.0
-50.0,50,3741.938528,0.0
-50.0,50,3742.505594,0.0
-50.0,50,3743.072636,0.0
-50.0,50,3743.646824,0.0
0.0,50,3744.210549,1.0
-50.0,50,3744.774754,0.0
-50.0,50,3745.339679,0.0
-50.0,50,3745.918165,0.0
-50.0,50,3746.484358,0.0
-50.0,50,3747.049347,0.0
-50.0,50,3747.613219,0.0
-23.0,50,3748.186029,0.0
-50.0,50,3748.755253,0.0
-50.0,50,3749.327426,0.0
-41.0,50,3749.893686,0.0
-50.0,50,3750.474578,0.0
-50.0,50,3751.025044,0.0
-50.0,50,3751.591425,0.0
-50.0,50,3752.157634,0.0
-50.0,50,3752.735451,0.0
-50.0,50,3753.297574,0.0
-50.0,50,3753.863193,0.0
0.0,50,3754.422778,1.0
-50.0,50,3754.990514,0.0
-50.0,50,3755.5628,0.0
-50.0,50,3756.123734,0.0
-50.0,50,3756.687219,0.0
-50.0,50,3759.663481,0.0
-50.0,50,3760.22049,0.0
-50.0,50,3760.781686,0.0
-50.0,50,3761.342254,0.0
-50.0,50,3761.912311,0.0
-50.0,50,3762.475116,0.0
-50.0,50,3763.03104,0.0
-50.0,50,3763.585325,0.0
-50.0,50,3764.148247,0.0
-50.0,50,3764.710768,0.0
-50.0,50,3765.269597,0.0
-50.0,50,3765.822699,0.0
-50.0,50,3766.402082,0.0
-50.0,50,3766.97156,0.0
-50.0,50,3767.534183,0.0
-50.0,50,3768.09776,0.0
-50.0,50,3768.668108,0.0
-50.0,50,3769.234356,0.0
-46.0,50,3769.797713,0.0
-50.0,50,3770.364271,0.0
-50.0,50,3770.942702,0.0
-50.0,50,3771.51059,0.0
-50.0,50,3772.063338,0.0
-50.0,50,3772.623615,0.0
-50.0,50,3773.193587,0.0
-50.0,50,3773.750677,0.0
-50.0,50,3774.306802,0.0
-50.0,50,3774.869434,0.0
-50.0,50,3775.438656,0.0
-50.0,50,3775.99063,0.0
-50.0,50,3776.545071,0.0
-44.0,50,3777.110428,0.0
-50.0,50,3777.67525,0.0
-50.0,50,3778.227446,0.0
-50.0,50,3778.787475,0.0
-50.0,50,3779.342295,0.0
-50.0,50,3779.918928,0.0
-50.0,50,3780.477304,0.0
-50.0,50,3781.032281,0.0
-50.0,50,3781.591309,0.0
-50.0,50,3782.157542,0.0
0.0,50,3782.71582,1.0
-47.0,50,3783.278201,0.0
-50.0,50,3783.835395,0.0
-50.0,50,3784.408223,0.0
-50.0,50,3784.968856,0.0
-50.0,50,3785.530603,0.0
-50.0,50,3786.105021,0.0
-50.0,50,3786.675948,0.0
-50.0,50,3787.231369,0.0
-50.0,50,3787.790655,0.0
-50.0,50,3788.372813,0.0
-50.0,50,3788.94653,0.0
-50.0,50,3789.51351,0.0
-50.0,50,3790.075485,0.0
-5.0,50,3790.640562,1.0
-50.0,50,3791.208856,0.0
-50.0,50,3791.771941,0.0
-50.0,50,3792.339262,0.0
-50.0,50,3792.896361,0.0
0.0,50,3793.467422,1.0
-50.0,50,3794.019444,0.0
-50.0,50,3794.574897,0.0
-50.0,50,3795.134048,0.0
-50.0,50,3795.694522,0.0
-50.0,50,3796.255578,0.0
-41.0,50,3796.816857,0.0
-50.0,50,3797.376948,0.0
-50.0,50,3797.952083,0.0
-50.0,50,3798.509349,0.0
-50.0,50,3799.072279,0.0
-50.0,50,3799.640949,0.0
-50.0,50,3800.214838,0.0
-50.0,50,3800.775758,0.0
-50.0,50,3801.338239,0.0
-50.0,50,3801.906856,0.0
-50.0,50,3802.475479,0.0
-50.0,50,3803.048824,0.0
-50.0,50,3803.609631,0.0
-50.0,50,3804.173858,0.0
-50.0,50,3804.749914,0.0
-48.0,50,3805.313281,0.0
-50.0,50,3805.867369,0.0
-50.0,50,3806.420395,0.0
-50.0,50,3806.985632,0.0
-50.0,50,3807.537303,0.0
-50.0,50,3808.097582,0.0
-50.0,50,3808.65751,0.0
-50.0,50,3809.229231,0.0
-50.0,50,3809.796306,0.0
-50.0,50,3810.359903,0.0
-50.0,50,3810.912316,0.0
-50.0,50,3811.496963,0.0
-50.0,50,3812.058342,0.0
-50.0,50,3812.618449,0.0
-50.0,50,3813.175384,0.0
-50.0,50,3813.748934,0.0
-50.0,50,3814.313965,0.0
-50.0,50,3814.867474,0.0
-50.0,50,3815.430664,0.0
-50.0,50,3815.997275,0.0
-50.0,50,3816.557793,0.0
-50.0,50,3817.110864,0.0
-50.0,50,3817.662429,0.0
-50.0,50,3818.230279,0.0
-50.0,50,3818.798115,0.0
-50.0,50,3819.36087,0.0
-50.0,50,3819.921968,0.0
-50.0,50,3820.489153,0.0
-50.0,50,3821.044789,0.0
-50.0,50,3821.601385,0.0
-50.0,50,3822.169149,0.0
-50.0,50,3822.742508,0.0
-50.0,50,3823.304676,0.0
-50.0,50,3823.863989,0.0
-50.0,50,3824.426599,0.0
-50.0,50,3824.99461,0.0
-50.0,50,3825.556792,0.0
-50.0,50,3826.11341,0.0
-50.0,50,3826.677171,0.0
-50.0,50,3827.251846,0.0
0.0,50,3827.811387,1.0
0.0,50,3828.378671,1.0
-50.0,50,3828.936816,0.0
-46.0,50,3829.501576,0.0
-50.0,50,3830.064668,0.0
0.0,50,3830.615862,1.0
-50.0,50,3831.171527,0.0
-50.0,50,3831.732523,0.0
-50.0,50,3832.296047,0.0
-50.0,50,3832.863926,0.0
-50.0,50,3833.422574,0.0
-50.0,50,3833.986373,0.0
-50.0,50,3834.53781,0.0
-50.0,50,3835.103307,0.0
-50.0,50,3835.669971,0.0
-50.0,50,3836.234559,0.0
0.0,50,3836.793939,1.0
-50.0,50,3837.360123,0.0
-50.0,50,3837.928715,0.0
-50.0,50,3838.500194,0.0
-50.0,50,3839.061139,0.0
-50.0,50,3839.628455,0.0
-50.0,50,3840.188504,0.0
-50.0,50,3840.765446,0.0
-50.0,50,3841.330805,0.0
-50.0,50,3841.898124,0.0
-50.0,50,3842.465046,0.0
-50.0,50,3843.043059,0.0
-50.0,50,3843.604362,0.0
-50.0,50,3844.171151,0.0
0.0,50,3844.736869,1.0
-50.0,50,3845.311974,0.0
-50.0,50,3845.876777,0.0
-50.0,50,3846.439946,0.0
-50.0,50,3847.0055,0.0
-50.0,50,3847.579187,0.0
-50.0,50,3848.155045,0.0
-50.0,50,3848.732933,0.0
-50.0,50,3849.29867,0.0
-50.0,50,3849.872666,0.0
-50.0,50,3850.438087,0.0
-50.0,50,3851.00337,0.0
-50.0,50,3851.562618,0.0
-50.0,50,3852.138124,0.0
-50.0,50,3852.713013,0.0
-50.0,50,3853.279359,0.0
-50.0,50,3853.838173,0.0
-50.0,50,3854.414208,0.0
0.0,50,3854.984441,1.0
-49.0,50,3855.546089,0.0
-50.0,50,3856.106491,0.0
-50.0,50,3856.685011,0.0
-50.0,50,3857.250936,0.0
-50.0,50,3857.814753,0.0
-50.0,50,3858.386038,0.0
-50.0,50,3858.952055,0.0
-50.0,50,3859.503585,0.0
-50.0,50,3860.067305,0.0
-50.0,50,3860.62312,0.0
-50.0,50,3861.18726,0.0
-50.0,50,3861.742352,0.0
-46.0,50,3862.301322,0.0
-50.0,50,3862.861367,0.0
-50.0,50,3863.425237,0.0
-50.0,50,3863.984012,0.0
-50.0,50,3864.54003,0.0
-50.0,50,3865.097659,0.0
-50.0,50,3865.664675,0.0
-50.0,50,3866.226663,0.0
0.0,50,3866.785243,1.0
-50.0,50,3867.342797,0.0
-50.0,50,3867.913975,0.0
-50.0,50,3868.472873,0.0
-50.0,50,3869.029176,0.0
-50.0,50,3869.583904,0.0
-50.0,50,3870.153715,0.0
-50.0,50,3870.715316,0.0
-50.0,50,3871.276872,0.0
-50.0,50,3871.835372,0.0
-50.0,50,3874.782277,0.0
-50.0,50,3875.329706,0.0
-50.0,50,3875.884949,0.0
-50.0,50,3876.444013,0.0
0.0,50,3877.0094,1.0
0.0,50,3877.564155,1.0
-50.0,50,3878.132011,0.0
-50.0,50,3878.711642,0.0
-50.0,50,3879.272307,0.0
-50.0,50,3879.831632,0.0
-50.0,50,3880.38697,0.0
-50.0,50,3880.945376,0.0
-50.0,50,3881.512556,0.0
-50.0,50,3882.067065,0.0
-50.0,50,3882.625546,0.0
-11.0,50,3883.184659,1.0
-50.0,50,3883.749836,0.0
-12.0,50,3884.306885,1.0
-50.0,50,3884.865345,0.0
-50.0,50,3885.421923,0.0
-41.0,50,3885.98483,0.0
0.0,50,3886.541547,1.0
-50.0,50,3887.09472,0.0
-50.0,50,3887.648256,0.0
-50.0,50,3888.218052,0.0
-50.0,50,3888.773117,0.0
-50.0,50,3889.331486,0.0
-50.0,50,3889.881331,0.0
-50.0,50,3890.445038,0.0
-50.0,50,3891.001611,0.0
-50.0,50,3891.558363,0.0
-50.0,50,3892.113527,0.0
-50.0,50,3892.676792,0.0
-50.0,50,3893.244815,0.0
-50.0,50,3893.804835,0.0
-50.0,50,3894.360363,0.0
-50.0,50,3894.929219,0.0
-50.0,50,3895.487903,0.0
-50.0,50,3896.045421,0.0
-50.0,50,3896.602051,0.0
-50.0,50,3897.169372,0.0
-50.0,50,3897.731332,0.0
-50.0,50,3898.286957,0.0
-50.0,50,3898.847558,0.0
-50.0,50,3899.415036,0.0
-50.0,50,3899.970459,0.0
-50.0,50,3900.529041,0.0
-50.0,50,3901.085337,0.0
-50.0,50,3901.645819,0.0
-50.0,50,3902.200637,0.0
-50.0,50,3902.760852,0.0
-50.0,50,3903.321786,0.0
-50.0,50,3903.884218,0.0
-50.0,50,3904.438816,0.0
-50.0,50,3904.997928,0.0
-50.0,50,3905.558034,0.0
-50.0,50,3906.126735,0.0
-45.0,50,3906.685903,0.0
-50.0,50,3907.238856,0.0
-50.0,50,3907.797868,0.0
-50.0,50,3908.371196,0.0
-50.0,50,3908.939876,0.0
-50.0,50,3909.497606,0.0
-50.0,50,3910.053707,0.0
-50.0,50,3910.630605,0.0
-50.0,50,3911.190806,0.0
-50.0,50,3911.741089,0.0
-50.0,50,3912.296579,0.0
-50.0,50,3912.856812,0.0
-50.0,50,3913.40577,0.0
-44.0,50,3913.966038,0.0
-50.0,50,3914.534746,0.0
-50.0,50,3915.101763,0.0
-50.0,50,3915.658254,0.0
-50.0,50,3916.214044,0.0
-50.0,50,3916.760746,0.0
-50.0,50,3917.330335,0.0
-45.0,50,3917.894229,0.0
-15.0,50,3918.458662,1.0
-27.0,50,3919.01785,0.0
-50.0,50,3919.581725,0.0
-50.0,50,3920.144639,0.0
-50.0,50,3920.694884,0.0
-50.0,50,3921.256976,0.0
-50.0,50,3921.83014,0.0
-50.0,50,3922.38668,0.0
-50.0,50,3922.947359,0.0
-50.0,50,3923.511646,0.0
-50.0,50,3924.08466,0.0
-50.0,50,3924.643207,0.0
0.0,50,3925.202915,1.0
-50.0,50,3925.754401,0.0
-50.0,50,3926.327776,0.0
-50.0,50,3926.887849,0.0
-50.0,50,3927.443859,0.0
-50.0,50,3928.008368,0.0
-50.0,50,3928.5811,0.0
0.0,50,3929.14345,1.0
-50.0,50,3929.697785,0.0
-50.0,50,3930.265341,0.0
-50.0,50,3930.823845,0.0
-50.0,50,3931.376086,0.0
-50.0,50,3931.930152,0.0
-50.0,50,3932.485433,0.0
-50.0,50,3933.056825,0.0
-50.0,50,3933.61182,0.0
-50.0,50,3934.166052,0.0
-50.0,50,3934.72935,0.0
-50.0,50,3935.29366,0.0
0.0,50,3935.844687,1.0
-50.0,50,3936.411588,0.0
0.0,50,3936.965805,1.0
-41.0,50,3937.537279,0.0
-45.0,50,3938.100729,0.0
-50.0,50,3938.688944,0.0
-50.0,50,3939.250597,0.0
-50.0,50,3939.82495,0.0
-50.0,50,3940.384937,0.0
-50.0,50,3940.935839,0.0
-50.0,50,3941.499459,0.0
-50.0,50,3942.069275,0.0
-50.0,50,3942.62971,0.0
-50.0,50,3943.182022,0.0
-50.0,50,3943.747321,0.0
-50.0,50,3944.308913,0.0
-50.0,50,3944.887668,0.0
-50.0,50,3945.439785,0.0
-50.0,50,3946.001289,0.0
-50.0,50,3946.564918,0.0
-23.0,50,3947.128428,0.0
-50.0,50,3947.692984,0.0
-50.0,50,3948.261313,0.0
0.0,50,3948.829504,1.0
-50.0,50,3949.380823,0.0
-50.0,50,3949.946143,0.0
-50.0,50,3950.504396,0.0
-50.0,50,3951.081169,0.0
-45.0,50,3951.645314,1.0
-50.0,50,3952.1958,0.0
-50.0,50,3952.762165,0.0
-50.0,50,3953.334494,0.0
0.0,50,3953.898713,1.0
-50.0,50,3954.45689,0.0
-50.0,50,3955.010488,0.0
-50.0,50,3955.584214,0.0
0.0,50,3956.14541,1.0
-50.0,50,3956.702407,0.0
-50.0,50,3957.262898,0.0
-50.0,50,3957.828785,0.0
-50.0,50,3958.392241,0.0
-50.0,50,3958.95365,0.0
-50.0,50,3959.503563,0.0
-50.0,50,3960.068687,0.0
-50.0,50,3960.630162,0.0
-50.0,50,3961.180811,0.0
-50.0,50,3961.746575,0.0
-50.0,50,3962.318168,0.0
-50.0,50,3962.883846,0.0
-50.0,50,3963.451718,0.0
-50.0,50,3964.010075,0.0
-50.0,50,3964.579847,0.0
-50.0,50,3965.142982,0.0
-50.0,50,3965.707531,0.0
-50.0,50,3966.268637,0.0
-50.0,50,3966.840507,0.0
-50.0,50,3967.406251,0.0
-50.0,50,3967.970568,0.0
0.0,50,3968.537526,1.0
-50.0,50,3969.095635,0.0
-50.0,50,3969.660141,0.0
-50.0,50,3970.224743,0.0
-50.0,50,3970.789273,0.0
-50.0,50,3971.359239,0.0
-50.0,50,3971.909128,0.0
-50.0,50,3972.460051,0.0
-50.0,50,3973.024365,0.0
-50.0,50,3973.58373,0.0
-50.0,50,3974.145319,0.0
-50.0,50,3974.703966,0.0
-50.0,50,3975.268194,0.0
-50.0,50,3975.836652,0.0
-50.0,50,3976.39157,0.0
-50.0,50,3976.947507,0.0
-50.0,50,3977.524442,0.0
-50.0,50,3978.101168,0.0
-50.0,50,3978.65669,0.0
-50.0,50,3979.207123,0.0
-50.0,50,3979.769755,0.0
-50.0,50,3980.343518,0.0
-50.0,50,3980.895325,0.0
-50.0,50,3981.451977,0.0
0.0,50,3982.015384,1.0
-50.0,50,3982.681733,0.0
-50.0,50,3983.251134,0.0
-50.0,50,3983.81344,0.0
-50.0,50,3984.390801,0.0
-50.0,50,3984.965269,0.0
-50.0,50,3985.530124,0.0
-50.0,50,3986.09202,0.0
-50.0,50,3986.654245,0.0
-50.0,50,3989.646489,0.0
-50.0,50,3990.206763,0.0
-50.0,50,3990.767231,0.0
-50.0,50,3991.324114,0.0
-43.0,50,3991.896628,0.0
-50.0,50,3992.472903,0.0
-50.0,50,3993.041934,0.0
-50.0,50,3993.595544,0.0
-50.0,50,3994.171353,0.0
-50.0,50,3994.737692,0.0
-50.0,50,3995.289351,0.0
-50.0,50,3995.849499,0.0
-50.0,50,3996.411828,0.0
-50.0,50,3996.976311,0.0
-50.0,50,3997.538732,0.0
-50.0,50,3998.106633,0.0
-50.0,50,3998.692249,0.0
-50.0,50,3999.250804,0.0
-50.0,50,3999.815632,0.0
-50.0,50,4000.376894,0.0
-50.0,50,4000.947395,0.0
-50.0,50,4001.507204,0.0
-50.0,50,4002.069185,0.0
0.0,50,4002.629782,1.0
-50.0,50,4003.188554,0.0
-50.0,50,4003.751672,0.0
-50.0,50,4004.320673,0.0
-50.0,50,4004.884002,0.0
-50.0,50,4005.456484,0.0
-50.0,50,4006.014026,0.0
-50.0,50,4006.578912,0.0
-50.0,50,4007.139564,0.0
-50.0,50,4007.702702,0.0
-50.0,50,4008.25513,0.0
-50.0,50,4008.815864,0.0
-37.0,50,4009.378168,0.0
-33.0,50,4009.953341,0.0
-48.0,50,4010.51029,0.0
-50.0,50,4011.07355,0.0
0.0,50,4011.63423,1.0
-50.0,50,4012.197386,0.0
-50.0,50,4012.749789,0.0
0.0,50,4013.312204,1.0
-50.0,50,4013.870053,0.0
-50.0,50,4014.429025,0.0
-50.0,50,4015.001977,0.0
-50.0,50,4015.565401,0.0
-50.0,50,4016.128368,0.0
-50.0,50,4016.700612,0.0
-31.0,50,4017.261739,0.0
-50.0,50,4017.823236,0.0
-50.0,50,4018.387225,0.0
-50.0,50,4018.951173,0.0
-50.0,50,4019.503119,0.0
-50.0,50,4020.072479,0.0
-50.0,50,4020.634336,0.0
-50.0,50,4021.206673,0.0
-50.0,50,4021.75902,0.0
-50.0,50,4022.322332,0.0
-50.0,50,4022.879618,0.0
-50.0,50,4023.444115,0.0
-50.0,50,4023.998193,0.0
-8.0,50,4024.562523,0.0
0.0,50,4025.123639,1.0
-50.0,50,4025.687146,0.0
-50.0,50,4026.24937,0.0
-50.0,50,4026.811777,0.0
-50.0,50,4027.374173,0.0
-50.0,50,4027.94712,0.0
0.0,50,4028.512636,1.0
-50.0,50,4029.089443,0.0
-50.0,50,4029.656422,0.0
-50.0,50,4030.225822,0.0
-50.0,50,4030.784624,0.0
-50.0,50,4031.348785,0.0
-50.0,50,4031.905058,0.0
-50.0,50,4032.465948,0.0
-50.0,50,4033.018831,0.0
-50.0,50,4033.577066,0.0
-50.0,50,4034.136581,0.0
-50.0,50,4034.715638,0.0
-50.0,50,4035.275563,0.0
-50.0,50,4035.842213,0.0
-50.0,50,4036.405602,0.0
-50.0,50,4036.977903,0.0
-50.0,50,4037.543015,0.0
-50.0,50,4038.107952,0.0
-50.0,50,4038.663563,0.0
-50.0,50,4039.239744,0.0
-50.0,50,4039.803311,0.0
0.0,50,4040.364295,1.0
-50.0,50,4040.932357,0.0
-48.0,50,4041.50872,0.0
-50.0,50,4042.073624,0.0
-50.0,50,4042.634569,0.0
-50.0,50,4043.187196,0.0
-50.0,50,4043.746475,0.0
-50.0,50,4044.300421,0.0
-50.0,50,4044.852158,0.0
-50.0,50,4045.410259,0.0
-50.0,50,4045.979369,0.0
-50.0,50,4046.539708,0.0
-50.0,50,4047.092711,0.0
-50.0,50,4047.649731,0.0
-50.0,50,4048.217228,0.0
-50.0,50,4048.763196,0.0
-50.0,50,4049.310854,0.0
-50.0,50,4049.871419,0.0
-50.0,50,4050.432654,0.0
-50.0,50,4050.991315,0.0
-50.0,50,4051.538756,0.0
-50.0,50,4052.100083,0.0
-50.0,50,4052.66525,0.0
-50.0,50,4053.224532,0.0
-37.0,50,4053.782569,0.0
-50.0,50,4054.336905,0.0
-50.0,50,4054.902148,0.0
-50.0,50,4055.458736,0.0
-50.0,50,4056.016089,0.0
-50.0,50,4056.585741,0.0
-50.0,50,4057.149928,0.0
-50.0,50,4057.703361,0.0
-50.0,50,4058.264416,0.0
-50.0,50,4058.831927,0.0
-10.0,50,4059.40232,0.0
0.0,50,4059.959545,1.0
-50.0,50,4060.516772,0.0
-50.0,50,4061.075934,0.0
-50.0,50,4061.645616,0.0
-50.0,50,4062.205171,0.0
-50.0,50,4062.762843,0.0
-50.0,50,4063.319412,0.0
-50.0,50,4063.881405,0.0
-50.0,50,4064.441775,0.0
-50.0,50,4064.994227,0.0
-50.0,50,4065.541724,0.0
-50.0,50,4066.10769,0.0
-50.0,50,4066.666702,0.0
-50.0,50,4067.212845,0.0
-50.0,50,4067.767534,0.0
0.0,50,4068.337981,1.0
-50.0,50,4068.899491,0.0
0.0,50,4069.464905,1.0
-50.0,50,4070.029849,0.0
-50.0,50,4070.626619,0.0
-50.0,50,4071.194088,0.0
-50.0,50,4071.760039,0.0
-32.0,50,4072.330643,1.0
-50.0,50,4072.906847,0.0
-50.0,50,4073.469779,0.0
-46.0,50,4074.037345,0.0
-50.0,50,4074.601838,0.0
-49.0,50,4075.175601,0.0
-50.0,50,4075.742345,0.0
-40.0,50,4076.314122,0.0
-50.0,50,4076.878273,0.0
-50.0,50,4077.456421,0.0
-50.0,50,4078.014667,0.0
-25.0,50,4078.582655,1.0
0.0,50,4079.149737,1.0
-50.0,50,4079.725009,0.0
-46.0,50,4080.293525,0.0
-46.0,50,4080.861347,0.0
-50.0,50,4081.430936,0.0
-50.0,50,4082.00902,0.0
-50.0,50,4082.579094,0.0
-50.0,50,4083.148065,0.0
-50.0,50,4083.71713,0.0
-50.0,50,4084.298326,0.0
-50.0,50,4084.865697,0.0
-42.0,50,4085.429948,0.0
-50.0,50,4085.992582,0.0
-36.0,50,4086.571783,1.0
-50.0,50,4087.132749,0.0
-50.0,50,4087.687534,0.0
-50.0,50,4088.245597,0.0
-50.0,50,4088.835695,0.0
-50.0,50,4089.392767,0.0
0.0,50,4089.949444,1.0
-50.0,50,4090.50951,0.0
-50.0,50,4091.07921,0.0
-50.0,50,4091.632619,0.0
-50.0,50,4092.187342,0.0
0.0,50,4092.74287,1.0
0.0,50,4093.304328,1.0
-50.0,50,4093.859328,0.0
-50.0,50,4094.416958,0.0
-50.0,50,4094.966627,0.0
-50.0,50,4095.524753,0.0
-50.0,50,4096.072643,0.0
-50.0,50,4096.631407,0.0
-50.0,50,4097.187564,0.0
-50.0,50,4097.756582,0.0
-50.0,50,4098.311781,0.0
-50.0,50,4098.868255,0.0
-50.0,50,4099.428582,0.0
-50.0,50,4099.997539,0.0
-50.0,50,4100.552369,0.0
-50.0,50,4101.101131,0.0
-50.0,50,4101.658836,0.0
-50.0,50,4104.644216,0.0
-50.0,50,4105.203001,0.0
-50.0,50,4105.763936,0.0
-45.0,50,4106.326056,0.0
0.0,50,4106.893975,1.0
-50.0,50,4107.452607,0.0
-50.0,50,4108.001464,0.0
-50.0,50,4108.54112,0.0
-50.0,50,4109.090414,0.0
-50.0,50,4109.627385,0.0
-50.0,50,4110.668518,0.0
-50.0,50,4111.886921,0.0
-50.0,50,4113.106299,0.0
-50.0,50,4114.297148,0.0
-50.0,50,4115.51559,0.0
-50.0,50,4116.747126,0.0
-50.0,50,4117.965356,0.0
-50.0,50,4119.177383,0.0
-50.0,50,4120.376742,0.0
-50.0,50,4121.595757,0.0
-50.0,50,4122.783163,0.0
-50.0,50,4123.991948,0.0
0.0,50,4125.198222,1.0
-50.0,50,4126.399695,0.0
-50.0,50,4127.620196,0.0
-42.0,50,4128.860128,0.0
-50.0,50,4130.040771,0.0
-50.0,50,4131.241975,0.0
-45.0,50,4132.468421,0.0
-50.0,50,4133.672274,0.0
-50.0,50,4134.87326,0.0
-50.0,50,4136.069129,0.0
-50.0,50,4137.280162,0.0
-41.0,50,4138.485211,0.0
-50.0,50,4139.657381,0.0
-50.0,50,4140.846314,0.0
-50.0,50,4142.054372,0.0
-48.0,50,4143.233272,0.0
-50.0,50,4144.420049,0.0
-50.0,50,4145.626062,0.0
-20.0,50,4146.843564,1.0
-48.0,50,4148.057587,0.0
-50.0,50,4149.280976,0.0
-50.0,50,4150.466796,0.0
-50.0,50,4151.68916,0.0
-50.0,50,4152.869161,0.0
-50.0,50,4154.049509,0.0
-50.0,50,4155.224774,0.0
-50.0,50,4156.443741,0.0
-50.0,50,4157.654624,0.0
-50.0,50,4158.830068,0.0
-50.0,50,4159.554564,0.0
0.0,50,4160.117431,1.0
0.0,50,4160.673047,1.0
-50.0,50,4161.223382,0.0
-50.0,50,4161.782337,0.0
-50.0,50,4162.358957,0.0
-50.0,50,4162.90961,0.0
-50.0,50,4163.468823,0.0
-50.0,50,4164.026197,0.0
-50.0,50,4164.59156,0.0
-50.0,50,4165.156397,0.0
-34.0,50,4165.726572,0.0
-50.0,50,4166.296535,0.0
-50.0,50,4166.865194,0.0
-50.0,50,4167.420219,0.0
-50.0,50,4167.989518,0.0
-50.0,50,4168.546999,0.0
-50.0,50,4169.123585,0.0
-50.0,50,4169.701665,0.0
-50.0,50,4170.267037,0.0
-50.0,50,4170.829519,0.0
-50.0,50,4171.407983,0.0
-50.0,50,4171.976114,0.0
-50.0,50,4172.536073,0.0
-50.0,50,4173.101444,0.0
-50.0,50,4173.67708,0.0
-50.0,50,4174.236972,0.0
-50.0,50,4174.804252,0.0
-50.0,50,4175.369331,0.0
-50.0,50,4175.932911,0.0
-50.0,50,4176.491701,0.0
-50.0,50,4177.057021,0.0
-50.0,50,4177.62762,0.0
-50.0,50,4178.205254,0.0
-50.0,50,4178.784542,0.0
-50.0,50,4179.355859,0.0
-47.0,50,4179.928406,0.0
-50.0,50,4180.491769,0.0
0.0,50,4181.051116,1.0
-50.0,50,4181.606355,0.0
-42.0,50,4182.159303,0.0
-50.0,50,4182.713234,0.0
-50.0,50,4183.27659,0.0
-50.0,50,4183.818297,0.0
-50.0,50,4184.372425,0.0
-50.0,50,4184.939057,0.0
-50.0,50,4185.500269,0.0
-50.0,50,4186.057148,0.0
-50.0,50,4186.609505,0.0
-50.0,50,4187.176187,0.0
-50.0,50,4187.731879,0.0
-50.0,50,4188.287206,0.0
-50.0,50,4188.842121,0.0
-50.0,50,4189.40968,0.0
0.0,50,4189.971771,1.0
-50.0,50,4190.554528,0.0
-50.0,50,4191.117257,0.0
-50.0,50,4191.695926,0.0
-50.0,50,4192.261211,0.0
-50.0,50,4192.834165,0.0
-50.0,50,4193.40518,0.0
-50.0,50,4193.993242,0.0
-50.0,50,4194.560283,0.0
-50.0,50,4195.109866,0.0
-10.0,50,4195.664655,1.0
-50.0,50,4196.221645,0.0
-50.0,50,4196.788919,0.0
-17.0,50,4197.345325,1.0
-50.0,50,4197.898756,0.0
-50.0,50,4198.470431,0.0
-50.0,50,4199.027332,0.0
-50.0,50,4199.584409,0.0
-50.0,50,4200.136261,0.0
-50.0,50,4200.708682,0.0
-50.0,50,4201.264725,0.0
-50.0,50,4201.818374,0.0
-41.0,50,4202.375,0.0
0.0,50,4202.937221,1.0
-50.0,50,4203.49433,0.0
-9.0,50,4204.044949,1.0
-50.0,50,4204.5947,0.0
-50.0,50,4205.155657,0.0
-50.0,50,4205.709966,0.0
-50.0,50,4206.26846,0.0
-50.0,50,4206.819713,0.0
0.0,50,4207.385307,1.0
-41.0,50,4207.943848,0.0
-50.0,50,4208.515452,0.0
-50.0,50,4209.072773,0.0
-50.0,50,4209.638072,0.0
-18.0,50,4210.199466,1.0
-50.0,50,4210.753096,0.0
-50.0,50,4211.314202,0.0
-50.0,50,4211.883195,0.0
-50.0,50,4212.437613,0.0
-50.0,50,4212.994741,0.0
-50.0,50,4213.550548,0.0
-50.0,50,4214.115298,0.0
-50.0,50,4214.668864,0.0
-50.0,50,4215.222231,0.0
-44.0,50,4215.779417,0.0
-50.0,50,4216.341074,0.0
-50.0,50,4216.895193,0.0
-50.0,50,4217.45034,0.0
-50.0,50,4218.004756,0.0
-4.0,50,4218.571975,1.0
-50.0,50,4219.128725,0.0
-50.0,50,4219.682278,0.0
-50.0,50,4220.238001,0.0
-50.0,50,4220.793667,0.0
-41.0,50,4221.351406,0.0
-50.0,50,4221.897593,0.0
-50.0,50,4222.463811,0.0
-50.0,50,4223.032495,0.0
-50.0,50,4223.590514,0.0
-50.0,50,4224.163877,0.0
-50.0,50,4224.720368,0.0
-50.0,50,4225.280313,0.0
-50.0,50,4225.832108,0.0
-50.0,50,4226.388855,0.0
-50.0,50,4226.948844,0.0
-50.0,50,4227.508482,0.0
-50.0,50,4228.064383,0.0
-50.0,50,4228.619949,0.0
-50.0,50,4229.172447,0.0
-50.0,50,4229.736276,0.0
-50.0,50,4230.298379,0.0
-50.0,50,4230.85812,0.0
-46.0,50,4231.419148,0.0
-50.0,50,4231.984926,0.0
-25.0,50,4232.543092,1.0
-36.0,50,4233.105742,0.0
-50.0,50,4233.664612,0.0
-50.0,50,4234.220757,0.0
-50.0,50,4234.780128,0.0
-50.0,50,4235.33657,0.0
-50.0,50,4235.888038,0.0
-13.0,50,4236.449517,1.0
-50.0,50,4237.007897,0.0
-50.0,50,4237.564721,0.0
-44.0,50,4238.125158,0.0
-50.0,50,4238.717539,0.0
-44.0,50,4239.285034,0.0
-50.0,50,4239.850005,0.0
-50.0,50,4240.414705,0.0
-50.0,50,4240.992534,0.0
-50.0,50,4241.545919,0.0
-50.0,50,4242.120609,0.0
-50.0,50,4242.679591,0.0
-50.0,50,4245.625875,0.0
-50.0,50,4246.179892,0.0
-50.0,50,4246.741241,0.0
-50.0,50,4247.308079,0.0
-50.0,50,4247.87143,0.0
-50.0,50,4248.434555,0.0
-50.0,50,4249.004714,0.0
-50.0,50,4249.569524,0.0
-50.0,50,4250.140711,0.0
-50.0,50,4250.685905,0.0
-50.0,50,4251.236624,0.0
-50.0,50,4251.792474,0.0
-50.0,50,4252.348965,0.0
-50.0,50,4252.870794,0.0
-50.0,50,4253.3827,0.0
-50.0,50,4253.897764,0.0
-50.0,50,4254.557512,0.0
-50.0,50,4255.755346,0.0
-50.0,50,4256.931431,0.0
-50.0,50,4258.134489,0.0
-50.0,50,4259.326946,0.0
-50.0,50,4260.590008,0.0
-50.0,50,4261.789337,0.0
-50.0,50,4262.987713,0.0
-50.0,50,4264.194389,0.0
-50.0,50,4265.402413,0.0
-50.0,50,4266.594203,0.0
-50.0,50,4267.795222,0.0
-50.0,50,4268.562501,0.0
-41.0,50,4269.14339,0.0
-50.0,50,4269.705524,0.0
-50.0,50,4270.268152,0.0
-50.0,50,4270.839895,0.0
-50.0,50,4271.398473,0.0
-50.0,50,4271.951036,0.0
-50.0,50,4272.517592,0.0
-50.0,50,4273.098457,0.0
0.0,50,4273.661212,1.0
-50.0,50,4274.230535,0.0
-38.0,50,4274.792405,1.0
-50.0,50,4275.365366,0.0
-50.0,50,4275.930655,0.0
-21.0,50,4276.49876,0.0
-45.0,50,4277.072139,0.0
-50.0,50,4277.657063,0.0
-44.0,50,4278.224129,0.0
-50.0,50,4278.779558,0.0
-50.0,50,4279.338915,0.0
-50.0,50,4279.914631,0.0
-50.0,50,4280.476402,0.0
-50.0,50,4281.054903,0.0
-50.0,50,4281.612498,0.0
0.0,50,4282.181199,1.0
0.0,50,4282.746234,1.0
-50.0,50,4283.310472,0.0
-50.0,50,4283.868419,0.0
-50.0,50,4284.430691,0.0
-50.0,50,4284.984435,0.0
-50.0,50,4285.535965,0.0
-50.0,50,4286.087085,0.0
-50.0,50,4286.647097,0.0
-50.0,50,4287.200975,0.0
-50.0,50,4287.753938,0.0
-50.0,50,4288.31307,0.0
-50.0,50,4288.876378,0.0
-50.0,50,4289.447659,0.0
-50.0,50,4289.999014,0.0
-50.0,50,4290.550951,0.0
-46.0,50,4291.131399,0.0
-50.0,50,4291.682575,0.0
-50.0,50,4292.238563,0.0
-50.0,50,4292.792344,0.0
-50.0,50,4293.35427,0.0
-50.0,50,4293.911482,0.0
-43.0,50,4294.47474,0.0
-50.0,50,4295.032425,0.0
-50.0,50,4295.604505,0.0
-50.0,50,4296.165048,0.0
-50.0,50,4296.726866,0.0
-50.0,50,4297.287555,0.0
-50.0,50,4297.864409,0.0
-50.0,50,4298.420377,0.0
-50.0,50,4298.993531,0.0
-50.0,50,4299.547329,0.0
-50.0,50,4300.115195,0.0
-50.0,50,4300.690274,0.0
-49.0,50,4301.252687,0.0
-50.0,50,4301.807459,0.0
-50.0,50,4302.377813,0.0
-50.0,50,4302.931265,0.0
-50.0,50,4303.483404,0.0
-50.0,50,4304.034156,0.0
-50.0,50,4304.593164,0.0
-50.0,50,4305.151475,0.0
-50.0,50,4305.703144,0.0
-50.0,50,4306.260771,0.0
-50.0,50,4306.826551,0.0
-50.0,50,4307.380688,0.0
-50.0,50,4307.944142,0.0
-50.0,50,4308.494086,0.0
-50.0,50,4309.057501,0.0
-50.0,50,4309.613397,0.0
-50.0,50,4310.175654,0.0
-50.0,50,4310.731942,0.0
-29.0,50,4311.310861,1.0
-50.0,50,4311.878314,0.0
-40.0,50,4312.445928,0.0
-50.0,50,4313.015,0.0
-50.0,50,4313.588141,0.0
-50.0,50,4314.15393,0.0
-50.0,50,4314.722041,0.0
-48.0,50,4315.285874,0.0
-50.0,50,4315.859894,0.0
-50.0,50,4316.417571,0.0
-50.0,50,4316.982845,0.0
-50.0,50,4317.550771,0.0
-41.0,50,4318.136131,0.0
-50.0,50,4318.706024,0.0
-50.0,50,4319.272129,0.0
-50.0,50,4319.839145,0.0
-50.0,50,4320.412447,0.0
-50.0,50,4320.976364,0.0
-50.0,50,4321.532412,0.0
0.0,50,4322.095312,1.0
-50.0,50,4322.675445,0.0
-50.0,50,4323.238199,0.0
-50.0,50,4323.799712,0.0
-50.0,50,4324.355604,0.0
-50.0,50,4324.927284,0.0
-50.0,50,4325.48615,0.0
-50.0,50,4326.048452,0.0
-50.0,50,4326.607493,0.0
-50.0,50,4327.175677,0.0
-50.0,50,4327.734782,0.0
-10.0,50,4328.31087,1.0
-50.0,50,4328.880612,0.0
-50.0,50,4329.452533,0.0
-50.0,50,4330.019038,0.0
-50.0,50,4330.581984,0.0
-50.0,50,4331.136348,0.0
-37.0,50,4331.71254,0.0
-47.0,50,4332.27854,0.0
-50.0,50,4332.83567,0.0
-50.0,50,4333.400475,0.0
-50.0,50,4333.967215,0.0
-50.0,50,4334.525865,0.0
-50.0,50,4335.084172,0.0
-50.0,50,4335.63725,0.0
-50.0,50,4336.207821,0.0
-50.0,50,4336.765467,0.0
-50.0,50,4337.322038,0.0
-50.0,50,4337.882744,0.0
-50.0,50,4338.455654,0.0
-35.0,50,4339.019545,1.0
0.0,50,4339.58381,1.0
-50.0,50,4340.151251,0.0
-50.0,50,4340.717572,0.0
-50.0,50,4341.28525,0.0
-50.0,50,4341.854947,0.0
-50.0,50,4342.421201,0.0
-50.0,50,4342.998292,0.0
-50.0,50,4343.568042,0.0
-41.0,50,4344.135885,0.0
-50.0,50,4344.705642,0.0
-50.0,50,4345.282708,0.0
-50.0,50,4345.841275,0.0
-50.0,50,4346.406982,0.0
-50.0,50,4346.977769,0.0
-50.0,50,4347.551356,0.0
-50.0,50,4348.115045,0.0
-47.0,50,4348.685796,0.0
-50.0,50,4349.246817,0.0
-50.0,50,4349.816044,0.0
-50.0,50,4350.377907,0.0
-22.0,50,4350.945991,0.0
0.0,50,4351.506197,1.0
-50.0,50,4352.080006,0.0
-50.0,50,4352.650613,0.0
-50.0,50,4353.17227,0.0
-50.0,50,4353.689599,0.0
-50.0,50,4354.213671,0.0
-50.0,50,4354.735278,0.0
-50.0,50,4355.749016,0.0
-45.0,50,4356.956382,0.0
-50.0,50,4358.176398,0.0
-50.0,50,4359.393631,0.0
-50.0,50,4360.667283,0.0
-50.0,50,4361.876249,0.0
-50.0,50,4363.094918,0.0
-50.0,50,4364.299209,0.0
-50.0,50,4365.497889,0.0
-50.0,50,4366.681219,0.0
-50.0,50,4367.871338,0.0
-50.0,50,4368.429221,0.0
-50.0,50,4368.995645,0.0
-50.0,50,4369.547349,0.0
-50.0,50,4370.111694,0.0
-50.0,50,4370.674472,0.0
-50.0,50,4371.240582,0.0
-50.0,50,4371.809111,0.0
-50.0,50,4374.714668,0.0
-50.0,50,4375.271465,0.0
-44.0,50,4375.842376,0.0
0.0,50,4376.411436,1.0
-50.0,50,4376.985791,0.0
-50.0,50,4377.54454,0.0
-50.0,50,4378.114341,0.0
-50.0,50,4378.671216,0.0
-50.0,50,4379.251366,0.0
-50.0,50,4379.808761,0.0
0.0,50,4380.377951,1.0
-15.0,50,4380.945415,0.0
-50.0,50,4381.519931,0.0
-50.0,50,4382.086873,0.0
-50.0,50,4382.651636,0.0
-29.0,50,4383.222035,0.0
-50.0,50,4383.797928,0.0
-50.0,50,4384.368015,0.0
-50.0,50,4384.933826,0.0
-50.0,50,4385.499218,0.0
-50.0,50,4386.074704,0.0
-44.0,50,4386.646177,0.0
-50.0,50,4387.215684,0.0
-50.0,50,4387.785441,0.0
-50.0,50,4388.365295,0.0
-50.0,50,4388.928299,0.0
0.0,50,4389.487773,1.0
-50.0,50,4390.052574,0.0
-50.0,50,4390.62887,0.0
-50.0,50,4391.193437,0.0
-50.0,50,4391.754296,0.0
-50.0,50,4392.315499,0.0
-50.0,50,4392.888111,0.0
-50.0,50,4393.456245,0.0
-50.0,50,4394.017015,0.0
-21.0,50,4394.578777,1.0
-50.0,50,4395.15099,0.0
-50.0,50,4395.716321,0.0
-50.0,50,4396.281977,0.0
-45.0,50,4396.851946,0.0
-50.0,50,4397.434682,0.0
-50.0,50,4397.996015,0.0
-50.0,50,4398.551755,0.0
-50.0,50,4399.117971,0.0
-50.0,50,4399.691139,0.0
-50.0,50,4400.262139,0.0
-50.0,50,4400.831365,0.0
-50.0,50,4401.399917,0.0
-50.0,50,4401.979672,0.0
-50.0,50,4402.547502,0.0
-50.0,50,4403.118652,0.0
-50.0,50,4403.686138,0.0
-50.0,50,4404.265881,0.0
-50.0,50,4404.839712,0.0
-50.0,50,4405.410141,0.0
-48.0,50,4405.984257,0.0
-50.0,50,4406.563937,0.0
-50.0,50,4407.13613,0.0
-50.0,50,4407.707265,0.0
-50.0,50,4408.280132,0.0
0.0,50,4408.857635,1.0
-50.0,50,4409.428587,0.0
-50.0,50,4409.995507,0.0
-50.0,50,4410.563572,0.0
0.0,50,4411.141731,1.0
-35.0,50,4411.713604,0.0
-50.0,50,4412.284149,0.0
-50.0,50,4412.856267,0.0
-50.0,50,4413.43316,0.0
-50.0,50,4414.002575,0.0
-50.0,50,4414.562805,0.0
-50.0,50,4415.130527,0.0
-50.0,50,4415.708524,0.0
-41.0,50,4416.277487,1.0
-50.0,50,4416.846863,0.0
-50.0,50,4417.410901,0.0
-50.0,50,4417.986807,0.0
-50.0,50,4418.568203,0.0
-50.0,50,4419.134211,0.0
-45.0,50,4419.702279,0.0
-50.0,50,4420.277935,0.0
-50.0,50,4420.844361,0.0
-50.0,50,4421.410582,0.0
-50.0,50,4421.975816,0.0
-50.0,50,4422.548088,0.0
-50.0,50,4423.119354,0.0
-22.0,50,4423.681217,1.0
-50.0,50,4424.241176,0.0
-50.0,50,4424.81032,0.0
-50.0,50,4425.377057,0.0
-50.0,50,4425.942519,0.0
-50.0,50,4426.507061,0.0
0.0,50,4427.084818,1.0
-50.0,50,4427.653269,0.0
-50.0,50,4428.220873,0.0
-50.0,50,4428.787756,0.0
-50.0,50,4429.371199,0.0
-40.0,50,4429.937945,0.0
-50.0,50,4430.501046,0.0
-50.0,50,4431.069502,0.0
-50.0,50,4431.642844,0.0
-50.0,50,4432.206447,0.0
-50.0,50,4432.772978,0.0
-50.0,50,4433.333473,0.0
-50.0,50,4433.905808,0.0
-50.0,50,4434.460814,0.0
-50.0,50,4435.02334,0.0
-50.0,50,4435.576964,0.0
-50.0,50,4436.150906,0.0
-50.0,50,4436.711801,0.0
-50.0,50,4437.27739,0.0
-50.0,50,4437.839319,0.0
-50.0,50,4438.414865,0.0
-50.0,50,4438.98593,0.0
-50.0,50,4439.548098,0.0
-7.0,50,4440.114872,0.0
-50.0,50,4440.684156,0.0
-50.0,50,4441.247293,0.0
-50.0,50,4441.803013,0.0
-50.0,50,4442.376477,0.0
-44.0,50,4442.950047,0.0
-50.0,50,4443.511758,0.0
0.0,50,4444.078279,1.0
-50.0,50,4444.647028,0.0
-50.0,50,4445.216785,0.0
-50.0,50,4445.778544,0.0
-50.0,50,4446.347252,0.0
-50.0,50,4446.91571,0.0
-43.0,50,4447.493757,0.0
-50.0,50,4448.060826,0.0
-50.0,50,4448.641522,0.0
-50.0,50,4449.210862,0.0
-50.0,50,4449.786333,0.0
-50.0,50,4450.348851,0.0
-45.0,50,4450.916428,0.0
-50.0,50,4451.465085,0.0
-50.0,50,4451.995198,0.0
-50.0,50,4452.515973,0.0
-50.0,50,4453.035037,0.0
-50.0,50,4453.958399,0.0
-50.0,50,4455.180651,0.0
-50.0,50,4456.384043,0.0
-50.0,50,4457.581393,0.0
-3.0,50,4458.836605,1.0
-50.0,50,4460.093196,0.0
-50.0,50,4461.285864,0.0
-50.0,50,4462.470673,0.0
-50.0,50,4463.670674,0.0
-50.0,50,4464.875915,0.0
-50.0,50,4466.077144,0.0
-50.0,50,4467.278545,0.0
-50.0,50,4468.484033,0.0
-50.0,50,4469.699507,0.0
-50.0,50,4470.892325,0.0
-50.0,50,4472.099892,0.0
-45.0,50,4473.309295,0.0
-50.0,50,4474.518083,0.0
-50.0,50,4475.733793,0.0
-50.0,50,4476.928579,0.0
-50.0,50,4478.128872,0.0
-50.0,50,4479.365988,0.0
-22.0,50,4480.588159,1.0
-50.0,50,4481.813877,0.0
-50.0,50,4483.028897,0.0
-15.0,50,4484.26678,1.0
-50.0,50,4485.464803,0.0
-50.0,50,4486.6727,0.0
-21.0,50,4487.8784,1.0
-50.0,50,4489.085025,0.0
-19.0,50,4490.299981,1.0
-50.0,50,4491.517527,0.0
-50.0,50,4492.745749,0.0
-42.0,50,4493.993338,0.0
-42.0,50,4495.215941,0.0
-50.0,50,4496.42245,0.0
-50.0,50,4497.615449,0.0
-50.0,50,4498.824487,0.0
-50.0,50,4500.011895,0.0
-34.0,50,4501.216382,0.0
-50.0,50,4502.410964,0.0
-50.0,50,4503.386887,0.0
-50.0,50,4503.954256,0.0
-50.0,50,4504.5154,0.0
-46.0,50,4505.080875,0.0
-50.0,50,4505.647956,0.0
-50.0,50,4506.213057,0.0
-50.0,50,4506.772096,0.0
-50.0,50,4507.338091,0.0
-50.0,50,4507.912589,0.0
-50.0,50,4508.476581,0.0
-50.0,50,4509.045536,0.0
-50.0,50,4509.623807,0.0
-50.0,50,4510.195992,0.0
-50.0,50,4510.756927,0.0
-50.0,50,4511.319423,0.0
-50.0,50,4511.882192,0.0
-50.0,50,4512.456863,0.0
-50.0,50,4513.017812,0.0
-50.0,50,4513.57627,0.0
-50.0,50,4514.138593,0.0
-50.0,50,4517.153274,0.0
-50.0,50,4517.712335,0.0
-50.0,50,4518.276778,0.0
0.0,50,4518.83924,1.0
-50.0,50,4519.415663,0.0
-50.0,50,4519.985318,0.0
-50.0,50,4520.545654,0.0
-50.0,50,4521.10721,0.0
-50.0,50,4521.681924,0.0
-26.0,50,4522.248691,1.0
-50.0,50,4522.811907,0.0
-48.0,50,4523.376071,0.0
-45.0,50,4523.948056,1.0
-40.0,50,4524.503252,0.0
-50.0,50,4525.054278,0.0
-50.0,50,4525.606111,0.0
0.0,50,4526.171599,1.0
-50.0,50,4526.737837,0.0
-50.0,50,4527.298247,0.0
-50.0,50,4527.847235,0.0
-50.0,50,4528.434648,0.0
-50.0,50,4528.99846,0.0
-50.0,50,4529.563486,0.0
-50.0,50,4530.122352,0.0
-50.0,50,4530.690899,0.0
-50.0,50,4531.247505,0.0
-50.0,50,4531.799863,0.0
-50.0,50,4532.35435,0.0
-50.0,50,4532.92478,0.0
-50.0,50,4533.485056,0.0
-50.0,50,4534.044935,0.0
-50.0,50,4534.606529,0.0
-50.0,50,4535.172071,0.0
-50.0,50,4535.731858,0.0
-50.0,50,4536.290262,0.0
-50.0,50,4536.840964,0.0
-50.0,50,4537.413566,0.0
-50.0,50,4537.97568,0.0
-50.0,50,4538.547203,0.0
-50.0,50,4539.099142,0.0
-50.0,50,4539.675445,0.0
-50.0,50,4540.242407,0.0
-50.0,50,4540.80119,0.0
-50.0,50,4541.370525,0.0
-50.0,50,4541.947791,0.0
-50.0,50,4542.513885,0.0
-17.0,50,4543.081383,1.0
-50.0,50,4543.65024,0.0
-50.0,50,4544.224301,0.0
-13.0,50,4544.793528,0.0
-50.0,50,4545.35926,0.0
-45.0,50,4545.917424,0.0
-50.0,50,4546.491426,0.0
-50.0,50,4547.054197,0.0
-50.0,50,4547.619923,0.0
-50.0,50,4548.185708,0.0
-50.0,50,4548.75879,0.0
-40.0,50,4549.325408,0.0
-50.0,50,4549.891752,0.0
-50.0,50,4550.454899,0.0
-37.0,50,4551.027884,0.0
-50.0,50,4551.581965,0.0
-50.0,50,4552.13823,0.0
0.0,50,4552.699888,1.0
-50.0,50,4553.271044,0.0
-50.0,50,4553.834935,0.0
-50.0,50,4554.387069,0.0
-50.0,50,4554.945406,0.0
-50.0,50,4555.519025,0.0
-50.0,50,4556.090911,0.0
-50.0,50,4556.656041,0.0
-50.0,50,4557.226289,0.0
-50.0,50,4557.806068,0.0
-50.0,50,4558.373464,0.0
-50.0,50,4558.947258,0.0
-32.0,50,4559.52319,1.0
-50.0,50,4560.103559,0.0
-50.0,50,4560.671416,0.0
-21.0,50,4561.245239,1.0
-50.0,50,4561.814494,0.0
-50.0,50,4562.393691,0.0
-21.0,50,4562.955231,1.0
-49.0,50,4563.525336,0.0
-22.0,50,4564.090071,1.0
-50.0,50,4564.661572,0.0
0.0,50,4565.22988,1.0
0.0,50,4565.800184,1.0
-50.0,50,4566.364239,0.0
-50.0,50,4566.939608,0.0
-44.0,50,4567.505623,0.0
-50.0,50,4568.078923,0.0
-50.0,50,4568.664928,0.0
-50.0,50,4569.243505,0.0
-50.0,50,4569.827466,0.0
-50.0,50,4570.404673,0.0
-50.0,50,4570.977629,0.0
-50.0,50,4571.56612,0.0
-50.0,50,4572.14228,0.0
-50.0,50,4572.705519,0.0
-42.0,50,4573.275574,0.0
-50.0,50,4573.854232,0.0
-50.0,50,4574.420439,0.0
-50.0,50,4574.991214,0.0
-50.0,50,4575.561616,0.0
0.0,50,4576.139524,1.0
-50.0,50,4576.711869,0.0
-50.0,50,4577.285306,0.0
-50.0,50,4577.865685,0.0
-50.0,50,4578.448251,0.0
0.0,50,4579.020197,1.0
-50.0,50,4579.595197,0.0
-50.0,50,4580.16462,0.0
-50.0,50,4580.748751,0.0
-50.0,50,4581.319617,0.0
-50.0,50,4581.892201,0.0
-50.0,50,4582.457618,0.0
-50.0,50,4583.036623,0.0
-37.0,50,4583.601543,1.0
-50.0,50,4584.165574,0.0
-49.0,50,4584.736285,1.0
0.0,50,4585.306569,1.0
-50.0,50,4585.868835,0.0
-17.0,50,4586.436323,1.0
-50.0,50,4586.994771,0.0
-50.0,50,4587.571308,0.0
-50.0,50,4588.145991,0.0
-50.0,50,4588.713389,0.0
-39.0,50,4589.291844,0.0
-50.0,50,4589.867983,0.0
-50.0,50,4590.436519,0.0
-50.0,50,4590.999171,0.0
-50.0,50,4591.56737,0.0
-50.0,50,4592.147726,0.0
-50.0,50,4592.716281,0.0
-50.0,50,4593.284745,0.0
0.0,50,4593.847363,1.0
0.0,50,4594.421229,1.0
-50.0,50,4594.978097,0.0
-50.0,50,4595.538749,0.0
-50.0,50,4596.103373,0.0
0.0,50,4596.677742,1.0
-50.0,50,4597.244226,0.0
-50.0,50,4597.809821,0.0
-50.0,50,4598.379589,0.0
-50.0,50,4598.962805,0.0
-50.0,50,4599.526833,0.0
-50.0,50,4600.092163,0.0
-50.0,50,4600.659605,0.0
-50.0,50,4601.234855,0.0
0.0,50,4601.796537,1.0
-50.0,50,4602.362823,0.0
-50.0,50,4602.927253,0.0
-46.0,50,4603.505812,0.0
-19.0,50,4604.073354,1.0
-50.0,50,4604.632368,0.0
-50.0,50,4605.195623,0.0
-50.0,50,4605.768365,0.0
0.0,50,4606.33164,1.0
-50.0,50,4606.895578,0.0
-50.0,50,4607.459642,0.0
-50.0,50,4608.037206,0.0
-50.0,50,4608.601849,0.0
-50.0,50,4609.163315,0.0
-50.0,50,4609.721538,0.0
-41.0,50,4610.298246,0.0
0.0,50,4610.869022,1.0
-50.0,50,4611.43538,0.0
-50.0,50,4612.00067,0.0
-50.0,50,4612.579006,0.0
-50.0,50,4613.142347,0.0
-50.0,50,4613.706549,0.0
-50.0,50,4614.268725,0.0
-50.0,50,4614.848992,0.0
-50.0,50,4615.420126,0.0
-50.0,50,4615.988221,0.0
-50.0,50,4616.54599,0.0
-50.0,50,4617.125083,0.0
-50.0,50,4617.695029,0.0
-50.0,50,4618.262742,0.0
-50.0,50,4618.831375,0.0
-21.0,50,4619.409619,0.0
-50.0,50,4619.975206,0.0
-50.0,50,4620.540165,0.0
-50.0,50,4621.103628,0.0
-18.0,50,4621.687943,0.0
-50.0,50,4622.26167,0.0
-50.0,50,4622.829194,0.0
-47.0,50,4623.402988,0.0
-50.0,50,4623.977353,0.0
-3.0,50,4624.54858,1.0
-50.0,50,4625.117299,0.0
-16.0,50,4625.687539,1.0
-50.0,50,4626.26437,0.0
-50.0,50,4626.832055,0.0
-50.0,50,4627.401621,0.0
-50.0,50,4627.971854,0.0
-37.0,50,4628.563071,0.0
-50.0,50,4629.137821,0.0
-25.0,50,4629.710468,1.0
-43.0,50,4630.274099,0.0
-50.0,50,4633.207742,0.0
-50.0,50,4633.772264,0.0
-48.0,50,4634.336174,0.0
-45.0,50,4634.898898,0.0
-31.0,50,4635.472955,1.0
-50.0,50,4636.034134,0.0
-50.0,50,4636.588325,0.0
-50.0,50,4637.149606,0.0
-50.0,50,4637.713216,0.0
-50.0,50,4638.268568,0.0
-50.0,50,4638.828446,0.0
-50.0,50,4639.389508,0.0
-50.0,50,4639.952111,0.0
-50.0,50,4640.517569,0.0
-50.0,50,4641.087532,0.0
-50.0,50,4641.659674,0.0
-50.0,50,4642.233785,0.0
-50.0,50,4642.800461,0.0
0.0,50,4643.367714,1.0
-50.0,50,4643.936447,0.0
0.0,50,4644.512907,1.0
-50.0,50,4645.080677,0.0
-50.0,50,4645.653667,0.0
-50.0,50,4646.225498,0.0
-50.0,50,4646.803454,0.0
-40.0,50,4647.375046,0.0
-50.0,50,4647.943752,0.0
-50.0,50,4648.510599,0.0
-50.0,50,4649.091341,0.0
-50.0,50,4649.668768,0.0
-50.0,50,4650.239497,0.0
-45.0,50,4650.813021,0.0
-50.0,50,4651.397807,0.0
-50.0,50,4651.975135,0.0
0.0,50,4652.54285,1.0
-50.0,50,4653.108758,0.0
-50.0,50,4653.685609,0.0
-50.0,50,4654.254529,0.0
-50.0,50,4654.819633,0.0
-38.0,50,4655.384914,0.0
-42.0,50,4655.957429,0.0
-50.0,50,4656.530942,0.0
-50.0,50,4657.09703,0.0
-50.0,50,4657.663615,0.0
-50.0,50,4658.240917,0.0
-50.0,50,4658.8191,0.0
-50.0,50,4659.385427,0.0
-50.0,50,4659.953503,0.0
-50.0,50,4660.524029,0.0
-50.0,50,4661.089839,0.0
-50.0,50,4661.653917,0.0
-50.0,50,4662.217017,0.0
-50.0,50,4662.789197,0.0
-50.0,50,4663.342345,0.0
-50.0,50,4663.899848,0.0
-50.0,50,4664.481136,0.0
-50.0,50,4665.052653,0.0
-50.0,50,4665.618944,0.0
-50.0,50,4666.180865,0.0
-50.0,50,4666.750752,0.0
-50.0,50,4667.326161,0.0
-50.0,50,4667.89176,0.0
-50.0,50,4668.448871,0.0
-50.0,50,4669.004428,0.0
-40.0,50,4669.572822,1.0
-48.0,50,4670.13155,0.0
-50.0,50,4670.691351,0.0
-50.0,50,4671.260632,0.0
-50.0,50,4671.830242,0.0
-49.0,50,4672.389207,0.0
-50.0,50,4672.942112,0.0
-48.0,50,4673.50125,0.0
-50.0,50,4674.067087,0.0
-50.0,50,4674.629001,0.0
-50.0,50,4675.204414,0.0
-42.0,50,4675.765454,0.0
-49.0,50,4676.32465,0.0
-23.0,50,4676.874255,1.0
-50.0,50,4677.42667,0.0
-50.0,50,4677.976466,0.0
-50.0,50,4678.552153,0.0
-50.0,50,4679.116302,0.0
-50.0,50,4679.673394,0.0
-50.0,50,4680.23709,0.0
-31.0,50,4680.811449,0.0
-50.0,50,4681.371743,0.0
-50.0,50,4681.928782,0.0
0.0,50,4682.492696,1.0
-19.0,50,4683.068042,1.0
-50.0,50,4683.651128,0.0
-43.0,50,4684.219856,1.0
-50.0,50,4684.785817,0.0
-50.0,50,4685.359373,0.0
-50.0,50,4685.924014,0.0
-50.0,50,4686.487142,0.0
-17.0,50,4687.054765,1.0
-50.0,50,4687.630878,0.0
-50.0,50,4688.196734,0.0
-50.0,50,4688.770122,0.0
-50.0,50,4689.327783,0.0
-50.0,50,4689.900845,0.0
-50.0,50,4690.468072,0.0
-36.0,50,4691.036507,0.0
-50.0,50,4691.605556,0.0
-50.0,50,4692.182916,0.0
-50.0,50,4692.750662,0.0
-50.0,50,4693.318332,0.0
-16.0,50,4693.887897,1.0
-49.0,50,4694.468626,0.0
-50.0,50,4695.038682,0.0
-50.0,50,4695.607625,0.0
-50.0,50,4696.175749,0.0
-50.0,50,4696.749252,0.0
-50.0,50,4697.316662,0.0
-50.0,50,4697.883016,0.0
-50.0,50,4698.447551,0.0
-42.0,50,4699.019964,0.0
-50.0,50,4699.583851,0.0
-50.0,50,4700.140074,0.0
-50.0,50,4700.695753,0.0
-50.0,50,4701.255985,0.0
-50.0,50,4701.807258,0.0
-50.0,50,4702.358721,0.0
-50.0,50,4702.913174,0.0
-50.0,50,4703.506889,0.0
-50.0,50,4704.063839,0.0
-37.0,50,4704.620779,1.0
-50.0,50,4705.165325,0.0
-50.0,50,4705.733577,0.0
-49.0,50,4706.291126,0.0
-50.0,50,4706.846967,0.0
-50.0,50,4707.398691,0.0
-50.0,50,4707.958636,0.0
-50.0,50,4708.508433,0.0
0.0,50,4709.065852,1.0
-32.0,50,4709.621822,1.0
-50.0,50,4710.183092,0.0
-50.0,50,4710.733892,0.0
-50.0,50,4711.286702,0.0
-50.0,50,4711.837845,0.0
-50.0,50,4712.40727,0.0
-50.0,50,4712.964192,0.0
-50.0,50,4713.528336,0.0
-50.0,50,4714.081696,0.0
-50.0,50,4714.642822,0.0
-50.0,50,4715.197161,0.0
-50.0,50,4715.753541,0.0
-50.0,50,4716.31077,0.0
-50.0,50,4716.873957,0.0
-50.0,50,4717.426216,0.0
-50.0,50,4717.987248,0.0
-50.0,50,4718.548275,0.0
-50.0,50,4719.123175,0.0
-50.0,50,4719.689542,0.0
-50.0,50,4720.244877,0.0
-30.0,50,4720.800169,1.0
-50.0,50,4721.362129,0.0
-50.0,50,4721.919732,0.0
-50.0,50,4722.484543,0.0
-50.0,50,4723.038347,0.0
-50.0,50,4723.606006,0.0
-50.0,50,4724.16116,0.0
-42.0,50,4724.723916,0.0
-24.0,50,4725.285313,1.0
-50.0,50,4725.857074,0.0
-50.0,50,4726.425458,0.0
-50.0,50,4726.990997,0.0
-50.0,50,4727.558899,0.0
-50.0,50,4728.148124,0.0
0.0,50,4728.716636,1.0
-49.0,50,4729.284978,1.0
-50.0,50,4729.847197,0.0
-50.0,50,4730.417999,0.0
0.0,50,4730.973043,1.0
-50.0,50,4731.53451,0.0
-50.0,50,4732.093198,0.0
-50.0,50,4732.668014,0.0
-20.0,50,4733.22934,1.0
-50.0,50,4733.800369,0.0
-50.0,50,4734.366421,0.0
-50.0,50,4734.9356,0.0
-50.0,50,4735.509427,0.0
-50.0,50,4736.066358,0.0
0.0,50,4736.629198,1.0
0.0,50,4737.200938,1.0
-50.0,50,4737.756814,0.0
-15.0,50,4738.326785,1.0
-50.0,50,4738.887857,0.0
-50.0,50,4739.453035,0.0
-50.0,50,4740.012159,0.0
-38.0,50,4740.575799,1.0
-50.0,50,4741.13845,0.0
-50.0,50,4741.707812,0.0
-50.0,50,4742.261753,0.0
-50.0,50,4742.821858,0.0
-50.0,50,4743.384387,0.0
-50.0,50,4743.958388,0.0
-24.0,50,4744.524742,1.0
-50.0,50,4745.086254,0.0
-50.0,50,4745.648118,0.0
-10.0,50,4748.633288,1.0
-50.0,50,4749.194625,0.0
-50.0,50,4749.765875,0.0
-50.0,50,4750.329075,0.0
-50.0,50,4750.898547,0.0
0.0,50,4751.458713,1.0
-50.0,50,4752.020818,0.0
-50.0,50,4752.577222,0.0
-50.0,50,4753.145275,0.0
-22.0,50,4753.708174,1.0
0.0,50,4754.268092,1.0
-50.0,50,4754.826069,0.0
-35.0,50,4755.396597,0.0
-50.0,50,4755.956453,0.0
-50.0,50,4756.517141,0.0
-50.0,50,4757.072962,0.0
-50.0,50,4757.641282,0.0
-50.0,50,4758.199628,0.0
-50.0,50,4758.764127,0.0
-50.0,50,4759.321923,0.0
-45.0,50,4759.89794,1.0
-50.0,50,4760.465248,0.0
-50.0,50,4761.016768,0.0
-50.0,50,4761.582506,0.0
-50.0,50,4762.157902,0.0
-50.0,50,4762.715698,0.0
-50.0,50,4763.279257,0.0
-50.0,50,4763.837909,0.0
-42.0,50,4764.410655,0.0
-50.0,50,4764.972429,0.0
-40.0,50,4765.536328,0.0
-50.0,50,4766.096946,0.0
-50.0,50,4766.669126,0.0
-50.0,50,4767.231862,0.0
-50.0,50,4767.794286,0.0
-50.0,50,4768.356538,0.0
-50.0,50,4768.938958,0.0
-50.0,50,4769.502231,0.0
-50.0,50,4770.067368,0.0
-40.0,50,4770.626918,0.0
-50.0,50,4771.200226,0.0
0.0,50,4771.75853,1.0
-50.0,50,4772.323745,0.0
-50.0,50,4772.886504,0.0
0.0,50,4773.456954,1.0
-50.0,50,4774.032087,0.0
-50.0,50,4774.591752,0.0
-28.0,50,4775.159397,1.0
-50.0,50,4775.729716,0.0
-50.0,50,4776.286176,0.0
-41.0,50,4776.848299,0.0
-50.0,50,4777.414205,0.0
-50.0,50,4777.985994,0.0
-50.0,50,4778.557341,0.0
-50.0,50,4779.119287,0.0
-50.0,50,4779.675027,0.0
-50.0,50,4780.242799,0.0
-50.0,50,4780.799044,0.0
-50.0,50,4781.375252,0.0
-50.0,50,4781.931889,0.0
-50.0,50,4782.506096,0.0
-50.0,50,4783.06706,0.0
-50.0,50,4783.630172,0.0
-50.0,50,4784.189806,0.0
-50.0,50,4784.7595,0.0
-50.0,50,4785.321193,0.0
-50.0,50,4785.879391,0.0
-15.0,50,4786.443485,1.0
-50.0,50,4787.01743,0.0
-50.0,50,4787.580533,0.0
-28.0,50,4788.152577,1.0
-46.0,50,4788.720349,0.0
-50.0,50,4789.29582,0.0
-32.0,50,4789.855152,1.0
-50.0,50,4790.4076,0.0
-50.0,50,4790.966276,0.0
-50.0,50,4791.541453,0.0
-50.0,50,4792.113131,0.0
-50.0,50,4792.681892,0.0
-50.0,50,4793.24599,0.0
-50.0,50,4793.818924,0.0
-50.0,50,4794.376236,0.0
-36.0,50,4794.94478,1.0
-50.0,50,4795.505371,0.0
0.0,50,4796.078802,1.0
-46.0,50,4796.639107,0.0
-50.0,50,4797.20146,0.0
-44.0,50,4797.765311,0.0
-50.0,50,4798.343886,0.0
-47.0,50,4798.914676,0.0
-50.0,50,4799.484448,0.0
0.0,50,4800.050688,1.0
-50.0,50,4800.625479,0.0
0.0,50,4801.185574,1.0
-50.0,50,4801.747314,0.0
-50.0,50,4802.313658,0.0
-31.0,50,4802.892046,0.0
-50.0,50,4803.456024,0.0
-50.0,50,4804.01539,0.0
-45.0,50,4804.582321,0.0
-49.0,50,4805.157046,0.0
-50.0,50,4805.722746,0.0
-50.0,50,4806.288728,0.0
-50.0,50,4806.841069,0.0
0.0,50,4807.414887,1.0
-50.0,50,4807.984844,0.0
-31.0,50,4808.564507,1.0
-50.0,50,4809.130352,0.0
-50.0,50,4809.708025,0.0
-50.0,50,4810.260757,0.0
-50.0,50,4810.821434,0.0
-50.0,50,4811.384819,0.0
-50.0,50,4811.960899,0.0
-40.0,50,4812.529851,1.0
-50.0,50,4813.093745,0.0
-50.0,50,4813.661519,0.0
-50.0,50,4814.233659,0.0
-50.0,50,4814.793678,0.0
-50.0,50,4815.356186,0.0
-50.0,50,4815.918827,0.0
-50.0,50,4816.495665,0.0
-20.0,50,4817.06091,1.0
-50.0,50,4817.614449,0.0
-40.0,50,4818.181445,1.0
0.0,50,4818.763995,1.0
0.0,50,4819.328071,1.0
-50.0,50,4819.910241,0.0
-50.0,50,4820.469956,0.0
-50.0,50,4821.038725,0.0
-50.0,50,4821.60106,0.0
-50.0,50,4822.161502,0.0
-35.0,50,4822.723699,0.0
-50.0,50,4823.297045,0.0
-40.0,50,4823.856173,1.0
-50.0,50,4824.413974,0.0
-50.0,50,4824.976024,0.0
-50.0,50,4825.543439,0.0
-50.0,50,4826.101939,0.0
-50.0,50,4826.66045,0.0
-50.0,50,4827.210943,0.0
-50.0,50,4827.77818,0.0
-50.0,50,4828.332004,0.0
-50.0,50,4828.882946,0.0
-50.0,50,4829.43723,0.0
-50.0,50,4830.006954,0.0
-2.0,50,4830.565457,1.0
-43.0,50,4831.128061,0.0
-50.0,50,4831.688359,0.0
-34.0,50,4832.256488,0.0
-20.0,50,4832.814868,1.0
-50.0,50,4833.369591,0.0
-50.0,50,4833.929527,0.0
-50.0,50,4834.502015,0.0
-50.0,50,4835.062496,0.0
-50.0,50,4835.621638,0.0
-39.0,50,4836.184763,0.0
-50.0,50,4836.75759,0.0
-50.0,50,4837.320385,0.0
-50.0,50,4837.878353,0.0
-50.0,50,4838.437469,0.0
-13.0,50,4839.019343,1.0
-40.0,50,4839.581233,1.0
-47.0,50,4840.144152,0.0
-50.0,50,4840.702487,0.0
-50.0,50,4841.267032,0.0
-50.0,50,4841.825419,0.0
-50.0,50,4842.387398,0.0
-50.0,50,4842.951778,0.0
-40.0,50,4843.529253,1.0
-50.0,50,4844.103774,0.0
0.0,50,4844.669146,1.0
-50.0,50,4845.228035,0.0
-50.0,50,4845.804125,0.0
-43.0,50,4846.370813,0.0
-50.0,50,4846.940281,0.0
-50.0,50,4847.508477,0.0
-50.0,50,4848.083917,0.0
-50.0,50,4848.639209,0.0
-50.0,50,4849.204332,0.0
-50.0,50,4849.76618,0.0
-39.0,50,4850.340195,1.0
-14.0,50,4850.901898,1.0
0.0,50,4851.466281,1.0
-50.0,50,4852.030171,0.0
-50.0,50,4852.603162,0.0
-50.0,50,4853.169223,0.0
-50.0,50,4853.733305,0.0
-13.0,50,4854.292033,1.0
-21.0,50,4854.856648,1.0
-50.0,50,4855.420682,0.0
-50.0,50,4855.98365,0.0
-50.0,50,4856.557659,0.0
-50.0,50,4857.123987,0.0
-50.0,50,4857.688796,0.0
-50.0,50,4858.259774,0.0
-50.0,50,4858.827592,0.0
-50.0,50,4859.395294,0.0
-50.0,50,4859.947629,0.0
0.0,50,4860.504497,1.0
-50.0,50,4861.077441,0.0
-47.0,50,4864.057323,1.0
-50.0,50,4864.619686,0.0
-50.0,50,4865.187163,0.0
-15.0,50,4865.75346,1.0
-50.0,50,4866.326221,0.0
-50.0,50,4866.907769,0.0
-50.0,50,4867.472655,0.0
-50.0,50,4868.039259,0.0
-50.0,50,4868.621588,0.0
-50.0,50,4869.187759,0.0
-50.0,50,4869.762701,0.0
-30.0,50,4870.336269,0.0
-50.0,50,4870.904089,0.0
-49.0,50,4871.478663,0.0
-50.0,50,4872.040979,0.0
-50.0,50,4872.610361,0.0
-50.0,50,4873.187043,0.0
-50.0,50,4873.743596,0.0
-50.0,50,4874.305661,0.0
-50.0,50,4874.869282,0.0
-50.0,50,4875.442834,0.0
-50.0,50,4876.010117,0.0
-47.0,50,4876.578433,1.0
-50.0,50,4877.144082,0.0
-50.0,50,4877.713757,0.0
0.0,50,4878.27667,1.0
-50.0,50,4878.837626,0.0
-50.0,50,4879.394857,0.0
-50.0,50,4879.964584,0.0
-26.0,50,4880.526358,1.0
-49.0,50,4881.089459,0.0
-50.0,50,4881.665847,0.0
-50.0,50,4882.245242,0.0
-50.0,50,4882.816723,0.0
-19.0,50,4883.387791,1.0
-50.0,50,4883.951142,0.0
-50.0,50,4884.533265,0.0
-50.0,50,4885.100266,0.0
-15.0,50,4885.665894,1.0
-50.0,50,4886.234262,0.0
-50.0,50,4886.802912,0.0
-50.0,50,4887.371082,0.0
-50.0,50,4887.938974,0.0
-46.0,50,4888.507282,1.0
-42.0,50,4889.085825,1.0
-50.0,50,4889.656005,0.0
-50.0,50,4890.227723,0.0
-50.0,50,4890.80016,0.0
-50.0,50,4891.380711,0.0
-50.0,50,4891.949411,0.0
-50.0,50,4892.521515,0.0
-50.0,50,4893.094463,0.0
-50.0,50,4893.67064,0.0
-50.0,50,4894.238698,0.0
-50.0,50,4894.807295,0.0
-50.0,50,4895.37846,0.0
-50.0,50,4895.95395,0.0
-44.0,50,4896.522401,0.0
-50.0,50,4897.095012,0.0
-50.0,50,4897.663847,0.0
-6.0,50,4898.242077,1.0
-50.0,50,4898.821609,0.0
-50.0,50,4899.399225,0.0
-43.0,50,4899.964911,1.0
-50.0,50,4900.54354,0.0
-50.0,50,4901.114362,0.0
-50.0,50,4901.684196,0.0
-50.0,50,4902.249763,0.0
-50.0,50,4902.818115,0.0
-29.0,50,4903.374453,1.0
0.0,50,4903.9286,1.0
-50.0,50,4904.489381,0.0
-50.0,50,4905.06122,0.0
-50.0,50,4905.635901,0.0
-50.0,50,4906.20686,0.0
-32.0,50,4906.781095,1.0
-50.0,50,4907.354948,0.0
-50.0,50,4907.927864,0.0
-50.0,50,4908.492677,0.0
-50.0,50,4909.056687,0.0
-50.0,50,4909.626255,0.0
-50.0,50,4910.193509,0.0
-50.0,50,4910.763596,0.0
-50.0,50,4911.342488,0.0
-40.0,50,4911.921506,0.0
-8.0,50,4912.490901,1.0
-45.0,50,4913.06056,1.0
-50.0,50,4913.630168,0.0
-27.0,50,4914.209368,1.0
-44.0,50,4914.778717,0.0
-50.0,50,4915.342248,0.0
-50.0,50,4915.906801,0.0
-50.0,50,4916.476265,0.0
-50.0,50,4917.038435,0.0
-50.0,50,4917.604797,0.0
-50.0,50,4918.159392,0.0
-50.0,50,4918.741405,0.0
-50.0,50,4919.304897,0.0
-50.0,50,4919.873764,0.0
-50.0,50,4920.438434,0.0
-50.0,50,4921.014003,0.0
-50.0,50,4921.577652,0.0
-50.0,50,4922.142049,0.0
-34.0,50,4922.707365,1.0
0.0,50,4923.275293,1.0
-50.0,50,4923.842082,0.0
-50.0,50,4924.404063,0.0
-50.0,50,4924.969683,0.0
-50.0,50,4925.543896,0.0
-42.0,50,4926.113135,0.0
-50.0,50,4926.679502,0.0
-50.0,50,4927.242963,0.0
-50.0,50,4927.821834,0.0
-23.0,50,4928.393666,1.0
-45.0,50,4928.972044,0.0
-24.0,50,4929.541631,1.0
0.0,50,4930.114543,1.0
-50.0,50,4930.679657,0.0
-50.0,50,4931.243912,0.0
-12.0,50,4931.803991,1.0
-48.0,50,4932.378771,0.0
-50.0,50,4932.91416,0.0
-15.0,50,4933.435726,1.0
-27.0,50,4933.955615,1.0
-26.0,50,4934.484201,1.0
-50.0,50,4935.592977,0.0
-50.0,50,4936.792623,0.0
-50.0,50,4937.999724,0.0
-50.0,50,4939.202794,0.0
-50.0,50,4940.403237,0.0
-50.0,50,4941.594663,0.0
-50.0,50,4942.875665,0.0
-50.0,50,4944.057968,0.0
-50.0,50,4945.241962,0.0
-19.0,50,4946.433837,1.0
-22.0,50,4947.588307,1.0
-26.0,50,4948.158162,1.0
-50.0,50,4948.722833,0.0
-50.0,50,4949.288671,0.0
-50.0,50,4949.853028,0.0
-50.0,50,4950.426977,0.0
-50.0,50,4950.989456,0.0
-50.0,50,4951.553647,0.0
-50.0,50,4952.117476,0.0
-50.0,50,4952.691771,0.0
-50.0,50,4953.251677,0.0
0.0,50,4953.808791,1.0
-30.0,50,4954.367045,1.0
-50.0,50,4954.93912,0.0
-50.0,50,4955.497966,0.0
-50.0,50,4956.057806,0.0
-50.0,50,4956.617543,0.0
-50.0,50,4957.180587,0.0
-50.0,50,4957.740812,0.0
-50.0,50,4958.303563,0.0
-27.0,50,4958.877072,1.0
-50.0,50,4959.453298,0.0
-50.0,50,4960.018081,0.0
-50.0,50,4960.57794,0.0
-50.0,50,4961.140577,0.0
-50.0,50,4961.712499,0.0
-34.0,50,4962.27681,1.0
0.0,50,4962.841506,1.0
-38.0,50,4963.410483,1.0
-50.0,50,4963.984798,0.0
-50.0,50,4964.548972,0.0
-50.0,50,4965.108835,0.0
-50.0,50,4965.674023,0.0
-50.0,50,4966.249868,0.0
-50.0,50,4966.814951,0.0
-50.0,50,4967.378007,0.0
-50.0,50,4967.945259,0.0
-50.0,50,4968.519617,0.0
-50.0,50,4969.080931,0.0
-50.0,50,4969.643901,0.0
0.0,50,4970.205023,1.0
-50.0,50,4970.778573,0.0
-50.0,50,4971.343204,0.0
-50.0,50,4971.907041,0.0
-50.0,50,4972.468252,0.0
-50.0,50,4973.033302,0.0
-30.0,50,4973.589423,0.0
-50.0,50,4974.138153,0.0
-50.0,50,4974.698697,0.0
0.0,50,4975.267072,1.0
-47.0,50,4975.82536,0.0
-50.0,50,4976.383768,0.0
-50.0,50,4976.931478,0.0
-50.0,50,4977.503954,0.0
-50.0,50,4978.061603,0.0
-50.0,50,4978.620844,0.0
-50.0,50,4979.176755,0.0
-50.0,50,4979.738809,0.0
-50.0,50,4980.309387,0.0
-50.0,50,4980.867971,0.0
-50.0,50,4981.423861,0.0
0.0,50,4981.988779,1.0
-50.0,50,4982.549032,0.0
-21.0,50,4983.111539,1.0
-50.0,50,4983.670085,0.0
0.0,50,4986.610907,1.0
-50.0,50,4987.176295,0.0
-50.0,50,4987.734206,0.0
-50.0,50,4988.29809,0.0
0.0,50,4988.879285,1.0
-50.0,50,4989.444306,0.0
-50.0,50,4990.000264,0.0
-11.0,50,4990.556754,1.0
-50.0,50,4991.123991,0.0
0.0,50,4991.68089,1.0
-46.0,50,4992.243324,0.0
-50.0,50,4992.804727,0.0
-28.0,50,4993.372993,1.0
-50.0,50,4993.929873,0.0
-20.0,50,4994.486865,1.0
0.0,50,4995.04364,1.0
-37.0,50,4995.614741,1.0
-43.0,50,4996.179327,0.0
-50.0,50,4996.736842,0.0
-50.0,50,4997.297934,0.0
-50.0,50,4997.866986,0.0
-50.0,50,4998.431173,0.0
-50.0,50,4998.995737,0.0
-50.0,50,4999.56386,0.0
-50.0,50,5000.14023,0.0
-50.0,50,5000.709411,0.0
-50.0,50,5001.278401,0.0
-50.0,50,5001.844901,0.0
-8.0,50,5002.415939,1.0
-50.0,50,5002.983902,0.0
0.0,50,5003.549011,1.0
0.0,50,5004.115153,1.0
-49.0,50,5004.689278,0.0
-50.0,50,5005.256836,0.0
-48.0,50,5005.822459,0.0
-19.0,50,5006.387214,1.0
-50.0,50,5006.961095,0.0
-50.0,50,5007.529533,0.0
-50.0,50,5008.092584,0.0
-50.0,50,5008.659098,0.0
-50.0,50,5009.234282,0.0
-31.0,50,5009.800504,0.0
-43.0,50,5010.365855,0.0
-50.0,50,5010.929902,0.0
-50.0,50,5011.503534,0.0
-50.0,50,5012.061471,0.0
0.0,50,5012.614991,1.0
-50.0,50,5013.17587,0.0
-50.0,50,5013.748275,0.0
-50.0,50,5014.306815,0.0
-50.0,50,5014.870323,0.0
-50.0,50,5015.43243,0.0
-50.0,50,5016.010744,0.0
-50.0,50,5016.578989,0.0
-24.0,50,5017.141397,1.0
-50.0,50,5017.708266,0.0
-50.0,50,5018.278043,0.0
-50.0,50,5018.851425,0.0
-50.0,50,5019.417296,0.0
-35.0,50,5019.979648,1.0
-50.0,50,5020.550723,0.0
-50.0,50,5021.116006,0.0
-24.0,50,5021.682339,1.0
-50.0,50,5022.250353,0.0
-50.0,50,5022.817902,0.0
-50.0,50,5023.373931,0.0
-50.0,50,5023.930691,0.0
-50.0,50,5024.487348,0.0
-50.0,50,5025.057176,0.0
-50.0,50,5025.622366,0.0
-50.0,50,5026.186676,0.0
-50.0,50,5026.746921,0.0
-50.0,50,5027.316427,0.0
-50.0,50,5027.879474,0.0
-50.0,50,5028.445535,0.0
-50.0,50,5029.006132,0.0
-16.0,50,5029.572897,1.0
-50.0,50,5030.137229,0.0
-15.0,50,5030.703032,1.0
-50.0,50,5031.254481,0.0
-50.0,50,5031.796667,0.0
-50.0,50,5032.332542,0.0
-50.0,50,5032.857898,0.0
-50.0,50,5033.832241,0.0
-33.0,50,5035.04235,0.0
0.0,50,5036.233141,1.0
-50.0,50,5037.433047,0.0
-50.0,50,5038.682832,0.0
-50.0,50,5039.914734,0.0
-50.0,50,5041.104903,0.0
-50.0,50,5042.286855,0.0
-50.0,50,5043.498414,0.0
-50.0,50,5044.709711,0.0
-50.0,50,5045.931317,0.0
-41.0,50,5047.120474,0.0
0.0,50,5047.683293,1.0
-50.0,50,5048.259763,0.0
-50.0,50,5048.829548,0.0
0.0,50,5049.392424,1.0
0.0,50,5049.954161,1.0
-50.0,50,5050.52764,0.0
-50.0,50,5051.091116,0.0
-50.0,50,5051.647113,0.0
-50.0,50,5052.203066,0.0
-50.0,50,5052.772704,0.0
-50.0,50,5053.339118,0.0
-18.0,50,5053.903797,1.0
-50.0,50,5054.466077,0.0
-33.0,50,5055.039067,1.0
-50.0,50,5055.593145,0.0
-50.0,50,5056.156079,0.0
-50.0,50,5056.716722,0.0
-50.0,50,5057.284449,0.0
-50.0,50,5057.838826,0.0
-50.0,50,5058.40227,0.0
-50.0,50,5058.963117,0.0
0.0,50,5059.532099,1.0
0.0,50,5060.094352,1.0
-50.0,50,5060.66065,0.0
-50.0,50,5061.227357,0.0
-50.0,50,5061.806569,0.0
0.0,50,5062.367217,1.0
-50.0,50,5062.926205,0.0
-50.0,50,5063.494126,0.0
-50.0,50,5064.070627,0.0
-50.0,50,5064.640222,0.0
-19.0,50,5065.209766,1.0
-50.0,50,5065.777123,0.0
-25.0,50,5066.35191,1.0
-50.0,50,5066.915673,0.0
-50.0,50,5067.482024,0.0
-17.0,50,5068.050802,1.0
-50.0,50,5068.623585,0.0
-50.0,50,5069.182095,0.0
-3.0,50,5069.749082,1.0
-50.0,50,5070.309566,0.0
-50.0,50,5070.885949,0.0
-50.0,50,5071.44654,0.0
-50.0,50,5072.014075,0.0
-40.0,50,5072.584461,1.0
-50.0,50,5073.156111,0.0
-50.0,50,5073.727937,0.0
-50.0,50,5074.297152,0.0
-26.0,50,5074.864123,1.0
-24.0,50,5075.438151,1.0
-50.0,50,5076.019774,0.0
-50.0,50,5076.581435,0.0
-50.0,50,5077.148187,0.0
-50.0,50,5077.725344,0.0
-50.0,50,5078.286006,0.0
-50.0,50,5078.865584,0.0
-50.0,50,5079.438925,0.0
-32.0,50,5080.01719,1.0
-50.0,50,5080.579394,0.0
-50.0,50,5081.146653,0.0
-49.0,50,5081.711515,1.0
0.0,50,5082.284417,1.0
-50.0,50,5082.84822,0.0
-50.0,50,5083.416494,0.0
0.0,50,5083.983193,1.0
-50.0,50,5084.560216,0.0
-17.0,50,5085.123922,1.0
-50.0,50,5085.685714,0.0
-33.0,50,5086.25228,1.0
-50.0,50,5086.820861,0.0
-50.0,50,5087.376833,0.0
-50.0,50,5087.941349,0.0
0.0,50,5088.505157,1.0
-47.0,50,5089.08056,0.0
-50.0,50,5089.649559,0.0
-50.0,50,5090.219455,0.0
-30.0,50,5090.787572,1.0
-24.0,50,5091.367039,1.0
-50.0,50,5091.933988,0.0
0.0,50,5092.497761,1.0
-50.0,50,5093.063258,0.0
-50.0,50,5093.63728,0.0
-39.0,50,5094.205622,1.0
-50.0,50,5094.773531,0.0
-50.0,50,5095.327173,0.0
0.0,50,5095.898468,1.0
-50.0,50,5096.46493,0.0
-50.0,50,5097.032941,0.0
-50.0,50,5097.599725,0.0
-50.0,50,5098.176754,0.0
-50.0,50,5098.740043,0.0
-50.0,50,5099.305138,0.0
-27.0,50,5099.870656,1.0
-36.0,50,5100.449293,1.0
-50.0,50,5101.002174,0.0
-50.0,50,5101.569462,0.0
-50.0,50,5102.131588,0.0
-50.0,50,5102.70746,0.0
-50.0,50,5103.265538,0.0
-50.0,50,5103.825137,0.0
-40.0,50,5104.380203,1.0
-27.0,50,5104.943272,1.0
-17.0,50,5105.497249,1.0
-50.0,50,5106.051888,0.0
-50.0,50,5106.612637,0.0
-50.0,50,5109.561996,0.0
-50.0,50,5110.117327,0.0
-50.0,50,5110.677582,0.0
-50.0,50,5111.230757,0.0
-50.0,50,5111.791919,0.0
-35.0,50,5112.350008,1.0
-50.0,50,5112.906458,0.0
-48.0,50,5113.464911,0.0
-46.0,50,5114.030429,1.0
-50.0,50,5114.58797,0.0
-50.0,50,5115.154693,0.0
-50.0,50,5115.720744,0.0
-50.0,50,5116.282206,0.0
-50.0,50,5116.833811,0.0
-23.0,50,5117.396354,1.0
0.0,50,5117.958065,1.0
-23.0,50,5118.535695,1.0
-18.0,50,5119.098624,1.0
-50.0,50,5119.670851,0.0
-50.0,50,5120.232445,0.0
-50.0,50,5120.80747,0.0
-32.0,50,5121.375823,1.0
-50.0,50,5121.941573,0.0
-41.0,50,5122.503187,1.0
-50.0,50,5123.076063,0.0
-16.0,50,5123.641353,1.0
-50.0,50,5124.208932,0.0
-50.0,50,5124.776872,0.0
-19.0,50,5125.352745,1.0
-50.0,50,5125.9158,0.0
0.0,50,5126.481466,1.0
-50.0,50,5127.045331,0.0
-50.0,50,5127.611386,0.0
-50.0,50,5128.175893,0.0
-50.0,50,5128.739451,0.0
-50.0,50,5129.287069,0.0
-50.0,50,5129.849404,0.0
-50.0,50,5130.403331,0.0
-50.0,50,5130.926008,0.0
-50.0,50,5131.447004,0.0
-50.0,50,5131.962197,0.0
-50.0,50,5132.484728,0.0
0.0,50,5133.61746,1.0
-18.0,50,5134.816182,1.0
-50.0,50,5136.031136,0.0
-18.0,50,5137.229459,1.0
-50.0,50,5138.533033,0.0
-17.0,50,5139.735009,1.0
-50.0,50,5140.95158,0.0
-50.0,50,5142.117285,0.0
-50.0,50,5143.050657,0.0
-50.0,50,5143.609225,0.0
-50.0,50,5144.173479,0.0
-50.0,50,5144.733476,0.0
-49.0,50,5145.293567,0.0
-50.0,50,5145.851205,0.0
-50.0,50,5146.421635,0.0
-28.0,50,5146.983186,1.0
-50.0,50,5147.537354,0.0
-50.0,50,5148.102075,0.0
-37.0,50,5148.671597,1.0
-50.0,50,5149.222872,0.0
-50.0,50,5149.778327,0.0
-50.0,50,5150.334551,0.0
-50.0,50,5150.902455,0.0
-50.0,50,5151.468233,0.0
0.0,50,5152.030066,1.0
-50.0,50,5152.595128,0.0
-50.0,50,5153.167881,0.0
-21.0,50,5153.734992,1.0
-50.0,50,5154.30916,0.0
-50.0,50,5154.876621,0.0
-50.0,50,5155.451679,0.0
-7.0,50,5156.018909,1.0
-50.0,50,5156.585295,0.0
-10.0,50,5157.150578,1.0
-50.0,50,5157.717546,0.0
-14.0,50,5158.283125,1.0
-50.0,50,5158.853585,0.0
-50.0,50,5159.412334,0.0
-50.0,50,5159.985933,0.0
-50.0,50,5160.554861,0.0
-50.0,50,5161.120544,0.0
-26.0,50,5161.687248,1.0
-50.0,50,5162.262515,0.0
-21.0,50,5162.817584,1.0
-50.0,50,5163.383037,0.0
-50.0,50,5163.93934,0.0
-50.0,50,5164.504594,0.0
-50.0,50,5165.066681,0.0
-34.0,50,5165.626552,1.0
-50.0,50,5166.188625,0.0
-50.0,50,5166.811706,0.0
-41.0,50,5167.371776,1.0
-16.0,50,5167.933594,1.0
-50.0,50,5168.496681,0.0
-50.0,50,5169.07073,0.0
-28.0,50,5169.636632,1.0
-25.0,50,5170.199694,1.0
-50.0,50,5170.761558,0.0
-50.0,50,5171.323367,0.0
-2.0,50,5171.878598,1.0
-17.0,50,5172.441754,1.0
-50.0,50,5173.000475,0.0
-50.0,50,5173.578814,0.0
-18.0,50,5174.141456,1.0
-50.0,50,5174.703777,0.0
-17.0,50,5175.26525,1.0
-44.0,50,5175.834464,0.0
-29.0,50,5176.393829,1.0
0.0,50,5176.953595,1.0
-50.0,50,5177.516534,0.0
-21.0,50,5178.085586,1.0
-48.0,50,5178.648885,0.0
-50.0,50,5179.214658,0.0
-50.0,50,5179.784,0.0
0.0,50,5180.352905,1.0
-50.0,50,5180.920204,0.0
-50.0,50,5181.486357,0.0
-50.0,50,5182.053564,0.0
-50.0,50,5182.62985,0.0
-50.0,50,5183.196256,0.0
-50.0,50,5183.765657,0.0
-50.0,50,5184.333477,0.0
-35.0,50,5184.907413,1.0
-50.0,50,5185.465952,0.0
-50.0,50,5186.023129,0.0
-35.0,50,5186.588368,1.0
-50.0,50,5187.162177,0.0
-50.0,50,5187.728656,0.0
-50.0,50,5188.290261,0.0
-27.0,50,5188.859462,1.0
-43.0,50,5189.435443,0.0
-50.0,50,5190.003641,0.0
-50.0,50,5190.568491,0.0
-50.0,50,5191.140754,0.0
-50.0,50,5191.717383,0.0
-50.0,50,5192.278182,0.0
-48.0,50,5192.846179,0.0
-50.0,50,5193.415673,0.0
-50.0,50,5193.991485,0.0
-40.0,50,5194.562003,0.0
-50.0,50,5195.131371,0.0
-50.0,50,5195.697807,0.0
-50.0,50,5196.270923,0.0
-50.0,50,5196.837435,0.0
-33.0,50,5197.402645,1.0
-50.0,50,5197.972373,0.0
-50.0,50,5198.552588,0.0
-50.0,50,5199.113937,0.0
-50.0,50,5199.68231,0.0
-50.0,50,5200.245608,0.0
-50.0,50,5200.820795,0.0
-50.0,50,5201.373921,0.0
-50.0,50,5201.932524,0.0
-50.0,50,5202.492377,0.0
0.0,50,5203.063749,1.0
-50.0,50,5203.618941,0.0
-50.0,50,5204.178532,0.0
-50.0,50,5204.736892,0.0
-50.0,50,5205.307509,0.0
-32.0,50,5205.871156,0.0
-47.0,50,5206.428365,0.0
-50.0,50,5206.986881,0.0
-16.0,50,5207.553046,1.0
-50.0,50,5208.11254,0.0
-40.0,50,5208.681039,1.0
-50.0,50,5209.245656,0.0
-50.0,50,5209.811494,0.0
-50.0,50,5210.383344,0.0
-50.0,50,5210.951096,0.0
-50.0,50,5211.504857,0.0
-43.0,50,5212.077564,1.0
-50.0,50,5212.632845,0.0
-50.0,50,5213.19747,0.0
-50.0,50,5213.761249,0.0
-18.0,50,5214.331712,1.0
0.0,50,5214.897228,1.0
-16.0,50,5215.464458,1.0
-24.0,50,5216.031675,1.0
-50.0,50,5216.603228,0.0
-50.0,50,5217.169312,0.0
-50.0,50,5217.731797,0.0
-50.0,50,5218.297125,0.0
-50.0,50,5218.863299,0.0
-50.0,50,5219.425224,0.0
-38.0,50,5219.990031,1.0
-50.0,50,5220.561879,0.0
-50.0,50,5221.129268,0.0
-50.0,50,5221.693616,0.0
-15.0,50,5222.259812,1.0
-50.0,50,5222.822663,0.0
-47.0,50,5223.390601,0.0
0.0,50,5223.952221,1.0
-50.0,50,5224.515306,0.0
-50.0,50,5225.075579,0.0
-50.0,50,5225.645344,0.0
-37.0,50,5226.216136,1.0
-26.0,50,5226.785487,1.0
-50.0,50,5227.35432,0.0
-50.0,50,5230.412985,0.0
-24.0,50,5230.974229,1.0
-50.0,50,5231.53739,0.0
-25.0,50,5232.099849,1.0
-50.0,50,5232.671223,0.0
-32.0,50,5233.245606,1.0
-50.0,50,5233.810332,0.0
-43.0,50,5234.375152,1.0
-50.0,50,5234.952812,0.0
-50.0,50,5235.518517,0.0
-20.0,50,5236.080981,1.0
-50.0,50,5236.650673,0.0
-34.0,50,5237.230691,1.0
-50.0,50,5237.800795,0.0
-31.0,50,5238.368734,1.0
-18.0,50,5238.936277,1.0
-50.0,50,5239.513072,0.0
-50.0,50,5240.08071,0.0
-50.0,50,5240.64511,0.0
-17.0,50,5241.209951,1.0
0.0,50,5241.787413,1.0
-50.0,50,5242.358001,0.0
-37.0,50,5242.926786,1.0
-50.0,50,5243.488057,0.0
-50.0,50,5244.062428,0.0
-20.0,50,5244.62472,1.0
-50.0,50,5245.192831,0.0
0.0,50,5245.757967,1.0
0.0,50,5246.343932,1.0
-50.0,50,5246.907774,0.0
0.0,50,5247.468568,1.0
-38.0,50,5248.038303,1.0
-50.0,50,5248.61543,0.0
-50.0,50,5249.180984,0.0
-50.0,50,5249.74543,0.0
-50.0,50,5250.313884,0.0
-50.0,50,5250.888977,0.0
-50.0,50,5251.461891,0.0
-50.0,50,5252.028767,0.0
-50.0,50,5252.596456,0.0
-50.0,50,5253.163229,0.0
-50.0,50,5253.730546,0.0
-42.0,50,5254.295974,1.0
-34.0,50,5254.862097,1.0
-50.0,50,5255.43889,0.0
-22.0,50,5256.007401,1.0
-50.0,50,5256.577998,0.0
0.0,50,5257.140774,1.0
-50.0,50,5257.709219,0.0
-4.0,50,5258.279956,1.0
-16.0,50,5258.856663,1.0
0.0,50,5259.416599,1.0
-30.0,50,5259.99109,1.0
-50.0,50,5260.561462,0.0
-25.0,50,5261.130231,1.0
-16.0,50,5261.695416,1.0
-26.0,50,5262.271686,1.0
-24.0,50,5262.837743,1.0
-50.0,50,5263.388981,0.0
0.0,50,5263.943537,1.0
-16.0,50,5264.507684,1.0
-50.0,50,5265.056281,0.0
-11.0,50,5265.618811,1.0
-50.0,50,5266.184852,0.0
-50.0,50,5266.757672,0.0
-50.0,50,5267.319251,0.0
-50.0,50,5267.888809,0.0
-50.0,50,5268.453746,0.0
-50.0,50,5269.024682,0.0
-22.0,50,5269.58827,1.0
-50.0,50,5270.147351,0.0
-50.0,50,5270.707291,0.0
0.0,50,5271.278327,1.0
-50.0,50,5271.83757,0.0
-50.0,50,5272.396373,0.0
-50.0,50,5272.960323,0.0
-20.0,50,5273.537813,1.0
-50.0,50,5274.101864,0.0
-40.0,50,5274.670968,1.0
-50.0,50,5275.23463,0.0
0.0,50,5275.804458,1.0
-50.0,50,5276.371482,0.0
-50.0,50,5276.931444,0.0
-50.0,50,5277.484093,0.0
-50.0,50,5278.046719,0.0
-50.0,50,5278.612011,0.0
-50.0,50,5279.16887,0.0
-50.0,50,5279.733881,0.0
-9.0,50,5280.307013,1.0
-50.0,50,5280.865123,0.0
0.0,50,5281.428841,1.0
-47.0,50,5281.995421,0.0
-50.0,50,5282.570681,0.0
-50.0,50,5283.125432,0.0
-50.0,50,5283.693705,0.0
-50.0,50,5284.253279,0.0
-50.0,50,5284.827006,0.0
-24.0,50,5285.393745,1.0
-14.0,50,5285.958516,1.0
-37.0,50,5286.524425,0.0
-50.0,50,5287.103431,0.0
-50.0,50,5287.65871,0.0
-22.0,50,5288.228256,1.0
-50.0,50,5288.797543,0.0
-50.0,50,5289.362486,0.0
-45.0,50,5289.931608,0.0
-23.0,50,5290.495373,1.0
-50.0,50,5291.062274,0.0
-44.0,50,5291.632767,0.0
-50.0,50,5292.200435,0.0
-50.0,50,5292.760837,0.0
-50.0,50,5293.323838,0.0
0.0,50,5293.894185,1.0
-50.0,50,5294.45659,0.0
-18.0,50,5295.020024,1.0
-50.0,50,5295.586185,0.0
-20.0,50,5296.214479,1.0
-50.0,50,5296.776797,0.0
-50.0,50,5297.341737,0.0
-50.0,50,5297.896854,0.0
-50.0,50,5298.470596,0.0
-50.0,50,5299.025125,0.0
-47.0,50,5299.591552,0.0
-50.0,50,5300.148093,0.0
-25.0,50,5300.723519,1.0
-50.0,50,5301.289474,0.0
-50.0,50,5301.856118,0.0
-41.0,50,5302.426197,1.0
-50.0,50,5302.999821,0.0
-50.0,50,5303.568578,0.0
-43.0,50,5304.136477,1.0
-50.0,50,5304.694863,0.0
-50.0,50,5305.267339,0.0
-14.0,50,5305.831161,1.0
-16.0,50,5306.397024,1.0
-50.0,50,5306.965787,0.0
-27.0,50,5307.540456,1.0
-50.0,50,5308.097389,0.0
-50.0,50,5308.661051,0.0
0.0,50,5309.224035,1.0
-50.0,50,5309.794497,0.0
-50.0,50,5310.354142,0.0
-50.0,50,5310.916702,0.0
-50.0,50,5311.483473,0.0
-15.0,50,5312.059567,1.0
-50.0,50,5312.624863,0.0
-50.0,50,5313.188393,0.0
-50.0,50,5313.743779,0.0
-50.0,50,5314.313324,0.0
-50.0,50,5314.870803,0.0
-50.0,50,5315.428316,0.0
-50.0,50,5315.99465,0.0
-50.0,50,5316.568379,0.0
-50.0,50,5317.137714,0.0
-50.0,50,5317.701386,0.0
0.0,50,5318.278158,1.0
-50.0,50,5318.867483,0.0
-50.0,50,5319.43413,0.0
-50.0,50,5320.001692,0.0
-50.0,50,5320.56065,0.0
-50.0,50,5321.143496,0.0
-30.0,50,5321.710362,1.0
-50.0,50,5322.277636,0.0
-13.0,50,5322.841439,1.0
-50.0,50,5323.408971,0.0
-50.0,50,5323.975939,0.0
0.0,50,5324.53986,1.0
-50.0,50,5325.107953,0.0
-50.0,50,5325.681413,0.0
-14.0,50,5326.248438,1.0
-50.0,50,5326.811841,0.0
-50.0,50,5327.37723,0.0
0.0,50,5327.952697,1.0
-50.0,50,5328.512094,0.0
-50.0,50,5329.070989,0.0
-50.0,50,5329.63477,0.0
-45.0,50,5330.205918,0.0
0.0,50,5330.765455,1.0
-50.0,50,5331.325629,0.0
-50.0,50,5331.885404,0.0
-50.0,50,5332.458348,0.0
-50.0,50,5333.016796,0.0
-50.0,50,5333.574776,0.0
-4.0,50,5334.141353,1.0
0.0,50,5334.715281,1.0
-26.0,50,5335.277693,1.0
-50.0,50,5335.841025,0.0
-50.0,50,5336.405854,0.0
-50.0,50,5336.978984,0.0
0.0,50,5337.540092,1.0
-24.0,50,5338.103508,0.0
-50.0,50,5338.668387,0.0
-50.0,50,5339.239187,0.0
-23.0,50,5339.792203,1.0
-50.0,50,5340.347338,0.0
-18.0,50,5340.899072,1.0
0.0,50,5341.461296,1.0
-50.0,50,5342.017159,0.0
-50.0,50,5342.573096,0.0
-48.0,50,5343.12513,0.0
-50.0,50,5346.05058,0.0
-41.0,50,5346.605998,0.0
-50.0,50,5347.161601,0.0
-50.0,50,5347.710854,0.0
-50.0,50,5348.277116,0.0
0.0,50,5348.837927,1.0
-50.0,50,5349.382945,0.0
-50.0,50,5349.930825,0.0
-50.0,50,5350.482065,0.0
-50.0,50,5351.029917,0.0
-50.0,50,5351.585391,0.0
-15.0,50,5352.139528,1.0
-50.0,50,5352.706641,0.0
-50.0,50,5353.261132,0.0
0.0,50,5353.815548,1.0
-50.0,50,5354.374033,0.0
-13.0,50,5354.939375,1.0
-22.0,50,5355.495489,1.0
-50.0,50,5356.050039,0.0
-50.0,50,5356.603371,0.0
0.0,50,5357.165247,1.0
-50.0,50,5357.720089,0.0
-46.0,50,5358.266627,0.0
-29.0,50,5358.819099,1.0
-50.0,50,5359.380989,0.0
-31.0,50,5359.935153,1.0
-50.0,50,5360.486311,0.0
-50.0,50,5361.040291,0.0
-50.0,50,5361.602096,0.0
-50.0,50,5362.159488,0.0
-50.0,50,5362.715492,0.0
-50.0,50,5363.276911,0.0
-50.0,50,5363.84106,0.0
-50.0,50,5364.408139,0.0
-50.0,50,5364.975476,0.0
-50.0,50,5365.543683,0.0
-50.0,50,5366.119706,0.0
-50.0,50,5366.690829,0.0
-43.0,50,5367.260575,1.0
-50.0,50,5367.829302,0.0
-50.0,50,5368.395544,0.0
-50.0,50,5368.964537,0.0
-50.0,50,5369.531502,0.0
-48.0,50,5370.097437,0.0
-50.0,50,5370.663882,0.0
-41.0,50,5371.234853,1.0
-23.0,50,5371.801066,1.0
-50.0,50,5372.371488,0.0
-50.0,50,5372.946306,0.0
-50.0,50,5373.51442,0.0
-50.0,50,5374.087969,0.0
-34.0,50,5374.653391,1.0
-32.0,50,5375.233382,1.0
-9.0,50,5375.7987,1.0
-23.0,50,5376.365153,1.0
0.0,50,5376.92524,1.0
-49.0,50,5377.489076,1.0
0.0,50,5378.044756,1.0
-50.0,50,5378.610828,0.0
-50.0,50,5379.172354,0.0
0.0,50,5379.742738,1.0
-50.0,50,5380.306678,0.0
-50.0,50,5380.87533,0.0
-50.0,50,5381.442601,0.0
-16.0,50,5382.014565,1.0
-50.0,50,5382.582597,0.0
-50.0,50,5383.146915,0.0
-50.0,50,5383.712512,0.0
-50.0,50,5384.290151,0.0
-50.0,50,5384.855971,0.0
-50.0,50,5385.416352,0.0
-50.0,50,5385.98223,0.0
-50.0,50,5386.555231,0.0
-16.0,50,5387.119552,1.0
-41.0,50,5387.68948,1.0
-2.0,50,5388.258515,1.0
-50.0,50,5388.83631,0.0
0.0,50,5389.400185,1.0
-50.0,50,5389.963461,0.0
-50.0,50,5390.52233,0.0
-16.0,50,5391.093935,1.0
-50.0,50,5391.664548,0.0
-50.0,50,5392.222292,0.0
-50.0,50,5392.778277,0.0
-50.0,50,5393.350594,0.0
-50.0,50,5393.9019,0.0
-50.0,50,5394.468398,0.0
-50.0,50,5395.023967,0.0
-50.0,50,5395.592596,0.0
-50.0,50,5396.16185,0.0
-50.0,50,5396.731141,0.0
0.0,50,5397.298438,1.0
-50.0,50,5397.863234,0.0
-50.0,50,5398.42551,0.0
-27.0,50,5398.995202,1.0
-50.0,50,5399.5617,0.0
-50.0,50,5400.133566,0.0
-50.0,50,5400.690142,0.0
-50.0,50,5401.249099,0.0
-16.0,50,5401.816374,1.0
-50.0,50,5402.391366,0.0
-50.0,50,5402.946108,0.0
-21.0,50,5403.505029,1.0
-50.0,50,5404.068085,0.0
-50.0,50,5404.637471,0.0
0.0,50,5405.199553,1.0
-50.0,50,5405.757453,0.0
-16.0,50,5406.319385,1.0
-38.0,50,5406.891238,1.0
-50.0,50,5407.44765,0.0
-50.0,50,5408.009436,0.0
-50.0,50,5408.582529,0.0
-50.0,50,5409.148408,0.0
-50.0,50,5409.713444,0.0
-50.0,50,5410.271658,0.0
0.0,50,5410.831577,1.0
-19.0,50,5411.399481,1.0
-50.0,50,5411.956235,0.0
-8.0,50,5412.51841,1.0
-50.0,50,5413.074486,0.0
-50.0,50,5413.638234,0.0
-50.0,50,5414.198664,0.0
-50.0,50,5414.752067,0.0
-50.0,50,5415.308161,0.0
-7.0,50,5415.87376,0.0
-18.0,50,5416.426487,1.0
-50.0,50,5416.982912,0.0
-26.0,50,5417.540292,1.0
-42.0,50,5418.118918,1.0
-33.0,50,5418.682251,1.0
-47.0,50,5419.248926,0.0
-50.0,50,5419.815666,0.0
0.0,50,5420.381795,1.0
-36.0,50,5420.942033,0.0
-50.0,50,5421.496086,0.0
0.0,50,5422.049464,1.0
-34.0,50,5422.62228,1.0
-50.0,50,5423.183672,0.0
-38.0,50,5423.741176,1.0
-50.0,50,5424.302403,0.0
-50.0,50,5424.867783,0.0
-12.0,50,5425.42659,1.0
0.0,50,5425.986335,1.0
0.0,50,5426.547859,1.0
-50.0,50,5427.116754,0.0
-50.0,50,5427.678542,0.0
-36.0,50,5428.237488,1.0
-50.0,50,5428.800612,0.0
-50.0,50,5429.36842,0.0
0.0,50,5429.939789,1.0
0.0,50,5430.497452,1.0
-50.0,50,5431.057442,0.0
0.0,50,5431.624653,1.0
-50.0,50,5432.187736,0.0
-50.0,50,5432.750671,0.0
0.0,50,5433.306415,1.0
-50.0,50,5433.878383,0.0
-21.0,50,5434.43861,1.0
-50.0,50,5434.997239,0.0
-50.0,50,5435.555552,0.0
-24.0,50,5436.1256,1.0
-11.0,50,5436.679557,1.0
-50.0,50,5437.237655,0.0
-50.0,50,5437.79483,0.0
0.0,50,5438.359514,1.0
-50.0,50,5438.927832,0.0
-12.0,50,5439.483449,1.0
-27.0,50,5440.040619,1.0
-50.0,50,5440.601267,0.0
-50.0,50,5441.160254,0.0
-50.0,50,5441.710471,0.0
-42.0,50,5442.270734,1.0
-50.0,50,5442.835883,0.0
-50.0,50,5443.3978,0.0
-50.0,50,5443.951001,0.0
-50.0,50,5444.509543,0.0
-24.0,50,5445.074601,1.0
-34.0,50,5445.632515,1.0
0.0,50,5446.186635,1.0
-13.0,50,5446.741882,1.0
-50.0,50,5447.315524,0.0
-50.0,50,5447.877485,0.0
-11.0,50,5448.441496,1.0
-50.0,50,5449.008868,0.0
-50.0,50,5449.583634,0.0
-50.0,50,5450.144763,0.0
-50.0,50,5450.701715,0.0
-50.0,50,5451.254445,0.0
-50.0,50,5451.827652,0.0
-19.0,50,5452.391637,1.0
-12.0,50,5452.951411,1.0
-19.0,50,5453.510804,1.0
-50.0,50,5454.07986,0.0
-50.0,50,5454.647816,0.0
-50.0,50,5455.213534,0.0
-23.0,50,5455.779487,1.0
-50.0,50,5456.345908,0.0
-50.0,50,5456.909351,0.0
-50.0,50,5457.46603,0.0
-24.0,50,5458.029822,1.0
0.0,50,5461.026404,1.0
-8.0,50,5461.585557,1.0
-32.0,50,5462.146849,1.0
-18.0,50,5462.705726,1.0
-21.0,50,5463.275731,1.0
-50.0,50,5463.830814,0.0
-50.0,50,5464.390828,0.0
0.0,50,5464.941631,1.0
-43.0,50,5465.508737,1.0
-19.0,50,5466.066982,1.0
-28.0,50,5466.62573,1.0
-50.0,50,5467.172204,0.0
-48.0,50,5467.77682,1.0
-38.0,50,5468.333568,1.0
-50.0,50,5468.895785,0.0
-47.0,50,5469.439309,0.0
0.0,50,5470.001721,1.0
-50.0,50,5470.559803,0.0
0.0,50,5471.113518,1.0
0.0,50,5471.665581,1.0
-22.0,50,5472.22871,1.0
-50.0,50,5472.787854,0.0
-18.0,50,5473.340415,1.0
-45.0,50,5473.897421,1.0
-50.0,50,5474.454002,0.0
-50.0,50,5475.010484,0.0
-25.0,50,5475.56369,1.0
-18.0,50,5476.118875,1.0
-50.0,50,5476.680773,0.0
-50.0,50,5477.233827,0.0
-50.0,50,5477.785678,0.0
-50.0,50,5478.343416,0.0
-10.0,50,5478.913876,1.0
-15.0,50,5479.472616,1.0
-22.0,50,5480.033517,1.0
-50.0,50,5480.590017,0.0
-50.0,50,5481.151242,0.0
-50.0,50,5481.705731,0.0
-50.0,50,5482.263044,0.0
-17.0,50,5482.818599,1.0
-50.0,50,5483.385411,0.0
-50.0,50,5483.940049,0.0
-50.0,50,5484.496338,0.0
-31.0,50,5485.051624,1.0
-50.0,50,5485.619547,0.0
-50.0,50,5486.176386,0.0
-50.0,50,5486.733676,0.0
-50.0,50,5487.292869,0.0
-46.0,50,5487.875738,1.0
-21.0,50,5488.436004,1.0
-39.0,50,5488.995767,1.0
-50.0,50,5489.55531,0.0
-50.0,50,5490.113933,0.0
-50.0,50,5490.669015,0.0
-50.0,50,5491.227855,0.0
-50.0,50,5491.780908,0.0
-50.0,50,5492.342683,0.0
-50.0,50,5492.897862,0.0
-50.0,50,5493.450661,0.0
-50.0,50,5494.013239,0.0
-31.0,50,5494.587943,0.0
-50.0,50,5495.146399,0.0
-50.0,50,5495.708798,0.0
-50.0,50,5496.270756,0.0
-50.0,50,5496.83739,0.0
-50.0,50,5497.397501,0.0
-33.0,50,5497.965016,1.0
-50.0,50,5498.537751,0.0
-50.0,50,5499.109004,0.0
-50.0,50,5499.673221,0.0
-50.0,50,5500.239028,0.0
-50.0,50,5500.800761,0.0
-43.0,50,5501.372424,1.0
-50.0,50,5501.937647,0.0
-50.0,50,5502.496557,0.0
-14.0,50,5503.057858,1.0
-50.0,50,5503.648221,0.0
-23.0,50,5504.208899,1.0
-22.0,50,5504.768053,1.0
-50.0,50,5505.327971,0.0
-50.0,50,5505.890373,0.0
-50.0,50,5506.458771,0.0
0.0,50,5507.023971,1.0
-50.0,50,5507.579531,0.0
-50.0,50,5508.155957,0.0
-50.0,50,5508.717723,0.0
-17.0,50,5509.277046,1.0
-50.0,50,5509.83708,0.0
-21.0,50,5510.407531,1.0
-50.0,50,5510.967011,0.0
-50.0,50,5511.530726,0.0
-50.0,50,5512.093251,0.0
-33.0,50,5512.671375,1.0
-50.0,50,5513.240024,0.0
-18.0,50,5513.807613,1.0
-48.0,50,5514.37768,0.0
-35.0,50,5514.95124,1.0
-50.0,50,5515.518025,0.0
-14.0,50,5516.086176,1.0
-50.0,50,5516.642369,0.0
-21.0,50,5517.220153,1.0
-40.0,50,5517.789296,1.0
-24.0,50,5518.357186,1.0
-50.0,50,5518.92227,0.0
-50.0,50,5519.498026,0.0
-50.0,50,5520.063711,0.0
-50.0,50,5520.629551,0.0
-50.0,50,5521.190269,0.0
-50.0,50,5521.763766,0.0
-18.0,50,5522.331648,1.0
-50.0,50,5522.899981,0.0
0.0,50,5523.467046,1.0
-50.0,50,5524.046393,0.0
-50.0,50,5524.614114,0.0
-33.0,50,5525.181453,1.0
-50.0,50,5525.743925,0.0
-38.0,50,5526.321929,1.0
-16.0,50,5526.89078,1.0
-50.0,50,5527.45861,0.0
-19.0,50,5528.030228,1.0
-50.0,50,5528.62012,0.0
0.0,50,5529.188398,1.0
-14.0,50,5529.762001,1.0
-50.0,50,5530.329075,0.0
-19.0,50,5530.905603,1.0
-50.0,50,5531.480107,0.0
-19.0,50,5532.048042,1.0
-50.0,50,5532.616378,0.0
-14.0,50,5533.189137,1.0
-50.0,50,5533.754618,0.0
-28.0,50,5534.324997,0.0
-50.0,50,5534.892656,0.0
-30.0,50,5535.467533,1.0
-33.0,50,5536.034217,1.0
-50.0,50,5536.603775,0.0
-30.0,50,5537.171778,1.0
-22.0,50,5537.744631,1.0
-50.0,50,5538.312527,0.0
-50.0,50,5538.887486,0.0
-17.0,50,5539.459724,1.0
-50.0,50,5540.035265,0.0
-40.0,50,5540.602097,1.0
-50.0,50,5541.164789,0.0
-22.0,50,5541.725964,1.0
-19.0,50,5542.29965,1.0
-50.0,50,5542.85893,0.0
-50.0,50,5543.425976,0.0
-19.0,50,5543.988755,1.0
-25.0,50,5544.560615,1.0
-32.0,50,5545.12577,1.0
-22.0,50,5545.687827,1.0
-49.0,50,5546.253166,1.0
-21.0,50,5546.830729,1.0
-50.0,50,5547.391674,0.0
-50.0,50,5547.955312,0.0
-50.0,50,5548.513757,0.0
-50.0,50,5549.077075,0.0
-50.0,50,5549.639221,0.0
-50.0,50,5550.201094,0.0
-50.0,50,5550.757938,0.0
-50.0,50,5551.319835,0.0
-50.0,50,5551.887787,0.0
-50.0,50,5552.451356,0.0
-21.0,50,5553.014672,1.0
-50.0,50,5553.58467,0.0
-50.0,50,5554.14407,0.0
-50.0,50,5554.700703,0.0
-50.0,50,5555.264742,0.0
-50.0,50,5555.831846,0.0
-50.0,50,5556.392735,0.0
-25.0,50,5556.959915,1.0
-50.0,50,5557.526894,0.0
-9.0,50,5558.097837,1.0
-50.0,50,5558.661895,0.0
-2.0,50,5559.225351,1.0
-50.0,50,5559.798054,0.0
-50.0,50,5560.371855,0.0
-50.0,50,5560.939188,0.0
-50.0,50,5561.492036,0.0
-50.0,50,5562.050046,0.0
-50.0,50,5562.614593,0.0
-50.0,50,5563.167574,0.0
-16.0,50,5563.735299,1.0
-50.0,50,5564.306007,0.0
-50.0,50,5564.86952,0.0
-50.0,50,5565.43452,0.0
-50.0,50,5565.996996,0.0
-50.0,50,5566.566178,0.0
-45.0,50,5567.138019,1.0
-26.0,50,5567.702081,1.0
-50.0,50,5568.264374,0.0
-31.0,50,5568.829337,1.0
-11.0,50,5569.404236,1.0
-49.0,50,5569.96947,1.0
-50.0,50,5570.531678,0.0
-50.0,50,5571.095406,0.0
-50.0,50,5571.666564,0.0
-50.0,50,5572.234186,0.0
-50.0,50,5572.801592,0.0
-50.0,50,5573.368632,0.0
-50.0,50,5576.391572,0.0
-50.0,50,5576.949404,0.0
-50.0,50,5577.512427,0.0
-43.0,50,5578.082695,1.0
-35.0,50,5578.660165,1.0
-50.0,50,5579.228036,0.0
-50.0,50,5579.796782,0.0
-28.0,50,5580.367287,1.0
-50.0,50,5580.951629,0.0
-22.0,50,5581.52055,1.0
-50.0,50,5582.088537,0.0
0.0,50,5582.654626,1.0
-10.0,50,5583.223258,1.0
-50.0,50,5583.783281,0.0
-50.0,50,5584.344333,0.0
-21.0,50,5584.907882,1.0
-50.0,50,5585.477738,0.0
-50.0,50,5586.041471,0.0
-50.0,50,5586.602348,0.0
-50.0,50,5587.162788,0.0
-15.0,50,5587.73225,1.0
-50.0,50,5588.294048,0.0
-50.0,50,5588.853032,0.0
-50.0,50,5589.423085,0.0
-50.0,50,5590.003016,0.0
-35.0,50,5590.567277,1.0
0.0,50,5591.130959,1.0
-48.0,50,5591.694507,1.0
-50.0,50,5592.263036,0.0
-47.0,50,5592.826074,1.0
-26.0,50,5593.386131,1.0
-38.0,50,5593.947828,1.0
-50.0,50,5594.520384,0.0
-50.0,50,5595.08236,0.0
-50.0,50,5595.645386,0.0
-50.0,50,5596.205302,0.0
-50.0,50,5596.77171,0.0
-50.0,50,5597.326834,0.0
-50.0,50,5597.886412,0.0
-50.0,50,5598.450259,0.0
-50.0,50,5599.035963,0.0
-6.0,50,5599.592402,1.0
-50.0,50,5600.143996,0.0
-50.0,50,5600.695436,0.0
-50.0,50,5601.262967,0.0
-50.0,50,5601.819075,0.0
-50.0,50,5602.369527,0.0
-50.0,50,5602.927867,0.0
-50.0,50,5603.494532,0.0
-50.0,50,5604.049452,0.0
-50.0,50,5604.603805,0.0
-34.0,50,5605.151674,1.0
-50.0,50,5605.710635,0.0
-13.0,50,5606.262381,1.0
-37.0,50,5606.817465,1.0
-19.0,50,5607.37859,1.0
-50.0,50,5607.982787,0.0
-33.0,50,5608.536693,0.0
-50.0,50,5609.099953,0.0
-30.0,50,5609.659852,1.0
-19.0,50,5610.305978,1.0
0.0,50,5610.868325,1.0
-18.0,50,5611.43297,1.0
-50.0,50,5611.994216,0.0
0.0,50,5612.56235,1.0
-50.0,50,5613.11999,0.0
-50.0,50,5613.681216,0.0
-50.0,50,5614.244117,0.0
-50.0,50,5614.818115,0.0
0.0,50,5615.378031,1.0
-50.0,50,5615.942364,0.0
-50.0,50,5616.498791,0.0
-50.0,50,5617.072833,0.0
-50.0,50,5617.63331,0.0
-42.0,50,5618.192385,1.0
-50.0,50,5618.750488,0.0
-23.0,50,5619.322798,1.0
-50.0,50,5619.890322,0.0
-50.0,50,5620.448261,0.0
-19.0,50,5621.00316,1.0
-50.0,50,5621.569209,0.0
-27.0,50,5622.127379,0.0
-50.0,50,5622.686305,0.0
-41.0,50,5623.247071,1.0
0.0,50,5623.814208,1.0
-20.0,50,5624.374976,1.0
-21.0,50,5624.936033,1.0
-46.0,50,5625.499129,1.0
-50.0,50,5626.072095,0.0
0.0,50,5626.627053,1.0
-29.0,50,5627.189,1.0
-15.0,50,5627.743626,1.0
-22.0,50,5628.314348,1.0
-13.0,50,5628.881214,1.0
-50.0,50,5629.447878,0.0
-16.0,50,5630.019603,1.0
-21.0,50,5630.605742,1.0
-50.0,50,5631.177648,0.0
-50.0,50,5631.735492,0.0
0.0,50,5632.306461,1.0
-50.0,50,5632.890873,0.0
-20.0,50,5633.460247,1.0
-50.0,50,5634.02549,0.0
-50.0,50,5634.581199,0.0
-50.0,50,5635.150401,0.0
-33.0,50,5635.709508,1.0
-12.0,50,5636.266198,1.0
-20.0,50,5636.825613,1.0
-50.0,50,5637.385372,0.0
-50.0,50,5637.943241,0.0
-50.0,50,5638.502844,0.0
-50.0,50,5639.069206,0.0
-50.0,50,5639.64914,0.0
-50.0,50,5640.213079,0.0
-7.0,50,5640.782416,1.0
-13.0,50,5641.349209,1.0
-21.0,50,5641.920797,1.0
-50.0,50,5642.489802,0.0
-50.0,50,5643.058485,0.0
-21.0,50,5643.627695,1.0
-50.0,50,5644.201717,0.0
-19.0,50,5644.769358,1.0
-50.0,50,5645.338511,0.0
-50.0,50,5645.907717,0.0
-50.0,50,5646.48941,0.0
-15.0,50,5647.056495,1.0
-50.0,50,5647.623775,0.0
-12.0,50,5648.187157,1.0
-5.0,50,5648.767478,1.0
-29.0,50,5649.336634,1.0
0.0,50,5649.904894,1.0
-50.0,50,5650.466871,0.0
-50.0,50,5651.047771,0.0
-50.0,50,5651.619539,0.0
-50.0,50,5652.183893,0.0
-40.0,50,5652.755171,1.0
-18.0,50,5653.330625,1.0
-50.0,50,5653.902224,0.0
-25.0,50,5654.471642,1.0
-50.0,50,5655.041223,0.0
-50.0,50,5655.622853,0.0
-39.0,50,5656.196213,1.0
0.0,50,5656.7642,1.0
-39.0,50,5657.332658,1.0
-48.0,50,5657.905668,0.0
-48.0,50,5658.469561,0.0
-26.0,50,5659.033938,1.0
-14.0,50,5659.597595,1.0
-50.0,50,5660.174921,0.0
-50.0,50,5660.744088,0.0
-50.0,50,5661.312331,0.0
-18.0,50,5661.879375,1.0
-50.0,50,5662.4547,0.0
-50.0,50,5663.009685,0.0
-50.0,50,5663.579723,0.0
0.0,50,5664.144946,1.0
0.0,50,5664.716478,1.0
-50.0,50,5665.280132,0.0
-24.0,50,5665.844289,1.0
-50.0,50,5666.401951,0.0
-17.0,50,5666.977369,1.0
0.0,50,5667.542368,1.0
-50.0,50,5668.106,0.0
-50.0,50,5668.67245,0.0
-50.0,50,5669.253737,0.0
-19.0,50,5669.822176,1.0
-42.0,50,5670.393076,1.0
-11.0,50,5670.957942,1.0
-21.0,50,5671.53248,1.0
-50.0,50,5672.082129,0.0
-13.0,50,5672.620858,1.0
-23.0,50,5673.160168,1.0
-12.0,50,5673.790005,1.0
-10.0,50,5675.03658,1.0
-50.0,50,5676.230862,0.0
-13.0,50,5677.423269,1.0
-50.0,50,5678.629566,0.0
-16.0,50,5679.836519,1.0
-19.0,50,5681.056622,1.0
-35.0,50,5682.354922,1.0
-50.0,50,5683.573921,0.0
-23.0,50,5684.780115,1.0
-18.0,50,5685.981376,1.0
-50.0,50,5687.18245,0.0
-21.0,50,5688.412462,1.0
-48.0,50,5689.160214,1.0
-50.0,50,5689.727835,0.0
-25.0,50,5690.292473,1.0
-50.0,50,5690.866405,0.0
-29.0,50,5691.433088,1.0
-47.0,50,5692.002432,1.0
-19.0,50,5692.569677,1.0
0.0,50,5693.146395,1.0
-19.0,50,5693.710055,1.0
-48.0,50,5694.275887,0.0
-50.0,50,5694.842655,0.0
-33.0,50,5695.417255,1.0
-13.0,50,5695.981968,1.0
-50.0,50,5696.543764,0.0
-26.0,50,5697.104738,1.0
-50.0,50,5700.12869,0.0
-50.0,50,5700.700362,0.0
-50.0,50,5701.271432,0.0
-50.0,50,5701.839368,0.0
-50.0,50,5702.399525,0.0
-50.0,50,5702.952565,0.0
-31.0,50,5703.509657,1.0
-28.0,50,5704.067479,1.0
-50.0,50,5704.635185,0.0
-15.0,50,5705.191302,1.0
0.0,50,5705.746951,1.0
-34.0,50,5706.303878,1.0
-50.0,50,5706.868688,0.0
-21.0,50,5707.425447,1.0
-47.0,50,5707.979681,0.0
-50.0,50,5708.538522,0.0
-50.0,50,5709.113853,0.0
-26.0,50,5709.680661,1.0
-37.0,50,5710.236621,1.0
-20.0,50,5710.791335,1.0
-50.0,50,5711.356976,0.0
-50.0,50,5711.914607,0.0
-50.0,50,5712.474232,0.0
-16.0,50,5713.030416,1.0
-27.0,50,5713.59778,1.0
-50.0,50,5714.153239,0.0
-50.0,50,5714.712709,0.0
-50.0,50,5715.274637,0.0
-50.0,50,5715.843639,0.0
-48.0,50,5716.405359,1.0
0.0,50,5716.969603,1.0
-50.0,50,5717.528216,0.0
-42.0,50,5718.100222,1.0
-15.0,50,5718.668841,1.0
-50.0,50,5719.23784,0.0
-19.0,50,5719.804404,1.0
-50.0,50,5720.367316,0.0
-50.0,50,5720.920779,0.0
-50.0,50,5721.484003,0.0
-43.0,50,5722.044457,0.0
-50.0,50,5722.614748,0.0
0.0,50,5723.168657,1.0
-50.0,50,5723.720217,0.0
-50.0,50,5724.281944,0.0
-50.0,50,5724.85055,0.0
-37.0,50,5725.416221,1.0
-50.0,50,5725.977991,0.0
-50.0,50,5726.522906,0.0
-22.0,50,5727.080164,1.0
-50.0,50,5727.63227,0.0
0.0,50,5728.182654,1.0
-50.0,50,5728.746249,0.0
-48.0,50,5729.319034,0.0
0.0,50,5729.878784,1.0
-50.0,50,5730.435575,0.0
-17.0,50,5730.995349,1.0
-50.0,50,5731.565777,0.0
-20.0,50,5732.118647,1.0
-22.0,50,5732.676731,1.0
-21.0,50,5733.234319,1.0
-23.0,50,5733.802751,1.0
-14.0,50,5734.362641,1.0
-50.0,50,5734.920752,0.0
-32.0,50,5735.482602,1.0
-50.0,50,5736.050806,0.0
-50.0,50,5736.611432,0.0
-50.0,50,5737.174706,0.0
-50.0,50,5737.730354,0.0
-33.0,50,5738.301983,1.0
-26.0,50,5738.864462,1.0
-16.0,50,5739.423404,1.0
-50.0,50,5739.993508,0.0
-29.0,50,5740.576781,1.0
-14.0,50,5741.136001,1.0
-50.0,50,5741.698888,0.0
-29.0,50,5742.258981,1.0
-50.0,50,5742.832955,0.0
-19.0,50,5743.39658,1.0
-33.0,50,5743.959865,1.0
-25.0,50,5744.521061,1.0
-50.0,50,5745.092591,0.0
-36.0,50,5745.654977,1.0
-50.0,50,5746.216804,0.0
-23.0,50,5746.781541,1.0
0.0,50,5747.351624,1.0
-45.0,50,5747.918581,1.0
-48.0,50,5748.48553,0.0
-50.0,50,5749.049433,0.0
-44.0,50,5749.629276,1.0
-33.0,50,5750.194766,1.0
-50.0,50,5750.756556,0.0
-50.0,50,5751.318182,0.0
-50.0,50,5751.883349,0.0
-34.0,50,5752.444488,1.0
-50.0,50,5753.011507,0.0
-50.0,50,5753.575745,0.0
-50.0,50,5754.147753,0.0
-13.0,50,5754.707497,1.0
-22.0,50,5755.270091,1.0
-50.0,50,5755.824799,0.0
-50.0,50,5756.396994,0.0
-50.0,50,5756.963941,0.0
-50.0,50,5757.523588,0.0
0.0,50,5758.086738,1.0
-50.0,50,5758.65333,0.0
-24.0,50,5759.216513,1.0
0.0,50,5759.774858,1.0
-50.0,50,5760.329116,0.0
-50.0,50,5760.894307,0.0
-50.0,50,5761.449625,0.0
-50.0,50,5762.012786,0.0
0.0,50,5762.571796,1.0
-50.0,50,5763.143003,0.0
-50.0,50,5763.705159,0.0
-41.0,50,5764.267294,0.0
-50.0,50,5764.829232,0.0
-48.0,50,5765.398647,0.0
-50.0,50,5765.96008,0.0
-50.0,50,5766.513839,0.0
-43.0,50,5767.073684,1.0
-27.0,50,5767.623305,1.0
-46.0,50,5768.146369,1.0
-24.0,50,5768.66735,1.0
-50.0,50,5769.190943,0.0
-28.0,50,5770.223296,1.0
-26.0,50,5771.443632,1.0
-50.0,50,5772.663843,0.0
-50.0,50,5773.87899,0.0
-50.0,50,5775.175128,0.0
-2.0,50,5776.428937,1.0
-50.0,50,5777.623874,0.0
-50.0,50,5778.822878,0.0
-50.0,50,5780.023833,0.0
-50.0,50,5781.214513,0.0
-47.0,50,5782.412948,1.0
-50.0,50,5783.591954,0.0
-24.0,50,5784.797933,1.0
-50.0,50,5785.991671,0.0
-34.0,50,5787.18358,1.0
-50.0,50,5788.382056,0.0
-22.0,50,5789.587928,1.0
-25.0,50,5790.781298,1.0
-23.0,50,5791.677168,1.0
-48.0,50,5792.227412,0.0
-50.0,50,5792.787342,0.0
-50.0,50,5793.344849,0.0
-20.0,50,5793.898476,1.0
-50.0,50,5794.454721,0.0
-48.0,50,5795.014412,0.0
-50.0,50,5795.57197,0.0
-50.0,50,5796.117546,0.0
-50.0,50,5796.66961,0.0
-50.0,50,5797.22872,0.0
-50.0,50,5797.773915,0.0
-50.0,50,5798.329236,0.0
-17.0,50,5798.883012,1.0
-9.0,50,5799.445671,1.0
-50.0,50,5800.007347,0.0
-13.0,50,5800.557614,1.0
-28.0,50,5801.110942,1.0
-50.0,50,5801.671963,0.0
-50.0,50,5802.229251,0.0
-33.0,50,5802.784957,1.0
-33.0,50,5803.340016,1.0
-49.0,50,5803.900988,0.0
-50.0,50,5804.450461,0.0
-24.0,50,5805.004667,1.0
-50.0,50,5805.554961,0.0
-50.0,50,5806.120114,0.0
-50.0,50,5806.674673,0.0
-50.0,50,5807.227179,0.0
-11.0,50,5807.79882,1.0
-13.0,50,5808.374082,1.0
-50.0,50,5808.942658,0.0
-50.0,50,5809.513164,0.0
-50.0,50,5810.081376,0.0
-50.0,50,5810.65787,0.0
-22.0,50,5811.227944,1.0
-50.0,50,5811.794836,0.0
-27.0,50,5812.358836,1.0
-36.0,50,5812.929617,1.0
-50.0,50,5813.493232,0.0
0.0,50,5814.052527,1.0
-49.0,50,5814.616127,0.0
-41.0,50,5815.193882,1.0
0.0,50,5815.756155,1.0
-50.0,50,5816.319965,0.0
-41.0,50,5816.884023,1.0
-50.0,50,5817.452052,0.0
-28.0,50,5818.016988,1.0
-50.0,50,5818.584174,0.0
-50.0,50,5819.139425,0.0
-50.0,50,5819.714168,0.0
-16.0,50,5820.275747,1.0
-50.0,50,5820.840652,0.0
-27.0,50,5821.396139,1.0
-37.0,50,5821.970196,1.0
-50.0,50,5822.533226,0.0
-50.0,50,5823.097444,0.0
-50.0,50,5823.659716,0.0
-50.0,50,5826.718201,0.0
0.0,50,5827.287511,1.0
-50.0,50,5827.850127,0.0
-50.0,50,5828.423201,0.0
-12.0,50,5829.001707,1.0
-48.0,50,5829.579587,0.0
-22.0,50,5830.149868,1.0
-41.0,50,5830.720518,1.0
-50.0,50,5831.296599,0.0
-50.0,50,5831.864401,0.0
-29.0,50,5832.430957,1.0
-47.0,50,5832.998442,0.0
0.0,50,5833.573513,1.0
-28.0,50,5834.139798,1.0
-34.0,50,5834.706344,1.0
-16.0,50,5835.275465,1.0
-16.0,50,5835.85023,1.0
-50.0,50,5836.423219,0.0
-50.0,50,5836.993315,0.0
-50.0,50,5837.561475,0.0
-50.0,50,5838.136809,0.0
0.0,50,5838.700661,1.0
-50.0,50,5839.271353,0.0
-49.0,50,5839.843599,1.0
0.0,50,5840.422544,1.0
-50.0,50,5840.992277,0.0
-50.0,50,5841.562143,0.0
-50.0,50,5842.13274,0.0
-50.0,50,5842.713298,0.0
-50.0,50,5843.281245,0.0
-50.0,50,5843.844718,0.0
-48.0,50,5844.412783,0.0
0.0,50,5844.993824,1.0
-22.0,50,5845.558311,1.0
-22.0,50,5846.126194,1.0
-20.0,50,5846.692603,1.0
-29.0,50,5847.267663,1.0
-50.0,50,5847.830888,0.0
-27.0,50,5848.398451,1.0
-47.0,50,5848.965931,0.0
-50.0,50,5849.544796,0.0
-13.0,50,5850.112545,1.0
-11.0,50,5850.681242,1.0
-33.0,50,5851.251197,1.0
-50.0,50,5851.817752,0.0
-16.0,50,5852.377382,1.0
-50.0,50,5852.937759,0.0
-50.0,50,5853.4956,0.0
-50.0,50,5854.074762,0.0
-50.0,50,5854.642163,0.0
-50.0,50,5855.203535,0.0
-50.0,50,5855.771487,0.0
-50.0,50,5856.35436,0.0
-47.0,50,5856.919196,0.0
-50.0,50,5857.486363,0.0
-16.0,50,5858.053044,1.0
0.0,50,5858.639561,1.0
0.0,50,5859.208061,1.0
-46.0,50,5859.786598,0.0
0.0,50,5860.351199,1.0
-50.0,50,5860.925941,0.0
-40.0,50,5861.491268,1.0
-48.0,50,5862.055067,0.0
-50.0,50,5862.615919,0.0
-50.0,50,5863.188311,0.0
-15.0,50,5863.754002,1.0
-50.0,50,5864.319757,0.0
-50.0,50,5864.880125,0.0
-46.0,50,5865.454551,1.0
-43.0,50,5866.020259,1.0
-15.0,50,5866.582361,1.0
-49.0,50,5867.149347,1.0
-10.0,50,5867.722174,1.0
-18.0,50,5868.290746,1.0
-50.0,50,5868.855375,0.0
-50.0,50,5869.424419,0.0
-50.0,50,5870.000402,0.0
-23.0,50,5870.567183,1.0
-50.0,50,5871.134976,0.0
-33.0,50,5871.704018,1.0
-50.0,50,5872.282137,0.0
-23.0,50,5872.851248,1.0
-50.0,50,5873.417842,0.0
-50.0,50,5873.987281,0.0
0.0,50,5874.563537,1.0
-49.0,50,5875.13437,0.0
-48.0,50,5875.703302,0.0
-50.0,50,5876.266472,0.0
-50.0,50,5876.839466,0.0
-36.0,50,5877.409938,1.0
-50.0,50,5877.975563,0.0
-30.0,50,5878.543383,1.0
-46.0,50,5879.120572,0.0
-48.0,50,5879.685994,0.0
-50.0,50,5880.247432,0.0
-31.0,50,5880.816377,1.0
-50.0,50,5881.391399,0.0
-24.0,50,5881.954123,1.0
-50.0,50,5882.521812,0.0
-50.0,50,5883.087533,0.0
-50.0,50,5883.663543,0.0
-13.0,50,5884.234824,1.0
-31.0,50,5884.80264,1.0
0.0,50,5885.368611,1.0
-50.0,50,5885.956528,0.0
-29.0,50,5886.517116,1.0
-50.0,50,5887.069918,0.0
-50.0,50,5887.63241,0.0
-50.0,50,5888.207517,0.0
-50.0,50,5888.773343,0.0
-17.0,50,5889.342431,1.0
-50.0,50,5889.912819,0.0
-50.0,50,5890.482438,0.0
-50.0,50,5891.048155,0.0
-50.0,50,5891.61406,0.0
-50.0,50,5892.177387,0.0
-50.0,50,5892.75341,0.0
-50.0,50,5893.316269,0.0
-50.0,50,5893.882959,0.0
-22.0,50,5894.451164,1.0
-50.0,50,5895.018272,0.0
-22.0,50,5895.583933,1.0
-50.0,50,5896.153232,0.0
0.0,50,5896.722522,1.0
-36.0,50,5897.301152,1.0
-50.0,50,5897.867132,0.0
-50.0,50,5898.430578,0.0
-50.0,50,5898.997633,0.0
0.0,50,5899.572216,1.0
-50.0,50,5900.141037,0.0
-48.0,50,5900.710621,0.0
-50.0,50,5901.279829,0.0
-18.0,50,5901.854937,1.0
-30.0,50,5902.424216,1.0
-50.0,50,5902.982968,0.0
-50.0,50,5903.546448,0.0
-50.0,50,5904.124851,0.0
-50.0,50,5904.695274,0.0
-15.0,50,5905.263744,1.0
-2.0,50,5905.832463,1.0
-50.0,50,5906.407088,0.0
-50.0,50,5906.979211,0.0
-24.0,50,5907.544278,1.0
0.0,50,5908.10898,1.0
-50.0,50,5908.679363,0.0
-50.0,50,5909.246871,0.0
-25.0,50,5909.814976,1.0
-14.0,50,5910.382739,1.0
-47.0,50,5910.957447,0.0
-50.0,50,5911.524217,0.0
-50.0,50,5912.091213,0.0
-21.0,50,5912.658768,1.0
-50.0,50,5913.231817,0.0
-50.0,50,5913.80005,0.0
-50.0,50,5914.366235,0.0
-49.0,50,5914.931141,0.0
-47.0,50,5915.508978,0.0
-46.0,50,5916.079397,1.0
-16.0,50,5916.649138,1.0
0.0,50,5917.213989,1.0
-37.0,50,5917.79539,1.0
-50.0,50,5918.363362,0.0
-17.0,50,5918.930633,1.0
-50.0,50,5919.498994,0.0
-15.0,50,5920.08252,1.0
-36.0,50,5920.647276,1.0
-50.0,50,5921.209741,0.0
-29.0,50,5921.779259,1.0
-39.0,50,5922.35761,1.0
-50.0,50,5922.923667,0.0
-13.0,50,5923.492599,1.0
-23.0,50,5924.0643,1.0
-50.0,50,5924.638849,0.0
-19.0,50,5925.206154,1.0
-26.0,50,5925.775687,1.0
-35.0,50,5926.344544,1.0
-50.0,50,5926.921824,0.0
-50.0,50,5927.487039,0.0
-22.0,50,5928.051987,1.0
-48.0,50,5928.615639,0.0
-50.0,50,5929.183357,0.0
-50.0,50,5929.743435,0.0
-50.0,50,5930.302791,0.0
-50.0,50,5930.866817,0.0
-39.0,50,5931.441187,1.0
-22.0,50,5932.004587,1.0
-50.0,50,5932.570601,0.0
-50.0,50,5933.128884,0.0
-27.0,50,5933.702286,1.0
-19.0,50,5934.265832,1.0
-50.0,50,5934.828172,0.0
-46.0,50,5935.394749,1.0
-50.0,50,5935.969921,0.0
-50.0,50,5936.532498,0.0
-50.0,50,5937.096908,0.0
-50.0,50,5937.661365,0.0
-25.0,50,5938.233154,1.0
0.0,50,5938.799423,1.0
-24.0,50,5939.364268,1.0
-50.0,50,5939.923096,0.0
-31.0,50,5942.941326,1.0
-50.0,50,5943.505644,0.0
0.0,50,5944.069987,1.0
-50.0,50,5944.634698,0.0
-24.0,50,5945.207665,1.0
-50.0,50,5945.768842,0.0
-16.0,50,5946.330734,1.0
-50.0,50,5946.881846,0.0
-23.0,50,5947.454592,1.0
-42.0,50,5948.02042,1.0
-16.0,50,5948.586407,1.0
-50.0,50,5949.154309,0.0
-50.0,50,5949.733942,0.0
-47.0,50,5950.292924,0.0
-11.0,50,5950.855307,1.0
-50.0,50,5951.41224,0.0
-16.0,50,5951.983645,1.0
-50.0,50,5952.548067,0.0
-49.0,50,5953.110293,0.0
-36.0,50,5953.677083,1.0
-50.0,50,5954.24948,0.0
-50.0,50,5954.817635,0.0
-24.0,50,5955.380468,1.0
-50.0,50,5955.947752,0.0
-19.0,50,5956.520841,1.0
-50.0,50,5957.086756,0.0
-50.0,50,5957.652146,0.0
-50.0,50,5958.218831,0.0
-50.0,50,5958.793235,0.0
-20.0,50,5959.356125,1.0
-38.0,50,5959.924717,1.0
-50.0,50,5960.485355,0.0
-16.0,50,5961.055577,1.0
-50.0,50,5961.620183,0.0
-50.0,50,5962.188816,0.0
-43.0,50,5962.759554,1.0
-50.0,50,5963.336747,0.0
-17.0,50,5963.907237,1.0
-16.0,50,5964.476224,1.0
-49.0,50,5965.036803,0.0
-26.0,50,5965.600875,1.0
-14.0,50,5966.159256,1.0
-50.0,50,5966.709116,0.0
-50.0,50,5967.259751,0.0
-50.0,50,5967.831949,0.0
-26.0,50,5968.395983,1.0
-50.0,50,5968.963559,0.0
-50.0,50,5969.526442,0.0
-17.0,50,5970.097797,1.0
-9.0,50,5970.65444,1.0
-50.0,50,5971.21257,0.0
-50.0,50,5971.771372,0.0
0.0,50,5972.339535,1.0
-14.0,50,5972.902591,1.0
-50.0,50,5973.463045,0.0
-50.0,50,5974.019227,0.0
-28.0,50,5974.590616,1.0
-50.0,50,5975.154773,0.0
-50.0,50,5975.717399,0.0
-49.0,50,5976.2765,0.0
-50.0,50,5976.846603,0.0
-18.0,50,5977.410307,1.0
-50.0,50,5977.971128,0.0
-21.0,50,5978.531459,1.0
-20.0,50,5979.100588,1.0
-30.0,50,5979.671377,1.0
-50.0,50,5980.232673,0.0
-23.0,50,5980.795248,1.0
-18.0,50,5981.363634,1.0
-19.0,50,5981.925969,1.0
-12.0,50,5982.485204,1.0
-50.0,50,5983.04257,0.0
-50.0,50,5983.615593,0.0
-50.0,50,5984.179363,0.0
-21.0,50,5984.738287,1.0
-46.0,50,5985.300538,0.0
-50.0,50,5985.873459,0.0
-50.0,50,5986.438646,0.0
-17.0,50,5987.001578,1.0
-50.0,50,5987.562864,0.0
-15.0,50,5988.141235,1.0
-50.0,50,5988.709578,0.0
-50.0,50,5989.279001,0.0
-50.0,50,5989.852332,0.0
-50.0,50,5990.432159,0.0
-50.0,50,5990.999334,0.0
-50.0,50,5991.569648,0.0
-50.0,50,5992.133391,0.0
-50.0,50,5992.713735,0.0
-22.0,50,5993.281639,1.0
-50.0,50,5993.852973,0.0
-50.0,50,5994.424437,0.0
-21.0,50,5995.003673,1.0
-14.0,50,5995.573289,1.0
-33.0,50,5996.138575,1.0
-33.0,50,5996.705666,1.0
-50.0,50,5997.285655,0.0
-50.0,50,5997.846228,0.0
-50.0,50,5998.411412,0.0
0.0,50,5998.982897,1.0
-50.0,50,5999.561431,0.0
-27.0,50,6000.132989,1.0
-48.0,50,6000.702357,0.0
-17.0,50,6001.270393,1.0
-50.0,50,6001.849087,0.0
-50.0,50,6002.419482,0.0
0.0,50,6002.986629,1.0
-39.0,50,6003.556993,1.0
-17.0,50,6004.138067,1.0
-50.0,50,6004.704263,0.0
-39.0,50,6005.272622,1.0
-50.0,50,6005.841405,0.0
-50.0,50,6006.413755,0.0
-50.0,50,6006.985322,0.0
-50.0,50,6007.553855,0.0
-23.0,50,6008.123612,1.0
-50.0,50,6008.702399,0.0
-50.0,50,6009.273278,0.0
-28.0,50,6009.850324,1.0
-50.0,50,6010.417263,0.0
-50.0,50,6010.992504,0.0
-18.0,50,6011.561171,1.0
-50.0,50,6012.130636,0.0
-50.0,50,6012.700233,0.0
-27.0,50,6013.280716,1.0
-20.0,50,6013.850996,1.0
-49.0,50,6014.421174,1.0
-19.0,50,6014.988343,1.0
-17.0,50,6015.56249,1.0
-13.0,50,6016.130151,1.0
-9.0,50,6016.692037,1.0
-50.0,50,6017.259208,0.0
-4.0,50,6017.840514,1.0
-50.0,50,6018.404076,0.0
-50.0,50,6018.975589,0.0
-50.0,50,6019.54554,0.0
-50.0,50,6020.120459,0.0
-50.0,50,6020.683463,0.0
-50.0,50,6021.24053,0.0
-50.0,50,6021.806673,0.0
-50.0,50,6022.374781,0.0
0.0,50,6022.935834,1.0
-39.0,50,6023.497387,1.0
-26.0,50,6024.062958,1.0
-28.0,50,6024.636802,1.0
-50.0,50,6025.196836,0.0
-50.0,50,6025.759608,0.0
-29.0,50,6026.326391,1.0
-50.0,50,6026.895609,0.0
-16.0,50,6027.459417,1.0
-24.0,50,6028.022452,1.0
-20.0,50,6028.585425,1.0
-24.0,50,6029.157857,1.0
-50.0,50,6029.720663,0.0
-50.0,50,6030.274227,0.0
-15.0,50,6030.838348,1.0
-15.0,50,6031.410966,1.0
-41.0,50,6031.972894,1.0
-21.0,50,6032.536885,1.0
-50.0,50,6033.101859,0.0
-50.0,50,6033.669745,0.0
-50.0,50,6034.228165,0.0
0.0,50,6034.792812,1.0
-50.0,50,6035.356656,0.0
-15.0,50,6035.928768,1.0
-17.0,50,6036.492067,1.0
-50.0,50,6037.053699,0.0
-50.0,50,6037.612326,0.0
-50.0,50,6038.186076,0.0
-27.0,50,6038.751681,1.0
-50.0,50,6039.31988,0.0
-50.0,50,6039.893998,0.0
0.0,50,6040.466325,1.0
-50.0,50,6041.027824,0.0
-35.0,50,6041.596818,1.0
-20.0,50,6042.157951,1.0
-50.0,50,6042.735002,0.0
-13.0,50,6043.292639,1.0
-50.0,50,6043.845276,0.0
-47.0,50,6044.405981,1.0
-23.0,50,6044.974772,1.0
-50.0,50,6045.538619,0.0
-50.0,50,6046.097325,0.0
-50.0,50,6046.659994,0.0
-18.0,50,6047.229781,1.0
-37.0,50,6047.796289,1.0
-50.0,50,6048.351146,0.0
-25.0,50,6048.913918,1.0
-50.0,50,6049.489597,0.0
-50.0,50,6050.046691,0.0
-46.0,50,6050.613223,0.0
-40.0,50,6051.176825,1.0
-49.0,50,6051.754941,1.0
-48.0,50,6052.311267,1.0
-15.0,50,6052.873634,1.0
-40.0,50,6053.440079,1.0
-49.0,50,6054.012358,0.0
-50.0,50,6054.564471,0.0
-50.0,50,6055.132687,0.0
-47.0,50,6055.702764,0.0
-50.0,50,6058.699204,0.0
-50.0,50,6059.269003,0.0
-50.0,50,6059.834017,0.0
0.0,50,6060.401487,1.0
-18.0,50,6060.979573,1.0
-32.0,50,6061.550828,1.0
-50.0,50,6062.114521,0.0
-42.0,50,6062.678879,0.0
-50.0,50,6063.244795,0.0
-50.0,50,6063.811577,0.0
-26.0,50,6064.375869,1.0
-50.0,50,6064.933424,0.0
-44.0,50,6065.508067,1.0
0.0,50,6066.072778,1.0
-50.0,50,6066.631959,0.0
-48.0,50,6067.195196,0.0
-50.0,50,6067.764486,0.0
-14.0,50,6068.329986,1.0
-50.0,50,6068.889486,0.0
-50.0,50,6069.45394,0.0
-50.0,50,6070.034443,0.0
-50.0,50,6070.598619,0.0
-50.0,50,6071.160712,0.0
-48.0,50,6071.722774,0.0
-50.0,50,6072.296119,0.0
-6.0,50,6072.855209,1.0
0.0,50,6073.415758,1.0
-19.0,50,6073.974728,1.0
-50.0,50,6074.550855,0.0
-50.0,50,6075.111164,0.0
-50.0,50,6075.665191,0.0
-50.0,50,6076.216735,0.0
-50.0,50,6076.785813,0.0
-47.0,50,6077.347117,0.0
0.0,50,6077.908082,1.0
-24.0,50,6078.460704,1.0
-24.0,50,6079.023866,1.0
-31.0,50,6079.578559,1.0
0.0,50,6080.141165,1.0
-13.0,50,6080.706004,1.0
-50.0,50,6081.278922,0.0
-50.0,50,6081.83549,0.0
-37.0,50,6082.401983,1.0
-21.0,50,6082.963523,1.0
-16.0,50,6083.536976,1.0
-25.0,50,6084.100671,1.0
-32.0,50,6084.665861,1.0
-29.0,50,6085.23322,1.0
-26.0,50,6085.806783,1.0
-26.0,50,6086.372834,1.0
-30.0,50,6086.938522,1.0
-50.0,50,6087.504041,0.0
-47.0,50,6088.079018,0.0
-18.0,50,6088.63995,1.0
-16.0,50,6089.201233,1.0
-50.0,50,6089.762789,0.0
-48.0,50,6090.333866,0.0
0.0,50,6090.89572,1.0
-20.0,50,6091.461867,1.0
-50.0,50,6092.032483,0.0
-50.0,50,6092.606081,0.0
-50.0,50,6093.167192,0.0
-49.0,50,6093.72573,0.0
-50.0,50,6094.287298,0.0
-15.0,50,6094.861773,1.0
-16.0,50,6095.430651,1.0
-15.0,50,6095.998181,1.0
-50.0,50,6096.564811,0.0
-50.0,50,6097.141248,0.0
-21.0,50,6097.71201,1.0
-50.0,50,6098.284096,0.0
-50.0,50,6098.852116,0.0
-24.0,50,6099.431435,1.0
-50.0,50,6100.010017,0.0
0.0,50,6100.578484,1.0
-49.0,50,6101.148302,0.0
-16.0,50,6101.728446,1.0
-50.0,50,6102.287189,0.0
-50.0,50,6102.857435,0.0
-22.0,50,6103.426686,1.0
-50.0,50,6104.007515,0.0
-17.0,50,6104.580339,1.0
-23.0,50,6105.153466,1.0
-50.0,50,6105.721661,0.0
-49.0,50,6106.301534,1.0
-50.0,50,6106.870335,0.0
-16.0,50,6107.440302,1.0
-48.0,50,6108.015705,0.0
-44.0,50,6108.592661,1.0
-50.0,50,6109.159645,0.0
-14.0,50,6109.72905,1.0
-50.0,50,6110.291002,0.0
-18.0,50,6110.861679,1.0
-16.0,50,6111.424768,1.0
-17.0,50,6111.984036,1.0
-40.0,50,6112.547499,0.0
-31.0,50,6113.119798,1.0
-49.0,50,6113.683803,0.0
-20.0,50,6114.246839,1.0
-36.0,50,6114.812743,1.0
-50.0,50,6115.386319,0.0
-46.0,50,6115.951781,1.0
0.0,50,6116.515716,1.0
-50.0,50,6117.077158,0.0
-26.0,50,6117.646139,1.0
-50.0,50,6118.208462,0.0
-50.0,50,6118.771654,0.0
-50.0,50,6119.335845,0.0
-16.0,50,6119.909303,1.0
-23.0,50,6120.471338,0.0
-18.0,50,6121.040174,1.0
-50.0,50,6121.605476,0.0
-50.0,50,6122.181717,0.0
-50.0,50,6122.746874,0.0
-23.0,50,6123.314199,1.0
-50.0,50,6123.879239,0.0
-22.0,50,6124.457187,1.0
-50.0,50,6125.020236,0.0
-50.0,50,6125.591425,0.0
-26.0,50,6126.16233,1.0
-42.0,50,6126.738854,1.0
-21.0,50,6127.30514,1.0
-50.0,50,6127.875425,0.0
-50.0,50,6128.434675,0.0
-50.0,50,6129.015059,0.0
-50.0,50,6129.591701,0.0
-32.0,50,6130.158199,1.0
-48.0,50,6130.724631,1.0
-50.0,50,6131.299433,0.0
0.0,50,6131.865967,1.0
-19.0,50,6132.435036,1.0
-16.0,50,6133.001419,1.0
-33.0,50,6133.579822,1.0
-50.0,50,6134.149483,0.0
-27.0,50,6134.716337,1.0
-50.0,50,6135.274048,0.0
-50.0,50,6135.847947,0.0
0.0,50,6136.412267,1.0
-50.0,50,6136.978926,0.0
-21.0,50,6137.544302,1.0
-50.0,50,6138.116568,0.0
-28.0,50,6138.685264,1.0
-44.0,50,6139.254189,1.0
-29.0,50,6139.82188,1.0
-50.0,50,6140.394668,0.0
-25.0,50,6140.964827,1.0
-50.0,50,6141.53072,0.0
-50.0,50,6142.099302,0.0
-16.0,50,6142.67718,1.0
-50.0,50,6143.234078,0.0
-24.0,50,6143.799738,1.0
-34.0,50,6144.367513,1.0
-17.0,50,6144.94235,1.0
-50.0,50,6145.505287,0.0
-50.0,50,6146.0682,0.0
-50.0,50,6146.633963,0.0
-50.0,50,6147.205268,0.0
-50.0,50,6147.764152,0.0
-50.0,50,6148.331349,0.0
-18.0,50,6148.896415,1.0
-50.0,50,6149.467297,0.0
-28.0,50,6150.031396,1.0
-23.0,50,6150.594245,1.0
-15.0,50,6151.15514,1.0
-23.0,50,6151.729483,1.0
-50.0,50,6152.292965,0.0
-35.0,50,6152.857676,1.0
-50.0,50,6153.427163,0.0
0.0,50,6154.001108,1.0
-18.0,50,6154.569071,1.0
-50.0,50,6155.130936,0.0
-50.0,50,6155.697704,0.0
-48.0,50,6156.276371,0.0
-16.0,50,6156.845406,1.0
-50.0,50,6157.412879,0.0
-50.0,50,6157.979147,0.0
-50.0,50,6158.550809,0.0
-50.0,50,6159.114348,0.0
-50.0,50,6159.693389,0.0
-50.0,50,6160.257515,0.0
-20.0,50,6160.831997,1.0
-27.0,50,6161.397717,1.0
-50.0,50,6161.96937,0.0
-20.0,50,6162.537554,1.0
-16.0,50,6163.112695,1.0
-50.0,50,6163.67523,0.0
-50.0,50,6164.23836,0.0
-50.0,50,6164.805054,0.0
0.0,50,6165.38139,1.0
-17.0,50,6165.945518,1.0
-47.0,50,6166.512354,0.0
-50.0,50,6167.08071,0.0
-50.0,50,6167.6561,0.0
-50.0,50,6168.227596,0.0
-21.0,50,6168.797662,1.0
-35.0,50,6169.369587,1.0
-50.0,50,6169.949684,0.0
-22.0,50,6170.519754,1.0
-50.0,50,6171.085334,0.0
-31.0,50,6171.658463,1.0
-23.0,50,6174.726723,1.0
-50.0,50,6175.291532,0.0
-45.0,50,6175.857977,0.0
-50.0,50,6176.426012,0.0
-50.0,50,6177.002628,0.0
-14.0,50,6177.572202,1.0
-50.0,50,6178.141825,0.0
-50.0,50,6178.71093,0.0
-50.0,50,6179.28161,0.0
-8.0,50,6179.854412,1.0
-50.0,50,6180.422713,0.0
-28.0,50,6180.991253,1.0
-46.0,50,6181.559346,1.0
-50.0,50,6182.123538,0.0
-50.0,50,6182.693691,0.0
-14.0,50,6183.265164,1.0
-9.0,50,6183.841025,1.0
-11.0,50,6184.414247,1.0
-50.0,50,6184.984002,0.0
-45.0,50,6185.555563,1.0
-16.0,50,6186.134491,1.0
-50.0,50,6186.705011,0.0
-20.0,50,6187.273419,1.0
-19.0,50,6187.844589,1.0
-50.0,50,6188.425461,0.0
0.0,50,6188.998782,1.0
-24.0,50,6189.577466,1.0
-8.0,50,6190.149542,1.0
-50.0,50,6190.727667,0.0
-46.0,50,6191.288703,1.0
-49.0,50,6191.847298,0.0
-24.0,50,6192.40909,1.0
-26.0,50,6192.976722,1.0
-50.0,50,6193.540766,0.0
-50.0,50,6194.107517,0.0
-50.0,50,6194.67613,0.0
-50.0,50,6195.257764,0.0
-50.0,50,6195.83158,0.0
0.0,50,6196.402956,1.0
-50.0,50,6196.97548,0.0
-49.0,50,6197.556646,0.0
-48.0,50,6198.125503,0.0
-50.0,50,6198.693693,0.0
-8.0,50,6199.261564,1.0
-37.0,50,6199.841643,1.0
-26.0,50,6200.41048,1.0
0.0,50,6200.975941,1.0
-10.0,50,6201.540596,1.0
-50.0,50,6202.114818,0.0
-27.0,50,6202.683909,1.0
-50.0,50,6203.254333,0.0
-15.0,50,6203.826023,1.0
-50.0,50,6204.404161,0.0
-33.0,50,6204.973892,1.0
0.0,50,6205.545085,1.0
-19.0,50,6206.116468,1.0
-27.0,50,6206.695268,1.0
-36.0,50,6207.264611,1.0
-33.0,50,6207.8361,1.0
-50.0,50,6208.397138,0.0
-50.0,50,6208.976243,0.0
-48.0,50,6209.546196,0.0
0.0,50,6210.113544,1.0
-15.0,50,6210.680124,1.0
-50.0,50,6211.257811,0.0
-42.0,50,6211.826196,0.0
-48.0,50,6212.396893,0.0
0.0,50,6212.967403,1.0
-50.0,50,6213.541313,0.0
-18.0,50,6214.111306,1.0
-50.0,50,6214.679938,0.0
-50.0,50,6215.242358,0.0
-50.0,50,6215.815778,0.0
0.0,50,6216.384185,1.0
-50.0,50,6216.953805,0.0
-50.0,50,6217.521879,0.0
0.0,50,6218.100399,1.0
-14.0,50,6218.668255,1.0
-13.0,50,6219.238843,1.0
-26.0,50,6219.81951,1.0
0.0,50,6220.397544,1.0
-17.0,50,6220.964653,1.0
-19.0,50,6221.534819,1.0
-10.0,50,6222.104436,1.0
-50.0,50,6222.683524,0.0
-50.0,50,6223.251319,0.0
-50.0,50,6223.819299,0.0
-50.0,50,6224.389428,0.0
-50.0,50,6224.968316,0.0
0.0,50,6225.536904,1.0
-17.0,50,6226.104404,1.0
-11.0,50,6226.674881,1.0
0.0,50,6227.248675,1.0
-13.0,50,6227.819446,1.0
-50.0,50,6228.388577,0.0
-17.0,50,6228.957603,1.0
-12.0,50,6229.539253,1.0
-50.0,50,6230.110869,0.0
-24.0,50,6230.683733,1.0
-50.0,50,6231.251683,0.0
-21.0,50,6231.830559,1.0
-14.0,50,6232.398855,1.0
-50.0,50,6232.973185,0.0
-50.0,50,6233.540315,0.0
-25.0,50,6234.12115,1.0
0.0,50,6234.693071,1.0
-18.0,50,6235.263902,1.0
-18.0,50,6235.830202,1.0
-47.0,50,6236.409163,0.0
-31.0,50,6236.978716,1.0
-50.0,50,6237.548777,0.0
-50.0,50,6238.116276,0.0
-50.0,50,6238.697892,0.0
-13.0,50,6239.270254,1.0
-17.0,50,6239.840301,1.0
-22.0,50,6240.410412,1.0
-50.0,50,6240.987412,0.0
-50.0,50,6241.559233,0.0
0.0,50,6242.127097,1.0
-21.0,50,6242.695658,1.0
-50.0,50,6243.277603,0.0
-50.0,50,6243.848485,0.0
-15.0,50,6244.415896,1.0
-26.0,50,6244.989755,1.0
-37.0,50,6245.579725,1.0
-42.0,50,6246.152227,1.0
-50.0,50,6246.723565,0.0
-34.0,50,6247.296004,0.0
-47.0,50,6247.880574,0.0
-50.0,50,6248.451089,0.0
-46.0,50,6249.015818,0.0
-16.0,50,6249.596785,1.0
-50.0,50,6250.177269,0.0
-50.0,50,6250.745127,0.0
-25.0,50,6251.316036,1.0
-50.0,50,6251.882014,0.0
-50.0,50,6252.463119,0.0
-34.0,50,6253.031943,1.0
-12.0,50,6253.59584,1.0
-31.0,50,6254.171344,1.0
-47.0,50,6254.751662,1.0
-50.0,50,6255.322493,0.0
-50.0,50,6255.895218,0.0
-24.0,50,6256.46786,1.0
-50.0,50,6257.050729,0.0
-44.0,50,6257.6225,1.0
-50.0,50,6258.195325,0.0
-50.0,50,6258.766857,0.0
-49.0,50,6259.339218,0.0
-49.0,50,6259.905581,1.0
-30.0,50,6260.474617,1.0
-30.0,50,6261.043857,1.0
-50.0,50,6261.609432,0.0
-50.0,50,6262.177036,0.0
-50.0,50,6262.747298,0.0
-16.0,50,6263.318442,1.0
-49.0,50,6263.89764,1.0
-27.0,50,6264.471492,1.0
-50.0,50,6265.034316,0.0
-50.0,50,6265.601531,0.0
0.0,50,6266.176257,1.0
0.0,50,6266.743549,1.0
-49.0,50,6267.314756,1.0
-30.0,50,6267.886508,1.0
-50.0,50,6268.466097,0.0
-21.0,50,6269.033915,1.0
-12.0,50,6269.605833,1.0
-50.0,50,6270.175943,0.0
-50.0,50,6270.750206,0.0
-25.0,50,6271.319973,1.0
-14.0,50,6271.886779,1.0
-50.0,50,6272.458533,0.0
-40.0,50,6273.035211,1.0
-39.0,50,6273.606616,1.0
-50.0,50,6274.173505,0.0
-15.0,50,6274.742779,1.0
-43.0,50,6275.322905,1.0
0.0,50,6275.888252,1.0
-44.0,50,6276.456804,1.0
-50.0,50,6277.022676,0.0
-50.0,50,6277.601863,0.0
-23.0,50,6278.168737,1.0
-20.0,50,6278.738758,1.0
-23.0,50,6279.305271,1.0
-42.0,50,6279.883893,0.0
-50.0,50,6280.44689,0.0
-18.0,50,6281.011871,1.0
-31.0,50,6281.578918,1.0
-16.0,50,6282.152888,1.0
-19.0,50,6282.723667,1.0
-20.0,50,6283.289679,1.0
-29.0,50,6283.855288,1.0
0.0,50,6284.430454,1.0
-32.0,50,6284.997685,1.0
-20.0,50,6285.566014,1.0
-12.0,50,6286.131784,1.0
-21.0,50,6286.706779,1.0
-30.0,50,6287.275632,1.0
-50.0,50,6287.845321,0.0
-28.0,50,6288.417807,1.0
-47.0,50,6291.460986,1.0
-50.0,50,6292.032696,0.0
-22.0,50,6292.602978,1.0
-22.0,50,6293.176653,1.0
-29.0,50,6293.758833,1.0
-33.0,50,6294.330918,1.0
-50.0,50,6294.898914,0.0
-42.0,50,6295.473571,0.0
-40.0,50,6296.052924,1.0
-16.0,50,6296.624474,1.0
-18.0,50,6297.19523,1.0
0.0,50,6297.763049,1.0
-50.0,50,6298.344175,0.0
-50.0,50,6298.915655,0.0
-24.0,50,6299.489686,1.0
-50.0,50,6300.061272,0.0
-50.0,50,6300.648497,0.0
-50.0,50,6301.215934,0.0
-24.0,50,6301.787092,1.0
0.0,50,6302.357787,1.0
-13.0,50,6302.935257,1.0
-50.0,50,6303.50355,0.0
-50.0,50,6304.073402,0.0
-24.0,50,6304.63738,1.0
-50.0,50,6305.198708,0.0
-50.0,50,6305.751582,0.0
-18.0,50,6306.31752,1.0
-33.0,50,6306.89202,1.0
-25.0,50,6307.474644,1.0
-50.0,50,6308.042391,0.0
-50.0,50,6308.615636,0.0
-15.0,50,6309.191667,1.0
-31.0,50,6309.781346,1.0
-40.0,50,6310.352463,1.0
-50.0,50,6310.922845,0.0
-28.0,50,6311.495338,1.0
-26.0,50,6312.07714,1.0
-17.0,50,6312.64727,1.0
-33.0,50,6313.218684,1.0
-50.0,50,6313.778067,0.0
-50.0,50,6314.362499,0.0
-50.0,50,6314.931712,0.0
-50.0,50,6315.495502,0.0
-50.0,50,6316.069452,0.0
0.0,50,6316.644365,1.0
-48.0,50,6317.213784,1.0
-14.0,50,6317.780616,1.0
-25.0,50,6318.347016,1.0
-50.0,50,6318.923432,0.0
-50.0,50,6319.486122,0.0
-23.0,50,6320.052188,1.0
0.0,50,6320.618718,1.0
-50.0,50,6321.185732,0.0
-36.0,50,6321.755126,1.0
-31.0,50,6322.32263,1.0
-25.0,50,6322.892723,1.0
-50.0,50,6323.469916,0.0
-47.0,50,6324.03596,0.0
-50.0,50,6324.605214,0.0
-50.0,50,6325.169866,0.0
-50.0,50,6325.744867,0.0
-50.0,50,6326.306541,0.0
-50.0,50,6326.877731,0.0
-50.0,50,6327.447277,0.0
-29.0,50,6328.020873,1.0
-50.0,50,6328.592157,0.0
-15.0,50,6329.15974,1.0
0.0,50,6329.724487,1.0
-50.0,50,6330.306675,0.0
-50.0,50,6330.877826,0.0
-28.0,50,6331.449542,1.0
-50.0,50,6332.020698,0.0
-20.0,50,6332.604038,1.0
-42.0,50,6333.179832,1.0
-50.0,50,6333.752011,0.0
-50.0,50,6334.326608,0.0
-50.0,50,6334.907021,0.0
-12.0,50,6335.478514,1.0
-24.0,50,6336.052253,1.0
-19.0,50,6336.625795,1.0
-23.0,50,6337.207822,1.0
-47.0,50,6337.778035,0.0
-25.0,50,6338.347629,1.0
-20.0,50,6338.919431,1.0
-50.0,50,6339.510115,0.0
-50.0,50,6340.071364,0.0
-50.0,50,6340.634247,0.0
-50.0,50,6341.203829,0.0
-48.0,50,6341.797538,0.0
-37.0,50,6342.367209,1.0
0.0,50,6342.926053,1.0
-49.0,50,6343.494043,0.0
-25.0,50,6344.071479,1.0
-17.0,50,6344.640665,1.0
-17.0,50,6345.209167,1.0
-11.0,50,6345.779247,1.0
-50.0,50,6346.356951,0.0
-29.0,50,6346.924022,1.0
-17.0,50,6347.494006,1.0
-50.0,50,6348.06481,0.0
-29.0,50,6348.642115,1.0
0.0,50,6349.212181,1.0
-17.0,50,6349.782935,1.0
-36.0,50,6350.350726,1.0
-50.0,50,6350.926325,0.0
-42.0,50,6351.492709,1.0
-33.0,50,6352.060002,1.0
-14.0,50,6352.627646,1.0
-50.0,50,6353.205236,0.0
-50.0,50,6353.770663,0.0
-50.0,50,6354.340893,0.0
-40.0,50,6354.90911,1.0
-50.0,50,6355.483193,0.0
-18.0,50,6356.052711,1.0
-19.0,50,6356.621554,1.0
-50.0,50,6357.190835,0.0
-42.0,50,6357.772862,1.0
-50.0,50,6358.342876,0.0
-17.0,50,6358.909892,1.0
-50.0,50,6359.467736,0.0
-50.0,50,6360.043728,0.0
-50.0,50,6360.610123,0.0
-50.0,50,6361.178839,0.0
-36.0,50,6361.7439,1.0
-50.0,50,6362.312941,0.0
-22.0,50,6362.883703,1.0
-25.0,50,6363.450291,1.0
-45.0,50,6364.016201,0.0
-50.0,50,6364.590902,0.0
-50.0,50,6365.158671,0.0
-50.0,50,6365.720799,0.0
-21.0,50,6366.286316,1.0
-24.0,50,6366.861336,0.0
-50.0,50,6367.429731,0.0
-21.0,50,6367.98989,1.0
-50.0,50,6368.561036,0.0
-45.0,50,6369.139799,1.0
0.0,50,6369.709023,1.0
-46.0,50,6370.27543,0.0
-22.0,50,6370.843868,1.0
-50.0,50,6371.419221,0.0
-50.0,50,6371.977851,0.0
-17.0,50,6372.543971,1.0
-50.0,50,6373.108932,0.0
-27.0,50,6373.685928,1.0
-32.0,50,6374.253827,1.0
-50.0,50,6374.810822,0.0
-50.0,50,6375.374171,0.0
-31.0,50,6375.953146,1.0
-50.0,50,6376.513011,0.0
-50.0,50,6377.080367,0.0
-25.0,50,6377.645668,1.0
-22.0,50,6378.224066,1.0
-21.0,50,6378.794084,1.0
-50.0,50,6379.353088,0.0
-50.0,50,6379.924725,0.0
-20.0,50,6380.50247,1.0
-16.0,50,6381.060713,1.0
-12.0,50,6381.629163,1.0
-30.0,50,6382.197053,1.0
-9.0,50,6382.774544,1.0
-36.0,50,6383.344277,1.0
-27.0,50,6383.908855,0.0
-50.0,50,6384.471676,0.0
-50.0,50,6385.050026,0.0
-11.0,50,6385.616944,1.0
-23.0,50,6386.185581,1.0
-50.0,50,6386.747852,0.0
-10.0,50,6387.326925,1.0
-47.0,50,6387.889717,0.0
-50.0,50,6388.452669,0.0
-50.0,50,6389.019455,0.0
-50.0,50,6389.590514,0.0
-27.0,50,6390.159751,1.0
-50.0,50,6390.722051,0.0
-50.0,50,6391.288895,0.0
-32.0,50,6391.865212,1.0
-17.0,50,6392.433364,1.0
0.0,50,6393.001201,1.0
-30.0,50,6393.568231,1.0
-27.0,50,6394.144741,1.0
-50.0,50,6394.712127,0.0
-50.0,50,6395.274988,0.0
-48.0,50,6395.839804,0.0
-50.0,50,6396.414407,0.0
-18.0,50,6396.982924,1.0
-50.0,50,6397.553225,0.0
-45.0,50,6398.123939,0.0
0.0,50,6398.700159,1.0
-22.0,50,6399.266417,1.0
-26.0,50,6399.843024,1.0
-50.0,50,6400.40588,0.0
-19.0,50,6400.982762,1.0
0.0,50,6401.546998,1.0
-49.0,50,6402.109172,0.0
-20.0,50,6402.677558,1.0
-50.0,50,6403.257336,0.0
-10.0,50,6403.822427,1.0
-50.0,50,6404.387627,0.0
-25.0,50,6404.954203,1.0
-26.0,50,6408.005971,1.0
-22.0,50,6408.574572,1.0
0.0,50,6409.141075,1.0
-46.0,50,6409.707793,1.0
0.0,50,6410.290612,1.0
-50.0,50,6410.858487,0.0
-45.0,50,6411.423725,0.0
-21.0,50,6411.99566,1.0
-50.0,50,6412.570358,0.0
-45.0,50,6413.137954,0.0
-50.0,50,6413.700839,0.0
-18.0,50,6414.271851,1.0
-49.0,50,6414.847542,0.0
-31.0,50,6415.415079,1.0
-50.0,50,6415.977799,0.0
-50.0,50,6416.548013,0.0
-23.0,50,6417.117098,1.0
-50.0,50,6417.676515,0.0
-50.0,50,6418.228525,0.0
-26.0,50,6418.786297,1.0
-42.0,50,6419.361758,1.0
-50.0,50,6419.929344,0.0
-21.0,50,6420.497518,1.0
-50.0,50,6421.059847,0.0
-17.0,50,6421.634996,1.0
-27.0,50,6422.206577,1.0
-50.0,50,6422.776746,0.0
-49.0,50,6423.345884,1.0
-50.0,50,6423.923981,0.0
-27.0,50,6424.494531,1.0
-50.0,50,6425.062114,0.0
-27.0,50,6425.629805,1.0
-43.0,50,6426.207114,1.0
-48.0,50,6426.775125,0.0
-26.0,50,6427.344058,1.0
-44.0,50,6427.910111,0.0
-43.0,50,6428.481708,0.0
-50.0,50,6429.047376,0.0
-19.0,50,6429.623318,1.0
-45.0,50,6430.190141,1.0
-27.0,50,6430.764071,1.0
-50.0,50,6431.330624,0.0
-43.0,50,6431.896439,1.0
-50.0,50,6432.465245,0.0
-17.0,50,6433.041239,1.0
-42.0,50,6433.60755,1.0
-50.0,50,6434.172449,0.0
-39.0,50,6434.736509,0.0
-35.0,50,6435.313419,1.0
-25.0,50,6435.883895,1.0
-33.0,50,6436.457793,1.0
-50.0,50,6437.025508,0.0
-50.0,50,6437.602844,0.0
-25.0,50,6438.167316,1.0
-50.0,50,6438.736445,0.0
-25.0,50,6439.305825,1.0
-50.0,50,6439.881493,0.0
-27.0,50,6440.450419,1.0
-50.0,50,6441.018991,0.0
-26.0,50,6441.582499,1.0
-28.0,50,6442.161211,1.0
-50.0,50,6442.728713,0.0
-50.0,50,6443.284147,0.0
-47.0,50,6443.848473,0.0
-25.0,50,6444.423446,1.0
-43.0,50,6444.99724,1.0
-50.0,50,6445.562282,0.0
-25.0,50,6446.131252,1.0
-27.0,50,6446.707345,1.0
-34.0,50,6447.279079,1.0
-4.0,50,6447.849461,1.0
-50.0,50,6448.418518,0.0
0.0,50,6448.989167,1.0
-50.0,50,6449.554959,0.0
-50.0,50,6450.123238,0.0
-50.0,50,6450.691078,0.0
-31.0,50,6451.268625,1.0
-50.0,50,6451.836374,0.0
-50.0,50,6452.40308,0.0
-50.0,50,6452.969491,0.0
-20.0,50,6453.54392,1.0
-28.0,50,6454.114365,1.0
-26.0,50,6454.682858,1.0
-24.0,50,6455.249526,1.0
-22.0,50,6455.826586,1.0
-50.0,50,6456.386837,0.0
-50.0,50,6456.955352,0.0
-19.0,50,6457.524351,1.0
-21.0,50,6458.105432,1.0
-31.0,50,6458.673405,1.0
-50.0,50,6459.240555,0.0
-50.0,50,6459.816386,0.0
-38.0,50,6460.389372,1.0
-50.0,50,6460.956495,0.0
-50.0,50,6461.516257,0.0
-28.0,50,6462.079994,1.0
-50.0,50,6462.654384,0.0
-50.0,50,6463.217296,0.0
-50.0,50,6463.77752,0.0
-50.0,50,6464.335153,0.0
-28.0,50,6464.902128,1.0
-50.0,50,6465.459444,0.0
0.0,50,6466.017229,1.0
-21.0,50,6466.573335,1.0
-50.0,50,6467.140141,0.0
-36.0,50,6467.70132,1.0
-50.0,50,6468.262147,0.0
-38.0,50,6468.822168,1.0
0.0,50,6469.404501,1.0
-20.0,50,6469.963412,1.0
-42.0,50,6470.526318,1.0
-21.0,50,6471.088124,1.0
-50.0,50,6471.660027,0.0
-31.0,50,6472.220291,0.0
-10.0,50,6472.78213,1.0
-50.0,50,6473.340753,0.0
-14.0,50,6473.908741,1.0
-22.0,50,6474.467814,1.0
-50.0,50,6475.025374,0.0
0.0,50,6475.588283,1.0
-50.0,50,6476.157136,0.0
-44.0,50,6476.718188,1.0
-50.0,50,6477.27023,0.0
-17.0,50,6477.836911,1.0
-21.0,50,6478.410578,1.0
-50.0,50,6478.982687,0.0
0.0,50,6479.545656,1.0
-50.0,50,6480.096474,0.0
-50.0,50,6480.666928,0.0
-25.0,50,6481.226174,1.0
-50.0,50,6481.78793,0.0
-50.0,50,6482.349739,0.0
0.0,50,6482.919009,1.0
-18.0,50,6483.474216,1.0
0.0,50,6484.033107,1.0
-10.0,50,6484.592631,1.0
-29.0,50,6485.160617,1.0
-15.0,50,6485.716924,1.0
-31.0,50,6486.278084,1.0
-12.0,50,6486.837174,1.0
-43.0,50,6487.406219,1.0
-37.0,50,6487.970241,1.0
-50.0,50,6488.541311,0.0
-27.0,50,6489.110343,1.0
-17.0,50,6489.700839,1.0
-24.0,50,6490.268549,1.0
0.0,50,6490.829328,1.0
-50.0,50,6491.39558,0.0
-39.0,50,6491.972049,1.0
-18.0,50,6492.529356,1.0
-17.0,50,6493.093612,1.0
-23.0,50,6493.656791,1.0
-50.0,50,6494.23349,0.0
0.0,50,6494.797357,1.0
-14.0,50,6495.367334,1.0
-27.0,50,6495.934484,1.0
-16.0,50,6496.509647,1.0
-29.0,50,6497.081148,1.0
-50.0,50,6497.650577,0.0
0.0,50,6498.22194,1.0
-20.0,50,6498.797609,1.0
-39.0,50,6499.369661,0.0
-50.0,50,6499.939242,0.0
-37.0,50,6500.512282,1.0
-50.0,50,6501.094657,0.0
-26.0,50,6501.663564,1.0
-27.0,50,6502.230575,1.0
-15.0,50,6502.798292,1.0
-50.0,50,6503.374024,0.0
-50.0,50,6503.940623,0.0
-44.0,50,6504.507438,1.0
-22.0,50,6505.078465,1.0
-19.0,50,6505.654434,1.0
-22.0,50,6506.220489,1.0
-24.0,50,6506.788241,1.0
-22.0,50,6507.354805,1.0
-25.0,50,6507.932783,1.0
0.0,50,6508.48724,1.0
-50.0,50,6509.044428,0.0
-50.0,50,6509.612753,0.0
-25.0,50,6510.186185,1.0
-34.0,50,6510.754826,1.0
0.0,50,6511.32645,1.0
-29.0,50,6511.893548,1.0
-25.0,50,6512.472595,1.0
-22.0,50,6513.040486,1.0
-22.0,50,6513.610722,1.0
-23.0,50,6514.18299,1.0
-13.0,50,6514.760828,1.0
-50.0,50,6515.331415,0.0
-22.0,50,6515.902636,1.0
-32.0,50,6516.472995,1.0
-50.0,50,6517.049353,0.0
-48.0,50,6517.619499,0.0
-19.0,50,6518.18784,1.0
-45.0,50,6518.758918,0.0
0.0,50,6519.338139,1.0
-39.0,50,6519.915173,1.0
-13.0,50,6520.474667,1.0
0.0,50,6521.044721,1.0
-29.0,50,6524.063863,1.0
-50.0,50,6524.629852,0.0
-50.0,50,6525.203831,0.0
0.0,50,6525.769711,1.0
-35.0,50,6526.350862,1.0
-45.0,50,6526.921958,1.0
-23.0,50,6527.492156,1.0
-49.0,50,6528.066999,0.0
-29.0,50,6528.646806,1.0
-47.0,50,6529.217055,0.0
-50.0,50,6529.779802,0.0
-37.0,50,6530.336908,1.0
-20.0,50,6530.902655,1.0
-19.0,50,6531.455356,1.0
-50.0,50,6532.019417,0.0
-17.0,50,6532.589078,1.0
-50.0,50,6533.164459,0.0
-46.0,50,6533.733435,1.0
-17.0,50,6534.295233,1.0
-23.0,50,6534.861815,1.0
-50.0,50,6535.43245,0.0
-50.0,50,6536.003497,0.0
-50.0,50,6536.577313,0.0
-50.0,50,6537.147993,0.0
-25.0,50,6537.728489,1.0
-23.0,50,6538.299758,1.0
-50.0,50,6538.868778,0.0
-48.0,50,6539.436798,1.0
-13.0,50,6540.014042,1.0
-26.0,50,6540.587201,1.0
-50.0,50,6541.157114,0.0
-28.0,50,6541.73054,1.0
-20.0,50,6542.310502,1.0
-25.0,50,6542.88231,1.0
-50.0,50,6543.444671,0.0
-41.0,50,6544.019237,0.0
-50.0,50,6544.595448,0.0
-32.0,50,6545.165477,0.0
-50.0,50,6545.737355,0.0
-25.0,50,6546.306851,1.0
-19.0,50,6546.885779,1.0
-35.0,50,6547.457635,1.0
-18.0,50,6548.03128,1.0
-21.0,50,6548.604791,1.0
-50.0,50,6549.184801,0.0
-21.0,50,6549.761216,1.0
-50.0,50,6550.329549,0.0
-50.0,50,6550.902044,0.0
-17.0,50,6551.481595,1.0
-50.0,50,6552.051298,0.0
-42.0,50,6552.621979,1.0
-47.0,50,6553.183872,0.0
-19.0,50,6553.760962,1.0
-40.0,50,6554.330039,1.0
-50.0,50,6554.897175,0.0
-12.0,50,6555.467865,1.0
-50.0,50,6556.040343,0.0
-20.0,50,6556.610627,1.0
-23.0,50,6557.182474,1.0
-28.0,50,6557.754382,0.0
0.0,50,6558.334785,1.0
-38.0,50,6558.904729,1.0
-43.0,50,6559.466938,1.0
-50.0,50,6560.034544,0.0
-50.0,50,6560.600729,0.0
-50.0,50,6561.170283,0.0
-42.0,50,6561.742067,1.0
-30.0,50,6562.308231,1.0
-20.0,50,6562.88278,1.0
-19.0,50,6563.447835,1.0
-28.0,50,6564.016939,1.0
0.0,50,6564.581766,1.0
-50.0,50,6565.156713,0.0
-7.0,50,6565.726497,1.0
-28.0,50,6566.297266,1.0
-47.0,50,6566.863627,0.0
-50.0,50,6567.427875,0.0
-26.0,50,6567.99823,1.0
-50.0,50,6568.570328,0.0
-19.0,50,6569.140609,1.0
-21.0,50,6569.713391,1.0
-50.0,50,6570.283686,0.0
-50.0,50,6570.850915,0.0
-26.0,50,6571.423979,1.0
-14.0,50,6571.997451,1.0
-15.0,50,6572.565881,1.0
-12.0,50,6573.130714,1.0
-25.0,50,6573.698419,1.0
-26.0,50,6574.275478,1.0
-23.0,50,6574.843686,1.0
-37.0,50,6575.409484,1.0
-39.0,50,6575.979805,1.0
0.0,50,6576.553496,1.0
-50.0,50,6577.109487,0.0
-50.0,50,6577.669173,0.0
-50.0,50,6578.233741,0.0
-34.0,50,6578.812896,1.0
-50.0,50,6579.372419,0.0
-20.0,50,6579.950561,1.0
-50.0,50,6580.512457,0.0
-13.0,50,6581.0796,1.0
-50.0,50,6581.640829,0.0
-50.0,50,6582.20779,0.0
-48.0,50,6582.776762,1.0
-50.0,50,6583.354843,0.0
-22.0,50,6583.92381,1.0
-31.0,50,6584.489819,1.0
-50.0,50,6585.056148,0.0
-50.0,50,6585.634758,0.0
-9.0,50,6586.203943,1.0
-48.0,50,6586.767845,0.0
-24.0,50,6587.334634,1.0
-48.0,50,6587.911532,0.0
-16.0,50,6588.477034,1.0
0.0,50,6589.040787,1.0
-18.0,50,6589.609916,1.0
-42.0,50,6590.188777,1.0
0.0,50,6590.757985,1.0
-19.0,50,6591.329372,1.0
-33.0,50,6591.900647,1.0
-50.0,50,6592.480287,0.0
-31.0,50,6593.056466,1.0
-29.0,50,6593.628131,1.0
-50.0,50,6594.196564,0.0
-34.0,50,6594.776366,1.0
-19.0,50,6595.347149,1.0
-50.0,50,6595.918829,0.0
-49.0,50,6596.487253,0.0
-46.0,50,6597.066013,0.0
-50.0,50,6597.638923,0.0
-14.0,50,6598.20961,1.0
-9.0,50,6598.782608,1.0
-25.0,50,6599.360506,1.0
-10.0,50,6599.928961,1.0
-30.0,50,6600.496905,1.0
-50.0,50,6601.069587,0.0
-18.0,50,6601.648217,1.0
-20.0,50,6602.218937,1.0
-50.0,50,6602.783051,0.0
-20.0,50,6603.346691,1.0
-2.0,50,6603.920552,1.0
-50.0,50,6604.485981,0.0
-22.0,50,6605.053932,1.0
-50.0,50,6605.616912,0.0
-48.0,50,6606.195632,0.0
-50.0,50,6606.760068,0.0
-19.0,50,6607.32652,1.0
-13.0,50,6607.894786,0.0
-24.0,50,6608.471805,1.0
-22.0,50,6609.039597,1.0
-25.0,50,6609.619609,1.0
-17.0,50,6610.186991,1.0
-24.0,50,6610.762719,1.0
0.0,50,6611.32691,1.0
-22.0,50,6611.895092,1.0
0.0,50,6612.461702,1.0
-23.0,50,6613.03108,1.0
-50.0,50,6613.597737,0.0
-50.0,50,6614.165132,0.0
-40.0,50,6614.735246,1.0
0.0,50,6615.314885,1.0
-48.0,50,6615.879041,1.0
-25.0,50,6616.44598,1.0
-23.0,50,6617.014173,1.0
0.0,50,6617.587539,1.0
-18.0,50,6618.157004,1.0
-50.0,50,6618.72721,0.0
-36.0,50,6619.298041,1.0
-22.0,50,6619.874135,1.0
-50.0,50,6620.433855,0.0
0.0,50,6621.004278,1.0
-25.0,50,6621.574609,1.0
-45.0,50,6622.156043,1.0
-50.0,50,6622.713443,0.0
0.0,50,6623.277604,1.0
-26.0,50,6623.847519,1.0
-26.0,50,6624.428527,1.0
-20.0,50,6624.998623,1.0
-50.0,50,6625.564274,0.0
-23.0,50,6626.130446,1.0
0.0,50,6626.719445,1.0
-9.0,50,6627.291467,1.0
-50.0,50,6627.852898,0.0
-23.0,50,6628.420674,1.0
-50.0,50,6628.998985,0.0
-50.0,50,6629.564439,0.0
-33.0,50,6630.135959,1.0
-16.0,50,6630.708076,1.0
-44.0,50,6631.28839,0.0
-23.0,50,6631.850711,1.0
-24.0,50,6632.421953,1.0
-50.0,50,6632.987321,0.0
-26.0,50,6633.567602,1.0
0.0,50,6634.140024,1.0
-27.0,50,6634.710985,1.0
-21.0,50,6635.282392,1.0
-50.0,50,6635.854782,0.0
-20.0,50,6636.422508,1.0
-28.0,50,6636.992703,1.0
-13.0,50,6637.565202,1.0
0.0,50,6640.570745,1.0
-37.0,50,6641.136835,0.0
-50.0,50,6641.706002,0.0
-36.0,50,6642.277333,1.0
-44.0,50,6642.846692,0.0
-50.0,50,6643.407256,0.0
-27.0,50,6643.962692,1.0
-6.0,50,6644.520081,1.0
-40.0,50,6645.093909,1.0
-14.0,50,6645.662562,1.0
-25.0,50,6646.225576,1.0
-36.0,50,6646.797108,1.0
-50.0,50,6647.378536,0.0
-50.0,50,6647.953388,0.0
-41.0,50,6648.527715,1.0
-24.0,50,6649.097568,1.0
-20.0,50,6649.675785,1.0
-50.0,50,6650.249141,0.0
-16.0,50,6650.819565,1.0
-41.0,50,6651.396891,1.0
-38.0,50,6651.973311,1.0
-26.0,50,6652.544769,1.0
-31.0,50,6653.118178,1.0
-50.0,50,6653.687742,0.0
-16.0,50,6654.267035,1.0
-26.0,50,6654.838647,1.0
-24.0,50,6655.413352,1.0
-20.0,50,6655.98417,1.0
-25.0,50,6656.564468,1.0
-18.0,50,6657.130923,1.0
-21.0,50,6657.701381,1.0
-50.0,50,6658.268222,0.0
-23.0,50,6658.847259,1.0
-15.0,50,6659.412967,1.0
-31.0,50,6659.981298,1.0
0.0,50,6660.551011,1.0
-33.0,50,6661.125039,1.0
-28.0,50,6661.691882,1.0
-24.0,50,6662.258809,1.0
-50.0,50,6662.825215,0.0
-24.0,50,6663.398334,1.0
-18.0,50,6663.961032,1.0
-23.0,50,6664.526798,1.0
-49.0,50,6665.09506,0.0
-50.0,50,6665.67288,0.0
-12.0,50,6666.239223,1.0
-26.0,50,6666.807796,1.0
-24.0,50,6667.377944,1.0
-4.0,50,6667.976501,1.0
-20.0,50,6668.535246,1.0
-17.0,50,6669.107114,0.0
-6.0,50,6669.685544,1.0
-50.0,50,6670.260791,0.0
-25.0,50,6670.826883,1.0
-50.0,50,6671.394982,0.0
-36.0,50,6671.96161,1.0
-50.0,50,6672.539389,0.0
-20.0,50,6673.107643,1.0
-50.0,50,6673.67936,0.0
0.0,50,6674.240853,1.0
-22.0,50,6674.818876,1.0
-30.0,50,6675.386746,1.0
-23.0,50,6675.957634,1.0
-21.0,50,6676.526008,1.0
-49.0,50,6677.102141,0.0
-45.0,50,6677.669869,1.0
-17.0,50,6678.240361,1.0
-50.0,50,6678.80877,0.0
-34.0,50,6679.388458,1.0
-3.0,50,6679.955184,1.0
0.0,50,6680.521391,1.0
-5.0,50,6681.094129,1.0
-15.0,50,6681.670984,1.0
-22.0,50,6682.233864,1.0
-18.0,50,6682.798736,1.0
-26.0,50,6683.368585,1.0
-34.0,50,6683.945755,1.0
-18.0,50,6684.514638,1.0
-30.0,50,6685.081583,1.0
-50.0,50,6685.637049,0.0
-50.0,50,6686.212233,0.0
-48.0,50,6686.7794,0.0
-13.0,50,6687.34923,1.0
-50.0,50,6687.91902,0.0
-18.0,50,6688.497007,1.0
-50.0,50,6689.058849,0.0
-50.0,50,6689.610992,0.0
0.0,50,6690.172703,1.0
-35.0,50,6690.744218,1.0
-27.0,50,6691.310629,1.0
-50.0,50,6691.874395,0.0
-20.0,50,6692.442386,1.0
-21.0,50,6693.00822,1.0
-15.0,50,6693.573134,1.0
-50.0,50,6694.137043,0.0
-35.0,50,6694.70092,1.0
-34.0,50,6695.275031,1.0
-46.0,50,6695.836675,0.0
-20.0,50,6696.402768,1.0
-32.0,50,6696.969697,1.0
-30.0,50,6697.545078,1.0
-23.0,50,6698.106934,1.0
-48.0,50,6698.674131,0.0
-24.0,50,6699.24208,1.0
-50.0,50,6699.81699,0.0
-35.0,50,6700.377078,0.0
-50.0,50,6700.940922,0.0
-24.0,50,6701.506923,1.0
0.0,50,6702.076657,1.0
-23.0,50,6702.639214,1.0
0.0,50,6703.205332,1.0
-34.0,50,6703.772078,1.0
-30.0,50,6704.349299,1.0
-24.0,50,6704.905712,1.0
-45.0,50,6705.470076,0.0
-50.0,50,6706.030346,0.0
-50.0,50,6706.598488,0.0
-36.0,50,6707.162811,1.0
-50.0,50,6707.721048,0.0
-38.0,50,6708.288546,1.0
-27.0,50,6708.863906,1.0
-50.0,50,6709.422719,0.0
-26.0,50,6709.984388,1.0
-50.0,50,6710.547621,0.0
-26.0,50,6711.121808,1.0
-50.0,50,6711.684077,0.0
0.0,50,6712.235831,1.0
-2.0,50,6712.8002,1.0
-20.0,50,6713.375587,1.0
-21.0,50,6713.935427,1.0
-35.0,50,6714.499993,1.0
-25.0,50,6715.062939,1.0
0.0,50,6715.632398,1.0
-9.0,50,6716.195113,1.0
-28.0,50,6716.760392,1.0
-29.0,50,6717.319191,1.0
-50.0,50,6717.888589,0.0
-24.0,50,6718.451323,1.0
-50.0,50,6719.008789,0.0
-30.0,50,6719.580403,0.0
-49.0,50,6720.160502,1.0
-50.0,50,6720.729457,0.0
-50.0,50,6721.300457,0.0
-33.0,50,6721.869883,0.0
0.0,50,6722.448509,1.0
-21.0,50,6723.015442,1.0
-20.0,50,6723.582334,1.0
-45.0,50,6724.149248,1.0
-47.0,50,6724.721461,0.0
-50.0,50,6725.291385,0.0
-2.0,50,6725.862719,1.0
-50.0,50,6726.432169,0.0
-32.0,50,6727.009242,1.0
-30.0,50,6727.574368,1.0
-14.0,50,6728.138587,1.0
-24.0,50,6728.70093,1.0
-50.0,50,6729.283505,0.0
-10.0,50,6729.868959,1.0
-50.0,50,6730.439918,0.0
-50.0,50,6731.003874,0.0
-50.0,50,6731.582811,0.0
-13.0,50,6732.153795,1.0
-49.0,50,6732.722436,0.0
-24.0,50,6733.291816,1.0
-50.0,50,6733.870615,0.0
-33.0,50,6734.442861,1.0
-21.0,50,6735.015647,1.0
-11.0,50,6735.587504,1.0
-50.0,50,6736.165028,0.0
-19.0,50,6736.735637,1.0
0.0,50,6737.303581,1.0
0.0,50,6737.873899,1.0
-50.0,50,6738.453896,0.0
-29.0,50,6739.025509,1.0
-47.0,50,6739.591328,0.0
-10.0,50,6740.153758,1.0
-50.0,50,6740.731208,0.0
-16.0,50,6741.302596,1.0
0.0,50,6741.868107,1.0
-50.0,50,6742.436485,0.0
-46.0,50,6743.020255,1.0
-26.0,50,6743.589936,1.0
-50.0,50,6744.160187,0.0
-21.0,50,6744.727823,1.0
-5.0,50,6745.306774,1.0
0.0,50,6745.874125,1.0
-46.0,50,6746.446788,1.0
-17.0,50,6747.0168,1.0
-50.0,50,6747.589552,0.0
-50.0,50,6748.161004,0.0
-14.0,50,6748.730293,1.0
-35.0,50,6749.304019,1.0
0.0,50,6749.8829,1.0
-6.0,50,6750.449521,1.0
-20.0,50,6751.022819,1.0
-21.0,50,6751.591409,1.0
-32.0,50,6752.16735,1.0
-35.0,50,6752.736375,0.0
-18.0,50,6753.301857,1.0
0.0,50,6753.868603,1.0
-50.0,50,6756.914593,0.0
-45.0,50,6757.471592,1.0
-20.0,50,6758.024519,1.0
-49.0,50,6758.583041,0.0
-50.0,50,6759.153534,0.0
-21.0,50,6759.725291,1.0
-50.0,50,6760.288585,0.0
-28.0,50,6760.853886,1.0
-14.0,50,6761.424279,1.0
-17.0,50,6761.989062,1.0
-50.0,50,6762.553596,0.0
-50.0,50,6763.119736,0.0
-26.0,50,6763.692911,1.0
-50.0,50,6764.252573,0.0
-31.0,50,6764.806171,1.0
-28.0,50,6765.363434,1.0
-39.0,50,6765.92925,1.0
-11.0,50,6766.477981,1.0
-50.0,50,6767.033343,0.0
-21.0,50,6767.587419,1.0
-50.0,50,6768.156251,0.0
-28.0,50,6768.711429,1.0
0.0,50,6769.265211,1.0
-14.0,50,6769.819528,1.0
-36.0,50,6770.384587,1.0
-50.0,50,6770.940375,0.0
-50.0,50,6771.495476,0.0
-50.0,50,6772.04969,0.0
-41.0,50,6772.612565,1.0
-50.0,50,6773.167761,0.0
-22.0,50,6773.726212,1.0
-29.0,50,6774.282445,1.0
-35.0,50,6774.848558,1.0
-50.0,50,6775.403563,0.0
-50.0,50,6775.955502,0.0
-32.0,50,6776.513985,1.0
-50.0,50,6777.077277,0.0
-20.0,50,6777.630005,1.0
-50.0,50,6778.186326,0.0
-50.0,50,6778.736514,0.0
-25.0,50,6779.301493,1.0
-50.0,50,6779.853909,0.0
-16.0,50,6780.405483,1.0
-39.0,50,6780.963241,1.0
-20.0,50,6781.526396,1.0
-49.0,50,6782.083405,0.0
-50.0,50,6782.639421,0.0
-30.0,50,6783.195417,1.0
-24.0,50,6783.763516,1.0
-50.0,50,6784.313437,0.0
-50.0,50,6784.867232,0.0
-11.0,50,6785.420978,1.0
-50.0,50,6785.986374,0.0
-47.0,50,6786.538208,0.0
-50.0,50,6787.094525,0.0
-28.0,50,6787.650494,1.0
-50.0,50,6788.215218,0.0
-22.0,50,6788.770549,1.0
0.0,50,6789.333183,1.0
-18.0,50,6789.896516,1.0
-18.0,50,6790.462286,1.0
-25.0,50,6791.017402,1.0
-10.0,50,6791.575553,1.0
-40.0,50,6792.132125,1.0
-12.0,50,6792.698478,1.0
-19.0,50,6793.250723,1.0
-21.0,50,6793.804412,0.0
-50.0,50,6794.358647,0.0
-47.0,50,6794.925853,0.0
-22.0,50,6795.481575,1.0
-41.0,50,6796.035421,1.0
-18.0,50,6796.590482,1.0
0.0,50,6797.158373,1.0
-50.0,50,6797.711625,0.0
-26.0,50,6798.26992,1.0
-45.0,50,6798.824853,1.0
-33.0,50,6799.391592,1.0
-34.0,50,6799.949067,1.0
-23.0,50,6800.504497,1.0
0.0,50,6801.060839,1.0
-25.0,50,6801.624178,1.0
-32.0,50,6802.180769,1.0
-13.0,50,6802.733589,1.0
-48.0,50,6803.28782,0.0
-21.0,50,6803.85031,1.0
0.0,50,6804.396132,1.0
-18.0,50,6804.949461,1.0
-15.0,50,6805.503302,1.0
0.0,50,6806.059989,1.0
-48.0,50,6806.615402,1.0
-48.0,50,6807.169125,0.0
-25.0,50,6807.726373,1.0
-35.0,50,6808.290745,1.0
-50.0,50,6808.847531,0.0
0.0,50,6809.403629,1.0
-47.0,50,6809.960314,0.0
-13.0,50,6810.52345,1.0
0.0,50,6811.077886,1.0
-50.0,50,6811.633676,0.0
-28.0,50,6812.188156,1.0
-21.0,50,6812.753439,1.0
-35.0,50,6813.304899,0.0
-48.0,50,6813.85671,1.0
-20.0,50,6814.41665,1.0
-11.0,50,6814.994678,1.0
-50.0,50,6815.556223,0.0
-27.0,50,6816.122544,1.0
-17.0,50,6816.685493,1.0
0.0,50,6817.256574,1.0
-27.0,50,6817.821688,1.0
-48.0,50,6818.386353,1.0
-16.0,50,6818.952479,1.0
-47.0,50,6819.538574,1.0
-8.0,50,6820.099679,1.0
-21.0,50,6820.658306,1.0
-28.0,50,6821.221705,1.0
-49.0,50,6821.846549,0.0
-21.0,50,6822.410996,1.0
-34.0,50,6822.979464,1.0
-49.0,50,6823.546581,1.0
-17.0,50,6824.114479,1.0
-50.0,50,6824.676709,0.0
-30.0,50,6825.236329,1.0
0.0,50,6825.801883,1.0
-50.0,50,6826.37496,0.0
-29.0,50,6826.93347,1.0
-17.0,50,6827.496388,1.0
-50.0,50,6828.052495,0.0
-33.0,50,6828.628964,1.0
-50.0,50,6829.195836,0.0
-22.0,50,6829.7621,1.0
-27.0,50,6830.327235,1.0
-15.0,50,6830.893517,1.0
0.0,50,6831.449866,1.0
-22.0,50,6832.009762,1.0
-19.0,50,6832.572783,1.0
-16.0,50,6833.142938,1.0
-50.0,50,6833.709041,0.0
-50.0,50,6834.271811,0.0
-31.0,50,6834.835805,1.0
-50.0,50,6835.407889,0.0
-21.0,50,6835.969913,1.0
-31.0,50,6836.533548,1.0
-50.0,50,6837.101712,0.0
-26.0,50,6837.674779,1.0
-50.0,50,6838.233924,0.0
-35.0,50,6838.79596,1.0
-29.0,50,6839.362812,1.0
-33.0,50,6839.933117,1.0
-30.0,50,6840.497598,1.0
-50.0,50,6841.056524,0.0
-50.0,50,6841.617741,0.0
-32.0,50,6842.195318,1.0
-50.0,50,6842.762222,0.0
-36.0,50,6843.326998,1.0
-50.0,50,6843.890156,0.0
-12.0,50,6844.462092,1.0
-49.0,50,6845.018659,0.0
-27.0,50,6845.58078,1.0
-17.0,50,6846.141319,1.0
-8.0,50,6846.710977,1.0
0.0,50,6847.262586,1.0
-19.0,50,6847.826052,1.0
-50.0,50,6848.392752,0.0
-38.0,50,6848.966525,1.0
-26.0,50,6849.540974,1.0
-33.0,50,6850.106736,1.0
-16.0,50,6850.662145,1.0
-24.0,50,6851.232419,1.0
-50.0,50,6851.798968,0.0
-48.0,50,6852.357597,0.0
-50.0,50,6852.921612,0.0
-50.0,50,6853.489838,0.0
-27.0,50,6854.057711,1.0
-14.0,50,6854.619234,1.0
-50.0,50,6855.187681,0.0
-14.0,50,6855.775939,1.0
-12.0,50,6856.338897,1.0
-24.0,50,6856.905385,1.0
-15.0,50,6857.463935,1.0
-50.0,50,6858.038386,0.0
0.0,50,6858.598954,1.0
-31.0,50,6859.16034,1.0
-20.0,50,6859.724732,1.0
-50.0,50,6860.301435,0.0
-39.0,50,6860.864857,1.0
-41.0,50,6861.433264,1.0
-21.0,50,6861.999505,1.0
-50.0,50,6862.576418,0.0
-42.0,50,6863.146052,1.0
-20.0,50,6863.707698,1.0
-50.0,50,6864.273884,0.0
-14.0,50,6864.850351,1.0
-23.0,50,6865.418641,1.0
-50.0,50,6865.98251,0.0
-43.0,50,6866.554593,1.0
-30.0,50,6867.131233,1.0
-28.0,50,6867.698448,1.0
-13.0,50,6868.25949,1.0
-50.0,50,6868.824719,0.0
-50.0,50,6871.805098,0.0
-16.0,50,6872.368654,1.0
-19.0,50,6872.923833,1.0
-22.0,50,6873.482235,1.0
-50.0,50,6874.045464,0.0
-23.0,50,6874.607344,1.0
-23.0,50,6875.17335,1.0
-38.0,50,6875.742955,1.0
-42.0,50,6876.321891,1.0
-47.0,50,6876.883342,0.0
-50.0,50,6877.447365,0.0
-50.0,50,6878.008741,0.0
-50.0,50,6878.580332,0.0
-29.0,50,6879.149961,1.0
-17.0,50,6879.717533,1.0
-50.0,50,6880.285077,0.0
-12.0,50,6880.860081,1.0
-18.0,50,6881.426597,1.0
-50.0,50,6881.993411,0.0
-14.0,50,6882.559985,1.0
-50.0,50,6883.132854,0.0
-28.0,50,6883.697766,1.0
-50.0,50,6884.27096,0.0
-28.0,50,6884.840178,1.0
-48.0,50,6885.416646,0.0
-49.0,50,6885.980458,1.0
-25.0,50,6886.543876,1.0
-21.0,50,6887.111229,1.0
-21.0,50,6887.678846,1.0
-50.0,50,6888.246243,0.0
-21.0,50,6888.805049,1.0
-24.0,50,6889.372807,1.0
-33.0,50,6889.945894,1.0
-22.0,50,6890.505431,1.0
-15.0,50,6891.065944,1.0
0.0,50,6891.620003,1.0
-50.0,50,6892.191827,0.0
-18.0,50,6892.754018,1.0
-14.0,50,6893.317086,1.0
-35.0,50,6893.875513,1.0
-43.0,50,6894.445169,1.0
-20.0,50,6895.003561,1.0
-13.0,50,6895.558382,1.0
-19.0,50,6896.120714,1.0
-24.0,50,6896.686878,1.0
-41.0,50,6897.249857,1.0
-27.0,50,6897.810379,1.0
-32.0,50,6898.374929,1.0
-13.0,50,6898.944465,1.0
-31.0,50,6899.508012,1.0
-49.0,50,6900.060183,1.0
-21.0,50,6900.619241,1.0
-50.0,50,6901.189193,0.0
-50.0,50,6901.753728,0.0
-44.0,50,6902.31896,1.0
-50.0,50,6902.877334,0.0
-50.0,50,6903.446056,0.0
-14.0,50,6904.008301,1.0
-50.0,50,6904.567012,0.0
-28.0,50,6905.127951,1.0
0.0,50,6905.693929,1.0
-50.0,50,6906.255216,0.0
-19.0,50,6906.815118,1.0
-50.0,50,6907.376824,0.0
-50.0,50,6907.949079,0.0
-27.0,50,6908.504617,1.0
-50.0,50,6909.06631,0.0
-46.0,50,6909.646191,1.0
-22.0,50,6910.213063,1.0
-27.0,50,6910.772997,1.0
-15.0,50,6911.338332,1.0
-14.0,50,6911.907613,1.0
-16.0,50,6912.479485,1.0
-50.0,50,6913.046448,0.0
-20.0,50,6913.610881,1.0
-21.0,50,6914.173492,1.0
-12.0,50,6914.745903,1.0
-34.0,50,6915.308445,1.0
-7.0,50,6915.866314,1.0
-27.0,50,6916.427946,1.0
-50.0,50,6916.998074,0.0
-18.0,50,6917.559865,1.0
-11.0,50,6918.122277,1.0
-10.0,50,6918.686652,1.0
0.0,50,6919.262139,1.0
-50.0,50,6919.829715,0.0
0.0,50,6920.395593,1.0
-16.0,50,6920.963714,1.0
-47.0,50,6921.538332,0.0
-16.0,50,6922.099817,1.0
-15.0,50,6922.665005,1.0
-24.0,50,6923.229662,1.0
0.0,50,6923.801623,1.0
0.0,50,6924.369225,1.0
-19.0,50,6924.93644,1.0
-21.0,50,6925.504316,1.0
-19.0,50,6926.076979,1.0
-18.0,50,6926.63939,1.0
-17.0,50,6927.199026,1.0
-32.0,50,6927.766709,1.0
-39.0,50,6928.340251,0.0
-10.0,50,6928.906301,1.0
-26.0,50,6929.470741,1.0
-50.0,50,6930.038424,0.0
0.0,50,6930.611008,1.0
-43.0,50,6931.175436,0.0
-46.0,50,6931.742003,1.0
-35.0,50,6932.312566,0.0
-25.0,50,6932.884585,1.0
-38.0,50,6933.450531,1.0
-16.0,50,6934.019753,1.0
-50.0,50,6934.585532,0.0
-47.0,50,6935.162082,0.0
-47.0,50,6935.730547,1.0
-16.0,50,6936.297119,1.0
-21.0,50,6936.864156,1.0
-15.0,50,6937.433879,1.0
-46.0,50,6937.993819,1.0
-33.0,50,6938.55834,1.0
-46.0,50,6939.13223,1.0
-19.0,50,6939.719816,1.0
-28.0,50,6940.288462,1.0
-50.0,50,6940.85638,0.0
-50.0,50,6941.423984,0.0
0.0,50,6941.998611,1.0
-23.0,50,6942.563258,1.0
-50.0,50,6943.126667,0.0
-29.0,50,6943.695484,1.0
-44.0,50,6944.269075,1.0
-30.0,50,6944.836875,1.0
-50.0,50,6945.399367,0.0
-40.0,50,6945.968032,0.0
-48.0,50,6946.541509,0.0
-50.0,50,6947.10853,0.0
-20.0,50,6947.669853,1.0
-47.0,50,6948.234032,0.0
-27.0,50,6948.811428,1.0
-18.0,50,6949.376471,1.0
-33.0,50,6949.945607,1.0
-16.0,50,6950.502832,1.0
-32.0,50,6951.07498,1.0
-10.0,50,6951.645873,1.0
-50.0,50,6952.212208,0.0
-50.0,50,6952.780694,0.0
-14.0,50,6953.351326,1.0
-30.0,50,6953.91974,1.0
-50.0,50,6954.485214,0.0
-13.0,50,6955.052709,1.0
-50.0,50,6955.632326,0.0
-19.0,50,6956.197289,1.0
-27.0,50,6956.763196,1.0
-50.0,50,6957.330157,0.0
-50.0,50,6957.899772,0.0
-19.0,50,6958.467959,1.0
-20.0,50,6959.028306,1.0
-21.0,50,6959.591804,1.0
-19.0,50,6960.159313,1.0
-25.0,50,6960.726566,1.0
-50.0,50,6961.297767,0.0
-26.0,50,6961.862359,1.0
-28.0,50,6962.441995,1.0
-50.0,50,6963.004934,0.0
-20.0,50,6963.57058,1.0
-50.0,50,6964.135373,0.0
0.0,50,6964.707887,1.0
-21.0,50,6965.275053,1.0
-14.0,50,6965.838781,1.0
-19.0,50,6966.405081,1.0
-8.0,50,6966.979155,1.0
-15.0,50,6967.544599,1.0
-31.0,50,6968.112334,1.0
-50.0,50,6968.675539,0.0
-24.0,50,6969.250198,1.0
-20.0,50,6969.828316,1.0
-29.0,50,6970.392242,1.0
-7.0,50,6970.957637,1.0
-34.0,50,6971.535588,1.0
-50.0,50,6972.102064,0.0
-33.0,50,6972.667025,1.0
-2.0,50,6973.235572,1.0
-48.0,50,6973.808038,0.0
-23.0,50,6974.373443,1.0
-50.0,50,6974.94149,0.0
-42.0,50,6975.508487,1.0
-44.0,50,6976.085155,1.0
-17.0,50,6976.651625,1.0
-44.0,50,6977.220068,0.0
0.0,50,6977.788435,1.0
-15.0,50,6978.365087,1.0
-16.0,50,6978.934269,1.0
-25.0,50,6979.501035,1.0
-26.0,50,6980.068898,1.0
-20.0,50,6980.643169,1.0
-32.0,50,6981.210441,1.0
-22.0,50,6981.776203,1.0
-50.0,50,6982.342177,0.0
-16.0,50,6982.920552,1.0
-50.0,50,6983.481656,0.0
-14.0,50,6984.050399,1.0
-14.0,50,6984.618703,1.0
-13.0,50,6987.596674,1.0
0.0,50,6988.150018,1.0
-34.0,50,6988.719372,0.0
-16.0,50,6989.285146,1.0
0.0,50,6989.85503,1.0
0.0,50,6990.423012,1.0
-50.0,50,6990.991253,0.0
-27.0,50,6991.560877,1.0
-50.0,50,6992.134669,0.0
-23.0,50,6992.698806,1.0
-17.0,50,6993.267821,1.0
-14.0,50,6993.836208,1.0
-50.0,50,6994.412639,0.0
-25.0,50,6994.973835,1.0
-12.0,50,6995.530977,1.0
-11.0,50,6996.084594,0.0
-50.0,50,6996.650306,0.0
-24.0,50,6997.211927,1.0
-16.0,50,6997.77198,1.0
-50.0,50,6998.333265,0.0
-50.0,50,6998.909958,0.0
-25.0,50,6999.469343,0.0
-18.0,50,7000.039455,1.0
-20.0,50,7000.602266,1.0
-48.0,50,7001.169463,0.0
-17.0,50,7001.722888,1.0
-50.0,50,7002.28722,0.0
-6.0,50,7002.849425,1.0
0.0,50,7003.413924,1.0
-10.0,50,7003.970973,1.0
-50.0,50,7004.534778,0.0
-50.0,50,7005.099723,0.0
-21.0,50,7005.669201,1.0
-11.0,50,7006.231536,1.0
-34.0,50,7006.795946,1.0
0.0,50,7007.349436,1.0
-22.0,50,7007.927487,1.0
-12.0,50,7008.494875,1.0
-47.0,50,7009.051174,0.0
-50.0,50,7009.60894,0.0
0.0,50,7010.178629,1.0
-50.0,50,7010.739229,0.0
-50.0,50,7011.291915,0.0
-50.0,50,7011.852978,0.0
-16.0,50,7012.424971,1.0
-50.0,50,7012.98794,0.0
-18.0,50,7013.545237,1.0
-33.0,50,7014.104089,1.0
0.0,50,7014.672028,1.0
-5.0,50,7015.226832,1.0
-25.0,50,7015.787998,1.0
-16.0,50,7016.340353,1.0
-16.0,50,7016.908227,1.0
-50.0,50,7017.473659,0.0
-17.0,50,7018.031668,1.0
-29.0,50,7018.594079,1.0
-44.0,50,7019.167671,1.0
0.0,50,7019.732427,1.0
-50.0,50,7020.2945,0.0
-30.0,50,7020.850955,1.0
-7.0,50,7021.415538,1.0
-7.0,50,7021.975302,1.0
-45.0,50,7022.534547,0.0
-20.0,50,7023.091652,1.0
-21.0,50,7023.659228,1.0
-24.0,50,7024.221074,1.0
-24.0,50,7024.788674,1.0
-22.0,50,7025.354806,1.0
-27.0,50,7025.927132,1.0
-10.0,50,7026.487424,1.0
-50.0,50,7027.048702,0.0
-38.0,50,7027.610538,1.0
-20.0,50,7028.178042,1.0
-50.0,50,7028.742568,0.0
-19.0,50,7029.302255,1.0
-36.0,50,7029.876776,1.0
-47.0,50,7030.447652,0.0
-22.0,50,7031.003222,1.0
-20.0,50,7031.559828,1.0
-12.0,50,7032.121424,1.0
0.0,50,7032.692384,1.0
-26.0,50,7033.252427,1.0
-16.0,50,7033.814433,1.0
-25.0,50,7034.379162,1.0
-20.0,50,7034.948243,1.0
-50.0,50,7035.508129,0.0
-33.0,50,7036.070493,1.0
-24.0,50,7036.62755,1.0
-8.0,50,7037.198562,1.0
-21.0,50,7037.761261,1.0
-27.0,50,7038.324301,1.0
-9.0,50,7038.888883,1.0
-34.0,50,7039.462689,1.0
-33.0,50,7040.024457,1.0
-50.0,50,7040.588523,0.0
-16.0,50,7041.146758,1.0
-50.0,50,7041.713463,0.0
0.0,50,7042.272213,1.0
-50.0,50,7042.830535,0.0
-50.0,50,7043.393355,0.0
-20.0,50,7043.963687,1.0
-23.0,50,7044.52659,1.0
-50.0,50,7045.086327,0.0
-14.0,50,7045.646611,1.0
0.0,50,7046.215557,1.0
-15.0,50,7046.772887,1.0
-17.0,50,7047.333762,1.0
-37.0,50,7047.895785,1.0
-10.0,50,7048.466432,1.0
-37.0,50,7049.028471,1.0
-16.0,50,7049.589521,1.0
-23.0,50,7050.150683,1.0
0.0,50,7050.719669,1.0
-32.0,50,7051.277637,1.0
-24.0,50,7051.841678,1.0
-17.0,50,7052.398948,1.0
-32.0,50,7052.973545,1.0
-10.0,50,7053.533528,1.0
-50.0,50,7054.09475,0.0
-24.0,50,7054.656821,1.0
-22.0,50,7055.226216,1.0
-23.0,50,7055.784653,1.0
-47.0,50,7056.346894,1.0
-43.0,50,7056.908567,1.0
-11.0,50,7057.478571,1.0
-50.0,50,7058.03742,0.0
-19.0,50,7058.598335,1.0
-48.0,50,7059.15847,0.0
-27.0,50,7059.738991,1.0
-14.0,50,7060.300383,1.0
0.0,50,7060.85024,1.0
-50.0,50,7061.413993,0.0
-19.0,50,7061.983683,1.0
-21.0,50,7062.545199,1.0
-50.0,50,7063.109654,0.0
-13.0,50,7063.673935,1.0
-50.0,50,7064.249518,0.0
-11.0,50,7064.814632,1.0
0.0,50,7065.37864,1.0
-18.0,50,7065.940616,1.0
-40.0,50,7066.512455,1.0
-50.0,50,7067.063727,0.0
0.0,50,7067.625938,1.0
-9.0,50,7068.193739,1.0
-50.0,50,7068.768951,0.0
-22.0,50,7069.335244,1.0
-42.0,50,7069.901916,1.0
-21.0,50,7070.46884,1.0
-50.0,50,7071.039667,0.0
-50.0,50,7071.614427,0.0
-50.0,50,7072.183663,0.0
-34.0,50,7072.749008,1.0
-37.0,50,7073.328096,1.0
-27.0,50,7073.897451,1.0
-42.0,50,7074.463757,0.0
0.0,50,7075.025325,1.0
-19.0,50,7075.603064,1.0
-19.0,50,7076.170385,1.0
-20.0,50,7076.737487,1.0
-26.0,50,7077.304168,1.0
-21.0,50,7077.879404,1.0
-19.0,50,7078.443761,1.0
-50.0,50,7079.013537,0.0
-25.0,50,7079.583487,1.0
-24.0,50,7080.158728,1.0
0.0,50,7080.720029,1.0
-50.0,50,7081.287926,0.0
-16.0,50,7081.857207,1.0
-50.0,50,7082.425791,0.0
-46.0,50,7082.98068,0.0
-48.0,50,7083.531376,0.0
-19.0,50,7084.09,1.0
-50.0,50,7084.659868,0.0
-27.0,50,7085.213322,1.0
-16.0,50,7085.768716,1.0
-28.0,50,7086.32683,1.0
-50.0,50,7086.909918,0.0
-31.0,50,7087.466541,1.0
-50.0,50,7088.021261,0.0
-43.0,50,7088.572195,1.0
-11.0,50,7089.134702,1.0
-25.0,50,7089.703676,1.0
-17.0,50,7090.26283,1.0
-27.0,50,7090.824506,1.0
0.0,50,7091.38863,1.0
-24.0,50,7091.952835,1.0
-22.0,50,7092.512669,1.0
-23.0,50,7093.078312,1.0
-50.0,50,7093.655625,0.0
-44.0,50,7094.224947,1.0
-25.0,50,7094.787765,1.0
-14.0,50,7095.347569,1.0
-39.0,50,7095.915982,1.0
-24.0,50,7096.481727,1.0
-13.0,50,7097.046992,1.0
-16.0,50,7097.611574,1.0
-36.0,50,7098.182956,0.0
-20.0,50,7098.74984,1.0
-50.0,50,7099.31325,0.0
-50.0,50,7099.87777,0.0
-50.0,50,7102.846349,0.0
-50.0,50,7103.413962,0.0
-27.0,50,7103.979078,1.0
-28.0,50,7104.543293,1.0
-50.0,50,7105.121422,0.0
-21.0,50,7105.685254,1.0
-26.0,50,7106.250741,1.0
-41.0,50,7106.819073,1.0
-15.0,50,7107.387553,1.0
-16.0,50,7107.954574,1.0
-6.0,50,7108.517449,1.0
-23.0,50,7109.080219,1.0
-34.0,50,7109.653379,1.0
-50.0,50,7110.21597,0.0
-50.0,50,7110.77704,0.0
-50.0,50,7111.341584,0.0
0.0,50,7111.902664,1.0
0.0,50,7112.459813,1.0
-19.0,50,7113.018031,1.0
-18.0,50,7113.581556,1.0
-24.0,50,7114.152166,1.0
-11.0,50,7114.71821,1.0
-24.0,50,7115.285582,1.0
-30.0,50,7115.848154,1.0
-10.0,50,7116.41358,1.0
0.0,50,7116.973484,1.0
-16.0,50,7117.538644,1.0
-18.0,50,7118.099823,1.0
-29.0,50,7118.674658,1.0
-42.0,50,7119.244174,1.0
-27.0,50,7119.817954,1.0
-24.0,50,7120.380557,1.0
-23.0,50,7120.945913,1.0
-22.0,50,7121.509608,1.0
0.0,50,7122.068071,1.0
-50.0,50,7122.63401,0.0
0.0,50,7123.212518,1.0
-50.0,50,7123.778707,0.0
-23.0,50,7124.341142,1.0
-24.0,50,7124.90439,1.0
-25.0,50,7125.471991,1.0
0.0,50,7126.034855,1.0
0.0,50,7126.591889,1.0
-11.0,50,7127.156599,1.0
-21.0,50,7127.724763,1.0
0.0,50,7128.292029,1.0
-23.0,50,7128.854456,1.0
-49.0,50,7129.412587,0.0
-48.0,50,7129.981134,0.0
-47.0,50,7130.541929,0.0
0.0,50,7131.106316,1.0
-19.0,50,7131.672599,1.0
-50.0,50,7132.239906,0.0
-50.0,50,7132.803466,0.0
-28.0,50,7133.36787,1.0
0.0,50,7133.931108,1.0
-21.0,50,7134.499865,1.0
-48.0,50,7135.063494,0.0
-22.0,50,7135.629364,1.0
-50.0,50,7136.191534,0.0
-16.0,50,7136.761182,1.0
-29.0,50,7137.319556,1.0
-50.0,50,7137.881403,0.0
-22.0,50,7138.450712,1.0
-28.0,50,7139.021985,1.0
-32.0,50,7139.584493,1.0
0.0,50,7140.141404,1.0
-50.0,50,7140.70304,0.0
-14.0,50,7141.273171,1.0
-17.0,50,7141.835202,1.0
-37.0,50,7142.397975,1.0
-30.0,50,7142.963217,1.0
-50.0,50,7143.530055,0.0
-25.0,50,7144.08949,1.0
-50.0,50,7144.654231,0.0
-50.0,50,7145.216961,0.0
-18.0,50,7145.783988,1.0
-7.0,50,7146.336642,1.0
-20.0,50,7146.895232,1.0
-13.0,50,7147.461025,1.0
-15.0,50,7148.026366,1.0
-50.0,50,7148.594596,0.0
-25.0,50,7149.158762,1.0
-50.0,50,7149.72581,0.0
-12.0,50,7150.288716,1.0
-15.0,50,7150.853211,1.0
-50.0,50,7151.41799,0.0
-19.0,50,7151.984544,1.0
0.0,50,7152.553602,1.0
-7.0,50,7153.108029,1.0
-44.0,50,7153.671834,1.0
-50.0,50,7154.23662,0.0
-34.0,50,7154.807653,1.0
-26.0,50,7155.369482,1.0
-50.0,50,7155.929822,0.0
-47.0,50,7156.497141,1.0
0.0,50,7157.069662,1.0
-50.0,50,7157.632871,0.0
0.0,50,7158.19891,1.0
-50.0,50,7158.763857,0.0
-14.0,50,7159.335152,1.0
-20.0,50,7159.899767,1.0
-34.0,50,7160.465852,1.0
-23.0,50,7161.035282,1.0
-15.0,50,7161.609777,1.0
-17.0,50,7162.169996,1.0
-35.0,50,7162.735297,1.0
0.0,50,7163.295392,1.0
-24.0,50,7163.870227,1.0
-9.0,50,7164.439841,1.0
-50.0,50,7165.005274,0.0
-33.0,50,7165.572051,1.0
-50.0,50,7166.146069,0.0
-50.0,50,7166.70677,0.0
-18.0,50,7167.274129,1.0
-50.0,50,7167.841575,0.0
-21.0,50,7168.416094,1.0
-16.0,50,7168.978434,1.0
-25.0,50,7169.545161,1.0
-47.0,50,7170.112427,1.0
-48.0,50,7170.685813,0.0
-47.0,50,7171.250346,0.0
-33.0,50,7171.817147,1.0
-32.0,50,7172.385376,0.0
-23.0,50,7172.963658,1.0
-50.0,50,7173.534348,0.0
-37.0,50,7174.099779,1.0
-32.0,50,7174.674605,1.0
-50.0,50,7175.247982,0.0
-50.0,50,7175.818446,0.0
-50.0,50,7176.383429,0.0
-25.0,50,7176.955612,1.0
-19.0,50,7177.532875,1.0
-19.0,50,7178.104584,1.0
-11.0,50,7178.665642,1.0
-33.0,50,7179.233716,1.0
-9.0,50,7179.8177,1.0
-19.0,50,7180.38583,1.0
-17.0,50,7180.951935,1.0
-42.0,50,7181.517288,1.0
-38.0,50,7182.088115,1.0
-10.0,50,7182.653056,1.0
-16.0,50,7183.221729,1.0
-50.0,50,7183.791116,0.0
-47.0,50,7184.367488,1.0
-28.0,50,7184.9391,1.0
-21.0,50,7185.505991,1.0
-50.0,50,7186.063981,0.0
-18.0,50,7186.642584,1.0
-43.0,50,7187.210905,1.0
-19.0,50,7187.777225,1.0
-43.0,50,7188.346654,1.0
-26.0,50,7188.922959,1.0
-7.0,50,7189.491513,1.0
-17.0,50,7190.055045,1.0
-50.0,50,7190.620158,0.0
-23.0,50,7191.194121,1.0
-22.0,50,7191.759467,1.0
-18.0,50,7192.322066,1.0
-22.0,50,7192.884439,1.0
0.0,50,7193.455338,1.0
-48.0,50,7194.018197,0.0
-50.0,50,7194.57846,0.0
-50.0,50,7195.148423,0.0
-43.0,50,7195.717021,1.0
-21.0,50,7196.278907,1.0
0.0,50,7196.841565,1.0
0.0,50,7197.40533,1.0
-8.0,50,7197.978622,1.0
-42.0,50,7198.538671,1.0
-48.0,50,7199.10464,1.0
-22.0,50,7199.669758,1.0
0.0,50,7200.234894,1.0
-17.0,50,7200.799201,1.0
-47.0,50,7201.364737,1.0
-27.0,50,7201.928672,1.0
-22.0,50,7202.503591,1.0
-48.0,50,7203.05703,0.0
-31.0,50,7203.622128,1.0
0.0,50,7204.182289,1.0
-50.0,50,7204.754368,0.0
-18.0,50,7205.317259,1.0
-24.0,50,7205.882877,1.0
-13.0,50,7206.438792,1.0
-50.0,50,7206.998854,0.0
-24.0,50,7207.554286,1.0
-50.0,50,7208.109211,0.0
-50.0,50,7208.660764,0.0
-20.0,50,7209.224992,1.0
-50.0,50,7209.797041,0.0
-12.0,50,7210.351064,1.0
-30.0,50,7210.911818,1.0
-19.0,50,7211.479381,1.0
-47.0,50,7212.034546,0.0
-19.0,50,7212.587657,1.0
-6.0,50,7213.134657,1.0
-23.0,50,7213.690643,1.0
-17.0,50,7214.239645,1.0
-19.0,50,7214.788946,1.0
-50.0,50,7215.341597,0.0
-10.0,50,7218.278733,1.0
-26.0,50,7218.840802,1.0
-12.0,50,7219.398093,1.0
-38.0,50,7219.960312,1.0
-24.0,50,7220.533478,1.0
-17.0,50,7221.091865,1.0
-50.0,50,7221.647881,0.0
-14.0,50,7222.21237,1.0
-13.0,50,7222.788702,1.0
-50.0,50,7223.356851,0.0
-14.0,50,7223.92597,1.0
-50.0,50,7224.495265,0.0
-50.0,50,7225.067618,0.0
-14.0,50,7225.639177,1.0
-20.0,50,7226.203782,1.0
-23.0,50,7226.771262,1.0
-18.0,50,7227.354887,1.0
-20.0,50,7227.923146,1.0
-30.0,50,7228.493691,1.0
-18.0,50,7229.062852,1.0
-50.0,50,7229.642234,0.0
-43.0,50,7230.212051,1.0
0.0,50,7230.780634,1.0
-50.0,50,7231.350637,0.0
-14.0,50,7231.921699,1.0
-11.0,50,7232.48914,1.0
-50.0,50,7233.05563,0.0
-23.0,50,7233.624067,1.0
-12.0,50,7234.200485,1.0
-21.0,50,7234.767117,1.0
-19.0,50,7235.3412,1.0
-22.0,50,7235.908011,1.0
-17.0,50,7236.478815,1.0
-50.0,50,7237.0503,0.0
-21.0,50,7237.619155,1.0
-5.0,50,7238.189973,1.0
-50.0,50,7238.762341,0.0
-48.0,50,7239.333214,0.0
-12.0,50,7239.904951,1.0
-21.0,50,7240.47354,1.0
-44.0,50,7241.045447,0.0
-26.0,50,7241.614228,1.0
-49.0,50,7242.181748,0.0
-16.0,50,7242.75252,1.0
-27.0,50,7243.334745,1.0
-48.0,50,7243.903576,0.0
0.0,50,7244.460572,1.0
0.0,50,7245.031098,1.0
0.0,50,7245.610909,1.0
-26.0,50,7246.180435,1.0
-26.0,50,7246.752066,1.0
-23.0,50,7247.313446,1.0
-50.0,50,7247.926254,0.0
-32.0,50,7248.490491,1.0
-43.0,50,7249.049246,0.0
-11.0,50,7249.611636,1.0
0.0,50,7250.190842,1.0
-49.0,50,7250.753324,0.0
-21.0,50,7251.32517,1.0
-21.0,50,7251.894883,1.0
-50.0,50,7252.470131,0.0
-50.0,50,7253.028978,0.0
-24.0,50,7253.58804,1.0
-15.0,50,7254.154069,1.0
-39.0,50,7254.727213,1.0
-50.0,50,7255.295547,0.0
-48.0,50,7255.86282,0.0
-20.0,50,7256.425951,1.0
-14.0,50,7256.999501,1.0
-21.0,50,7257.568169,1.0
-18.0,50,7258.138324,1.0
-50.0,50,7258.702269,0.0
-19.0,50,7259.280487,1.0
-43.0,50,7259.842499,0.0
-23.0,50,7260.409976,1.0
-33.0,50,7260.977672,1.0
0.0,50,7261.555737,1.0
-50.0,50,7262.117684,0.0
-18.0,50,7262.681594,1.0
-17.0,50,7263.252176,1.0
-23.0,50,7263.830713,1.0
-25.0,50,7264.398447,1.0
-50.0,50,7264.96311,0.0
-31.0,50,7265.529877,1.0
-24.0,50,7266.104186,1.0
-50.0,50,7266.673456,0.0
-50.0,50,7267.241343,0.0
-18.0,50,7267.801399,1.0
-33.0,50,7268.371436,1.0
0.0,50,7268.93438,1.0
-21.0,50,7269.502289,1.0
-15.0,50,7270.067561,1.0
-14.0,50,7270.635473,1.0
-25.0,50,7271.197133,1.0
-18.0,50,7271.756226,1.0
-15.0,50,7272.317741,1.0
-8.0,50,7272.885564,1.0
-50.0,50,7273.443396,0.0
-50.0,50,7274.009018,0.0
-27.0,50,7274.570635,1.0
-17.0,50,7275.140676,1.0
-22.0,50,7275.704494,1.0
-31.0,50,7276.263517,0.0
-30.0,50,7276.825348,1.0
-25.0,50,7277.392241,1.0
-26.0,50,7277.958611,1.0
-24.0,50,7278.518389,1.0
-19.0,50,7279.077424,1.0
-16.0,50,7279.650818,1.0
-22.0,50,7280.214628,1.0
-24.0,50,7280.780526,1.0
0.0,50,7281.3416,1.0
-21.0,50,7281.911087,1.0
-49.0,50,7282.47777,1.0
-31.0,50,7283.037339,1.0
-21.0,50,7283.595833,1.0
-27.0,50,7284.164474,1.0
-35.0,50,7284.72399,1.0
-14.0,50,7285.283356,1.0
-24.0,50,7285.84647,1.0
-20.0,50,7286.418679,1.0
-43.0,50,7286.979846,0.0
-33.0,50,7287.54185,1.0
-50.0,50,7288.096769,0.0
-25.0,50,7288.663798,1.0
-50.0,50,7289.227887,0.0
-23.0,50,7289.789171,1.0
-18.0,50,7290.34711,1.0
-50.0,50,7290.916267,0.0
-43.0,50,7291.481918,1.0
-50.0,50,7292.045948,0.0
-39.0,50,7292.610225,1.0
-34.0,50,7293.184537,1.0
-38.0,50,7293.745578,1.0
-22.0,50,7294.305378,1.0
-33.0,50,7294.868763,1.0
-17.0,50,7295.441234,1.0
-38.0,50,7295.997447,1.0
-23.0,50,7296.561882,1.0
-16.0,50,7297.126954,1.0
-24.0,50,7297.700845,1.0
-41.0,50,7298.264416,1.0
-39.0,50,7298.829617,1.0
-45.0,50,7299.387732,0.0
-8.0,50,7299.968154,1.0
-44.0,50,7300.528047,1.0
-44.0,50,7301.091007,1.0
-12.0,50,7301.655345,1.0
-39.0,50,7302.223515,0.0
-14.0,50,7302.788878,1.0
-30.0,50,7303.352377,1.0
-2.0,50,7303.912789,1.0
-23.0,50,7304.481847,1.0
0.0,50,7305.040442,1.0
-17.0,50,7305.602491,1.0
-23.0,50,7306.16566,1.0
-24.0,50,7306.735571,1.0
-39.0,50,7307.296878,1.0
-50.0,50,7307.860463,0.0
-34.0,50,7308.427514,0.0
-19.0,50,7309.002381,1.0
-22.0,50,7309.565134,1.0
-13.0,50,7310.125776,1.0
-23.0,50,7310.692507,1.0
-23.0,50,7311.272574,1.0
-16.0,50,7311.840432,1.0
-24.0,50,7312.411339,1.0
-50.0,50,7312.971008,0.0
-22.0,50,7313.546906,1.0
-50.0,50,7314.118538,0.0
-50.0,50,7314.685231,0.0
-49.0,50,7315.248475,0.0
-47.0,50,7315.827518,0.0
-48.0,50,7316.393897,0.0
0.0,50,7316.957268,1.0
-50.0,50,7317.53083,0.0
-18.0,50,7318.107577,1.0
-34.0,50,7318.677302,1.0
-34.0,50,7319.245595,1.0
-50.0,50,7319.815306,0.0
-32.0,50,7320.386703,0.0
-13.0,50,7320.951884,1.0
-50.0,50,7321.521763,0.0
-33.0,50,7322.088055,1.0
-23.0,50,7322.662938,1.0
-50.0,50,7323.227947,0.0
-50.0,50,7323.795208,0.0
-19.0,50,7324.358763,1.0
-42.0,50,7324.939173,1.0
-19.0,50,7325.504903,1.0
-23.0,50,7326.064497,1.0
0.0,50,7326.618686,1.0
-7.0,50,7327.185014,1.0
-18.0,50,7327.742278,1.0
-19.0,50,7328.308228,1.0
-47.0,50,7328.877423,1.0
-50.0,50,7329.448038,0.0
-39.0,50,7330.022676,0.0
-25.0,50,7330.593317,1.0
-32.0,50,7331.162795,1.0
-15.0,50,7334.15653,1.0
-18.0,50,7334.718184,1.0
-42.0,50,7335.279909,1.0
-15.0,50,7335.845077,1.0
-21.0,50,7336.415713,1.0
-50.0,50,7336.974978,0.0
-44.0,50,7337.536136,0.0
0.0,50,7338.094723,1.0
-14.0,50,7338.67207,1.0
-50.0,50,7339.23787,0.0
-28.0,50,7339.803993,1.0
-16.0,50,7340.369689,1.0
-21.0,50,7340.945121,1.0
0.0,50,7341.510993,1.0
-31.0,50,7342.08193,1.0
-50.0,50,7342.643674,0.0
-47.0,50,7343.206584,0.0
-24.0,50,7343.768856,1.0
-50.0,50,7344.333376,0.0
-50.0,50,7344.894779,0.0
-50.0,50,7345.461994,0.0
-50.0,50,7346.028926,0.0
-19.0,50,7346.589612,1.0
-46.0,50,7347.144424,0.0
-22.0,50,7347.714595,1.0
-50.0,50,7348.276782,0.0
-23.0,50,7348.841758,1.0
-11.0,50,7349.40634,1.0
-14.0,50,7349.976521,1.0
-27.0,50,7350.538716,1.0
-18.0,50,7351.101534,1.0
-20.0,50,7351.658749,1.0
-17.0,50,7352.229812,1.0
-50.0,50,7352.784654,0.0
-47.0,50,7353.348724,0.0
-26.0,50,7353.91429,1.0
-21.0,50,7354.486629,1.0
-28.0,50,7355.051742,1.0
-24.0,50,7355.610796,1.0
-21.0,50,7356.171339,1.0
-45.0,50,7356.742821,0.0
-12.0,50,7357.30467,1.0
-21.0,50,7357.866277,1.0
0.0,50,7358.430431,1.0
-49.0,50,7358.996969,0.0
-24.0,50,7359.571307,1.0
-13.0,50,7360.13449,1.0
-48.0,50,7360.697235,0.0
-32.0,50,7361.267814,1.0
-28.0,50,7361.833568,1.0
-13.0,50,7362.394893,1.0
-23.0,50,7362.953912,1.0
-35.0,50,7363.525821,0.0
-21.0,50,7364.088853,1.0
0.0,50,7364.647943,1.0
-16.0,50,7365.211349,1.0
-34.0,50,7365.781837,1.0
-32.0,50,7366.345181,1.0
-23.0,50,7366.906835,1.0
-4.0,50,7367.468364,1.0
-14.0,50,7368.041731,1.0
-22.0,50,7368.602777,1.0
0.0,50,7369.162931,1.0
-18.0,50,7369.716596,1.0
-19.0,50,7370.288881,1.0
-50.0,50,7370.851667,0.0
-16.0,50,7371.403293,1.0
-27.0,50,7371.97407,1.0
-24.0,50,7372.547029,1.0
-21.0,50,7373.109749,1.0
0.0,50,7373.672797,1.0
-14.0,50,7374.237049,1.0
-50.0,50,7374.809553,0.0
-26.0,50,7375.377062,1.0
-50.0,50,7375.943003,0.0
-35.0,50,7376.510393,1.0
-27.0,50,7377.084903,1.0
-50.0,50,7377.639492,0.0
-24.0,50,7378.20291,1.0
-50.0,50,7378.770652,0.0
-24.0,50,7379.347536,1.0
-50.0,50,7379.916228,0.0
-50.0,50,7380.479253,0.0
-13.0,50,7381.045357,1.0
-15.0,50,7381.617294,1.0
-37.0,50,7382.181597,1.0
-50.0,50,7382.747699,0.0
-16.0,50,7383.313879,1.0
-47.0,50,7383.88773,0.0
-17.0,50,7384.453278,1.0
-50.0,50,7385.021399,0.0
-17.0,50,7385.580901,1.0
-12.0,50,7386.154199,1.0
0.0,50,7386.716812,1.0
-19.0,50,7387.281217,1.0
-14.0,50,7387.844234,1.0
-50.0,50,7388.414217,0.0
-16.0,50,7388.980409,1.0
-27.0,50,7389.550307,1.0
-3.0,50,7390.116485,1.0
-50.0,50,7390.693587,0.0
-21.0,50,7391.257116,1.0
-50.0,50,7391.825178,0.0
-44.0,50,7392.390138,1.0
-23.0,50,7392.958573,1.0
0.0,50,7393.510043,1.0
-50.0,50,7394.062283,0.0
-26.0,50,7394.61896,1.0
-49.0,50,7395.179379,0.0
-8.0,50,7395.731571,1.0
-37.0,50,7396.287687,0.0
-21.0,50,7396.842828,1.0
-50.0,50,7397.402395,0.0
-36.0,50,7397.954711,1.0
-48.0,50,7398.51373,0.0
-16.0,50,7399.079774,1.0
-19.0,50,7399.656421,1.0
-21.0,50,7400.222765,1.0
-28.0,50,7400.792916,1.0
-34.0,50,7401.35896,1.0
-18.0,50,7401.934571,1.0
-18.0,50,7402.497968,1.0
-50.0,50,7403.060053,0.0
-11.0,50,7403.624799,1.0
-26.0,50,7404.195959,1.0
-34.0,50,7404.762025,0.0
-50.0,50,7405.323514,0.0
-16.0,50,7405.889931,1.0
0.0,50,7406.464536,1.0
-50.0,50,7407.031593,0.0
-16.0,50,7407.59903,1.0
-50.0,50,7408.160569,0.0
-46.0,50,7408.728097,0.0
-22.0,50,7409.285924,1.0
0.0,50,7409.840673,1.0
-28.0,50,7410.40255,1.0
-26.0,50,7410.973072,1.0
-26.0,50,7411.526667,1.0
-29.0,50,7412.090092,1.0
-23.0,50,7412.654173,1.0
-25.0,50,7413.230974,1.0
-50.0,50,7413.796975,0.0
-14.0,50,7414.361976,1.0
-47.0,50,7414.927507,0.0
-32.0,50,7415.5036,1.0
-50.0,50,7416.071059,0.0
-10.0,50,7416.636981,1.0
0.0,50,7417.198031,1.0
-6.0,50,7417.776274,1.0
-50.0,50,7418.344722,0.0
-39.0,50,7418.915255,0.0
-50.0,50,7419.480255,0.0
-14.0,50,7420.067209,1.0
0.0,50,7420.632135,1.0
-50.0,50,7421.199908,0.0
-50.0,50,7421.762016,0.0
0.0,50,7422.33585,1.0
-11.0,50,7422.901701,1.0
-50.0,50,7423.466845,0.0
0.0,50,7424.029012,1.0
-18.0,50,7424.603298,1.0
-50.0,50,7425.171144,0.0
-16.0,50,7425.732543,1.0
-50.0,50,7426.297188,0.0
-18.0,50,7426.86915,1.0
-15.0,50,7427.429775,1.0
-48.0,50,7427.991721,0.0
-50.0,50,7428.55638,0.0
-23.0,50,7429.129612,1.0
-50.0,50,7429.696829,0.0
-18.0,50,7430.260146,1.0
-20.0,50,7430.820014,1.0
-13.0,50,7431.392304,1.0
-19.0,50,7431.954747,1.0
-23.0,50,7432.512693,1.0
-50.0,50,7433.078181,0.0
-18.0,50,7433.650623,1.0
-50.0,50,7434.212,0.0
-19.0,50,7434.765725,1.0
-50.0,50,7435.317638,0.0
-50.0,50,7435.877522,0.0
-18.0,50,7436.439042,1.0
-50.0,50,7436.995269,0.0
-46.0,50,7437.55473,0.0
-44.0,50,7438.128872,0.0
-50.0,50,7438.68923,0.0
-50.0,50,7439.247446,0.0
-18.0,50,7439.808053,1.0
-19.0,50,7440.375814,1.0
-17.0,50,7440.93657,1.0
-50.0,50,7441.50072,0.0
-20.0,50,7442.067621,1.0
-38.0,50,7442.639501,1.0
-14.0,50,7443.204846,1.0
-19.0,50,7443.772593,1.0
0.0,50,7444.331251,1.0
-26.0,50,7444.910206,1.0
-19.0,50,7445.478688,1.0
-32.0,50,7446.048713,1.0
-19.0,50,7446.616992,1.0
-17.0,50,7449.602325,1.0
-24.0,50,7450.174062,1.0
-19.0,50,7450.73865,1.0
-22.0,50,7451.306526,1.0
-23.0,50,7451.886174,1.0
-15.0,50,7452.454001,1.0
-43.0,50,7453.01907,1.0
-9.0,50,7453.587491,1.0
-29.0,50,7454.167827,1.0
-2.0,50,7454.735344,1.0
-50.0,50,7455.301754,0.0
-46.0,50,7455.871778,0.0
-14.0,50,7456.447585,1.0
-17.0,50,7457.014075,1.0
-14.0,50,7457.582007,1.0
-50.0,50,7458.144424,0.0
-32.0,50,7458.722841,1.0
-23.0,50,7459.292245,1.0
-50.0,50,7459.849676,0.0
-50.0,50,7460.404174,0.0
-26.0,50,7460.975935,1.0
-50.0,50,7461.542215,0.0
-39.0,50,7462.10539,1.0
-37.0,50,7462.668527,1.0
-20.0,50,7463.241608,1.0
-48.0,50,7463.80227,0.0
-15.0,50,7464.364647,1.0
-11.0,50,7464.929941,1.0
-7.0,50,7465.506489,1.0
-8.0,50,7466.068053,1.0
-18.0,50,7466.635649,1.0
-30.0,50,7467.205811,1.0
-47.0,50,7467.775465,1.0
-46.0,50,7468.343973,0.0
-12.0,50,7468.912207,1.0
-31.0,50,7469.481843,1.0
-4.0,50,7470.06143,1.0
0.0,50,7470.62663,1.0
0.0,50,7471.193458,1.0
-36.0,50,7471.760389,1.0
-50.0,50,7472.342884,0.0
-22.0,50,7472.910557,1.0
-50.0,50,7473.484578,0.0
-47.0,50,7474.052645,0.0
-49.0,50,7474.627046,0.0
-14.0,50,7475.192044,1.0
-25.0,50,7475.754836,1.0
-23.0,50,7476.320984,1.0
-29.0,50,7476.897162,1.0
-13.0,50,7477.460814,1.0
-50.0,50,7478.019819,0.0
-15.0,50,7478.589264,1.0
-18.0,50,7479.164298,1.0
-29.0,50,7479.741603,0.0
-50.0,50,7480.310158,0.0
-22.0,50,7480.874426,1.0
-23.0,50,7481.451331,1.0
-50.0,50,7482.012714,0.0
-20.0,50,7482.580895,1.0
-19.0,50,7483.147333,1.0
-11.0,50,7483.721393,1.0
-15.0,50,7484.288261,1.0
-50.0,50,7484.852552,0.0
-48.0,50,7485.422382,1.0
-30.0,50,7485.996624,1.0
-25.0,50,7486.561587,1.0
-14.0,50,7487.12655,1.0
-24.0,50,7487.694215,1.0
-50.0,50,7488.272887,0.0
-5.0,50,7488.837394,1.0
-18.0,50,7489.404223,1.0
-29.0,50,7489.972666,1.0
-11.0,50,7490.547846,1.0
-50.0,50,7491.112107,0.0
-26.0,50,7491.674418,1.0
-18.0,50,7492.245132,1.0
-33.0,50,7492.819968,1.0
-19.0,50,7493.383924,1.0
-21.0,50,7493.94523,1.0
-19.0,50,7494.506044,1.0
-18.0,50,7495.074492,1.0
-50.0,50,7495.625904,0.0
-21.0,50,7496.183344,1.0
-21.0,50,7496.739806,1.0
-50.0,50,7497.311429,0.0
-50.0,50,7497.872446,0.0
-23.0,50,7498.432952,1.0
-25.0,50,7498.995282,1.0
-27.0,50,7499.567178,1.0
-11.0,50,7500.127167,1.0
-50.0,50,7500.691281,0.0
-18.0,50,7501.253595,1.0
-26.0,50,7501.830347,1.0
-50.0,50,7502.388487,0.0
-12.0,50,7502.94235,1.0
-37.0,50,7503.505257,1.0
-23.0,50,7504.076458,1.0
-22.0,50,7504.636448,1.0
-24.0,50,7505.196498,1.0
-50.0,50,7505.755307,0.0
-14.0,50,7506.325449,1.0
0.0,50,7506.880273,1.0
-15.0,50,7507.441364,1.0
-13.0,50,7508.002948,1.0
-29.0,50,7508.570766,1.0
-23.0,50,7509.131498,1.0
0.0,50,7509.702836,1.0
-20.0,50,7510.266703,1.0
-32.0,50,7510.833091,1.0
-19.0,50,7511.39537,1.0
-19.0,50,7511.954919,1.0
0.0,50,7512.514114,1.0
-36.0,50,7513.081287,1.0
-41.0,50,7513.635159,0.0
-50.0,50,7514.186977,0.0
-13.0,50,7514.746346,1.0
-45.0,50,7515.312801,1.0
-43.0,50,7515.869583,1.0
0.0,50,7516.425411,1.0
-24.0,50,7516.987487,1.0
-45.0,50,7517.562157,0.0
-44.0,50,7518.125133,0.0
-50.0,50,7518.685792,0.0
0.0,50,7519.249781,1.0
-48.0,50,7519.82624,0.0
-17.0,50,7520.39238,1.0
0.0,50,7520.960643,1.0
-29.0,50,7521.532293,1.0
-49.0,50,7522.110332,1.0
-45.0,50,7522.678307,0.0
0.0,50,7523.236365,1.0
-20.0,50,7523.800544,1.0
-49.0,50,7524.382278,1.0
-19.0,50,7524.947865,1.0
-29.0,50,7525.511701,1.0
-41.0,50,7526.078665,1.0
-18.0,50,7526.657341,1.0
-18.0,50,7527.22292,1.0
-35.0,50,7527.785988,1.0
-18.0,50,7528.352905,1.0
-19.0,50,7528.93067,1.0
0.0,50,7529.497644,1.0
-31.0,50,7530.065146,1.0
-22.0,50,7530.63185,1.0
-50.0,50,7531.208512,0.0
-45.0,50,7531.765441,0.0
-41.0,50,7532.334021,1.0
-50.0,50,7532.901693,0.0
-39.0,50,7533.482605,0.0
0.0,50,7534.049163,1.0
-50.0,50,7534.614707,0.0
-35.0,50,7535.173508,1.0
-37.0,50,7535.758206,1.0
-22.0,50,7536.325625,1.0
-45.0,50,7536.892473,1.0
-45.0,50,7537.456866,1.0
-50.0,50,7538.035445,0.0
-47.0,50,7538.60579,1.0
-35.0,50,7539.17277,0.0
-19.0,50,7539.753007,1.0
-16.0,50,7540.327905,1.0
-46.0,50,7540.893308,0.0
-37.0,50,7541.460211,1.0
-22.0,50,7542.026796,1.0
-24.0,50,7542.603062,1.0
-31.0,50,7543.171633,1.0
-25.0,50,7543.740024,0.0
-30.0,50,7544.305829,1.0
-24.0,50,7544.883613,1.0
0.0,50,7545.444159,1.0
0.0,50,7546.008619,1.0
-49.0,50,7546.573156,0.0
-28.0,50,7547.147763,1.0
-15.0,50,7547.717306,1.0
-50.0,50,7548.286626,0.0
-19.0,50,7548.853413,1.0
-12.0,50,7549.431297,1.0
-50.0,50,7550.001375,0.0
-22.0,50,7550.56938,1.0
-20.0,50,7551.140826,1.0
-26.0,50,7551.71168,1.0
-50.0,50,7552.276344,0.0
-50.0,50,7552.835749,0.0
-24.0,50,7553.395064,1.0
-37.0,50,7553.961546,1.0
-10.0,50,7554.531927,1.0
-15.0,50,7555.092428,1.0
0.0,50,7555.659508,1.0
-26.0,50,7556.236473,1.0
-21.0,50,7556.80511,1.0
-17.0,50,7557.372518,1.0
-45.0,50,7557.937892,0.0
-16.0,50,7558.515255,1.0
-24.0,50,7559.083728,1.0
0.0,50,7559.651955,1.0
-22.0,50,7560.213809,1.0
-37.0,50,7560.787571,1.0
0.0,50,7561.353568,1.0
-50.0,50,7561.919209,0.0
-10.0,50,7562.486676,1.0
-27.0,50,7565.489774,1.0
-50.0,50,7566.059989,0.0
-12.0,50,7566.629319,1.0
-48.0,50,7567.193818,0.0
-23.0,50,7567.76933,1.0
-17.0,50,7568.335738,1.0
-26.0,50,7568.9066,1.0
0.0,50,7569.47562,1.0
-50.0,50,7570.062828,0.0
0.0,50,7570.626463,1.0
-19.0,50,7571.192722,1.0
-33.0,50,7571.75515,1.0
-8.0,50,7572.324672,1.0
-38.0,50,7572.887186,1.0
-14.0,50,7573.446611,1.0
-5.0,50,7574.00985,1.0
-22.0,50,7574.580873,1.0
-25.0,50,7575.142479,1.0
-17.0,50,7575.699781,1.0
-19.0,50,7576.26057,1.0
-21.0,50,7576.827495,1.0
0.0,50,7577.390987,1.0
0.0,50,7577.955547,1.0
-49.0,50,7578.520149,0.0
-15.0,50,7579.096402,1.0
-30.0,50,7579.663951,1.0
-30.0,50,7580.224478,1.0
0.0,50,7580.786841,1.0
-50.0,50,7581.361743,0.0
-17.0,50,7581.927343,1.0
-39.0,50,7582.490786,1.0
-50.0,50,7583.052955,0.0
-9.0,50,7583.62273,1.0
-23.0,50,7584.187433,1.0
-23.0,50,7584.752867,1.0
-8.0,50,7585.316806,1.0
-32.0,50,7585.894037,1.0
-34.0,50,7586.455889,1.0
-17.0,50,7587.018843,1.0
-24.0,50,7587.585682,1.0
-50.0,50,7588.151118,0.0
-23.0,50,7588.712785,1.0
-20.0,50,7589.279218,1.0
-41.0,50,7589.843788,0.0
0.0,50,7590.416733,1.0
-18.0,50,7590.973867,1.0
-36.0,50,7591.535486,0.0
-48.0,50,7592.091119,0.0
-9.0,50,7592.664099,1.0
-22.0,50,7593.228635,1.0
-8.0,50,7593.790541,1.0
-24.0,50,7594.357308,1.0
-20.0,50,7594.932765,1.0
-14.0,50,7595.490401,1.0
-15.0,50,7596.056515,1.0
-33.0,50,7596.620804,1.0
-22.0,50,7597.19545,1.0
-20.0,50,7597.761671,1.0
-19.0,50,7598.323491,1.0
-10.0,50,7598.886393,1.0
-32.0,50,7599.462306,1.0
-20.0,50,7600.035428,1.0
-16.0,50,7600.599889,1.0
-19.0,50,7601.162958,1.0
-10.0,50,7601.727533,1.0
-50.0,50,7602.293562,0.0
-43.0,50,7602.85482,1.0
-22.0,50,7603.418812,1.0
-27.0,50,7603.991783,1.0
-7.0,50,7604.55449,1.0
-15.0,50,7605.120836,1.0
-49.0,50,7605.682817,0.0
-21.0,50,7606.256429,1.0
-30.0,50,7606.823304,1.0
-22.0,50,7607.389731,1.0
-24.0,50,7607.960279,1.0
-50.0,50,7608.538931,0.0
-46.0,50,7609.106583,1.0
-15.0,50,7609.675305,1.0
-22.0,50,7610.240669,1.0
-50.0,50,7610.805822,0.0
-48.0,50,7611.369584,0.0
0.0,50,7611.938989,1.0
-46.0,50,7612.502642,0.0
-22.0,50,7613.082052,1.0
-23.0,50,7613.647783,1.0
-10.0,50,7614.215454,1.0
-50.0,50,7614.782984,0.0
-31.0,50,7615.359221,1.0
-13.0,50,7615.927874,1.0
0.0,50,7616.493689,1.0
-43.0,50,7617.057043,1.0
-27.0,50,7617.627249,1.0
-32.0,50,7618.189429,1.0
-10.0,50,7618.755023,1.0
-28.0,50,7619.322754,1.0
-15.0,50,7619.897931,1.0
-27.0,50,7620.460476,1.0
-19.0,50,7621.024364,1.0
-18.0,50,7621.591657,1.0
-18.0,50,7622.168655,1.0
-24.0,50,7622.735021,1.0
-19.0,50,7623.297568,1.0
0.0,50,7623.853485,1.0
-9.0,50,7624.423497,1.0
-50.0,50,7624.988343,0.0
-50.0,50,7625.552198,0.0
-23.0,50,7626.112041,1.0
-35.0,50,7626.686172,1.0
-50.0,50,7627.24776,0.0
-50.0,50,7627.807642,0.0
-15.0,50,7628.370468,1.0
-31.0,50,7628.937572,1.0
0.0,50,7629.516757,1.0
-50.0,50,7630.082012,0.0
-50.0,50,7630.643835,0.0
-15.0,50,7631.208901,1.0
-26.0,50,7631.775011,1.0
-43.0,50,7632.339477,0.0
-18.0,50,7632.903942,1.0
-18.0,50,7633.477038,1.0
-50.0,50,7634.042559,0.0
-13.0,50,7634.60924,1.0
-22.0,50,7635.172231,1.0
-19.0,50,7635.745064,1.0
-13.0,50,7636.311321,1.0
-4.0,50,7636.87491,1.0
-6.0,50,7637.440097,1.0
0.0,50,7638.019235,1.0
-45.0,50,7638.584353,0.0
-18.0,50,7639.149708,1.0
-27.0,50,7639.718581,1.0
-41.0,50,7640.291906,1.0
-4.0,50,7640.852598,1.0
-50.0,50,7641.419175,0.0
-22.0,50,7641.982459,0.0
-34.0,50,7642.555749,1.0
-25.0,50,7643.120351,1.0
-23.0,50,7643.687744,1.0
-16.0,50,7644.253346,1.0
-15.0,50,7644.82779,1.0
-15.0,50,7645.39191,1.0
-16.0,50,7645.959704,1.0
-30.0,50,7646.52279,1.0
-45.0,50,7647.090181,1.0
-50.0,50,7647.650324,0.0
-17.0,50,7648.219031,1.0
-17.0,50,7648.775184,1.0
-47.0,50,7649.346637,0.0
-50.0,50,7649.906996,0.0
-12.0,50,7650.473741,1.0
-9.0,50,7651.038246,1.0
-4.0,50,7651.61173,1.0
-45.0,50,7652.174614,1.0
-18.0,50,7652.732846,1.0
-7.0,50,7653.296239,1.0
-30.0,50,7653.865957,1.0
-26.0,50,7654.425846,1.0
-31.0,50,7654.986977,1.0
-46.0,50,7655.546927,0.0
-50.0,50,7656.113589,0.0
-31.0,50,7656.681475,1.0
-37.0,50,7657.249822,1.0
-9.0,50,7657.819855,1.0
-24.0,50,7658.394128,1.0
-9.0,50,7658.959402,1.0
-43.0,50,7659.534005,1.0
0.0,50,7660.092444,1.0
-43.0,50,7660.665605,1.0
-14.0,50,7661.221035,1.0
-22.0,50,7661.781859,1.0
-50.0,50,7662.336367,0.0
-23.0,50,7662.907748,1.0
-19.0,50,7663.474162,1.0
0.0,50,7664.038017,1.0
-18.0,50,7664.597095,1.0
-40.0,50,7665.158944,1.0
-50.0,50,7665.708461,0.0
0.0,50,7666.265863,1.0
-19.0,50,7666.821682,1.0
-26.0,50,7667.394797,1.0
-45.0,50,7667.960218,1.0
-50.0,50,7668.524444,0.0
-11.0,50,7669.089425,1.0
-20.0,50,7669.662695,1.0
-11.0,50,7670.22867,1.0
-50.0,50,7670.795578,0.0
-23.0,50,7671.363253,1.0
-41.0,50,7671.937877,0.0
-41.0,50,7672.503173,1.0
-32.0,50,7673.068783,0.0
-28.0,50,7673.636489,1.0
-42.0,50,7674.2122,0.0
-19.0,50,7674.776071,1.0
-20.0,50,7675.340955,1.0
-29.0,50,7675.906465,1.0
-50.0,50,7676.483047,0.0
-14.0,50,7677.048512,1.0
-50.0,50,7677.607805,0.0
-13.0,50,7678.173806,1.0
0.0,50,7681.174792,1.0
-49.0,50,7681.740736,0.0
-19.0,50,7682.300659,1.0
-32.0,50,7682.866731,1.0
-13.0,50,7683.439252,1.0
-25.0,50,7684.004194,1.0
-50.0,50,7684.570612,0.0
-15.0,50,7685.137064,1.0
-18.0,50,7685.714116,1.0
-18.0,50,7686.280629,1.0
-46.0,50,7686.850007,1.0
-30.0,50,7687.413745,1.0
-27.0,50,7687.989174,1.0
-50.0,50,7688.560456,0.0
-16.0,50,7689.126433,1.0
-36.0,50,7689.701024,1.0
0.0,50,7690.276357,1.0
-29.0,50,7690.846021,1.0
-17.0,50,7691.415342,1.0
-24.0,50,7691.98159,1.0
0.0,50,7692.558893,1.0
-24.0,50,7693.127641,1.0
-15.0,50,7693.686907,1.0
-25.0,50,7694.248394,1.0
-24.0,50,7694.818586,1.0
-23.0,50,7695.384308,1.0
-10.0,50,7695.950006,1.0
-14.0,50,7696.517298,1.0
-17.0,50,7697.092327,1.0
-14.0,50,7697.660352,1.0
-50.0,50,7698.226905,0.0
-4.0,50,7698.796282,1.0
-14.0,50,7699.37234,1.0
-23.0,50,7699.937714,1.0
-37.0,50,7700.49861,1.0
-22.0,50,7701.063784,1.0
0.0,50,7701.641392,1.0
-35.0,50,7702.20683,1.0
-18.0,50,7702.774094,1.0
-33.0,50,7703.341057,1.0
-21.0,50,7703.914844,1.0
-50.0,50,7704.487073,0.0
-42.0,50,7705.04695,0.0
-16.0,50,7705.614965,1.0
-34.0,50,7706.194129,1.0
-39.0,50,7706.758771,1.0
-12.0,50,7707.326134,1.0
-50.0,50,7707.894209,0.0
-50.0,50,7708.470757,0.0
-22.0,50,7709.033552,1.0
-50.0,50,7709.6018,0.0
-47.0,50,7710.167789,0.0
-46.0,50,7710.739888,0.0
-23.0,50,7711.306898,1.0
-2.0,50,7711.870072,1.0
-30.0,50,7712.439924,1.0
-29.0,50,7713.019332,1.0
0.0,50,7713.579557,1.0
-33.0,50,7714.148474,1.0
-34.0,50,7714.717269,1.0
-17.0,50,7715.296285,1.0
-50.0,50,7715.858327,0.0
-21.0,50,7716.420858,1.0
-14.0,50,7716.985918,1.0
-48.0,50,7717.55517,0.0
-50.0,50,7718.120373,0.0
-42.0,50,7718.688123,1.0
-30.0,50,7719.254822,1.0
-26.0,50,7719.841733,1.0
-26.0,50,7720.403736,1.0
-13.0,50,7720.96432,1.0
-18.0,50,7721.53023,1.0
-33.0,50,7722.1068,1.0
-9.0,50,7722.672693,1.0
-23.0,50,7723.238972,1.0
0.0,50,7723.805708,1.0
-20.0,50,7724.381419,1.0
-50.0,50,7724.942717,0.0
-13.0,50,7725.502563,1.0
-23.0,50,7726.073482,1.0
-46.0,50,7726.644323,0.0
-50.0,50,7727.211924,0.0
-17.0,50,7727.778414,1.0
-14.0,50,7728.35121,1.0
-13.0,50,7728.927962,1.0
-21.0,50,7729.498738,1.0
-36.0,50,7730.067749,0.0
-45.0,50,7730.636835,1.0
-50.0,50,7731.21635,0.0
-10.0,50,7731.783864,1.0
-17.0,50,7732.349276,1.0
-50.0,50,7732.921033,0.0
-35.0,50,7733.504369,1.0
-22.0,50,7734.074465,1.0
-50.0,50,7734.634252,0.0
-24.0,50,7735.20235,1.0
-17.0,50,7735.777114,1.0
-19.0,50,7736.348243,1.0
-30.0,50,7736.920424,1.0
-50.0,50,7737.494251,0.0
-13.0,50,7738.071827,1.0
-21.0,50,7738.644506,1.0
-50.0,50,7739.21637,0.0
0.0,50,7739.787367,1.0
-50.0,50,7740.364962,0.0
-14.0,50,7740.934235,1.0
-27.0,50,7741.504382,1.0
-22.0,50,7742.075447,1.0
-17.0,50,7742.657355,1.0
-50.0,50,7743.226618,0.0
0.0,50,7743.792065,1.0
-27.0,50,7744.355791,1.0
-16.0,50,7744.923978,1.0
-50.0,50,7745.486116,0.0
-20.0,50,7746.043929,1.0
-19.0,50,7746.607827,1.0
-21.0,50,7747.184619,1.0
-48.0,50,7747.743723,0.0
-14.0,50,7748.308662,1.0
-7.0,50,7748.872758,1.0
-50.0,50,7749.450155,0.0
-12.0,50,7750.020226,1.0
-30.0,50,7750.583289,1.0
-16.0,50,7751.147712,1.0
-43.0,50,7751.720543,0.0
-41.0,50,7752.289697,1.0
-22.0,50,7752.85547,1.0
-32.0,50,7753.415856,1.0
-18.0,50,7753.992579,1.0
-49.0,50,7754.554914,0.0
-17.0,50,7755.116674,1.0
-46.0,50,7755.678448,0.0
-21.0,50,7756.249741,1.0
-49.0,50,7756.809195,0.0
-17.0,50,7757.375759,1.0
-7.0,50,7757.940156,1.0
-12.0,50,7758.513971,1.0
-20.0,50,7759.074883,1.0
-25.0,50,7759.642537,1.0
-22.0,50,7760.20716,1.0
-21.0,50,7760.782886,1.0
-48.0,50,7761.345338,0.0
-16.0,50,7761.912203,1.0
0.0,50,7762.476133,1.0
-7.0,50,7763.054703,1.0
-16.0,50,7763.619946,1.0
-6.0,50,7764.187941,1.0
-17.0,50,7764.751981,1.0
0.0,50,7765.322801,1.0
-50.0,50,7765.891111,0.0
-50.0,50,7766.459268,0.0
-27.0,50,7767.024483,1.0
-17.0,50,7767.621334,1.0
-50.0,50,7768.182216,0.0
-50.0,50,7768.752005,0.0
0.0,50,7769.311257,1.0
-12.0,50,7769.875596,1.0
-24.0,50,7770.428227,1.0
-22.0,50,7770.981347,1.0
-23.0,50,7771.538331,1.0
-39.0,50,7772.106119,1.0
-14.0,50,7772.662148,1.0
-17.0,50,7773.221108,1.0
-13.0,50,7773.782499,1.0
-35.0,50,7774.360152,1.0
-50.0,50,7774.923474,0.0
-19.0,50,7775.486261,1.0
-25.0,50,7776.05787,1.0
-50.0,50,7776.63277,0.0
-50.0,50,7777.20168,0.0
-41.0,50,7777.769039,1.0
-16.0,50,7778.331838,1.0
-37.0,50,7778.903562,1.0
-12.0,50,7779.468906,1.0
-7.0,50,7780.043583,1.0
0.0,50,7780.610418,1.0
-16.0,50,7781.17808,1.0
-37.0,50,7781.749988,0.0
-40.0,50,7782.320087,1.0
-8.0,50,7782.887866,1.0
-16.0,50,7783.467751,1.0
-18.0,50,7784.030534,1.0
-45.0,50,7784.602341,1.0
-8.0,50,7785.172864,1.0
-3.0,50,7785.750405,1.0
-28.0,50,7786.322206,1.0
-22.0,50,7786.888379,1.0
-42.0,50,7787.457247,1.0
-21.0,50,7788.035075,1.0
-26.0,50,7788.601082,1.0
-24.0,50,7789.170527,1.0
-3.0,50,7789.744422,1.0
-50.0,50,7790.320719,0.0
-23.0,50,7790.890763,1.0
-27.0,50,7791.46179,1.0
-16.0,50,7792.030278,1.0
-8.0,50,7792.608341,1.0
-50.0,50,7793.172578,0.0
-10.0,50,7793.74228,1.0
-23.0,50,7794.309217,1.0
-28.0,50,7797.281162,1.0
-50.0,50,7797.853594,0.0
-18.0,50,7798.422096,1.0
-10.0,50,7798.991843,1.0
0.0,50,7799.562528,1.0
-16.0,50,7800.129146,1.0
-47.0,50,7800.695194,0.0
-24.0,50,7801.256696,1.0
0.0,50,7801.833719,1.0
-50.0,50,7802.404712,0.0
-24.0,50,7802.974617,1.0
-47.0,50,7803.548868,1.0
-21.0,50,7804.129191,1.0
-24.0,50,7804.697989,1.0
-20.0,50,7805.266454,1.0
-17.0,50,7805.835521,1.0
-27.0,50,7806.412455,1.0
-50.0,50,7806.983675,0.0
-27.0,50,7807.551747,1.0
-22.0,50,7808.121399,1.0
-28.0,50,7808.695674,0.0
-4.0,50,7809.266198,1.0
-48.0,50,7809.848448,0.0
-23.0,50,7810.416538,1.0
-32.0,50,7810.986394,1.0
-23.0,50,7811.548633,1.0
-38.0,50,7812.117559,1.0
-18.0,50,7812.680439,1.0
-34.0,50,7813.253609,0.0
-28.0,50,7813.81496,1.0
-28.0,50,7814.375525,1.0
-31.0,50,7814.938115,1.0
0.0,50,7815.510244,1.0
0.0,50,7816.072747,1.0
-50.0,50,7816.634764,0.0
-50.0,50,7817.191994,0.0
-23.0,50,7817.765531,1.0
-18.0,50,7818.32855,1.0
-47.0,50,7818.895641,0.0
-13.0,50,7819.465873,1.0
-16.0,50,7820.042347,1.0
-21.0,50,7820.612227,1.0
-43.0,50,7821.178679,0.0
-17.0,50,7821.747452,1.0
-25.0,50,7822.324791,1.0
-20.0,50,7822.888274,1.0
-10.0,50,7823.457,1.0
-47.0,50,7824.027223,0.0
-29.0,50,7824.603745,1.0
-25.0,50,7825.17633,1.0
-35.0,50,7825.748563,1.0
-50.0,50,7826.320392,0.0
-44.0,50,7826.898083,1.0
-10.0,50,7827.469064,1.0
-21.0,50,7828.036885,1.0
-50.0,50,7828.610053,0.0
0.0,50,7829.191756,1.0
-11.0,50,7829.752907,1.0
-22.0,50,7830.322222,1.0
-22.0,50,7830.894034,1.0
-16.0,50,7831.472633,1.0
-47.0,50,7832.039358,0.0
-15.0,50,7832.60554,1.0
-22.0,50,7833.170048,1.0
-25.0,50,7833.751338,1.0
-37.0,50,7834.324632,1.0
-25.0,50,7834.898598,1.0
-22.0,50,7835.46709,1.0
-17.0,50,7836.046794,1.0
-13.0,50,7836.617751,1.0
-17.0,50,7837.187824,1.0
-38.0,50,7837.757947,1.0
-15.0,50,7838.338406,1.0
-32.0,50,7838.911036,1.0
-13.0,50,7839.481596,1.0
-15.0,50,7840.059677,1.0
-27.0,50,7840.64308,1.0
-22.0,50,7841.214147,1.0
0.0,50,7841.783449,1.0
0.0,50,7842.355096,1.0
-13.0,50,7842.929888,1.0
-21.0,50,7843.493251,1.0
0.0,50,7844.062727,1.0
-49.0,50,7844.627318,0.0
-13.0,50,7845.200369,1.0
-43.0,50,7845.766892,1.0
-16.0,50,7846.335788,1.0
-23.0,50,7846.90608,1.0
-10.0,50,7847.483809,1.0
-47.0,50,7848.050359,0.0
-13.0,50,7848.616057,1.0
-11.0,50,7849.184664,1.0
0.0,50,7849.752462,1.0
-26.0,50,7850.318167,1.0
-18.0,50,7850.886977,1.0
-15.0,50,7851.454159,1.0
-50.0,50,7852.031575,0.0
-12.0,50,7852.601232,1.0
-25.0,50,7853.169138,1.0
-15.0,50,7853.739896,1.0
-50.0,50,7854.306437,0.0
-5.0,50,7854.871954,1.0
-50.0,50,7855.443795,0.0
-34.0,50,7856.014238,1.0
-46.0,50,7856.587011,0.0
-17.0,50,7857.155913,1.0
-16.0,50,7857.725929,1.0
-28.0,50,7858.295183,1.0
-50.0,50,7858.875692,0.0
-50.0,50,7859.435386,0.0
-12.0,50,7859.996584,1.0
-18.0,50,7860.56444,1.0
0.0,50,7861.140966,1.0
-30.0,50,7861.708863,1.0
-18.0,50,7862.276557,1.0
-27.0,50,7862.845629,1.0
-23.0,50,7863.423639,1.0
-19.0,50,7863.993266,1.0
-14.0,50,7864.559406,1.0
-21.0,50,7865.126865,1.0
0.0,50,7865.706637,1.0
-17.0,50,7866.276418,1.0
-48.0,50,7866.844762,0.0
-25.0,50,7867.415746,1.0
-50.0,50,7867.987382,0.0
0.0,50,7868.553969,1.0
-16.0,50,7869.120208,1.0
-19.0,50,7869.69285,1.0
-20.0,50,7870.267484,1.0
-15.0,50,7870.824696,1.0
-27.0,50,7871.385351,1.0
-18.0,50,7871.94582,1.0
-11.0,50,7872.519862,1.0
0.0,50,7873.082444,1.0
-32.0,50,7873.644809,1.0
-18.0,50,7874.207978,1.0
-22.0,50,7874.792042,1.0
-25.0,50,7875.351495,1.0
-49.0,50,7875.909208,0.0
-50.0,50,7876.464606,0.0
0.0,50,7877.040886,1.0
-28.0,50,7877.601378,1.0
-50.0,50,7878.161142,0.0
-42.0,50,7878.725978,0.0
-22.0,50,7879.298915,1.0
-13.0,50,7879.863069,1.0
-10.0,50,7880.425772,1.0
-30.0,50,7880.990739,1.0
-20.0,50,7881.564413,1.0
-21.0,50,7882.123412,1.0
0.0,50,7882.689695,1.0
-28.0,50,7883.250841,1.0
-50.0,50,7883.821963,0.0
-7.0,50,7884.382771,1.0
-50.0,50,7884.949598,0.0
-19.0,50,7885.512337,1.0
-14.0,50,7886.084653,1.0
-25.0,50,7886.650677,1.0
-34.0,50,7887.213557,1.0
0.0,50,7887.781536,1.0
0.0,50,7888.348361,1.0
-13.0,50,7888.913604,1.0
-7.0,50,7889.473872,1.0
-50.0,50,7890.036702,0.0
0.0,50,7890.601846,1.0
-22.0,50,7891.155515,1.0
-37.0,50,7891.707271,1.0
-28.0,50,7892.259608,0.0
-14.0,50,7892.822587,1.0
-14.0,50,7893.382357,1.0
-15.0,50,7893.945025,1.0
-35.0,50,7894.510456,1.0
-27.0,50,7895.081704,1.0
-18.0,50,7895.641017,1.0
-15.0,50,7896.202698,1.0
0.0,50,7896.762587,1.0
-22.0,50,7897.335752,1.0
-41.0,50,7897.895886,0.0
0.0,50,7898.458821,1.0
-50.0,50,7899.027428,0.0
-29.0,50,7899.612656,0.0
-26.0,50,7900.175775,1.0
-24.0,50,7900.733397,1.0
-14.0,50,7901.290325,1.0
-18.0,50,7901.860874,1.0
-15.0,50,7902.423778,1.0
-21.0,50,7902.98318,1.0
-19.0,50,7903.544858,1.0
-24.0,50,7904.11497,1.0
-15.0,50,7904.678488,1.0
-24.0,50,7905.241811,1.0
0.0,50,7905.801777,1.0
-48.0,50,7906.366717,0.0
-31.0,50,7906.926032,1.0
0.0,50,7907.488145,1.0
0.0,50,7908.051645,1.0
-14.0,50,7908.628592,1.0
-18.0,50,7909.199052,1.0
-17.0,50,7909.769531,1.0
-20.0,50,7910.338965,1.0
-11.0,50,7913.319434,1.0
-39.0,50,7913.888663,1.0
-18.0,50,7914.449363,1.0
-50.0,50,7915.024524,0.0
-29.0,50,7915.602985,1.0
-28.0,50,7916.169722,1.0
0.0,50,7916.731753,1.0
-11.0,50,7917.298357,1.0
-22.0,50,7917.875767,1.0
-17.0,50,7918.444975,1.0
-20.0,50,7919.013321,1.0
-11.0,50,7919.583632,1.0
0.0,50,7920.162464,1.0
-23.0,50,7920.725118,1.0
-41.0,50,7921.294622,1.0
-11.0,50,7921.862311,1.0
-18.0,50,7922.441501,1.0
-36.0,50,7923.008244,1.0
-18.0,50,7923.575449,1.0
-19.0,50,7924.145341,1.0
-21.0,50,7924.72867,1.0
-21.0,50,7925.297495,1.0
-43.0,50,7925.864224,1.0
-28.0,50,7926.435721,1.0
-21.0,50,7927.02137,1.0
-9.0,50,7927.589353,1.0
-9.0,50,7928.154684,1.0
-15.0,50,7928.717432,1.0
-29.0,50,7929.294544,1.0
-13.0,50,7929.87407,1.0
-43.0,50,7930.436625,0.0
-49.0,50,7930.994272,1.0
-17.0,50,7931.572011,1.0
-50.0,50,7932.138328,0.0
-50.0,50,7932.707619,0.0
-48.0,50,7933.275278,1.0
-49.0,50,7933.847363,0.0
-20.0,50,7934.417486,1.0
-50.0,50,7934.989005,0.0
-24.0,50,7935.560471,1.0
-14.0,50,7936.142116,1.0
-45.0,50,7936.712981,1.0
-7.0,50,7937.280014,1.0
-18.0,50,7937.848833,1.0
-22.0,50,7938.429315,1.0
-16.0,50,7938.998765,1.0
-17.0,50,7939.567368,1.0
-37.0,50,7940.140457,1.0
-41.0,50,7940.71202,0.0
0.0,50,7941.277724,1.0
-22.0,50,7941.844372,1.0
-10.0,50,7942.414286,1.0
-48.0,50,7942.987027,0.0
-22.0,50,7943.559333,1.0
-10.0,50,7944.128599,1.0
-18.0,50,7944.697577,1.0
-22.0,50,7945.271084,1.0
-50.0,50,7945.838031,0.0
-9.0,50,7946.395652,1.0
-18.0,50,7946.958998,1.0
-29.0,50,7947.533073,1.0
-25.0,50,7948.096954,1.0
-26.0,50,7948.661634,1.0
-22.0,50,7949.221575,1.0
0.0,50,7949.798232,1.0
-7.0,50,7950.357014,1.0
-19.0,50,7950.915088,1.0
-26.0,50,7951.479892,1.0
-10.0,50,7952.056284,1.0
-50.0,50,7952.610839,0.0
-50.0,50,7953.173517,0.0
-29.0,50,7953.738159,1.0
-17.0,50,7954.311959,1.0
-15.0,50,7954.875563,1.0
-50.0,50,7955.436814,0.0
-16.0,50,7956.001652,1.0
-9.0,50,7956.573022,1.0
-18.0,50,7957.13898,1.0
-17.0,50,7957.699587,1.0
-38.0,50,7958.265254,0.0
-23.0,50,7958.841147,1.0
-47.0,50,7959.408257,1.0
0.0,50,7959.975878,1.0
-7.0,50,7960.541157,0.0
-22.0,50,7961.113887,1.0
-50.0,50,7961.672988,0.0
-18.0,50,7962.235371,1.0
-12.0,50,7962.798224,1.0
-46.0,50,7963.370997,0.0
-22.0,50,7963.93606,1.0
-35.0,50,7964.497885,1.0
-27.0,50,7965.064287,1.0
-21.0,50,7965.642019,1.0
-42.0,50,7966.210192,1.0
-20.0,50,7966.77404,1.0
-17.0,50,7967.339026,1.0
-50.0,50,7967.948148,0.0
0.0,50,7968.515364,1.0
-23.0,50,7969.088003,0.0
-48.0,50,7969.653087,0.0
-48.0,50,7970.227626,0.0
-33.0,50,7970.779936,1.0
-21.0,50,7971.341641,1.0
-13.0,50,7971.899709,1.0
-29.0,50,7972.484095,1.0
-20.0,50,7973.044923,1.0
-22.0,50,7973.607469,1.0
-50.0,50,7974.174256,0.0
-50.0,50,7974.765889,0.0
-38.0,50,7975.327134,1.0
0.0,50,7975.886745,1.0
-27.0,50,7976.45326,1.0
-28.0,50,7977.020477,1.0
-14.0,50,7977.584065,1.0
-29.0,50,7978.147966,1.0
-50.0,50,7978.710328,0.0
-50.0,50,7979.283146,0.0
0.0,50,7979.848263,1.0
-19.0,50,7980.410274,1.0
-10.0,50,7980.973309,1.0
-23.0,50,7981.547653,1.0
-46.0,50,7982.101237,1.0
-18.0,50,7982.665136,1.0
-24.0,50,7983.230201,1.0
-28.0,50,7983.80313,1.0
-25.0,50,7984.363694,1.0
-10.0,50,7984.923724,1.0
-24.0,50,7985.491251,1.0
-16.0,50,7986.060006,1.0
-20.0,50,7986.623118,1.0
-25.0,50,7987.185822,1.0
-49.0,50,7987.745535,1.0
-33.0,50,7988.3154,1.0
-23.0,50,7988.878812,1.0
-21.0,50,7989.436897,1.0
-19.0,50,7990.007402,1.0
-20.0,50,7990.581964,1.0
-12.0,50,7991.141768,1.0
-15.0,50,7991.703705,1.0
-50.0,50,7992.263021,0.0
-13.0,50,7992.834233,0.0
-21.0,50,7993.393233,1.0
-36.0,50,7993.960754,1.0
-23.0,50,7994.524066,1.0
-5.0,50,7995.094144,1.0
-18.0,50,7995.653427,1.0
-12.0,50,7996.21639,1.0
-11.0,50,7996.774459,1.0
0.0,50,7997.343976,1.0
-13.0,50,7997.897259,1.0
-50.0,50,7998.460642,0.0
-13.0,50,7999.026024,1.0
-13.0,50,7999.602836,1.0
-26.0,50,8000.172157,1.0
-13.0,50,8000.732091,1.0
-28.0,50,8001.300746,1.0
-11.0,50,8001.877634,1.0
-30.0,50,8002.4492,1.0
-5.0,50,8003.019709,1.0
-12.0,50,8003.59528,1.0
-14.0,50,8004.172222,1.0
-31.0,50,8004.733383,0.0
-50.0,50,8005.293151,0.0
-3.0,50,8005.856296,1.0
-22.0,50,8006.42701,1.0
-32.0,50,8006.992635,1.0
-43.0,50,8007.559904,1.0
-43.0,50,8008.126008,1.0
-43.0,50,8008.703887,1.0
-23.0,50,8009.274397,1.0
-12.0,50,8009.841871,1.0
-14.0,50,8010.410917,1.0
0.0,50,8010.979506,1.0
-16.0,50,8011.549089,1.0
-15.0,50,8012.109394,1.0
-27.0,50,8012.678612,1.0
0.0,50,8013.256468,1.0
-47.0,50,8013.820534,0.0
-20.0,50,8014.38769,1.0
-20.0,50,8014.95664,1.0
-16.0,50,8015.536613,1.0
-50.0,50,8016.10859,0.0
-20.0,50,8016.673241,1.0
-19.0,50,8017.240807,1.0
-50.0,50,8017.814349,0.0
-37.0,50,8018.385806,1.0
-16.0,50,8018.955322,1.0
-31.0,50,8019.539716,0.0
-27.0,50,8020.119728,1.0
0.0,50,8020.686675,1.0
-20.0,50,8021.2554,1.0
0.0,50,8021.821873,1.0
-50.0,50,8022.396024,0.0
-20.0,50,8022.967133,1.0
-33.0,50,8023.540172,1.0
-45.0,50,8024.100763,1.0
-50.0,50,8024.679525,0.0
-26.0,50,8025.246535,1.0
-22.0,50,8025.814958,1.0
-24.0,50,8026.383495,1.0
-23.0,50,8029.398878,1.0
-23.0,50,8029.961782,1.0
-50.0,50,8030.536971,0.0
-26.0,50,8031.106623,1.0
-47.0,50,8031.689403,1.0
-21.0,50,8032.261187,1.0
0.0,50,8032.828294,1.0
-9.0,50,8033.400828,1.0
-46.0,50,8033.982403,0.0
-44.0,50,8034.547716,1.0
-44.0,50,8035.113874,1.0
-11.0,50,8035.682988,1.0
0.0,50,8036.261854,1.0
-49.0,50,8036.827591,0.0
-50.0,50,8037.395079,0.0
-10.0,50,8037.964227,1.0
-16.0,50,8038.552665,1.0
-30.0,50,8039.121552,0.0
-50.0,50,8039.688446,0.0
-35.0,50,8040.252922,1.0
-11.0,50,8040.830618,1.0
-43.0,50,8041.398445,1.0
0.0,50,8041.964741,1.0
-19.0,50,8042.533623,1.0
-21.0,50,8043.115745,1.0
-20.0,50,8043.686357,1.0
-19.0,50,8044.257807,1.0
-47.0,50,8044.825338,1.0
-31.0,50,8045.406807,1.0
-15.0,50,8045.974285,1.0
-23.0,50,8046.541663,1.0
-50.0,50,8047.108431,0.0
-21.0,50,8047.688803,1.0
-14.0,50,8048.26089,1.0
-50.0,50,8048.830006,0.0
-23.0,50,8049.405157,1.0
-46.0,50,8049.993564,1.0
-50.0,50,8050.561212,0.0
-20.0,50,8051.130708,1.0
-12.0,50,8051.703513,1.0
-23.0,50,8052.272032,1.0
-18.0,50,8052.830299,1.0
-30.0,50,8053.390504,1.0
-17.0,50,8053.944489,1.0
-13.0,50,8054.516087,1.0
-20.0,50,8055.075577,1.0
-21.0,50,8055.633483,1.0
-45.0,50,8056.190531,1.0
-45.0,50,8056.758408,1.0
-21.0,50,8057.316944,1.0
-18.0,50,8057.875162,1.0
-13.0,50,8058.431894,1.0
-15.0,50,8059.002284,1.0
-12.0,50,8059.562359,1.0
-34.0,50,8060.120177,1.0
-14.0,50,8060.679294,1.0
-26.0,50,8061.249362,1.0
-23.0,50,8061.807991,1.0
-13.0,50,8062.366084,1.0
-50.0,50,8062.92694,0.0
-11.0,50,8063.492505,1.0
-10.0,50,8064.050373,1.0
-50.0,50,8064.612468,0.0
-50.0,50,8065.171436,0.0
0.0,50,8065.738321,1.0
-15.0,50,8066.296423,1.0
-18.0,50,8066.855539,1.0
-36.0,50,8067.413435,1.0
-14.0,50,8067.97939,1.0
-19.0,50,8068.532499,1.0
-21.0,50,8069.091895,1.0
-17.0,50,8069.647696,1.0
-6.0,50,8070.219491,1.0
-22.0,50,8070.775452,1.0
-16.0,50,8071.333273,1.0
-29.0,50,8071.892677,1.0
-48.0,50,8072.460233,0.0
-50.0,50,8073.012079,0.0
-46.0,50,8073.569078,0.0
-19.0,50,8074.124207,1.0
-20.0,50,8074.69031,1.0
-11.0,50,8075.249378,1.0
-50.0,50,8075.808551,0.0
-3.0,50,8076.368181,1.0
-27.0,50,8076.939955,1.0
-31.0,50,8077.497478,0.0
-19.0,50,8078.05652,1.0
-17.0,50,8078.611462,1.0
-32.0,50,8079.179615,1.0
-50.0,50,8079.747803,0.0
-19.0,50,8080.31326,1.0
-50.0,50,8080.88367,0.0
-19.0,50,8081.461658,1.0
-33.0,50,8082.019656,1.0
-23.0,50,8082.585306,1.0
-50.0,50,8083.149625,0.0
-11.0,50,8083.725247,1.0
-31.0,50,8084.285306,1.0
0.0,50,8084.84942,1.0
-9.0,50,8085.414229,1.0
-21.0,50,8085.986114,1.0
-50.0,50,8086.544928,0.0
-37.0,50,8087.110087,1.0
0.0,50,8087.672789,1.0
-26.0,50,8088.250299,1.0
-9.0,50,8088.818019,1.0
-48.0,50,8089.378596,0.0
-19.0,50,8089.947623,1.0
-15.0,50,8090.524201,1.0
-22.0,50,8091.088044,1.0
-50.0,50,8091.654535,0.0
-21.0,50,8092.220379,1.0
-22.0,50,8092.798198,1.0
-26.0,50,8093.360384,1.0
-19.0,50,8093.919812,1.0
-20.0,50,8094.488164,1.0
-50.0,50,8095.060185,0.0
-14.0,50,8095.624424,1.0
-50.0,50,8096.19101,0.0
-48.0,50,8096.749348,0.0
-18.0,50,8097.325305,1.0
-22.0,50,8097.891516,1.0
-18.0,50,8098.455223,1.0
-19.0,50,8099.021235,1.0
-27.0,50,8099.594854,1.0
-11.0,50,8100.161694,1.0
-11.0,50,8100.726673,1.0
-17.0,50,8101.284149,1.0
-46.0,50,8101.853519,0.0
-7.0,50,8102.418238,1.0
-14.0,50,8102.978148,1.0
-13.0,50,8103.539361,1.0
-11.0,50,8104.114561,1.0
-21.0,50,8104.680192,1.0
-26.0,50,8105.24782,1.0
-50.0,50,8105.809227,0.0
-50.0,50,8106.388233,0.0
-15.0,50,8106.953797,1.0
-38.0,50,8107.515929,1.0
-17.0,50,8108.079354,1.0
-21.0,50,8108.651233,1.0
-18.0,50,8109.216278,1.0
-7.0,50,8109.796416,1.0
-14.0,50,8110.367186,1.0
-50.0,50,8110.942855,0.0
-23.0,50,8111.508682,1.0
-25.0,50,8112.077896,1.0
-35.0,50,8112.649795,1.0
-50.0,50,8113.230748,0.0
-8.0,50,8113.801238,1.0
-19.0,50,8114.369603,1.0
-29.0,50,8114.940416,1.0
0.0,50,8115.520023,1.0
-25.0,50,8116.091634,1.0
-15.0,50,8116.659571,1.0
-46.0,50,8117.231986,1.0
-19.0,50,8117.803483,1.0
-10.0,50,8118.359264,1.0
-10.0,50,8118.918286,1.0
-24.0,50,8119.472634,1.0
-50.0,50,8120.035294,0.0
-50.0,50,8120.59962,0.0
-22.0,50,8121.165243,1.0
-50.0,50,8121.724503,0.0
-21.0,50,8122.298854,1.0
-50.0,50,8122.860644,0.0
-17.0,50,8123.424546,1.0
-16.0,50,8123.991011,1.0
-18.0,50,8124.564866,1.0
-22.0,50,8125.128459,1.0
-30.0,50,8125.690788,1.0
-7.0,50,8126.254654,1.0
-10.0,50,8126.836458,1.0
-22.0,50,8127.403413,1.0
-50.0,50,8127.966764,0.0
-20.0,50,8128.53158,1.0
-18.0,50,8129.108425,1.0
-48.0,50,8129.672888,1.0
-23.0,50,8130.237401,1.0
-15.0,50,8130.803571,1.0
-12.0,50,8131.369497,1.0
-28.0,50,8131.93281,1.0
-18.0,50,8132.496513,1.0
-31.0,50,8133.06248,1.0
-50.0,50,8133.627562,0.0
-13.0,50,8134.192235,1.0
-49.0,50,8134.755578,0.0
-31.0,50,8135.323741,1.0
-14.0,50,8135.901623,1.0
-25.0,50,8136.468211,1.0
-13.0,50,8137.030861,1.0
-17.0,50,8137.595587,1.0
0.0,50,8138.169567,1.0
-18.0,50,8138.725348,1.0
-13.0,50,8139.291771,1.0
-23.0,50,8139.86865,1.0
-39.0,50,8140.444949,0.0
0.0,50,8141.011138,1.0
-37.0,50,8141.575749,1.0
-9.0,50,8142.140652,1.0
-48.0,50,8145.06638,0.0
-50.0,50,8145.626787,0.0
-20.0,50,8146.187963,1.0
-24.0,50,8146.751678,1.0
-50.0,50,8147.325868,0.0
-16.0,50,8147.889806,1.0
-19.0,50,8148.448454,1.0
-28.0,50,8149.009742,1.0
-26.0,50,8149.585549,1.0
-21.0,50,8150.150683,1.0
-50.0,50,8150.714392,0.0
-7.0,50,8151.278795,1.0
-24.0,50,8151.851744,1.0
-30.0,50,8152.411555,0.0
-11.0,50,8152.974351,1.0
-23.0,50,8153.537034,1.0
-50.0,50,8154.110012,0.0
-15.0,50,8154.672417,1.0
-9.0,50,8155.233327,1.0
-12.0,50,8155.798647,1.0
-17.0,50,8156.370116,1.0
-50.0,50,8156.93515,0.0
-40.0,50,8157.497801,1.0
-12.0,50,8158.061845,1.0
-9.0,50,8158.633858,1.0
-20.0,50,8159.195139,1.0
-21.0,50,8159.759892,1.0
-16.0,50,8160.325114,1.0
-24.0,50,8160.901545,1.0
-11.0,50,8161.46995,1.0
-50.0,50,8162.035205,0.0
-17.0,50,8162.602091,1.0
-28.0,50,8163.174755,1.0
-12.0,50,8163.742739,1.0
-13.0,50,8164.310015,1.0
-10.0,50,8164.876916,1.0
-50.0,50,8165.455028,0.0
-28.0,50,8166.018935,1.0
-15.0,50,8166.587635,1.0
-21.0,50,8167.154948,1.0
-34.0,50,8167.7301,1.0
-13.0,50,8168.294442,1.0
-24.0,50,8168.860488,1.0
-46.0,50,8169.429806,1.0
-16.0,50,8170.012745,1.0
-29.0,50,8170.582042,1.0
-17.0,50,8171.148152,1.0
-15.0,50,8171.715843,1.0
-48.0,50,8172.284359,0.0
-8.0,50,8172.847872,1.0
-28.0,50,8173.417291,1.0
-39.0,50,8173.987351,1.0
-3.0,50,8174.566307,1.0
-35.0,50,8175.136169,1.0
-9.0,50,8175.70205,1.0
-13.0,50,8176.273017,1.0
-17.0,50,8176.847743,1.0
-16.0,50,8177.41407,1.0
-42.0,50,8177.977548,1.0
-10.0,50,8178.539446,1.0
-29.0,50,8179.112747,0.0
-35.0,50,8179.679723,1.0
-25.0,50,8180.243919,1.0
-23.0,50,8180.807848,1.0
-50.0,50,8181.382726,0.0
-50.0,50,8181.948363,0.0
-47.0,50,8182.507322,0.0
-22.0,50,8183.070993,1.0
0.0,50,8183.640475,1.0
-47.0,50,8184.201154,1.0
-30.0,50,8184.763927,1.0
-12.0,50,8185.32564,1.0
-9.0,50,8185.898591,1.0
-46.0,50,8186.460778,0.0
-14.0,50,8187.022004,1.0
-17.0,50,8187.583489,1.0
-20.0,50,8188.154096,1.0
-16.0,50,8188.720234,1.0
-22.0,50,8189.28468,1.0
-16.0,50,8189.848957,1.0
-30.0,50,8190.425447,1.0
-20.0,50,8190.991707,1.0
-18.0,50,8191.55797,1.0
-44.0,50,8192.123826,0.0
-24.0,50,8192.697264,1.0
-12.0,50,8193.263693,1.0
-16.0,50,8193.827764,1.0
-24.0,50,8194.395377,1.0
-49.0,50,8194.965489,1.0
-20.0,50,8195.529925,1.0
-50.0,50,8196.087414,0.0
-19.0,50,8196.646237,1.0
-10.0,50,8197.222056,1.0
-17.0,50,8197.779583,1.0
-22.0,50,8198.342186,1.0
-14.0,50,8198.906217,1.0
-30.0,50,8199.484671,1.0
-20.0,50,8200.059325,1.0
-13.0,50,8200.623629,1.0
-50.0,50,8201.185755,0.0
-17.0,50,8201.760632,1.0
-19.0,50,8202.325228,1.0
0.0,50,8202.890613,1.0
-50.0,50,8203.457652,0.0
-50.0,50,8204.030061,0.0
-14.0,50,8204.591627,1.0
-11.0,50,8205.157507,1.0
-15.0,50,8205.723874,1.0
-21.0,50,8206.298145,1.0
0.0,50,8206.863176,1.0
-26.0,50,8207.424283,1.0
-9.0,50,8207.991557,1.0
-48.0,50,8208.559821,0.0
-25.0,50,8209.127435,1.0
-33.0,50,8209.694314,0.0
-30.0,50,8210.258378,1.0
-16.0,50,8210.832963,1.0
-8.0,50,8211.397129,1.0
-50.0,50,8211.955121,0.0
-17.0,50,8212.518057,1.0
-10.0,50,8213.092946,1.0
-15.0,50,8213.657837,1.0
0.0,50,8214.222516,1.0
-11.0,50,8214.786828,1.0
-18.0,50,8215.360439,1.0
-34.0,50,8215.920578,1.0
-21.0,50,8216.487713,1.0
0.0,50,8217.054943,1.0
-17.0,50,8217.628832,1.0
-19.0,50,8218.195281,1.0
-50.0,50,8218.761029,0.0
-11.0,50,8219.327304,1.0
-31.0,50,8219.905913,1.0
-13.0,50,8220.47024,1.0
-11.0,50,8221.038148,1.0
-37.0,50,8221.60433,1.0
-15.0,50,8222.178543,1.0
-23.0,50,8222.743673,1.0
-40.0,50,8223.30999,1.0
-9.0,50,8223.874234,1.0
-21.0,50,8224.449708,1.0
-50.0,50,8225.0114,0.0
-19.0,50,8225.581516,1.0
-50.0,50,8226.14232,0.0
-17.0,50,8226.714898,1.0
0.0,50,8227.276346,1.0
-19.0,50,8227.839161,1.0
-29.0,50,8228.401187,1.0
-50.0,50,8228.978689,0.0
-26.0,50,8229.552972,1.0
-40.0,50,8230.114549,1.0
-20.0,50,8230.67166,1.0
-11.0,50,8231.232807,1.0
-48.0,50,8231.792379,1.0
-23.0,50,8232.352136,1.0
-24.0,50,8232.912077,1.0
-21.0,50,8233.486295,1.0
-18.0,50,8234.049333,1.0
-45.0,50,8234.615913,1.0
-18.0,50,8235.178703,1.0
-50.0,50,8235.753196,0.0
-23.0,50,8236.319587,1.0
-13.0,50,8236.887507,1.0
-13.0,50,8237.453212,1.0
-50.0,50,8238.026513,0.0
-50.0,50,8238.590789,0.0
-47.0,50,8239.150256,1.0
-14.0,50,8239.713875,1.0
-21.0,50,8240.28504,1.0
-16.0,50,8240.844329,1.0
-17.0,50,8241.407525,1.0
-16.0,50,8241.972127,1.0
-50.0,50,8242.543971,0.0
-18.0,50,8243.107674,1.0
-50.0,50,8243.671354,0.0
-20.0,50,8244.241846,1.0
-29.0,50,8244.814656,1.0
-18.0,50,8245.380346,1.0
0.0,50,8245.948918,1.0
-16.0,50,8246.514195,1.0
-25.0,50,8247.092781,1.0
-18.0,50,8247.655351,1.0
-27.0,50,8248.219903,1.0
-14.0,50,8248.782471,1.0
-22.0,50,8249.358148,1.0
-15.0,50,8249.925583,1.0
-15.0,50,8250.493064,1.0
-50.0,50,8251.061018,0.0
-50.0,50,8251.632686,0.0
-50.0,50,8252.199034,0.0
-13.0,50,8252.762973,1.0
-16.0,50,8253.322943,1.0
-17.0,50,8253.901921,1.0
-50.0,50,8254.470149,0.0
-12.0,50,8255.036999,1.0
-22.0,50,8255.602372,1.0
-14.0,50,8256.179928,1.0
-17.0,50,8256.747125,1.0
-5.0,50,8257.314801,1.0
-24.0,50,8257.880249,1.0
-18.0,50,8260.86519,1.0
-12.0,50,8261.42919,1.0
-21.0,50,8261.996951,1.0
-12.0,50,8262.56246,1.0
-15.0,50,8263.136254,1.0
-12.0,50,8263.70325,1.0
-34.0,50,8264.266939,0.0
-18.0,50,8264.832319,1.0
-10.0,50,8265.403723,1.0
-47.0,50,8265.964022,0.0
-7.0,50,8266.530161,1.0
-10.0,50,8267.096952,1.0
-49.0,50,8267.666439,0.0
-46.0,50,8268.238197,1.0
-16.0,50,8268.803781,1.0
-7.0,50,8269.371999,1.0
-17.0,50,8269.950292,1.0
-12.0,50,8270.515923,1.0
-50.0,50,8271.079943,0.0
-10.0,50,8271.648118,1.0
-14.0,50,8272.22135,1.0
-16.0,50,8272.784928,1.0
-38.0,50,8273.355235,1.0
-21.0,50,8273.91883,1.0
0.0,50,8274.489985,1.0
-50.0,50,8275.05444,0.0
-5.0,50,8275.622213,1.0
0.0,50,8276.188541,1.0
0.0,50,8276.764248,1.0
-23.0,50,8277.321842,1.0
-35.0,50,8277.890034,1.0
-25.0,50,8278.455122,1.0
-4.0,50,8279.032192,1.0
0.0,50,8279.597593,1.0
-39.0,50,8280.158458,1.0
-15.0,50,8280.725298,1.0
-15.0,50,8281.304417,1.0
-16.0,50,8281.869352,1.0
-12.0,50,8282.433478,1.0
0.0,50,8282.999832,1.0
0.0,50,8283.57466,1.0
-27.0,50,8284.14339,1.0
-27.0,50,8284.706116,1.0
-16.0,50,8285.271369,1.0
-34.0,50,8285.847777,0.0
-15.0,50,8286.417348,1.0
-23.0,50,8286.987462,1.0
-50.0,50,8287.54695,0.0
-18.0,50,8288.123172,1.0
0.0,50,8288.688206,1.0
-30.0,50,8289.257428,1.0
-8.0,50,8289.839416,1.0
-24.0,50,8290.418352,1.0
-48.0,50,8290.982294,1.0
-44.0,50,8291.550874,1.0
-29.0,50,8292.115142,1.0
0.0,50,8292.687324,1.0
-19.0,50,8293.253304,1.0
-50.0,50,8293.821857,0.0
-12.0,50,8294.389148,1.0
-17.0,50,8294.966136,1.0
-9.0,50,8295.531398,1.0
-20.0,50,8296.099337,1.0
-27.0,50,8296.667399,1.0
-24.0,50,8297.240412,1.0
-20.0,50,8297.80393,1.0
-28.0,50,8298.366972,1.0
-28.0,50,8298.926636,1.0
0.0,50,8299.502362,1.0
-40.0,50,8300.061025,1.0
-11.0,50,8300.624349,1.0
-11.0,50,8301.182209,1.0
-2.0,50,8301.754497,1.0
-15.0,50,8302.321984,1.0
0.0,50,8302.885956,1.0
-11.0,50,8303.449569,1.0
-45.0,50,8304.024889,0.0
-15.0,50,8304.591951,1.0
-24.0,50,8305.157161,1.0
-48.0,50,8305.724247,0.0
-13.0,50,8306.301444,1.0
-14.0,50,8306.866354,1.0
-32.0,50,8307.43077,1.0
-36.0,50,8307.998079,1.0
-50.0,50,8308.565153,0.0
-11.0,50,8309.134911,1.0
-13.0,50,8309.702606,1.0
0.0,50,8310.267904,1.0
-10.0,50,8310.842548,1.0
-24.0,50,8311.409493,1.0
-19.0,50,8311.97537,1.0
-37.0,50,8312.541472,1.0
-18.0,50,8313.120381,1.0
-43.0,50,8313.684536,1.0
-33.0,50,8314.250566,1.0
-44.0,50,8314.813776,1.0
-11.0,50,8315.389343,1.0
-50.0,50,8315.95504,0.0
-13.0,50,8316.512913,1.0
-8.0,50,8317.070763,1.0
-25.0,50,8317.648539,1.0
-50.0,50,8318.214212,0.0
-18.0,50,8318.779508,1.0
-24.0,50,8319.340867,1.0
-9.0,50,8319.923327,1.0
-17.0,50,8320.492455,1.0
-15.0,50,8321.057511,1.0
-15.0,50,8321.622341,1.0
-21.0,50,8322.200433,1.0
-6.0,50,8322.769985,1.0
-20.0,50,8323.336096,1.0
-21.0,50,8323.902509,1.0
-18.0,50,8324.468451,1.0
0.0,50,8325.036624,1.0
-16.0,50,8325.600501,1.0
-19.0,50,8326.165589,1.0
-35.0,50,8326.743093,1.0
-20.0,50,8327.307552,1.0
-19.0,50,8327.87714,1.0
-39.0,50,8328.441703,1.0
-22.0,50,8329.020382,1.0
-19.0,50,8329.586913,1.0
-28.0,50,8330.151585,1.0
-14.0,50,8330.711203,1.0
-50.0,50,8331.291324,0.0
-40.0,50,8331.856542,1.0
-50.0,50,8332.428233,0.0
-50.0,50,8332.986621,0.0
-11.0,50,8333.56273,1.0
-18.0,50,8334.134544,1.0
-18.0,50,8334.704975,1.0
-44.0,50,8335.271129,1.0
-31.0,50,8335.850345,1.0
0.0,50,8336.421663,1.0
-13.0,50,8336.993962,1.0
-11.0,50,8337.564667,1.0
0.0,50,8338.14304,1.0
-31.0,50,8338.712206,1.0
-27.0,50,8339.280037,1.0
-32.0,50,8339.848341,1.0
-43.0,50,8340.426618,0.0
-21.0,50,8340.997755,1.0
-26.0,50,8341.566947,1.0
0.0,50,8342.137594,1.0
-50.0,50,8342.715218,0.0
-13.0,50,8343.285391,1.0
-23.0,50,8343.85038,1.0
-15.0,50,8344.413928,1.0
-26.0,50,8344.983442,1.0
-16.0,50,8345.545565,1.0
-10.0,50,8346.112368,1.0
-23.0,50,8346.682208,1.0
-50.0,50,8347.257608,0.0
-21.0,50,8347.829829,1.0
-50.0,50,8348.400067,0.0
-16.0,50,8348.972894,1.0
-17.0,50,8349.559747,1.0
-20.0,50,8350.133594,1.0
-17.0,50,8350.707113,1.0
-32.0,50,8351.27874,1.0
-50.0,50,8351.850768,0.0
-38.0,50,8352.423394,1.0
-16.0,50,8352.993674,1.0
-47.0,50,8353.563374,1.0
-44.0,50,8354.139513,0.0
-31.0,50,8354.711087,1.0
-8.0,50,8355.282618,1.0
-27.0,50,8355.8523,1.0
-13.0,50,8356.435261,1.0
-37.0,50,8357.003776,1.0
-17.0,50,8357.576922,1.0
-12.0,50,8358.148159,1.0
-12.0,50,8358.729016,1.0
-8.0,50,8359.303425,1.0
-20.0,50,8359.875383,1.0
-40.0,50,8360.448079,1.0
-17.0,50,8361.027565,1.0
-12.0,50,8361.600045,1.0
-14.0,50,8362.170339,1.0
-11.0,50,8362.73803,1.0
-13.0,50,8363.321058,1.0
-50.0,50,8363.894413,0.0
-13.0,50,8364.464633,1.0
-50.0,50,8365.036149,0.0
-13.0,50,8365.613417,1.0
-12.0,50,8366.178766,1.0
-24.0,50,8366.749279,1.0
-27.0,50,8367.319054,1.0
-13.0,50,8367.903164,1.0
-8.0,50,8368.475241,1.0
-15.0,50,8369.047374,1.0
-10.0,50,8369.619276,1.0
-20.0,50,8370.199257,1.0
0.0,50,8370.767359,1.0
-24.0,50,8371.338478,1.0
-15.0,50,8371.905478,1.0
-9.0,50,8372.486942,1.0
-20.0,50,8373.058802,1.0
-13.0,50,8373.628625,1.0
-27.0,50,8374.200852,1.0
-15.0,50,8377.15704,1.0
-25.0,50,8377.720498,1.0
-22.0,50,8378.287544,1.0
-12.0,50,8378.854354,1.0
-15.0,50,8379.431722,1.0
-14.0,50,8380.003832,1.0
-28.0,50,8380.567744,1.0
-10.0,50,8381.134195,1.0
-20.0,50,8381.709744,1.0
-41.0,50,8382.269798,1.0
-22.0,50,8382.836305,1.0
-40.0,50,8383.40675,1.0
-15.0,50,8383.979532,1.0
-12.0,50,8384.543552,1.0
-29.0,50,8385.111349,1.0
-17.0,50,8385.675895,1.0
0.0,50,8386.255757,1.0
-13.0,50,8386.817645,1.0
0.0,50,8387.383713,1.0
-8.0,50,8387.947281,1.0
-15.0,50,8388.525368,1.0
-11.0,50,8389.097641,1.0
-9.0,50,8389.663383,1.0
-17.0,50,8390.228349,1.0
-15.0,50,8390.80728,1.0
-14.0,50,8391.377219,1.0
-22.0,50,8391.943458,1.0
-4.0,50,8392.51883,1.0
0.0,50,8393.097706,1.0
-8.0,50,8393.665833,1.0
-12.0,50,8394.235638,1.0
-43.0,50,8394.806574,1.0
-27.0,50,8395.440311,1.0
-11.0,50,8396.0088,1.0
-36.0,50,8396.574879,1.0
-15.0,50,8397.138826,1.0
-17.0,50,8397.724837,1.0
-50.0,50,8398.294018,0.0
-21.0,50,8398.865855,1.0
-26.0,50,8399.439539,1.0
-12.0,50,8400.049365,1.0
-23.0,50,8400.617079,1.0
-50.0,50,8401.185853,0.0
-37.0,50,8401.747904,1.0
-16.0,50,8402.326601,1.0
-50.0,50,8402.893941,0.0
-35.0,50,8403.459815,1.0
-23.0,50,8404.025518,1.0
-50.0,50,8404.603915,0.0
-1.0,50,8405.171523,1.0
-37.0,50,8405.736392,1.0
-16.0,50,8406.301611,1.0
-14.0,50,8406.877955,1.0
-12.0,50,8407.441664,1.0
-21.0,50,8408.00539,1.0
-18.0,50,8408.572402,1.0
-15.0,50,8409.148156,1.0
-50.0,50,8409.72236,0.0
-33.0,50,8410.286266,1.0
-27.0,50,8410.851635,1.0
-25.0,50,8411.426201,1.0
-8.0,50,8411.991866,1.0
-29.0,50,8412.556697,1.0
-15.0,50,8413.122744,1.0
-8.0,50,8413.695436,1.0
0.0,50,8414.253335,1.0
-27.0,50,8414.819449,1.0
-41.0,50,8415.38641,1.0
-17.0,50,8415.961064,1.0
-13.0,50,8416.521921,1.0
-15.0,50,8417.087067,1.0
-9.0,50,8417.652075,1.0
-12.0,50,8418.228891,1.0
-16.0,50,8418.793409,1.0
-6.0,50,8419.360227,1.0
-17.0,50,8419.929002,1.0
-50.0,50,8420.49754,0.0
-6.0,50,8421.062324,1.0
-31.0,50,8421.627283,1.0
-17.0,50,8422.194343,1.0
-11.0,50,8422.771026,1.0
-28.0,50,8423.338017,1.0
-20.0,50,8423.906725,1.0
-11.0,50,8424.475433,1.0
-21.0,50,8425.051173,1.0
-43.0,50,8425.614407,1.0
-19.0,50,8426.181032,1.0
-11.0,50,8426.748001,1.0
0.0,50,8427.322689,1.0
-50.0,50,8427.890336,0.0
-23.0,50,8428.457155,1.0
-16.0,50,8429.023515,1.0
-17.0,50,8429.598725,1.0
-24.0,50,8430.161339,1.0
0.0,50,8430.72725,1.0
-9.0,50,8431.288717,1.0
-50.0,50,8431.870494,0.0
0.0,50,8432.435807,1.0
-15.0,50,8432.998716,1.0
0.0,50,8433.556671,1.0
-31.0,50,8434.133974,1.0
-19.0,50,8434.700999,1.0
0.0,50,8435.265625,1.0
-50.0,50,8435.829147,0.0
-4.0,50,8436.415145,1.0
-16.0,50,8436.985405,1.0
-17.0,50,8437.554358,1.0
-50.0,50,8438.118949,0.0
-20.0,50,8438.693321,1.0
-21.0,50,8439.264671,1.0
0.0,50,8439.84837,1.0
-14.0,50,8440.414763,1.0
-13.0,50,8440.988452,1.0
-19.0,50,8441.558878,1.0
-12.0,50,8442.125205,1.0
-13.0,50,8442.691437,1.0
-18.0,50,8443.26471,1.0
-20.0,50,8443.833717,1.0
-17.0,50,8444.393246,1.0
-16.0,50,8444.962135,1.0
-32.0,50,8445.541062,1.0
-23.0,50,8446.10781,1.0
-50.0,50,8446.670957,0.0
-28.0,50,8447.235336,1.0
-20.0,50,8447.810212,1.0
-36.0,50,8448.38289,1.0
-50.0,50,8448.947003,0.0
-15.0,50,8449.512589,1.0
-50.0,50,8450.080527,0.0
-50.0,50,8450.64646,0.0
-21.0,50,8451.210999,1.0
-19.0,50,8451.77505,1.0
-20.0,50,8452.358262,1.0
-49.0,50,8452.927175,0.0
-19.0,50,8453.492474,1.0
-10.0,50,8454.052318,1.0
-49.0,50,8454.622794,0.0
-18.0,50,8455.189121,1.0
-13.0,50,8455.752545,1.0
-13.0,50,8456.319165,1.0
-19.0,50,8456.892324,1.0
-16.0,50,8457.451271,1.0
0.0,50,8458.013859,1.0
-4.0,50,8458.562675,1.0
0.0,50,8459.132701,1.0
-22.0,50,8459.698872,1.0
-15.0,50,8460.262973,1.0
-8.0,50,8460.829794,1.0
-13.0,50,8461.405487,1.0
-4.0,50,8461.972501,1.0
-20.0,50,8462.542674,1.0
-23.0,50,8463.109271,1.0
-11.0,50,8463.687693,1.0
-50.0,50,8464.24873,0.0
-43.0,50,8464.818596,1.0
-10.0,50,8465.378534,1.0
-50.0,50,8465.94816,0.0
-26.0,50,8466.516576,1.0
-28.0,50,8467.082645,1.0
-17.0,50,8467.651659,1.0
0.0,50,8468.228328,1.0
0.0,50,8468.795293,1.0
-16.0,50,8469.364758,1.0
-16.0,50,8469.945577,1.0
-50.0,50,8470.52123,0.0
-9.0,50,8471.085702,1.0
-25.0,50,8471.652462,1.0
-12.0,50,8472.218629,1.0
-28.0,50,8472.79378,1.0
-32.0,50,8473.360403,1.0
-17.0,50,8473.92577,1.0
-14.0,50,8474.491923,1.0
-43.0,50,8475.068667,1.0
-15.0,50,8475.634391,1.0
0.0,50,8476.200373,1.0
0.0,50,8476.769429,1.0
-4.0,50,8477.346909,1.0
-12.0,50,8477.912436,1.0
-50.0,50,8478.476146,0.0
0.0,50,8479.044642,1.0
-22.0,50,8479.620221,1.0
-12.0,50,8480.192653,1.0
-19.0,50,8480.763749,1.0
-49.0,50,8481.326779,0.0
-22.0,50,8481.909173,1.0
-25.0,50,8482.482306,1.0
-25.0,50,8483.055978,1.0
-26.0,50,8483.629035,1.0
-19.0,50,8484.209691,1.0
-17.0,50,8484.783143,1.0
-50.0,50,8485.35608,0.0
-28.0,50,8485.926155,1.0
-15.0,50,8486.510208,1.0
-12.0,50,8487.083906,1.0
-15.0,50,8487.657309,1.0
-22.0,50,8488.226264,1.0
-9.0,50,8488.801456,1.0
-17.0,50,8489.374026,1.0
-9.0,50,8489.943971,1.0
-4.0,50,8490.517305,0.0
-18.0,50,8493.524357,1.0
-18.0,50,8494.097757,1.0
-19.0,50,8494.671934,1.0
-13.0,50,8495.244918,1.0
-50.0,50,8495.81835,0.0
-26.0,50,8496.391968,1.0
-15.0,50,8496.962509,1.0
-16.0,50,8497.53237,1.0
-11.0,50,8498.11367,1.0
-15.0,50,8498.683949,1.0
-9.0,50,8499.260088,1.0
-11.0,50,8499.845792,1.0
-30.0,50,8500.427597,1.0
-17.0,50,8500.999929,1.0
-19.0,50,8501.57308,1.0
-15.0,50,8502.144755,1.0
-19.0,50,8502.726783,1.0
-36.0,50,8503.297284,1.0
-14.0,50,8503.87057,1.0
-11.0,50,8504.436325,1.0
-37.0,50,8505.016614,1.0
-24.0,50,8505.589215,1.0
-21.0,50,8506.161342,1.0
-50.0,50,8506.73329,0.0
-39.0,50,8507.309291,1.0
-12.0,50,8507.880112,1.0
-13.0,50,8508.447163,1.0
-50.0,50,8509.01801,0.0
-22.0,50,8509.593398,1.0
-22.0,50,8510.162739,1.0
-30.0,50,8510.731289,1.0
-50.0,50,8511.297762,0.0
-32.0,50,8511.870167,1.0
-15.0,50,8512.437131,1.0
-50.0,50,8513.007211,0.0
-10.0,50,8513.577301,1.0
0.0,50,8514.153832,1.0
-8.0,50,8514.72265,1.0
-16.0,50,8515.291855,1.0
-12.0,50,8515.863645,1.0
0.0,50,8516.445115,1.0
-24.0,50,8517.012807,1.0
-37.0,50,8517.580996,1.0
-12.0,50,8518.14975,1.0
-11.0,50,8518.726665,1.0
-15.0,50,8519.293895,1.0
-13.0,50,8519.86398,1.0
-18.0,50,8520.433386,1.0
-11.0,50,8521.01133,1.0
-14.0,50,8521.578125,1.0
-49.0,50,8522.145298,1.0
-34.0,50,8522.71626,1.0
-11.0,50,8523.295059,1.0
-37.0,50,8523.86586,1.0
-13.0,50,8524.434157,1.0
-17.0,50,8525.004418,1.0
-11.0,50,8525.585424,1.0
-26.0,50,8526.156728,1.0
-17.0,50,8526.725241,1.0
-50.0,50,8527.294109,0.0
-14.0,50,8527.875392,1.0
-20.0,50,8528.442289,1.0
-47.0,50,8529.013465,0.0
-19.0,50,8529.592017,1.0
-12.0,50,8530.170771,1.0
-37.0,50,8530.736677,1.0
-16.0,50,8531.294811,1.0
-7.0,50,8531.866828,1.0
-11.0,50,8532.446173,1.0
-22.0,50,8533.016432,1.0
-13.0,50,8533.585123,1.0
-19.0,50,8534.154387,1.0
-50.0,50,8534.732445,0.0
-3.0,50,8535.297149,1.0
-19.0,50,8535.864499,1.0
-6.0,50,8536.432426,1.0
-12.0,50,8537.00855,1.0
-12.0,50,8537.580919,1.0
-27.0,50,8538.144794,1.0
-7.0,50,8538.710986,1.0
-16.0,50,8539.288938,1.0
-50.0,50,8539.85381,0.0
-10.0,50,8540.422338,1.0
-20.0,50,8540.990425,1.0
-22.0,50,8541.565991,1.0
-11.0,50,8542.134283,1.0
-23.0,50,8542.703984,1.0
-18.0,50,8543.274852,1.0
-43.0,50,8543.853358,1.0
-12.0,50,8544.420205,1.0
-50.0,50,8544.979097,0.0
-50.0,50,8545.545372,0.0
-17.0,50,8546.121597,1.0
-50.0,50,8546.681029,0.0
-50.0,50,8547.245753,0.0
-29.0,50,8547.811324,1.0
-20.0,50,8548.387987,1.0
-24.0,50,8548.954537,1.0
-19.0,50,8549.522323,1.0
-15.0,50,8550.084287,1.0
-12.0,50,8550.662595,1.0
-17.0,50,8551.231015,1.0
-14.0,50,8551.79819,1.0
-20.0,50,8552.367208,1.0
-12.0,50,8552.944026,1.0
-11.0,50,8553.512233,1.0
-13.0,50,8554.081186,1.0
-39.0,50,8554.650594,1.0
0.0,50,8555.227242,1.0
-44.0,50,8555.795497,1.0
-48.0,50,8556.355865,0.0
0.0,50,8556.926581,1.0
-32.0,50,8557.503163,1.0
-26.0,50,8558.07111,1.0
-12.0,50,8558.638298,1.0
-11.0,50,8559.210027,1.0
-13.0,50,8559.797175,1.0
-10.0,50,8560.364758,1.0
-8.0,50,8560.931069,1.0
-22.0,50,8561.497429,1.0
-15.0,50,8562.072137,1.0
-49.0,50,8562.638263,0.0
-9.0,50,8563.202317,1.0
-23.0,50,8563.76815,1.0
0.0,50,8564.345473,1.0
-6.0,50,8564.907034,1.0
-50.0,50,8565.47021,0.0
-15.0,50,8566.033128,1.0
-17.0,50,8566.60807,1.0
-22.0,50,8567.169172,1.0
-14.0,50,8567.733488,1.0
-16.0,50,8568.301648,1.0
-18.0,50,8568.874429,1.0
-15.0,50,8569.444011,1.0
-43.0,50,8570.003766,0.0
-21.0,50,8570.563349,1.0
-50.0,50,8571.13186,0.0
-46.0,50,8571.693034,1.0
-14.0,50,8572.256625,1.0
-23.0,50,8572.82824,1.0
-14.0,50,8573.405766,1.0
-9.0,50,8573.976488,1.0
-20.0,50,8574.542318,1.0
-9.0,50,8575.107415,1.0
-20.0,50,8575.688593,1.0
-12.0,50,8576.255758,1.0
-17.0,50,8576.82431,1.0
-23.0,50,8577.390265,1.0
-50.0,50,8577.968483,0.0
-19.0,50,8578.537982,1.0
-8.0,50,8579.104427,1.0
-14.0,50,8579.674444,1.0
-17.0,50,8580.249057,1.0
-8.0,50,8580.816368,1.0
-33.0,50,8581.380565,1.0
-10.0,50,8581.948223,1.0
-13.0,50,8582.526933,1.0
-11.0,50,8583.095904,1.0
-8.0,50,8583.655325,1.0
-32.0,50,8584.223877,1.0
-8.0,50,8584.801849,1.0
-44.0,50,8585.366284,1.0
-39.0,50,8585.938997,1.0
-15.0,50,8586.506876,1.0
-48.0,50,8587.091442,0.0
-14.0,50,8587.662081,1.0
-17.0,50,8588.229879,1.0
-50.0,50,8588.8019,0.0
-31.0,50,8589.382959,1.0
-18.0,50,8589.959879,1.0
-12.0,50,8590.525606,1.0
-22.0,50,8591.095302,1.0
-12.0,50,8591.672493,1.0
-7.0,50,8592.231078,1.0
-23.0,50,8592.800328,1.0
-22.0,50,8593.362754,1.0
-10.0,50,8593.938357,1.0
-19.0,50,8594.505093,1.0
0.0,50,8595.068898,1.0
-9.0,50,8595.639504,1.0
-16.0,50,8596.216647,1.0
-33.0,50,8596.784204,0.0
-23.0,50,8597.344678,1.0
-50.0,50,8597.91045,0.0
-26.0,50,8598.4876,1.0
-22.0,50,8599.057393,1.0
-17.0,50,8599.626453,1.0
-25.0,50,8600.193565,1.0
-17.0,50,8600.769489,1.0
-13.0,50,8601.338136,1.0
-50.0,50,8601.907734,0.0
-12.0,50,8602.474901,1.0
-23.0,50,8603.050965,1.0
-17.0,50,8603.615852,1.0
-21.0,50,8604.184898,1.0
-12.0,50,8604.753314,1.0
0.0,50,8605.333435,1.0
-24.0,50,8605.900498,1.0
-26.0,50,8606.466278,1.0
-35.0,50,8607.035977,1.0
-24.0,50,8610.041668,1.0
-15.0,50,8610.610358,1.0
-5.0,50,8611.17902,1.0
-17.0,50,8611.746435,1.0
-16.0,50,8612.323546,1.0
-12.0,50,8612.890358,1.0
-24.0,50,8613.460289,1.0
-14.0,50,8614.030357,1.0
-20.0,50,8614.610452,1.0
-48.0,50,8615.178921,0.0
-9.0,50,8615.745258,1.0
-25.0,50,8616.314123,1.0
-50.0,50,8616.888038,0.0
-48.0,50,8617.462286,1.0
-46.0,50,8618.024239,1.0
0.0,50,8618.592967,1.0
-43.0,50,8619.166572,0.0
-19.0,50,8619.745999,1.0
0.0,50,8620.306943,1.0
-36.0,50,8620.871415,1.0
-32.0,50,8621.44376,1.0
-30.0,50,8622.004752,1.0
-20.0,50,8622.561402,1.0
-15.0,50,8623.119474,1.0
-23.0,50,8623.68855,1.0
-38.0,50,8624.24753,1.0
-22.0,50,8624.807294,1.0
-32.0,50,8625.362334,1.0
-16.0,50,8625.930748,1.0
-20.0,50,8626.488426,1.0
-13.0,50,8627.046468,1.0
-5.0,50,8627.608467,1.0
-21.0,50,8628.181808,1.0
-50.0,50,8628.740792,0.0
-10.0,50,8629.299052,1.0
-47.0,50,8629.853835,0.0
-7.0,50,8630.420599,1.0
-11.0,50,8630.976367,1.0
0.0,50,8631.53689,1.0
-14.0,50,8632.095509,1.0
-26.0,50,8632.66753,1.0
-13.0,50,8633.228392,1.0
-34.0,50,8633.786988,1.0
-21.0,50,8634.349779,1.0
0.0,50,8634.919119,1.0
-19.0,50,8635.479156,1.0
-8.0,50,8636.040258,1.0
-11.0,50,8636.602151,1.0
-9.0,50,8637.171636,1.0
-17.0,50,8637.733047,1.0
-16.0,50,8638.294465,1.0
-48.0,50,8638.850257,0.0
-11.0,50,8639.418331,1.0
-11.0,50,8639.979242,1.0
0.0,50,8640.537893,1.0
-50.0,50,8641.099814,0.0
-50.0,50,8641.671152,0.0
-39.0,50,8642.23137,1.0
-14.0,50,8642.790662,1.0
-24.0,50,8643.356068,1.0
-25.0,50,8643.925835,1.0
-11.0,50,8644.48401,1.0
-18.0,50,8645.043605,1.0
-12.0,50,8645.605042,1.0
-8.0,50,8646.177554,1.0
-21.0,50,8646.73849,1.0
-3.0,50,8647.304143,1.0
0.0,50,8647.8703,1.0
-23.0,50,8648.451847,1.0
-20.0,50,8649.018052,0.0
-17.0,50,8649.601487,1.0
-21.0,50,8650.165809,1.0
-14.0,50,8650.739329,1.0
-38.0,50,8651.310684,1.0
-19.0,50,8651.877582,1.0
-46.0,50,8652.443349,0.0
-22.0,50,8653.02087,1.0
-47.0,50,8653.583973,0.0
-47.0,50,8654.143339,0.0
0.0,50,8654.71189,1.0
-13.0,50,8655.282817,1.0
0.0,50,8655.84986,1.0
-15.0,50,8656.415726,1.0
-34.0,50,8656.981701,1.0
-12.0,50,8657.558791,1.0
-20.0,50,8658.124831,1.0
-28.0,50,8658.692966,1.0
-11.0,50,8659.256572,1.0
-13.0,50,8659.831906,1.0
-26.0,50,8660.393198,1.0
0.0,50,8660.96088,1.0
-20.0,50,8661.526693,1.0
-50.0,50,8662.104563,0.0
0.0,50,8662.672802,1.0
-13.0,50,8663.241892,1.0
-17.0,50,8663.809349,1.0
-17.0,50,8664.387474,1.0
-14.0,50,8664.955624,1.0
-22.0,50,8665.522613,1.0
-23.0,50,8666.088666,1.0
-36.0,50,8666.666868,1.0
-18.0,50,8667.233262,1.0
-21.0,50,8667.801551,1.0
-50.0,50,8668.368441,0.0
-14.0,50,8668.934435,1.0
-39.0,50,8669.488616,1.0
-50.0,50,8670.04977,0.0
-20.0,50,8670.605532,1.0
-11.0,50,8671.168687,1.0
-23.0,50,8671.7286,1.0
-9.0,50,8672.287638,1.0
-30.0,50,8672.843867,1.0
-31.0,50,8673.412469,1.0
-14.0,50,8673.969503,1.0
-49.0,50,8674.526884,0.0
-14.0,50,8675.084868,1.0
-20.0,50,8675.652562,1.0
-18.0,50,8676.210984,1.0
-49.0,50,8676.766688,0.0
-19.0,50,8677.322196,1.0
-13.0,50,8677.889609,1.0
-25.0,50,8678.447705,1.0
-21.0,50,8679.008709,1.0
-17.0,50,8679.5817,1.0
-7.0,50,8680.154753,1.0
-13.0,50,8680.711716,1.0
-12.0,50,8681.267683,1.0
-21.0,50,8681.82767,1.0
-15.0,50,8682.395575,1.0
-27.0,50,8682.955616,1.0
-21.0,50,8683.514854,1.0
-16.0,50,8684.065418,1.0
-17.0,50,8684.626202,1.0
-50.0,50,8685.17664,0.0
-14.0,50,8685.728641,1.0
-27.0,50,8686.285782,1.0
-41.0,50,8686.854527,1.0
-6.0,50,8687.410916,1.0
-10.0,50,8687.975793,1.0
-23.0,50,8688.535231,1.0
-15.0,50,8689.10571,1.0
-19.0,50,8689.665058,1.0
-16.0,50,8690.224792,1.0
-15.0,50,8690.789263,1.0
-21.0,50,8691.367701,1.0
-50.0,50,8691.929625,0.0
-19.0,50,8692.494732,1.0
-21.0,50,8693.063668,1.0
-11.0,50,8693.639694,1.0
-14.0,50,8694.20998,1.0
-15.0,50,8694.782085,1.0
-16.0,50,8695.35093,1.0
-38.0,50,8695.931485,1.0
-28.0,50,8696.499667,1.0
-50.0,50,8697.065497,0.0
-10.0,50,8697.635122,1.0
-5.0,50,8698.212398,1.0
-20.0,50,8698.777925,1.0
0.0,50,8699.343192,1.0
-14.0,50,8699.912962,1.0
-11.0,50,8700.490778,1.0
-21.0,50,8701.059725,1.0
-35.0,50,8701.62337,1.0
-18.0,50,8702.190998,1.0
-30.0,50,8702.765362,1.0
-17.0,50,8703.329064,1.0
-13.0,50,8703.894555,1.0
-21.0,50,8704.461305,1.0
-21.0,50,8705.035711,1.0
-31.0,50,8705.600905,1.0
-8.0,50,8706.167051,1.0
-20.0,50,8706.734262,1.0
-19.0,50,8707.307182,1.0
-9.0,50,8707.863381,1.0
-21.0,50,8708.424904,1.0
-19.0,50,8708.9932,1.0
-21.0,50,8709.582916,1.0
-9.0,50,8710.15144,1.0
0.0,50,8710.718659,1.0
-5.0,50,8711.288138,1.0
-24.0,50,8711.864714,1.0
-19.0,50,8712.430318,1.0
-29.0,50,8712.998503,1.0
-13.0,50,8713.565733,1.0
-15.0,50,8714.14047,1.0
-4.0,50,8714.710142,1.0
-26.0,50,8715.277805,1.0
-15.0,50,8715.840603,1.0
-23.0,50,8716.416866,1.0
-30.0,50,8716.979214,1.0
-8.0,50,8717.54928,1.0
-18.0,50,8718.116036,1.0
0.0,50,8718.694598,1.0
-47.0,50,8719.256275,0.0
0.0,50,8719.825474,1.0
-22.0,50,8720.391591,1.0
-17.0,50,8720.972731,1.0
-12.0,50,8721.540906,1.0
-44.0,50,8722.101677,1.0
-5.0,50,8722.668557,1.0
-13.0,50,8725.651352,1.0
0.0,50,8726.219047,1.0
-10.0,50,8726.788127,1.0
-18.0,50,8727.355643,1.0
-18.0,50,8727.93276,1.0
-9.0,50,8728.491115,1.0
-48.0,50,8729.057473,0.0
-12.0,50,8729.625369,1.0
-25.0,50,8730.198148,1.0
-10.0,50,8730.766676,1.0
-24.0,50,8731.335248,1.0
-14.0,50,8731.8984,1.0
-11.0,50,8732.469663,1.0
-22.0,50,8733.032701,1.0
-11.0,50,8733.600332,1.0
-18.0,50,8734.16504,1.0
-10.0,50,8734.741572,1.0
-12.0,50,8735.307989,1.0
-18.0,50,8735.874717,1.0
-18.0,50,8736.442543,1.0
-43.0,50,8737.023216,1.0
-44.0,50,8737.586842,0.0
-21.0,50,8738.154186,1.0
-24.0,50,8738.722296,1.0
-37.0,50,8739.304009,1.0
0.0,50,8739.885741,1.0
-3.0,50,8740.455125,1.0
-50.0,50,8741.0164,0.0
-48.0,50,8741.586914,0.0
-46.0,50,8742.151508,1.0
-37.0,50,8742.719004,1.0
-27.0,50,8743.287391,1.0
-32.0,50,8743.85982,1.0
-33.0,50,8744.426697,1.0
-10.0,50,8744.996372,1.0
-48.0,50,8745.561546,1.0
-15.0,50,8746.138642,1.0
-9.0,50,8746.706292,1.0
-8.0,50,8747.273975,1.0
-16.0,50,8747.843084,1.0
-17.0,50,8748.417624,1.0
-17.0,50,8748.987005,1.0
-16.0,50,8749.554813,1.0
-9.0,50,8750.120882,1.0
-13.0,50,8750.697659,1.0
-33.0,50,8751.265406,1.0
-6.0,50,8751.829699,1.0
-16.0,50,8752.392021,1.0
-13.0,50,8752.959991,1.0
-21.0,50,8753.520193,1.0
-19.0,50,8754.081879,1.0
-34.0,50,8754.641214,1.0
-8.0,50,8755.208278,1.0
-50.0,50,8755.772049,0.0
-20.0,50,8756.331822,1.0
-10.0,50,8756.891115,1.0
-21.0,50,8757.461052,1.0
-33.0,50,8758.023153,1.0
-12.0,50,8758.583117,1.0
-22.0,50,8759.142965,1.0
-29.0,50,8759.720833,1.0
-50.0,50,8760.279728,0.0
-24.0,50,8760.841059,1.0
0.0,50,8761.397329,1.0
-5.0,50,8761.967878,1.0
-22.0,50,8762.530127,1.0
0.0,50,8763.092111,1.0
-50.0,50,8763.648372,0.0
-14.0,50,8764.218197,1.0
-19.0,50,8764.777262,1.0
-24.0,50,8765.337885,1.0
0.0,50,8765.897044,1.0
-13.0,50,8766.464164,1.0
-14.0,50,8767.020934,1.0
0.0,50,8767.581144,1.0
-11.0,50,8768.141813,1.0
-32.0,50,8768.70887,1.0
-25.0,50,8769.277863,1.0
-10.0,50,8769.860734,1.0
-21.0,50,8770.429014,1.0
-44.0,50,8771.006099,1.0
-15.0,50,8771.574722,1.0
-30.0,50,8772.143804,1.0
0.0,50,8772.715232,1.0
-11.0,50,8773.29653,1.0
-50.0,50,8773.86353,0.0
-15.0,50,8774.432153,1.0
-11.0,50,8774.994759,1.0
-26.0,50,8775.567894,1.0
-21.0,50,8776.13307,1.0
-19.0,50,8776.696135,1.0
-10.0,50,8777.263517,1.0
-37.0,50,8777.84035,1.0
-13.0,50,8778.405985,1.0
-17.0,50,8778.971963,1.0
-20.0,50,8779.53544,1.0
-49.0,50,8780.104002,0.0
0.0,50,8780.66285,1.0
-18.0,50,8781.220767,1.0
-22.0,50,8781.782158,1.0
-22.0,50,8782.350467,1.0
0.0,50,8782.91036,1.0
-3.0,50,8783.467949,1.0
-19.0,50,8784.027794,1.0
-15.0,50,8784.604691,1.0
-24.0,50,8785.17432,1.0
0.0,50,8785.743212,1.0
-14.0,50,8786.307047,1.0
-22.0,50,8786.883287,1.0
-11.0,50,8787.45389,1.0
-19.0,50,8788.022175,1.0
-26.0,50,8788.590161,1.0
-17.0,50,8789.166215,1.0
-48.0,50,8789.731765,0.0
-21.0,50,8790.302971,1.0
0.0,50,8790.872028,1.0
-14.0,50,8791.449721,1.0
-13.0,50,8792.011061,1.0
-16.0,50,8792.581409,1.0
-9.0,50,8793.152263,1.0
-22.0,50,8793.731134,1.0
-24.0,50,8794.298665,1.0
-37.0,50,8794.856508,1.0
-17.0,50,8795.417014,1.0
-10.0,50,8795.984386,1.0
-9.0,50,8796.544047,1.0
0.0,50,8797.097349,1.0
-7.0,50,8797.652296,1.0
-17.0,50,8798.212169,1.0
-8.0,50,8798.76337,1.0
-15.0,50,8799.323255,1.0
-22.0,50,8799.890198,1.0
-7.0,50,8800.459258,1.0
-23.0,50,8801.017934,1.0
-14.0,50,8801.57319,1.0
-10.0,50,8802.132426,1.0
-12.0,50,8802.701947,1.0
-22.0,50,8803.259807,1.0
-18.0,50,8803.828926,1.0
-35.0,50,8804.398301,1.0
-20.0,50,8804.977375,1.0
-18.0,50,8805.548561,1.0
-15.0,50,8806.112006,1.0
-12.0,50,8806.674073,1.0
-23.0,50,8807.248074,1.0
-6.0,50,8807.819257,1.0
-14.0,50,8808.389359,1.0
-33.0,50,8808.957973,1.0
-21.0,50,8809.540592,1.0
0.0,50,8810.109735,1.0
-50.0,50,8810.670941,0.0
-24.0,50,8811.239556,1.0
-29.0,50,8811.815405,1.0
-14.0,50,8812.386976,1.0
-23.0,50,8812.956508,1.0
-47.0,50,8813.527315,1.0
-22.0,50,8814.106004,1.0
-21.0,50,8814.675455,1.0
-25.0,50,8815.242472,1.0
0.0,50,8815.811369,1.0
0.0,50,8816.384787,1.0
-20.0,50,8816.956782,1.0
-23.0,50,8817.529602,1.0
-14.0,50,8818.099712,1.0
-20.0,50,8818.674351,1.0
-17.0,50,8819.246776,1.0
0.0,50,8819.82186,1.0
-19.0,50,8820.390901,1.0
-15.0,50,8820.969115,1.0
-17.0,50,8821.543708,1.0
-23.0,50,8822.111468,1.0
-28.0,50,8822.679224,1.0
-12.0,50,8823.262911,1.0
-12.0,50,8823.835733,1.0
-44.0,50,8824.402271,0.0
-6.0,50,8824.977582,1.0
-9.0,50,8825.557297,1.0
-28.0,50,8826.129011,1.0
-10.0,50,8826.697078,1.0
-6.0,50,8827.270679,1.0
-17.0,50,8827.852917,1.0
-19.0,50,8828.425622,1.0
-9.0,50,8829.001125,1.0
-44.0,50,8829.585929,1.0
-13.0,50,8830.164661,1.0
-16.0,50,8830.73508,1.0
-8.0,50,8831.30215,1.0
-19.0,50,8831.873632,1.0
-31.0,50,8832.448025,1.0
-6.0,50,8833.021887,1.0
-17.0,50,8833.592453,1.0
-12.0,50,8834.162891,1.0
-5.0,50,8834.745935,1.0
-22.0,50,8835.317579,1.0
-13.0,50,8835.891615,1.0
-20.0,50,8836.464441,1.0
-26.0,50,8837.046468,1.0
-24.0,50,8837.620083,1.0
-20.0,50,8838.192489,1.0
-4.0,50,8838.761401,1.0
-11.0,50,8841.768844,1.0
-17.0,50,8842.335983,1.0
-38.0,50,8842.905756,1.0
0.0,50,8843.473334,1.0
-15.0,50,8844.046227,1.0
-9.0,50,8844.610337,1.0
-3.0,50,8845.17526,1.0
-44.0,50,8845.739693,1.0
-19.0,50,8846.314468,1.0
-35.0,50,8846.876137,1.0
-17.0,50,8847.442365,1.0
-50.0,50,8848.009465,0.0
-7.0,50,8848.587662,1.0
-10.0,50,8849.147256,1.0
-13.0,50,8849.71119,1.0
-12.0,50,8850.273497,1.0
-16.0,50,8850.850373,1.0
-20.0,50,8851.415682,1.0
-50.0,50,8851.978745,0.0
-18.0,50,8852.547152,1.0
-8.0,50,8853.120875,1.0
-8.0,50,8853.686511,1.0
-16.0,50,8854.251758,1.0
-15.0,50,8854.819538,1.0
-18.0,50,8855.39957,1.0
-30.0,50,8855.968345,1.0
-8.0,50,8856.540094,1.0
-17.0,50,8857.112376,1.0
-12.0,50,8857.692089,1.0
-43.0,50,8858.261466,0.0
-6.0,50,8858.836072,1.0
-12.0,50,8859.411652,1.0
-12.0,50,8859.997649,1.0
-23.0,50,8860.567961,1.0
-45.0,50,8861.137987,0.0
-23.0,50,8861.709199,1.0
-26.0,50,8862.285651,1.0
-50.0,50,8862.857278,0.0
-12.0,50,8863.427489,1.0
-35.0,50,8863.9968,1.0
-42.0,50,8864.571983,0.0
-18.0,50,8865.144237,1.0
-8.0,50,8865.713717,1.0
-17.0,50,8866.288082,1.0
-32.0,50,8866.865202,1.0
-24.0,50,8867.434842,1.0
-17.0,50,8868.004424,1.0
-50.0,50,8868.569919,0.0
-21.0,50,8869.158817,1.0
-6.0,50,8869.731469,1.0
-35.0,50,8870.298628,1.0
-18.0,50,8870.865077,1.0
-50.0,50,8871.441045,0.0
-42.0,50,8872.010813,1.0
-37.0,50,8872.579904,1.0
-11.0,50,8873.14551,1.0
-15.0,50,8873.720509,1.0
-23.0,50,8874.288159,0.0
-15.0,50,8874.851343,1.0
-15.0,50,8875.417026,1.0
-50.0,50,8875.982075,0.0
-25.0,50,8876.542506,1.0
-16.0,50,8877.10981,1.0
-6.0,50,8877.67662,1.0
-3.0,50,8878.257001,1.0
-20.0,50,8878.817216,1.0
-14.0,50,8879.381683,1.0
-19.0,50,8879.951538,1.0
-17.0,50,8880.531289,1.0
-14.0,50,8881.102552,1.0
-2.0,50,8881.675142,1.0
-6.0,50,8882.249546,1.0
-38.0,50,8882.842037,1.0
-19.0,50,8883.412666,1.0
-16.0,50,8883.986719,1.0
-20.0,50,8884.559663,1.0
-22.0,50,8885.141286,1.0
-11.0,50,8885.714277,1.0
-28.0,50,8886.285885,1.0
-14.0,50,8886.85838,1.0
-11.0,50,8887.442669,1.0
-13.0,50,8888.013927,1.0
-8.0,50,8888.586895,1.0
-6.0,50,8889.162601,1.0
-16.0,50,8889.76434,1.0
-12.0,50,8890.337883,1.0
-22.0,50,8890.906137,1.0
-19.0,50,8891.480783,1.0
-27.0,50,8892.058817,1.0
-21.0,50,8892.633902,1.0
-43.0,50,8893.201996,1.0
-13.0,50,8893.775365,1.0
-23.0,50,8894.351566,1.0
-12.0,50,8894.924303,1.0
-12.0,50,8895.494257,1.0
-14.0,50,8896.064919,1.0
-31.0,50,8896.645439,1.0
0.0,50,8897.219112,1.0
-20.0,50,8897.794588,1.0
-23.0,50,8898.359254,1.0
-17.0,50,8898.933662,1.0
0.0,50,8899.50063,1.0
-20.0,50,8900.068859,1.0
-10.0,50,8900.630213,1.0
-34.0,50,8901.201852,1.0
-19.0,50,8901.76757,1.0
-20.0,50,8902.332281,1.0
-22.0,50,8902.895298,1.0
-17.0,50,8903.504324,1.0
-12.0,50,8904.066715,1.0
-18.0,50,8904.633676,1.0
0.0,50,8905.195244,1.0
-4.0,50,8905.771662,1.0
-28.0,50,8906.334048,1.0
-13.0,50,8906.900152,1.0
-16.0,50,8907.468441,1.0
-10.0,50,8908.043374,1.0
-17.0,50,8908.611545,1.0
-16.0,50,8909.174816,1.0
-9.0,50,8909.740712,1.0
-15.0,50,8910.309696,1.0
-8.0,50,8910.868915,1.0
-48.0,50,8911.434315,0.0
-36.0,50,8911.992431,1.0
-17.0,50,8912.571323,1.0
-18.0,50,8913.134614,1.0
-15.0,50,8913.701342,1.0
-50.0,50,8914.266281,0.0
-14.0,50,8914.847212,1.0
-26.0,50,8915.415821,1.0
-27.0,50,8915.97897,1.0
-18.0,50,8916.544389,1.0
-10.0,50,8917.116707,1.0
-12.0,50,8917.68735,1.0
-38.0,50,8918.254625,1.0
-22.0,50,8918.823573,1.0
-16.0,50,8919.401796,1.0
-13.0,50,8919.977576,1.0
-20.0,50,8920.546445,1.0
-3.0,50,8921.120932,1.0
-32.0,50,8921.697931,1.0
-8.0,50,8922.267947,1.0
-24.0,50,8922.833649,1.0
-13.0,50,8923.40209,1.0
-12.0,50,8923.97826,1.0
-14.0,50,8924.543851,1.0
-27.0,50,8925.111245,1.0
-11.0,50,8925.676321,1.0
-15.0,50,8926.255516,1.0
0.0,50,8926.819851,1.0
-20.0,50,8927.388717,1.0
-14.0,50,8927.958852,1.0
-24.0,50,8928.536827,1.0
-17.0,50,8929.099685,1.0
-24.0,50,8929.670512,1.0
0.0,50,8930.243405,1.0
-15.0,50,8930.82065,1.0
-21.0,50,8931.390047,1.0
-24.0,50,8931.954591,1.0
-19.0,50,8932.517414,1.0
-18.0,50,8933.096005,1.0
-19.0,50,8933.667379,1.0
-21.0,50,8934.234912,1.0
-17.0,50,8934.802362,1.0
-18.0,50,8935.374603,1.0
-15.0,50,8935.943322,1.0
-10.0,50,8936.5082,1.0
-14.0,50,8937.077361,1.0
-11.0,50,8937.65461,1.0
-18.0,50,8938.222131,1.0
-20.0,50,8938.790761,1.0
-43.0,50,8939.359386,1.0
-13.0,50,8939.937718,1.0
-29.0,50,8940.507889,1.0
-25.0,50,8941.077845,1.0
-26.0,50,8941.64706,1.0
-15.0,50,8942.223822,1.0
-11.0,50,8942.793938,1.0
-50.0,50,8943.351914,0.0
-22.0,50,8943.919929,1.0
-15.0,50,8944.498754,1.0
-21.0,50,8945.061968,1.0
-14.0,50,8945.630751,1.0
-14.0,50,8946.196336,1.0
-13.0,50,8946.774853,1.0
-22.0,50,8947.342151,1.0
-24.0,50,8947.912293,1.0
0.0,50,8948.48252,1.0
-12.0,50,8949.060419,1.0
-19.0,50,8949.635772,1.0
-17.0,50,8950.203677,1.0
-11.0,50,8950.772369,1.0
-15.0,50,8951.350333,1.0
-38.0,50,8951.911814,1.0
-12.0,50,8952.480841,1.0
-39.0,50,8953.045846,1.0
-50.0,50,8953.623283,0.0
-17.0,50,8954.189971,1.0
-26.0,50,8954.759864,1.0
-9.0,50,8955.330983,1.0
-20.0,50,8958.308674,1.0
0.0,50,8958.878194,1.0
-25.0,50,8959.446376,1.0
-7.0,50,8960.013863,1.0
-13.0,50,8960.590487,1.0
0.0,50,8961.157303,1.0
-11.0,50,8961.721141,1.0
-13.0,50,8962.287621,1.0
-50.0,50,8962.857451,0.0
-12.0,50,8963.423462,1.0
-42.0,50,8963.990946,1.0
-25.0,50,8964.559986,1.0
-9.0,50,8965.134644,1.0
-22.0,50,8965.69558,1.0
-8.0,50,8966.262476,1.0
-11.0,50,8966.828053,1.0
-12.0,50,8967.405,1.0
-28.0,50,8967.971853,1.0
-8.0,50,8968.541497,1.0
-17.0,50,8969.110299,1.0
-24.0,50,8969.690843,1.0
-29.0,50,8970.263832,1.0
-34.0,50,8970.832661,1.0
-50.0,50,8971.402408,0.0
-16.0,50,8971.978327,1.0
-13.0,50,8972.547212,1.0
-13.0,50,8973.117272,1.0
-13.0,50,8973.682444,1.0
-24.0,50,8974.261564,1.0
-11.0,50,8974.833268,1.0
-29.0,50,8975.396624,1.0
-13.0,50,8975.96545,1.0
-13.0,50,8976.542585,1.0
-23.0,50,8977.110729,1.0
-31.0,50,8977.67494,1.0
0.0,50,8978.238084,1.0
-22.0,50,8978.816011,1.0
-18.0,50,8979.385958,1.0
-11.0,50,8979.955313,1.0
-17.0,50,8980.523841,1.0
-50.0,50,8981.100611,0.0
-47.0,50,8981.65754,0.0
0.0,50,8982.224208,1.0
-25.0,50,8982.792739,1.0
-6.0,50,8983.366747,1.0
-18.0,50,8983.930204,1.0
-12.0,50,8984.496601,1.0
-40.0,50,8985.060245,1.0
-32.0,50,8985.6359,1.0
-10.0,50,8986.20291,1.0
-22.0,50,8986.770859,1.0
-15.0,50,8987.340477,1.0
-11.0,50,8987.951044,1.0
-15.0,50,8988.520741,1.0
-16.0,50,8989.089967,1.0
-17.0,50,8989.661023,1.0
-36.0,50,8990.24099,1.0
-12.0,50,8990.805593,1.0
-12.0,50,8991.372275,1.0
-21.0,50,8991.941059,1.0
-15.0,50,8992.520002,1.0
-20.0,50,8993.08825,1.0
-11.0,50,8993.654149,1.0
-11.0,50,8994.223377,1.0
-4.0,50,8994.819035,1.0
-11.0,50,8995.386124,1.0
-20.0,50,8995.951666,1.0
-8.0,50,8996.515774,1.0
-12.0,50,8997.088953,1.0
-23.0,50,8997.652709,0.0
-7.0,50,8998.222622,1.0
0.0,50,8998.789976,1.0
-32.0,50,8999.368917,1.0
-9.0,50,8999.936928,1.0
0.0,50,9000.502981,1.0
-16.0,50,9001.071491,1.0
-31.0,50,9001.647149,1.0
-18.0,50,9002.216797,1.0
-4.0,50,9002.793565,1.0
-15.0,50,9003.361766,1.0
-7.0,50,9003.939868,1.0
-9.0,50,9004.511209,1.0
0.0,50,9005.079413,1.0
-32.0,50,9005.643318,1.0
-10.0,50,9006.221699,1.0
-10.0,50,9006.788062,1.0
-28.0,50,9007.354316,1.0
-11.0,50,9007.923373,1.0
0.0,50,9008.502187,1.0
-19.0,50,9009.075798,1.0
-14.0,50,9009.652337,1.0
-17.0,50,9010.224328,1.0
-11.0,50,9010.806258,1.0
-33.0,50,9011.371472,1.0
-9.0,50,9011.937196,1.0
-14.0,50,9012.500381,1.0
-19.0,50,9013.07403,1.0
-50.0,50,9013.643707,0.0
-11.0,50,9014.21329,1.0
-10.0,50,9014.781841,1.0
-8.0,50,9015.358787,1.0
-39.0,50,9015.924178,1.0
-21.0,50,9016.493257,1.0
-24.0,50,9017.0596,1.0
-38.0,50,9017.637399,1.0
-49.0,50,9018.203845,0.0
-8.0,50,9018.769768,1.0
-14.0,50,9019.337615,1.0
-8.0,50,9019.91788,1.0
-49.0,50,9020.483772,0.0
-10.0,50,9021.050094,1.0
-25.0,50,9021.621281,1.0
-30.0,50,9022.197351,1.0
-27.0,50,9022.763653,1.0
-30.0,50,9023.326242,1.0
0.0,50,9023.882033,1.0
-15.0,50,9024.44081,1.0
-20.0,50,9024.992131,1.0
-14.0,50,9025.543022,1.0
-48.0,50,9026.100975,0.0
-19.0,50,9026.669903,1.0
0.0,50,9027.232274,1.0
-22.0,50,9027.788989,1.0
-8.0,50,9028.348097,1.0
0.0,50,9028.915038,1.0
-16.0,50,9029.474153,1.0
-8.0,50,9030.035797,1.0
-11.0,50,9030.596212,1.0
-26.0,50,9031.16184,1.0
0.0,50,9031.712631,1.0
-44.0,50,9032.268758,0.0
-9.0,50,9032.830674,1.0
-47.0,50,9033.39809,1.0
-19.0,50,9033.956625,1.0
-22.0,50,9034.513785,1.0
-44.0,50,9035.07139,1.0
0.0,50,9035.63713,1.0
-15.0,50,9036.195842,1.0
-10.0,50,9036.747281,1.0
-8.0,50,9037.306252,1.0
-10.0,50,9037.876839,1.0
-5.0,50,9038.435258,1.0
-10.0,50,9038.9963,1.0
-18.0,50,9039.560137,1.0
-50.0,50,9040.136277,0.0
-19.0,50,9040.694111,1.0
-23.0,50,9041.264363,1.0
-15.0,50,9041.82689,1.0
-16.0,50,9042.396856,1.0
-9.0,50,9042.954083,1.0
-13.0,50,9043.514088,1.0
-21.0,50,9044.072232,1.0
-5.0,50,9044.647038,1.0
-50.0,50,9045.208092,0.0
-29.0,50,9045.763117,1.0
-23.0,50,9046.32535,1.0
-18.0,50,9046.897016,1.0
-49.0,50,9047.45108,0.0
-19.0,50,9048.020747,1.0
-46.0,50,9048.591755,0.0
-12.0,50,9049.168898,1.0
-19.0,50,9049.740685,1.0
-50.0,50,9050.300134,0.0
-21.0,50,9050.870291,1.0
-29.0,50,9051.461944,1.0
-16.0,50,9052.029273,1.0
-42.0,50,9052.59619,0.0
-10.0,50,9053.163571,1.0
-15.0,50,9053.746071,1.0
-25.0,50,9054.314891,1.0
-20.0,50,9054.888773,1.0
-15.0,50,9055.460342,1.0
-12.0,50,9056.041477,1.0
-10.0,50,9056.613143,1.0
-27.0,50,9057.183517,1.0
-14.0,50,9057.754239,1.0
-27.0,50,9058.33091,1.0
-15.0,50,9058.905977,1.0
-20.0,50,9059.476645,1.0
-17.0,50,9060.049925,1.0
-18.0,50,9060.630535,1.0
-20.0,50,9061.203777,1.0
-31.0,50,9061.772548,1.0
-16.0,50,9062.341727,1.0
0.0,50,9062.923288,1.0
-48.0,50,9063.492356,0.0
-20.0,50,9064.061747,1.0
-17.0,50,9064.63344,1.0
-14.0,50,9065.213739,1.0
-17.0,50,9065.783527,1.0
-42.0,50,9066.356359,1.0
-18.0,50,9066.931654,1.0
-9.0,50,9067.506358,1.0
-14.0,50,9068.078731,1.0
-11.0,50,9068.652325,1.0
-35.0,50,9069.225474,1.0
-20.0,50,9069.819669,1.0
-11.0,50,9070.394082,1.0
-10.0,50,9070.965845,1.0
-6.0,50,9071.531192,1.0
0.0,50,9074.546059,1.0
-9.0,50,9075.117513,1.0
-22.0,50,9075.688636,1.0
-17.0,50,9076.260489,1.0
-8.0,50,9076.836667,1.0
-35.0,50,9077.405326,1.0
-18.0,50,9077.97344,1.0
-31.0,50,9078.546862,1.0
-24.0,50,9079.125865,1.0
-14.0,50,9079.696462,1.0
-4.0,50,9080.274366,1.0
-34.0,50,9080.843971,1.0
-11.0,50,9081.427907,1.0
-11.0,50,9082.000183,1.0
-31.0,50,9082.571685,1.0
-27.0,50,9083.141315,1.0
-11.0,50,9083.722192,1.0
-41.0,50,9084.298477,1.0
-16.0,50,9084.865388,1.0
-8.0,50,9085.43241,1.0
-24.0,50,9086.012332,1.0
-16.0,50,9086.585403,1.0
-16.0,50,9087.156411,1.0
-2.0,50,9087.729009,1.0
-23.0,50,9088.305134,1.0
-21.0,50,9088.877508,1.0
-14.0,50,9089.444445,1.0
-10.0,50,9090.016233,1.0
-48.0,50,9090.586698,0.0
-8.0,50,9091.150606,1.0
-50.0,50,9091.72406,0.0
-16.0,50,9092.293878,1.0
-15.0,50,9092.874148,1.0
-27.0,50,9093.446204,1.0
-8.0,50,9094.018243,1.0
-35.0,50,9094.588144,1.0
0.0,50,9095.16961,1.0
0.0,50,9095.737291,1.0
-6.0,50,9096.306388,1.0
-50.0,50,9096.882184,0.0
-26.0,50,9097.460067,1.0
-13.0,50,9098.029129,1.0
-45.0,50,9098.595775,0.0
-16.0,50,9099.16553,1.0
-35.0,50,9099.752444,0.0
-9.0,50,9100.326903,1.0
-9.0,50,9100.899275,1.0
-18.0,50,9101.466272,1.0
-5.0,50,9102.046255,1.0
-8.0,50,9102.617184,1.0
-13.0,50,9103.184069,1.0
-15.0,50,9103.757281,1.0
-20.0,50,9104.335616,1.0
-28.0,50,9104.908942,1.0
-22.0,50,9105.474925,1.0
-26.0,50,9106.047912,1.0
-10.0,50,9106.62824,1.0
-38.0,50,9107.197797,1.0
-19.0,50,9107.765241,1.0
0.0,50,9108.340075,1.0
-21.0,50,9108.919938,1.0
-13.0,50,9109.491698,1.0
-11.0,50,9110.062008,1.0
-22.0,50,9110.631917,1.0
-13.0,50,9111.207971,1.0
-5.0,50,9111.777129,1.0
-28.0,50,9112.341047,1.0
-23.0,50,9112.912475,1.0
-39.0,50,9113.486852,1.0
-34.0,50,9114.056111,1.0
-8.0,50,9114.624622,1.0
-16.0,50,9115.193952,1.0
-9.0,50,9115.769016,1.0
0.0,50,9116.340482,1.0
-36.0,50,9116.908164,1.0
-19.0,50,9117.479623,1.0
-22.0,50,9118.05919,1.0
-50.0,50,9118.626196,0.0
0.0,50,9119.193339,1.0
-14.0,50,9119.757664,1.0
-17.0,50,9120.335579,1.0
-12.0,50,9120.903665,1.0
-16.0,50,9121.475372,1.0
0.0,50,9122.044881,1.0
-35.0,50,9122.621407,1.0
-16.0,50,9123.184402,1.0
-46.0,50,9123.753184,0.0
-22.0,50,9124.320861,1.0
-29.0,50,9124.899485,1.0
-8.0,50,9125.469269,1.0
-16.0,50,9126.041142,1.0
-14.0,50,9126.610828,1.0
0.0,50,9127.178896,1.0
-11.0,50,9127.745936,1.0
-25.0,50,9128.308893,1.0
-29.0,50,9128.876801,1.0
-32.0,50,9129.460727,1.0
-50.0,50,9130.035731,0.0
-17.0,50,9130.604383,1.0
-15.0,50,9131.167845,1.0
-28.0,50,9131.741828,1.0
-21.0,50,9132.309658,1.0
-15.0,50,9132.878735,1.0
-15.0,50,9133.447666,1.0
-10.0,50,9134.021467,1.0
-16.0,50,9134.585317,1.0
-4.0,50,9135.152222,1.0
-34.0,50,9135.718706,1.0
-17.0,50,9136.297639,1.0
-13.0,50,9136.86129,1.0
-10.0,50,9137.421303,1.0
-31.0,50,9137.97909,1.0
-23.0,50,9138.546504,1.0
0.0,50,9139.10756,1.0
-10.0,50,9139.681386,1.0
-12.0,50,9140.245555,1.0
-19.0,50,9140.824625,1.0
0.0,50,9141.395356,1.0
-35.0,50,9141.959138,1.0
-12.0,50,9142.527198,1.0
-20.0,50,9143.104592,1.0
-14.0,50,9143.670851,1.0
-15.0,50,9144.235296,1.0
-19.0,50,9144.798495,1.0
0.0,50,9145.390038,1.0
-10.0,50,9145.956642,1.0
-32.0,50,9146.521759,1.0
-31.0,50,9147.088647,1.0
0.0,50,9147.664166,1.0
-11.0,50,9148.23129,1.0
-9.0,50,9148.79955,1.0
-23.0,50,9149.358456,1.0
-6.0,50,9149.92672,1.0
-12.0,50,9150.48549,1.0
-25.0,50,9151.043706,1.0
-15.0,50,9151.602726,1.0
-14.0,50,9152.170131,1.0
-14.0,50,9152.730558,1.0
-8.0,50,9153.287734,1.0
-31.0,50,9153.849517,1.0
0.0,50,9154.41716,1.0
-22.0,50,9154.976586,1.0
-16.0,50,9155.536574,1.0
-20.0,50,9156.104197,1.0
-13.0,50,9156.674087,1.0
0.0,50,9157.233776,1.0
-19.0,50,9157.793507,1.0
-11.0,50,9158.351911,1.0
-29.0,50,9158.919645,1.0
-7.0,50,9159.49328,1.0
-14.0,50,9160.051024,1.0
-11.0,50,9160.611225,1.0
-50.0,50,9161.17636,0.0
-19.0,50,9161.738579,1.0
-5.0,50,9162.302391,1.0
-10.0,50,9162.860492,1.0
-7.0,50,9163.423178,1.0
-18.0,50,9163.981753,1.0
-16.0,50,9164.542472,1.0
-19.0,50,9165.100738,1.0
-19.0,50,9165.670767,1.0
-15.0,50,9166.231577,1.0
-11.0,50,9166.790469,1.0
-7.0,50,9167.349679,1.0
-17.0,50,9167.91811,1.0
-22.0,50,9168.475857,1.0
-18.0,50,9169.037565,1.0
-6.0,50,9169.600865,1.0
-18.0,50,9170.171967,1.0
-13.0,50,9170.732887,1.0
0.0,50,9171.300853,1.0
-25.0,50,9171.858705,1.0
-27.0,50,9172.427238,1.0
-14.0,50,9172.990296,1.0
-50.0,50,9173.551653,0.0
-19.0,50,9174.115815,1.0
-12.0,50,9174.686994,1.0
-10.0,50,9175.249714,1.0
-9.0,50,9175.813874,1.0
-11.0,50,9176.372056,1.0
-9.0,50,9176.94188,1.0
-50.0,50,9177.504323,0.0
-11.0,50,9178.062905,1.0
-11.0,50,9178.625365,1.0
-23.0,50,9179.18967,1.0
-15.0,50,9179.752861,1.0
-11.0,50,9180.315698,1.0
-16.0,50,9180.876141,1.0
-18.0,50,9181.445801,1.0
-20.0,50,9182.00536,1.0
-5.0,50,9182.569029,1.0
0.0,50,9183.131627,1.0
-17.0,50,9183.693037,1.0
-22.0,50,9184.259835,1.0
-50.0,50,9184.819328,0.0
-8.0,50,9185.381527,1.0
-12.0,50,9185.950718,1.0
-42.0,50,9186.51356,1.0
-18.0,50,9187.074424,1.0
-22.0,50,9187.639227,1.0
0.0,50,9190.588478,1.0
-25.0,50,9191.151116,0.0
-9.0,50,9191.714161,1.0
-17.0,50,9192.279183,1.0
-21.0,50,9192.862261,1.0
-15.0,50,9193.432896,1.0
-12.0,50,9194.001397,1.0
-14.0,50,9194.575035,1.0
-30.0,50,9195.148722,1.0
-16.0,50,9195.718806,1.0
-31.0,50,9196.283843,1.0
-11.0,50,9196.847133,1.0
-5.0,50,9197.430137,1.0
-9.0,50,9198.00106,1.0
-8.0,50,9198.5727,1.0
-10.0,50,9199.14357,1.0
-11.0,50,9199.726602,1.0
0.0,50,9200.30024,1.0
-8.0,50,9200.871803,1.0
-7.0,50,9201.447561,1.0
-10.0,50,9202.028315,1.0
-45.0,50,9202.604805,1.0
-8.0,50,9203.176648,1.0
-14.0,50,9203.749685,1.0
-5.0,50,9204.329742,1.0
-31.0,50,9204.902858,1.0
-13.0,50,9205.478158,1.0
-12.0,50,9206.049475,1.0
-26.0,50,9206.630427,1.0
0.0,50,9207.203387,1.0
-7.0,50,9207.776899,1.0
-22.0,50,9208.352345,1.0
-45.0,50,9208.933879,1.0
-8.0,50,9209.507082,1.0
-14.0,50,9210.077881,1.0
-7.0,50,9210.650667,1.0
-15.0,50,9211.231477,1.0
-50.0,50,9211.798753,0.0
-23.0,50,9212.368678,1.0
-16.0,50,9212.944303,1.0
-45.0,50,9213.523096,1.0
-22.0,50,9214.097575,1.0
-50.0,50,9214.671377,0.0
-35.0,50,9215.246646,1.0
-13.0,50,9215.831615,1.0
-18.0,50,9216.407677,1.0
-16.0,50,9216.984063,1.0
-15.0,50,9217.555099,1.0
-26.0,50,9218.13789,1.0
-7.0,50,9218.712485,1.0
-18.0,50,9219.289326,1.0
-27.0,50,9219.875593,1.0
-14.0,50,9220.462171,1.0
-27.0,50,9221.036422,1.0
-15.0,50,9221.610126,1.0
-48.0,50,9222.187798,0.0
-11.0,50,9222.771994,1.0
-12.0,50,9223.346987,1.0
-11.0,50,9223.921434,1.0
-11.0,50,9224.497047,1.0
-18.0,50,9225.079024,1.0
-28.0,50,9225.653026,1.0
-6.0,50,9226.225335,1.0
-5.0,50,9226.802658,1.0
-18.0,50,9227.388065,1.0
-10.0,50,9227.962505,1.0
-6.0,50,9228.537629,1.0
-19.0,50,9229.107537,1.0
-24.0,50,9229.685994,1.0
0.0,50,9230.256486,1.0
-50.0,50,9230.828883,0.0
-50.0,50,9231.398862,0.0
-31.0,50,9231.977459,1.0
-19.0,50,9232.545895,1.0
-9.0,50,9233.120408,1.0
-20.0,50,9233.681835,1.0
-31.0,50,9234.243228,1.0
-19.0,50,9234.80387,1.0
-10.0,50,9235.360837,1.0
-16.0,50,9235.9214,1.0
-29.0,50,9236.487743,1.0
-24.0,50,9237.044241,1.0
-19.0,50,9237.603898,1.0
-33.0,50,9238.159592,1.0
-22.0,50,9238.725464,1.0
-50.0,50,9239.281376,0.0
-17.0,50,9239.844983,1.0
-25.0,50,9240.404583,1.0
-8.0,50,9240.974606,1.0
-12.0,50,9241.528831,1.0
-17.0,50,9242.083814,1.0
-50.0,50,9242.637541,0.0
-10.0,50,9243.202656,1.0
-22.0,50,9243.76123,1.0
-14.0,50,9244.321566,1.0
-12.0,50,9244.880839,1.0
-20.0,50,9245.44885,1.0
-18.0,50,9246.009005,1.0
-17.0,50,9246.568885,1.0
-9.0,50,9247.127368,1.0
-22.0,50,9247.694829,1.0
0.0,50,9248.25488,1.0
-18.0,50,9248.815849,1.0
0.0,50,9249.378547,1.0
-25.0,50,9249.957971,1.0
-17.0,50,9250.519652,1.0
-21.0,50,9251.073751,1.0
-18.0,50,9251.62881,1.0
-15.0,50,9252.188741,1.0
-10.0,50,9252.739408,1.0
-19.0,50,9253.296303,1.0
-9.0,50,9253.852012,1.0
0.0,50,9254.42284,1.0
-42.0,50,9254.982783,0.0
-39.0,50,9255.53789,1.0
-50.0,50,9256.095763,0.0
-14.0,50,9256.671815,1.0
-13.0,50,9257.23064,1.0
-3.0,50,9257.799784,1.0
-17.0,50,9258.36578,1.0
-12.0,50,9258.943039,1.0
-24.0,50,9259.508754,1.0
-7.0,50,9260.078001,1.0
-18.0,50,9260.649361,1.0
-10.0,50,9261.231064,1.0
-20.0,50,9261.804145,1.0
-13.0,50,9262.375068,1.0
-13.0,50,9262.946205,1.0
-6.0,50,9263.533591,1.0
-18.0,50,9264.106522,1.0
-16.0,50,9264.681729,1.0
-11.0,50,9265.254711,1.0
-25.0,50,9265.835483,1.0
-21.0,50,9266.408839,1.0
-10.0,50,9266.98244,1.0
-16.0,50,9267.550197,1.0
-16.0,50,9268.130468,1.0
0.0,50,9268.705057,1.0
-20.0,50,9269.278356,1.0
-15.0,50,9269.850723,1.0
-10.0,50,9270.43873,1.0
-19.0,50,9271.006427,1.0
-24.0,50,9271.580116,1.0
-18.0,50,9272.154178,1.0
-9.0,50,9272.733639,1.0
0.0,50,9273.301342,1.0
-16.0,50,9273.873685,1.0
-48.0,50,9274.450405,1.0
-22.0,50,9275.033937,1.0
-11.0,50,9275.606611,1.0
-20.0,50,9276.17995,1.0
0.0,50,9276.759958,1.0
-13.0,50,9277.345084,1.0
-26.0,50,9277.922513,0.0
-19.0,50,9278.495256,1.0
-14.0,50,9279.06804,1.0
-34.0,50,9279.659291,1.0
-18.0,50,9280.226995,1.0
-22.0,50,9280.799374,1.0
-9.0,50,9281.372709,1.0
-13.0,50,9281.95487,1.0
-33.0,50,9282.530111,1.0
-41.0,50,9283.100901,1.0
-10.0,50,9283.674067,1.0
-50.0,50,9284.257108,0.0
-6.0,50,9284.834555,1.0
-8.0,50,9285.406201,1.0
-9.0,50,9285.983477,1.0
-50.0,50,9286.571381,0.0
-12.0,50,9287.1471,1.0
-12.0,50,9287.722782,1.0
-22.0,50,9288.292984,1.0
-50.0,50,9288.869833,0.0
-19.0,50,9289.437675,1.0
-16.0,50,9290.008978,1.0
-50.0,50,9290.580197,0.0
-14.0,50,9291.162532,1.0
0.0,50,9291.739202,1.0
-18.0,50,9292.315191,1.0
-8.0,50,9292.885705,1.0
-15.0,50,9293.467906,1.0
-7.0,50,9294.042211,1.0
-13.0,50,9294.618128,1.0
-26.0,50,9295.18552,1.0
-50.0,50,9295.76009,0.0
0.0,50,9296.334574,1.0
-36.0,50,9296.90773,1.0
-19.0,50,9297.479933,1.0
-39.0,50,9298.059959,1.0
-9.0,50,9298.628203,1.0
-17.0,50,9299.198272,1.0
-16.0,50,9299.768637,1.0
-8.0,50,9300.344986,1.0
-30.0,50,9300.910276,1.0
-9.0,50,9301.479936,1.0
-35.0,50,9302.042367,1.0
-18.0,50,9302.621273,1.0
-21.0,50,9303.193839,1.0
-20.0,50,9303.765729,1.0
-13.0,50,9304.336884,1.0
-20.0,50,9307.332484,1.0
-48.0,50,9307.900634,0.0
-19.0,50,9308.471442,1.0
0.0,50,9309.041899,1.0
-15.0,50,9309.626736,1.0
-11.0,50,9310.195216,1.0
-12.0,50,9310.765157,1.0
-13.0,50,9311.334157,1.0
-28.0,50,9311.916214,1.0
-11.0,50,9312.486248,1.0
-50.0,50,9313.057208,0.0
-50.0,50,9313.627633,0.0
-25.0,50,9314.204704,1.0
-11.0,50,9314.773551,1.0
0.0,50,9315.341772,1.0
-23.0,50,9315.914124,1.0
-19.0,50,9316.49459,1.0
-20.0,50,9317.06346,1.0
-37.0,50,9317.627773,1.0
-12.0,50,9318.195448,1.0
-14.0,50,9318.774939,1.0
-10.0,50,9319.341072,1.0
-10.0,50,9319.915627,1.0
-9.0,50,9320.487957,1.0
-20.0,50,9321.070915,1.0
-7.0,50,9321.641034,1.0
-7.0,50,9322.213118,1.0
-12.0,50,9322.782277,1.0
-8.0,50,9323.367687,1.0
-13.0,50,9323.938258,1.0
-13.0,50,9324.516366,1.0
-7.0,50,9325.096342,1.0
-29.0,50,9325.677196,1.0
-21.0,50,9326.247811,1.0
-18.0,50,9326.81854,1.0
-12.0,50,9327.394339,1.0
0.0,50,9327.979538,1.0
-11.0,50,9328.5547,1.0
-10.0,50,9329.128537,1.0
-12.0,50,9329.699556,1.0
-27.0,50,9330.284474,1.0
-7.0,50,9330.860536,1.0
0.0,50,9331.431802,1.0
0.0,50,9332.003646,1.0
-30.0,50,9332.592441,1.0
-9.0,50,9333.165509,1.0
-9.0,50,9333.741357,1.0
-12.0,50,9334.3137,1.0
-15.0,50,9334.897758,1.0
-3.0,50,9335.477413,1.0
-38.0,50,9336.049891,1.0
-12.0,50,9336.623586,1.0
-10.0,50,9337.217046,1.0
-29.0,50,9337.792691,1.0
-11.0,50,9338.367167,1.0
-11.0,50,9338.944823,1.0
-15.0,50,9339.531888,1.0
-19.0,50,9340.107825,1.0
-21.0,50,9340.681778,1.0
-20.0,50,9341.254443,1.0
-19.0,50,9341.8344,1.0
-12.0,50,9342.406984,1.0
-50.0,50,9342.982716,0.0
-12.0,50,9343.556644,1.0
-13.0,50,9344.141555,1.0
-17.0,50,9344.713334,1.0
0.0,50,9345.290002,1.0
-12.0,50,9345.864993,1.0
-11.0,50,9346.443127,1.0
-19.0,50,9347.01403,1.0
-18.0,50,9347.588804,1.0
-3.0,50,9348.16172,1.0
-7.0,50,9348.738066,1.0
-13.0,50,9349.304321,1.0
-46.0,50,9349.873729,0.0
-19.0,50,9350.443683,1.0
-22.0,50,9351.024545,1.0
-15.0,50,9351.599594,1.0
-6.0,50,9352.173201,1.0
-24.0,50,9352.749115,1.0
-17.0,50,9353.333859,1.0
-29.0,50,9353.902727,1.0
-12.0,50,9354.473815,1.0
-16.0,50,9355.046078,1.0
-45.0,50,9355.631428,0.0
-36.0,50,9356.201777,1.0
-23.0,50,9356.774714,1.0
-37.0,50,9357.348425,1.0
-47.0,50,9357.928713,0.0
-16.0,50,9358.500446,1.0
-9.0,50,9359.071785,1.0
-50.0,50,9359.647132,0.0
-5.0,50,9360.229228,1.0
-20.0,50,9360.797297,1.0
-20.0,50,9361.363259,1.0
-49.0,50,9361.926259,0.0
-14.0,50,9362.502908,1.0
-4.0,50,9363.074909,1.0
-15.0,50,9363.647278,1.0
0.0,50,9364.215062,1.0
-11.0,50,9364.793363,1.0
-10.0,50,9365.353931,1.0
-14.0,50,9365.919017,1.0
-11.0,50,9366.482821,1.0
-9.0,50,9367.056537,1.0
-21.0,50,9367.630122,1.0
-10.0,50,9368.198436,1.0
-50.0,50,9368.764132,0.0
-17.0,50,9369.348226,1.0
-15.0,50,9369.92547,1.0
-31.0,50,9370.495953,1.0
-20.0,50,9371.065055,1.0
-21.0,50,9371.644427,1.0
-23.0,50,9372.211395,1.0
-17.0,50,9372.774064,1.0
-14.0,50,9373.345261,1.0
-12.0,50,9373.925389,1.0
-6.0,50,9374.494205,1.0
-12.0,50,9375.056178,1.0
0.0,50,9375.626331,1.0
-25.0,50,9376.206179,1.0
-7.0,50,9376.78194,1.0
-13.0,50,9377.351378,1.0
-11.0,50,9377.923472,1.0
-21.0,50,9378.50649,1.0
-11.0,50,9379.075388,1.0
-8.0,50,9379.64805,1.0
-23.0,50,9380.21634,1.0
-16.0,50,9380.792994,1.0
-15.0,50,9381.36692,1.0
-19.0,50,9381.94209,1.0
-13.0,50,9382.516744,1.0
-31.0,50,9383.102666,1.0
-21.0,50,9383.675228,1.0
-18.0,50,9384.248874,1.0
-7.0,50,9384.822331,1.0
-13.0,50,9385.405792,1.0
-3.0,50,9385.976872,1.0
-7.0,50,9386.54974,1.0
-15.0,50,9387.123804,1.0
-22.0,50,9387.713774,1.0
-24.0,50,9388.28528,1.0
-16.0,50,9388.857215,1.0
-7.0,50,9389.422807,1.0
-12.0,50,9390.001184,1.0
0.0,50,9390.574746,1.0
-50.0,50,9391.148304,0.0
0.0,50,9391.724861,1.0
-50.0,50,9392.302068,0.0
-20.0,50,9392.873125,1.0
-7.0,50,9393.44511,1.0
-9.0,50,9394.017557,1.0
-12.0,50,9394.599395,1.0
0.0,50,9395.173357,1.0
-50.0,50,9395.737665,0.0
-25.0,50,9396.310733,1.0
-14.0,50,9396.89187,1.0
-10.0,50,9397.465233,1.0
-13.0,50,9398.037762,1.0
-25.0,50,9398.61277,1.0
-20.0,50,9399.19824,1.0
-23.0,50,9399.785167,1.0
-26.0,50,9400.355504,1.0
-14.0,50,9400.923478,1.0
-36.0,50,9401.507389,1.0
-50.0,50,9402.077497,0.0
-17.0,50,9402.64964,1.0
-5.0,50,9403.225055,1.0
-13.0,50,9403.808635,1.0
-18.0,50,9404.381702,1.0
-11.0,50,9404.951672,1.0
-16.0,50,9405.520064,1.0
-18.0,50,9406.103122,1.0
-16.0,50,9406.672719,1.0
-22.0,50,9407.242029,1.0
-15.0,50,9407.810456,1.0
-23.0,50,9408.388563,1.0
-17.0,50,9408.963676,1.0
-17.0,50,9409.53212,1.0
-20.0,50,9410.102878,1.0
-20.0,50,9410.680036,1.0
-30.0,50,9411.251466,1.0
-47.0,50,9411.821012,0.0
-28.0,50,9412.395476,1.0
-15.0,50,9412.983166,1.0
-17.0,50,9413.551026,1.0
-2.0,50,9414.126595,1.0
-24.0,50,9414.7023,1.0
0.0,50,9415.284139,1.0
-19.0,50,9415.858052,1.0
-25.0,50,9416.429979,1.0
-23.0,50,9417.004663,1.0
-11.0,50,9417.586721,1.0
-11.0,50,9418.161283,1.0
-9.0,50,9418.734306,1.0
-13.0,50,9419.310264,1.0
-28.0,50,9419.892267,1.0
-10.0,50,9420.468121,1.0
-31.0,50,9421.037882,1.0
-8.0,50,9421.609744,1.0
0.0,50,9424.61451,1.0
-10.0,50,9425.185798,1.0
-33.0,50,9425.763982,1.0
-20.0,50,9426.337655,1.0
-44.0,50,9426.917419,1.0
-41.0,50,9427.483918,1.0
-24.0,50,9428.055623,1.0
-19.0,50,9428.630186,1.0
-29.0,50,9429.216157,1.0
-25.0,50,9429.796557,1.0
-12.0,50,9430.371493,1.0
-15.0,50,9430.94443,1.0
-50.0,50,9431.528948,0.0
0.0,50,9432.102549,1.0
-22.0,50,9432.677726,1.0
-25.0,50,9433.251527,1.0
-14.0,50,9433.834239,1.0
-12.0,50,9434.408162,1.0
-24.0,50,9434.98043,1.0
-27.0,50,9435.554702,1.0
-50.0,50,9436.136467,0.0
-7.0,50,9436.711586,1.0
-16.0,50,9437.283965,1.0
-23.0,50,9437.854263,1.0
-11.0,50,9438.438889,1.0
-13.0,50,9439.017152,1.0
-9.0,50,9439.58993,1.0
-17.0,50,9440.167297,1.0
-9.0,50,9440.757265,1.0
-11.0,50,9441.329629,1.0
-15.0,50,9441.905303,1.0
-29.0,50,9442.477602,1.0
-21.0,50,9443.063322,1.0
-10.0,50,9443.632938,1.0
-18.0,50,9444.208681,1.0
-16.0,50,9444.785318,1.0
-27.0,50,9445.368209,1.0
-17.0,50,9445.940962,1.0
-8.0,50,9446.509756,1.0
-10.0,50,9447.086233,1.0
-50.0,50,9447.658923,0.0
-13.0,50,9448.233739,1.0
-13.0,50,9448.813914,1.0
-19.0,50,9449.387421,1.0
-14.0,50,9449.971637,1.0
-16.0,50,9450.546853,1.0
-14.0,50,9451.119267,1.0
-15.0,50,9451.689562,1.0
-10.0,50,9452.266858,1.0
-8.0,50,9452.827912,1.0
-10.0,50,9453.400319,1.0
-11.0,50,9453.969327,1.0
-16.0,50,9454.551724,1.0
-46.0,50,9455.112632,0.0
-23.0,50,9455.678542,1.0
-17.0,50,9456.250211,1.0
-13.0,50,9456.826803,1.0
-18.0,50,9457.394723,1.0
-9.0,50,9457.962711,1.0
-12.0,50,9458.536335,1.0
-11.0,50,9459.127974,1.0
-16.0,50,9459.710314,1.0
-6.0,50,9460.282601,1.0
-50.0,50,9460.848608,0.0
-34.0,50,9461.430964,1.0
-5.0,50,9462.00579,1.0
-17.0,50,9462.581467,1.0
-39.0,50,9463.157498,1.0
-14.0,50,9463.742719,1.0
-31.0,50,9464.320492,1.0
-17.0,50,9464.890714,1.0
-13.0,50,9465.468597,1.0
-17.0,50,9466.053583,1.0
-12.0,50,9466.625459,1.0
-24.0,50,9467.203469,1.0
-11.0,50,9467.77601,1.0
-14.0,50,9468.356772,1.0
-28.0,50,9468.929538,1.0
-8.0,50,9469.505173,1.0
-12.0,50,9470.072166,1.0
-21.0,50,9470.652141,1.0
-15.0,50,9471.22513,1.0
-16.0,50,9471.795529,1.0
-13.0,50,9472.36466,1.0
-12.0,50,9472.945681,1.0
-38.0,50,9473.514097,1.0
-15.0,50,9474.088676,1.0
-15.0,50,9474.663057,1.0
-11.0,50,9475.242532,1.0
-26.0,50,9475.812069,1.0
-19.0,50,9476.382185,1.0
-6.0,50,9476.954988,1.0
0.0,50,9477.532686,1.0
-21.0,50,9478.107644,1.0
-11.0,50,9478.681692,1.0
-13.0,50,9479.248191,1.0
-36.0,50,9479.820985,1.0
-15.0,50,9480.384332,1.0
-12.0,50,9480.952496,1.0
-10.0,50,9481.518337,1.0
-11.0,50,9482.099342,1.0
-12.0,50,9482.670196,1.0
-23.0,50,9483.242284,1.0
-13.0,50,9483.814898,1.0
-15.0,50,9484.389756,1.0
-12.0,50,9484.96232,1.0
0.0,50,9485.536427,1.0
-8.0,50,9486.110827,1.0
-14.0,50,9486.686208,1.0
-12.0,50,9487.252293,1.0
-24.0,50,9487.826298,1.0
-21.0,50,9488.3966,1.0
-9.0,50,9488.980089,1.0
-50.0,50,9489.568059,0.0
0.0,50,9490.143237,1.0
-26.0,50,9490.714779,1.0
-30.0,50,9491.296524,1.0
-33.0,50,9491.870179,1.0
-15.0,50,9492.440323,1.0
-21.0,50,9493.01263,1.0
-50.0,50,9493.591786,0.0
-10.0,50,9494.167316,1.0
-12.0,50,9494.740527,1.0
-7.0,50,9495.316782,1.0
-10.0,50,9495.899698,1.0
-12.0,50,9496.473433,1.0
-43.0,50,9497.043136,0.0
-16.0,50,9497.615057,1.0
-17.0,50,9498.196944,1.0
-18.0,50,9498.765874,1.0
-8.0,50,9499.343037,1.0
-14.0,50,9499.917186,1.0
-23.0,50,9500.494742,1.0
-18.0,50,9501.070845,1.0
-20.0,50,9501.642913,1.0
-7.0,50,9502.221633,1.0
-11.0,50,9502.798662,1.0
-23.0,50,9503.373677,1.0
-9.0,50,9503.941221,1.0
-14.0,50,9504.518869,1.0
-15.0,50,9505.112201,1.0
-50.0,50,9505.687182,0.0
-8.0,50,9506.261537,1.0
-20.0,50,9506.834824,1.0
-50.0,50,9507.41677,0.0
-21.0,50,9507.989518,1.0
-6.0,50,9508.564395,1.0
-40.0,50,9509.135842,1.0
-10.0,50,9509.718508,1.0
-19.0,50,9510.29384,1.0
-15.0,50,9510.865625,1.0
-21.0,50,9511.437197,1.0
-19.0,50,9512.019507,1.0
0.0,50,9512.592762,1.0
-10.0,50,9513.164635,1.0
-16.0,50,9513.738869,1.0
-24.0,50,9514.319382,1.0
-5.0,50,9514.897442,1.0
-43.0,50,9515.463405,0.0
-21.0,50,9516.03917,1.0
-17.0,50,9516.620528,1.0
-17.0,50,9517.194497,1.0
-50.0,50,9517.767721,0.0
-49.0,50,9518.342569,0.0
-17.0,50,9518.923863,1.0
-17.0,50,9519.499135,1.0
-20.0,50,9520.08025,1.0
-10.0,50,9520.652261,1.0
-50.0,50,9521.232727,0.0
-19.0,50,9521.807683,1.0
0.0,50,9522.379345,1.0
-26.0,50,9522.954315,1.0
-8.0,50,9523.535695,1.0
-50.0,50,9524.104991,0.0
-13.0,50,9524.671741,1.0
-9.0,50,9525.247871,1.0
-24.0,50,9525.828914,1.0
-12.0,50,9526.404039,1.0
-13.0,50,9526.977205,1.0
-13.0,50,9527.543458,1.0
-45.0,50,9528.116532,0.0
-16.0,50,9528.676904,1.0
-50.0,50,9529.241713,0.0
-12.0,50,9529.80572,1.0
0.0,50,9530.381387,1.0
-16.0,50,9530.93999,1.0
-14.0,50,9531.501881,1.0
-20.0,50,9532.064799,1.0
-24.0,50,9532.639836,1.0
-50.0,50,9533.202173,0.0
-39.0,50,9533.767676,1.0
-22.0,50,9534.328538,1.0
-6.0,50,9534.897284,1.0
-21.0,50,9535.461944,1.0
-30.0,50,9536.018944,1.0
-26.0,50,9536.578901,1.0
-6.0,50,9537.152911,1.0
-9.0,50,9537.714848,1.0
-21.0,50,9538.274755,1.0
-12.0,50,9538.835678,1.0
-14.0,50,9541.720899,1.0
-18.0,50,9542.276911,1.0
-15.0,50,9542.836066,1.0
-17.0,50,9543.394938,1.0
-12.0,50,9543.964141,1.0
-17.0,50,9544.523788,1.0
-50.0,50,9545.08331,0.0
-11.0,50,9545.642299,1.0
-20.0,50,9546.211117,1.0
-19.0,50,9546.770783,1.0
-15.0,50,9547.335752,1.0
0.0,50,9547.905466,1.0
-13.0,50,9548.485722,1.0
-15.0,50,9549.056315,1.0
-18.0,50,9549.64349,1.0
0.0,50,9550.213832,1.0
-15.0,50,9550.789969,1.0
-18.0,50,9551.357738,1.0
-11.0,50,9551.926716,1.0
-40.0,50,9552.496436,1.0
0.0,50,9553.080654,1.0
-14.0,50,9553.652994,1.0
-21.0,50,9554.224629,1.0
-20.0,50,9554.794894,1.0
-13.0,50,9555.372097,1.0
-11.0,50,9555.943801,1.0
-13.0,50,9556.510156,1.0
0.0,50,9557.074224,1.0
-5.0,50,9557.649369,1.0
-26.0,50,9558.214922,1.0
-33.0,50,9558.774475,1.0
-18.0,50,9559.335028,1.0
0.0,50,9559.907207,1.0
-19.0,50,9560.466584,1.0
0.0,50,9561.028099,1.0
-33.0,50,9561.592331,1.0
-49.0,50,9562.16525,1.0
-18.0,50,9562.728308,1.0
-13.0,50,9563.292296,1.0
-13.0,50,9563.851324,1.0
-8.0,50,9564.428712,1.0
-15.0,50,9564.990918,1.0
-14.0,50,9565.548166,1.0
-15.0,50,9566.110862,1.0
-21.0,50,9566.68275,1.0
-7.0,50,9567.247366,1.0
-11.0,50,9567.808232,1.0
-15.0,50,9568.366051,1.0
0.0,50,9568.932828,1.0
-8.0,50,9569.492963,1.0
-16.0,50,9570.05319,1.0
-8.0,50,9570.615062,1.0
-14.0,50,9571.185913,1.0
-15.0,50,9571.746024,1.0
-20.0,50,9572.306805,1.0
-21.0,50,9572.876445,1.0
-26.0,50,9573.458509,1.0
-23.0,50,9574.031785,1.0
0.0,50,9574.599161,1.0
-29.0,50,9575.169534,1.0
-19.0,50,9575.765254,1.0
-49.0,50,9576.342036,1.0
-20.0,50,9576.914928,1.0
-19.0,50,9577.487728,1.0
-30.0,50,9578.070517,1.0
-31.0,50,9578.636838,1.0
-4.0,50,9579.210383,1.0
-34.0,50,9579.795064,1.0
-31.0,50,9580.372991,1.0
-20.0,50,9580.945019,1.0
-12.0,50,9581.524148,1.0
-10.0,50,9582.100316,1.0
-14.0,50,9582.679982,1.0
-15.0,50,9583.246714,1.0
-9.0,50,9583.823851,1.0
-13.0,50,9584.396982,1.0
-26.0,50,9584.978954,1.0
0.0,50,9585.552453,1.0
-26.0,50,9586.127841,1.0
0.0,50,9586.706813,1.0
-16.0,50,9587.288065,1.0
-12.0,50,9587.860489,1.0
-16.0,50,9588.42091,1.0
0.0,50,9588.991785,1.0
-6.0,50,9589.570315,1.0
-13.0,50,9590.13902,1.0
-19.0,50,9590.711548,1.0
-12.0,50,9591.282015,1.0
0.0,50,9591.86606,1.0
-8.0,50,9592.435389,1.0
-17.0,50,9593.000993,1.0
-11.0,50,9593.575336,1.0
-14.0,50,9594.146907,1.0
-8.0,50,9594.708336,1.0
-19.0,50,9595.270214,1.0
-35.0,50,9595.829545,1.0
-5.0,50,9596.41004,1.0
-13.0,50,9596.980558,1.0
0.0,50,9597.55543,1.0
-16.0,50,9598.123512,1.0
-30.0,50,9598.698343,1.0
-17.0,50,9599.274458,1.0
-8.0,50,9599.853239,1.0
-6.0,50,9600.423571,1.0
-26.0,50,9601.003055,1.0
-22.0,50,9601.575141,1.0
-11.0,50,9602.145119,1.0
-29.0,50,9602.707608,0.0
-10.0,50,9603.28713,1.0
0.0,50,9603.851267,1.0
-14.0,50,9604.414369,1.0
-10.0,50,9604.981853,1.0
0.0,50,9605.555315,1.0
-14.0,50,9606.122873,1.0
-8.0,50,9606.692312,1.0
-32.0,50,9607.258395,1.0
-13.0,50,9607.841113,1.0
0.0,50,9608.41335,1.0
-30.0,50,9608.984184,1.0
-20.0,50,9609.56042,1.0
-6.0,50,9610.139466,1.0
-11.0,50,9610.706115,1.0
-50.0,50,9611.273359,0.0
-22.0,50,9611.838333,1.0
-34.0,50,9612.421137,1.0
-16.0,50,9612.985254,1.0
0.0,50,9613.546738,1.0
-20.0,50,9614.114285,1.0
-15.0,50,9614.69224,1.0
-16.0,50,9615.263035,1.0
-13.0,50,9615.831022,1.0
-20.0,50,9616.397078,1.0
0.0,50,9616.974849,1.0
-29.0,50,9617.541026,1.0
-6.0,50,9618.115113,1.0
-21.0,50,9618.686395,1.0
-46.0,50,9619.258044,0.0
-8.0,50,9619.830194,1.0
-13.0,50,9620.394359,1.0
-17.0,50,9620.960234,1.0
-16.0,50,9621.532444,1.0
-11.0,50,9622.103852,1.0
-7.0,50,9622.672268,1.0
-8.0,50,9623.24115,1.0
-22.0,50,9623.820914,1.0
-12.0,50,9624.390271,1.0
0.0,50,9624.955183,1.0
-2.0,50,9625.528479,1.0
-14.0,50,9626.104662,1.0
-8.0,50,9626.669234,1.0
-18.0,50,9627.239917,1.0
-4.0,50,9627.809371,1.0
-19.0,50,9628.386122,1.0
-9.0,50,9628.956238,1.0
-20.0,50,9629.521482,1.0
-12.0,50,9630.089451,1.0
-16.0,50,9630.667016,1.0
-14.0,50,9631.233349,1.0
-24.0,50,9631.800603,1.0
-31.0,50,9632.367152,1.0
-22.0,50,9632.946448,1.0
-26.0,50,9633.510311,1.0
-12.0,50,9634.075499,1.0
0.0,50,9634.64538,1.0
-35.0,50,9635.221469,1.0
-11.0,50,9635.79242,1.0
-11.0,50,9636.363252,1.0
-22.0,50,9636.931404,1.0
-17.0,50,9637.512578,1.0
-10.0,50,9638.081475,1.0
-17.0,50,9638.652859,1.0
0.0,50,9639.224376,1.0
-47.0,50,9639.809891,1.0
-17.0,50,9640.379054,1.0
-27.0,50,9640.9484,1.0
-32.0,50,9641.518342,1.0
-14.0,50,9642.094337,1.0
-12.0,50,9642.65925,1.0
-15.0,50,9643.223157,1.0
-13.0,50,9643.791359,1.0
-2.0,50,9644.36228,1.0
-7.0,50,9644.934548,1.0
-13.0,50,9645.499503,1.0
-21.0,50,9646.063785,1.0
-14.0,50,9646.659981,1.0
-19.0,50,9647.223123,1.0
-19.0,50,9647.791368,1.0
-10.0,50,9648.36164,1.0
-15.0,50,9648.941573,1.0
-50.0,50,9649.515406,0.0
-37.0,50,9650.087855,1.0
-21.0,50,9650.65811,1.0
-13.0,50,9651.243376,1.0
-16.0,50,9651.812576,1.0
-16.0,50,9652.386252,1.0
-14.0,50,9652.954246,1.0
-26.0,50,9653.534871,1.0
-50.0,50,9654.109944,0.0
-12.0,50,9654.686304,1.0
-11.0,50,9655.260498,1.0
-24.0,50,9658.246289,1.0
-12.0,50,9658.814389,1.0
-14.0,50,9659.390726,1.0
-16.0,50,9659.967315,1.0
-10.0,50,9660.547321,1.0
-11.0,50,9661.118286,1.0
0.0,50,9661.690235,1.0
-36.0,50,9662.262608,1.0
-26.0,50,9662.842956,1.0
-7.0,50,9663.414861,1.0
-20.0,50,9663.987061,1.0
-12.0,50,9664.560605,1.0
-6.0,50,9665.142803,1.0
-18.0,50,9665.713598,1.0
-12.0,50,9666.283298,1.0
-12.0,50,9666.851088,1.0
-13.0,50,9667.426182,1.0
-20.0,50,9667.998945,1.0
-19.0,50,9668.571615,1.0
-19.0,50,9669.14974,1.0
-18.0,50,9669.743727,1.0
-7.0,50,9670.317081,1.0
-47.0,50,9670.888415,0.0
-15.0,50,9671.461406,1.0
-29.0,50,9672.045347,1.0
-10.0,50,9672.617464,1.0
-18.0,50,9673.185967,1.0
-14.0,50,9673.754484,1.0
-11.0,50,9674.331495,1.0
-44.0,50,9674.901709,0.0
-16.0,50,9675.470404,1.0
0.0,50,9676.030909,1.0
0.0,50,9676.601002,1.0
-9.0,50,9677.161902,1.0
-14.0,50,9677.723357,1.0
0.0,50,9678.286391,1.0
0.0,50,9678.858488,1.0
-5.0,50,9679.424639,1.0
-11.0,50,9679.988166,1.0
-19.0,50,9680.550338,1.0
-9.0,50,9681.124742,1.0
-19.0,50,9681.68514,1.0
-9.0,50,9682.247075,1.0
-16.0,50,9682.808492,1.0
-5.0,50,9683.383449,1.0
-12.0,50,9683.940004,1.0
-36.0,50,9684.501218,0.0
-19.0,50,9685.064002,1.0
-15.0,50,9685.635718,1.0
-11.0,50,9686.197619,1.0
-9.0,50,9686.756615,1.0
-11.0,50,9687.319517,1.0
0.0,50,9687.880983,1.0
-16.0,50,9688.441439,1.0
-16.0,50,9689.00459,1.0
-18.0,50,9689.561565,1.0
-13.0,50,9690.131655,1.0
-26.0,50,9690.691297,1.0
0.0,50,9691.249461,1.0
-45.0,50,9691.807774,1.0
-22.0,50,9692.374738,1.0
-11.0,50,9692.93255,1.0
-9.0,50,9693.491436,1.0
-7.0,50,9694.058617,1.0
-5.0,50,9694.63056,1.0
-12.0,50,9695.197253,1.0
-11.0,50,9695.761635,1.0
-22.0,50,9696.325478,1.0
-9.0,50,9696.898786,1.0
-19.0,50,9697.457508,1.0
-13.0,50,9698.030235,1.0
-12.0,50,9698.602635,1.0
-15.0,50,9699.188411,1.0
-42.0,50,9699.766144,1.0
-10.0,50,9700.335738,1.0
-24.0,50,9700.902124,1.0
-27.0,50,9701.482919,1.0
-15.0,50,9702.049758,1.0
-16.0,50,9702.617443,1.0
-14.0,50,9703.18582,1.0
-19.0,50,9703.761551,1.0
-8.0,50,9704.330182,1.0
-38.0,50,9704.897629,1.0
-22.0,50,9705.470239,1.0
-37.0,50,9706.049754,1.0
-8.0,50,9706.620709,1.0
-19.0,50,9707.190773,1.0
-45.0,50,9707.755914,1.0
-16.0,50,9708.329644,1.0
-14.0,50,9708.890354,1.0
-50.0,50,9709.449608,0.0
-24.0,50,9710.017609,0.0
-8.0,50,9710.595885,1.0
-13.0,50,9711.164938,1.0
-28.0,50,9711.735709,1.0
-11.0,50,9712.304423,1.0
-50.0,50,9712.882051,0.0
-50.0,50,9713.455348,0.0
0.0,50,9714.02973,1.0
-21.0,50,9714.600053,1.0
-50.0,50,9715.182248,0.0
-16.0,50,9715.753811,1.0
-12.0,50,9716.325525,1.0
0.0,50,9716.898899,1.0
-23.0,50,9717.47804,1.0
-8.0,50,9718.045574,1.0
-15.0,50,9718.615115,1.0
-10.0,50,9719.180774,1.0
-10.0,50,9719.763123,1.0
-10.0,50,9720.336352,1.0
0.0,50,9720.908048,1.0
-50.0,50,9721.482394,0.0
-14.0,50,9722.062612,1.0
-3.0,50,9722.63513,1.0
-9.0,50,9723.200064,1.0
0.0,50,9723.76373,1.0
-19.0,50,9724.334298,1.0
-23.0,50,9724.896822,1.0
-16.0,50,9725.459287,1.0
-11.0,50,9726.021144,1.0
-8.0,50,9726.592486,1.0
-18.0,50,9727.154557,1.0
-23.0,50,9727.713108,1.0
-11.0,50,9728.273364,1.0
-11.0,50,9728.851678,1.0
-20.0,50,9729.412221,1.0
-13.0,50,9729.982897,1.0
-13.0,50,9730.543667,1.0
-50.0,50,9731.113544,0.0
-13.0,50,9731.676506,1.0
-7.0,50,9732.233617,1.0
-11.0,50,9732.797638,1.0
-17.0,50,9733.377923,1.0
-21.0,50,9733.952399,1.0
-11.0,50,9734.531007,1.0
-16.0,50,9735.105752,1.0
-14.0,50,9735.689463,1.0
-14.0,50,9736.263281,1.0
-13.0,50,9736.837113,1.0
-16.0,50,9737.413001,1.0
-13.0,50,9737.989717,1.0
-47.0,50,9738.563256,1.0
-18.0,50,9739.1362,1.0
-22.0,50,9739.710562,1.0
-12.0,50,9740.294017,1.0
-12.0,50,9740.861854,1.0
-15.0,50,9741.435044,1.0
-22.0,50,9742.010376,1.0
-6.0,50,9742.590255,1.0
-7.0,50,9743.157508,1.0
-7.0,50,9743.736248,1.0
-21.0,50,9744.310294,1.0
-15.0,50,9744.892771,1.0
-10.0,50,9745.465487,1.0
-22.0,50,9746.038747,1.0
-19.0,50,9746.615086,1.0
-17.0,50,9747.19865,1.0
-14.0,50,9747.773939,1.0
-9.0,50,9748.348539,1.0
-19.0,50,9748.928941,1.0
-13.0,50,9749.512705,1.0
-18.0,50,9750.082748,1.0
-7.0,50,9750.655507,1.0
-11.0,50,9751.226679,1.0
-26.0,50,9751.810045,1.0
-19.0,50,9752.377831,1.0
-6.0,50,9752.951903,1.0
-15.0,50,9753.526534,1.0
-14.0,50,9754.110656,1.0
-11.0,50,9754.680779,1.0
-17.0,50,9755.25252,1.0
-40.0,50,9755.826702,1.0
-10.0,50,9756.415002,1.0
-10.0,50,9756.988238,1.0
-14.0,50,9757.560886,1.0
-18.0,50,9758.134059,1.0
-15.0,50,9758.716679,1.0
-9.0,50,9759.292715,1.0
-18.0,50,9759.879257,1.0
-41.0,50,9760.453551,1.0
-11.0,50,9761.034212,1.0
-21.0,50,9761.608503,1.0
-24.0,50,9762.178566,1.0
-16.0,50,9762.75897,1.0
-23.0,50,9763.340494,1.0
-42.0,50,9763.909979,0.0
-15.0,50,9764.485415,1.0
-26.0,50,9765.058929,1.0
-7.0,50,9765.642648,1.0
-17.0,50,9766.213559,1.0
-16.0,50,9766.787763,1.0
-12.0,50,9767.361449,1.0
-5.0,50,9767.940139,1.0
-9.0,50,9768.511388,1.0
-16.0,50,9769.084124,1.0
-15.0,50,9769.657368,1.0
-13.0,50,9770.23346,1.0
-17.0,50,9770.800664,1.0
-11.0,50,9771.370766,1.0
-17.0,50,9771.938223,1.0
-17.0,50,9774.941302,1.0
-7.0,50,9775.512006,1.0
-24.0,50,9776.082161,1.0
-29.0,50,9776.652393,1.0
-9.0,50,9777.232277,1.0
-10.0,50,9777.800991,1.0
-18.0,50,9778.369315,1.0
-21.0,50,9778.936969,1.0
-15.0,50,9779.51501,1.0
-19.0,50,9780.084912,1.0
0.0,50,9780.656532,1.0
-35.0,50,9781.227513,1.0
-8.0,50,9781.807036,1.0
-12.0,50,9782.38157,1.0
-8.0,50,9782.95435,1.0
-29.0,50,9783.523611,1.0
-20.0,50,9784.111171,1.0
-11.0,50,9784.681392,1.0
-50.0,50,9785.251015,0.0
-18.0,50,9785.82048,1.0
-20.0,50,9786.401119,1.0
-9.0,50,9786.975002,1.0
-22.0,50,9787.545576,1.0
0.0,50,9788.113958,1.0
0.0,50,9788.693334,1.0
-17.0,50,9789.267619,1.0
-17.0,50,9789.85351,1.0
-9.0,50,9790.419707,1.0
-11.0,50,9790.997831,1.0
-50.0,50,9791.56381,0.0
-13.0,50,9792.129777,1.0
-12.0,50,9792.698327,1.0
0.0,50,9793.279823,1.0
-11.0,50,9793.850039,1.0
-17.0,50,9794.42288,1.0
-12.0,50,9794.994962,1.0
-10.0,50,9795.572321,1.0
-10.0,50,9796.139006,1.0
-50.0,50,9796.697476,0.0
-31.0,50,9797.268812,1.0
-16.0,50,9797.844754,1.0
-24.0,50,9798.411594,1.0
-31.0,50,9798.976589,1.0
0.0,50,9799.545636,1.0
-9.0,50,9800.132226,1.0
-17.0,50,9800.696915,1.0
-16.0,50,9801.259374,1.0
-11.0,50,9801.829793,1.0
-14.0,50,9802.406835,1.0
-13.0,50,9802.977112,1.0
-15.0,50,9803.546854,1.0
-13.0,50,9804.112093,1.0
0.0,50,9804.689208,1.0
-7.0,50,9805.261754,1.0
-36.0,50,9805.829441,1.0
-23.0,50,9806.39771,1.0
-17.0,50,9806.967787,1.0
-20.0,50,9807.537198,1.0
-12.0,50,9808.106375,1.0
-12.0,50,9808.676892,1.0
-16.0,50,9809.257771,1.0
-23.0,50,9809.827928,1.0
-14.0,50,9810.399786,1.0
0.0,50,9810.971053,1.0
-5.0,50,9811.547987,1.0
-10.0,50,9812.118763,1.0
-13.0,50,9812.690571,1.0
-21.0,50,9813.257524,1.0
-19.0,50,9813.83547,1.0
-14.0,50,9814.406263,1.0
-12.0,50,9814.973502,1.0
-9.0,50,9815.545964,1.0
-15.0,50,9816.124601,1.0
-24.0,50,9816.692602,1.0
-13.0,50,9817.261033,1.0
0.0,50,9817.824381,1.0
0.0,50,9818.400793,1.0
-10.0,50,9818.969984,1.0
-29.0,50,9819.548896,1.0
-7.0,50,9820.120002,1.0
-7.0,50,9820.702751,1.0
-25.0,50,9821.274383,1.0
-19.0,50,9821.839317,1.0
-17.0,50,9822.400665,1.0
-10.0,50,9822.970361,1.0
-12.0,50,9823.536498,1.0
-9.0,50,9824.111893,1.0
-7.0,50,9824.679839,1.0
-3.0,50,9825.252202,1.0
-14.0,50,9825.812309,1.0
-14.0,50,9826.376717,1.0
-17.0,50,9826.936133,1.0
-15.0,50,9827.506063,1.0
-9.0,50,9828.06626,1.0
-6.0,50,9828.62952,1.0
-8.0,50,9829.191138,1.0
-24.0,50,9829.767171,1.0
-13.0,50,9830.332736,1.0
-13.0,50,9830.895413,1.0
-12.0,50,9831.458276,1.0
-36.0,50,9832.034493,1.0
-13.0,50,9832.602522,1.0
-9.0,50,9833.16513,1.0
-20.0,50,9833.730544,1.0
-30.0,50,9834.300236,1.0
0.0,50,9834.866954,1.0
-32.0,50,9835.428453,1.0
-18.0,50,9835.994774,1.0
-13.0,50,9836.566977,1.0
0.0,50,9837.130875,1.0
0.0,50,9837.696963,1.0
-29.0,50,9838.258528,1.0
-19.0,50,9838.832792,1.0
-23.0,50,9839.395426,1.0
-42.0,50,9839.958267,1.0
-13.0,50,9840.521818,1.0
0.0,50,9841.094672,1.0
-10.0,50,9841.658885,1.0
-32.0,50,9842.219584,1.0
-20.0,50,9842.785505,1.0
-13.0,50,9843.356434,1.0
-24.0,50,9843.920033,1.0
-36.0,50,9844.483614,1.0
-32.0,50,9845.047385,1.0
-16.0,50,9845.618686,1.0
-10.0,50,9846.18349,1.0
-18.0,50,9846.743365,1.0
-17.0,50,9847.303308,1.0
-17.0,50,9847.876742,1.0
-16.0,50,9848.442503,1.0
-17.0,50,9849.013274,1.0
-9.0,50,9849.604226,1.0
0.0,50,9850.187203,1.0
-13.0,50,9850.76375,1.0
-11.0,50,9851.338582,1.0
-12.0,50,9851.914079,1.0
-8.0,50,9852.496884,1.0
-11.0,50,9853.069641,1.0
-13.0,50,9853.643776,1.0
0.0,50,9854.217496,1.0
-18.0,50,9854.804692,1.0
-50.0,50,9855.378361,0.0
-10.0,50,9855.954192,1.0
-12.0,50,9856.528195,1.0
-16.0,50,9857.110821,1.0
0.0,50,9857.68801,1.0
0.0,50,9858.262323,1.0
-14.0,50,9858.836085,1.0
0.0,50,9859.414821,1.0
-20.0,50,9859.985222,1.0
0.0,50,9860.556421,1.0
-14.0,50,9861.126956,1.0
-36.0,50,9861.704392,1.0
-7.0,50,9862.277499,1.0
-18.0,50,9862.849597,1.0
-8.0,50,9863.414451,1.0
-9.0,50,9863.995495,1.0
-18.0,50,9864.564719,1.0
-16.0,50,9865.132456,1.0
-37.0,50,9865.694477,1.0
-4.0,50,9866.2766,1.0
-20.0,50,9866.845793,1.0
-24.0,50,9867.414066,1.0
-12.0,50,9867.981689,1.0
-21.0,50,9868.557759,1.0
0.0,50,9869.126642,1.0
0.0,50,9869.695527,1.0
-15.0,50,9870.261985,1.0
-17.0,50,9870.840626,1.0
-33.0,50,9871.405127,1.0
-37.0,50,9871.972959,0.0
-6.0,50,9872.538572,1.0
-50.0,50,9873.12164,0.0
-11.0,50,9873.692466,1.0
0.0,50,9874.259748,1.0
-18.0,50,9874.827581,1.0
-20.0,50,9875.4062,1.0
0.0,50,9875.977939,1.0
-10.0,50,9876.55008,1.0
-12.0,50,9877.119793,1.0
-43.0,50,9877.695567,1.0
-21.0,50,9878.260255,1.0
0.0,50,9878.832027,1.0
-15.0,50,9879.406031,1.0
-15.0,50,9879.99526,1.0
-15.0,50,9880.56231,1.0
-10.0,50,9881.132293,1.0
-24.0,50,9881.696877,1.0
-11.0,50,9882.276659,1.0
-40.0,50,9882.846648,0.0
-17.0,50,9883.415278,1.0
-36.0,50,9883.980367,1.0
-11.0,50,9884.555151,1.0
-9.0,50,9885.124348,1.0
-20.0,50,9885.69257,1.0
-26.0,50,9886.262274,1.0
-45.0,50,9886.839789,0.0
-12.0,50,9887.405548,1.0
-15.0,50,9887.973671,1.0
-19.0,50,9888.541425,1.0
-17.0,50,9891.542229,1.0
-16.0,50,9892.110995,1.0
-13.0,50,9892.676781,1.0
-13.0,50,9893.239597,1.0
-36.0,50,9893.813846,1.0
-12.0,50,9894.378854,1.0
-50.0,50,9894.936201,0.0
-24.0,50,9895.495953,1.0
-12.0,50,9896.066138,1.0
-46.0,50,9896.622362,1.0
-15.0,50,9897.185854,1.0
-22.0,50,9897.747436,1.0
-25.0,50,9898.317026,1.0
-7.0,50,9898.881695,1.0
-15.0,50,9899.439198,1.0
-15.0,50,9899.999403,1.0
-7.0,50,9900.56287,1.0
-17.0,50,9901.124215,1.0
-11.0,50,9901.683115,1.0
-11.0,50,9902.250586,1.0
-30.0,50,9902.820769,1.0
-23.0,50,9903.381314,1.0
-9.0,50,9903.941116,1.0
-17.0,50,9904.504005,1.0
-16.0,50,9905.074341,1.0
-19.0,50,9905.640211,1.0
0.0,50,9906.202915,1.0
-12.0,50,9906.764147,1.0
-10.0,50,9907.329403,1.0
-14.0,50,9907.88858,1.0
-29.0,50,9908.44923,1.0
-16.0,50,9909.010097,1.0
-10.0,50,9909.594457,1.0
-16.0,50,9910.154792,1.0
-16.0,50,9910.714015,1.0
-16.0,50,9911.271574,1.0
-18.0,50,9911.843421,1.0
-39.0,50,9912.410093,1.0
-3.0,50,9912.970305,1.0
-31.0,50,9913.529192,1.0
-11.0,50,9914.098577,1.0
-15.0,50,9914.661909,1.0
-10.0,50,9915.219058,1.0
-15.0,50,9915.780116,1.0
-19.0,50,9916.35332,1.0
-2.0,50,9916.91888,1.0
-19.0,50,9917.483464,1.0
-9.0,50,9918.047939,1.0
-12.0,50,9918.618407,1.0
-12.0,50,9919.176321,1.0
-10.0,50,9919.742097,1.0
-30.0,50,9920.299196,1.0
-13.0,50,9920.869536,1.0
-12.0,50,9921.430181,1.0
-32.0,50,9921.998388,1.0
-24.0,50,9922.559399,1.0
-11.0,50,9923.127439,1.0
-9.0,50,9923.691099,1.0
-19.0,50,9924.250222,1.0
-8.0,50,9924.82255,1.0
-31.0,50,9925.403392,1.0
-14.0,50,9925.970653,1.0
-50.0,50,9926.544124,0.0
-36.0,50,9927.115515,1.0
-5.0,50,9927.697772,1.0
-20.0,50,9928.267808,1.0
-26.0,50,9928.838271,1.0
-9.0,50,9929.410423,1.0
-14.0,50,9929.985717,1.0
-7.0,50,9930.566111,1.0
-8.0,50,9931.140633,1.0
-26.0,50,9931.710545,1.0
-17.0,50,9932.294392,1.0
-8.0,50,9932.870508,1.0
-17.0,50,9933.444288,1.0
-15.0,50,9934.013186,1.0
-17.0,50,9934.59147,1.0
-10.0,50,9935.161429,1.0
-23.0,50,9935.726125,1.0
-6.0,50,9936.289325,1.0
-9.0,50,9936.861007,1.0
-11.0,50,9937.432132,1.0
-8.0,50,9938.004415,1.0
-27.0,50,9938.575007,1.0
-20.0,50,9939.156339,1.0
-15.0,50,9939.737193,1.0
-25.0,50,9940.305515,1.0
-27.0,50,9940.877469,1.0
-9.0,50,9941.460294,1.0
-18.0,50,9942.031023,1.0
-20.0,50,9942.601263,1.0
-23.0,50,9943.174083,1.0
-13.0,50,9943.745857,1.0
-15.0,50,9944.304176,1.0
-21.0,50,9944.866362,1.0
0.0,50,9945.426461,1.0
-9.0,50,9945.993772,1.0
-29.0,50,9946.552197,1.0
-26.0,50,9947.109374,1.0
-10.0,50,9947.669631,1.0
-10.0,50,9948.243096,1.0
-12.0,50,9948.807693,1.0
-17.0,50,9949.372347,1.0
-9.0,50,9949.938896,1.0
-15.0,50,9950.515416,1.0
0.0,50,9951.084562,1.0
-17.0,50,9951.656684,1.0
-14.0,50,9952.229826,1.0
-15.0,50,9952.80527,1.0
-19.0,50,9953.374674,1.0
-10.0,50,9953.945487,1.0
0.0,50,9954.515461,1.0
-12.0,50,9955.095507,1.0
-12.0,50,9955.664509,1.0
-24.0,50,9956.239958,1.0
-13.0,50,9956.815241,1.0
-7.0,50,9957.393955,1.0
-26.0,50,9957.968924,1.0
-11.0,50,9958.542525,1.0
-10.0,50,9959.115222,1.0
-12.0,50,9959.699788,1.0
-17.0,50,9960.271529,1.0
-33.0,50,9960.843417,1.0
-10.0,50,9961.422472,1.0
-16.0,50,9962.003708,1.0
-15.0,50,9962.569892,1.0
-14.0,50,9963.139611,1.0
-14.0,50,9963.714805,1.0
-16.0,50,9964.29839,1.0
0.0,50,9964.872429,1.0
-17.0,50,9965.439078,1.0
-36.0,50,9966.007189,1.0
-37.0,50,9966.586573,1.0
-15.0,50,9967.163296,1.0
-10.0,50,9967.738895,1.0
-12.0,50,9968.31229,1.0
-13.0,50,9968.895401,1.0
-46.0,50,9969.467912,0.0
-18.0,50,9970.047625,1.0
-26.0,50,9970.619492,1.0
-15.0,50,9971.202441,1.0
-21.0,50,9971.77516,1.0
-7.0,50,9972.346402,1.0
-30.0,50,9972.918666,1.0
-29.0,50,9973.494617,1.0
-14.0,50,9974.064668,1.0
-15.0,50,9974.637269,1.0
-17.0,50,9975.207357,1.0
-17.0,50,9975.78626,1.0
-12.0,50,9976.357767,1.0
-7.0,50,9976.927761,1.0
-11.0,50,9977.500861,1.0
-7.0,50,9978.076383,1.0
0.0,50,9978.650182,1.0
-15.0,50,9979.223027,1.0
-16.0,50,9979.791054,1.0
-17.0,50,9980.36232,1.0
0.0,50,9980.922573,1.0
0.0,50,9981.483825,1.0
-37.0,50,9982.045686,1.0
0.0,50,9982.615432,1.0
-16.0,50,9983.179012,1.0
-11.0,50,9983.741169,1.0
-3.0,50,9984.307652,1.0
-30.0,50,9984.880489,1.0
-47.0,50,9985.43715,0.0
-12.0,50,9986.004853,1.0
-36.0,50,9986.573899,1.0
-15.0,50,9987.151325,1.0
-16.0,50,9987.715463,1.0
-19.0,50,9988.283172,1.0
-24.0,50,9988.845085,1.0
-7.0,50,9989.415226,1.0
-11.0,50,9989.977834,1.0
-50.0,50,9990.53733,0.0
-18.0,50,9991.101114,1.0
-12.0,50,9991.684847,1.0
-17.0,50,9992.245736,1.0
-50.0,50,9992.809515,0.0
-31.0,50,9993.37283,1.0
-28.0,50,9993.945231,1.0
-9.0,50,9994.508832,1.0
-16.0,50,9995.072632,1.0
-25.0,50,9995.638495,1.0
-10.0,50,9996.21444,1.0
-16.0,50,9996.781205,1.0
-9.0,50,9997.346515,1.0
-13.0,50,9997.909793,1.0
-5.0,50,9998.483972,1.0
0.0,50,9999.05307,1.0
-12.0,50,9999.626944,1.0
-10.0,50,10000.197034,1.0
-9.0,50,10000.770735,1.0
-15.0,50,10001.336986,1.0
-50.0,50,10001.904328,0.0
-20.0,50,10002.469176,1.0
-18.0,50,10003.043949,1.0
-14.0,50,10003.608347,1.0
-25.0,50,10004.17725,1.0
-18.0,50,10004.741941,1.0
-13.0,50,10007.673615,1.0
-21.0,50,10008.241011,1.0
-16.0,50,10008.804878,1.0
-7.0,50,10009.368731,1.0
-13.0,50,10009.939168,1.0
-27.0,50,10010.500395,1.0
-19.0,50,10011.065131,1.0
-15.0,50,10011.63009,1.0
0.0,50,10012.205788,1.0
-11.0,50,10012.766441,1.0
-13.0,50,10013.329039,1.0
-31.0,50,10013.895283,1.0
-28.0,50,10014.465405,1.0
-10.0,50,10015.0268,1.0
-43.0,50,10015.591297,1.0
-7.0,50,10016.155866,1.0
-18.0,50,10016.727954,1.0
-14.0,50,10017.288482,1.0
-18.0,50,10017.851506,1.0
-17.0,50,10018.414089,1.0
-14.0,50,10018.984216,1.0
-8.0,50,10019.549179,1.0
0.0,50,10020.112663,1.0
-50.0,50,10020.670294,0.0
-11.0,50,10021.23538,1.0
0.0,50,10021.802283,1.0
-19.0,50,10022.361711,1.0
-10.0,50,10022.924364,1.0
-9.0,50,10023.495335,1.0
-17.0,50,10024.059072,1.0
-43.0,50,10024.615903,1.0
-36.0,50,10025.178758,1.0
0.0,50,10025.750242,1.0
-13.0,50,10026.313715,1.0
-16.0,50,10026.871537,1.0
-12.0,50,10027.428748,1.0
-23.0,50,10028.010694,1.0
-16.0,50,10028.56955,1.0
-10.0,50,10029.126441,1.0
-17.0,50,10029.695183,1.0
-21.0,50,10030.264334,1.0
-11.0,50,10030.825783,1.0
-11.0,50,10031.385633,1.0
-10.0,50,10031.948689,1.0
-14.0,50,10032.518474,1.0
-6.0,50,10033.076443,1.0
-12.0,50,10033.633593,1.0
-31.0,50,10034.191439,1.0
-21.0,50,10034.761723,1.0
-12.0,50,10035.318781,1.0
-10.0,50,10035.87558,1.0
-47.0,50,10036.433433,0.0
-18.0,50,10037.002972,1.0
-32.0,50,10037.561692,1.0
-33.0,50,10038.119529,1.0
-28.0,50,10038.690517,1.0
-48.0,50,10039.273904,1.0
0.0,50,10039.847483,1.0
-16.0,50,10040.424373,1.0
-29.0,50,10040.998475,1.0
-13.0,50,10041.578909,1.0
-20.0,50,10042.149976,1.0
-19.0,50,10042.721393,1.0
0.0,50,10043.295799,1.0
-50.0,50,10043.880929,0.0
-23.0,50,10044.45441,1.0
-11.0,50,10045.028384,1.0
-13.0,50,10045.601751,1.0
-11.0,50,10046.189595,1.0
-12.0,50,10046.762735,1.0
-21.0,50,10047.335259,1.0
-50.0,50,10047.911719,0.0
-14.0,50,10048.496262,1.0
-7.0,50,10049.066848,1.0
-3.0,50,10049.634559,1.0
-14.0,50,10050.198657,1.0
-19.0,50,10050.77407,1.0
-18.0,50,10051.347991,1.0
-8.0,50,10051.925095,1.0
-20.0,50,10052.498132,1.0
-10.0,50,10053.079117,1.0
-6.0,50,10053.653875,1.0
0.0,50,10054.223193,1.0
-12.0,50,10054.795451,1.0
-25.0,50,10055.378584,1.0
-17.0,50,10055.949162,1.0
-20.0,50,10056.524347,1.0
-2.0,50,10057.103052,1.0
0.0,50,10057.686984,1.0
-14.0,50,10058.25737,1.0
-11.0,50,10058.83265,1.0
-15.0,50,10059.40989,1.0
-11.0,50,10060.002508,1.0
0.0,50,10060.5768,1.0
-23.0,50,10061.150786,1.0
-12.0,50,10061.7245,1.0
-45.0,50,10062.300714,0.0
-17.0,50,10062.872336,1.0
-17.0,50,10063.449515,1.0
-16.0,50,10064.015028,1.0
-18.0,50,10064.597875,1.0
-13.0,50,10065.17255,1.0
-14.0,50,10065.743201,1.0
-17.0,50,10066.31783,1.0
-14.0,50,10066.899406,1.0
-20.0,50,10067.472771,1.0
-29.0,50,10068.046544,1.0
-12.0,50,10068.62385,1.0
-13.0,50,10069.205962,1.0
-16.0,50,10069.776269,1.0
-32.0,50,10070.344423,1.0
-10.0,50,10070.915749,1.0
-11.0,50,10071.496577,1.0
-8.0,50,10072.0614,1.0
-7.0,50,10072.629385,1.0
-48.0,50,10073.198174,0.0
-14.0,50,10073.781188,1.0
-11.0,50,10074.355696,1.0
-13.0,50,10074.926354,1.0
-9.0,50,10075.500208,1.0
-21.0,50,10076.08079,1.0
-17.0,50,10076.656214,1.0
-18.0,50,10077.229654,1.0
0.0,50,10077.802207,1.0
-12.0,50,10078.381574,1.0
-17.0,50,10078.955481,1.0
-14.0,50,10079.530578,1.0
-14.0,50,10080.105841,1.0
-8.0,50,10080.68807,1.0
-9.0,50,10081.258999,1.0
-9.0,50,10081.830337,1.0
-15.0,50,10082.40717,1.0
-19.0,50,10082.992078,1.0
-12.0,50,10083.556657,1.0
-14.0,50,10084.125764,1.0
-19.0,50,10084.697685,1.0
-15.0,50,10085.279051,1.0
-14.0,50,10085.855216,1.0
-20.0,50,10086.426642,1.0
-20.0,50,10086.996873,1.0
-16.0,50,10087.579173,1.0
-12.0,50,10088.154265,1.0
-50.0,50,10088.731746,0.0
0.0,50,10089.309475,1.0
-21.0,50,10089.90258,1.0
-10.0,50,10090.476022,1.0
-12.0,50,10091.048158,1.0
-8.0,50,10091.621388,1.0
-14.0,50,10092.202769,1.0
-15.0,50,10092.769121,1.0
-26.0,50,10093.339853,1.0
-17.0,50,10093.912612,1.0
-15.0,50,10094.492217,1.0
-37.0,50,10095.065091,1.0
-12.0,50,10095.639566,1.0
-9.0,50,10096.20995,1.0
-10.0,50,10096.790065,1.0
-11.0,50,10097.355864,1.0
-10.0,50,10097.926331,1.0
-12.0,50,10098.498692,1.0
-12.0,50,10099.081217,1.0
-21.0,50,10099.654853,1.0
-12.0,50,10100.224687,1.0
-27.0,50,10100.788073,1.0
-17.0,50,10101.371259,1.0
-29.0,50,10101.941117,1.0
-13.0,50,10102.513121,1.0
-21.0,50,10103.08212,1.0
-18.0,50,10103.668864,1.0
-9.0,50,10104.246084,1.0
-9.0,50,10104.822569,1.0
-34.0,50,10105.39908,1.0
-19.0,50,10105.981087,1.0
-15.0,50,10106.555296,1.0
-10.0,50,10107.131986,1.0
-14.0,50,10107.712659,1.0
-18.0,50,10108.303266,1.0
-19.0,50,10108.885206,1.0
-16.0,50,10109.46364,1.0
-19.0,50,10110.045804,1.0
-6.0,50,10110.634509,1.0
-21.0,50,10111.212944,1.0
-13.0,50,10111.791838,1.0
-11.0,50,10112.37355,1.0
0.0,50,10112.961127,1.0
-23.0,50,10113.54235,1.0
-2.0,50,10114.125491,1.0
-39.0,50,10114.703479,1.0
-20.0,50,10115.287879,1.0
-18.0,50,10115.866915,1.0
-26.0,50,10116.44366,1.0
-8.0,50,10117.021037,1.0
-21.0,50,10117.601287,1.0
-50.0,50,10118.18447,0.0
-10.0,50,10118.768291,1.0
-10.0,50,10119.339308,1.0
-21.0,50,10119.935447,1.0
-13.0,50,10120.510852,1.0
-14.0,50,10121.083776,1.0
-15.0,50,10121.659133,1.0
-18.0,50,10124.672149,1.0
-9.0,50,10125.242797,0.0
0.0,50,10125.816113,1.0
-8.0,50,10126.386041,1.0
-12.0,50,10126.968669,1.0
-18.0,50,10127.546512,1.0
-8.0,50,10128.123201,1.0
-10.0,50,10128.704039,1.0
-16.0,50,10129.292078,1.0
-18.0,50,10129.869269,1.0
-13.0,50,10130.444958,1.0
-12.0,50,10131.018107,1.0
-34.0,50,10131.603004,1.0
-15.0,50,10132.176927,1.0
-13.0,50,10132.745888,1.0
-18.0,50,10133.324405,1.0
-19.0,50,10133.905876,1.0
-10.0,50,10134.476049,1.0
-16.0,50,10135.04821,1.0
-24.0,50,10135.624833,1.0
-8.0,50,10136.209084,1.0
-20.0,50,10136.780042,1.0
-7.0,50,10137.354194,1.0
-14.0,50,10137.929049,1.0
-14.0,50,10138.50665,1.0
-20.0,50,10139.080032,1.0
-15.0,50,10139.656054,1.0
-22.0,50,10140.227258,1.0
-16.0,50,10140.804709,1.0
-9.0,50,10141.379304,1.0
-17.0,50,10141.954329,1.0
-19.0,50,10142.528716,1.0
-13.0,50,10143.108913,1.0
-15.0,50,10143.68515,1.0
-4.0,50,10144.258607,1.0
-13.0,50,10144.830994,1.0
-15.0,50,10145.40701,1.0
-15.0,50,10145.975947,1.0
0.0,50,10146.543359,1.0
-8.0,50,10147.11294,1.0
-21.0,50,10147.692055,1.0
-13.0,50,10148.262823,1.0
-32.0,50,10148.831546,1.0
-15.0,50,10149.403491,1.0
-9.0,50,10149.990582,1.0
-13.0,50,10150.560001,1.0
-21.0,50,10151.128081,1.0
0.0,50,10151.70435,1.0
-14.0,50,10152.278986,1.0
-8.0,50,10152.845474,1.0
-14.0,50,10153.414865,1.0
-21.0,50,10153.978005,1.0
-13.0,50,10154.555315,1.0
-50.0,50,10155.115006,0.0
-12.0,50,10155.686393,1.0
-7.0,50,10156.252889,1.0
-16.0,50,10156.830698,1.0
-19.0,50,10157.397263,1.0
-19.0,50,10157.969218,1.0
-45.0,50,10158.537806,0.0
-12.0,50,10159.130618,1.0
-14.0,50,10159.705126,1.0
-10.0,50,10160.272427,1.0
-8.0,50,10160.842407,1.0
-15.0,50,10161.422383,1.0
-23.0,50,10161.992934,1.0
-50.0,50,10162.565396,0.0
0.0,50,10163.127917,1.0
-16.0,50,10163.697162,1.0
-14.0,50,10164.260139,1.0
0.0,50,10164.822082,1.0
0.0,50,10165.38962,1.0
-10.0,50,10165.966261,1.0
-50.0,50,10166.531214,0.0
-13.0,50,10167.098053,1.0
-50.0,50,10167.666469,0.0
-16.0,50,10168.24835,1.0
-11.0,50,10168.819158,1.0
-18.0,50,10169.390032,1.0
-21.0,50,10169.958146,1.0
-14.0,50,10170.537479,1.0
-21.0,50,10171.108186,1.0
-22.0,50,10171.677337,1.0
-12.0,50,10172.246293,1.0
-15.0,50,10172.828189,1.0
-10.0,50,10173.39923,1.0
-36.0,50,10173.969483,1.0
-8.0,50,10174.539498,1.0
0.0,50,10175.109338,1.0
-9.0,50,10175.675167,1.0
-35.0,50,10176.248045,1.0
-14.0,50,10176.81957,1.0
-35.0,50,10177.393612,1.0
-11.0,50,10177.959394,1.0
-15.0,50,10178.531906,1.0
-8.0,50,10179.106149,1.0
-20.0,50,10179.697201,1.0
-8.0,50,10180.267238,1.0
0.0,50,10180.834097,1.0
-7.0,50,10181.403112,1.0
-19.0,50,10181.984966,1.0
-13.0,50,10182.556194,1.0
-17.0,50,10183.126051,1.0
-15.0,50,10183.693557,1.0
-17.0,50,10184.275243,1.0
-17.0,50,10184.848065,1.0
-10.0,50,10185.418543,1.0
0.0,50,10185.989203,1.0
-10.0,50,10186.570291,1.0
-19.0,50,10187.1379,1.0
-13.0,50,10187.710464,1.0
-15.0,50,10188.28134,1.0
-5.0,50,10188.868578,1.0
-50.0,50,10189.441656,0.0
-31.0,50,10190.013904,1.0
-8.0,50,10190.585697,1.0
-27.0,50,10191.16444,1.0
-16.0,50,10191.723418,1.0
-23.0,50,10192.282631,1.0
-10.0,50,10192.842311,1.0
-12.0,50,10193.410964,1.0
-24.0,50,10193.970993,1.0
-14.0,50,10194.52795,1.0
-15.0,50,10195.087201,1.0
0.0,50,10195.659251,1.0
-50.0,50,10196.212795,0.0
-15.0,50,10196.774129,1.0
-13.0,50,10197.334316,1.0
-12.0,50,10197.907201,1.0
-16.0,50,10198.470462,1.0
-22.0,50,10199.031036,1.0
-29.0,50,10199.59145,1.0
-18.0,50,10200.162831,1.0
-13.0,50,10200.721366,1.0
-14.0,50,10201.27931,1.0
-42.0,50,10201.836421,1.0
-32.0,50,10202.444503,1.0
-15.0,50,10203.003096,1.0
-14.0,50,10203.563086,1.0
0.0,50,10204.122633,1.0
-18.0,50,10204.687485,1.0
-17.0,50,10205.24799,1.0
-22.0,50,10205.803554,1.0
-23.0,50,10206.367891,1.0
-12.0,50,10206.937951,1.0
-4.0,50,10207.500114,1.0
-25.0,50,10208.06419,1.0
-23.0,50,10208.626256,1.0
-17.0,50,10209.194053,1.0
-14.0,50,10209.768219,1.0
-7.0,50,10210.329536,1.0
-28.0,50,10210.894315,1.0
-43.0,50,10211.459315,1.0
-22.0,50,10212.020014,1.0
-10.0,50,10212.582314,1.0
0.0,50,10213.140231,1.0
-17.0,50,10213.71138,1.0
-9.0,50,10214.279425,1.0
-21.0,50,10214.839087,1.0
0.0,50,10215.395938,1.0
-8.0,50,10215.96863,1.0
-15.0,50,10216.531744,1.0
-15.0,50,10217.092213,1.0
-48.0,50,10217.653782,1.0
-43.0,50,10218.222883,1.0
0.0,50,10218.794134,1.0
-12.0,50,10219.368075,1.0
-8.0,50,10219.939665,1.0
-15.0,50,10220.509968,1.0
-15.0,50,10221.070948,1.0
-8.0,50,10221.633341,1.0
-19.0,50,10222.19539,0.0
-22.0,50,10222.767569,1.0
-19.0,50,10223.330441,1.0
-7.0,50,10223.895866,1.0
-16.0,50,10224.456544,1.0
-31.0,50,10225.023017,1.0
-14.0,50,10225.587342,1.0
-11.0,50,10226.149063,1.0
-17.0,50,10226.709981,1.0
0.0,50,10227.279554,1.0
-50.0,50,10227.844341,0.0
-21.0,50,10228.404599,1.0
-14.0,50,10228.968514,1.0
-21.0,50,10229.536306,1.0
-29.0,50,10230.092993,1.0
-12.0,50,10230.655737,1.0
-5.0,50,10231.218574,1.0
-11.0,50,10231.788606,1.0
-47.0,50,10232.350989,0.0
-20.0,50,10232.907061,1.0
-23.0,50,10233.464545,1.0
-22.0,50,10234.037858,1.0
-13.0,50,10234.598405,1.0
-10.0,50,10235.156323,1.0
0.0,50,10235.720292,1.0
-50.0,50,10236.291255,0.0
0.0,50,10236.853781,1.0
-15.0,50,10237.413709,1.0
0.0,50,10237.975597,1.0
-17.0,50,10240.909542,1.0
-15.0,50,10241.47053,1.0
-19.0,50,10242.031436,1.0
-13.0,50,10242.590306,1.0
-4.0,50,10243.158113,1.0
-21.0,50,10243.724591,1.0
-11.0,50,10244.286841,1.0
-22.0,50,10244.848481,1.0
-14.0,50,10245.416226,1.0
-37.0,50,10245.983615,1.0
-20.0,50,10246.544264,1.0
-18.0,50,10247.110383,1.0
-15.0,50,10247.683342,1.0
-31.0,50,10248.253485,1.0
-11.0,50,10248.817944,1.0
-28.0,50,10249.380791,1.0
-9.0,50,10249.948145,1.0
-15.0,50,10250.515324,1.0
-26.0,50,10251.076258,1.0
-8.0,50,10251.63322,1.0
-22.0,50,10252.205819,1.0
-13.0,50,10252.764587,1.0
-32.0,50,10253.32138,1.0
-12.0,50,10253.878503,1.0
-13.0,50,10254.448091,1.0
-9.0,50,10255.012371,1.0
-11.0,50,10255.574636,1.0
-50.0,50,10256.138659,0.0
0.0,50,10256.708379,1.0
-25.0,50,10257.269856,1.0
-30.0,50,10257.832711,1.0
-22.0,50,10258.39611,1.0
-3.0,50,10258.965565,1.0
-15.0,50,10259.529635,1.0
-18.0,50,10260.090712,1.0
-12.0,50,10260.651021,1.0
-21.0,50,10261.222616,1.0
-17.0,50,10261.787777,1.0
-10.0,50,10262.348215,1.0
-28.0,50,10262.914884,1.0
-21.0,50,10263.489649,1.0
0.0,50,10264.0498,1.0
-9.0,50,10264.611871,1.0
-36.0,50,10265.17538,1.0
-19.0,50,10265.757278,1.0
-18.0,50,10266.320768,1.0
-13.0,50,10266.882667,1.0
-14.0,50,10267.436165,1.0
-21.0,50,10268.007328,1.0
-11.0,50,10268.570364,1.0
-19.0,50,10269.136317,1.0
-23.0,50,10269.713901,1.0
-25.0,50,10270.288447,1.0
-11.0,50,10270.844268,1.0
-6.0,50,10271.40753,1.0
-8.0,50,10271.964944,1.0
-23.0,50,10272.538479,1.0
-11.0,50,10273.099558,1.0
-11.0,50,10273.660712,1.0
-8.0,50,10274.221494,1.0
-15.0,50,10274.789356,1.0
-15.0,50,10275.348153,1.0
-5.0,50,10275.908991,1.0
-11.0,50,10276.472783,1.0
-15.0,50,10277.036601,1.0
-14.0,50,10277.587509,1.0
-20.0,50,10278.139751,1.0
0.0,50,10278.696353,1.0
-19.0,50,10279.264937,1.0
-6.0,50,10279.831799,1.0
-13.0,50,10280.391927,1.0
-9.0,50,10280.961855,1.0
-19.0,50,10281.537736,1.0
-26.0,50,10282.104313,1.0
-2.0,50,10282.675806,1.0
-9.0,50,10283.236601,1.0
-18.0,50,10283.811748,1.0
-11.0,50,10284.371584,1.0
0.0,50,10284.939755,1.0
-11.0,50,10285.501381,1.0
-14.0,50,10286.072385,1.0
-19.0,50,10286.630608,1.0
-24.0,50,10287.192056,1.0
-13.0,50,10287.756068,1.0
-13.0,50,10288.3278,1.0
-13.0,50,10288.892007,1.0
-17.0,50,10289.457703,1.0
-15.0,50,10290.027554,1.0
-15.0,50,10290.602498,1.0
-33.0,50,10291.165078,1.0
-13.0,50,10291.72562,1.0
-21.0,50,10292.287758,1.0
-10.0,50,10292.861765,1.0
-15.0,50,10293.4215,1.0
-18.0,50,10293.981932,1.0
-7.0,50,10294.544722,1.0
-24.0,50,10295.116458,1.0
-7.0,50,10295.679053,1.0
-13.0,50,10296.240841,1.0
-50.0,50,10296.794399,0.0
-15.0,50,10297.363864,1.0
-11.0,50,10297.927986,1.0
-23.0,50,10298.488283,1.0
-32.0,50,10299.052505,1.0
-10.0,50,10299.634742,1.0
-49.0,50,10300.206943,0.0
-15.0,50,10300.778406,1.0
-21.0,50,10301.345849,1.0
-18.0,50,10301.930323,1.0
-14.0,50,10302.50337,1.0
-12.0,50,10303.078335,1.0
-17.0,50,10303.653437,1.0
-15.0,50,10304.234874,1.0
-20.0,50,10304.809324,1.0
0.0,50,10305.378861,1.0
-15.0,50,10305.953457,1.0
-22.0,50,10306.532249,1.0
-12.0,50,10307.102355,1.0
-8.0,50,10307.673319,1.0
-15.0,50,10308.245176,1.0
-27.0,50,10308.829853,1.0
-14.0,50,10309.40593,1.0
-23.0,50,10309.976493,1.0
-12.0,50,10310.543743,1.0
-13.0,50,10311.125408,1.0
-7.0,50,10311.692746,1.0
-14.0,50,10312.266687,1.0
0.0,50,10312.837846,1.0
-16.0,50,10313.421633,1.0
-22.0,50,10313.997605,1.0
-16.0,50,10314.569202,1.0
-17.0,50,10315.139986,1.0
-21.0,50,10315.722615,1.0
-5.0,50,10316.289342,1.0
-39.0,50,10316.85815,1.0
-12.0,50,10317.430085,1.0
-15.0,50,10318.015214,1.0
-16.0,50,10318.591824,1.0
-18.0,50,10319.166295,1.0
-9.0,50,10319.738355,1.0
-19.0,50,10320.323622,1.0
-14.0,50,10320.899556,1.0
-13.0,50,10321.472728,1.0
-16.0,50,10322.042445,1.0
-25.0,50,10322.621907,1.0
-16.0,50,10323.192587,1.0
-32.0,50,10323.764178,1.0
-15.0,50,10324.333707,1.0
-15.0,50,10324.91353,1.0
-7.0,50,10325.48775,1.0
-18.0,50,10326.061387,1.0
-11.0,50,10326.634629,1.0
-21.0,50,10327.217966,1.0
-17.0,50,10327.791143,1.0
-24.0,50,10328.364048,1.0
-8.0,50,10328.93509,1.0
-18.0,50,10329.52675,1.0
-11.0,50,10330.096674,1.0
-8.0,50,10330.667836,1.0
-25.0,50,10331.243293,1.0
-10.0,50,10331.837503,1.0
0.0,50,10332.410197,1.0
-10.0,50,10332.976009,1.0
-12.0,50,10333.550215,1.0
-10.0,50,10334.130831,1.0
-16.0,50,10334.705677,1.0
-31.0,50,10335.280231,1.0
-15.0,50,10335.857203,1.0
-12.0,50,10336.437455,1.0
0.0,50,10337.010969,1.0
-10.0,50,10337.589552,1.0
-12.0,50,10338.16246,1.0
-28.0,50,10338.750035,1.0
-18.0,50,10339.318977,1.0
-10.0,50,10339.893962,1.0
-8.0,50,10340.472137,1.0
-24.0,50,10341.052706,1.0
-9.0,50,10341.62389,1.0
-13.0,50,10342.192044,1.0
-9.0,50,10342.766839,1.0
-21.0,50,10343.369787,1.0
-27.0,50,10343.939906,1.0
-26.0,50,10344.510734,1.0
-26.0,50,10345.077625,1.0
-7.0,50,10345.658131,1.0
0.0,50,10346.231745,1.0
-42.0,50,10346.800136,1.0
-13.0,50,10347.371979,1.0
-10.0,50,10347.952134,1.0
-19.0,50,10348.525828,1.0
-20.0,50,10349.096736,1.0
-8.0,50,10349.664759,1.0
-17.0,50,10350.245825,1.0
-9.0,50,10350.817704,1.0
0.0,50,10351.391505,1.0
-12.0,50,10351.967219,1.0
-12.0,50,10352.544876,1.0
-13.0,50,10353.113366,1.0
-22.0,50,10353.686284,1.0
-27.0,50,10354.257795,1.0
-11.0,50,10357.278387,1.0
-12.0,50,10357.84273,1.0
-18.0,50,10358.419421,1.0
-11.0,50,10358.993082,1.0
-3.0,50,10359.585561,1.0
-13.0,50,10360.15686,1.0
-8.0,50,10360.722433,1.0
-14.0,50,10361.293691,1.0
-7.0,50,10361.87663,1.0
-23.0,50,10362.452055,1.0
-18.0,50,10363.026838,1.0
-14.0,50,10363.603685,1.0
-11.0,50,10364.188354,1.0
-7.0,50,10364.760036,1.0
-21.0,50,10365.335742,1.0
-13.0,50,10365.911797,1.0
-24.0,50,10366.495718,1.0
-16.0,50,10367.069179,1.0
-13.0,50,10367.646538,1.0
-10.0,50,10368.224586,1.0
-18.0,50,10368.808558,1.0
-13.0,50,10369.377086,1.0
-12.0,50,10369.955269,1.0
-27.0,50,10370.525934,1.0
-17.0,50,10371.107231,1.0
-18.0,50,10371.679605,1.0
-23.0,50,10372.253547,1.0
-11.0,50,10372.826598,1.0
-15.0,50,10373.403972,1.0
-26.0,50,10373.978838,1.0
-13.0,50,10374.545357,1.0
-12.0,50,10375.114049,1.0
-9.0,50,10375.696241,1.0
-22.0,50,10376.267957,1.0
-15.0,50,10376.842484,1.0
-22.0,50,10377.414815,1.0
-8.0,50,10377.985902,1.0
-24.0,50,10378.559527,1.0
-32.0,50,10379.130548,1.0
-16.0,50,10379.699695,1.0
-10.0,50,10380.277266,1.0
-9.0,50,10380.850961,1.0
-11.0,50,10381.427303,1.0
-6.0,50,10381.999758,1.0
-7.0,50,10382.579854,1.0
-16.0,50,10383.146684,1.0
-19.0,50,10383.716959,1.0
-9.0,50,10384.293267,1.0
-19.0,50,10384.870138,1.0
0.0,50,10385.445113,1.0
-18.0,50,10386.016011,1.0
-9.0,50,10386.582317,1.0
-28.0,50,10387.162447,1.0
-3.0,50,10387.733396,1.0
-43.0,50,10388.306334,1.0
-14.0,50,10388.878766,1.0
-20.0,50,10389.462373,1.0
-23.0,50,10390.033673,1.0
-17.0,50,10390.601727,1.0
0.0,50,10391.168485,1.0
-8.0,50,10391.742427,1.0
-22.0,50,10392.301061,1.0
-6.0,50,10392.858088,1.0
-50.0,50,10393.423195,0.0
-21.0,50,10393.994345,1.0
-13.0,50,10394.55176,1.0
0.0,50,10395.106302,1.0
-50.0,50,10395.66731,0.0
-11.0,50,10396.243205,1.0
-39.0,50,10396.803144,0.0
-21.0,50,10397.368505,1.0
-8.0,50,10397.932155,1.0
-16.0,50,10398.508801,1.0
-8.0,50,10399.082836,1.0
0.0,50,10399.658539,1.0
-50.0,50,10400.228777,0.0
-7.0,50,10400.805282,1.0
-13.0,50,10401.373319,1.0
-20.0,50,10401.939912,0.0
-50.0,50,10402.50701,0.0
-20.0,50,10403.085863,1.0
-48.0,50,10403.651146,0.0
-16.0,50,10404.219111,1.0
0.0,50,10404.79104,1.0
-20.0,50,10405.37412,1.0
-35.0,50,10405.942094,1.0
-8.0,50,10406.513615,1.0
-13.0,50,10407.082717,1.0
-15.0,50,10407.662335,1.0
-11.0,50,10408.226026,1.0
-9.0,50,10408.79407,1.0
-11.0,50,10409.363236,1.0
-13.0,50,10409.9378,1.0
-15.0,50,10410.502562,1.0
-13.0,50,10411.068036,1.0
-11.0,50,10411.63698,1.0
-40.0,50,10412.212289,0.0
-9.0,50,10412.785079,1.0
-39.0,50,10413.358865,0.0
-26.0,50,10413.920657,1.0
-16.0,50,10414.502275,1.0
-13.0,50,10415.070962,1.0
-21.0,50,10415.641778,1.0
-28.0,50,10416.207561,1.0
-23.0,50,10416.786299,1.0
-15.0,50,10417.352273,1.0
0.0,50,10417.923172,1.0
-10.0,50,10418.493043,1.0
-11.0,50,10419.067641,1.0
0.0,50,10419.651363,1.0
-19.0,50,10420.221952,1.0
0.0,50,10420.792472,1.0
-8.0,50,10421.375337,1.0
-14.0,50,10421.945667,1.0
-12.0,50,10422.51826,1.0
-8.0,50,10423.089359,1.0
-38.0,50,10423.662088,1.0
-11.0,50,10424.229037,1.0
-18.0,50,10424.798291,1.0
0.0,50,10425.365155,1.0
-23.0,50,10425.944303,1.0
-9.0,50,10426.509073,1.0
-13.0,50,10427.077537,1.0
-15.0,50,10427.64859,1.0
-22.0,50,10428.232226,1.0
0.0,50,10428.807228,1.0
-15.0,50,10429.38299,1.0
-7.0,50,10429.961577,1.0
-9.0,50,10430.538418,1.0
-15.0,50,10431.106464,1.0
-13.0,50,10431.672315,1.0
-50.0,50,10432.239781,0.0
-21.0,50,10432.822071,1.0
-17.0,50,10433.393128,1.0
-11.0,50,10433.960686,1.0
-17.0,50,10434.531482,1.0
-8.0,50,10435.104064,1.0
-7.0,50,10435.676708,1.0
-18.0,50,10436.243,1.0
-50.0,50,10436.802273,0.0
-18.0,50,10437.382314,1.0
-30.0,50,10437.950373,0.0
0.0,50,10438.523068,1.0
-17.0,50,10439.092406,1.0
-47.0,50,10439.662198,0.0
-10.0,50,10440.23521,1.0
-12.0,50,10440.804335,1.0
-9.0,50,10441.370183,1.0
-18.0,50,10441.94638,1.0
0.0,50,10442.516029,1.0
-18.0,50,10443.08847,1.0
-34.0,50,10443.659408,1.0
-8.0,50,10444.243327,1.0
-40.0,50,10444.808501,1.0
0.0,50,10445.374458,1.0
-12.0,50,10445.943935,1.0
-44.0,50,10446.520803,1.0
-5.0,50,10447.086505,1.0
0.0,50,10447.656148,1.0
0.0,50,10448.218368,1.0
-45.0,50,10448.794483,1.0
-15.0,50,10449.370668,1.0
-7.0,50,10449.954034,1.0
0.0,50,10450.525169,1.0
0.0,50,10451.100187,1.0
-25.0,50,10451.666246,1.0
-15.0,50,10452.234442,1.0
-13.0,50,10452.800151,1.0
-19.0,50,10453.37688,1.0
0.0,50,10453.948148,1.0
-16.0,50,10454.517303,1.0
-15.0,50,10455.086439,1.0
-12.0,50,10455.657441,1.0
-11.0,50,10456.226163,1.0
-9.0,50,10456.794316,1.0
-10.0,50,10457.364234,1.0
-16.0,50,10457.953045,1.0
-50.0,50,10458.527805,0.0
0.0,50,10459.101046,1.0
-29.0,50,10459.676838,1.0
-13.0,50,10460.253626,1.0
-5.0,50,10460.823019,1.0
-15.0,50,10461.391053,1.0
-17.0,50,10461.957678,1.0
-20.0,50,10462.53651,1.0
-15.0,50,10463.098671,1.0
-32.0,50,10463.667456,1.0
-12.0,50,10464.240258,1.0
-16.0,50,10464.822176,1.0
-13.0,50,10465.39169,1.0
-14.0,50,10465.962241,1.0
-48.0,50,10466.528558,0.0
-7.0,50,10467.110628,1.0
-10.0,50,10467.678252,1.0
-14.0,50,10468.248263,1.0
-48.0,50,10468.816526,0.0
-10.0,50,10469.398182,1.0
-12.0,50,10469.966313,1.0
-41.0,50,10470.533935,1.0
-7.0,50,10471.101784,1.0
0.0,50,10474.045073,1.0
0.0,50,10474.616735,1.0
-20.0,50,10475.178557,1.0
0.0,50,10475.74905,1.0
-17.0,50,10476.324825,1.0
-16.0,50,10476.893263,1.0
-12.0,50,10477.458587,1.0
-16.0,50,10478.020546,1.0
-16.0,50,10478.597252,1.0
-14.0,50,10479.168366,1.0
-15.0,50,10479.750977,1.0
0.0,50,10480.321818,1.0
-13.0,50,10480.901346,1.0
-25.0,50,10481.464245,1.0
-17.0,50,10482.034455,1.0
-13.0,50,10482.604577,1.0
-11.0,50,10483.182581,1.0
-6.0,50,10483.751225,1.0
-8.0,50,10484.32322,1.0
-11.0,50,10484.889708,1.0
-11.0,50,10485.467391,1.0
-15.0,50,10486.033621,1.0
-50.0,50,10486.601131,0.0
-5.0,50,10487.173554,1.0
-25.0,50,10487.750254,1.0
-15.0,50,10488.322155,1.0
-8.0,50,10488.888062,1.0
-13.0,50,10489.456165,1.0
-15.0,50,10490.048508,1.0
-19.0,50,10490.616533,1.0
-20.0,50,10491.185364,1.0
-50.0,50,10491.752234,0.0
-12.0,50,10492.327216,1.0
-16.0,50,10492.901282,1.0
-12.0,50,10493.474167,1.0
-11.0,50,10494.04179,1.0
-14.0,50,10494.619602,1.0
-6.0,50,10495.191151,1.0
-27.0,50,10495.758519,1.0
-19.0,50,10496.332851,1.0
0.0,50,10496.912569,1.0
-14.0,50,10497.474477,1.0
-9.0,50,10498.043601,1.0
-8.0,50,10498.61121,1.0
-8.0,50,10499.187079,1.0
-11.0,50,10499.755083,1.0
-16.0,50,10500.321595,1.0
-11.0,50,10500.892717,1.0
-11.0,50,10501.470253,1.0
-12.0,50,10502.040324,1.0
-22.0,50,10502.610385,1.0
-20.0,50,10503.181509,1.0
-50.0,50,10503.757664,0.0
-15.0,50,10504.327714,1.0
-23.0,50,10504.900308,1.0
-24.0,50,10505.461841,1.0
-18.0,50,10506.028522,1.0
-24.0,50,10506.586501,1.0
0.0,50,10507.149219,1.0
-17.0,50,10507.7207,1.0
-20.0,50,10508.30472,1.0
-9.0,50,10508.879329,1.0
-9.0,50,10509.448129,1.0
-17.0,50,10510.026356,1.0
-14.0,50,10510.608646,1.0
-2.0,50,10511.174661,1.0
-15.0,50,10511.743305,1.0
-14.0,50,10512.314038,1.0
-15.0,50,10512.891599,1.0
-22.0,50,10513.463627,1.0
-8.0,50,10514.036881,1.0
-12.0,50,10514.607099,1.0
-6.0,50,10515.180399,1.0
-14.0,50,10515.744442,1.0
-23.0,50,10516.311334,1.0
-5.0,50,10516.88017,1.0
-50.0,50,10517.455591,0.0
-14.0,50,10518.022537,1.0
-9.0,50,10518.583238,1.0
-14.0,50,10519.1558,1.0
-17.0,50,10519.737575,1.0
-5.0,50,10520.312855,1.0
0.0,50,10520.882764,1.0
-19.0,50,10521.455427,1.0
-14.0,50,10522.033563,1.0
-11.0,50,10522.604769,1.0
0.0,50,10523.175963,1.0
-22.0,50,10523.74961,1.0
-22.0,50,10524.3287,1.0
-50.0,50,10524.902537,0.0
-13.0,50,10525.472358,1.0
-12.0,50,10526.042865,1.0
-10.0,50,10526.6217,1.0
-24.0,50,10527.188142,1.0
-20.0,50,10527.761529,1.0
-11.0,50,10528.331776,1.0
-17.0,50,10528.908607,1.0
-32.0,50,10529.47632,1.0
-11.0,50,10530.046763,1.0
-37.0,50,10530.618381,0.0
-24.0,50,10531.198419,1.0
-31.0,50,10531.763465,1.0
-50.0,50,10532.331695,0.0
-25.0,50,10532.904842,1.0
-12.0,50,10533.485112,1.0
0.0,50,10534.051816,1.0
-9.0,50,10534.621325,1.0
-7.0,50,10535.192599,1.0
-10.0,50,10535.77528,1.0
-10.0,50,10536.335558,1.0
-20.0,50,10536.901188,1.0
-7.0,50,10537.470604,1.0
-47.0,50,10538.046735,1.0
-7.0,50,10538.610705,1.0
-23.0,50,10539.177626,1.0
-9.0,50,10539.747785,1.0
-11.0,50,10540.330011,1.0
-21.0,50,10540.898473,1.0
-10.0,50,10541.459737,1.0
-18.0,50,10542.030039,1.0
-50.0,50,10542.610537,0.0
0.0,50,10543.170365,1.0
-12.0,50,10543.740772,1.0
-25.0,50,10544.306445,1.0
-21.0,50,10544.885411,1.0
-15.0,50,10545.45601,1.0
-34.0,50,10546.023561,1.0
-10.0,50,10546.595502,1.0
-22.0,50,10547.171508,1.0
-10.0,50,10547.741523,1.0
-12.0,50,10548.308373,1.0
-20.0,50,10548.87743,1.0
-23.0,50,10549.45605,1.0
-17.0,50,10550.029717,1.0
0.0,50,10550.59857,1.0
-18.0,50,10551.164573,1.0
-8.0,50,10551.742652,1.0
-35.0,50,10552.312512,1.0
-14.0,50,10552.879937,1.0
-26.0,50,10553.4486,1.0
-11.0,50,10554.019567,1.0
-11.0,50,10554.589522,1.0
-14.0,50,10555.157709,1.0
-10.0,50,10555.727175,1.0
-19.0,50,10556.303531,1.0
-12.0,50,10556.875415,1.0
-12.0,50,10557.441046,1.0
-18.0,50,10558.009488,1.0
-50.0,50,10558.589566,0.0
-10.0,50,10559.159968,1.0
0.0,50,10559.728002,1.0
-25.0,50,10560.299047,1.0
-50.0,50,10560.890841,0.0
0.0,50,10561.461782,1.0
-12.0,50,10562.026523,1.0
-12.0,50,10562.594418,1.0
-50.0,50,10563.178447,0.0
-17.0,50,10563.74775,1.0
-12.0,50,10564.308476,1.0
-12.0,50,10564.879667,1.0
-8.0,50,10565.461644,1.0
-16.0,50,10566.033003,1.0
-16.0,50,10566.602086,1.0
-6.0,50,10567.167866,1.0
-25.0,50,10567.746662,1.0
-13.0,50,10568.318296,1.0
-11.0,50,10568.886614,1.0
0.0,50,10569.452971,1.0
-13.0,50,10570.033447,1.0
-13.0,50,10570.601622,1.0
-15.0,50,10571.168715,0.0
-7.0,50,10571.741605,1.0
-13.0,50,10572.317775,1.0
0.0,50,10572.891539,1.0
-12.0,50,10573.461368,1.0
-17.0,50,10574.034861,1.0
-10.0,50,10574.615482,1.0
-12.0,50,10575.184011,1.0
-21.0,50,10575.755292,1.0
-11.0,50,10576.324915,1.0
0.0,50,10576.900601,1.0
-16.0,50,10577.472769,1.0
-16.0,50,10578.040929,1.0
-12.0,50,10578.606585,1.0
-15.0,50,10579.184437,1.0
-8.0,50,10579.752717,1.0
-15.0,50,10580.324842,1.0
-16.0,50,10580.897821,1.0
-23.0,50,10581.47855,1.0
-24.0,50,10582.042941,1.0
-13.0,50,10582.61443,1.0
-15.0,50,10583.178913,1.0
-14.0,50,10583.759423,1.0
-12.0,50,10584.321381,1.0
-11.0,50,10584.885749,1.0
-25.0,50,10585.454977,1.0
-22.0,50,10586.031679,1.0
-14.0,50,10586.600776,1.0
-3.0,50,10587.165004,1.0
-13.0,50,10587.737774,1.0
-6.0,50,10590.657661,1.0
-26.0,50,10591.2277,1.0
-13.0,50,10591.795455,1.0
-9.0,50,10592.364478,1.0
-13.0,50,10592.940904,1.0
-7.0,50,10593.513769,1.0
-8.0,50,10594.085244,1.0
-21.0,50,10594.654833,1.0
-19.0,50,10595.235167,1.0
-16.0,50,10595.800905,1.0
0.0,50,10596.37652,1.0
-11.0,50,10596.942237,1.0
-17.0,50,10597.523635,1.0
-9.0,50,10598.092812,1.0
-14.0,50,10598.662069,1.0
0.0,50,10599.228492,1.0
-14.0,50,10599.820679,1.0
-18.0,50,10600.385567,1.0
-14.0,50,10600.949137,1.0
-10.0,50,10601.517715,1.0
-12.0,50,10602.103509,1.0
-8.0,50,10602.671718,1.0
-12.0,50,10603.231809,1.0
-11.0,50,10603.798865,1.0
-22.0,50,10604.377544,1.0
-25.0,50,10604.946362,1.0
-10.0,50,10605.51254,1.0
-9.0,50,10606.073699,1.0
-11.0,50,10606.652651,1.0
-14.0,50,10607.224584,1.0
-23.0,50,10607.797826,1.0
-4.0,50,10608.374595,1.0
-15.0,50,10608.957861,1.0
-13.0,50,10609.532662,1.0
-26.0,50,10610.104345,1.0
-17.0,50,10610.669935,1.0
-46.0,50,10611.242618,0.0
-18.0,50,10611.818872,1.0
-16.0,50,10612.390884,1.0
-9.0,50,10612.962091,1.0
-23.0,50,10613.543906,1.0
-19.0,50,10614.120793,1.0
-15.0,50,10614.69011,1.0
-50.0,50,10615.258424,0.0
-12.0,50,10615.843083,1.0
-15.0,50,10616.411708,1.0
-25.0,50,10616.984728,1.0
-13.0,50,10617.550151,1.0
-13.0,50,10618.129616,1.0
-22.0,50,10618.700613,1.0
-15.0,50,10619.268592,1.0
-8.0,50,10619.835605,1.0
-8.0,50,10620.406279,1.0
-15.0,50,10620.969447,1.0
-23.0,50,10621.530193,1.0
-8.0,50,10622.096385,1.0
-8.0,50,10622.67663,1.0
-15.0,50,10623.253186,1.0
-16.0,50,10623.82645,1.0
-12.0,50,10624.39652,1.0
-15.0,50,10624.975888,1.0
0.0,50,10625.548115,1.0
-15.0,50,10626.119565,1.0
-11.0,50,10626.692469,1.0
-11.0,50,10627.278548,1.0
-13.0,50,10627.847519,1.0
-15.0,50,10628.417688,1.0
-6.0,50,10628.981824,1.0
-50.0,50,10629.576741,0.0
-6.0,50,10630.144131,1.0
-12.0,50,10630.706935,1.0
-6.0,50,10631.280019,1.0
0.0,50,10631.855302,1.0
-11.0,50,10632.427215,1.0
-34.0,50,10632.996512,1.0
-13.0,50,10633.567425,1.0
-11.0,50,10634.144381,1.0
-30.0,50,10634.711384,1.0
-50.0,50,10635.27556,0.0
-10.0,50,10635.845589,1.0
-9.0,50,10636.418312,1.0
-20.0,50,10636.99182,1.0
-15.0,50,10637.558847,1.0
-13.0,50,10638.132019,1.0
-21.0,50,10638.710232,1.0
-18.0,50,10639.275522,1.0
-8.0,50,10639.846907,1.0
-24.0,50,10640.414164,1.0
-14.0,50,10640.998288,1.0
-14.0,50,10641.56669,1.0
0.0,50,10642.141937,1.0
-7.0,50,10642.710464,1.0
-17.0,50,10643.298093,1.0
-14.0,50,10643.876674,1.0
-25.0,50,10644.453225,1.0
-8.0,50,10645.032037,1.0
-14.0,50,10645.612746,1.0
-11.0,50,10646.186301,1.0
-5.0,50,10646.765644,1.0
-14.0,50,10647.33697,1.0
-38.0,50,10647.918572,1.0
-21.0,50,10648.490633,1.0
-14.0,50,10649.060332,1.0
-12.0,50,10649.632823,1.0
-9.0,50,10650.217195,1.0
-20.0,50,10650.793059,1.0
-11.0,50,10651.36738,1.0
-4.0,50,10651.937171,1.0
-9.0,50,10652.526245,1.0
-16.0,50,10653.09886,1.0
-31.0,50,10653.670055,1.0
-14.0,50,10654.242674,1.0
-9.0,50,10654.826834,1.0
0.0,50,10655.4047,1.0
-14.0,50,10655.982424,1.0
-12.0,50,10656.555455,1.0
-24.0,50,10657.138785,1.0
-7.0,50,10657.707076,1.0
-12.0,50,10658.2844,1.0
-10.0,50,10658.860941,1.0
-50.0,50,10659.447879,0.0
-2.0,50,10660.033312,1.0
-10.0,50,10660.610245,1.0
-11.0,50,10661.185342,1.0
-14.0,50,10661.769568,1.0
-6.0,50,10662.344019,1.0
0.0,50,10662.919764,1.0
-13.0,50,10663.494725,1.0
-13.0,50,10664.078655,1.0
-4.0,50,10664.6553,1.0
-13.0,50,10665.225664,1.0
-10.0,50,10665.800925,1.0
0.0,50,10666.389837,1.0
-8.0,50,10666.956599,1.0
-10.0,50,10667.532955,1.0
-17.0,50,10668.101235,1.0
-7.0,50,10668.67939,1.0
-12.0,50,10669.247149,1.0
-7.0,50,10669.819206,1.0
-18.0,50,10670.391095,1.0
-13.0,50,10670.969167,1.0
-15.0,50,10671.541763,1.0
-16.0,50,10672.115,1.0
-16.0,50,10672.684501,1.0
-9.0,50,10673.264385,1.0
-11.0,50,10673.836003,1.0
-4.0,50,10674.403137,1.0
-10.0,50,10674.9723,1.0
-16.0,50,10675.553128,1.0
-12.0,50,10676.121695,1.0
0.0,50,10676.686276,1.0
0.0,50,10677.257048,1.0
-9.0,50,10677.835425,1.0
-14.0,50,10678.4029,1.0
-7.0,50,10678.970811,1.0
0.0,50,10679.542252,1.0
-34.0,50,10680.122846,1.0
-13.0,50,10680.690715,1.0
0.0,50,10681.253391,1.0
-20.0,50,10681.821021,1.0
-12.0,50,10682.399395,1.0
-9.0,50,10682.968025,1.0
-18.0,50,10683.539422,1.0
-17.0,50,10684.100131,1.0
0.0,50,10684.675522,1.0
-50.0,50,10685.244708,0.0
-11.0,50,10685.812808,1.0
-13.0,50,10686.375162,1.0
-47.0,50,10686.943567,0.0
-9.0,50,10687.511162,1.0
-22.0,50,10688.08096,1.0
-34.0,50,10688.650166,1.0
-10.0,50,10689.226056,1.0
-13.0,50,10689.805425,1.0
-18.0,50,10690.378042,1.0
-4.0,50,10690.948378,1.0
-17.0,50,10691.529199,1.0
-11.0,50,10692.09751,1.0
-25.0,50,10692.661977,1.0
-19.0,50,10693.227146,1.0
-19.0,50,10693.80336,1.0
-12.0,50,10694.37169,1.0
-14.0,50,10694.945315,1.0
-11.0,50,10695.513203,1.0
-34.0,50,10696.094327,1.0
-15.0,50,10696.663231,1.0
-15.0,50,10697.231571,1.0
-7.0,50,10697.800745,1.0
-12.0,50,10698.381324,1.0
-13.0,50,10698.950092,1.0
-15.0,50,10699.516514,1.0
-11.0,50,10700.092556,1.0
-8.0,50,10700.678036,1.0
-14.0,50,10701.252278,1.0
-15.0,50,10701.826467,1.0
-23.0,50,10702.404601,1.0
-8.0,50,10702.987576,1.0
-13.0,50,10703.561052,1.0
-13.0,50,10704.132767,1.0
-22.0,50,10704.704004,1.0
-7.0,50,10707.670707,1.0
-4.0,50,10708.248947,1.0
-8.0,50,10708.819985,1.0
-9.0,50,10709.396968,1.0
-21.0,50,10709.98284,1.0
-44.0,50,10710.557085,1.0
-15.0,50,10711.135476,1.0
-34.0,50,10711.710416,1.0
-20.0,50,10712.294983,1.0
-12.0,50,10712.871678,1.0
-20.0,50,10713.451133,1.0
-10.0,50,10714.024065,1.0
-24.0,50,10714.605487,1.0
-14.0,50,10715.179991,1.0
-10.0,50,10715.749092,1.0
-31.0,50,10716.322734,1.0
-13.0,50,10716.909194,1.0
-18.0,50,10717.486464,1.0
-33.0,50,10718.06372,1.0
-8.0,50,10718.63887,1.0
-25.0,50,10719.223399,1.0
-13.0,50,10719.806983,1.0
-7.0,50,10720.383563,1.0
-37.0,50,10720.950189,1.0
-14.0,50,10721.528811,1.0
-50.0,50,10722.107658,0.0
-7.0,50,10722.682355,1.0
-17.0,50,10723.253251,1.0
-12.0,50,10723.844084,1.0
-12.0,50,10724.411699,1.0
-10.0,50,10724.985901,1.0
-14.0,50,10725.557548,1.0
0.0,50,10726.143198,1.0
-14.0,50,10726.712662,1.0
-28.0,50,10727.285314,1.0
-10.0,50,10727.857678,1.0
-32.0,50,10728.440744,1.0
-13.0,50,10729.011822,1.0
-9.0,50,10729.587557,1.0
-15.0,50,10730.162028,1.0
-13.0,50,10730.74284,1.0
-14.0,50,10731.316041,1.0
-16.0,50,10731.886206,1.0
-26.0,50,10732.458947,1.0
-17.0,50,10733.040082,1.0
0.0,50,10733.615349,1.0
-10.0,50,10734.1907,1.0
-36.0,50,10734.755548,1.0
-20.0,50,10735.332364,1.0
-6.0,50,10735.900913,1.0
-14.0,50,10736.46726,1.0
-22.0,50,10737.041431,1.0
-21.0,50,10737.625537,1.0
-9.0,50,10738.197897,1.0
-12.0,50,10738.769953,1.0
-20.0,50,10739.341406,1.0
-29.0,50,10739.924561,1.0
-20.0,50,10740.500194,1.0
-16.0,50,10741.075459,1.0
-50.0,50,10741.650384,0.0
-7.0,50,10742.232606,1.0
-9.0,50,10742.808012,1.0
-7.0,50,10743.377242,1.0
-13.0,50,10743.953251,1.0
-7.0,50,10744.533605,1.0
-10.0,50,10745.107881,1.0
-18.0,50,10745.678377,1.0
-14.0,50,10746.246243,1.0
-6.0,50,10746.829371,1.0
-8.0,50,10747.402857,1.0
-14.0,50,10747.968467,1.0
-23.0,50,10748.541583,1.0
-20.0,50,10749.126167,1.0
-18.0,50,10749.716047,1.0
-15.0,50,10750.289767,1.0
-6.0,50,10750.866278,1.0
-5.0,50,10751.452924,1.0
-15.0,50,10752.021244,1.0
-18.0,50,10752.592906,1.0
-23.0,50,10753.164376,1.0
-14.0,50,10753.748395,1.0
-36.0,50,10754.319395,1.0
-10.0,50,10754.892046,1.0
-13.0,50,10755.46394,1.0
-14.0,50,10756.042511,1.0
-9.0,50,10756.613045,1.0
-6.0,50,10757.185649,1.0
-28.0,50,10757.760458,1.0
-8.0,50,10758.33584,1.0
-12.0,50,10758.909688,1.0
-7.0,50,10759.483776,1.0
-24.0,50,10760.060639,1.0
-12.0,50,10760.633895,1.0
-18.0,50,10761.210304,1.0
-7.0,50,10761.780035,1.0
-7.0,50,10762.361749,1.0
-7.0,50,10762.950096,1.0
-13.0,50,10763.525953,1.0
-25.0,50,10764.099535,1.0
0.0,50,10764.674178,1.0
0.0,50,10765.253198,1.0
-14.0,50,10765.824328,1.0
-15.0,50,10766.398346,1.0
-15.0,50,10766.966018,1.0
-13.0,50,10767.549926,1.0
-22.0,50,10768.120612,1.0
0.0,50,10768.699528,1.0
0.0,50,10769.27257,1.0
-14.0,50,10769.857297,1.0
-13.0,50,10770.432583,1.0
0.0,50,10771.005696,1.0
-21.0,50,10771.578972,1.0
-12.0,50,10772.161828,1.0
-7.0,50,10772.726517,1.0
0.0,50,10773.296653,1.0
-35.0,50,10773.86373,1.0
-11.0,50,10774.445375,1.0
-10.0,50,10775.016642,1.0
-16.0,50,10775.582269,1.0
-23.0,50,10776.156228,1.0
-11.0,50,10776.737445,1.0
-46.0,50,10777.307278,0.0
0.0,50,10777.870495,1.0
-17.0,50,10778.437686,1.0
-13.0,50,10779.018918,1.0
-21.0,50,10779.604907,1.0
-14.0,50,10780.179472,1.0
-40.0,50,10780.750608,1.0
-11.0,50,10781.336389,1.0
-14.0,50,10781.90678,1.0
-34.0,50,10782.474714,1.0
-32.0,50,10783.047898,1.0
-44.0,50,10783.628781,1.0
-14.0,50,10784.19664,1.0
-13.0,50,10784.772316,1.0
-26.0,50,10785.338974,1.0
-10.0,50,10785.915573,1.0
-8.0,50,10786.488232,1.0
-10.0,50,10787.054636,1.0
-16.0,50,10787.623516,1.0
0.0,50,10788.212036,1.0
-32.0,50,10788.783138,1.0
-7.0,50,10789.350732,1.0
-50.0,50,10789.92701,0.0
-50.0,50,10790.50893,0.0
-11.0,50,10791.07917,1.0
-10.0,50,10791.650811,1.0
-9.0,50,10792.222486,1.0
-8.0,50,10792.805454,1.0
-19.0,50,10793.377335,1.0
-25.0,50,10793.949519,1.0
-32.0,50,10794.52158,1.0
-8.0,50,10795.103423,1.0
-19.0,50,10795.680616,1.0
0.0,50,10796.254396,1.0
-25.0,50,10796.823654,1.0
-18.0,50,10797.396318,1.0
-13.0,50,10797.968391,1.0
-11.0,50,10798.540649,1.0
-14.0,50,10799.10665,1.0
-10.0,50,10799.683742,1.0
-9.0,50,10800.255823,1.0
-3.0,50,10800.828561,1.0
-11.0,50,10801.39386,1.0
-8.0,50,10801.97358,1.0
-14.0,50,10802.537347,1.0
-13.0,50,10803.109248,1.0
-30.0,50,10803.677484,1.0
-10.0,50,10804.254225,1.0
0.0,50,10804.827886,1.0
-3.0,50,10805.399578,1.0
-33.0,50,10805.96463,0.0
-10.0,50,10806.541051,1.0
-6.0,50,10807.118034,1.0
-17.0,50,10807.682572,1.0
-12.0,50,10808.252708,1.0
-11.0,50,10808.836488,1.0
-12.0,50,10809.408201,1.0
-26.0,50,10809.986224,1.0
-33.0,50,10810.555628,1.0
-14.0,50,10811.137568,1.0
-13.0,50,10811.707138,1.0
-30.0,50,10812.277363,1.0
-17.0,50,10812.850763,1.0
-19.0,50,10813.426584,1.0
-9.0,50,10813.997466,1.0
-14.0,50,10814.567683,1.0
-11.0,50,10815.137631,1.0
-13.0,50,10815.717421,1.0
-20.0,50,10816.28397,1.0
0.0,50,10816.851984,1.0
-18.0,50,10817.418658,1.0
-17.0,50,10817.997638,1.0
0.0,50,10818.569072,1.0
-5.0,50,10819.14167,1.0
0.0,50,10819.712865,1.0
-3.0,50,10820.288466,1.0
-7.0,50,10820.86075,1.0
-17.0,50,10821.429624,1.0
-14.0,50,10822.002875,1.0
-15.0,50,10824.993873,1.0
-13.0,50,10825.561323,1.0
-20.0,50,10826.12429,1.0
0.0,50,10826.698866,1.0
-6.0,50,10827.276211,1.0
-26.0,50,10827.850946,1.0
-17.0,50,10828.421328,1.0
-8.0,50,10828.992067,1.0
-9.0,50,10829.572109,1.0
-12.0,50,10830.140912,1.0
0.0,50,10830.706028,1.0
-7.0,50,10831.269296,1.0
-10.0,50,10831.848187,1.0
-12.0,50,10832.420971,1.0
-17.0,50,10832.982485,1.0
-14.0,50,10833.558566,1.0
-32.0,50,10834.135508,1.0
-24.0,50,10834.699693,1.0
-8.0,50,10835.262682,1.0
-12.0,50,10835.831915,1.0
-9.0,50,10836.407457,1.0
-19.0,50,10836.975502,1.0
-13.0,50,10837.544691,1.0
-10.0,50,10838.115612,1.0
-12.0,50,10838.691328,1.0
-14.0,50,10839.266035,1.0
-13.0,50,10839.850017,1.0
0.0,50,10840.421873,1.0
-9.0,50,10841.003335,1.0
-13.0,50,10841.5745,1.0
-34.0,50,10842.144413,1.0
-12.0,50,10842.715362,1.0
-16.0,50,10843.293411,1.0
-13.0,50,10843.858653,1.0
-14.0,50,10844.430324,1.0
-14.0,50,10845.001747,1.0
-7.0,50,10845.57723,1.0
-48.0,50,10846.148423,1.0
-14.0,50,10846.72061,1.0
-18.0,50,10847.286792,1.0
-11.0,50,10847.872931,1.0
-31.0,50,10848.442208,1.0
-11.0,50,10849.007307,1.0
-7.0,50,10849.562033,1.0
-50.0,50,10850.141646,0.0
-9.0,50,10850.708632,1.0
-7.0,50,10851.270772,1.0
-13.0,50,10851.841921,1.0
0.0,50,10852.429231,1.0
-13.0,50,10853.001579,1.0
-30.0,50,10853.572991,1.0
-6.0,50,10854.145696,1.0
-11.0,50,10854.716132,1.0
-49.0,50,10855.276491,0.0
-11.0,50,10855.841311,1.0
-12.0,50,10856.409523,1.0
-35.0,50,10856.984066,1.0
-10.0,50,10857.547929,1.0
-17.0,50,10858.114177,1.0
-11.0,50,10858.673896,1.0
-29.0,50,10859.24884,1.0
-31.0,50,10859.81127,1.0
-13.0,50,10860.379255,1.0
-14.0,50,10860.946083,1.0
-26.0,50,10861.519176,1.0
-8.0,50,10862.080666,1.0
-17.0,50,10862.647002,1.0
-17.0,50,10863.207096,1.0
-15.0,50,10863.785867,1.0
-20.0,50,10864.352802,1.0
-12.0,50,10864.914771,1.0
0.0,50,10865.476147,1.0
-7.0,50,10866.046823,1.0
-18.0,50,10866.612099,1.0
-26.0,50,10867.178869,1.0
-9.0,50,10867.745486,1.0
-50.0,50,10868.320391,0.0
-14.0,50,10868.888407,1.0
0.0,50,10869.456499,1.0
0.0,50,10870.026057,1.0
-29.0,50,10870.600099,1.0
-13.0,50,10871.171044,1.0
0.0,50,10871.734303,1.0
-19.0,50,10872.299632,1.0
-12.0,50,10872.86689,1.0
-11.0,50,10873.438494,1.0
-14.0,50,10874.012825,1.0
-13.0,50,10874.581426,1.0
-22.0,50,10875.157536,1.0
-15.0,50,10875.730895,1.0
-9.0,50,10876.302113,1.0
-14.0,50,10876.867909,1.0
0.0,50,10877.448169,1.0
-16.0,50,10878.019062,1.0
-23.0,50,10878.592787,1.0
-4.0,50,10879.167517,1.0
0.0,50,10879.747144,1.0
-12.0,50,10880.317683,1.0
0.0,50,10880.894938,1.0
-15.0,50,10881.465703,1.0
-15.0,50,10882.045131,1.0
-9.0,50,10882.618869,1.0
-18.0,50,10883.189803,1.0
-12.0,50,10883.760697,1.0
-13.0,50,10884.337815,1.0
-12.0,50,10884.907721,1.0
-19.0,50,10885.477779,1.0
-10.0,50,10886.044904,1.0
-15.0,50,10886.617053,1.0
-11.0,50,10887.189045,1.0
-47.0,50,10887.762147,0.0
-26.0,50,10888.326891,1.0
-46.0,50,10888.900149,0.0
-14.0,50,10889.470802,1.0
-47.0,50,10890.03669,0.0
-12.0,50,10890.608382,1.0
-16.0,50,10891.184506,1.0
-13.0,50,10891.755766,1.0
-20.0,50,10892.326213,1.0
-13.0,50,10892.900899,1.0
-8.0,50,10893.486072,1.0
-10.0,50,10894.05627,1.0
-12.0,50,10894.630399,1.0
-5.0,50,10895.205745,1.0
-41.0,50,10895.780918,1.0
-31.0,50,10896.354253,1.0
-17.0,50,10896.927178,1.0
-8.0,50,10897.499626,1.0
-8.0,50,10898.077293,1.0
-24.0,50,10898.643647,1.0
-17.0,50,10899.212929,1.0
-10.0,50,10899.797112,1.0
-13.0,50,10900.373593,1.0
-9.0,50,10900.944831,1.0
-3.0,50,10901.51687,1.0
0.0,50,10902.089686,1.0
-18.0,50,10902.669909,1.0
-6.0,50,10903.239062,1.0
-16.0,50,10903.808992,1.0
-39.0,50,10904.379235,0.0
0.0,50,10904.96095,1.0
-9.0,50,10905.53024,1.0
-14.0,50,10906.098983,1.0
-16.0,50,10906.668688,1.0
-20.0,50,10907.245643,1.0
-14.0,50,10907.81941,1.0
-23.0,50,10908.392715,1.0
-11.0,50,10908.964862,1.0
-50.0,50,10909.546717,0.0
-13.0,50,10910.112703,1.0
-7.0,50,10910.683378,1.0
-14.0,50,10911.253161,1.0
-22.0,50,10911.83704,1.0
-24.0,50,10912.409892,1.0
-3.0,50,10912.985542,1.0
-14.0,50,10913.556141,0.0
-42.0,50,10914.139304,1.0
0.0,50,10914.715199,1.0
-8.0,50,10915.287207,1.0
-5.0,50,10915.863709,1.0
-8.0,50,10916.446309,1.0
-10.0,50,10917.019274,1.0
-12.0,50,10917.587884,1.0
-14.0,50,10918.159129,1.0
0.0,50,10918.741171,1.0
-21.0,50,10919.315184,1.0
0.0,50,10919.889313,1.0
-6.0,50,10920.462484,1.0
-9.0,50,10921.044936,1.0
-17.0,50,10921.615631,1.0
-50.0,50,10922.184419,0.0
-22.0,50,10922.750203,1.0
-40.0,50,10923.336037,1.0
-7.0,50,10923.907732,1.0
-14.0,50,10924.484067,1.0
-9.0,50,10925.050584,1.0
-12.0,50,10925.634637,1.0
-11.0,50,10926.205223,1.0
-18.0,50,10926.776296,1.0
-23.0,50,10927.347281,1.0
-14.0,50,10927.925966,1.0
-7.0,50,10928.493051,1.0
-12.0,50,10929.067225,1.0
0.0,50,10929.656992,1.0
-18.0,50,10930.239378,1.0
-15.0,50,10930.811218,1.0
-18.0,50,10931.384838,1.0
-50.0,50,10931.952169,0.0
-14.0,50,10932.534803,1.0
-24.0,50,10933.108396,1.0
-15.0,50,10933.678063,1.0
-20.0,50,10934.248492,1.0
-21.0,50,10934.829399,1.0
-11.0,50,10935.405224,1.0
-11.0,50,10935.976279,1.0
-8.0,50,10936.548345,1.0
-7.0,50,10937.130451,1.0
-27.0,50,10937.702935,1.0
0.0,50,10938.276782,1.0
-16.0,50,10938.845042,1.0
-34.0,50,10941.771877,1.0
-8.0,50,10942.348264,1.0
-16.0,50,10942.922508,1.0
-18.0,50,10943.499181,1.0
-12.0,50,10944.085278,1.0
-11.0,50,10944.661553,1.0
-8.0,50,10945.233942,1.0
-10.0,50,10945.806702,1.0
-23.0,50,10946.386659,1.0
-8.0,50,10946.964784,1.0
-7.0,50,10947.537549,1.0
-16.0,50,10948.113337,1.0
-5.0,50,10948.693337,1.0
-14.0,50,10949.268384,1.0
-11.0,50,10949.839603,1.0
-8.0,50,10950.40992,1.0
-30.0,50,10950.990231,1.0
-9.0,50,10951.564828,1.0
-5.0,50,10952.138269,1.0
-32.0,50,10952.70935,1.0
-11.0,50,10953.301249,1.0
-18.0,50,10953.871596,1.0
-6.0,50,10954.445178,1.0
0.0,50,10955.016234,1.0
-11.0,50,10955.601094,1.0
-11.0,50,10956.17715,1.0
-18.0,50,10956.7509,1.0
-21.0,50,10957.326257,1.0
-16.0,50,10957.906949,1.0
-7.0,50,10958.477074,1.0
-12.0,50,10959.046794,1.0
-19.0,50,10959.626061,1.0
-13.0,50,10960.207097,1.0
-11.0,50,10960.782189,1.0
0.0,50,10961.351583,1.0
-14.0,50,10961.926872,1.0
-14.0,50,10962.506119,1.0
-14.0,50,10963.072379,1.0
-12.0,50,10963.639083,1.0
-13.0,50,10964.20006,1.0
-12.0,50,10964.773696,1.0
-28.0,50,10965.344597,1.0
-9.0,50,10965.921498,1.0
-12.0,50,10966.496185,1.0
-6.0,50,10967.074244,1.0
-11.0,50,10967.646753,1.0
-32.0,50,10968.223018,1.0
-12.0,50,10968.78888,1.0
-24.0,50,10969.369586,1.0
-26.0,50,10969.942971,1.0
0.0,50,10970.519607,1.0
-7.0,50,10971.087226,1.0
-19.0,50,10971.672678,1.0
-14.0,50,10972.246052,1.0
-14.0,50,10972.817775,1.0
-50.0,50,10973.392269,0.0
-16.0,50,10973.980145,1.0
-50.0,50,10974.553924,0.0
0.0,50,10975.135378,1.0
-9.0,50,10975.711047,1.0
-6.0,50,10976.292363,1.0
-27.0,50,10976.866361,1.0
-9.0,50,10977.442405,1.0
-17.0,50,10978.017303,1.0
-9.0,50,10978.597474,1.0
-16.0,50,10979.171297,1.0
-15.0,50,10979.746682,1.0
-7.0,50,10980.324176,1.0
-15.0,50,10980.906456,1.0
-16.0,50,10981.480605,1.0
-19.0,50,10982.052781,1.0
-10.0,50,10982.62866,1.0
-8.0,50,10983.207919,1.0
-8.0,50,10983.782857,1.0
-42.0,50,10984.360018,1.0
0.0,50,10984.937706,1.0
-10.0,50,10985.520732,1.0
-7.0,50,10986.097719,1.0
0.0,50,10986.673981,1.0
-12.0,50,10987.251043,1.0
-47.0,50,10987.835509,0.0
-13.0,50,10988.410579,1.0
-16.0,50,10988.988208,1.0
-10.0,50,10989.573039,1.0
-11.0,50,10990.157866,1.0
-7.0,50,10990.730491,1.0
-50.0,50,10991.299542,0.0
-17.0,50,10991.876831,1.0
-11.0,50,10992.458736,1.0
-16.0,50,10993.032382,1.0
-13.0,50,10993.604094,1.0
-20.0,50,10994.179694,1.0
-20.0,50,10994.762279,1.0
-20.0,50,10995.333515,1.0
-9.0,50,10995.906784,1.0
-12.0,50,10996.479358,1.0
-8.0,50,10997.062474,1.0
-17.0,50,10997.636029,1.0
-17.0,50,10998.214271,1.0
-13.0,50,10998.791414,1.0
-20.0,50,10999.368205,1.0
-12.0,50,10999.941863,1.0
-12.0,50,11000.514912,1.0
-50.0,50,11001.083517,0.0
-14.0,50,11001.665028,1.0
-13.0,50,11002.24034,1.0
-15.0,50,11002.817742,1.0
-15.0,50,11003.390045,1.0
0.0,50,11003.974236,1.0
-13.0,50,11004.549181,1.0
-10.0,50,11005.120372,1.0
-11.0,50,11005.697039,1.0
-9.0,50,11006.275707,1.0
-14.0,50,11006.845189,1.0
-16.0,50,11007.418386,1.0
-16.0,50,11007.991929,1.0
-12.0,50,11008.56977,1.0
-11.0,50,11009.145579,1.0
-8.0,50,11009.720134,1.0
-23.0,50,11010.293395,1.0
-24.0,50,11010.874214,1.0
-12.0,50,11011.444666,1.0
-8.0,50,11012.020608,1.0
-9.0,50,11012.5956,1.0
-5.0,50,11013.178949,1.0
-28.0,50,11013.753353,1.0
-9.0,50,11014.327265,1.0
-11.0,50,11014.902816,1.0
-11.0,50,11015.484139,1.0
-14.0,50,11016.061523,1.0
-9.0,50,11016.639251,1.0
-20.0,50,11017.213286,1.0
-20.0,50,11017.797011,1.0
-16.0,50,11018.375031,1.0
-11.0,50,11018.954092,1.0
-16.0,50,11019.542155,1.0
-50.0,50,11020.125614,0.0
-49.0,50,11020.703478,1.0
-18.0,50,11021.274277,1.0
-10.0,50,11021.83931,1.0
-12.0,50,11022.418551,1.0
-7.0,50,11022.985953,1.0
-12.0,50,11023.553821,1.0
-9.0,50,11024.125612,1.0
-26.0,50,11024.700582,1.0
-10.0,50,11025.273826,1.0
-17.0,50,11025.841866,1.0
-39.0,50,11026.410589,1.0
-11.0,50,11026.984153,1.0
-13.0,50,11027.547976,1.0
-10.0,50,11028.120373,1.0
-8.0,50,11028.696112,1.0
-10.0,50,11029.281117,1.0
-30.0,50,11029.857725,1.0
-12.0,50,11030.435463,1.0
-17.0,50,11031.012785,1.0
-25.0,50,11031.596772,1.0
-16.0,50,11032.176852,1.0
-20.0,50,11032.754567,1.0
-25.0,50,11033.332295,1.0
-8.0,50,11033.921165,1.0
-16.0,50,11034.489974,1.0
-6.0,50,11035.073196,1.0
-6.0,50,11035.64866,1.0
-50.0,50,11036.232332,0.0
-7.0,50,11036.811386,1.0
-10.0,50,11037.387183,1.0
-6.0,50,11037.956622,1.0
-12.0,50,11038.560403,1.0
-44.0,50,11039.134319,1.0
-17.0,50,11039.71434,1.0
-6.0,50,11040.291225,1.0
-8.0,50,11040.869931,1.0
-26.0,50,11041.45058,1.0
-10.0,50,11042.031229,1.0
-12.0,50,11042.603514,1.0
-19.0,50,11043.192024,1.0
-5.0,50,11043.767864,1.0
-19.0,50,11044.344517,1.0
-10.0,50,11044.923085,1.0
-15.0,50,11045.5181,1.0
-13.0,50,11046.093701,1.0
-50.0,50,11046.664961,0.0
-13.0,50,11047.240132,1.0
-13.0,50,11047.824092,1.0
-9.0,50,11048.396854,1.0
-10.0,50,11048.975439,1.0
-20.0,50,11049.568042,1.0
-25.0,50,11050.155825,1.0
-7.0,50,11050.724032,1.0
-15.0,50,11051.297945,1.0
-15.0,50,11051.876729,1.0
-29.0,50,11052.460171,1.0
-15.0,50,11053.034873,1.0
-10.0,50,11053.607702,1.0
-15.0,50,11054.184816,1.0
-11.0,50,11054.769635,1.0
-12.0,50,11055.341817,1.0
-50.0,50,11055.92744,0.0
-50.0,50,11056.51763,0.0
-26.0,50,11059.482287,0.0
-20.0,50,11060.061948,1.0
-7.0,50,11060.636662,1.0
-12.0,50,11061.212535,1.0
-17.0,50,11061.797451,1.0
-6.0,50,11062.376158,1.0
-14.0,50,11062.953631,1.0
-20.0,50,11063.524391,1.0
-16.0,50,11064.106614,1.0
0.0,50,11064.67873,1.0
-14.0,50,11065.25799,1.0
-13.0,50,11065.829838,1.0
-4.0,50,11066.414152,1.0
-20.0,50,11066.988713,1.0
-17.0,50,11067.564997,1.0
-30.0,50,11068.141317,1.0
-8.0,50,11068.727556,1.0
-13.0,50,11069.303081,1.0
-42.0,50,11069.8734,1.0
-13.0,50,11070.448812,1.0
-10.0,50,11071.031245,1.0
-13.0,50,11071.605166,1.0
-9.0,50,11072.183773,1.0
-29.0,50,11072.758673,1.0
-10.0,50,11073.343565,1.0
-10.0,50,11073.917671,1.0
-16.0,50,11074.489855,1.0
-19.0,50,11075.055933,1.0
-11.0,50,11075.637428,1.0
-10.0,50,11076.208097,1.0
-19.0,50,11076.77721,1.0
-13.0,50,11077.344275,1.0
-12.0,50,11077.915553,1.0
-5.0,50,11078.480831,1.0
-22.0,50,11079.048541,1.0
-19.0,50,11079.623526,1.0
-13.0,50,11080.204783,1.0
-50.0,50,11080.780479,0.0
-12.0,50,11081.351357,1.0
-9.0,50,11081.924752,1.0
-8.0,50,11082.500269,1.0
-11.0,50,11083.071707,1.0
-18.0,50,11083.643476,1.0
-10.0,50,11084.211487,1.0
-12.0,50,11084.795906,1.0
-15.0,50,11085.370013,1.0
-15.0,50,11085.945163,1.0
-20.0,50,11086.517694,1.0
-8.0,50,11087.100773,1.0
-6.0,50,11087.674526,1.0
-7.0,50,11088.256637,1.0
-9.0,50,11088.828994,1.0
-10.0,50,11089.408954,1.0
0.0,50,11089.983462,1.0
-14.0,50,11090.55443,1.0
-46.0,50,11091.130531,1.0
-50.0,50,11091.714599,0.0
-13.0,50,11092.290776,1.0
-32.0,50,11092.863289,1.0
0.0,50,11093.438941,1.0
-10.0,50,11094.018269,1.0
-10.0,50,11094.592236,1.0
0.0,50,11095.165581,1.0
0.0,50,11095.734648,1.0
-10.0,50,11096.316864,1.0
-39.0,50,11096.891609,1.0
-25.0,50,11097.46515,1.0
-19.0,50,11098.040714,1.0
-14.0,50,11098.623268,1.0
-9.0,50,11099.195498,1.0
-50.0,50,11099.773265,0.0
-12.0,50,11100.346422,1.0
-10.0,50,11100.926888,1.0
-17.0,50,11101.496787,1.0
-8.0,50,11102.065871,1.0
-13.0,50,11102.632287,1.0
-2.0,50,11103.212092,1.0
-24.0,50,11103.778671,1.0
-21.0,50,11104.350123,1.0
-22.0,50,11104.920257,1.0
-6.0,50,11105.498822,1.0
-10.0,50,11106.065957,1.0
-9.0,50,11106.631747,1.0
-22.0,50,11107.203138,1.0
-14.0,50,11107.781041,1.0
-47.0,50,11108.348177,1.0
-6.0,50,11108.922061,1.0
-17.0,50,11109.498776,1.0
-13.0,50,11110.086808,1.0
-11.0,50,11110.648756,1.0
-12.0,50,11111.213282,1.0
-10.0,50,11111.782974,1.0
-21.0,50,11112.361786,1.0
-39.0,50,11112.932806,1.0
-19.0,50,11113.50667,1.0
-4.0,50,11114.078739,1.0
-30.0,50,11114.652904,1.0
-16.0,50,11115.223897,1.0
-8.0,50,11115.796434,1.0
0.0,50,11116.367122,1.0
-9.0,50,11116.95067,1.0
-5.0,50,11117.528908,1.0
-27.0,50,11118.100912,1.0
-18.0,50,11118.670707,1.0
-5.0,50,11119.256326,1.0
-17.0,50,11119.832932,1.0
0.0,50,11120.409691,1.0
-23.0,50,11120.979563,1.0
-17.0,50,11121.558986,1.0
-6.0,50,11122.130562,1.0
-7.0,50,11122.702821,1.0
-15.0,50,11123.280924,1.0
-13.0,50,11123.862956,1.0
-17.0,50,11124.432657,1.0
-11.0,50,11125.006915,1.0
-15.0,50,11125.576192,1.0
-10.0,50,11126.159211,1.0
0.0,50,11126.733731,1.0
-14.0,50,11127.30727,1.0
-8.0,50,11127.87837,1.0
-14.0,50,11128.46069,1.0
-12.0,50,11129.035656,1.0
-8.0,50,11129.604853,1.0
-48.0,50,11130.185135,1.0
0.0,50,11130.768229,1.0
-14.0,50,11131.34527,1.0
-25.0,50,11131.915869,1.0
-16.0,50,11132.488844,1.0
-11.0,50,11133.071359,1.0
-12.0,50,11133.642315,1.0
-14.0,50,11134.215151,1.0
0.0,50,11134.78907,1.0
-14.0,50,11135.367112,1.0
-29.0,50,11135.937034,1.0
-12.0,50,11136.513859,1.0
-15.0,50,11137.085219,1.0
-16.0,50,11137.670389,1.0
-7.0,50,11138.24756,1.0
-26.0,50,11138.825601,1.0
-7.0,50,11139.405759,1.0
-29.0,50,11139.992704,1.0
-19.0,50,11140.562993,1.0
-41.0,50,11141.130987,1.0
-17.0,50,11141.703864,1.0
-16.0,50,11142.281628,1.0
-15.0,50,11142.853799,1.0
-34.0,50,11143.422849,1.0
-16.0,50,11143.991792,1.0
-10.0,50,11144.569046,1.0
-26.0,50,11145.138096,1.0
-16.0,50,11145.709615,1.0
-17.0,50,11146.281868,1.0
-10.0,50,11146.864931,1.0
-4.0,50,11147.436335,1.0
-13.0,50,11148.011415,1.0
-6.0,50,11148.581944,1.0
-9.0,50,11149.159625,1.0
-13.0,50,11149.730278,1.0
-16.0,50,11150.296846,1.0
-16.0,50,11150.867117,1.0
-9.0,50,11151.443141,1.0
-18.0,50,11152.013999,1.0
-18.0,50,11152.581985,1.0
-12.0,50,11153.156213,1.0
-10.0,50,11153.738255,1.0
-10.0,50,11154.30977,1.0
-10.0,50,11154.883319,1.0
-13.0,50,11155.451845,1.0
-18.0,50,11156.03246,1.0
-12.0,50,11156.605706,1.0
-22.0,50,11157.173774,1.0
-10.0,50,11157.74562,1.0
-17.0,50,11158.322865,1.0
-16.0,50,11158.895505,1.0
-21.0,50,11159.462411,1.0
-16.0,50,11160.036085,1.0
-17.0,50,11160.617322,1.0
-17.0,50,11161.185959,1.0
-16.0,50,11161.750541,1.0
-13.0,50,11162.321687,1.0
-19.0,50,11162.900418,1.0
-14.0,50,11163.470137,1.0
-11.0,50,11164.041962,1.0
-16.0,50,11164.616832,1.0
-46.0,50,11165.192338,1.0
-15.0,50,11165.761403,1.0
-50.0,50,11166.329823,0.0
-24.0,50,11166.90229,1.0
-18.0,50,11167.484069,1.0
-14.0,50,11168.05333,1.0
-13.0,50,11168.622054,1.0
-16.0,50,11169.1938,1.0
-15.0,50,11169.786211,1.0
-10.0,50,11170.357582,1.0
-13.0,50,11170.927028,1.0
-24.0,50,11171.498674,1.0
-17.0,50,11172.07873,1.0
-10.0,50,11172.650957,1.0
-16.0,50,11173.224325,1.0
-6.0,50,11173.790928,1.0
-11.0,50,11176.80791,1.0
-9.0,50,11177.379683,1.0
-9.0,50,11177.947478,1.0
-9.0,50,11178.517816,1.0
-11.0,50,11179.097,1.0
-12.0,50,11179.667597,1.0
-13.0,50,11180.240817,1.0
-16.0,50,11180.820479,1.0
-9.0,50,11181.405161,1.0
-14.0,50,11181.974678,1.0
-9.0,50,11182.545748,1.0
-6.0,50,11183.116018,1.0
-10.0,50,11183.693837,1.0
-17.0,50,11184.259653,1.0
-18.0,50,11184.82949,1.0
-28.0,50,11185.397817,1.0
-20.0,50,11185.976867,1.0
-23.0,50,11186.543993,1.0
-15.0,50,11187.108271,1.0
-12.0,50,11187.675308,1.0
-12.0,50,11188.261209,1.0
-8.0,50,11188.829142,1.0
-33.0,50,11189.398297,1.0
-11.0,50,11189.972176,1.0
-50.0,50,11190.540043,0.0
-11.0,50,11191.108932,1.0
-16.0,50,11191.677012,1.0
-15.0,50,11192.242272,1.0
-7.0,50,11192.817118,1.0
-14.0,50,11193.381116,1.0
-10.0,50,11193.952369,1.0
-14.0,50,11194.526018,1.0
0.0,50,11195.107981,1.0
-18.0,50,11195.682365,1.0
-8.0,50,11196.253182,1.0
-11.0,50,11196.825126,1.0
-7.0,50,11197.400898,1.0
-24.0,50,11197.978815,0.0
-15.0,50,11198.549523,1.0
-15.0,50,11199.114912,1.0
-8.0,50,11199.696063,1.0
-10.0,50,11200.257338,1.0
-10.0,50,11200.817889,1.0
-15.0,50,11201.379128,1.0
-17.0,50,11201.952256,1.0
-50.0,50,11202.511998,0.0
-15.0,50,11203.072182,1.0
-8.0,50,11203.634797,1.0
-19.0,50,11204.203048,1.0
-10.0,50,11204.762913,1.0
-6.0,50,11205.319286,1.0
-10.0,50,11205.874475,1.0
-9.0,50,11206.447126,1.0
-8.0,50,11207.008017,1.0
-9.0,50,11207.566007,1.0
-17.0,50,11208.125934,1.0
-31.0,50,11208.696028,1.0
-1.0,50,11209.262249,1.0
-12.0,50,11209.825046,1.0
-9.0,50,11210.394845,1.0
-30.0,50,11210.96633,1.0
-5.0,50,11211.533359,1.0
-18.0,50,11212.095259,1.0
-15.0,50,11212.661703,1.0
-42.0,50,11213.231387,0.0
-12.0,50,11213.791073,1.0
-32.0,50,11214.356753,1.0
-17.0,50,11214.918148,1.0
-12.0,50,11215.492785,1.0
-39.0,50,11216.055501,1.0
-13.0,50,11216.621062,1.0
-12.0,50,11217.185857,1.0
-15.0,50,11217.762093,1.0
-6.0,50,11218.322326,1.0
-5.0,50,11218.884372,1.0
-11.0,50,11219.448711,1.0
-50.0,50,11220.017978,0.0
-7.0,50,11220.583968,1.0
0.0,50,11221.149554,1.0
-7.0,50,11221.713629,1.0
-10.0,50,11222.287665,1.0
-11.0,50,11222.849031,1.0
-19.0,50,11223.409497,1.0
-9.0,50,11223.973837,1.0
-9.0,50,11224.549773,1.0
-15.0,50,11225.111757,1.0
-8.0,50,11225.672136,1.0
0.0,50,11226.237413,1.0
-39.0,50,11226.807525,1.0
-16.0,50,11227.368881,1.0
-23.0,50,11227.932166,1.0
-12.0,50,11228.494022,1.0
-9.0,50,11229.070811,1.0
0.0,50,11229.640275,1.0
-18.0,50,11230.205544,1.0
-13.0,50,11230.767566,1.0
-21.0,50,11231.339788,1.0
-10.0,50,11231.90614,1.0
-8.0,50,11232.473389,1.0
-9.0,50,11233.031732,1.0
-12.0,50,11233.604916,1.0
-16.0,50,11234.170754,1.0
-16.0,50,11234.734844,1.0
-15.0,50,11235.299579,1.0
-39.0,50,11235.872547,1.0
-8.0,50,11236.436327,1.0
-14.0,50,11237.005318,1.0
-15.0,50,11237.574245,1.0
-18.0,50,11238.153862,1.0
-13.0,50,11238.72015,1.0
-12.0,50,11239.285851,1.0
-16.0,50,11239.848136,1.0
-4.0,50,11240.426744,1.0
-15.0,50,11240.993432,1.0
-15.0,50,11241.560127,1.0
-11.0,50,11242.126125,1.0
-14.0,50,11242.697435,1.0
-16.0,50,11243.263851,1.0
-11.0,50,11243.823165,1.0
-36.0,50,11244.387241,0.0
-6.0,50,11244.960932,1.0
-13.0,50,11245.527316,1.0
-14.0,50,11246.094929,1.0
-10.0,50,11246.658813,1.0
-7.0,50,11247.228436,1.0
-13.0,50,11247.795264,1.0
-11.0,50,11248.362509,1.0
-15.0,50,11248.93039,1.0
-22.0,50,11249.502682,0.0
-11.0,50,11250.071323,1.0
-14.0,50,11250.640949,1.0
-10.0,50,11251.207984,1.0
-28.0,50,11251.779419,1.0
-9.0,50,11252.341496,1.0
0.0,50,11252.905143,1.0
-22.0,50,11253.46899,1.0
-39.0,50,11254.04057,1.0
-8.0,50,11254.604174,1.0
-17.0,50,11255.167638,1.0
-48.0,50,11255.729404,0.0
-50.0,50,11256.307444,0.0
-11.0,50,11256.869285,1.0
-20.0,50,11257.434168,1.0
-10.0,50,11257.997183,1.0
-7.0,50,11258.56842,1.0
-24.0,50,11259.13597,1.0
-8.0,50,11259.715502,1.0
-12.0,50,11260.278515,1.0
-12.0,50,11260.849221,1.0
-16.0,50,11261.414222,1.0
-15.0,50,11261.980669,1.0
-12.0,50,11262.542979,1.0
-7.0,50,11263.114953,1.0
-10.0,50,11263.67851,1.0
-40.0,50,11264.239567,1.0
-21.0,50,11264.803124,1.0
-35.0,50,11265.377789,1.0
-49.0,50,11265.944059,1.0
-7.0,50,11266.510948,1.0
0.0,50,11267.079451,1.0
-11.0,50,11267.650379,1.0
-8.0,50,11268.217347,1.0
-11.0,50,11268.7844,1.0
-17.0,50,11269.343915,1.0
-16.0,50,11269.916591,1.0
-13.0,50,11270.479169,1.0
-8.0,50,11271.043158,1.0
-12.0,50,11271.602769,1.0
-9.0,50,11272.175677,1.0
-12.0,50,11272.736997,1.0
-8.0,50,11273.303375,1.0
0.0,50,11273.871533,1.0
-7.0,50,11274.445715,1.0
-4.0,50,11275.012005,1.0
-16.0,50,11275.573532,1.0
-12.0,50,11276.138748,1.0
-11.0,50,11276.723335,1.0
-20.0,50,11277.289803,1.0
-13.0,50,11277.855047,1.0
-15.0,50,11278.418703,1.0
-5.0,50,11278.996063,1.0
-12.0,50,11279.560293,1.0
-14.0,50,11280.127239,1.0
-15.0,50,11280.691491,1.0
-13.0,50,11281.267073,1.0
-6.0,50,11281.827767,1.0
0.0,50,11282.388829,1.0
-18.0,50,11282.950284,1.0
-7.0,50,11283.526306,1.0
-10.0,50,11284.090865,1.0
-18.0,50,11284.653941,1.0
-13.0,50,11285.217622,1.0
-16.0,50,11285.789172,1.0
-31.0,50,11286.353016,1.0
-20.0,50,11286.918172,1.0
-8.0,50,11287.484861,1.0
-14.0,50,11288.061956,1.0
0.0,50,11288.626897,1.0
-9.0,50,11289.194812,1.0
-11.0,50,11289.766942,1.0
-18.0,50,11292.650295,1.0
-16.0,50,11293.215972,1.0
-18.0,50,11293.781971,1.0
-23.0,50,11294.341144,1.0
-12.0,50,11294.91108,1.0
0.0,50,11295.47642,1.0
-15.0,50,11296.038492,1.0
-12.0,50,11296.600695,1.0
-5.0,50,11297.172125,1.0
-15.0,50,11297.736508,1.0
-15.0,50,11298.299572,1.0
-15.0,50,11298.857715,1.0
-14.0,50,11299.4263,1.0
-19.0,50,11299.988597,1.0
-50.0,50,11300.54457,0.0
-7.0,50,11301.102628,1.0
-8.0,50,11301.672847,1.0
-15.0,50,11302.241096,1.0
-50.0,50,11302.819329,0.0
-9.0,50,11303.397623,1.0
-18.0,50,11303.981678,1.0
-11.0,50,11304.555988,1.0
-14.0,50,11305.129977,1.0
-18.0,50,11305.701147,1.0
-9.0,50,11306.277664,1.0
-13.0,50,11306.845165,1.0
-3.0,50,11307.414231,1.0
-18.0,50,11307.985751,1.0
-12.0,50,11308.57155,1.0
-14.0,50,11309.147576,1.0
-50.0,50,11309.720863,0.0
-21.0,50,11310.295454,1.0
-15.0,50,11310.877187,1.0
0.0,50,11311.454748,1.0
-16.0,50,11312.024424,1.0
-43.0,50,11312.601593,1.0
-47.0,50,11313.180889,0.0
-18.0,50,11313.758592,1.0
-40.0,50,11314.329452,1.0
-13.0,50,11314.903535,1.0
-11.0,50,11315.488856,1.0
-9.0,50,11316.064674,1.0
-11.0,50,11316.638788,1.0
-18.0,50,11317.215285,1.0
-11.0,50,11317.800581,1.0
-13.0,50,11318.375027,1.0
0.0,50,11318.951942,1.0
-14.0,50,11319.531215,1.0
-10.0,50,11320.115611,1.0
-7.0,50,11320.692425,1.0
-41.0,50,11321.264604,0.0
-27.0,50,11321.839205,1.0
-7.0,50,11322.422137,1.0
-17.0,50,11322.994682,1.0
-16.0,50,11323.566272,1.0
-15.0,50,11324.135687,1.0
-7.0,50,11324.716529,1.0
-12.0,50,11325.28811,1.0
-13.0,50,11325.864712,1.0
0.0,50,11326.438397,1.0
-14.0,50,11327.015736,1.0
-21.0,50,11327.587593,1.0
-10.0,50,11328.164211,1.0
0.0,50,11328.73138,1.0
-13.0,50,11329.305727,1.0
-11.0,50,11329.880602,1.0
-8.0,50,11330.450985,1.0
-16.0,50,11331.019872,1.0
-18.0,50,11331.604035,1.0
-34.0,50,11332.175929,0.0
-16.0,50,11332.746863,1.0
-5.0,50,11333.314982,1.0
-11.0,50,11333.895133,1.0
-9.0,50,11334.468822,1.0
-20.0,50,11335.041369,1.0
-27.0,50,11335.616541,1.0
-27.0,50,11336.196322,1.0
-22.0,50,11336.768867,1.0
-14.0,50,11337.342008,1.0
-11.0,50,11337.917223,1.0
-10.0,50,11338.505368,1.0
-12.0,50,11339.079953,1.0
-17.0,50,11339.653842,1.0
-21.0,50,11340.222777,1.0
-9.0,50,11340.808872,1.0
-9.0,50,11341.376379,1.0
-22.0,50,11341.954629,1.0
-10.0,50,11342.528097,1.0
-12.0,50,11343.106195,1.0
-9.0,50,11343.683564,1.0
-17.0,50,11344.257664,1.0
-9.0,50,11344.829363,1.0
-7.0,50,11345.413728,1.0
-9.0,50,11345.991027,1.0
-12.0,50,11346.56781,1.0
-28.0,50,11347.141395,1.0
-13.0,50,11347.726279,1.0
-14.0,50,11348.299979,1.0
-34.0,50,11348.874766,1.0
-7.0,50,11349.452373,1.0
-46.0,50,11350.046551,1.0
-35.0,50,11350.61833,1.0
-16.0,50,11351.191923,1.0
-14.0,50,11351.762431,1.0
-9.0,50,11352.342748,1.0
-12.0,50,11352.91048,1.0
-4.0,50,11353.480525,1.0
-18.0,50,11354.051884,1.0
0.0,50,11354.626681,1.0
-50.0,50,11355.200688,0.0
-14.0,50,11355.773465,1.0
-7.0,50,11356.346472,1.0
-14.0,50,11356.923222,1.0
-8.0,50,11357.492134,1.0
-10.0,50,11358.06841,1.0
-27.0,50,11358.639086,1.0
-12.0,50,11359.213578,1.0
-13.0,50,11359.780258,1.0
0.0,50,11360.347127,1.0
-8.0,50,11360.916207,1.0
-24.0,50,11361.493634,1.0
-15.0,50,11362.057069,1.0
-9.0,50,11362.622518,1.0
-17.0,50,11363.188461,1.0
-22.0,50,11363.762441,1.0
-13.0,50,11364.331532,1.0
-14.0,50,11364.89574,1.0
-5.0,50,11365.462997,1.0
-12.0,50,11366.031383,1.0
-7.0,50,11366.596396,1.0
-15.0,50,11367.165021,1.0
-13.0,50,11367.730672,1.0
-17.0,50,11368.305877,1.0
-12.0,50,11368.870508,1.0
-8.0,50,11369.436345,1.0
-12.0,50,11370.003864,1.0
-13.0,50,11370.579198,1.0
-15.0,50,11371.141737,1.0
-22.0,50,11371.701821,1.0
-18.0,50,11372.264471,1.0
-9.0,50,11372.837492,1.0
-17.0,50,11373.404688,1.0
-34.0,50,11373.966234,1.0
-48.0,50,11374.529192,0.0
-11.0,50,11375.109921,1.0
-13.0,50,11375.678796,1.0
-19.0,50,11376.248036,1.0
-11.0,50,11376.821397,1.0
-11.0,50,11377.401073,1.0
-8.0,50,11377.972773,1.0
-19.0,50,11378.544148,1.0
-32.0,50,11379.113611,1.0
-5.0,50,11379.702917,1.0
-10.0,50,11380.279888,1.0
-31.0,50,11380.846779,1.0
-9.0,50,11381.414863,1.0
-9.0,50,11381.99206,1.0
-5.0,50,11382.562949,1.0
-9.0,50,11383.130046,1.0
-13.0,50,11383.70181,1.0
-9.0,50,11384.281385,1.0
0.0,50,11384.853396,1.0
-13.0,50,11385.420842,1.0
-16.0,50,11385.993478,1.0
-10.0,50,11386.574478,1.0
-14.0,50,11387.148448,1.0
-12.0,50,11387.714649,1.0
-28.0,50,11388.290678,1.0
-15.0,50,11388.874439,1.0
-9.0,50,11389.442846,1.0
-50.0,50,11390.01797,0.0
-8.0,50,11390.592427,1.0
-13.0,50,11391.16904,1.0
-16.0,50,11391.739401,1.0
-11.0,50,11392.310986,1.0
-14.0,50,11392.88361,1.0
-11.0,50,11393.465832,1.0
-17.0,50,11394.03744,1.0
-12.0,50,11394.609045,1.0
-8.0,50,11395.179543,1.0
-13.0,50,11395.762414,1.0
-2.0,50,11396.336561,1.0
-7.0,50,11396.905013,1.0
-11.0,50,11397.47223,1.0
-14.0,50,11398.052511,1.0
-16.0,50,11398.621417,1.0
-7.0,50,11399.189386,1.0
-12.0,50,11399.764432,1.0
-12.0,50,11400.339434,1.0
-9.0,50,11400.91431,1.0
-9.0,50,11401.484961,1.0
-13.0,50,11402.055976,1.0
-17.0,50,11402.633017,1.0
-6.0,50,11403.204346,1.0
-11.0,50,11403.772033,1.0
0.0,50,11404.338055,1.0
0.0,50,11404.922733,1.0
-9.0,50,11405.491943,1.0
-37.0,50,11406.063001,1.0
-30.0,50,11406.633014,1.0
-22.0,50,11409.61425,1.0
0.0,50,11410.184875,1.0
-20.0,50,11410.757418,1.0
-21.0,50,11411.329376,1.0
-14.0,50,11411.908967,1.0
-15.0,50,11412.478361,1.0
-8.0,50,11413.050807,1.0
-8.0,50,11413.618362,1.0
-10.0,50,11414.198747,1.0
-15.0,50,11414.770654,1.0
-14.0,50,11415.339488,1.0
-14.0,50,11415.907945,1.0
-8.0,50,11416.50048,1.0
-8.0,50,11417.067093,1.0
-9.0,50,11417.639979,1.0
-11.0,50,11418.212848,1.0
-11.0,50,11418.797371,1.0
0.0,50,11419.36731,1.0
-15.0,50,11419.936383,1.0
-11.0,50,11420.503262,1.0
-20.0,50,11421.077715,1.0
-7.0,50,11421.646074,1.0
-15.0,50,11422.214871,1.0
-6.0,50,11422.789048,1.0
-19.0,50,11423.364967,1.0
-8.0,50,11423.939284,1.0
0.0,50,11424.511728,1.0
-9.0,50,11425.083724,1.0
0.0,50,11425.663723,1.0
-13.0,50,11426.233733,1.0
-12.0,50,11426.80731,1.0
-16.0,50,11427.378907,1.0
-19.0,50,11427.958879,1.0
-18.0,50,11428.528882,1.0
-15.0,50,11429.103763,1.0
-13.0,50,11429.67559,1.0
-8.0,50,11430.260618,1.0
-23.0,50,11430.834917,1.0
-20.0,50,11431.406031,1.0
-7.0,50,11431.972121,1.0
-28.0,50,11432.553682,1.0
-11.0,50,11433.125757,1.0
-12.0,50,11433.698456,1.0
-19.0,50,11434.267567,1.0
-12.0,50,11434.848003,1.0
-10.0,50,11435.420227,1.0
-8.0,50,11435.987778,1.0
-14.0,50,11436.561853,1.0
-50.0,50,11437.146557,0.0
-10.0,50,11437.71938,1.0
-10.0,50,11438.292089,1.0
-10.0,50,11438.868005,1.0
-14.0,50,11439.446979,1.0
-50.0,50,11440.030009,0.0
-23.0,50,11440.603531,1.0
-13.0,50,11441.176164,1.0
-16.0,50,11441.755187,1.0
-8.0,50,11442.323398,1.0
-5.0,50,11442.890499,1.0
0.0,50,11443.465544,1.0
-8.0,50,11444.046281,1.0
-7.0,50,11444.620502,1.0
-14.0,50,11445.196565,1.0
-13.0,50,11445.772602,1.0
-20.0,50,11446.353747,1.0
0.0,50,11446.924925,1.0
-8.0,50,11447.499591,1.0
-10.0,50,11448.073641,1.0
-5.0,50,11448.646665,1.0
-14.0,50,11449.210795,1.0
-11.0,50,11449.775292,1.0
-12.0,50,11450.340752,1.0
-10.0,50,11450.915451,1.0
-9.0,50,11451.472026,1.0
-16.0,50,11452.035727,1.0
-21.0,50,11452.594808,1.0
-7.0,50,11453.16962,1.0
-9.0,50,11453.734041,1.0
-17.0,50,11454.300349,1.0
0.0,50,11454.864203,1.0
-15.0,50,11455.437797,1.0
-9.0,50,11456.008142,1.0
-18.0,50,11456.574879,1.0
-14.0,50,11457.139801,1.0
-10.0,50,11457.711221,1.0
-8.0,50,11458.2703,1.0
-17.0,50,11458.830148,1.0
-20.0,50,11459.399316,1.0
-13.0,50,11459.981954,1.0
0.0,50,11460.550126,1.0
-47.0,50,11461.110562,0.0
0.0,50,11461.675729,1.0
-6.0,50,11462.250157,1.0
-17.0,50,11462.814126,1.0
-10.0,50,11463.38053,1.0
-16.0,50,11463.942647,1.0
-7.0,50,11464.517282,1.0
-10.0,50,11465.082377,1.0
-9.0,50,11465.649207,1.0
-10.0,50,11466.216455,1.0
-14.0,50,11466.789346,1.0
-26.0,50,11467.351146,1.0
-13.0,50,11467.915556,1.0
-7.0,50,11468.478043,1.0
-19.0,50,11469.057523,1.0
-21.0,50,11469.639606,1.0
-14.0,50,11470.206379,1.0
-17.0,50,11470.769491,1.0
-7.0,50,11471.348004,1.0
-7.0,50,11471.912415,1.0
-11.0,50,11472.475981,1.0
0.0,50,11473.039243,1.0
-12.0,50,11473.612505,1.0
-22.0,50,11474.177851,1.0
-12.0,50,11474.740957,1.0
-26.0,50,11475.306288,1.0
-10.0,50,11475.881077,1.0
-6.0,50,11476.448676,1.0
-14.0,50,11477.008654,1.0
-14.0,50,11477.572371,1.0
-20.0,50,11478.147997,1.0
-33.0,50,11478.711028,1.0
-32.0,50,11479.276743,1.0
-13.0,50,11479.841383,1.0
-12.0,50,11480.417199,1.0
0.0,50,11480.982019,1.0
-16.0,50,11481.54874,1.0
-17.0,50,11482.116358,1.0
-8.0,50,11482.691391,1.0
-12.0,50,11483.258332,1.0
-12.0,50,11483.819707,1.0
-50.0,50,11484.38677,0.0
-16.0,50,11484.954644,1.0
-12.0,50,11485.520273,1.0
-8.0,50,11486.084232,1.0
-18.0,50,11486.652544,1.0
-20.0,50,11487.229148,1.0
-19.0,50,11487.794014,0.0
-33.0,50,11488.357599,1.0
-15.0,50,11488.923995,1.0
-10.0,50,11489.498923,1.0
-22.0,50,11490.062996,1.0
-50.0,50,11490.635436,0.0
-8.0,50,11491.199958,1.0
-12.0,50,11491.771267,1.0
-11.0,50,11492.343562,1.0
-12.0,50,11492.911519,1.0
-9.0,50,11493.47528,1.0
-18.0,50,11494.05066,1.0
-10.0,50,11494.613059,1.0
-14.0,50,11495.177716,1.0
-6.0,50,11495.748274,1.0
-14.0,50,11496.322468,1.0
-9.0,50,11496.890014,1.0
0.0,50,11497.453613,1.0
-7.0,50,11498.017497,1.0
-50.0,50,11498.587317,0.0
-15.0,50,11499.157443,1.0
-18.0,50,11499.732421,1.0
-6.0,50,11500.298883,1.0
-17.0,50,11500.876791,1.0
-13.0,50,11501.442358,1.0
-40.0,50,11502.010464,1.0
-20.0,50,11502.573406,1.0
-17.0,50,11503.150068,1.0
-10.0,50,11503.715888,1.0
-11.0,50,11504.283079,1.0
-19.0,50,11504.844259,1.0
-50.0,50,11505.420349,0.0
-17.0,50,11505.985172,1.0
-10.0,50,11506.553179,1.0
-22.0,50,11507.117332,1.0
-10.0,50,11507.690029,1.0
-19.0,50,11508.258338,1.0
-23.0,50,11508.823428,1.0
-18.0,50,11509.38972,1.0
-10.0,50,11509.965145,1.0
-10.0,50,11510.532785,1.0
-8.0,50,11511.098465,1.0
-18.0,50,11511.663887,1.0
-18.0,50,11512.240154,1.0
-20.0,50,11512.805408,1.0
-10.0,50,11513.372689,1.0
-6.0,50,11513.941595,1.0
-5.0,50,11514.513733,1.0
-18.0,50,11515.080068,1.0
-14.0,50,11515.642716,1.0
-18.0,50,11516.207017,1.0
-9.0,50,11516.775307,1.0
-15.0,50,11517.341197,1.0
-8.0,50,11517.90201,1.0
-7.0,50,11518.466309,1.0
-14.0,50,11519.037886,1.0
-7.0,50,11519.60458,1.0
-5.0,50,11520.16858,1.0
-18.0,50,11520.731174,1.0
-20.0,50,11521.304013,1.0
-13.0,50,11521.869663,1.0
-24.0,50,11522.4342,1.0
-41.0,50,11522.996066,0.0
-12.0,50,11525.852145,1.0
-12.0,50,11526.420235,1.0
-18.0,50,11526.992223,1.0
0.0,50,11527.564291,1.0
-23.0,50,11528.136181,1.0
-11.0,50,11528.707045,1.0
-7.0,50,11529.273625,1.0
0.0,50,11529.855334,1.0
-9.0,50,11530.437386,1.0
-10.0,50,11531.011084,1.0
-10.0,50,11531.582026,1.0
-5.0,50,11532.153604,1.0
-22.0,50,11532.729109,1.0
-12.0,50,11533.304696,1.0
-7.0,50,11533.876245,1.0
-9.0,50,11534.450773,1.0
-18.0,50,11535.028565,1.0
-20.0,50,11535.593091,1.0
-16.0,50,11536.160002,1.0
0.0,50,11536.724076,1.0
-7.0,50,11537.307133,1.0
-19.0,50,11537.879721,1.0
-12.0,50,11538.455195,1.0
-20.0,50,11539.029718,1.0
-8.0,50,11539.618176,1.0
-10.0,50,11540.192688,1.0
-9.0,50,11540.767666,1.0
-12.0,50,11541.341443,1.0
-14.0,50,11541.923986,1.0
-16.0,50,11542.494303,1.0
-18.0,50,11543.062343,1.0
-13.0,50,11543.63576,1.0
-9.0,50,11544.218539,1.0
-10.0,50,11544.788421,1.0
-13.0,50,11545.363727,1.0
0.0,50,11545.937899,1.0
-45.0,50,11546.521344,1.0
-10.0,50,11547.097726,1.0
-16.0,50,11547.669296,1.0
-13.0,50,11548.242126,1.0
-6.0,50,11548.827579,1.0
-15.0,50,11549.404222,1.0
-8.0,50,11549.981894,1.0
-11.0,50,11550.561308,1.0
-11.0,50,11551.149187,1.0
-22.0,50,11551.721654,1.0
-9.0,50,11552.297263,1.0
-22.0,50,11552.869843,1.0
-13.0,50,11553.449737,1.0
-8.0,50,11554.024446,1.0
-22.0,50,11554.600959,1.0
-15.0,50,11555.174192,1.0
-16.0,50,11555.757125,1.0
-14.0,50,11556.328668,1.0
-21.0,50,11556.901654,1.0
-14.0,50,11557.470943,1.0
0.0,50,11558.057979,1.0
-25.0,50,11558.633562,1.0
-16.0,50,11559.215559,1.0
-16.0,50,11559.800637,1.0
-15.0,50,11560.382023,1.0
-27.0,50,11560.955694,1.0
-8.0,50,11561.527943,1.0
-11.0,50,11562.101584,1.0
-10.0,50,11562.687857,1.0
-9.0,50,11563.259305,1.0
-18.0,50,11563.834572,1.0
-11.0,50,11564.409936,1.0
-16.0,50,11564.991672,1.0
-15.0,50,11565.563221,1.0
-9.0,50,11566.140734,1.0
-38.0,50,11566.709535,1.0
-8.0,50,11567.284929,1.0
-11.0,50,11567.861256,1.0
-16.0,50,11568.433529,1.0
-8.0,50,11569.000611,1.0
-5.0,50,11569.580189,1.0
-9.0,50,11570.153564,1.0
-32.0,50,11570.72138,1.0
-23.0,50,11571.29603,1.0
-13.0,50,11571.880666,1.0
-21.0,50,11572.448184,1.0
-25.0,50,11573.019808,1.0
-18.0,50,11573.591653,1.0
-6.0,50,11574.175498,1.0
-24.0,50,11574.747774,1.0
-6.0,50,11575.322642,1.0
-18.0,50,11575.891472,1.0
-10.0,50,11576.471656,1.0
-20.0,50,11577.045726,1.0
-50.0,50,11577.608303,0.0
-13.0,50,11578.183377,1.0
-17.0,50,11578.76564,1.0
-32.0,50,11579.336757,1.0
-12.0,50,11579.909785,1.0
-7.0,50,11580.482799,1.0
-48.0,50,11581.066494,1.0
-10.0,50,11581.640133,1.0
-15.0,50,11582.211042,1.0
-17.0,50,11582.787808,1.0
-10.0,50,11583.37263,1.0
-8.0,50,11583.944735,1.0
0.0,50,11584.516007,1.0
-16.0,50,11585.092871,1.0
-15.0,50,11585.678786,1.0
-14.0,50,11586.245361,0.0
-13.0,50,11586.818673,1.0
-30.0,50,11587.393592,1.0
-13.0,50,11587.977674,1.0
-16.0,50,11588.548639,1.0
-11.0,50,11589.118411,1.0
-10.0,50,11589.705517,1.0
-15.0,50,11590.287899,1.0
-9.0,50,11590.853641,1.0
-7.0,50,11591.425962,1.0
-8.0,50,11592.000864,1.0
-13.0,50,11592.582467,1.0
-10.0,50,11593.150837,1.0
-14.0,50,11593.722049,1.0
-8.0,50,11594.29291,1.0
-10.0,50,11594.868067,1.0
-11.0,50,11595.443937,1.0
-19.0,50,11596.014465,1.0
-12.0,50,11596.586703,1.0
-27.0,50,11597.164886,1.0
-16.0,50,11597.734535,1.0
-9.0,50,11598.307406,1.0
-11.0,50,11598.883388,1.0
-9.0,50,11599.462507,1.0
-13.0,50,11600.03494,1.0
-11.0,50,11600.602654,1.0
-9.0,50,11601.156501,1.0
-13.0,50,11601.72493,1.0
-5.0,50,11602.291671,1.0
-10.0,50,11602.857284,1.0
-8.0,50,11603.422041,1.0
-9.0,50,11603.996651,1.0
-16.0,50,11604.558565,1.0
-16.0,50,11605.125664,1.0
-10.0,50,11605.688017,1.0
-8.0,50,11606.26243,1.0
-12.0,50,11606.820755,1.0
-12.0,50,11607.385574,1.0
-7.0,50,11607.95053,1.0
-16.0,50,11608.517314,1.0
-10.0,50,11609.079387,1.0
-50.0,50,11609.645087,0.0
-11.0,50,11610.208493,1.0
-9.0,50,11610.774711,1.0
-15.0,50,11611.335206,1.0
-13.0,50,11611.891997,1.0
-8.0,50,11612.456971,1.0
-16.0,50,11613.027409,1.0
-10.0,50,11613.590562,1.0
-8.0,50,11614.149531,1.0
-12.0,50,11614.708468,1.0
-7.0,50,11615.278709,1.0
0.0,50,11615.843558,1.0
-12.0,50,11616.405605,1.0
-13.0,50,11616.967793,1.0
-8.0,50,11617.553734,1.0
-18.0,50,11618.116674,1.0
-13.0,50,11618.67637,1.0
-20.0,50,11619.235498,1.0
-13.0,50,11619.825523,1.0
-10.0,50,11620.387629,1.0
-10.0,50,11620.946863,1.0
-12.0,50,11621.507894,1.0
-11.0,50,11622.076127,1.0
0.0,50,11622.638619,1.0
-10.0,50,11623.199351,1.0
-20.0,50,11623.76208,1.0
-13.0,50,11624.340478,1.0
-28.0,50,11624.902373,1.0
-8.0,50,11625.463459,1.0
-8.0,50,11626.019636,1.0
-15.0,50,11626.589369,1.0
0.0,50,11627.151434,1.0
-8.0,50,11627.71267,1.0
-19.0,50,11628.289098,1.0
-11.0,50,11628.870094,1.0
-18.0,50,11629.445254,1.0
-8.0,50,11630.022565,1.0
0.0,50,11630.598948,1.0
-12.0,50,11631.182831,1.0
-8.0,50,11631.758836,1.0
-8.0,50,11632.335654,1.0
-17.0,50,11632.906815,1.0
-16.0,50,11633.488188,1.0
-14.0,50,11634.06348,1.0
-17.0,50,11634.641491,1.0
-10.0,50,11635.219611,1.0
-11.0,50,11635.801718,1.0
-13.0,50,11636.380619,1.0
-11.0,50,11636.958696,1.0
-12.0,50,11637.53482,1.0
-14.0,50,11638.121384,1.0
-25.0,50,11638.696476,1.0
-16.0,50,11639.269308,1.0
-8.0,50,11639.840211,1.0
